[2026-07-01T12:51:48.244+0000] {processor.py:186} INFO - Started process (PID=187) to work on /opt/airflow/dags/urban_data_pipeline_dag.py
[2026-07-01T12:51:48.246+0000] {processor.py:914} INFO - Processing file /opt/airflow/dags/urban_data_pipeline_dag.py for tasks to queue
[2026-07-01T12:51:48.247+0000] {logging_mixin.py:190} INFO - [2026-07-01T12:51:48.247+0000] {dagbag.py:588} INFO - Filling up the DagBag from /opt/airflow/dags/urban_data_pipeline_dag.py
[2026-07-01T12:51:48.451+0000] {processor.py:925} INFO - DAG(s) 'urban_data_pipeline' retrieved from /opt/airflow/dags/urban_data_pipeline_dag.py
[2026-07-01T12:51:48.492+0000] {logging_mixin.py:190} INFO - [2026-07-01T12:51:48.491+0000] {dag.py:3239} INFO - Sync 1 DAGs
[2026-07-01T12:51:48.529+0000] {processor.py:208} INFO - Processing /opt/airflow/dags/urban_data_pipeline_dag.py took 0.292 seconds
[2026-07-01T12:52:18.829+0000] {processor.py:186} INFO - Started process (PID=265) to work on /opt/airflow/dags/urban_data_pipeline_dag.py
[2026-07-01T12:52:18.832+0000] {processor.py:914} INFO - Processing file /opt/airflow/dags/urban_data_pipeline_dag.py for tasks to queue
[2026-07-01T12:52:18.836+0000] {logging_mixin.py:190} INFO - [2026-07-01T12:52:18.835+0000] {dagbag.py:588} INFO - Filling up the DagBag from /opt/airflow/dags/urban_data_pipeline_dag.py
[2026-07-01T12:52:19.141+0000] {processor.py:925} INFO - DAG(s) 'urban_data_pipeline' retrieved from /opt/airflow/dags/urban_data_pipeline_dag.py
[2026-07-01T12:52:19.184+0000] {logging_mixin.py:190} INFO - [2026-07-01T12:52:19.184+0000] {dag.py:3239} INFO - Sync 1 DAGs
[2026-07-01T12:52:19.221+0000] {processor.py:208} INFO - Processing /opt/airflow/dags/urban_data_pipeline_dag.py took 0.399 seconds
[2026-07-01T12:52:49.499+0000] {processor.py:186} INFO - Started process (PID=283) to work on /opt/airflow/dags/urban_data_pipeline_dag.py
[2026-07-01T12:52:49.500+0000] {processor.py:914} INFO - Processing file /opt/airflow/dags/urban_data_pipeline_dag.py for tasks to queue
[2026-07-01T12:52:49.503+0000] {logging_mixin.py:190} INFO - [2026-07-01T12:52:49.503+0000] {dagbag.py:588} INFO - Filling up the DagBag from /opt/airflow/dags/urban_data_pipeline_dag.py
[2026-07-01T12:52:49.686+0000] {processor.py:925} INFO - DAG(s) 'urban_data_pipeline' retrieved from /opt/airflow/dags/urban_data_pipeline_dag.py
[2026-07-01T12:52:49.726+0000] {logging_mixin.py:190} INFO - [2026-07-01T12:52:49.725+0000] {dag.py:3239} INFO - Sync 1 DAGs
[2026-07-01T12:52:49.766+0000] {processor.py:208} INFO - Processing /opt/airflow/dags/urban_data_pipeline_dag.py took 0.272 seconds
[2026-07-01T12:53:20.008+0000] {processor.py:186} INFO - Started process (PID=301) to work on /opt/airflow/dags/urban_data_pipeline_dag.py
[2026-07-01T12:53:20.009+0000] {processor.py:914} INFO - Processing file /opt/airflow/dags/urban_data_pipeline_dag.py for tasks to queue
[2026-07-01T12:53:20.011+0000] {logging_mixin.py:190} INFO - [2026-07-01T12:53:20.011+0000] {dagbag.py:588} INFO - Filling up the DagBag from /opt/airflow/dags/urban_data_pipeline_dag.py
[2026-07-01T12:53:20.141+0000] {processor.py:925} INFO - DAG(s) 'urban_data_pipeline' retrieved from /opt/airflow/dags/urban_data_pipeline_dag.py
[2026-07-01T12:53:20.193+0000] {logging_mixin.py:190} INFO - [2026-07-01T12:53:20.193+0000] {dag.py:3239} INFO - Sync 1 DAGs
[2026-07-01T12:53:20.240+0000] {processor.py:208} INFO - Processing /opt/airflow/dags/urban_data_pipeline_dag.py took 0.237 seconds
[2026-07-01T12:53:50.455+0000] {processor.py:186} INFO - Started process (PID=319) to work on /opt/airflow/dags/urban_data_pipeline_dag.py
[2026-07-01T12:53:50.458+0000] {processor.py:914} INFO - Processing file /opt/airflow/dags/urban_data_pipeline_dag.py for tasks to queue
[2026-07-01T12:53:50.461+0000] {logging_mixin.py:190} INFO - [2026-07-01T12:53:50.461+0000] {dagbag.py:588} INFO - Filling up the DagBag from /opt/airflow/dags/urban_data_pipeline_dag.py
[2026-07-01T12:53:50.617+0000] {processor.py:925} INFO - DAG(s) 'urban_data_pipeline' retrieved from /opt/airflow/dags/urban_data_pipeline_dag.py
[2026-07-01T12:53:50.657+0000] {logging_mixin.py:190} INFO - [2026-07-01T12:53:50.656+0000] {dag.py:3239} INFO - Sync 1 DAGs
[2026-07-01T12:53:50.820+0000] {processor.py:208} INFO - Processing /opt/airflow/dags/urban_data_pipeline_dag.py took 0.371 seconds
[2026-07-01T12:54:20.947+0000] {processor.py:186} INFO - Started process (PID=337) to work on /opt/airflow/dags/urban_data_pipeline_dag.py
[2026-07-01T12:54:20.948+0000] {processor.py:914} INFO - Processing file /opt/airflow/dags/urban_data_pipeline_dag.py for tasks to queue
[2026-07-01T12:54:20.950+0000] {logging_mixin.py:190} INFO - [2026-07-01T12:54:20.950+0000] {dagbag.py:588} INFO - Filling up the DagBag from /opt/airflow/dags/urban_data_pipeline_dag.py
[2026-07-01T12:54:21.076+0000] {processor.py:925} INFO - DAG(s) 'urban_data_pipeline' retrieved from /opt/airflow/dags/urban_data_pipeline_dag.py
[2026-07-01T12:54:21.118+0000] {logging_mixin.py:190} INFO - [2026-07-01T12:54:21.118+0000] {dag.py:3239} INFO - Sync 1 DAGs
[2026-07-01T12:54:21.278+0000] {processor.py:208} INFO - Processing /opt/airflow/dags/urban_data_pipeline_dag.py took 0.336 seconds
[2026-07-01T12:54:51.940+0000] {processor.py:186} INFO - Started process (PID=432) to work on /opt/airflow/dags/urban_data_pipeline_dag.py
[2026-07-01T12:54:51.942+0000] {processor.py:914} INFO - Processing file /opt/airflow/dags/urban_data_pipeline_dag.py for tasks to queue
[2026-07-01T12:54:51.945+0000] {logging_mixin.py:190} INFO - [2026-07-01T12:54:51.945+0000] {dagbag.py:588} INFO - Filling up the DagBag from /opt/airflow/dags/urban_data_pipeline_dag.py
[2026-07-01T12:54:52.238+0000] {processor.py:925} INFO - DAG(s) 'urban_data_pipeline' retrieved from /opt/airflow/dags/urban_data_pipeline_dag.py
[2026-07-01T12:54:52.432+0000] {logging_mixin.py:190} INFO - [2026-07-01T12:54:52.431+0000] {dag.py:3239} INFO - Sync 1 DAGs
[2026-07-01T12:54:52.451+0000] {logging_mixin.py:190} INFO - [2026-07-01T12:54:52.451+0000] {dag.py:4180} INFO - Setting next_dagrun for urban_data_pipeline to 2026-07-01 00:00:00+00:00, run_after=2026-08-01 00:00:00+00:00
[2026-07-01T12:54:52.475+0000] {processor.py:208} INFO - Processing /opt/airflow/dags/urban_data_pipeline_dag.py took 0.540 seconds
[2026-07-01T12:55:23.258+0000] {processor.py:186} INFO - Started process (PID=450) to work on /opt/airflow/dags/urban_data_pipeline_dag.py
[2026-07-01T12:55:23.260+0000] {processor.py:914} INFO - Processing file /opt/airflow/dags/urban_data_pipeline_dag.py for tasks to queue
[2026-07-01T12:55:23.263+0000] {logging_mixin.py:190} INFO - [2026-07-01T12:55:23.263+0000] {dagbag.py:588} INFO - Filling up the DagBag from /opt/airflow/dags/urban_data_pipeline_dag.py
[2026-07-01T12:55:23.572+0000] {processor.py:925} INFO - DAG(s) 'urban_data_pipeline' retrieved from /opt/airflow/dags/urban_data_pipeline_dag.py
[2026-07-01T12:55:23.612+0000] {logging_mixin.py:190} INFO - [2026-07-01T12:55:23.612+0000] {dag.py:3239} INFO - Sync 1 DAGs
[2026-07-01T12:55:23.631+0000] {logging_mixin.py:190} INFO - [2026-07-01T12:55:23.631+0000] {dag.py:4180} INFO - Setting next_dagrun for urban_data_pipeline to 2026-07-01 00:00:00+00:00, run_after=2026-08-01 00:00:00+00:00
[2026-07-01T12:55:23.649+0000] {processor.py:208} INFO - Processing /opt/airflow/dags/urban_data_pipeline_dag.py took 0.400 seconds
[2026-07-01T12:55:54.447+0000] {processor.py:186} INFO - Started process (PID=468) to work on /opt/airflow/dags/urban_data_pipeline_dag.py
[2026-07-01T12:55:54.448+0000] {processor.py:914} INFO - Processing file /opt/airflow/dags/urban_data_pipeline_dag.py for tasks to queue
[2026-07-01T12:55:54.454+0000] {logging_mixin.py:190} INFO - [2026-07-01T12:55:54.453+0000] {dagbag.py:588} INFO - Filling up the DagBag from /opt/airflow/dags/urban_data_pipeline_dag.py
[2026-07-01T12:55:54.607+0000] {processor.py:925} INFO - DAG(s) 'urban_data_pipeline' retrieved from /opt/airflow/dags/urban_data_pipeline_dag.py
[2026-07-01T12:55:54.648+0000] {logging_mixin.py:190} INFO - [2026-07-01T12:55:54.648+0000] {dag.py:3239} INFO - Sync 1 DAGs
[2026-07-01T12:55:54.669+0000] {logging_mixin.py:190} INFO - [2026-07-01T12:55:54.669+0000] {dag.py:4180} INFO - Setting next_dagrun for urban_data_pipeline to 2026-07-01 00:00:00+00:00, run_after=2026-08-01 00:00:00+00:00
[2026-07-01T12:55:54.695+0000] {processor.py:208} INFO - Processing /opt/airflow/dags/urban_data_pipeline_dag.py took 0.256 seconds
[2026-07-01T12:56:25.508+0000] {processor.py:186} INFO - Started process (PID=486) to work on /opt/airflow/dags/urban_data_pipeline_dag.py
[2026-07-01T12:56:25.509+0000] {processor.py:914} INFO - Processing file /opt/airflow/dags/urban_data_pipeline_dag.py for tasks to queue
[2026-07-01T12:56:25.516+0000] {logging_mixin.py:190} INFO - [2026-07-01T12:56:25.514+0000] {dagbag.py:588} INFO - Filling up the DagBag from /opt/airflow/dags/urban_data_pipeline_dag.py
[2026-07-01T12:56:25.678+0000] {processor.py:925} INFO - DAG(s) 'urban_data_pipeline' retrieved from /opt/airflow/dags/urban_data_pipeline_dag.py
[2026-07-01T12:56:25.723+0000] {logging_mixin.py:190} INFO - [2026-07-01T12:56:25.722+0000] {dag.py:3239} INFO - Sync 1 DAGs
[2026-07-01T12:56:25.746+0000] {logging_mixin.py:190} INFO - [2026-07-01T12:56:25.746+0000] {dag.py:4180} INFO - Setting next_dagrun for urban_data_pipeline to 2026-07-01 00:00:00+00:00, run_after=2026-08-01 00:00:00+00:00
[2026-07-01T12:56:25.777+0000] {processor.py:208} INFO - Processing /opt/airflow/dags/urban_data_pipeline_dag.py took 0.275 seconds
[2026-07-01T12:56:55.861+0000] {processor.py:186} INFO - Started process (PID=503) to work on /opt/airflow/dags/urban_data_pipeline_dag.py
[2026-07-01T12:56:55.862+0000] {processor.py:914} INFO - Processing file /opt/airflow/dags/urban_data_pipeline_dag.py for tasks to queue
[2026-07-01T12:56:55.865+0000] {logging_mixin.py:190} INFO - [2026-07-01T12:56:55.864+0000] {dagbag.py:588} INFO - Filling up the DagBag from /opt/airflow/dags/urban_data_pipeline_dag.py
[2026-07-01T12:56:55.977+0000] {processor.py:925} INFO - DAG(s) 'urban_data_pipeline' retrieved from /opt/airflow/dags/urban_data_pipeline_dag.py
[2026-07-01T12:56:56.023+0000] {logging_mixin.py:190} INFO - [2026-07-01T12:56:56.023+0000] {dag.py:3239} INFO - Sync 1 DAGs
[2026-07-01T12:56:56.045+0000] {logging_mixin.py:190} INFO - [2026-07-01T12:56:56.045+0000] {dag.py:4180} INFO - Setting next_dagrun for urban_data_pipeline to 2026-07-01 00:00:00+00:00, run_after=2026-08-01 00:00:00+00:00
[2026-07-01T12:56:56.068+0000] {processor.py:208} INFO - Processing /opt/airflow/dags/urban_data_pipeline_dag.py took 0.212 seconds
[2026-07-01T12:57:26.965+0000] {processor.py:186} INFO - Started process (PID=514) to work on /opt/airflow/dags/urban_data_pipeline_dag.py
[2026-07-01T12:57:26.969+0000] {processor.py:914} INFO - Processing file /opt/airflow/dags/urban_data_pipeline_dag.py for tasks to queue
[2026-07-01T12:57:26.977+0000] {logging_mixin.py:190} INFO - [2026-07-01T12:57:26.976+0000] {dagbag.py:588} INFO - Filling up the DagBag from /opt/airflow/dags/urban_data_pipeline_dag.py
[2026-07-01T12:57:27.121+0000] {processor.py:925} INFO - DAG(s) 'urban_data_pipeline' retrieved from /opt/airflow/dags/urban_data_pipeline_dag.py
[2026-07-01T12:57:27.178+0000] {logging_mixin.py:190} INFO - [2026-07-01T12:57:27.178+0000] {dag.py:3239} INFO - Sync 1 DAGs
[2026-07-01T12:57:27.201+0000] {logging_mixin.py:190} INFO - [2026-07-01T12:57:27.201+0000] {dag.py:4180} INFO - Setting next_dagrun for urban_data_pipeline to 2026-07-01 00:00:00+00:00, run_after=2026-08-01 00:00:00+00:00
[2026-07-01T12:57:27.225+0000] {processor.py:208} INFO - Processing /opt/airflow/dags/urban_data_pipeline_dag.py took 0.277 seconds
[2026-07-01T12:57:58.083+0000] {processor.py:186} INFO - Started process (PID=532) to work on /opt/airflow/dags/urban_data_pipeline_dag.py
[2026-07-01T12:57:58.085+0000] {processor.py:914} INFO - Processing file /opt/airflow/dags/urban_data_pipeline_dag.py for tasks to queue
[2026-07-01T12:57:58.092+0000] {logging_mixin.py:190} INFO - [2026-07-01T12:57:58.092+0000] {dagbag.py:588} INFO - Filling up the DagBag from /opt/airflow/dags/urban_data_pipeline_dag.py
[2026-07-01T12:57:58.229+0000] {processor.py:925} INFO - DAG(s) 'urban_data_pipeline' retrieved from /opt/airflow/dags/urban_data_pipeline_dag.py
[2026-07-01T12:57:58.271+0000] {logging_mixin.py:190} INFO - [2026-07-01T12:57:58.271+0000] {dag.py:3239} INFO - Sync 1 DAGs
[2026-07-01T12:57:58.292+0000] {logging_mixin.py:190} INFO - [2026-07-01T12:57:58.292+0000] {dag.py:4180} INFO - Setting next_dagrun for urban_data_pipeline to 2026-07-01 00:00:00+00:00, run_after=2026-08-01 00:00:00+00:00
[2026-07-01T12:57:58.314+0000] {processor.py:208} INFO - Processing /opt/airflow/dags/urban_data_pipeline_dag.py took 0.236 seconds
[2026-07-01T12:58:29.172+0000] {processor.py:186} INFO - Started process (PID=550) to work on /opt/airflow/dags/urban_data_pipeline_dag.py
[2026-07-01T12:58:29.177+0000] {processor.py:914} INFO - Processing file /opt/airflow/dags/urban_data_pipeline_dag.py for tasks to queue
[2026-07-01T12:58:29.187+0000] {logging_mixin.py:190} INFO - [2026-07-01T12:58:29.186+0000] {dagbag.py:588} INFO - Filling up the DagBag from /opt/airflow/dags/urban_data_pipeline_dag.py
[2026-07-01T12:58:29.349+0000] {processor.py:925} INFO - DAG(s) 'urban_data_pipeline' retrieved from /opt/airflow/dags/urban_data_pipeline_dag.py
[2026-07-01T12:58:29.389+0000] {logging_mixin.py:190} INFO - [2026-07-01T12:58:29.388+0000] {dag.py:3239} INFO - Sync 1 DAGs
[2026-07-01T12:58:29.414+0000] {logging_mixin.py:190} INFO - [2026-07-01T12:58:29.414+0000] {dag.py:4180} INFO - Setting next_dagrun for urban_data_pipeline to 2026-07-01 00:00:00+00:00, run_after=2026-08-01 00:00:00+00:00
[2026-07-01T12:58:29.457+0000] {processor.py:208} INFO - Processing /opt/airflow/dags/urban_data_pipeline_dag.py took 0.309 seconds
[2026-07-01T12:59:00.232+0000] {processor.py:186} INFO - Started process (PID=568) to work on /opt/airflow/dags/urban_data_pipeline_dag.py
[2026-07-01T12:59:00.234+0000] {processor.py:914} INFO - Processing file /opt/airflow/dags/urban_data_pipeline_dag.py for tasks to queue
[2026-07-01T12:59:00.236+0000] {logging_mixin.py:190} INFO - [2026-07-01T12:59:00.236+0000] {dagbag.py:588} INFO - Filling up the DagBag from /opt/airflow/dags/urban_data_pipeline_dag.py
[2026-07-01T12:59:00.350+0000] {processor.py:925} INFO - DAG(s) 'urban_data_pipeline' retrieved from /opt/airflow/dags/urban_data_pipeline_dag.py
[2026-07-01T12:59:00.391+0000] {logging_mixin.py:190} INFO - [2026-07-01T12:59:00.391+0000] {dag.py:3239} INFO - Sync 1 DAGs
[2026-07-01T12:59:00.415+0000] {logging_mixin.py:190} INFO - [2026-07-01T12:59:00.415+0000] {dag.py:4180} INFO - Setting next_dagrun for urban_data_pipeline to 2026-07-01 00:00:00+00:00, run_after=2026-08-01 00:00:00+00:00
[2026-07-01T12:59:00.444+0000] {processor.py:208} INFO - Processing /opt/airflow/dags/urban_data_pipeline_dag.py took 0.224 seconds
[2026-07-01T12:59:31.209+0000] {processor.py:186} INFO - Started process (PID=586) to work on /opt/airflow/dags/urban_data_pipeline_dag.py
[2026-07-01T12:59:31.215+0000] {processor.py:914} INFO - Processing file /opt/airflow/dags/urban_data_pipeline_dag.py for tasks to queue
[2026-07-01T12:59:31.221+0000] {logging_mixin.py:190} INFO - [2026-07-01T12:59:31.220+0000] {dagbag.py:588} INFO - Filling up the DagBag from /opt/airflow/dags/urban_data_pipeline_dag.py
[2026-07-01T12:59:31.357+0000] {processor.py:925} INFO - DAG(s) 'urban_data_pipeline' retrieved from /opt/airflow/dags/urban_data_pipeline_dag.py
[2026-07-01T12:59:31.400+0000] {logging_mixin.py:190} INFO - [2026-07-01T12:59:31.400+0000] {dag.py:3239} INFO - Sync 1 DAGs
[2026-07-01T12:59:31.424+0000] {logging_mixin.py:190} INFO - [2026-07-01T12:59:31.424+0000] {dag.py:4180} INFO - Setting next_dagrun for urban_data_pipeline to 2026-07-01 00:00:00+00:00, run_after=2026-08-01 00:00:00+00:00
[2026-07-01T12:59:31.455+0000] {processor.py:208} INFO - Processing /opt/airflow/dags/urban_data_pipeline_dag.py took 0.263 seconds
[2026-07-01T13:00:02.254+0000] {processor.py:186} INFO - Started process (PID=604) to work on /opt/airflow/dags/urban_data_pipeline_dag.py
[2026-07-01T13:00:02.256+0000] {processor.py:914} INFO - Processing file /opt/airflow/dags/urban_data_pipeline_dag.py for tasks to queue
[2026-07-01T13:00:02.260+0000] {logging_mixin.py:190} INFO - [2026-07-01T13:00:02.260+0000] {dagbag.py:588} INFO - Filling up the DagBag from /opt/airflow/dags/urban_data_pipeline_dag.py
[2026-07-01T13:00:02.381+0000] {processor.py:925} INFO - DAG(s) 'urban_data_pipeline' retrieved from /opt/airflow/dags/urban_data_pipeline_dag.py
[2026-07-01T13:00:02.422+0000] {logging_mixin.py:190} INFO - [2026-07-01T13:00:02.422+0000] {dag.py:3239} INFO - Sync 1 DAGs
[2026-07-01T13:00:02.444+0000] {logging_mixin.py:190} INFO - [2026-07-01T13:00:02.444+0000] {dag.py:4180} INFO - Setting next_dagrun for urban_data_pipeline to 2026-07-01 00:00:00+00:00, run_after=2026-08-01 00:00:00+00:00
[2026-07-01T13:00:02.464+0000] {processor.py:208} INFO - Processing /opt/airflow/dags/urban_data_pipeline_dag.py took 0.221 seconds
[2026-07-01T13:00:33.258+0000] {processor.py:186} INFO - Started process (PID=622) to work on /opt/airflow/dags/urban_data_pipeline_dag.py
[2026-07-01T13:00:33.260+0000] {processor.py:914} INFO - Processing file /opt/airflow/dags/urban_data_pipeline_dag.py for tasks to queue
[2026-07-01T13:00:33.263+0000] {logging_mixin.py:190} INFO - [2026-07-01T13:00:33.263+0000] {dagbag.py:588} INFO - Filling up the DagBag from /opt/airflow/dags/urban_data_pipeline_dag.py
[2026-07-01T13:00:33.396+0000] {processor.py:925} INFO - DAG(s) 'urban_data_pipeline' retrieved from /opt/airflow/dags/urban_data_pipeline_dag.py
[2026-07-01T13:00:33.439+0000] {logging_mixin.py:190} INFO - [2026-07-01T13:00:33.438+0000] {dag.py:3239} INFO - Sync 1 DAGs
[2026-07-01T13:00:33.462+0000] {logging_mixin.py:190} INFO - [2026-07-01T13:00:33.462+0000] {dag.py:4180} INFO - Setting next_dagrun for urban_data_pipeline to 2026-07-01 00:00:00+00:00, run_after=2026-08-01 00:00:00+00:00
[2026-07-01T13:00:33.498+0000] {processor.py:208} INFO - Processing /opt/airflow/dags/urban_data_pipeline_dag.py took 0.256 seconds
[2026-07-01T13:01:04.022+0000] {processor.py:186} INFO - Started process (PID=640) to work on /opt/airflow/dags/urban_data_pipeline_dag.py
[2026-07-01T13:01:04.023+0000] {processor.py:914} INFO - Processing file /opt/airflow/dags/urban_data_pipeline_dag.py for tasks to queue
[2026-07-01T13:01:04.025+0000] {logging_mixin.py:190} INFO - [2026-07-01T13:01:04.025+0000] {dagbag.py:588} INFO - Filling up the DagBag from /opt/airflow/dags/urban_data_pipeline_dag.py
[2026-07-01T13:01:04.141+0000] {processor.py:925} INFO - DAG(s) 'urban_data_pipeline' retrieved from /opt/airflow/dags/urban_data_pipeline_dag.py
[2026-07-01T13:01:04.181+0000] {logging_mixin.py:190} INFO - [2026-07-01T13:01:04.181+0000] {dag.py:3239} INFO - Sync 1 DAGs
[2026-07-01T13:01:04.206+0000] {logging_mixin.py:190} INFO - [2026-07-01T13:01:04.206+0000] {dag.py:4180} INFO - Setting next_dagrun for urban_data_pipeline to 2026-07-01 00:00:00+00:00, run_after=2026-08-01 00:00:00+00:00
[2026-07-01T13:01:04.227+0000] {processor.py:208} INFO - Processing /opt/airflow/dags/urban_data_pipeline_dag.py took 0.212 seconds
[2026-07-01T13:01:34.894+0000] {processor.py:186} INFO - Started process (PID=658) to work on /opt/airflow/dags/urban_data_pipeline_dag.py
[2026-07-01T13:01:34.895+0000] {processor.py:914} INFO - Processing file /opt/airflow/dags/urban_data_pipeline_dag.py for tasks to queue
[2026-07-01T13:01:34.901+0000] {logging_mixin.py:190} INFO - [2026-07-01T13:01:34.900+0000] {dagbag.py:588} INFO - Filling up the DagBag from /opt/airflow/dags/urban_data_pipeline_dag.py
[2026-07-01T13:01:35.019+0000] {processor.py:925} INFO - DAG(s) 'urban_data_pipeline' retrieved from /opt/airflow/dags/urban_data_pipeline_dag.py
[2026-07-01T13:01:35.064+0000] {logging_mixin.py:190} INFO - [2026-07-01T13:01:35.064+0000] {dag.py:3239} INFO - Sync 1 DAGs
[2026-07-01T13:01:35.089+0000] {logging_mixin.py:190} INFO - [2026-07-01T13:01:35.089+0000] {dag.py:4180} INFO - Setting next_dagrun for urban_data_pipeline to 2026-07-01 00:00:00+00:00, run_after=2026-08-01 00:00:00+00:00
[2026-07-01T13:01:35.117+0000] {processor.py:208} INFO - Processing /opt/airflow/dags/urban_data_pipeline_dag.py took 0.230 seconds
[2026-07-01T13:02:05.970+0000] {processor.py:186} INFO - Started process (PID=676) to work on /opt/airflow/dags/urban_data_pipeline_dag.py
[2026-07-01T13:02:05.971+0000] {processor.py:914} INFO - Processing file /opt/airflow/dags/urban_data_pipeline_dag.py for tasks to queue
[2026-07-01T13:02:05.977+0000] {logging_mixin.py:190} INFO - [2026-07-01T13:02:05.977+0000] {dagbag.py:588} INFO - Filling up the DagBag from /opt/airflow/dags/urban_data_pipeline_dag.py
[2026-07-01T13:02:06.158+0000] {processor.py:925} INFO - DAG(s) 'urban_data_pipeline' retrieved from /opt/airflow/dags/urban_data_pipeline_dag.py
[2026-07-01T13:02:06.201+0000] {logging_mixin.py:190} INFO - [2026-07-01T13:02:06.201+0000] {dag.py:3239} INFO - Sync 1 DAGs
[2026-07-01T13:02:06.233+0000] {logging_mixin.py:190} INFO - [2026-07-01T13:02:06.233+0000] {dag.py:4180} INFO - Setting next_dagrun for urban_data_pipeline to 2026-07-01 00:00:00+00:00, run_after=2026-08-01 00:00:00+00:00
[2026-07-01T13:02:06.268+0000] {processor.py:208} INFO - Processing /opt/airflow/dags/urban_data_pipeline_dag.py took 0.315 seconds
[2026-07-01T13:02:36.849+0000] {processor.py:186} INFO - Started process (PID=694) to work on /opt/airflow/dags/urban_data_pipeline_dag.py
[2026-07-01T13:02:36.850+0000] {processor.py:914} INFO - Processing file /opt/airflow/dags/urban_data_pipeline_dag.py for tasks to queue
[2026-07-01T13:02:36.853+0000] {logging_mixin.py:190} INFO - [2026-07-01T13:02:36.853+0000] {dagbag.py:588} INFO - Filling up the DagBag from /opt/airflow/dags/urban_data_pipeline_dag.py
[2026-07-01T13:02:36.985+0000] {processor.py:925} INFO - DAG(s) 'urban_data_pipeline' retrieved from /opt/airflow/dags/urban_data_pipeline_dag.py
[2026-07-01T13:02:37.026+0000] {logging_mixin.py:190} INFO - [2026-07-01T13:02:37.026+0000] {dag.py:3239} INFO - Sync 1 DAGs
[2026-07-01T13:02:37.048+0000] {logging_mixin.py:190} INFO - [2026-07-01T13:02:37.047+0000] {dag.py:4180} INFO - Setting next_dagrun for urban_data_pipeline to 2026-07-01 00:00:00+00:00, run_after=2026-08-01 00:00:00+00:00
[2026-07-01T13:02:37.074+0000] {processor.py:208} INFO - Processing /opt/airflow/dags/urban_data_pipeline_dag.py took 0.230 seconds
[2026-07-01T13:03:07.797+0000] {processor.py:186} INFO - Started process (PID=711) to work on /opt/airflow/dags/urban_data_pipeline_dag.py
[2026-07-01T13:03:07.800+0000] {processor.py:914} INFO - Processing file /opt/airflow/dags/urban_data_pipeline_dag.py for tasks to queue
[2026-07-01T13:03:07.803+0000] {logging_mixin.py:190} INFO - [2026-07-01T13:03:07.803+0000] {dagbag.py:588} INFO - Filling up the DagBag from /opt/airflow/dags/urban_data_pipeline_dag.py
[2026-07-01T13:03:08.035+0000] {processor.py:925} INFO - DAG(s) 'urban_data_pipeline' retrieved from /opt/airflow/dags/urban_data_pipeline_dag.py
[2026-07-01T13:03:08.076+0000] {logging_mixin.py:190} INFO - [2026-07-01T13:03:08.076+0000] {dag.py:3239} INFO - Sync 1 DAGs
[2026-07-01T13:03:08.098+0000] {logging_mixin.py:190} INFO - [2026-07-01T13:03:08.098+0000] {dag.py:4180} INFO - Setting next_dagrun for urban_data_pipeline to 2026-07-01 00:00:00+00:00, run_after=2026-08-01 00:00:00+00:00
[2026-07-01T13:03:08.122+0000] {processor.py:208} INFO - Processing /opt/airflow/dags/urban_data_pipeline_dag.py took 0.333 seconds
[2026-07-01T13:03:38.792+0000] {processor.py:186} INFO - Started process (PID=729) to work on /opt/airflow/dags/urban_data_pipeline_dag.py
[2026-07-01T13:03:38.796+0000] {processor.py:914} INFO - Processing file /opt/airflow/dags/urban_data_pipeline_dag.py for tasks to queue
[2026-07-01T13:03:38.799+0000] {logging_mixin.py:190} INFO - [2026-07-01T13:03:38.799+0000] {dagbag.py:588} INFO - Filling up the DagBag from /opt/airflow/dags/urban_data_pipeline_dag.py
[2026-07-01T13:03:39.037+0000] {processor.py:925} INFO - DAG(s) 'urban_data_pipeline' retrieved from /opt/airflow/dags/urban_data_pipeline_dag.py
[2026-07-01T13:03:39.083+0000] {logging_mixin.py:190} INFO - [2026-07-01T13:03:39.083+0000] {dag.py:3239} INFO - Sync 1 DAGs
[2026-07-01T13:03:39.110+0000] {logging_mixin.py:190} INFO - [2026-07-01T13:03:39.110+0000] {dag.py:4180} INFO - Setting next_dagrun for urban_data_pipeline to 2026-07-01 00:00:00+00:00, run_after=2026-08-01 00:00:00+00:00
[2026-07-01T13:03:39.132+0000] {processor.py:208} INFO - Processing /opt/airflow/dags/urban_data_pipeline_dag.py took 0.359 seconds
[2026-07-01T13:04:09.832+0000] {processor.py:186} INFO - Started process (PID=740) to work on /opt/airflow/dags/urban_data_pipeline_dag.py
[2026-07-01T13:04:09.833+0000] {processor.py:914} INFO - Processing file /opt/airflow/dags/urban_data_pipeline_dag.py for tasks to queue
[2026-07-01T13:04:09.837+0000] {logging_mixin.py:190} INFO - [2026-07-01T13:04:09.836+0000] {dagbag.py:588} INFO - Filling up the DagBag from /opt/airflow/dags/urban_data_pipeline_dag.py
[2026-07-01T13:04:09.954+0000] {processor.py:925} INFO - DAG(s) 'urban_data_pipeline' retrieved from /opt/airflow/dags/urban_data_pipeline_dag.py
[2026-07-01T13:04:09.995+0000] {logging_mixin.py:190} INFO - [2026-07-01T13:04:09.994+0000] {dag.py:3239} INFO - Sync 1 DAGs
[2026-07-01T13:04:10.016+0000] {logging_mixin.py:190} INFO - [2026-07-01T13:04:10.016+0000] {dag.py:4180} INFO - Setting next_dagrun for urban_data_pipeline to 2026-07-01 00:00:00+00:00, run_after=2026-08-01 00:00:00+00:00
[2026-07-01T13:04:10.043+0000] {processor.py:208} INFO - Processing /opt/airflow/dags/urban_data_pipeline_dag.py took 0.216 seconds
[2026-07-01T13:04:40.758+0000] {processor.py:186} INFO - Started process (PID=758) to work on /opt/airflow/dags/urban_data_pipeline_dag.py
[2026-07-01T13:04:40.760+0000] {processor.py:914} INFO - Processing file /opt/airflow/dags/urban_data_pipeline_dag.py for tasks to queue
[2026-07-01T13:04:40.763+0000] {logging_mixin.py:190} INFO - [2026-07-01T13:04:40.762+0000] {dagbag.py:588} INFO - Filling up the DagBag from /opt/airflow/dags/urban_data_pipeline_dag.py
[2026-07-01T13:04:40.994+0000] {processor.py:925} INFO - DAG(s) 'urban_data_pipeline' retrieved from /opt/airflow/dags/urban_data_pipeline_dag.py
[2026-07-01T13:04:41.037+0000] {logging_mixin.py:190} INFO - [2026-07-01T13:04:41.037+0000] {dag.py:3239} INFO - Sync 1 DAGs
[2026-07-01T13:04:41.060+0000] {logging_mixin.py:190} INFO - [2026-07-01T13:04:41.060+0000] {dag.py:4180} INFO - Setting next_dagrun for urban_data_pipeline to 2026-07-01 00:00:00+00:00, run_after=2026-08-01 00:00:00+00:00
[2026-07-01T13:04:41.083+0000] {processor.py:208} INFO - Processing /opt/airflow/dags/urban_data_pipeline_dag.py took 0.331 seconds
[2026-07-01T13:05:11.829+0000] {processor.py:186} INFO - Started process (PID=776) to work on /opt/airflow/dags/urban_data_pipeline_dag.py
[2026-07-01T13:05:11.830+0000] {processor.py:914} INFO - Processing file /opt/airflow/dags/urban_data_pipeline_dag.py for tasks to queue
[2026-07-01T13:05:11.832+0000] {logging_mixin.py:190} INFO - [2026-07-01T13:05:11.832+0000] {dagbag.py:588} INFO - Filling up the DagBag from /opt/airflow/dags/urban_data_pipeline_dag.py
[2026-07-01T13:05:11.938+0000] {processor.py:925} INFO - DAG(s) 'urban_data_pipeline' retrieved from /opt/airflow/dags/urban_data_pipeline_dag.py
[2026-07-01T13:05:11.980+0000] {logging_mixin.py:190} INFO - [2026-07-01T13:05:11.980+0000] {dag.py:3239} INFO - Sync 1 DAGs
[2026-07-01T13:05:12.005+0000] {logging_mixin.py:190} INFO - [2026-07-01T13:05:12.005+0000] {dag.py:4180} INFO - Setting next_dagrun for urban_data_pipeline to 2026-07-01 00:00:00+00:00, run_after=2026-08-01 00:00:00+00:00
[2026-07-01T13:05:12.033+0000] {processor.py:208} INFO - Processing /opt/airflow/dags/urban_data_pipeline_dag.py took 0.210 seconds
[2026-07-01T13:05:42.753+0000] {processor.py:186} INFO - Started process (PID=794) to work on /opt/airflow/dags/urban_data_pipeline_dag.py
[2026-07-01T13:05:42.755+0000] {processor.py:914} INFO - Processing file /opt/airflow/dags/urban_data_pipeline_dag.py for tasks to queue
[2026-07-01T13:05:42.759+0000] {logging_mixin.py:190} INFO - [2026-07-01T13:05:42.758+0000] {dagbag.py:588} INFO - Filling up the DagBag from /opt/airflow/dags/urban_data_pipeline_dag.py
[2026-07-01T13:05:43.083+0000] {processor.py:925} INFO - DAG(s) 'urban_data_pipeline' retrieved from /opt/airflow/dags/urban_data_pipeline_dag.py
[2026-07-01T13:05:43.127+0000] {logging_mixin.py:190} INFO - [2026-07-01T13:05:43.127+0000] {dag.py:3239} INFO - Sync 1 DAGs
[2026-07-01T13:05:43.156+0000] {logging_mixin.py:190} INFO - [2026-07-01T13:05:43.155+0000] {dag.py:4180} INFO - Setting next_dagrun for urban_data_pipeline to 2026-07-01 00:00:00+00:00, run_after=2026-08-01 00:00:00+00:00
[2026-07-01T13:05:43.204+0000] {processor.py:208} INFO - Processing /opt/airflow/dags/urban_data_pipeline_dag.py took 0.456 seconds
[2026-07-01T13:06:13.481+0000] {processor.py:186} INFO - Started process (PID=814) to work on /opt/airflow/dags/urban_data_pipeline_dag.py
[2026-07-01T13:06:13.484+0000] {processor.py:914} INFO - Processing file /opt/airflow/dags/urban_data_pipeline_dag.py for tasks to queue
[2026-07-01T13:06:13.488+0000] {logging_mixin.py:190} INFO - [2026-07-01T13:06:13.487+0000] {dagbag.py:588} INFO - Filling up the DagBag from /opt/airflow/dags/urban_data_pipeline_dag.py
[2026-07-01T13:06:13.933+0000] {processor.py:925} INFO - DAG(s) 'urban_data_pipeline' retrieved from /opt/airflow/dags/urban_data_pipeline_dag.py
[2026-07-01T13:06:13.978+0000] {logging_mixin.py:190} INFO - [2026-07-01T13:06:13.978+0000] {dag.py:3239} INFO - Sync 1 DAGs
[2026-07-01T13:06:14.003+0000] {logging_mixin.py:190} INFO - [2026-07-01T13:06:14.003+0000] {dag.py:4180} INFO - Setting next_dagrun for urban_data_pipeline to 2026-07-01 00:00:00+00:00, run_after=2026-08-01 00:00:00+00:00
[2026-07-01T13:06:14.026+0000] {processor.py:208} INFO - Processing /opt/airflow/dags/urban_data_pipeline_dag.py took 0.569 seconds
[2026-07-01T13:06:44.864+0000] {processor.py:186} INFO - Started process (PID=832) to work on /opt/airflow/dags/urban_data_pipeline_dag.py
[2026-07-01T13:06:44.865+0000] {processor.py:914} INFO - Processing file /opt/airflow/dags/urban_data_pipeline_dag.py for tasks to queue
[2026-07-01T13:06:44.869+0000] {logging_mixin.py:190} INFO - [2026-07-01T13:06:44.868+0000] {dagbag.py:588} INFO - Filling up the DagBag from /opt/airflow/dags/urban_data_pipeline_dag.py
[2026-07-01T13:06:45.094+0000] {processor.py:925} INFO - DAG(s) 'urban_data_pipeline' retrieved from /opt/airflow/dags/urban_data_pipeline_dag.py
[2026-07-01T13:06:45.137+0000] {logging_mixin.py:190} INFO - [2026-07-01T13:06:45.136+0000] {dag.py:3239} INFO - Sync 1 DAGs
[2026-07-01T13:06:45.160+0000] {logging_mixin.py:190} INFO - [2026-07-01T13:06:45.159+0000] {dag.py:4180} INFO - Setting next_dagrun for urban_data_pipeline to 2026-07-01 00:00:00+00:00, run_after=2026-08-01 00:00:00+00:00
[2026-07-01T13:06:45.185+0000] {processor.py:208} INFO - Processing /opt/airflow/dags/urban_data_pipeline_dag.py took 0.331 seconds
[2026-07-01T13:07:15.475+0000] {processor.py:186} INFO - Started process (PID=850) to work on /opt/airflow/dags/urban_data_pipeline_dag.py
[2026-07-01T13:07:15.479+0000] {processor.py:914} INFO - Processing file /opt/airflow/dags/urban_data_pipeline_dag.py for tasks to queue
[2026-07-01T13:07:15.484+0000] {logging_mixin.py:190} INFO - [2026-07-01T13:07:15.483+0000] {dagbag.py:588} INFO - Filling up the DagBag from /opt/airflow/dags/urban_data_pipeline_dag.py
[2026-07-01T13:07:16.044+0000] {processor.py:925} INFO - DAG(s) 'urban_data_pipeline' retrieved from /opt/airflow/dags/urban_data_pipeline_dag.py
[2026-07-01T13:07:16.110+0000] {logging_mixin.py:190} INFO - [2026-07-01T13:07:16.110+0000] {dag.py:3239} INFO - Sync 1 DAGs
[2026-07-01T13:07:16.132+0000] {logging_mixin.py:190} INFO - [2026-07-01T13:07:16.132+0000] {dag.py:4180} INFO - Setting next_dagrun for urban_data_pipeline to 2026-07-01 00:00:00+00:00, run_after=2026-08-01 00:00:00+00:00
[2026-07-01T13:07:16.164+0000] {processor.py:208} INFO - Processing /opt/airflow/dags/urban_data_pipeline_dag.py took 0.714 seconds
[2026-07-01T13:07:47.170+0000] {processor.py:186} INFO - Started process (PID=868) to work on /opt/airflow/dags/urban_data_pipeline_dag.py
[2026-07-01T13:07:47.175+0000] {processor.py:914} INFO - Processing file /opt/airflow/dags/urban_data_pipeline_dag.py for tasks to queue
[2026-07-01T13:07:47.187+0000] {logging_mixin.py:190} INFO - [2026-07-01T13:07:47.185+0000] {dagbag.py:588} INFO - Filling up the DagBag from /opt/airflow/dags/urban_data_pipeline_dag.py
[2026-07-01T13:07:47.409+0000] {processor.py:925} INFO - DAG(s) 'urban_data_pipeline' retrieved from /opt/airflow/dags/urban_data_pipeline_dag.py
[2026-07-01T13:07:47.451+0000] {logging_mixin.py:190} INFO - [2026-07-01T13:07:47.451+0000] {dag.py:3239} INFO - Sync 1 DAGs
[2026-07-01T13:07:47.476+0000] {logging_mixin.py:190} INFO - [2026-07-01T13:07:47.476+0000] {dag.py:4180} INFO - Setting next_dagrun for urban_data_pipeline to 2026-07-01 00:00:00+00:00, run_after=2026-08-01 00:00:00+00:00
[2026-07-01T13:07:47.507+0000] {processor.py:208} INFO - Processing /opt/airflow/dags/urban_data_pipeline_dag.py took 0.360 seconds
[2026-07-01T13:08:17.759+0000] {processor.py:186} INFO - Started process (PID=886) to work on /opt/airflow/dags/urban_data_pipeline_dag.py
[2026-07-01T13:08:17.763+0000] {processor.py:914} INFO - Processing file /opt/airflow/dags/urban_data_pipeline_dag.py for tasks to queue
[2026-07-01T13:08:17.768+0000] {logging_mixin.py:190} INFO - [2026-07-01T13:08:17.767+0000] {dagbag.py:588} INFO - Filling up the DagBag from /opt/airflow/dags/urban_data_pipeline_dag.py
[2026-07-01T13:08:18.345+0000] {processor.py:925} INFO - DAG(s) 'urban_data_pipeline' retrieved from /opt/airflow/dags/urban_data_pipeline_dag.py
[2026-07-01T13:08:18.396+0000] {logging_mixin.py:190} INFO - [2026-07-01T13:08:18.396+0000] {dag.py:3239} INFO - Sync 1 DAGs
[2026-07-01T13:08:18.424+0000] {logging_mixin.py:190} INFO - [2026-07-01T13:08:18.424+0000] {dag.py:4180} INFO - Setting next_dagrun for urban_data_pipeline to 2026-07-01 00:00:00+00:00, run_after=2026-08-01 00:00:00+00:00
[2026-07-01T13:08:18.451+0000] {processor.py:208} INFO - Processing /opt/airflow/dags/urban_data_pipeline_dag.py took 0.707 seconds
[2026-07-01T13:08:48.609+0000] {processor.py:186} INFO - Started process (PID=903) to work on /opt/airflow/dags/urban_data_pipeline_dag.py
[2026-07-01T13:08:48.611+0000] {processor.py:914} INFO - Processing file /opt/airflow/dags/urban_data_pipeline_dag.py for tasks to queue
[2026-07-01T13:08:48.617+0000] {logging_mixin.py:190} INFO - [2026-07-01T13:08:48.616+0000] {dagbag.py:588} INFO - Filling up the DagBag from /opt/airflow/dags/urban_data_pipeline_dag.py
[2026-07-01T13:08:48.784+0000] {processor.py:925} INFO - DAG(s) 'urban_data_pipeline' retrieved from /opt/airflow/dags/urban_data_pipeline_dag.py
[2026-07-01T13:08:48.826+0000] {logging_mixin.py:190} INFO - [2026-07-01T13:08:48.826+0000] {dag.py:3239} INFO - Sync 1 DAGs
[2026-07-01T13:08:48.851+0000] {logging_mixin.py:190} INFO - [2026-07-01T13:08:48.851+0000] {dag.py:4180} INFO - Setting next_dagrun for urban_data_pipeline to 2026-07-01 00:00:00+00:00, run_after=2026-08-01 00:00:00+00:00
[2026-07-01T13:08:48.873+0000] {processor.py:208} INFO - Processing /opt/airflow/dags/urban_data_pipeline_dag.py took 0.277 seconds
[2026-07-01T13:09:19.090+0000] {processor.py:186} INFO - Started process (PID=914) to work on /opt/airflow/dags/urban_data_pipeline_dag.py
[2026-07-01T13:09:19.093+0000] {processor.py:914} INFO - Processing file /opt/airflow/dags/urban_data_pipeline_dag.py for tasks to queue
[2026-07-01T13:09:19.098+0000] {logging_mixin.py:190} INFO - [2026-07-01T13:09:19.097+0000] {dagbag.py:588} INFO - Filling up the DagBag from /opt/airflow/dags/urban_data_pipeline_dag.py
[2026-07-01T13:09:19.477+0000] {processor.py:925} INFO - DAG(s) 'urban_data_pipeline' retrieved from /opt/airflow/dags/urban_data_pipeline_dag.py
[2026-07-01T13:09:19.518+0000] {logging_mixin.py:190} INFO - [2026-07-01T13:09:19.518+0000] {dag.py:3239} INFO - Sync 1 DAGs
[2026-07-01T13:09:19.541+0000] {logging_mixin.py:190} INFO - [2026-07-01T13:09:19.541+0000] {dag.py:4180} INFO - Setting next_dagrun for urban_data_pipeline to 2026-07-01 00:00:00+00:00, run_after=2026-08-01 00:00:00+00:00
[2026-07-01T13:09:19.571+0000] {processor.py:208} INFO - Processing /opt/airflow/dags/urban_data_pipeline_dag.py took 0.504 seconds
[2026-07-01T13:09:49.865+0000] {processor.py:186} INFO - Started process (PID=932) to work on /opt/airflow/dags/urban_data_pipeline_dag.py
[2026-07-01T13:09:49.867+0000] {processor.py:914} INFO - Processing file /opt/airflow/dags/urban_data_pipeline_dag.py for tasks to queue
[2026-07-01T13:09:49.874+0000] {logging_mixin.py:190} INFO - [2026-07-01T13:09:49.873+0000] {dagbag.py:588} INFO - Filling up the DagBag from /opt/airflow/dags/urban_data_pipeline_dag.py
[2026-07-01T13:09:49.994+0000] {processor.py:925} INFO - DAG(s) 'urban_data_pipeline' retrieved from /opt/airflow/dags/urban_data_pipeline_dag.py
[2026-07-01T13:09:50.033+0000] {logging_mixin.py:190} INFO - [2026-07-01T13:09:50.033+0000] {dag.py:3239} INFO - Sync 1 DAGs
[2026-07-01T13:09:50.056+0000] {logging_mixin.py:190} INFO - [2026-07-01T13:09:50.056+0000] {dag.py:4180} INFO - Setting next_dagrun for urban_data_pipeline to 2026-07-01 00:00:00+00:00, run_after=2026-08-01 00:00:00+00:00
[2026-07-01T13:09:50.080+0000] {processor.py:208} INFO - Processing /opt/airflow/dags/urban_data_pipeline_dag.py took 0.223 seconds
[2026-07-01T13:10:20.265+0000] {processor.py:186} INFO - Started process (PID=950) to work on /opt/airflow/dags/urban_data_pipeline_dag.py
[2026-07-01T13:10:20.266+0000] {processor.py:914} INFO - Processing file /opt/airflow/dags/urban_data_pipeline_dag.py for tasks to queue
[2026-07-01T13:10:20.269+0000] {logging_mixin.py:190} INFO - [2026-07-01T13:10:20.269+0000] {dagbag.py:588} INFO - Filling up the DagBag from /opt/airflow/dags/urban_data_pipeline_dag.py
[2026-07-01T13:10:20.607+0000] {processor.py:925} INFO - DAG(s) 'urban_data_pipeline' retrieved from /opt/airflow/dags/urban_data_pipeline_dag.py
[2026-07-01T13:10:20.650+0000] {logging_mixin.py:190} INFO - [2026-07-01T13:10:20.650+0000] {dag.py:3239} INFO - Sync 1 DAGs
[2026-07-01T13:10:20.672+0000] {logging_mixin.py:190} INFO - [2026-07-01T13:10:20.672+0000] {dag.py:4180} INFO - Setting next_dagrun for urban_data_pipeline to 2026-07-01 00:00:00+00:00, run_after=2026-08-01 00:00:00+00:00
[2026-07-01T13:10:20.695+0000] {processor.py:208} INFO - Processing /opt/airflow/dags/urban_data_pipeline_dag.py took 0.437 seconds
[2026-07-01T13:10:50.944+0000] {processor.py:186} INFO - Started process (PID=968) to work on /opt/airflow/dags/urban_data_pipeline_dag.py
[2026-07-01T13:10:50.949+0000] {processor.py:914} INFO - Processing file /opt/airflow/dags/urban_data_pipeline_dag.py for tasks to queue
[2026-07-01T13:10:50.962+0000] {logging_mixin.py:190} INFO - [2026-07-01T13:10:50.960+0000] {dagbag.py:588} INFO - Filling up the DagBag from /opt/airflow/dags/urban_data_pipeline_dag.py
[2026-07-01T13:10:51.482+0000] {processor.py:925} INFO - DAG(s) 'urban_data_pipeline' retrieved from /opt/airflow/dags/urban_data_pipeline_dag.py
[2026-07-01T13:10:51.527+0000] {logging_mixin.py:190} INFO - [2026-07-01T13:10:51.527+0000] {dag.py:3239} INFO - Sync 1 DAGs
[2026-07-01T13:10:51.551+0000] {logging_mixin.py:190} INFO - [2026-07-01T13:10:51.550+0000] {dag.py:4180} INFO - Setting next_dagrun for urban_data_pipeline to 2026-07-01 00:00:00+00:00, run_after=2026-08-01 00:00:00+00:00
[2026-07-01T13:10:51.582+0000] {processor.py:208} INFO - Processing /opt/airflow/dags/urban_data_pipeline_dag.py took 0.675 seconds
[2026-07-01T13:11:21.850+0000] {processor.py:186} INFO - Started process (PID=986) to work on /opt/airflow/dags/urban_data_pipeline_dag.py
[2026-07-01T13:11:21.853+0000] {processor.py:914} INFO - Processing file /opt/airflow/dags/urban_data_pipeline_dag.py for tasks to queue
[2026-07-01T13:11:21.860+0000] {logging_mixin.py:190} INFO - [2026-07-01T13:11:21.859+0000] {dagbag.py:588} INFO - Filling up the DagBag from /opt/airflow/dags/urban_data_pipeline_dag.py
[2026-07-01T13:11:22.065+0000] {processor.py:925} INFO - DAG(s) 'urban_data_pipeline' retrieved from /opt/airflow/dags/urban_data_pipeline_dag.py
[2026-07-01T13:11:22.106+0000] {logging_mixin.py:190} INFO - [2026-07-01T13:11:22.106+0000] {dag.py:3239} INFO - Sync 1 DAGs
[2026-07-01T13:11:22.129+0000] {logging_mixin.py:190} INFO - [2026-07-01T13:11:22.128+0000] {dag.py:4180} INFO - Setting next_dagrun for urban_data_pipeline to 2026-07-01 00:00:00+00:00, run_after=2026-08-01 00:00:00+00:00
[2026-07-01T13:11:22.154+0000] {processor.py:208} INFO - Processing /opt/airflow/dags/urban_data_pipeline_dag.py took 0.335 seconds
[2026-07-01T13:11:53.134+0000] {processor.py:186} INFO - Started process (PID=1004) to work on /opt/airflow/dags/urban_data_pipeline_dag.py
[2026-07-01T13:11:53.137+0000] {processor.py:914} INFO - Processing file /opt/airflow/dags/urban_data_pipeline_dag.py for tasks to queue
[2026-07-01T13:11:53.143+0000] {logging_mixin.py:190} INFO - [2026-07-01T13:11:53.142+0000] {dagbag.py:588} INFO - Filling up the DagBag from /opt/airflow/dags/urban_data_pipeline_dag.py
[2026-07-01T13:11:53.667+0000] {processor.py:925} INFO - DAG(s) 'urban_data_pipeline' retrieved from /opt/airflow/dags/urban_data_pipeline_dag.py
[2026-07-01T13:11:53.734+0000] {logging_mixin.py:190} INFO - [2026-07-01T13:11:53.734+0000] {dag.py:3239} INFO - Sync 1 DAGs
[2026-07-01T13:11:53.757+0000] {logging_mixin.py:190} INFO - [2026-07-01T13:11:53.757+0000] {dag.py:4180} INFO - Setting next_dagrun for urban_data_pipeline to 2026-07-01 00:00:00+00:00, run_after=2026-08-01 00:00:00+00:00
[2026-07-01T13:11:53.786+0000] {processor.py:208} INFO - Processing /opt/airflow/dags/urban_data_pipeline_dag.py took 0.677 seconds
[2026-07-01T13:12:23.963+0000] {processor.py:186} INFO - Started process (PID=1022) to work on /opt/airflow/dags/urban_data_pipeline_dag.py
[2026-07-01T13:12:23.964+0000] {processor.py:914} INFO - Processing file /opt/airflow/dags/urban_data_pipeline_dag.py for tasks to queue
[2026-07-01T13:12:23.967+0000] {logging_mixin.py:190} INFO - [2026-07-01T13:12:23.966+0000] {dagbag.py:588} INFO - Filling up the DagBag from /opt/airflow/dags/urban_data_pipeline_dag.py
[2026-07-01T13:12:24.159+0000] {processor.py:925} INFO - DAG(s) 'urban_data_pipeline' retrieved from /opt/airflow/dags/urban_data_pipeline_dag.py
[2026-07-01T13:12:24.213+0000] {logging_mixin.py:190} INFO - [2026-07-01T13:12:24.213+0000] {dag.py:3239} INFO - Sync 1 DAGs
[2026-07-01T13:12:24.235+0000] {logging_mixin.py:190} INFO - [2026-07-01T13:12:24.235+0000] {dag.py:4180} INFO - Setting next_dagrun for urban_data_pipeline to 2026-07-01 00:00:00+00:00, run_after=2026-08-01 00:00:00+00:00
[2026-07-01T13:12:24.262+0000] {processor.py:208} INFO - Processing /opt/airflow/dags/urban_data_pipeline_dag.py took 0.305 seconds
[2026-07-01T13:12:54.602+0000] {processor.py:186} INFO - Started process (PID=1040) to work on /opt/airflow/dags/urban_data_pipeline_dag.py
[2026-07-01T13:12:54.604+0000] {processor.py:914} INFO - Processing file /opt/airflow/dags/urban_data_pipeline_dag.py for tasks to queue
[2026-07-01T13:12:54.607+0000] {logging_mixin.py:190} INFO - [2026-07-01T13:12:54.606+0000] {dagbag.py:588} INFO - Filling up the DagBag from /opt/airflow/dags/urban_data_pipeline_dag.py
[2026-07-01T13:12:54.716+0000] {processor.py:925} INFO - DAG(s) 'urban_data_pipeline' retrieved from /opt/airflow/dags/urban_data_pipeline_dag.py
[2026-07-01T13:12:54.765+0000] {logging_mixin.py:190} INFO - [2026-07-01T13:12:54.765+0000] {dag.py:3239} INFO - Sync 1 DAGs
[2026-07-01T13:12:54.793+0000] {logging_mixin.py:190} INFO - [2026-07-01T13:12:54.792+0000] {dag.py:4180} INFO - Setting next_dagrun for urban_data_pipeline to 2026-07-01 00:00:00+00:00, run_after=2026-08-01 00:00:00+00:00
[2026-07-01T13:12:54.817+0000] {processor.py:208} INFO - Processing /opt/airflow/dags/urban_data_pipeline_dag.py took 0.222 seconds
[2026-07-01T13:13:25.698+0000] {processor.py:186} INFO - Started process (PID=1058) to work on /opt/airflow/dags/urban_data_pipeline_dag.py
[2026-07-01T13:13:25.707+0000] {processor.py:914} INFO - Processing file /opt/airflow/dags/urban_data_pipeline_dag.py for tasks to queue
[2026-07-01T13:13:25.717+0000] {logging_mixin.py:190} INFO - [2026-07-01T13:13:25.716+0000] {dagbag.py:588} INFO - Filling up the DagBag from /opt/airflow/dags/urban_data_pipeline_dag.py
[2026-07-01T13:13:26.058+0000] {processor.py:925} INFO - DAG(s) 'urban_data_pipeline' retrieved from /opt/airflow/dags/urban_data_pipeline_dag.py
[2026-07-01T13:13:26.099+0000] {logging_mixin.py:190} INFO - [2026-07-01T13:13:26.099+0000] {dag.py:3239} INFO - Sync 1 DAGs
[2026-07-01T13:13:26.123+0000] {logging_mixin.py:190} INFO - [2026-07-01T13:13:26.123+0000] {dag.py:4180} INFO - Setting next_dagrun for urban_data_pipeline to 2026-07-01 00:00:00+00:00, run_after=2026-08-01 00:00:00+00:00
[2026-07-01T13:13:26.147+0000] {processor.py:208} INFO - Processing /opt/airflow/dags/urban_data_pipeline_dag.py took 0.484 seconds
[2026-07-01T13:13:57.154+0000] {processor.py:186} INFO - Started process (PID=1076) to work on /opt/airflow/dags/urban_data_pipeline_dag.py
[2026-07-01T13:13:57.158+0000] {processor.py:914} INFO - Processing file /opt/airflow/dags/urban_data_pipeline_dag.py for tasks to queue
[2026-07-01T13:13:57.164+0000] {logging_mixin.py:190} INFO - [2026-07-01T13:13:57.163+0000] {dagbag.py:588} INFO - Filling up the DagBag from /opt/airflow/dags/urban_data_pipeline_dag.py
[2026-07-01T13:13:57.651+0000] {processor.py:925} INFO - DAG(s) 'urban_data_pipeline' retrieved from /opt/airflow/dags/urban_data_pipeline_dag.py
[2026-07-01T13:13:57.696+0000] {logging_mixin.py:190} INFO - [2026-07-01T13:13:57.695+0000] {dag.py:3239} INFO - Sync 1 DAGs
[2026-07-01T13:13:57.722+0000] {logging_mixin.py:190} INFO - [2026-07-01T13:13:57.722+0000] {dag.py:4180} INFO - Setting next_dagrun for urban_data_pipeline to 2026-07-01 00:00:00+00:00, run_after=2026-08-01 00:00:00+00:00
[2026-07-01T13:13:57.748+0000] {processor.py:208} INFO - Processing /opt/airflow/dags/urban_data_pipeline_dag.py took 0.609 seconds
[2026-07-01T13:14:27.999+0000] {processor.py:186} INFO - Started process (PID=1093) to work on /opt/airflow/dags/urban_data_pipeline_dag.py
[2026-07-01T13:14:28.000+0000] {processor.py:914} INFO - Processing file /opt/airflow/dags/urban_data_pipeline_dag.py for tasks to queue
[2026-07-01T13:14:28.004+0000] {logging_mixin.py:190} INFO - [2026-07-01T13:14:28.003+0000] {dagbag.py:588} INFO - Filling up the DagBag from /opt/airflow/dags/urban_data_pipeline_dag.py
[2026-07-01T13:14:28.135+0000] {processor.py:925} INFO - DAG(s) 'urban_data_pipeline' retrieved from /opt/airflow/dags/urban_data_pipeline_dag.py
[2026-07-01T13:14:28.179+0000] {logging_mixin.py:190} INFO - [2026-07-01T13:14:28.179+0000] {dag.py:3239} INFO - Sync 1 DAGs
[2026-07-01T13:14:28.201+0000] {logging_mixin.py:190} INFO - [2026-07-01T13:14:28.201+0000] {dag.py:4180} INFO - Setting next_dagrun for urban_data_pipeline to 2026-07-01 00:00:00+00:00, run_after=2026-08-01 00:00:00+00:00
[2026-07-01T13:14:28.224+0000] {processor.py:208} INFO - Processing /opt/airflow/dags/urban_data_pipeline_dag.py took 0.232 seconds
[2026-07-01T13:14:59.126+0000] {processor.py:186} INFO - Started process (PID=1104) to work on /opt/airflow/dags/urban_data_pipeline_dag.py
[2026-07-01T13:14:59.129+0000] {processor.py:914} INFO - Processing file /opt/airflow/dags/urban_data_pipeline_dag.py for tasks to queue
[2026-07-01T13:14:59.132+0000] {logging_mixin.py:190} INFO - [2026-07-01T13:14:59.131+0000] {dagbag.py:588} INFO - Filling up the DagBag from /opt/airflow/dags/urban_data_pipeline_dag.py
[2026-07-01T13:14:59.336+0000] {processor.py:925} INFO - DAG(s) 'urban_data_pipeline' retrieved from /opt/airflow/dags/urban_data_pipeline_dag.py
[2026-07-01T13:14:59.398+0000] {logging_mixin.py:190} INFO - [2026-07-01T13:14:59.398+0000] {dag.py:3239} INFO - Sync 1 DAGs
[2026-07-01T13:14:59.423+0000] {logging_mixin.py:190} INFO - [2026-07-01T13:14:59.423+0000] {dag.py:4180} INFO - Setting next_dagrun for urban_data_pipeline to 2026-07-01 00:00:00+00:00, run_after=2026-08-01 00:00:00+00:00
[2026-07-01T13:14:59.448+0000] {processor.py:208} INFO - Processing /opt/airflow/dags/urban_data_pipeline_dag.py took 0.330 seconds
[2026-07-01T13:15:30.266+0000] {processor.py:186} INFO - Started process (PID=1122) to work on /opt/airflow/dags/urban_data_pipeline_dag.py
[2026-07-01T13:15:30.270+0000] {processor.py:914} INFO - Processing file /opt/airflow/dags/urban_data_pipeline_dag.py for tasks to queue
[2026-07-01T13:15:30.281+0000] {logging_mixin.py:190} INFO - [2026-07-01T13:15:30.279+0000] {dagbag.py:588} INFO - Filling up the DagBag from /opt/airflow/dags/urban_data_pipeline_dag.py
[2026-07-01T13:15:30.568+0000] {processor.py:925} INFO - DAG(s) 'urban_data_pipeline' retrieved from /opt/airflow/dags/urban_data_pipeline_dag.py
[2026-07-01T13:15:30.611+0000] {logging_mixin.py:190} INFO - [2026-07-01T13:15:30.610+0000] {dag.py:3239} INFO - Sync 1 DAGs
[2026-07-01T13:15:30.633+0000] {logging_mixin.py:190} INFO - [2026-07-01T13:15:30.633+0000] {dag.py:4180} INFO - Setting next_dagrun for urban_data_pipeline to 2026-07-01 00:00:00+00:00, run_after=2026-08-01 00:00:00+00:00
[2026-07-01T13:15:30.667+0000] {processor.py:208} INFO - Processing /opt/airflow/dags/urban_data_pipeline_dag.py took 0.421 seconds
[2026-07-01T13:16:01.704+0000] {processor.py:186} INFO - Started process (PID=1140) to work on /opt/airflow/dags/urban_data_pipeline_dag.py
[2026-07-01T13:16:01.707+0000] {processor.py:914} INFO - Processing file /opt/airflow/dags/urban_data_pipeline_dag.py for tasks to queue
[2026-07-01T13:16:01.716+0000] {logging_mixin.py:190} INFO - [2026-07-01T13:16:01.713+0000] {dagbag.py:588} INFO - Filling up the DagBag from /opt/airflow/dags/urban_data_pipeline_dag.py
[2026-07-01T13:16:01.979+0000] {processor.py:925} INFO - DAG(s) 'urban_data_pipeline' retrieved from /opt/airflow/dags/urban_data_pipeline_dag.py
[2026-07-01T13:16:02.051+0000] {logging_mixin.py:190} INFO - [2026-07-01T13:16:02.050+0000] {dag.py:3239} INFO - Sync 1 DAGs
[2026-07-01T13:16:02.075+0000] {logging_mixin.py:190} INFO - [2026-07-01T13:16:02.075+0000] {dag.py:4180} INFO - Setting next_dagrun for urban_data_pipeline to 2026-07-01 00:00:00+00:00, run_after=2026-08-01 00:00:00+00:00
[2026-07-01T13:16:02.110+0000] {processor.py:208} INFO - Processing /opt/airflow/dags/urban_data_pipeline_dag.py took 0.438 seconds
[2026-07-01T13:16:32.350+0000] {processor.py:186} INFO - Started process (PID=1158) to work on /opt/airflow/dags/urban_data_pipeline_dag.py
[2026-07-01T13:16:32.353+0000] {processor.py:914} INFO - Processing file /opt/airflow/dags/urban_data_pipeline_dag.py for tasks to queue
[2026-07-01T13:16:32.360+0000] {logging_mixin.py:190} INFO - [2026-07-01T13:16:32.359+0000] {dagbag.py:588} INFO - Filling up the DagBag from /opt/airflow/dags/urban_data_pipeline_dag.py
[2026-07-01T13:16:32.888+0000] {processor.py:925} INFO - DAG(s) 'urban_data_pipeline' retrieved from /opt/airflow/dags/urban_data_pipeline_dag.py
[2026-07-01T13:16:32.958+0000] {logging_mixin.py:190} INFO - [2026-07-01T13:16:32.958+0000] {dag.py:3239} INFO - Sync 1 DAGs
[2026-07-01T13:16:32.981+0000] {logging_mixin.py:190} INFO - [2026-07-01T13:16:32.980+0000] {dag.py:4180} INFO - Setting next_dagrun for urban_data_pipeline to 2026-07-01 00:00:00+00:00, run_after=2026-08-01 00:00:00+00:00
[2026-07-01T13:16:33.011+0000] {processor.py:208} INFO - Processing /opt/airflow/dags/urban_data_pipeline_dag.py took 0.686 seconds
[2026-07-01T13:17:03.262+0000] {processor.py:186} INFO - Started process (PID=1176) to work on /opt/airflow/dags/urban_data_pipeline_dag.py
[2026-07-01T13:17:03.264+0000] {processor.py:914} INFO - Processing file /opt/airflow/dags/urban_data_pipeline_dag.py for tasks to queue
[2026-07-01T13:17:03.267+0000] {logging_mixin.py:190} INFO - [2026-07-01T13:17:03.267+0000] {dagbag.py:588} INFO - Filling up the DagBag from /opt/airflow/dags/urban_data_pipeline_dag.py
[2026-07-01T13:17:03.571+0000] {processor.py:925} INFO - DAG(s) 'urban_data_pipeline' retrieved from /opt/airflow/dags/urban_data_pipeline_dag.py
[2026-07-01T13:17:03.613+0000] {logging_mixin.py:190} INFO - [2026-07-01T13:17:03.613+0000] {dag.py:3239} INFO - Sync 1 DAGs
[2026-07-01T13:17:03.637+0000] {logging_mixin.py:190} INFO - [2026-07-01T13:17:03.637+0000] {dag.py:4180} INFO - Setting next_dagrun for urban_data_pipeline to 2026-07-01 00:00:00+00:00, run_after=2026-08-01 00:00:00+00:00
[2026-07-01T13:17:03.660+0000] {processor.py:208} INFO - Processing /opt/airflow/dags/urban_data_pipeline_dag.py took 0.406 seconds
[2026-07-01T13:17:34.544+0000] {processor.py:186} INFO - Started process (PID=1194) to work on /opt/airflow/dags/urban_data_pipeline_dag.py
[2026-07-01T13:17:34.546+0000] {processor.py:914} INFO - Processing file /opt/airflow/dags/urban_data_pipeline_dag.py for tasks to queue
[2026-07-01T13:17:34.550+0000] {logging_mixin.py:190} INFO - [2026-07-01T13:17:34.550+0000] {dagbag.py:588} INFO - Filling up the DagBag from /opt/airflow/dags/urban_data_pipeline_dag.py
[2026-07-01T13:17:34.808+0000] {processor.py:925} INFO - DAG(s) 'urban_data_pipeline' retrieved from /opt/airflow/dags/urban_data_pipeline_dag.py
[2026-07-01T13:17:34.853+0000] {logging_mixin.py:190} INFO - [2026-07-01T13:17:34.853+0000] {dag.py:3239} INFO - Sync 1 DAGs
[2026-07-01T13:17:34.877+0000] {logging_mixin.py:190} INFO - [2026-07-01T13:17:34.877+0000] {dag.py:4180} INFO - Setting next_dagrun for urban_data_pipeline to 2026-07-01 00:00:00+00:00, run_after=2026-08-01 00:00:00+00:00
[2026-07-01T13:17:34.895+0000] {processor.py:208} INFO - Processing /opt/airflow/dags/urban_data_pipeline_dag.py took 0.369 seconds
[2026-07-01T13:18:05.706+0000] {processor.py:186} INFO - Started process (PID=1212) to work on /opt/airflow/dags/urban_data_pipeline_dag.py
[2026-07-01T13:18:05.708+0000] {processor.py:914} INFO - Processing file /opt/airflow/dags/urban_data_pipeline_dag.py for tasks to queue
[2026-07-01T13:18:05.711+0000] {logging_mixin.py:190} INFO - [2026-07-01T13:18:05.711+0000] {dagbag.py:588} INFO - Filling up the DagBag from /opt/airflow/dags/urban_data_pipeline_dag.py
[2026-07-01T13:18:06.194+0000] {processor.py:925} INFO - DAG(s) 'urban_data_pipeline' retrieved from /opt/airflow/dags/urban_data_pipeline_dag.py
[2026-07-01T13:18:06.278+0000] {logging_mixin.py:190} INFO - [2026-07-01T13:18:06.277+0000] {dag.py:3239} INFO - Sync 1 DAGs
[2026-07-01T13:18:06.308+0000] {logging_mixin.py:190} INFO - [2026-07-01T13:18:06.307+0000] {dag.py:4180} INFO - Setting next_dagrun for urban_data_pipeline to 2026-07-01 00:00:00+00:00, run_after=2026-08-01 00:00:00+00:00
[2026-07-01T13:18:06.342+0000] {processor.py:208} INFO - Processing /opt/airflow/dags/urban_data_pipeline_dag.py took 0.642 seconds
[2026-07-01T13:18:36.839+0000] {processor.py:186} INFO - Started process (PID=1230) to work on /opt/airflow/dags/urban_data_pipeline_dag.py
[2026-07-01T13:18:36.842+0000] {processor.py:914} INFO - Processing file /opt/airflow/dags/urban_data_pipeline_dag.py for tasks to queue
[2026-07-01T13:18:36.845+0000] {logging_mixin.py:190} INFO - [2026-07-01T13:18:36.844+0000] {dagbag.py:588} INFO - Filling up the DagBag from /opt/airflow/dags/urban_data_pipeline_dag.py
[2026-07-01T13:18:36.984+0000] {processor.py:925} INFO - DAG(s) 'urban_data_pipeline' retrieved from /opt/airflow/dags/urban_data_pipeline_dag.py
[2026-07-01T13:18:37.026+0000] {logging_mixin.py:190} INFO - [2026-07-01T13:18:37.026+0000] {dag.py:3239} INFO - Sync 1 DAGs
[2026-07-01T13:18:37.049+0000] {logging_mixin.py:190} INFO - [2026-07-01T13:18:37.048+0000] {dag.py:4180} INFO - Setting next_dagrun for urban_data_pipeline to 2026-07-01 00:00:00+00:00, run_after=2026-08-01 00:00:00+00:00
[2026-07-01T13:18:37.073+0000] {processor.py:208} INFO - Processing /opt/airflow/dags/urban_data_pipeline_dag.py took 0.240 seconds
[2026-07-01T13:19:07.278+0000] {processor.py:186} INFO - Started process (PID=1248) to work on /opt/airflow/dags/urban_data_pipeline_dag.py
[2026-07-01T13:19:07.280+0000] {processor.py:914} INFO - Processing file /opt/airflow/dags/urban_data_pipeline_dag.py for tasks to queue
[2026-07-01T13:19:07.282+0000] {logging_mixin.py:190} INFO - [2026-07-01T13:19:07.282+0000] {dagbag.py:588} INFO - Filling up the DagBag from /opt/airflow/dags/urban_data_pipeline_dag.py
[2026-07-01T13:19:07.412+0000] {processor.py:925} INFO - DAG(s) 'urban_data_pipeline' retrieved from /opt/airflow/dags/urban_data_pipeline_dag.py
[2026-07-01T13:19:07.459+0000] {logging_mixin.py:190} INFO - [2026-07-01T13:19:07.458+0000] {dag.py:3239} INFO - Sync 1 DAGs
[2026-07-01T13:19:07.482+0000] {logging_mixin.py:190} INFO - [2026-07-01T13:19:07.482+0000] {dag.py:4180} INFO - Setting next_dagrun for urban_data_pipeline to 2026-07-01 00:00:00+00:00, run_after=2026-08-01 00:00:00+00:00
[2026-07-01T13:19:07.500+0000] {processor.py:208} INFO - Processing /opt/airflow/dags/urban_data_pipeline_dag.py took 0.227 seconds
[2026-07-01T13:19:37.889+0000] {processor.py:186} INFO - Started process (PID=1266) to work on /opt/airflow/dags/urban_data_pipeline_dag.py
[2026-07-01T13:19:37.891+0000] {processor.py:914} INFO - Processing file /opt/airflow/dags/urban_data_pipeline_dag.py for tasks to queue
[2026-07-01T13:19:37.895+0000] {logging_mixin.py:190} INFO - [2026-07-01T13:19:37.894+0000] {dagbag.py:588} INFO - Filling up the DagBag from /opt/airflow/dags/urban_data_pipeline_dag.py
[2026-07-01T13:19:38.112+0000] {processor.py:925} INFO - DAG(s) 'urban_data_pipeline' retrieved from /opt/airflow/dags/urban_data_pipeline_dag.py
[2026-07-01T13:19:38.154+0000] {logging_mixin.py:190} INFO - [2026-07-01T13:19:38.154+0000] {dag.py:3239} INFO - Sync 1 DAGs
[2026-07-01T13:19:38.178+0000] {logging_mixin.py:190} INFO - [2026-07-01T13:19:38.177+0000] {dag.py:4180} INFO - Setting next_dagrun for urban_data_pipeline to 2026-07-01 00:00:00+00:00, run_after=2026-08-01 00:00:00+00:00
[2026-07-01T13:19:38.202+0000] {processor.py:208} INFO - Processing /opt/airflow/dags/urban_data_pipeline_dag.py took 0.319 seconds
[2026-07-01T13:20:08.387+0000] {processor.py:186} INFO - Started process (PID=1283) to work on /opt/airflow/dags/urban_data_pipeline_dag.py
[2026-07-01T13:20:08.389+0000] {processor.py:914} INFO - Processing file /opt/airflow/dags/urban_data_pipeline_dag.py for tasks to queue
[2026-07-01T13:20:08.393+0000] {logging_mixin.py:190} INFO - [2026-07-01T13:20:08.393+0000] {dagbag.py:588} INFO - Filling up the DagBag from /opt/airflow/dags/urban_data_pipeline_dag.py
[2026-07-01T13:20:08.695+0000] {processor.py:925} INFO - DAG(s) 'urban_data_pipeline' retrieved from /opt/airflow/dags/urban_data_pipeline_dag.py
[2026-07-01T13:20:08.740+0000] {logging_mixin.py:190} INFO - [2026-07-01T13:20:08.740+0000] {dag.py:3239} INFO - Sync 1 DAGs
[2026-07-01T13:20:08.765+0000] {logging_mixin.py:190} INFO - [2026-07-01T13:20:08.764+0000] {dag.py:4180} INFO - Setting next_dagrun for urban_data_pipeline to 2026-07-01 00:00:00+00:00, run_after=2026-08-01 00:00:00+00:00
[2026-07-01T13:20:08.787+0000] {processor.py:208} INFO - Processing /opt/airflow/dags/urban_data_pipeline_dag.py took 0.407 seconds
[2026-07-01T13:20:38.938+0000] {processor.py:186} INFO - Started process (PID=1294) to work on /opt/airflow/dags/urban_data_pipeline_dag.py
[2026-07-01T13:20:38.940+0000] {processor.py:914} INFO - Processing file /opt/airflow/dags/urban_data_pipeline_dag.py for tasks to queue
[2026-07-01T13:20:38.943+0000] {logging_mixin.py:190} INFO - [2026-07-01T13:20:38.943+0000] {dagbag.py:588} INFO - Filling up the DagBag from /opt/airflow/dags/urban_data_pipeline_dag.py
[2026-07-01T13:20:39.162+0000] {processor.py:925} INFO - DAG(s) 'urban_data_pipeline' retrieved from /opt/airflow/dags/urban_data_pipeline_dag.py
[2026-07-01T13:20:39.208+0000] {logging_mixin.py:190} INFO - [2026-07-01T13:20:39.208+0000] {dag.py:3239} INFO - Sync 1 DAGs
[2026-07-01T13:20:39.232+0000] {logging_mixin.py:190} INFO - [2026-07-01T13:20:39.232+0000] {dag.py:4180} INFO - Setting next_dagrun for urban_data_pipeline to 2026-07-01 00:00:00+00:00, run_after=2026-08-01 00:00:00+00:00
[2026-07-01T13:20:39.255+0000] {processor.py:208} INFO - Processing /opt/airflow/dags/urban_data_pipeline_dag.py took 0.323 seconds
[2026-07-01T13:21:09.679+0000] {processor.py:186} INFO - Started process (PID=1312) to work on /opt/airflow/dags/urban_data_pipeline_dag.py
[2026-07-01T13:21:09.680+0000] {processor.py:914} INFO - Processing file /opt/airflow/dags/urban_data_pipeline_dag.py for tasks to queue
[2026-07-01T13:21:09.683+0000] {logging_mixin.py:190} INFO - [2026-07-01T13:21:09.683+0000] {dagbag.py:588} INFO - Filling up the DagBag from /opt/airflow/dags/urban_data_pipeline_dag.py
[2026-07-01T13:21:09.889+0000] {processor.py:925} INFO - DAG(s) 'urban_data_pipeline' retrieved from /opt/airflow/dags/urban_data_pipeline_dag.py
[2026-07-01T13:21:09.958+0000] {logging_mixin.py:190} INFO - [2026-07-01T13:21:09.958+0000] {dag.py:3239} INFO - Sync 1 DAGs
[2026-07-01T13:21:09.986+0000] {logging_mixin.py:190} INFO - [2026-07-01T13:21:09.986+0000] {dag.py:4180} INFO - Setting next_dagrun for urban_data_pipeline to 2026-07-01 00:00:00+00:00, run_after=2026-08-01 00:00:00+00:00
[2026-07-01T13:21:10.006+0000] {processor.py:208} INFO - Processing /opt/airflow/dags/urban_data_pipeline_dag.py took 0.333 seconds
[2026-07-01T13:21:40.168+0000] {processor.py:186} INFO - Started process (PID=1330) to work on /opt/airflow/dags/urban_data_pipeline_dag.py
[2026-07-01T13:21:40.170+0000] {processor.py:914} INFO - Processing file /opt/airflow/dags/urban_data_pipeline_dag.py for tasks to queue
[2026-07-01T13:21:40.173+0000] {logging_mixin.py:190} INFO - [2026-07-01T13:21:40.173+0000] {dagbag.py:588} INFO - Filling up the DagBag from /opt/airflow/dags/urban_data_pipeline_dag.py
[2026-07-01T13:21:40.466+0000] {processor.py:925} INFO - DAG(s) 'urban_data_pipeline' retrieved from /opt/airflow/dags/urban_data_pipeline_dag.py
[2026-07-01T13:21:40.529+0000] {logging_mixin.py:190} INFO - [2026-07-01T13:21:40.528+0000] {dag.py:3239} INFO - Sync 1 DAGs
[2026-07-01T13:21:40.561+0000] {logging_mixin.py:190} INFO - [2026-07-01T13:21:40.561+0000] {dag.py:4180} INFO - Setting next_dagrun for urban_data_pipeline to 2026-07-01 00:00:00+00:00, run_after=2026-08-01 00:00:00+00:00
[2026-07-01T13:21:40.589+0000] {processor.py:208} INFO - Processing /opt/airflow/dags/urban_data_pipeline_dag.py took 0.427 seconds
[2026-07-01T13:22:11.011+0000] {processor.py:186} INFO - Started process (PID=1348) to work on /opt/airflow/dags/urban_data_pipeline_dag.py
[2026-07-01T13:22:11.014+0000] {processor.py:914} INFO - Processing file /opt/airflow/dags/urban_data_pipeline_dag.py for tasks to queue
[2026-07-01T13:22:11.017+0000] {logging_mixin.py:190} INFO - [2026-07-01T13:22:11.016+0000] {dagbag.py:588} INFO - Filling up the DagBag from /opt/airflow/dags/urban_data_pipeline_dag.py
[2026-07-01T13:22:11.294+0000] {processor.py:925} INFO - DAG(s) 'urban_data_pipeline' retrieved from /opt/airflow/dags/urban_data_pipeline_dag.py
[2026-07-01T13:22:11.340+0000] {logging_mixin.py:190} INFO - [2026-07-01T13:22:11.340+0000] {dag.py:3239} INFO - Sync 1 DAGs
[2026-07-01T13:22:11.364+0000] {logging_mixin.py:190} INFO - [2026-07-01T13:22:11.364+0000] {dag.py:4180} INFO - Setting next_dagrun for urban_data_pipeline to 2026-07-01 00:00:00+00:00, run_after=2026-08-01 00:00:00+00:00
[2026-07-01T13:22:11.386+0000] {processor.py:208} INFO - Processing /opt/airflow/dags/urban_data_pipeline_dag.py took 0.381 seconds
[2026-07-01T13:22:41.614+0000] {processor.py:186} INFO - Started process (PID=1366) to work on /opt/airflow/dags/urban_data_pipeline_dag.py
[2026-07-01T13:22:41.616+0000] {processor.py:914} INFO - Processing file /opt/airflow/dags/urban_data_pipeline_dag.py for tasks to queue
[2026-07-01T13:22:41.619+0000] {logging_mixin.py:190} INFO - [2026-07-01T13:22:41.618+0000] {dagbag.py:588} INFO - Filling up the DagBag from /opt/airflow/dags/urban_data_pipeline_dag.py
[2026-07-01T13:22:41.769+0000] {processor.py:925} INFO - DAG(s) 'urban_data_pipeline' retrieved from /opt/airflow/dags/urban_data_pipeline_dag.py
[2026-07-01T13:22:41.817+0000] {logging_mixin.py:190} INFO - [2026-07-01T13:22:41.817+0000] {dag.py:3239} INFO - Sync 1 DAGs
[2026-07-01T13:22:41.843+0000] {logging_mixin.py:190} INFO - [2026-07-01T13:22:41.843+0000] {dag.py:4180} INFO - Setting next_dagrun for urban_data_pipeline to 2026-07-01 00:00:00+00:00, run_after=2026-08-01 00:00:00+00:00
[2026-07-01T13:22:41.866+0000] {processor.py:208} INFO - Processing /opt/airflow/dags/urban_data_pipeline_dag.py took 0.259 seconds
[2026-07-01T13:23:12.400+0000] {processor.py:186} INFO - Started process (PID=1384) to work on /opt/airflow/dags/urban_data_pipeline_dag.py
[2026-07-01T13:23:12.403+0000] {processor.py:914} INFO - Processing file /opt/airflow/dags/urban_data_pipeline_dag.py for tasks to queue
[2026-07-01T13:23:12.407+0000] {logging_mixin.py:190} INFO - [2026-07-01T13:23:12.406+0000] {dagbag.py:588} INFO - Filling up the DagBag from /opt/airflow/dags/urban_data_pipeline_dag.py
[2026-07-01T13:23:12.633+0000] {processor.py:925} INFO - DAG(s) 'urban_data_pipeline' retrieved from /opt/airflow/dags/urban_data_pipeline_dag.py
[2026-07-01T13:23:12.681+0000] {logging_mixin.py:190} INFO - [2026-07-01T13:23:12.681+0000] {dag.py:3239} INFO - Sync 1 DAGs
[2026-07-01T13:23:12.705+0000] {logging_mixin.py:190} INFO - [2026-07-01T13:23:12.705+0000] {dag.py:4180} INFO - Setting next_dagrun for urban_data_pipeline to 2026-07-01 00:00:00+00:00, run_after=2026-08-01 00:00:00+00:00
[2026-07-01T13:23:12.739+0000] {processor.py:208} INFO - Processing /opt/airflow/dags/urban_data_pipeline_dag.py took 0.351 seconds
[2026-07-01T13:23:43.599+0000] {processor.py:186} INFO - Started process (PID=1402) to work on /opt/airflow/dags/urban_data_pipeline_dag.py
[2026-07-01T13:23:43.602+0000] {processor.py:914} INFO - Processing file /opt/airflow/dags/urban_data_pipeline_dag.py for tasks to queue
[2026-07-01T13:23:43.607+0000] {logging_mixin.py:190} INFO - [2026-07-01T13:23:43.607+0000] {dagbag.py:588} INFO - Filling up the DagBag from /opt/airflow/dags/urban_data_pipeline_dag.py
[2026-07-01T13:23:44.033+0000] {processor.py:925} INFO - DAG(s) 'urban_data_pipeline' retrieved from /opt/airflow/dags/urban_data_pipeline_dag.py
[2026-07-01T13:23:44.080+0000] {logging_mixin.py:190} INFO - [2026-07-01T13:23:44.080+0000] {dag.py:3239} INFO - Sync 1 DAGs
[2026-07-01T13:23:44.107+0000] {logging_mixin.py:190} INFO - [2026-07-01T13:23:44.107+0000] {dag.py:4180} INFO - Setting next_dagrun for urban_data_pipeline to 2026-07-01 00:00:00+00:00, run_after=2026-08-01 00:00:00+00:00
[2026-07-01T13:23:44.135+0000] {processor.py:208} INFO - Processing /opt/airflow/dags/urban_data_pipeline_dag.py took 0.556 seconds
[2026-07-01T13:24:14.995+0000] {processor.py:186} INFO - Started process (PID=1420) to work on /opt/airflow/dags/urban_data_pipeline_dag.py
[2026-07-01T13:24:14.997+0000] {processor.py:914} INFO - Processing file /opt/airflow/dags/urban_data_pipeline_dag.py for tasks to queue
[2026-07-01T13:24:15.002+0000] {logging_mixin.py:190} INFO - [2026-07-01T13:24:15.001+0000] {dagbag.py:588} INFO - Filling up the DagBag from /opt/airflow/dags/urban_data_pipeline_dag.py
[2026-07-01T13:24:15.145+0000] {processor.py:925} INFO - DAG(s) 'urban_data_pipeline' retrieved from /opt/airflow/dags/urban_data_pipeline_dag.py
[2026-07-01T13:24:15.187+0000] {logging_mixin.py:190} INFO - [2026-07-01T13:24:15.187+0000] {dag.py:3239} INFO - Sync 1 DAGs
[2026-07-01T13:24:15.209+0000] {logging_mixin.py:190} INFO - [2026-07-01T13:24:15.209+0000] {dag.py:4180} INFO - Setting next_dagrun for urban_data_pipeline to 2026-07-01 00:00:00+00:00, run_after=2026-08-01 00:00:00+00:00
[2026-07-01T13:24:15.231+0000] {processor.py:208} INFO - Processing /opt/airflow/dags/urban_data_pipeline_dag.py took 0.241 seconds
[2026-07-01T13:24:45.944+0000] {processor.py:186} INFO - Started process (PID=1438) to work on /opt/airflow/dags/urban_data_pipeline_dag.py
[2026-07-01T13:24:45.947+0000] {processor.py:914} INFO - Processing file /opt/airflow/dags/urban_data_pipeline_dag.py for tasks to queue
[2026-07-01T13:24:45.954+0000] {logging_mixin.py:190} INFO - [2026-07-01T13:24:45.953+0000] {dagbag.py:588} INFO - Filling up the DagBag from /opt/airflow/dags/urban_data_pipeline_dag.py
[2026-07-01T13:24:46.224+0000] {processor.py:925} INFO - DAG(s) 'urban_data_pipeline' retrieved from /opt/airflow/dags/urban_data_pipeline_dag.py
[2026-07-01T13:24:46.273+0000] {logging_mixin.py:190} INFO - [2026-07-01T13:24:46.272+0000] {dag.py:3239} INFO - Sync 1 DAGs
[2026-07-01T13:24:46.295+0000] {logging_mixin.py:190} INFO - [2026-07-01T13:24:46.295+0000] {dag.py:4180} INFO - Setting next_dagrun for urban_data_pipeline to 2026-07-01 00:00:00+00:00, run_after=2026-08-01 00:00:00+00:00
[2026-07-01T13:24:46.323+0000] {processor.py:208} INFO - Processing /opt/airflow/dags/urban_data_pipeline_dag.py took 0.400 seconds
[2026-07-01T13:25:17.249+0000] {processor.py:186} INFO - Started process (PID=1456) to work on /opt/airflow/dags/urban_data_pipeline_dag.py
[2026-07-01T13:25:17.252+0000] {processor.py:914} INFO - Processing file /opt/airflow/dags/urban_data_pipeline_dag.py for tasks to queue
[2026-07-01T13:25:17.257+0000] {logging_mixin.py:190} INFO - [2026-07-01T13:25:17.257+0000] {dagbag.py:588} INFO - Filling up the DagBag from /opt/airflow/dags/urban_data_pipeline_dag.py
[2026-07-01T13:25:17.613+0000] {processor.py:925} INFO - DAG(s) 'urban_data_pipeline' retrieved from /opt/airflow/dags/urban_data_pipeline_dag.py
[2026-07-01T13:25:17.653+0000] {logging_mixin.py:190} INFO - [2026-07-01T13:25:17.653+0000] {dag.py:3239} INFO - Sync 1 DAGs
[2026-07-01T13:25:17.675+0000] {logging_mixin.py:190} INFO - [2026-07-01T13:25:17.674+0000] {dag.py:4180} INFO - Setting next_dagrun for urban_data_pipeline to 2026-07-01 00:00:00+00:00, run_after=2026-08-01 00:00:00+00:00
[2026-07-01T13:25:17.699+0000] {processor.py:208} INFO - Processing /opt/airflow/dags/urban_data_pipeline_dag.py took 0.470 seconds
[2026-07-01T13:25:47.811+0000] {processor.py:186} INFO - Started process (PID=1473) to work on /opt/airflow/dags/urban_data_pipeline_dag.py
[2026-07-01T13:25:47.814+0000] {processor.py:914} INFO - Processing file /opt/airflow/dags/urban_data_pipeline_dag.py for tasks to queue
[2026-07-01T13:25:47.817+0000] {logging_mixin.py:190} INFO - [2026-07-01T13:25:47.816+0000] {dagbag.py:588} INFO - Filling up the DagBag from /opt/airflow/dags/urban_data_pipeline_dag.py
[2026-07-01T13:25:48.042+0000] {processor.py:925} INFO - DAG(s) 'urban_data_pipeline' retrieved from /opt/airflow/dags/urban_data_pipeline_dag.py
[2026-07-01T13:25:48.087+0000] {logging_mixin.py:190} INFO - [2026-07-01T13:25:48.087+0000] {dag.py:3239} INFO - Sync 1 DAGs
[2026-07-01T13:25:48.113+0000] {logging_mixin.py:190} INFO - [2026-07-01T13:25:48.113+0000] {dag.py:4180} INFO - Setting next_dagrun for urban_data_pipeline to 2026-07-01 00:00:00+00:00, run_after=2026-08-01 00:00:00+00:00
[2026-07-01T13:25:48.138+0000] {processor.py:208} INFO - Processing /opt/airflow/dags/urban_data_pipeline_dag.py took 0.335 seconds
[2026-07-01T13:26:19.048+0000] {processor.py:186} INFO - Started process (PID=1491) to work on /opt/airflow/dags/urban_data_pipeline_dag.py
[2026-07-01T13:26:19.050+0000] {processor.py:914} INFO - Processing file /opt/airflow/dags/urban_data_pipeline_dag.py for tasks to queue
[2026-07-01T13:26:19.054+0000] {logging_mixin.py:190} INFO - [2026-07-01T13:26:19.053+0000] {dagbag.py:588} INFO - Filling up the DagBag from /opt/airflow/dags/urban_data_pipeline_dag.py
[2026-07-01T13:26:19.264+0000] {processor.py:925} INFO - DAG(s) 'urban_data_pipeline' retrieved from /opt/airflow/dags/urban_data_pipeline_dag.py
[2026-07-01T13:26:19.309+0000] {logging_mixin.py:190} INFO - [2026-07-01T13:26:19.309+0000] {dag.py:3239} INFO - Sync 1 DAGs
[2026-07-01T13:26:19.332+0000] {logging_mixin.py:190} INFO - [2026-07-01T13:26:19.332+0000] {dag.py:4180} INFO - Setting next_dagrun for urban_data_pipeline to 2026-07-01 00:00:00+00:00, run_after=2026-08-01 00:00:00+00:00
[2026-07-01T13:26:19.353+0000] {processor.py:208} INFO - Processing /opt/airflow/dags/urban_data_pipeline_dag.py took 0.316 seconds
[2026-07-01T13:26:50.228+0000] {processor.py:186} INFO - Started process (PID=1502) to work on /opt/airflow/dags/urban_data_pipeline_dag.py
[2026-07-01T13:26:50.231+0000] {processor.py:914} INFO - Processing file /opt/airflow/dags/urban_data_pipeline_dag.py for tasks to queue
[2026-07-01T13:26:50.236+0000] {logging_mixin.py:190} INFO - [2026-07-01T13:26:50.235+0000] {dagbag.py:588} INFO - Filling up the DagBag from /opt/airflow/dags/urban_data_pipeline_dag.py
[2026-07-01T13:26:50.536+0000] {processor.py:925} INFO - DAG(s) 'urban_data_pipeline' retrieved from /opt/airflow/dags/urban_data_pipeline_dag.py
[2026-07-01T13:26:50.576+0000] {logging_mixin.py:190} INFO - [2026-07-01T13:26:50.576+0000] {dag.py:3239} INFO - Sync 1 DAGs
[2026-07-01T13:26:50.598+0000] {logging_mixin.py:190} INFO - [2026-07-01T13:26:50.598+0000] {dag.py:4180} INFO - Setting next_dagrun for urban_data_pipeline to 2026-07-01 00:00:00+00:00, run_after=2026-08-01 00:00:00+00:00
[2026-07-01T13:26:50.620+0000] {processor.py:208} INFO - Processing /opt/airflow/dags/urban_data_pipeline_dag.py took 0.407 seconds
[2026-07-01T13:27:21.648+0000] {processor.py:186} INFO - Started process (PID=1520) to work on /opt/airflow/dags/urban_data_pipeline_dag.py
[2026-07-01T13:27:21.650+0000] {processor.py:914} INFO - Processing file /opt/airflow/dags/urban_data_pipeline_dag.py for tasks to queue
[2026-07-01T13:27:21.655+0000] {logging_mixin.py:190} INFO - [2026-07-01T13:27:21.655+0000] {dagbag.py:588} INFO - Filling up the DagBag from /opt/airflow/dags/urban_data_pipeline_dag.py
[2026-07-01T13:27:21.983+0000] {processor.py:925} INFO - DAG(s) 'urban_data_pipeline' retrieved from /opt/airflow/dags/urban_data_pipeline_dag.py
[2026-07-01T13:27:22.024+0000] {logging_mixin.py:190} INFO - [2026-07-01T13:27:22.023+0000] {dag.py:3239} INFO - Sync 1 DAGs
[2026-07-01T13:27:22.046+0000] {logging_mixin.py:190} INFO - [2026-07-01T13:27:22.046+0000] {dag.py:4180} INFO - Setting next_dagrun for urban_data_pipeline to 2026-07-01 00:00:00+00:00, run_after=2026-08-01 00:00:00+00:00
[2026-07-01T13:27:22.082+0000] {processor.py:208} INFO - Processing /opt/airflow/dags/urban_data_pipeline_dag.py took 0.448 seconds
[2026-07-01T13:27:53.082+0000] {processor.py:186} INFO - Started process (PID=1538) to work on /opt/airflow/dags/urban_data_pipeline_dag.py
[2026-07-01T13:27:53.085+0000] {processor.py:914} INFO - Processing file /opt/airflow/dags/urban_data_pipeline_dag.py for tasks to queue
[2026-07-01T13:27:53.093+0000] {logging_mixin.py:190} INFO - [2026-07-01T13:27:53.092+0000] {dagbag.py:588} INFO - Filling up the DagBag from /opt/airflow/dags/urban_data_pipeline_dag.py
[2026-07-01T13:27:53.312+0000] {processor.py:925} INFO - DAG(s) 'urban_data_pipeline' retrieved from /opt/airflow/dags/urban_data_pipeline_dag.py
[2026-07-01T13:27:53.352+0000] {logging_mixin.py:190} INFO - [2026-07-01T13:27:53.352+0000] {dag.py:3239} INFO - Sync 1 DAGs
[2026-07-01T13:27:53.376+0000] {logging_mixin.py:190} INFO - [2026-07-01T13:27:53.376+0000] {dag.py:4180} INFO - Setting next_dagrun for urban_data_pipeline to 2026-07-01 00:00:00+00:00, run_after=2026-08-01 00:00:00+00:00
[2026-07-01T13:27:53.411+0000] {processor.py:208} INFO - Processing /opt/airflow/dags/urban_data_pipeline_dag.py took 0.354 seconds
[2026-07-01T13:28:23.950+0000] {processor.py:186} INFO - Started process (PID=1556) to work on /opt/airflow/dags/urban_data_pipeline_dag.py
[2026-07-01T13:28:23.953+0000] {processor.py:914} INFO - Processing file /opt/airflow/dags/urban_data_pipeline_dag.py for tasks to queue
[2026-07-01T13:28:23.960+0000] {logging_mixin.py:190} INFO - [2026-07-01T13:28:23.959+0000] {dagbag.py:588} INFO - Filling up the DagBag from /opt/airflow/dags/urban_data_pipeline_dag.py
[2026-07-01T13:28:24.119+0000] {processor.py:925} INFO - DAG(s) 'urban_data_pipeline' retrieved from /opt/airflow/dags/urban_data_pipeline_dag.py
[2026-07-01T13:28:24.162+0000] {logging_mixin.py:190} INFO - [2026-07-01T13:28:24.162+0000] {dag.py:3239} INFO - Sync 1 DAGs
[2026-07-01T13:28:24.185+0000] {logging_mixin.py:190} INFO - [2026-07-01T13:28:24.184+0000] {dag.py:4180} INFO - Setting next_dagrun for urban_data_pipeline to 2026-07-01 00:00:00+00:00, run_after=2026-08-01 00:00:00+00:00
[2026-07-01T13:28:24.207+0000] {processor.py:208} INFO - Processing /opt/airflow/dags/urban_data_pipeline_dag.py took 0.292 seconds
[2026-07-01T13:28:54.909+0000] {processor.py:186} INFO - Started process (PID=1574) to work on /opt/airflow/dags/urban_data_pipeline_dag.py
[2026-07-01T13:28:55.000+0000] {processor.py:914} INFO - Processing file /opt/airflow/dags/urban_data_pipeline_dag.py for tasks to queue
[2026-07-01T13:28:55.013+0000] {logging_mixin.py:190} INFO - [2026-07-01T13:28:55.012+0000] {dagbag.py:588} INFO - Filling up the DagBag from /opt/airflow/dags/urban_data_pipeline_dag.py
[2026-07-01T13:28:55.471+0000] {processor.py:925} INFO - DAG(s) 'urban_data_pipeline' retrieved from /opt/airflow/dags/urban_data_pipeline_dag.py
[2026-07-01T13:28:55.516+0000] {logging_mixin.py:190} INFO - [2026-07-01T13:28:55.516+0000] {dag.py:3239} INFO - Sync 1 DAGs
[2026-07-01T13:28:55.539+0000] {logging_mixin.py:190} INFO - [2026-07-01T13:28:55.539+0000] {dag.py:4180} INFO - Setting next_dagrun for urban_data_pipeline to 2026-07-01 00:00:00+00:00, run_after=2026-08-01 00:00:00+00:00
[2026-07-01T13:28:55.558+0000] {processor.py:208} INFO - Processing /opt/airflow/dags/urban_data_pipeline_dag.py took 0.655 seconds
[2026-07-01T13:29:25.630+0000] {processor.py:186} INFO - Started process (PID=1592) to work on /opt/airflow/dags/urban_data_pipeline_dag.py
[2026-07-01T13:29:25.631+0000] {processor.py:914} INFO - Processing file /opt/airflow/dags/urban_data_pipeline_dag.py for tasks to queue
[2026-07-01T13:29:25.634+0000] {logging_mixin.py:190} INFO - [2026-07-01T13:29:25.634+0000] {dagbag.py:588} INFO - Filling up the DagBag from /opt/airflow/dags/urban_data_pipeline_dag.py
[2026-07-01T13:29:25.761+0000] {processor.py:925} INFO - DAG(s) 'urban_data_pipeline' retrieved from /opt/airflow/dags/urban_data_pipeline_dag.py
[2026-07-01T13:29:25.806+0000] {logging_mixin.py:190} INFO - [2026-07-01T13:29:25.806+0000] {dag.py:3239} INFO - Sync 1 DAGs
[2026-07-01T13:29:25.837+0000] {logging_mixin.py:190} INFO - [2026-07-01T13:29:25.837+0000] {dag.py:4180} INFO - Setting next_dagrun for urban_data_pipeline to 2026-07-01 00:00:00+00:00, run_after=2026-08-01 00:00:00+00:00
[2026-07-01T13:29:25.858+0000] {processor.py:208} INFO - Processing /opt/airflow/dags/urban_data_pipeline_dag.py took 0.234 seconds
[2026-07-01T13:29:56.026+0000] {processor.py:186} INFO - Started process (PID=1611) to work on /opt/airflow/dags/urban_data_pipeline_dag.py
[2026-07-01T13:29:56.027+0000] {processor.py:914} INFO - Processing file /opt/airflow/dags/urban_data_pipeline_dag.py for tasks to queue
[2026-07-01T13:29:56.031+0000] {logging_mixin.py:190} INFO - [2026-07-01T13:29:56.030+0000] {dagbag.py:588} INFO - Filling up the DagBag from /opt/airflow/dags/urban_data_pipeline_dag.py
[2026-07-01T13:29:56.162+0000] {processor.py:925} INFO - DAG(s) 'urban_data_pipeline' retrieved from /opt/airflow/dags/urban_data_pipeline_dag.py
[2026-07-01T13:29:56.217+0000] {logging_mixin.py:190} INFO - [2026-07-01T13:29:56.216+0000] {dag.py:3239} INFO - Sync 1 DAGs
[2026-07-01T13:29:56.254+0000] {logging_mixin.py:190} INFO - [2026-07-01T13:29:56.253+0000] {dag.py:4180} INFO - Setting next_dagrun for urban_data_pipeline to 2026-07-01 00:00:00+00:00, run_after=2026-08-01 00:00:00+00:00
[2026-07-01T13:29:56.295+0000] {processor.py:208} INFO - Processing /opt/airflow/dags/urban_data_pipeline_dag.py took 0.276 seconds
[2026-07-01T13:30:26.676+0000] {processor.py:186} INFO - Started process (PID=1629) to work on /opt/airflow/dags/urban_data_pipeline_dag.py
[2026-07-01T13:30:26.680+0000] {processor.py:914} INFO - Processing file /opt/airflow/dags/urban_data_pipeline_dag.py for tasks to queue
[2026-07-01T13:30:26.696+0000] {logging_mixin.py:190} INFO - [2026-07-01T13:30:26.694+0000] {dagbag.py:588} INFO - Filling up the DagBag from /opt/airflow/dags/urban_data_pipeline_dag.py
[2026-07-01T13:30:26.853+0000] {processor.py:925} INFO - DAG(s) 'urban_data_pipeline' retrieved from /opt/airflow/dags/urban_data_pipeline_dag.py
[2026-07-01T13:30:26.900+0000] {logging_mixin.py:190} INFO - [2026-07-01T13:30:26.900+0000] {dag.py:3239} INFO - Sync 1 DAGs
[2026-07-01T13:30:26.923+0000] {logging_mixin.py:190} INFO - [2026-07-01T13:30:26.923+0000] {dag.py:4180} INFO - Setting next_dagrun for urban_data_pipeline to 2026-07-01 00:00:00+00:00, run_after=2026-08-01 00:00:00+00:00
[2026-07-01T13:30:26.945+0000] {processor.py:208} INFO - Processing /opt/airflow/dags/urban_data_pipeline_dag.py took 0.297 seconds
[2026-07-01T13:30:57.496+0000] {processor.py:186} INFO - Started process (PID=1647) to work on /opt/airflow/dags/urban_data_pipeline_dag.py
[2026-07-01T13:30:57.499+0000] {processor.py:914} INFO - Processing file /opt/airflow/dags/urban_data_pipeline_dag.py for tasks to queue
[2026-07-01T13:30:57.502+0000] {logging_mixin.py:190} INFO - [2026-07-01T13:30:57.502+0000] {dagbag.py:588} INFO - Filling up the DagBag from /opt/airflow/dags/urban_data_pipeline_dag.py
[2026-07-01T13:30:57.848+0000] {processor.py:925} INFO - DAG(s) 'urban_data_pipeline' retrieved from /opt/airflow/dags/urban_data_pipeline_dag.py
[2026-07-01T13:30:57.894+0000] {logging_mixin.py:190} INFO - [2026-07-01T13:30:57.894+0000] {dag.py:3239} INFO - Sync 1 DAGs
[2026-07-01T13:30:57.920+0000] {logging_mixin.py:190} INFO - [2026-07-01T13:30:57.920+0000] {dag.py:4180} INFO - Setting next_dagrun for urban_data_pipeline to 2026-07-01 00:00:00+00:00, run_after=2026-08-01 00:00:00+00:00
[2026-07-01T13:30:57.952+0000] {processor.py:208} INFO - Processing /opt/airflow/dags/urban_data_pipeline_dag.py took 0.464 seconds
[2026-07-01T13:31:28.909+0000] {processor.py:186} INFO - Started process (PID=1665) to work on /opt/airflow/dags/urban_data_pipeline_dag.py
[2026-07-01T13:31:28.911+0000] {processor.py:914} INFO - Processing file /opt/airflow/dags/urban_data_pipeline_dag.py for tasks to queue
[2026-07-01T13:31:28.915+0000] {logging_mixin.py:190} INFO - [2026-07-01T13:31:28.915+0000] {dagbag.py:588} INFO - Filling up the DagBag from /opt/airflow/dags/urban_data_pipeline_dag.py
[2026-07-01T13:31:29.079+0000] {processor.py:925} INFO - DAG(s) 'urban_data_pipeline' retrieved from /opt/airflow/dags/urban_data_pipeline_dag.py
[2026-07-01T13:31:29.130+0000] {logging_mixin.py:190} INFO - [2026-07-01T13:31:29.130+0000] {dag.py:3239} INFO - Sync 1 DAGs
[2026-07-01T13:31:29.153+0000] {logging_mixin.py:190} INFO - [2026-07-01T13:31:29.153+0000] {dag.py:4180} INFO - Setting next_dagrun for urban_data_pipeline to 2026-07-01 00:00:00+00:00, run_after=2026-08-01 00:00:00+00:00
[2026-07-01T13:31:29.178+0000] {processor.py:208} INFO - Processing /opt/airflow/dags/urban_data_pipeline_dag.py took 0.278 seconds
[2026-07-01T13:31:59.770+0000] {processor.py:186} INFO - Started process (PID=1683) to work on /opt/airflow/dags/urban_data_pipeline_dag.py
[2026-07-01T13:31:59.773+0000] {processor.py:914} INFO - Processing file /opt/airflow/dags/urban_data_pipeline_dag.py for tasks to queue
[2026-07-01T13:31:59.778+0000] {logging_mixin.py:190} INFO - [2026-07-01T13:31:59.777+0000] {dagbag.py:588} INFO - Filling up the DagBag from /opt/airflow/dags/urban_data_pipeline_dag.py
[2026-07-01T13:32:00.043+0000] {processor.py:925} INFO - DAG(s) 'urban_data_pipeline' retrieved from /opt/airflow/dags/urban_data_pipeline_dag.py
[2026-07-01T13:32:00.092+0000] {logging_mixin.py:190} INFO - [2026-07-01T13:32:00.091+0000] {dag.py:3239} INFO - Sync 1 DAGs
[2026-07-01T13:32:00.114+0000] {logging_mixin.py:190} INFO - [2026-07-01T13:32:00.114+0000] {dag.py:4180} INFO - Setting next_dagrun for urban_data_pipeline to 2026-07-01 00:00:00+00:00, run_after=2026-08-01 00:00:00+00:00
[2026-07-01T13:32:00.138+0000] {processor.py:208} INFO - Processing /opt/airflow/dags/urban_data_pipeline_dag.py took 0.395 seconds
[2026-07-01T13:32:30.497+0000] {processor.py:186} INFO - Started process (PID=1701) to work on /opt/airflow/dags/urban_data_pipeline_dag.py
[2026-07-01T13:32:30.501+0000] {processor.py:914} INFO - Processing file /opt/airflow/dags/urban_data_pipeline_dag.py for tasks to queue
[2026-07-01T13:32:30.505+0000] {logging_mixin.py:190} INFO - [2026-07-01T13:32:30.505+0000] {dagbag.py:588} INFO - Filling up the DagBag from /opt/airflow/dags/urban_data_pipeline_dag.py
[2026-07-01T13:32:30.697+0000] {processor.py:925} INFO - DAG(s) 'urban_data_pipeline' retrieved from /opt/airflow/dags/urban_data_pipeline_dag.py
[2026-07-01T13:32:30.740+0000] {logging_mixin.py:190} INFO - [2026-07-01T13:32:30.740+0000] {dag.py:3239} INFO - Sync 1 DAGs
[2026-07-01T13:32:30.763+0000] {logging_mixin.py:190} INFO - [2026-07-01T13:32:30.763+0000] {dag.py:4180} INFO - Setting next_dagrun for urban_data_pipeline to 2026-07-01 00:00:00+00:00, run_after=2026-08-01 00:00:00+00:00
[2026-07-01T13:32:30.791+0000] {processor.py:208} INFO - Processing /opt/airflow/dags/urban_data_pipeline_dag.py took 0.318 seconds
[2026-07-01T13:33:01.188+0000] {processor.py:186} INFO - Started process (PID=1718) to work on /opt/airflow/dags/urban_data_pipeline_dag.py
[2026-07-01T13:33:01.190+0000] {processor.py:914} INFO - Processing file /opt/airflow/dags/urban_data_pipeline_dag.py for tasks to queue
[2026-07-01T13:33:01.194+0000] {logging_mixin.py:190} INFO - [2026-07-01T13:33:01.193+0000] {dagbag.py:588} INFO - Filling up the DagBag from /opt/airflow/dags/urban_data_pipeline_dag.py
[2026-07-01T13:33:01.532+0000] {processor.py:925} INFO - DAG(s) 'urban_data_pipeline' retrieved from /opt/airflow/dags/urban_data_pipeline_dag.py
[2026-07-01T13:33:01.597+0000] {logging_mixin.py:190} INFO - [2026-07-01T13:33:01.596+0000] {dag.py:3239} INFO - Sync 1 DAGs
[2026-07-01T13:33:01.630+0000] {logging_mixin.py:190} INFO - [2026-07-01T13:33:01.630+0000] {dag.py:4180} INFO - Setting next_dagrun for urban_data_pipeline to 2026-07-01 00:00:00+00:00, run_after=2026-08-01 00:00:00+00:00
[2026-07-01T13:33:01.659+0000] {processor.py:208} INFO - Processing /opt/airflow/dags/urban_data_pipeline_dag.py took 0.476 seconds
[2026-07-01T13:33:31.973+0000] {processor.py:186} INFO - Started process (PID=1729) to work on /opt/airflow/dags/urban_data_pipeline_dag.py
[2026-07-01T13:33:31.975+0000] {processor.py:914} INFO - Processing file /opt/airflow/dags/urban_data_pipeline_dag.py for tasks to queue
[2026-07-01T13:33:31.978+0000] {logging_mixin.py:190} INFO - [2026-07-01T13:33:31.977+0000] {dagbag.py:588} INFO - Filling up the DagBag from /opt/airflow/dags/urban_data_pipeline_dag.py
[2026-07-01T13:33:32.134+0000] {processor.py:925} INFO - DAG(s) 'urban_data_pipeline' retrieved from /opt/airflow/dags/urban_data_pipeline_dag.py
[2026-07-01T13:33:32.177+0000] {logging_mixin.py:190} INFO - [2026-07-01T13:33:32.177+0000] {dag.py:3239} INFO - Sync 1 DAGs
[2026-07-01T13:33:32.201+0000] {logging_mixin.py:190} INFO - [2026-07-01T13:33:32.200+0000] {dag.py:4180} INFO - Setting next_dagrun for urban_data_pipeline to 2026-07-01 00:00:00+00:00, run_after=2026-08-01 00:00:00+00:00
[2026-07-01T13:33:32.223+0000] {processor.py:208} INFO - Processing /opt/airflow/dags/urban_data_pipeline_dag.py took 0.262 seconds
[2026-07-01T13:34:02.956+0000] {processor.py:186} INFO - Started process (PID=1747) to work on /opt/airflow/dags/urban_data_pipeline_dag.py
[2026-07-01T13:34:02.959+0000] {processor.py:914} INFO - Processing file /opt/airflow/dags/urban_data_pipeline_dag.py for tasks to queue
[2026-07-01T13:34:02.964+0000] {logging_mixin.py:190} INFO - [2026-07-01T13:34:02.963+0000] {dagbag.py:588} INFO - Filling up the DagBag from /opt/airflow/dags/urban_data_pipeline_dag.py
[2026-07-01T13:34:03.463+0000] {processor.py:925} INFO - DAG(s) 'urban_data_pipeline' retrieved from /opt/airflow/dags/urban_data_pipeline_dag.py
[2026-07-01T13:34:03.548+0000] {logging_mixin.py:190} INFO - [2026-07-01T13:34:03.547+0000] {dag.py:3239} INFO - Sync 1 DAGs
[2026-07-01T13:34:03.571+0000] {logging_mixin.py:190} INFO - [2026-07-01T13:34:03.571+0000] {dag.py:4180} INFO - Setting next_dagrun for urban_data_pipeline to 2026-07-01 00:00:00+00:00, run_after=2026-08-01 00:00:00+00:00
[2026-07-01T13:34:03.593+0000] {processor.py:208} INFO - Processing /opt/airflow/dags/urban_data_pipeline_dag.py took 0.649 seconds
[2026-07-01T13:34:34.387+0000] {processor.py:186} INFO - Started process (PID=1765) to work on /opt/airflow/dags/urban_data_pipeline_dag.py
[2026-07-01T13:34:34.389+0000] {processor.py:914} INFO - Processing file /opt/airflow/dags/urban_data_pipeline_dag.py for tasks to queue
[2026-07-01T13:34:34.393+0000] {logging_mixin.py:190} INFO - [2026-07-01T13:34:34.392+0000] {dagbag.py:588} INFO - Filling up the DagBag from /opt/airflow/dags/urban_data_pipeline_dag.py
[2026-07-01T13:34:34.530+0000] {processor.py:925} INFO - DAG(s) 'urban_data_pipeline' retrieved from /opt/airflow/dags/urban_data_pipeline_dag.py
[2026-07-01T13:34:34.577+0000] {logging_mixin.py:190} INFO - [2026-07-01T13:34:34.577+0000] {dag.py:3239} INFO - Sync 1 DAGs
[2026-07-01T13:34:34.600+0000] {logging_mixin.py:190} INFO - [2026-07-01T13:34:34.599+0000] {dag.py:4180} INFO - Setting next_dagrun for urban_data_pipeline to 2026-07-01 00:00:00+00:00, run_after=2026-08-01 00:00:00+00:00
[2026-07-01T13:34:34.623+0000] {processor.py:208} INFO - Processing /opt/airflow/dags/urban_data_pipeline_dag.py took 0.246 seconds
[2026-07-01T13:35:05.242+0000] {processor.py:186} INFO - Started process (PID=1783) to work on /opt/airflow/dags/urban_data_pipeline_dag.py
[2026-07-01T13:35:05.244+0000] {processor.py:914} INFO - Processing file /opt/airflow/dags/urban_data_pipeline_dag.py for tasks to queue
[2026-07-01T13:35:05.246+0000] {logging_mixin.py:190} INFO - [2026-07-01T13:35:05.246+0000] {dagbag.py:588} INFO - Filling up the DagBag from /opt/airflow/dags/urban_data_pipeline_dag.py
[2026-07-01T13:35:05.416+0000] {processor.py:925} INFO - DAG(s) 'urban_data_pipeline' retrieved from /opt/airflow/dags/urban_data_pipeline_dag.py
[2026-07-01T13:35:05.473+0000] {logging_mixin.py:190} INFO - [2026-07-01T13:35:05.473+0000] {dag.py:3239} INFO - Sync 1 DAGs
[2026-07-01T13:35:05.496+0000] {logging_mixin.py:190} INFO - [2026-07-01T13:35:05.496+0000] {dag.py:4180} INFO - Setting next_dagrun for urban_data_pipeline to 2026-07-01 00:00:00+00:00, run_after=2026-08-01 00:00:00+00:00
[2026-07-01T13:35:05.548+0000] {processor.py:208} INFO - Processing /opt/airflow/dags/urban_data_pipeline_dag.py took 0.315 seconds
[2026-07-01T13:35:35.942+0000] {processor.py:186} INFO - Started process (PID=1801) to work on /opt/airflow/dags/urban_data_pipeline_dag.py
[2026-07-01T13:35:35.943+0000] {processor.py:914} INFO - Processing file /opt/airflow/dags/urban_data_pipeline_dag.py for tasks to queue
[2026-07-01T13:35:35.946+0000] {logging_mixin.py:190} INFO - [2026-07-01T13:35:35.946+0000] {dagbag.py:588} INFO - Filling up the DagBag from /opt/airflow/dags/urban_data_pipeline_dag.py
[2026-07-01T13:35:36.057+0000] {processor.py:925} INFO - DAG(s) 'urban_data_pipeline' retrieved from /opt/airflow/dags/urban_data_pipeline_dag.py
[2026-07-01T13:35:36.101+0000] {logging_mixin.py:190} INFO - [2026-07-01T13:35:36.101+0000] {dag.py:3239} INFO - Sync 1 DAGs
[2026-07-01T13:35:36.124+0000] {logging_mixin.py:190} INFO - [2026-07-01T13:35:36.124+0000] {dag.py:4180} INFO - Setting next_dagrun for urban_data_pipeline to 2026-07-01 00:00:00+00:00, run_after=2026-08-01 00:00:00+00:00
[2026-07-01T13:35:36.144+0000] {processor.py:208} INFO - Processing /opt/airflow/dags/urban_data_pipeline_dag.py took 0.208 seconds
[2026-07-01T13:36:06.716+0000] {processor.py:186} INFO - Started process (PID=1819) to work on /opt/airflow/dags/urban_data_pipeline_dag.py
[2026-07-01T13:36:06.718+0000] {processor.py:914} INFO - Processing file /opt/airflow/dags/urban_data_pipeline_dag.py for tasks to queue
[2026-07-01T13:36:06.720+0000] {logging_mixin.py:190} INFO - [2026-07-01T13:36:06.720+0000] {dagbag.py:588} INFO - Filling up the DagBag from /opt/airflow/dags/urban_data_pipeline_dag.py
[2026-07-01T13:36:06.837+0000] {processor.py:925} INFO - DAG(s) 'urban_data_pipeline' retrieved from /opt/airflow/dags/urban_data_pipeline_dag.py
[2026-07-01T13:36:06.893+0000] {logging_mixin.py:190} INFO - [2026-07-01T13:36:06.892+0000] {dag.py:3239} INFO - Sync 1 DAGs
[2026-07-01T13:36:06.921+0000] {logging_mixin.py:190} INFO - [2026-07-01T13:36:06.920+0000] {dag.py:4180} INFO - Setting next_dagrun for urban_data_pipeline to 2026-07-01 00:00:00+00:00, run_after=2026-08-01 00:00:00+00:00
[2026-07-01T13:36:06.950+0000] {processor.py:208} INFO - Processing /opt/airflow/dags/urban_data_pipeline_dag.py took 0.241 seconds
[2026-07-01T13:36:37.429+0000] {processor.py:186} INFO - Started process (PID=1837) to work on /opt/airflow/dags/urban_data_pipeline_dag.py
[2026-07-01T13:36:37.431+0000] {processor.py:914} INFO - Processing file /opt/airflow/dags/urban_data_pipeline_dag.py for tasks to queue
[2026-07-01T13:36:37.437+0000] {logging_mixin.py:190} INFO - [2026-07-01T13:36:37.437+0000] {dagbag.py:588} INFO - Filling up the DagBag from /opt/airflow/dags/urban_data_pipeline_dag.py
[2026-07-01T13:36:37.592+0000] {processor.py:925} INFO - DAG(s) 'urban_data_pipeline' retrieved from /opt/airflow/dags/urban_data_pipeline_dag.py
[2026-07-01T13:36:37.662+0000] {logging_mixin.py:190} INFO - [2026-07-01T13:36:37.662+0000] {dag.py:3239} INFO - Sync 1 DAGs
[2026-07-01T13:36:37.693+0000] {logging_mixin.py:190} INFO - [2026-07-01T13:36:37.693+0000] {dag.py:4180} INFO - Setting next_dagrun for urban_data_pipeline to 2026-07-01 00:00:00+00:00, run_after=2026-08-01 00:00:00+00:00
[2026-07-01T13:36:37.719+0000] {processor.py:208} INFO - Processing /opt/airflow/dags/urban_data_pipeline_dag.py took 0.300 seconds
[2026-07-01T13:37:08.281+0000] {processor.py:186} INFO - Started process (PID=1855) to work on /opt/airflow/dags/urban_data_pipeline_dag.py
[2026-07-01T13:37:08.282+0000] {processor.py:914} INFO - Processing file /opt/airflow/dags/urban_data_pipeline_dag.py for tasks to queue
[2026-07-01T13:37:08.285+0000] {logging_mixin.py:190} INFO - [2026-07-01T13:37:08.285+0000] {dagbag.py:588} INFO - Filling up the DagBag from /opt/airflow/dags/urban_data_pipeline_dag.py
[2026-07-01T13:37:08.565+0000] {processor.py:925} INFO - DAG(s) 'urban_data_pipeline' retrieved from /opt/airflow/dags/urban_data_pipeline_dag.py
[2026-07-01T13:37:08.616+0000] {logging_mixin.py:190} INFO - [2026-07-01T13:37:08.616+0000] {dag.py:3239} INFO - Sync 1 DAGs
[2026-07-01T13:37:08.639+0000] {logging_mixin.py:190} INFO - [2026-07-01T13:37:08.639+0000] {dag.py:4180} INFO - Setting next_dagrun for urban_data_pipeline to 2026-07-01 00:00:00+00:00, run_after=2026-08-01 00:00:00+00:00
[2026-07-01T13:37:08.665+0000] {processor.py:208} INFO - Processing /opt/airflow/dags/urban_data_pipeline_dag.py took 0.395 seconds
[2026-07-01T13:37:39.311+0000] {processor.py:186} INFO - Started process (PID=1873) to work on /opt/airflow/dags/urban_data_pipeline_dag.py
[2026-07-01T13:37:39.314+0000] {processor.py:914} INFO - Processing file /opt/airflow/dags/urban_data_pipeline_dag.py for tasks to queue
[2026-07-01T13:37:39.321+0000] {logging_mixin.py:190} INFO - [2026-07-01T13:37:39.320+0000] {dagbag.py:588} INFO - Filling up the DagBag from /opt/airflow/dags/urban_data_pipeline_dag.py
[2026-07-01T13:37:39.467+0000] {processor.py:925} INFO - DAG(s) 'urban_data_pipeline' retrieved from /opt/airflow/dags/urban_data_pipeline_dag.py
[2026-07-01T13:37:39.553+0000] {logging_mixin.py:190} INFO - [2026-07-01T13:37:39.553+0000] {dag.py:3239} INFO - Sync 1 DAGs
[2026-07-01T13:37:39.592+0000] {logging_mixin.py:190} INFO - [2026-07-01T13:37:39.591+0000] {dag.py:4180} INFO - Setting next_dagrun for urban_data_pipeline to 2026-07-01 00:00:00+00:00, run_after=2026-08-01 00:00:00+00:00
[2026-07-01T13:37:39.628+0000] {processor.py:208} INFO - Processing /opt/airflow/dags/urban_data_pipeline_dag.py took 0.327 seconds
[2026-07-01T13:38:10.283+0000] {processor.py:186} INFO - Started process (PID=1891) to work on /opt/airflow/dags/urban_data_pipeline_dag.py
[2026-07-01T13:38:10.284+0000] {processor.py:914} INFO - Processing file /opt/airflow/dags/urban_data_pipeline_dag.py for tasks to queue
[2026-07-01T13:38:10.287+0000] {logging_mixin.py:190} INFO - [2026-07-01T13:38:10.286+0000] {dagbag.py:588} INFO - Filling up the DagBag from /opt/airflow/dags/urban_data_pipeline_dag.py
[2026-07-01T13:38:10.449+0000] {processor.py:925} INFO - DAG(s) 'urban_data_pipeline' retrieved from /opt/airflow/dags/urban_data_pipeline_dag.py
[2026-07-01T13:38:10.496+0000] {logging_mixin.py:190} INFO - [2026-07-01T13:38:10.496+0000] {dag.py:3239} INFO - Sync 1 DAGs
[2026-07-01T13:38:10.521+0000] {logging_mixin.py:190} INFO - [2026-07-01T13:38:10.521+0000] {dag.py:4180} INFO - Setting next_dagrun for urban_data_pipeline to 2026-07-01 00:00:00+00:00, run_after=2026-08-01 00:00:00+00:00
[2026-07-01T13:38:10.547+0000] {processor.py:208} INFO - Processing /opt/airflow/dags/urban_data_pipeline_dag.py took 0.270 seconds
[2026-07-01T13:38:40.918+0000] {processor.py:186} INFO - Started process (PID=1909) to work on /opt/airflow/dags/urban_data_pipeline_dag.py
[2026-07-01T13:38:40.919+0000] {processor.py:914} INFO - Processing file /opt/airflow/dags/urban_data_pipeline_dag.py for tasks to queue
[2026-07-01T13:38:40.922+0000] {logging_mixin.py:190} INFO - [2026-07-01T13:38:40.922+0000] {dagbag.py:588} INFO - Filling up the DagBag from /opt/airflow/dags/urban_data_pipeline_dag.py
[2026-07-01T13:38:41.039+0000] {processor.py:925} INFO - DAG(s) 'urban_data_pipeline' retrieved from /opt/airflow/dags/urban_data_pipeline_dag.py
[2026-07-01T13:38:41.089+0000] {logging_mixin.py:190} INFO - [2026-07-01T13:38:41.089+0000] {dag.py:3239} INFO - Sync 1 DAGs
[2026-07-01T13:38:41.114+0000] {logging_mixin.py:190} INFO - [2026-07-01T13:38:41.113+0000] {dag.py:4180} INFO - Setting next_dagrun for urban_data_pipeline to 2026-07-01 00:00:00+00:00, run_after=2026-08-01 00:00:00+00:00
[2026-07-01T13:38:41.153+0000] {processor.py:208} INFO - Processing /opt/airflow/dags/urban_data_pipeline_dag.py took 0.245 seconds
[2026-07-01T13:39:11.804+0000] {processor.py:186} INFO - Started process (PID=1927) to work on /opt/airflow/dags/urban_data_pipeline_dag.py
[2026-07-01T13:39:11.807+0000] {processor.py:914} INFO - Processing file /opt/airflow/dags/urban_data_pipeline_dag.py for tasks to queue
[2026-07-01T13:39:11.812+0000] {logging_mixin.py:190} INFO - [2026-07-01T13:39:11.811+0000] {dagbag.py:588} INFO - Filling up the DagBag from /opt/airflow/dags/urban_data_pipeline_dag.py
[2026-07-01T13:39:12.225+0000] {processor.py:925} INFO - DAG(s) 'urban_data_pipeline' retrieved from /opt/airflow/dags/urban_data_pipeline_dag.py
[2026-07-01T13:39:12.295+0000] {logging_mixin.py:190} INFO - [2026-07-01T13:39:12.295+0000] {dag.py:3239} INFO - Sync 1 DAGs
[2026-07-01T13:39:12.318+0000] {logging_mixin.py:190} INFO - [2026-07-01T13:39:12.318+0000] {dag.py:4180} INFO - Setting next_dagrun for urban_data_pipeline to 2026-07-01 00:00:00+00:00, run_after=2026-08-01 00:00:00+00:00
[2026-07-01T13:39:12.341+0000] {processor.py:208} INFO - Processing /opt/airflow/dags/urban_data_pipeline_dag.py took 0.545 seconds
[2026-07-01T13:39:43.019+0000] {processor.py:186} INFO - Started process (PID=1944) to work on /opt/airflow/dags/urban_data_pipeline_dag.py
[2026-07-01T13:39:43.021+0000] {processor.py:914} INFO - Processing file /opt/airflow/dags/urban_data_pipeline_dag.py for tasks to queue
[2026-07-01T13:39:43.024+0000] {logging_mixin.py:190} INFO - [2026-07-01T13:39:43.023+0000] {dagbag.py:588} INFO - Filling up the DagBag from /opt/airflow/dags/urban_data_pipeline_dag.py
[2026-07-01T13:39:43.139+0000] {processor.py:925} INFO - DAG(s) 'urban_data_pipeline' retrieved from /opt/airflow/dags/urban_data_pipeline_dag.py
[2026-07-01T13:39:43.190+0000] {logging_mixin.py:190} INFO - [2026-07-01T13:39:43.190+0000] {dag.py:3239} INFO - Sync 1 DAGs
[2026-07-01T13:39:43.215+0000] {logging_mixin.py:190} INFO - [2026-07-01T13:39:43.215+0000] {dag.py:4180} INFO - Setting next_dagrun for urban_data_pipeline to 2026-07-01 00:00:00+00:00, run_after=2026-08-01 00:00:00+00:00
[2026-07-01T13:39:43.241+0000] {processor.py:208} INFO - Processing /opt/airflow/dags/urban_data_pipeline_dag.py took 0.228 seconds
[2026-07-01T13:40:13.932+0000] {processor.py:186} INFO - Started process (PID=1955) to work on /opt/airflow/dags/urban_data_pipeline_dag.py
[2026-07-01T13:40:13.935+0000] {processor.py:914} INFO - Processing file /opt/airflow/dags/urban_data_pipeline_dag.py for tasks to queue
[2026-07-01T13:40:13.940+0000] {logging_mixin.py:190} INFO - [2026-07-01T13:40:13.940+0000] {dagbag.py:588} INFO - Filling up the DagBag from /opt/airflow/dags/urban_data_pipeline_dag.py
[2026-07-01T13:40:14.385+0000] {processor.py:925} INFO - DAG(s) 'urban_data_pipeline' retrieved from /opt/airflow/dags/urban_data_pipeline_dag.py
[2026-07-01T13:40:14.438+0000] {logging_mixin.py:190} INFO - [2026-07-01T13:40:14.438+0000] {dag.py:3239} INFO - Sync 1 DAGs
[2026-07-01T13:40:14.463+0000] {logging_mixin.py:190} INFO - [2026-07-01T13:40:14.463+0000] {dag.py:4180} INFO - Setting next_dagrun for urban_data_pipeline to 2026-07-01 00:00:00+00:00, run_after=2026-08-01 00:00:00+00:00
[2026-07-01T13:40:14.558+0000] {processor.py:208} INFO - Processing /opt/airflow/dags/urban_data_pipeline_dag.py took 0.639 seconds
[2026-07-01T13:40:45.169+0000] {processor.py:186} INFO - Started process (PID=1973) to work on /opt/airflow/dags/urban_data_pipeline_dag.py
[2026-07-01T13:40:45.171+0000] {processor.py:914} INFO - Processing file /opt/airflow/dags/urban_data_pipeline_dag.py for tasks to queue
[2026-07-01T13:40:45.178+0000] {logging_mixin.py:190} INFO - [2026-07-01T13:40:45.177+0000] {dagbag.py:588} INFO - Filling up the DagBag from /opt/airflow/dags/urban_data_pipeline_dag.py
[2026-07-01T13:40:45.414+0000] {processor.py:925} INFO - DAG(s) 'urban_data_pipeline' retrieved from /opt/airflow/dags/urban_data_pipeline_dag.py
[2026-07-01T13:40:45.457+0000] {logging_mixin.py:190} INFO - [2026-07-01T13:40:45.457+0000] {dag.py:3239} INFO - Sync 1 DAGs
[2026-07-01T13:40:45.482+0000] {logging_mixin.py:190} INFO - [2026-07-01T13:40:45.482+0000] {dag.py:4180} INFO - Setting next_dagrun for urban_data_pipeline to 2026-07-01 00:00:00+00:00, run_after=2026-08-01 00:00:00+00:00
[2026-07-01T13:40:45.505+0000] {processor.py:208} INFO - Processing /opt/airflow/dags/urban_data_pipeline_dag.py took 0.350 seconds
[2026-07-01T13:41:16.020+0000] {processor.py:186} INFO - Started process (PID=1991) to work on /opt/airflow/dags/urban_data_pipeline_dag.py
[2026-07-01T13:41:16.023+0000] {processor.py:914} INFO - Processing file /opt/airflow/dags/urban_data_pipeline_dag.py for tasks to queue
[2026-07-01T13:41:16.033+0000] {logging_mixin.py:190} INFO - [2026-07-01T13:41:16.032+0000] {dagbag.py:588} INFO - Filling up the DagBag from /opt/airflow/dags/urban_data_pipeline_dag.py
[2026-07-01T13:41:16.222+0000] {processor.py:925} INFO - DAG(s) 'urban_data_pipeline' retrieved from /opt/airflow/dags/urban_data_pipeline_dag.py
[2026-07-01T13:41:16.265+0000] {logging_mixin.py:190} INFO - [2026-07-01T13:41:16.264+0000] {dag.py:3239} INFO - Sync 1 DAGs
[2026-07-01T13:41:16.288+0000] {logging_mixin.py:190} INFO - [2026-07-01T13:41:16.288+0000] {dag.py:4180} INFO - Setting next_dagrun for urban_data_pipeline to 2026-07-01 00:00:00+00:00, run_after=2026-08-01 00:00:00+00:00
[2026-07-01T13:41:16.313+0000] {processor.py:208} INFO - Processing /opt/airflow/dags/urban_data_pipeline_dag.py took 0.322 seconds
[2026-07-01T13:41:46.973+0000] {processor.py:186} INFO - Started process (PID=2010) to work on /opt/airflow/dags/urban_data_pipeline_dag.py
[2026-07-01T13:41:46.975+0000] {processor.py:914} INFO - Processing file /opt/airflow/dags/urban_data_pipeline_dag.py for tasks to queue
[2026-07-01T13:41:46.979+0000] {logging_mixin.py:190} INFO - [2026-07-01T13:41:46.979+0000] {dagbag.py:588} INFO - Filling up the DagBag from /opt/airflow/dags/urban_data_pipeline_dag.py
[2026-07-01T13:41:47.248+0000] {processor.py:925} INFO - DAG(s) 'urban_data_pipeline' retrieved from /opt/airflow/dags/urban_data_pipeline_dag.py
[2026-07-01T13:41:47.295+0000] {logging_mixin.py:190} INFO - [2026-07-01T13:41:47.295+0000] {dag.py:3239} INFO - Sync 1 DAGs
[2026-07-01T13:41:47.319+0000] {logging_mixin.py:190} INFO - [2026-07-01T13:41:47.319+0000] {dag.py:4180} INFO - Setting next_dagrun for urban_data_pipeline to 2026-07-01 00:00:00+00:00, run_after=2026-08-01 00:00:00+00:00
[2026-07-01T13:41:47.349+0000] {processor.py:208} INFO - Processing /opt/airflow/dags/urban_data_pipeline_dag.py took 0.392 seconds
[2026-07-01T13:42:17.802+0000] {processor.py:186} INFO - Started process (PID=2028) to work on /opt/airflow/dags/urban_data_pipeline_dag.py
[2026-07-01T13:42:17.803+0000] {processor.py:914} INFO - Processing file /opt/airflow/dags/urban_data_pipeline_dag.py for tasks to queue
[2026-07-01T13:42:17.812+0000] {logging_mixin.py:190} INFO - [2026-07-01T13:42:17.811+0000] {dagbag.py:588} INFO - Filling up the DagBag from /opt/airflow/dags/urban_data_pipeline_dag.py
[2026-07-01T13:42:17.988+0000] {processor.py:925} INFO - DAG(s) 'urban_data_pipeline' retrieved from /opt/airflow/dags/urban_data_pipeline_dag.py
[2026-07-01T13:42:18.035+0000] {logging_mixin.py:190} INFO - [2026-07-01T13:42:18.034+0000] {dag.py:3239} INFO - Sync 1 DAGs
[2026-07-01T13:42:18.059+0000] {logging_mixin.py:190} INFO - [2026-07-01T13:42:18.059+0000] {dag.py:4180} INFO - Setting next_dagrun for urban_data_pipeline to 2026-07-01 00:00:00+00:00, run_after=2026-08-01 00:00:00+00:00
[2026-07-01T13:42:18.084+0000] {processor.py:208} INFO - Processing /opt/airflow/dags/urban_data_pipeline_dag.py took 0.300 seconds
[2026-07-01T13:42:48.431+0000] {processor.py:186} INFO - Started process (PID=2046) to work on /opt/airflow/dags/urban_data_pipeline_dag.py
[2026-07-01T13:42:48.432+0000] {processor.py:914} INFO - Processing file /opt/airflow/dags/urban_data_pipeline_dag.py for tasks to queue
[2026-07-01T13:42:48.435+0000] {logging_mixin.py:190} INFO - [2026-07-01T13:42:48.435+0000] {dagbag.py:588} INFO - Filling up the DagBag from /opt/airflow/dags/urban_data_pipeline_dag.py
[2026-07-01T13:42:48.739+0000] {processor.py:925} INFO - DAG(s) 'urban_data_pipeline' retrieved from /opt/airflow/dags/urban_data_pipeline_dag.py
[2026-07-01T13:42:48.786+0000] {logging_mixin.py:190} INFO - [2026-07-01T13:42:48.786+0000] {dag.py:3239} INFO - Sync 1 DAGs
[2026-07-01T13:42:48.810+0000] {logging_mixin.py:190} INFO - [2026-07-01T13:42:48.810+0000] {dag.py:4180} INFO - Setting next_dagrun for urban_data_pipeline to 2026-07-01 00:00:00+00:00, run_after=2026-08-01 00:00:00+00:00
[2026-07-01T13:42:48.844+0000] {processor.py:208} INFO - Processing /opt/airflow/dags/urban_data_pipeline_dag.py took 0.422 seconds
[2026-07-01T13:43:19.379+0000] {processor.py:186} INFO - Started process (PID=2064) to work on /opt/airflow/dags/urban_data_pipeline_dag.py
[2026-07-01T13:43:19.382+0000] {processor.py:914} INFO - Processing file /opt/airflow/dags/urban_data_pipeline_dag.py for tasks to queue
[2026-07-01T13:43:19.387+0000] {logging_mixin.py:190} INFO - [2026-07-01T13:43:19.387+0000] {dagbag.py:588} INFO - Filling up the DagBag from /opt/airflow/dags/urban_data_pipeline_dag.py
[2026-07-01T13:43:19.684+0000] {processor.py:925} INFO - DAG(s) 'urban_data_pipeline' retrieved from /opt/airflow/dags/urban_data_pipeline_dag.py
[2026-07-01T13:43:19.730+0000] {logging_mixin.py:190} INFO - [2026-07-01T13:43:19.730+0000] {dag.py:3239} INFO - Sync 1 DAGs
[2026-07-01T13:43:19.759+0000] {logging_mixin.py:190} INFO - [2026-07-01T13:43:19.759+0000] {dag.py:4180} INFO - Setting next_dagrun for urban_data_pipeline to 2026-07-01 00:00:00+00:00, run_after=2026-08-01 00:00:00+00:00
[2026-07-01T13:43:19.783+0000] {processor.py:208} INFO - Processing /opt/airflow/dags/urban_data_pipeline_dag.py took 0.423 seconds
[2026-07-01T13:43:50.227+0000] {processor.py:186} INFO - Started process (PID=2082) to work on /opt/airflow/dags/urban_data_pipeline_dag.py
[2026-07-01T13:43:50.228+0000] {processor.py:914} INFO - Processing file /opt/airflow/dags/urban_data_pipeline_dag.py for tasks to queue
[2026-07-01T13:43:50.231+0000] {logging_mixin.py:190} INFO - [2026-07-01T13:43:50.230+0000] {dagbag.py:588} INFO - Filling up the DagBag from /opt/airflow/dags/urban_data_pipeline_dag.py
[2026-07-01T13:43:50.349+0000] {processor.py:925} INFO - DAG(s) 'urban_data_pipeline' retrieved from /opt/airflow/dags/urban_data_pipeline_dag.py
[2026-07-01T13:43:50.399+0000] {logging_mixin.py:190} INFO - [2026-07-01T13:43:50.399+0000] {dag.py:3239} INFO - Sync 1 DAGs
[2026-07-01T13:43:50.425+0000] {logging_mixin.py:190} INFO - [2026-07-01T13:43:50.425+0000] {dag.py:4180} INFO - Setting next_dagrun for urban_data_pipeline to 2026-07-01 00:00:00+00:00, run_after=2026-08-01 00:00:00+00:00
[2026-07-01T13:43:50.450+0000] {processor.py:208} INFO - Processing /opt/airflow/dags/urban_data_pipeline_dag.py took 0.229 seconds
[2026-07-01T13:44:21.246+0000] {processor.py:186} INFO - Started process (PID=2100) to work on /opt/airflow/dags/urban_data_pipeline_dag.py
[2026-07-01T13:44:21.247+0000] {processor.py:914} INFO - Processing file /opt/airflow/dags/urban_data_pipeline_dag.py for tasks to queue
[2026-07-01T13:44:21.251+0000] {logging_mixin.py:190} INFO - [2026-07-01T13:44:21.251+0000] {dagbag.py:588} INFO - Filling up the DagBag from /opt/airflow/dags/urban_data_pipeline_dag.py
[2026-07-01T13:44:21.439+0000] {processor.py:925} INFO - DAG(s) 'urban_data_pipeline' retrieved from /opt/airflow/dags/urban_data_pipeline_dag.py
[2026-07-01T13:44:21.490+0000] {logging_mixin.py:190} INFO - [2026-07-01T13:44:21.489+0000] {dag.py:3239} INFO - Sync 1 DAGs
[2026-07-01T13:44:21.512+0000] {logging_mixin.py:190} INFO - [2026-07-01T13:44:21.512+0000] {dag.py:4180} INFO - Setting next_dagrun for urban_data_pipeline to 2026-07-01 00:00:00+00:00, run_after=2026-08-01 00:00:00+00:00
[2026-07-01T13:44:21.543+0000] {processor.py:208} INFO - Processing /opt/airflow/dags/urban_data_pipeline_dag.py took 0.310 seconds
[2026-07-01T13:44:51.933+0000] {processor.py:186} INFO - Started process (PID=2118) to work on /opt/airflow/dags/urban_data_pipeline_dag.py
[2026-07-01T13:44:51.935+0000] {processor.py:914} INFO - Processing file /opt/airflow/dags/urban_data_pipeline_dag.py for tasks to queue
[2026-07-01T13:44:51.938+0000] {logging_mixin.py:190} INFO - [2026-07-01T13:44:51.937+0000] {dagbag.py:588} INFO - Filling up the DagBag from /opt/airflow/dags/urban_data_pipeline_dag.py
[2026-07-01T13:44:52.132+0000] {processor.py:925} INFO - DAG(s) 'urban_data_pipeline' retrieved from /opt/airflow/dags/urban_data_pipeline_dag.py
[2026-07-01T13:44:52.176+0000] {logging_mixin.py:190} INFO - [2026-07-01T13:44:52.176+0000] {dag.py:3239} INFO - Sync 1 DAGs
[2026-07-01T13:44:52.204+0000] {logging_mixin.py:190} INFO - [2026-07-01T13:44:52.203+0000] {dag.py:4180} INFO - Setting next_dagrun for urban_data_pipeline to 2026-07-01 00:00:00+00:00, run_after=2026-08-01 00:00:00+00:00
[2026-07-01T13:44:52.231+0000] {processor.py:208} INFO - Processing /opt/airflow/dags/urban_data_pipeline_dag.py took 0.304 seconds
[2026-07-01T13:45:23.046+0000] {processor.py:186} INFO - Started process (PID=2136) to work on /opt/airflow/dags/urban_data_pipeline_dag.py
[2026-07-01T13:45:23.048+0000] {processor.py:914} INFO - Processing file /opt/airflow/dags/urban_data_pipeline_dag.py for tasks to queue
[2026-07-01T13:45:23.054+0000] {logging_mixin.py:190} INFO - [2026-07-01T13:45:23.053+0000] {dagbag.py:588} INFO - Filling up the DagBag from /opt/airflow/dags/urban_data_pipeline_dag.py
[2026-07-01T13:45:23.583+0000] {processor.py:925} INFO - DAG(s) 'urban_data_pipeline' retrieved from /opt/airflow/dags/urban_data_pipeline_dag.py
[2026-07-01T13:45:23.625+0000] {logging_mixin.py:190} INFO - [2026-07-01T13:45:23.625+0000] {dag.py:3239} INFO - Sync 1 DAGs
[2026-07-01T13:45:23.650+0000] {logging_mixin.py:190} INFO - [2026-07-01T13:45:23.650+0000] {dag.py:4180} INFO - Setting next_dagrun for urban_data_pipeline to 2026-07-01 00:00:00+00:00, run_after=2026-08-01 00:00:00+00:00
[2026-07-01T13:45:23.677+0000] {processor.py:208} INFO - Processing /opt/airflow/dags/urban_data_pipeline_dag.py took 0.644 seconds
[2026-07-01T13:45:53.842+0000] {processor.py:186} INFO - Started process (PID=2154) to work on /opt/airflow/dags/urban_data_pipeline_dag.py
[2026-07-01T13:45:53.845+0000] {processor.py:914} INFO - Processing file /opt/airflow/dags/urban_data_pipeline_dag.py for tasks to queue
[2026-07-01T13:45:53.848+0000] {logging_mixin.py:190} INFO - [2026-07-01T13:45:53.848+0000] {dagbag.py:588} INFO - Filling up the DagBag from /opt/airflow/dags/urban_data_pipeline_dag.py
[2026-07-01T13:45:54.302+0000] {processor.py:925} INFO - DAG(s) 'urban_data_pipeline' retrieved from /opt/airflow/dags/urban_data_pipeline_dag.py
[2026-07-01T13:45:54.346+0000] {logging_mixin.py:190} INFO - [2026-07-01T13:45:54.345+0000] {dag.py:3239} INFO - Sync 1 DAGs
[2026-07-01T13:45:54.370+0000] {logging_mixin.py:190} INFO - [2026-07-01T13:45:54.369+0000] {dag.py:4180} INFO - Setting next_dagrun for urban_data_pipeline to 2026-07-01 00:00:00+00:00, run_after=2026-08-01 00:00:00+00:00
[2026-07-01T13:45:54.398+0000] {processor.py:208} INFO - Processing /opt/airflow/dags/urban_data_pipeline_dag.py took 0.561 seconds
[2026-07-01T13:46:25.151+0000] {processor.py:186} INFO - Started process (PID=2171) to work on /opt/airflow/dags/urban_data_pipeline_dag.py
[2026-07-01T13:46:25.152+0000] {processor.py:914} INFO - Processing file /opt/airflow/dags/urban_data_pipeline_dag.py for tasks to queue
[2026-07-01T13:46:25.155+0000] {logging_mixin.py:190} INFO - [2026-07-01T13:46:25.154+0000] {dagbag.py:588} INFO - Filling up the DagBag from /opt/airflow/dags/urban_data_pipeline_dag.py
[2026-07-01T13:46:25.272+0000] {processor.py:925} INFO - DAG(s) 'urban_data_pipeline' retrieved from /opt/airflow/dags/urban_data_pipeline_dag.py
[2026-07-01T13:46:25.318+0000] {logging_mixin.py:190} INFO - [2026-07-01T13:46:25.317+0000] {dag.py:3239} INFO - Sync 1 DAGs
[2026-07-01T13:46:25.339+0000] {logging_mixin.py:190} INFO - [2026-07-01T13:46:25.339+0000] {dag.py:4180} INFO - Setting next_dagrun for urban_data_pipeline to 2026-07-01 00:00:00+00:00, run_after=2026-08-01 00:00:00+00:00
[2026-07-01T13:46:25.361+0000] {processor.py:208} INFO - Processing /opt/airflow/dags/urban_data_pipeline_dag.py took 0.218 seconds
[2026-07-01T13:46:56.426+0000] {processor.py:186} INFO - Started process (PID=2182) to work on /opt/airflow/dags/urban_data_pipeline_dag.py
[2026-07-01T13:46:56.428+0000] {processor.py:914} INFO - Processing file /opt/airflow/dags/urban_data_pipeline_dag.py for tasks to queue
[2026-07-01T13:46:56.431+0000] {logging_mixin.py:190} INFO - [2026-07-01T13:46:56.430+0000] {dagbag.py:588} INFO - Filling up the DagBag from /opt/airflow/dags/urban_data_pipeline_dag.py
[2026-07-01T13:46:56.537+0000] {processor.py:925} INFO - DAG(s) 'urban_data_pipeline' retrieved from /opt/airflow/dags/urban_data_pipeline_dag.py
[2026-07-01T13:46:56.579+0000] {logging_mixin.py:190} INFO - [2026-07-01T13:46:56.579+0000] {dag.py:3239} INFO - Sync 1 DAGs
[2026-07-01T13:46:56.601+0000] {logging_mixin.py:190} INFO - [2026-07-01T13:46:56.600+0000] {dag.py:4180} INFO - Setting next_dagrun for urban_data_pipeline to 2026-07-01 00:00:00+00:00, run_after=2026-08-01 00:00:00+00:00
[2026-07-01T13:46:56.622+0000] {processor.py:208} INFO - Processing /opt/airflow/dags/urban_data_pipeline_dag.py took 0.204 seconds
[2026-07-01T13:47:27.532+0000] {processor.py:186} INFO - Started process (PID=2200) to work on /opt/airflow/dags/urban_data_pipeline_dag.py
[2026-07-01T13:47:27.534+0000] {processor.py:914} INFO - Processing file /opt/airflow/dags/urban_data_pipeline_dag.py for tasks to queue
[2026-07-01T13:47:27.536+0000] {logging_mixin.py:190} INFO - [2026-07-01T13:47:27.536+0000] {dagbag.py:588} INFO - Filling up the DagBag from /opt/airflow/dags/urban_data_pipeline_dag.py
[2026-07-01T13:47:27.673+0000] {processor.py:925} INFO - DAG(s) 'urban_data_pipeline' retrieved from /opt/airflow/dags/urban_data_pipeline_dag.py
[2026-07-01T13:47:27.717+0000] {logging_mixin.py:190} INFO - [2026-07-01T13:47:27.717+0000] {dag.py:3239} INFO - Sync 1 DAGs
[2026-07-01T13:47:27.740+0000] {logging_mixin.py:190} INFO - [2026-07-01T13:47:27.739+0000] {dag.py:4180} INFO - Setting next_dagrun for urban_data_pipeline to 2026-07-01 00:00:00+00:00, run_after=2026-08-01 00:00:00+00:00
[2026-07-01T13:47:27.762+0000] {processor.py:208} INFO - Processing /opt/airflow/dags/urban_data_pipeline_dag.py took 0.247 seconds
[2026-07-01T13:47:58.140+0000] {processor.py:186} INFO - Started process (PID=2218) to work on /opt/airflow/dags/urban_data_pipeline_dag.py
[2026-07-01T13:47:58.143+0000] {processor.py:914} INFO - Processing file /opt/airflow/dags/urban_data_pipeline_dag.py for tasks to queue
[2026-07-01T13:47:58.148+0000] {logging_mixin.py:190} INFO - [2026-07-01T13:47:58.147+0000] {dagbag.py:588} INFO - Filling up the DagBag from /opt/airflow/dags/urban_data_pipeline_dag.py
[2026-07-01T13:47:58.376+0000] {processor.py:925} INFO - DAG(s) 'urban_data_pipeline' retrieved from /opt/airflow/dags/urban_data_pipeline_dag.py
[2026-07-01T13:47:58.418+0000] {logging_mixin.py:190} INFO - [2026-07-01T13:47:58.418+0000] {dag.py:3239} INFO - Sync 1 DAGs
[2026-07-01T13:47:58.447+0000] {logging_mixin.py:190} INFO - [2026-07-01T13:47:58.446+0000] {dag.py:4180} INFO - Setting next_dagrun for urban_data_pipeline to 2026-07-01 00:00:00+00:00, run_after=2026-08-01 00:00:00+00:00
[2026-07-01T13:47:58.491+0000] {processor.py:208} INFO - Processing /opt/airflow/dags/urban_data_pipeline_dag.py took 0.370 seconds
[2026-07-01T13:48:29.349+0000] {processor.py:186} INFO - Started process (PID=2236) to work on /opt/airflow/dags/urban_data_pipeline_dag.py
[2026-07-01T13:48:29.351+0000] {processor.py:914} INFO - Processing file /opt/airflow/dags/urban_data_pipeline_dag.py for tasks to queue
[2026-07-01T13:48:29.354+0000] {logging_mixin.py:190} INFO - [2026-07-01T13:48:29.354+0000] {dagbag.py:588} INFO - Filling up the DagBag from /opt/airflow/dags/urban_data_pipeline_dag.py
[2026-07-01T13:48:29.560+0000] {processor.py:925} INFO - DAG(s) 'urban_data_pipeline' retrieved from /opt/airflow/dags/urban_data_pipeline_dag.py
[2026-07-01T13:48:29.625+0000] {logging_mixin.py:190} INFO - [2026-07-01T13:48:29.625+0000] {dag.py:3239} INFO - Sync 1 DAGs
[2026-07-01T13:48:29.647+0000] {logging_mixin.py:190} INFO - [2026-07-01T13:48:29.647+0000] {dag.py:4180} INFO - Setting next_dagrun for urban_data_pipeline to 2026-07-01 00:00:00+00:00, run_after=2026-08-01 00:00:00+00:00
[2026-07-01T13:48:29.671+0000] {processor.py:208} INFO - Processing /opt/airflow/dags/urban_data_pipeline_dag.py took 0.342 seconds
[2026-07-01T13:49:00.379+0000] {processor.py:186} INFO - Started process (PID=2254) to work on /opt/airflow/dags/urban_data_pipeline_dag.py
[2026-07-01T13:49:00.381+0000] {processor.py:914} INFO - Processing file /opt/airflow/dags/urban_data_pipeline_dag.py for tasks to queue
[2026-07-01T13:49:00.383+0000] {logging_mixin.py:190} INFO - [2026-07-01T13:49:00.383+0000] {dagbag.py:588} INFO - Filling up the DagBag from /opt/airflow/dags/urban_data_pipeline_dag.py
[2026-07-01T13:49:00.601+0000] {processor.py:925} INFO - DAG(s) 'urban_data_pipeline' retrieved from /opt/airflow/dags/urban_data_pipeline_dag.py
[2026-07-01T13:49:00.653+0000] {logging_mixin.py:190} INFO - [2026-07-01T13:49:00.653+0000] {dag.py:3239} INFO - Sync 1 DAGs
[2026-07-01T13:49:00.676+0000] {logging_mixin.py:190} INFO - [2026-07-01T13:49:00.676+0000] {dag.py:4180} INFO - Setting next_dagrun for urban_data_pipeline to 2026-07-01 00:00:00+00:00, run_after=2026-08-01 00:00:00+00:00
[2026-07-01T13:49:00.699+0000] {processor.py:208} INFO - Processing /opt/airflow/dags/urban_data_pipeline_dag.py took 0.326 seconds
[2026-07-01T13:49:31.571+0000] {processor.py:186} INFO - Started process (PID=2272) to work on /opt/airflow/dags/urban_data_pipeline_dag.py
[2026-07-01T13:49:31.573+0000] {processor.py:914} INFO - Processing file /opt/airflow/dags/urban_data_pipeline_dag.py for tasks to queue
[2026-07-01T13:49:31.578+0000] {logging_mixin.py:190} INFO - [2026-07-01T13:49:31.578+0000] {dagbag.py:588} INFO - Filling up the DagBag from /opt/airflow/dags/urban_data_pipeline_dag.py
[2026-07-01T13:49:31.916+0000] {processor.py:925} INFO - DAG(s) 'urban_data_pipeline' retrieved from /opt/airflow/dags/urban_data_pipeline_dag.py
[2026-07-01T13:49:31.956+0000] {logging_mixin.py:190} INFO - [2026-07-01T13:49:31.956+0000] {dag.py:3239} INFO - Sync 1 DAGs
[2026-07-01T13:49:31.978+0000] {logging_mixin.py:190} INFO - [2026-07-01T13:49:31.978+0000] {dag.py:4180} INFO - Setting next_dagrun for urban_data_pipeline to 2026-07-01 00:00:00+00:00, run_after=2026-08-01 00:00:00+00:00
[2026-07-01T13:49:32.003+0000] {processor.py:208} INFO - Processing /opt/airflow/dags/urban_data_pipeline_dag.py took 0.454 seconds
[2026-07-01T13:50:02.921+0000] {processor.py:186} INFO - Started process (PID=2290) to work on /opt/airflow/dags/urban_data_pipeline_dag.py
[2026-07-01T13:50:02.922+0000] {processor.py:914} INFO - Processing file /opt/airflow/dags/urban_data_pipeline_dag.py for tasks to queue
[2026-07-01T13:50:02.926+0000] {logging_mixin.py:190} INFO - [2026-07-01T13:50:02.925+0000] {dagbag.py:588} INFO - Filling up the DagBag from /opt/airflow/dags/urban_data_pipeline_dag.py
[2026-07-01T13:50:03.148+0000] {processor.py:925} INFO - DAG(s) 'urban_data_pipeline' retrieved from /opt/airflow/dags/urban_data_pipeline_dag.py
[2026-07-01T13:50:03.188+0000] {logging_mixin.py:190} INFO - [2026-07-01T13:50:03.188+0000] {dag.py:3239} INFO - Sync 1 DAGs
[2026-07-01T13:50:03.211+0000] {logging_mixin.py:190} INFO - [2026-07-01T13:50:03.210+0000] {dag.py:4180} INFO - Setting next_dagrun for urban_data_pipeline to 2026-07-01 00:00:00+00:00, run_after=2026-08-01 00:00:00+00:00
[2026-07-01T13:50:03.233+0000] {processor.py:208} INFO - Processing /opt/airflow/dags/urban_data_pipeline_dag.py took 0.318 seconds
[2026-07-01T13:50:34.093+0000] {processor.py:186} INFO - Started process (PID=2308) to work on /opt/airflow/dags/urban_data_pipeline_dag.py
[2026-07-01T13:50:34.096+0000] {processor.py:914} INFO - Processing file /opt/airflow/dags/urban_data_pipeline_dag.py for tasks to queue
[2026-07-01T13:50:34.101+0000] {logging_mixin.py:190} INFO - [2026-07-01T13:50:34.101+0000] {dagbag.py:588} INFO - Filling up the DagBag from /opt/airflow/dags/urban_data_pipeline_dag.py
[2026-07-01T13:50:34.686+0000] {processor.py:925} INFO - DAG(s) 'urban_data_pipeline' retrieved from /opt/airflow/dags/urban_data_pipeline_dag.py
[2026-07-01T13:50:34.728+0000] {logging_mixin.py:190} INFO - [2026-07-01T13:50:34.728+0000] {dag.py:3239} INFO - Sync 1 DAGs
[2026-07-01T13:50:34.753+0000] {logging_mixin.py:190} INFO - [2026-07-01T13:50:34.753+0000] {dag.py:4180} INFO - Setting next_dagrun for urban_data_pipeline to 2026-07-01 00:00:00+00:00, run_after=2026-08-01 00:00:00+00:00
[2026-07-01T13:50:34.786+0000] {processor.py:208} INFO - Processing /opt/airflow/dags/urban_data_pipeline_dag.py took 0.709 seconds
[2026-07-01T13:51:05.793+0000] {processor.py:186} INFO - Started process (PID=2326) to work on /opt/airflow/dags/urban_data_pipeline_dag.py
[2026-07-01T13:51:05.794+0000] {processor.py:914} INFO - Processing file /opt/airflow/dags/urban_data_pipeline_dag.py for tasks to queue
[2026-07-01T13:51:05.798+0000] {logging_mixin.py:190} INFO - [2026-07-01T13:51:05.797+0000] {dagbag.py:588} INFO - Filling up the DagBag from /opt/airflow/dags/urban_data_pipeline_dag.py
[2026-07-01T13:51:05.950+0000] {processor.py:925} INFO - DAG(s) 'urban_data_pipeline' retrieved from /opt/airflow/dags/urban_data_pipeline_dag.py
[2026-07-01T13:51:06.029+0000] {logging_mixin.py:190} INFO - [2026-07-01T13:51:06.029+0000] {dag.py:3239} INFO - Sync 1 DAGs
[2026-07-01T13:51:06.080+0000] {logging_mixin.py:190} INFO - [2026-07-01T13:51:06.080+0000] {dag.py:4180} INFO - Setting next_dagrun for urban_data_pipeline to 2026-07-01 00:00:00+00:00, run_after=2026-08-01 00:00:00+00:00
[2026-07-01T13:51:06.111+0000] {processor.py:208} INFO - Processing /opt/airflow/dags/urban_data_pipeline_dag.py took 0.326 seconds
[2026-07-01T13:51:36.472+0000] {processor.py:186} INFO - Started process (PID=2344) to work on /opt/airflow/dags/urban_data_pipeline_dag.py
[2026-07-01T13:51:36.474+0000] {processor.py:914} INFO - Processing file /opt/airflow/dags/urban_data_pipeline_dag.py for tasks to queue
[2026-07-01T13:51:36.477+0000] {logging_mixin.py:190} INFO - [2026-07-01T13:51:36.476+0000] {dagbag.py:588} INFO - Filling up the DagBag from /opt/airflow/dags/urban_data_pipeline_dag.py
[2026-07-01T13:51:36.689+0000] {processor.py:925} INFO - DAG(s) 'urban_data_pipeline' retrieved from /opt/airflow/dags/urban_data_pipeline_dag.py
[2026-07-01T13:51:36.739+0000] {logging_mixin.py:190} INFO - [2026-07-01T13:51:36.738+0000] {dag.py:3239} INFO - Sync 1 DAGs
[2026-07-01T13:51:36.761+0000] {logging_mixin.py:190} INFO - [2026-07-01T13:51:36.761+0000] {dag.py:4180} INFO - Setting next_dagrun for urban_data_pipeline to 2026-07-01 00:00:00+00:00, run_after=2026-08-01 00:00:00+00:00
[2026-07-01T13:51:36.784+0000] {processor.py:208} INFO - Processing /opt/airflow/dags/urban_data_pipeline_dag.py took 0.334 seconds
[2026-07-01T13:52:07.385+0000] {processor.py:186} INFO - Started process (PID=2363) to work on /opt/airflow/dags/urban_data_pipeline_dag.py
[2026-07-01T13:52:07.388+0000] {processor.py:914} INFO - Processing file /opt/airflow/dags/urban_data_pipeline_dag.py for tasks to queue
[2026-07-01T13:52:07.394+0000] {logging_mixin.py:190} INFO - [2026-07-01T13:52:07.393+0000] {dagbag.py:588} INFO - Filling up the DagBag from /opt/airflow/dags/urban_data_pipeline_dag.py
[2026-07-01T13:52:07.758+0000] {processor.py:925} INFO - DAG(s) 'urban_data_pipeline' retrieved from /opt/airflow/dags/urban_data_pipeline_dag.py
[2026-07-01T13:52:07.800+0000] {logging_mixin.py:190} INFO - [2026-07-01T13:52:07.800+0000] {dag.py:3239} INFO - Sync 1 DAGs
[2026-07-01T13:52:07.823+0000] {logging_mixin.py:190} INFO - [2026-07-01T13:52:07.823+0000] {dag.py:4180} INFO - Setting next_dagrun for urban_data_pipeline to 2026-07-01 00:00:00+00:00, run_after=2026-08-01 00:00:00+00:00
[2026-07-01T13:52:07.848+0000] {processor.py:208} INFO - Processing /opt/airflow/dags/urban_data_pipeline_dag.py took 0.482 seconds
[2026-07-01T13:52:38.702+0000] {processor.py:186} INFO - Started process (PID=2381) to work on /opt/airflow/dags/urban_data_pipeline_dag.py
[2026-07-01T13:52:38.704+0000] {processor.py:914} INFO - Processing file /opt/airflow/dags/urban_data_pipeline_dag.py for tasks to queue
[2026-07-01T13:52:38.707+0000] {logging_mixin.py:190} INFO - [2026-07-01T13:52:38.706+0000] {dagbag.py:588} INFO - Filling up the DagBag from /opt/airflow/dags/urban_data_pipeline_dag.py
[2026-07-01T13:52:39.031+0000] {processor.py:925} INFO - DAG(s) 'urban_data_pipeline' retrieved from /opt/airflow/dags/urban_data_pipeline_dag.py
[2026-07-01T13:52:39.071+0000] {logging_mixin.py:190} INFO - [2026-07-01T13:52:39.071+0000] {dag.py:3239} INFO - Sync 1 DAGs
[2026-07-01T13:52:39.094+0000] {logging_mixin.py:190} INFO - [2026-07-01T13:52:39.093+0000] {dag.py:4180} INFO - Setting next_dagrun for urban_data_pipeline to 2026-07-01 00:00:00+00:00, run_after=2026-08-01 00:00:00+00:00
[2026-07-01T13:52:39.125+0000] {processor.py:208} INFO - Processing /opt/airflow/dags/urban_data_pipeline_dag.py took 0.429 seconds
[2026-07-01T13:53:09.421+0000] {processor.py:186} INFO - Started process (PID=2398) to work on /opt/airflow/dags/urban_data_pipeline_dag.py
[2026-07-01T13:53:09.422+0000] {processor.py:914} INFO - Processing file /opt/airflow/dags/urban_data_pipeline_dag.py for tasks to queue
[2026-07-01T13:53:09.425+0000] {logging_mixin.py:190} INFO - [2026-07-01T13:53:09.425+0000] {dagbag.py:588} INFO - Filling up the DagBag from /opt/airflow/dags/urban_data_pipeline_dag.py
[2026-07-01T13:53:09.540+0000] {processor.py:925} INFO - DAG(s) 'urban_data_pipeline' retrieved from /opt/airflow/dags/urban_data_pipeline_dag.py
[2026-07-01T13:53:09.587+0000] {logging_mixin.py:190} INFO - [2026-07-01T13:53:09.587+0000] {dag.py:3239} INFO - Sync 1 DAGs
[2026-07-01T13:53:09.612+0000] {logging_mixin.py:190} INFO - [2026-07-01T13:53:09.612+0000] {dag.py:4180} INFO - Setting next_dagrun for urban_data_pipeline to 2026-07-01 00:00:00+00:00, run_after=2026-08-01 00:00:00+00:00
[2026-07-01T13:53:09.635+0000] {processor.py:208} INFO - Processing /opt/airflow/dags/urban_data_pipeline_dag.py took 0.221 seconds
[2026-07-01T13:53:40.599+0000] {processor.py:186} INFO - Started process (PID=2409) to work on /opt/airflow/dags/urban_data_pipeline_dag.py
[2026-07-01T13:53:40.606+0000] {processor.py:914} INFO - Processing file /opt/airflow/dags/urban_data_pipeline_dag.py for tasks to queue
[2026-07-01T13:53:40.613+0000] {logging_mixin.py:190} INFO - [2026-07-01T13:53:40.612+0000] {dagbag.py:588} INFO - Filling up the DagBag from /opt/airflow/dags/urban_data_pipeline_dag.py
[2026-07-01T13:53:40.749+0000] {processor.py:925} INFO - DAG(s) 'urban_data_pipeline' retrieved from /opt/airflow/dags/urban_data_pipeline_dag.py
[2026-07-01T13:53:40.791+0000] {logging_mixin.py:190} INFO - [2026-07-01T13:53:40.791+0000] {dag.py:3239} INFO - Sync 1 DAGs
[2026-07-01T13:53:40.813+0000] {logging_mixin.py:190} INFO - [2026-07-01T13:53:40.813+0000] {dag.py:4180} INFO - Setting next_dagrun for urban_data_pipeline to 2026-07-01 00:00:00+00:00, run_after=2026-08-01 00:00:00+00:00
[2026-07-01T13:53:40.836+0000] {processor.py:208} INFO - Processing /opt/airflow/dags/urban_data_pipeline_dag.py took 0.276 seconds
[2026-07-01T13:54:11.743+0000] {processor.py:186} INFO - Started process (PID=2427) to work on /opt/airflow/dags/urban_data_pipeline_dag.py
[2026-07-01T13:54:11.745+0000] {processor.py:914} INFO - Processing file /opt/airflow/dags/urban_data_pipeline_dag.py for tasks to queue
[2026-07-01T13:54:11.748+0000] {logging_mixin.py:190} INFO - [2026-07-01T13:54:11.748+0000] {dagbag.py:588} INFO - Filling up the DagBag from /opt/airflow/dags/urban_data_pipeline_dag.py
[2026-07-01T13:54:11.914+0000] {processor.py:925} INFO - DAG(s) 'urban_data_pipeline' retrieved from /opt/airflow/dags/urban_data_pipeline_dag.py
[2026-07-01T13:54:11.955+0000] {logging_mixin.py:190} INFO - [2026-07-01T13:54:11.955+0000] {dag.py:3239} INFO - Sync 1 DAGs
[2026-07-01T13:54:11.978+0000] {logging_mixin.py:190} INFO - [2026-07-01T13:54:11.978+0000] {dag.py:4180} INFO - Setting next_dagrun for urban_data_pipeline to 2026-07-01 00:00:00+00:00, run_after=2026-08-01 00:00:00+00:00
[2026-07-01T13:54:12.002+0000] {processor.py:208} INFO - Processing /opt/airflow/dags/urban_data_pipeline_dag.py took 0.271 seconds
[2026-07-01T13:54:42.137+0000] {processor.py:186} INFO - Started process (PID=2445) to work on /opt/airflow/dags/urban_data_pipeline_dag.py
[2026-07-01T13:54:42.138+0000] {processor.py:914} INFO - Processing file /opt/airflow/dags/urban_data_pipeline_dag.py for tasks to queue
[2026-07-01T13:54:42.142+0000] {logging_mixin.py:190} INFO - [2026-07-01T13:54:42.141+0000] {dagbag.py:588} INFO - Filling up the DagBag from /opt/airflow/dags/urban_data_pipeline_dag.py
[2026-07-01T13:54:42.424+0000] {processor.py:925} INFO - DAG(s) 'urban_data_pipeline' retrieved from /opt/airflow/dags/urban_data_pipeline_dag.py
[2026-07-01T13:54:42.482+0000] {logging_mixin.py:190} INFO - [2026-07-01T13:54:42.482+0000] {dag.py:3239} INFO - Sync 1 DAGs
[2026-07-01T13:54:42.505+0000] {logging_mixin.py:190} INFO - [2026-07-01T13:54:42.504+0000] {dag.py:4180} INFO - Setting next_dagrun for urban_data_pipeline to 2026-07-01 00:00:00+00:00, run_after=2026-08-01 00:00:00+00:00
[2026-07-01T13:54:42.530+0000] {processor.py:208} INFO - Processing /opt/airflow/dags/urban_data_pipeline_dag.py took 0.401 seconds
[2026-07-01T13:55:12.755+0000] {processor.py:186} INFO - Started process (PID=2463) to work on /opt/airflow/dags/urban_data_pipeline_dag.py
[2026-07-01T13:55:12.757+0000] {processor.py:914} INFO - Processing file /opt/airflow/dags/urban_data_pipeline_dag.py for tasks to queue
[2026-07-01T13:55:12.762+0000] {logging_mixin.py:190} INFO - [2026-07-01T13:55:12.761+0000] {dagbag.py:588} INFO - Filling up the DagBag from /opt/airflow/dags/urban_data_pipeline_dag.py
[2026-07-01T13:55:12.966+0000] {processor.py:925} INFO - DAG(s) 'urban_data_pipeline' retrieved from /opt/airflow/dags/urban_data_pipeline_dag.py
[2026-07-01T13:55:13.011+0000] {logging_mixin.py:190} INFO - [2026-07-01T13:55:13.010+0000] {dag.py:3239} INFO - Sync 1 DAGs
[2026-07-01T13:55:13.034+0000] {logging_mixin.py:190} INFO - [2026-07-01T13:55:13.033+0000] {dag.py:4180} INFO - Setting next_dagrun for urban_data_pipeline to 2026-07-01 00:00:00+00:00, run_after=2026-08-01 00:00:00+00:00
[2026-07-01T13:55:13.064+0000] {processor.py:208} INFO - Processing /opt/airflow/dags/urban_data_pipeline_dag.py took 0.324 seconds
[2026-07-01T13:55:43.321+0000] {processor.py:186} INFO - Started process (PID=2481) to work on /opt/airflow/dags/urban_data_pipeline_dag.py
[2026-07-01T13:55:43.325+0000] {processor.py:914} INFO - Processing file /opt/airflow/dags/urban_data_pipeline_dag.py for tasks to queue
[2026-07-01T13:55:43.333+0000] {logging_mixin.py:190} INFO - [2026-07-01T13:55:43.332+0000] {dagbag.py:588} INFO - Filling up the DagBag from /opt/airflow/dags/urban_data_pipeline_dag.py
[2026-07-01T13:55:43.685+0000] {processor.py:925} INFO - DAG(s) 'urban_data_pipeline' retrieved from /opt/airflow/dags/urban_data_pipeline_dag.py
[2026-07-01T13:55:43.726+0000] {logging_mixin.py:190} INFO - [2026-07-01T13:55:43.726+0000] {dag.py:3239} INFO - Sync 1 DAGs
[2026-07-01T13:55:43.748+0000] {logging_mixin.py:190} INFO - [2026-07-01T13:55:43.748+0000] {dag.py:4180} INFO - Setting next_dagrun for urban_data_pipeline to 2026-07-01 00:00:00+00:00, run_after=2026-08-01 00:00:00+00:00
[2026-07-01T13:55:43.776+0000] {processor.py:208} INFO - Processing /opt/airflow/dags/urban_data_pipeline_dag.py took 0.483 seconds
[2026-07-01T13:56:13.888+0000] {processor.py:186} INFO - Started process (PID=2499) to work on /opt/airflow/dags/urban_data_pipeline_dag.py
[2026-07-01T13:56:13.891+0000] {processor.py:914} INFO - Processing file /opt/airflow/dags/urban_data_pipeline_dag.py for tasks to queue
[2026-07-01T13:56:13.897+0000] {logging_mixin.py:190} INFO - [2026-07-01T13:56:13.896+0000] {dagbag.py:588} INFO - Filling up the DagBag from /opt/airflow/dags/urban_data_pipeline_dag.py
[2026-07-01T13:56:14.269+0000] {processor.py:925} INFO - DAG(s) 'urban_data_pipeline' retrieved from /opt/airflow/dags/urban_data_pipeline_dag.py
[2026-07-01T13:56:14.332+0000] {logging_mixin.py:190} INFO - [2026-07-01T13:56:14.332+0000] {dag.py:3239} INFO - Sync 1 DAGs
[2026-07-01T13:56:14.362+0000] {logging_mixin.py:190} INFO - [2026-07-01T13:56:14.362+0000] {dag.py:4180} INFO - Setting next_dagrun for urban_data_pipeline to 2026-07-01 00:00:00+00:00, run_after=2026-08-01 00:00:00+00:00
[2026-07-01T13:56:14.400+0000] {processor.py:208} INFO - Processing /opt/airflow/dags/urban_data_pipeline_dag.py took 0.525 seconds
[2026-07-01T13:56:45.042+0000] {processor.py:186} INFO - Started process (PID=2517) to work on /opt/airflow/dags/urban_data_pipeline_dag.py
[2026-07-01T13:56:45.044+0000] {processor.py:914} INFO - Processing file /opt/airflow/dags/urban_data_pipeline_dag.py for tasks to queue
[2026-07-01T13:56:45.047+0000] {logging_mixin.py:190} INFO - [2026-07-01T13:56:45.047+0000] {dagbag.py:588} INFO - Filling up the DagBag from /opt/airflow/dags/urban_data_pipeline_dag.py
[2026-07-01T13:56:45.344+0000] {processor.py:925} INFO - DAG(s) 'urban_data_pipeline' retrieved from /opt/airflow/dags/urban_data_pipeline_dag.py
[2026-07-01T13:56:45.387+0000] {logging_mixin.py:190} INFO - [2026-07-01T13:56:45.387+0000] {dag.py:3239} INFO - Sync 1 DAGs
[2026-07-01T13:56:45.410+0000] {logging_mixin.py:190} INFO - [2026-07-01T13:56:45.409+0000] {dag.py:4180} INFO - Setting next_dagrun for urban_data_pipeline to 2026-07-01 00:00:00+00:00, run_after=2026-08-01 00:00:00+00:00
[2026-07-01T13:56:45.435+0000] {processor.py:208} INFO - Processing /opt/airflow/dags/urban_data_pipeline_dag.py took 0.399 seconds
[2026-07-01T13:57:15.782+0000] {processor.py:186} INFO - Started process (PID=2535) to work on /opt/airflow/dags/urban_data_pipeline_dag.py
[2026-07-01T13:57:15.784+0000] {processor.py:914} INFO - Processing file /opt/airflow/dags/urban_data_pipeline_dag.py for tasks to queue
[2026-07-01T13:57:15.787+0000] {logging_mixin.py:190} INFO - [2026-07-01T13:57:15.787+0000] {dagbag.py:588} INFO - Filling up the DagBag from /opt/airflow/dags/urban_data_pipeline_dag.py
[2026-07-01T13:57:16.105+0000] {processor.py:925} INFO - DAG(s) 'urban_data_pipeline' retrieved from /opt/airflow/dags/urban_data_pipeline_dag.py
[2026-07-01T13:57:16.149+0000] {logging_mixin.py:190} INFO - [2026-07-01T13:57:16.148+0000] {dag.py:3239} INFO - Sync 1 DAGs
[2026-07-01T13:57:16.172+0000] {logging_mixin.py:190} INFO - [2026-07-01T13:57:16.172+0000] {dag.py:4180} INFO - Setting next_dagrun for urban_data_pipeline to 2026-07-01 00:00:00+00:00, run_after=2026-08-01 00:00:00+00:00
[2026-07-01T13:57:16.192+0000] {processor.py:208} INFO - Processing /opt/airflow/dags/urban_data_pipeline_dag.py took 0.415 seconds
[2026-07-01T13:57:46.409+0000] {processor.py:186} INFO - Started process (PID=2553) to work on /opt/airflow/dags/urban_data_pipeline_dag.py
[2026-07-01T13:57:46.413+0000] {processor.py:914} INFO - Processing file /opt/airflow/dags/urban_data_pipeline_dag.py for tasks to queue
[2026-07-01T13:57:46.421+0000] {logging_mixin.py:190} INFO - [2026-07-01T13:57:46.420+0000] {dagbag.py:588} INFO - Filling up the DagBag from /opt/airflow/dags/urban_data_pipeline_dag.py
[2026-07-01T13:57:46.593+0000] {processor.py:925} INFO - DAG(s) 'urban_data_pipeline' retrieved from /opt/airflow/dags/urban_data_pipeline_dag.py
[2026-07-01T13:57:46.639+0000] {logging_mixin.py:190} INFO - [2026-07-01T13:57:46.639+0000] {dag.py:3239} INFO - Sync 1 DAGs
[2026-07-01T13:57:46.667+0000] {logging_mixin.py:190} INFO - [2026-07-01T13:57:46.667+0000] {dag.py:4180} INFO - Setting next_dagrun for urban_data_pipeline to 2026-07-01 00:00:00+00:00, run_after=2026-08-01 00:00:00+00:00
[2026-07-01T13:57:46.698+0000] {processor.py:208} INFO - Processing /opt/airflow/dags/urban_data_pipeline_dag.py took 0.310 seconds
[2026-07-01T13:58:17.483+0000] {processor.py:186} INFO - Started process (PID=2570) to work on /opt/airflow/dags/urban_data_pipeline_dag.py
[2026-07-01T13:58:17.485+0000] {processor.py:914} INFO - Processing file /opt/airflow/dags/urban_data_pipeline_dag.py for tasks to queue
[2026-07-01T13:58:17.488+0000] {logging_mixin.py:190} INFO - [2026-07-01T13:58:17.487+0000] {dagbag.py:588} INFO - Filling up the DagBag from /opt/airflow/dags/urban_data_pipeline_dag.py
[2026-07-01T13:58:17.702+0000] {processor.py:925} INFO - DAG(s) 'urban_data_pipeline' retrieved from /opt/airflow/dags/urban_data_pipeline_dag.py
[2026-07-01T13:58:17.752+0000] {logging_mixin.py:190} INFO - [2026-07-01T13:58:17.752+0000] {dag.py:3239} INFO - Sync 1 DAGs
[2026-07-01T13:58:17.778+0000] {logging_mixin.py:190} INFO - [2026-07-01T13:58:17.778+0000] {dag.py:4180} INFO - Setting next_dagrun for urban_data_pipeline to 2026-07-01 00:00:00+00:00, run_after=2026-08-01 00:00:00+00:00
[2026-07-01T13:58:17.799+0000] {processor.py:208} INFO - Processing /opt/airflow/dags/urban_data_pipeline_dag.py took 0.322 seconds
[2026-07-01T13:58:48.416+0000] {processor.py:186} INFO - Started process (PID=2581) to work on /opt/airflow/dags/urban_data_pipeline_dag.py
[2026-07-01T13:58:48.418+0000] {processor.py:914} INFO - Processing file /opt/airflow/dags/urban_data_pipeline_dag.py for tasks to queue
[2026-07-01T13:58:48.427+0000] {logging_mixin.py:190} INFO - [2026-07-01T13:58:48.426+0000] {dagbag.py:588} INFO - Filling up the DagBag from /opt/airflow/dags/urban_data_pipeline_dag.py
[2026-07-01T13:58:48.590+0000] {processor.py:925} INFO - DAG(s) 'urban_data_pipeline' retrieved from /opt/airflow/dags/urban_data_pipeline_dag.py
[2026-07-01T13:58:48.637+0000] {logging_mixin.py:190} INFO - [2026-07-01T13:58:48.637+0000] {dag.py:3239} INFO - Sync 1 DAGs
[2026-07-01T13:58:48.660+0000] {logging_mixin.py:190} INFO - [2026-07-01T13:58:48.660+0000] {dag.py:4180} INFO - Setting next_dagrun for urban_data_pipeline to 2026-07-01 00:00:00+00:00, run_after=2026-08-01 00:00:00+00:00
[2026-07-01T13:58:48.688+0000] {processor.py:208} INFO - Processing /opt/airflow/dags/urban_data_pipeline_dag.py took 0.282 seconds
[2026-07-01T13:59:19.190+0000] {processor.py:186} INFO - Started process (PID=2599) to work on /opt/airflow/dags/urban_data_pipeline_dag.py
[2026-07-01T13:59:19.192+0000] {processor.py:914} INFO - Processing file /opt/airflow/dags/urban_data_pipeline_dag.py for tasks to queue
[2026-07-01T13:59:19.194+0000] {logging_mixin.py:190} INFO - [2026-07-01T13:59:19.194+0000] {dagbag.py:588} INFO - Filling up the DagBag from /opt/airflow/dags/urban_data_pipeline_dag.py
[2026-07-01T13:59:19.323+0000] {processor.py:925} INFO - DAG(s) 'urban_data_pipeline' retrieved from /opt/airflow/dags/urban_data_pipeline_dag.py
[2026-07-01T13:59:19.370+0000] {logging_mixin.py:190} INFO - [2026-07-01T13:59:19.369+0000] {dag.py:3239} INFO - Sync 1 DAGs
[2026-07-01T13:59:19.400+0000] {logging_mixin.py:190} INFO - [2026-07-01T13:59:19.400+0000] {dag.py:4180} INFO - Setting next_dagrun for urban_data_pipeline to 2026-07-01 00:00:00+00:00, run_after=2026-08-01 00:00:00+00:00
[2026-07-01T13:59:19.433+0000] {processor.py:208} INFO - Processing /opt/airflow/dags/urban_data_pipeline_dag.py took 0.249 seconds
[2026-07-01T13:59:49.742+0000] {processor.py:186} INFO - Started process (PID=2617) to work on /opt/airflow/dags/urban_data_pipeline_dag.py
[2026-07-01T13:59:49.744+0000] {processor.py:914} INFO - Processing file /opt/airflow/dags/urban_data_pipeline_dag.py for tasks to queue
[2026-07-01T13:59:49.747+0000] {logging_mixin.py:190} INFO - [2026-07-01T13:59:49.746+0000] {dagbag.py:588} INFO - Filling up the DagBag from /opt/airflow/dags/urban_data_pipeline_dag.py
[2026-07-01T13:59:49.866+0000] {processor.py:925} INFO - DAG(s) 'urban_data_pipeline' retrieved from /opt/airflow/dags/urban_data_pipeline_dag.py
[2026-07-01T13:59:49.931+0000] {logging_mixin.py:190} INFO - [2026-07-01T13:59:49.931+0000] {dag.py:3239} INFO - Sync 1 DAGs
[2026-07-01T13:59:49.966+0000] {logging_mixin.py:190} INFO - [2026-07-01T13:59:49.965+0000] {dag.py:4180} INFO - Setting next_dagrun for urban_data_pipeline to 2026-07-01 00:00:00+00:00, run_after=2026-08-01 00:00:00+00:00
[2026-07-01T13:59:49.999+0000] {processor.py:208} INFO - Processing /opt/airflow/dags/urban_data_pipeline_dag.py took 0.263 seconds
[2026-07-01T14:00:20.674+0000] {processor.py:186} INFO - Started process (PID=2635) to work on /opt/airflow/dags/urban_data_pipeline_dag.py
[2026-07-01T14:00:20.675+0000] {processor.py:914} INFO - Processing file /opt/airflow/dags/urban_data_pipeline_dag.py for tasks to queue
[2026-07-01T14:00:20.678+0000] {logging_mixin.py:190} INFO - [2026-07-01T14:00:20.678+0000] {dagbag.py:588} INFO - Filling up the DagBag from /opt/airflow/dags/urban_data_pipeline_dag.py
[2026-07-01T14:00:20.791+0000] {processor.py:925} INFO - DAG(s) 'urban_data_pipeline' retrieved from /opt/airflow/dags/urban_data_pipeline_dag.py
[2026-07-01T14:00:20.837+0000] {logging_mixin.py:190} INFO - [2026-07-01T14:00:20.837+0000] {dag.py:3239} INFO - Sync 1 DAGs
[2026-07-01T14:00:20.864+0000] {logging_mixin.py:190} INFO - [2026-07-01T14:00:20.863+0000] {dag.py:4180} INFO - Setting next_dagrun for urban_data_pipeline to 2026-07-01 00:00:00+00:00, run_after=2026-08-01 00:00:00+00:00
[2026-07-01T14:00:20.893+0000] {processor.py:208} INFO - Processing /opt/airflow/dags/urban_data_pipeline_dag.py took 0.227 seconds
[2026-07-01T14:00:51.659+0000] {processor.py:186} INFO - Started process (PID=2653) to work on /opt/airflow/dags/urban_data_pipeline_dag.py
[2026-07-01T14:00:51.664+0000] {processor.py:914} INFO - Processing file /opt/airflow/dags/urban_data_pipeline_dag.py for tasks to queue
[2026-07-01T14:00:51.672+0000] {logging_mixin.py:190} INFO - [2026-07-01T14:00:51.670+0000] {dagbag.py:588} INFO - Filling up the DagBag from /opt/airflow/dags/urban_data_pipeline_dag.py
[2026-07-01T14:00:51.828+0000] {processor.py:925} INFO - DAG(s) 'urban_data_pipeline' retrieved from /opt/airflow/dags/urban_data_pipeline_dag.py
[2026-07-01T14:00:51.875+0000] {logging_mixin.py:190} INFO - [2026-07-01T14:00:51.875+0000] {dag.py:3239} INFO - Sync 1 DAGs
[2026-07-01T14:00:51.903+0000] {logging_mixin.py:190} INFO - [2026-07-01T14:00:51.902+0000] {dag.py:4180} INFO - Setting next_dagrun for urban_data_pipeline to 2026-07-01 00:00:00+00:00, run_after=2026-08-01 00:00:00+00:00
[2026-07-01T14:00:51.930+0000] {processor.py:208} INFO - Processing /opt/airflow/dags/urban_data_pipeline_dag.py took 0.284 seconds
[2026-07-01T14:01:22.370+0000] {processor.py:186} INFO - Started process (PID=2671) to work on /opt/airflow/dags/urban_data_pipeline_dag.py
[2026-07-01T14:01:22.372+0000] {processor.py:914} INFO - Processing file /opt/airflow/dags/urban_data_pipeline_dag.py for tasks to queue
[2026-07-01T14:01:22.377+0000] {logging_mixin.py:190} INFO - [2026-07-01T14:01:22.376+0000] {dagbag.py:588} INFO - Filling up the DagBag from /opt/airflow/dags/urban_data_pipeline_dag.py
[2026-07-01T14:01:22.499+0000] {processor.py:925} INFO - DAG(s) 'urban_data_pipeline' retrieved from /opt/airflow/dags/urban_data_pipeline_dag.py
[2026-07-01T14:01:22.548+0000] {logging_mixin.py:190} INFO - [2026-07-01T14:01:22.548+0000] {dag.py:3239} INFO - Sync 1 DAGs
[2026-07-01T14:01:22.572+0000] {logging_mixin.py:190} INFO - [2026-07-01T14:01:22.572+0000] {dag.py:4180} INFO - Setting next_dagrun for urban_data_pipeline to 2026-07-01 00:00:00+00:00, run_after=2026-08-01 00:00:00+00:00
[2026-07-01T14:01:22.630+0000] {processor.py:208} INFO - Processing /opt/airflow/dags/urban_data_pipeline_dag.py took 0.269 seconds
[2026-07-01T14:01:53.089+0000] {processor.py:186} INFO - Started process (PID=2689) to work on /opt/airflow/dags/urban_data_pipeline_dag.py
[2026-07-01T14:01:53.096+0000] {processor.py:914} INFO - Processing file /opt/airflow/dags/urban_data_pipeline_dag.py for tasks to queue
[2026-07-01T14:01:53.111+0000] {logging_mixin.py:190} INFO - [2026-07-01T14:01:53.109+0000] {dagbag.py:588} INFO - Filling up the DagBag from /opt/airflow/dags/urban_data_pipeline_dag.py
[2026-07-01T14:01:53.271+0000] {processor.py:925} INFO - DAG(s) 'urban_data_pipeline' retrieved from /opt/airflow/dags/urban_data_pipeline_dag.py
[2026-07-01T14:01:53.315+0000] {logging_mixin.py:190} INFO - [2026-07-01T14:01:53.315+0000] {dag.py:3239} INFO - Sync 1 DAGs
[2026-07-01T14:01:53.339+0000] {logging_mixin.py:190} INFO - [2026-07-01T14:01:53.339+0000] {dag.py:4180} INFO - Setting next_dagrun for urban_data_pipeline to 2026-07-01 00:00:00+00:00, run_after=2026-08-01 00:00:00+00:00
[2026-07-01T14:01:53.374+0000] {processor.py:208} INFO - Processing /opt/airflow/dags/urban_data_pipeline_dag.py took 0.321 seconds
[2026-07-01T14:02:23.804+0000] {processor.py:186} INFO - Started process (PID=2707) to work on /opt/airflow/dags/urban_data_pipeline_dag.py
[2026-07-01T14:02:23.809+0000] {processor.py:914} INFO - Processing file /opt/airflow/dags/urban_data_pipeline_dag.py for tasks to queue
[2026-07-01T14:02:23.823+0000] {logging_mixin.py:190} INFO - [2026-07-01T14:02:23.822+0000] {dagbag.py:588} INFO - Filling up the DagBag from /opt/airflow/dags/urban_data_pipeline_dag.py
[2026-07-01T14:02:24.013+0000] {processor.py:925} INFO - DAG(s) 'urban_data_pipeline' retrieved from /opt/airflow/dags/urban_data_pipeline_dag.py
[2026-07-01T14:02:24.061+0000] {logging_mixin.py:190} INFO - [2026-07-01T14:02:24.061+0000] {dag.py:3239} INFO - Sync 1 DAGs
[2026-07-01T14:02:24.086+0000] {logging_mixin.py:190} INFO - [2026-07-01T14:02:24.086+0000] {dag.py:4180} INFO - Setting next_dagrun for urban_data_pipeline to 2026-07-01 00:00:00+00:00, run_after=2026-08-01 00:00:00+00:00
[2026-07-01T14:02:24.112+0000] {processor.py:208} INFO - Processing /opt/airflow/dags/urban_data_pipeline_dag.py took 0.322 seconds
[2026-07-01T14:02:54.601+0000] {processor.py:186} INFO - Started process (PID=2725) to work on /opt/airflow/dags/urban_data_pipeline_dag.py
[2026-07-01T14:02:54.604+0000] {processor.py:914} INFO - Processing file /opt/airflow/dags/urban_data_pipeline_dag.py for tasks to queue
[2026-07-01T14:02:54.609+0000] {logging_mixin.py:190} INFO - [2026-07-01T14:02:54.609+0000] {dagbag.py:588} INFO - Filling up the DagBag from /opt/airflow/dags/urban_data_pipeline_dag.py
[2026-07-01T14:02:55.088+0000] {processor.py:925} INFO - DAG(s) 'urban_data_pipeline' retrieved from /opt/airflow/dags/urban_data_pipeline_dag.py
[2026-07-01T14:02:55.141+0000] {logging_mixin.py:190} INFO - [2026-07-01T14:02:55.141+0000] {dag.py:3239} INFO - Sync 1 DAGs
[2026-07-01T14:02:55.167+0000] {logging_mixin.py:190} INFO - [2026-07-01T14:02:55.167+0000] {dag.py:4180} INFO - Setting next_dagrun for urban_data_pipeline to 2026-07-01 00:00:00+00:00, run_after=2026-08-01 00:00:00+00:00
[2026-07-01T14:02:55.197+0000] {processor.py:208} INFO - Processing /opt/airflow/dags/urban_data_pipeline_dag.py took 0.611 seconds
[2026-07-01T14:03:25.903+0000] {processor.py:186} INFO - Started process (PID=2743) to work on /opt/airflow/dags/urban_data_pipeline_dag.py
[2026-07-01T14:03:25.905+0000] {processor.py:914} INFO - Processing file /opt/airflow/dags/urban_data_pipeline_dag.py for tasks to queue
[2026-07-01T14:03:25.909+0000] {logging_mixin.py:190} INFO - [2026-07-01T14:03:25.908+0000] {dagbag.py:588} INFO - Filling up the DagBag from /opt/airflow/dags/urban_data_pipeline_dag.py
[2026-07-01T14:03:26.084+0000] {processor.py:925} INFO - DAG(s) 'urban_data_pipeline' retrieved from /opt/airflow/dags/urban_data_pipeline_dag.py
[2026-07-01T14:03:26.130+0000] {logging_mixin.py:190} INFO - [2026-07-01T14:03:26.130+0000] {dag.py:3239} INFO - Sync 1 DAGs
[2026-07-01T14:03:26.156+0000] {logging_mixin.py:190} INFO - [2026-07-01T14:03:26.155+0000] {dag.py:4180} INFO - Setting next_dagrun for urban_data_pipeline to 2026-07-01 00:00:00+00:00, run_after=2026-08-01 00:00:00+00:00
[2026-07-01T14:03:26.182+0000] {processor.py:208} INFO - Processing /opt/airflow/dags/urban_data_pipeline_dag.py took 0.291 seconds
[2026-07-01T14:03:56.650+0000] {processor.py:186} INFO - Started process (PID=2760) to work on /opt/airflow/dags/urban_data_pipeline_dag.py
[2026-07-01T14:03:56.655+0000] {processor.py:914} INFO - Processing file /opt/airflow/dags/urban_data_pipeline_dag.py for tasks to queue
[2026-07-01T14:03:56.663+0000] {logging_mixin.py:190} INFO - [2026-07-01T14:03:56.663+0000] {dagbag.py:588} INFO - Filling up the DagBag from /opt/airflow/dags/urban_data_pipeline_dag.py
[2026-07-01T14:03:56.979+0000] {processor.py:925} INFO - DAG(s) 'urban_data_pipeline' retrieved from /opt/airflow/dags/urban_data_pipeline_dag.py
[2026-07-01T14:03:57.025+0000] {logging_mixin.py:190} INFO - [2026-07-01T14:03:57.025+0000] {dag.py:3239} INFO - Sync 1 DAGs
[2026-07-01T14:03:57.051+0000] {logging_mixin.py:190} INFO - [2026-07-01T14:03:57.050+0000] {dag.py:4180} INFO - Setting next_dagrun for urban_data_pipeline to 2026-07-01 00:00:00+00:00, run_after=2026-08-01 00:00:00+00:00
[2026-07-01T14:03:57.077+0000] {processor.py:208} INFO - Processing /opt/airflow/dags/urban_data_pipeline_dag.py took 0.441 seconds
[2026-07-01T14:04:27.863+0000] {processor.py:186} INFO - Started process (PID=2771) to work on /opt/airflow/dags/urban_data_pipeline_dag.py
[2026-07-01T14:04:27.873+0000] {processor.py:914} INFO - Processing file /opt/airflow/dags/urban_data_pipeline_dag.py for tasks to queue
[2026-07-01T14:04:27.882+0000] {logging_mixin.py:190} INFO - [2026-07-01T14:04:27.882+0000] {dagbag.py:588} INFO - Filling up the DagBag from /opt/airflow/dags/urban_data_pipeline_dag.py
[2026-07-01T14:04:28.048+0000] {processor.py:925} INFO - DAG(s) 'urban_data_pipeline' retrieved from /opt/airflow/dags/urban_data_pipeline_dag.py
[2026-07-01T14:04:28.102+0000] {logging_mixin.py:190} INFO - [2026-07-01T14:04:28.101+0000] {dag.py:3239} INFO - Sync 1 DAGs
[2026-07-01T14:04:28.129+0000] {logging_mixin.py:190} INFO - [2026-07-01T14:04:28.129+0000] {dag.py:4180} INFO - Setting next_dagrun for urban_data_pipeline to 2026-07-01 00:00:00+00:00, run_after=2026-08-01 00:00:00+00:00
[2026-07-01T14:04:28.157+0000] {processor.py:208} INFO - Processing /opt/airflow/dags/urban_data_pipeline_dag.py took 0.316 seconds
[2026-07-01T14:04:58.875+0000] {processor.py:186} INFO - Started process (PID=2789) to work on /opt/airflow/dags/urban_data_pipeline_dag.py
[2026-07-01T14:04:58.877+0000] {processor.py:914} INFO - Processing file /opt/airflow/dags/urban_data_pipeline_dag.py for tasks to queue
[2026-07-01T14:04:58.881+0000] {logging_mixin.py:190} INFO - [2026-07-01T14:04:58.881+0000] {dagbag.py:588} INFO - Filling up the DagBag from /opt/airflow/dags/urban_data_pipeline_dag.py
[2026-07-01T14:04:59.305+0000] {processor.py:925} INFO - DAG(s) 'urban_data_pipeline' retrieved from /opt/airflow/dags/urban_data_pipeline_dag.py
[2026-07-01T14:04:59.360+0000] {logging_mixin.py:190} INFO - [2026-07-01T14:04:59.360+0000] {dag.py:3239} INFO - Sync 1 DAGs
[2026-07-01T14:04:59.388+0000] {logging_mixin.py:190} INFO - [2026-07-01T14:04:59.387+0000] {dag.py:4180} INFO - Setting next_dagrun for urban_data_pipeline to 2026-07-01 00:00:00+00:00, run_after=2026-08-01 00:00:00+00:00
[2026-07-01T14:04:59.429+0000] {processor.py:208} INFO - Processing /opt/airflow/dags/urban_data_pipeline_dag.py took 0.564 seconds
[2026-07-01T14:05:30.114+0000] {processor.py:186} INFO - Started process (PID=2807) to work on /opt/airflow/dags/urban_data_pipeline_dag.py
[2026-07-01T14:05:30.115+0000] {processor.py:914} INFO - Processing file /opt/airflow/dags/urban_data_pipeline_dag.py for tasks to queue
[2026-07-01T14:05:30.118+0000] {logging_mixin.py:190} INFO - [2026-07-01T14:05:30.118+0000] {dagbag.py:588} INFO - Filling up the DagBag from /opt/airflow/dags/urban_data_pipeline_dag.py
[2026-07-01T14:05:30.277+0000] {processor.py:925} INFO - DAG(s) 'urban_data_pipeline' retrieved from /opt/airflow/dags/urban_data_pipeline_dag.py
[2026-07-01T14:05:30.329+0000] {logging_mixin.py:190} INFO - [2026-07-01T14:05:30.329+0000] {dag.py:3239} INFO - Sync 1 DAGs
[2026-07-01T14:05:30.355+0000] {logging_mixin.py:190} INFO - [2026-07-01T14:05:30.354+0000] {dag.py:4180} INFO - Setting next_dagrun for urban_data_pipeline to 2026-07-01 00:00:00+00:00, run_after=2026-08-01 00:00:00+00:00
[2026-07-01T14:05:30.377+0000] {processor.py:208} INFO - Processing /opt/airflow/dags/urban_data_pipeline_dag.py took 0.271 seconds
[2026-07-01T14:06:01.005+0000] {processor.py:186} INFO - Started process (PID=2825) to work on /opt/airflow/dags/urban_data_pipeline_dag.py
[2026-07-01T14:06:01.009+0000] {processor.py:914} INFO - Processing file /opt/airflow/dags/urban_data_pipeline_dag.py for tasks to queue
[2026-07-01T14:06:01.015+0000] {logging_mixin.py:190} INFO - [2026-07-01T14:06:01.015+0000] {dagbag.py:588} INFO - Filling up the DagBag from /opt/airflow/dags/urban_data_pipeline_dag.py
[2026-07-01T14:06:01.156+0000] {processor.py:925} INFO - DAG(s) 'urban_data_pipeline' retrieved from /opt/airflow/dags/urban_data_pipeline_dag.py
[2026-07-01T14:06:01.202+0000] {logging_mixin.py:190} INFO - [2026-07-01T14:06:01.202+0000] {dag.py:3239} INFO - Sync 1 DAGs
[2026-07-01T14:06:01.228+0000] {logging_mixin.py:190} INFO - [2026-07-01T14:06:01.228+0000] {dag.py:4180} INFO - Setting next_dagrun for urban_data_pipeline to 2026-07-01 00:00:00+00:00, run_after=2026-08-01 00:00:00+00:00
[2026-07-01T14:06:01.261+0000] {processor.py:208} INFO - Processing /opt/airflow/dags/urban_data_pipeline_dag.py took 0.284 seconds
[2026-07-01T14:06:31.998+0000] {processor.py:186} INFO - Started process (PID=2843) to work on /opt/airflow/dags/urban_data_pipeline_dag.py
[2026-07-01T14:06:31.999+0000] {processor.py:914} INFO - Processing file /opt/airflow/dags/urban_data_pipeline_dag.py for tasks to queue
[2026-07-01T14:06:32.003+0000] {logging_mixin.py:190} INFO - [2026-07-01T14:06:32.002+0000] {dagbag.py:588} INFO - Filling up the DagBag from /opt/airflow/dags/urban_data_pipeline_dag.py
[2026-07-01T14:06:32.135+0000] {processor.py:925} INFO - DAG(s) 'urban_data_pipeline' retrieved from /opt/airflow/dags/urban_data_pipeline_dag.py
[2026-07-01T14:06:32.179+0000] {logging_mixin.py:190} INFO - [2026-07-01T14:06:32.178+0000] {dag.py:3239} INFO - Sync 1 DAGs
[2026-07-01T14:06:32.202+0000] {logging_mixin.py:190} INFO - [2026-07-01T14:06:32.202+0000] {dag.py:4180} INFO - Setting next_dagrun for urban_data_pipeline to 2026-07-01 00:00:00+00:00, run_after=2026-08-01 00:00:00+00:00
[2026-07-01T14:06:32.231+0000] {processor.py:208} INFO - Processing /opt/airflow/dags/urban_data_pipeline_dag.py took 0.239 seconds
[2026-07-01T14:07:02.745+0000] {processor.py:186} INFO - Started process (PID=2861) to work on /opt/airflow/dags/urban_data_pipeline_dag.py
[2026-07-01T14:07:02.747+0000] {processor.py:914} INFO - Processing file /opt/airflow/dags/urban_data_pipeline_dag.py for tasks to queue
[2026-07-01T14:07:02.751+0000] {logging_mixin.py:190} INFO - [2026-07-01T14:07:02.750+0000] {dagbag.py:588} INFO - Filling up the DagBag from /opt/airflow/dags/urban_data_pipeline_dag.py
[2026-07-01T14:07:03.073+0000] {processor.py:925} INFO - DAG(s) 'urban_data_pipeline' retrieved from /opt/airflow/dags/urban_data_pipeline_dag.py
[2026-07-01T14:07:03.120+0000] {logging_mixin.py:190} INFO - [2026-07-01T14:07:03.119+0000] {dag.py:3239} INFO - Sync 1 DAGs
[2026-07-01T14:07:03.146+0000] {logging_mixin.py:190} INFO - [2026-07-01T14:07:03.146+0000] {dag.py:4180} INFO - Setting next_dagrun for urban_data_pipeline to 2026-07-01 00:00:00+00:00, run_after=2026-08-01 00:00:00+00:00
[2026-07-01T14:07:03.171+0000] {processor.py:208} INFO - Processing /opt/airflow/dags/urban_data_pipeline_dag.py took 0.436 seconds
[2026-07-01T14:07:33.920+0000] {processor.py:186} INFO - Started process (PID=2879) to work on /opt/airflow/dags/urban_data_pipeline_dag.py
[2026-07-01T14:07:33.922+0000] {processor.py:914} INFO - Processing file /opt/airflow/dags/urban_data_pipeline_dag.py for tasks to queue
[2026-07-01T14:07:33.925+0000] {logging_mixin.py:190} INFO - [2026-07-01T14:07:33.925+0000] {dagbag.py:588} INFO - Filling up the DagBag from /opt/airflow/dags/urban_data_pipeline_dag.py
[2026-07-01T14:07:34.040+0000] {processor.py:925} INFO - DAG(s) 'urban_data_pipeline' retrieved from /opt/airflow/dags/urban_data_pipeline_dag.py
[2026-07-01T14:07:34.087+0000] {logging_mixin.py:190} INFO - [2026-07-01T14:07:34.087+0000] {dag.py:3239} INFO - Sync 1 DAGs
[2026-07-01T14:07:34.118+0000] {logging_mixin.py:190} INFO - [2026-07-01T14:07:34.118+0000] {dag.py:4180} INFO - Setting next_dagrun for urban_data_pipeline to 2026-07-01 00:00:00+00:00, run_after=2026-08-01 00:00:00+00:00
[2026-07-01T14:07:34.156+0000] {processor.py:208} INFO - Processing /opt/airflow/dags/urban_data_pipeline_dag.py took 0.243 seconds
[2026-07-01T14:08:04.779+0000] {processor.py:186} INFO - Started process (PID=2897) to work on /opt/airflow/dags/urban_data_pipeline_dag.py
[2026-07-01T14:08:04.781+0000] {processor.py:914} INFO - Processing file /opt/airflow/dags/urban_data_pipeline_dag.py for tasks to queue
[2026-07-01T14:08:04.784+0000] {logging_mixin.py:190} INFO - [2026-07-01T14:08:04.784+0000] {dagbag.py:588} INFO - Filling up the DagBag from /opt/airflow/dags/urban_data_pipeline_dag.py
[2026-07-01T14:08:04.922+0000] {processor.py:925} INFO - DAG(s) 'urban_data_pipeline' retrieved from /opt/airflow/dags/urban_data_pipeline_dag.py
[2026-07-01T14:08:04.968+0000] {logging_mixin.py:190} INFO - [2026-07-01T14:08:04.967+0000] {dag.py:3239} INFO - Sync 1 DAGs
[2026-07-01T14:08:04.994+0000] {logging_mixin.py:190} INFO - [2026-07-01T14:08:04.994+0000] {dag.py:4180} INFO - Setting next_dagrun for urban_data_pipeline to 2026-07-01 00:00:00+00:00, run_after=2026-08-01 00:00:00+00:00
[2026-07-01T14:08:05.018+0000] {processor.py:208} INFO - Processing /opt/airflow/dags/urban_data_pipeline_dag.py took 0.246 seconds
[2026-07-01T14:08:35.504+0000] {processor.py:186} INFO - Started process (PID=2915) to work on /opt/airflow/dags/urban_data_pipeline_dag.py
[2026-07-01T14:08:35.505+0000] {processor.py:914} INFO - Processing file /opt/airflow/dags/urban_data_pipeline_dag.py for tasks to queue
[2026-07-01T14:08:35.509+0000] {logging_mixin.py:190} INFO - [2026-07-01T14:08:35.509+0000] {dagbag.py:588} INFO - Filling up the DagBag from /opt/airflow/dags/urban_data_pipeline_dag.py
[2026-07-01T14:08:35.630+0000] {processor.py:925} INFO - DAG(s) 'urban_data_pipeline' retrieved from /opt/airflow/dags/urban_data_pipeline_dag.py
[2026-07-01T14:08:35.676+0000] {logging_mixin.py:190} INFO - [2026-07-01T14:08:35.675+0000] {dag.py:3239} INFO - Sync 1 DAGs
[2026-07-01T14:08:35.701+0000] {logging_mixin.py:190} INFO - [2026-07-01T14:08:35.700+0000] {dag.py:4180} INFO - Setting next_dagrun for urban_data_pipeline to 2026-07-01 00:00:00+00:00, run_after=2026-08-01 00:00:00+00:00
[2026-07-01T14:08:35.723+0000] {processor.py:208} INFO - Processing /opt/airflow/dags/urban_data_pipeline_dag.py took 0.227 seconds
[2026-07-01T14:09:06.125+0000] {processor.py:186} INFO - Started process (PID=2932) to work on /opt/airflow/dags/urban_data_pipeline_dag.py
[2026-07-01T14:09:06.126+0000] {processor.py:914} INFO - Processing file /opt/airflow/dags/urban_data_pipeline_dag.py for tasks to queue
[2026-07-01T14:09:06.129+0000] {logging_mixin.py:190} INFO - [2026-07-01T14:09:06.129+0000] {dagbag.py:588} INFO - Filling up the DagBag from /opt/airflow/dags/urban_data_pipeline_dag.py
[2026-07-01T14:09:06.272+0000] {processor.py:925} INFO - DAG(s) 'urban_data_pipeline' retrieved from /opt/airflow/dags/urban_data_pipeline_dag.py
[2026-07-01T14:09:06.329+0000] {logging_mixin.py:190} INFO - [2026-07-01T14:09:06.328+0000] {dag.py:3239} INFO - Sync 1 DAGs
[2026-07-01T14:09:06.356+0000] {logging_mixin.py:190} INFO - [2026-07-01T14:09:06.356+0000] {dag.py:4180} INFO - Setting next_dagrun for urban_data_pipeline to 2026-07-01 00:00:00+00:00, run_after=2026-08-01 00:00:00+00:00
[2026-07-01T14:09:06.383+0000] {processor.py:208} INFO - Processing /opt/airflow/dags/urban_data_pipeline_dag.py took 0.264 seconds
[2026-07-01T14:09:37.062+0000] {processor.py:186} INFO - Started process (PID=2950) to work on /opt/airflow/dags/urban_data_pipeline_dag.py
[2026-07-01T14:09:37.064+0000] {processor.py:914} INFO - Processing file /opt/airflow/dags/urban_data_pipeline_dag.py for tasks to queue
[2026-07-01T14:09:37.068+0000] {logging_mixin.py:190} INFO - [2026-07-01T14:09:37.068+0000] {dagbag.py:588} INFO - Filling up the DagBag from /opt/airflow/dags/urban_data_pipeline_dag.py
[2026-07-01T14:09:37.173+0000] {processor.py:925} INFO - DAG(s) 'urban_data_pipeline' retrieved from /opt/airflow/dags/urban_data_pipeline_dag.py
[2026-07-01T14:09:37.215+0000] {logging_mixin.py:190} INFO - [2026-07-01T14:09:37.215+0000] {dag.py:3239} INFO - Sync 1 DAGs
[2026-07-01T14:09:37.241+0000] {logging_mixin.py:190} INFO - [2026-07-01T14:09:37.241+0000] {dag.py:4180} INFO - Setting next_dagrun for urban_data_pipeline to 2026-07-01 00:00:00+00:00, run_after=2026-08-01 00:00:00+00:00
[2026-07-01T14:09:37.264+0000] {processor.py:208} INFO - Processing /opt/airflow/dags/urban_data_pipeline_dag.py took 0.209 seconds
[2026-07-01T14:10:07.627+0000] {processor.py:186} INFO - Started process (PID=2962) to work on /opt/airflow/dags/urban_data_pipeline_dag.py
[2026-07-01T14:10:07.629+0000] {processor.py:914} INFO - Processing file /opt/airflow/dags/urban_data_pipeline_dag.py for tasks to queue
[2026-07-01T14:10:07.632+0000] {logging_mixin.py:190} INFO - [2026-07-01T14:10:07.631+0000] {dagbag.py:588} INFO - Filling up the DagBag from /opt/airflow/dags/urban_data_pipeline_dag.py
[2026-07-01T14:10:07.792+0000] {processor.py:925} INFO - DAG(s) 'urban_data_pipeline' retrieved from /opt/airflow/dags/urban_data_pipeline_dag.py
[2026-07-01T14:10:07.873+0000] {logging_mixin.py:190} INFO - [2026-07-01T14:10:07.872+0000] {dag.py:3239} INFO - Sync 1 DAGs
[2026-07-01T14:10:07.899+0000] {logging_mixin.py:190} INFO - [2026-07-01T14:10:07.899+0000] {dag.py:4180} INFO - Setting next_dagrun for urban_data_pipeline to 2026-07-01 00:00:00+00:00, run_after=2026-08-01 00:00:00+00:00
[2026-07-01T14:10:07.927+0000] {processor.py:208} INFO - Processing /opt/airflow/dags/urban_data_pipeline_dag.py took 0.307 seconds
[2026-07-01T14:10:38.612+0000] {processor.py:186} INFO - Started process (PID=2980) to work on /opt/airflow/dags/urban_data_pipeline_dag.py
[2026-07-01T14:10:38.614+0000] {processor.py:914} INFO - Processing file /opt/airflow/dags/urban_data_pipeline_dag.py for tasks to queue
[2026-07-01T14:10:38.616+0000] {logging_mixin.py:190} INFO - [2026-07-01T14:10:38.616+0000] {dagbag.py:588} INFO - Filling up the DagBag from /opt/airflow/dags/urban_data_pipeline_dag.py
[2026-07-01T14:10:38.731+0000] {processor.py:925} INFO - DAG(s) 'urban_data_pipeline' retrieved from /opt/airflow/dags/urban_data_pipeline_dag.py
[2026-07-01T14:10:38.786+0000] {logging_mixin.py:190} INFO - [2026-07-01T14:10:38.785+0000] {dag.py:3239} INFO - Sync 1 DAGs
[2026-07-01T14:10:38.814+0000] {logging_mixin.py:190} INFO - [2026-07-01T14:10:38.813+0000] {dag.py:4180} INFO - Setting next_dagrun for urban_data_pipeline to 2026-07-01 00:00:00+00:00, run_after=2026-08-01 00:00:00+00:00
[2026-07-01T14:10:38.862+0000] {processor.py:208} INFO - Processing /opt/airflow/dags/urban_data_pipeline_dag.py took 0.256 seconds
[2026-07-01T14:11:09.582+0000] {processor.py:186} INFO - Started process (PID=2998) to work on /opt/airflow/dags/urban_data_pipeline_dag.py
[2026-07-01T14:11:09.584+0000] {processor.py:914} INFO - Processing file /opt/airflow/dags/urban_data_pipeline_dag.py for tasks to queue
[2026-07-01T14:11:09.587+0000] {logging_mixin.py:190} INFO - [2026-07-01T14:11:09.587+0000] {dagbag.py:588} INFO - Filling up the DagBag from /opt/airflow/dags/urban_data_pipeline_dag.py
[2026-07-01T14:11:09.837+0000] {processor.py:925} INFO - DAG(s) 'urban_data_pipeline' retrieved from /opt/airflow/dags/urban_data_pipeline_dag.py
[2026-07-01T14:11:09.877+0000] {logging_mixin.py:190} INFO - [2026-07-01T14:11:09.877+0000] {dag.py:3239} INFO - Sync 1 DAGs
[2026-07-01T14:11:09.898+0000] {logging_mixin.py:190} INFO - [2026-07-01T14:11:09.898+0000] {dag.py:4180} INFO - Setting next_dagrun for urban_data_pipeline to 2026-07-01 00:00:00+00:00, run_after=2026-08-01 00:00:00+00:00
[2026-07-01T14:11:09.923+0000] {processor.py:208} INFO - Processing /opt/airflow/dags/urban_data_pipeline_dag.py took 0.346 seconds
[2026-07-01T14:11:40.389+0000] {processor.py:186} INFO - Started process (PID=3016) to work on /opt/airflow/dags/urban_data_pipeline_dag.py
[2026-07-01T14:11:40.392+0000] {processor.py:914} INFO - Processing file /opt/airflow/dags/urban_data_pipeline_dag.py for tasks to queue
[2026-07-01T14:11:40.401+0000] {logging_mixin.py:190} INFO - [2026-07-01T14:11:40.400+0000] {dagbag.py:588} INFO - Filling up the DagBag from /opt/airflow/dags/urban_data_pipeline_dag.py
[2026-07-01T14:11:40.696+0000] {processor.py:925} INFO - DAG(s) 'urban_data_pipeline' retrieved from /opt/airflow/dags/urban_data_pipeline_dag.py
[2026-07-01T14:11:40.819+0000] {logging_mixin.py:190} INFO - [2026-07-01T14:11:40.819+0000] {dag.py:3239} INFO - Sync 1 DAGs
[2026-07-01T14:11:40.844+0000] {logging_mixin.py:190} INFO - [2026-07-01T14:11:40.844+0000] {dag.py:4180} INFO - Setting next_dagrun for urban_data_pipeline to 2026-07-01 00:00:00+00:00, run_after=2026-08-01 00:00:00+00:00
[2026-07-01T14:11:40.869+0000] {processor.py:208} INFO - Processing /opt/airflow/dags/urban_data_pipeline_dag.py took 0.498 seconds
[2026-07-01T14:12:11.755+0000] {processor.py:186} INFO - Started process (PID=3034) to work on /opt/airflow/dags/urban_data_pipeline_dag.py
[2026-07-01T14:12:11.760+0000] {processor.py:914} INFO - Processing file /opt/airflow/dags/urban_data_pipeline_dag.py for tasks to queue
[2026-07-01T14:12:11.764+0000] {logging_mixin.py:190} INFO - [2026-07-01T14:12:11.764+0000] {dagbag.py:588} INFO - Filling up the DagBag from /opt/airflow/dags/urban_data_pipeline_dag.py
[2026-07-01T14:12:12.054+0000] {processor.py:925} INFO - DAG(s) 'urban_data_pipeline' retrieved from /opt/airflow/dags/urban_data_pipeline_dag.py
[2026-07-01T14:12:12.126+0000] {logging_mixin.py:190} INFO - [2026-07-01T14:12:12.125+0000] {dag.py:3239} INFO - Sync 1 DAGs
[2026-07-01T14:12:12.158+0000] {logging_mixin.py:190} INFO - [2026-07-01T14:12:12.158+0000] {dag.py:4180} INFO - Setting next_dagrun for urban_data_pipeline to 2026-07-01 00:00:00+00:00, run_after=2026-08-01 00:00:00+00:00
[2026-07-01T14:12:12.199+0000] {processor.py:208} INFO - Processing /opt/airflow/dags/urban_data_pipeline_dag.py took 0.455 seconds
[2026-07-01T14:12:42.334+0000] {processor.py:186} INFO - Started process (PID=3052) to work on /opt/airflow/dags/urban_data_pipeline_dag.py
[2026-07-01T14:12:42.336+0000] {processor.py:914} INFO - Processing file /opt/airflow/dags/urban_data_pipeline_dag.py for tasks to queue
[2026-07-01T14:12:42.339+0000] {logging_mixin.py:190} INFO - [2026-07-01T14:12:42.339+0000] {dagbag.py:588} INFO - Filling up the DagBag from /opt/airflow/dags/urban_data_pipeline_dag.py
[2026-07-01T14:12:42.461+0000] {processor.py:925} INFO - DAG(s) 'urban_data_pipeline' retrieved from /opt/airflow/dags/urban_data_pipeline_dag.py
[2026-07-01T14:12:42.509+0000] {logging_mixin.py:190} INFO - [2026-07-01T14:12:42.509+0000] {dag.py:3239} INFO - Sync 1 DAGs
[2026-07-01T14:12:42.533+0000] {logging_mixin.py:190} INFO - [2026-07-01T14:12:42.533+0000] {dag.py:4180} INFO - Setting next_dagrun for urban_data_pipeline to 2026-07-01 00:00:00+00:00, run_after=2026-08-01 00:00:00+00:00
[2026-07-01T14:12:42.557+0000] {processor.py:208} INFO - Processing /opt/airflow/dags/urban_data_pipeline_dag.py took 0.232 seconds
[2026-07-01T14:13:13.255+0000] {processor.py:186} INFO - Started process (PID=3070) to work on /opt/airflow/dags/urban_data_pipeline_dag.py
[2026-07-01T14:13:13.257+0000] {processor.py:914} INFO - Processing file /opt/airflow/dags/urban_data_pipeline_dag.py for tasks to queue
[2026-07-01T14:13:13.260+0000] {logging_mixin.py:190} INFO - [2026-07-01T14:13:13.259+0000] {dagbag.py:588} INFO - Filling up the DagBag from /opt/airflow/dags/urban_data_pipeline_dag.py
[2026-07-01T14:13:13.487+0000] {processor.py:925} INFO - DAG(s) 'urban_data_pipeline' retrieved from /opt/airflow/dags/urban_data_pipeline_dag.py
[2026-07-01T14:13:13.535+0000] {logging_mixin.py:190} INFO - [2026-07-01T14:13:13.534+0000] {dag.py:3239} INFO - Sync 1 DAGs
[2026-07-01T14:13:13.561+0000] {logging_mixin.py:190} INFO - [2026-07-01T14:13:13.561+0000] {dag.py:4180} INFO - Setting next_dagrun for urban_data_pipeline to 2026-07-01 00:00:00+00:00, run_after=2026-08-01 00:00:00+00:00
[2026-07-01T14:13:13.587+0000] {processor.py:208} INFO - Processing /opt/airflow/dags/urban_data_pipeline_dag.py took 0.338 seconds
[2026-07-01T14:13:44.246+0000] {processor.py:186} INFO - Started process (PID=3088) to work on /opt/airflow/dags/urban_data_pipeline_dag.py
[2026-07-01T14:13:44.247+0000] {processor.py:914} INFO - Processing file /opt/airflow/dags/urban_data_pipeline_dag.py for tasks to queue
[2026-07-01T14:13:44.251+0000] {logging_mixin.py:190} INFO - [2026-07-01T14:13:44.251+0000] {dagbag.py:588} INFO - Filling up the DagBag from /opt/airflow/dags/urban_data_pipeline_dag.py
[2026-07-01T14:13:44.463+0000] {processor.py:925} INFO - DAG(s) 'urban_data_pipeline' retrieved from /opt/airflow/dags/urban_data_pipeline_dag.py
[2026-07-01T14:13:44.514+0000] {logging_mixin.py:190} INFO - [2026-07-01T14:13:44.514+0000] {dag.py:3239} INFO - Sync 1 DAGs
[2026-07-01T14:13:44.545+0000] {logging_mixin.py:190} INFO - [2026-07-01T14:13:44.544+0000] {dag.py:4180} INFO - Setting next_dagrun for urban_data_pipeline to 2026-07-01 00:00:00+00:00, run_after=2026-08-01 00:00:00+00:00
[2026-07-01T14:13:44.568+0000] {processor.py:208} INFO - Processing /opt/airflow/dags/urban_data_pipeline_dag.py took 0.331 seconds
[2026-07-01T14:14:14.751+0000] {processor.py:186} INFO - Started process (PID=3106) to work on /opt/airflow/dags/urban_data_pipeline_dag.py
[2026-07-01T14:14:14.753+0000] {processor.py:914} INFO - Processing file /opt/airflow/dags/urban_data_pipeline_dag.py for tasks to queue
[2026-07-01T14:14:14.755+0000] {logging_mixin.py:190} INFO - [2026-07-01T14:14:14.755+0000] {dagbag.py:588} INFO - Filling up the DagBag from /opt/airflow/dags/urban_data_pipeline_dag.py
[2026-07-01T14:14:14.896+0000] {processor.py:925} INFO - DAG(s) 'urban_data_pipeline' retrieved from /opt/airflow/dags/urban_data_pipeline_dag.py
[2026-07-01T14:14:14.944+0000] {logging_mixin.py:190} INFO - [2026-07-01T14:14:14.944+0000] {dag.py:3239} INFO - Sync 1 DAGs
[2026-07-01T14:14:14.969+0000] {logging_mixin.py:190} INFO - [2026-07-01T14:14:14.969+0000] {dag.py:4180} INFO - Setting next_dagrun for urban_data_pipeline to 2026-07-01 00:00:00+00:00, run_after=2026-08-01 00:00:00+00:00
[2026-07-01T14:14:14.994+0000] {processor.py:208} INFO - Processing /opt/airflow/dags/urban_data_pipeline_dag.py took 0.249 seconds
[2026-07-01T14:14:45.665+0000] {processor.py:186} INFO - Started process (PID=3124) to work on /opt/airflow/dags/urban_data_pipeline_dag.py
[2026-07-01T14:14:45.667+0000] {processor.py:914} INFO - Processing file /opt/airflow/dags/urban_data_pipeline_dag.py for tasks to queue
[2026-07-01T14:14:45.673+0000] {logging_mixin.py:190} INFO - [2026-07-01T14:14:45.673+0000] {dagbag.py:588} INFO - Filling up the DagBag from /opt/airflow/dags/urban_data_pipeline_dag.py
[2026-07-01T14:14:46.025+0000] {processor.py:925} INFO - DAG(s) 'urban_data_pipeline' retrieved from /opt/airflow/dags/urban_data_pipeline_dag.py
[2026-07-01T14:14:46.087+0000] {logging_mixin.py:190} INFO - [2026-07-01T14:14:46.087+0000] {dag.py:3239} INFO - Sync 1 DAGs
[2026-07-01T14:14:46.114+0000] {logging_mixin.py:190} INFO - [2026-07-01T14:14:46.114+0000] {dag.py:4180} INFO - Setting next_dagrun for urban_data_pipeline to 2026-07-01 00:00:00+00:00, run_after=2026-08-01 00:00:00+00:00
[2026-07-01T14:14:46.146+0000] {processor.py:208} INFO - Processing /opt/airflow/dags/urban_data_pipeline_dag.py took 0.492 seconds
[2026-07-01T14:15:16.820+0000] {processor.py:186} INFO - Started process (PID=3144) to work on /opt/airflow/dags/urban_data_pipeline_dag.py
[2026-07-01T14:15:16.822+0000] {processor.py:914} INFO - Processing file /opt/airflow/dags/urban_data_pipeline_dag.py for tasks to queue
[2026-07-01T14:15:16.825+0000] {logging_mixin.py:190} INFO - [2026-07-01T14:15:16.825+0000] {dagbag.py:588} INFO - Filling up the DagBag from /opt/airflow/dags/urban_data_pipeline_dag.py
[2026-07-01T14:15:16.974+0000] {processor.py:925} INFO - DAG(s) 'urban_data_pipeline' retrieved from /opt/airflow/dags/urban_data_pipeline_dag.py
[2026-07-01T14:15:17.025+0000] {logging_mixin.py:190} INFO - [2026-07-01T14:15:17.025+0000] {dag.py:3239} INFO - Sync 1 DAGs
[2026-07-01T14:15:17.059+0000] {logging_mixin.py:190} INFO - [2026-07-01T14:15:17.059+0000] {dag.py:4180} INFO - Setting next_dagrun for urban_data_pipeline to 2026-07-01 00:00:00+00:00, run_after=2026-08-01 00:00:00+00:00
[2026-07-01T14:15:17.089+0000] {processor.py:208} INFO - Processing /opt/airflow/dags/urban_data_pipeline_dag.py took 0.286 seconds
[2026-07-01T14:15:47.503+0000] {processor.py:186} INFO - Started process (PID=3155) to work on /opt/airflow/dags/urban_data_pipeline_dag.py
[2026-07-01T14:15:47.504+0000] {processor.py:914} INFO - Processing file /opt/airflow/dags/urban_data_pipeline_dag.py for tasks to queue
[2026-07-01T14:15:47.507+0000] {logging_mixin.py:190} INFO - [2026-07-01T14:15:47.507+0000] {dagbag.py:588} INFO - Filling up the DagBag from /opt/airflow/dags/urban_data_pipeline_dag.py
[2026-07-01T14:15:47.644+0000] {processor.py:925} INFO - DAG(s) 'urban_data_pipeline' retrieved from /opt/airflow/dags/urban_data_pipeline_dag.py
[2026-07-01T14:15:47.695+0000] {logging_mixin.py:190} INFO - [2026-07-01T14:15:47.695+0000] {dag.py:3239} INFO - Sync 1 DAGs
[2026-07-01T14:15:47.724+0000] {logging_mixin.py:190} INFO - [2026-07-01T14:15:47.724+0000] {dag.py:4180} INFO - Setting next_dagrun for urban_data_pipeline to 2026-07-01 00:00:00+00:00, run_after=2026-08-01 00:00:00+00:00
[2026-07-01T14:15:47.750+0000] {processor.py:208} INFO - Processing /opt/airflow/dags/urban_data_pipeline_dag.py took 0.254 seconds
[2026-07-01T14:16:18.256+0000] {processor.py:186} INFO - Started process (PID=3173) to work on /opt/airflow/dags/urban_data_pipeline_dag.py
[2026-07-01T14:16:18.259+0000] {processor.py:914} INFO - Processing file /opt/airflow/dags/urban_data_pipeline_dag.py for tasks to queue
[2026-07-01T14:16:18.265+0000] {logging_mixin.py:190} INFO - [2026-07-01T14:16:18.264+0000] {dagbag.py:588} INFO - Filling up the DagBag from /opt/airflow/dags/urban_data_pipeline_dag.py
[2026-07-01T14:16:18.401+0000] {processor.py:925} INFO - DAG(s) 'urban_data_pipeline' retrieved from /opt/airflow/dags/urban_data_pipeline_dag.py
[2026-07-01T14:16:18.445+0000] {logging_mixin.py:190} INFO - [2026-07-01T14:16:18.445+0000] {dag.py:3239} INFO - Sync 1 DAGs
[2026-07-01T14:16:18.470+0000] {logging_mixin.py:190} INFO - [2026-07-01T14:16:18.469+0000] {dag.py:4180} INFO - Setting next_dagrun for urban_data_pipeline to 2026-07-01 00:00:00+00:00, run_after=2026-08-01 00:00:00+00:00
[2026-07-01T14:16:18.496+0000] {processor.py:208} INFO - Processing /opt/airflow/dags/urban_data_pipeline_dag.py took 0.253 seconds
[2026-07-01T14:16:49.122+0000] {processor.py:186} INFO - Started process (PID=3191) to work on /opt/airflow/dags/urban_data_pipeline_dag.py
[2026-07-01T14:16:49.124+0000] {processor.py:914} INFO - Processing file /opt/airflow/dags/urban_data_pipeline_dag.py for tasks to queue
[2026-07-01T14:16:49.129+0000] {logging_mixin.py:190} INFO - [2026-07-01T14:16:49.128+0000] {dagbag.py:588} INFO - Filling up the DagBag from /opt/airflow/dags/urban_data_pipeline_dag.py
[2026-07-01T14:16:49.256+0000] {processor.py:925} INFO - DAG(s) 'urban_data_pipeline' retrieved from /opt/airflow/dags/urban_data_pipeline_dag.py
[2026-07-01T14:16:49.301+0000] {logging_mixin.py:190} INFO - [2026-07-01T14:16:49.300+0000] {dag.py:3239} INFO - Sync 1 DAGs
[2026-07-01T14:16:49.326+0000] {logging_mixin.py:190} INFO - [2026-07-01T14:16:49.326+0000] {dag.py:4180} INFO - Setting next_dagrun for urban_data_pipeline to 2026-07-01 00:00:00+00:00, run_after=2026-08-01 00:00:00+00:00
[2026-07-01T14:16:49.350+0000] {processor.py:208} INFO - Processing /opt/airflow/dags/urban_data_pipeline_dag.py took 0.242 seconds
[2026-07-01T14:17:20.071+0000] {processor.py:186} INFO - Started process (PID=3209) to work on /opt/airflow/dags/urban_data_pipeline_dag.py
[2026-07-01T14:17:20.073+0000] {processor.py:914} INFO - Processing file /opt/airflow/dags/urban_data_pipeline_dag.py for tasks to queue
[2026-07-01T14:17:20.077+0000] {logging_mixin.py:190} INFO - [2026-07-01T14:17:20.076+0000] {dagbag.py:588} INFO - Filling up the DagBag from /opt/airflow/dags/urban_data_pipeline_dag.py
[2026-07-01T14:17:20.395+0000] {processor.py:925} INFO - DAG(s) 'urban_data_pipeline' retrieved from /opt/airflow/dags/urban_data_pipeline_dag.py
[2026-07-01T14:17:20.453+0000] {logging_mixin.py:190} INFO - [2026-07-01T14:17:20.453+0000] {dag.py:3239} INFO - Sync 1 DAGs
[2026-07-01T14:17:20.478+0000] {logging_mixin.py:190} INFO - [2026-07-01T14:17:20.478+0000] {dag.py:4180} INFO - Setting next_dagrun for urban_data_pipeline to 2026-07-01 00:00:00+00:00, run_after=2026-08-01 00:00:00+00:00
[2026-07-01T14:17:20.502+0000] {processor.py:208} INFO - Processing /opt/airflow/dags/urban_data_pipeline_dag.py took 0.440 seconds
[2026-07-01T14:17:50.813+0000] {processor.py:186} INFO - Started process (PID=3227) to work on /opt/airflow/dags/urban_data_pipeline_dag.py
[2026-07-01T14:17:50.817+0000] {processor.py:914} INFO - Processing file /opt/airflow/dags/urban_data_pipeline_dag.py for tasks to queue
[2026-07-01T14:17:50.820+0000] {logging_mixin.py:190} INFO - [2026-07-01T14:17:50.820+0000] {dagbag.py:588} INFO - Filling up the DagBag from /opt/airflow/dags/urban_data_pipeline_dag.py
[2026-07-01T14:17:50.954+0000] {processor.py:925} INFO - DAG(s) 'urban_data_pipeline' retrieved from /opt/airflow/dags/urban_data_pipeline_dag.py
[2026-07-01T14:17:51.001+0000] {logging_mixin.py:190} INFO - [2026-07-01T14:17:51.001+0000] {dag.py:3239} INFO - Sync 1 DAGs
[2026-07-01T14:17:51.027+0000] {logging_mixin.py:190} INFO - [2026-07-01T14:17:51.026+0000] {dag.py:4180} INFO - Setting next_dagrun for urban_data_pipeline to 2026-07-01 00:00:00+00:00, run_after=2026-08-01 00:00:00+00:00
[2026-07-01T14:17:51.054+0000] {processor.py:208} INFO - Processing /opt/airflow/dags/urban_data_pipeline_dag.py took 0.250 seconds
[2026-07-01T14:18:21.561+0000] {processor.py:186} INFO - Started process (PID=3245) to work on /opt/airflow/dags/urban_data_pipeline_dag.py
[2026-07-01T14:18:21.563+0000] {processor.py:914} INFO - Processing file /opt/airflow/dags/urban_data_pipeline_dag.py for tasks to queue
[2026-07-01T14:18:21.569+0000] {logging_mixin.py:190} INFO - [2026-07-01T14:18:21.569+0000] {dagbag.py:588} INFO - Filling up the DagBag from /opt/airflow/dags/urban_data_pipeline_dag.py
[2026-07-01T14:18:21.702+0000] {processor.py:925} INFO - DAG(s) 'urban_data_pipeline' retrieved from /opt/airflow/dags/urban_data_pipeline_dag.py
[2026-07-01T14:18:21.745+0000] {logging_mixin.py:190} INFO - [2026-07-01T14:18:21.745+0000] {dag.py:3239} INFO - Sync 1 DAGs
[2026-07-01T14:18:21.771+0000] {logging_mixin.py:190} INFO - [2026-07-01T14:18:21.771+0000] {dag.py:4180} INFO - Setting next_dagrun for urban_data_pipeline to 2026-07-01 00:00:00+00:00, run_after=2026-08-01 00:00:00+00:00
[2026-07-01T14:18:21.796+0000] {processor.py:208} INFO - Processing /opt/airflow/dags/urban_data_pipeline_dag.py took 0.248 seconds
[2026-07-01T14:18:52.354+0000] {processor.py:186} INFO - Started process (PID=3263) to work on /opt/airflow/dags/urban_data_pipeline_dag.py
[2026-07-01T14:18:52.356+0000] {processor.py:914} INFO - Processing file /opt/airflow/dags/urban_data_pipeline_dag.py for tasks to queue
[2026-07-01T14:18:52.359+0000] {logging_mixin.py:190} INFO - [2026-07-01T14:18:52.358+0000] {dagbag.py:588} INFO - Filling up the DagBag from /opt/airflow/dags/urban_data_pipeline_dag.py
[2026-07-01T14:18:52.493+0000] {processor.py:925} INFO - DAG(s) 'urban_data_pipeline' retrieved from /opt/airflow/dags/urban_data_pipeline_dag.py
[2026-07-01T14:18:52.538+0000] {logging_mixin.py:190} INFO - [2026-07-01T14:18:52.537+0000] {dag.py:3239} INFO - Sync 1 DAGs
[2026-07-01T14:18:52.563+0000] {logging_mixin.py:190} INFO - [2026-07-01T14:18:52.563+0000] {dag.py:4180} INFO - Setting next_dagrun for urban_data_pipeline to 2026-07-01 00:00:00+00:00, run_after=2026-08-01 00:00:00+00:00
[2026-07-01T14:18:52.597+0000] {processor.py:208} INFO - Processing /opt/airflow/dags/urban_data_pipeline_dag.py took 0.251 seconds
[2026-07-01T14:19:23.227+0000] {processor.py:186} INFO - Started process (PID=3281) to work on /opt/airflow/dags/urban_data_pipeline_dag.py
[2026-07-01T14:19:23.229+0000] {processor.py:914} INFO - Processing file /opt/airflow/dags/urban_data_pipeline_dag.py for tasks to queue
[2026-07-01T14:19:23.232+0000] {logging_mixin.py:190} INFO - [2026-07-01T14:19:23.232+0000] {dagbag.py:588} INFO - Filling up the DagBag from /opt/airflow/dags/urban_data_pipeline_dag.py
[2026-07-01T14:19:23.576+0000] {processor.py:925} INFO - DAG(s) 'urban_data_pipeline' retrieved from /opt/airflow/dags/urban_data_pipeline_dag.py
[2026-07-01T14:19:23.625+0000] {logging_mixin.py:190} INFO - [2026-07-01T14:19:23.625+0000] {dag.py:3239} INFO - Sync 1 DAGs
[2026-07-01T14:19:23.658+0000] {logging_mixin.py:190} INFO - [2026-07-01T14:19:23.657+0000] {dag.py:4180} INFO - Setting next_dagrun for urban_data_pipeline to 2026-07-01 00:00:00+00:00, run_after=2026-08-01 00:00:00+00:00
[2026-07-01T14:19:23.693+0000] {processor.py:208} INFO - Processing /opt/airflow/dags/urban_data_pipeline_dag.py took 0.473 seconds
[2026-07-01T14:19:54.155+0000] {processor.py:186} INFO - Started process (PID=3299) to work on /opt/airflow/dags/urban_data_pipeline_dag.py
[2026-07-01T14:19:54.159+0000] {processor.py:914} INFO - Processing file /opt/airflow/dags/urban_data_pipeline_dag.py for tasks to queue
[2026-07-01T14:19:54.167+0000] {logging_mixin.py:190} INFO - [2026-07-01T14:19:54.166+0000] {dagbag.py:588} INFO - Filling up the DagBag from /opt/airflow/dags/urban_data_pipeline_dag.py
[2026-07-01T14:19:54.330+0000] {processor.py:925} INFO - DAG(s) 'urban_data_pipeline' retrieved from /opt/airflow/dags/urban_data_pipeline_dag.py
[2026-07-01T14:19:54.373+0000] {logging_mixin.py:190} INFO - [2026-07-01T14:19:54.373+0000] {dag.py:3239} INFO - Sync 1 DAGs
[2026-07-01T14:19:54.398+0000] {logging_mixin.py:190} INFO - [2026-07-01T14:19:54.398+0000] {dag.py:4180} INFO - Setting next_dagrun for urban_data_pipeline to 2026-07-01 00:00:00+00:00, run_after=2026-08-01 00:00:00+00:00
[2026-07-01T14:19:54.425+0000] {processor.py:208} INFO - Processing /opt/airflow/dags/urban_data_pipeline_dag.py took 0.287 seconds
[2026-07-01T14:20:24.953+0000] {processor.py:186} INFO - Started process (PID=3317) to work on /opt/airflow/dags/urban_data_pipeline_dag.py
[2026-07-01T14:20:24.954+0000] {processor.py:914} INFO - Processing file /opt/airflow/dags/urban_data_pipeline_dag.py for tasks to queue
[2026-07-01T14:20:24.958+0000] {logging_mixin.py:190} INFO - [2026-07-01T14:20:24.957+0000] {dagbag.py:588} INFO - Filling up the DagBag from /opt/airflow/dags/urban_data_pipeline_dag.py
[2026-07-01T14:20:25.072+0000] {processor.py:925} INFO - DAG(s) 'urban_data_pipeline' retrieved from /opt/airflow/dags/urban_data_pipeline_dag.py
[2026-07-01T14:20:25.116+0000] {logging_mixin.py:190} INFO - [2026-07-01T14:20:25.116+0000] {dag.py:3239} INFO - Sync 1 DAGs
[2026-07-01T14:20:25.140+0000] {logging_mixin.py:190} INFO - [2026-07-01T14:20:25.140+0000] {dag.py:4180} INFO - Setting next_dagrun for urban_data_pipeline to 2026-07-01 00:00:00+00:00, run_after=2026-08-01 00:00:00+00:00
[2026-07-01T14:20:25.165+0000] {processor.py:208} INFO - Processing /opt/airflow/dags/urban_data_pipeline_dag.py took 0.221 seconds
[2026-07-01T14:20:55.685+0000] {processor.py:186} INFO - Started process (PID=3335) to work on /opt/airflow/dags/urban_data_pipeline_dag.py
[2026-07-01T14:20:55.686+0000] {processor.py:914} INFO - Processing file /opt/airflow/dags/urban_data_pipeline_dag.py for tasks to queue
[2026-07-01T14:20:55.690+0000] {logging_mixin.py:190} INFO - [2026-07-01T14:20:55.689+0000] {dagbag.py:588} INFO - Filling up the DagBag from /opt/airflow/dags/urban_data_pipeline_dag.py
[2026-07-01T14:20:55.869+0000] {processor.py:925} INFO - DAG(s) 'urban_data_pipeline' retrieved from /opt/airflow/dags/urban_data_pipeline_dag.py
[2026-07-01T14:20:55.934+0000] {logging_mixin.py:190} INFO - [2026-07-01T14:20:55.933+0000] {dag.py:3239} INFO - Sync 1 DAGs
[2026-07-01T14:20:55.967+0000] {logging_mixin.py:190} INFO - [2026-07-01T14:20:55.966+0000] {dag.py:4180} INFO - Setting next_dagrun for urban_data_pipeline to 2026-07-01 00:00:00+00:00, run_after=2026-08-01 00:00:00+00:00
[2026-07-01T14:20:56.023+0000] {processor.py:208} INFO - Processing /opt/airflow/dags/urban_data_pipeline_dag.py took 0.345 seconds
[2026-07-01T14:21:26.527+0000] {processor.py:186} INFO - Started process (PID=3352) to work on /opt/airflow/dags/urban_data_pipeline_dag.py
[2026-07-01T14:21:26.529+0000] {processor.py:914} INFO - Processing file /opt/airflow/dags/urban_data_pipeline_dag.py for tasks to queue
[2026-07-01T14:21:26.532+0000] {logging_mixin.py:190} INFO - [2026-07-01T14:21:26.532+0000] {dagbag.py:588} INFO - Filling up the DagBag from /opt/airflow/dags/urban_data_pipeline_dag.py
[2026-07-01T14:21:26.668+0000] {processor.py:925} INFO - DAG(s) 'urban_data_pipeline' retrieved from /opt/airflow/dags/urban_data_pipeline_dag.py
[2026-07-01T14:21:26.720+0000] {logging_mixin.py:190} INFO - [2026-07-01T14:21:26.719+0000] {dag.py:3239} INFO - Sync 1 DAGs
[2026-07-01T14:21:26.744+0000] {logging_mixin.py:190} INFO - [2026-07-01T14:21:26.744+0000] {dag.py:4180} INFO - Setting next_dagrun for urban_data_pipeline to 2026-07-01 00:00:00+00:00, run_after=2026-08-01 00:00:00+00:00
[2026-07-01T14:21:26.774+0000] {processor.py:208} INFO - Processing /opt/airflow/dags/urban_data_pipeline_dag.py took 0.254 seconds
[2026-07-01T14:21:57.512+0000] {processor.py:186} INFO - Started process (PID=3363) to work on /opt/airflow/dags/urban_data_pipeline_dag.py
[2026-07-01T14:21:57.514+0000] {processor.py:914} INFO - Processing file /opt/airflow/dags/urban_data_pipeline_dag.py for tasks to queue
[2026-07-01T14:21:57.517+0000] {logging_mixin.py:190} INFO - [2026-07-01T14:21:57.517+0000] {dagbag.py:588} INFO - Filling up the DagBag from /opt/airflow/dags/urban_data_pipeline_dag.py
[2026-07-01T14:21:57.632+0000] {processor.py:925} INFO - DAG(s) 'urban_data_pipeline' retrieved from /opt/airflow/dags/urban_data_pipeline_dag.py
[2026-07-01T14:21:57.682+0000] {logging_mixin.py:190} INFO - [2026-07-01T14:21:57.682+0000] {dag.py:3239} INFO - Sync 1 DAGs
[2026-07-01T14:21:57.715+0000] {logging_mixin.py:190} INFO - [2026-07-01T14:21:57.715+0000] {dag.py:4180} INFO - Setting next_dagrun for urban_data_pipeline to 2026-07-01 00:00:00+00:00, run_after=2026-08-01 00:00:00+00:00
[2026-07-01T14:21:57.745+0000] {processor.py:208} INFO - Processing /opt/airflow/dags/urban_data_pipeline_dag.py took 0.241 seconds
[2026-07-01T14:22:28.127+0000] {processor.py:186} INFO - Started process (PID=3381) to work on /opt/airflow/dags/urban_data_pipeline_dag.py
[2026-07-01T14:22:28.128+0000] {processor.py:914} INFO - Processing file /opt/airflow/dags/urban_data_pipeline_dag.py for tasks to queue
[2026-07-01T14:22:28.130+0000] {logging_mixin.py:190} INFO - [2026-07-01T14:22:28.130+0000] {dagbag.py:588} INFO - Filling up the DagBag from /opt/airflow/dags/urban_data_pipeline_dag.py
[2026-07-01T14:22:28.236+0000] {processor.py:925} INFO - DAG(s) 'urban_data_pipeline' retrieved from /opt/airflow/dags/urban_data_pipeline_dag.py
[2026-07-01T14:22:28.284+0000] {logging_mixin.py:190} INFO - [2026-07-01T14:22:28.284+0000] {dag.py:3239} INFO - Sync 1 DAGs
[2026-07-01T14:22:28.310+0000] {logging_mixin.py:190} INFO - [2026-07-01T14:22:28.310+0000] {dag.py:4180} INFO - Setting next_dagrun for urban_data_pipeline to 2026-07-01 00:00:00+00:00, run_after=2026-08-01 00:00:00+00:00
[2026-07-01T14:22:28.337+0000] {processor.py:208} INFO - Processing /opt/airflow/dags/urban_data_pipeline_dag.py took 0.217 seconds
[2026-07-01T14:22:58.925+0000] {processor.py:186} INFO - Started process (PID=3399) to work on /opt/airflow/dags/urban_data_pipeline_dag.py
[2026-07-01T14:22:58.932+0000] {processor.py:914} INFO - Processing file /opt/airflow/dags/urban_data_pipeline_dag.py for tasks to queue
[2026-07-01T14:22:58.944+0000] {logging_mixin.py:190} INFO - [2026-07-01T14:22:58.943+0000] {dagbag.py:588} INFO - Filling up the DagBag from /opt/airflow/dags/urban_data_pipeline_dag.py
[2026-07-01T14:22:59.091+0000] {processor.py:925} INFO - DAG(s) 'urban_data_pipeline' retrieved from /opt/airflow/dags/urban_data_pipeline_dag.py
[2026-07-01T14:22:59.135+0000] {logging_mixin.py:190} INFO - [2026-07-01T14:22:59.135+0000] {dag.py:3239} INFO - Sync 1 DAGs
[2026-07-01T14:22:59.160+0000] {logging_mixin.py:190} INFO - [2026-07-01T14:22:59.159+0000] {dag.py:4180} INFO - Setting next_dagrun for urban_data_pipeline to 2026-07-01 00:00:00+00:00, run_after=2026-08-01 00:00:00+00:00
[2026-07-01T14:22:59.183+0000] {processor.py:208} INFO - Processing /opt/airflow/dags/urban_data_pipeline_dag.py took 0.276 seconds
[2026-07-01T14:23:29.770+0000] {processor.py:186} INFO - Started process (PID=3417) to work on /opt/airflow/dags/urban_data_pipeline_dag.py
[2026-07-01T14:23:29.773+0000] {processor.py:914} INFO - Processing file /opt/airflow/dags/urban_data_pipeline_dag.py for tasks to queue
[2026-07-01T14:23:29.780+0000] {logging_mixin.py:190} INFO - [2026-07-01T14:23:29.779+0000] {dagbag.py:588} INFO - Filling up the DagBag from /opt/airflow/dags/urban_data_pipeline_dag.py
[2026-07-01T14:23:29.928+0000] {processor.py:925} INFO - DAG(s) 'urban_data_pipeline' retrieved from /opt/airflow/dags/urban_data_pipeline_dag.py
[2026-07-01T14:23:29.976+0000] {logging_mixin.py:190} INFO - [2026-07-01T14:23:29.975+0000] {dag.py:3239} INFO - Sync 1 DAGs
[2026-07-01T14:23:30.005+0000] {logging_mixin.py:190} INFO - [2026-07-01T14:23:30.005+0000] {dag.py:4180} INFO - Setting next_dagrun for urban_data_pipeline to 2026-07-01 00:00:00+00:00, run_after=2026-08-01 00:00:00+00:00
[2026-07-01T14:23:30.043+0000] {processor.py:208} INFO - Processing /opt/airflow/dags/urban_data_pipeline_dag.py took 0.289 seconds
[2026-07-01T14:24:00.498+0000] {processor.py:186} INFO - Started process (PID=3435) to work on /opt/airflow/dags/urban_data_pipeline_dag.py
[2026-07-01T14:24:00.500+0000] {processor.py:914} INFO - Processing file /opt/airflow/dags/urban_data_pipeline_dag.py for tasks to queue
[2026-07-01T14:24:00.504+0000] {logging_mixin.py:190} INFO - [2026-07-01T14:24:00.503+0000] {dagbag.py:588} INFO - Filling up the DagBag from /opt/airflow/dags/urban_data_pipeline_dag.py
[2026-07-01T14:24:00.633+0000] {processor.py:925} INFO - DAG(s) 'urban_data_pipeline' retrieved from /opt/airflow/dags/urban_data_pipeline_dag.py
[2026-07-01T14:24:00.679+0000] {logging_mixin.py:190} INFO - [2026-07-01T14:24:00.679+0000] {dag.py:3239} INFO - Sync 1 DAGs
[2026-07-01T14:24:00.704+0000] {logging_mixin.py:190} INFO - [2026-07-01T14:24:00.704+0000] {dag.py:4180} INFO - Setting next_dagrun for urban_data_pipeline to 2026-07-01 00:00:00+00:00, run_after=2026-08-01 00:00:00+00:00
[2026-07-01T14:24:00.736+0000] {processor.py:208} INFO - Processing /opt/airflow/dags/urban_data_pipeline_dag.py took 0.248 seconds
[2026-07-01T14:24:31.351+0000] {processor.py:186} INFO - Started process (PID=3453) to work on /opt/airflow/dags/urban_data_pipeline_dag.py
[2026-07-01T14:24:31.352+0000] {processor.py:914} INFO - Processing file /opt/airflow/dags/urban_data_pipeline_dag.py for tasks to queue
[2026-07-01T14:24:31.355+0000] {logging_mixin.py:190} INFO - [2026-07-01T14:24:31.354+0000] {dagbag.py:588} INFO - Filling up the DagBag from /opt/airflow/dags/urban_data_pipeline_dag.py
[2026-07-01T14:24:31.480+0000] {processor.py:925} INFO - DAG(s) 'urban_data_pipeline' retrieved from /opt/airflow/dags/urban_data_pipeline_dag.py
[2026-07-01T14:24:31.524+0000] {logging_mixin.py:190} INFO - [2026-07-01T14:24:31.524+0000] {dag.py:3239} INFO - Sync 1 DAGs
[2026-07-01T14:24:31.551+0000] {logging_mixin.py:190} INFO - [2026-07-01T14:24:31.550+0000] {dag.py:4180} INFO - Setting next_dagrun for urban_data_pipeline to 2026-07-01 00:00:00+00:00, run_after=2026-08-01 00:00:00+00:00
[2026-07-01T14:24:31.584+0000] {processor.py:208} INFO - Processing /opt/airflow/dags/urban_data_pipeline_dag.py took 0.241 seconds
[2026-07-01T14:25:02.110+0000] {processor.py:186} INFO - Started process (PID=3471) to work on /opt/airflow/dags/urban_data_pipeline_dag.py
[2026-07-01T14:25:02.112+0000] {processor.py:914} INFO - Processing file /opt/airflow/dags/urban_data_pipeline_dag.py for tasks to queue
[2026-07-01T14:25:02.116+0000] {logging_mixin.py:190} INFO - [2026-07-01T14:25:02.115+0000] {dagbag.py:588} INFO - Filling up the DagBag from /opt/airflow/dags/urban_data_pipeline_dag.py
[2026-07-01T14:25:02.346+0000] {processor.py:925} INFO - DAG(s) 'urban_data_pipeline' retrieved from /opt/airflow/dags/urban_data_pipeline_dag.py
[2026-07-01T14:25:02.397+0000] {logging_mixin.py:190} INFO - [2026-07-01T14:25:02.396+0000] {dag.py:3239} INFO - Sync 1 DAGs
[2026-07-01T14:25:02.422+0000] {logging_mixin.py:190} INFO - [2026-07-01T14:25:02.422+0000] {dag.py:4180} INFO - Setting next_dagrun for urban_data_pipeline to 2026-07-01 00:00:00+00:00, run_after=2026-08-01 00:00:00+00:00
[2026-07-01T14:25:02.450+0000] {processor.py:208} INFO - Processing /opt/airflow/dags/urban_data_pipeline_dag.py took 0.347 seconds
[2026-07-01T14:25:32.989+0000] {processor.py:186} INFO - Started process (PID=3489) to work on /opt/airflow/dags/urban_data_pipeline_dag.py
[2026-07-01T14:25:32.992+0000] {processor.py:914} INFO - Processing file /opt/airflow/dags/urban_data_pipeline_dag.py for tasks to queue
[2026-07-01T14:25:32.997+0000] {logging_mixin.py:190} INFO - [2026-07-01T14:25:32.997+0000] {dagbag.py:588} INFO - Filling up the DagBag from /opt/airflow/dags/urban_data_pipeline_dag.py
[2026-07-01T14:25:33.129+0000] {processor.py:925} INFO - DAG(s) 'urban_data_pipeline' retrieved from /opt/airflow/dags/urban_data_pipeline_dag.py
[2026-07-01T14:25:33.175+0000] {logging_mixin.py:190} INFO - [2026-07-01T14:25:33.175+0000] {dag.py:3239} INFO - Sync 1 DAGs
[2026-07-01T14:25:33.204+0000] {logging_mixin.py:190} INFO - [2026-07-01T14:25:33.204+0000] {dag.py:4180} INFO - Setting next_dagrun for urban_data_pipeline to 2026-07-01 00:00:00+00:00, run_after=2026-08-01 00:00:00+00:00
[2026-07-01T14:25:33.237+0000] {processor.py:208} INFO - Processing /opt/airflow/dags/urban_data_pipeline_dag.py took 0.262 seconds
[2026-07-01T14:26:03.721+0000] {processor.py:186} INFO - Started process (PID=3507) to work on /opt/airflow/dags/urban_data_pipeline_dag.py
[2026-07-01T14:26:03.723+0000] {processor.py:914} INFO - Processing file /opt/airflow/dags/urban_data_pipeline_dag.py for tasks to queue
[2026-07-01T14:26:03.725+0000] {logging_mixin.py:190} INFO - [2026-07-01T14:26:03.725+0000] {dagbag.py:588} INFO - Filling up the DagBag from /opt/airflow/dags/urban_data_pipeline_dag.py
[2026-07-01T14:26:03.866+0000] {processor.py:925} INFO - DAG(s) 'urban_data_pipeline' retrieved from /opt/airflow/dags/urban_data_pipeline_dag.py
[2026-07-01T14:26:03.919+0000] {logging_mixin.py:190} INFO - [2026-07-01T14:26:03.918+0000] {dag.py:3239} INFO - Sync 1 DAGs
[2026-07-01T14:26:03.948+0000] {logging_mixin.py:190} INFO - [2026-07-01T14:26:03.948+0000] {dag.py:4180} INFO - Setting next_dagrun for urban_data_pipeline to 2026-07-01 00:00:00+00:00, run_after=2026-08-01 00:00:00+00:00
[2026-07-01T14:26:03.976+0000] {processor.py:208} INFO - Processing /opt/airflow/dags/urban_data_pipeline_dag.py took 0.262 seconds
[2026-07-01T14:26:34.497+0000] {processor.py:186} INFO - Started process (PID=3525) to work on /opt/airflow/dags/urban_data_pipeline_dag.py
[2026-07-01T14:26:34.499+0000] {processor.py:914} INFO - Processing file /opt/airflow/dags/urban_data_pipeline_dag.py for tasks to queue
[2026-07-01T14:26:34.505+0000] {logging_mixin.py:190} INFO - [2026-07-01T14:26:34.504+0000] {dagbag.py:588} INFO - Filling up the DagBag from /opt/airflow/dags/urban_data_pipeline_dag.py
[2026-07-01T14:26:34.652+0000] {processor.py:925} INFO - DAG(s) 'urban_data_pipeline' retrieved from /opt/airflow/dags/urban_data_pipeline_dag.py
[2026-07-01T14:26:34.699+0000] {logging_mixin.py:190} INFO - [2026-07-01T14:26:34.698+0000] {dag.py:3239} INFO - Sync 1 DAGs
[2026-07-01T14:26:34.725+0000] {logging_mixin.py:190} INFO - [2026-07-01T14:26:34.725+0000] {dag.py:4180} INFO - Setting next_dagrun for urban_data_pipeline to 2026-07-01 00:00:00+00:00, run_after=2026-08-01 00:00:00+00:00
[2026-07-01T14:26:34.751+0000] {processor.py:208} INFO - Processing /opt/airflow/dags/urban_data_pipeline_dag.py took 0.268 seconds
[2026-07-01T14:27:05.365+0000] {processor.py:186} INFO - Started process (PID=3542) to work on /opt/airflow/dags/urban_data_pipeline_dag.py
[2026-07-01T14:27:05.367+0000] {processor.py:914} INFO - Processing file /opt/airflow/dags/urban_data_pipeline_dag.py for tasks to queue
[2026-07-01T14:27:05.370+0000] {logging_mixin.py:190} INFO - [2026-07-01T14:27:05.370+0000] {dagbag.py:588} INFO - Filling up the DagBag from /opt/airflow/dags/urban_data_pipeline_dag.py
[2026-07-01T14:27:05.599+0000] {processor.py:925} INFO - DAG(s) 'urban_data_pipeline' retrieved from /opt/airflow/dags/urban_data_pipeline_dag.py
[2026-07-01T14:27:05.654+0000] {logging_mixin.py:190} INFO - [2026-07-01T14:27:05.654+0000] {dag.py:3239} INFO - Sync 1 DAGs
[2026-07-01T14:27:05.680+0000] {logging_mixin.py:190} INFO - [2026-07-01T14:27:05.679+0000] {dag.py:4180} INFO - Setting next_dagrun for urban_data_pipeline to 2026-07-01 00:00:00+00:00, run_after=2026-08-01 00:00:00+00:00
[2026-07-01T14:27:05.708+0000] {processor.py:208} INFO - Processing /opt/airflow/dags/urban_data_pipeline_dag.py took 0.349 seconds
[2026-07-01T14:27:36.318+0000] {processor.py:186} INFO - Started process (PID=3553) to work on /opt/airflow/dags/urban_data_pipeline_dag.py
[2026-07-01T14:27:36.321+0000] {processor.py:914} INFO - Processing file /opt/airflow/dags/urban_data_pipeline_dag.py for tasks to queue
[2026-07-01T14:27:36.327+0000] {logging_mixin.py:190} INFO - [2026-07-01T14:27:36.326+0000] {dagbag.py:588} INFO - Filling up the DagBag from /opt/airflow/dags/urban_data_pipeline_dag.py
[2026-07-01T14:27:36.504+0000] {processor.py:925} INFO - DAG(s) 'urban_data_pipeline' retrieved from /opt/airflow/dags/urban_data_pipeline_dag.py
[2026-07-01T14:27:36.553+0000] {logging_mixin.py:190} INFO - [2026-07-01T14:27:36.553+0000] {dag.py:3239} INFO - Sync 1 DAGs
[2026-07-01T14:27:36.579+0000] {logging_mixin.py:190} INFO - [2026-07-01T14:27:36.579+0000] {dag.py:4180} INFO - Setting next_dagrun for urban_data_pipeline to 2026-07-01 00:00:00+00:00, run_after=2026-08-01 00:00:00+00:00
[2026-07-01T14:27:36.609+0000] {processor.py:208} INFO - Processing /opt/airflow/dags/urban_data_pipeline_dag.py took 0.308 seconds
[2026-07-01T14:28:07.180+0000] {processor.py:186} INFO - Started process (PID=3571) to work on /opt/airflow/dags/urban_data_pipeline_dag.py
[2026-07-01T14:28:07.182+0000] {processor.py:914} INFO - Processing file /opt/airflow/dags/urban_data_pipeline_dag.py for tasks to queue
[2026-07-01T14:28:07.186+0000] {logging_mixin.py:190} INFO - [2026-07-01T14:28:07.186+0000] {dagbag.py:588} INFO - Filling up the DagBag from /opt/airflow/dags/urban_data_pipeline_dag.py
[2026-07-01T14:28:07.311+0000] {processor.py:925} INFO - DAG(s) 'urban_data_pipeline' retrieved from /opt/airflow/dags/urban_data_pipeline_dag.py
[2026-07-01T14:28:07.354+0000] {logging_mixin.py:190} INFO - [2026-07-01T14:28:07.354+0000] {dag.py:3239} INFO - Sync 1 DAGs
[2026-07-01T14:28:07.378+0000] {logging_mixin.py:190} INFO - [2026-07-01T14:28:07.378+0000] {dag.py:4180} INFO - Setting next_dagrun for urban_data_pipeline to 2026-07-01 00:00:00+00:00, run_after=2026-08-01 00:00:00+00:00
[2026-07-01T14:28:07.403+0000] {processor.py:208} INFO - Processing /opt/airflow/dags/urban_data_pipeline_dag.py took 0.237 seconds
[2026-07-01T14:28:37.993+0000] {processor.py:186} INFO - Started process (PID=3589) to work on /opt/airflow/dags/urban_data_pipeline_dag.py
[2026-07-01T14:28:37.995+0000] {processor.py:914} INFO - Processing file /opt/airflow/dags/urban_data_pipeline_dag.py for tasks to queue
[2026-07-01T14:28:38.000+0000] {logging_mixin.py:190} INFO - [2026-07-01T14:28:38.000+0000] {dagbag.py:588} INFO - Filling up the DagBag from /opt/airflow/dags/urban_data_pipeline_dag.py
[2026-07-01T14:28:38.195+0000] {processor.py:925} INFO - DAG(s) 'urban_data_pipeline' retrieved from /opt/airflow/dags/urban_data_pipeline_dag.py
[2026-07-01T14:28:38.261+0000] {logging_mixin.py:190} INFO - [2026-07-01T14:28:38.261+0000] {dag.py:3239} INFO - Sync 1 DAGs
[2026-07-01T14:28:38.292+0000] {logging_mixin.py:190} INFO - [2026-07-01T14:28:38.292+0000] {dag.py:4180} INFO - Setting next_dagrun for urban_data_pipeline to 2026-07-01 00:00:00+00:00, run_after=2026-08-01 00:00:00+00:00
[2026-07-01T14:28:38.321+0000] {processor.py:208} INFO - Processing /opt/airflow/dags/urban_data_pipeline_dag.py took 0.344 seconds
[2026-07-01T14:29:08.870+0000] {processor.py:186} INFO - Started process (PID=3607) to work on /opt/airflow/dags/urban_data_pipeline_dag.py
[2026-07-01T14:29:08.872+0000] {processor.py:914} INFO - Processing file /opt/airflow/dags/urban_data_pipeline_dag.py for tasks to queue
[2026-07-01T14:29:08.877+0000] {logging_mixin.py:190} INFO - [2026-07-01T14:29:08.876+0000] {dagbag.py:588} INFO - Filling up the DagBag from /opt/airflow/dags/urban_data_pipeline_dag.py
[2026-07-01T14:29:09.041+0000] {processor.py:925} INFO - DAG(s) 'urban_data_pipeline' retrieved from /opt/airflow/dags/urban_data_pipeline_dag.py
[2026-07-01T14:29:09.085+0000] {logging_mixin.py:190} INFO - [2026-07-01T14:29:09.084+0000] {dag.py:3239} INFO - Sync 1 DAGs
[2026-07-01T14:29:09.109+0000] {logging_mixin.py:190} INFO - [2026-07-01T14:29:09.109+0000] {dag.py:4180} INFO - Setting next_dagrun for urban_data_pipeline to 2026-07-01 00:00:00+00:00, run_after=2026-08-01 00:00:00+00:00
[2026-07-01T14:29:09.133+0000] {processor.py:208} INFO - Processing /opt/airflow/dags/urban_data_pipeline_dag.py took 0.278 seconds
[2026-07-01T14:29:39.607+0000] {processor.py:186} INFO - Started process (PID=3625) to work on /opt/airflow/dags/urban_data_pipeline_dag.py
[2026-07-01T14:29:39.610+0000] {processor.py:914} INFO - Processing file /opt/airflow/dags/urban_data_pipeline_dag.py for tasks to queue
[2026-07-01T14:29:39.613+0000] {logging_mixin.py:190} INFO - [2026-07-01T14:29:39.613+0000] {dagbag.py:588} INFO - Filling up the DagBag from /opt/airflow/dags/urban_data_pipeline_dag.py
[2026-07-01T14:29:39.738+0000] {processor.py:925} INFO - DAG(s) 'urban_data_pipeline' retrieved from /opt/airflow/dags/urban_data_pipeline_dag.py
[2026-07-01T14:29:39.782+0000] {logging_mixin.py:190} INFO - [2026-07-01T14:29:39.782+0000] {dag.py:3239} INFO - Sync 1 DAGs
[2026-07-01T14:29:39.808+0000] {logging_mixin.py:190} INFO - [2026-07-01T14:29:39.808+0000] {dag.py:4180} INFO - Setting next_dagrun for urban_data_pipeline to 2026-07-01 00:00:00+00:00, run_after=2026-08-01 00:00:00+00:00
[2026-07-01T14:29:39.836+0000] {processor.py:208} INFO - Processing /opt/airflow/dags/urban_data_pipeline_dag.py took 0.236 seconds
[2026-07-01T14:30:10.192+0000] {processor.py:186} INFO - Started process (PID=3643) to work on /opt/airflow/dags/urban_data_pipeline_dag.py
[2026-07-01T14:30:10.194+0000] {processor.py:914} INFO - Processing file /opt/airflow/dags/urban_data_pipeline_dag.py for tasks to queue
[2026-07-01T14:30:10.200+0000] {logging_mixin.py:190} INFO - [2026-07-01T14:30:10.199+0000] {dagbag.py:588} INFO - Filling up the DagBag from /opt/airflow/dags/urban_data_pipeline_dag.py
[2026-07-01T14:30:10.375+0000] {processor.py:925} INFO - DAG(s) 'urban_data_pipeline' retrieved from /opt/airflow/dags/urban_data_pipeline_dag.py
[2026-07-01T14:30:10.419+0000] {logging_mixin.py:190} INFO - [2026-07-01T14:30:10.419+0000] {dag.py:3239} INFO - Sync 1 DAGs
[2026-07-01T14:30:10.447+0000] {logging_mixin.py:190} INFO - [2026-07-01T14:30:10.446+0000] {dag.py:4180} INFO - Setting next_dagrun for urban_data_pipeline to 2026-07-01 00:00:00+00:00, run_after=2026-08-01 00:00:00+00:00
[2026-07-01T14:30:10.471+0000] {processor.py:208} INFO - Processing /opt/airflow/dags/urban_data_pipeline_dag.py took 0.293 seconds
[2026-07-01T14:30:40.827+0000] {processor.py:186} INFO - Started process (PID=3661) to work on /opt/airflow/dags/urban_data_pipeline_dag.py
[2026-07-01T14:30:40.829+0000] {processor.py:914} INFO - Processing file /opt/airflow/dags/urban_data_pipeline_dag.py for tasks to queue
[2026-07-01T14:30:40.832+0000] {logging_mixin.py:190} INFO - [2026-07-01T14:30:40.832+0000] {dagbag.py:588} INFO - Filling up the DagBag from /opt/airflow/dags/urban_data_pipeline_dag.py
[2026-07-01T14:30:41.027+0000] {processor.py:925} INFO - DAG(s) 'urban_data_pipeline' retrieved from /opt/airflow/dags/urban_data_pipeline_dag.py
[2026-07-01T14:30:41.081+0000] {logging_mixin.py:190} INFO - [2026-07-01T14:30:41.081+0000] {dag.py:3239} INFO - Sync 1 DAGs
[2026-07-01T14:30:41.108+0000] {logging_mixin.py:190} INFO - [2026-07-01T14:30:41.108+0000] {dag.py:4180} INFO - Setting next_dagrun for urban_data_pipeline to 2026-07-01 00:00:00+00:00, run_after=2026-08-01 00:00:00+00:00
[2026-07-01T14:30:41.136+0000] {processor.py:208} INFO - Processing /opt/airflow/dags/urban_data_pipeline_dag.py took 0.314 seconds
[2026-07-01T14:31:11.647+0000] {processor.py:186} INFO - Started process (PID=3679) to work on /opt/airflow/dags/urban_data_pipeline_dag.py
[2026-07-01T14:31:11.649+0000] {processor.py:914} INFO - Processing file /opt/airflow/dags/urban_data_pipeline_dag.py for tasks to queue
[2026-07-01T14:31:11.653+0000] {logging_mixin.py:190} INFO - [2026-07-01T14:31:11.653+0000] {dagbag.py:588} INFO - Filling up the DagBag from /opt/airflow/dags/urban_data_pipeline_dag.py
[2026-07-01T14:31:11.791+0000] {processor.py:925} INFO - DAG(s) 'urban_data_pipeline' retrieved from /opt/airflow/dags/urban_data_pipeline_dag.py
[2026-07-01T14:31:11.837+0000] {logging_mixin.py:190} INFO - [2026-07-01T14:31:11.837+0000] {dag.py:3239} INFO - Sync 1 DAGs
[2026-07-01T14:31:11.863+0000] {logging_mixin.py:190} INFO - [2026-07-01T14:31:11.862+0000] {dag.py:4180} INFO - Setting next_dagrun for urban_data_pipeline to 2026-07-01 00:00:00+00:00, run_after=2026-08-01 00:00:00+00:00
[2026-07-01T14:31:11.889+0000] {processor.py:208} INFO - Processing /opt/airflow/dags/urban_data_pipeline_dag.py took 0.253 seconds
[2026-07-01T14:31:42.390+0000] {processor.py:186} INFO - Started process (PID=3697) to work on /opt/airflow/dags/urban_data_pipeline_dag.py
[2026-07-01T14:31:42.391+0000] {processor.py:914} INFO - Processing file /opt/airflow/dags/urban_data_pipeline_dag.py for tasks to queue
[2026-07-01T14:31:42.394+0000] {logging_mixin.py:190} INFO - [2026-07-01T14:31:42.394+0000] {dagbag.py:588} INFO - Filling up the DagBag from /opt/airflow/dags/urban_data_pipeline_dag.py
[2026-07-01T14:31:42.534+0000] {processor.py:925} INFO - DAG(s) 'urban_data_pipeline' retrieved from /opt/airflow/dags/urban_data_pipeline_dag.py
[2026-07-01T14:31:42.580+0000] {logging_mixin.py:190} INFO - [2026-07-01T14:31:42.580+0000] {dag.py:3239} INFO - Sync 1 DAGs
[2026-07-01T14:31:42.605+0000] {logging_mixin.py:190} INFO - [2026-07-01T14:31:42.605+0000] {dag.py:4180} INFO - Setting next_dagrun for urban_data_pipeline to 2026-07-01 00:00:00+00:00, run_after=2026-08-01 00:00:00+00:00
[2026-07-01T14:31:42.635+0000] {processor.py:208} INFO - Processing /opt/airflow/dags/urban_data_pipeline_dag.py took 0.251 seconds
[2026-07-01T14:32:13.169+0000] {processor.py:186} INFO - Started process (PID=3716) to work on /opt/airflow/dags/urban_data_pipeline_dag.py
[2026-07-01T14:32:13.170+0000] {processor.py:914} INFO - Processing file /opt/airflow/dags/urban_data_pipeline_dag.py for tasks to queue
[2026-07-01T14:32:13.174+0000] {logging_mixin.py:190} INFO - [2026-07-01T14:32:13.173+0000] {dagbag.py:588} INFO - Filling up the DagBag from /opt/airflow/dags/urban_data_pipeline_dag.py
[2026-07-01T14:32:13.328+0000] {processor.py:925} INFO - DAG(s) 'urban_data_pipeline' retrieved from /opt/airflow/dags/urban_data_pipeline_dag.py
[2026-07-01T14:32:13.375+0000] {logging_mixin.py:190} INFO - [2026-07-01T14:32:13.375+0000] {dag.py:3239} INFO - Sync 1 DAGs
[2026-07-01T14:32:13.420+0000] {logging_mixin.py:190} INFO - [2026-07-01T14:32:13.420+0000] {dag.py:4180} INFO - Setting next_dagrun for urban_data_pipeline to 2026-07-01 00:00:00+00:00, run_after=2026-08-01 00:00:00+00:00
[2026-07-01T14:32:13.488+0000] {processor.py:208} INFO - Processing /opt/airflow/dags/urban_data_pipeline_dag.py took 0.328 seconds
[2026-07-01T14:32:43.981+0000] {processor.py:186} INFO - Started process (PID=3733) to work on /opt/airflow/dags/urban_data_pipeline_dag.py
[2026-07-01T14:32:43.984+0000] {processor.py:914} INFO - Processing file /opt/airflow/dags/urban_data_pipeline_dag.py for tasks to queue
[2026-07-01T14:32:43.992+0000] {logging_mixin.py:190} INFO - [2026-07-01T14:32:43.991+0000] {dagbag.py:588} INFO - Filling up the DagBag from /opt/airflow/dags/urban_data_pipeline_dag.py
[2026-07-01T14:32:44.224+0000] {processor.py:925} INFO - DAG(s) 'urban_data_pipeline' retrieved from /opt/airflow/dags/urban_data_pipeline_dag.py
[2026-07-01T14:32:44.270+0000] {logging_mixin.py:190} INFO - [2026-07-01T14:32:44.270+0000] {dag.py:3239} INFO - Sync 1 DAGs
[2026-07-01T14:32:44.294+0000] {logging_mixin.py:190} INFO - [2026-07-01T14:32:44.294+0000] {dag.py:4180} INFO - Setting next_dagrun for urban_data_pipeline to 2026-07-01 00:00:00+00:00, run_after=2026-08-01 00:00:00+00:00
[2026-07-01T14:32:44.318+0000] {processor.py:208} INFO - Processing /opt/airflow/dags/urban_data_pipeline_dag.py took 0.351 seconds
[2026-07-01T14:33:14.786+0000] {processor.py:186} INFO - Started process (PID=3744) to work on /opt/airflow/dags/urban_data_pipeline_dag.py
[2026-07-01T14:33:14.789+0000] {processor.py:914} INFO - Processing file /opt/airflow/dags/urban_data_pipeline_dag.py for tasks to queue
[2026-07-01T14:33:14.797+0000] {logging_mixin.py:190} INFO - [2026-07-01T14:33:14.796+0000] {dagbag.py:588} INFO - Filling up the DagBag from /opt/airflow/dags/urban_data_pipeline_dag.py
[2026-07-01T14:33:14.952+0000] {processor.py:925} INFO - DAG(s) 'urban_data_pipeline' retrieved from /opt/airflow/dags/urban_data_pipeline_dag.py
[2026-07-01T14:33:15.006+0000] {logging_mixin.py:190} INFO - [2026-07-01T14:33:15.005+0000] {dag.py:3239} INFO - Sync 1 DAGs
[2026-07-01T14:33:15.032+0000] {logging_mixin.py:190} INFO - [2026-07-01T14:33:15.031+0000] {dag.py:4180} INFO - Setting next_dagrun for urban_data_pipeline to 2026-07-01 00:00:00+00:00, run_after=2026-08-01 00:00:00+00:00
[2026-07-01T14:33:15.080+0000] {processor.py:208} INFO - Processing /opt/airflow/dags/urban_data_pipeline_dag.py took 0.310 seconds
[2026-07-01T14:33:45.620+0000] {processor.py:186} INFO - Started process (PID=3762) to work on /opt/airflow/dags/urban_data_pipeline_dag.py
[2026-07-01T14:33:45.623+0000] {processor.py:914} INFO - Processing file /opt/airflow/dags/urban_data_pipeline_dag.py for tasks to queue
[2026-07-01T14:33:45.630+0000] {logging_mixin.py:190} INFO - [2026-07-01T14:33:45.629+0000] {dagbag.py:588} INFO - Filling up the DagBag from /opt/airflow/dags/urban_data_pipeline_dag.py
[2026-07-01T14:33:45.764+0000] {processor.py:925} INFO - DAG(s) 'urban_data_pipeline' retrieved from /opt/airflow/dags/urban_data_pipeline_dag.py
[2026-07-01T14:33:45.813+0000] {logging_mixin.py:190} INFO - [2026-07-01T14:33:45.812+0000] {dag.py:3239} INFO - Sync 1 DAGs
[2026-07-01T14:33:45.844+0000] {logging_mixin.py:190} INFO - [2026-07-01T14:33:45.844+0000] {dag.py:4180} INFO - Setting next_dagrun for urban_data_pipeline to 2026-07-01 00:00:00+00:00, run_after=2026-08-01 00:00:00+00:00
[2026-07-01T14:33:45.877+0000] {processor.py:208} INFO - Processing /opt/airflow/dags/urban_data_pipeline_dag.py took 0.271 seconds
[2026-07-01T14:34:16.449+0000] {processor.py:186} INFO - Started process (PID=3780) to work on /opt/airflow/dags/urban_data_pipeline_dag.py
[2026-07-01T14:34:16.451+0000] {processor.py:914} INFO - Processing file /opt/airflow/dags/urban_data_pipeline_dag.py for tasks to queue
[2026-07-01T14:34:16.455+0000] {logging_mixin.py:190} INFO - [2026-07-01T14:34:16.454+0000] {dagbag.py:588} INFO - Filling up the DagBag from /opt/airflow/dags/urban_data_pipeline_dag.py
[2026-07-01T14:34:16.581+0000] {processor.py:925} INFO - DAG(s) 'urban_data_pipeline' retrieved from /opt/airflow/dags/urban_data_pipeline_dag.py
[2026-07-01T14:34:16.624+0000] {logging_mixin.py:190} INFO - [2026-07-01T14:34:16.624+0000] {dag.py:3239} INFO - Sync 1 DAGs
[2026-07-01T14:34:16.650+0000] {logging_mixin.py:190} INFO - [2026-07-01T14:34:16.649+0000] {dag.py:4180} INFO - Setting next_dagrun for urban_data_pipeline to 2026-07-01 00:00:00+00:00, run_after=2026-08-01 00:00:00+00:00
[2026-07-01T14:34:16.673+0000] {processor.py:208} INFO - Processing /opt/airflow/dags/urban_data_pipeline_dag.py took 0.236 seconds
[2026-07-01T14:34:46.910+0000] {processor.py:186} INFO - Started process (PID=3800) to work on /opt/airflow/dags/urban_data_pipeline_dag.py
[2026-07-01T14:34:46.912+0000] {processor.py:914} INFO - Processing file /opt/airflow/dags/urban_data_pipeline_dag.py for tasks to queue
[2026-07-01T14:34:46.915+0000] {logging_mixin.py:190} INFO - [2026-07-01T14:34:46.915+0000] {dagbag.py:588} INFO - Filling up the DagBag from /opt/airflow/dags/urban_data_pipeline_dag.py
[2026-07-01T14:34:47.146+0000] {processor.py:925} INFO - DAG(s) 'urban_data_pipeline' retrieved from /opt/airflow/dags/urban_data_pipeline_dag.py
[2026-07-01T14:34:47.200+0000] {logging_mixin.py:190} INFO - [2026-07-01T14:34:47.200+0000] {dag.py:3239} INFO - Sync 1 DAGs
[2026-07-01T14:34:47.230+0000] {logging_mixin.py:190} INFO - [2026-07-01T14:34:47.230+0000] {dag.py:4180} INFO - Setting next_dagrun for urban_data_pipeline to 2026-07-01 00:00:00+00:00, run_after=2026-08-01 00:00:00+00:00
[2026-07-01T14:34:47.258+0000] {processor.py:208} INFO - Processing /opt/airflow/dags/urban_data_pipeline_dag.py took 0.356 seconds
[2026-07-01T14:35:17.550+0000] {processor.py:186} INFO - Started process (PID=3816) to work on /opt/airflow/dags/urban_data_pipeline_dag.py
[2026-07-01T14:35:17.552+0000] {processor.py:914} INFO - Processing file /opt/airflow/dags/urban_data_pipeline_dag.py for tasks to queue
[2026-07-01T14:35:17.555+0000] {logging_mixin.py:190} INFO - [2026-07-01T14:35:17.554+0000] {dagbag.py:588} INFO - Filling up the DagBag from /opt/airflow/dags/urban_data_pipeline_dag.py
[2026-07-01T14:35:17.673+0000] {processor.py:925} INFO - DAG(s) 'urban_data_pipeline' retrieved from /opt/airflow/dags/urban_data_pipeline_dag.py
[2026-07-01T14:35:17.719+0000] {logging_mixin.py:190} INFO - [2026-07-01T14:35:17.718+0000] {dag.py:3239} INFO - Sync 1 DAGs
[2026-07-01T14:35:17.747+0000] {logging_mixin.py:190} INFO - [2026-07-01T14:35:17.746+0000] {dag.py:4180} INFO - Setting next_dagrun for urban_data_pipeline to 2026-07-01 00:00:00+00:00, run_after=2026-08-01 00:00:00+00:00
[2026-07-01T14:35:17.772+0000] {processor.py:208} INFO - Processing /opt/airflow/dags/urban_data_pipeline_dag.py took 0.228 seconds
[2026-07-01T14:35:48.265+0000] {processor.py:186} INFO - Started process (PID=3834) to work on /opt/airflow/dags/urban_data_pipeline_dag.py
[2026-07-01T14:35:48.266+0000] {processor.py:914} INFO - Processing file /opt/airflow/dags/urban_data_pipeline_dag.py for tasks to queue
[2026-07-01T14:35:48.268+0000] {logging_mixin.py:190} INFO - [2026-07-01T14:35:48.268+0000] {dagbag.py:588} INFO - Filling up the DagBag from /opt/airflow/dags/urban_data_pipeline_dag.py
[2026-07-01T14:35:48.385+0000] {processor.py:925} INFO - DAG(s) 'urban_data_pipeline' retrieved from /opt/airflow/dags/urban_data_pipeline_dag.py
[2026-07-01T14:35:48.429+0000] {logging_mixin.py:190} INFO - [2026-07-01T14:35:48.429+0000] {dag.py:3239} INFO - Sync 1 DAGs
[2026-07-01T14:35:48.453+0000] {logging_mixin.py:190} INFO - [2026-07-01T14:35:48.453+0000] {dag.py:4180} INFO - Setting next_dagrun for urban_data_pipeline to 2026-07-01 00:00:00+00:00, run_after=2026-08-01 00:00:00+00:00
[2026-07-01T14:35:48.488+0000] {processor.py:208} INFO - Processing /opt/airflow/dags/urban_data_pipeline_dag.py took 0.230 seconds
[2026-07-01T14:36:19.003+0000] {processor.py:186} INFO - Started process (PID=3852) to work on /opt/airflow/dags/urban_data_pipeline_dag.py
[2026-07-01T14:36:19.005+0000] {processor.py:914} INFO - Processing file /opt/airflow/dags/urban_data_pipeline_dag.py for tasks to queue
[2026-07-01T14:36:19.009+0000] {logging_mixin.py:190} INFO - [2026-07-01T14:36:19.008+0000] {dagbag.py:588} INFO - Filling up the DagBag from /opt/airflow/dags/urban_data_pipeline_dag.py
[2026-07-01T14:36:19.146+0000] {processor.py:925} INFO - DAG(s) 'urban_data_pipeline' retrieved from /opt/airflow/dags/urban_data_pipeline_dag.py
[2026-07-01T14:36:19.189+0000] {logging_mixin.py:190} INFO - [2026-07-01T14:36:19.189+0000] {dag.py:3239} INFO - Sync 1 DAGs
[2026-07-01T14:36:19.215+0000] {logging_mixin.py:190} INFO - [2026-07-01T14:36:19.215+0000] {dag.py:4180} INFO - Setting next_dagrun for urban_data_pipeline to 2026-07-01 00:00:00+00:00, run_after=2026-08-01 00:00:00+00:00
[2026-07-01T14:36:19.241+0000] {processor.py:208} INFO - Processing /opt/airflow/dags/urban_data_pipeline_dag.py took 0.244 seconds
[2026-07-01T14:36:49.853+0000] {processor.py:186} INFO - Started process (PID=3871) to work on /opt/airflow/dags/urban_data_pipeline_dag.py
[2026-07-01T14:36:49.856+0000] {processor.py:914} INFO - Processing file /opt/airflow/dags/urban_data_pipeline_dag.py for tasks to queue
[2026-07-01T14:36:49.861+0000] {logging_mixin.py:190} INFO - [2026-07-01T14:36:49.860+0000] {dagbag.py:588} INFO - Filling up the DagBag from /opt/airflow/dags/urban_data_pipeline_dag.py
[2026-07-01T14:36:49.977+0000] {processor.py:925} INFO - DAG(s) 'urban_data_pipeline' retrieved from /opt/airflow/dags/urban_data_pipeline_dag.py
[2026-07-01T14:36:50.021+0000] {logging_mixin.py:190} INFO - [2026-07-01T14:36:50.021+0000] {dag.py:3239} INFO - Sync 1 DAGs
[2026-07-01T14:36:50.049+0000] {logging_mixin.py:190} INFO - [2026-07-01T14:36:50.048+0000] {dag.py:4180} INFO - Setting next_dagrun for urban_data_pipeline to 2026-07-01 00:00:00+00:00, run_after=2026-08-01 00:00:00+00:00
[2026-07-01T14:36:50.079+0000] {processor.py:208} INFO - Processing /opt/airflow/dags/urban_data_pipeline_dag.py took 0.238 seconds
[2026-07-01T14:37:20.685+0000] {processor.py:186} INFO - Started process (PID=3889) to work on /opt/airflow/dags/urban_data_pipeline_dag.py
[2026-07-01T14:37:20.688+0000] {processor.py:914} INFO - Processing file /opt/airflow/dags/urban_data_pipeline_dag.py for tasks to queue
[2026-07-01T14:37:20.695+0000] {logging_mixin.py:190} INFO - [2026-07-01T14:37:20.694+0000] {dagbag.py:588} INFO - Filling up the DagBag from /opt/airflow/dags/urban_data_pipeline_dag.py
[2026-07-01T14:37:20.831+0000] {processor.py:925} INFO - DAG(s) 'urban_data_pipeline' retrieved from /opt/airflow/dags/urban_data_pipeline_dag.py
[2026-07-01T14:37:20.876+0000] {logging_mixin.py:190} INFO - [2026-07-01T14:37:20.876+0000] {dag.py:3239} INFO - Sync 1 DAGs
[2026-07-01T14:37:20.902+0000] {logging_mixin.py:190} INFO - [2026-07-01T14:37:20.901+0000] {dag.py:4180} INFO - Setting next_dagrun for urban_data_pipeline to 2026-07-01 00:00:00+00:00, run_after=2026-08-01 00:00:00+00:00
[2026-07-01T14:37:20.928+0000] {processor.py:208} INFO - Processing /opt/airflow/dags/urban_data_pipeline_dag.py took 0.256 seconds
[2026-07-01T14:37:51.437+0000] {processor.py:186} INFO - Started process (PID=3907) to work on /opt/airflow/dags/urban_data_pipeline_dag.py
[2026-07-01T14:37:51.438+0000] {processor.py:914} INFO - Processing file /opt/airflow/dags/urban_data_pipeline_dag.py for tasks to queue
[2026-07-01T14:37:51.441+0000] {logging_mixin.py:190} INFO - [2026-07-01T14:37:51.441+0000] {dagbag.py:588} INFO - Filling up the DagBag from /opt/airflow/dags/urban_data_pipeline_dag.py
[2026-07-01T14:37:51.569+0000] {processor.py:925} INFO - DAG(s) 'urban_data_pipeline' retrieved from /opt/airflow/dags/urban_data_pipeline_dag.py
[2026-07-01T14:37:51.622+0000] {logging_mixin.py:190} INFO - [2026-07-01T14:37:51.622+0000] {dag.py:3239} INFO - Sync 1 DAGs
[2026-07-01T14:37:51.667+0000] {logging_mixin.py:190} INFO - [2026-07-01T14:37:51.667+0000] {dag.py:4180} INFO - Setting next_dagrun for urban_data_pipeline to 2026-07-01 00:00:00+00:00, run_after=2026-08-01 00:00:00+00:00
[2026-07-01T14:37:51.703+0000] {processor.py:208} INFO - Processing /opt/airflow/dags/urban_data_pipeline_dag.py took 0.272 seconds
[2026-07-01T14:38:22.089+0000] {processor.py:186} INFO - Started process (PID=3925) to work on /opt/airflow/dags/urban_data_pipeline_dag.py
[2026-07-01T14:38:22.091+0000] {processor.py:914} INFO - Processing file /opt/airflow/dags/urban_data_pipeline_dag.py for tasks to queue
[2026-07-01T14:38:22.094+0000] {logging_mixin.py:190} INFO - [2026-07-01T14:38:22.094+0000] {dagbag.py:588} INFO - Filling up the DagBag from /opt/airflow/dags/urban_data_pipeline_dag.py
[2026-07-01T14:38:22.228+0000] {processor.py:925} INFO - DAG(s) 'urban_data_pipeline' retrieved from /opt/airflow/dags/urban_data_pipeline_dag.py
[2026-07-01T14:38:22.272+0000] {logging_mixin.py:190} INFO - [2026-07-01T14:38:22.272+0000] {dag.py:3239} INFO - Sync 1 DAGs
[2026-07-01T14:38:22.299+0000] {logging_mixin.py:190} INFO - [2026-07-01T14:38:22.299+0000] {dag.py:4180} INFO - Setting next_dagrun for urban_data_pipeline to 2026-07-01 00:00:00+00:00, run_after=2026-08-01 00:00:00+00:00
[2026-07-01T14:38:22.337+0000] {processor.py:208} INFO - Processing /opt/airflow/dags/urban_data_pipeline_dag.py took 0.255 seconds
[2026-07-01T14:38:52.937+0000] {processor.py:186} INFO - Started process (PID=3942) to work on /opt/airflow/dags/urban_data_pipeline_dag.py
[2026-07-01T14:38:52.939+0000] {processor.py:914} INFO - Processing file /opt/airflow/dags/urban_data_pipeline_dag.py for tasks to queue
[2026-07-01T14:38:52.942+0000] {logging_mixin.py:190} INFO - [2026-07-01T14:38:52.941+0000] {dagbag.py:588} INFO - Filling up the DagBag from /opt/airflow/dags/urban_data_pipeline_dag.py
[2026-07-01T14:38:53.060+0000] {processor.py:925} INFO - DAG(s) 'urban_data_pipeline' retrieved from /opt/airflow/dags/urban_data_pipeline_dag.py
[2026-07-01T14:38:53.104+0000] {logging_mixin.py:190} INFO - [2026-07-01T14:38:53.104+0000] {dag.py:3239} INFO - Sync 1 DAGs
[2026-07-01T14:38:53.130+0000] {logging_mixin.py:190} INFO - [2026-07-01T14:38:53.129+0000] {dag.py:4180} INFO - Setting next_dagrun for urban_data_pipeline to 2026-07-01 00:00:00+00:00, run_after=2026-08-01 00:00:00+00:00
[2026-07-01T14:38:53.158+0000] {processor.py:208} INFO - Processing /opt/airflow/dags/urban_data_pipeline_dag.py took 0.227 seconds
[2026-07-01T14:39:23.710+0000] {processor.py:186} INFO - Started process (PID=3953) to work on /opt/airflow/dags/urban_data_pipeline_dag.py
[2026-07-01T14:39:23.712+0000] {processor.py:914} INFO - Processing file /opt/airflow/dags/urban_data_pipeline_dag.py for tasks to queue
[2026-07-01T14:39:23.717+0000] {logging_mixin.py:190} INFO - [2026-07-01T14:39:23.716+0000] {dagbag.py:588} INFO - Filling up the DagBag from /opt/airflow/dags/urban_data_pipeline_dag.py
[2026-07-01T14:39:23.843+0000] {processor.py:925} INFO - DAG(s) 'urban_data_pipeline' retrieved from /opt/airflow/dags/urban_data_pipeline_dag.py
[2026-07-01T14:39:23.888+0000] {logging_mixin.py:190} INFO - [2026-07-01T14:39:23.888+0000] {dag.py:3239} INFO - Sync 1 DAGs
[2026-07-01T14:39:23.911+0000] {logging_mixin.py:190} INFO - [2026-07-01T14:39:23.911+0000] {dag.py:4180} INFO - Setting next_dagrun for urban_data_pipeline to 2026-07-01 00:00:00+00:00, run_after=2026-08-01 00:00:00+00:00
[2026-07-01T14:39:23.936+0000] {processor.py:208} INFO - Processing /opt/airflow/dags/urban_data_pipeline_dag.py took 0.237 seconds
[2026-07-01T14:39:54.492+0000] {processor.py:186} INFO - Started process (PID=3972) to work on /opt/airflow/dags/urban_data_pipeline_dag.py
[2026-07-01T14:39:54.494+0000] {processor.py:914} INFO - Processing file /opt/airflow/dags/urban_data_pipeline_dag.py for tasks to queue
[2026-07-01T14:39:54.497+0000] {logging_mixin.py:190} INFO - [2026-07-01T14:39:54.496+0000] {dagbag.py:588} INFO - Filling up the DagBag from /opt/airflow/dags/urban_data_pipeline_dag.py
[2026-07-01T14:39:54.612+0000] {processor.py:925} INFO - DAG(s) 'urban_data_pipeline' retrieved from /opt/airflow/dags/urban_data_pipeline_dag.py
[2026-07-01T14:39:54.657+0000] {logging_mixin.py:190} INFO - [2026-07-01T14:39:54.657+0000] {dag.py:3239} INFO - Sync 1 DAGs
[2026-07-01T14:39:54.681+0000] {logging_mixin.py:190} INFO - [2026-07-01T14:39:54.681+0000] {dag.py:4180} INFO - Setting next_dagrun for urban_data_pipeline to 2026-07-01 00:00:00+00:00, run_after=2026-08-01 00:00:00+00:00
[2026-07-01T14:39:54.706+0000] {processor.py:208} INFO - Processing /opt/airflow/dags/urban_data_pipeline_dag.py took 0.224 seconds
[2026-07-01T14:40:25.152+0000] {processor.py:186} INFO - Started process (PID=3990) to work on /opt/airflow/dags/urban_data_pipeline_dag.py
[2026-07-01T14:40:25.154+0000] {processor.py:914} INFO - Processing file /opt/airflow/dags/urban_data_pipeline_dag.py for tasks to queue
[2026-07-01T14:40:25.158+0000] {logging_mixin.py:190} INFO - [2026-07-01T14:40:25.158+0000] {dagbag.py:588} INFO - Filling up the DagBag from /opt/airflow/dags/urban_data_pipeline_dag.py
[2026-07-01T14:40:25.305+0000] {processor.py:925} INFO - DAG(s) 'urban_data_pipeline' retrieved from /opt/airflow/dags/urban_data_pipeline_dag.py
[2026-07-01T14:40:25.351+0000] {logging_mixin.py:190} INFO - [2026-07-01T14:40:25.351+0000] {dag.py:3239} INFO - Sync 1 DAGs
[2026-07-01T14:40:25.376+0000] {logging_mixin.py:190} INFO - [2026-07-01T14:40:25.376+0000] {dag.py:4180} INFO - Setting next_dagrun for urban_data_pipeline to 2026-07-01 00:00:00+00:00, run_after=2026-08-01 00:00:00+00:00
[2026-07-01T14:40:25.398+0000] {processor.py:208} INFO - Processing /opt/airflow/dags/urban_data_pipeline_dag.py took 0.257 seconds
[2026-07-01T14:40:55.925+0000] {processor.py:186} INFO - Started process (PID=4008) to work on /opt/airflow/dags/urban_data_pipeline_dag.py
[2026-07-01T14:40:55.927+0000] {processor.py:914} INFO - Processing file /opt/airflow/dags/urban_data_pipeline_dag.py for tasks to queue
[2026-07-01T14:40:55.930+0000] {logging_mixin.py:190} INFO - [2026-07-01T14:40:55.929+0000] {dagbag.py:588} INFO - Filling up the DagBag from /opt/airflow/dags/urban_data_pipeline_dag.py
[2026-07-01T14:40:56.062+0000] {processor.py:925} INFO - DAG(s) 'urban_data_pipeline' retrieved from /opt/airflow/dags/urban_data_pipeline_dag.py
[2026-07-01T14:40:56.105+0000] {logging_mixin.py:190} INFO - [2026-07-01T14:40:56.105+0000] {dag.py:3239} INFO - Sync 1 DAGs
[2026-07-01T14:40:56.129+0000] {logging_mixin.py:190} INFO - [2026-07-01T14:40:56.129+0000] {dag.py:4180} INFO - Setting next_dagrun for urban_data_pipeline to 2026-07-01 00:00:00+00:00, run_after=2026-08-01 00:00:00+00:00
[2026-07-01T14:40:56.157+0000] {processor.py:208} INFO - Processing /opt/airflow/dags/urban_data_pipeline_dag.py took 0.238 seconds
[2026-07-01T14:41:26.782+0000] {processor.py:186} INFO - Started process (PID=4026) to work on /opt/airflow/dags/urban_data_pipeline_dag.py
[2026-07-01T14:41:26.784+0000] {processor.py:914} INFO - Processing file /opt/airflow/dags/urban_data_pipeline_dag.py for tasks to queue
[2026-07-01T14:41:26.788+0000] {logging_mixin.py:190} INFO - [2026-07-01T14:41:26.788+0000] {dagbag.py:588} INFO - Filling up the DagBag from /opt/airflow/dags/urban_data_pipeline_dag.py
[2026-07-01T14:41:26.911+0000] {processor.py:925} INFO - DAG(s) 'urban_data_pipeline' retrieved from /opt/airflow/dags/urban_data_pipeline_dag.py
[2026-07-01T14:41:26.955+0000] {logging_mixin.py:190} INFO - [2026-07-01T14:41:26.955+0000] {dag.py:3239} INFO - Sync 1 DAGs
[2026-07-01T14:41:26.988+0000] {logging_mixin.py:190} INFO - [2026-07-01T14:41:26.987+0000] {dag.py:4180} INFO - Setting next_dagrun for urban_data_pipeline to 2026-07-01 00:00:00+00:00, run_after=2026-08-01 00:00:00+00:00
[2026-07-01T14:41:27.014+0000] {processor.py:208} INFO - Processing /opt/airflow/dags/urban_data_pipeline_dag.py took 0.244 seconds
[2026-07-01T14:41:57.762+0000] {processor.py:186} INFO - Started process (PID=4044) to work on /opt/airflow/dags/urban_data_pipeline_dag.py
[2026-07-01T14:41:57.766+0000] {processor.py:914} INFO - Processing file /opt/airflow/dags/urban_data_pipeline_dag.py for tasks to queue
[2026-07-01T14:41:57.773+0000] {logging_mixin.py:190} INFO - [2026-07-01T14:41:57.772+0000] {dagbag.py:588} INFO - Filling up the DagBag from /opt/airflow/dags/urban_data_pipeline_dag.py
[2026-07-01T14:41:57.977+0000] {processor.py:925} INFO - DAG(s) 'urban_data_pipeline' retrieved from /opt/airflow/dags/urban_data_pipeline_dag.py
[2026-07-01T14:41:58.027+0000] {logging_mixin.py:190} INFO - [2026-07-01T14:41:58.027+0000] {dag.py:3239} INFO - Sync 1 DAGs
[2026-07-01T14:41:58.056+0000] {logging_mixin.py:190} INFO - [2026-07-01T14:41:58.056+0000] {dag.py:4180} INFO - Setting next_dagrun for urban_data_pipeline to 2026-07-01 00:00:00+00:00, run_after=2026-08-01 00:00:00+00:00
[2026-07-01T14:41:58.081+0000] {processor.py:208} INFO - Processing /opt/airflow/dags/urban_data_pipeline_dag.py took 0.334 seconds
[2026-07-01T14:42:28.485+0000] {processor.py:186} INFO - Started process (PID=4062) to work on /opt/airflow/dags/urban_data_pipeline_dag.py
[2026-07-01T14:42:28.486+0000] {processor.py:914} INFO - Processing file /opt/airflow/dags/urban_data_pipeline_dag.py for tasks to queue
[2026-07-01T14:42:28.488+0000] {logging_mixin.py:190} INFO - [2026-07-01T14:42:28.488+0000] {dagbag.py:588} INFO - Filling up the DagBag from /opt/airflow/dags/urban_data_pipeline_dag.py
[2026-07-01T14:42:28.597+0000] {processor.py:925} INFO - DAG(s) 'urban_data_pipeline' retrieved from /opt/airflow/dags/urban_data_pipeline_dag.py
[2026-07-01T14:42:28.643+0000] {logging_mixin.py:190} INFO - [2026-07-01T14:42:28.642+0000] {dag.py:3239} INFO - Sync 1 DAGs
[2026-07-01T14:42:28.667+0000] {logging_mixin.py:190} INFO - [2026-07-01T14:42:28.667+0000] {dag.py:4180} INFO - Setting next_dagrun for urban_data_pipeline to 2026-07-01 00:00:00+00:00, run_after=2026-08-01 00:00:00+00:00
[2026-07-01T14:42:28.690+0000] {processor.py:208} INFO - Processing /opt/airflow/dags/urban_data_pipeline_dag.py took 0.212 seconds
[2026-07-01T14:42:59.292+0000] {processor.py:186} INFO - Started process (PID=4080) to work on /opt/airflow/dags/urban_data_pipeline_dag.py
[2026-07-01T14:42:59.293+0000] {processor.py:914} INFO - Processing file /opt/airflow/dags/urban_data_pipeline_dag.py for tasks to queue
[2026-07-01T14:42:59.297+0000] {logging_mixin.py:190} INFO - [2026-07-01T14:42:59.296+0000] {dagbag.py:588} INFO - Filling up the DagBag from /opt/airflow/dags/urban_data_pipeline_dag.py
[2026-07-01T14:42:59.457+0000] {processor.py:925} INFO - DAG(s) 'urban_data_pipeline' retrieved from /opt/airflow/dags/urban_data_pipeline_dag.py
[2026-07-01T14:42:59.501+0000] {logging_mixin.py:190} INFO - [2026-07-01T14:42:59.501+0000] {dag.py:3239} INFO - Sync 1 DAGs
[2026-07-01T14:42:59.525+0000] {logging_mixin.py:190} INFO - [2026-07-01T14:42:59.525+0000] {dag.py:4180} INFO - Setting next_dagrun for urban_data_pipeline to 2026-07-01 00:00:00+00:00, run_after=2026-08-01 00:00:00+00:00
[2026-07-01T14:42:59.548+0000] {processor.py:208} INFO - Processing /opt/airflow/dags/urban_data_pipeline_dag.py took 0.271 seconds
[2026-07-01T14:43:30.035+0000] {processor.py:186} INFO - Started process (PID=4098) to work on /opt/airflow/dags/urban_data_pipeline_dag.py
[2026-07-01T14:43:30.036+0000] {processor.py:914} INFO - Processing file /opt/airflow/dags/urban_data_pipeline_dag.py for tasks to queue
[2026-07-01T14:43:30.039+0000] {logging_mixin.py:190} INFO - [2026-07-01T14:43:30.039+0000] {dagbag.py:588} INFO - Filling up the DagBag from /opt/airflow/dags/urban_data_pipeline_dag.py
[2026-07-01T14:43:30.168+0000] {processor.py:925} INFO - DAG(s) 'urban_data_pipeline' retrieved from /opt/airflow/dags/urban_data_pipeline_dag.py
[2026-07-01T14:43:30.215+0000] {logging_mixin.py:190} INFO - [2026-07-01T14:43:30.215+0000] {dag.py:3239} INFO - Sync 1 DAGs
[2026-07-01T14:43:30.239+0000] {logging_mixin.py:190} INFO - [2026-07-01T14:43:30.239+0000] {dag.py:4180} INFO - Setting next_dagrun for urban_data_pipeline to 2026-07-01 00:00:00+00:00, run_after=2026-08-01 00:00:00+00:00
[2026-07-01T14:43:30.263+0000] {processor.py:208} INFO - Processing /opt/airflow/dags/urban_data_pipeline_dag.py took 0.234 seconds
[2026-07-01T14:44:00.837+0000] {processor.py:186} INFO - Started process (PID=4117) to work on /opt/airflow/dags/urban_data_pipeline_dag.py
[2026-07-01T14:44:00.840+0000] {processor.py:914} INFO - Processing file /opt/airflow/dags/urban_data_pipeline_dag.py for tasks to queue
[2026-07-01T14:44:00.850+0000] {logging_mixin.py:190} INFO - [2026-07-01T14:44:00.849+0000] {dagbag.py:588} INFO - Filling up the DagBag from /opt/airflow/dags/urban_data_pipeline_dag.py
[2026-07-01T14:44:01.036+0000] {processor.py:925} INFO - DAG(s) 'urban_data_pipeline' retrieved from /opt/airflow/dags/urban_data_pipeline_dag.py
[2026-07-01T14:44:01.080+0000] {logging_mixin.py:190} INFO - [2026-07-01T14:44:01.079+0000] {dag.py:3239} INFO - Sync 1 DAGs
[2026-07-01T14:44:01.106+0000] {logging_mixin.py:190} INFO - [2026-07-01T14:44:01.106+0000] {dag.py:4180} INFO - Setting next_dagrun for urban_data_pipeline to 2026-07-01 00:00:00+00:00, run_after=2026-08-01 00:00:00+00:00
[2026-07-01T14:44:01.132+0000] {processor.py:208} INFO - Processing /opt/airflow/dags/urban_data_pipeline_dag.py took 0.314 seconds
[2026-07-01T14:44:31.693+0000] {processor.py:186} INFO - Started process (PID=4135) to work on /opt/airflow/dags/urban_data_pipeline_dag.py
[2026-07-01T14:44:31.694+0000] {processor.py:914} INFO - Processing file /opt/airflow/dags/urban_data_pipeline_dag.py for tasks to queue
[2026-07-01T14:44:31.701+0000] {logging_mixin.py:190} INFO - [2026-07-01T14:44:31.700+0000] {dagbag.py:588} INFO - Filling up the DagBag from /opt/airflow/dags/urban_data_pipeline_dag.py
[2026-07-01T14:44:31.859+0000] {processor.py:925} INFO - DAG(s) 'urban_data_pipeline' retrieved from /opt/airflow/dags/urban_data_pipeline_dag.py
[2026-07-01T14:44:31.903+0000] {logging_mixin.py:190} INFO - [2026-07-01T14:44:31.903+0000] {dag.py:3239} INFO - Sync 1 DAGs
[2026-07-01T14:44:31.929+0000] {logging_mixin.py:190} INFO - [2026-07-01T14:44:31.928+0000] {dag.py:4180} INFO - Setting next_dagrun for urban_data_pipeline to 2026-07-01 00:00:00+00:00, run_after=2026-08-01 00:00:00+00:00
[2026-07-01T14:44:31.954+0000] {processor.py:208} INFO - Processing /opt/airflow/dags/urban_data_pipeline_dag.py took 0.273 seconds
[2026-07-01T14:45:02.483+0000] {processor.py:186} INFO - Started process (PID=4146) to work on /opt/airflow/dags/urban_data_pipeline_dag.py
[2026-07-01T14:45:02.486+0000] {processor.py:914} INFO - Processing file /opt/airflow/dags/urban_data_pipeline_dag.py for tasks to queue
[2026-07-01T14:45:02.492+0000] {logging_mixin.py:190} INFO - [2026-07-01T14:45:02.491+0000] {dagbag.py:588} INFO - Filling up the DagBag from /opt/airflow/dags/urban_data_pipeline_dag.py
[2026-07-01T14:45:02.623+0000] {processor.py:925} INFO - DAG(s) 'urban_data_pipeline' retrieved from /opt/airflow/dags/urban_data_pipeline_dag.py
[2026-07-01T14:45:02.667+0000] {logging_mixin.py:190} INFO - [2026-07-01T14:45:02.667+0000] {dag.py:3239} INFO - Sync 1 DAGs
[2026-07-01T14:45:02.691+0000] {logging_mixin.py:190} INFO - [2026-07-01T14:45:02.690+0000] {dag.py:4180} INFO - Setting next_dagrun for urban_data_pipeline to 2026-07-01 00:00:00+00:00, run_after=2026-08-01 00:00:00+00:00
[2026-07-01T14:45:02.716+0000] {processor.py:208} INFO - Processing /opt/airflow/dags/urban_data_pipeline_dag.py took 0.245 seconds
[2026-07-01T14:45:33.337+0000] {processor.py:186} INFO - Started process (PID=4164) to work on /opt/airflow/dags/urban_data_pipeline_dag.py
[2026-07-01T14:45:33.340+0000] {processor.py:914} INFO - Processing file /opt/airflow/dags/urban_data_pipeline_dag.py for tasks to queue
[2026-07-01T14:45:33.348+0000] {logging_mixin.py:190} INFO - [2026-07-01T14:45:33.347+0000] {dagbag.py:588} INFO - Filling up the DagBag from /opt/airflow/dags/urban_data_pipeline_dag.py
[2026-07-01T14:45:33.494+0000] {processor.py:925} INFO - DAG(s) 'urban_data_pipeline' retrieved from /opt/airflow/dags/urban_data_pipeline_dag.py
[2026-07-01T14:45:33.542+0000] {logging_mixin.py:190} INFO - [2026-07-01T14:45:33.541+0000] {dag.py:3239} INFO - Sync 1 DAGs
[2026-07-01T14:45:33.567+0000] {logging_mixin.py:190} INFO - [2026-07-01T14:45:33.567+0000] {dag.py:4180} INFO - Setting next_dagrun for urban_data_pipeline to 2026-07-01 00:00:00+00:00, run_after=2026-08-01 00:00:00+00:00
[2026-07-01T14:45:33.597+0000] {processor.py:208} INFO - Processing /opt/airflow/dags/urban_data_pipeline_dag.py took 0.276 seconds
[2026-07-01T14:46:04.008+0000] {processor.py:186} INFO - Started process (PID=4182) to work on /opt/airflow/dags/urban_data_pipeline_dag.py
[2026-07-01T14:46:04.010+0000] {processor.py:914} INFO - Processing file /opt/airflow/dags/urban_data_pipeline_dag.py for tasks to queue
[2026-07-01T14:46:04.013+0000] {logging_mixin.py:190} INFO - [2026-07-01T14:46:04.013+0000] {dagbag.py:588} INFO - Filling up the DagBag from /opt/airflow/dags/urban_data_pipeline_dag.py
[2026-07-01T14:46:04.130+0000] {processor.py:925} INFO - DAG(s) 'urban_data_pipeline' retrieved from /opt/airflow/dags/urban_data_pipeline_dag.py
[2026-07-01T14:46:04.175+0000] {logging_mixin.py:190} INFO - [2026-07-01T14:46:04.174+0000] {dag.py:3239} INFO - Sync 1 DAGs
[2026-07-01T14:46:04.200+0000] {logging_mixin.py:190} INFO - [2026-07-01T14:46:04.199+0000] {dag.py:4180} INFO - Setting next_dagrun for urban_data_pipeline to 2026-07-01 00:00:00+00:00, run_after=2026-08-01 00:00:00+00:00
[2026-07-01T14:46:04.224+0000] {processor.py:208} INFO - Processing /opt/airflow/dags/urban_data_pipeline_dag.py took 0.221 seconds
[2026-07-01T14:46:34.807+0000] {processor.py:186} INFO - Started process (PID=4200) to work on /opt/airflow/dags/urban_data_pipeline_dag.py
[2026-07-01T14:46:34.808+0000] {processor.py:914} INFO - Processing file /opt/airflow/dags/urban_data_pipeline_dag.py for tasks to queue
[2026-07-01T14:46:34.811+0000] {logging_mixin.py:190} INFO - [2026-07-01T14:46:34.811+0000] {dagbag.py:588} INFO - Filling up the DagBag from /opt/airflow/dags/urban_data_pipeline_dag.py
[2026-07-01T14:46:34.927+0000] {processor.py:925} INFO - DAG(s) 'urban_data_pipeline' retrieved from /opt/airflow/dags/urban_data_pipeline_dag.py
[2026-07-01T14:46:34.972+0000] {logging_mixin.py:190} INFO - [2026-07-01T14:46:34.972+0000] {dag.py:3239} INFO - Sync 1 DAGs
[2026-07-01T14:46:34.997+0000] {logging_mixin.py:190} INFO - [2026-07-01T14:46:34.996+0000] {dag.py:4180} INFO - Setting next_dagrun for urban_data_pipeline to 2026-07-01 00:00:00+00:00, run_after=2026-08-01 00:00:00+00:00
[2026-07-01T14:46:35.022+0000] {processor.py:208} INFO - Processing /opt/airflow/dags/urban_data_pipeline_dag.py took 0.221 seconds
[2026-07-01T14:47:05.790+0000] {processor.py:186} INFO - Started process (PID=4218) to work on /opt/airflow/dags/urban_data_pipeline_dag.py
[2026-07-01T14:47:05.791+0000] {processor.py:914} INFO - Processing file /opt/airflow/dags/urban_data_pipeline_dag.py for tasks to queue
[2026-07-01T14:47:05.794+0000] {logging_mixin.py:190} INFO - [2026-07-01T14:47:05.794+0000] {dagbag.py:588} INFO - Filling up the DagBag from /opt/airflow/dags/urban_data_pipeline_dag.py
[2026-07-01T14:47:05.911+0000] {processor.py:925} INFO - DAG(s) 'urban_data_pipeline' retrieved from /opt/airflow/dags/urban_data_pipeline_dag.py
[2026-07-01T14:47:05.954+0000] {logging_mixin.py:190} INFO - [2026-07-01T14:47:05.953+0000] {dag.py:3239} INFO - Sync 1 DAGs
[2026-07-01T14:47:05.978+0000] {logging_mixin.py:190} INFO - [2026-07-01T14:47:05.978+0000] {dag.py:4180} INFO - Setting next_dagrun for urban_data_pipeline to 2026-07-01 00:00:00+00:00, run_after=2026-08-01 00:00:00+00:00
[2026-07-01T14:47:06.003+0000] {processor.py:208} INFO - Processing /opt/airflow/dags/urban_data_pipeline_dag.py took 0.220 seconds
[2026-07-01T14:47:36.582+0000] {processor.py:186} INFO - Started process (PID=4237) to work on /opt/airflow/dags/urban_data_pipeline_dag.py
[2026-07-01T14:47:36.585+0000] {processor.py:914} INFO - Processing file /opt/airflow/dags/urban_data_pipeline_dag.py for tasks to queue
[2026-07-01T14:47:36.592+0000] {logging_mixin.py:190} INFO - [2026-07-01T14:47:36.591+0000] {dagbag.py:588} INFO - Filling up the DagBag from /opt/airflow/dags/urban_data_pipeline_dag.py
[2026-07-01T14:47:36.740+0000] {processor.py:925} INFO - DAG(s) 'urban_data_pipeline' retrieved from /opt/airflow/dags/urban_data_pipeline_dag.py
[2026-07-01T14:47:36.784+0000] {logging_mixin.py:190} INFO - [2026-07-01T14:47:36.784+0000] {dag.py:3239} INFO - Sync 1 DAGs
[2026-07-01T14:47:36.812+0000] {logging_mixin.py:190} INFO - [2026-07-01T14:47:36.812+0000] {dag.py:4180} INFO - Setting next_dagrun for urban_data_pipeline to 2026-07-01 00:00:00+00:00, run_after=2026-08-01 00:00:00+00:00
[2026-07-01T14:47:36.836+0000] {processor.py:208} INFO - Processing /opt/airflow/dags/urban_data_pipeline_dag.py took 0.268 seconds
[2026-07-01T14:48:07.428+0000] {processor.py:186} INFO - Started process (PID=4255) to work on /opt/airflow/dags/urban_data_pipeline_dag.py
[2026-07-01T14:48:07.431+0000] {processor.py:914} INFO - Processing file /opt/airflow/dags/urban_data_pipeline_dag.py for tasks to queue
[2026-07-01T14:48:07.438+0000] {logging_mixin.py:190} INFO - [2026-07-01T14:48:07.437+0000] {dagbag.py:588} INFO - Filling up the DagBag from /opt/airflow/dags/urban_data_pipeline_dag.py
[2026-07-01T14:48:07.584+0000] {processor.py:925} INFO - DAG(s) 'urban_data_pipeline' retrieved from /opt/airflow/dags/urban_data_pipeline_dag.py
[2026-07-01T14:48:07.629+0000] {logging_mixin.py:190} INFO - [2026-07-01T14:48:07.629+0000] {dag.py:3239} INFO - Sync 1 DAGs
[2026-07-01T14:48:07.656+0000] {logging_mixin.py:190} INFO - [2026-07-01T14:48:07.656+0000] {dag.py:4180} INFO - Setting next_dagrun for urban_data_pipeline to 2026-07-01 00:00:00+00:00, run_after=2026-08-01 00:00:00+00:00
[2026-07-01T14:48:07.689+0000] {processor.py:208} INFO - Processing /opt/airflow/dags/urban_data_pipeline_dag.py took 0.273 seconds
[2026-07-01T14:48:38.265+0000] {processor.py:186} INFO - Started process (PID=4273) to work on /opt/airflow/dags/urban_data_pipeline_dag.py
[2026-07-01T14:48:38.267+0000] {processor.py:914} INFO - Processing file /opt/airflow/dags/urban_data_pipeline_dag.py for tasks to queue
[2026-07-01T14:48:38.269+0000] {logging_mixin.py:190} INFO - [2026-07-01T14:48:38.269+0000] {dagbag.py:588} INFO - Filling up the DagBag from /opt/airflow/dags/urban_data_pipeline_dag.py
[2026-07-01T14:48:38.392+0000] {processor.py:925} INFO - DAG(s) 'urban_data_pipeline' retrieved from /opt/airflow/dags/urban_data_pipeline_dag.py
[2026-07-01T14:48:38.436+0000] {logging_mixin.py:190} INFO - [2026-07-01T14:48:38.436+0000] {dag.py:3239} INFO - Sync 1 DAGs
[2026-07-01T14:48:38.462+0000] {logging_mixin.py:190} INFO - [2026-07-01T14:48:38.462+0000] {dag.py:4180} INFO - Setting next_dagrun for urban_data_pipeline to 2026-07-01 00:00:00+00:00, run_after=2026-08-01 00:00:00+00:00
[2026-07-01T14:48:38.487+0000] {processor.py:208} INFO - Processing /opt/airflow/dags/urban_data_pipeline_dag.py took 0.234 seconds
[2026-07-01T14:49:08.920+0000] {processor.py:186} INFO - Started process (PID=4291) to work on /opt/airflow/dags/urban_data_pipeline_dag.py
[2026-07-01T14:49:08.922+0000] {processor.py:914} INFO - Processing file /opt/airflow/dags/urban_data_pipeline_dag.py for tasks to queue
[2026-07-01T14:49:08.926+0000] {logging_mixin.py:190} INFO - [2026-07-01T14:49:08.925+0000] {dagbag.py:588} INFO - Filling up the DagBag from /opt/airflow/dags/urban_data_pipeline_dag.py
[2026-07-01T14:49:09.119+0000] {processor.py:925} INFO - DAG(s) 'urban_data_pipeline' retrieved from /opt/airflow/dags/urban_data_pipeline_dag.py
[2026-07-01T14:49:09.166+0000] {logging_mixin.py:190} INFO - [2026-07-01T14:49:09.166+0000] {dag.py:3239} INFO - Sync 1 DAGs
[2026-07-01T14:49:09.193+0000] {logging_mixin.py:190} INFO - [2026-07-01T14:49:09.193+0000] {dag.py:4180} INFO - Setting next_dagrun for urban_data_pipeline to 2026-07-01 00:00:00+00:00, run_after=2026-08-01 00:00:00+00:00
[2026-07-01T14:49:09.217+0000] {processor.py:208} INFO - Processing /opt/airflow/dags/urban_data_pipeline_dag.py took 0.306 seconds
[2026-07-01T14:49:39.766+0000] {processor.py:186} INFO - Started process (PID=4309) to work on /opt/airflow/dags/urban_data_pipeline_dag.py
[2026-07-01T14:49:39.768+0000] {processor.py:914} INFO - Processing file /opt/airflow/dags/urban_data_pipeline_dag.py for tasks to queue
[2026-07-01T14:49:39.771+0000] {logging_mixin.py:190} INFO - [2026-07-01T14:49:39.770+0000] {dagbag.py:588} INFO - Filling up the DagBag from /opt/airflow/dags/urban_data_pipeline_dag.py
[2026-07-01T14:49:39.898+0000] {processor.py:925} INFO - DAG(s) 'urban_data_pipeline' retrieved from /opt/airflow/dags/urban_data_pipeline_dag.py
[2026-07-01T14:49:39.949+0000] {logging_mixin.py:190} INFO - [2026-07-01T14:49:39.948+0000] {dag.py:3239} INFO - Sync 1 DAGs
[2026-07-01T14:49:39.978+0000] {logging_mixin.py:190} INFO - [2026-07-01T14:49:39.977+0000] {dag.py:4180} INFO - Setting next_dagrun for urban_data_pipeline to 2026-07-01 00:00:00+00:00, run_after=2026-08-01 00:00:00+00:00
[2026-07-01T14:49:40.009+0000] {processor.py:208} INFO - Processing /opt/airflow/dags/urban_data_pipeline_dag.py took 0.249 seconds
[2026-07-01T14:50:10.475+0000] {processor.py:186} INFO - Started process (PID=4327) to work on /opt/airflow/dags/urban_data_pipeline_dag.py
[2026-07-01T14:50:10.477+0000] {processor.py:914} INFO - Processing file /opt/airflow/dags/urban_data_pipeline_dag.py for tasks to queue
[2026-07-01T14:50:10.480+0000] {logging_mixin.py:190} INFO - [2026-07-01T14:50:10.479+0000] {dagbag.py:588} INFO - Filling up the DagBag from /opt/airflow/dags/urban_data_pipeline_dag.py
[2026-07-01T14:50:10.603+0000] {processor.py:925} INFO - DAG(s) 'urban_data_pipeline' retrieved from /opt/airflow/dags/urban_data_pipeline_dag.py
[2026-07-01T14:50:10.650+0000] {logging_mixin.py:190} INFO - [2026-07-01T14:50:10.650+0000] {dag.py:3239} INFO - Sync 1 DAGs
[2026-07-01T14:50:10.674+0000] {logging_mixin.py:190} INFO - [2026-07-01T14:50:10.674+0000] {dag.py:4180} INFO - Setting next_dagrun for urban_data_pipeline to 2026-07-01 00:00:00+00:00, run_after=2026-08-01 00:00:00+00:00
[2026-07-01T14:50:10.697+0000] {processor.py:208} INFO - Processing /opt/airflow/dags/urban_data_pipeline_dag.py took 0.228 seconds
[2026-07-01T14:50:41.179+0000] {processor.py:186} INFO - Started process (PID=4345) to work on /opt/airflow/dags/urban_data_pipeline_dag.py
[2026-07-01T14:50:41.181+0000] {processor.py:914} INFO - Processing file /opt/airflow/dags/urban_data_pipeline_dag.py for tasks to queue
[2026-07-01T14:50:41.188+0000] {logging_mixin.py:190} INFO - [2026-07-01T14:50:41.187+0000] {dagbag.py:588} INFO - Filling up the DagBag from /opt/airflow/dags/urban_data_pipeline_dag.py
[2026-07-01T14:50:41.325+0000] {processor.py:925} INFO - DAG(s) 'urban_data_pipeline' retrieved from /opt/airflow/dags/urban_data_pipeline_dag.py
[2026-07-01T14:50:41.394+0000] {logging_mixin.py:190} INFO - [2026-07-01T14:50:41.393+0000] {dag.py:3239} INFO - Sync 1 DAGs
[2026-07-01T14:50:41.424+0000] {logging_mixin.py:190} INFO - [2026-07-01T14:50:41.424+0000] {dag.py:4180} INFO - Setting next_dagrun for urban_data_pipeline to 2026-07-01 00:00:00+00:00, run_after=2026-08-01 00:00:00+00:00
[2026-07-01T14:50:41.450+0000] {processor.py:208} INFO - Processing /opt/airflow/dags/urban_data_pipeline_dag.py took 0.283 seconds
[2026-07-01T14:51:11.938+0000] {processor.py:186} INFO - Started process (PID=4362) to work on /opt/airflow/dags/urban_data_pipeline_dag.py
[2026-07-01T14:51:11.940+0000] {processor.py:914} INFO - Processing file /opt/airflow/dags/urban_data_pipeline_dag.py for tasks to queue
[2026-07-01T14:51:11.942+0000] {logging_mixin.py:190} INFO - [2026-07-01T14:51:11.942+0000] {dagbag.py:588} INFO - Filling up the DagBag from /opt/airflow/dags/urban_data_pipeline_dag.py
[2026-07-01T14:51:12.058+0000] {processor.py:925} INFO - DAG(s) 'urban_data_pipeline' retrieved from /opt/airflow/dags/urban_data_pipeline_dag.py
[2026-07-01T14:51:12.103+0000] {logging_mixin.py:190} INFO - [2026-07-01T14:51:12.103+0000] {dag.py:3239} INFO - Sync 1 DAGs
[2026-07-01T14:51:12.129+0000] {logging_mixin.py:190} INFO - [2026-07-01T14:51:12.129+0000] {dag.py:4180} INFO - Setting next_dagrun for urban_data_pipeline to 2026-07-01 00:00:00+00:00, run_after=2026-08-01 00:00:00+00:00
[2026-07-01T14:51:12.154+0000] {processor.py:208} INFO - Processing /opt/airflow/dags/urban_data_pipeline_dag.py took 0.222 seconds
[2026-07-01T14:51:42.779+0000] {processor.py:186} INFO - Started process (PID=4373) to work on /opt/airflow/dags/urban_data_pipeline_dag.py
[2026-07-01T14:51:42.782+0000] {processor.py:914} INFO - Processing file /opt/airflow/dags/urban_data_pipeline_dag.py for tasks to queue
[2026-07-01T14:51:42.790+0000] {logging_mixin.py:190} INFO - [2026-07-01T14:51:42.789+0000] {dagbag.py:588} INFO - Filling up the DagBag from /opt/airflow/dags/urban_data_pipeline_dag.py
[2026-07-01T14:51:42.947+0000] {processor.py:925} INFO - DAG(s) 'urban_data_pipeline' retrieved from /opt/airflow/dags/urban_data_pipeline_dag.py
[2026-07-01T14:51:42.990+0000] {logging_mixin.py:190} INFO - [2026-07-01T14:51:42.990+0000] {dag.py:3239} INFO - Sync 1 DAGs
[2026-07-01T14:51:43.014+0000] {logging_mixin.py:190} INFO - [2026-07-01T14:51:43.014+0000] {dag.py:4180} INFO - Setting next_dagrun for urban_data_pipeline to 2026-07-01 00:00:00+00:00, run_after=2026-08-01 00:00:00+00:00
[2026-07-01T14:51:43.037+0000] {processor.py:208} INFO - Processing /opt/airflow/dags/urban_data_pipeline_dag.py took 0.274 seconds
[2026-07-01T14:52:13.726+0000] {processor.py:186} INFO - Started process (PID=4391) to work on /opt/airflow/dags/urban_data_pipeline_dag.py
[2026-07-01T14:52:13.729+0000] {processor.py:914} INFO - Processing file /opt/airflow/dags/urban_data_pipeline_dag.py for tasks to queue
[2026-07-01T14:52:13.734+0000] {logging_mixin.py:190} INFO - [2026-07-01T14:52:13.734+0000] {dagbag.py:588} INFO - Filling up the DagBag from /opt/airflow/dags/urban_data_pipeline_dag.py
[2026-07-01T14:52:13.963+0000] {processor.py:925} INFO - DAG(s) 'urban_data_pipeline' retrieved from /opt/airflow/dags/urban_data_pipeline_dag.py
[2026-07-01T14:52:14.014+0000] {logging_mixin.py:190} INFO - [2026-07-01T14:52:14.014+0000] {dag.py:3239} INFO - Sync 1 DAGs
[2026-07-01T14:52:14.042+0000] {logging_mixin.py:190} INFO - [2026-07-01T14:52:14.042+0000] {dag.py:4180} INFO - Setting next_dagrun for urban_data_pipeline to 2026-07-01 00:00:00+00:00, run_after=2026-08-01 00:00:00+00:00
[2026-07-01T14:52:14.069+0000] {processor.py:208} INFO - Processing /opt/airflow/dags/urban_data_pipeline_dag.py took 0.351 seconds
[2026-07-01T14:52:44.625+0000] {processor.py:186} INFO - Started process (PID=4409) to work on /opt/airflow/dags/urban_data_pipeline_dag.py
[2026-07-01T14:52:44.629+0000] {processor.py:914} INFO - Processing file /opt/airflow/dags/urban_data_pipeline_dag.py for tasks to queue
[2026-07-01T14:52:44.635+0000] {logging_mixin.py:190} INFO - [2026-07-01T14:52:44.635+0000] {dagbag.py:588} INFO - Filling up the DagBag from /opt/airflow/dags/urban_data_pipeline_dag.py
[2026-07-01T14:52:44.862+0000] {processor.py:925} INFO - DAG(s) 'urban_data_pipeline' retrieved from /opt/airflow/dags/urban_data_pipeline_dag.py
[2026-07-01T14:52:44.910+0000] {logging_mixin.py:190} INFO - [2026-07-01T14:52:44.910+0000] {dag.py:3239} INFO - Sync 1 DAGs
[2026-07-01T14:52:44.935+0000] {logging_mixin.py:190} INFO - [2026-07-01T14:52:44.934+0000] {dag.py:4180} INFO - Setting next_dagrun for urban_data_pipeline to 2026-07-01 00:00:00+00:00, run_after=2026-08-01 00:00:00+00:00
[2026-07-01T14:52:44.962+0000] {processor.py:208} INFO - Processing /opt/airflow/dags/urban_data_pipeline_dag.py took 0.350 seconds
[2026-07-01T14:53:15.549+0000] {processor.py:186} INFO - Started process (PID=4427) to work on /opt/airflow/dags/urban_data_pipeline_dag.py
[2026-07-01T14:53:15.550+0000] {processor.py:914} INFO - Processing file /opt/airflow/dags/urban_data_pipeline_dag.py for tasks to queue
[2026-07-01T14:53:15.555+0000] {logging_mixin.py:190} INFO - [2026-07-01T14:53:15.554+0000] {dagbag.py:588} INFO - Filling up the DagBag from /opt/airflow/dags/urban_data_pipeline_dag.py
[2026-07-01T14:53:15.669+0000] {processor.py:925} INFO - DAG(s) 'urban_data_pipeline' retrieved from /opt/airflow/dags/urban_data_pipeline_dag.py
[2026-07-01T14:53:15.712+0000] {logging_mixin.py:190} INFO - [2026-07-01T14:53:15.712+0000] {dag.py:3239} INFO - Sync 1 DAGs
[2026-07-01T14:53:15.740+0000] {logging_mixin.py:190} INFO - [2026-07-01T14:53:15.740+0000] {dag.py:4180} INFO - Setting next_dagrun for urban_data_pipeline to 2026-07-01 00:00:00+00:00, run_after=2026-08-01 00:00:00+00:00
[2026-07-01T14:53:15.767+0000] {processor.py:208} INFO - Processing /opt/airflow/dags/urban_data_pipeline_dag.py took 0.227 seconds
[2026-07-01T14:53:46.270+0000] {processor.py:186} INFO - Started process (PID=4445) to work on /opt/airflow/dags/urban_data_pipeline_dag.py
[2026-07-01T14:53:46.271+0000] {processor.py:914} INFO - Processing file /opt/airflow/dags/urban_data_pipeline_dag.py for tasks to queue
[2026-07-01T14:53:46.274+0000] {logging_mixin.py:190} INFO - [2026-07-01T14:53:46.274+0000] {dagbag.py:588} INFO - Filling up the DagBag from /opt/airflow/dags/urban_data_pipeline_dag.py
[2026-07-01T14:53:46.389+0000] {processor.py:925} INFO - DAG(s) 'urban_data_pipeline' retrieved from /opt/airflow/dags/urban_data_pipeline_dag.py
[2026-07-01T14:53:46.440+0000] {logging_mixin.py:190} INFO - [2026-07-01T14:53:46.440+0000] {dag.py:3239} INFO - Sync 1 DAGs
[2026-07-01T14:53:46.468+0000] {logging_mixin.py:190} INFO - [2026-07-01T14:53:46.467+0000] {dag.py:4180} INFO - Setting next_dagrun for urban_data_pipeline to 2026-07-01 00:00:00+00:00, run_after=2026-08-01 00:00:00+00:00
[2026-07-01T14:53:46.498+0000] {processor.py:208} INFO - Processing /opt/airflow/dags/urban_data_pipeline_dag.py took 0.235 seconds
[2026-07-01T14:54:16.943+0000] {processor.py:186} INFO - Started process (PID=4463) to work on /opt/airflow/dags/urban_data_pipeline_dag.py
[2026-07-01T14:54:16.944+0000] {processor.py:914} INFO - Processing file /opt/airflow/dags/urban_data_pipeline_dag.py for tasks to queue
[2026-07-01T14:54:16.947+0000] {logging_mixin.py:190} INFO - [2026-07-01T14:54:16.947+0000] {dagbag.py:588} INFO - Filling up the DagBag from /opt/airflow/dags/urban_data_pipeline_dag.py
[2026-07-01T14:54:17.105+0000] {processor.py:925} INFO - DAG(s) 'urban_data_pipeline' retrieved from /opt/airflow/dags/urban_data_pipeline_dag.py
[2026-07-01T14:54:17.157+0000] {logging_mixin.py:190} INFO - [2026-07-01T14:54:17.156+0000] {dag.py:3239} INFO - Sync 1 DAGs
[2026-07-01T14:54:17.182+0000] {logging_mixin.py:190} INFO - [2026-07-01T14:54:17.182+0000] {dag.py:4180} INFO - Setting next_dagrun for urban_data_pipeline to 2026-07-01 00:00:00+00:00, run_after=2026-08-01 00:00:00+00:00
[2026-07-01T14:54:17.212+0000] {processor.py:208} INFO - Processing /opt/airflow/dags/urban_data_pipeline_dag.py took 0.275 seconds
[2026-07-01T14:54:47.827+0000] {processor.py:186} INFO - Started process (PID=4481) to work on /opt/airflow/dags/urban_data_pipeline_dag.py
[2026-07-01T14:54:47.828+0000] {processor.py:914} INFO - Processing file /opt/airflow/dags/urban_data_pipeline_dag.py for tasks to queue
[2026-07-01T14:54:47.832+0000] {logging_mixin.py:190} INFO - [2026-07-01T14:54:47.832+0000] {dagbag.py:588} INFO - Filling up the DagBag from /opt/airflow/dags/urban_data_pipeline_dag.py
[2026-07-01T14:54:47.962+0000] {processor.py:925} INFO - DAG(s) 'urban_data_pipeline' retrieved from /opt/airflow/dags/urban_data_pipeline_dag.py
[2026-07-01T14:54:48.026+0000] {logging_mixin.py:190} INFO - [2026-07-01T14:54:48.025+0000] {dag.py:3239} INFO - Sync 1 DAGs
[2026-07-01T14:54:48.063+0000] {logging_mixin.py:190} INFO - [2026-07-01T14:54:48.062+0000] {dag.py:4180} INFO - Setting next_dagrun for urban_data_pipeline to 2026-07-01 00:00:00+00:00, run_after=2026-08-01 00:00:00+00:00
[2026-07-01T14:54:48.137+0000] {processor.py:208} INFO - Processing /opt/airflow/dags/urban_data_pipeline_dag.py took 0.318 seconds
[2026-07-01T14:55:18.728+0000] {processor.py:186} INFO - Started process (PID=4499) to work on /opt/airflow/dags/urban_data_pipeline_dag.py
[2026-07-01T14:55:18.730+0000] {processor.py:914} INFO - Processing file /opt/airflow/dags/urban_data_pipeline_dag.py for tasks to queue
[2026-07-01T14:55:18.733+0000] {logging_mixin.py:190} INFO - [2026-07-01T14:55:18.732+0000] {dagbag.py:588} INFO - Filling up the DagBag from /opt/airflow/dags/urban_data_pipeline_dag.py
[2026-07-01T14:55:18.863+0000] {processor.py:925} INFO - DAG(s) 'urban_data_pipeline' retrieved from /opt/airflow/dags/urban_data_pipeline_dag.py
[2026-07-01T14:55:18.910+0000] {logging_mixin.py:190} INFO - [2026-07-01T14:55:18.910+0000] {dag.py:3239} INFO - Sync 1 DAGs
[2026-07-01T14:55:18.933+0000] {logging_mixin.py:190} INFO - [2026-07-01T14:55:18.932+0000] {dag.py:4180} INFO - Setting next_dagrun for urban_data_pipeline to 2026-07-01 00:00:00+00:00, run_after=2026-08-01 00:00:00+00:00
[2026-07-01T14:55:18.955+0000] {processor.py:208} INFO - Processing /opt/airflow/dags/urban_data_pipeline_dag.py took 0.236 seconds
[2026-07-01T14:55:49.507+0000] {processor.py:186} INFO - Started process (PID=4517) to work on /opt/airflow/dags/urban_data_pipeline_dag.py
[2026-07-01T14:55:49.509+0000] {processor.py:914} INFO - Processing file /opt/airflow/dags/urban_data_pipeline_dag.py for tasks to queue
[2026-07-01T14:55:49.512+0000] {logging_mixin.py:190} INFO - [2026-07-01T14:55:49.511+0000] {dagbag.py:588} INFO - Filling up the DagBag from /opt/airflow/dags/urban_data_pipeline_dag.py
[2026-07-01T14:55:49.732+0000] {processor.py:925} INFO - DAG(s) 'urban_data_pipeline' retrieved from /opt/airflow/dags/urban_data_pipeline_dag.py
[2026-07-01T14:55:49.839+0000] {logging_mixin.py:190} INFO - [2026-07-01T14:55:49.838+0000] {dag.py:3239} INFO - Sync 1 DAGs
[2026-07-01T14:55:49.905+0000] {logging_mixin.py:190} INFO - [2026-07-01T14:55:49.904+0000] {dag.py:4180} INFO - Setting next_dagrun for urban_data_pipeline to 2026-07-01 00:00:00+00:00, run_after=2026-08-01 00:00:00+00:00
[2026-07-01T14:55:49.987+0000] {processor.py:208} INFO - Processing /opt/airflow/dags/urban_data_pipeline_dag.py took 0.487 seconds
[2026-07-01T14:56:20.817+0000] {processor.py:186} INFO - Started process (PID=4537) to work on /opt/airflow/dags/urban_data_pipeline_dag.py
[2026-07-01T14:56:20.818+0000] {processor.py:914} INFO - Processing file /opt/airflow/dags/urban_data_pipeline_dag.py for tasks to queue
[2026-07-01T14:56:20.821+0000] {logging_mixin.py:190} INFO - [2026-07-01T14:56:20.821+0000] {dagbag.py:588} INFO - Filling up the DagBag from /opt/airflow/dags/urban_data_pipeline_dag.py
[2026-07-01T14:56:20.985+0000] {processor.py:925} INFO - DAG(s) 'urban_data_pipeline' retrieved from /opt/airflow/dags/urban_data_pipeline_dag.py
[2026-07-01T14:56:21.031+0000] {logging_mixin.py:190} INFO - [2026-07-01T14:56:21.031+0000] {dag.py:3239} INFO - Sync 1 DAGs
[2026-07-01T14:56:21.056+0000] {logging_mixin.py:190} INFO - [2026-07-01T14:56:21.056+0000] {dag.py:4180} INFO - Setting next_dagrun for urban_data_pipeline to 2026-07-01 00:00:00+00:00, run_after=2026-08-01 00:00:00+00:00
[2026-07-01T14:56:21.078+0000] {processor.py:208} INFO - Processing /opt/airflow/dags/urban_data_pipeline_dag.py took 0.266 seconds
[2026-07-01T14:56:51.956+0000] {processor.py:186} INFO - Started process (PID=4554) to work on /opt/airflow/dags/urban_data_pipeline_dag.py
[2026-07-01T14:56:51.957+0000] {processor.py:914} INFO - Processing file /opt/airflow/dags/urban_data_pipeline_dag.py for tasks to queue
[2026-07-01T14:56:51.961+0000] {logging_mixin.py:190} INFO - [2026-07-01T14:56:51.960+0000] {dagbag.py:588} INFO - Filling up the DagBag from /opt/airflow/dags/urban_data_pipeline_dag.py
[2026-07-01T14:56:52.073+0000] {processor.py:925} INFO - DAG(s) 'urban_data_pipeline' retrieved from /opt/airflow/dags/urban_data_pipeline_dag.py
[2026-07-01T14:56:52.117+0000] {logging_mixin.py:190} INFO - [2026-07-01T14:56:52.116+0000] {dag.py:3239} INFO - Sync 1 DAGs
[2026-07-01T14:56:52.141+0000] {logging_mixin.py:190} INFO - [2026-07-01T14:56:52.141+0000] {dag.py:4180} INFO - Setting next_dagrun for urban_data_pipeline to 2026-07-01 00:00:00+00:00, run_after=2026-08-01 00:00:00+00:00
[2026-07-01T14:56:52.162+0000] {processor.py:208} INFO - Processing /opt/airflow/dags/urban_data_pipeline_dag.py took 0.213 seconds
[2026-07-01T14:57:22.345+0000] {processor.py:186} INFO - Started process (PID=4565) to work on /opt/airflow/dags/urban_data_pipeline_dag.py
[2026-07-01T14:57:22.347+0000] {processor.py:914} INFO - Processing file /opt/airflow/dags/urban_data_pipeline_dag.py for tasks to queue
[2026-07-01T14:57:22.350+0000] {logging_mixin.py:190} INFO - [2026-07-01T14:57:22.349+0000] {dagbag.py:588} INFO - Filling up the DagBag from /opt/airflow/dags/urban_data_pipeline_dag.py
[2026-07-01T14:57:22.588+0000] {processor.py:925} INFO - DAG(s) 'urban_data_pipeline' retrieved from /opt/airflow/dags/urban_data_pipeline_dag.py
[2026-07-01T14:57:22.645+0000] {logging_mixin.py:190} INFO - [2026-07-01T14:57:22.645+0000] {dag.py:3239} INFO - Sync 1 DAGs
[2026-07-01T14:57:22.676+0000] {logging_mixin.py:190} INFO - [2026-07-01T14:57:22.676+0000] {dag.py:4180} INFO - Setting next_dagrun for urban_data_pipeline to 2026-07-01 00:00:00+00:00, run_after=2026-08-01 00:00:00+00:00
[2026-07-01T14:57:22.714+0000] {processor.py:208} INFO - Processing /opt/airflow/dags/urban_data_pipeline_dag.py took 0.378 seconds
[2026-07-01T14:57:52.879+0000] {processor.py:186} INFO - Started process (PID=4583) to work on /opt/airflow/dags/urban_data_pipeline_dag.py
[2026-07-01T14:57:52.881+0000] {processor.py:914} INFO - Processing file /opt/airflow/dags/urban_data_pipeline_dag.py for tasks to queue
[2026-07-01T14:57:52.884+0000] {logging_mixin.py:190} INFO - [2026-07-01T14:57:52.884+0000] {dagbag.py:588} INFO - Filling up the DagBag from /opt/airflow/dags/urban_data_pipeline_dag.py
[2026-07-01T14:57:53.024+0000] {processor.py:925} INFO - DAG(s) 'urban_data_pipeline' retrieved from /opt/airflow/dags/urban_data_pipeline_dag.py
[2026-07-01T14:57:53.069+0000] {logging_mixin.py:190} INFO - [2026-07-01T14:57:53.068+0000] {dag.py:3239} INFO - Sync 1 DAGs
[2026-07-01T14:57:53.095+0000] {logging_mixin.py:190} INFO - [2026-07-01T14:57:53.095+0000] {dag.py:4180} INFO - Setting next_dagrun for urban_data_pipeline to 2026-07-01 00:00:00+00:00, run_after=2026-08-01 00:00:00+00:00
[2026-07-01T14:57:53.120+0000] {processor.py:208} INFO - Processing /opt/airflow/dags/urban_data_pipeline_dag.py took 0.249 seconds
[2026-07-01T14:58:23.420+0000] {processor.py:186} INFO - Started process (PID=4601) to work on /opt/airflow/dags/urban_data_pipeline_dag.py
[2026-07-01T14:58:23.423+0000] {processor.py:914} INFO - Processing file /opt/airflow/dags/urban_data_pipeline_dag.py for tasks to queue
[2026-07-01T14:58:23.427+0000] {logging_mixin.py:190} INFO - [2026-07-01T14:58:23.427+0000] {dagbag.py:588} INFO - Filling up the DagBag from /opt/airflow/dags/urban_data_pipeline_dag.py
[2026-07-01T14:58:24.063+0000] {processor.py:925} INFO - DAG(s) 'urban_data_pipeline' retrieved from /opt/airflow/dags/urban_data_pipeline_dag.py
[2026-07-01T14:58:24.105+0000] {logging_mixin.py:190} INFO - [2026-07-01T14:58:24.105+0000] {dag.py:3239} INFO - Sync 1 DAGs
[2026-07-01T14:58:24.127+0000] {logging_mixin.py:190} INFO - [2026-07-01T14:58:24.127+0000] {dag.py:4180} INFO - Setting next_dagrun for urban_data_pipeline to 2026-07-01 00:00:00+00:00, run_after=2026-08-01 00:00:00+00:00
[2026-07-01T14:58:24.175+0000] {processor.py:208} INFO - Processing /opt/airflow/dags/urban_data_pipeline_dag.py took 0.769 seconds
[2026-07-01T14:58:55.014+0000] {processor.py:186} INFO - Started process (PID=4619) to work on /opt/airflow/dags/urban_data_pipeline_dag.py
[2026-07-01T14:58:55.016+0000] {processor.py:914} INFO - Processing file /opt/airflow/dags/urban_data_pipeline_dag.py for tasks to queue
[2026-07-01T14:58:55.020+0000] {logging_mixin.py:190} INFO - [2026-07-01T14:58:55.020+0000] {dagbag.py:588} INFO - Filling up the DagBag from /opt/airflow/dags/urban_data_pipeline_dag.py
[2026-07-01T14:58:55.461+0000] {processor.py:925} INFO - DAG(s) 'urban_data_pipeline' retrieved from /opt/airflow/dags/urban_data_pipeline_dag.py
[2026-07-01T14:58:55.533+0000] {logging_mixin.py:190} INFO - [2026-07-01T14:58:55.533+0000] {dag.py:3239} INFO - Sync 1 DAGs
[2026-07-01T14:58:55.556+0000] {logging_mixin.py:190} INFO - [2026-07-01T14:58:55.555+0000] {dag.py:4180} INFO - Setting next_dagrun for urban_data_pipeline to 2026-07-01 00:00:00+00:00, run_after=2026-08-01 00:00:00+00:00
[2026-07-01T14:58:55.580+0000] {processor.py:208} INFO - Processing /opt/airflow/dags/urban_data_pipeline_dag.py took 0.572 seconds
[2026-07-01T14:59:25.828+0000] {processor.py:186} INFO - Started process (PID=4637) to work on /opt/airflow/dags/urban_data_pipeline_dag.py
[2026-07-01T14:59:25.831+0000] {processor.py:914} INFO - Processing file /opt/airflow/dags/urban_data_pipeline_dag.py for tasks to queue
[2026-07-01T14:59:25.836+0000] {logging_mixin.py:190} INFO - [2026-07-01T14:59:25.836+0000] {dagbag.py:588} INFO - Filling up the DagBag from /opt/airflow/dags/urban_data_pipeline_dag.py
[2026-07-01T14:59:26.200+0000] {processor.py:925} INFO - DAG(s) 'urban_data_pipeline' retrieved from /opt/airflow/dags/urban_data_pipeline_dag.py
[2026-07-01T14:59:26.246+0000] {logging_mixin.py:190} INFO - [2026-07-01T14:59:26.246+0000] {dag.py:3239} INFO - Sync 1 DAGs
[2026-07-01T14:59:26.275+0000] {logging_mixin.py:190} INFO - [2026-07-01T14:59:26.274+0000] {dag.py:4180} INFO - Setting next_dagrun for urban_data_pipeline to 2026-07-01 00:00:00+00:00, run_after=2026-08-01 00:00:00+00:00
[2026-07-01T14:59:26.312+0000] {processor.py:208} INFO - Processing /opt/airflow/dags/urban_data_pipeline_dag.py took 0.504 seconds
[2026-07-01T14:59:57.377+0000] {processor.py:186} INFO - Started process (PID=4655) to work on /opt/airflow/dags/urban_data_pipeline_dag.py
[2026-07-01T14:59:57.380+0000] {processor.py:914} INFO - Processing file /opt/airflow/dags/urban_data_pipeline_dag.py for tasks to queue
[2026-07-01T14:59:57.385+0000] {logging_mixin.py:190} INFO - [2026-07-01T14:59:57.384+0000] {dagbag.py:588} INFO - Filling up the DagBag from /opt/airflow/dags/urban_data_pipeline_dag.py
[2026-07-01T14:59:57.564+0000] {processor.py:925} INFO - DAG(s) 'urban_data_pipeline' retrieved from /opt/airflow/dags/urban_data_pipeline_dag.py
[2026-07-01T14:59:57.616+0000] {logging_mixin.py:190} INFO - [2026-07-01T14:59:57.616+0000] {dag.py:3239} INFO - Sync 1 DAGs
[2026-07-01T14:59:57.639+0000] {logging_mixin.py:190} INFO - [2026-07-01T14:59:57.639+0000] {dag.py:4180} INFO - Setting next_dagrun for urban_data_pipeline to 2026-07-01 00:00:00+00:00, run_after=2026-08-01 00:00:00+00:00
[2026-07-01T14:59:57.666+0000] {processor.py:208} INFO - Processing /opt/airflow/dags/urban_data_pipeline_dag.py took 0.301 seconds
[2026-07-01T15:00:27.928+0000] {processor.py:186} INFO - Started process (PID=4673) to work on /opt/airflow/dags/urban_data_pipeline_dag.py
[2026-07-01T15:00:27.930+0000] {processor.py:914} INFO - Processing file /opt/airflow/dags/urban_data_pipeline_dag.py for tasks to queue
[2026-07-01T15:00:27.934+0000] {logging_mixin.py:190} INFO - [2026-07-01T15:00:27.934+0000] {dagbag.py:588} INFO - Filling up the DagBag from /opt/airflow/dags/urban_data_pipeline_dag.py
[2026-07-01T15:00:28.245+0000] {processor.py:925} INFO - DAG(s) 'urban_data_pipeline' retrieved from /opt/airflow/dags/urban_data_pipeline_dag.py
[2026-07-01T15:00:28.290+0000] {logging_mixin.py:190} INFO - [2026-07-01T15:00:28.289+0000] {dag.py:3239} INFO - Sync 1 DAGs
[2026-07-01T15:00:28.312+0000] {logging_mixin.py:190} INFO - [2026-07-01T15:00:28.312+0000] {dag.py:4180} INFO - Setting next_dagrun for urban_data_pipeline to 2026-07-01 00:00:00+00:00, run_after=2026-08-01 00:00:00+00:00
[2026-07-01T15:00:28.334+0000] {processor.py:208} INFO - Processing /opt/airflow/dags/urban_data_pipeline_dag.py took 0.426 seconds
[2026-07-01T15:00:58.727+0000] {processor.py:186} INFO - Started process (PID=4691) to work on /opt/airflow/dags/urban_data_pipeline_dag.py
[2026-07-01T15:00:58.730+0000] {processor.py:914} INFO - Processing file /opt/airflow/dags/urban_data_pipeline_dag.py for tasks to queue
[2026-07-01T15:00:58.735+0000] {logging_mixin.py:190} INFO - [2026-07-01T15:00:58.735+0000] {dagbag.py:588} INFO - Filling up the DagBag from /opt/airflow/dags/urban_data_pipeline_dag.py
[2026-07-01T15:00:59.199+0000] {processor.py:925} INFO - DAG(s) 'urban_data_pipeline' retrieved from /opt/airflow/dags/urban_data_pipeline_dag.py
[2026-07-01T15:00:59.244+0000] {logging_mixin.py:190} INFO - [2026-07-01T15:00:59.243+0000] {dag.py:3239} INFO - Sync 1 DAGs
[2026-07-01T15:00:59.268+0000] {logging_mixin.py:190} INFO - [2026-07-01T15:00:59.268+0000] {dag.py:4180} INFO - Setting next_dagrun for urban_data_pipeline to 2026-07-01 00:00:00+00:00, run_after=2026-08-01 00:00:00+00:00
[2026-07-01T15:00:59.289+0000] {processor.py:208} INFO - Processing /opt/airflow/dags/urban_data_pipeline_dag.py took 0.581 seconds
[2026-07-01T15:01:30.090+0000] {processor.py:186} INFO - Started process (PID=4709) to work on /opt/airflow/dags/urban_data_pipeline_dag.py
[2026-07-01T15:01:30.091+0000] {processor.py:914} INFO - Processing file /opt/airflow/dags/urban_data_pipeline_dag.py for tasks to queue
[2026-07-01T15:01:30.095+0000] {logging_mixin.py:190} INFO - [2026-07-01T15:01:30.095+0000] {dagbag.py:588} INFO - Filling up the DagBag from /opt/airflow/dags/urban_data_pipeline_dag.py
[2026-07-01T15:01:30.362+0000] {processor.py:925} INFO - DAG(s) 'urban_data_pipeline' retrieved from /opt/airflow/dags/urban_data_pipeline_dag.py
[2026-07-01T15:01:30.405+0000] {logging_mixin.py:190} INFO - [2026-07-01T15:01:30.405+0000] {dag.py:3239} INFO - Sync 1 DAGs
[2026-07-01T15:01:30.428+0000] {logging_mixin.py:190} INFO - [2026-07-01T15:01:30.427+0000] {dag.py:4180} INFO - Setting next_dagrun for urban_data_pipeline to 2026-07-01 00:00:00+00:00, run_after=2026-08-01 00:00:00+00:00
[2026-07-01T15:01:30.449+0000] {processor.py:208} INFO - Processing /opt/airflow/dags/urban_data_pipeline_dag.py took 0.373 seconds
[2026-07-01T15:02:01.408+0000] {processor.py:186} INFO - Started process (PID=4727) to work on /opt/airflow/dags/urban_data_pipeline_dag.py
[2026-07-01T15:02:01.411+0000] {processor.py:914} INFO - Processing file /opt/airflow/dags/urban_data_pipeline_dag.py for tasks to queue
[2026-07-01T15:02:01.416+0000] {logging_mixin.py:190} INFO - [2026-07-01T15:02:01.416+0000] {dagbag.py:588} INFO - Filling up the DagBag from /opt/airflow/dags/urban_data_pipeline_dag.py
[2026-07-01T15:02:01.652+0000] {processor.py:925} INFO - DAG(s) 'urban_data_pipeline' retrieved from /opt/airflow/dags/urban_data_pipeline_dag.py
[2026-07-01T15:02:01.701+0000] {logging_mixin.py:190} INFO - [2026-07-01T15:02:01.701+0000] {dag.py:3239} INFO - Sync 1 DAGs
[2026-07-01T15:02:01.729+0000] {logging_mixin.py:190} INFO - [2026-07-01T15:02:01.729+0000] {dag.py:4180} INFO - Setting next_dagrun for urban_data_pipeline to 2026-07-01 00:00:00+00:00, run_after=2026-08-01 00:00:00+00:00
[2026-07-01T15:02:01.757+0000] {processor.py:208} INFO - Processing /opt/airflow/dags/urban_data_pipeline_dag.py took 0.365 seconds
[2026-07-01T15:02:32.624+0000] {processor.py:186} INFO - Started process (PID=4744) to work on /opt/airflow/dags/urban_data_pipeline_dag.py
[2026-07-01T15:02:32.627+0000] {processor.py:914} INFO - Processing file /opt/airflow/dags/urban_data_pipeline_dag.py for tasks to queue
[2026-07-01T15:02:32.630+0000] {logging_mixin.py:190} INFO - [2026-07-01T15:02:32.630+0000] {dagbag.py:588} INFO - Filling up the DagBag from /opt/airflow/dags/urban_data_pipeline_dag.py
[2026-07-01T15:02:32.977+0000] {processor.py:925} INFO - DAG(s) 'urban_data_pipeline' retrieved from /opt/airflow/dags/urban_data_pipeline_dag.py
[2026-07-01T15:02:33.021+0000] {logging_mixin.py:190} INFO - [2026-07-01T15:02:33.021+0000] {dag.py:3239} INFO - Sync 1 DAGs
[2026-07-01T15:02:33.045+0000] {logging_mixin.py:190} INFO - [2026-07-01T15:02:33.045+0000] {dag.py:4180} INFO - Setting next_dagrun for urban_data_pipeline to 2026-07-01 00:00:00+00:00, run_after=2026-08-01 00:00:00+00:00
[2026-07-01T15:02:33.071+0000] {processor.py:208} INFO - Processing /opt/airflow/dags/urban_data_pipeline_dag.py took 0.453 seconds
[2026-07-01T15:03:03.944+0000] {processor.py:186} INFO - Started process (PID=4755) to work on /opt/airflow/dags/urban_data_pipeline_dag.py
[2026-07-01T15:03:03.946+0000] {processor.py:914} INFO - Processing file /opt/airflow/dags/urban_data_pipeline_dag.py for tasks to queue
[2026-07-01T15:03:03.950+0000] {logging_mixin.py:190} INFO - [2026-07-01T15:03:03.949+0000] {dagbag.py:588} INFO - Filling up the DagBag from /opt/airflow/dags/urban_data_pipeline_dag.py
[2026-07-01T15:03:04.081+0000] {processor.py:925} INFO - DAG(s) 'urban_data_pipeline' retrieved from /opt/airflow/dags/urban_data_pipeline_dag.py
[2026-07-01T15:03:04.127+0000] {logging_mixin.py:190} INFO - [2026-07-01T15:03:04.127+0000] {dag.py:3239} INFO - Sync 1 DAGs
[2026-07-01T15:03:04.156+0000] {logging_mixin.py:190} INFO - [2026-07-01T15:03:04.156+0000] {dag.py:4180} INFO - Setting next_dagrun for urban_data_pipeline to 2026-07-01 00:00:00+00:00, run_after=2026-08-01 00:00:00+00:00
[2026-07-01T15:03:04.180+0000] {processor.py:208} INFO - Processing /opt/airflow/dags/urban_data_pipeline_dag.py took 0.248 seconds
[2026-07-01T15:03:35.094+0000] {processor.py:186} INFO - Started process (PID=4773) to work on /opt/airflow/dags/urban_data_pipeline_dag.py
[2026-07-01T15:03:35.095+0000] {processor.py:914} INFO - Processing file /opt/airflow/dags/urban_data_pipeline_dag.py for tasks to queue
[2026-07-01T15:03:35.098+0000] {logging_mixin.py:190} INFO - [2026-07-01T15:03:35.098+0000] {dagbag.py:588} INFO - Filling up the DagBag from /opt/airflow/dags/urban_data_pipeline_dag.py
[2026-07-01T15:03:35.198+0000] {processor.py:925} INFO - DAG(s) 'urban_data_pipeline' retrieved from /opt/airflow/dags/urban_data_pipeline_dag.py
[2026-07-01T15:03:35.242+0000] {logging_mixin.py:190} INFO - [2026-07-01T15:03:35.242+0000] {dag.py:3239} INFO - Sync 1 DAGs
[2026-07-01T15:03:35.267+0000] {logging_mixin.py:190} INFO - [2026-07-01T15:03:35.266+0000] {dag.py:4180} INFO - Setting next_dagrun for urban_data_pipeline to 2026-07-01 00:00:00+00:00, run_after=2026-08-01 00:00:00+00:00
[2026-07-01T15:03:35.291+0000] {processor.py:208} INFO - Processing /opt/airflow/dags/urban_data_pipeline_dag.py took 0.203 seconds
[2026-07-01T15:04:06.046+0000] {processor.py:186} INFO - Started process (PID=4791) to work on /opt/airflow/dags/urban_data_pipeline_dag.py
[2026-07-01T15:04:06.048+0000] {processor.py:914} INFO - Processing file /opt/airflow/dags/urban_data_pipeline_dag.py for tasks to queue
[2026-07-01T15:04:06.053+0000] {logging_mixin.py:190} INFO - [2026-07-01T15:04:06.052+0000] {dagbag.py:588} INFO - Filling up the DagBag from /opt/airflow/dags/urban_data_pipeline_dag.py
[2026-07-01T15:04:06.373+0000] {processor.py:925} INFO - DAG(s) 'urban_data_pipeline' retrieved from /opt/airflow/dags/urban_data_pipeline_dag.py
[2026-07-01T15:04:06.415+0000] {logging_mixin.py:190} INFO - [2026-07-01T15:04:06.415+0000] {dag.py:3239} INFO - Sync 1 DAGs
[2026-07-01T15:04:06.437+0000] {logging_mixin.py:190} INFO - [2026-07-01T15:04:06.437+0000] {dag.py:4180} INFO - Setting next_dagrun for urban_data_pipeline to 2026-07-01 00:00:00+00:00, run_after=2026-08-01 00:00:00+00:00
[2026-07-01T15:04:06.458+0000] {processor.py:208} INFO - Processing /opt/airflow/dags/urban_data_pipeline_dag.py took 0.422 seconds
[2026-07-01T15:04:36.647+0000] {processor.py:186} INFO - Started process (PID=4809) to work on /opt/airflow/dags/urban_data_pipeline_dag.py
[2026-07-01T15:04:36.650+0000] {processor.py:914} INFO - Processing file /opt/airflow/dags/urban_data_pipeline_dag.py for tasks to queue
[2026-07-01T15:04:36.657+0000] {logging_mixin.py:190} INFO - [2026-07-01T15:04:36.656+0000] {dagbag.py:588} INFO - Filling up the DagBag from /opt/airflow/dags/urban_data_pipeline_dag.py
[2026-07-01T15:04:36.763+0000] {processor.py:925} INFO - DAG(s) 'urban_data_pipeline' retrieved from /opt/airflow/dags/urban_data_pipeline_dag.py
[2026-07-01T15:04:36.806+0000] {logging_mixin.py:190} INFO - [2026-07-01T15:04:36.805+0000] {dag.py:3239} INFO - Sync 1 DAGs
[2026-07-01T15:04:36.830+0000] {logging_mixin.py:190} INFO - [2026-07-01T15:04:36.829+0000] {dag.py:4180} INFO - Setting next_dagrun for urban_data_pipeline to 2026-07-01 00:00:00+00:00, run_after=2026-08-01 00:00:00+00:00
[2026-07-01T15:04:36.857+0000] {processor.py:208} INFO - Processing /opt/airflow/dags/urban_data_pipeline_dag.py took 0.229 seconds
[2026-07-01T15:05:07.406+0000] {processor.py:186} INFO - Started process (PID=4827) to work on /opt/airflow/dags/urban_data_pipeline_dag.py
[2026-07-01T15:05:07.412+0000] {processor.py:914} INFO - Processing file /opt/airflow/dags/urban_data_pipeline_dag.py for tasks to queue
[2026-07-01T15:05:07.418+0000] {logging_mixin.py:190} INFO - [2026-07-01T15:05:07.417+0000] {dagbag.py:588} INFO - Filling up the DagBag from /opt/airflow/dags/urban_data_pipeline_dag.py
[2026-07-01T15:05:07.888+0000] {processor.py:925} INFO - DAG(s) 'urban_data_pipeline' retrieved from /opt/airflow/dags/urban_data_pipeline_dag.py
[2026-07-01T15:05:07.960+0000] {logging_mixin.py:190} INFO - [2026-07-01T15:05:07.960+0000] {dag.py:3239} INFO - Sync 1 DAGs
[2026-07-01T15:05:07.983+0000] {logging_mixin.py:190} INFO - [2026-07-01T15:05:07.983+0000] {dag.py:4180} INFO - Setting next_dagrun for urban_data_pipeline to 2026-07-01 00:00:00+00:00, run_after=2026-08-01 00:00:00+00:00
[2026-07-01T15:05:08.009+0000] {processor.py:208} INFO - Processing /opt/airflow/dags/urban_data_pipeline_dag.py took 0.623 seconds
[2026-07-01T15:05:38.583+0000] {processor.py:186} INFO - Started process (PID=4845) to work on /opt/airflow/dags/urban_data_pipeline_dag.py
[2026-07-01T15:05:38.584+0000] {processor.py:914} INFO - Processing file /opt/airflow/dags/urban_data_pipeline_dag.py for tasks to queue
[2026-07-01T15:05:38.587+0000] {logging_mixin.py:190} INFO - [2026-07-01T15:05:38.586+0000] {dagbag.py:588} INFO - Filling up the DagBag from /opt/airflow/dags/urban_data_pipeline_dag.py
[2026-07-01T15:05:38.746+0000] {processor.py:925} INFO - DAG(s) 'urban_data_pipeline' retrieved from /opt/airflow/dags/urban_data_pipeline_dag.py
[2026-07-01T15:05:38.787+0000] {logging_mixin.py:190} INFO - [2026-07-01T15:05:38.787+0000] {dag.py:3239} INFO - Sync 1 DAGs
[2026-07-01T15:05:38.809+0000] {logging_mixin.py:190} INFO - [2026-07-01T15:05:38.809+0000] {dag.py:4180} INFO - Setting next_dagrun for urban_data_pipeline to 2026-07-01 00:00:00+00:00, run_after=2026-08-01 00:00:00+00:00
[2026-07-01T15:05:38.833+0000] {processor.py:208} INFO - Processing /opt/airflow/dags/urban_data_pipeline_dag.py took 0.256 seconds
[2026-07-01T15:06:09.551+0000] {processor.py:186} INFO - Started process (PID=4863) to work on /opt/airflow/dags/urban_data_pipeline_dag.py
[2026-07-01T15:06:09.553+0000] {processor.py:914} INFO - Processing file /opt/airflow/dags/urban_data_pipeline_dag.py for tasks to queue
[2026-07-01T15:06:09.558+0000] {logging_mixin.py:190} INFO - [2026-07-01T15:06:09.557+0000] {dagbag.py:588} INFO - Filling up the DagBag from /opt/airflow/dags/urban_data_pipeline_dag.py
[2026-07-01T15:06:10.030+0000] {processor.py:925} INFO - DAG(s) 'urban_data_pipeline' retrieved from /opt/airflow/dags/urban_data_pipeline_dag.py
[2026-07-01T15:06:10.093+0000] {logging_mixin.py:190} INFO - [2026-07-01T15:06:10.093+0000] {dag.py:3239} INFO - Sync 1 DAGs
[2026-07-01T15:06:10.118+0000] {logging_mixin.py:190} INFO - [2026-07-01T15:06:10.118+0000] {dag.py:4180} INFO - Setting next_dagrun for urban_data_pipeline to 2026-07-01 00:00:00+00:00, run_after=2026-08-01 00:00:00+00:00
[2026-07-01T15:06:10.140+0000] {processor.py:208} INFO - Processing /opt/airflow/dags/urban_data_pipeline_dag.py took 0.612 seconds
[2026-07-01T15:06:40.935+0000] {processor.py:186} INFO - Started process (PID=4881) to work on /opt/airflow/dags/urban_data_pipeline_dag.py
[2026-07-01T15:06:40.938+0000] {processor.py:914} INFO - Processing file /opt/airflow/dags/urban_data_pipeline_dag.py for tasks to queue
[2026-07-01T15:06:40.946+0000] {logging_mixin.py:190} INFO - [2026-07-01T15:06:40.945+0000] {dagbag.py:588} INFO - Filling up the DagBag from /opt/airflow/dags/urban_data_pipeline_dag.py
[2026-07-01T15:06:41.249+0000] {processor.py:925} INFO - DAG(s) 'urban_data_pipeline' retrieved from /opt/airflow/dags/urban_data_pipeline_dag.py
[2026-07-01T15:06:41.312+0000] {logging_mixin.py:190} INFO - [2026-07-01T15:06:41.311+0000] {dag.py:3239} INFO - Sync 1 DAGs
[2026-07-01T15:06:41.338+0000] {logging_mixin.py:190} INFO - [2026-07-01T15:06:41.338+0000] {dag.py:4180} INFO - Setting next_dagrun for urban_data_pipeline to 2026-07-01 00:00:00+00:00, run_after=2026-08-01 00:00:00+00:00
[2026-07-01T15:06:41.370+0000] {processor.py:208} INFO - Processing /opt/airflow/dags/urban_data_pipeline_dag.py took 0.460 seconds
[2026-07-01T15:07:12.283+0000] {processor.py:186} INFO - Started process (PID=4899) to work on /opt/airflow/dags/urban_data_pipeline_dag.py
[2026-07-01T15:07:12.284+0000] {processor.py:914} INFO - Processing file /opt/airflow/dags/urban_data_pipeline_dag.py for tasks to queue
[2026-07-01T15:07:12.288+0000] {logging_mixin.py:190} INFO - [2026-07-01T15:07:12.287+0000] {dagbag.py:588} INFO - Filling up the DagBag from /opt/airflow/dags/urban_data_pipeline_dag.py
[2026-07-01T15:07:12.450+0000] {processor.py:925} INFO - DAG(s) 'urban_data_pipeline' retrieved from /opt/airflow/dags/urban_data_pipeline_dag.py
[2026-07-01T15:07:12.491+0000] {logging_mixin.py:190} INFO - [2026-07-01T15:07:12.491+0000] {dag.py:3239} INFO - Sync 1 DAGs
[2026-07-01T15:07:12.513+0000] {logging_mixin.py:190} INFO - [2026-07-01T15:07:12.513+0000] {dag.py:4180} INFO - Setting next_dagrun for urban_data_pipeline to 2026-07-01 00:00:00+00:00, run_after=2026-08-01 00:00:00+00:00
[2026-07-01T15:07:12.535+0000] {processor.py:208} INFO - Processing /opt/airflow/dags/urban_data_pipeline_dag.py took 0.262 seconds
[2026-07-01T15:07:43.251+0000] {processor.py:186} INFO - Started process (PID=4917) to work on /opt/airflow/dags/urban_data_pipeline_dag.py
[2026-07-01T15:07:43.253+0000] {processor.py:914} INFO - Processing file /opt/airflow/dags/urban_data_pipeline_dag.py for tasks to queue
[2026-07-01T15:07:43.258+0000] {logging_mixin.py:190} INFO - [2026-07-01T15:07:43.257+0000] {dagbag.py:588} INFO - Filling up the DagBag from /opt/airflow/dags/urban_data_pipeline_dag.py
[2026-07-01T15:07:43.427+0000] {processor.py:925} INFO - DAG(s) 'urban_data_pipeline' retrieved from /opt/airflow/dags/urban_data_pipeline_dag.py
[2026-07-01T15:07:43.472+0000] {logging_mixin.py:190} INFO - [2026-07-01T15:07:43.472+0000] {dag.py:3239} INFO - Sync 1 DAGs
[2026-07-01T15:07:43.499+0000] {logging_mixin.py:190} INFO - [2026-07-01T15:07:43.499+0000] {dag.py:4180} INFO - Setting next_dagrun for urban_data_pipeline to 2026-07-01 00:00:00+00:00, run_after=2026-08-01 00:00:00+00:00
[2026-07-01T15:07:43.522+0000] {processor.py:208} INFO - Processing /opt/airflow/dags/urban_data_pipeline_dag.py took 0.280 seconds
[2026-07-01T15:08:14.135+0000] {processor.py:186} INFO - Started process (PID=4935) to work on /opt/airflow/dags/urban_data_pipeline_dag.py
[2026-07-01T15:08:14.138+0000] {processor.py:914} INFO - Processing file /opt/airflow/dags/urban_data_pipeline_dag.py for tasks to queue
[2026-07-01T15:08:14.147+0000] {logging_mixin.py:190} INFO - [2026-07-01T15:08:14.146+0000] {dagbag.py:588} INFO - Filling up the DagBag from /opt/airflow/dags/urban_data_pipeline_dag.py
[2026-07-01T15:08:14.500+0000] {processor.py:925} INFO - DAG(s) 'urban_data_pipeline' retrieved from /opt/airflow/dags/urban_data_pipeline_dag.py
[2026-07-01T15:08:14.553+0000] {logging_mixin.py:190} INFO - [2026-07-01T15:08:14.553+0000] {dag.py:3239} INFO - Sync 1 DAGs
[2026-07-01T15:08:14.577+0000] {logging_mixin.py:190} INFO - [2026-07-01T15:08:14.577+0000] {dag.py:4180} INFO - Setting next_dagrun for urban_data_pipeline to 2026-07-01 00:00:00+00:00, run_after=2026-08-01 00:00:00+00:00
[2026-07-01T15:08:14.610+0000] {processor.py:208} INFO - Processing /opt/airflow/dags/urban_data_pipeline_dag.py took 0.498 seconds
[2026-07-01T15:08:45.528+0000] {processor.py:186} INFO - Started process (PID=4953) to work on /opt/airflow/dags/urban_data_pipeline_dag.py
[2026-07-01T15:08:45.530+0000] {processor.py:914} INFO - Processing file /opt/airflow/dags/urban_data_pipeline_dag.py for tasks to queue
[2026-07-01T15:08:45.534+0000] {logging_mixin.py:190} INFO - [2026-07-01T15:08:45.533+0000] {dagbag.py:588} INFO - Filling up the DagBag from /opt/airflow/dags/urban_data_pipeline_dag.py
[2026-07-01T15:08:45.755+0000] {processor.py:925} INFO - DAG(s) 'urban_data_pipeline' retrieved from /opt/airflow/dags/urban_data_pipeline_dag.py
[2026-07-01T15:08:45.797+0000] {logging_mixin.py:190} INFO - [2026-07-01T15:08:45.797+0000] {dag.py:3239} INFO - Sync 1 DAGs
[2026-07-01T15:08:45.819+0000] {logging_mixin.py:190} INFO - [2026-07-01T15:08:45.818+0000] {dag.py:4180} INFO - Setting next_dagrun for urban_data_pipeline to 2026-07-01 00:00:00+00:00, run_after=2026-08-01 00:00:00+00:00
[2026-07-01T15:08:45.844+0000] {processor.py:208} INFO - Processing /opt/airflow/dags/urban_data_pipeline_dag.py took 0.334 seconds
[2026-07-01T15:09:16.626+0000] {processor.py:186} INFO - Started process (PID=4970) to work on /opt/airflow/dags/urban_data_pipeline_dag.py
[2026-07-01T15:09:16.627+0000] {processor.py:914} INFO - Processing file /opt/airflow/dags/urban_data_pipeline_dag.py for tasks to queue
[2026-07-01T15:09:16.641+0000] {logging_mixin.py:190} INFO - [2026-07-01T15:09:16.641+0000] {dagbag.py:588} INFO - Filling up the DagBag from /opt/airflow/dags/urban_data_pipeline_dag.py
[2026-07-01T15:09:16.800+0000] {processor.py:925} INFO - DAG(s) 'urban_data_pipeline' retrieved from /opt/airflow/dags/urban_data_pipeline_dag.py
[2026-07-01T15:09:16.845+0000] {logging_mixin.py:190} INFO - [2026-07-01T15:09:16.845+0000] {dag.py:3239} INFO - Sync 1 DAGs
[2026-07-01T15:09:16.870+0000] {logging_mixin.py:190} INFO - [2026-07-01T15:09:16.870+0000] {dag.py:4180} INFO - Setting next_dagrun for urban_data_pipeline to 2026-07-01 00:00:00+00:00, run_after=2026-08-01 00:00:00+00:00
[2026-07-01T15:09:16.894+0000] {processor.py:208} INFO - Processing /opt/airflow/dags/urban_data_pipeline_dag.py took 0.280 seconds
[2026-07-01T15:09:47.414+0000] {processor.py:186} INFO - Started process (PID=4981) to work on /opt/airflow/dags/urban_data_pipeline_dag.py
[2026-07-01T15:09:47.417+0000] {processor.py:914} INFO - Processing file /opt/airflow/dags/urban_data_pipeline_dag.py for tasks to queue
[2026-07-01T15:09:47.421+0000] {logging_mixin.py:190} INFO - [2026-07-01T15:09:47.421+0000] {dagbag.py:588} INFO - Filling up the DagBag from /opt/airflow/dags/urban_data_pipeline_dag.py
[2026-07-01T15:09:47.637+0000] {processor.py:925} INFO - DAG(s) 'urban_data_pipeline' retrieved from /opt/airflow/dags/urban_data_pipeline_dag.py
[2026-07-01T15:09:47.682+0000] {logging_mixin.py:190} INFO - [2026-07-01T15:09:47.682+0000] {dag.py:3239} INFO - Sync 1 DAGs
[2026-07-01T15:09:47.709+0000] {logging_mixin.py:190} INFO - [2026-07-01T15:09:47.709+0000] {dag.py:4180} INFO - Setting next_dagrun for urban_data_pipeline to 2026-07-01 00:00:00+00:00, run_after=2026-08-01 00:00:00+00:00
[2026-07-01T15:09:47.733+0000] {processor.py:208} INFO - Processing /opt/airflow/dags/urban_data_pipeline_dag.py took 0.333 seconds
[2026-07-01T15:10:18.296+0000] {processor.py:186} INFO - Started process (PID=4999) to work on /opt/airflow/dags/urban_data_pipeline_dag.py
[2026-07-01T15:10:18.298+0000] {processor.py:914} INFO - Processing file /opt/airflow/dags/urban_data_pipeline_dag.py for tasks to queue
[2026-07-01T15:10:18.301+0000] {logging_mixin.py:190} INFO - [2026-07-01T15:10:18.300+0000] {dagbag.py:588} INFO - Filling up the DagBag from /opt/airflow/dags/urban_data_pipeline_dag.py
[2026-07-01T15:10:18.424+0000] {processor.py:925} INFO - DAG(s) 'urban_data_pipeline' retrieved from /opt/airflow/dags/urban_data_pipeline_dag.py
[2026-07-01T15:10:18.471+0000] {logging_mixin.py:190} INFO - [2026-07-01T15:10:18.470+0000] {dag.py:3239} INFO - Sync 1 DAGs
[2026-07-01T15:10:18.496+0000] {logging_mixin.py:190} INFO - [2026-07-01T15:10:18.495+0000] {dag.py:4180} INFO - Setting next_dagrun for urban_data_pipeline to 2026-07-01 00:00:00+00:00, run_after=2026-08-01 00:00:00+00:00
[2026-07-01T15:10:18.519+0000] {processor.py:208} INFO - Processing /opt/airflow/dags/urban_data_pipeline_dag.py took 0.230 seconds
[2026-07-01T15:10:49.385+0000] {processor.py:186} INFO - Started process (PID=5017) to work on /opt/airflow/dags/urban_data_pipeline_dag.py
[2026-07-01T15:10:49.388+0000] {processor.py:914} INFO - Processing file /opt/airflow/dags/urban_data_pipeline_dag.py for tasks to queue
[2026-07-01T15:10:49.400+0000] {logging_mixin.py:190} INFO - [2026-07-01T15:10:49.397+0000] {dagbag.py:588} INFO - Filling up the DagBag from /opt/airflow/dags/urban_data_pipeline_dag.py
[2026-07-01T15:10:49.614+0000] {processor.py:925} INFO - DAG(s) 'urban_data_pipeline' retrieved from /opt/airflow/dags/urban_data_pipeline_dag.py
[2026-07-01T15:10:49.670+0000] {logging_mixin.py:190} INFO - [2026-07-01T15:10:49.669+0000] {dag.py:3239} INFO - Sync 1 DAGs
[2026-07-01T15:10:49.697+0000] {logging_mixin.py:190} INFO - [2026-07-01T15:10:49.696+0000] {dag.py:4180} INFO - Setting next_dagrun for urban_data_pipeline to 2026-07-01 00:00:00+00:00, run_after=2026-08-01 00:00:00+00:00
[2026-07-01T15:10:49.720+0000] {processor.py:208} INFO - Processing /opt/airflow/dags/urban_data_pipeline_dag.py took 0.365 seconds
[2026-07-01T15:11:19.969+0000] {processor.py:186} INFO - Started process (PID=5035) to work on /opt/airflow/dags/urban_data_pipeline_dag.py
[2026-07-01T15:11:19.974+0000] {processor.py:914} INFO - Processing file /opt/airflow/dags/urban_data_pipeline_dag.py for tasks to queue
[2026-07-01T15:11:19.979+0000] {logging_mixin.py:190} INFO - [2026-07-01T15:11:19.978+0000] {dagbag.py:588} INFO - Filling up the DagBag from /opt/airflow/dags/urban_data_pipeline_dag.py
[2026-07-01T15:11:20.145+0000] {processor.py:925} INFO - DAG(s) 'urban_data_pipeline' retrieved from /opt/airflow/dags/urban_data_pipeline_dag.py
[2026-07-01T15:11:20.188+0000] {logging_mixin.py:190} INFO - [2026-07-01T15:11:20.188+0000] {dag.py:3239} INFO - Sync 1 DAGs
[2026-07-01T15:11:20.213+0000] {logging_mixin.py:190} INFO - [2026-07-01T15:11:20.213+0000] {dag.py:4180} INFO - Setting next_dagrun for urban_data_pipeline to 2026-07-01 00:00:00+00:00, run_after=2026-08-01 00:00:00+00:00
[2026-07-01T15:11:20.241+0000] {processor.py:208} INFO - Processing /opt/airflow/dags/urban_data_pipeline_dag.py took 0.297 seconds
[2026-07-01T15:11:51.136+0000] {processor.py:186} INFO - Started process (PID=5053) to work on /opt/airflow/dags/urban_data_pipeline_dag.py
[2026-07-01T15:11:51.139+0000] {processor.py:914} INFO - Processing file /opt/airflow/dags/urban_data_pipeline_dag.py for tasks to queue
[2026-07-01T15:11:51.147+0000] {logging_mixin.py:190} INFO - [2026-07-01T15:11:51.146+0000] {dagbag.py:588} INFO - Filling up the DagBag from /opt/airflow/dags/urban_data_pipeline_dag.py
[2026-07-01T15:11:51.431+0000] {processor.py:925} INFO - DAG(s) 'urban_data_pipeline' retrieved from /opt/airflow/dags/urban_data_pipeline_dag.py
[2026-07-01T15:11:51.476+0000] {logging_mixin.py:190} INFO - [2026-07-01T15:11:51.476+0000] {dag.py:3239} INFO - Sync 1 DAGs
[2026-07-01T15:11:51.499+0000] {logging_mixin.py:190} INFO - [2026-07-01T15:11:51.499+0000] {dag.py:4180} INFO - Setting next_dagrun for urban_data_pipeline to 2026-07-01 00:00:00+00:00, run_after=2026-08-01 00:00:00+00:00
[2026-07-01T15:11:51.528+0000] {processor.py:208} INFO - Processing /opt/airflow/dags/urban_data_pipeline_dag.py took 0.421 seconds
[2026-07-01T15:12:21.651+0000] {processor.py:186} INFO - Started process (PID=5072) to work on /opt/airflow/dags/urban_data_pipeline_dag.py
[2026-07-01T15:12:21.654+0000] {processor.py:914} INFO - Processing file /opt/airflow/dags/urban_data_pipeline_dag.py for tasks to queue
[2026-07-01T15:12:21.657+0000] {logging_mixin.py:190} INFO - [2026-07-01T15:12:21.656+0000] {dagbag.py:588} INFO - Filling up the DagBag from /opt/airflow/dags/urban_data_pipeline_dag.py
[2026-07-01T15:12:21.821+0000] {processor.py:925} INFO - DAG(s) 'urban_data_pipeline' retrieved from /opt/airflow/dags/urban_data_pipeline_dag.py
[2026-07-01T15:12:21.881+0000] {logging_mixin.py:190} INFO - [2026-07-01T15:12:21.880+0000] {dag.py:3239} INFO - Sync 1 DAGs
[2026-07-01T15:12:21.907+0000] {logging_mixin.py:190} INFO - [2026-07-01T15:12:21.907+0000] {dag.py:4180} INFO - Setting next_dagrun for urban_data_pipeline to 2026-07-01 00:00:00+00:00, run_after=2026-08-01 00:00:00+00:00
[2026-07-01T15:12:21.942+0000] {processor.py:208} INFO - Processing /opt/airflow/dags/urban_data_pipeline_dag.py took 0.298 seconds
[2026-07-01T15:13:26.333+0000] {processor.py:186} INFO - Started process (PID=194) to work on /opt/airflow/dags/urban_data_pipeline_dag.py
[2026-07-01T15:13:26.334+0000] {processor.py:914} INFO - Processing file /opt/airflow/dags/urban_data_pipeline_dag.py for tasks to queue
[2026-07-01T15:13:26.336+0000] {logging_mixin.py:190} INFO - [2026-07-01T15:13:26.336+0000] {dagbag.py:588} INFO - Filling up the DagBag from /opt/airflow/dags/urban_data_pipeline_dag.py
[2026-07-01T15:13:26.440+0000] {processor.py:925} INFO - DAG(s) 'urban_data_pipeline' retrieved from /opt/airflow/dags/urban_data_pipeline_dag.py
[2026-07-01T15:13:26.481+0000] {logging_mixin.py:190} INFO - [2026-07-01T15:13:26.481+0000] {dag.py:3239} INFO - Sync 1 DAGs
[2026-07-01T15:13:26.503+0000] {logging_mixin.py:190} INFO - [2026-07-01T15:13:26.503+0000] {dag.py:4180} INFO - Setting next_dagrun for urban_data_pipeline to 2026-07-01 00:00:00+00:00, run_after=2026-08-01 00:00:00+00:00
[2026-07-01T15:13:26.524+0000] {processor.py:208} INFO - Processing /opt/airflow/dags/urban_data_pipeline_dag.py took 0.195 seconds
[2026-07-01T15:13:57.283+0000] {processor.py:186} INFO - Started process (PID=226) to work on /opt/airflow/dags/urban_data_pipeline_dag.py
[2026-07-01T15:13:57.286+0000] {processor.py:914} INFO - Processing file /opt/airflow/dags/urban_data_pipeline_dag.py for tasks to queue
[2026-07-01T15:13:57.290+0000] {logging_mixin.py:190} INFO - [2026-07-01T15:13:57.290+0000] {dagbag.py:588} INFO - Filling up the DagBag from /opt/airflow/dags/urban_data_pipeline_dag.py
[2026-07-01T15:13:57.531+0000] {processor.py:925} INFO - DAG(s) 'urban_data_pipeline' retrieved from /opt/airflow/dags/urban_data_pipeline_dag.py
[2026-07-01T15:13:57.572+0000] {logging_mixin.py:190} INFO - [2026-07-01T15:13:57.572+0000] {dag.py:3239} INFO - Sync 1 DAGs
[2026-07-01T15:13:57.600+0000] {logging_mixin.py:190} INFO - [2026-07-01T15:13:57.600+0000] {dag.py:4180} INFO - Setting next_dagrun for urban_data_pipeline to 2026-07-01 00:00:00+00:00, run_after=2026-08-01 00:00:00+00:00
[2026-07-01T15:13:57.648+0000] {processor.py:208} INFO - Processing /opt/airflow/dags/urban_data_pipeline_dag.py took 0.372 seconds
[2026-07-01T15:14:28.295+0000] {processor.py:186} INFO - Started process (PID=244) to work on /opt/airflow/dags/urban_data_pipeline_dag.py
[2026-07-01T15:14:28.297+0000] {processor.py:914} INFO - Processing file /opt/airflow/dags/urban_data_pipeline_dag.py for tasks to queue
[2026-07-01T15:14:28.300+0000] {logging_mixin.py:190} INFO - [2026-07-01T15:14:28.300+0000] {dagbag.py:588} INFO - Filling up the DagBag from /opt/airflow/dags/urban_data_pipeline_dag.py
[2026-07-01T15:14:28.532+0000] {processor.py:925} INFO - DAG(s) 'urban_data_pipeline' retrieved from /opt/airflow/dags/urban_data_pipeline_dag.py
[2026-07-01T15:14:28.574+0000] {logging_mixin.py:190} INFO - [2026-07-01T15:14:28.574+0000] {dag.py:3239} INFO - Sync 1 DAGs
[2026-07-01T15:14:28.596+0000] {logging_mixin.py:190} INFO - [2026-07-01T15:14:28.596+0000] {dag.py:4180} INFO - Setting next_dagrun for urban_data_pipeline to 2026-07-01 00:00:00+00:00, run_after=2026-08-01 00:00:00+00:00
[2026-07-01T15:14:28.619+0000] {processor.py:208} INFO - Processing /opt/airflow/dags/urban_data_pipeline_dag.py took 0.332 seconds
[2026-07-01T15:14:59.367+0000] {processor.py:186} INFO - Started process (PID=262) to work on /opt/airflow/dags/urban_data_pipeline_dag.py
[2026-07-01T15:14:59.368+0000] {processor.py:914} INFO - Processing file /opt/airflow/dags/urban_data_pipeline_dag.py for tasks to queue
[2026-07-01T15:14:59.370+0000] {logging_mixin.py:190} INFO - [2026-07-01T15:14:59.370+0000] {dagbag.py:588} INFO - Filling up the DagBag from /opt/airflow/dags/urban_data_pipeline_dag.py
[2026-07-01T15:14:59.507+0000] {processor.py:925} INFO - DAG(s) 'urban_data_pipeline' retrieved from /opt/airflow/dags/urban_data_pipeline_dag.py
[2026-07-01T15:14:59.555+0000] {logging_mixin.py:190} INFO - [2026-07-01T15:14:59.555+0000] {dag.py:3239} INFO - Sync 1 DAGs
[2026-07-01T15:14:59.578+0000] {logging_mixin.py:190} INFO - [2026-07-01T15:14:59.578+0000] {dag.py:4180} INFO - Setting next_dagrun for urban_data_pipeline to 2026-07-01 00:00:00+00:00, run_after=2026-08-01 00:00:00+00:00
[2026-07-01T15:14:59.601+0000] {processor.py:208} INFO - Processing /opt/airflow/dags/urban_data_pipeline_dag.py took 0.242 seconds
[2026-07-01T15:15:30.354+0000] {processor.py:186} INFO - Started process (PID=280) to work on /opt/airflow/dags/urban_data_pipeline_dag.py
[2026-07-01T15:15:30.358+0000] {processor.py:914} INFO - Processing file /opt/airflow/dags/urban_data_pipeline_dag.py for tasks to queue
[2026-07-01T15:15:30.364+0000] {logging_mixin.py:190} INFO - [2026-07-01T15:15:30.364+0000] {dagbag.py:588} INFO - Filling up the DagBag from /opt/airflow/dags/urban_data_pipeline_dag.py
[2026-07-01T15:15:30.512+0000] {processor.py:925} INFO - DAG(s) 'urban_data_pipeline' retrieved from /opt/airflow/dags/urban_data_pipeline_dag.py
[2026-07-01T15:15:30.556+0000] {logging_mixin.py:190} INFO - [2026-07-01T15:15:30.556+0000] {dag.py:3239} INFO - Sync 1 DAGs
[2026-07-01T15:15:30.580+0000] {logging_mixin.py:190} INFO - [2026-07-01T15:15:30.580+0000] {dag.py:4180} INFO - Setting next_dagrun for urban_data_pipeline to 2026-07-01 00:00:00+00:00, run_after=2026-08-01 00:00:00+00:00
[2026-07-01T15:15:30.602+0000] {processor.py:208} INFO - Processing /opt/airflow/dags/urban_data_pipeline_dag.py took 0.274 seconds
[2026-07-01T15:16:01.226+0000] {processor.py:186} INFO - Started process (PID=298) to work on /opt/airflow/dags/urban_data_pipeline_dag.py
[2026-07-01T15:16:01.228+0000] {processor.py:914} INFO - Processing file /opt/airflow/dags/urban_data_pipeline_dag.py for tasks to queue
[2026-07-01T15:16:01.234+0000] {logging_mixin.py:190} INFO - [2026-07-01T15:16:01.233+0000] {dagbag.py:588} INFO - Filling up the DagBag from /opt/airflow/dags/urban_data_pipeline_dag.py
[2026-07-01T15:16:01.356+0000] {processor.py:925} INFO - DAG(s) 'urban_data_pipeline' retrieved from /opt/airflow/dags/urban_data_pipeline_dag.py
[2026-07-01T15:16:01.401+0000] {logging_mixin.py:190} INFO - [2026-07-01T15:16:01.401+0000] {dag.py:3239} INFO - Sync 1 DAGs
[2026-07-01T15:16:01.426+0000] {logging_mixin.py:190} INFO - [2026-07-01T15:16:01.425+0000] {dag.py:4180} INFO - Setting next_dagrun for urban_data_pipeline to 2026-07-01 00:00:00+00:00, run_after=2026-08-01 00:00:00+00:00
[2026-07-01T15:16:01.449+0000] {processor.py:208} INFO - Processing /opt/airflow/dags/urban_data_pipeline_dag.py took 0.231 seconds
[2026-07-01T15:16:32.196+0000] {processor.py:186} INFO - Started process (PID=316) to work on /opt/airflow/dags/urban_data_pipeline_dag.py
[2026-07-01T15:16:32.197+0000] {processor.py:914} INFO - Processing file /opt/airflow/dags/urban_data_pipeline_dag.py for tasks to queue
[2026-07-01T15:16:32.199+0000] {logging_mixin.py:190} INFO - [2026-07-01T15:16:32.199+0000] {dagbag.py:588} INFO - Filling up the DagBag from /opt/airflow/dags/urban_data_pipeline_dag.py
[2026-07-01T15:16:32.333+0000] {processor.py:925} INFO - DAG(s) 'urban_data_pipeline' retrieved from /opt/airflow/dags/urban_data_pipeline_dag.py
[2026-07-01T15:16:32.384+0000] {logging_mixin.py:190} INFO - [2026-07-01T15:16:32.384+0000] {dag.py:3239} INFO - Sync 1 DAGs
[2026-07-01T15:16:32.572+0000] {logging_mixin.py:190} INFO - [2026-07-01T15:16:32.572+0000] {dag.py:4180} INFO - Setting next_dagrun for urban_data_pipeline to 2026-07-01 00:00:00+00:00, run_after=2026-08-01 00:00:00+00:00
[2026-07-01T15:16:32.620+0000] {processor.py:208} INFO - Processing /opt/airflow/dags/urban_data_pipeline_dag.py took 0.432 seconds
[2026-07-01T15:17:02.875+0000] {processor.py:186} INFO - Started process (PID=336) to work on /opt/airflow/dags/urban_data_pipeline_dag.py
[2026-07-01T15:17:02.876+0000] {processor.py:914} INFO - Processing file /opt/airflow/dags/urban_data_pipeline_dag.py for tasks to queue
[2026-07-01T15:17:02.879+0000] {logging_mixin.py:190} INFO - [2026-07-01T15:17:02.879+0000] {dagbag.py:588} INFO - Filling up the DagBag from /opt/airflow/dags/urban_data_pipeline_dag.py
[2026-07-01T15:17:02.992+0000] {processor.py:925} INFO - DAG(s) 'urban_data_pipeline' retrieved from /opt/airflow/dags/urban_data_pipeline_dag.py
[2026-07-01T15:17:03.042+0000] {logging_mixin.py:190} INFO - [2026-07-01T15:17:03.042+0000] {dag.py:3239} INFO - Sync 1 DAGs
[2026-07-01T15:17:03.236+0000] {logging_mixin.py:190} INFO - [2026-07-01T15:17:03.236+0000] {dag.py:4180} INFO - Setting next_dagrun for urban_data_pipeline to 2026-07-01 00:00:00+00:00, run_after=2026-08-01 00:00:00+00:00
[2026-07-01T15:17:03.269+0000] {processor.py:208} INFO - Processing /opt/airflow/dags/urban_data_pipeline_dag.py took 0.402 seconds
[2026-07-01T15:17:33.650+0000] {processor.py:186} INFO - Started process (PID=354) to work on /opt/airflow/dags/urban_data_pipeline_dag.py
[2026-07-01T15:17:33.653+0000] {processor.py:914} INFO - Processing file /opt/airflow/dags/urban_data_pipeline_dag.py for tasks to queue
[2026-07-01T15:17:33.659+0000] {logging_mixin.py:190} INFO - [2026-07-01T15:17:33.659+0000] {dagbag.py:588} INFO - Filling up the DagBag from /opt/airflow/dags/urban_data_pipeline_dag.py
[2026-07-01T15:17:34.239+0000] {processor.py:925} INFO - DAG(s) 'urban_data_pipeline' retrieved from /opt/airflow/dags/urban_data_pipeline_dag.py
[2026-07-01T15:17:34.281+0000] {logging_mixin.py:190} INFO - [2026-07-01T15:17:34.281+0000] {dag.py:3239} INFO - Sync 1 DAGs
[2026-07-01T15:17:34.302+0000] {logging_mixin.py:190} INFO - [2026-07-01T15:17:34.302+0000] {dag.py:4180} INFO - Setting next_dagrun for urban_data_pipeline to 2026-07-01 00:00:00+00:00, run_after=2026-08-01 00:00:00+00:00
[2026-07-01T15:17:34.323+0000] {processor.py:208} INFO - Processing /opt/airflow/dags/urban_data_pipeline_dag.py took 0.698 seconds
[2026-07-01T15:18:05.207+0000] {processor.py:186} INFO - Started process (PID=372) to work on /opt/airflow/dags/urban_data_pipeline_dag.py
[2026-07-01T15:18:05.210+0000] {processor.py:914} INFO - Processing file /opt/airflow/dags/urban_data_pipeline_dag.py for tasks to queue
[2026-07-01T15:18:05.213+0000] {logging_mixin.py:190} INFO - [2026-07-01T15:18:05.213+0000] {dagbag.py:588} INFO - Filling up the DagBag from /opt/airflow/dags/urban_data_pipeline_dag.py
[2026-07-01T15:18:05.584+0000] {processor.py:925} INFO - DAG(s) 'urban_data_pipeline' retrieved from /opt/airflow/dags/urban_data_pipeline_dag.py
[2026-07-01T15:18:05.628+0000] {logging_mixin.py:190} INFO - [2026-07-01T15:18:05.627+0000] {dag.py:3239} INFO - Sync 1 DAGs
[2026-07-01T15:18:05.655+0000] {logging_mixin.py:190} INFO - [2026-07-01T15:18:05.655+0000] {dag.py:4180} INFO - Setting next_dagrun for urban_data_pipeline to 2026-07-01 00:00:00+00:00, run_after=2026-08-01 00:00:00+00:00
[2026-07-01T15:18:05.719+0000] {processor.py:208} INFO - Processing /opt/airflow/dags/urban_data_pipeline_dag.py took 0.523 seconds
[2026-07-01T15:18:36.452+0000] {processor.py:186} INFO - Started process (PID=412) to work on /opt/airflow/dags/urban_data_pipeline_dag.py
[2026-07-01T15:18:36.453+0000] {processor.py:914} INFO - Processing file /opt/airflow/dags/urban_data_pipeline_dag.py for tasks to queue
[2026-07-01T15:18:36.456+0000] {logging_mixin.py:190} INFO - [2026-07-01T15:18:36.456+0000] {dagbag.py:588} INFO - Filling up the DagBag from /opt/airflow/dags/urban_data_pipeline_dag.py
[2026-07-01T15:18:36.568+0000] {processor.py:925} INFO - DAG(s) 'urban_data_pipeline' retrieved from /opt/airflow/dags/urban_data_pipeline_dag.py
[2026-07-01T15:18:36.611+0000] {logging_mixin.py:190} INFO - [2026-07-01T15:18:36.611+0000] {dag.py:3239} INFO - Sync 1 DAGs
[2026-07-01T15:18:36.635+0000] {logging_mixin.py:190} INFO - [2026-07-01T15:18:36.635+0000] {dag.py:4180} INFO - Setting next_dagrun for urban_data_pipeline to 2026-07-01 00:00:00+00:00, run_after=2026-08-01 00:00:00+00:00
[2026-07-01T15:18:36.661+0000] {processor.py:208} INFO - Processing /opt/airflow/dags/urban_data_pipeline_dag.py took 0.215 seconds
[2026-07-01T15:19:07.587+0000] {processor.py:186} INFO - Started process (PID=436) to work on /opt/airflow/dags/urban_data_pipeline_dag.py
[2026-07-01T15:19:07.589+0000] {processor.py:914} INFO - Processing file /opt/airflow/dags/urban_data_pipeline_dag.py for tasks to queue
[2026-07-01T15:19:07.593+0000] {logging_mixin.py:190} INFO - [2026-07-01T15:19:07.592+0000] {dagbag.py:588} INFO - Filling up the DagBag from /opt/airflow/dags/urban_data_pipeline_dag.py
[2026-07-01T15:19:07.728+0000] {processor.py:925} INFO - DAG(s) 'urban_data_pipeline' retrieved from /opt/airflow/dags/urban_data_pipeline_dag.py
[2026-07-01T15:19:07.774+0000] {logging_mixin.py:190} INFO - [2026-07-01T15:19:07.774+0000] {dag.py:3239} INFO - Sync 1 DAGs
[2026-07-01T15:19:07.800+0000] {logging_mixin.py:190} INFO - [2026-07-01T15:19:07.800+0000] {dag.py:4180} INFO - Setting next_dagrun for urban_data_pipeline to 2026-07-01 00:00:00+00:00, run_after=2026-08-01 00:00:00+00:00
[2026-07-01T15:19:07.836+0000] {processor.py:208} INFO - Processing /opt/airflow/dags/urban_data_pipeline_dag.py took 0.259 seconds
[2026-07-01T15:19:38.357+0000] {processor.py:186} INFO - Started process (PID=447) to work on /opt/airflow/dags/urban_data_pipeline_dag.py
[2026-07-01T15:19:38.359+0000] {processor.py:914} INFO - Processing file /opt/airflow/dags/urban_data_pipeline_dag.py for tasks to queue
[2026-07-01T15:19:38.362+0000] {logging_mixin.py:190} INFO - [2026-07-01T15:19:38.362+0000] {dagbag.py:588} INFO - Filling up the DagBag from /opt/airflow/dags/urban_data_pipeline_dag.py
[2026-07-01T15:19:38.499+0000] {processor.py:925} INFO - DAG(s) 'urban_data_pipeline' retrieved from /opt/airflow/dags/urban_data_pipeline_dag.py
[2026-07-01T15:19:38.546+0000] {logging_mixin.py:190} INFO - [2026-07-01T15:19:38.546+0000] {dag.py:3239} INFO - Sync 1 DAGs
[2026-07-01T15:19:38.571+0000] {logging_mixin.py:190} INFO - [2026-07-01T15:19:38.570+0000] {dag.py:4180} INFO - Setting next_dagrun for urban_data_pipeline to 2026-07-01 00:00:00+00:00, run_after=2026-08-01 00:00:00+00:00
[2026-07-01T15:19:38.594+0000] {processor.py:208} INFO - Processing /opt/airflow/dags/urban_data_pipeline_dag.py took 0.245 seconds
[2026-07-01T15:20:08.713+0000] {processor.py:186} INFO - Started process (PID=465) to work on /opt/airflow/dags/urban_data_pipeline_dag.py
[2026-07-01T15:20:08.715+0000] {processor.py:914} INFO - Processing file /opt/airflow/dags/urban_data_pipeline_dag.py for tasks to queue
[2026-07-01T15:20:08.719+0000] {logging_mixin.py:190} INFO - [2026-07-01T15:20:08.718+0000] {dagbag.py:588} INFO - Filling up the DagBag from /opt/airflow/dags/urban_data_pipeline_dag.py
[2026-07-01T15:20:08.854+0000] {processor.py:925} INFO - DAG(s) 'urban_data_pipeline' retrieved from /opt/airflow/dags/urban_data_pipeline_dag.py
[2026-07-01T15:20:08.900+0000] {logging_mixin.py:190} INFO - [2026-07-01T15:20:08.899+0000] {dag.py:3239} INFO - Sync 1 DAGs
[2026-07-01T15:20:08.924+0000] {logging_mixin.py:190} INFO - [2026-07-01T15:20:08.923+0000] {dag.py:4180} INFO - Setting next_dagrun for urban_data_pipeline to 2026-07-01 00:00:00+00:00, run_after=2026-08-01 00:00:00+00:00
[2026-07-01T15:20:08.946+0000] {processor.py:208} INFO - Processing /opt/airflow/dags/urban_data_pipeline_dag.py took 0.239 seconds
[2026-07-01T15:20:58.774+0000] {processor.py:186} INFO - Started process (PID=210) to work on /opt/airflow/dags/urban_data_pipeline_dag.py
[2026-07-01T15:20:58.775+0000] {processor.py:914} INFO - Processing file /opt/airflow/dags/urban_data_pipeline_dag.py for tasks to queue
[2026-07-01T15:20:58.777+0000] {logging_mixin.py:190} INFO - [2026-07-01T15:20:58.776+0000] {dagbag.py:588} INFO - Filling up the DagBag from /opt/airflow/dags/urban_data_pipeline_dag.py
[2026-07-01T15:20:58.879+0000] {processor.py:925} INFO - DAG(s) 'urban_data_pipeline' retrieved from /opt/airflow/dags/urban_data_pipeline_dag.py
[2026-07-01T15:20:58.923+0000] {logging_mixin.py:190} INFO - [2026-07-01T15:20:58.922+0000] {dag.py:3239} INFO - Sync 1 DAGs
[2026-07-01T15:20:58.948+0000] {logging_mixin.py:190} INFO - [2026-07-01T15:20:58.948+0000] {dag.py:4180} INFO - Setting next_dagrun for urban_data_pipeline to 2026-07-01 00:00:00+00:00, run_after=2026-08-01 00:00:00+00:00
[2026-07-01T15:20:58.983+0000] {processor.py:208} INFO - Processing /opt/airflow/dags/urban_data_pipeline_dag.py took 0.214 seconds
[2026-07-01T15:21:29.552+0000] {processor.py:186} INFO - Started process (PID=228) to work on /opt/airflow/dags/urban_data_pipeline_dag.py
[2026-07-01T15:21:29.554+0000] {processor.py:914} INFO - Processing file /opt/airflow/dags/urban_data_pipeline_dag.py for tasks to queue
[2026-07-01T15:21:29.557+0000] {logging_mixin.py:190} INFO - [2026-07-01T15:21:29.557+0000] {dagbag.py:588} INFO - Filling up the DagBag from /opt/airflow/dags/urban_data_pipeline_dag.py
[2026-07-01T15:21:29.703+0000] {processor.py:925} INFO - DAG(s) 'urban_data_pipeline' retrieved from /opt/airflow/dags/urban_data_pipeline_dag.py
[2026-07-01T15:21:29.745+0000] {logging_mixin.py:190} INFO - [2026-07-01T15:21:29.744+0000] {dag.py:3239} INFO - Sync 1 DAGs
[2026-07-01T15:21:29.767+0000] {logging_mixin.py:190} INFO - [2026-07-01T15:21:29.767+0000] {dag.py:4180} INFO - Setting next_dagrun for urban_data_pipeline to 2026-07-01 00:00:00+00:00, run_after=2026-08-01 00:00:00+00:00
[2026-07-01T15:21:29.792+0000] {processor.py:208} INFO - Processing /opt/airflow/dags/urban_data_pipeline_dag.py took 0.245 seconds
[2026-07-01T15:22:00.698+0000] {processor.py:186} INFO - Started process (PID=247) to work on /opt/airflow/dags/urban_data_pipeline_dag.py
[2026-07-01T15:22:00.699+0000] {processor.py:914} INFO - Processing file /opt/airflow/dags/urban_data_pipeline_dag.py for tasks to queue
[2026-07-01T15:22:00.703+0000] {logging_mixin.py:190} INFO - [2026-07-01T15:22:00.702+0000] {dagbag.py:588} INFO - Filling up the DagBag from /opt/airflow/dags/urban_data_pipeline_dag.py
[2026-07-01T15:22:00.836+0000] {processor.py:925} INFO - DAG(s) 'urban_data_pipeline' retrieved from /opt/airflow/dags/urban_data_pipeline_dag.py
[2026-07-01T15:22:00.889+0000] {logging_mixin.py:190} INFO - [2026-07-01T15:22:00.889+0000] {dag.py:3239} INFO - Sync 1 DAGs
[2026-07-01T15:22:00.916+0000] {logging_mixin.py:190} INFO - [2026-07-01T15:22:00.916+0000] {dag.py:4180} INFO - Setting next_dagrun for urban_data_pipeline to 2026-07-01 00:00:00+00:00, run_after=2026-08-01 00:00:00+00:00
[2026-07-01T15:22:00.942+0000] {processor.py:208} INFO - Processing /opt/airflow/dags/urban_data_pipeline_dag.py took 0.251 seconds
[2026-07-01T15:22:31.479+0000] {processor.py:186} INFO - Started process (PID=265) to work on /opt/airflow/dags/urban_data_pipeline_dag.py
[2026-07-01T15:22:31.481+0000] {processor.py:914} INFO - Processing file /opt/airflow/dags/urban_data_pipeline_dag.py for tasks to queue
[2026-07-01T15:22:31.483+0000] {logging_mixin.py:190} INFO - [2026-07-01T15:22:31.483+0000] {dagbag.py:588} INFO - Filling up the DagBag from /opt/airflow/dags/urban_data_pipeline_dag.py
[2026-07-01T15:22:31.602+0000] {processor.py:925} INFO - DAG(s) 'urban_data_pipeline' retrieved from /opt/airflow/dags/urban_data_pipeline_dag.py
[2026-07-01T15:22:31.643+0000] {logging_mixin.py:190} INFO - [2026-07-01T15:22:31.643+0000] {dag.py:3239} INFO - Sync 1 DAGs
[2026-07-01T15:22:31.668+0000] {logging_mixin.py:190} INFO - [2026-07-01T15:22:31.668+0000] {dag.py:4180} INFO - Setting next_dagrun for urban_data_pipeline to 2026-07-01 00:00:00+00:00, run_after=2026-08-01 00:00:00+00:00
[2026-07-01T15:22:31.692+0000] {processor.py:208} INFO - Processing /opt/airflow/dags/urban_data_pipeline_dag.py took 0.222 seconds
[2026-07-01T15:23:02.147+0000] {processor.py:186} INFO - Started process (PID=283) to work on /opt/airflow/dags/urban_data_pipeline_dag.py
[2026-07-01T15:23:02.148+0000] {processor.py:914} INFO - Processing file /opt/airflow/dags/urban_data_pipeline_dag.py for tasks to queue
[2026-07-01T15:23:02.150+0000] {logging_mixin.py:190} INFO - [2026-07-01T15:23:02.150+0000] {dagbag.py:588} INFO - Filling up the DagBag from /opt/airflow/dags/urban_data_pipeline_dag.py
[2026-07-01T15:23:02.271+0000] {processor.py:925} INFO - DAG(s) 'urban_data_pipeline' retrieved from /opt/airflow/dags/urban_data_pipeline_dag.py
[2026-07-01T15:23:02.314+0000] {logging_mixin.py:190} INFO - [2026-07-01T15:23:02.314+0000] {dag.py:3239} INFO - Sync 1 DAGs
[2026-07-01T15:23:02.337+0000] {logging_mixin.py:190} INFO - [2026-07-01T15:23:02.337+0000] {dag.py:4180} INFO - Setting next_dagrun for urban_data_pipeline to 2026-07-01 00:00:00+00:00, run_after=2026-08-01 00:00:00+00:00
[2026-07-01T15:23:02.360+0000] {processor.py:208} INFO - Processing /opt/airflow/dags/urban_data_pipeline_dag.py took 0.219 seconds
[2026-07-01T15:23:33.108+0000] {processor.py:186} INFO - Started process (PID=301) to work on /opt/airflow/dags/urban_data_pipeline_dag.py
[2026-07-01T15:23:33.109+0000] {processor.py:914} INFO - Processing file /opt/airflow/dags/urban_data_pipeline_dag.py for tasks to queue
[2026-07-01T15:23:33.114+0000] {logging_mixin.py:190} INFO - [2026-07-01T15:23:33.113+0000] {dagbag.py:588} INFO - Filling up the DagBag from /opt/airflow/dags/urban_data_pipeline_dag.py
[2026-07-01T15:23:33.241+0000] {processor.py:925} INFO - DAG(s) 'urban_data_pipeline' retrieved from /opt/airflow/dags/urban_data_pipeline_dag.py
[2026-07-01T15:23:33.286+0000] {logging_mixin.py:190} INFO - [2026-07-01T15:23:33.285+0000] {dag.py:3239} INFO - Sync 1 DAGs
[2026-07-01T15:23:33.311+0000] {logging_mixin.py:190} INFO - [2026-07-01T15:23:33.311+0000] {dag.py:4180} INFO - Setting next_dagrun for urban_data_pipeline to 2026-07-01 00:00:00+00:00, run_after=2026-08-01 00:00:00+00:00
[2026-07-01T15:23:33.337+0000] {processor.py:208} INFO - Processing /opt/airflow/dags/urban_data_pipeline_dag.py took 0.239 seconds
[2026-07-01T15:24:04.043+0000] {processor.py:186} INFO - Started process (PID=319) to work on /opt/airflow/dags/urban_data_pipeline_dag.py
[2026-07-01T15:24:04.044+0000] {processor.py:914} INFO - Processing file /opt/airflow/dags/urban_data_pipeline_dag.py for tasks to queue
[2026-07-01T15:24:04.049+0000] {logging_mixin.py:190} INFO - [2026-07-01T15:24:04.048+0000] {dagbag.py:588} INFO - Filling up the DagBag from /opt/airflow/dags/urban_data_pipeline_dag.py
[2026-07-01T15:24:04.200+0000] {processor.py:925} INFO - DAG(s) 'urban_data_pipeline' retrieved from /opt/airflow/dags/urban_data_pipeline_dag.py
[2026-07-01T15:24:04.242+0000] {logging_mixin.py:190} INFO - [2026-07-01T15:24:04.242+0000] {dag.py:3239} INFO - Sync 1 DAGs
[2026-07-01T15:24:04.422+0000] {logging_mixin.py:190} INFO - [2026-07-01T15:24:04.421+0000] {dag.py:4180} INFO - Setting next_dagrun for urban_data_pipeline to 2026-07-01 00:00:00+00:00, run_after=2026-08-01 00:00:00+00:00
[2026-07-01T15:24:04.461+0000] {processor.py:208} INFO - Processing /opt/airflow/dags/urban_data_pipeline_dag.py took 0.427 seconds
[2026-07-01T15:24:34.876+0000] {processor.py:186} INFO - Started process (PID=339) to work on /opt/airflow/dags/urban_data_pipeline_dag.py
[2026-07-01T15:24:34.880+0000] {processor.py:914} INFO - Processing file /opt/airflow/dags/urban_data_pipeline_dag.py for tasks to queue
[2026-07-01T15:24:34.884+0000] {logging_mixin.py:190} INFO - [2026-07-01T15:24:34.884+0000] {dagbag.py:588} INFO - Filling up the DagBag from /opt/airflow/dags/urban_data_pipeline_dag.py
[2026-07-01T15:24:35.093+0000] {processor.py:925} INFO - DAG(s) 'urban_data_pipeline' retrieved from /opt/airflow/dags/urban_data_pipeline_dag.py
[2026-07-01T15:24:35.139+0000] {logging_mixin.py:190} INFO - [2026-07-01T15:24:35.139+0000] {dag.py:3239} INFO - Sync 1 DAGs
[2026-07-01T15:24:35.300+0000] {logging_mixin.py:190} INFO - [2026-07-01T15:24:35.300+0000] {dag.py:4180} INFO - Setting next_dagrun for urban_data_pipeline to 2026-07-01 00:00:00+00:00, run_after=2026-08-01 00:00:00+00:00
[2026-07-01T15:24:35.332+0000] {processor.py:208} INFO - Processing /opt/airflow/dags/urban_data_pipeline_dag.py took 0.476 seconds
[2026-07-01T15:25:05.903+0000] {processor.py:186} INFO - Started process (PID=357) to work on /opt/airflow/dags/urban_data_pipeline_dag.py
[2026-07-01T15:25:05.905+0000] {processor.py:914} INFO - Processing file /opt/airflow/dags/urban_data_pipeline_dag.py for tasks to queue
[2026-07-01T15:25:05.909+0000] {logging_mixin.py:190} INFO - [2026-07-01T15:25:05.909+0000] {dagbag.py:588} INFO - Filling up the DagBag from /opt/airflow/dags/urban_data_pipeline_dag.py
[2026-07-01T15:25:06.329+0000] {processor.py:925} INFO - DAG(s) 'urban_data_pipeline' retrieved from /opt/airflow/dags/urban_data_pipeline_dag.py
[2026-07-01T15:25:06.400+0000] {logging_mixin.py:190} INFO - [2026-07-01T15:25:06.399+0000] {dag.py:3239} INFO - Sync 1 DAGs
[2026-07-01T15:25:06.427+0000] {logging_mixin.py:190} INFO - [2026-07-01T15:25:06.427+0000] {dag.py:4180} INFO - Setting next_dagrun for urban_data_pipeline to 2026-07-01 00:00:00+00:00, run_after=2026-08-01 00:00:00+00:00
[2026-07-01T15:25:06.451+0000] {processor.py:208} INFO - Processing /opt/airflow/dags/urban_data_pipeline_dag.py took 0.555 seconds
[2026-07-01T15:25:37.225+0000] {processor.py:186} INFO - Started process (PID=375) to work on /opt/airflow/dags/urban_data_pipeline_dag.py
[2026-07-01T15:25:37.228+0000] {processor.py:914} INFO - Processing file /opt/airflow/dags/urban_data_pipeline_dag.py for tasks to queue
[2026-07-01T15:25:37.231+0000] {logging_mixin.py:190} INFO - [2026-07-01T15:25:37.231+0000] {dagbag.py:588} INFO - Filling up the DagBag from /opt/airflow/dags/urban_data_pipeline_dag.py
[2026-07-01T15:25:37.525+0000] {processor.py:925} INFO - DAG(s) 'urban_data_pipeline' retrieved from /opt/airflow/dags/urban_data_pipeline_dag.py
[2026-07-01T15:25:37.577+0000] {logging_mixin.py:190} INFO - [2026-07-01T15:25:37.577+0000] {dag.py:3239} INFO - Sync 1 DAGs
[2026-07-01T15:25:37.598+0000] {logging_mixin.py:190} INFO - [2026-07-01T15:25:37.598+0000] {dag.py:4180} INFO - Setting next_dagrun for urban_data_pipeline to 2026-07-01 00:00:00+00:00, run_after=2026-08-01 00:00:00+00:00
[2026-07-01T15:25:37.628+0000] {processor.py:208} INFO - Processing /opt/airflow/dags/urban_data_pipeline_dag.py took 0.411 seconds
[2026-07-01T15:26:07.924+0000] {processor.py:186} INFO - Started process (PID=393) to work on /opt/airflow/dags/urban_data_pipeline_dag.py
[2026-07-01T15:26:07.927+0000] {processor.py:914} INFO - Processing file /opt/airflow/dags/urban_data_pipeline_dag.py for tasks to queue
[2026-07-01T15:26:07.933+0000] {logging_mixin.py:190} INFO - [2026-07-01T15:26:07.932+0000] {dagbag.py:588} INFO - Filling up the DagBag from /opt/airflow/dags/urban_data_pipeline_dag.py
[2026-07-01T15:26:08.274+0000] {processor.py:925} INFO - DAG(s) 'urban_data_pipeline' retrieved from /opt/airflow/dags/urban_data_pipeline_dag.py
[2026-07-01T15:26:08.319+0000] {logging_mixin.py:190} INFO - [2026-07-01T15:26:08.319+0000] {dag.py:3239} INFO - Sync 1 DAGs
[2026-07-01T15:26:08.349+0000] {logging_mixin.py:190} INFO - [2026-07-01T15:26:08.349+0000] {dag.py:4180} INFO - Setting next_dagrun for urban_data_pipeline to 2026-07-01 00:00:00+00:00, run_after=2026-08-01 00:00:00+00:00
[2026-07-01T15:26:08.381+0000] {processor.py:208} INFO - Processing /opt/airflow/dags/urban_data_pipeline_dag.py took 0.475 seconds
[2026-07-01T15:26:39.235+0000] {processor.py:186} INFO - Started process (PID=410) to work on /opt/airflow/dags/urban_data_pipeline_dag.py
[2026-07-01T15:26:39.238+0000] {processor.py:914} INFO - Processing file /opt/airflow/dags/urban_data_pipeline_dag.py for tasks to queue
[2026-07-01T15:26:39.244+0000] {logging_mixin.py:190} INFO - [2026-07-01T15:26:39.243+0000] {dagbag.py:588} INFO - Filling up the DagBag from /opt/airflow/dags/urban_data_pipeline_dag.py
[2026-07-01T15:26:39.535+0000] {processor.py:925} INFO - DAG(s) 'urban_data_pipeline' retrieved from /opt/airflow/dags/urban_data_pipeline_dag.py
[2026-07-01T15:26:39.582+0000] {logging_mixin.py:190} INFO - [2026-07-01T15:26:39.582+0000] {dag.py:3239} INFO - Sync 1 DAGs
[2026-07-01T15:26:39.607+0000] {logging_mixin.py:190} INFO - [2026-07-01T15:26:39.607+0000] {dag.py:4180} INFO - Setting next_dagrun for urban_data_pipeline to 2026-07-01 00:00:00+00:00, run_after=2026-08-01 00:00:00+00:00
[2026-07-01T15:26:39.634+0000] {processor.py:208} INFO - Processing /opt/airflow/dags/urban_data_pipeline_dag.py took 0.414 seconds
[2026-07-01T15:27:10.421+0000] {processor.py:186} INFO - Started process (PID=428) to work on /opt/airflow/dags/urban_data_pipeline_dag.py
[2026-07-01T15:27:10.423+0000] {processor.py:914} INFO - Processing file /opt/airflow/dags/urban_data_pipeline_dag.py for tasks to queue
[2026-07-01T15:27:10.427+0000] {logging_mixin.py:190} INFO - [2026-07-01T15:27:10.427+0000] {dagbag.py:588} INFO - Filling up the DagBag from /opt/airflow/dags/urban_data_pipeline_dag.py
[2026-07-01T15:27:10.591+0000] {processor.py:925} INFO - DAG(s) 'urban_data_pipeline' retrieved from /opt/airflow/dags/urban_data_pipeline_dag.py
[2026-07-01T15:27:10.639+0000] {logging_mixin.py:190} INFO - [2026-07-01T15:27:10.638+0000] {dag.py:3239} INFO - Sync 1 DAGs
[2026-07-01T15:27:10.663+0000] {logging_mixin.py:190} INFO - [2026-07-01T15:27:10.663+0000] {dag.py:4180} INFO - Setting next_dagrun for urban_data_pipeline to 2026-07-01 00:00:00+00:00, run_after=2026-08-01 00:00:00+00:00
[2026-07-01T15:27:10.688+0000] {processor.py:208} INFO - Processing /opt/airflow/dags/urban_data_pipeline_dag.py took 0.272 seconds
[2026-07-01T15:27:41.293+0000] {processor.py:186} INFO - Started process (PID=439) to work on /opt/airflow/dags/urban_data_pipeline_dag.py
[2026-07-01T15:27:41.294+0000] {processor.py:914} INFO - Processing file /opt/airflow/dags/urban_data_pipeline_dag.py for tasks to queue
[2026-07-01T15:27:41.297+0000] {logging_mixin.py:190} INFO - [2026-07-01T15:27:41.297+0000] {dagbag.py:588} INFO - Filling up the DagBag from /opt/airflow/dags/urban_data_pipeline_dag.py
[2026-07-01T15:27:41.411+0000] {processor.py:925} INFO - DAG(s) 'urban_data_pipeline' retrieved from /opt/airflow/dags/urban_data_pipeline_dag.py
[2026-07-01T15:27:41.458+0000] {logging_mixin.py:190} INFO - [2026-07-01T15:27:41.458+0000] {dag.py:3239} INFO - Sync 1 DAGs
[2026-07-01T15:27:41.483+0000] {logging_mixin.py:190} INFO - [2026-07-01T15:27:41.483+0000] {dag.py:4180} INFO - Setting next_dagrun for urban_data_pipeline to 2026-07-01 00:00:00+00:00, run_after=2026-08-01 00:00:00+00:00
[2026-07-01T15:27:41.507+0000] {processor.py:208} INFO - Processing /opt/airflow/dags/urban_data_pipeline_dag.py took 0.221 seconds
[2026-07-01T15:28:12.451+0000] {processor.py:186} INFO - Started process (PID=457) to work on /opt/airflow/dags/urban_data_pipeline_dag.py
[2026-07-01T15:28:12.457+0000] {processor.py:914} INFO - Processing file /opt/airflow/dags/urban_data_pipeline_dag.py for tasks to queue
[2026-07-01T15:28:12.470+0000] {logging_mixin.py:190} INFO - [2026-07-01T15:28:12.469+0000] {dagbag.py:588} INFO - Filling up the DagBag from /opt/airflow/dags/urban_data_pipeline_dag.py
[2026-07-01T15:28:12.906+0000] {processor.py:925} INFO - DAG(s) 'urban_data_pipeline' retrieved from /opt/airflow/dags/urban_data_pipeline_dag.py
[2026-07-01T15:28:12.951+0000] {logging_mixin.py:190} INFO - [2026-07-01T15:28:12.951+0000] {dag.py:3239} INFO - Sync 1 DAGs
[2026-07-01T15:28:12.976+0000] {logging_mixin.py:190} INFO - [2026-07-01T15:28:12.976+0000] {dag.py:4180} INFO - Setting next_dagrun for urban_data_pipeline to 2026-07-01 00:00:00+00:00, run_after=2026-08-01 00:00:00+00:00
[2026-07-01T15:28:13.007+0000] {processor.py:208} INFO - Processing /opt/airflow/dags/urban_data_pipeline_dag.py took 0.595 seconds
[2026-07-01T15:28:43.921+0000] {processor.py:186} INFO - Started process (PID=475) to work on /opt/airflow/dags/urban_data_pipeline_dag.py
[2026-07-01T15:28:43.923+0000] {processor.py:914} INFO - Processing file /opt/airflow/dags/urban_data_pipeline_dag.py for tasks to queue
[2026-07-01T15:28:43.926+0000] {logging_mixin.py:190} INFO - [2026-07-01T15:28:43.926+0000] {dagbag.py:588} INFO - Filling up the DagBag from /opt/airflow/dags/urban_data_pipeline_dag.py
[2026-07-01T15:28:44.105+0000] {processor.py:925} INFO - DAG(s) 'urban_data_pipeline' retrieved from /opt/airflow/dags/urban_data_pipeline_dag.py
[2026-07-01T15:28:44.158+0000] {logging_mixin.py:190} INFO - [2026-07-01T15:28:44.158+0000] {dag.py:3239} INFO - Sync 1 DAGs
[2026-07-01T15:28:44.186+0000] {logging_mixin.py:190} INFO - [2026-07-01T15:28:44.186+0000] {dag.py:4180} INFO - Setting next_dagrun for urban_data_pipeline to 2026-07-01 00:00:00+00:00, run_after=2026-08-01 00:00:00+00:00
[2026-07-01T15:28:44.212+0000] {processor.py:208} INFO - Processing /opt/airflow/dags/urban_data_pipeline_dag.py took 0.305 seconds
[2026-07-01T15:29:15.096+0000] {processor.py:186} INFO - Started process (PID=493) to work on /opt/airflow/dags/urban_data_pipeline_dag.py
[2026-07-01T15:29:15.098+0000] {processor.py:914} INFO - Processing file /opt/airflow/dags/urban_data_pipeline_dag.py for tasks to queue
[2026-07-01T15:29:15.101+0000] {logging_mixin.py:190} INFO - [2026-07-01T15:29:15.100+0000] {dagbag.py:588} INFO - Filling up the DagBag from /opt/airflow/dags/urban_data_pipeline_dag.py
[2026-07-01T15:29:15.298+0000] {processor.py:925} INFO - DAG(s) 'urban_data_pipeline' retrieved from /opt/airflow/dags/urban_data_pipeline_dag.py
[2026-07-01T15:29:15.360+0000] {logging_mixin.py:190} INFO - [2026-07-01T15:29:15.360+0000] {dag.py:3239} INFO - Sync 1 DAGs
[2026-07-01T15:29:15.383+0000] {logging_mixin.py:190} INFO - [2026-07-01T15:29:15.383+0000] {dag.py:4180} INFO - Setting next_dagrun for urban_data_pipeline to 2026-07-01 00:00:00+00:00, run_after=2026-08-01 00:00:00+00:00
[2026-07-01T15:29:15.410+0000] {processor.py:208} INFO - Processing /opt/airflow/dags/urban_data_pipeline_dag.py took 0.325 seconds
[2026-07-01T15:29:45.898+0000] {processor.py:186} INFO - Started process (PID=511) to work on /opt/airflow/dags/urban_data_pipeline_dag.py
[2026-07-01T15:29:45.899+0000] {processor.py:914} INFO - Processing file /opt/airflow/dags/urban_data_pipeline_dag.py for tasks to queue
[2026-07-01T15:29:45.902+0000] {logging_mixin.py:190} INFO - [2026-07-01T15:29:45.902+0000] {dagbag.py:588} INFO - Filling up the DagBag from /opt/airflow/dags/urban_data_pipeline_dag.py
[2026-07-01T15:29:46.075+0000] {processor.py:925} INFO - DAG(s) 'urban_data_pipeline' retrieved from /opt/airflow/dags/urban_data_pipeline_dag.py
[2026-07-01T15:29:46.117+0000] {logging_mixin.py:190} INFO - [2026-07-01T15:29:46.117+0000] {dag.py:3239} INFO - Sync 1 DAGs
[2026-07-01T15:29:46.140+0000] {logging_mixin.py:190} INFO - [2026-07-01T15:29:46.140+0000] {dag.py:4180} INFO - Setting next_dagrun for urban_data_pipeline to 2026-07-01 00:00:00+00:00, run_after=2026-08-01 00:00:00+00:00
[2026-07-01T15:29:46.171+0000] {processor.py:208} INFO - Processing /opt/airflow/dags/urban_data_pipeline_dag.py took 0.279 seconds
[2026-07-01T15:30:16.894+0000] {processor.py:186} INFO - Started process (PID=529) to work on /opt/airflow/dags/urban_data_pipeline_dag.py
[2026-07-01T15:30:16.898+0000] {processor.py:914} INFO - Processing file /opt/airflow/dags/urban_data_pipeline_dag.py for tasks to queue
[2026-07-01T15:30:16.903+0000] {logging_mixin.py:190} INFO - [2026-07-01T15:30:16.903+0000] {dagbag.py:588} INFO - Filling up the DagBag from /opt/airflow/dags/urban_data_pipeline_dag.py
[2026-07-01T15:30:17.073+0000] {processor.py:925} INFO - DAG(s) 'urban_data_pipeline' retrieved from /opt/airflow/dags/urban_data_pipeline_dag.py
[2026-07-01T15:30:17.121+0000] {logging_mixin.py:190} INFO - [2026-07-01T15:30:17.121+0000] {dag.py:3239} INFO - Sync 1 DAGs
[2026-07-01T15:30:17.145+0000] {logging_mixin.py:190} INFO - [2026-07-01T15:30:17.145+0000] {dag.py:4180} INFO - Setting next_dagrun for urban_data_pipeline to 2026-07-01 00:00:00+00:00, run_after=2026-08-01 00:00:00+00:00
[2026-07-01T15:30:17.172+0000] {processor.py:208} INFO - Processing /opt/airflow/dags/urban_data_pipeline_dag.py took 0.295 seconds
[2026-07-01T15:30:48.041+0000] {processor.py:186} INFO - Started process (PID=547) to work on /opt/airflow/dags/urban_data_pipeline_dag.py
[2026-07-01T15:30:48.044+0000] {processor.py:914} INFO - Processing file /opt/airflow/dags/urban_data_pipeline_dag.py for tasks to queue
[2026-07-01T15:30:48.051+0000] {logging_mixin.py:190} INFO - [2026-07-01T15:30:48.049+0000] {dagbag.py:588} INFO - Filling up the DagBag from /opt/airflow/dags/urban_data_pipeline_dag.py
[2026-07-01T15:30:48.491+0000] {processor.py:925} INFO - DAG(s) 'urban_data_pipeline' retrieved from /opt/airflow/dags/urban_data_pipeline_dag.py
[2026-07-01T15:30:48.556+0000] {logging_mixin.py:190} INFO - [2026-07-01T15:30:48.556+0000] {dag.py:3239} INFO - Sync 1 DAGs
[2026-07-01T15:30:48.585+0000] {logging_mixin.py:190} INFO - [2026-07-01T15:30:48.585+0000] {dag.py:4180} INFO - Setting next_dagrun for urban_data_pipeline to 2026-07-01 00:00:00+00:00, run_after=2026-08-01 00:00:00+00:00
[2026-07-01T15:30:48.617+0000] {processor.py:208} INFO - Processing /opt/airflow/dags/urban_data_pipeline_dag.py took 0.586 seconds
[2026-07-01T15:31:19.589+0000] {processor.py:186} INFO - Started process (PID=565) to work on /opt/airflow/dags/urban_data_pipeline_dag.py
[2026-07-01T15:31:19.591+0000] {processor.py:914} INFO - Processing file /opt/airflow/dags/urban_data_pipeline_dag.py for tasks to queue
[2026-07-01T15:31:19.595+0000] {logging_mixin.py:190} INFO - [2026-07-01T15:31:19.594+0000] {dagbag.py:588} INFO - Filling up the DagBag from /opt/airflow/dags/urban_data_pipeline_dag.py
[2026-07-01T15:31:19.966+0000] {processor.py:925} INFO - DAG(s) 'urban_data_pipeline' retrieved from /opt/airflow/dags/urban_data_pipeline_dag.py
[2026-07-01T15:31:20.015+0000] {logging_mixin.py:190} INFO - [2026-07-01T15:31:20.015+0000] {dag.py:3239} INFO - Sync 1 DAGs
[2026-07-01T15:31:20.043+0000] {logging_mixin.py:190} INFO - [2026-07-01T15:31:20.043+0000] {dag.py:4180} INFO - Setting next_dagrun for urban_data_pipeline to 2026-07-01 00:00:00+00:00, run_after=2026-08-01 00:00:00+00:00
[2026-07-01T15:31:20.084+0000] {processor.py:208} INFO - Processing /opt/airflow/dags/urban_data_pipeline_dag.py took 0.505 seconds
[2026-07-01T15:31:50.993+0000] {processor.py:186} INFO - Started process (PID=583) to work on /opt/airflow/dags/urban_data_pipeline_dag.py
[2026-07-01T15:31:50.997+0000] {processor.py:914} INFO - Processing file /opt/airflow/dags/urban_data_pipeline_dag.py for tasks to queue
[2026-07-01T15:31:51.013+0000] {logging_mixin.py:190} INFO - [2026-07-01T15:31:51.011+0000] {dagbag.py:588} INFO - Filling up the DagBag from /opt/airflow/dags/urban_data_pipeline_dag.py
[2026-07-01T15:31:51.188+0000] {processor.py:925} INFO - DAG(s) 'urban_data_pipeline' retrieved from /opt/airflow/dags/urban_data_pipeline_dag.py
[2026-07-01T15:31:51.243+0000] {logging_mixin.py:190} INFO - [2026-07-01T15:31:51.243+0000] {dag.py:3239} INFO - Sync 1 DAGs
[2026-07-01T15:31:51.267+0000] {logging_mixin.py:190} INFO - [2026-07-01T15:31:51.267+0000] {dag.py:4180} INFO - Setting next_dagrun for urban_data_pipeline to 2026-07-01 00:00:00+00:00, run_after=2026-08-01 00:00:00+00:00
[2026-07-01T15:31:51.289+0000] {processor.py:208} INFO - Processing /opt/airflow/dags/urban_data_pipeline_dag.py took 0.308 seconds
[2026-07-01T15:32:22.151+0000] {processor.py:186} INFO - Started process (PID=601) to work on /opt/airflow/dags/urban_data_pipeline_dag.py
[2026-07-01T15:32:22.153+0000] {processor.py:914} INFO - Processing file /opt/airflow/dags/urban_data_pipeline_dag.py for tasks to queue
[2026-07-01T15:32:22.158+0000] {logging_mixin.py:190} INFO - [2026-07-01T15:32:22.157+0000] {dagbag.py:588} INFO - Filling up the DagBag from /opt/airflow/dags/urban_data_pipeline_dag.py
[2026-07-01T15:32:22.351+0000] {processor.py:925} INFO - DAG(s) 'urban_data_pipeline' retrieved from /opt/airflow/dags/urban_data_pipeline_dag.py
[2026-07-01T15:32:22.395+0000] {logging_mixin.py:190} INFO - [2026-07-01T15:32:22.394+0000] {dag.py:3239} INFO - Sync 1 DAGs
[2026-07-01T15:32:22.419+0000] {logging_mixin.py:190} INFO - [2026-07-01T15:32:22.419+0000] {dag.py:4180} INFO - Setting next_dagrun for urban_data_pipeline to 2026-07-01 00:00:00+00:00, run_after=2026-08-01 00:00:00+00:00
[2026-07-01T15:32:22.443+0000] {processor.py:208} INFO - Processing /opt/airflow/dags/urban_data_pipeline_dag.py took 0.311 seconds
[2026-07-01T15:32:52.887+0000] {processor.py:186} INFO - Started process (PID=618) to work on /opt/airflow/dags/urban_data_pipeline_dag.py
[2026-07-01T15:32:52.888+0000] {processor.py:914} INFO - Processing file /opt/airflow/dags/urban_data_pipeline_dag.py for tasks to queue
[2026-07-01T15:32:52.891+0000] {logging_mixin.py:190} INFO - [2026-07-01T15:32:52.891+0000] {dagbag.py:588} INFO - Filling up the DagBag from /opt/airflow/dags/urban_data_pipeline_dag.py
[2026-07-01T15:32:53.009+0000] {processor.py:925} INFO - DAG(s) 'urban_data_pipeline' retrieved from /opt/airflow/dags/urban_data_pipeline_dag.py
[2026-07-01T15:32:53.058+0000] {logging_mixin.py:190} INFO - [2026-07-01T15:32:53.058+0000] {dag.py:3239} INFO - Sync 1 DAGs
[2026-07-01T15:32:53.085+0000] {logging_mixin.py:190} INFO - [2026-07-01T15:32:53.085+0000] {dag.py:4180} INFO - Setting next_dagrun for urban_data_pipeline to 2026-07-01 00:00:00+00:00, run_after=2026-08-01 00:00:00+00:00
[2026-07-01T15:32:53.107+0000] {processor.py:208} INFO - Processing /opt/airflow/dags/urban_data_pipeline_dag.py took 0.228 seconds
[2026-07-01T15:33:23.911+0000] {processor.py:186} INFO - Started process (PID=629) to work on /opt/airflow/dags/urban_data_pipeline_dag.py
[2026-07-01T15:33:23.913+0000] {processor.py:914} INFO - Processing file /opt/airflow/dags/urban_data_pipeline_dag.py for tasks to queue
[2026-07-01T15:33:23.916+0000] {logging_mixin.py:190} INFO - [2026-07-01T15:33:23.915+0000] {dagbag.py:588} INFO - Filling up the DagBag from /opt/airflow/dags/urban_data_pipeline_dag.py
[2026-07-01T15:33:24.053+0000] {processor.py:925} INFO - DAG(s) 'urban_data_pipeline' retrieved from /opt/airflow/dags/urban_data_pipeline_dag.py
[2026-07-01T15:33:24.097+0000] {logging_mixin.py:190} INFO - [2026-07-01T15:33:24.097+0000] {dag.py:3239} INFO - Sync 1 DAGs
[2026-07-01T15:33:24.120+0000] {logging_mixin.py:190} INFO - [2026-07-01T15:33:24.120+0000] {dag.py:4180} INFO - Setting next_dagrun for urban_data_pipeline to 2026-07-01 00:00:00+00:00, run_after=2026-08-01 00:00:00+00:00
[2026-07-01T15:33:24.146+0000] {processor.py:208} INFO - Processing /opt/airflow/dags/urban_data_pipeline_dag.py took 0.247 seconds
[2026-07-01T15:33:55.037+0000] {processor.py:186} INFO - Started process (PID=647) to work on /opt/airflow/dags/urban_data_pipeline_dag.py
[2026-07-01T15:33:55.039+0000] {processor.py:914} INFO - Processing file /opt/airflow/dags/urban_data_pipeline_dag.py for tasks to queue
[2026-07-01T15:33:55.043+0000] {logging_mixin.py:190} INFO - [2026-07-01T15:33:55.042+0000] {dagbag.py:588} INFO - Filling up the DagBag from /opt/airflow/dags/urban_data_pipeline_dag.py
[2026-07-01T15:33:55.434+0000] {processor.py:925} INFO - DAG(s) 'urban_data_pipeline' retrieved from /opt/airflow/dags/urban_data_pipeline_dag.py
[2026-07-01T15:33:55.482+0000] {logging_mixin.py:190} INFO - [2026-07-01T15:33:55.482+0000] {dag.py:3239} INFO - Sync 1 DAGs
[2026-07-01T15:33:55.508+0000] {logging_mixin.py:190} INFO - [2026-07-01T15:33:55.508+0000] {dag.py:4180} INFO - Setting next_dagrun for urban_data_pipeline to 2026-07-01 00:00:00+00:00, run_after=2026-08-01 00:00:00+00:00
[2026-07-01T15:33:55.565+0000] {processor.py:208} INFO - Processing /opt/airflow/dags/urban_data_pipeline_dag.py took 0.539 seconds
[2026-07-01T15:34:26.323+0000] {processor.py:186} INFO - Started process (PID=666) to work on /opt/airflow/dags/urban_data_pipeline_dag.py
[2026-07-01T15:34:26.325+0000] {processor.py:914} INFO - Processing file /opt/airflow/dags/urban_data_pipeline_dag.py for tasks to queue
[2026-07-01T15:34:26.332+0000] {logging_mixin.py:190} INFO - [2026-07-01T15:34:26.329+0000] {dagbag.py:588} INFO - Filling up the DagBag from /opt/airflow/dags/urban_data_pipeline_dag.py
[2026-07-01T15:34:26.562+0000] {processor.py:925} INFO - DAG(s) 'urban_data_pipeline' retrieved from /opt/airflow/dags/urban_data_pipeline_dag.py
[2026-07-01T15:34:26.663+0000] {logging_mixin.py:190} INFO - [2026-07-01T15:34:26.662+0000] {dag.py:3239} INFO - Sync 1 DAGs
[2026-07-01T15:34:26.695+0000] {logging_mixin.py:190} INFO - [2026-07-01T15:34:26.694+0000] {dag.py:4180} INFO - Setting next_dagrun for urban_data_pipeline to 2026-07-01 00:00:00+00:00, run_after=2026-08-01 00:00:00+00:00
[2026-07-01T15:34:26.725+0000] {processor.py:208} INFO - Processing /opt/airflow/dags/urban_data_pipeline_dag.py took 0.426 seconds
[2026-07-01T15:34:57.632+0000] {processor.py:186} INFO - Started process (PID=684) to work on /opt/airflow/dags/urban_data_pipeline_dag.py
[2026-07-01T15:34:57.633+0000] {processor.py:914} INFO - Processing file /opt/airflow/dags/urban_data_pipeline_dag.py for tasks to queue
[2026-07-01T15:34:57.637+0000] {logging_mixin.py:190} INFO - [2026-07-01T15:34:57.637+0000] {dagbag.py:588} INFO - Filling up the DagBag from /opt/airflow/dags/urban_data_pipeline_dag.py
[2026-07-01T15:34:57.865+0000] {processor.py:925} INFO - DAG(s) 'urban_data_pipeline' retrieved from /opt/airflow/dags/urban_data_pipeline_dag.py
[2026-07-01T15:34:57.923+0000] {logging_mixin.py:190} INFO - [2026-07-01T15:34:57.922+0000] {dag.py:3239} INFO - Sync 1 DAGs
[2026-07-01T15:34:57.950+0000] {logging_mixin.py:190} INFO - [2026-07-01T15:34:57.950+0000] {dag.py:4180} INFO - Setting next_dagrun for urban_data_pipeline to 2026-07-01 00:00:00+00:00, run_after=2026-08-01 00:00:00+00:00
[2026-07-01T15:34:57.989+0000] {processor.py:208} INFO - Processing /opt/airflow/dags/urban_data_pipeline_dag.py took 0.371 seconds
[2026-07-01T15:35:28.407+0000] {processor.py:186} INFO - Started process (PID=702) to work on /opt/airflow/dags/urban_data_pipeline_dag.py
[2026-07-01T15:35:28.411+0000] {processor.py:914} INFO - Processing file /opt/airflow/dags/urban_data_pipeline_dag.py for tasks to queue
[2026-07-01T15:35:28.418+0000] {logging_mixin.py:190} INFO - [2026-07-01T15:35:28.417+0000] {dagbag.py:588} INFO - Filling up the DagBag from /opt/airflow/dags/urban_data_pipeline_dag.py
[2026-07-01T15:35:28.929+0000] {processor.py:925} INFO - DAG(s) 'urban_data_pipeline' retrieved from /opt/airflow/dags/urban_data_pipeline_dag.py
[2026-07-01T15:35:28.977+0000] {logging_mixin.py:190} INFO - [2026-07-01T15:35:28.977+0000] {dag.py:3239} INFO - Sync 1 DAGs
[2026-07-01T15:35:29.001+0000] {logging_mixin.py:190} INFO - [2026-07-01T15:35:29.001+0000] {dag.py:4180} INFO - Setting next_dagrun for urban_data_pipeline to 2026-07-01 00:00:00+00:00, run_after=2026-08-01 00:00:00+00:00
[2026-07-01T15:35:29.028+0000] {processor.py:208} INFO - Processing /opt/airflow/dags/urban_data_pipeline_dag.py took 0.659 seconds
[2026-07-01T15:36:00.114+0000] {processor.py:186} INFO - Started process (PID=720) to work on /opt/airflow/dags/urban_data_pipeline_dag.py
[2026-07-01T15:36:00.115+0000] {processor.py:914} INFO - Processing file /opt/airflow/dags/urban_data_pipeline_dag.py for tasks to queue
[2026-07-01T15:36:00.118+0000] {logging_mixin.py:190} INFO - [2026-07-01T15:36:00.118+0000] {dagbag.py:588} INFO - Filling up the DagBag from /opt/airflow/dags/urban_data_pipeline_dag.py
[2026-07-01T15:36:00.287+0000] {processor.py:925} INFO - DAG(s) 'urban_data_pipeline' retrieved from /opt/airflow/dags/urban_data_pipeline_dag.py
[2026-07-01T15:36:00.349+0000] {logging_mixin.py:190} INFO - [2026-07-01T15:36:00.349+0000] {dag.py:3239} INFO - Sync 1 DAGs
[2026-07-01T15:36:00.379+0000] {logging_mixin.py:190} INFO - [2026-07-01T15:36:00.379+0000] {dag.py:4180} INFO - Setting next_dagrun for urban_data_pipeline to 2026-07-01 00:00:00+00:00, run_after=2026-08-01 00:00:00+00:00
[2026-07-01T15:36:00.430+0000] {processor.py:208} INFO - Processing /opt/airflow/dags/urban_data_pipeline_dag.py took 0.324 seconds
[2026-07-01T15:36:31.298+0000] {processor.py:186} INFO - Started process (PID=738) to work on /opt/airflow/dags/urban_data_pipeline_dag.py
[2026-07-01T15:36:31.300+0000] {processor.py:914} INFO - Processing file /opt/airflow/dags/urban_data_pipeline_dag.py for tasks to queue
[2026-07-01T15:36:31.304+0000] {logging_mixin.py:190} INFO - [2026-07-01T15:36:31.304+0000] {dagbag.py:588} INFO - Filling up the DagBag from /opt/airflow/dags/urban_data_pipeline_dag.py
[2026-07-01T15:36:31.592+0000] {processor.py:925} INFO - DAG(s) 'urban_data_pipeline' retrieved from /opt/airflow/dags/urban_data_pipeline_dag.py
[2026-07-01T15:36:31.696+0000] {logging_mixin.py:190} INFO - [2026-07-01T15:36:31.696+0000] {dag.py:3239} INFO - Sync 1 DAGs
[2026-07-01T15:36:31.727+0000] {logging_mixin.py:190} INFO - [2026-07-01T15:36:31.727+0000] {dag.py:4180} INFO - Setting next_dagrun for urban_data_pipeline to 2026-07-01 00:00:00+00:00, run_after=2026-08-01 00:00:00+00:00
[2026-07-01T15:36:31.753+0000] {processor.py:208} INFO - Processing /opt/airflow/dags/urban_data_pipeline_dag.py took 0.472 seconds
[2026-07-01T15:37:02.692+0000] {processor.py:186} INFO - Started process (PID=756) to work on /opt/airflow/dags/urban_data_pipeline_dag.py
[2026-07-01T15:37:02.696+0000] {processor.py:914} INFO - Processing file /opt/airflow/dags/urban_data_pipeline_dag.py for tasks to queue
[2026-07-01T15:37:02.701+0000] {logging_mixin.py:190} INFO - [2026-07-01T15:37:02.700+0000] {dagbag.py:588} INFO - Filling up the DagBag from /opt/airflow/dags/urban_data_pipeline_dag.py
[2026-07-01T15:37:02.861+0000] {processor.py:925} INFO - DAG(s) 'urban_data_pipeline' retrieved from /opt/airflow/dags/urban_data_pipeline_dag.py
[2026-07-01T15:37:02.916+0000] {logging_mixin.py:190} INFO - [2026-07-01T15:37:02.916+0000] {dag.py:3239} INFO - Sync 1 DAGs
[2026-07-01T15:37:02.943+0000] {logging_mixin.py:190} INFO - [2026-07-01T15:37:02.943+0000] {dag.py:4180} INFO - Setting next_dagrun for urban_data_pipeline to 2026-07-01 00:00:00+00:00, run_after=2026-08-01 00:00:00+00:00
[2026-07-01T15:37:02.978+0000] {processor.py:208} INFO - Processing /opt/airflow/dags/urban_data_pipeline_dag.py took 0.300 seconds
[2026-07-01T15:37:33.513+0000] {processor.py:186} INFO - Started process (PID=774) to work on /opt/airflow/dags/urban_data_pipeline_dag.py
[2026-07-01T15:37:33.515+0000] {processor.py:914} INFO - Processing file /opt/airflow/dags/urban_data_pipeline_dag.py for tasks to queue
[2026-07-01T15:37:33.519+0000] {logging_mixin.py:190} INFO - [2026-07-01T15:37:33.519+0000] {dagbag.py:588} INFO - Filling up the DagBag from /opt/airflow/dags/urban_data_pipeline_dag.py
[2026-07-01T15:37:33.865+0000] {processor.py:925} INFO - DAG(s) 'urban_data_pipeline' retrieved from /opt/airflow/dags/urban_data_pipeline_dag.py
[2026-07-01T15:37:33.953+0000] {logging_mixin.py:190} INFO - [2026-07-01T15:37:33.953+0000] {dag.py:3239} INFO - Sync 1 DAGs
[2026-07-01T15:37:33.996+0000] {logging_mixin.py:190} INFO - [2026-07-01T15:37:33.995+0000] {dag.py:4180} INFO - Setting next_dagrun for urban_data_pipeline to 2026-07-01 00:00:00+00:00, run_after=2026-08-01 00:00:00+00:00
[2026-07-01T15:37:34.040+0000] {processor.py:208} INFO - Processing /opt/airflow/dags/urban_data_pipeline_dag.py took 0.547 seconds
[2026-07-01T15:38:04.900+0000] {processor.py:186} INFO - Started process (PID=792) to work on /opt/airflow/dags/urban_data_pipeline_dag.py
[2026-07-01T15:38:04.902+0000] {processor.py:914} INFO - Processing file /opt/airflow/dags/urban_data_pipeline_dag.py for tasks to queue
[2026-07-01T15:38:04.904+0000] {logging_mixin.py:190} INFO - [2026-07-01T15:38:04.904+0000] {dagbag.py:588} INFO - Filling up the DagBag from /opt/airflow/dags/urban_data_pipeline_dag.py
[2026-07-01T15:38:05.037+0000] {processor.py:925} INFO - DAG(s) 'urban_data_pipeline' retrieved from /opt/airflow/dags/urban_data_pipeline_dag.py
[2026-07-01T15:38:05.095+0000] {logging_mixin.py:190} INFO - [2026-07-01T15:38:05.095+0000] {dag.py:3239} INFO - Sync 1 DAGs
[2026-07-01T15:38:05.120+0000] {logging_mixin.py:190} INFO - [2026-07-01T15:38:05.120+0000] {dag.py:4180} INFO - Setting next_dagrun for urban_data_pipeline to 2026-07-01 00:00:00+00:00, run_after=2026-08-01 00:00:00+00:00
[2026-07-01T15:38:05.147+0000] {processor.py:208} INFO - Processing /opt/airflow/dags/urban_data_pipeline_dag.py took 0.256 seconds
[2026-07-01T15:38:35.755+0000] {processor.py:186} INFO - Started process (PID=810) to work on /opt/airflow/dags/urban_data_pipeline_dag.py
[2026-07-01T15:38:35.757+0000] {processor.py:914} INFO - Processing file /opt/airflow/dags/urban_data_pipeline_dag.py for tasks to queue
[2026-07-01T15:38:35.760+0000] {logging_mixin.py:190} INFO - [2026-07-01T15:38:35.760+0000] {dagbag.py:588} INFO - Filling up the DagBag from /opt/airflow/dags/urban_data_pipeline_dag.py
[2026-07-01T15:38:36.014+0000] {processor.py:925} INFO - DAG(s) 'urban_data_pipeline' retrieved from /opt/airflow/dags/urban_data_pipeline_dag.py
[2026-07-01T15:38:36.059+0000] {logging_mixin.py:190} INFO - [2026-07-01T15:38:36.058+0000] {dag.py:3239} INFO - Sync 1 DAGs
[2026-07-01T15:38:36.082+0000] {logging_mixin.py:190} INFO - [2026-07-01T15:38:36.082+0000] {dag.py:4180} INFO - Setting next_dagrun for urban_data_pipeline to 2026-07-01 00:00:00+00:00, run_after=2026-08-01 00:00:00+00:00
[2026-07-01T15:38:36.126+0000] {processor.py:208} INFO - Processing /opt/airflow/dags/urban_data_pipeline_dag.py took 0.377 seconds
[2026-07-01T15:39:06.950+0000] {processor.py:186} INFO - Started process (PID=828) to work on /opt/airflow/dags/urban_data_pipeline_dag.py
[2026-07-01T15:39:06.952+0000] {processor.py:914} INFO - Processing file /opt/airflow/dags/urban_data_pipeline_dag.py for tasks to queue
[2026-07-01T15:39:06.955+0000] {logging_mixin.py:190} INFO - [2026-07-01T15:39:06.954+0000] {dagbag.py:588} INFO - Filling up the DagBag from /opt/airflow/dags/urban_data_pipeline_dag.py
[2026-07-01T15:39:07.096+0000] {processor.py:925} INFO - DAG(s) 'urban_data_pipeline' retrieved from /opt/airflow/dags/urban_data_pipeline_dag.py
[2026-07-01T15:39:07.140+0000] {logging_mixin.py:190} INFO - [2026-07-01T15:39:07.140+0000] {dag.py:3239} INFO - Sync 1 DAGs
[2026-07-01T15:39:07.164+0000] {logging_mixin.py:190} INFO - [2026-07-01T15:39:07.163+0000] {dag.py:4180} INFO - Setting next_dagrun for urban_data_pipeline to 2026-07-01 00:00:00+00:00, run_after=2026-08-01 00:00:00+00:00
[2026-07-01T15:39:07.189+0000] {processor.py:208} INFO - Processing /opt/airflow/dags/urban_data_pipeline_dag.py took 0.246 seconds
[2026-07-01T15:39:38.009+0000] {processor.py:186} INFO - Started process (PID=845) to work on /opt/airflow/dags/urban_data_pipeline_dag.py
[2026-07-01T15:39:38.010+0000] {processor.py:914} INFO - Processing file /opt/airflow/dags/urban_data_pipeline_dag.py for tasks to queue
[2026-07-01T15:39:38.013+0000] {logging_mixin.py:190} INFO - [2026-07-01T15:39:38.013+0000] {dagbag.py:588} INFO - Filling up the DagBag from /opt/airflow/dags/urban_data_pipeline_dag.py
[2026-07-01T15:39:38.145+0000] {processor.py:925} INFO - DAG(s) 'urban_data_pipeline' retrieved from /opt/airflow/dags/urban_data_pipeline_dag.py
[2026-07-01T15:39:38.189+0000] {logging_mixin.py:190} INFO - [2026-07-01T15:39:38.189+0000] {dag.py:3239} INFO - Sync 1 DAGs
[2026-07-01T15:39:38.213+0000] {logging_mixin.py:190} INFO - [2026-07-01T15:39:38.213+0000] {dag.py:4180} INFO - Setting next_dagrun for urban_data_pipeline to 2026-07-01 00:00:00+00:00, run_after=2026-08-01 00:00:00+00:00
[2026-07-01T15:39:38.235+0000] {processor.py:208} INFO - Processing /opt/airflow/dags/urban_data_pipeline_dag.py took 0.232 seconds
[2026-07-01T15:40:09.148+0000] {processor.py:186} INFO - Started process (PID=856) to work on /opt/airflow/dags/urban_data_pipeline_dag.py
[2026-07-01T15:40:09.150+0000] {processor.py:914} INFO - Processing file /opt/airflow/dags/urban_data_pipeline_dag.py for tasks to queue
[2026-07-01T15:40:09.156+0000] {logging_mixin.py:190} INFO - [2026-07-01T15:40:09.155+0000] {dagbag.py:588} INFO - Filling up the DagBag from /opt/airflow/dags/urban_data_pipeline_dag.py
[2026-07-01T15:40:09.379+0000] {processor.py:925} INFO - DAG(s) 'urban_data_pipeline' retrieved from /opt/airflow/dags/urban_data_pipeline_dag.py
[2026-07-01T15:40:09.429+0000] {logging_mixin.py:190} INFO - [2026-07-01T15:40:09.429+0000] {dag.py:3239} INFO - Sync 1 DAGs
[2026-07-01T15:40:09.458+0000] {logging_mixin.py:190} INFO - [2026-07-01T15:40:09.457+0000] {dag.py:4180} INFO - Setting next_dagrun for urban_data_pipeline to 2026-07-01 00:00:00+00:00, run_after=2026-08-01 00:00:00+00:00
[2026-07-01T15:40:09.492+0000] {processor.py:208} INFO - Processing /opt/airflow/dags/urban_data_pipeline_dag.py took 0.365 seconds
[2026-07-01T15:40:40.342+0000] {processor.py:186} INFO - Started process (PID=874) to work on /opt/airflow/dags/urban_data_pipeline_dag.py
[2026-07-01T15:40:40.350+0000] {processor.py:914} INFO - Processing file /opt/airflow/dags/urban_data_pipeline_dag.py for tasks to queue
[2026-07-01T15:40:40.367+0000] {logging_mixin.py:190} INFO - [2026-07-01T15:40:40.364+0000] {dagbag.py:588} INFO - Filling up the DagBag from /opt/airflow/dags/urban_data_pipeline_dag.py
[2026-07-01T15:40:40.672+0000] {processor.py:925} INFO - DAG(s) 'urban_data_pipeline' retrieved from /opt/airflow/dags/urban_data_pipeline_dag.py
[2026-07-01T15:40:40.720+0000] {logging_mixin.py:190} INFO - [2026-07-01T15:40:40.719+0000] {dag.py:3239} INFO - Sync 1 DAGs
[2026-07-01T15:40:40.747+0000] {logging_mixin.py:190} INFO - [2026-07-01T15:40:40.747+0000] {dag.py:4180} INFO - Setting next_dagrun for urban_data_pipeline to 2026-07-01 00:00:00+00:00, run_after=2026-08-01 00:00:00+00:00
[2026-07-01T15:40:40.780+0000] {processor.py:208} INFO - Processing /opt/airflow/dags/urban_data_pipeline_dag.py took 0.488 seconds
[2026-07-01T15:41:11.045+0000] {processor.py:186} INFO - Started process (PID=892) to work on /opt/airflow/dags/urban_data_pipeline_dag.py
[2026-07-01T15:41:11.047+0000] {processor.py:914} INFO - Processing file /opt/airflow/dags/urban_data_pipeline_dag.py for tasks to queue
[2026-07-01T15:41:11.050+0000] {logging_mixin.py:190} INFO - [2026-07-01T15:41:11.049+0000] {dagbag.py:588} INFO - Filling up the DagBag from /opt/airflow/dags/urban_data_pipeline_dag.py
[2026-07-01T15:41:11.281+0000] {processor.py:925} INFO - DAG(s) 'urban_data_pipeline' retrieved from /opt/airflow/dags/urban_data_pipeline_dag.py
[2026-07-01T15:41:11.375+0000] {logging_mixin.py:190} INFO - [2026-07-01T15:41:11.375+0000] {dag.py:3239} INFO - Sync 1 DAGs
[2026-07-01T15:41:11.406+0000] {logging_mixin.py:190} INFO - [2026-07-01T15:41:11.406+0000] {dag.py:4180} INFO - Setting next_dagrun for urban_data_pipeline to 2026-07-01 00:00:00+00:00, run_after=2026-08-01 00:00:00+00:00
[2026-07-01T15:41:11.437+0000] {processor.py:208} INFO - Processing /opt/airflow/dags/urban_data_pipeline_dag.py took 0.400 seconds
[2026-07-01T15:41:42.104+0000] {processor.py:186} INFO - Started process (PID=910) to work on /opt/airflow/dags/urban_data_pipeline_dag.py
[2026-07-01T15:41:42.105+0000] {processor.py:914} INFO - Processing file /opt/airflow/dags/urban_data_pipeline_dag.py for tasks to queue
[2026-07-01T15:41:42.109+0000] {logging_mixin.py:190} INFO - [2026-07-01T15:41:42.108+0000] {dagbag.py:588} INFO - Filling up the DagBag from /opt/airflow/dags/urban_data_pipeline_dag.py
[2026-07-01T15:41:42.235+0000] {processor.py:925} INFO - DAG(s) 'urban_data_pipeline' retrieved from /opt/airflow/dags/urban_data_pipeline_dag.py
[2026-07-01T15:41:42.287+0000] {logging_mixin.py:190} INFO - [2026-07-01T15:41:42.286+0000] {dag.py:3239} INFO - Sync 1 DAGs
[2026-07-01T15:41:42.312+0000] {logging_mixin.py:190} INFO - [2026-07-01T15:41:42.312+0000] {dag.py:4180} INFO - Setting next_dagrun for urban_data_pipeline to 2026-07-01 00:00:00+00:00, run_after=2026-08-01 00:00:00+00:00
[2026-07-01T15:41:42.336+0000] {processor.py:208} INFO - Processing /opt/airflow/dags/urban_data_pipeline_dag.py took 0.239 seconds
[2026-07-01T15:42:13.044+0000] {processor.py:186} INFO - Started process (PID=928) to work on /opt/airflow/dags/urban_data_pipeline_dag.py
[2026-07-01T15:42:13.046+0000] {processor.py:914} INFO - Processing file /opt/airflow/dags/urban_data_pipeline_dag.py for tasks to queue
[2026-07-01T15:42:13.049+0000] {logging_mixin.py:190} INFO - [2026-07-01T15:42:13.049+0000] {dagbag.py:588} INFO - Filling up the DagBag from /opt/airflow/dags/urban_data_pipeline_dag.py
[2026-07-01T15:42:13.166+0000] {processor.py:925} INFO - DAG(s) 'urban_data_pipeline' retrieved from /opt/airflow/dags/urban_data_pipeline_dag.py
[2026-07-01T15:42:13.215+0000] {logging_mixin.py:190} INFO - [2026-07-01T15:42:13.214+0000] {dag.py:3239} INFO - Sync 1 DAGs
[2026-07-01T15:42:13.242+0000] {logging_mixin.py:190} INFO - [2026-07-01T15:42:13.242+0000] {dag.py:4180} INFO - Setting next_dagrun for urban_data_pipeline to 2026-07-01 00:00:00+00:00, run_after=2026-08-01 00:00:00+00:00
[2026-07-01T15:42:13.267+0000] {processor.py:208} INFO - Processing /opt/airflow/dags/urban_data_pipeline_dag.py took 0.231 seconds
[2026-07-01T15:42:44.238+0000] {processor.py:186} INFO - Started process (PID=946) to work on /opt/airflow/dags/urban_data_pipeline_dag.py
[2026-07-01T15:42:44.240+0000] {processor.py:914} INFO - Processing file /opt/airflow/dags/urban_data_pipeline_dag.py for tasks to queue
[2026-07-01T15:42:44.245+0000] {logging_mixin.py:190} INFO - [2026-07-01T15:42:44.245+0000] {dagbag.py:588} INFO - Filling up the DagBag from /opt/airflow/dags/urban_data_pipeline_dag.py
[2026-07-01T15:42:44.409+0000] {processor.py:925} INFO - DAG(s) 'urban_data_pipeline' retrieved from /opt/airflow/dags/urban_data_pipeline_dag.py
[2026-07-01T15:42:44.457+0000] {logging_mixin.py:190} INFO - [2026-07-01T15:42:44.457+0000] {dag.py:3239} INFO - Sync 1 DAGs
[2026-07-01T15:42:44.485+0000] {logging_mixin.py:190} INFO - [2026-07-01T15:42:44.484+0000] {dag.py:4180} INFO - Setting next_dagrun for urban_data_pipeline to 2026-07-01 00:00:00+00:00, run_after=2026-08-01 00:00:00+00:00
[2026-07-01T15:42:44.512+0000] {processor.py:208} INFO - Processing /opt/airflow/dags/urban_data_pipeline_dag.py took 0.284 seconds
[2026-07-01T15:43:14.612+0000] {processor.py:186} INFO - Started process (PID=964) to work on /opt/airflow/dags/urban_data_pipeline_dag.py
[2026-07-01T15:43:14.613+0000] {processor.py:914} INFO - Processing file /opt/airflow/dags/urban_data_pipeline_dag.py for tasks to queue
[2026-07-01T15:43:14.616+0000] {logging_mixin.py:190} INFO - [2026-07-01T15:43:14.616+0000] {dagbag.py:588} INFO - Filling up the DagBag from /opt/airflow/dags/urban_data_pipeline_dag.py
[2026-07-01T15:43:14.867+0000] {processor.py:925} INFO - DAG(s) 'urban_data_pipeline' retrieved from /opt/airflow/dags/urban_data_pipeline_dag.py
[2026-07-01T15:43:14.924+0000] {logging_mixin.py:190} INFO - [2026-07-01T15:43:14.924+0000] {dag.py:3239} INFO - Sync 1 DAGs
[2026-07-01T15:43:14.951+0000] {logging_mixin.py:190} INFO - [2026-07-01T15:43:14.951+0000] {dag.py:4180} INFO - Setting next_dagrun for urban_data_pipeline to 2026-07-01 00:00:00+00:00, run_after=2026-08-01 00:00:00+00:00
[2026-07-01T15:43:14.987+0000] {processor.py:208} INFO - Processing /opt/airflow/dags/urban_data_pipeline_dag.py took 0.384 seconds
[2026-07-01T15:43:45.857+0000] {processor.py:186} INFO - Started process (PID=982) to work on /opt/airflow/dags/urban_data_pipeline_dag.py
[2026-07-01T15:43:45.863+0000] {processor.py:914} INFO - Processing file /opt/airflow/dags/urban_data_pipeline_dag.py for tasks to queue
[2026-07-01T15:43:45.868+0000] {logging_mixin.py:190} INFO - [2026-07-01T15:43:45.867+0000] {dagbag.py:588} INFO - Filling up the DagBag from /opt/airflow/dags/urban_data_pipeline_dag.py
[2026-07-01T15:43:46.369+0000] {processor.py:925} INFO - DAG(s) 'urban_data_pipeline' retrieved from /opt/airflow/dags/urban_data_pipeline_dag.py
[2026-07-01T15:43:46.440+0000] {logging_mixin.py:190} INFO - [2026-07-01T15:43:46.439+0000] {dag.py:3239} INFO - Sync 1 DAGs
[2026-07-01T15:43:46.466+0000] {logging_mixin.py:190} INFO - [2026-07-01T15:43:46.466+0000] {dag.py:4180} INFO - Setting next_dagrun for urban_data_pipeline to 2026-07-01 00:00:00+00:00, run_after=2026-08-01 00:00:00+00:00
[2026-07-01T15:43:46.506+0000] {processor.py:208} INFO - Processing /opt/airflow/dags/urban_data_pipeline_dag.py took 0.676 seconds
[2026-07-01T15:44:16.710+0000] {processor.py:186} INFO - Started process (PID=1000) to work on /opt/airflow/dags/urban_data_pipeline_dag.py
[2026-07-01T15:44:16.713+0000] {processor.py:914} INFO - Processing file /opt/airflow/dags/urban_data_pipeline_dag.py for tasks to queue
[2026-07-01T15:44:16.719+0000] {logging_mixin.py:190} INFO - [2026-07-01T15:44:16.718+0000] {dagbag.py:588} INFO - Filling up the DagBag from /opt/airflow/dags/urban_data_pipeline_dag.py
[2026-07-01T15:44:17.319+0000] {processor.py:925} INFO - DAG(s) 'urban_data_pipeline' retrieved from /opt/airflow/dags/urban_data_pipeline_dag.py
[2026-07-01T15:44:17.377+0000] {logging_mixin.py:190} INFO - [2026-07-01T15:44:17.377+0000] {dag.py:3239} INFO - Sync 1 DAGs
[2026-07-01T15:44:17.401+0000] {logging_mixin.py:190} INFO - [2026-07-01T15:44:17.401+0000] {dag.py:4180} INFO - Setting next_dagrun for urban_data_pipeline to 2026-07-01 00:00:00+00:00, run_after=2026-08-01 00:00:00+00:00
[2026-07-01T15:44:17.430+0000] {processor.py:208} INFO - Processing /opt/airflow/dags/urban_data_pipeline_dag.py took 0.741 seconds
[2026-07-01T15:44:47.606+0000] {processor.py:186} INFO - Started process (PID=1018) to work on /opt/airflow/dags/urban_data_pipeline_dag.py
[2026-07-01T15:44:47.608+0000] {processor.py:914} INFO - Processing file /opt/airflow/dags/urban_data_pipeline_dag.py for tasks to queue
[2026-07-01T15:44:47.612+0000] {logging_mixin.py:190} INFO - [2026-07-01T15:44:47.612+0000] {dagbag.py:588} INFO - Filling up the DagBag from /opt/airflow/dags/urban_data_pipeline_dag.py
[2026-07-01T15:44:47.796+0000] {processor.py:925} INFO - DAG(s) 'urban_data_pipeline' retrieved from /opt/airflow/dags/urban_data_pipeline_dag.py
[2026-07-01T15:44:47.853+0000] {logging_mixin.py:190} INFO - [2026-07-01T15:44:47.853+0000] {dag.py:3239} INFO - Sync 1 DAGs
[2026-07-01T15:44:47.883+0000] {logging_mixin.py:190} INFO - [2026-07-01T15:44:47.883+0000] {dag.py:4180} INFO - Setting next_dagrun for urban_data_pipeline to 2026-07-01 00:00:00+00:00, run_after=2026-08-01 00:00:00+00:00
[2026-07-01T15:44:47.914+0000] {processor.py:208} INFO - Processing /opt/airflow/dags/urban_data_pipeline_dag.py took 0.316 seconds
[2026-07-01T15:45:18.711+0000] {processor.py:186} INFO - Started process (PID=1036) to work on /opt/airflow/dags/urban_data_pipeline_dag.py
[2026-07-01T15:45:18.713+0000] {processor.py:914} INFO - Processing file /opt/airflow/dags/urban_data_pipeline_dag.py for tasks to queue
[2026-07-01T15:45:18.716+0000] {logging_mixin.py:190} INFO - [2026-07-01T15:45:18.716+0000] {dagbag.py:588} INFO - Filling up the DagBag from /opt/airflow/dags/urban_data_pipeline_dag.py
[2026-07-01T15:45:19.169+0000] {processor.py:925} INFO - DAG(s) 'urban_data_pipeline' retrieved from /opt/airflow/dags/urban_data_pipeline_dag.py
[2026-07-01T15:45:19.213+0000] {logging_mixin.py:190} INFO - [2026-07-01T15:45:19.213+0000] {dag.py:3239} INFO - Sync 1 DAGs
[2026-07-01T15:45:19.238+0000] {logging_mixin.py:190} INFO - [2026-07-01T15:45:19.238+0000] {dag.py:4180} INFO - Setting next_dagrun for urban_data_pipeline to 2026-07-01 00:00:00+00:00, run_after=2026-08-01 00:00:00+00:00
[2026-07-01T15:45:19.267+0000] {processor.py:208} INFO - Processing /opt/airflow/dags/urban_data_pipeline_dag.py took 0.568 seconds
[2026-07-01T15:45:50.182+0000] {processor.py:186} INFO - Started process (PID=1053) to work on /opt/airflow/dags/urban_data_pipeline_dag.py
[2026-07-01T15:45:50.184+0000] {processor.py:914} INFO - Processing file /opt/airflow/dags/urban_data_pipeline_dag.py for tasks to queue
[2026-07-01T15:45:50.189+0000] {logging_mixin.py:190} INFO - [2026-07-01T15:45:50.188+0000] {dagbag.py:588} INFO - Filling up the DagBag from /opt/airflow/dags/urban_data_pipeline_dag.py
[2026-07-01T15:45:50.490+0000] {processor.py:925} INFO - DAG(s) 'urban_data_pipeline' retrieved from /opt/airflow/dags/urban_data_pipeline_dag.py
[2026-07-01T15:45:50.540+0000] {logging_mixin.py:190} INFO - [2026-07-01T15:45:50.539+0000] {dag.py:3239} INFO - Sync 1 DAGs
[2026-07-01T15:45:50.569+0000] {logging_mixin.py:190} INFO - [2026-07-01T15:45:50.569+0000] {dag.py:4180} INFO - Setting next_dagrun for urban_data_pipeline to 2026-07-01 00:00:00+00:00, run_after=2026-08-01 00:00:00+00:00
[2026-07-01T15:45:50.597+0000] {processor.py:208} INFO - Processing /opt/airflow/dags/urban_data_pipeline_dag.py took 0.423 seconds
[2026-07-01T15:46:21.477+0000] {processor.py:186} INFO - Started process (PID=1064) to work on /opt/airflow/dags/urban_data_pipeline_dag.py
[2026-07-01T15:46:21.480+0000] {processor.py:914} INFO - Processing file /opt/airflow/dags/urban_data_pipeline_dag.py for tasks to queue
[2026-07-01T15:46:21.487+0000] {logging_mixin.py:190} INFO - [2026-07-01T15:46:21.486+0000] {dagbag.py:588} INFO - Filling up the DagBag from /opt/airflow/dags/urban_data_pipeline_dag.py
[2026-07-01T15:46:22.003+0000] {processor.py:925} INFO - DAG(s) 'urban_data_pipeline' retrieved from /opt/airflow/dags/urban_data_pipeline_dag.py
[2026-07-01T15:46:22.050+0000] {logging_mixin.py:190} INFO - [2026-07-01T15:46:22.050+0000] {dag.py:3239} INFO - Sync 1 DAGs
[2026-07-01T15:46:22.074+0000] {logging_mixin.py:190} INFO - [2026-07-01T15:46:22.074+0000] {dag.py:4180} INFO - Setting next_dagrun for urban_data_pipeline to 2026-07-01 00:00:00+00:00, run_after=2026-08-01 00:00:00+00:00
[2026-07-01T15:46:22.098+0000] {processor.py:208} INFO - Processing /opt/airflow/dags/urban_data_pipeline_dag.py took 0.633 seconds
[2026-07-01T15:46:53.125+0000] {processor.py:186} INFO - Started process (PID=1082) to work on /opt/airflow/dags/urban_data_pipeline_dag.py
[2026-07-01T15:46:53.126+0000] {processor.py:914} INFO - Processing file /opt/airflow/dags/urban_data_pipeline_dag.py for tasks to queue
[2026-07-01T15:46:53.129+0000] {logging_mixin.py:190} INFO - [2026-07-01T15:46:53.129+0000] {dagbag.py:588} INFO - Filling up the DagBag from /opt/airflow/dags/urban_data_pipeline_dag.py
[2026-07-01T15:46:53.285+0000] {processor.py:925} INFO - DAG(s) 'urban_data_pipeline' retrieved from /opt/airflow/dags/urban_data_pipeline_dag.py
[2026-07-01T15:46:53.331+0000] {logging_mixin.py:190} INFO - [2026-07-01T15:46:53.331+0000] {dag.py:3239} INFO - Sync 1 DAGs
[2026-07-01T15:46:53.357+0000] {logging_mixin.py:190} INFO - [2026-07-01T15:46:53.357+0000] {dag.py:4180} INFO - Setting next_dagrun for urban_data_pipeline to 2026-07-01 00:00:00+00:00, run_after=2026-08-01 00:00:00+00:00
[2026-07-01T15:46:53.383+0000] {processor.py:208} INFO - Processing /opt/airflow/dags/urban_data_pipeline_dag.py took 0.269 seconds
[2026-07-01T15:47:24.159+0000] {processor.py:186} INFO - Started process (PID=1100) to work on /opt/airflow/dags/urban_data_pipeline_dag.py
[2026-07-01T15:47:24.160+0000] {processor.py:914} INFO - Processing file /opt/airflow/dags/urban_data_pipeline_dag.py for tasks to queue
[2026-07-01T15:47:24.164+0000] {logging_mixin.py:190} INFO - [2026-07-01T15:47:24.163+0000] {dagbag.py:588} INFO - Filling up the DagBag from /opt/airflow/dags/urban_data_pipeline_dag.py
[2026-07-01T15:47:24.325+0000] {processor.py:925} INFO - DAG(s) 'urban_data_pipeline' retrieved from /opt/airflow/dags/urban_data_pipeline_dag.py
[2026-07-01T15:47:24.375+0000] {logging_mixin.py:190} INFO - [2026-07-01T15:47:24.375+0000] {dag.py:3239} INFO - Sync 1 DAGs
[2026-07-01T15:47:24.399+0000] {logging_mixin.py:190} INFO - [2026-07-01T15:47:24.398+0000] {dag.py:4180} INFO - Setting next_dagrun for urban_data_pipeline to 2026-07-01 00:00:00+00:00, run_after=2026-08-01 00:00:00+00:00
[2026-07-01T15:47:24.422+0000] {processor.py:208} INFO - Processing /opt/airflow/dags/urban_data_pipeline_dag.py took 0.271 seconds
[2026-07-01T15:47:54.915+0000] {processor.py:186} INFO - Started process (PID=1118) to work on /opt/airflow/dags/urban_data_pipeline_dag.py
[2026-07-01T15:47:54.917+0000] {processor.py:914} INFO - Processing file /opt/airflow/dags/urban_data_pipeline_dag.py for tasks to queue
[2026-07-01T15:47:54.920+0000] {logging_mixin.py:190} INFO - [2026-07-01T15:47:54.920+0000] {dagbag.py:588} INFO - Filling up the DagBag from /opt/airflow/dags/urban_data_pipeline_dag.py
[2026-07-01T15:47:55.091+0000] {processor.py:925} INFO - DAG(s) 'urban_data_pipeline' retrieved from /opt/airflow/dags/urban_data_pipeline_dag.py
[2026-07-01T15:47:55.149+0000] {logging_mixin.py:190} INFO - [2026-07-01T15:47:55.148+0000] {dag.py:3239} INFO - Sync 1 DAGs
[2026-07-01T15:47:55.175+0000] {logging_mixin.py:190} INFO - [2026-07-01T15:47:55.174+0000] {dag.py:4180} INFO - Setting next_dagrun for urban_data_pipeline to 2026-07-01 00:00:00+00:00, run_after=2026-08-01 00:00:00+00:00
[2026-07-01T15:47:55.204+0000] {processor.py:208} INFO - Processing /opt/airflow/dags/urban_data_pipeline_dag.py took 0.297 seconds
[2026-07-01T15:48:25.989+0000] {processor.py:186} INFO - Started process (PID=1136) to work on /opt/airflow/dags/urban_data_pipeline_dag.py
[2026-07-01T15:48:25.991+0000] {processor.py:914} INFO - Processing file /opt/airflow/dags/urban_data_pipeline_dag.py for tasks to queue
[2026-07-01T15:48:25.995+0000] {logging_mixin.py:190} INFO - [2026-07-01T15:48:25.995+0000] {dagbag.py:588} INFO - Filling up the DagBag from /opt/airflow/dags/urban_data_pipeline_dag.py
[2026-07-01T15:48:26.137+0000] {processor.py:925} INFO - DAG(s) 'urban_data_pipeline' retrieved from /opt/airflow/dags/urban_data_pipeline_dag.py
[2026-07-01T15:48:26.182+0000] {logging_mixin.py:190} INFO - [2026-07-01T15:48:26.182+0000] {dag.py:3239} INFO - Sync 1 DAGs
[2026-07-01T15:48:26.206+0000] {logging_mixin.py:190} INFO - [2026-07-01T15:48:26.206+0000] {dag.py:4180} INFO - Setting next_dagrun for urban_data_pipeline to 2026-07-01 00:00:00+00:00, run_after=2026-08-01 00:00:00+00:00
[2026-07-01T15:48:26.228+0000] {processor.py:208} INFO - Processing /opt/airflow/dags/urban_data_pipeline_dag.py took 0.245 seconds
[2026-07-01T15:48:57.011+0000] {processor.py:186} INFO - Started process (PID=1154) to work on /opt/airflow/dags/urban_data_pipeline_dag.py
[2026-07-01T15:48:57.014+0000] {processor.py:914} INFO - Processing file /opt/airflow/dags/urban_data_pipeline_dag.py for tasks to queue
[2026-07-01T15:48:57.018+0000] {logging_mixin.py:190} INFO - [2026-07-01T15:48:57.017+0000] {dagbag.py:588} INFO - Filling up the DagBag from /opt/airflow/dags/urban_data_pipeline_dag.py
[2026-07-01T15:48:57.535+0000] {processor.py:925} INFO - DAG(s) 'urban_data_pipeline' retrieved from /opt/airflow/dags/urban_data_pipeline_dag.py
[2026-07-01T15:48:57.585+0000] {logging_mixin.py:190} INFO - [2026-07-01T15:48:57.585+0000] {dag.py:3239} INFO - Sync 1 DAGs
[2026-07-01T15:48:57.612+0000] {logging_mixin.py:190} INFO - [2026-07-01T15:48:57.611+0000] {dag.py:4180} INFO - Setting next_dagrun for urban_data_pipeline to 2026-07-01 00:00:00+00:00, run_after=2026-08-01 00:00:00+00:00
[2026-07-01T15:48:57.638+0000] {processor.py:208} INFO - Processing /opt/airflow/dags/urban_data_pipeline_dag.py took 0.643 seconds
[2026-07-01T15:49:28.693+0000] {processor.py:186} INFO - Started process (PID=1172) to work on /opt/airflow/dags/urban_data_pipeline_dag.py
[2026-07-01T15:49:28.695+0000] {processor.py:914} INFO - Processing file /opt/airflow/dags/urban_data_pipeline_dag.py for tasks to queue
[2026-07-01T15:49:28.697+0000] {logging_mixin.py:190} INFO - [2026-07-01T15:49:28.697+0000] {dagbag.py:588} INFO - Filling up the DagBag from /opt/airflow/dags/urban_data_pipeline_dag.py
[2026-07-01T15:49:28.973+0000] {processor.py:925} INFO - DAG(s) 'urban_data_pipeline' retrieved from /opt/airflow/dags/urban_data_pipeline_dag.py
[2026-07-01T15:49:29.031+0000] {logging_mixin.py:190} INFO - [2026-07-01T15:49:29.031+0000] {dag.py:3239} INFO - Sync 1 DAGs
[2026-07-01T15:49:29.059+0000] {logging_mixin.py:190} INFO - [2026-07-01T15:49:29.059+0000] {dag.py:4180} INFO - Setting next_dagrun for urban_data_pipeline to 2026-07-01 00:00:00+00:00, run_after=2026-08-01 00:00:00+00:00
[2026-07-01T15:49:29.092+0000] {processor.py:208} INFO - Processing /opt/airflow/dags/urban_data_pipeline_dag.py took 0.404 seconds
[2026-07-01T15:49:59.180+0000] {processor.py:186} INFO - Started process (PID=1190) to work on /opt/airflow/dags/urban_data_pipeline_dag.py
[2026-07-01T15:49:59.182+0000] {processor.py:914} INFO - Processing file /opt/airflow/dags/urban_data_pipeline_dag.py for tasks to queue
[2026-07-01T15:49:59.185+0000] {logging_mixin.py:190} INFO - [2026-07-01T15:49:59.185+0000] {dagbag.py:588} INFO - Filling up the DagBag from /opt/airflow/dags/urban_data_pipeline_dag.py
[2026-07-01T15:49:59.325+0000] {processor.py:925} INFO - DAG(s) 'urban_data_pipeline' retrieved from /opt/airflow/dags/urban_data_pipeline_dag.py
[2026-07-01T15:49:59.370+0000] {logging_mixin.py:190} INFO - [2026-07-01T15:49:59.370+0000] {dag.py:3239} INFO - Sync 1 DAGs
[2026-07-01T15:49:59.394+0000] {logging_mixin.py:190} INFO - [2026-07-01T15:49:59.393+0000] {dag.py:4180} INFO - Setting next_dagrun for urban_data_pipeline to 2026-07-01 00:00:00+00:00, run_after=2026-08-01 00:00:00+00:00
[2026-07-01T15:49:59.427+0000] {processor.py:208} INFO - Processing /opt/airflow/dags/urban_data_pipeline_dag.py took 0.263 seconds
[2026-07-01T15:50:29.880+0000] {processor.py:186} INFO - Started process (PID=1208) to work on /opt/airflow/dags/urban_data_pipeline_dag.py
[2026-07-01T15:50:29.882+0000] {processor.py:914} INFO - Processing file /opt/airflow/dags/urban_data_pipeline_dag.py for tasks to queue
[2026-07-01T15:50:29.885+0000] {logging_mixin.py:190} INFO - [2026-07-01T15:50:29.885+0000] {dagbag.py:588} INFO - Filling up the DagBag from /opt/airflow/dags/urban_data_pipeline_dag.py
[2026-07-01T15:50:30.056+0000] {processor.py:925} INFO - DAG(s) 'urban_data_pipeline' retrieved from /opt/airflow/dags/urban_data_pipeline_dag.py
[2026-07-01T15:50:30.106+0000] {logging_mixin.py:190} INFO - [2026-07-01T15:50:30.105+0000] {dag.py:3239} INFO - Sync 1 DAGs
[2026-07-01T15:50:30.133+0000] {logging_mixin.py:190} INFO - [2026-07-01T15:50:30.133+0000] {dag.py:4180} INFO - Setting next_dagrun for urban_data_pipeline to 2026-07-01 00:00:00+00:00, run_after=2026-08-01 00:00:00+00:00
[2026-07-01T15:50:30.161+0000] {processor.py:208} INFO - Processing /opt/airflow/dags/urban_data_pipeline_dag.py took 0.289 seconds
[2026-07-01T15:51:01.047+0000] {processor.py:186} INFO - Started process (PID=1226) to work on /opt/airflow/dags/urban_data_pipeline_dag.py
[2026-07-01T15:51:01.050+0000] {processor.py:914} INFO - Processing file /opt/airflow/dags/urban_data_pipeline_dag.py for tasks to queue
[2026-07-01T15:51:01.055+0000] {logging_mixin.py:190} INFO - [2026-07-01T15:51:01.054+0000] {dagbag.py:588} INFO - Filling up the DagBag from /opt/airflow/dags/urban_data_pipeline_dag.py
[2026-07-01T15:51:01.605+0000] {processor.py:925} INFO - DAG(s) 'urban_data_pipeline' retrieved from /opt/airflow/dags/urban_data_pipeline_dag.py
[2026-07-01T15:51:01.651+0000] {logging_mixin.py:190} INFO - [2026-07-01T15:51:01.651+0000] {dag.py:3239} INFO - Sync 1 DAGs
[2026-07-01T15:51:01.676+0000] {logging_mixin.py:190} INFO - [2026-07-01T15:51:01.676+0000] {dag.py:4180} INFO - Setting next_dagrun for urban_data_pipeline to 2026-07-01 00:00:00+00:00, run_after=2026-08-01 00:00:00+00:00
[2026-07-01T15:51:01.701+0000] {processor.py:208} INFO - Processing /opt/airflow/dags/urban_data_pipeline_dag.py took 0.668 seconds
[2026-07-01T15:51:32.589+0000] {processor.py:186} INFO - Started process (PID=1244) to work on /opt/airflow/dags/urban_data_pipeline_dag.py
[2026-07-01T15:51:32.590+0000] {processor.py:914} INFO - Processing file /opt/airflow/dags/urban_data_pipeline_dag.py for tasks to queue
[2026-07-01T15:51:32.593+0000] {logging_mixin.py:190} INFO - [2026-07-01T15:51:32.593+0000] {dagbag.py:588} INFO - Filling up the DagBag from /opt/airflow/dags/urban_data_pipeline_dag.py
[2026-07-01T15:51:32.715+0000] {processor.py:925} INFO - DAG(s) 'urban_data_pipeline' retrieved from /opt/airflow/dags/urban_data_pipeline_dag.py
[2026-07-01T15:51:32.763+0000] {logging_mixin.py:190} INFO - [2026-07-01T15:51:32.763+0000] {dag.py:3239} INFO - Sync 1 DAGs
[2026-07-01T15:51:32.788+0000] {logging_mixin.py:190} INFO - [2026-07-01T15:51:32.788+0000] {dag.py:4180} INFO - Setting next_dagrun for urban_data_pipeline to 2026-07-01 00:00:00+00:00, run_after=2026-08-01 00:00:00+00:00
[2026-07-01T15:51:32.811+0000] {processor.py:208} INFO - Processing /opt/airflow/dags/urban_data_pipeline_dag.py took 0.233 seconds
[2026-07-01T15:52:03.612+0000] {processor.py:186} INFO - Started process (PID=1262) to work on /opt/airflow/dags/urban_data_pipeline_dag.py
[2026-07-01T15:52:03.616+0000] {processor.py:914} INFO - Processing file /opt/airflow/dags/urban_data_pipeline_dag.py for tasks to queue
[2026-07-01T15:52:03.623+0000] {logging_mixin.py:190} INFO - [2026-07-01T15:52:03.622+0000] {dagbag.py:588} INFO - Filling up the DagBag from /opt/airflow/dags/urban_data_pipeline_dag.py
[2026-07-01T15:52:03.829+0000] {processor.py:925} INFO - DAG(s) 'urban_data_pipeline' retrieved from /opt/airflow/dags/urban_data_pipeline_dag.py
[2026-07-01T15:52:03.886+0000] {logging_mixin.py:190} INFO - [2026-07-01T15:52:03.885+0000] {dag.py:3239} INFO - Sync 1 DAGs
[2026-07-01T15:52:03.911+0000] {logging_mixin.py:190} INFO - [2026-07-01T15:52:03.911+0000] {dag.py:4180} INFO - Setting next_dagrun for urban_data_pipeline to 2026-07-01 00:00:00+00:00, run_after=2026-08-01 00:00:00+00:00
[2026-07-01T15:52:03.938+0000] {processor.py:208} INFO - Processing /opt/airflow/dags/urban_data_pipeline_dag.py took 0.342 seconds
[2026-07-01T15:52:34.549+0000] {processor.py:186} INFO - Started process (PID=1279) to work on /opt/airflow/dags/urban_data_pipeline_dag.py
[2026-07-01T15:52:34.550+0000] {processor.py:914} INFO - Processing file /opt/airflow/dags/urban_data_pipeline_dag.py for tasks to queue
[2026-07-01T15:52:34.553+0000] {logging_mixin.py:190} INFO - [2026-07-01T15:52:34.553+0000] {dagbag.py:588} INFO - Filling up the DagBag from /opt/airflow/dags/urban_data_pipeline_dag.py
[2026-07-01T15:52:34.674+0000] {processor.py:925} INFO - DAG(s) 'urban_data_pipeline' retrieved from /opt/airflow/dags/urban_data_pipeline_dag.py
[2026-07-01T15:52:34.726+0000] {logging_mixin.py:190} INFO - [2026-07-01T15:52:34.726+0000] {dag.py:3239} INFO - Sync 1 DAGs
[2026-07-01T15:52:34.753+0000] {logging_mixin.py:190} INFO - [2026-07-01T15:52:34.753+0000] {dag.py:4180} INFO - Setting next_dagrun for urban_data_pipeline to 2026-07-01 00:00:00+00:00, run_after=2026-08-01 00:00:00+00:00
[2026-07-01T15:52:34.780+0000] {processor.py:208} INFO - Processing /opt/airflow/dags/urban_data_pipeline_dag.py took 0.239 seconds
[2026-07-01T15:53:05.660+0000] {processor.py:186} INFO - Started process (PID=1290) to work on /opt/airflow/dags/urban_data_pipeline_dag.py
[2026-07-01T15:53:05.662+0000] {processor.py:914} INFO - Processing file /opt/airflow/dags/urban_data_pipeline_dag.py for tasks to queue
[2026-07-01T15:53:05.667+0000] {logging_mixin.py:190} INFO - [2026-07-01T15:53:05.666+0000] {dagbag.py:588} INFO - Filling up the DagBag from /opt/airflow/dags/urban_data_pipeline_dag.py
[2026-07-01T15:53:05.988+0000] {processor.py:925} INFO - DAG(s) 'urban_data_pipeline' retrieved from /opt/airflow/dags/urban_data_pipeline_dag.py
[2026-07-01T15:53:06.031+0000] {logging_mixin.py:190} INFO - [2026-07-01T15:53:06.031+0000] {dag.py:3239} INFO - Sync 1 DAGs
[2026-07-01T15:53:06.055+0000] {logging_mixin.py:190} INFO - [2026-07-01T15:53:06.055+0000] {dag.py:4180} INFO - Setting next_dagrun for urban_data_pipeline to 2026-07-01 00:00:00+00:00, run_after=2026-08-01 00:00:00+00:00
[2026-07-01T15:53:06.078+0000] {processor.py:208} INFO - Processing /opt/airflow/dags/urban_data_pipeline_dag.py took 0.428 seconds
[2026-07-01T15:53:36.903+0000] {processor.py:186} INFO - Started process (PID=1308) to work on /opt/airflow/dags/urban_data_pipeline_dag.py
[2026-07-01T15:53:36.905+0000] {processor.py:914} INFO - Processing file /opt/airflow/dags/urban_data_pipeline_dag.py for tasks to queue
[2026-07-01T15:53:36.908+0000] {logging_mixin.py:190} INFO - [2026-07-01T15:53:36.908+0000] {dagbag.py:588} INFO - Filling up the DagBag from /opt/airflow/dags/urban_data_pipeline_dag.py
[2026-07-01T15:53:37.329+0000] {processor.py:925} INFO - DAG(s) 'urban_data_pipeline' retrieved from /opt/airflow/dags/urban_data_pipeline_dag.py
[2026-07-01T15:53:37.372+0000] {logging_mixin.py:190} INFO - [2026-07-01T15:53:37.372+0000] {dag.py:3239} INFO - Sync 1 DAGs
[2026-07-01T15:53:37.395+0000] {logging_mixin.py:190} INFO - [2026-07-01T15:53:37.395+0000] {dag.py:4180} INFO - Setting next_dagrun for urban_data_pipeline to 2026-07-01 00:00:00+00:00, run_after=2026-08-01 00:00:00+00:00
[2026-07-01T15:53:37.423+0000] {processor.py:208} INFO - Processing /opt/airflow/dags/urban_data_pipeline_dag.py took 0.526 seconds
[2026-07-01T15:54:07.651+0000] {processor.py:186} INFO - Started process (PID=1326) to work on /opt/airflow/dags/urban_data_pipeline_dag.py
[2026-07-01T15:54:07.652+0000] {processor.py:914} INFO - Processing file /opt/airflow/dags/urban_data_pipeline_dag.py for tasks to queue
[2026-07-01T15:54:07.655+0000] {logging_mixin.py:190} INFO - [2026-07-01T15:54:07.655+0000] {dagbag.py:588} INFO - Filling up the DagBag from /opt/airflow/dags/urban_data_pipeline_dag.py
[2026-07-01T15:54:07.854+0000] {processor.py:925} INFO - DAG(s) 'urban_data_pipeline' retrieved from /opt/airflow/dags/urban_data_pipeline_dag.py
[2026-07-01T15:54:07.899+0000] {logging_mixin.py:190} INFO - [2026-07-01T15:54:07.898+0000] {dag.py:3239} INFO - Sync 1 DAGs
[2026-07-01T15:54:07.924+0000] {logging_mixin.py:190} INFO - [2026-07-01T15:54:07.923+0000] {dag.py:4180} INFO - Setting next_dagrun for urban_data_pipeline to 2026-07-01 00:00:00+00:00, run_after=2026-08-01 00:00:00+00:00
[2026-07-01T15:54:07.950+0000] {processor.py:208} INFO - Processing /opt/airflow/dags/urban_data_pipeline_dag.py took 0.305 seconds
[2026-07-01T15:54:38.749+0000] {processor.py:186} INFO - Started process (PID=1344) to work on /opt/airflow/dags/urban_data_pipeline_dag.py
[2026-07-01T15:54:38.751+0000] {processor.py:914} INFO - Processing file /opt/airflow/dags/urban_data_pipeline_dag.py for tasks to queue
[2026-07-01T15:54:38.755+0000] {logging_mixin.py:190} INFO - [2026-07-01T15:54:38.754+0000] {dagbag.py:588} INFO - Filling up the DagBag from /opt/airflow/dags/urban_data_pipeline_dag.py
[2026-07-01T15:54:38.942+0000] {processor.py:925} INFO - DAG(s) 'urban_data_pipeline' retrieved from /opt/airflow/dags/urban_data_pipeline_dag.py
[2026-07-01T15:54:39.005+0000] {logging_mixin.py:190} INFO - [2026-07-01T15:54:39.005+0000] {dag.py:3239} INFO - Sync 1 DAGs
[2026-07-01T15:54:39.032+0000] {logging_mixin.py:190} INFO - [2026-07-01T15:54:39.032+0000] {dag.py:4180} INFO - Setting next_dagrun for urban_data_pipeline to 2026-07-01 00:00:00+00:00, run_after=2026-08-01 00:00:00+00:00
[2026-07-01T15:54:39.053+0000] {processor.py:208} INFO - Processing /opt/airflow/dags/urban_data_pipeline_dag.py took 0.313 seconds
[2026-07-01T15:55:09.818+0000] {processor.py:186} INFO - Started process (PID=1362) to work on /opt/airflow/dags/urban_data_pipeline_dag.py
[2026-07-01T15:55:09.819+0000] {processor.py:914} INFO - Processing file /opt/airflow/dags/urban_data_pipeline_dag.py for tasks to queue
[2026-07-01T15:55:09.825+0000] {logging_mixin.py:190} INFO - [2026-07-01T15:55:09.824+0000] {dagbag.py:588} INFO - Filling up the DagBag from /opt/airflow/dags/urban_data_pipeline_dag.py
[2026-07-01T15:55:09.974+0000] {processor.py:925} INFO - DAG(s) 'urban_data_pipeline' retrieved from /opt/airflow/dags/urban_data_pipeline_dag.py
[2026-07-01T15:55:10.024+0000] {logging_mixin.py:190} INFO - [2026-07-01T15:55:10.024+0000] {dag.py:3239} INFO - Sync 1 DAGs
[2026-07-01T15:55:10.047+0000] {logging_mixin.py:190} INFO - [2026-07-01T15:55:10.047+0000] {dag.py:4180} INFO - Setting next_dagrun for urban_data_pipeline to 2026-07-01 00:00:00+00:00, run_after=2026-08-01 00:00:00+00:00
[2026-07-01T15:55:10.076+0000] {processor.py:208} INFO - Processing /opt/airflow/dags/urban_data_pipeline_dag.py took 0.268 seconds
[2026-07-01T15:55:40.859+0000] {processor.py:186} INFO - Started process (PID=1380) to work on /opt/airflow/dags/urban_data_pipeline_dag.py
[2026-07-01T15:55:40.860+0000] {processor.py:914} INFO - Processing file /opt/airflow/dags/urban_data_pipeline_dag.py for tasks to queue
[2026-07-01T15:55:40.863+0000] {logging_mixin.py:190} INFO - [2026-07-01T15:55:40.862+0000] {dagbag.py:588} INFO - Filling up the DagBag from /opt/airflow/dags/urban_data_pipeline_dag.py
[2026-07-01T15:55:40.987+0000] {processor.py:925} INFO - DAG(s) 'urban_data_pipeline' retrieved from /opt/airflow/dags/urban_data_pipeline_dag.py
[2026-07-01T15:55:41.030+0000] {logging_mixin.py:190} INFO - [2026-07-01T15:55:41.030+0000] {dag.py:3239} INFO - Sync 1 DAGs
[2026-07-01T15:55:41.053+0000] {logging_mixin.py:190} INFO - [2026-07-01T15:55:41.053+0000] {dag.py:4180} INFO - Setting next_dagrun for urban_data_pipeline to 2026-07-01 00:00:00+00:00, run_after=2026-08-01 00:00:00+00:00
[2026-07-01T15:55:41.075+0000] {processor.py:208} INFO - Processing /opt/airflow/dags/urban_data_pipeline_dag.py took 0.223 seconds
[2026-07-01T15:56:11.240+0000] {processor.py:186} INFO - Started process (PID=1398) to work on /opt/airflow/dags/urban_data_pipeline_dag.py
[2026-07-01T15:56:11.244+0000] {processor.py:914} INFO - Processing file /opt/airflow/dags/urban_data_pipeline_dag.py for tasks to queue
[2026-07-01T15:56:11.249+0000] {logging_mixin.py:190} INFO - [2026-07-01T15:56:11.249+0000] {dagbag.py:588} INFO - Filling up the DagBag from /opt/airflow/dags/urban_data_pipeline_dag.py
[2026-07-01T15:56:11.438+0000] {processor.py:925} INFO - DAG(s) 'urban_data_pipeline' retrieved from /opt/airflow/dags/urban_data_pipeline_dag.py
[2026-07-01T15:56:11.480+0000] {logging_mixin.py:190} INFO - [2026-07-01T15:56:11.480+0000] {dag.py:3239} INFO - Sync 1 DAGs
[2026-07-01T15:56:11.503+0000] {logging_mixin.py:190} INFO - [2026-07-01T15:56:11.502+0000] {dag.py:4180} INFO - Setting next_dagrun for urban_data_pipeline to 2026-07-01 00:00:00+00:00, run_after=2026-08-01 00:00:00+00:00
[2026-07-01T15:56:11.525+0000] {processor.py:208} INFO - Processing /opt/airflow/dags/urban_data_pipeline_dag.py took 0.294 seconds
[2026-07-01T15:56:41.705+0000] {processor.py:186} INFO - Started process (PID=1416) to work on /opt/airflow/dags/urban_data_pipeline_dag.py
[2026-07-01T15:56:41.707+0000] {processor.py:914} INFO - Processing file /opt/airflow/dags/urban_data_pipeline_dag.py for tasks to queue
[2026-07-01T15:56:41.712+0000] {logging_mixin.py:190} INFO - [2026-07-01T15:56:41.711+0000] {dagbag.py:588} INFO - Filling up the DagBag from /opt/airflow/dags/urban_data_pipeline_dag.py
[2026-07-01T15:56:41.912+0000] {processor.py:925} INFO - DAG(s) 'urban_data_pipeline' retrieved from /opt/airflow/dags/urban_data_pipeline_dag.py
[2026-07-01T15:56:41.958+0000] {logging_mixin.py:190} INFO - [2026-07-01T15:56:41.958+0000] {dag.py:3239} INFO - Sync 1 DAGs
[2026-07-01T15:56:41.980+0000] {logging_mixin.py:190} INFO - [2026-07-01T15:56:41.980+0000] {dag.py:4180} INFO - Setting next_dagrun for urban_data_pipeline to 2026-07-01 00:00:00+00:00, run_after=2026-08-01 00:00:00+00:00
[2026-07-01T15:56:42.004+0000] {processor.py:208} INFO - Processing /opt/airflow/dags/urban_data_pipeline_dag.py took 0.306 seconds
[2026-07-01T15:57:12.790+0000] {processor.py:186} INFO - Started process (PID=1434) to work on /opt/airflow/dags/urban_data_pipeline_dag.py
[2026-07-01T15:57:12.792+0000] {processor.py:914} INFO - Processing file /opt/airflow/dags/urban_data_pipeline_dag.py for tasks to queue
[2026-07-01T15:57:12.796+0000] {logging_mixin.py:190} INFO - [2026-07-01T15:57:12.795+0000] {dagbag.py:588} INFO - Filling up the DagBag from /opt/airflow/dags/urban_data_pipeline_dag.py
[2026-07-01T15:57:12.985+0000] {processor.py:925} INFO - DAG(s) 'urban_data_pipeline' retrieved from /opt/airflow/dags/urban_data_pipeline_dag.py
[2026-07-01T15:57:13.038+0000] {logging_mixin.py:190} INFO - [2026-07-01T15:57:13.038+0000] {dag.py:3239} INFO - Sync 1 DAGs
[2026-07-01T15:57:13.062+0000] {logging_mixin.py:190} INFO - [2026-07-01T15:57:13.062+0000] {dag.py:4180} INFO - Setting next_dagrun for urban_data_pipeline to 2026-07-01 00:00:00+00:00, run_after=2026-08-01 00:00:00+00:00
[2026-07-01T15:57:13.086+0000] {processor.py:208} INFO - Processing /opt/airflow/dags/urban_data_pipeline_dag.py took 0.309 seconds
[2026-07-01T15:57:43.844+0000] {processor.py:186} INFO - Started process (PID=1452) to work on /opt/airflow/dags/urban_data_pipeline_dag.py
[2026-07-01T15:57:43.846+0000] {processor.py:914} INFO - Processing file /opt/airflow/dags/urban_data_pipeline_dag.py for tasks to queue
[2026-07-01T15:57:43.850+0000] {logging_mixin.py:190} INFO - [2026-07-01T15:57:43.849+0000] {dagbag.py:588} INFO - Filling up the DagBag from /opt/airflow/dags/urban_data_pipeline_dag.py
[2026-07-01T15:57:44.066+0000] {processor.py:925} INFO - DAG(s) 'urban_data_pipeline' retrieved from /opt/airflow/dags/urban_data_pipeline_dag.py
[2026-07-01T15:57:44.109+0000] {logging_mixin.py:190} INFO - [2026-07-01T15:57:44.109+0000] {dag.py:3239} INFO - Sync 1 DAGs
[2026-07-01T15:57:44.134+0000] {logging_mixin.py:190} INFO - [2026-07-01T15:57:44.134+0000] {dag.py:4180} INFO - Setting next_dagrun for urban_data_pipeline to 2026-07-01 00:00:00+00:00, run_after=2026-08-01 00:00:00+00:00
[2026-07-01T15:57:44.160+0000] {processor.py:208} INFO - Processing /opt/airflow/dags/urban_data_pipeline_dag.py took 0.331 seconds
[2026-07-01T15:58:14.277+0000] {processor.py:186} INFO - Started process (PID=1470) to work on /opt/airflow/dags/urban_data_pipeline_dag.py
[2026-07-01T15:58:14.279+0000] {processor.py:914} INFO - Processing file /opt/airflow/dags/urban_data_pipeline_dag.py for tasks to queue
[2026-07-01T15:58:14.283+0000] {logging_mixin.py:190} INFO - [2026-07-01T15:58:14.283+0000] {dagbag.py:588} INFO - Filling up the DagBag from /opt/airflow/dags/urban_data_pipeline_dag.py
[2026-07-01T15:58:14.461+0000] {processor.py:925} INFO - DAG(s) 'urban_data_pipeline' retrieved from /opt/airflow/dags/urban_data_pipeline_dag.py
[2026-07-01T15:58:14.508+0000] {logging_mixin.py:190} INFO - [2026-07-01T15:58:14.508+0000] {dag.py:3239} INFO - Sync 1 DAGs
[2026-07-01T15:58:14.531+0000] {logging_mixin.py:190} INFO - [2026-07-01T15:58:14.531+0000] {dag.py:4180} INFO - Setting next_dagrun for urban_data_pipeline to 2026-07-01 00:00:00+00:00, run_after=2026-08-01 00:00:00+00:00
[2026-07-01T15:58:14.557+0000] {processor.py:208} INFO - Processing /opt/airflow/dags/urban_data_pipeline_dag.py took 0.288 seconds
[2026-07-01T15:58:44.749+0000] {processor.py:186} INFO - Started process (PID=1487) to work on /opt/airflow/dags/urban_data_pipeline_dag.py
[2026-07-01T15:58:44.750+0000] {processor.py:914} INFO - Processing file /opt/airflow/dags/urban_data_pipeline_dag.py for tasks to queue
[2026-07-01T15:58:44.754+0000] {logging_mixin.py:190} INFO - [2026-07-01T15:58:44.753+0000] {dagbag.py:588} INFO - Filling up the DagBag from /opt/airflow/dags/urban_data_pipeline_dag.py
[2026-07-01T15:58:44.920+0000] {processor.py:925} INFO - DAG(s) 'urban_data_pipeline' retrieved from /opt/airflow/dags/urban_data_pipeline_dag.py
[2026-07-01T15:58:44.970+0000] {logging_mixin.py:190} INFO - [2026-07-01T15:58:44.970+0000] {dag.py:3239} INFO - Sync 1 DAGs
[2026-07-01T15:58:45.000+0000] {logging_mixin.py:190} INFO - [2026-07-01T15:58:44.999+0000] {dag.py:4180} INFO - Setting next_dagrun for urban_data_pipeline to 2026-07-01 00:00:00+00:00, run_after=2026-08-01 00:00:00+00:00
[2026-07-01T15:58:45.028+0000] {processor.py:208} INFO - Processing /opt/airflow/dags/urban_data_pipeline_dag.py took 0.285 seconds
[2026-07-01T15:59:15.790+0000] {processor.py:186} INFO - Started process (PID=1498) to work on /opt/airflow/dags/urban_data_pipeline_dag.py
[2026-07-01T15:59:15.792+0000] {processor.py:914} INFO - Processing file /opt/airflow/dags/urban_data_pipeline_dag.py for tasks to queue
[2026-07-01T15:59:15.797+0000] {logging_mixin.py:190} INFO - [2026-07-01T15:59:15.796+0000] {dagbag.py:588} INFO - Filling up the DagBag from /opt/airflow/dags/urban_data_pipeline_dag.py
[2026-07-01T15:59:16.277+0000] {processor.py:925} INFO - DAG(s) 'urban_data_pipeline' retrieved from /opt/airflow/dags/urban_data_pipeline_dag.py
[2026-07-01T15:59:16.324+0000] {logging_mixin.py:190} INFO - [2026-07-01T15:59:16.324+0000] {dag.py:3239} INFO - Sync 1 DAGs
[2026-07-01T15:59:16.348+0000] {logging_mixin.py:190} INFO - [2026-07-01T15:59:16.347+0000] {dag.py:4180} INFO - Setting next_dagrun for urban_data_pipeline to 2026-07-01 00:00:00+00:00, run_after=2026-08-01 00:00:00+00:00
[2026-07-01T15:59:16.381+0000] {processor.py:208} INFO - Processing /opt/airflow/dags/urban_data_pipeline_dag.py took 0.608 seconds
[2026-07-01T15:59:47.248+0000] {processor.py:186} INFO - Started process (PID=1516) to work on /opt/airflow/dags/urban_data_pipeline_dag.py
[2026-07-01T15:59:47.250+0000] {processor.py:914} INFO - Processing file /opt/airflow/dags/urban_data_pipeline_dag.py for tasks to queue
[2026-07-01T15:59:47.254+0000] {logging_mixin.py:190} INFO - [2026-07-01T15:59:47.254+0000] {dagbag.py:588} INFO - Filling up the DagBag from /opt/airflow/dags/urban_data_pipeline_dag.py
[2026-07-01T15:59:47.491+0000] {processor.py:925} INFO - DAG(s) 'urban_data_pipeline' retrieved from /opt/airflow/dags/urban_data_pipeline_dag.py
[2026-07-01T15:59:47.548+0000] {logging_mixin.py:190} INFO - [2026-07-01T15:59:47.547+0000] {dag.py:3239} INFO - Sync 1 DAGs
[2026-07-01T15:59:47.594+0000] {logging_mixin.py:190} INFO - [2026-07-01T15:59:47.593+0000] {dag.py:4180} INFO - Setting next_dagrun for urban_data_pipeline to 2026-07-01 00:00:00+00:00, run_after=2026-08-01 00:00:00+00:00
[2026-07-01T15:59:47.627+0000] {processor.py:208} INFO - Processing /opt/airflow/dags/urban_data_pipeline_dag.py took 0.402 seconds
[2026-07-01T16:00:18.376+0000] {processor.py:186} INFO - Started process (PID=1534) to work on /opt/airflow/dags/urban_data_pipeline_dag.py
[2026-07-01T16:00:18.378+0000] {processor.py:914} INFO - Processing file /opt/airflow/dags/urban_data_pipeline_dag.py for tasks to queue
[2026-07-01T16:00:18.381+0000] {logging_mixin.py:190} INFO - [2026-07-01T16:00:18.381+0000] {dagbag.py:588} INFO - Filling up the DagBag from /opt/airflow/dags/urban_data_pipeline_dag.py
[2026-07-01T16:00:18.575+0000] {processor.py:925} INFO - DAG(s) 'urban_data_pipeline' retrieved from /opt/airflow/dags/urban_data_pipeline_dag.py
[2026-07-01T16:00:18.636+0000] {logging_mixin.py:190} INFO - [2026-07-01T16:00:18.636+0000] {dag.py:3239} INFO - Sync 1 DAGs
[2026-07-01T16:00:18.661+0000] {logging_mixin.py:190} INFO - [2026-07-01T16:00:18.661+0000] {dag.py:4180} INFO - Setting next_dagrun for urban_data_pipeline to 2026-07-01 00:00:00+00:00, run_after=2026-08-01 00:00:00+00:00
[2026-07-01T16:00:18.685+0000] {processor.py:208} INFO - Processing /opt/airflow/dags/urban_data_pipeline_dag.py took 0.316 seconds
[2026-07-01T16:00:49.436+0000] {processor.py:186} INFO - Started process (PID=1552) to work on /opt/airflow/dags/urban_data_pipeline_dag.py
[2026-07-01T16:00:49.439+0000] {processor.py:914} INFO - Processing file /opt/airflow/dags/urban_data_pipeline_dag.py for tasks to queue
[2026-07-01T16:00:49.444+0000] {logging_mixin.py:190} INFO - [2026-07-01T16:00:49.443+0000] {dagbag.py:588} INFO - Filling up the DagBag from /opt/airflow/dags/urban_data_pipeline_dag.py
[2026-07-01T16:00:49.808+0000] {processor.py:925} INFO - DAG(s) 'urban_data_pipeline' retrieved from /opt/airflow/dags/urban_data_pipeline_dag.py
[2026-07-01T16:00:49.863+0000] {logging_mixin.py:190} INFO - [2026-07-01T16:00:49.863+0000] {dag.py:3239} INFO - Sync 1 DAGs
[2026-07-01T16:00:49.887+0000] {logging_mixin.py:190} INFO - [2026-07-01T16:00:49.887+0000] {dag.py:4180} INFO - Setting next_dagrun for urban_data_pipeline to 2026-07-01 00:00:00+00:00, run_after=2026-08-01 00:00:00+00:00
[2026-07-01T16:00:49.915+0000] {processor.py:208} INFO - Processing /opt/airflow/dags/urban_data_pipeline_dag.py took 0.492 seconds
[2026-07-01T16:01:20.847+0000] {processor.py:186} INFO - Started process (PID=1570) to work on /opt/airflow/dags/urban_data_pipeline_dag.py
[2026-07-01T16:01:20.849+0000] {processor.py:914} INFO - Processing file /opt/airflow/dags/urban_data_pipeline_dag.py for tasks to queue
[2026-07-01T16:01:20.852+0000] {logging_mixin.py:190} INFO - [2026-07-01T16:01:20.852+0000] {dagbag.py:588} INFO - Filling up the DagBag from /opt/airflow/dags/urban_data_pipeline_dag.py
[2026-07-01T16:01:21.245+0000] {processor.py:925} INFO - DAG(s) 'urban_data_pipeline' retrieved from /opt/airflow/dags/urban_data_pipeline_dag.py
[2026-07-01T16:01:21.297+0000] {logging_mixin.py:190} INFO - [2026-07-01T16:01:21.297+0000] {dag.py:3239} INFO - Sync 1 DAGs
[2026-07-01T16:01:21.320+0000] {logging_mixin.py:190} INFO - [2026-07-01T16:01:21.320+0000] {dag.py:4180} INFO - Setting next_dagrun for urban_data_pipeline to 2026-07-01 00:00:00+00:00, run_after=2026-08-01 00:00:00+00:00
[2026-07-01T16:01:21.344+0000] {processor.py:208} INFO - Processing /opt/airflow/dags/urban_data_pipeline_dag.py took 0.505 seconds
[2026-07-01T16:01:52.290+0000] {processor.py:186} INFO - Started process (PID=1588) to work on /opt/airflow/dags/urban_data_pipeline_dag.py
[2026-07-01T16:01:52.292+0000] {processor.py:914} INFO - Processing file /opt/airflow/dags/urban_data_pipeline_dag.py for tasks to queue
[2026-07-01T16:01:52.297+0000] {logging_mixin.py:190} INFO - [2026-07-01T16:01:52.296+0000] {dagbag.py:588} INFO - Filling up the DagBag from /opt/airflow/dags/urban_data_pipeline_dag.py
[2026-07-01T16:01:52.570+0000] {processor.py:925} INFO - DAG(s) 'urban_data_pipeline' retrieved from /opt/airflow/dags/urban_data_pipeline_dag.py
[2026-07-01T16:01:52.618+0000] {logging_mixin.py:190} INFO - [2026-07-01T16:01:52.617+0000] {dag.py:3239} INFO - Sync 1 DAGs
[2026-07-01T16:01:52.641+0000] {logging_mixin.py:190} INFO - [2026-07-01T16:01:52.641+0000] {dag.py:4180} INFO - Setting next_dagrun for urban_data_pipeline to 2026-07-01 00:00:00+00:00, run_after=2026-08-01 00:00:00+00:00
[2026-07-01T16:01:52.670+0000] {processor.py:208} INFO - Processing /opt/airflow/dags/urban_data_pipeline_dag.py took 0.393 seconds
[2026-07-01T16:02:23.404+0000] {processor.py:186} INFO - Started process (PID=1606) to work on /opt/airflow/dags/urban_data_pipeline_dag.py
[2026-07-01T16:02:23.406+0000] {processor.py:914} INFO - Processing file /opt/airflow/dags/urban_data_pipeline_dag.py for tasks to queue
[2026-07-01T16:02:23.408+0000] {logging_mixin.py:190} INFO - [2026-07-01T16:02:23.408+0000] {dagbag.py:588} INFO - Filling up the DagBag from /opt/airflow/dags/urban_data_pipeline_dag.py
[2026-07-01T16:02:23.523+0000] {processor.py:925} INFO - DAG(s) 'urban_data_pipeline' retrieved from /opt/airflow/dags/urban_data_pipeline_dag.py
[2026-07-01T16:02:23.570+0000] {logging_mixin.py:190} INFO - [2026-07-01T16:02:23.570+0000] {dag.py:3239} INFO - Sync 1 DAGs
[2026-07-01T16:02:23.594+0000] {logging_mixin.py:190} INFO - [2026-07-01T16:02:23.593+0000] {dag.py:4180} INFO - Setting next_dagrun for urban_data_pipeline to 2026-07-01 00:00:00+00:00, run_after=2026-08-01 00:00:00+00:00
[2026-07-01T16:02:23.615+0000] {processor.py:208} INFO - Processing /opt/airflow/dags/urban_data_pipeline_dag.py took 0.218 seconds
[2026-07-01T16:02:54.481+0000] {processor.py:186} INFO - Started process (PID=1624) to work on /opt/airflow/dags/urban_data_pipeline_dag.py
[2026-07-01T16:02:54.482+0000] {processor.py:914} INFO - Processing file /opt/airflow/dags/urban_data_pipeline_dag.py for tasks to queue
[2026-07-01T16:02:54.487+0000] {logging_mixin.py:190} INFO - [2026-07-01T16:02:54.486+0000] {dagbag.py:588} INFO - Filling up the DagBag from /opt/airflow/dags/urban_data_pipeline_dag.py
[2026-07-01T16:02:54.630+0000] {processor.py:925} INFO - DAG(s) 'urban_data_pipeline' retrieved from /opt/airflow/dags/urban_data_pipeline_dag.py
[2026-07-01T16:02:54.678+0000] {logging_mixin.py:190} INFO - [2026-07-01T16:02:54.678+0000] {dag.py:3239} INFO - Sync 1 DAGs
[2026-07-01T16:02:54.707+0000] {logging_mixin.py:190} INFO - [2026-07-01T16:02:54.707+0000] {dag.py:4180} INFO - Setting next_dagrun for urban_data_pipeline to 2026-07-01 00:00:00+00:00, run_after=2026-08-01 00:00:00+00:00
[2026-07-01T16:02:54.737+0000] {processor.py:208} INFO - Processing /opt/airflow/dags/urban_data_pipeline_dag.py took 0.261 seconds
[2026-07-01T16:03:25.267+0000] {processor.py:186} INFO - Started process (PID=1642) to work on /opt/airflow/dags/urban_data_pipeline_dag.py
[2026-07-01T16:03:25.269+0000] {processor.py:914} INFO - Processing file /opt/airflow/dags/urban_data_pipeline_dag.py for tasks to queue
[2026-07-01T16:03:25.273+0000] {logging_mixin.py:190} INFO - [2026-07-01T16:03:25.273+0000] {dagbag.py:588} INFO - Filling up the DagBag from /opt/airflow/dags/urban_data_pipeline_dag.py
[2026-07-01T16:03:25.533+0000] {processor.py:925} INFO - DAG(s) 'urban_data_pipeline' retrieved from /opt/airflow/dags/urban_data_pipeline_dag.py
[2026-07-01T16:03:25.587+0000] {logging_mixin.py:190} INFO - [2026-07-01T16:03:25.587+0000] {dag.py:3239} INFO - Sync 1 DAGs
[2026-07-01T16:03:25.617+0000] {logging_mixin.py:190} INFO - [2026-07-01T16:03:25.616+0000] {dag.py:4180} INFO - Setting next_dagrun for urban_data_pipeline to 2026-07-01 00:00:00+00:00, run_after=2026-08-01 00:00:00+00:00
[2026-07-01T16:03:25.646+0000] {processor.py:208} INFO - Processing /opt/airflow/dags/urban_data_pipeline_dag.py took 0.395 seconds
[2026-07-01T16:03:56.230+0000] {processor.py:186} INFO - Started process (PID=1660) to work on /opt/airflow/dags/urban_data_pipeline_dag.py
[2026-07-01T16:03:56.231+0000] {processor.py:914} INFO - Processing file /opt/airflow/dags/urban_data_pipeline_dag.py for tasks to queue
[2026-07-01T16:03:56.234+0000] {logging_mixin.py:190} INFO - [2026-07-01T16:03:56.234+0000] {dagbag.py:588} INFO - Filling up the DagBag from /opt/airflow/dags/urban_data_pipeline_dag.py
[2026-07-01T16:03:56.403+0000] {processor.py:925} INFO - DAG(s) 'urban_data_pipeline' retrieved from /opt/airflow/dags/urban_data_pipeline_dag.py
[2026-07-01T16:03:56.450+0000] {logging_mixin.py:190} INFO - [2026-07-01T16:03:56.449+0000] {dag.py:3239} INFO - Sync 1 DAGs
[2026-07-01T16:03:56.473+0000] {logging_mixin.py:190} INFO - [2026-07-01T16:03:56.473+0000] {dag.py:4180} INFO - Setting next_dagrun for urban_data_pipeline to 2026-07-01 00:00:00+00:00, run_after=2026-08-01 00:00:00+00:00
[2026-07-01T16:03:56.495+0000] {processor.py:208} INFO - Processing /opt/airflow/dags/urban_data_pipeline_dag.py took 0.277 seconds
[2026-07-01T16:04:27.318+0000] {processor.py:186} INFO - Started process (PID=1678) to work on /opt/airflow/dags/urban_data_pipeline_dag.py
[2026-07-01T16:04:27.321+0000] {processor.py:914} INFO - Processing file /opt/airflow/dags/urban_data_pipeline_dag.py for tasks to queue
[2026-07-01T16:04:27.324+0000] {logging_mixin.py:190} INFO - [2026-07-01T16:04:27.324+0000] {dagbag.py:588} INFO - Filling up the DagBag from /opt/airflow/dags/urban_data_pipeline_dag.py
[2026-07-01T16:04:27.496+0000] {processor.py:925} INFO - DAG(s) 'urban_data_pipeline' retrieved from /opt/airflow/dags/urban_data_pipeline_dag.py
[2026-07-01T16:04:27.544+0000] {logging_mixin.py:190} INFO - [2026-07-01T16:04:27.543+0000] {dag.py:3239} INFO - Sync 1 DAGs
[2026-07-01T16:04:27.569+0000] {logging_mixin.py:190} INFO - [2026-07-01T16:04:27.569+0000] {dag.py:4180} INFO - Setting next_dagrun for urban_data_pipeline to 2026-07-01 00:00:00+00:00, run_after=2026-08-01 00:00:00+00:00
[2026-07-01T16:04:27.606+0000] {processor.py:208} INFO - Processing /opt/airflow/dags/urban_data_pipeline_dag.py took 0.295 seconds
[2026-07-01T16:04:57.806+0000] {processor.py:186} INFO - Started process (PID=1696) to work on /opt/airflow/dags/urban_data_pipeline_dag.py
[2026-07-01T16:04:57.809+0000] {processor.py:914} INFO - Processing file /opt/airflow/dags/urban_data_pipeline_dag.py for tasks to queue
[2026-07-01T16:04:57.815+0000] {logging_mixin.py:190} INFO - [2026-07-01T16:04:57.814+0000] {dagbag.py:588} INFO - Filling up the DagBag from /opt/airflow/dags/urban_data_pipeline_dag.py
[2026-07-01T16:04:58.029+0000] {processor.py:925} INFO - DAG(s) 'urban_data_pipeline' retrieved from /opt/airflow/dags/urban_data_pipeline_dag.py
[2026-07-01T16:04:58.075+0000] {logging_mixin.py:190} INFO - [2026-07-01T16:04:58.075+0000] {dag.py:3239} INFO - Sync 1 DAGs
[2026-07-01T16:04:58.100+0000] {logging_mixin.py:190} INFO - [2026-07-01T16:04:58.099+0000] {dag.py:4180} INFO - Setting next_dagrun for urban_data_pipeline to 2026-07-01 00:00:00+00:00, run_after=2026-08-01 00:00:00+00:00
[2026-07-01T16:04:58.124+0000] {processor.py:208} INFO - Processing /opt/airflow/dags/urban_data_pipeline_dag.py took 0.332 seconds
[2026-07-01T16:05:28.259+0000] {processor.py:186} INFO - Started process (PID=1713) to work on /opt/airflow/dags/urban_data_pipeline_dag.py
[2026-07-01T16:05:28.260+0000] {processor.py:914} INFO - Processing file /opt/airflow/dags/urban_data_pipeline_dag.py for tasks to queue
[2026-07-01T16:05:28.263+0000] {logging_mixin.py:190} INFO - [2026-07-01T16:05:28.262+0000] {dagbag.py:588} INFO - Filling up the DagBag from /opt/airflow/dags/urban_data_pipeline_dag.py
[2026-07-01T16:05:28.398+0000] {processor.py:925} INFO - DAG(s) 'urban_data_pipeline' retrieved from /opt/airflow/dags/urban_data_pipeline_dag.py
[2026-07-01T16:05:28.445+0000] {logging_mixin.py:190} INFO - [2026-07-01T16:05:28.445+0000] {dag.py:3239} INFO - Sync 1 DAGs
[2026-07-01T16:05:28.472+0000] {logging_mixin.py:190} INFO - [2026-07-01T16:05:28.472+0000] {dag.py:4180} INFO - Setting next_dagrun for urban_data_pipeline to 2026-07-01 00:00:00+00:00, run_after=2026-08-01 00:00:00+00:00
[2026-07-01T16:05:28.496+0000] {processor.py:208} INFO - Processing /opt/airflow/dags/urban_data_pipeline_dag.py took 0.244 seconds
[2026-07-01T16:05:59.292+0000] {processor.py:186} INFO - Started process (PID=1724) to work on /opt/airflow/dags/urban_data_pipeline_dag.py
[2026-07-01T16:05:59.294+0000] {processor.py:914} INFO - Processing file /opt/airflow/dags/urban_data_pipeline_dag.py for tasks to queue
[2026-07-01T16:05:59.298+0000] {logging_mixin.py:190} INFO - [2026-07-01T16:05:59.297+0000] {dagbag.py:588} INFO - Filling up the DagBag from /opt/airflow/dags/urban_data_pipeline_dag.py
[2026-07-01T16:05:59.528+0000] {processor.py:925} INFO - DAG(s) 'urban_data_pipeline' retrieved from /opt/airflow/dags/urban_data_pipeline_dag.py
[2026-07-01T16:05:59.580+0000] {logging_mixin.py:190} INFO - [2026-07-01T16:05:59.579+0000] {dag.py:3239} INFO - Sync 1 DAGs
[2026-07-01T16:05:59.605+0000] {logging_mixin.py:190} INFO - [2026-07-01T16:05:59.605+0000] {dag.py:4180} INFO - Setting next_dagrun for urban_data_pipeline to 2026-07-01 00:00:00+00:00, run_after=2026-08-01 00:00:00+00:00
[2026-07-01T16:05:59.629+0000] {processor.py:208} INFO - Processing /opt/airflow/dags/urban_data_pipeline_dag.py took 0.343 seconds
[2026-07-01T16:06:30.424+0000] {processor.py:186} INFO - Started process (PID=1742) to work on /opt/airflow/dags/urban_data_pipeline_dag.py
[2026-07-01T16:06:30.426+0000] {processor.py:914} INFO - Processing file /opt/airflow/dags/urban_data_pipeline_dag.py for tasks to queue
[2026-07-01T16:06:30.432+0000] {logging_mixin.py:190} INFO - [2026-07-01T16:06:30.431+0000] {dagbag.py:588} INFO - Filling up the DagBag from /opt/airflow/dags/urban_data_pipeline_dag.py
[2026-07-01T16:06:30.604+0000] {processor.py:925} INFO - DAG(s) 'urban_data_pipeline' retrieved from /opt/airflow/dags/urban_data_pipeline_dag.py
[2026-07-01T16:06:30.647+0000] {logging_mixin.py:190} INFO - [2026-07-01T16:06:30.647+0000] {dag.py:3239} INFO - Sync 1 DAGs
[2026-07-01T16:06:30.676+0000] {logging_mixin.py:190} INFO - [2026-07-01T16:06:30.676+0000] {dag.py:4180} INFO - Setting next_dagrun for urban_data_pipeline to 2026-07-01 00:00:00+00:00, run_after=2026-08-01 00:00:00+00:00
[2026-07-01T16:06:30.700+0000] {processor.py:208} INFO - Processing /opt/airflow/dags/urban_data_pipeline_dag.py took 0.286 seconds
[2026-07-01T16:07:01.333+0000] {processor.py:186} INFO - Started process (PID=1760) to work on /opt/airflow/dags/urban_data_pipeline_dag.py
[2026-07-01T16:07:01.336+0000] {processor.py:914} INFO - Processing file /opt/airflow/dags/urban_data_pipeline_dag.py for tasks to queue
[2026-07-01T16:07:01.341+0000] {logging_mixin.py:190} INFO - [2026-07-01T16:07:01.340+0000] {dagbag.py:588} INFO - Filling up the DagBag from /opt/airflow/dags/urban_data_pipeline_dag.py
[2026-07-01T16:07:01.623+0000] {processor.py:925} INFO - DAG(s) 'urban_data_pipeline' retrieved from /opt/airflow/dags/urban_data_pipeline_dag.py
[2026-07-01T16:07:01.671+0000] {logging_mixin.py:190} INFO - [2026-07-01T16:07:01.671+0000] {dag.py:3239} INFO - Sync 1 DAGs
[2026-07-01T16:07:01.694+0000] {logging_mixin.py:190} INFO - [2026-07-01T16:07:01.694+0000] {dag.py:4180} INFO - Setting next_dagrun for urban_data_pipeline to 2026-07-01 00:00:00+00:00, run_after=2026-08-01 00:00:00+00:00
[2026-07-01T16:07:01.723+0000] {processor.py:208} INFO - Processing /opt/airflow/dags/urban_data_pipeline_dag.py took 0.403 seconds
[2026-07-01T16:07:32.598+0000] {processor.py:186} INFO - Started process (PID=1778) to work on /opt/airflow/dags/urban_data_pipeline_dag.py
[2026-07-01T16:07:32.600+0000] {processor.py:914} INFO - Processing file /opt/airflow/dags/urban_data_pipeline_dag.py for tasks to queue
[2026-07-01T16:07:32.603+0000] {logging_mixin.py:190} INFO - [2026-07-01T16:07:32.602+0000] {dagbag.py:588} INFO - Filling up the DagBag from /opt/airflow/dags/urban_data_pipeline_dag.py
[2026-07-01T16:07:32.792+0000] {processor.py:925} INFO - DAG(s) 'urban_data_pipeline' retrieved from /opt/airflow/dags/urban_data_pipeline_dag.py
[2026-07-01T16:07:32.841+0000] {logging_mixin.py:190} INFO - [2026-07-01T16:07:32.841+0000] {dag.py:3239} INFO - Sync 1 DAGs
[2026-07-01T16:07:32.865+0000] {logging_mixin.py:190} INFO - [2026-07-01T16:07:32.865+0000] {dag.py:4180} INFO - Setting next_dagrun for urban_data_pipeline to 2026-07-01 00:00:00+00:00, run_after=2026-08-01 00:00:00+00:00
[2026-07-01T16:07:32.889+0000] {processor.py:208} INFO - Processing /opt/airflow/dags/urban_data_pipeline_dag.py took 0.311 seconds
[2026-07-01T16:08:03.545+0000] {processor.py:186} INFO - Started process (PID=1796) to work on /opt/airflow/dags/urban_data_pipeline_dag.py
[2026-07-01T16:08:03.547+0000] {processor.py:914} INFO - Processing file /opt/airflow/dags/urban_data_pipeline_dag.py for tasks to queue
[2026-07-01T16:08:03.552+0000] {logging_mixin.py:190} INFO - [2026-07-01T16:08:03.552+0000] {dagbag.py:588} INFO - Filling up the DagBag from /opt/airflow/dags/urban_data_pipeline_dag.py
[2026-07-01T16:08:03.815+0000] {processor.py:925} INFO - DAG(s) 'urban_data_pipeline' retrieved from /opt/airflow/dags/urban_data_pipeline_dag.py
[2026-07-01T16:08:03.860+0000] {logging_mixin.py:190} INFO - [2026-07-01T16:08:03.860+0000] {dag.py:3239} INFO - Sync 1 DAGs
[2026-07-01T16:08:03.884+0000] {logging_mixin.py:190} INFO - [2026-07-01T16:08:03.884+0000] {dag.py:4180} INFO - Setting next_dagrun for urban_data_pipeline to 2026-07-01 00:00:00+00:00, run_after=2026-08-01 00:00:00+00:00
[2026-07-01T16:08:03.905+0000] {processor.py:208} INFO - Processing /opt/airflow/dags/urban_data_pipeline_dag.py took 0.378 seconds
[2026-07-01T16:08:34.725+0000] {processor.py:186} INFO - Started process (PID=1817) to work on /opt/airflow/dags/urban_data_pipeline_dag.py
[2026-07-01T16:08:34.726+0000] {processor.py:914} INFO - Processing file /opt/airflow/dags/urban_data_pipeline_dag.py for tasks to queue
[2026-07-01T16:08:34.728+0000] {logging_mixin.py:190} INFO - [2026-07-01T16:08:34.728+0000] {dagbag.py:588} INFO - Filling up the DagBag from /opt/airflow/dags/urban_data_pipeline_dag.py
[2026-07-01T16:08:34.860+0000] {processor.py:925} INFO - DAG(s) 'urban_data_pipeline' retrieved from /opt/airflow/dags/urban_data_pipeline_dag.py
[2026-07-01T16:08:34.906+0000] {logging_mixin.py:190} INFO - [2026-07-01T16:08:34.906+0000] {dag.py:3239} INFO - Sync 1 DAGs
[2026-07-01T16:08:34.933+0000] {logging_mixin.py:190} INFO - [2026-07-01T16:08:34.933+0000] {dag.py:4180} INFO - Setting next_dagrun for urban_data_pipeline to 2026-07-01 00:00:00+00:00, run_after=2026-08-01 00:00:00+00:00
[2026-07-01T16:08:34.961+0000] {processor.py:208} INFO - Processing /opt/airflow/dags/urban_data_pipeline_dag.py took 0.244 seconds
[2026-07-01T16:09:05.726+0000] {processor.py:186} INFO - Started process (PID=1835) to work on /opt/airflow/dags/urban_data_pipeline_dag.py
[2026-07-01T16:09:05.728+0000] {processor.py:914} INFO - Processing file /opt/airflow/dags/urban_data_pipeline_dag.py for tasks to queue
[2026-07-01T16:09:05.735+0000] {logging_mixin.py:190} INFO - [2026-07-01T16:09:05.735+0000] {dagbag.py:588} INFO - Filling up the DagBag from /opt/airflow/dags/urban_data_pipeline_dag.py
[2026-07-01T16:09:05.872+0000] {processor.py:925} INFO - DAG(s) 'urban_data_pipeline' retrieved from /opt/airflow/dags/urban_data_pipeline_dag.py
[2026-07-01T16:09:05.917+0000] {logging_mixin.py:190} INFO - [2026-07-01T16:09:05.916+0000] {dag.py:3239} INFO - Sync 1 DAGs
[2026-07-01T16:09:05.943+0000] {logging_mixin.py:190} INFO - [2026-07-01T16:09:05.942+0000] {dag.py:4180} INFO - Setting next_dagrun for urban_data_pipeline to 2026-07-01 00:00:00+00:00, run_after=2026-08-01 00:00:00+00:00
[2026-07-01T16:09:05.969+0000] {processor.py:208} INFO - Processing /opt/airflow/dags/urban_data_pipeline_dag.py took 0.262 seconds
[2026-07-01T16:09:36.633+0000] {processor.py:186} INFO - Started process (PID=1853) to work on /opt/airflow/dags/urban_data_pipeline_dag.py
[2026-07-01T16:09:36.634+0000] {processor.py:914} INFO - Processing file /opt/airflow/dags/urban_data_pipeline_dag.py for tasks to queue
[2026-07-01T16:09:36.638+0000] {logging_mixin.py:190} INFO - [2026-07-01T16:09:36.637+0000] {dagbag.py:588} INFO - Filling up the DagBag from /opt/airflow/dags/urban_data_pipeline_dag.py
[2026-07-01T16:09:36.777+0000] {processor.py:925} INFO - DAG(s) 'urban_data_pipeline' retrieved from /opt/airflow/dags/urban_data_pipeline_dag.py
[2026-07-01T16:09:36.823+0000] {logging_mixin.py:190} INFO - [2026-07-01T16:09:36.822+0000] {dag.py:3239} INFO - Sync 1 DAGs
[2026-07-01T16:09:36.848+0000] {logging_mixin.py:190} INFO - [2026-07-01T16:09:36.847+0000] {dag.py:4180} INFO - Setting next_dagrun for urban_data_pipeline to 2026-07-01 00:00:00+00:00, run_after=2026-08-01 00:00:00+00:00
[2026-07-01T16:09:36.875+0000] {processor.py:208} INFO - Processing /opt/airflow/dags/urban_data_pipeline_dag.py took 0.251 seconds
[2026-07-01T16:10:07.499+0000] {processor.py:186} INFO - Started process (PID=1871) to work on /opt/airflow/dags/urban_data_pipeline_dag.py
[2026-07-01T16:10:07.500+0000] {processor.py:914} INFO - Processing file /opt/airflow/dags/urban_data_pipeline_dag.py for tasks to queue
[2026-07-01T16:10:07.503+0000] {logging_mixin.py:190} INFO - [2026-07-01T16:10:07.502+0000] {dagbag.py:588} INFO - Filling up the DagBag from /opt/airflow/dags/urban_data_pipeline_dag.py
[2026-07-01T16:10:07.631+0000] {processor.py:925} INFO - DAG(s) 'urban_data_pipeline' retrieved from /opt/airflow/dags/urban_data_pipeline_dag.py
[2026-07-01T16:10:07.674+0000] {logging_mixin.py:190} INFO - [2026-07-01T16:10:07.674+0000] {dag.py:3239} INFO - Sync 1 DAGs
[2026-07-01T16:10:07.699+0000] {logging_mixin.py:190} INFO - [2026-07-01T16:10:07.699+0000] {dag.py:4180} INFO - Setting next_dagrun for urban_data_pipeline to 2026-07-01 00:00:00+00:00, run_after=2026-08-01 00:00:00+00:00
[2026-07-01T16:10:07.728+0000] {processor.py:208} INFO - Processing /opt/airflow/dags/urban_data_pipeline_dag.py took 0.236 seconds
[2026-07-01T16:10:38.494+0000] {processor.py:186} INFO - Started process (PID=1890) to work on /opt/airflow/dags/urban_data_pipeline_dag.py
[2026-07-01T16:10:38.497+0000] {processor.py:914} INFO - Processing file /opt/airflow/dags/urban_data_pipeline_dag.py for tasks to queue
[2026-07-01T16:10:38.503+0000] {logging_mixin.py:190} INFO - [2026-07-01T16:10:38.503+0000] {dagbag.py:588} INFO - Filling up the DagBag from /opt/airflow/dags/urban_data_pipeline_dag.py
[2026-07-01T16:10:38.639+0000] {processor.py:925} INFO - DAG(s) 'urban_data_pipeline' retrieved from /opt/airflow/dags/urban_data_pipeline_dag.py
[2026-07-01T16:10:38.685+0000] {logging_mixin.py:190} INFO - [2026-07-01T16:10:38.685+0000] {dag.py:3239} INFO - Sync 1 DAGs
[2026-07-01T16:10:38.714+0000] {logging_mixin.py:190} INFO - [2026-07-01T16:10:38.714+0000] {dag.py:4180} INFO - Setting next_dagrun for urban_data_pipeline to 2026-07-01 00:00:00+00:00, run_after=2026-08-01 00:00:00+00:00
[2026-07-01T16:10:38.749+0000] {processor.py:208} INFO - Processing /opt/airflow/dags/urban_data_pipeline_dag.py took 0.269 seconds
[2026-07-01T16:11:09.622+0000] {processor.py:186} INFO - Started process (PID=1908) to work on /opt/airflow/dags/urban_data_pipeline_dag.py
[2026-07-01T16:11:09.625+0000] {processor.py:914} INFO - Processing file /opt/airflow/dags/urban_data_pipeline_dag.py for tasks to queue
[2026-07-01T16:11:09.631+0000] {logging_mixin.py:190} INFO - [2026-07-01T16:11:09.630+0000] {dagbag.py:588} INFO - Filling up the DagBag from /opt/airflow/dags/urban_data_pipeline_dag.py
[2026-07-01T16:11:09.775+0000] {processor.py:925} INFO - DAG(s) 'urban_data_pipeline' retrieved from /opt/airflow/dags/urban_data_pipeline_dag.py
[2026-07-01T16:11:09.829+0000] {logging_mixin.py:190} INFO - [2026-07-01T16:11:09.828+0000] {dag.py:3239} INFO - Sync 1 DAGs
[2026-07-01T16:11:09.860+0000] {logging_mixin.py:190} INFO - [2026-07-01T16:11:09.859+0000] {dag.py:4180} INFO - Setting next_dagrun for urban_data_pipeline to 2026-07-01 00:00:00+00:00, run_after=2026-08-01 00:00:00+00:00
[2026-07-01T16:11:09.901+0000] {processor.py:208} INFO - Processing /opt/airflow/dags/urban_data_pipeline_dag.py took 0.295 seconds
[2026-07-01T16:11:40.476+0000] {processor.py:186} INFO - Started process (PID=1926) to work on /opt/airflow/dags/urban_data_pipeline_dag.py
[2026-07-01T16:11:40.477+0000] {processor.py:914} INFO - Processing file /opt/airflow/dags/urban_data_pipeline_dag.py for tasks to queue
[2026-07-01T16:11:40.480+0000] {logging_mixin.py:190} INFO - [2026-07-01T16:11:40.480+0000] {dagbag.py:588} INFO - Filling up the DagBag from /opt/airflow/dags/urban_data_pipeline_dag.py
[2026-07-01T16:11:40.594+0000] {processor.py:925} INFO - DAG(s) 'urban_data_pipeline' retrieved from /opt/airflow/dags/urban_data_pipeline_dag.py
[2026-07-01T16:11:40.641+0000] {logging_mixin.py:190} INFO - [2026-07-01T16:11:40.641+0000] {dag.py:3239} INFO - Sync 1 DAGs
[2026-07-01T16:11:40.670+0000] {logging_mixin.py:190} INFO - [2026-07-01T16:11:40.670+0000] {dag.py:4180} INFO - Setting next_dagrun for urban_data_pipeline to 2026-07-01 00:00:00+00:00, run_after=2026-08-01 00:00:00+00:00
[2026-07-01T16:11:40.698+0000] {processor.py:208} INFO - Processing /opt/airflow/dags/urban_data_pipeline_dag.py took 0.231 seconds
[2026-07-01T16:12:11.334+0000] {processor.py:186} INFO - Started process (PID=1943) to work on /opt/airflow/dags/urban_data_pipeline_dag.py
[2026-07-01T16:12:11.336+0000] {processor.py:914} INFO - Processing file /opt/airflow/dags/urban_data_pipeline_dag.py for tasks to queue
[2026-07-01T16:12:11.340+0000] {logging_mixin.py:190} INFO - [2026-07-01T16:12:11.340+0000] {dagbag.py:588} INFO - Filling up the DagBag from /opt/airflow/dags/urban_data_pipeline_dag.py
[2026-07-01T16:12:11.461+0000] {processor.py:925} INFO - DAG(s) 'urban_data_pipeline' retrieved from /opt/airflow/dags/urban_data_pipeline_dag.py
[2026-07-01T16:12:11.515+0000] {logging_mixin.py:190} INFO - [2026-07-01T16:12:11.515+0000] {dag.py:3239} INFO - Sync 1 DAGs
[2026-07-01T16:12:11.542+0000] {logging_mixin.py:190} INFO - [2026-07-01T16:12:11.542+0000] {dag.py:4180} INFO - Setting next_dagrun for urban_data_pipeline to 2026-07-01 00:00:00+00:00, run_after=2026-08-01 00:00:00+00:00
[2026-07-01T16:12:11.566+0000] {processor.py:208} INFO - Processing /opt/airflow/dags/urban_data_pipeline_dag.py took 0.238 seconds
[2026-07-01T16:12:42.165+0000] {processor.py:186} INFO - Started process (PID=1954) to work on /opt/airflow/dags/urban_data_pipeline_dag.py
[2026-07-01T16:12:42.166+0000] {processor.py:914} INFO - Processing file /opt/airflow/dags/urban_data_pipeline_dag.py for tasks to queue
[2026-07-01T16:12:42.170+0000] {logging_mixin.py:190} INFO - [2026-07-01T16:12:42.169+0000] {dagbag.py:588} INFO - Filling up the DagBag from /opt/airflow/dags/urban_data_pipeline_dag.py
[2026-07-01T16:12:42.327+0000] {processor.py:925} INFO - DAG(s) 'urban_data_pipeline' retrieved from /opt/airflow/dags/urban_data_pipeline_dag.py
[2026-07-01T16:12:42.381+0000] {logging_mixin.py:190} INFO - [2026-07-01T16:12:42.381+0000] {dag.py:3239} INFO - Sync 1 DAGs
[2026-07-01T16:12:42.409+0000] {logging_mixin.py:190} INFO - [2026-07-01T16:12:42.408+0000] {dag.py:4180} INFO - Setting next_dagrun for urban_data_pipeline to 2026-07-01 00:00:00+00:00, run_after=2026-08-01 00:00:00+00:00
[2026-07-01T16:12:42.435+0000] {processor.py:208} INFO - Processing /opt/airflow/dags/urban_data_pipeline_dag.py took 0.278 seconds
[2026-07-01T16:13:13.119+0000] {processor.py:186} INFO - Started process (PID=1972) to work on /opt/airflow/dags/urban_data_pipeline_dag.py
[2026-07-01T16:13:13.122+0000] {processor.py:914} INFO - Processing file /opt/airflow/dags/urban_data_pipeline_dag.py for tasks to queue
[2026-07-01T16:13:13.126+0000] {logging_mixin.py:190} INFO - [2026-07-01T16:13:13.126+0000] {dagbag.py:588} INFO - Filling up the DagBag from /opt/airflow/dags/urban_data_pipeline_dag.py
[2026-07-01T16:13:13.303+0000] {processor.py:925} INFO - DAG(s) 'urban_data_pipeline' retrieved from /opt/airflow/dags/urban_data_pipeline_dag.py
[2026-07-01T16:13:13.399+0000] {logging_mixin.py:190} INFO - [2026-07-01T16:13:13.398+0000] {dag.py:3239} INFO - Sync 1 DAGs
[2026-07-01T16:13:13.428+0000] {logging_mixin.py:190} INFO - [2026-07-01T16:13:13.428+0000] {dag.py:4180} INFO - Setting next_dagrun for urban_data_pipeline to 2026-07-01 00:00:00+00:00, run_after=2026-08-01 00:00:00+00:00
[2026-07-01T16:13:13.453+0000] {processor.py:208} INFO - Processing /opt/airflow/dags/urban_data_pipeline_dag.py took 0.349 seconds
[2026-07-01T16:13:44.100+0000] {processor.py:186} INFO - Started process (PID=1990) to work on /opt/airflow/dags/urban_data_pipeline_dag.py
[2026-07-01T16:13:44.101+0000] {processor.py:914} INFO - Processing file /opt/airflow/dags/urban_data_pipeline_dag.py for tasks to queue
[2026-07-01T16:13:44.104+0000] {logging_mixin.py:190} INFO - [2026-07-01T16:13:44.103+0000] {dagbag.py:588} INFO - Filling up the DagBag from /opt/airflow/dags/urban_data_pipeline_dag.py
[2026-07-01T16:13:44.214+0000] {processor.py:925} INFO - DAG(s) 'urban_data_pipeline' retrieved from /opt/airflow/dags/urban_data_pipeline_dag.py
[2026-07-01T16:13:44.255+0000] {logging_mixin.py:190} INFO - [2026-07-01T16:13:44.255+0000] {dag.py:3239} INFO - Sync 1 DAGs
[2026-07-01T16:13:44.277+0000] {logging_mixin.py:190} INFO - [2026-07-01T16:13:44.277+0000] {dag.py:4180} INFO - Setting next_dagrun for urban_data_pipeline to 2026-07-01 00:00:00+00:00, run_after=2026-08-01 00:00:00+00:00
[2026-07-01T16:13:44.298+0000] {processor.py:208} INFO - Processing /opt/airflow/dags/urban_data_pipeline_dag.py took 0.204 seconds
[2026-07-01T16:14:14.932+0000] {processor.py:186} INFO - Started process (PID=2008) to work on /opt/airflow/dags/urban_data_pipeline_dag.py
[2026-07-01T16:14:14.933+0000] {processor.py:914} INFO - Processing file /opt/airflow/dags/urban_data_pipeline_dag.py for tasks to queue
[2026-07-01T16:14:14.936+0000] {logging_mixin.py:190} INFO - [2026-07-01T16:14:14.936+0000] {dagbag.py:588} INFO - Filling up the DagBag from /opt/airflow/dags/urban_data_pipeline_dag.py
[2026-07-01T16:14:15.083+0000] {processor.py:925} INFO - DAG(s) 'urban_data_pipeline' retrieved from /opt/airflow/dags/urban_data_pipeline_dag.py
[2026-07-01T16:14:15.125+0000] {logging_mixin.py:190} INFO - [2026-07-01T16:14:15.125+0000] {dag.py:3239} INFO - Sync 1 DAGs
[2026-07-01T16:14:15.149+0000] {logging_mixin.py:190} INFO - [2026-07-01T16:14:15.148+0000] {dag.py:4180} INFO - Setting next_dagrun for urban_data_pipeline to 2026-07-01 00:00:00+00:00, run_after=2026-08-01 00:00:00+00:00
[2026-07-01T16:14:15.183+0000] {processor.py:208} INFO - Processing /opt/airflow/dags/urban_data_pipeline_dag.py took 0.257 seconds
[2026-07-01T16:14:45.847+0000] {processor.py:186} INFO - Started process (PID=2026) to work on /opt/airflow/dags/urban_data_pipeline_dag.py
[2026-07-01T16:14:45.850+0000] {processor.py:914} INFO - Processing file /opt/airflow/dags/urban_data_pipeline_dag.py for tasks to queue
[2026-07-01T16:14:45.854+0000] {logging_mixin.py:190} INFO - [2026-07-01T16:14:45.854+0000] {dagbag.py:588} INFO - Filling up the DagBag from /opt/airflow/dags/urban_data_pipeline_dag.py
[2026-07-01T16:14:45.991+0000] {processor.py:925} INFO - DAG(s) 'urban_data_pipeline' retrieved from /opt/airflow/dags/urban_data_pipeline_dag.py
[2026-07-01T16:14:46.032+0000] {logging_mixin.py:190} INFO - [2026-07-01T16:14:46.032+0000] {dag.py:3239} INFO - Sync 1 DAGs
[2026-07-01T16:14:46.056+0000] {logging_mixin.py:190} INFO - [2026-07-01T16:14:46.056+0000] {dag.py:4180} INFO - Setting next_dagrun for urban_data_pipeline to 2026-07-01 00:00:00+00:00, run_after=2026-08-01 00:00:00+00:00
[2026-07-01T16:14:46.077+0000] {processor.py:208} INFO - Processing /opt/airflow/dags/urban_data_pipeline_dag.py took 0.243 seconds
[2026-07-01T16:15:16.656+0000] {processor.py:186} INFO - Started process (PID=2044) to work on /opt/airflow/dags/urban_data_pipeline_dag.py
[2026-07-01T16:15:16.658+0000] {processor.py:914} INFO - Processing file /opt/airflow/dags/urban_data_pipeline_dag.py for tasks to queue
[2026-07-01T16:15:16.664+0000] {logging_mixin.py:190} INFO - [2026-07-01T16:15:16.662+0000] {dagbag.py:588} INFO - Filling up the DagBag from /opt/airflow/dags/urban_data_pipeline_dag.py
[2026-07-01T16:15:16.811+0000] {processor.py:925} INFO - DAG(s) 'urban_data_pipeline' retrieved from /opt/airflow/dags/urban_data_pipeline_dag.py
[2026-07-01T16:15:16.857+0000] {logging_mixin.py:190} INFO - [2026-07-01T16:15:16.857+0000] {dag.py:3239} INFO - Sync 1 DAGs
[2026-07-01T16:15:16.881+0000] {logging_mixin.py:190} INFO - [2026-07-01T16:15:16.881+0000] {dag.py:4180} INFO - Setting next_dagrun for urban_data_pipeline to 2026-07-01 00:00:00+00:00, run_after=2026-08-01 00:00:00+00:00
[2026-07-01T16:15:16.904+0000] {processor.py:208} INFO - Processing /opt/airflow/dags/urban_data_pipeline_dag.py took 0.258 seconds
[2026-07-01T16:15:47.464+0000] {processor.py:186} INFO - Started process (PID=2062) to work on /opt/airflow/dags/urban_data_pipeline_dag.py
[2026-07-01T16:15:47.466+0000] {processor.py:914} INFO - Processing file /opt/airflow/dags/urban_data_pipeline_dag.py for tasks to queue
[2026-07-01T16:15:47.471+0000] {logging_mixin.py:190} INFO - [2026-07-01T16:15:47.469+0000] {dagbag.py:588} INFO - Filling up the DagBag from /opt/airflow/dags/urban_data_pipeline_dag.py
[2026-07-01T16:15:47.646+0000] {processor.py:925} INFO - DAG(s) 'urban_data_pipeline' retrieved from /opt/airflow/dags/urban_data_pipeline_dag.py
[2026-07-01T16:15:47.692+0000] {logging_mixin.py:190} INFO - [2026-07-01T16:15:47.692+0000] {dag.py:3239} INFO - Sync 1 DAGs
[2026-07-01T16:15:47.715+0000] {logging_mixin.py:190} INFO - [2026-07-01T16:15:47.715+0000] {dag.py:4180} INFO - Setting next_dagrun for urban_data_pipeline to 2026-07-01 00:00:00+00:00, run_after=2026-08-01 00:00:00+00:00
[2026-07-01T16:15:47.738+0000] {processor.py:208} INFO - Processing /opt/airflow/dags/urban_data_pipeline_dag.py took 0.281 seconds
[2026-07-01T16:16:18.444+0000] {processor.py:186} INFO - Started process (PID=2080) to work on /opt/airflow/dags/urban_data_pipeline_dag.py
[2026-07-01T16:16:18.446+0000] {processor.py:914} INFO - Processing file /opt/airflow/dags/urban_data_pipeline_dag.py for tasks to queue
[2026-07-01T16:16:18.449+0000] {logging_mixin.py:190} INFO - [2026-07-01T16:16:18.449+0000] {dagbag.py:588} INFO - Filling up the DagBag from /opt/airflow/dags/urban_data_pipeline_dag.py
[2026-07-01T16:16:18.584+0000] {processor.py:925} INFO - DAG(s) 'urban_data_pipeline' retrieved from /opt/airflow/dags/urban_data_pipeline_dag.py
[2026-07-01T16:16:18.631+0000] {logging_mixin.py:190} INFO - [2026-07-01T16:16:18.630+0000] {dag.py:3239} INFO - Sync 1 DAGs
[2026-07-01T16:16:18.661+0000] {logging_mixin.py:190} INFO - [2026-07-01T16:16:18.661+0000] {dag.py:4180} INFO - Setting next_dagrun for urban_data_pipeline to 2026-07-01 00:00:00+00:00, run_after=2026-08-01 00:00:00+00:00
[2026-07-01T16:16:18.698+0000] {processor.py:208} INFO - Processing /opt/airflow/dags/urban_data_pipeline_dag.py took 0.266 seconds
[2026-07-01T16:16:49.292+0000] {processor.py:186} INFO - Started process (PID=2098) to work on /opt/airflow/dags/urban_data_pipeline_dag.py
[2026-07-01T16:16:49.295+0000] {processor.py:914} INFO - Processing file /opt/airflow/dags/urban_data_pipeline_dag.py for tasks to queue
[2026-07-01T16:16:49.301+0000] {logging_mixin.py:190} INFO - [2026-07-01T16:16:49.301+0000] {dagbag.py:588} INFO - Filling up the DagBag from /opt/airflow/dags/urban_data_pipeline_dag.py
[2026-07-01T16:16:49.565+0000] {processor.py:925} INFO - DAG(s) 'urban_data_pipeline' retrieved from /opt/airflow/dags/urban_data_pipeline_dag.py
[2026-07-01T16:16:49.613+0000] {logging_mixin.py:190} INFO - [2026-07-01T16:16:49.612+0000] {dag.py:3239} INFO - Sync 1 DAGs
[2026-07-01T16:16:49.640+0000] {logging_mixin.py:190} INFO - [2026-07-01T16:16:49.640+0000] {dag.py:4180} INFO - Setting next_dagrun for urban_data_pipeline to 2026-07-01 00:00:00+00:00, run_after=2026-08-01 00:00:00+00:00
[2026-07-01T16:16:49.675+0000] {processor.py:208} INFO - Processing /opt/airflow/dags/urban_data_pipeline_dag.py took 0.398 seconds
[2026-07-01T16:17:20.192+0000] {processor.py:186} INFO - Started process (PID=2116) to work on /opt/airflow/dags/urban_data_pipeline_dag.py
[2026-07-01T16:17:20.194+0000] {processor.py:914} INFO - Processing file /opt/airflow/dags/urban_data_pipeline_dag.py for tasks to queue
[2026-07-01T16:17:20.197+0000] {logging_mixin.py:190} INFO - [2026-07-01T16:17:20.197+0000] {dagbag.py:588} INFO - Filling up the DagBag from /opt/airflow/dags/urban_data_pipeline_dag.py
[2026-07-01T16:17:20.417+0000] {processor.py:925} INFO - DAG(s) 'urban_data_pipeline' retrieved from /opt/airflow/dags/urban_data_pipeline_dag.py
[2026-07-01T16:17:20.465+0000] {logging_mixin.py:190} INFO - [2026-07-01T16:17:20.464+0000] {dag.py:3239} INFO - Sync 1 DAGs
[2026-07-01T16:17:20.492+0000] {logging_mixin.py:190} INFO - [2026-07-01T16:17:20.491+0000] {dag.py:4180} INFO - Setting next_dagrun for urban_data_pipeline to 2026-07-01 00:00:00+00:00, run_after=2026-08-01 00:00:00+00:00
[2026-07-01T16:17:20.521+0000] {processor.py:208} INFO - Processing /opt/airflow/dags/urban_data_pipeline_dag.py took 0.338 seconds
[2026-07-01T16:17:51.241+0000] {processor.py:186} INFO - Started process (PID=2133) to work on /opt/airflow/dags/urban_data_pipeline_dag.py
[2026-07-01T16:17:51.245+0000] {processor.py:914} INFO - Processing file /opt/airflow/dags/urban_data_pipeline_dag.py for tasks to queue
[2026-07-01T16:17:51.256+0000] {logging_mixin.py:190} INFO - [2026-07-01T16:17:51.255+0000] {dagbag.py:588} INFO - Filling up the DagBag from /opt/airflow/dags/urban_data_pipeline_dag.py
[2026-07-01T16:17:51.480+0000] {processor.py:925} INFO - DAG(s) 'urban_data_pipeline' retrieved from /opt/airflow/dags/urban_data_pipeline_dag.py
[2026-07-01T16:17:51.533+0000] {logging_mixin.py:190} INFO - [2026-07-01T16:17:51.533+0000] {dag.py:3239} INFO - Sync 1 DAGs
[2026-07-01T16:17:51.557+0000] {logging_mixin.py:190} INFO - [2026-07-01T16:17:51.557+0000] {dag.py:4180} INFO - Setting next_dagrun for urban_data_pipeline to 2026-07-01 00:00:00+00:00, run_after=2026-08-01 00:00:00+00:00
[2026-07-01T16:17:51.584+0000] {processor.py:208} INFO - Processing /opt/airflow/dags/urban_data_pipeline_dag.py took 0.358 seconds
[2026-07-01T16:18:22.230+0000] {processor.py:186} INFO - Started process (PID=2144) to work on /opt/airflow/dags/urban_data_pipeline_dag.py
[2026-07-01T16:18:22.231+0000] {processor.py:914} INFO - Processing file /opt/airflow/dags/urban_data_pipeline_dag.py for tasks to queue
[2026-07-01T16:18:22.234+0000] {logging_mixin.py:190} INFO - [2026-07-01T16:18:22.234+0000] {dagbag.py:588} INFO - Filling up the DagBag from /opt/airflow/dags/urban_data_pipeline_dag.py
[2026-07-01T16:18:22.462+0000] {processor.py:925} INFO - DAG(s) 'urban_data_pipeline' retrieved from /opt/airflow/dags/urban_data_pipeline_dag.py
[2026-07-01T16:18:22.515+0000] {logging_mixin.py:190} INFO - [2026-07-01T16:18:22.515+0000] {dag.py:3239} INFO - Sync 1 DAGs
[2026-07-01T16:18:22.543+0000] {logging_mixin.py:190} INFO - [2026-07-01T16:18:22.542+0000] {dag.py:4180} INFO - Setting next_dagrun for urban_data_pipeline to 2026-07-01 00:00:00+00:00, run_after=2026-08-01 00:00:00+00:00
[2026-07-01T16:18:22.585+0000] {processor.py:208} INFO - Processing /opt/airflow/dags/urban_data_pipeline_dag.py took 0.361 seconds
[2026-07-01T16:18:53.288+0000] {processor.py:186} INFO - Started process (PID=2162) to work on /opt/airflow/dags/urban_data_pipeline_dag.py
[2026-07-01T16:18:53.290+0000] {processor.py:914} INFO - Processing file /opt/airflow/dags/urban_data_pipeline_dag.py for tasks to queue
[2026-07-01T16:18:53.295+0000] {logging_mixin.py:190} INFO - [2026-07-01T16:18:53.295+0000] {dagbag.py:588} INFO - Filling up the DagBag from /opt/airflow/dags/urban_data_pipeline_dag.py
[2026-07-01T16:18:53.713+0000] {processor.py:925} INFO - DAG(s) 'urban_data_pipeline' retrieved from /opt/airflow/dags/urban_data_pipeline_dag.py
[2026-07-01T16:18:53.769+0000] {logging_mixin.py:190} INFO - [2026-07-01T16:18:53.769+0000] {dag.py:3239} INFO - Sync 1 DAGs
[2026-07-01T16:18:53.794+0000] {logging_mixin.py:190} INFO - [2026-07-01T16:18:53.794+0000] {dag.py:4180} INFO - Setting next_dagrun for urban_data_pipeline to 2026-07-01 00:00:00+00:00, run_after=2026-08-01 00:00:00+00:00
[2026-07-01T16:18:53.821+0000] {processor.py:208} INFO - Processing /opt/airflow/dags/urban_data_pipeline_dag.py took 0.545 seconds
[2026-07-01T16:19:24.616+0000] {processor.py:186} INFO - Started process (PID=2182) to work on /opt/airflow/dags/urban_data_pipeline_dag.py
[2026-07-01T16:19:24.618+0000] {processor.py:914} INFO - Processing file /opt/airflow/dags/urban_data_pipeline_dag.py for tasks to queue
[2026-07-01T16:19:24.620+0000] {logging_mixin.py:190} INFO - [2026-07-01T16:19:24.620+0000] {dagbag.py:588} INFO - Filling up the DagBag from /opt/airflow/dags/urban_data_pipeline_dag.py
[2026-07-01T16:19:24.742+0000] {processor.py:925} INFO - DAG(s) 'urban_data_pipeline' retrieved from /opt/airflow/dags/urban_data_pipeline_dag.py
[2026-07-01T16:19:24.794+0000] {logging_mixin.py:190} INFO - [2026-07-01T16:19:24.794+0000] {dag.py:3239} INFO - Sync 1 DAGs
[2026-07-01T16:19:24.821+0000] {logging_mixin.py:190} INFO - [2026-07-01T16:19:24.820+0000] {dag.py:4180} INFO - Setting next_dagrun for urban_data_pipeline to 2026-07-01 00:00:00+00:00, run_after=2026-08-01 00:00:00+00:00
[2026-07-01T16:19:24.854+0000] {processor.py:208} INFO - Processing /opt/airflow/dags/urban_data_pipeline_dag.py took 0.244 seconds
[2026-07-01T16:19:55.599+0000] {processor.py:186} INFO - Started process (PID=2200) to work on /opt/airflow/dags/urban_data_pipeline_dag.py
[2026-07-01T16:19:55.600+0000] {processor.py:914} INFO - Processing file /opt/airflow/dags/urban_data_pipeline_dag.py for tasks to queue
[2026-07-01T16:19:55.603+0000] {logging_mixin.py:190} INFO - [2026-07-01T16:19:55.602+0000] {dagbag.py:588} INFO - Filling up the DagBag from /opt/airflow/dags/urban_data_pipeline_dag.py
[2026-07-01T16:19:55.725+0000] {processor.py:925} INFO - DAG(s) 'urban_data_pipeline' retrieved from /opt/airflow/dags/urban_data_pipeline_dag.py
[2026-07-01T16:19:55.772+0000] {logging_mixin.py:190} INFO - [2026-07-01T16:19:55.771+0000] {dag.py:3239} INFO - Sync 1 DAGs
[2026-07-01T16:19:55.796+0000] {logging_mixin.py:190} INFO - [2026-07-01T16:19:55.796+0000] {dag.py:4180} INFO - Setting next_dagrun for urban_data_pipeline to 2026-07-01 00:00:00+00:00, run_after=2026-08-01 00:00:00+00:00
[2026-07-01T16:19:55.820+0000] {processor.py:208} INFO - Processing /opt/airflow/dags/urban_data_pipeline_dag.py took 0.228 seconds
[2026-07-01T16:20:26.485+0000] {processor.py:186} INFO - Started process (PID=2219) to work on /opt/airflow/dags/urban_data_pipeline_dag.py
[2026-07-01T16:20:26.488+0000] {processor.py:914} INFO - Processing file /opt/airflow/dags/urban_data_pipeline_dag.py for tasks to queue
[2026-07-01T16:20:26.494+0000] {logging_mixin.py:190} INFO - [2026-07-01T16:20:26.493+0000] {dagbag.py:588} INFO - Filling up the DagBag from /opt/airflow/dags/urban_data_pipeline_dag.py
[2026-07-01T16:20:26.883+0000] {processor.py:925} INFO - DAG(s) 'urban_data_pipeline' retrieved from /opt/airflow/dags/urban_data_pipeline_dag.py
[2026-07-01T16:20:26.954+0000] {logging_mixin.py:190} INFO - [2026-07-01T16:20:26.953+0000] {dag.py:3239} INFO - Sync 1 DAGs
[2026-07-01T16:20:26.986+0000] {logging_mixin.py:190} INFO - [2026-07-01T16:20:26.986+0000] {dag.py:4180} INFO - Setting next_dagrun for urban_data_pipeline to 2026-07-01 00:00:00+00:00, run_after=2026-08-01 00:00:00+00:00
[2026-07-01T16:20:27.012+0000] {processor.py:208} INFO - Processing /opt/airflow/dags/urban_data_pipeline_dag.py took 0.559 seconds
[2026-07-01T16:20:57.807+0000] {processor.py:186} INFO - Started process (PID=2237) to work on /opt/airflow/dags/urban_data_pipeline_dag.py
[2026-07-01T16:20:57.809+0000] {processor.py:914} INFO - Processing file /opt/airflow/dags/urban_data_pipeline_dag.py for tasks to queue
[2026-07-01T16:20:57.817+0000] {logging_mixin.py:190} INFO - [2026-07-01T16:20:57.816+0000] {dagbag.py:588} INFO - Filling up the DagBag from /opt/airflow/dags/urban_data_pipeline_dag.py
[2026-07-01T16:20:58.005+0000] {processor.py:925} INFO - DAG(s) 'urban_data_pipeline' retrieved from /opt/airflow/dags/urban_data_pipeline_dag.py
[2026-07-01T16:20:58.053+0000] {logging_mixin.py:190} INFO - [2026-07-01T16:20:58.053+0000] {dag.py:3239} INFO - Sync 1 DAGs
[2026-07-01T16:20:58.076+0000] {logging_mixin.py:190} INFO - [2026-07-01T16:20:58.076+0000] {dag.py:4180} INFO - Setting next_dagrun for urban_data_pipeline to 2026-07-01 00:00:00+00:00, run_after=2026-08-01 00:00:00+00:00
[2026-07-01T16:20:58.101+0000] {processor.py:208} INFO - Processing /opt/airflow/dags/urban_data_pipeline_dag.py took 0.306 seconds
[2026-07-01T16:21:28.766+0000] {processor.py:186} INFO - Started process (PID=2255) to work on /opt/airflow/dags/urban_data_pipeline_dag.py
[2026-07-01T16:21:28.767+0000] {processor.py:914} INFO - Processing file /opt/airflow/dags/urban_data_pipeline_dag.py for tasks to queue
[2026-07-01T16:21:28.771+0000] {logging_mixin.py:190} INFO - [2026-07-01T16:21:28.771+0000] {dagbag.py:588} INFO - Filling up the DagBag from /opt/airflow/dags/urban_data_pipeline_dag.py
[2026-07-01T16:21:28.902+0000] {processor.py:925} INFO - DAG(s) 'urban_data_pipeline' retrieved from /opt/airflow/dags/urban_data_pipeline_dag.py
[2026-07-01T16:21:28.949+0000] {logging_mixin.py:190} INFO - [2026-07-01T16:21:28.949+0000] {dag.py:3239} INFO - Sync 1 DAGs
[2026-07-01T16:21:28.980+0000] {logging_mixin.py:190} INFO - [2026-07-01T16:21:28.980+0000] {dag.py:4180} INFO - Setting next_dagrun for urban_data_pipeline to 2026-07-01 00:00:00+00:00, run_after=2026-08-01 00:00:00+00:00
[2026-07-01T16:21:29.015+0000] {processor.py:208} INFO - Processing /opt/airflow/dags/urban_data_pipeline_dag.py took 0.256 seconds
[2026-07-01T16:21:59.868+0000] {processor.py:186} INFO - Started process (PID=2273) to work on /opt/airflow/dags/urban_data_pipeline_dag.py
[2026-07-01T16:21:59.875+0000] {processor.py:914} INFO - Processing file /opt/airflow/dags/urban_data_pipeline_dag.py for tasks to queue
[2026-07-01T16:21:59.883+0000] {logging_mixin.py:190} INFO - [2026-07-01T16:21:59.882+0000] {dagbag.py:588} INFO - Filling up the DagBag from /opt/airflow/dags/urban_data_pipeline_dag.py
[2026-07-01T16:22:00.102+0000] {processor.py:925} INFO - DAG(s) 'urban_data_pipeline' retrieved from /opt/airflow/dags/urban_data_pipeline_dag.py
[2026-07-01T16:22:00.151+0000] {logging_mixin.py:190} INFO - [2026-07-01T16:22:00.151+0000] {dag.py:3239} INFO - Sync 1 DAGs
[2026-07-01T16:22:00.175+0000] {logging_mixin.py:190} INFO - [2026-07-01T16:22:00.175+0000] {dag.py:4180} INFO - Setting next_dagrun for urban_data_pipeline to 2026-07-01 00:00:00+00:00, run_after=2026-08-01 00:00:00+00:00
[2026-07-01T16:22:00.208+0000] {processor.py:208} INFO - Processing /opt/airflow/dags/urban_data_pipeline_dag.py took 0.378 seconds
[2026-07-01T16:22:31.114+0000] {processor.py:186} INFO - Started process (PID=2291) to work on /opt/airflow/dags/urban_data_pipeline_dag.py
[2026-07-01T16:22:31.119+0000] {processor.py:914} INFO - Processing file /opt/airflow/dags/urban_data_pipeline_dag.py for tasks to queue
[2026-07-01T16:22:31.133+0000] {logging_mixin.py:190} INFO - [2026-07-01T16:22:31.132+0000] {dagbag.py:588} INFO - Filling up the DagBag from /opt/airflow/dags/urban_data_pipeline_dag.py
[2026-07-01T16:22:31.496+0000] {processor.py:925} INFO - DAG(s) 'urban_data_pipeline' retrieved from /opt/airflow/dags/urban_data_pipeline_dag.py
[2026-07-01T16:22:31.539+0000] {logging_mixin.py:190} INFO - [2026-07-01T16:22:31.539+0000] {dag.py:3239} INFO - Sync 1 DAGs
[2026-07-01T16:22:31.562+0000] {logging_mixin.py:190} INFO - [2026-07-01T16:22:31.562+0000] {dag.py:4180} INFO - Setting next_dagrun for urban_data_pipeline to 2026-07-01 00:00:00+00:00, run_after=2026-08-01 00:00:00+00:00
[2026-07-01T16:22:31.587+0000] {processor.py:208} INFO - Processing /opt/airflow/dags/urban_data_pipeline_dag.py took 0.501 seconds
[2026-07-01T16:23:02.026+0000] {processor.py:186} INFO - Started process (PID=2309) to work on /opt/airflow/dags/urban_data_pipeline_dag.py
[2026-07-01T16:23:02.029+0000] {processor.py:914} INFO - Processing file /opt/airflow/dags/urban_data_pipeline_dag.py for tasks to queue
[2026-07-01T16:23:02.036+0000] {logging_mixin.py:190} INFO - [2026-07-01T16:23:02.035+0000] {dagbag.py:588} INFO - Filling up the DagBag from /opt/airflow/dags/urban_data_pipeline_dag.py
[2026-07-01T16:23:02.464+0000] {processor.py:925} INFO - DAG(s) 'urban_data_pipeline' retrieved from /opt/airflow/dags/urban_data_pipeline_dag.py
[2026-07-01T16:23:02.535+0000] {logging_mixin.py:190} INFO - [2026-07-01T16:23:02.535+0000] {dag.py:3239} INFO - Sync 1 DAGs
[2026-07-01T16:23:02.558+0000] {logging_mixin.py:190} INFO - [2026-07-01T16:23:02.558+0000] {dag.py:4180} INFO - Setting next_dagrun for urban_data_pipeline to 2026-07-01 00:00:00+00:00, run_after=2026-08-01 00:00:00+00:00
[2026-07-01T16:23:02.593+0000] {processor.py:208} INFO - Processing /opt/airflow/dags/urban_data_pipeline_dag.py took 0.599 seconds
[2026-07-01T16:23:33.334+0000] {processor.py:186} INFO - Started process (PID=2326) to work on /opt/airflow/dags/urban_data_pipeline_dag.py
[2026-07-01T16:23:33.339+0000] {processor.py:914} INFO - Processing file /opt/airflow/dags/urban_data_pipeline_dag.py for tasks to queue
[2026-07-01T16:23:33.346+0000] {logging_mixin.py:190} INFO - [2026-07-01T16:23:33.344+0000] {dagbag.py:588} INFO - Filling up the DagBag from /opt/airflow/dags/urban_data_pipeline_dag.py
[2026-07-01T16:23:33.496+0000] {processor.py:925} INFO - DAG(s) 'urban_data_pipeline' retrieved from /opt/airflow/dags/urban_data_pipeline_dag.py
[2026-07-01T16:23:33.547+0000] {logging_mixin.py:190} INFO - [2026-07-01T16:23:33.546+0000] {dag.py:3239} INFO - Sync 1 DAGs
[2026-07-01T16:23:33.575+0000] {logging_mixin.py:190} INFO - [2026-07-01T16:23:33.575+0000] {dag.py:4180} INFO - Setting next_dagrun for urban_data_pipeline to 2026-07-01 00:00:00+00:00, run_after=2026-08-01 00:00:00+00:00
[2026-07-01T16:23:33.600+0000] {processor.py:208} INFO - Processing /opt/airflow/dags/urban_data_pipeline_dag.py took 0.291 seconds
[2026-07-01T16:24:04.162+0000] {processor.py:186} INFO - Started process (PID=2337) to work on /opt/airflow/dags/urban_data_pipeline_dag.py
[2026-07-01T16:24:04.165+0000] {processor.py:914} INFO - Processing file /opt/airflow/dags/urban_data_pipeline_dag.py for tasks to queue
[2026-07-01T16:24:04.170+0000] {logging_mixin.py:190} INFO - [2026-07-01T16:24:04.169+0000] {dagbag.py:588} INFO - Filling up the DagBag from /opt/airflow/dags/urban_data_pipeline_dag.py
[2026-07-01T16:24:04.534+0000] {processor.py:925} INFO - DAG(s) 'urban_data_pipeline' retrieved from /opt/airflow/dags/urban_data_pipeline_dag.py
[2026-07-01T16:24:04.596+0000] {logging_mixin.py:190} INFO - [2026-07-01T16:24:04.595+0000] {dag.py:3239} INFO - Sync 1 DAGs
[2026-07-01T16:24:04.629+0000] {logging_mixin.py:190} INFO - [2026-07-01T16:24:04.629+0000] {dag.py:4180} INFO - Setting next_dagrun for urban_data_pipeline to 2026-07-01 00:00:00+00:00, run_after=2026-08-01 00:00:00+00:00
[2026-07-01T16:24:04.664+0000] {processor.py:208} INFO - Processing /opt/airflow/dags/urban_data_pipeline_dag.py took 0.512 seconds
[2026-07-01T16:24:35.550+0000] {processor.py:186} INFO - Started process (PID=2355) to work on /opt/airflow/dags/urban_data_pipeline_dag.py
[2026-07-01T16:24:35.552+0000] {processor.py:914} INFO - Processing file /opt/airflow/dags/urban_data_pipeline_dag.py for tasks to queue
[2026-07-01T16:24:35.557+0000] {logging_mixin.py:190} INFO - [2026-07-01T16:24:35.556+0000] {dagbag.py:588} INFO - Filling up the DagBag from /opt/airflow/dags/urban_data_pipeline_dag.py
[2026-07-01T16:24:35.786+0000] {processor.py:925} INFO - DAG(s) 'urban_data_pipeline' retrieved from /opt/airflow/dags/urban_data_pipeline_dag.py
[2026-07-01T16:24:35.840+0000] {logging_mixin.py:190} INFO - [2026-07-01T16:24:35.840+0000] {dag.py:3239} INFO - Sync 1 DAGs
[2026-07-01T16:24:35.866+0000] {logging_mixin.py:190} INFO - [2026-07-01T16:24:35.866+0000] {dag.py:4180} INFO - Setting next_dagrun for urban_data_pipeline to 2026-07-01 00:00:00+00:00, run_after=2026-08-01 00:00:00+00:00
[2026-07-01T16:24:35.887+0000] {processor.py:208} INFO - Processing /opt/airflow/dags/urban_data_pipeline_dag.py took 0.351 seconds
[2026-07-01T16:25:06.339+0000] {processor.py:186} INFO - Started process (PID=2373) to work on /opt/airflow/dags/urban_data_pipeline_dag.py
[2026-07-01T16:25:06.343+0000] {processor.py:914} INFO - Processing file /opt/airflow/dags/urban_data_pipeline_dag.py for tasks to queue
[2026-07-01T16:25:06.348+0000] {logging_mixin.py:190} INFO - [2026-07-01T16:25:06.348+0000] {dagbag.py:588} INFO - Filling up the DagBag from /opt/airflow/dags/urban_data_pipeline_dag.py
[2026-07-01T16:25:06.693+0000] {processor.py:925} INFO - DAG(s) 'urban_data_pipeline' retrieved from /opt/airflow/dags/urban_data_pipeline_dag.py
[2026-07-01T16:25:06.761+0000] {logging_mixin.py:190} INFO - [2026-07-01T16:25:06.760+0000] {dag.py:3239} INFO - Sync 1 DAGs
[2026-07-01T16:25:06.789+0000] {logging_mixin.py:190} INFO - [2026-07-01T16:25:06.789+0000] {dag.py:4180} INFO - Setting next_dagrun for urban_data_pipeline to 2026-07-01 00:00:00+00:00, run_after=2026-08-01 00:00:00+00:00
[2026-07-01T16:25:06.818+0000] {processor.py:208} INFO - Processing /opt/airflow/dags/urban_data_pipeline_dag.py took 0.491 seconds
[2026-07-01T16:25:37.732+0000] {processor.py:186} INFO - Started process (PID=2391) to work on /opt/airflow/dags/urban_data_pipeline_dag.py
[2026-07-01T16:25:37.734+0000] {processor.py:914} INFO - Processing file /opt/airflow/dags/urban_data_pipeline_dag.py for tasks to queue
[2026-07-01T16:25:37.738+0000] {logging_mixin.py:190} INFO - [2026-07-01T16:25:37.738+0000] {dagbag.py:588} INFO - Filling up the DagBag from /opt/airflow/dags/urban_data_pipeline_dag.py
[2026-07-01T16:25:38.178+0000] {processor.py:925} INFO - DAG(s) 'urban_data_pipeline' retrieved from /opt/airflow/dags/urban_data_pipeline_dag.py
[2026-07-01T16:25:38.238+0000] {logging_mixin.py:190} INFO - [2026-07-01T16:25:38.238+0000] {dag.py:3239} INFO - Sync 1 DAGs
[2026-07-01T16:25:38.265+0000] {logging_mixin.py:190} INFO - [2026-07-01T16:25:38.265+0000] {dag.py:4180} INFO - Setting next_dagrun for urban_data_pipeline to 2026-07-01 00:00:00+00:00, run_after=2026-08-01 00:00:00+00:00
[2026-07-01T16:25:38.300+0000] {processor.py:208} INFO - Processing /opt/airflow/dags/urban_data_pipeline_dag.py took 0.590 seconds
[2026-07-01T16:26:08.702+0000] {processor.py:186} INFO - Started process (PID=2409) to work on /opt/airflow/dags/urban_data_pipeline_dag.py
[2026-07-01T16:26:08.704+0000] {processor.py:914} INFO - Processing file /opt/airflow/dags/urban_data_pipeline_dag.py for tasks to queue
[2026-07-01T16:26:08.709+0000] {logging_mixin.py:190} INFO - [2026-07-01T16:26:08.708+0000] {dagbag.py:588} INFO - Filling up the DagBag from /opt/airflow/dags/urban_data_pipeline_dag.py
[2026-07-01T16:26:08.862+0000] {processor.py:925} INFO - DAG(s) 'urban_data_pipeline' retrieved from /opt/airflow/dags/urban_data_pipeline_dag.py
[2026-07-01T16:26:08.925+0000] {logging_mixin.py:190} INFO - [2026-07-01T16:26:08.925+0000] {dag.py:3239} INFO - Sync 1 DAGs
[2026-07-01T16:26:08.949+0000] {logging_mixin.py:190} INFO - [2026-07-01T16:26:08.949+0000] {dag.py:4180} INFO - Setting next_dagrun for urban_data_pipeline to 2026-07-01 00:00:00+00:00, run_after=2026-08-01 00:00:00+00:00
[2026-07-01T16:26:08.996+0000] {processor.py:208} INFO - Processing /opt/airflow/dags/urban_data_pipeline_dag.py took 0.303 seconds
[2026-07-01T16:26:39.336+0000] {processor.py:186} INFO - Started process (PID=2427) to work on /opt/airflow/dags/urban_data_pipeline_dag.py
[2026-07-01T16:26:39.342+0000] {processor.py:914} INFO - Processing file /opt/airflow/dags/urban_data_pipeline_dag.py for tasks to queue
[2026-07-01T16:26:39.350+0000] {logging_mixin.py:190} INFO - [2026-07-01T16:26:39.348+0000] {dagbag.py:588} INFO - Filling up the DagBag from /opt/airflow/dags/urban_data_pipeline_dag.py
[2026-07-01T16:26:39.910+0000] {processor.py:925} INFO - DAG(s) 'urban_data_pipeline' retrieved from /opt/airflow/dags/urban_data_pipeline_dag.py
[2026-07-01T16:26:39.969+0000] {logging_mixin.py:190} INFO - [2026-07-01T16:26:39.969+0000] {dag.py:3239} INFO - Sync 1 DAGs
[2026-07-01T16:26:39.995+0000] {logging_mixin.py:190} INFO - [2026-07-01T16:26:39.995+0000] {dag.py:4180} INFO - Setting next_dagrun for urban_data_pipeline to 2026-07-01 00:00:00+00:00, run_after=2026-08-01 00:00:00+00:00
[2026-07-01T16:26:40.037+0000] {processor.py:208} INFO - Processing /opt/airflow/dags/urban_data_pipeline_dag.py took 0.719 seconds
[2026-07-01T16:27:10.794+0000] {processor.py:186} INFO - Started process (PID=2445) to work on /opt/airflow/dags/urban_data_pipeline_dag.py
[2026-07-01T16:27:10.795+0000] {processor.py:914} INFO - Processing file /opt/airflow/dags/urban_data_pipeline_dag.py for tasks to queue
[2026-07-01T16:27:10.798+0000] {logging_mixin.py:190} INFO - [2026-07-01T16:27:10.797+0000] {dagbag.py:588} INFO - Filling up the DagBag from /opt/airflow/dags/urban_data_pipeline_dag.py
[2026-07-01T16:27:10.920+0000] {processor.py:925} INFO - DAG(s) 'urban_data_pipeline' retrieved from /opt/airflow/dags/urban_data_pipeline_dag.py
[2026-07-01T16:27:10.969+0000] {logging_mixin.py:190} INFO - [2026-07-01T16:27:10.969+0000] {dag.py:3239} INFO - Sync 1 DAGs
[2026-07-01T16:27:11.015+0000] {logging_mixin.py:190} INFO - [2026-07-01T16:27:11.014+0000] {dag.py:4180} INFO - Setting next_dagrun for urban_data_pipeline to 2026-07-01 00:00:00+00:00, run_after=2026-08-01 00:00:00+00:00
[2026-07-01T16:27:11.060+0000] {processor.py:208} INFO - Processing /opt/airflow/dags/urban_data_pipeline_dag.py took 0.272 seconds
[2026-07-01T16:27:41.175+0000] {processor.py:186} INFO - Started process (PID=2463) to work on /opt/airflow/dags/urban_data_pipeline_dag.py
[2026-07-01T16:27:41.178+0000] {processor.py:914} INFO - Processing file /opt/airflow/dags/urban_data_pipeline_dag.py for tasks to queue
[2026-07-01T16:27:41.183+0000] {logging_mixin.py:190} INFO - [2026-07-01T16:27:41.182+0000] {dagbag.py:588} INFO - Filling up the DagBag from /opt/airflow/dags/urban_data_pipeline_dag.py
[2026-07-01T16:27:41.362+0000] {processor.py:925} INFO - DAG(s) 'urban_data_pipeline' retrieved from /opt/airflow/dags/urban_data_pipeline_dag.py
[2026-07-01T16:27:41.413+0000] {logging_mixin.py:190} INFO - [2026-07-01T16:27:41.413+0000] {dag.py:3239} INFO - Sync 1 DAGs
[2026-07-01T16:27:41.444+0000] {logging_mixin.py:190} INFO - [2026-07-01T16:27:41.444+0000] {dag.py:4180} INFO - Setting next_dagrun for urban_data_pipeline to 2026-07-01 00:00:00+00:00, run_after=2026-08-01 00:00:00+00:00
[2026-07-01T16:27:41.471+0000] {processor.py:208} INFO - Processing /opt/airflow/dags/urban_data_pipeline_dag.py took 0.307 seconds
[2026-07-01T16:28:12.288+0000] {processor.py:186} INFO - Started process (PID=2481) to work on /opt/airflow/dags/urban_data_pipeline_dag.py
[2026-07-01T16:28:12.290+0000] {processor.py:914} INFO - Processing file /opt/airflow/dags/urban_data_pipeline_dag.py for tasks to queue
[2026-07-01T16:28:12.293+0000] {logging_mixin.py:190} INFO - [2026-07-01T16:28:12.293+0000] {dagbag.py:588} INFO - Filling up the DagBag from /opt/airflow/dags/urban_data_pipeline_dag.py
[2026-07-01T16:28:12.516+0000] {processor.py:925} INFO - DAG(s) 'urban_data_pipeline' retrieved from /opt/airflow/dags/urban_data_pipeline_dag.py
[2026-07-01T16:28:12.571+0000] {logging_mixin.py:190} INFO - [2026-07-01T16:28:12.571+0000] {dag.py:3239} INFO - Sync 1 DAGs
[2026-07-01T16:28:12.599+0000] {logging_mixin.py:190} INFO - [2026-07-01T16:28:12.599+0000] {dag.py:4180} INFO - Setting next_dagrun for urban_data_pipeline to 2026-07-01 00:00:00+00:00, run_after=2026-08-01 00:00:00+00:00
[2026-07-01T16:28:12.640+0000] {processor.py:208} INFO - Processing /opt/airflow/dags/urban_data_pipeline_dag.py took 0.364 seconds
[2026-07-01T16:28:43.648+0000] {processor.py:186} INFO - Started process (PID=2499) to work on /opt/airflow/dags/urban_data_pipeline_dag.py
[2026-07-01T16:28:43.654+0000] {processor.py:914} INFO - Processing file /opt/airflow/dags/urban_data_pipeline_dag.py for tasks to queue
[2026-07-01T16:28:43.660+0000] {logging_mixin.py:190} INFO - [2026-07-01T16:28:43.659+0000] {dagbag.py:588} INFO - Filling up the DagBag from /opt/airflow/dags/urban_data_pipeline_dag.py
[2026-07-01T16:28:44.072+0000] {processor.py:925} INFO - DAG(s) 'urban_data_pipeline' retrieved from /opt/airflow/dags/urban_data_pipeline_dag.py
[2026-07-01T16:28:44.141+0000] {logging_mixin.py:190} INFO - [2026-07-01T16:28:44.141+0000] {dag.py:3239} INFO - Sync 1 DAGs
[2026-07-01T16:28:44.181+0000] {logging_mixin.py:190} INFO - [2026-07-01T16:28:44.181+0000] {dag.py:4180} INFO - Setting next_dagrun for urban_data_pipeline to 2026-07-01 00:00:00+00:00, run_after=2026-08-01 00:00:00+00:00
[2026-07-01T16:28:44.260+0000] {processor.py:208} INFO - Processing /opt/airflow/dags/urban_data_pipeline_dag.py took 0.650 seconds
[2026-07-01T16:29:14.453+0000] {processor.py:186} INFO - Started process (PID=2517) to work on /opt/airflow/dags/urban_data_pipeline_dag.py
[2026-07-01T16:29:14.456+0000] {processor.py:914} INFO - Processing file /opt/airflow/dags/urban_data_pipeline_dag.py for tasks to queue
[2026-07-01T16:29:14.459+0000] {logging_mixin.py:190} INFO - [2026-07-01T16:29:14.459+0000] {dagbag.py:588} INFO - Filling up the DagBag from /opt/airflow/dags/urban_data_pipeline_dag.py
[2026-07-01T16:29:14.686+0000] {processor.py:925} INFO - DAG(s) 'urban_data_pipeline' retrieved from /opt/airflow/dags/urban_data_pipeline_dag.py
[2026-07-01T16:29:14.741+0000] {logging_mixin.py:190} INFO - [2026-07-01T16:29:14.741+0000] {dag.py:3239} INFO - Sync 1 DAGs
[2026-07-01T16:29:14.769+0000] {logging_mixin.py:190} INFO - [2026-07-01T16:29:14.768+0000] {dag.py:4180} INFO - Setting next_dagrun for urban_data_pipeline to 2026-07-01 00:00:00+00:00, run_after=2026-08-01 00:00:00+00:00
[2026-07-01T16:29:14.794+0000] {processor.py:208} INFO - Processing /opt/airflow/dags/urban_data_pipeline_dag.py took 0.351 seconds
[2026-07-01T16:29:45.796+0000] {processor.py:186} INFO - Started process (PID=2534) to work on /opt/airflow/dags/urban_data_pipeline_dag.py
[2026-07-01T16:29:45.799+0000] {processor.py:914} INFO - Processing file /opt/airflow/dags/urban_data_pipeline_dag.py for tasks to queue
[2026-07-01T16:29:45.806+0000] {logging_mixin.py:190} INFO - [2026-07-01T16:29:45.805+0000] {dagbag.py:588} INFO - Filling up the DagBag from /opt/airflow/dags/urban_data_pipeline_dag.py
[2026-07-01T16:29:45.961+0000] {processor.py:925} INFO - DAG(s) 'urban_data_pipeline' retrieved from /opt/airflow/dags/urban_data_pipeline_dag.py
[2026-07-01T16:29:46.009+0000] {logging_mixin.py:190} INFO - [2026-07-01T16:29:46.009+0000] {dag.py:3239} INFO - Sync 1 DAGs
[2026-07-01T16:29:46.042+0000] {logging_mixin.py:190} INFO - [2026-07-01T16:29:46.042+0000] {dag.py:4180} INFO - Setting next_dagrun for urban_data_pipeline to 2026-07-01 00:00:00+00:00, run_after=2026-08-01 00:00:00+00:00
[2026-07-01T16:29:46.071+0000] {processor.py:208} INFO - Processing /opt/airflow/dags/urban_data_pipeline_dag.py took 0.293 seconds
[2026-07-01T16:30:16.258+0000] {processor.py:186} INFO - Started process (PID=2545) to work on /opt/airflow/dags/urban_data_pipeline_dag.py
[2026-07-01T16:30:16.261+0000] {processor.py:914} INFO - Processing file /opt/airflow/dags/urban_data_pipeline_dag.py for tasks to queue
[2026-07-01T16:30:16.267+0000] {logging_mixin.py:190} INFO - [2026-07-01T16:30:16.267+0000] {dagbag.py:588} INFO - Filling up the DagBag from /opt/airflow/dags/urban_data_pipeline_dag.py
[2026-07-01T16:30:16.504+0000] {processor.py:925} INFO - DAG(s) 'urban_data_pipeline' retrieved from /opt/airflow/dags/urban_data_pipeline_dag.py
[2026-07-01T16:30:16.607+0000] {logging_mixin.py:190} INFO - [2026-07-01T16:30:16.606+0000] {dag.py:3239} INFO - Sync 1 DAGs
[2026-07-01T16:30:16.649+0000] {logging_mixin.py:190} INFO - [2026-07-01T16:30:16.649+0000] {dag.py:4180} INFO - Setting next_dagrun for urban_data_pipeline to 2026-07-01 00:00:00+00:00, run_after=2026-08-01 00:00:00+00:00
[2026-07-01T16:30:16.682+0000] {processor.py:208} INFO - Processing /opt/airflow/dags/urban_data_pipeline_dag.py took 0.446 seconds
[2026-07-01T16:30:47.666+0000] {processor.py:186} INFO - Started process (PID=2563) to work on /opt/airflow/dags/urban_data_pipeline_dag.py
[2026-07-01T16:30:47.668+0000] {processor.py:914} INFO - Processing file /opt/airflow/dags/urban_data_pipeline_dag.py for tasks to queue
[2026-07-01T16:30:47.672+0000] {logging_mixin.py:190} INFO - [2026-07-01T16:30:47.672+0000] {dagbag.py:588} INFO - Filling up the DagBag from /opt/airflow/dags/urban_data_pipeline_dag.py
[2026-07-01T16:30:47.976+0000] {processor.py:925} INFO - DAG(s) 'urban_data_pipeline' retrieved from /opt/airflow/dags/urban_data_pipeline_dag.py
[2026-07-01T16:30:48.061+0000] {logging_mixin.py:190} INFO - [2026-07-01T16:30:48.061+0000] {dag.py:3239} INFO - Sync 1 DAGs
[2026-07-01T16:30:48.087+0000] {logging_mixin.py:190} INFO - [2026-07-01T16:30:48.087+0000] {dag.py:4180} INFO - Setting next_dagrun for urban_data_pipeline to 2026-07-01 00:00:00+00:00, run_after=2026-08-01 00:00:00+00:00
[2026-07-01T16:30:48.111+0000] {processor.py:208} INFO - Processing /opt/airflow/dags/urban_data_pipeline_dag.py took 0.460 seconds
[2026-07-01T16:31:18.223+0000] {processor.py:186} INFO - Started process (PID=2581) to work on /opt/airflow/dags/urban_data_pipeline_dag.py
[2026-07-01T16:31:18.225+0000] {processor.py:914} INFO - Processing file /opt/airflow/dags/urban_data_pipeline_dag.py for tasks to queue
[2026-07-01T16:31:18.228+0000] {logging_mixin.py:190} INFO - [2026-07-01T16:31:18.227+0000] {dagbag.py:588} INFO - Filling up the DagBag from /opt/airflow/dags/urban_data_pipeline_dag.py
[2026-07-01T16:31:18.434+0000] {processor.py:925} INFO - DAG(s) 'urban_data_pipeline' retrieved from /opt/airflow/dags/urban_data_pipeline_dag.py
[2026-07-01T16:31:18.511+0000] {logging_mixin.py:190} INFO - [2026-07-01T16:31:18.510+0000] {dag.py:3239} INFO - Sync 1 DAGs
[2026-07-01T16:31:18.533+0000] {logging_mixin.py:190} INFO - [2026-07-01T16:31:18.533+0000] {dag.py:4180} INFO - Setting next_dagrun for urban_data_pipeline to 2026-07-01 00:00:00+00:00, run_after=2026-08-01 00:00:00+00:00
[2026-07-01T16:31:18.560+0000] {processor.py:208} INFO - Processing /opt/airflow/dags/urban_data_pipeline_dag.py took 0.350 seconds
[2026-07-01T16:31:48.845+0000] {processor.py:186} INFO - Started process (PID=2599) to work on /opt/airflow/dags/urban_data_pipeline_dag.py
[2026-07-01T16:31:48.848+0000] {processor.py:914} INFO - Processing file /opt/airflow/dags/urban_data_pipeline_dag.py for tasks to queue
[2026-07-01T16:31:48.853+0000] {logging_mixin.py:190} INFO - [2026-07-01T16:31:48.853+0000] {dagbag.py:588} INFO - Filling up the DagBag from /opt/airflow/dags/urban_data_pipeline_dag.py
[2026-07-01T16:31:49.205+0000] {processor.py:925} INFO - DAG(s) 'urban_data_pipeline' retrieved from /opt/airflow/dags/urban_data_pipeline_dag.py
[2026-07-01T16:31:49.268+0000] {logging_mixin.py:190} INFO - [2026-07-01T16:31:49.268+0000] {dag.py:3239} INFO - Sync 1 DAGs
[2026-07-01T16:31:49.306+0000] {logging_mixin.py:190} INFO - [2026-07-01T16:31:49.306+0000] {dag.py:4180} INFO - Setting next_dagrun for urban_data_pipeline to 2026-07-01 00:00:00+00:00, run_after=2026-08-01 00:00:00+00:00
[2026-07-01T16:31:49.341+0000] {processor.py:208} INFO - Processing /opt/airflow/dags/urban_data_pipeline_dag.py took 0.528 seconds
[2026-07-01T16:32:20.241+0000] {processor.py:186} INFO - Started process (PID=2617) to work on /opt/airflow/dags/urban_data_pipeline_dag.py
[2026-07-01T16:32:20.242+0000] {processor.py:914} INFO - Processing file /opt/airflow/dags/urban_data_pipeline_dag.py for tasks to queue
[2026-07-01T16:32:20.245+0000] {logging_mixin.py:190} INFO - [2026-07-01T16:32:20.245+0000] {dagbag.py:588} INFO - Filling up the DagBag from /opt/airflow/dags/urban_data_pipeline_dag.py
[2026-07-01T16:32:20.527+0000] {processor.py:925} INFO - DAG(s) 'urban_data_pipeline' retrieved from /opt/airflow/dags/urban_data_pipeline_dag.py
[2026-07-01T16:32:20.588+0000] {logging_mixin.py:190} INFO - [2026-07-01T16:32:20.588+0000] {dag.py:3239} INFO - Sync 1 DAGs
[2026-07-01T16:32:20.613+0000] {logging_mixin.py:190} INFO - [2026-07-01T16:32:20.612+0000] {dag.py:4180} INFO - Setting next_dagrun for urban_data_pipeline to 2026-07-01 00:00:00+00:00, run_after=2026-08-01 00:00:00+00:00
[2026-07-01T16:32:20.661+0000] {processor.py:208} INFO - Processing /opt/airflow/dags/urban_data_pipeline_dag.py took 0.428 seconds
[2026-07-01T16:32:51.427+0000] {processor.py:186} INFO - Started process (PID=2635) to work on /opt/airflow/dags/urban_data_pipeline_dag.py
[2026-07-01T16:32:51.429+0000] {processor.py:914} INFO - Processing file /opt/airflow/dags/urban_data_pipeline_dag.py for tasks to queue
[2026-07-01T16:32:51.431+0000] {logging_mixin.py:190} INFO - [2026-07-01T16:32:51.431+0000] {dagbag.py:588} INFO - Filling up the DagBag from /opt/airflow/dags/urban_data_pipeline_dag.py
[2026-07-01T16:32:51.593+0000] {processor.py:925} INFO - DAG(s) 'urban_data_pipeline' retrieved from /opt/airflow/dags/urban_data_pipeline_dag.py
[2026-07-01T16:32:51.652+0000] {logging_mixin.py:190} INFO - [2026-07-01T16:32:51.651+0000] {dag.py:3239} INFO - Sync 1 DAGs
[2026-07-01T16:32:51.681+0000] {logging_mixin.py:190} INFO - [2026-07-01T16:32:51.680+0000] {dag.py:4180} INFO - Setting next_dagrun for urban_data_pipeline to 2026-07-01 00:00:00+00:00, run_after=2026-08-01 00:00:00+00:00
[2026-07-01T16:32:51.711+0000] {processor.py:208} INFO - Processing /opt/airflow/dags/urban_data_pipeline_dag.py took 0.292 seconds
[2026-07-01T16:33:22.338+0000] {processor.py:186} INFO - Started process (PID=2653) to work on /opt/airflow/dags/urban_data_pipeline_dag.py
[2026-07-01T16:33:22.340+0000] {processor.py:914} INFO - Processing file /opt/airflow/dags/urban_data_pipeline_dag.py for tasks to queue
[2026-07-01T16:33:22.344+0000] {logging_mixin.py:190} INFO - [2026-07-01T16:33:22.343+0000] {dagbag.py:588} INFO - Filling up the DagBag from /opt/airflow/dags/urban_data_pipeline_dag.py
[2026-07-01T16:33:22.698+0000] {processor.py:925} INFO - DAG(s) 'urban_data_pipeline' retrieved from /opt/airflow/dags/urban_data_pipeline_dag.py
[2026-07-01T16:33:22.745+0000] {logging_mixin.py:190} INFO - [2026-07-01T16:33:22.745+0000] {dag.py:3239} INFO - Sync 1 DAGs
[2026-07-01T16:33:22.780+0000] {logging_mixin.py:190} INFO - [2026-07-01T16:33:22.780+0000] {dag.py:4180} INFO - Setting next_dagrun for urban_data_pipeline to 2026-07-01 00:00:00+00:00, run_after=2026-08-01 00:00:00+00:00
[2026-07-01T16:33:22.812+0000] {processor.py:208} INFO - Processing /opt/airflow/dags/urban_data_pipeline_dag.py took 0.481 seconds
[2026-07-01T16:33:53.526+0000] {processor.py:186} INFO - Started process (PID=2671) to work on /opt/airflow/dags/urban_data_pipeline_dag.py
[2026-07-01T16:33:53.527+0000] {processor.py:914} INFO - Processing file /opt/airflow/dags/urban_data_pipeline_dag.py for tasks to queue
[2026-07-01T16:33:53.532+0000] {logging_mixin.py:190} INFO - [2026-07-01T16:33:53.531+0000] {dagbag.py:588} INFO - Filling up the DagBag from /opt/airflow/dags/urban_data_pipeline_dag.py
[2026-07-01T16:33:53.690+0000] {processor.py:925} INFO - DAG(s) 'urban_data_pipeline' retrieved from /opt/airflow/dags/urban_data_pipeline_dag.py
[2026-07-01T16:33:53.741+0000] {logging_mixin.py:190} INFO - [2026-07-01T16:33:53.741+0000] {dag.py:3239} INFO - Sync 1 DAGs
[2026-07-01T16:33:53.769+0000] {logging_mixin.py:190} INFO - [2026-07-01T16:33:53.768+0000] {dag.py:4180} INFO - Setting next_dagrun for urban_data_pipeline to 2026-07-01 00:00:00+00:00, run_after=2026-08-01 00:00:00+00:00
[2026-07-01T16:33:53.801+0000] {processor.py:208} INFO - Processing /opt/airflow/dags/urban_data_pipeline_dag.py took 0.285 seconds
[2026-07-01T16:34:23.860+0000] {processor.py:186} INFO - Started process (PID=2688) to work on /opt/airflow/dags/urban_data_pipeline_dag.py
[2026-07-01T16:34:23.861+0000] {processor.py:914} INFO - Processing file /opt/airflow/dags/urban_data_pipeline_dag.py for tasks to queue
[2026-07-01T16:34:23.864+0000] {logging_mixin.py:190} INFO - [2026-07-01T16:34:23.863+0000] {dagbag.py:588} INFO - Filling up the DagBag from /opt/airflow/dags/urban_data_pipeline_dag.py
[2026-07-01T16:34:24.016+0000] {processor.py:925} INFO - DAG(s) 'urban_data_pipeline' retrieved from /opt/airflow/dags/urban_data_pipeline_dag.py
[2026-07-01T16:34:24.072+0000] {logging_mixin.py:190} INFO - [2026-07-01T16:34:24.072+0000] {dag.py:3239} INFO - Sync 1 DAGs
[2026-07-01T16:34:24.099+0000] {logging_mixin.py:190} INFO - [2026-07-01T16:34:24.098+0000] {dag.py:4180} INFO - Setting next_dagrun for urban_data_pipeline to 2026-07-01 00:00:00+00:00, run_after=2026-08-01 00:00:00+00:00
[2026-07-01T16:34:24.152+0000] {processor.py:208} INFO - Processing /opt/airflow/dags/urban_data_pipeline_dag.py took 0.299 seconds
[2026-07-01T16:34:54.506+0000] {processor.py:186} INFO - Started process (PID=2699) to work on /opt/airflow/dags/urban_data_pipeline_dag.py
[2026-07-01T16:34:54.507+0000] {processor.py:914} INFO - Processing file /opt/airflow/dags/urban_data_pipeline_dag.py for tasks to queue
[2026-07-01T16:34:54.510+0000] {logging_mixin.py:190} INFO - [2026-07-01T16:34:54.510+0000] {dagbag.py:588} INFO - Filling up the DagBag from /opt/airflow/dags/urban_data_pipeline_dag.py
[2026-07-01T16:34:54.676+0000] {processor.py:925} INFO - DAG(s) 'urban_data_pipeline' retrieved from /opt/airflow/dags/urban_data_pipeline_dag.py
[2026-07-01T16:34:54.720+0000] {logging_mixin.py:190} INFO - [2026-07-01T16:34:54.720+0000] {dag.py:3239} INFO - Sync 1 DAGs
[2026-07-01T16:34:54.745+0000] {logging_mixin.py:190} INFO - [2026-07-01T16:34:54.745+0000] {dag.py:4180} INFO - Setting next_dagrun for urban_data_pipeline to 2026-07-01 00:00:00+00:00, run_after=2026-08-01 00:00:00+00:00
[2026-07-01T16:34:54.772+0000] {processor.py:208} INFO - Processing /opt/airflow/dags/urban_data_pipeline_dag.py took 0.289 seconds
[2026-07-01T16:35:24.915+0000] {processor.py:186} INFO - Started process (PID=2717) to work on /opt/airflow/dags/urban_data_pipeline_dag.py
[2026-07-01T16:35:24.917+0000] {processor.py:914} INFO - Processing file /opt/airflow/dags/urban_data_pipeline_dag.py for tasks to queue
[2026-07-01T16:35:24.921+0000] {logging_mixin.py:190} INFO - [2026-07-01T16:35:24.921+0000] {dagbag.py:588} INFO - Filling up the DagBag from /opt/airflow/dags/urban_data_pipeline_dag.py
[2026-07-01T16:35:25.330+0000] {processor.py:925} INFO - DAG(s) 'urban_data_pipeline' retrieved from /opt/airflow/dags/urban_data_pipeline_dag.py
[2026-07-01T16:35:25.402+0000] {logging_mixin.py:190} INFO - [2026-07-01T16:35:25.402+0000] {dag.py:3239} INFO - Sync 1 DAGs
[2026-07-01T16:35:25.429+0000] {logging_mixin.py:190} INFO - [2026-07-01T16:35:25.429+0000] {dag.py:4180} INFO - Setting next_dagrun for urban_data_pipeline to 2026-07-01 00:00:00+00:00, run_after=2026-08-01 00:00:00+00:00
[2026-07-01T16:35:25.454+0000] {processor.py:208} INFO - Processing /opt/airflow/dags/urban_data_pipeline_dag.py took 0.557 seconds
[2026-07-01T16:35:56.374+0000] {processor.py:186} INFO - Started process (PID=2735) to work on /opt/airflow/dags/urban_data_pipeline_dag.py
[2026-07-01T16:35:56.375+0000] {processor.py:914} INFO - Processing file /opt/airflow/dags/urban_data_pipeline_dag.py for tasks to queue
[2026-07-01T16:35:56.378+0000] {logging_mixin.py:190} INFO - [2026-07-01T16:35:56.378+0000] {dagbag.py:588} INFO - Filling up the DagBag from /opt/airflow/dags/urban_data_pipeline_dag.py
[2026-07-01T16:35:56.579+0000] {processor.py:925} INFO - DAG(s) 'urban_data_pipeline' retrieved from /opt/airflow/dags/urban_data_pipeline_dag.py
[2026-07-01T16:35:56.626+0000] {logging_mixin.py:190} INFO - [2026-07-01T16:35:56.625+0000] {dag.py:3239} INFO - Sync 1 DAGs
[2026-07-01T16:35:56.648+0000] {logging_mixin.py:190} INFO - [2026-07-01T16:35:56.648+0000] {dag.py:4180} INFO - Setting next_dagrun for urban_data_pipeline to 2026-07-01 00:00:00+00:00, run_after=2026-08-01 00:00:00+00:00
[2026-07-01T16:35:56.671+0000] {processor.py:208} INFO - Processing /opt/airflow/dags/urban_data_pipeline_dag.py took 0.307 seconds
[2026-07-01T16:36:27.448+0000] {processor.py:186} INFO - Started process (PID=2753) to work on /opt/airflow/dags/urban_data_pipeline_dag.py
[2026-07-01T16:36:27.449+0000] {processor.py:914} INFO - Processing file /opt/airflow/dags/urban_data_pipeline_dag.py for tasks to queue
[2026-07-01T16:36:27.452+0000] {logging_mixin.py:190} INFO - [2026-07-01T16:36:27.452+0000] {dagbag.py:588} INFO - Filling up the DagBag from /opt/airflow/dags/urban_data_pipeline_dag.py
[2026-07-01T16:36:27.658+0000] {processor.py:925} INFO - DAG(s) 'urban_data_pipeline' retrieved from /opt/airflow/dags/urban_data_pipeline_dag.py
[2026-07-01T16:36:27.725+0000] {logging_mixin.py:190} INFO - [2026-07-01T16:36:27.725+0000] {dag.py:3239} INFO - Sync 1 DAGs
[2026-07-01T16:36:27.755+0000] {logging_mixin.py:190} INFO - [2026-07-01T16:36:27.755+0000] {dag.py:4180} INFO - Setting next_dagrun for urban_data_pipeline to 2026-07-01 00:00:00+00:00, run_after=2026-08-01 00:00:00+00:00
[2026-07-01T16:36:27.785+0000] {processor.py:208} INFO - Processing /opt/airflow/dags/urban_data_pipeline_dag.py took 0.348 seconds
[2026-07-01T16:36:58.313+0000] {processor.py:186} INFO - Started process (PID=2771) to work on /opt/airflow/dags/urban_data_pipeline_dag.py
[2026-07-01T16:36:58.315+0000] {processor.py:914} INFO - Processing file /opt/airflow/dags/urban_data_pipeline_dag.py for tasks to queue
[2026-07-01T16:36:58.318+0000] {logging_mixin.py:190} INFO - [2026-07-01T16:36:58.317+0000] {dagbag.py:588} INFO - Filling up the DagBag from /opt/airflow/dags/urban_data_pipeline_dag.py
[2026-07-01T16:36:58.465+0000] {processor.py:925} INFO - DAG(s) 'urban_data_pipeline' retrieved from /opt/airflow/dags/urban_data_pipeline_dag.py
[2026-07-01T16:36:58.520+0000] {logging_mixin.py:190} INFO - [2026-07-01T16:36:58.519+0000] {dag.py:3239} INFO - Sync 1 DAGs
[2026-07-01T16:36:58.552+0000] {logging_mixin.py:190} INFO - [2026-07-01T16:36:58.552+0000] {dag.py:4180} INFO - Setting next_dagrun for urban_data_pipeline to 2026-07-01 00:00:00+00:00, run_after=2026-08-01 00:00:00+00:00
[2026-07-01T16:36:58.642+0000] {processor.py:208} INFO - Processing /opt/airflow/dags/urban_data_pipeline_dag.py took 0.335 seconds
[2026-07-01T16:37:28.963+0000] {processor.py:186} INFO - Started process (PID=2789) to work on /opt/airflow/dags/urban_data_pipeline_dag.py
[2026-07-01T16:37:28.964+0000] {processor.py:914} INFO - Processing file /opt/airflow/dags/urban_data_pipeline_dag.py for tasks to queue
[2026-07-01T16:37:28.967+0000] {logging_mixin.py:190} INFO - [2026-07-01T16:37:28.967+0000] {dagbag.py:588} INFO - Filling up the DagBag from /opt/airflow/dags/urban_data_pipeline_dag.py
[2026-07-01T16:37:29.163+0000] {processor.py:925} INFO - DAG(s) 'urban_data_pipeline' retrieved from /opt/airflow/dags/urban_data_pipeline_dag.py
[2026-07-01T16:37:29.208+0000] {logging_mixin.py:190} INFO - [2026-07-01T16:37:29.207+0000] {dag.py:3239} INFO - Sync 1 DAGs
[2026-07-01T16:37:29.236+0000] {logging_mixin.py:190} INFO - [2026-07-01T16:37:29.235+0000] {dag.py:4180} INFO - Setting next_dagrun for urban_data_pipeline to 2026-07-01 00:00:00+00:00, run_after=2026-08-01 00:00:00+00:00
[2026-07-01T16:37:29.268+0000] {processor.py:208} INFO - Processing /opt/airflow/dags/urban_data_pipeline_dag.py took 0.312 seconds
[2026-07-01T16:37:59.924+0000] {processor.py:186} INFO - Started process (PID=2807) to work on /opt/airflow/dags/urban_data_pipeline_dag.py
[2026-07-01T16:37:59.926+0000] {processor.py:914} INFO - Processing file /opt/airflow/dags/urban_data_pipeline_dag.py for tasks to queue
[2026-07-01T16:37:59.929+0000] {logging_mixin.py:190} INFO - [2026-07-01T16:37:59.929+0000] {dagbag.py:588} INFO - Filling up the DagBag from /opt/airflow/dags/urban_data_pipeline_dag.py
[2026-07-01T16:38:00.124+0000] {processor.py:925} INFO - DAG(s) 'urban_data_pipeline' retrieved from /opt/airflow/dags/urban_data_pipeline_dag.py
[2026-07-01T16:38:00.169+0000] {logging_mixin.py:190} INFO - [2026-07-01T16:38:00.169+0000] {dag.py:3239} INFO - Sync 1 DAGs
[2026-07-01T16:38:00.196+0000] {logging_mixin.py:190} INFO - [2026-07-01T16:38:00.196+0000] {dag.py:4180} INFO - Setting next_dagrun for urban_data_pipeline to 2026-07-01 00:00:00+00:00, run_after=2026-08-01 00:00:00+00:00
[2026-07-01T16:38:00.222+0000] {processor.py:208} INFO - Processing /opt/airflow/dags/urban_data_pipeline_dag.py took 0.315 seconds
[2026-07-01T16:38:30.580+0000] {processor.py:186} INFO - Started process (PID=2825) to work on /opt/airflow/dags/urban_data_pipeline_dag.py
[2026-07-01T16:38:30.585+0000] {processor.py:914} INFO - Processing file /opt/airflow/dags/urban_data_pipeline_dag.py for tasks to queue
[2026-07-01T16:38:30.591+0000] {logging_mixin.py:190} INFO - [2026-07-01T16:38:30.590+0000] {dagbag.py:588} INFO - Filling up the DagBag from /opt/airflow/dags/urban_data_pipeline_dag.py
[2026-07-01T16:38:30.806+0000] {processor.py:925} INFO - DAG(s) 'urban_data_pipeline' retrieved from /opt/airflow/dags/urban_data_pipeline_dag.py
[2026-07-01T16:38:30.886+0000] {logging_mixin.py:190} INFO - [2026-07-01T16:38:30.886+0000] {dag.py:3239} INFO - Sync 1 DAGs
[2026-07-01T16:38:30.910+0000] {logging_mixin.py:190} INFO - [2026-07-01T16:38:30.910+0000] {dag.py:4180} INFO - Setting next_dagrun for urban_data_pipeline to 2026-07-01 00:00:00+00:00, run_after=2026-08-01 00:00:00+00:00
[2026-07-01T16:38:30.942+0000] {processor.py:208} INFO - Processing /opt/airflow/dags/urban_data_pipeline_dag.py took 0.395 seconds
[2026-07-01T16:39:01.270+0000] {processor.py:186} INFO - Started process (PID=2843) to work on /opt/airflow/dags/urban_data_pipeline_dag.py
[2026-07-01T16:39:01.271+0000] {processor.py:914} INFO - Processing file /opt/airflow/dags/urban_data_pipeline_dag.py for tasks to queue
[2026-07-01T16:39:01.276+0000] {logging_mixin.py:190} INFO - [2026-07-01T16:39:01.276+0000] {dagbag.py:588} INFO - Filling up the DagBag from /opt/airflow/dags/urban_data_pipeline_dag.py
[2026-07-01T16:39:01.470+0000] {processor.py:925} INFO - DAG(s) 'urban_data_pipeline' retrieved from /opt/airflow/dags/urban_data_pipeline_dag.py
[2026-07-01T16:39:01.533+0000] {logging_mixin.py:190} INFO - [2026-07-01T16:39:01.532+0000] {dag.py:3239} INFO - Sync 1 DAGs
[2026-07-01T16:39:01.582+0000] {logging_mixin.py:190} INFO - [2026-07-01T16:39:01.582+0000] {dag.py:4180} INFO - Setting next_dagrun for urban_data_pipeline to 2026-07-01 00:00:00+00:00, run_after=2026-08-01 00:00:00+00:00
[2026-07-01T16:39:01.619+0000] {processor.py:208} INFO - Processing /opt/airflow/dags/urban_data_pipeline_dag.py took 0.358 seconds
[2026-07-01T16:39:32.574+0000] {processor.py:186} INFO - Started process (PID=2860) to work on /opt/airflow/dags/urban_data_pipeline_dag.py
[2026-07-01T16:39:32.577+0000] {processor.py:914} INFO - Processing file /opt/airflow/dags/urban_data_pipeline_dag.py for tasks to queue
[2026-07-01T16:39:32.585+0000] {logging_mixin.py:190} INFO - [2026-07-01T16:39:32.584+0000] {dagbag.py:588} INFO - Filling up the DagBag from /opt/airflow/dags/urban_data_pipeline_dag.py
[2026-07-01T16:39:32.745+0000] {processor.py:925} INFO - DAG(s) 'urban_data_pipeline' retrieved from /opt/airflow/dags/urban_data_pipeline_dag.py
[2026-07-01T16:39:32.788+0000] {logging_mixin.py:190} INFO - [2026-07-01T16:39:32.788+0000] {dag.py:3239} INFO - Sync 1 DAGs
[2026-07-01T16:39:32.813+0000] {logging_mixin.py:190} INFO - [2026-07-01T16:39:32.812+0000] {dag.py:4180} INFO - Setting next_dagrun for urban_data_pipeline to 2026-07-01 00:00:00+00:00, run_after=2026-08-01 00:00:00+00:00
[2026-07-01T16:39:32.841+0000] {processor.py:208} INFO - Processing /opt/airflow/dags/urban_data_pipeline_dag.py took 0.297 seconds
[2026-07-01T16:40:03.139+0000] {processor.py:186} INFO - Started process (PID=2871) to work on /opt/airflow/dags/urban_data_pipeline_dag.py
[2026-07-01T16:40:03.157+0000] {processor.py:914} INFO - Processing file /opt/airflow/dags/urban_data_pipeline_dag.py for tasks to queue
[2026-07-01T16:40:03.167+0000] {logging_mixin.py:190} INFO - [2026-07-01T16:40:03.166+0000] {dagbag.py:588} INFO - Filling up the DagBag from /opt/airflow/dags/urban_data_pipeline_dag.py
[2026-07-01T16:40:03.327+0000] {processor.py:925} INFO - DAG(s) 'urban_data_pipeline' retrieved from /opt/airflow/dags/urban_data_pipeline_dag.py
[2026-07-01T16:40:03.373+0000] {logging_mixin.py:190} INFO - [2026-07-01T16:40:03.373+0000] {dag.py:3239} INFO - Sync 1 DAGs
[2026-07-01T16:40:03.396+0000] {logging_mixin.py:190} INFO - [2026-07-01T16:40:03.396+0000] {dag.py:4180} INFO - Setting next_dagrun for urban_data_pipeline to 2026-07-01 00:00:00+00:00, run_after=2026-08-01 00:00:00+00:00
[2026-07-01T16:40:03.430+0000] {processor.py:208} INFO - Processing /opt/airflow/dags/urban_data_pipeline_dag.py took 0.300 seconds
[2026-07-01T16:40:33.665+0000] {processor.py:186} INFO - Started process (PID=2889) to work on /opt/airflow/dags/urban_data_pipeline_dag.py
[2026-07-01T16:40:33.668+0000] {processor.py:914} INFO - Processing file /opt/airflow/dags/urban_data_pipeline_dag.py for tasks to queue
[2026-07-01T16:40:33.673+0000] {logging_mixin.py:190} INFO - [2026-07-01T16:40:33.673+0000] {dagbag.py:588} INFO - Filling up the DagBag from /opt/airflow/dags/urban_data_pipeline_dag.py
[2026-07-01T16:40:34.090+0000] {processor.py:925} INFO - DAG(s) 'urban_data_pipeline' retrieved from /opt/airflow/dags/urban_data_pipeline_dag.py
[2026-07-01T16:40:34.142+0000] {logging_mixin.py:190} INFO - [2026-07-01T16:40:34.142+0000] {dag.py:3239} INFO - Sync 1 DAGs
[2026-07-01T16:40:34.173+0000] {logging_mixin.py:190} INFO - [2026-07-01T16:40:34.173+0000] {dag.py:4180} INFO - Setting next_dagrun for urban_data_pipeline to 2026-07-01 00:00:00+00:00, run_after=2026-08-01 00:00:00+00:00
[2026-07-01T16:40:34.199+0000] {processor.py:208} INFO - Processing /opt/airflow/dags/urban_data_pipeline_dag.py took 0.548 seconds
[2026-07-01T16:41:04.986+0000] {processor.py:186} INFO - Started process (PID=2907) to work on /opt/airflow/dags/urban_data_pipeline_dag.py
[2026-07-01T16:41:04.987+0000] {processor.py:914} INFO - Processing file /opt/airflow/dags/urban_data_pipeline_dag.py for tasks to queue
[2026-07-01T16:41:04.991+0000] {logging_mixin.py:190} INFO - [2026-07-01T16:41:04.991+0000] {dagbag.py:588} INFO - Filling up the DagBag from /opt/airflow/dags/urban_data_pipeline_dag.py
[2026-07-01T16:41:05.181+0000] {processor.py:925} INFO - DAG(s) 'urban_data_pipeline' retrieved from /opt/airflow/dags/urban_data_pipeline_dag.py
[2026-07-01T16:41:05.246+0000] {logging_mixin.py:190} INFO - [2026-07-01T16:41:05.246+0000] {dag.py:3239} INFO - Sync 1 DAGs
[2026-07-01T16:41:05.279+0000] {logging_mixin.py:190} INFO - [2026-07-01T16:41:05.279+0000] {dag.py:4180} INFO - Setting next_dagrun for urban_data_pipeline to 2026-07-01 00:00:00+00:00, run_after=2026-08-01 00:00:00+00:00
[2026-07-01T16:41:05.319+0000] {processor.py:208} INFO - Processing /opt/airflow/dags/urban_data_pipeline_dag.py took 0.340 seconds
[2026-07-01T16:41:36.106+0000] {processor.py:186} INFO - Started process (PID=2925) to work on /opt/airflow/dags/urban_data_pipeline_dag.py
[2026-07-01T16:41:36.109+0000] {processor.py:914} INFO - Processing file /opt/airflow/dags/urban_data_pipeline_dag.py for tasks to queue
[2026-07-01T16:41:36.113+0000] {logging_mixin.py:190} INFO - [2026-07-01T16:41:36.112+0000] {dagbag.py:588} INFO - Filling up the DagBag from /opt/airflow/dags/urban_data_pipeline_dag.py
[2026-07-01T16:41:36.288+0000] {processor.py:925} INFO - DAG(s) 'urban_data_pipeline' retrieved from /opt/airflow/dags/urban_data_pipeline_dag.py
[2026-07-01T16:41:36.343+0000] {logging_mixin.py:190} INFO - [2026-07-01T16:41:36.343+0000] {dag.py:3239} INFO - Sync 1 DAGs
[2026-07-01T16:41:36.376+0000] {logging_mixin.py:190} INFO - [2026-07-01T16:41:36.376+0000] {dag.py:4180} INFO - Setting next_dagrun for urban_data_pipeline to 2026-07-01 00:00:00+00:00, run_after=2026-08-01 00:00:00+00:00
[2026-07-01T16:41:36.438+0000] {processor.py:208} INFO - Processing /opt/airflow/dags/urban_data_pipeline_dag.py took 0.343 seconds
[2026-07-01T16:41:46.819+0000] {processor.py:186} INFO - Started process (PID=2937) to work on /opt/airflow/dags/urban_data_pipeline_dag.py
[2026-07-01T16:41:46.821+0000] {processor.py:914} INFO - Processing file /opt/airflow/dags/urban_data_pipeline_dag.py for tasks to queue
[2026-07-01T16:41:46.824+0000] {logging_mixin.py:190} INFO - [2026-07-01T16:41:46.824+0000] {dagbag.py:588} INFO - Filling up the DagBag from /opt/airflow/dags/urban_data_pipeline_dag.py
[2026-07-01T16:41:47.060+0000] {processor.py:925} INFO - DAG(s) 'urban_data_pipeline' retrieved from /opt/airflow/dags/urban_data_pipeline_dag.py
[2026-07-01T16:41:47.114+0000] {logging_mixin.py:190} INFO - [2026-07-01T16:41:47.114+0000] {dag.py:3239} INFO - Sync 1 DAGs
[2026-07-01T16:41:47.150+0000] {logging_mixin.py:190} INFO - [2026-07-01T16:41:47.150+0000] {dag.py:4180} INFO - Setting next_dagrun for urban_data_pipeline to 2026-07-01 00:00:00+00:00, run_after=2026-08-01 00:00:00+00:00
[2026-07-01T16:41:47.192+0000] {processor.py:208} INFO - Processing /opt/airflow/dags/urban_data_pipeline_dag.py took 0.380 seconds
[2026-07-01T16:41:59.627+0000] {processor.py:186} INFO - Started process (PID=2948) to work on /opt/airflow/dags/urban_data_pipeline_dag.py
[2026-07-01T16:41:59.629+0000] {processor.py:914} INFO - Processing file /opt/airflow/dags/urban_data_pipeline_dag.py for tasks to queue
[2026-07-01T16:41:59.632+0000] {logging_mixin.py:190} INFO - [2026-07-01T16:41:59.632+0000] {dagbag.py:588} INFO - Filling up the DagBag from /opt/airflow/dags/urban_data_pipeline_dag.py
[2026-07-01T16:41:59.762+0000] {processor.py:925} INFO - DAG(s) 'urban_data_pipeline' retrieved from /opt/airflow/dags/urban_data_pipeline_dag.py
[2026-07-01T16:41:59.813+0000] {logging_mixin.py:190} INFO - [2026-07-01T16:41:59.813+0000] {dag.py:3239} INFO - Sync 1 DAGs
[2026-07-01T16:41:59.841+0000] {logging_mixin.py:190} INFO - [2026-07-01T16:41:59.841+0000] {dag.py:4180} INFO - Setting next_dagrun for urban_data_pipeline to 2026-07-01 00:00:00+00:00, run_after=2026-08-01 00:00:00+00:00
[2026-07-01T16:41:59.871+0000] {processor.py:208} INFO - Processing /opt/airflow/dags/urban_data_pipeline_dag.py took 0.251 seconds
[2026-07-01T16:42:30.157+0000] {processor.py:186} INFO - Started process (PID=2994) to work on /opt/airflow/dags/urban_data_pipeline_dag.py
[2026-07-01T16:42:30.159+0000] {processor.py:914} INFO - Processing file /opt/airflow/dags/urban_data_pipeline_dag.py for tasks to queue
[2026-07-01T16:42:30.165+0000] {logging_mixin.py:190} INFO - [2026-07-01T16:42:30.165+0000] {dagbag.py:588} INFO - Filling up the DagBag from /opt/airflow/dags/urban_data_pipeline_dag.py
[2026-07-01T16:42:30.437+0000] {processor.py:925} INFO - DAG(s) 'urban_data_pipeline' retrieved from /opt/airflow/dags/urban_data_pipeline_dag.py
[2026-07-01T16:42:30.484+0000] {logging_mixin.py:190} INFO - [2026-07-01T16:42:30.484+0000] {dag.py:3239} INFO - Sync 1 DAGs
[2026-07-01T16:42:30.511+0000] {logging_mixin.py:190} INFO - [2026-07-01T16:42:30.511+0000] {dag.py:4180} INFO - Setting next_dagrun for urban_data_pipeline to 2026-07-01 00:00:00+00:00, run_after=2026-08-01 00:00:00+00:00
[2026-07-01T16:42:30.539+0000] {processor.py:208} INFO - Processing /opt/airflow/dags/urban_data_pipeline_dag.py took 0.400 seconds
[2026-07-01T16:43:01.412+0000] {processor.py:186} INFO - Started process (PID=3041) to work on /opt/airflow/dags/urban_data_pipeline_dag.py
[2026-07-01T16:43:01.416+0000] {processor.py:914} INFO - Processing file /opt/airflow/dags/urban_data_pipeline_dag.py for tasks to queue
[2026-07-01T16:43:01.420+0000] {logging_mixin.py:190} INFO - [2026-07-01T16:43:01.420+0000] {dagbag.py:588} INFO - Filling up the DagBag from /opt/airflow/dags/urban_data_pipeline_dag.py
[2026-07-01T16:43:01.546+0000] {processor.py:925} INFO - DAG(s) 'urban_data_pipeline' retrieved from /opt/airflow/dags/urban_data_pipeline_dag.py
[2026-07-01T16:43:01.595+0000] {logging_mixin.py:190} INFO - [2026-07-01T16:43:01.594+0000] {dag.py:3239} INFO - Sync 1 DAGs
[2026-07-01T16:43:01.636+0000] {logging_mixin.py:190} INFO - [2026-07-01T16:43:01.636+0000] {dag.py:4180} INFO - Setting next_dagrun for urban_data_pipeline to 2026-07-01 00:00:00+00:00, run_after=2026-08-01 00:00:00+00:00
[2026-07-01T16:43:01.670+0000] {processor.py:208} INFO - Processing /opt/airflow/dags/urban_data_pipeline_dag.py took 0.270 seconds
[2026-07-01T16:43:32.351+0000] {processor.py:186} INFO - Started process (PID=3086) to work on /opt/airflow/dags/urban_data_pipeline_dag.py
[2026-07-01T16:43:32.353+0000] {processor.py:914} INFO - Processing file /opt/airflow/dags/urban_data_pipeline_dag.py for tasks to queue
[2026-07-01T16:43:32.356+0000] {logging_mixin.py:190} INFO - [2026-07-01T16:43:32.356+0000] {dagbag.py:588} INFO - Filling up the DagBag from /opt/airflow/dags/urban_data_pipeline_dag.py
[2026-07-01T16:43:32.498+0000] {processor.py:925} INFO - DAG(s) 'urban_data_pipeline' retrieved from /opt/airflow/dags/urban_data_pipeline_dag.py
[2026-07-01T16:43:32.565+0000] {logging_mixin.py:190} INFO - [2026-07-01T16:43:32.565+0000] {dag.py:3239} INFO - Sync 1 DAGs
[2026-07-01T16:43:32.595+0000] {logging_mixin.py:190} INFO - [2026-07-01T16:43:32.595+0000] {dag.py:4180} INFO - Setting next_dagrun for urban_data_pipeline to 2026-07-01 00:00:00+00:00, run_after=2026-08-01 00:00:00+00:00
[2026-07-01T16:43:32.625+0000] {processor.py:208} INFO - Processing /opt/airflow/dags/urban_data_pipeline_dag.py took 0.280 seconds
[2026-07-01T16:44:03.106+0000] {processor.py:186} INFO - Started process (PID=3097) to work on /opt/airflow/dags/urban_data_pipeline_dag.py
[2026-07-01T16:44:03.109+0000] {processor.py:914} INFO - Processing file /opt/airflow/dags/urban_data_pipeline_dag.py for tasks to queue
[2026-07-01T16:44:03.114+0000] {logging_mixin.py:190} INFO - [2026-07-01T16:44:03.113+0000] {dagbag.py:588} INFO - Filling up the DagBag from /opt/airflow/dags/urban_data_pipeline_dag.py
[2026-07-01T16:44:03.277+0000] {processor.py:925} INFO - DAG(s) 'urban_data_pipeline' retrieved from /opt/airflow/dags/urban_data_pipeline_dag.py
[2026-07-01T16:44:03.356+0000] {logging_mixin.py:190} INFO - [2026-07-01T16:44:03.356+0000] {dag.py:3239} INFO - Sync 1 DAGs
[2026-07-01T16:44:03.441+0000] {logging_mixin.py:190} INFO - [2026-07-01T16:44:03.440+0000] {dag.py:4180} INFO - Setting next_dagrun for urban_data_pipeline to 2026-07-01 00:00:00+00:00, run_after=2026-08-01 00:00:00+00:00
[2026-07-01T16:44:03.543+0000] {processor.py:208} INFO - Processing /opt/airflow/dags/urban_data_pipeline_dag.py took 0.458 seconds
[2026-07-01T16:44:34.434+0000] {processor.py:186} INFO - Started process (PID=3115) to work on /opt/airflow/dags/urban_data_pipeline_dag.py
[2026-07-01T16:44:34.436+0000] {processor.py:914} INFO - Processing file /opt/airflow/dags/urban_data_pipeline_dag.py for tasks to queue
[2026-07-01T16:44:34.442+0000] {logging_mixin.py:190} INFO - [2026-07-01T16:44:34.441+0000] {dagbag.py:588} INFO - Filling up the DagBag from /opt/airflow/dags/urban_data_pipeline_dag.py
[2026-07-01T16:44:34.647+0000] {processor.py:925} INFO - DAG(s) 'urban_data_pipeline' retrieved from /opt/airflow/dags/urban_data_pipeline_dag.py
[2026-07-01T16:44:34.708+0000] {logging_mixin.py:190} INFO - [2026-07-01T16:44:34.708+0000] {dag.py:3239} INFO - Sync 1 DAGs
[2026-07-01T16:44:34.731+0000] {logging_mixin.py:190} INFO - [2026-07-01T16:44:34.731+0000] {dag.py:4180} INFO - Setting next_dagrun for urban_data_pipeline to 2026-07-01 00:00:00+00:00, run_after=2026-08-01 00:00:00+00:00
[2026-07-01T16:44:34.768+0000] {processor.py:208} INFO - Processing /opt/airflow/dags/urban_data_pipeline_dag.py took 0.340 seconds
[2026-07-01T16:45:04.905+0000] {processor.py:186} INFO - Started process (PID=3133) to work on /opt/airflow/dags/urban_data_pipeline_dag.py
[2026-07-01T16:45:04.909+0000] {processor.py:914} INFO - Processing file /opt/airflow/dags/urban_data_pipeline_dag.py for tasks to queue
[2026-07-01T16:45:04.912+0000] {logging_mixin.py:190} INFO - [2026-07-01T16:45:04.912+0000] {dagbag.py:588} INFO - Filling up the DagBag from /opt/airflow/dags/urban_data_pipeline_dag.py
[2026-07-01T16:45:05.115+0000] {processor.py:925} INFO - DAG(s) 'urban_data_pipeline' retrieved from /opt/airflow/dags/urban_data_pipeline_dag.py
[2026-07-01T16:45:05.217+0000] {logging_mixin.py:190} INFO - [2026-07-01T16:45:05.217+0000] {dag.py:3239} INFO - Sync 1 DAGs
[2026-07-01T16:45:05.310+0000] {logging_mixin.py:190} INFO - [2026-07-01T16:45:05.309+0000] {dag.py:4180} INFO - Setting next_dagrun for urban_data_pipeline to 2026-07-01 00:00:00+00:00, run_after=2026-08-01 00:00:00+00:00
[2026-07-01T16:45:05.393+0000] {processor.py:208} INFO - Processing /opt/airflow/dags/urban_data_pipeline_dag.py took 0.494 seconds
[2026-07-01T16:45:35.766+0000] {processor.py:186} INFO - Started process (PID=3151) to work on /opt/airflow/dags/urban_data_pipeline_dag.py
[2026-07-01T16:45:35.768+0000] {processor.py:914} INFO - Processing file /opt/airflow/dags/urban_data_pipeline_dag.py for tasks to queue
[2026-07-01T16:45:35.773+0000] {logging_mixin.py:190} INFO - [2026-07-01T16:45:35.772+0000] {dagbag.py:588} INFO - Filling up the DagBag from /opt/airflow/dags/urban_data_pipeline_dag.py
[2026-07-01T16:45:36.174+0000] {processor.py:925} INFO - DAG(s) 'urban_data_pipeline' retrieved from /opt/airflow/dags/urban_data_pipeline_dag.py
[2026-07-01T16:45:36.226+0000] {logging_mixin.py:190} INFO - [2026-07-01T16:45:36.226+0000] {dag.py:3239} INFO - Sync 1 DAGs
[2026-07-01T16:45:36.273+0000] {logging_mixin.py:190} INFO - [2026-07-01T16:45:36.272+0000] {dag.py:4180} INFO - Setting next_dagrun for urban_data_pipeline to 2026-07-01 00:00:00+00:00, run_after=2026-08-01 00:00:00+00:00
[2026-07-01T16:45:36.352+0000] {processor.py:208} INFO - Processing /opt/airflow/dags/urban_data_pipeline_dag.py took 0.598 seconds
[2026-07-01T16:46:06.588+0000] {processor.py:186} INFO - Started process (PID=3169) to work on /opt/airflow/dags/urban_data_pipeline_dag.py
[2026-07-01T16:46:06.590+0000] {processor.py:914} INFO - Processing file /opt/airflow/dags/urban_data_pipeline_dag.py for tasks to queue
[2026-07-01T16:46:06.596+0000] {logging_mixin.py:190} INFO - [2026-07-01T16:46:06.595+0000] {dagbag.py:588} INFO - Filling up the DagBag from /opt/airflow/dags/urban_data_pipeline_dag.py
[2026-07-01T16:46:06.752+0000] {processor.py:925} INFO - DAG(s) 'urban_data_pipeline' retrieved from /opt/airflow/dags/urban_data_pipeline_dag.py
[2026-07-01T16:46:06.814+0000] {logging_mixin.py:190} INFO - [2026-07-01T16:46:06.813+0000] {dag.py:3239} INFO - Sync 1 DAGs
[2026-07-01T16:46:06.862+0000] {logging_mixin.py:190} INFO - [2026-07-01T16:46:06.861+0000] {dag.py:4180} INFO - Setting next_dagrun for urban_data_pipeline to 2026-07-01 00:00:00+00:00, run_after=2026-08-01 00:00:00+00:00
[2026-07-01T16:46:06.909+0000] {processor.py:208} INFO - Processing /opt/airflow/dags/urban_data_pipeline_dag.py took 0.329 seconds
[2026-07-01T16:46:37.170+0000] {processor.py:186} INFO - Started process (PID=3187) to work on /opt/airflow/dags/urban_data_pipeline_dag.py
[2026-07-01T16:46:37.172+0000] {processor.py:914} INFO - Processing file /opt/airflow/dags/urban_data_pipeline_dag.py for tasks to queue
[2026-07-01T16:46:37.177+0000] {logging_mixin.py:190} INFO - [2026-07-01T16:46:37.176+0000] {dagbag.py:588} INFO - Filling up the DagBag from /opt/airflow/dags/urban_data_pipeline_dag.py
[2026-07-01T16:46:37.343+0000] {processor.py:925} INFO - DAG(s) 'urban_data_pipeline' retrieved from /opt/airflow/dags/urban_data_pipeline_dag.py
[2026-07-01T16:46:37.404+0000] {logging_mixin.py:190} INFO - [2026-07-01T16:46:37.404+0000] {dag.py:3239} INFO - Sync 1 DAGs
[2026-07-01T16:46:37.447+0000] {logging_mixin.py:190} INFO - [2026-07-01T16:46:37.446+0000] {dag.py:4180} INFO - Setting next_dagrun for urban_data_pipeline to 2026-07-01 00:00:00+00:00, run_after=2026-08-01 00:00:00+00:00
[2026-07-01T16:46:37.473+0000] {processor.py:208} INFO - Processing /opt/airflow/dags/urban_data_pipeline_dag.py took 0.331 seconds
[2026-07-01T16:47:08.185+0000] {processor.py:186} INFO - Started process (PID=3247) to work on /opt/airflow/dags/urban_data_pipeline_dag.py
[2026-07-01T16:47:08.187+0000] {processor.py:914} INFO - Processing file /opt/airflow/dags/urban_data_pipeline_dag.py for tasks to queue
[2026-07-01T16:47:08.190+0000] {logging_mixin.py:190} INFO - [2026-07-01T16:47:08.190+0000] {dagbag.py:588} INFO - Filling up the DagBag from /opt/airflow/dags/urban_data_pipeline_dag.py
[2026-07-01T16:47:08.429+0000] {processor.py:925} INFO - DAG(s) 'urban_data_pipeline' retrieved from /opt/airflow/dags/urban_data_pipeline_dag.py
[2026-07-01T16:47:08.488+0000] {logging_mixin.py:190} INFO - [2026-07-01T16:47:08.488+0000] {dag.py:3239} INFO - Sync 1 DAGs
[2026-07-01T16:47:08.520+0000] {logging_mixin.py:190} INFO - [2026-07-01T16:47:08.520+0000] {dag.py:4180} INFO - Setting next_dagrun for urban_data_pipeline to 2026-07-01 00:00:00+00:00, run_after=2026-08-01 00:00:00+00:00
[2026-07-01T16:47:08.546+0000] {processor.py:208} INFO - Processing /opt/airflow/dags/urban_data_pipeline_dag.py took 0.367 seconds
[2026-07-01T16:47:39.026+0000] {processor.py:186} INFO - Started process (PID=3292) to work on /opt/airflow/dags/urban_data_pipeline_dag.py
[2026-07-01T16:47:39.028+0000] {processor.py:914} INFO - Processing file /opt/airflow/dags/urban_data_pipeline_dag.py for tasks to queue
[2026-07-01T16:47:39.032+0000] {logging_mixin.py:190} INFO - [2026-07-01T16:47:39.031+0000] {dagbag.py:588} INFO - Filling up the DagBag from /opt/airflow/dags/urban_data_pipeline_dag.py
[2026-07-01T16:47:39.190+0000] {processor.py:925} INFO - DAG(s) 'urban_data_pipeline' retrieved from /opt/airflow/dags/urban_data_pipeline_dag.py
[2026-07-01T16:47:39.240+0000] {logging_mixin.py:190} INFO - [2026-07-01T16:47:39.240+0000] {dag.py:3239} INFO - Sync 1 DAGs
[2026-07-01T16:47:39.264+0000] {logging_mixin.py:190} INFO - [2026-07-01T16:47:39.264+0000] {dag.py:4180} INFO - Setting next_dagrun for urban_data_pipeline to 2026-07-01 00:00:00+00:00, run_after=2026-08-01 00:00:00+00:00
[2026-07-01T16:47:39.292+0000] {processor.py:208} INFO - Processing /opt/airflow/dags/urban_data_pipeline_dag.py took 0.274 seconds
[2026-07-01T16:48:10.176+0000] {processor.py:186} INFO - Started process (PID=3310) to work on /opt/airflow/dags/urban_data_pipeline_dag.py
[2026-07-01T16:48:10.179+0000] {processor.py:914} INFO - Processing file /opt/airflow/dags/urban_data_pipeline_dag.py for tasks to queue
[2026-07-01T16:48:10.182+0000] {logging_mixin.py:190} INFO - [2026-07-01T16:48:10.182+0000] {dagbag.py:588} INFO - Filling up the DagBag from /opt/airflow/dags/urban_data_pipeline_dag.py
[2026-07-01T16:48:10.428+0000] {processor.py:925} INFO - DAG(s) 'urban_data_pipeline' retrieved from /opt/airflow/dags/urban_data_pipeline_dag.py
[2026-07-01T16:48:10.480+0000] {logging_mixin.py:190} INFO - [2026-07-01T16:48:10.479+0000] {dag.py:3239} INFO - Sync 1 DAGs
[2026-07-01T16:48:10.502+0000] {logging_mixin.py:190} INFO - [2026-07-01T16:48:10.502+0000] {dag.py:4180} INFO - Setting next_dagrun for urban_data_pipeline to 2026-07-01 00:00:00+00:00, run_after=2026-08-01 00:00:00+00:00
[2026-07-01T16:48:10.529+0000] {processor.py:208} INFO - Processing /opt/airflow/dags/urban_data_pipeline_dag.py took 0.365 seconds
[2026-07-01T16:48:41.524+0000] {processor.py:186} INFO - Started process (PID=3327) to work on /opt/airflow/dags/urban_data_pipeline_dag.py
[2026-07-01T16:48:41.526+0000] {processor.py:914} INFO - Processing file /opt/airflow/dags/urban_data_pipeline_dag.py for tasks to queue
[2026-07-01T16:48:41.532+0000] {logging_mixin.py:190} INFO - [2026-07-01T16:48:41.531+0000] {dagbag.py:588} INFO - Filling up the DagBag from /opt/airflow/dags/urban_data_pipeline_dag.py
[2026-07-01T16:48:41.644+0000] {processor.py:925} INFO - DAG(s) 'urban_data_pipeline' retrieved from /opt/airflow/dags/urban_data_pipeline_dag.py
[2026-07-01T16:48:41.691+0000] {logging_mixin.py:190} INFO - [2026-07-01T16:48:41.690+0000] {dag.py:3239} INFO - Sync 1 DAGs
[2026-07-01T16:48:41.718+0000] {logging_mixin.py:190} INFO - [2026-07-01T16:48:41.717+0000] {dag.py:4180} INFO - Setting next_dagrun for urban_data_pipeline to 2026-07-01 00:00:00+00:00, run_after=2026-08-01 00:00:00+00:00
[2026-07-01T16:48:41.752+0000] {processor.py:208} INFO - Processing /opt/airflow/dags/urban_data_pipeline_dag.py took 0.236 seconds
[2026-07-01T16:49:12.214+0000] {processor.py:186} INFO - Started process (PID=3338) to work on /opt/airflow/dags/urban_data_pipeline_dag.py
[2026-07-01T16:49:12.216+0000] {processor.py:914} INFO - Processing file /opt/airflow/dags/urban_data_pipeline_dag.py for tasks to queue
[2026-07-01T16:49:12.221+0000] {logging_mixin.py:190} INFO - [2026-07-01T16:49:12.220+0000] {dagbag.py:588} INFO - Filling up the DagBag from /opt/airflow/dags/urban_data_pipeline_dag.py
[2026-07-01T16:49:12.437+0000] {processor.py:925} INFO - DAG(s) 'urban_data_pipeline' retrieved from /opt/airflow/dags/urban_data_pipeline_dag.py
[2026-07-01T16:49:12.550+0000] {logging_mixin.py:190} INFO - [2026-07-01T16:49:12.549+0000] {dag.py:3239} INFO - Sync 1 DAGs
[2026-07-01T16:49:12.598+0000] {logging_mixin.py:190} INFO - [2026-07-01T16:49:12.597+0000] {dag.py:4180} INFO - Setting next_dagrun for urban_data_pipeline to 2026-07-01 00:00:00+00:00, run_after=2026-08-01 00:00:00+00:00
[2026-07-01T16:49:12.643+0000] {processor.py:208} INFO - Processing /opt/airflow/dags/urban_data_pipeline_dag.py took 0.450 seconds
[2026-07-01T16:49:43.187+0000] {processor.py:186} INFO - Started process (PID=3356) to work on /opt/airflow/dags/urban_data_pipeline_dag.py
[2026-07-01T16:49:43.189+0000] {processor.py:914} INFO - Processing file /opt/airflow/dags/urban_data_pipeline_dag.py for tasks to queue
[2026-07-01T16:49:43.192+0000] {logging_mixin.py:190} INFO - [2026-07-01T16:49:43.192+0000] {dagbag.py:588} INFO - Filling up the DagBag from /opt/airflow/dags/urban_data_pipeline_dag.py
[2026-07-01T16:49:43.386+0000] {processor.py:925} INFO - DAG(s) 'urban_data_pipeline' retrieved from /opt/airflow/dags/urban_data_pipeline_dag.py
[2026-07-01T16:49:43.437+0000] {logging_mixin.py:190} INFO - [2026-07-01T16:49:43.437+0000] {dag.py:3239} INFO - Sync 1 DAGs
[2026-07-01T16:49:43.462+0000] {logging_mixin.py:190} INFO - [2026-07-01T16:49:43.462+0000] {dag.py:4180} INFO - Setting next_dagrun for urban_data_pipeline to 2026-07-01 00:00:00+00:00, run_after=2026-08-01 00:00:00+00:00
[2026-07-01T16:49:43.507+0000] {processor.py:208} INFO - Processing /opt/airflow/dags/urban_data_pipeline_dag.py took 0.331 seconds
[2026-07-01T16:50:13.707+0000] {processor.py:186} INFO - Started process (PID=3374) to work on /opt/airflow/dags/urban_data_pipeline_dag.py
[2026-07-01T16:50:13.709+0000] {processor.py:914} INFO - Processing file /opt/airflow/dags/urban_data_pipeline_dag.py for tasks to queue
[2026-07-01T16:50:13.713+0000] {logging_mixin.py:190} INFO - [2026-07-01T16:50:13.713+0000] {dagbag.py:588} INFO - Filling up the DagBag from /opt/airflow/dags/urban_data_pipeline_dag.py
[2026-07-01T16:50:14.034+0000] {processor.py:925} INFO - DAG(s) 'urban_data_pipeline' retrieved from /opt/airflow/dags/urban_data_pipeline_dag.py
[2026-07-01T16:50:14.080+0000] {logging_mixin.py:190} INFO - [2026-07-01T16:50:14.080+0000] {dag.py:3239} INFO - Sync 1 DAGs
[2026-07-01T16:50:14.110+0000] {logging_mixin.py:190} INFO - [2026-07-01T16:50:14.109+0000] {dag.py:4180} INFO - Setting next_dagrun for urban_data_pipeline to 2026-07-01 00:00:00+00:00, run_after=2026-08-01 00:00:00+00:00
[2026-07-01T16:50:14.160+0000] {processor.py:208} INFO - Processing /opt/airflow/dags/urban_data_pipeline_dag.py took 0.469 seconds
[2026-07-01T16:50:44.377+0000] {processor.py:186} INFO - Started process (PID=3392) to work on /opt/airflow/dags/urban_data_pipeline_dag.py
[2026-07-01T16:50:44.379+0000] {processor.py:914} INFO - Processing file /opt/airflow/dags/urban_data_pipeline_dag.py for tasks to queue
[2026-07-01T16:50:44.384+0000] {logging_mixin.py:190} INFO - [2026-07-01T16:50:44.383+0000] {dagbag.py:588} INFO - Filling up the DagBag from /opt/airflow/dags/urban_data_pipeline_dag.py
[2026-07-01T16:50:44.731+0000] {processor.py:925} INFO - DAG(s) 'urban_data_pipeline' retrieved from /opt/airflow/dags/urban_data_pipeline_dag.py
[2026-07-01T16:50:44.783+0000] {logging_mixin.py:190} INFO - [2026-07-01T16:50:44.783+0000] {dag.py:3239} INFO - Sync 1 DAGs
[2026-07-01T16:50:44.813+0000] {logging_mixin.py:190} INFO - [2026-07-01T16:50:44.812+0000] {dag.py:4180} INFO - Setting next_dagrun for urban_data_pipeline to 2026-07-01 00:00:00+00:00, run_after=2026-08-01 00:00:00+00:00
[2026-07-01T16:50:44.852+0000] {processor.py:208} INFO - Processing /opt/airflow/dags/urban_data_pipeline_dag.py took 0.488 seconds
[2026-07-01T16:51:15.118+0000] {processor.py:186} INFO - Started process (PID=3410) to work on /opt/airflow/dags/urban_data_pipeline_dag.py
[2026-07-01T16:51:15.121+0000] {processor.py:914} INFO - Processing file /opt/airflow/dags/urban_data_pipeline_dag.py for tasks to queue
[2026-07-01T16:51:15.126+0000] {logging_mixin.py:190} INFO - [2026-07-01T16:51:15.125+0000] {dagbag.py:588} INFO - Filling up the DagBag from /opt/airflow/dags/urban_data_pipeline_dag.py
[2026-07-01T16:51:15.288+0000] {processor.py:925} INFO - DAG(s) 'urban_data_pipeline' retrieved from /opt/airflow/dags/urban_data_pipeline_dag.py
[2026-07-01T16:51:15.338+0000] {logging_mixin.py:190} INFO - [2026-07-01T16:51:15.338+0000] {dag.py:3239} INFO - Sync 1 DAGs
[2026-07-01T16:51:15.363+0000] {logging_mixin.py:190} INFO - [2026-07-01T16:51:15.363+0000] {dag.py:4180} INFO - Setting next_dagrun for urban_data_pipeline to 2026-07-01 00:00:00+00:00, run_after=2026-08-01 00:00:00+00:00
[2026-07-01T16:51:15.399+0000] {processor.py:208} INFO - Processing /opt/airflow/dags/urban_data_pipeline_dag.py took 0.291 seconds
[2026-07-01T16:51:45.709+0000] {processor.py:186} INFO - Started process (PID=3428) to work on /opt/airflow/dags/urban_data_pipeline_dag.py
[2026-07-01T16:51:45.712+0000] {processor.py:914} INFO - Processing file /opt/airflow/dags/urban_data_pipeline_dag.py for tasks to queue
[2026-07-01T16:51:45.715+0000] {logging_mixin.py:190} INFO - [2026-07-01T16:51:45.715+0000] {dagbag.py:588} INFO - Filling up the DagBag from /opt/airflow/dags/urban_data_pipeline_dag.py
[2026-07-01T16:51:46.096+0000] {processor.py:925} INFO - DAG(s) 'urban_data_pipeline' retrieved from /opt/airflow/dags/urban_data_pipeline_dag.py
[2026-07-01T16:51:46.163+0000] {logging_mixin.py:190} INFO - [2026-07-01T16:51:46.163+0000] {dag.py:3239} INFO - Sync 1 DAGs
[2026-07-01T16:51:46.190+0000] {logging_mixin.py:190} INFO - [2026-07-01T16:51:46.190+0000] {dag.py:4180} INFO - Setting next_dagrun for urban_data_pipeline to 2026-07-01 00:00:00+00:00, run_after=2026-08-01 00:00:00+00:00
[2026-07-01T16:51:46.215+0000] {processor.py:208} INFO - Processing /opt/airflow/dags/urban_data_pipeline_dag.py took 0.515 seconds
[2026-07-01T16:52:17.160+0000] {processor.py:186} INFO - Started process (PID=3446) to work on /opt/airflow/dags/urban_data_pipeline_dag.py
[2026-07-01T16:52:17.163+0000] {processor.py:914} INFO - Processing file /opt/airflow/dags/urban_data_pipeline_dag.py for tasks to queue
[2026-07-01T16:52:17.168+0000] {logging_mixin.py:190} INFO - [2026-07-01T16:52:17.167+0000] {dagbag.py:588} INFO - Filling up the DagBag from /opt/airflow/dags/urban_data_pipeline_dag.py
[2026-07-01T16:52:17.368+0000] {processor.py:925} INFO - DAG(s) 'urban_data_pipeline' retrieved from /opt/airflow/dags/urban_data_pipeline_dag.py
[2026-07-01T16:52:17.429+0000] {logging_mixin.py:190} INFO - [2026-07-01T16:52:17.429+0000] {dag.py:3239} INFO - Sync 1 DAGs
[2026-07-01T16:52:17.457+0000] {logging_mixin.py:190} INFO - [2026-07-01T16:52:17.457+0000] {dag.py:4180} INFO - Setting next_dagrun for urban_data_pipeline to 2026-07-01 00:00:00+00:00, run_after=2026-08-01 00:00:00+00:00
[2026-07-01T16:52:17.497+0000] {processor.py:208} INFO - Processing /opt/airflow/dags/urban_data_pipeline_dag.py took 0.344 seconds
[2026-07-01T16:52:48.248+0000] {processor.py:186} INFO - Started process (PID=3465) to work on /opt/airflow/dags/urban_data_pipeline_dag.py
[2026-07-01T16:52:48.250+0000] {processor.py:914} INFO - Processing file /opt/airflow/dags/urban_data_pipeline_dag.py for tasks to queue
[2026-07-01T16:52:48.257+0000] {logging_mixin.py:190} INFO - [2026-07-01T16:52:48.256+0000] {dagbag.py:588} INFO - Filling up the DagBag from /opt/airflow/dags/urban_data_pipeline_dag.py
[2026-07-01T16:52:48.410+0000] {processor.py:925} INFO - DAG(s) 'urban_data_pipeline' retrieved from /opt/airflow/dags/urban_data_pipeline_dag.py
[2026-07-01T16:52:48.473+0000] {logging_mixin.py:190} INFO - [2026-07-01T16:52:48.473+0000] {dag.py:3239} INFO - Sync 1 DAGs
[2026-07-01T16:52:48.511+0000] {logging_mixin.py:190} INFO - [2026-07-01T16:52:48.511+0000] {dag.py:4180} INFO - Setting next_dagrun for urban_data_pipeline to 2026-07-01 00:00:00+00:00, run_after=2026-08-01 00:00:00+00:00
[2026-07-01T16:52:48.551+0000] {processor.py:208} INFO - Processing /opt/airflow/dags/urban_data_pipeline_dag.py took 0.311 seconds
[2026-07-01T16:53:19.448+0000] {processor.py:186} INFO - Started process (PID=3483) to work on /opt/airflow/dags/urban_data_pipeline_dag.py
[2026-07-01T16:53:19.450+0000] {processor.py:914} INFO - Processing file /opt/airflow/dags/urban_data_pipeline_dag.py for tasks to queue
[2026-07-01T16:53:19.453+0000] {logging_mixin.py:190} INFO - [2026-07-01T16:53:19.452+0000] {dagbag.py:588} INFO - Filling up the DagBag from /opt/airflow/dags/urban_data_pipeline_dag.py
[2026-07-01T16:53:19.618+0000] {processor.py:925} INFO - DAG(s) 'urban_data_pipeline' retrieved from /opt/airflow/dags/urban_data_pipeline_dag.py
[2026-07-01T16:53:19.679+0000] {logging_mixin.py:190} INFO - [2026-07-01T16:53:19.679+0000] {dag.py:3239} INFO - Sync 1 DAGs
[2026-07-01T16:53:19.714+0000] {logging_mixin.py:190} INFO - [2026-07-01T16:53:19.713+0000] {dag.py:4180} INFO - Setting next_dagrun for urban_data_pipeline to 2026-07-01 00:00:00+00:00, run_after=2026-08-01 00:00:00+00:00
[2026-07-01T16:53:19.756+0000] {processor.py:208} INFO - Processing /opt/airflow/dags/urban_data_pipeline_dag.py took 0.314 seconds
[2026-07-01T16:53:49.978+0000] {processor.py:186} INFO - Started process (PID=3500) to work on /opt/airflow/dags/urban_data_pipeline_dag.py
[2026-07-01T16:53:49.979+0000] {processor.py:914} INFO - Processing file /opt/airflow/dags/urban_data_pipeline_dag.py for tasks to queue
[2026-07-01T16:53:49.984+0000] {logging_mixin.py:190} INFO - [2026-07-01T16:53:49.983+0000] {dagbag.py:588} INFO - Filling up the DagBag from /opt/airflow/dags/urban_data_pipeline_dag.py
[2026-07-01T16:53:50.144+0000] {processor.py:925} INFO - DAG(s) 'urban_data_pipeline' retrieved from /opt/airflow/dags/urban_data_pipeline_dag.py
[2026-07-01T16:53:50.202+0000] {logging_mixin.py:190} INFO - [2026-07-01T16:53:50.202+0000] {dag.py:3239} INFO - Sync 1 DAGs
[2026-07-01T16:53:50.234+0000] {logging_mixin.py:190} INFO - [2026-07-01T16:53:50.234+0000] {dag.py:4180} INFO - Setting next_dagrun for urban_data_pipeline to 2026-07-01 00:00:00+00:00, run_after=2026-08-01 00:00:00+00:00
[2026-07-01T16:53:50.263+0000] {processor.py:208} INFO - Processing /opt/airflow/dags/urban_data_pipeline_dag.py took 0.296 seconds
[2026-07-01T16:54:21.096+0000] {processor.py:186} INFO - Started process (PID=3517) to work on /opt/airflow/dags/urban_data_pipeline_dag.py
[2026-07-01T16:54:21.097+0000] {processor.py:914} INFO - Processing file /opt/airflow/dags/urban_data_pipeline_dag.py for tasks to queue
[2026-07-01T16:54:21.100+0000] {logging_mixin.py:190} INFO - [2026-07-01T16:54:21.099+0000] {dagbag.py:588} INFO - Filling up the DagBag from /opt/airflow/dags/urban_data_pipeline_dag.py
[2026-07-01T16:54:21.227+0000] {processor.py:925} INFO - DAG(s) 'urban_data_pipeline' retrieved from /opt/airflow/dags/urban_data_pipeline_dag.py
[2026-07-01T16:54:21.281+0000] {logging_mixin.py:190} INFO - [2026-07-01T16:54:21.280+0000] {dag.py:3239} INFO - Sync 1 DAGs
[2026-07-01T16:54:21.309+0000] {logging_mixin.py:190} INFO - [2026-07-01T16:54:21.309+0000] {dag.py:4180} INFO - Setting next_dagrun for urban_data_pipeline to 2026-07-01 00:00:00+00:00, run_after=2026-08-01 00:00:00+00:00
[2026-07-01T16:54:21.335+0000] {processor.py:208} INFO - Processing /opt/airflow/dags/urban_data_pipeline_dag.py took 0.247 seconds
[2026-07-01T16:54:52.469+0000] {processor.py:186} INFO - Started process (PID=3529) to work on /opt/airflow/dags/urban_data_pipeline_dag.py
[2026-07-01T16:54:52.474+0000] {processor.py:914} INFO - Processing file /opt/airflow/dags/urban_data_pipeline_dag.py for tasks to queue
[2026-07-01T16:54:52.485+0000] {logging_mixin.py:190} INFO - [2026-07-01T16:54:52.484+0000] {dagbag.py:588} INFO - Filling up the DagBag from /opt/airflow/dags/urban_data_pipeline_dag.py
[2026-07-01T16:54:52.827+0000] {processor.py:925} INFO - DAG(s) 'urban_data_pipeline' retrieved from /opt/airflow/dags/urban_data_pipeline_dag.py
[2026-07-01T16:54:52.959+0000] {logging_mixin.py:190} INFO - [2026-07-01T16:54:52.959+0000] {dag.py:3239} INFO - Sync 1 DAGs
[2026-07-01T16:54:52.989+0000] {logging_mixin.py:190} INFO - [2026-07-01T16:54:52.989+0000] {dag.py:4180} INFO - Setting next_dagrun for urban_data_pipeline to 2026-07-01 00:00:00+00:00, run_after=2026-08-01 00:00:00+00:00
[2026-07-01T16:54:53.026+0000] {processor.py:208} INFO - Processing /opt/airflow/dags/urban_data_pipeline_dag.py took 0.575 seconds
[2026-07-01T16:55:23.261+0000] {processor.py:186} INFO - Started process (PID=3554) to work on /opt/airflow/dags/urban_data_pipeline_dag.py
[2026-07-01T16:55:23.264+0000] {processor.py:914} INFO - Processing file /opt/airflow/dags/urban_data_pipeline_dag.py for tasks to queue
[2026-07-01T16:55:23.270+0000] {logging_mixin.py:190} INFO - [2026-07-01T16:55:23.268+0000] {dagbag.py:588} INFO - Filling up the DagBag from /opt/airflow/dags/urban_data_pipeline_dag.py
[2026-07-01T16:55:23.786+0000] {processor.py:925} INFO - DAG(s) 'urban_data_pipeline' retrieved from /opt/airflow/dags/urban_data_pipeline_dag.py
[2026-07-01T16:55:23.913+0000] {logging_mixin.py:190} INFO - [2026-07-01T16:55:23.913+0000] {dag.py:3239} INFO - Sync 1 DAGs
[2026-07-01T16:55:23.951+0000] {logging_mixin.py:190} INFO - [2026-07-01T16:55:23.950+0000] {dag.py:4180} INFO - Setting next_dagrun for urban_data_pipeline to 2026-07-01 00:00:00+00:00, run_after=2026-08-01 00:00:00+00:00
[2026-07-01T16:55:24.023+0000] {processor.py:208} INFO - Processing /opt/airflow/dags/urban_data_pipeline_dag.py took 0.776 seconds
[2026-07-01T16:55:54.964+0000] {processor.py:186} INFO - Started process (PID=3572) to work on /opt/airflow/dags/urban_data_pipeline_dag.py
[2026-07-01T16:55:54.969+0000] {processor.py:914} INFO - Processing file /opt/airflow/dags/urban_data_pipeline_dag.py for tasks to queue
[2026-07-01T16:55:54.977+0000] {logging_mixin.py:190} INFO - [2026-07-01T16:55:54.977+0000] {dagbag.py:588} INFO - Filling up the DagBag from /opt/airflow/dags/urban_data_pipeline_dag.py
[2026-07-01T16:55:55.145+0000] {processor.py:925} INFO - DAG(s) 'urban_data_pipeline' retrieved from /opt/airflow/dags/urban_data_pipeline_dag.py
[2026-07-01T16:55:55.227+0000] {logging_mixin.py:190} INFO - [2026-07-01T16:55:55.227+0000] {dag.py:3239} INFO - Sync 1 DAGs
[2026-07-01T16:55:55.252+0000] {logging_mixin.py:190} INFO - [2026-07-01T16:55:55.251+0000] {dag.py:4180} INFO - Setting next_dagrun for urban_data_pipeline to 2026-07-01 00:00:00+00:00, run_after=2026-08-01 00:00:00+00:00
[2026-07-01T16:55:55.290+0000] {processor.py:208} INFO - Processing /opt/airflow/dags/urban_data_pipeline_dag.py took 0.336 seconds
[2026-07-01T16:56:26.309+0000] {processor.py:186} INFO - Started process (PID=3591) to work on /opt/airflow/dags/urban_data_pipeline_dag.py
[2026-07-01T16:56:26.313+0000] {processor.py:914} INFO - Processing file /opt/airflow/dags/urban_data_pipeline_dag.py for tasks to queue
[2026-07-01T16:56:26.319+0000] {logging_mixin.py:190} INFO - [2026-07-01T16:56:26.318+0000] {dagbag.py:588} INFO - Filling up the DagBag from /opt/airflow/dags/urban_data_pipeline_dag.py
[2026-07-01T16:56:26.502+0000] {processor.py:925} INFO - DAG(s) 'urban_data_pipeline' retrieved from /opt/airflow/dags/urban_data_pipeline_dag.py
[2026-07-01T16:56:26.554+0000] {logging_mixin.py:190} INFO - [2026-07-01T16:56:26.554+0000] {dag.py:3239} INFO - Sync 1 DAGs
[2026-07-01T16:56:26.581+0000] {logging_mixin.py:190} INFO - [2026-07-01T16:56:26.581+0000] {dag.py:4180} INFO - Setting next_dagrun for urban_data_pipeline to 2026-07-01 00:00:00+00:00, run_after=2026-08-01 00:00:00+00:00
[2026-07-01T16:56:26.610+0000] {processor.py:208} INFO - Processing /opt/airflow/dags/urban_data_pipeline_dag.py took 0.314 seconds
[2026-07-01T16:56:57.282+0000] {processor.py:186} INFO - Started process (PID=3612) to work on /opt/airflow/dags/urban_data_pipeline_dag.py
[2026-07-01T16:56:57.284+0000] {processor.py:914} INFO - Processing file /opt/airflow/dags/urban_data_pipeline_dag.py for tasks to queue
[2026-07-01T16:56:57.288+0000] {logging_mixin.py:190} INFO - [2026-07-01T16:56:57.288+0000] {dagbag.py:588} INFO - Filling up the DagBag from /opt/airflow/dags/urban_data_pipeline_dag.py
[2026-07-01T16:56:57.493+0000] {processor.py:925} INFO - DAG(s) 'urban_data_pipeline' retrieved from /opt/airflow/dags/urban_data_pipeline_dag.py
[2026-07-01T16:56:57.552+0000] {logging_mixin.py:190} INFO - [2026-07-01T16:56:57.552+0000] {dag.py:3239} INFO - Sync 1 DAGs
[2026-07-01T16:56:57.576+0000] {logging_mixin.py:190} INFO - [2026-07-01T16:56:57.576+0000] {dag.py:4180} INFO - Setting next_dagrun for urban_data_pipeline to 2026-07-01 00:00:00+00:00, run_after=2026-08-01 00:00:00+00:00
[2026-07-01T16:56:57.609+0000] {processor.py:208} INFO - Processing /opt/airflow/dags/urban_data_pipeline_dag.py took 0.347 seconds
[2026-07-01T16:57:28.547+0000] {processor.py:186} INFO - Started process (PID=3630) to work on /opt/airflow/dags/urban_data_pipeline_dag.py
[2026-07-01T16:57:28.551+0000] {processor.py:914} INFO - Processing file /opt/airflow/dags/urban_data_pipeline_dag.py for tasks to queue
[2026-07-01T16:57:28.560+0000] {logging_mixin.py:190} INFO - [2026-07-01T16:57:28.558+0000] {dagbag.py:588} INFO - Filling up the DagBag from /opt/airflow/dags/urban_data_pipeline_dag.py
[2026-07-01T16:57:28.739+0000] {processor.py:925} INFO - DAG(s) 'urban_data_pipeline' retrieved from /opt/airflow/dags/urban_data_pipeline_dag.py
[2026-07-01T16:57:28.795+0000] {logging_mixin.py:190} INFO - [2026-07-01T16:57:28.795+0000] {dag.py:3239} INFO - Sync 1 DAGs
[2026-07-01T16:57:28.835+0000] {logging_mixin.py:190} INFO - [2026-07-01T16:57:28.834+0000] {dag.py:4180} INFO - Setting next_dagrun for urban_data_pipeline to 2026-07-01 00:00:00+00:00, run_after=2026-08-01 00:00:00+00:00
[2026-07-01T16:57:28.874+0000] {processor.py:208} INFO - Processing /opt/airflow/dags/urban_data_pipeline_dag.py took 0.355 seconds
[2026-07-01T16:57:59.764+0000] {processor.py:186} INFO - Started process (PID=3648) to work on /opt/airflow/dags/urban_data_pipeline_dag.py
[2026-07-01T16:57:59.766+0000] {processor.py:914} INFO - Processing file /opt/airflow/dags/urban_data_pipeline_dag.py for tasks to queue
[2026-07-01T16:57:59.769+0000] {logging_mixin.py:190} INFO - [2026-07-01T16:57:59.769+0000] {dagbag.py:588} INFO - Filling up the DagBag from /opt/airflow/dags/urban_data_pipeline_dag.py
[2026-07-01T16:58:00.061+0000] {processor.py:925} INFO - DAG(s) 'urban_data_pipeline' retrieved from /opt/airflow/dags/urban_data_pipeline_dag.py
[2026-07-01T16:58:00.116+0000] {logging_mixin.py:190} INFO - [2026-07-01T16:58:00.116+0000] {dag.py:3239} INFO - Sync 1 DAGs
[2026-07-01T16:58:00.143+0000] {logging_mixin.py:190} INFO - [2026-07-01T16:58:00.143+0000] {dag.py:4180} INFO - Setting next_dagrun for urban_data_pipeline to 2026-07-01 00:00:00+00:00, run_after=2026-08-01 00:00:00+00:00
[2026-07-01T16:58:00.172+0000] {processor.py:208} INFO - Processing /opt/airflow/dags/urban_data_pipeline_dag.py took 0.422 seconds
[2026-07-01T16:58:30.999+0000] {processor.py:186} INFO - Started process (PID=3671) to work on /opt/airflow/dags/urban_data_pipeline_dag.py
[2026-07-01T16:58:31.004+0000] {processor.py:914} INFO - Processing file /opt/airflow/dags/urban_data_pipeline_dag.py for tasks to queue
[2026-07-01T16:58:31.013+0000] {logging_mixin.py:190} INFO - [2026-07-01T16:58:31.012+0000] {dagbag.py:588} INFO - Filling up the DagBag from /opt/airflow/dags/urban_data_pipeline_dag.py
[2026-07-01T16:58:31.244+0000] {processor.py:925} INFO - DAG(s) 'urban_data_pipeline' retrieved from /opt/airflow/dags/urban_data_pipeline_dag.py
[2026-07-01T16:58:31.305+0000] {logging_mixin.py:190} INFO - [2026-07-01T16:58:31.305+0000] {dag.py:3239} INFO - Sync 1 DAGs
[2026-07-01T16:58:31.329+0000] {logging_mixin.py:190} INFO - [2026-07-01T16:58:31.329+0000] {dag.py:4180} INFO - Setting next_dagrun for urban_data_pipeline to 2026-07-01 00:00:00+00:00, run_after=2026-08-01 00:00:00+00:00
[2026-07-01T16:58:31.379+0000] {processor.py:208} INFO - Processing /opt/airflow/dags/urban_data_pipeline_dag.py took 0.387 seconds
[2026-07-01T16:59:02.176+0000] {processor.py:186} INFO - Started process (PID=3689) to work on /opt/airflow/dags/urban_data_pipeline_dag.py
[2026-07-01T16:59:02.178+0000] {processor.py:914} INFO - Processing file /opt/airflow/dags/urban_data_pipeline_dag.py for tasks to queue
[2026-07-01T16:59:02.181+0000] {logging_mixin.py:190} INFO - [2026-07-01T16:59:02.181+0000] {dagbag.py:588} INFO - Filling up the DagBag from /opt/airflow/dags/urban_data_pipeline_dag.py
[2026-07-01T16:59:02.568+0000] {processor.py:925} INFO - DAG(s) 'urban_data_pipeline' retrieved from /opt/airflow/dags/urban_data_pipeline_dag.py
[2026-07-01T16:59:02.641+0000] {logging_mixin.py:190} INFO - [2026-07-01T16:59:02.641+0000] {dag.py:3239} INFO - Sync 1 DAGs
[2026-07-01T16:59:02.667+0000] {logging_mixin.py:190} INFO - [2026-07-01T16:59:02.667+0000] {dag.py:4180} INFO - Setting next_dagrun for urban_data_pipeline to 2026-07-01 00:00:00+00:00, run_after=2026-08-01 00:00:00+00:00
[2026-07-01T16:59:02.716+0000] {processor.py:208} INFO - Processing /opt/airflow/dags/urban_data_pipeline_dag.py took 0.546 seconds
[2026-07-01T16:59:33.066+0000] {processor.py:186} INFO - Started process (PID=3707) to work on /opt/airflow/dags/urban_data_pipeline_dag.py
[2026-07-01T16:59:33.068+0000] {processor.py:914} INFO - Processing file /opt/airflow/dags/urban_data_pipeline_dag.py for tasks to queue
[2026-07-01T16:59:33.071+0000] {logging_mixin.py:190} INFO - [2026-07-01T16:59:33.070+0000] {dagbag.py:588} INFO - Filling up the DagBag from /opt/airflow/dags/urban_data_pipeline_dag.py
[2026-07-01T16:59:33.433+0000] {processor.py:925} INFO - DAG(s) 'urban_data_pipeline' retrieved from /opt/airflow/dags/urban_data_pipeline_dag.py
[2026-07-01T16:59:33.488+0000] {logging_mixin.py:190} INFO - [2026-07-01T16:59:33.488+0000] {dag.py:3239} INFO - Sync 1 DAGs
[2026-07-01T16:59:33.515+0000] {logging_mixin.py:190} INFO - [2026-07-01T16:59:33.515+0000] {dag.py:4180} INFO - Setting next_dagrun for urban_data_pipeline to 2026-07-01 00:00:00+00:00, run_after=2026-08-01 00:00:00+00:00
[2026-07-01T16:59:33.543+0000] {processor.py:208} INFO - Processing /opt/airflow/dags/urban_data_pipeline_dag.py took 0.491 seconds
[2026-07-01T17:00:03.987+0000] {processor.py:186} INFO - Started process (PID=3724) to work on /opt/airflow/dags/urban_data_pipeline_dag.py
[2026-07-01T17:00:03.989+0000] {processor.py:914} INFO - Processing file /opt/airflow/dags/urban_data_pipeline_dag.py for tasks to queue
[2026-07-01T17:00:03.991+0000] {logging_mixin.py:190} INFO - [2026-07-01T17:00:03.991+0000] {dagbag.py:588} INFO - Filling up the DagBag from /opt/airflow/dags/urban_data_pipeline_dag.py
[2026-07-01T17:00:04.156+0000] {processor.py:925} INFO - DAG(s) 'urban_data_pipeline' retrieved from /opt/airflow/dags/urban_data_pipeline_dag.py
[2026-07-01T17:00:04.221+0000] {logging_mixin.py:190} INFO - [2026-07-01T17:00:04.221+0000] {dag.py:3239} INFO - Sync 1 DAGs
[2026-07-01T17:00:04.244+0000] {logging_mixin.py:190} INFO - [2026-07-01T17:00:04.244+0000] {dag.py:4180} INFO - Setting next_dagrun for urban_data_pipeline to 2026-07-01 00:00:00+00:00, run_after=2026-08-01 00:00:00+00:00
[2026-07-01T17:00:04.268+0000] {processor.py:208} INFO - Processing /opt/airflow/dags/urban_data_pipeline_dag.py took 0.288 seconds
[2026-07-01T17:00:34.974+0000] {processor.py:186} INFO - Started process (PID=3735) to work on /opt/airflow/dags/urban_data_pipeline_dag.py
[2026-07-01T17:00:34.978+0000] {processor.py:914} INFO - Processing file /opt/airflow/dags/urban_data_pipeline_dag.py for tasks to queue
[2026-07-01T17:00:34.984+0000] {logging_mixin.py:190} INFO - [2026-07-01T17:00:34.984+0000] {dagbag.py:588} INFO - Filling up the DagBag from /opt/airflow/dags/urban_data_pipeline_dag.py
[2026-07-01T17:00:35.417+0000] {processor.py:925} INFO - DAG(s) 'urban_data_pipeline' retrieved from /opt/airflow/dags/urban_data_pipeline_dag.py
[2026-07-01T17:00:35.462+0000] {logging_mixin.py:190} INFO - [2026-07-01T17:00:35.462+0000] {dag.py:3239} INFO - Sync 1 DAGs
[2026-07-01T17:00:35.489+0000] {logging_mixin.py:190} INFO - [2026-07-01T17:00:35.488+0000] {dag.py:4180} INFO - Setting next_dagrun for urban_data_pipeline to 2026-07-01 00:00:00+00:00, run_after=2026-08-01 00:00:00+00:00
[2026-07-01T17:00:35.517+0000] {processor.py:208} INFO - Processing /opt/airflow/dags/urban_data_pipeline_dag.py took 0.569 seconds
[2026-07-01T17:01:05.913+0000] {processor.py:186} INFO - Started process (PID=3754) to work on /opt/airflow/dags/urban_data_pipeline_dag.py
[2026-07-01T17:01:05.915+0000] {processor.py:914} INFO - Processing file /opt/airflow/dags/urban_data_pipeline_dag.py for tasks to queue
[2026-07-01T17:01:05.919+0000] {logging_mixin.py:190} INFO - [2026-07-01T17:01:05.918+0000] {dagbag.py:588} INFO - Filling up the DagBag from /opt/airflow/dags/urban_data_pipeline_dag.py
[2026-07-01T17:01:06.346+0000] {processor.py:925} INFO - DAG(s) 'urban_data_pipeline' retrieved from /opt/airflow/dags/urban_data_pipeline_dag.py
[2026-07-01T17:01:06.406+0000] {logging_mixin.py:190} INFO - [2026-07-01T17:01:06.406+0000] {dag.py:3239} INFO - Sync 1 DAGs
[2026-07-01T17:01:06.432+0000] {logging_mixin.py:190} INFO - [2026-07-01T17:01:06.432+0000] {dag.py:4180} INFO - Setting next_dagrun for urban_data_pipeline to 2026-07-01 00:00:00+00:00, run_after=2026-08-01 00:00:00+00:00
[2026-07-01T17:01:06.586+0000] {processor.py:208} INFO - Processing /opt/airflow/dags/urban_data_pipeline_dag.py took 0.685 seconds
[2026-07-01T17:01:36.837+0000] {processor.py:186} INFO - Started process (PID=3791) to work on /opt/airflow/dags/urban_data_pipeline_dag.py
[2026-07-01T17:01:36.838+0000] {processor.py:914} INFO - Processing file /opt/airflow/dags/urban_data_pipeline_dag.py for tasks to queue
[2026-07-01T17:01:36.841+0000] {logging_mixin.py:190} INFO - [2026-07-01T17:01:36.840+0000] {dagbag.py:588} INFO - Filling up the DagBag from /opt/airflow/dags/urban_data_pipeline_dag.py
[2026-07-01T17:01:37.032+0000] {processor.py:925} INFO - DAG(s) 'urban_data_pipeline' retrieved from /opt/airflow/dags/urban_data_pipeline_dag.py
[2026-07-01T17:01:37.085+0000] {logging_mixin.py:190} INFO - [2026-07-01T17:01:37.084+0000] {dag.py:3239} INFO - Sync 1 DAGs
[2026-07-01T17:01:37.111+0000] {logging_mixin.py:190} INFO - [2026-07-01T17:01:37.110+0000] {dag.py:4180} INFO - Setting next_dagrun for urban_data_pipeline to 2026-07-01 00:00:00+00:00, run_after=2026-08-01 00:00:00+00:00
[2026-07-01T17:01:37.135+0000] {processor.py:208} INFO - Processing /opt/airflow/dags/urban_data_pipeline_dag.py took 0.305 seconds
[2026-07-01T17:02:07.680+0000] {processor.py:186} INFO - Started process (PID=3816) to work on /opt/airflow/dags/urban_data_pipeline_dag.py
[2026-07-01T17:02:07.681+0000] {processor.py:914} INFO - Processing file /opt/airflow/dags/urban_data_pipeline_dag.py for tasks to queue
[2026-07-01T17:02:07.686+0000] {logging_mixin.py:190} INFO - [2026-07-01T17:02:07.685+0000] {dagbag.py:588} INFO - Filling up the DagBag from /opt/airflow/dags/urban_data_pipeline_dag.py
[2026-07-01T17:02:07.843+0000] {processor.py:925} INFO - DAG(s) 'urban_data_pipeline' retrieved from /opt/airflow/dags/urban_data_pipeline_dag.py
[2026-07-01T17:02:07.897+0000] {logging_mixin.py:190} INFO - [2026-07-01T17:02:07.897+0000] {dag.py:3239} INFO - Sync 1 DAGs
[2026-07-01T17:02:07.926+0000] {logging_mixin.py:190} INFO - [2026-07-01T17:02:07.925+0000] {dag.py:4180} INFO - Setting next_dagrun for urban_data_pipeline to 2026-07-01 00:00:00+00:00, run_after=2026-08-01 00:00:00+00:00
[2026-07-01T17:02:07.958+0000] {processor.py:208} INFO - Processing /opt/airflow/dags/urban_data_pipeline_dag.py took 0.289 seconds
[2026-07-01T17:02:38.393+0000] {processor.py:186} INFO - Started process (PID=3840) to work on /opt/airflow/dags/urban_data_pipeline_dag.py
[2026-07-01T17:02:38.397+0000] {processor.py:914} INFO - Processing file /opt/airflow/dags/urban_data_pipeline_dag.py for tasks to queue
[2026-07-01T17:02:38.401+0000] {logging_mixin.py:190} INFO - [2026-07-01T17:02:38.400+0000] {dagbag.py:588} INFO - Filling up the DagBag from /opt/airflow/dags/urban_data_pipeline_dag.py
[2026-07-01T17:02:38.574+0000] {processor.py:925} INFO - DAG(s) 'urban_data_pipeline' retrieved from /opt/airflow/dags/urban_data_pipeline_dag.py
[2026-07-01T17:02:38.665+0000] {logging_mixin.py:190} INFO - [2026-07-01T17:02:38.665+0000] {dag.py:3239} INFO - Sync 1 DAGs
[2026-07-01T17:02:38.714+0000] {logging_mixin.py:190} INFO - [2026-07-01T17:02:38.713+0000] {dag.py:4180} INFO - Setting next_dagrun for urban_data_pipeline to 2026-07-01 00:00:00+00:00, run_after=2026-08-01 00:00:00+00:00
[2026-07-01T17:02:38.749+0000] {processor.py:208} INFO - Processing /opt/airflow/dags/urban_data_pipeline_dag.py took 0.364 seconds
[2026-07-01T17:03:09.271+0000] {processor.py:186} INFO - Started process (PID=3858) to work on /opt/airflow/dags/urban_data_pipeline_dag.py
[2026-07-01T17:03:09.273+0000] {processor.py:914} INFO - Processing file /opt/airflow/dags/urban_data_pipeline_dag.py for tasks to queue
[2026-07-01T17:03:09.277+0000] {logging_mixin.py:190} INFO - [2026-07-01T17:03:09.276+0000] {dagbag.py:588} INFO - Filling up the DagBag from /opt/airflow/dags/urban_data_pipeline_dag.py
[2026-07-01T17:03:09.475+0000] {processor.py:925} INFO - DAG(s) 'urban_data_pipeline' retrieved from /opt/airflow/dags/urban_data_pipeline_dag.py
[2026-07-01T17:03:09.533+0000] {logging_mixin.py:190} INFO - [2026-07-01T17:03:09.533+0000] {dag.py:3239} INFO - Sync 1 DAGs
[2026-07-01T17:03:09.562+0000] {logging_mixin.py:190} INFO - [2026-07-01T17:03:09.561+0000] {dag.py:4180} INFO - Setting next_dagrun for urban_data_pipeline to 2026-07-01 00:00:00+00:00, run_after=2026-08-01 00:00:00+00:00
[2026-07-01T17:03:09.585+0000] {processor.py:208} INFO - Processing /opt/airflow/dags/urban_data_pipeline_dag.py took 0.328 seconds
[2026-07-01T17:03:40.627+0000] {processor.py:186} INFO - Started process (PID=3876) to work on /opt/airflow/dags/urban_data_pipeline_dag.py
[2026-07-01T17:03:40.630+0000] {processor.py:914} INFO - Processing file /opt/airflow/dags/urban_data_pipeline_dag.py for tasks to queue
[2026-07-01T17:03:40.636+0000] {logging_mixin.py:190} INFO - [2026-07-01T17:03:40.635+0000] {dagbag.py:588} INFO - Filling up the DagBag from /opt/airflow/dags/urban_data_pipeline_dag.py
[2026-07-01T17:03:41.039+0000] {processor.py:925} INFO - DAG(s) 'urban_data_pipeline' retrieved from /opt/airflow/dags/urban_data_pipeline_dag.py
[2026-07-01T17:03:41.110+0000] {logging_mixin.py:190} INFO - [2026-07-01T17:03:41.110+0000] {dag.py:3239} INFO - Sync 1 DAGs
[2026-07-01T17:03:41.141+0000] {logging_mixin.py:190} INFO - [2026-07-01T17:03:41.141+0000] {dag.py:4180} INFO - Setting next_dagrun for urban_data_pipeline to 2026-07-01 00:00:00+00:00, run_after=2026-08-01 00:00:00+00:00
[2026-07-01T17:03:41.181+0000] {processor.py:208} INFO - Processing /opt/airflow/dags/urban_data_pipeline_dag.py took 0.565 seconds
[2026-07-01T17:04:11.760+0000] {processor.py:186} INFO - Started process (PID=3897) to work on /opt/airflow/dags/urban_data_pipeline_dag.py
[2026-07-01T17:04:11.761+0000] {processor.py:914} INFO - Processing file /opt/airflow/dags/urban_data_pipeline_dag.py for tasks to queue
[2026-07-01T17:04:11.766+0000] {logging_mixin.py:190} INFO - [2026-07-01T17:04:11.765+0000] {dagbag.py:588} INFO - Filling up the DagBag from /opt/airflow/dags/urban_data_pipeline_dag.py
[2026-07-01T17:04:11.915+0000] {processor.py:925} INFO - DAG(s) 'urban_data_pipeline' retrieved from /opt/airflow/dags/urban_data_pipeline_dag.py
[2026-07-01T17:04:11.972+0000] {logging_mixin.py:190} INFO - [2026-07-01T17:04:11.972+0000] {dag.py:3239} INFO - Sync 1 DAGs
[2026-07-01T17:04:12.000+0000] {logging_mixin.py:190} INFO - [2026-07-01T17:04:11.999+0000] {dag.py:4180} INFO - Setting next_dagrun for urban_data_pipeline to 2026-07-01 00:00:00+00:00, run_after=2026-08-01 00:00:00+00:00
[2026-07-01T17:04:12.025+0000] {processor.py:208} INFO - Processing /opt/airflow/dags/urban_data_pipeline_dag.py took 0.275 seconds
[2026-07-01T17:04:42.817+0000] {processor.py:186} INFO - Started process (PID=3915) to work on /opt/airflow/dags/urban_data_pipeline_dag.py
[2026-07-01T17:04:42.819+0000] {processor.py:914} INFO - Processing file /opt/airflow/dags/urban_data_pipeline_dag.py for tasks to queue
[2026-07-01T17:04:42.822+0000] {logging_mixin.py:190} INFO - [2026-07-01T17:04:42.822+0000] {dagbag.py:588} INFO - Filling up the DagBag from /opt/airflow/dags/urban_data_pipeline_dag.py
[2026-07-01T17:04:42.960+0000] {processor.py:925} INFO - DAG(s) 'urban_data_pipeline' retrieved from /opt/airflow/dags/urban_data_pipeline_dag.py
[2026-07-01T17:04:43.005+0000] {logging_mixin.py:190} INFO - [2026-07-01T17:04:43.004+0000] {dag.py:3239} INFO - Sync 1 DAGs
[2026-07-01T17:04:43.029+0000] {logging_mixin.py:190} INFO - [2026-07-01T17:04:43.029+0000] {dag.py:4180} INFO - Setting next_dagrun for urban_data_pipeline to 2026-07-01 00:00:00+00:00, run_after=2026-08-01 00:00:00+00:00
[2026-07-01T17:04:43.054+0000] {processor.py:208} INFO - Processing /opt/airflow/dags/urban_data_pipeline_dag.py took 0.244 seconds
[2026-07-01T17:05:13.846+0000] {processor.py:186} INFO - Started process (PID=3932) to work on /opt/airflow/dags/urban_data_pipeline_dag.py
[2026-07-01T17:05:13.852+0000] {processor.py:914} INFO - Processing file /opt/airflow/dags/urban_data_pipeline_dag.py for tasks to queue
[2026-07-01T17:05:13.880+0000] {logging_mixin.py:190} INFO - [2026-07-01T17:05:13.878+0000] {dagbag.py:588} INFO - Filling up the DagBag from /opt/airflow/dags/urban_data_pipeline_dag.py
[2026-07-01T17:05:14.049+0000] {processor.py:925} INFO - DAG(s) 'urban_data_pipeline' retrieved from /opt/airflow/dags/urban_data_pipeline_dag.py
[2026-07-01T17:05:14.096+0000] {logging_mixin.py:190} INFO - [2026-07-01T17:05:14.096+0000] {dag.py:3239} INFO - Sync 1 DAGs
[2026-07-01T17:05:14.121+0000] {logging_mixin.py:190} INFO - [2026-07-01T17:05:14.121+0000] {dag.py:4180} INFO - Setting next_dagrun for urban_data_pipeline to 2026-07-01 00:00:00+00:00, run_after=2026-08-01 00:00:00+00:00
[2026-07-01T17:05:14.147+0000] {processor.py:208} INFO - Processing /opt/airflow/dags/urban_data_pipeline_dag.py took 0.333 seconds
[2026-07-01T17:05:44.886+0000] {processor.py:186} INFO - Started process (PID=3943) to work on /opt/airflow/dags/urban_data_pipeline_dag.py
[2026-07-01T17:05:44.888+0000] {processor.py:914} INFO - Processing file /opt/airflow/dags/urban_data_pipeline_dag.py for tasks to queue
[2026-07-01T17:05:44.891+0000] {logging_mixin.py:190} INFO - [2026-07-01T17:05:44.891+0000] {dagbag.py:588} INFO - Filling up the DagBag from /opt/airflow/dags/urban_data_pipeline_dag.py
[2026-07-01T17:05:45.053+0000] {processor.py:925} INFO - DAG(s) 'urban_data_pipeline' retrieved from /opt/airflow/dags/urban_data_pipeline_dag.py
[2026-07-01T17:05:45.106+0000] {logging_mixin.py:190} INFO - [2026-07-01T17:05:45.105+0000] {dag.py:3239} INFO - Sync 1 DAGs
[2026-07-01T17:05:45.139+0000] {logging_mixin.py:190} INFO - [2026-07-01T17:05:45.138+0000] {dag.py:4180} INFO - Setting next_dagrun for urban_data_pipeline to 2026-07-01 00:00:00+00:00, run_after=2026-08-01 00:00:00+00:00
[2026-07-01T17:05:45.167+0000] {processor.py:208} INFO - Processing /opt/airflow/dags/urban_data_pipeline_dag.py took 0.290 seconds
[2026-07-01T17:06:15.879+0000] {processor.py:186} INFO - Started process (PID=3961) to work on /opt/airflow/dags/urban_data_pipeline_dag.py
[2026-07-01T17:06:15.881+0000] {processor.py:914} INFO - Processing file /opt/airflow/dags/urban_data_pipeline_dag.py for tasks to queue
[2026-07-01T17:06:15.883+0000] {logging_mixin.py:190} INFO - [2026-07-01T17:06:15.883+0000] {dagbag.py:588} INFO - Filling up the DagBag from /opt/airflow/dags/urban_data_pipeline_dag.py
[2026-07-01T17:06:16.112+0000] {processor.py:925} INFO - DAG(s) 'urban_data_pipeline' retrieved from /opt/airflow/dags/urban_data_pipeline_dag.py
[2026-07-01T17:06:16.185+0000] {logging_mixin.py:190} INFO - [2026-07-01T17:06:16.184+0000] {dag.py:3239} INFO - Sync 1 DAGs
[2026-07-01T17:06:16.211+0000] {logging_mixin.py:190} INFO - [2026-07-01T17:06:16.211+0000] {dag.py:4180} INFO - Setting next_dagrun for urban_data_pipeline to 2026-07-01 00:00:00+00:00, run_after=2026-08-01 00:00:00+00:00
[2026-07-01T17:06:16.241+0000] {processor.py:208} INFO - Processing /opt/airflow/dags/urban_data_pipeline_dag.py took 0.368 seconds
[2026-07-01T17:06:46.551+0000] {processor.py:186} INFO - Started process (PID=3981) to work on /opt/airflow/dags/urban_data_pipeline_dag.py
[2026-07-01T17:06:46.553+0000] {processor.py:914} INFO - Processing file /opt/airflow/dags/urban_data_pipeline_dag.py for tasks to queue
[2026-07-01T17:06:46.556+0000] {logging_mixin.py:190} INFO - [2026-07-01T17:06:46.556+0000] {dagbag.py:588} INFO - Filling up the DagBag from /opt/airflow/dags/urban_data_pipeline_dag.py
[2026-07-01T17:06:46.700+0000] {processor.py:925} INFO - DAG(s) 'urban_data_pipeline' retrieved from /opt/airflow/dags/urban_data_pipeline_dag.py
[2026-07-01T17:06:46.746+0000] {logging_mixin.py:190} INFO - [2026-07-01T17:06:46.745+0000] {dag.py:3239} INFO - Sync 1 DAGs
[2026-07-01T17:06:46.769+0000] {logging_mixin.py:190} INFO - [2026-07-01T17:06:46.769+0000] {dag.py:4180} INFO - Setting next_dagrun for urban_data_pipeline to 2026-07-01 00:00:00+00:00, run_after=2026-08-01 00:00:00+00:00
[2026-07-01T17:06:46.801+0000] {processor.py:208} INFO - Processing /opt/airflow/dags/urban_data_pipeline_dag.py took 0.260 seconds
[2026-07-01T17:07:17.113+0000] {processor.py:186} INFO - Started process (PID=3999) to work on /opt/airflow/dags/urban_data_pipeline_dag.py
[2026-07-01T17:07:17.117+0000] {processor.py:914} INFO - Processing file /opt/airflow/dags/urban_data_pipeline_dag.py for tasks to queue
[2026-07-01T17:07:17.122+0000] {logging_mixin.py:190} INFO - [2026-07-01T17:07:17.121+0000] {dagbag.py:588} INFO - Filling up the DagBag from /opt/airflow/dags/urban_data_pipeline_dag.py
[2026-07-01T17:07:17.390+0000] {processor.py:925} INFO - DAG(s) 'urban_data_pipeline' retrieved from /opt/airflow/dags/urban_data_pipeline_dag.py
[2026-07-01T17:07:17.439+0000] {logging_mixin.py:190} INFO - [2026-07-01T17:07:17.439+0000] {dag.py:3239} INFO - Sync 1 DAGs
[2026-07-01T17:07:17.473+0000] {logging_mixin.py:190} INFO - [2026-07-01T17:07:17.473+0000] {dag.py:4180} INFO - Setting next_dagrun for urban_data_pipeline to 2026-07-01 00:00:00+00:00, run_after=2026-08-01 00:00:00+00:00
[2026-07-01T17:07:17.500+0000] {processor.py:208} INFO - Processing /opt/airflow/dags/urban_data_pipeline_dag.py took 0.399 seconds
[2026-07-01T17:07:47.728+0000] {processor.py:186} INFO - Started process (PID=4017) to work on /opt/airflow/dags/urban_data_pipeline_dag.py
[2026-07-01T17:07:47.731+0000] {processor.py:914} INFO - Processing file /opt/airflow/dags/urban_data_pipeline_dag.py for tasks to queue
[2026-07-01T17:07:47.734+0000] {logging_mixin.py:190} INFO - [2026-07-01T17:07:47.733+0000] {dagbag.py:588} INFO - Filling up the DagBag from /opt/airflow/dags/urban_data_pipeline_dag.py
[2026-07-01T17:07:47.868+0000] {processor.py:925} INFO - DAG(s) 'urban_data_pipeline' retrieved from /opt/airflow/dags/urban_data_pipeline_dag.py
[2026-07-01T17:07:47.918+0000] {logging_mixin.py:190} INFO - [2026-07-01T17:07:47.918+0000] {dag.py:3239} INFO - Sync 1 DAGs
[2026-07-01T17:07:47.949+0000] {logging_mixin.py:190} INFO - [2026-07-01T17:07:47.949+0000] {dag.py:4180} INFO - Setting next_dagrun for urban_data_pipeline to 2026-07-01 00:00:00+00:00, run_after=2026-08-01 00:00:00+00:00
[2026-07-01T17:07:47.974+0000] {processor.py:208} INFO - Processing /opt/airflow/dags/urban_data_pipeline_dag.py took 0.253 seconds
[2026-07-01T17:08:18.062+0000] {processor.py:186} INFO - Started process (PID=4035) to work on /opt/airflow/dags/urban_data_pipeline_dag.py
[2026-07-01T17:08:18.066+0000] {processor.py:914} INFO - Processing file /opt/airflow/dags/urban_data_pipeline_dag.py for tasks to queue
[2026-07-01T17:08:18.072+0000] {logging_mixin.py:190} INFO - [2026-07-01T17:08:18.071+0000] {dagbag.py:588} INFO - Filling up the DagBag from /opt/airflow/dags/urban_data_pipeline_dag.py
[2026-07-01T17:08:18.219+0000] {processor.py:925} INFO - DAG(s) 'urban_data_pipeline' retrieved from /opt/airflow/dags/urban_data_pipeline_dag.py
[2026-07-01T17:08:18.289+0000] {logging_mixin.py:190} INFO - [2026-07-01T17:08:18.289+0000] {dag.py:3239} INFO - Sync 1 DAGs
[2026-07-01T17:08:18.313+0000] {logging_mixin.py:190} INFO - [2026-07-01T17:08:18.313+0000] {dag.py:4180} INFO - Setting next_dagrun for urban_data_pipeline to 2026-07-01 00:00:00+00:00, run_after=2026-08-01 00:00:00+00:00
[2026-07-01T17:08:18.348+0000] {processor.py:208} INFO - Processing /opt/airflow/dags/urban_data_pipeline_dag.py took 0.301 seconds
[2026-07-01T17:08:48.966+0000] {processor.py:186} INFO - Started process (PID=4051) to work on /opt/airflow/dags/urban_data_pipeline_dag.py
[2026-07-01T17:08:48.969+0000] {processor.py:914} INFO - Processing file /opt/airflow/dags/urban_data_pipeline_dag.py for tasks to queue
[2026-07-01T17:08:48.996+0000] {logging_mixin.py:190} INFO - [2026-07-01T17:08:48.995+0000] {dagbag.py:588} INFO - Filling up the DagBag from /opt/airflow/dags/urban_data_pipeline_dag.py
[2026-07-01T17:08:49.245+0000] {processor.py:925} INFO - DAG(s) 'urban_data_pipeline' retrieved from /opt/airflow/dags/urban_data_pipeline_dag.py
[2026-07-01T17:08:49.288+0000] {logging_mixin.py:190} INFO - [2026-07-01T17:08:49.288+0000] {dag.py:3239} INFO - Sync 1 DAGs
[2026-07-01T17:08:49.311+0000] {logging_mixin.py:190} INFO - [2026-07-01T17:08:49.311+0000] {dag.py:4180} INFO - Setting next_dagrun for urban_data_pipeline to 2026-07-01 00:00:00+00:00, run_after=2026-08-01 00:00:00+00:00
[2026-07-01T17:08:49.337+0000] {processor.py:208} INFO - Processing /opt/airflow/dags/urban_data_pipeline_dag.py took 0.388 seconds
[2026-07-01T17:09:20.157+0000] {processor.py:186} INFO - Started process (PID=4069) to work on /opt/airflow/dags/urban_data_pipeline_dag.py
[2026-07-01T17:09:20.158+0000] {processor.py:914} INFO - Processing file /opt/airflow/dags/urban_data_pipeline_dag.py for tasks to queue
[2026-07-01T17:09:20.162+0000] {logging_mixin.py:190} INFO - [2026-07-01T17:09:20.161+0000] {dagbag.py:588} INFO - Filling up the DagBag from /opt/airflow/dags/urban_data_pipeline_dag.py
[2026-07-01T17:09:20.331+0000] {processor.py:925} INFO - DAG(s) 'urban_data_pipeline' retrieved from /opt/airflow/dags/urban_data_pipeline_dag.py
[2026-07-01T17:09:20.400+0000] {logging_mixin.py:190} INFO - [2026-07-01T17:09:20.400+0000] {dag.py:3239} INFO - Sync 1 DAGs
[2026-07-01T17:09:20.430+0000] {logging_mixin.py:190} INFO - [2026-07-01T17:09:20.430+0000] {dag.py:4180} INFO - Setting next_dagrun for urban_data_pipeline to 2026-07-01 00:00:00+00:00, run_after=2026-08-01 00:00:00+00:00
[2026-07-01T17:09:20.480+0000] {processor.py:208} INFO - Processing /opt/airflow/dags/urban_data_pipeline_dag.py took 0.330 seconds
[2026-07-01T17:09:50.749+0000] {processor.py:186} INFO - Started process (PID=4088) to work on /opt/airflow/dags/urban_data_pipeline_dag.py
[2026-07-01T17:09:50.752+0000] {processor.py:914} INFO - Processing file /opt/airflow/dags/urban_data_pipeline_dag.py for tasks to queue
[2026-07-01T17:09:50.757+0000] {logging_mixin.py:190} INFO - [2026-07-01T17:09:50.756+0000] {dagbag.py:588} INFO - Filling up the DagBag from /opt/airflow/dags/urban_data_pipeline_dag.py
[2026-07-01T17:09:50.899+0000] {processor.py:925} INFO - DAG(s) 'urban_data_pipeline' retrieved from /opt/airflow/dags/urban_data_pipeline_dag.py
[2026-07-01T17:09:50.959+0000] {logging_mixin.py:190} INFO - [2026-07-01T17:09:50.958+0000] {dag.py:3239} INFO - Sync 1 DAGs
[2026-07-01T17:09:50.991+0000] {logging_mixin.py:190} INFO - [2026-07-01T17:09:50.991+0000] {dag.py:4180} INFO - Setting next_dagrun for urban_data_pipeline to 2026-07-01 00:00:00+00:00, run_after=2026-08-01 00:00:00+00:00
[2026-07-01T17:09:51.022+0000] {processor.py:208} INFO - Processing /opt/airflow/dags/urban_data_pipeline_dag.py took 0.279 seconds
[2026-07-01T17:10:21.347+0000] {processor.py:186} INFO - Started process (PID=4099) to work on /opt/airflow/dags/urban_data_pipeline_dag.py
[2026-07-01T17:10:21.349+0000] {processor.py:914} INFO - Processing file /opt/airflow/dags/urban_data_pipeline_dag.py for tasks to queue
[2026-07-01T17:10:21.353+0000] {logging_mixin.py:190} INFO - [2026-07-01T17:10:21.352+0000] {dagbag.py:588} INFO - Filling up the DagBag from /opt/airflow/dags/urban_data_pipeline_dag.py
[2026-07-01T17:10:21.569+0000] {processor.py:925} INFO - DAG(s) 'urban_data_pipeline' retrieved from /opt/airflow/dags/urban_data_pipeline_dag.py
[2026-07-01T17:10:21.650+0000] {logging_mixin.py:190} INFO - [2026-07-01T17:10:21.649+0000] {dag.py:3239} INFO - Sync 1 DAGs
[2026-07-01T17:10:21.674+0000] {logging_mixin.py:190} INFO - [2026-07-01T17:10:21.674+0000] {dag.py:4180} INFO - Setting next_dagrun for urban_data_pipeline to 2026-07-01 00:00:00+00:00, run_after=2026-08-01 00:00:00+00:00
[2026-07-01T17:10:21.700+0000] {processor.py:208} INFO - Processing /opt/airflow/dags/urban_data_pipeline_dag.py took 0.362 seconds
[2026-07-01T17:10:52.551+0000] {processor.py:186} INFO - Started process (PID=4117) to work on /opt/airflow/dags/urban_data_pipeline_dag.py
[2026-07-01T17:10:52.553+0000] {processor.py:914} INFO - Processing file /opt/airflow/dags/urban_data_pipeline_dag.py for tasks to queue
[2026-07-01T17:10:52.558+0000] {logging_mixin.py:190} INFO - [2026-07-01T17:10:52.557+0000] {dagbag.py:588} INFO - Filling up the DagBag from /opt/airflow/dags/urban_data_pipeline_dag.py
[2026-07-01T17:10:52.900+0000] {processor.py:925} INFO - DAG(s) 'urban_data_pipeline' retrieved from /opt/airflow/dags/urban_data_pipeline_dag.py
[2026-07-01T17:10:52.958+0000] {logging_mixin.py:190} INFO - [2026-07-01T17:10:52.958+0000] {dag.py:3239} INFO - Sync 1 DAGs
[2026-07-01T17:10:52.984+0000] {logging_mixin.py:190} INFO - [2026-07-01T17:10:52.984+0000] {dag.py:4180} INFO - Setting next_dagrun for urban_data_pipeline to 2026-07-01 00:00:00+00:00, run_after=2026-08-01 00:00:00+00:00
[2026-07-01T17:10:53.017+0000] {processor.py:208} INFO - Processing /opt/airflow/dags/urban_data_pipeline_dag.py took 0.478 seconds
[2026-07-01T17:11:23.993+0000] {processor.py:186} INFO - Started process (PID=4135) to work on /opt/airflow/dags/urban_data_pipeline_dag.py
[2026-07-01T17:11:24.003+0000] {processor.py:914} INFO - Processing file /opt/airflow/dags/urban_data_pipeline_dag.py for tasks to queue
[2026-07-01T17:11:24.010+0000] {logging_mixin.py:190} INFO - [2026-07-01T17:11:24.008+0000] {dagbag.py:588} INFO - Filling up the DagBag from /opt/airflow/dags/urban_data_pipeline_dag.py
[2026-07-01T17:11:24.210+0000] {processor.py:925} INFO - DAG(s) 'urban_data_pipeline' retrieved from /opt/airflow/dags/urban_data_pipeline_dag.py
[2026-07-01T17:11:24.291+0000] {logging_mixin.py:190} INFO - [2026-07-01T17:11:24.291+0000] {dag.py:3239} INFO - Sync 1 DAGs
[2026-07-01T17:11:24.322+0000] {logging_mixin.py:190} INFO - [2026-07-01T17:11:24.322+0000] {dag.py:4180} INFO - Setting next_dagrun for urban_data_pipeline to 2026-07-01 00:00:00+00:00, run_after=2026-08-01 00:00:00+00:00
[2026-07-01T17:11:24.356+0000] {processor.py:208} INFO - Processing /opt/airflow/dags/urban_data_pipeline_dag.py took 0.376 seconds
[2026-07-01T17:11:54.760+0000] {processor.py:186} INFO - Started process (PID=4153) to work on /opt/airflow/dags/urban_data_pipeline_dag.py
[2026-07-01T17:11:54.762+0000] {processor.py:914} INFO - Processing file /opt/airflow/dags/urban_data_pipeline_dag.py for tasks to queue
[2026-07-01T17:11:54.768+0000] {logging_mixin.py:190} INFO - [2026-07-01T17:11:54.766+0000] {dagbag.py:588} INFO - Filling up the DagBag from /opt/airflow/dags/urban_data_pipeline_dag.py
[2026-07-01T17:11:54.956+0000] {processor.py:925} INFO - DAG(s) 'urban_data_pipeline' retrieved from /opt/airflow/dags/urban_data_pipeline_dag.py
[2026-07-01T17:11:55.012+0000] {logging_mixin.py:190} INFO - [2026-07-01T17:11:55.012+0000] {dag.py:3239} INFO - Sync 1 DAGs
[2026-07-01T17:11:55.037+0000] {logging_mixin.py:190} INFO - [2026-07-01T17:11:55.036+0000] {dag.py:4180} INFO - Setting next_dagrun for urban_data_pipeline to 2026-07-01 00:00:00+00:00, run_after=2026-08-01 00:00:00+00:00
[2026-07-01T17:11:55.077+0000] {processor.py:208} INFO - Processing /opt/airflow/dags/urban_data_pipeline_dag.py took 0.326 seconds
[2026-07-01T17:12:25.450+0000] {processor.py:186} INFO - Started process (PID=4171) to work on /opt/airflow/dags/urban_data_pipeline_dag.py
[2026-07-01T17:12:25.453+0000] {processor.py:914} INFO - Processing file /opt/airflow/dags/urban_data_pipeline_dag.py for tasks to queue
[2026-07-01T17:12:25.458+0000] {logging_mixin.py:190} INFO - [2026-07-01T17:12:25.457+0000] {dagbag.py:588} INFO - Filling up the DagBag from /opt/airflow/dags/urban_data_pipeline_dag.py
[2026-07-01T17:12:25.612+0000] {processor.py:925} INFO - DAG(s) 'urban_data_pipeline' retrieved from /opt/airflow/dags/urban_data_pipeline_dag.py
[2026-07-01T17:12:25.667+0000] {logging_mixin.py:190} INFO - [2026-07-01T17:12:25.666+0000] {dag.py:3239} INFO - Sync 1 DAGs
[2026-07-01T17:12:25.690+0000] {logging_mixin.py:190} INFO - [2026-07-01T17:12:25.690+0000] {dag.py:4180} INFO - Setting next_dagrun for urban_data_pipeline to 2026-07-01 00:00:00+00:00, run_after=2026-08-01 00:00:00+00:00
[2026-07-01T17:12:25.714+0000] {processor.py:208} INFO - Processing /opt/airflow/dags/urban_data_pipeline_dag.py took 0.273 seconds
[2026-07-01T17:12:56.743+0000] {processor.py:186} INFO - Started process (PID=4189) to work on /opt/airflow/dags/urban_data_pipeline_dag.py
[2026-07-01T17:12:56.744+0000] {processor.py:914} INFO - Processing file /opt/airflow/dags/urban_data_pipeline_dag.py for tasks to queue
[2026-07-01T17:12:56.749+0000] {logging_mixin.py:190} INFO - [2026-07-01T17:12:56.747+0000] {dagbag.py:588} INFO - Filling up the DagBag from /opt/airflow/dags/urban_data_pipeline_dag.py
[2026-07-01T17:12:57.150+0000] {processor.py:925} INFO - DAG(s) 'urban_data_pipeline' retrieved from /opt/airflow/dags/urban_data_pipeline_dag.py
[2026-07-01T17:12:57.208+0000] {logging_mixin.py:190} INFO - [2026-07-01T17:12:57.208+0000] {dag.py:3239} INFO - Sync 1 DAGs
[2026-07-01T17:12:57.234+0000] {logging_mixin.py:190} INFO - [2026-07-01T17:12:57.233+0000] {dag.py:4180} INFO - Setting next_dagrun for urban_data_pipeline to 2026-07-01 00:00:00+00:00, run_after=2026-08-01 00:00:00+00:00
[2026-07-01T17:12:57.281+0000] {processor.py:208} INFO - Processing /opt/airflow/dags/urban_data_pipeline_dag.py took 0.545 seconds
[2026-07-01T17:13:27.573+0000] {processor.py:186} INFO - Started process (PID=4207) to work on /opt/airflow/dags/urban_data_pipeline_dag.py
[2026-07-01T17:13:27.576+0000] {processor.py:914} INFO - Processing file /opt/airflow/dags/urban_data_pipeline_dag.py for tasks to queue
[2026-07-01T17:13:27.579+0000] {logging_mixin.py:190} INFO - [2026-07-01T17:13:27.579+0000] {dagbag.py:588} INFO - Filling up the DagBag from /opt/airflow/dags/urban_data_pipeline_dag.py
[2026-07-01T17:13:27.963+0000] {processor.py:925} INFO - DAG(s) 'urban_data_pipeline' retrieved from /opt/airflow/dags/urban_data_pipeline_dag.py
[2026-07-01T17:13:28.011+0000] {logging_mixin.py:190} INFO - [2026-07-01T17:13:28.010+0000] {dag.py:3239} INFO - Sync 1 DAGs
[2026-07-01T17:13:28.034+0000] {logging_mixin.py:190} INFO - [2026-07-01T17:13:28.034+0000] {dag.py:4180} INFO - Setting next_dagrun for urban_data_pipeline to 2026-07-01 00:00:00+00:00, run_after=2026-08-01 00:00:00+00:00
[2026-07-01T17:13:28.065+0000] {processor.py:208} INFO - Processing /opt/airflow/dags/urban_data_pipeline_dag.py took 0.501 seconds
[2026-07-01T17:13:58.142+0000] {processor.py:186} INFO - Started process (PID=4225) to work on /opt/airflow/dags/urban_data_pipeline_dag.py
[2026-07-01T17:13:58.143+0000] {processor.py:914} INFO - Processing file /opt/airflow/dags/urban_data_pipeline_dag.py for tasks to queue
[2026-07-01T17:13:58.146+0000] {logging_mixin.py:190} INFO - [2026-07-01T17:13:58.146+0000] {dagbag.py:588} INFO - Filling up the DagBag from /opt/airflow/dags/urban_data_pipeline_dag.py
[2026-07-01T17:13:58.287+0000] {processor.py:925} INFO - DAG(s) 'urban_data_pipeline' retrieved from /opt/airflow/dags/urban_data_pipeline_dag.py
[2026-07-01T17:13:58.336+0000] {logging_mixin.py:190} INFO - [2026-07-01T17:13:58.335+0000] {dag.py:3239} INFO - Sync 1 DAGs
[2026-07-01T17:13:58.362+0000] {logging_mixin.py:190} INFO - [2026-07-01T17:13:58.362+0000] {dag.py:4180} INFO - Setting next_dagrun for urban_data_pipeline to 2026-07-01 00:00:00+00:00, run_after=2026-08-01 00:00:00+00:00
[2026-07-01T17:13:58.388+0000] {processor.py:208} INFO - Processing /opt/airflow/dags/urban_data_pipeline_dag.py took 0.254 seconds
[2026-07-01T17:14:28.828+0000] {processor.py:186} INFO - Started process (PID=4243) to work on /opt/airflow/dags/urban_data_pipeline_dag.py
[2026-07-01T17:14:28.830+0000] {processor.py:914} INFO - Processing file /opt/airflow/dags/urban_data_pipeline_dag.py for tasks to queue
[2026-07-01T17:14:28.833+0000] {logging_mixin.py:190} INFO - [2026-07-01T17:14:28.833+0000] {dagbag.py:588} INFO - Filling up the DagBag from /opt/airflow/dags/urban_data_pipeline_dag.py
[2026-07-01T17:14:28.979+0000] {processor.py:925} INFO - DAG(s) 'urban_data_pipeline' retrieved from /opt/airflow/dags/urban_data_pipeline_dag.py
[2026-07-01T17:14:29.029+0000] {logging_mixin.py:190} INFO - [2026-07-01T17:14:29.028+0000] {dag.py:3239} INFO - Sync 1 DAGs
[2026-07-01T17:14:29.054+0000] {logging_mixin.py:190} INFO - [2026-07-01T17:14:29.054+0000] {dag.py:4180} INFO - Setting next_dagrun for urban_data_pipeline to 2026-07-01 00:00:00+00:00, run_after=2026-08-01 00:00:00+00:00
[2026-07-01T17:14:29.078+0000] {processor.py:208} INFO - Processing /opt/airflow/dags/urban_data_pipeline_dag.py took 0.258 seconds
[2026-07-01T17:14:59.941+0000] {processor.py:186} INFO - Started process (PID=4260) to work on /opt/airflow/dags/urban_data_pipeline_dag.py
[2026-07-01T17:14:59.942+0000] {processor.py:914} INFO - Processing file /opt/airflow/dags/urban_data_pipeline_dag.py for tasks to queue
[2026-07-01T17:14:59.946+0000] {logging_mixin.py:190} INFO - [2026-07-01T17:14:59.945+0000] {dagbag.py:588} INFO - Filling up the DagBag from /opt/airflow/dags/urban_data_pipeline_dag.py
[2026-07-01T17:15:00.140+0000] {processor.py:925} INFO - DAG(s) 'urban_data_pipeline' retrieved from /opt/airflow/dags/urban_data_pipeline_dag.py
[2026-07-01T17:15:00.193+0000] {logging_mixin.py:190} INFO - [2026-07-01T17:15:00.192+0000] {dag.py:3239} INFO - Sync 1 DAGs
[2026-07-01T17:15:00.219+0000] {logging_mixin.py:190} INFO - [2026-07-01T17:15:00.219+0000] {dag.py:4180} INFO - Setting next_dagrun for urban_data_pipeline to 2026-07-01 00:00:00+00:00, run_after=2026-08-01 00:00:00+00:00
[2026-07-01T17:15:00.242+0000] {processor.py:208} INFO - Processing /opt/airflow/dags/urban_data_pipeline_dag.py took 0.314 seconds
[2026-07-01T17:15:30.878+0000] {processor.py:186} INFO - Started process (PID=4271) to work on /opt/airflow/dags/urban_data_pipeline_dag.py
[2026-07-01T17:15:30.882+0000] {processor.py:914} INFO - Processing file /opt/airflow/dags/urban_data_pipeline_dag.py for tasks to queue
[2026-07-01T17:15:30.892+0000] {logging_mixin.py:190} INFO - [2026-07-01T17:15:30.890+0000] {dagbag.py:588} INFO - Filling up the DagBag from /opt/airflow/dags/urban_data_pipeline_dag.py
[2026-07-01T17:15:31.381+0000] {processor.py:925} INFO - DAG(s) 'urban_data_pipeline' retrieved from /opt/airflow/dags/urban_data_pipeline_dag.py
[2026-07-01T17:15:31.491+0000] {logging_mixin.py:190} INFO - [2026-07-01T17:15:31.490+0000] {dag.py:3239} INFO - Sync 1 DAGs
[2026-07-01T17:15:31.515+0000] {logging_mixin.py:190} INFO - [2026-07-01T17:15:31.514+0000] {dag.py:4180} INFO - Setting next_dagrun for urban_data_pipeline to 2026-07-01 00:00:00+00:00, run_after=2026-08-01 00:00:00+00:00
[2026-07-01T17:15:31.548+0000] {processor.py:208} INFO - Processing /opt/airflow/dags/urban_data_pipeline_dag.py took 0.692 seconds
[2026-07-01T17:16:02.665+0000] {processor.py:186} INFO - Started process (PID=4289) to work on /opt/airflow/dags/urban_data_pipeline_dag.py
[2026-07-01T17:16:02.666+0000] {processor.py:914} INFO - Processing file /opt/airflow/dags/urban_data_pipeline_dag.py for tasks to queue
[2026-07-01T17:16:02.669+0000] {logging_mixin.py:190} INFO - [2026-07-01T17:16:02.669+0000] {dagbag.py:588} INFO - Filling up the DagBag from /opt/airflow/dags/urban_data_pipeline_dag.py
[2026-07-01T17:16:02.932+0000] {processor.py:925} INFO - DAG(s) 'urban_data_pipeline' retrieved from /opt/airflow/dags/urban_data_pipeline_dag.py
[2026-07-01T17:16:02.981+0000] {logging_mixin.py:190} INFO - [2026-07-01T17:16:02.981+0000] {dag.py:3239} INFO - Sync 1 DAGs
[2026-07-01T17:16:03.007+0000] {logging_mixin.py:190} INFO - [2026-07-01T17:16:03.007+0000] {dag.py:4180} INFO - Setting next_dagrun for urban_data_pipeline to 2026-07-01 00:00:00+00:00, run_after=2026-08-01 00:00:00+00:00
[2026-07-01T17:16:03.031+0000] {processor.py:208} INFO - Processing /opt/airflow/dags/urban_data_pipeline_dag.py took 0.379 seconds
[2026-07-01T17:16:33.160+0000] {processor.py:186} INFO - Started process (PID=4307) to work on /opt/airflow/dags/urban_data_pipeline_dag.py
[2026-07-01T17:16:33.162+0000] {processor.py:914} INFO - Processing file /opt/airflow/dags/urban_data_pipeline_dag.py for tasks to queue
[2026-07-01T17:16:33.166+0000] {logging_mixin.py:190} INFO - [2026-07-01T17:16:33.166+0000] {dagbag.py:588} INFO - Filling up the DagBag from /opt/airflow/dags/urban_data_pipeline_dag.py
[2026-07-01T17:16:33.543+0000] {processor.py:925} INFO - DAG(s) 'urban_data_pipeline' retrieved from /opt/airflow/dags/urban_data_pipeline_dag.py
[2026-07-01T17:16:33.588+0000] {logging_mixin.py:190} INFO - [2026-07-01T17:16:33.588+0000] {dag.py:3239} INFO - Sync 1 DAGs
[2026-07-01T17:16:33.620+0000] {logging_mixin.py:190} INFO - [2026-07-01T17:16:33.620+0000] {dag.py:4180} INFO - Setting next_dagrun for urban_data_pipeline to 2026-07-01 00:00:00+00:00, run_after=2026-08-01 00:00:00+00:00
[2026-07-01T17:16:33.657+0000] {processor.py:208} INFO - Processing /opt/airflow/dags/urban_data_pipeline_dag.py took 0.508 seconds
[2026-07-01T17:17:03.959+0000] {processor.py:186} INFO - Started process (PID=4325) to work on /opt/airflow/dags/urban_data_pipeline_dag.py
[2026-07-01T17:17:03.964+0000] {processor.py:914} INFO - Processing file /opt/airflow/dags/urban_data_pipeline_dag.py for tasks to queue
[2026-07-01T17:17:03.977+0000] {logging_mixin.py:190} INFO - [2026-07-01T17:17:03.975+0000] {dagbag.py:588} INFO - Filling up the DagBag from /opt/airflow/dags/urban_data_pipeline_dag.py
[2026-07-01T17:17:04.213+0000] {processor.py:925} INFO - DAG(s) 'urban_data_pipeline' retrieved from /opt/airflow/dags/urban_data_pipeline_dag.py
[2026-07-01T17:17:04.268+0000] {logging_mixin.py:190} INFO - [2026-07-01T17:17:04.268+0000] {dag.py:3239} INFO - Sync 1 DAGs
[2026-07-01T17:17:04.292+0000] {logging_mixin.py:190} INFO - [2026-07-01T17:17:04.291+0000] {dag.py:4180} INFO - Setting next_dagrun for urban_data_pipeline to 2026-07-01 00:00:00+00:00, run_after=2026-08-01 00:00:00+00:00
[2026-07-01T17:17:04.327+0000] {processor.py:208} INFO - Processing /opt/airflow/dags/urban_data_pipeline_dag.py took 0.383 seconds
[2026-07-01T17:17:35.073+0000] {processor.py:186} INFO - Started process (PID=4343) to work on /opt/airflow/dags/urban_data_pipeline_dag.py
[2026-07-01T17:17:35.076+0000] {processor.py:914} INFO - Processing file /opt/airflow/dags/urban_data_pipeline_dag.py for tasks to queue
[2026-07-01T17:17:35.081+0000] {logging_mixin.py:190} INFO - [2026-07-01T17:17:35.080+0000] {dagbag.py:588} INFO - Filling up the DagBag from /opt/airflow/dags/urban_data_pipeline_dag.py
[2026-07-01T17:17:35.393+0000] {processor.py:925} INFO - DAG(s) 'urban_data_pipeline' retrieved from /opt/airflow/dags/urban_data_pipeline_dag.py
[2026-07-01T17:17:35.444+0000] {logging_mixin.py:190} INFO - [2026-07-01T17:17:35.443+0000] {dag.py:3239} INFO - Sync 1 DAGs
[2026-07-01T17:17:35.476+0000] {logging_mixin.py:190} INFO - [2026-07-01T17:17:35.476+0000] {dag.py:4180} INFO - Setting next_dagrun for urban_data_pipeline to 2026-07-01 00:00:00+00:00, run_after=2026-08-01 00:00:00+00:00
[2026-07-01T17:17:35.522+0000] {processor.py:208} INFO - Processing /opt/airflow/dags/urban_data_pipeline_dag.py took 0.468 seconds
[2026-07-01T17:18:06.537+0000] {processor.py:186} INFO - Started process (PID=4361) to work on /opt/airflow/dags/urban_data_pipeline_dag.py
[2026-07-01T17:18:06.539+0000] {processor.py:914} INFO - Processing file /opt/airflow/dags/urban_data_pipeline_dag.py for tasks to queue
[2026-07-01T17:18:06.544+0000] {logging_mixin.py:190} INFO - [2026-07-01T17:18:06.544+0000] {dagbag.py:588} INFO - Filling up the DagBag from /opt/airflow/dags/urban_data_pipeline_dag.py
[2026-07-01T17:18:06.852+0000] {processor.py:925} INFO - DAG(s) 'urban_data_pipeline' retrieved from /opt/airflow/dags/urban_data_pipeline_dag.py
[2026-07-01T17:18:06.970+0000] {logging_mixin.py:190} INFO - [2026-07-01T17:18:06.970+0000] {dag.py:3239} INFO - Sync 1 DAGs
[2026-07-01T17:18:07.003+0000] {logging_mixin.py:190} INFO - [2026-07-01T17:18:07.003+0000] {dag.py:4180} INFO - Setting next_dagrun for urban_data_pipeline to 2026-07-01 00:00:00+00:00, run_after=2026-08-01 00:00:00+00:00
[2026-07-01T17:18:07.037+0000] {processor.py:208} INFO - Processing /opt/airflow/dags/urban_data_pipeline_dag.py took 0.525 seconds
[2026-07-01T17:18:37.372+0000] {processor.py:186} INFO - Started process (PID=4379) to work on /opt/airflow/dags/urban_data_pipeline_dag.py
[2026-07-01T17:18:37.375+0000] {processor.py:914} INFO - Processing file /opt/airflow/dags/urban_data_pipeline_dag.py for tasks to queue
[2026-07-01T17:18:37.379+0000] {logging_mixin.py:190} INFO - [2026-07-01T17:18:37.379+0000] {dagbag.py:588} INFO - Filling up the DagBag from /opt/airflow/dags/urban_data_pipeline_dag.py
[2026-07-01T17:18:38.003+0000] {processor.py:925} INFO - DAG(s) 'urban_data_pipeline' retrieved from /opt/airflow/dags/urban_data_pipeline_dag.py
[2026-07-01T17:18:38.048+0000] {logging_mixin.py:190} INFO - [2026-07-01T17:18:38.048+0000] {dag.py:3239} INFO - Sync 1 DAGs
[2026-07-01T17:18:38.075+0000] {logging_mixin.py:190} INFO - [2026-07-01T17:18:38.075+0000] {dag.py:4180} INFO - Setting next_dagrun for urban_data_pipeline to 2026-07-01 00:00:00+00:00, run_after=2026-08-01 00:00:00+00:00
[2026-07-01T17:18:38.107+0000] {processor.py:208} INFO - Processing /opt/airflow/dags/urban_data_pipeline_dag.py took 0.742 seconds
[2026-07-01T17:19:08.751+0000] {processor.py:186} INFO - Started process (PID=4397) to work on /opt/airflow/dags/urban_data_pipeline_dag.py
[2026-07-01T17:19:08.757+0000] {processor.py:914} INFO - Processing file /opt/airflow/dags/urban_data_pipeline_dag.py for tasks to queue
[2026-07-01T17:19:08.771+0000] {logging_mixin.py:190} INFO - [2026-07-01T17:19:08.769+0000] {dagbag.py:588} INFO - Filling up the DagBag from /opt/airflow/dags/urban_data_pipeline_dag.py
[2026-07-01T17:19:09.032+0000] {processor.py:925} INFO - DAG(s) 'urban_data_pipeline' retrieved from /opt/airflow/dags/urban_data_pipeline_dag.py
[2026-07-01T17:19:09.124+0000] {logging_mixin.py:190} INFO - [2026-07-01T17:19:09.124+0000] {dag.py:3239} INFO - Sync 1 DAGs
[2026-07-01T17:19:09.151+0000] {logging_mixin.py:190} INFO - [2026-07-01T17:19:09.151+0000] {dag.py:4180} INFO - Setting next_dagrun for urban_data_pipeline to 2026-07-01 00:00:00+00:00, run_after=2026-08-01 00:00:00+00:00
[2026-07-01T17:19:09.184+0000] {processor.py:208} INFO - Processing /opt/airflow/dags/urban_data_pipeline_dag.py took 0.445 seconds
[2026-07-01T17:19:40.005+0000] {processor.py:186} INFO - Started process (PID=4415) to work on /opt/airflow/dags/urban_data_pipeline_dag.py
[2026-07-01T17:19:40.007+0000] {processor.py:914} INFO - Processing file /opt/airflow/dags/urban_data_pipeline_dag.py for tasks to queue
[2026-07-01T17:19:40.010+0000] {logging_mixin.py:190} INFO - [2026-07-01T17:19:40.010+0000] {dagbag.py:588} INFO - Filling up the DagBag from /opt/airflow/dags/urban_data_pipeline_dag.py
[2026-07-01T17:19:40.196+0000] {processor.py:925} INFO - DAG(s) 'urban_data_pipeline' retrieved from /opt/airflow/dags/urban_data_pipeline_dag.py
[2026-07-01T17:19:40.242+0000] {logging_mixin.py:190} INFO - [2026-07-01T17:19:40.242+0000] {dag.py:3239} INFO - Sync 1 DAGs
[2026-07-01T17:19:40.266+0000] {logging_mixin.py:190} INFO - [2026-07-01T17:19:40.266+0000] {dag.py:4180} INFO - Setting next_dagrun for urban_data_pipeline to 2026-07-01 00:00:00+00:00, run_after=2026-08-01 00:00:00+00:00
[2026-07-01T17:19:40.289+0000] {processor.py:208} INFO - Processing /opt/airflow/dags/urban_data_pipeline_dag.py took 0.299 seconds
[2026-07-01T17:20:11.081+0000] {processor.py:186} INFO - Started process (PID=4433) to work on /opt/airflow/dags/urban_data_pipeline_dag.py
[2026-07-01T17:20:11.083+0000] {processor.py:914} INFO - Processing file /opt/airflow/dags/urban_data_pipeline_dag.py for tasks to queue
[2026-07-01T17:20:11.086+0000] {logging_mixin.py:190} INFO - [2026-07-01T17:20:11.086+0000] {dagbag.py:588} INFO - Filling up the DagBag from /opt/airflow/dags/urban_data_pipeline_dag.py
[2026-07-01T17:20:11.307+0000] {processor.py:925} INFO - DAG(s) 'urban_data_pipeline' retrieved from /opt/airflow/dags/urban_data_pipeline_dag.py
[2026-07-01T17:20:11.360+0000] {logging_mixin.py:190} INFO - [2026-07-01T17:20:11.360+0000] {dag.py:3239} INFO - Sync 1 DAGs
[2026-07-01T17:20:11.390+0000] {logging_mixin.py:190} INFO - [2026-07-01T17:20:11.390+0000] {dag.py:4180} INFO - Setting next_dagrun for urban_data_pipeline to 2026-07-01 00:00:00+00:00, run_after=2026-08-01 00:00:00+00:00
[2026-07-01T17:20:11.415+0000] {processor.py:208} INFO - Processing /opt/airflow/dags/urban_data_pipeline_dag.py took 0.343 seconds
[2026-07-01T17:20:42.267+0000] {processor.py:186} INFO - Started process (PID=4450) to work on /opt/airflow/dags/urban_data_pipeline_dag.py
[2026-07-01T17:20:42.270+0000] {processor.py:914} INFO - Processing file /opt/airflow/dags/urban_data_pipeline_dag.py for tasks to queue
[2026-07-01T17:20:42.275+0000] {logging_mixin.py:190} INFO - [2026-07-01T17:20:42.274+0000] {dagbag.py:588} INFO - Filling up the DagBag from /opt/airflow/dags/urban_data_pipeline_dag.py
[2026-07-01T17:20:42.516+0000] {processor.py:925} INFO - DAG(s) 'urban_data_pipeline' retrieved from /opt/airflow/dags/urban_data_pipeline_dag.py
[2026-07-01T17:20:42.561+0000] {logging_mixin.py:190} INFO - [2026-07-01T17:20:42.561+0000] {dag.py:3239} INFO - Sync 1 DAGs
[2026-07-01T17:20:42.589+0000] {logging_mixin.py:190} INFO - [2026-07-01T17:20:42.588+0000] {dag.py:4180} INFO - Setting next_dagrun for urban_data_pipeline to 2026-07-01 00:00:00+00:00, run_after=2026-08-01 00:00:00+00:00
[2026-07-01T17:20:42.618+0000] {processor.py:208} INFO - Processing /opt/airflow/dags/urban_data_pipeline_dag.py took 0.364 seconds
[2026-07-01T17:21:13.365+0000] {processor.py:186} INFO - Started process (PID=4461) to work on /opt/airflow/dags/urban_data_pipeline_dag.py
[2026-07-01T17:21:13.367+0000] {processor.py:914} INFO - Processing file /opt/airflow/dags/urban_data_pipeline_dag.py for tasks to queue
[2026-07-01T17:21:13.371+0000] {logging_mixin.py:190} INFO - [2026-07-01T17:21:13.370+0000] {dagbag.py:588} INFO - Filling up the DagBag from /opt/airflow/dags/urban_data_pipeline_dag.py
[2026-07-01T17:21:13.531+0000] {processor.py:925} INFO - DAG(s) 'urban_data_pipeline' retrieved from /opt/airflow/dags/urban_data_pipeline_dag.py
[2026-07-01T17:21:13.575+0000] {logging_mixin.py:190} INFO - [2026-07-01T17:21:13.574+0000] {dag.py:3239} INFO - Sync 1 DAGs
[2026-07-01T17:21:13.599+0000] {logging_mixin.py:190} INFO - [2026-07-01T17:21:13.598+0000] {dag.py:4180} INFO - Setting next_dagrun for urban_data_pipeline to 2026-07-01 00:00:00+00:00, run_after=2026-08-01 00:00:00+00:00
[2026-07-01T17:21:13.625+0000] {processor.py:208} INFO - Processing /opt/airflow/dags/urban_data_pipeline_dag.py took 0.274 seconds
[2026-07-01T17:21:44.167+0000] {processor.py:186} INFO - Started process (PID=4479) to work on /opt/airflow/dags/urban_data_pipeline_dag.py
[2026-07-01T17:21:44.169+0000] {processor.py:914} INFO - Processing file /opt/airflow/dags/urban_data_pipeline_dag.py for tasks to queue
[2026-07-01T17:21:44.172+0000] {logging_mixin.py:190} INFO - [2026-07-01T17:21:44.172+0000] {dagbag.py:588} INFO - Filling up the DagBag from /opt/airflow/dags/urban_data_pipeline_dag.py
[2026-07-01T17:21:44.291+0000] {processor.py:925} INFO - DAG(s) 'urban_data_pipeline' retrieved from /opt/airflow/dags/urban_data_pipeline_dag.py
[2026-07-01T17:21:44.338+0000] {logging_mixin.py:190} INFO - [2026-07-01T17:21:44.338+0000] {dag.py:3239} INFO - Sync 1 DAGs
[2026-07-01T17:21:44.363+0000] {logging_mixin.py:190} INFO - [2026-07-01T17:21:44.363+0000] {dag.py:4180} INFO - Setting next_dagrun for urban_data_pipeline to 2026-07-01 00:00:00+00:00, run_after=2026-08-01 00:00:00+00:00
[2026-07-01T17:21:44.391+0000] {processor.py:208} INFO - Processing /opt/airflow/dags/urban_data_pipeline_dag.py took 0.232 seconds
[2026-07-01T17:22:14.652+0000] {processor.py:186} INFO - Started process (PID=4497) to work on /opt/airflow/dags/urban_data_pipeline_dag.py
[2026-07-01T17:22:14.654+0000] {processor.py:914} INFO - Processing file /opt/airflow/dags/urban_data_pipeline_dag.py for tasks to queue
[2026-07-01T17:22:14.658+0000] {logging_mixin.py:190} INFO - [2026-07-01T17:22:14.657+0000] {dagbag.py:588} INFO - Filling up the DagBag from /opt/airflow/dags/urban_data_pipeline_dag.py
[2026-07-01T17:22:14.830+0000] {processor.py:925} INFO - DAG(s) 'urban_data_pipeline' retrieved from /opt/airflow/dags/urban_data_pipeline_dag.py
[2026-07-01T17:22:14.887+0000] {logging_mixin.py:190} INFO - [2026-07-01T17:22:14.886+0000] {dag.py:3239} INFO - Sync 1 DAGs
[2026-07-01T17:22:14.913+0000] {logging_mixin.py:190} INFO - [2026-07-01T17:22:14.913+0000] {dag.py:4180} INFO - Setting next_dagrun for urban_data_pipeline to 2026-07-01 00:00:00+00:00, run_after=2026-08-01 00:00:00+00:00
[2026-07-01T17:22:14.943+0000] {processor.py:208} INFO - Processing /opt/airflow/dags/urban_data_pipeline_dag.py took 0.300 seconds
[2026-07-01T17:22:45.786+0000] {processor.py:186} INFO - Started process (PID=4515) to work on /opt/airflow/dags/urban_data_pipeline_dag.py
[2026-07-01T17:22:45.789+0000] {processor.py:914} INFO - Processing file /opt/airflow/dags/urban_data_pipeline_dag.py for tasks to queue
[2026-07-01T17:22:45.792+0000] {logging_mixin.py:190} INFO - [2026-07-01T17:22:45.791+0000] {dagbag.py:588} INFO - Filling up the DagBag from /opt/airflow/dags/urban_data_pipeline_dag.py
[2026-07-01T17:22:46.027+0000] {processor.py:925} INFO - DAG(s) 'urban_data_pipeline' retrieved from /opt/airflow/dags/urban_data_pipeline_dag.py
[2026-07-01T17:22:46.094+0000] {logging_mixin.py:190} INFO - [2026-07-01T17:22:46.094+0000] {dag.py:3239} INFO - Sync 1 DAGs
[2026-07-01T17:22:46.119+0000] {logging_mixin.py:190} INFO - [2026-07-01T17:22:46.119+0000] {dag.py:4180} INFO - Setting next_dagrun for urban_data_pipeline to 2026-07-01 00:00:00+00:00, run_after=2026-08-01 00:00:00+00:00
[2026-07-01T17:22:46.143+0000] {processor.py:208} INFO - Processing /opt/airflow/dags/urban_data_pipeline_dag.py took 0.367 seconds
[2026-07-01T17:23:17.008+0000] {processor.py:186} INFO - Started process (PID=4533) to work on /opt/airflow/dags/urban_data_pipeline_dag.py
[2026-07-01T17:23:17.010+0000] {processor.py:914} INFO - Processing file /opt/airflow/dags/urban_data_pipeline_dag.py for tasks to queue
[2026-07-01T17:23:17.015+0000] {logging_mixin.py:190} INFO - [2026-07-01T17:23:17.014+0000] {dagbag.py:588} INFO - Filling up the DagBag from /opt/airflow/dags/urban_data_pipeline_dag.py
[2026-07-01T17:23:17.369+0000] {processor.py:925} INFO - DAG(s) 'urban_data_pipeline' retrieved from /opt/airflow/dags/urban_data_pipeline_dag.py
[2026-07-01T17:23:17.422+0000] {logging_mixin.py:190} INFO - [2026-07-01T17:23:17.421+0000] {dag.py:3239} INFO - Sync 1 DAGs
[2026-07-01T17:23:17.448+0000] {logging_mixin.py:190} INFO - [2026-07-01T17:23:17.447+0000] {dag.py:4180} INFO - Setting next_dagrun for urban_data_pipeline to 2026-07-01 00:00:00+00:00, run_after=2026-08-01 00:00:00+00:00
[2026-07-01T17:23:17.479+0000] {processor.py:208} INFO - Processing /opt/airflow/dags/urban_data_pipeline_dag.py took 0.483 seconds
[2026-07-01T17:23:48.441+0000] {processor.py:186} INFO - Started process (PID=4551) to work on /opt/airflow/dags/urban_data_pipeline_dag.py
[2026-07-01T17:23:48.449+0000] {processor.py:914} INFO - Processing file /opt/airflow/dags/urban_data_pipeline_dag.py for tasks to queue
[2026-07-01T17:23:48.460+0000] {logging_mixin.py:190} INFO - [2026-07-01T17:23:48.459+0000] {dagbag.py:588} INFO - Filling up the DagBag from /opt/airflow/dags/urban_data_pipeline_dag.py
[2026-07-01T17:23:48.619+0000] {processor.py:925} INFO - DAG(s) 'urban_data_pipeline' retrieved from /opt/airflow/dags/urban_data_pipeline_dag.py
[2026-07-01T17:23:48.666+0000] {logging_mixin.py:190} INFO - [2026-07-01T17:23:48.666+0000] {dag.py:3239} INFO - Sync 1 DAGs
[2026-07-01T17:23:48.692+0000] {logging_mixin.py:190} INFO - [2026-07-01T17:23:48.691+0000] {dag.py:4180} INFO - Setting next_dagrun for urban_data_pipeline to 2026-07-01 00:00:00+00:00, run_after=2026-08-01 00:00:00+00:00
[2026-07-01T17:23:48.718+0000] {processor.py:208} INFO - Processing /opt/airflow/dags/urban_data_pipeline_dag.py took 0.305 seconds
[2026-07-01T17:24:19.360+0000] {processor.py:186} INFO - Started process (PID=4569) to work on /opt/airflow/dags/urban_data_pipeline_dag.py
[2026-07-01T17:24:19.363+0000] {processor.py:914} INFO - Processing file /opt/airflow/dags/urban_data_pipeline_dag.py for tasks to queue
[2026-07-01T17:24:19.368+0000] {logging_mixin.py:190} INFO - [2026-07-01T17:24:19.368+0000] {dagbag.py:588} INFO - Filling up the DagBag from /opt/airflow/dags/urban_data_pipeline_dag.py
[2026-07-01T17:24:19.794+0000] {processor.py:925} INFO - DAG(s) 'urban_data_pipeline' retrieved from /opt/airflow/dags/urban_data_pipeline_dag.py
[2026-07-01T17:24:19.852+0000] {logging_mixin.py:190} INFO - [2026-07-01T17:24:19.852+0000] {dag.py:3239} INFO - Sync 1 DAGs
[2026-07-01T17:24:19.889+0000] {logging_mixin.py:190} INFO - [2026-07-01T17:24:19.889+0000] {dag.py:4180} INFO - Setting next_dagrun for urban_data_pipeline to 2026-07-01 00:00:00+00:00, run_after=2026-08-01 00:00:00+00:00
[2026-07-01T17:24:19.927+0000] {processor.py:208} INFO - Processing /opt/airflow/dags/urban_data_pipeline_dag.py took 0.586 seconds
[2026-07-01T17:24:50.743+0000] {processor.py:186} INFO - Started process (PID=4587) to work on /opt/airflow/dags/urban_data_pipeline_dag.py
[2026-07-01T17:24:50.744+0000] {processor.py:914} INFO - Processing file /opt/airflow/dags/urban_data_pipeline_dag.py for tasks to queue
[2026-07-01T17:24:50.747+0000] {logging_mixin.py:190} INFO - [2026-07-01T17:24:50.747+0000] {dagbag.py:588} INFO - Filling up the DagBag from /opt/airflow/dags/urban_data_pipeline_dag.py
[2026-07-01T17:24:50.988+0000] {processor.py:925} INFO - DAG(s) 'urban_data_pipeline' retrieved from /opt/airflow/dags/urban_data_pipeline_dag.py
[2026-07-01T17:24:51.045+0000] {logging_mixin.py:190} INFO - [2026-07-01T17:24:51.044+0000] {dag.py:3239} INFO - Sync 1 DAGs
[2026-07-01T17:24:51.070+0000] {logging_mixin.py:190} INFO - [2026-07-01T17:24:51.069+0000] {dag.py:4180} INFO - Setting next_dagrun for urban_data_pipeline to 2026-07-01 00:00:00+00:00, run_after=2026-08-01 00:00:00+00:00
[2026-07-01T17:24:51.095+0000] {processor.py:208} INFO - Processing /opt/airflow/dags/urban_data_pipeline_dag.py took 0.359 seconds
[2026-07-01T17:25:21.766+0000] {processor.py:186} INFO - Started process (PID=4605) to work on /opt/airflow/dags/urban_data_pipeline_dag.py
[2026-07-01T17:25:21.768+0000] {processor.py:914} INFO - Processing file /opt/airflow/dags/urban_data_pipeline_dag.py for tasks to queue
[2026-07-01T17:25:21.772+0000] {logging_mixin.py:190} INFO - [2026-07-01T17:25:21.772+0000] {dagbag.py:588} INFO - Filling up the DagBag from /opt/airflow/dags/urban_data_pipeline_dag.py
[2026-07-01T17:25:22.322+0000] {processor.py:925} INFO - DAG(s) 'urban_data_pipeline' retrieved from /opt/airflow/dags/urban_data_pipeline_dag.py
[2026-07-01T17:25:22.435+0000] {logging_mixin.py:190} INFO - [2026-07-01T17:25:22.435+0000] {dag.py:3239} INFO - Sync 1 DAGs
[2026-07-01T17:25:22.459+0000] {logging_mixin.py:190} INFO - [2026-07-01T17:25:22.458+0000] {dag.py:4180} INFO - Setting next_dagrun for urban_data_pipeline to 2026-07-01 00:00:00+00:00, run_after=2026-08-01 00:00:00+00:00
[2026-07-01T17:25:22.483+0000] {processor.py:208} INFO - Processing /opt/airflow/dags/urban_data_pipeline_dag.py took 0.734 seconds
[2026-07-01T17:25:52.732+0000] {processor.py:186} INFO - Started process (PID=4623) to work on /opt/airflow/dags/urban_data_pipeline_dag.py
[2026-07-01T17:25:52.734+0000] {processor.py:914} INFO - Processing file /opt/airflow/dags/urban_data_pipeline_dag.py for tasks to queue
[2026-07-01T17:25:52.738+0000] {logging_mixin.py:190} INFO - [2026-07-01T17:25:52.738+0000] {dagbag.py:588} INFO - Filling up the DagBag from /opt/airflow/dags/urban_data_pipeline_dag.py
[2026-07-01T17:25:53.018+0000] {processor.py:925} INFO - DAG(s) 'urban_data_pipeline' retrieved from /opt/airflow/dags/urban_data_pipeline_dag.py
[2026-07-01T17:25:53.069+0000] {logging_mixin.py:190} INFO - [2026-07-01T17:25:53.069+0000] {dag.py:3239} INFO - Sync 1 DAGs
[2026-07-01T17:25:53.097+0000] {logging_mixin.py:190} INFO - [2026-07-01T17:25:53.097+0000] {dag.py:4180} INFO - Setting next_dagrun for urban_data_pipeline to 2026-07-01 00:00:00+00:00, run_after=2026-08-01 00:00:00+00:00
[2026-07-01T17:25:53.134+0000] {processor.py:208} INFO - Processing /opt/airflow/dags/urban_data_pipeline_dag.py took 0.412 seconds
[2026-07-01T17:26:23.496+0000] {processor.py:186} INFO - Started process (PID=4640) to work on /opt/airflow/dags/urban_data_pipeline_dag.py
[2026-07-01T17:26:23.499+0000] {processor.py:914} INFO - Processing file /opt/airflow/dags/urban_data_pipeline_dag.py for tasks to queue
[2026-07-01T17:26:23.508+0000] {logging_mixin.py:190} INFO - [2026-07-01T17:26:23.507+0000] {dagbag.py:588} INFO - Filling up the DagBag from /opt/airflow/dags/urban_data_pipeline_dag.py
[2026-07-01T17:26:23.712+0000] {processor.py:925} INFO - DAG(s) 'urban_data_pipeline' retrieved from /opt/airflow/dags/urban_data_pipeline_dag.py
[2026-07-01T17:26:23.762+0000] {logging_mixin.py:190} INFO - [2026-07-01T17:26:23.762+0000] {dag.py:3239} INFO - Sync 1 DAGs
[2026-07-01T17:26:23.787+0000] {logging_mixin.py:190} INFO - [2026-07-01T17:26:23.787+0000] {dag.py:4180} INFO - Setting next_dagrun for urban_data_pipeline to 2026-07-01 00:00:00+00:00, run_after=2026-08-01 00:00:00+00:00
[2026-07-01T17:26:23.810+0000] {processor.py:208} INFO - Processing /opt/airflow/dags/urban_data_pipeline_dag.py took 0.325 seconds
[2026-07-01T17:26:54.681+0000] {processor.py:186} INFO - Started process (PID=4651) to work on /opt/airflow/dags/urban_data_pipeline_dag.py
[2026-07-01T17:26:54.683+0000] {processor.py:914} INFO - Processing file /opt/airflow/dags/urban_data_pipeline_dag.py for tasks to queue
[2026-07-01T17:26:54.689+0000] {logging_mixin.py:190} INFO - [2026-07-01T17:26:54.688+0000] {dagbag.py:588} INFO - Filling up the DagBag from /opt/airflow/dags/urban_data_pipeline_dag.py
[2026-07-01T17:26:54.807+0000] {processor.py:925} INFO - DAG(s) 'urban_data_pipeline' retrieved from /opt/airflow/dags/urban_data_pipeline_dag.py
[2026-07-01T17:26:54.851+0000] {logging_mixin.py:190} INFO - [2026-07-01T17:26:54.851+0000] {dag.py:3239} INFO - Sync 1 DAGs
[2026-07-01T17:26:54.880+0000] {logging_mixin.py:190} INFO - [2026-07-01T17:26:54.879+0000] {dag.py:4180} INFO - Setting next_dagrun for urban_data_pipeline to 2026-07-01 00:00:00+00:00, run_after=2026-08-01 00:00:00+00:00
[2026-07-01T17:26:54.932+0000] {processor.py:208} INFO - Processing /opt/airflow/dags/urban_data_pipeline_dag.py took 0.261 seconds
[2026-07-01T17:27:25.895+0000] {processor.py:186} INFO - Started process (PID=4670) to work on /opt/airflow/dags/urban_data_pipeline_dag.py
[2026-07-01T17:27:25.897+0000] {processor.py:914} INFO - Processing file /opt/airflow/dags/urban_data_pipeline_dag.py for tasks to queue
[2026-07-01T17:27:25.903+0000] {logging_mixin.py:190} INFO - [2026-07-01T17:27:25.902+0000] {dagbag.py:588} INFO - Filling up the DagBag from /opt/airflow/dags/urban_data_pipeline_dag.py
[2026-07-01T17:27:26.112+0000] {processor.py:925} INFO - DAG(s) 'urban_data_pipeline' retrieved from /opt/airflow/dags/urban_data_pipeline_dag.py
[2026-07-01T17:27:26.161+0000] {logging_mixin.py:190} INFO - [2026-07-01T17:27:26.161+0000] {dag.py:3239} INFO - Sync 1 DAGs
[2026-07-01T17:27:26.184+0000] {logging_mixin.py:190} INFO - [2026-07-01T17:27:26.184+0000] {dag.py:4180} INFO - Setting next_dagrun for urban_data_pipeline to 2026-07-01 00:00:00+00:00, run_after=2026-08-01 00:00:00+00:00
[2026-07-01T17:27:26.209+0000] {processor.py:208} INFO - Processing /opt/airflow/dags/urban_data_pipeline_dag.py took 0.330 seconds
[2026-07-01T17:27:57.058+0000] {processor.py:186} INFO - Started process (PID=4688) to work on /opt/airflow/dags/urban_data_pipeline_dag.py
[2026-07-01T17:27:57.061+0000] {processor.py:914} INFO - Processing file /opt/airflow/dags/urban_data_pipeline_dag.py for tasks to queue
[2026-07-01T17:27:57.067+0000] {logging_mixin.py:190} INFO - [2026-07-01T17:27:57.066+0000] {dagbag.py:588} INFO - Filling up the DagBag from /opt/airflow/dags/urban_data_pipeline_dag.py
[2026-07-01T17:27:57.274+0000] {processor.py:925} INFO - DAG(s) 'urban_data_pipeline' retrieved from /opt/airflow/dags/urban_data_pipeline_dag.py
[2026-07-01T17:27:57.316+0000] {logging_mixin.py:190} INFO - [2026-07-01T17:27:57.316+0000] {dag.py:3239} INFO - Sync 1 DAGs
[2026-07-01T17:27:57.343+0000] {logging_mixin.py:190} INFO - [2026-07-01T17:27:57.342+0000] {dag.py:4180} INFO - Setting next_dagrun for urban_data_pipeline to 2026-07-01 00:00:00+00:00, run_after=2026-08-01 00:00:00+00:00
[2026-07-01T17:27:57.400+0000] {processor.py:208} INFO - Processing /opt/airflow/dags/urban_data_pipeline_dag.py took 0.356 seconds
[2026-07-01T17:28:28.126+0000] {processor.py:186} INFO - Started process (PID=4706) to work on /opt/airflow/dags/urban_data_pipeline_dag.py
[2026-07-01T17:28:28.127+0000] {processor.py:914} INFO - Processing file /opt/airflow/dags/urban_data_pipeline_dag.py for tasks to queue
[2026-07-01T17:28:28.131+0000] {logging_mixin.py:190} INFO - [2026-07-01T17:28:28.131+0000] {dagbag.py:588} INFO - Filling up the DagBag from /opt/airflow/dags/urban_data_pipeline_dag.py
[2026-07-01T17:28:28.331+0000] {processor.py:925} INFO - DAG(s) 'urban_data_pipeline' retrieved from /opt/airflow/dags/urban_data_pipeline_dag.py
[2026-07-01T17:28:28.375+0000] {logging_mixin.py:190} INFO - [2026-07-01T17:28:28.374+0000] {dag.py:3239} INFO - Sync 1 DAGs
[2026-07-01T17:28:28.400+0000] {logging_mixin.py:190} INFO - [2026-07-01T17:28:28.399+0000] {dag.py:4180} INFO - Setting next_dagrun for urban_data_pipeline to 2026-07-01 00:00:00+00:00, run_after=2026-08-01 00:00:00+00:00
[2026-07-01T17:28:28.425+0000] {processor.py:208} INFO - Processing /opt/airflow/dags/urban_data_pipeline_dag.py took 0.305 seconds
[2026-07-01T17:28:59.281+0000] {processor.py:186} INFO - Started process (PID=4724) to work on /opt/airflow/dags/urban_data_pipeline_dag.py
[2026-07-01T17:28:59.283+0000] {processor.py:914} INFO - Processing file /opt/airflow/dags/urban_data_pipeline_dag.py for tasks to queue
[2026-07-01T17:28:59.287+0000] {logging_mixin.py:190} INFO - [2026-07-01T17:28:59.286+0000] {dagbag.py:588} INFO - Filling up the DagBag from /opt/airflow/dags/urban_data_pipeline_dag.py
[2026-07-01T17:28:59.620+0000] {processor.py:925} INFO - DAG(s) 'urban_data_pipeline' retrieved from /opt/airflow/dags/urban_data_pipeline_dag.py
[2026-07-01T17:28:59.665+0000] {logging_mixin.py:190} INFO - [2026-07-01T17:28:59.665+0000] {dag.py:3239} INFO - Sync 1 DAGs
[2026-07-01T17:28:59.688+0000] {logging_mixin.py:190} INFO - [2026-07-01T17:28:59.688+0000] {dag.py:4180} INFO - Setting next_dagrun for urban_data_pipeline to 2026-07-01 00:00:00+00:00, run_after=2026-08-01 00:00:00+00:00
[2026-07-01T17:28:59.720+0000] {processor.py:208} INFO - Processing /opt/airflow/dags/urban_data_pipeline_dag.py took 0.444 seconds
[2026-07-01T17:29:30.685+0000] {processor.py:186} INFO - Started process (PID=4742) to work on /opt/airflow/dags/urban_data_pipeline_dag.py
[2026-07-01T17:29:30.688+0000] {processor.py:914} INFO - Processing file /opt/airflow/dags/urban_data_pipeline_dag.py for tasks to queue
[2026-07-01T17:29:30.700+0000] {logging_mixin.py:190} INFO - [2026-07-01T17:29:30.698+0000] {dagbag.py:588} INFO - Filling up the DagBag from /opt/airflow/dags/urban_data_pipeline_dag.py
[2026-07-01T17:29:31.005+0000] {processor.py:925} INFO - DAG(s) 'urban_data_pipeline' retrieved from /opt/airflow/dags/urban_data_pipeline_dag.py
[2026-07-01T17:29:31.069+0000] {logging_mixin.py:190} INFO - [2026-07-01T17:29:31.068+0000] {dag.py:3239} INFO - Sync 1 DAGs
[2026-07-01T17:29:31.094+0000] {logging_mixin.py:190} INFO - [2026-07-01T17:29:31.094+0000] {dag.py:4180} INFO - Setting next_dagrun for urban_data_pipeline to 2026-07-01 00:00:00+00:00, run_after=2026-08-01 00:00:00+00:00
[2026-07-01T17:29:31.125+0000] {processor.py:208} INFO - Processing /opt/airflow/dags/urban_data_pipeline_dag.py took 0.464 seconds
[2026-07-01T17:30:01.859+0000] {processor.py:186} INFO - Started process (PID=4760) to work on /opt/airflow/dags/urban_data_pipeline_dag.py
[2026-07-01T17:30:01.861+0000] {processor.py:914} INFO - Processing file /opt/airflow/dags/urban_data_pipeline_dag.py for tasks to queue
[2026-07-01T17:30:01.865+0000] {logging_mixin.py:190} INFO - [2026-07-01T17:30:01.864+0000] {dagbag.py:588} INFO - Filling up the DagBag from /opt/airflow/dags/urban_data_pipeline_dag.py
[2026-07-01T17:30:02.071+0000] {processor.py:925} INFO - DAG(s) 'urban_data_pipeline' retrieved from /opt/airflow/dags/urban_data_pipeline_dag.py
[2026-07-01T17:30:02.126+0000] {logging_mixin.py:190} INFO - [2026-07-01T17:30:02.126+0000] {dag.py:3239} INFO - Sync 1 DAGs
[2026-07-01T17:30:02.153+0000] {logging_mixin.py:190} INFO - [2026-07-01T17:30:02.153+0000] {dag.py:4180} INFO - Setting next_dagrun for urban_data_pipeline to 2026-07-01 00:00:00+00:00, run_after=2026-08-01 00:00:00+00:00
[2026-07-01T17:30:02.191+0000] {processor.py:208} INFO - Processing /opt/airflow/dags/urban_data_pipeline_dag.py took 0.338 seconds
[2026-07-01T17:30:32.707+0000] {processor.py:186} INFO - Started process (PID=4778) to work on /opt/airflow/dags/urban_data_pipeline_dag.py
[2026-07-01T17:30:32.709+0000] {processor.py:914} INFO - Processing file /opt/airflow/dags/urban_data_pipeline_dag.py for tasks to queue
[2026-07-01T17:30:32.712+0000] {logging_mixin.py:190} INFO - [2026-07-01T17:30:32.712+0000] {dagbag.py:588} INFO - Filling up the DagBag from /opt/airflow/dags/urban_data_pipeline_dag.py
[2026-07-01T17:30:32.848+0000] {processor.py:925} INFO - DAG(s) 'urban_data_pipeline' retrieved from /opt/airflow/dags/urban_data_pipeline_dag.py
[2026-07-01T17:30:32.896+0000] {logging_mixin.py:190} INFO - [2026-07-01T17:30:32.895+0000] {dag.py:3239} INFO - Sync 1 DAGs
[2026-07-01T17:30:32.928+0000] {logging_mixin.py:190} INFO - [2026-07-01T17:30:32.928+0000] {dag.py:4180} INFO - Setting next_dagrun for urban_data_pipeline to 2026-07-01 00:00:00+00:00, run_after=2026-08-01 00:00:00+00:00
[2026-07-01T17:30:32.961+0000] {processor.py:208} INFO - Processing /opt/airflow/dags/urban_data_pipeline_dag.py took 0.262 seconds
[2026-07-01T17:31:03.909+0000] {processor.py:186} INFO - Started process (PID=4796) to work on /opt/airflow/dags/urban_data_pipeline_dag.py
[2026-07-01T17:31:03.914+0000] {processor.py:914} INFO - Processing file /opt/airflow/dags/urban_data_pipeline_dag.py for tasks to queue
[2026-07-01T17:31:03.928+0000] {logging_mixin.py:190} INFO - [2026-07-01T17:31:03.927+0000] {dagbag.py:588} INFO - Filling up the DagBag from /opt/airflow/dags/urban_data_pipeline_dag.py
[2026-07-01T17:31:04.250+0000] {processor.py:925} INFO - DAG(s) 'urban_data_pipeline' retrieved from /opt/airflow/dags/urban_data_pipeline_dag.py
[2026-07-01T17:31:04.299+0000] {logging_mixin.py:190} INFO - [2026-07-01T17:31:04.298+0000] {dag.py:3239} INFO - Sync 1 DAGs
[2026-07-01T17:31:04.327+0000] {logging_mixin.py:190} INFO - [2026-07-01T17:31:04.327+0000] {dag.py:4180} INFO - Setting next_dagrun for urban_data_pipeline to 2026-07-01 00:00:00+00:00, run_after=2026-08-01 00:00:00+00:00
[2026-07-01T17:31:04.354+0000] {processor.py:208} INFO - Processing /opt/airflow/dags/urban_data_pipeline_dag.py took 0.468 seconds
[2026-07-01T17:31:34.601+0000] {processor.py:186} INFO - Started process (PID=4814) to work on /opt/airflow/dags/urban_data_pipeline_dag.py
[2026-07-01T17:31:34.604+0000] {processor.py:914} INFO - Processing file /opt/airflow/dags/urban_data_pipeline_dag.py for tasks to queue
[2026-07-01T17:31:34.611+0000] {logging_mixin.py:190} INFO - [2026-07-01T17:31:34.610+0000] {dagbag.py:588} INFO - Filling up the DagBag from /opt/airflow/dags/urban_data_pipeline_dag.py
[2026-07-01T17:31:34.778+0000] {processor.py:925} INFO - DAG(s) 'urban_data_pipeline' retrieved from /opt/airflow/dags/urban_data_pipeline_dag.py
[2026-07-01T17:31:34.828+0000] {logging_mixin.py:190} INFO - [2026-07-01T17:31:34.827+0000] {dag.py:3239} INFO - Sync 1 DAGs
[2026-07-01T17:31:34.853+0000] {logging_mixin.py:190} INFO - [2026-07-01T17:31:34.853+0000] {dag.py:4180} INFO - Setting next_dagrun for urban_data_pipeline to 2026-07-01 00:00:00+00:00, run_after=2026-08-01 00:00:00+00:00
[2026-07-01T17:31:34.880+0000] {processor.py:208} INFO - Processing /opt/airflow/dags/urban_data_pipeline_dag.py took 0.297 seconds
[2026-07-01T17:32:05.823+0000] {processor.py:186} INFO - Started process (PID=4831) to work on /opt/airflow/dags/urban_data_pipeline_dag.py
[2026-07-01T17:32:05.826+0000] {processor.py:914} INFO - Processing file /opt/airflow/dags/urban_data_pipeline_dag.py for tasks to queue
[2026-07-01T17:32:05.836+0000] {logging_mixin.py:190} INFO - [2026-07-01T17:32:05.835+0000] {dagbag.py:588} INFO - Filling up the DagBag from /opt/airflow/dags/urban_data_pipeline_dag.py
[2026-07-01T17:32:05.980+0000] {processor.py:925} INFO - DAG(s) 'urban_data_pipeline' retrieved from /opt/airflow/dags/urban_data_pipeline_dag.py
[2026-07-01T17:32:06.024+0000] {logging_mixin.py:190} INFO - [2026-07-01T17:32:06.024+0000] {dag.py:3239} INFO - Sync 1 DAGs
[2026-07-01T17:32:06.050+0000] {logging_mixin.py:190} INFO - [2026-07-01T17:32:06.050+0000] {dag.py:4180} INFO - Setting next_dagrun for urban_data_pipeline to 2026-07-01 00:00:00+00:00, run_after=2026-08-01 00:00:00+00:00
[2026-07-01T17:32:06.078+0000] {processor.py:208} INFO - Processing /opt/airflow/dags/urban_data_pipeline_dag.py took 0.278 seconds
[2026-07-01T17:32:36.356+0000] {processor.py:186} INFO - Started process (PID=4842) to work on /opt/airflow/dags/urban_data_pipeline_dag.py
[2026-07-01T17:32:36.359+0000] {processor.py:914} INFO - Processing file /opt/airflow/dags/urban_data_pipeline_dag.py for tasks to queue
[2026-07-01T17:32:36.365+0000] {logging_mixin.py:190} INFO - [2026-07-01T17:32:36.365+0000] {dagbag.py:588} INFO - Filling up the DagBag from /opt/airflow/dags/urban_data_pipeline_dag.py
[2026-07-01T17:32:36.733+0000] {processor.py:925} INFO - DAG(s) 'urban_data_pipeline' retrieved from /opt/airflow/dags/urban_data_pipeline_dag.py
[2026-07-01T17:32:36.778+0000] {logging_mixin.py:190} INFO - [2026-07-01T17:32:36.777+0000] {dag.py:3239} INFO - Sync 1 DAGs
[2026-07-01T17:32:36.802+0000] {logging_mixin.py:190} INFO - [2026-07-01T17:32:36.802+0000] {dag.py:4180} INFO - Setting next_dagrun for urban_data_pipeline to 2026-07-01 00:00:00+00:00, run_after=2026-08-01 00:00:00+00:00
[2026-07-01T17:32:36.835+0000] {processor.py:208} INFO - Processing /opt/airflow/dags/urban_data_pipeline_dag.py took 0.498 seconds
[2026-07-01T17:33:07.705+0000] {processor.py:186} INFO - Started process (PID=4860) to work on /opt/airflow/dags/urban_data_pipeline_dag.py
[2026-07-01T17:33:07.708+0000] {processor.py:914} INFO - Processing file /opt/airflow/dags/urban_data_pipeline_dag.py for tasks to queue
[2026-07-01T17:33:07.714+0000] {logging_mixin.py:190} INFO - [2026-07-01T17:33:07.713+0000] {dagbag.py:588} INFO - Filling up the DagBag from /opt/airflow/dags/urban_data_pipeline_dag.py
[2026-07-01T17:33:08.055+0000] {processor.py:925} INFO - DAG(s) 'urban_data_pipeline' retrieved from /opt/airflow/dags/urban_data_pipeline_dag.py
[2026-07-01T17:33:08.097+0000] {logging_mixin.py:190} INFO - [2026-07-01T17:33:08.097+0000] {dag.py:3239} INFO - Sync 1 DAGs
[2026-07-01T17:33:08.121+0000] {logging_mixin.py:190} INFO - [2026-07-01T17:33:08.121+0000] {dag.py:4180} INFO - Setting next_dagrun for urban_data_pipeline to 2026-07-01 00:00:00+00:00, run_after=2026-08-01 00:00:00+00:00
[2026-07-01T17:33:08.146+0000] {processor.py:208} INFO - Processing /opt/airflow/dags/urban_data_pipeline_dag.py took 0.472 seconds
[2026-07-01T17:33:38.965+0000] {processor.py:186} INFO - Started process (PID=4878) to work on /opt/airflow/dags/urban_data_pipeline_dag.py
[2026-07-01T17:33:38.966+0000] {processor.py:914} INFO - Processing file /opt/airflow/dags/urban_data_pipeline_dag.py for tasks to queue
[2026-07-01T17:33:38.970+0000] {logging_mixin.py:190} INFO - [2026-07-01T17:33:38.970+0000] {dagbag.py:588} INFO - Filling up the DagBag from /opt/airflow/dags/urban_data_pipeline_dag.py
[2026-07-01T17:33:39.111+0000] {processor.py:925} INFO - DAG(s) 'urban_data_pipeline' retrieved from /opt/airflow/dags/urban_data_pipeline_dag.py
[2026-07-01T17:33:39.159+0000] {logging_mixin.py:190} INFO - [2026-07-01T17:33:39.159+0000] {dag.py:3239} INFO - Sync 1 DAGs
[2026-07-01T17:33:39.183+0000] {logging_mixin.py:190} INFO - [2026-07-01T17:33:39.183+0000] {dag.py:4180} INFO - Setting next_dagrun for urban_data_pipeline to 2026-07-01 00:00:00+00:00, run_after=2026-08-01 00:00:00+00:00
[2026-07-01T17:33:39.205+0000] {processor.py:208} INFO - Processing /opt/airflow/dags/urban_data_pipeline_dag.py took 0.249 seconds
[2026-07-01T17:34:09.968+0000] {processor.py:186} INFO - Started process (PID=4896) to work on /opt/airflow/dags/urban_data_pipeline_dag.py
[2026-07-01T17:34:09.971+0000] {processor.py:914} INFO - Processing file /opt/airflow/dags/urban_data_pipeline_dag.py for tasks to queue
[2026-07-01T17:34:09.975+0000] {logging_mixin.py:190} INFO - [2026-07-01T17:34:09.974+0000] {dagbag.py:588} INFO - Filling up the DagBag from /opt/airflow/dags/urban_data_pipeline_dag.py
[2026-07-01T17:34:10.130+0000] {processor.py:925} INFO - DAG(s) 'urban_data_pipeline' retrieved from /opt/airflow/dags/urban_data_pipeline_dag.py
[2026-07-01T17:34:10.177+0000] {logging_mixin.py:190} INFO - [2026-07-01T17:34:10.177+0000] {dag.py:3239} INFO - Sync 1 DAGs
[2026-07-01T17:34:10.201+0000] {logging_mixin.py:190} INFO - [2026-07-01T17:34:10.201+0000] {dag.py:4180} INFO - Setting next_dagrun for urban_data_pipeline to 2026-07-01 00:00:00+00:00, run_after=2026-08-01 00:00:00+00:00
[2026-07-01T17:34:10.227+0000] {processor.py:208} INFO - Processing /opt/airflow/dags/urban_data_pipeline_dag.py took 0.276 seconds
[2026-07-01T17:34:41.078+0000] {processor.py:186} INFO - Started process (PID=4914) to work on /opt/airflow/dags/urban_data_pipeline_dag.py
[2026-07-01T17:34:41.082+0000] {processor.py:914} INFO - Processing file /opt/airflow/dags/urban_data_pipeline_dag.py for tasks to queue
[2026-07-01T17:34:41.089+0000] {logging_mixin.py:190} INFO - [2026-07-01T17:34:41.089+0000] {dagbag.py:588} INFO - Filling up the DagBag from /opt/airflow/dags/urban_data_pipeline_dag.py
[2026-07-01T17:34:41.249+0000] {processor.py:925} INFO - DAG(s) 'urban_data_pipeline' retrieved from /opt/airflow/dags/urban_data_pipeline_dag.py
[2026-07-01T17:34:41.291+0000] {logging_mixin.py:190} INFO - [2026-07-01T17:34:41.291+0000] {dag.py:3239} INFO - Sync 1 DAGs
[2026-07-01T17:34:41.326+0000] {logging_mixin.py:190} INFO - [2026-07-01T17:34:41.326+0000] {dag.py:4180} INFO - Setting next_dagrun for urban_data_pipeline to 2026-07-01 00:00:00+00:00, run_after=2026-08-01 00:00:00+00:00
[2026-07-01T17:34:41.357+0000] {processor.py:208} INFO - Processing /opt/airflow/dags/urban_data_pipeline_dag.py took 0.290 seconds
[2026-07-01T17:35:11.434+0000] {processor.py:186} INFO - Started process (PID=4932) to work on /opt/airflow/dags/urban_data_pipeline_dag.py
[2026-07-01T17:35:11.435+0000] {processor.py:914} INFO - Processing file /opt/airflow/dags/urban_data_pipeline_dag.py for tasks to queue
[2026-07-01T17:35:11.439+0000] {logging_mixin.py:190} INFO - [2026-07-01T17:35:11.439+0000] {dagbag.py:588} INFO - Filling up the DagBag from /opt/airflow/dags/urban_data_pipeline_dag.py
[2026-07-01T17:35:11.692+0000] {processor.py:925} INFO - DAG(s) 'urban_data_pipeline' retrieved from /opt/airflow/dags/urban_data_pipeline_dag.py
[2026-07-01T17:35:11.745+0000] {logging_mixin.py:190} INFO - [2026-07-01T17:35:11.745+0000] {dag.py:3239} INFO - Sync 1 DAGs
[2026-07-01T17:35:11.771+0000] {logging_mixin.py:190} INFO - [2026-07-01T17:35:11.771+0000] {dag.py:4180} INFO - Setting next_dagrun for urban_data_pipeline to 2026-07-01 00:00:00+00:00, run_after=2026-08-01 00:00:00+00:00
[2026-07-01T17:35:11.807+0000] {processor.py:208} INFO - Processing /opt/airflow/dags/urban_data_pipeline_dag.py took 0.379 seconds
[2026-07-01T17:35:41.935+0000] {processor.py:186} INFO - Started process (PID=4950) to work on /opt/airflow/dags/urban_data_pipeline_dag.py
[2026-07-01T17:35:41.937+0000] {processor.py:914} INFO - Processing file /opt/airflow/dags/urban_data_pipeline_dag.py for tasks to queue
[2026-07-01T17:35:41.941+0000] {logging_mixin.py:190} INFO - [2026-07-01T17:35:41.940+0000] {dagbag.py:588} INFO - Filling up the DagBag from /opt/airflow/dags/urban_data_pipeline_dag.py
[2026-07-01T17:35:42.117+0000] {processor.py:925} INFO - DAG(s) 'urban_data_pipeline' retrieved from /opt/airflow/dags/urban_data_pipeline_dag.py
[2026-07-01T17:35:42.165+0000] {logging_mixin.py:190} INFO - [2026-07-01T17:35:42.165+0000] {dag.py:3239} INFO - Sync 1 DAGs
[2026-07-01T17:35:42.193+0000] {logging_mixin.py:190} INFO - [2026-07-01T17:35:42.192+0000] {dag.py:4180} INFO - Setting next_dagrun for urban_data_pipeline to 2026-07-01 00:00:00+00:00, run_after=2026-08-01 00:00:00+00:00
[2026-07-01T17:35:42.221+0000] {processor.py:208} INFO - Processing /opt/airflow/dags/urban_data_pipeline_dag.py took 0.292 seconds
[2026-07-01T17:36:13.068+0000] {processor.py:186} INFO - Started process (PID=4968) to work on /opt/airflow/dags/urban_data_pipeline_dag.py
[2026-07-01T17:36:13.073+0000] {processor.py:914} INFO - Processing file /opt/airflow/dags/urban_data_pipeline_dag.py for tasks to queue
[2026-07-01T17:36:13.080+0000] {logging_mixin.py:190} INFO - [2026-07-01T17:36:13.079+0000] {dagbag.py:588} INFO - Filling up the DagBag from /opt/airflow/dags/urban_data_pipeline_dag.py
[2026-07-01T17:36:13.514+0000] {processor.py:925} INFO - DAG(s) 'urban_data_pipeline' retrieved from /opt/airflow/dags/urban_data_pipeline_dag.py
[2026-07-01T17:36:13.617+0000] {logging_mixin.py:190} INFO - [2026-07-01T17:36:13.616+0000] {dag.py:3239} INFO - Sync 1 DAGs
[2026-07-01T17:36:13.666+0000] {logging_mixin.py:190} INFO - [2026-07-01T17:36:13.666+0000] {dag.py:4180} INFO - Setting next_dagrun for urban_data_pipeline to 2026-07-01 00:00:00+00:00, run_after=2026-08-01 00:00:00+00:00
[2026-07-01T17:36:13.715+0000] {processor.py:208} INFO - Processing /opt/airflow/dags/urban_data_pipeline_dag.py took 0.680 seconds
[2026-07-01T17:36:43.855+0000] {processor.py:186} INFO - Started process (PID=4986) to work on /opt/airflow/dags/urban_data_pipeline_dag.py
[2026-07-01T17:36:43.857+0000] {processor.py:914} INFO - Processing file /opt/airflow/dags/urban_data_pipeline_dag.py for tasks to queue
[2026-07-01T17:36:43.862+0000] {logging_mixin.py:190} INFO - [2026-07-01T17:36:43.861+0000] {dagbag.py:588} INFO - Filling up the DagBag from /opt/airflow/dags/urban_data_pipeline_dag.py
[2026-07-01T17:36:44.225+0000] {processor.py:925} INFO - DAG(s) 'urban_data_pipeline' retrieved from /opt/airflow/dags/urban_data_pipeline_dag.py
[2026-07-01T17:36:44.365+0000] {logging_mixin.py:190} INFO - [2026-07-01T17:36:44.364+0000] {dag.py:3239} INFO - Sync 1 DAGs
[2026-07-01T17:36:44.424+0000] {logging_mixin.py:190} INFO - [2026-07-01T17:36:44.424+0000] {dag.py:4180} INFO - Setting next_dagrun for urban_data_pipeline to 2026-07-01 00:00:00+00:00, run_after=2026-08-01 00:00:00+00:00
[2026-07-01T17:36:44.464+0000] {processor.py:208} INFO - Processing /opt/airflow/dags/urban_data_pipeline_dag.py took 0.619 seconds
[2026-07-01T17:37:14.610+0000] {processor.py:186} INFO - Started process (PID=5004) to work on /opt/airflow/dags/urban_data_pipeline_dag.py
[2026-07-01T17:37:14.612+0000] {processor.py:914} INFO - Processing file /opt/airflow/dags/urban_data_pipeline_dag.py for tasks to queue
[2026-07-01T17:37:14.616+0000] {logging_mixin.py:190} INFO - [2026-07-01T17:37:14.615+0000] {dagbag.py:588} INFO - Filling up the DagBag from /opt/airflow/dags/urban_data_pipeline_dag.py
[2026-07-01T17:37:14.862+0000] {processor.py:925} INFO - DAG(s) 'urban_data_pipeline' retrieved from /opt/airflow/dags/urban_data_pipeline_dag.py
[2026-07-01T17:37:14.932+0000] {logging_mixin.py:190} INFO - [2026-07-01T17:37:14.932+0000] {dag.py:3239} INFO - Sync 1 DAGs
[2026-07-01T17:37:14.967+0000] {logging_mixin.py:190} INFO - [2026-07-01T17:37:14.967+0000] {dag.py:4180} INFO - Setting next_dagrun for urban_data_pipeline to 2026-07-01 00:00:00+00:00, run_after=2026-08-01 00:00:00+00:00
[2026-07-01T17:37:15.046+0000] {processor.py:208} INFO - Processing /opt/airflow/dags/urban_data_pipeline_dag.py took 0.443 seconds
[2026-07-01T17:37:45.394+0000] {processor.py:186} INFO - Started process (PID=5021) to work on /opt/airflow/dags/urban_data_pipeline_dag.py
[2026-07-01T17:37:45.396+0000] {processor.py:914} INFO - Processing file /opt/airflow/dags/urban_data_pipeline_dag.py for tasks to queue
[2026-07-01T17:37:45.401+0000] {logging_mixin.py:190} INFO - [2026-07-01T17:37:45.400+0000] {dagbag.py:588} INFO - Filling up the DagBag from /opt/airflow/dags/urban_data_pipeline_dag.py
[2026-07-01T17:37:45.541+0000] {processor.py:925} INFO - DAG(s) 'urban_data_pipeline' retrieved from /opt/airflow/dags/urban_data_pipeline_dag.py
[2026-07-01T17:37:45.600+0000] {logging_mixin.py:190} INFO - [2026-07-01T17:37:45.600+0000] {dag.py:3239} INFO - Sync 1 DAGs
[2026-07-01T17:37:45.631+0000] {logging_mixin.py:190} INFO - [2026-07-01T17:37:45.630+0000] {dag.py:4180} INFO - Setting next_dagrun for urban_data_pipeline to 2026-07-01 00:00:00+00:00, run_after=2026-08-01 00:00:00+00:00
[2026-07-01T17:37:45.665+0000] {processor.py:208} INFO - Processing /opt/airflow/dags/urban_data_pipeline_dag.py took 0.283 seconds
[2026-07-01T17:38:16.628+0000] {processor.py:186} INFO - Started process (PID=5032) to work on /opt/airflow/dags/urban_data_pipeline_dag.py
[2026-07-01T17:38:16.629+0000] {processor.py:914} INFO - Processing file /opt/airflow/dags/urban_data_pipeline_dag.py for tasks to queue
[2026-07-01T17:38:16.632+0000] {logging_mixin.py:190} INFO - [2026-07-01T17:38:16.632+0000] {dagbag.py:588} INFO - Filling up the DagBag from /opt/airflow/dags/urban_data_pipeline_dag.py
[2026-07-01T17:38:16.873+0000] {processor.py:925} INFO - DAG(s) 'urban_data_pipeline' retrieved from /opt/airflow/dags/urban_data_pipeline_dag.py
[2026-07-01T17:38:16.925+0000] {logging_mixin.py:190} INFO - [2026-07-01T17:38:16.925+0000] {dag.py:3239} INFO - Sync 1 DAGs
[2026-07-01T17:38:16.948+0000] {logging_mixin.py:190} INFO - [2026-07-01T17:38:16.948+0000] {dag.py:4180} INFO - Setting next_dagrun for urban_data_pipeline to 2026-07-01 00:00:00+00:00, run_after=2026-08-01 00:00:00+00:00
[2026-07-01T17:38:16.988+0000] {processor.py:208} INFO - Processing /opt/airflow/dags/urban_data_pipeline_dag.py took 0.368 seconds
[2026-07-01T17:38:47.943+0000] {processor.py:186} INFO - Started process (PID=5050) to work on /opt/airflow/dags/urban_data_pipeline_dag.py
[2026-07-01T17:38:47.952+0000] {processor.py:914} INFO - Processing file /opt/airflow/dags/urban_data_pipeline_dag.py for tasks to queue
[2026-07-01T17:38:47.971+0000] {logging_mixin.py:190} INFO - [2026-07-01T17:38:47.968+0000] {dagbag.py:588} INFO - Filling up the DagBag from /opt/airflow/dags/urban_data_pipeline_dag.py
[2026-07-01T17:38:48.390+0000] {processor.py:925} INFO - DAG(s) 'urban_data_pipeline' retrieved from /opt/airflow/dags/urban_data_pipeline_dag.py
[2026-07-01T17:38:48.437+0000] {logging_mixin.py:190} INFO - [2026-07-01T17:38:48.436+0000] {dag.py:3239} INFO - Sync 1 DAGs
[2026-07-01T17:38:48.465+0000] {logging_mixin.py:190} INFO - [2026-07-01T17:38:48.465+0000] {dag.py:4180} INFO - Setting next_dagrun for urban_data_pipeline to 2026-07-01 00:00:00+00:00, run_after=2026-08-01 00:00:00+00:00
[2026-07-01T17:38:48.493+0000] {processor.py:208} INFO - Processing /opt/airflow/dags/urban_data_pipeline_dag.py took 0.571 seconds
[2026-07-01T17:39:18.840+0000] {processor.py:186} INFO - Started process (PID=5068) to work on /opt/airflow/dags/urban_data_pipeline_dag.py
[2026-07-01T17:39:18.847+0000] {processor.py:914} INFO - Processing file /opt/airflow/dags/urban_data_pipeline_dag.py for tasks to queue
[2026-07-01T17:39:18.868+0000] {logging_mixin.py:190} INFO - [2026-07-01T17:39:18.867+0000] {dagbag.py:588} INFO - Filling up the DagBag from /opt/airflow/dags/urban_data_pipeline_dag.py
[2026-07-01T17:39:19.017+0000] {processor.py:925} INFO - DAG(s) 'urban_data_pipeline' retrieved from /opt/airflow/dags/urban_data_pipeline_dag.py
[2026-07-01T17:39:19.062+0000] {logging_mixin.py:190} INFO - [2026-07-01T17:39:19.062+0000] {dag.py:3239} INFO - Sync 1 DAGs
[2026-07-01T17:39:19.085+0000] {logging_mixin.py:190} INFO - [2026-07-01T17:39:19.085+0000] {dag.py:4180} INFO - Setting next_dagrun for urban_data_pipeline to 2026-07-01 00:00:00+00:00, run_after=2026-08-01 00:00:00+00:00
[2026-07-01T17:39:19.112+0000] {processor.py:208} INFO - Processing /opt/airflow/dags/urban_data_pipeline_dag.py took 0.286 seconds
[2026-07-01T17:39:49.885+0000] {processor.py:186} INFO - Started process (PID=5086) to work on /opt/airflow/dags/urban_data_pipeline_dag.py
[2026-07-01T17:39:49.887+0000] {processor.py:914} INFO - Processing file /opt/airflow/dags/urban_data_pipeline_dag.py for tasks to queue
[2026-07-01T17:39:49.894+0000] {logging_mixin.py:190} INFO - [2026-07-01T17:39:49.893+0000] {dagbag.py:588} INFO - Filling up the DagBag from /opt/airflow/dags/urban_data_pipeline_dag.py
[2026-07-01T17:39:50.057+0000] {processor.py:925} INFO - DAG(s) 'urban_data_pipeline' retrieved from /opt/airflow/dags/urban_data_pipeline_dag.py
[2026-07-01T17:39:50.108+0000] {logging_mixin.py:190} INFO - [2026-07-01T17:39:50.108+0000] {dag.py:3239} INFO - Sync 1 DAGs
[2026-07-01T17:39:50.140+0000] {logging_mixin.py:190} INFO - [2026-07-01T17:39:50.139+0000] {dag.py:4180} INFO - Setting next_dagrun for urban_data_pipeline to 2026-07-01 00:00:00+00:00, run_after=2026-08-01 00:00:00+00:00
[2026-07-01T17:39:50.166+0000] {processor.py:208} INFO - Processing /opt/airflow/dags/urban_data_pipeline_dag.py took 0.306 seconds
[2026-07-01T17:40:20.735+0000] {processor.py:186} INFO - Started process (PID=5104) to work on /opt/airflow/dags/urban_data_pipeline_dag.py
[2026-07-01T17:40:20.737+0000] {processor.py:914} INFO - Processing file /opt/airflow/dags/urban_data_pipeline_dag.py for tasks to queue
[2026-07-01T17:40:20.741+0000] {logging_mixin.py:190} INFO - [2026-07-01T17:40:20.740+0000] {dagbag.py:588} INFO - Filling up the DagBag from /opt/airflow/dags/urban_data_pipeline_dag.py
[2026-07-01T17:40:21.116+0000] {processor.py:925} INFO - DAG(s) 'urban_data_pipeline' retrieved from /opt/airflow/dags/urban_data_pipeline_dag.py
[2026-07-01T17:40:21.176+0000] {logging_mixin.py:190} INFO - [2026-07-01T17:40:21.176+0000] {dag.py:3239} INFO - Sync 1 DAGs
[2026-07-01T17:40:21.199+0000] {logging_mixin.py:190} INFO - [2026-07-01T17:40:21.199+0000] {dag.py:4180} INFO - Setting next_dagrun for urban_data_pipeline to 2026-07-01 00:00:00+00:00, run_after=2026-08-01 00:00:00+00:00
[2026-07-01T17:40:21.226+0000] {processor.py:208} INFO - Processing /opt/airflow/dags/urban_data_pipeline_dag.py took 0.500 seconds
[2026-07-01T17:40:52.078+0000] {processor.py:186} INFO - Started process (PID=5122) to work on /opt/airflow/dags/urban_data_pipeline_dag.py
[2026-07-01T17:40:52.080+0000] {processor.py:914} INFO - Processing file /opt/airflow/dags/urban_data_pipeline_dag.py for tasks to queue
[2026-07-01T17:40:52.084+0000] {logging_mixin.py:190} INFO - [2026-07-01T17:40:52.083+0000] {dagbag.py:588} INFO - Filling up the DagBag from /opt/airflow/dags/urban_data_pipeline_dag.py
[2026-07-01T17:40:52.288+0000] {processor.py:925} INFO - DAG(s) 'urban_data_pipeline' retrieved from /opt/airflow/dags/urban_data_pipeline_dag.py
[2026-07-01T17:40:52.350+0000] {logging_mixin.py:190} INFO - [2026-07-01T17:40:52.350+0000] {dag.py:3239} INFO - Sync 1 DAGs
[2026-07-01T17:40:52.380+0000] {logging_mixin.py:190} INFO - [2026-07-01T17:40:52.379+0000] {dag.py:4180} INFO - Setting next_dagrun for urban_data_pipeline to 2026-07-01 00:00:00+00:00, run_after=2026-08-01 00:00:00+00:00
[2026-07-01T17:40:52.409+0000] {processor.py:208} INFO - Processing /opt/airflow/dags/urban_data_pipeline_dag.py took 0.342 seconds
[2026-07-01T17:41:23.322+0000] {processor.py:186} INFO - Started process (PID=5140) to work on /opt/airflow/dags/urban_data_pipeline_dag.py
[2026-07-01T17:41:23.324+0000] {processor.py:914} INFO - Processing file /opt/airflow/dags/urban_data_pipeline_dag.py for tasks to queue
[2026-07-01T17:41:23.330+0000] {logging_mixin.py:190} INFO - [2026-07-01T17:41:23.329+0000] {dagbag.py:588} INFO - Filling up the DagBag from /opt/airflow/dags/urban_data_pipeline_dag.py
[2026-07-01T17:41:23.553+0000] {processor.py:925} INFO - DAG(s) 'urban_data_pipeline' retrieved from /opt/airflow/dags/urban_data_pipeline_dag.py
[2026-07-01T17:41:23.596+0000] {logging_mixin.py:190} INFO - [2026-07-01T17:41:23.596+0000] {dag.py:3239} INFO - Sync 1 DAGs
[2026-07-01T17:41:23.619+0000] {logging_mixin.py:190} INFO - [2026-07-01T17:41:23.619+0000] {dag.py:4180} INFO - Setting next_dagrun for urban_data_pipeline to 2026-07-01 00:00:00+00:00, run_after=2026-08-01 00:00:00+00:00
[2026-07-01T17:41:23.643+0000] {processor.py:208} INFO - Processing /opt/airflow/dags/urban_data_pipeline_dag.py took 0.346 seconds
[2026-07-01T17:41:54.569+0000] {processor.py:186} INFO - Started process (PID=5158) to work on /opt/airflow/dags/urban_data_pipeline_dag.py
[2026-07-01T17:41:54.571+0000] {processor.py:914} INFO - Processing file /opt/airflow/dags/urban_data_pipeline_dag.py for tasks to queue
[2026-07-01T17:41:54.576+0000] {logging_mixin.py:190} INFO - [2026-07-01T17:41:54.575+0000] {dagbag.py:588} INFO - Filling up the DagBag from /opt/airflow/dags/urban_data_pipeline_dag.py
[2026-07-01T17:41:54.949+0000] {processor.py:925} INFO - DAG(s) 'urban_data_pipeline' retrieved from /opt/airflow/dags/urban_data_pipeline_dag.py
[2026-07-01T17:41:55.004+0000] {logging_mixin.py:190} INFO - [2026-07-01T17:41:55.004+0000] {dag.py:3239} INFO - Sync 1 DAGs
[2026-07-01T17:41:55.046+0000] {logging_mixin.py:190} INFO - [2026-07-01T17:41:55.045+0000] {dag.py:4180} INFO - Setting next_dagrun for urban_data_pipeline to 2026-07-01 00:00:00+00:00, run_after=2026-08-01 00:00:00+00:00
[2026-07-01T17:41:55.076+0000] {processor.py:208} INFO - Processing /opt/airflow/dags/urban_data_pipeline_dag.py took 0.513 seconds
[2026-07-01T17:42:25.248+0000] {processor.py:186} INFO - Started process (PID=5176) to work on /opt/airflow/dags/urban_data_pipeline_dag.py
[2026-07-01T17:42:25.250+0000] {processor.py:914} INFO - Processing file /opt/airflow/dags/urban_data_pipeline_dag.py for tasks to queue
[2026-07-01T17:42:25.253+0000] {logging_mixin.py:190} INFO - [2026-07-01T17:42:25.253+0000] {dagbag.py:588} INFO - Filling up the DagBag from /opt/airflow/dags/urban_data_pipeline_dag.py
[2026-07-01T17:42:25.409+0000] {processor.py:925} INFO - DAG(s) 'urban_data_pipeline' retrieved from /opt/airflow/dags/urban_data_pipeline_dag.py
[2026-07-01T17:42:25.454+0000] {logging_mixin.py:190} INFO - [2026-07-01T17:42:25.453+0000] {dag.py:3239} INFO - Sync 1 DAGs
[2026-07-01T17:42:25.478+0000] {logging_mixin.py:190} INFO - [2026-07-01T17:42:25.477+0000] {dag.py:4180} INFO - Setting next_dagrun for urban_data_pipeline to 2026-07-01 00:00:00+00:00, run_after=2026-08-01 00:00:00+00:00
[2026-07-01T17:42:25.506+0000] {processor.py:208} INFO - Processing /opt/airflow/dags/urban_data_pipeline_dag.py took 0.266 seconds
[2026-07-01T17:42:56.377+0000] {processor.py:186} INFO - Started process (PID=5194) to work on /opt/airflow/dags/urban_data_pipeline_dag.py
[2026-07-01T17:42:56.379+0000] {processor.py:914} INFO - Processing file /opt/airflow/dags/urban_data_pipeline_dag.py for tasks to queue
[2026-07-01T17:42:56.383+0000] {logging_mixin.py:190} INFO - [2026-07-01T17:42:56.382+0000] {dagbag.py:588} INFO - Filling up the DagBag from /opt/airflow/dags/urban_data_pipeline_dag.py
[2026-07-01T17:42:56.757+0000] {processor.py:925} INFO - DAG(s) 'urban_data_pipeline' retrieved from /opt/airflow/dags/urban_data_pipeline_dag.py
[2026-07-01T17:42:56.824+0000] {logging_mixin.py:190} INFO - [2026-07-01T17:42:56.824+0000] {dag.py:3239} INFO - Sync 1 DAGs
[2026-07-01T17:42:56.850+0000] {logging_mixin.py:190} INFO - [2026-07-01T17:42:56.850+0000] {dag.py:4180} INFO - Setting next_dagrun for urban_data_pipeline to 2026-07-01 00:00:00+00:00, run_after=2026-08-01 00:00:00+00:00
[2026-07-01T17:42:56.879+0000] {processor.py:208} INFO - Processing /opt/airflow/dags/urban_data_pipeline_dag.py took 0.509 seconds
[2026-07-01T17:43:27.694+0000] {processor.py:186} INFO - Started process (PID=5212) to work on /opt/airflow/dags/urban_data_pipeline_dag.py
[2026-07-01T17:43:27.696+0000] {processor.py:914} INFO - Processing file /opt/airflow/dags/urban_data_pipeline_dag.py for tasks to queue
[2026-07-01T17:43:27.700+0000] {logging_mixin.py:190} INFO - [2026-07-01T17:43:27.699+0000] {dagbag.py:588} INFO - Filling up the DagBag from /opt/airflow/dags/urban_data_pipeline_dag.py
[2026-07-01T17:43:28.037+0000] {processor.py:925} INFO - DAG(s) 'urban_data_pipeline' retrieved from /opt/airflow/dags/urban_data_pipeline_dag.py
[2026-07-01T17:43:28.102+0000] {logging_mixin.py:190} INFO - [2026-07-01T17:43:28.101+0000] {dag.py:3239} INFO - Sync 1 DAGs
[2026-07-01T17:43:28.133+0000] {logging_mixin.py:190} INFO - [2026-07-01T17:43:28.132+0000] {dag.py:4180} INFO - Setting next_dagrun for urban_data_pipeline to 2026-07-01 00:00:00+00:00, run_after=2026-08-01 00:00:00+00:00
[2026-07-01T17:43:28.161+0000] {processor.py:208} INFO - Processing /opt/airflow/dags/urban_data_pipeline_dag.py took 0.475 seconds
[2026-07-01T17:43:58.985+0000] {processor.py:186} INFO - Started process (PID=5229) to work on /opt/airflow/dags/urban_data_pipeline_dag.py
[2026-07-01T17:43:58.986+0000] {processor.py:914} INFO - Processing file /opt/airflow/dags/urban_data_pipeline_dag.py for tasks to queue
[2026-07-01T17:43:58.989+0000] {logging_mixin.py:190} INFO - [2026-07-01T17:43:58.989+0000] {dagbag.py:588} INFO - Filling up the DagBag from /opt/airflow/dags/urban_data_pipeline_dag.py
[2026-07-01T17:43:59.102+0000] {processor.py:925} INFO - DAG(s) 'urban_data_pipeline' retrieved from /opt/airflow/dags/urban_data_pipeline_dag.py
[2026-07-01T17:43:59.147+0000] {logging_mixin.py:190} INFO - [2026-07-01T17:43:59.147+0000] {dag.py:3239} INFO - Sync 1 DAGs
[2026-07-01T17:43:59.172+0000] {logging_mixin.py:190} INFO - [2026-07-01T17:43:59.172+0000] {dag.py:4180} INFO - Setting next_dagrun for urban_data_pipeline to 2026-07-01 00:00:00+00:00, run_after=2026-08-01 00:00:00+00:00
[2026-07-01T17:43:59.197+0000] {processor.py:208} INFO - Processing /opt/airflow/dags/urban_data_pipeline_dag.py took 0.219 seconds
[2026-07-01T17:44:29.949+0000] {processor.py:186} INFO - Started process (PID=5240) to work on /opt/airflow/dags/urban_data_pipeline_dag.py
[2026-07-01T17:44:29.951+0000] {processor.py:914} INFO - Processing file /opt/airflow/dags/urban_data_pipeline_dag.py for tasks to queue
[2026-07-01T17:44:29.963+0000] {logging_mixin.py:190} INFO - [2026-07-01T17:44:29.963+0000] {dagbag.py:588} INFO - Filling up the DagBag from /opt/airflow/dags/urban_data_pipeline_dag.py
[2026-07-01T17:44:30.195+0000] {processor.py:925} INFO - DAG(s) 'urban_data_pipeline' retrieved from /opt/airflow/dags/urban_data_pipeline_dag.py
[2026-07-01T17:44:30.257+0000] {logging_mixin.py:190} INFO - [2026-07-01T17:44:30.256+0000] {dag.py:3239} INFO - Sync 1 DAGs
[2026-07-01T17:44:30.313+0000] {logging_mixin.py:190} INFO - [2026-07-01T17:44:30.312+0000] {dag.py:4180} INFO - Setting next_dagrun for urban_data_pipeline to 2026-07-01 00:00:00+00:00, run_after=2026-08-01 00:00:00+00:00
[2026-07-01T17:44:30.343+0000] {processor.py:208} INFO - Processing /opt/airflow/dags/urban_data_pipeline_dag.py took 0.406 seconds
[2026-07-01T17:45:01.288+0000] {processor.py:186} INFO - Started process (PID=5258) to work on /opt/airflow/dags/urban_data_pipeline_dag.py
[2026-07-01T17:45:01.290+0000] {processor.py:914} INFO - Processing file /opt/airflow/dags/urban_data_pipeline_dag.py for tasks to queue
[2026-07-01T17:45:01.297+0000] {logging_mixin.py:190} INFO - [2026-07-01T17:45:01.296+0000] {dagbag.py:588} INFO - Filling up the DagBag from /opt/airflow/dags/urban_data_pipeline_dag.py
[2026-07-01T17:45:01.470+0000] {processor.py:925} INFO - DAG(s) 'urban_data_pipeline' retrieved from /opt/airflow/dags/urban_data_pipeline_dag.py
[2026-07-01T17:45:01.518+0000] {logging_mixin.py:190} INFO - [2026-07-01T17:45:01.518+0000] {dag.py:3239} INFO - Sync 1 DAGs
[2026-07-01T17:45:01.546+0000] {logging_mixin.py:190} INFO - [2026-07-01T17:45:01.545+0000] {dag.py:4180} INFO - Setting next_dagrun for urban_data_pipeline to 2026-07-01 00:00:00+00:00, run_after=2026-08-01 00:00:00+00:00
[2026-07-01T17:45:01.570+0000] {processor.py:208} INFO - Processing /opt/airflow/dags/urban_data_pipeline_dag.py took 0.295 seconds
[2026-07-01T17:45:32.384+0000] {processor.py:186} INFO - Started process (PID=5276) to work on /opt/airflow/dags/urban_data_pipeline_dag.py
[2026-07-01T17:45:32.387+0000] {processor.py:914} INFO - Processing file /opt/airflow/dags/urban_data_pipeline_dag.py for tasks to queue
[2026-07-01T17:45:32.390+0000] {logging_mixin.py:190} INFO - [2026-07-01T17:45:32.390+0000] {dagbag.py:588} INFO - Filling up the DagBag from /opt/airflow/dags/urban_data_pipeline_dag.py
[2026-07-01T17:45:32.640+0000] {processor.py:925} INFO - DAG(s) 'urban_data_pipeline' retrieved from /opt/airflow/dags/urban_data_pipeline_dag.py
[2026-07-01T17:45:32.713+0000] {logging_mixin.py:190} INFO - [2026-07-01T17:45:32.713+0000] {dag.py:3239} INFO - Sync 1 DAGs
[2026-07-01T17:45:32.736+0000] {logging_mixin.py:190} INFO - [2026-07-01T17:45:32.736+0000] {dag.py:4180} INFO - Setting next_dagrun for urban_data_pipeline to 2026-07-01 00:00:00+00:00, run_after=2026-08-01 00:00:00+00:00
[2026-07-01T17:45:32.762+0000] {processor.py:208} INFO - Processing /opt/airflow/dags/urban_data_pipeline_dag.py took 0.411 seconds
[2026-07-01T17:46:03.451+0000] {processor.py:186} INFO - Started process (PID=5294) to work on /opt/airflow/dags/urban_data_pipeline_dag.py
[2026-07-01T17:46:03.454+0000] {processor.py:914} INFO - Processing file /opt/airflow/dags/urban_data_pipeline_dag.py for tasks to queue
[2026-07-01T17:46:03.458+0000] {logging_mixin.py:190} INFO - [2026-07-01T17:46:03.458+0000] {dagbag.py:588} INFO - Filling up the DagBag from /opt/airflow/dags/urban_data_pipeline_dag.py
[2026-07-01T17:46:03.600+0000] {processor.py:925} INFO - DAG(s) 'urban_data_pipeline' retrieved from /opt/airflow/dags/urban_data_pipeline_dag.py
[2026-07-01T17:46:03.649+0000] {logging_mixin.py:190} INFO - [2026-07-01T17:46:03.649+0000] {dag.py:3239} INFO - Sync 1 DAGs
[2026-07-01T17:46:03.674+0000] {logging_mixin.py:190} INFO - [2026-07-01T17:46:03.674+0000] {dag.py:4180} INFO - Setting next_dagrun for urban_data_pipeline to 2026-07-01 00:00:00+00:00, run_after=2026-08-01 00:00:00+00:00
[2026-07-01T17:46:03.701+0000] {processor.py:208} INFO - Processing /opt/airflow/dags/urban_data_pipeline_dag.py took 0.263 seconds
[2026-07-01T17:46:34.573+0000] {processor.py:186} INFO - Started process (PID=5312) to work on /opt/airflow/dags/urban_data_pipeline_dag.py
[2026-07-01T17:46:34.576+0000] {processor.py:914} INFO - Processing file /opt/airflow/dags/urban_data_pipeline_dag.py for tasks to queue
[2026-07-01T17:46:34.579+0000] {logging_mixin.py:190} INFO - [2026-07-01T17:46:34.578+0000] {dagbag.py:588} INFO - Filling up the DagBag from /opt/airflow/dags/urban_data_pipeline_dag.py
[2026-07-01T17:46:34.860+0000] {processor.py:925} INFO - DAG(s) 'urban_data_pipeline' retrieved from /opt/airflow/dags/urban_data_pipeline_dag.py
[2026-07-01T17:46:34.910+0000] {logging_mixin.py:190} INFO - [2026-07-01T17:46:34.910+0000] {dag.py:3239} INFO - Sync 1 DAGs
[2026-07-01T17:46:34.940+0000] {logging_mixin.py:190} INFO - [2026-07-01T17:46:34.940+0000] {dag.py:4180} INFO - Setting next_dagrun for urban_data_pipeline to 2026-07-01 00:00:00+00:00, run_after=2026-08-01 00:00:00+00:00
[2026-07-01T17:46:34.970+0000] {processor.py:208} INFO - Processing /opt/airflow/dags/urban_data_pipeline_dag.py took 0.404 seconds
[2026-07-01T17:47:05.727+0000] {processor.py:186} INFO - Started process (PID=5330) to work on /opt/airflow/dags/urban_data_pipeline_dag.py
[2026-07-01T17:47:05.729+0000] {processor.py:914} INFO - Processing file /opt/airflow/dags/urban_data_pipeline_dag.py for tasks to queue
[2026-07-01T17:47:05.733+0000] {logging_mixin.py:190} INFO - [2026-07-01T17:47:05.732+0000] {dagbag.py:588} INFO - Filling up the DagBag from /opt/airflow/dags/urban_data_pipeline_dag.py
[2026-07-01T17:47:06.001+0000] {processor.py:925} INFO - DAG(s) 'urban_data_pipeline' retrieved from /opt/airflow/dags/urban_data_pipeline_dag.py
[2026-07-01T17:47:06.066+0000] {logging_mixin.py:190} INFO - [2026-07-01T17:47:06.065+0000] {dag.py:3239} INFO - Sync 1 DAGs
[2026-07-01T17:47:06.105+0000] {logging_mixin.py:190} INFO - [2026-07-01T17:47:06.104+0000] {dag.py:4180} INFO - Setting next_dagrun for urban_data_pipeline to 2026-07-01 00:00:00+00:00, run_after=2026-08-01 00:00:00+00:00
[2026-07-01T17:47:06.147+0000] {processor.py:208} INFO - Processing /opt/airflow/dags/urban_data_pipeline_dag.py took 0.433 seconds
[2026-07-01T17:47:36.985+0000] {processor.py:186} INFO - Started process (PID=5348) to work on /opt/airflow/dags/urban_data_pipeline_dag.py
[2026-07-01T17:47:36.986+0000] {processor.py:914} INFO - Processing file /opt/airflow/dags/urban_data_pipeline_dag.py for tasks to queue
[2026-07-01T17:47:36.989+0000] {logging_mixin.py:190} INFO - [2026-07-01T17:47:36.989+0000] {dagbag.py:588} INFO - Filling up the DagBag from /opt/airflow/dags/urban_data_pipeline_dag.py
[2026-07-01T17:47:37.128+0000] {processor.py:925} INFO - DAG(s) 'urban_data_pipeline' retrieved from /opt/airflow/dags/urban_data_pipeline_dag.py
[2026-07-01T17:47:37.177+0000] {logging_mixin.py:190} INFO - [2026-07-01T17:47:37.177+0000] {dag.py:3239} INFO - Sync 1 DAGs
[2026-07-01T17:47:37.202+0000] {logging_mixin.py:190} INFO - [2026-07-01T17:47:37.202+0000] {dag.py:4180} INFO - Setting next_dagrun for urban_data_pipeline to 2026-07-01 00:00:00+00:00, run_after=2026-08-01 00:00:00+00:00
[2026-07-01T17:47:37.247+0000] {processor.py:208} INFO - Processing /opt/airflow/dags/urban_data_pipeline_dag.py took 0.269 seconds
[2026-07-01T17:48:07.814+0000] {processor.py:186} INFO - Started process (PID=5366) to work on /opt/airflow/dags/urban_data_pipeline_dag.py
[2026-07-01T17:48:07.815+0000] {processor.py:914} INFO - Processing file /opt/airflow/dags/urban_data_pipeline_dag.py for tasks to queue
[2026-07-01T17:48:07.818+0000] {logging_mixin.py:190} INFO - [2026-07-01T17:48:07.818+0000] {dagbag.py:588} INFO - Filling up the DagBag from /opt/airflow/dags/urban_data_pipeline_dag.py
[2026-07-01T17:48:08.015+0000] {processor.py:925} INFO - DAG(s) 'urban_data_pipeline' retrieved from /opt/airflow/dags/urban_data_pipeline_dag.py
[2026-07-01T17:48:08.084+0000] {logging_mixin.py:190} INFO - [2026-07-01T17:48:08.084+0000] {dag.py:3239} INFO - Sync 1 DAGs
[2026-07-01T17:48:08.113+0000] {logging_mixin.py:190} INFO - [2026-07-01T17:48:08.113+0000] {dag.py:4180} INFO - Setting next_dagrun for urban_data_pipeline to 2026-07-01 00:00:00+00:00, run_after=2026-08-01 00:00:00+00:00
[2026-07-01T17:48:08.142+0000] {processor.py:208} INFO - Processing /opt/airflow/dags/urban_data_pipeline_dag.py took 0.339 seconds
[2026-07-01T17:48:38.865+0000] {processor.py:186} INFO - Started process (PID=5384) to work on /opt/airflow/dags/urban_data_pipeline_dag.py
[2026-07-01T17:48:38.867+0000] {processor.py:914} INFO - Processing file /opt/airflow/dags/urban_data_pipeline_dag.py for tasks to queue
[2026-07-01T17:48:38.871+0000] {logging_mixin.py:190} INFO - [2026-07-01T17:48:38.870+0000] {dagbag.py:588} INFO - Filling up the DagBag from /opt/airflow/dags/urban_data_pipeline_dag.py
[2026-07-01T17:48:38.993+0000] {processor.py:925} INFO - DAG(s) 'urban_data_pipeline' retrieved from /opt/airflow/dags/urban_data_pipeline_dag.py
[2026-07-01T17:48:39.055+0000] {logging_mixin.py:190} INFO - [2026-07-01T17:48:39.055+0000] {dag.py:3239} INFO - Sync 1 DAGs
[2026-07-01T17:48:39.089+0000] {logging_mixin.py:190} INFO - [2026-07-01T17:48:39.088+0000] {dag.py:4180} INFO - Setting next_dagrun for urban_data_pipeline to 2026-07-01 00:00:00+00:00, run_after=2026-08-01 00:00:00+00:00
[2026-07-01T17:48:39.123+0000] {processor.py:208} INFO - Processing /opt/airflow/dags/urban_data_pipeline_dag.py took 0.265 seconds
[2026-07-01T17:49:09.873+0000] {processor.py:186} INFO - Started process (PID=5401) to work on /opt/airflow/dags/urban_data_pipeline_dag.py
[2026-07-01T17:49:09.879+0000] {processor.py:914} INFO - Processing file /opt/airflow/dags/urban_data_pipeline_dag.py for tasks to queue
[2026-07-01T17:49:09.891+0000] {logging_mixin.py:190} INFO - [2026-07-01T17:49:09.889+0000] {dagbag.py:588} INFO - Filling up the DagBag from /opt/airflow/dags/urban_data_pipeline_dag.py
[2026-07-01T17:49:10.141+0000] {processor.py:925} INFO - DAG(s) 'urban_data_pipeline' retrieved from /opt/airflow/dags/urban_data_pipeline_dag.py
[2026-07-01T17:49:10.189+0000] {logging_mixin.py:190} INFO - [2026-07-01T17:49:10.188+0000] {dag.py:3239} INFO - Sync 1 DAGs
[2026-07-01T17:49:10.214+0000] {logging_mixin.py:190} INFO - [2026-07-01T17:49:10.214+0000] {dag.py:4180} INFO - Setting next_dagrun for urban_data_pipeline to 2026-07-01 00:00:00+00:00, run_after=2026-08-01 00:00:00+00:00
[2026-07-01T17:49:10.238+0000] {processor.py:208} INFO - Processing /opt/airflow/dags/urban_data_pipeline_dag.py took 0.379 seconds
[2026-07-01T17:49:41.078+0000] {processor.py:186} INFO - Started process (PID=5415) to work on /opt/airflow/dags/urban_data_pipeline_dag.py
[2026-07-01T17:49:41.079+0000] {processor.py:914} INFO - Processing file /opt/airflow/dags/urban_data_pipeline_dag.py for tasks to queue
[2026-07-01T17:49:41.083+0000] {logging_mixin.py:190} INFO - [2026-07-01T17:49:41.082+0000] {dagbag.py:588} INFO - Filling up the DagBag from /opt/airflow/dags/urban_data_pipeline_dag.py
[2026-07-01T17:49:41.237+0000] {processor.py:925} INFO - DAG(s) 'urban_data_pipeline' retrieved from /opt/airflow/dags/urban_data_pipeline_dag.py
[2026-07-01T17:49:41.281+0000] {logging_mixin.py:190} INFO - [2026-07-01T17:49:41.281+0000] {dag.py:3239} INFO - Sync 1 DAGs
[2026-07-01T17:49:41.304+0000] {logging_mixin.py:190} INFO - [2026-07-01T17:49:41.304+0000] {dag.py:4180} INFO - Setting next_dagrun for urban_data_pipeline to 2026-07-01 00:00:00+00:00, run_after=2026-08-01 00:00:00+00:00
[2026-07-01T17:49:41.328+0000] {processor.py:208} INFO - Processing /opt/airflow/dags/urban_data_pipeline_dag.py took 0.255 seconds
[2026-07-01T17:50:12.192+0000] {processor.py:186} INFO - Started process (PID=5433) to work on /opt/airflow/dags/urban_data_pipeline_dag.py
[2026-07-01T17:50:12.193+0000] {processor.py:914} INFO - Processing file /opt/airflow/dags/urban_data_pipeline_dag.py for tasks to queue
[2026-07-01T17:50:12.198+0000] {logging_mixin.py:190} INFO - [2026-07-01T17:50:12.197+0000] {dagbag.py:588} INFO - Filling up the DagBag from /opt/airflow/dags/urban_data_pipeline_dag.py
[2026-07-01T17:50:12.380+0000] {processor.py:925} INFO - DAG(s) 'urban_data_pipeline' retrieved from /opt/airflow/dags/urban_data_pipeline_dag.py
[2026-07-01T17:50:12.430+0000] {logging_mixin.py:190} INFO - [2026-07-01T17:50:12.429+0000] {dag.py:3239} INFO - Sync 1 DAGs
[2026-07-01T17:50:12.465+0000] {logging_mixin.py:190} INFO - [2026-07-01T17:50:12.464+0000] {dag.py:4180} INFO - Setting next_dagrun for urban_data_pipeline to 2026-07-01 00:00:00+00:00, run_after=2026-08-01 00:00:00+00:00
[2026-07-01T17:50:12.522+0000] {processor.py:208} INFO - Processing /opt/airflow/dags/urban_data_pipeline_dag.py took 0.343 seconds
[2026-07-01T17:50:43.131+0000] {processor.py:186} INFO - Started process (PID=5451) to work on /opt/airflow/dags/urban_data_pipeline_dag.py
[2026-07-01T17:50:43.133+0000] {processor.py:914} INFO - Processing file /opt/airflow/dags/urban_data_pipeline_dag.py for tasks to queue
[2026-07-01T17:50:43.136+0000] {logging_mixin.py:190} INFO - [2026-07-01T17:50:43.135+0000] {dagbag.py:588} INFO - Filling up the DagBag from /opt/airflow/dags/urban_data_pipeline_dag.py
[2026-07-01T17:50:43.304+0000] {processor.py:925} INFO - DAG(s) 'urban_data_pipeline' retrieved from /opt/airflow/dags/urban_data_pipeline_dag.py
[2026-07-01T17:50:43.352+0000] {logging_mixin.py:190} INFO - [2026-07-01T17:50:43.352+0000] {dag.py:3239} INFO - Sync 1 DAGs
[2026-07-01T17:50:43.379+0000] {logging_mixin.py:190} INFO - [2026-07-01T17:50:43.379+0000] {dag.py:4180} INFO - Setting next_dagrun for urban_data_pipeline to 2026-07-01 00:00:00+00:00, run_after=2026-08-01 00:00:00+00:00
[2026-07-01T17:50:43.405+0000] {processor.py:208} INFO - Processing /opt/airflow/dags/urban_data_pipeline_dag.py took 0.281 seconds
[2026-07-01T17:51:13.514+0000] {processor.py:186} INFO - Started process (PID=5469) to work on /opt/airflow/dags/urban_data_pipeline_dag.py
[2026-07-01T17:51:13.515+0000] {processor.py:914} INFO - Processing file /opt/airflow/dags/urban_data_pipeline_dag.py for tasks to queue
[2026-07-01T17:51:13.518+0000] {logging_mixin.py:190} INFO - [2026-07-01T17:51:13.517+0000] {dagbag.py:588} INFO - Filling up the DagBag from /opt/airflow/dags/urban_data_pipeline_dag.py
[2026-07-01T17:51:13.674+0000] {processor.py:925} INFO - DAG(s) 'urban_data_pipeline' retrieved from /opt/airflow/dags/urban_data_pipeline_dag.py
[2026-07-01T17:51:13.730+0000] {logging_mixin.py:190} INFO - [2026-07-01T17:51:13.730+0000] {dag.py:3239} INFO - Sync 1 DAGs
[2026-07-01T17:51:13.754+0000] {logging_mixin.py:190} INFO - [2026-07-01T17:51:13.754+0000] {dag.py:4180} INFO - Setting next_dagrun for urban_data_pipeline to 2026-07-01 00:00:00+00:00, run_after=2026-08-01 00:00:00+00:00
[2026-07-01T17:51:13.784+0000] {processor.py:208} INFO - Processing /opt/airflow/dags/urban_data_pipeline_dag.py took 0.276 seconds
[2026-07-01T17:51:44.544+0000] {processor.py:186} INFO - Started process (PID=5487) to work on /opt/airflow/dags/urban_data_pipeline_dag.py
[2026-07-01T17:51:44.545+0000] {processor.py:914} INFO - Processing file /opt/airflow/dags/urban_data_pipeline_dag.py for tasks to queue
[2026-07-01T17:51:44.549+0000] {logging_mixin.py:190} INFO - [2026-07-01T17:51:44.548+0000] {dagbag.py:588} INFO - Filling up the DagBag from /opt/airflow/dags/urban_data_pipeline_dag.py
[2026-07-01T17:51:44.733+0000] {processor.py:925} INFO - DAG(s) 'urban_data_pipeline' retrieved from /opt/airflow/dags/urban_data_pipeline_dag.py
[2026-07-01T17:51:44.782+0000] {logging_mixin.py:190} INFO - [2026-07-01T17:51:44.781+0000] {dag.py:3239} INFO - Sync 1 DAGs
[2026-07-01T17:51:44.805+0000] {logging_mixin.py:190} INFO - [2026-07-01T17:51:44.805+0000] {dag.py:4180} INFO - Setting next_dagrun for urban_data_pipeline to 2026-07-01 00:00:00+00:00, run_after=2026-08-01 00:00:00+00:00
[2026-07-01T17:51:44.831+0000] {processor.py:208} INFO - Processing /opt/airflow/dags/urban_data_pipeline_dag.py took 0.295 seconds
[2026-07-01T17:52:15.634+0000] {processor.py:186} INFO - Started process (PID=5505) to work on /opt/airflow/dags/urban_data_pipeline_dag.py
[2026-07-01T17:52:15.637+0000] {processor.py:914} INFO - Processing file /opt/airflow/dags/urban_data_pipeline_dag.py for tasks to queue
[2026-07-01T17:52:15.641+0000] {logging_mixin.py:190} INFO - [2026-07-01T17:52:15.641+0000] {dagbag.py:588} INFO - Filling up the DagBag from /opt/airflow/dags/urban_data_pipeline_dag.py
[2026-07-01T17:52:15.957+0000] {processor.py:925} INFO - DAG(s) 'urban_data_pipeline' retrieved from /opt/airflow/dags/urban_data_pipeline_dag.py
[2026-07-01T17:52:16.000+0000] {logging_mixin.py:190} INFO - [2026-07-01T17:52:16.000+0000] {dag.py:3239} INFO - Sync 1 DAGs
[2026-07-01T17:52:16.026+0000] {logging_mixin.py:190} INFO - [2026-07-01T17:52:16.026+0000] {dag.py:4180} INFO - Setting next_dagrun for urban_data_pipeline to 2026-07-01 00:00:00+00:00, run_after=2026-08-01 00:00:00+00:00
[2026-07-01T17:52:16.055+0000] {processor.py:208} INFO - Processing /opt/airflow/dags/urban_data_pipeline_dag.py took 0.427 seconds
[2026-07-01T17:52:46.639+0000] {processor.py:186} INFO - Started process (PID=5523) to work on /opt/airflow/dags/urban_data_pipeline_dag.py
[2026-07-01T17:52:46.641+0000] {processor.py:914} INFO - Processing file /opt/airflow/dags/urban_data_pipeline_dag.py for tasks to queue
[2026-07-01T17:52:46.644+0000] {logging_mixin.py:190} INFO - [2026-07-01T17:52:46.643+0000] {dagbag.py:588} INFO - Filling up the DagBag from /opt/airflow/dags/urban_data_pipeline_dag.py
[2026-07-01T17:52:46.980+0000] {processor.py:925} INFO - DAG(s) 'urban_data_pipeline' retrieved from /opt/airflow/dags/urban_data_pipeline_dag.py
[2026-07-01T17:52:47.032+0000] {logging_mixin.py:190} INFO - [2026-07-01T17:52:47.032+0000] {dag.py:3239} INFO - Sync 1 DAGs
[2026-07-01T17:52:47.055+0000] {logging_mixin.py:190} INFO - [2026-07-01T17:52:47.054+0000] {dag.py:4180} INFO - Setting next_dagrun for urban_data_pipeline to 2026-07-01 00:00:00+00:00, run_after=2026-08-01 00:00:00+00:00
[2026-07-01T17:52:47.093+0000] {processor.py:208} INFO - Processing /opt/airflow/dags/urban_data_pipeline_dag.py took 0.460 seconds
[2026-07-01T17:53:17.453+0000] {processor.py:186} INFO - Started process (PID=5543) to work on /opt/airflow/dags/urban_data_pipeline_dag.py
[2026-07-01T17:53:17.455+0000] {processor.py:914} INFO - Processing file /opt/airflow/dags/urban_data_pipeline_dag.py for tasks to queue
[2026-07-01T17:53:17.461+0000] {logging_mixin.py:190} INFO - [2026-07-01T17:53:17.460+0000] {dagbag.py:588} INFO - Filling up the DagBag from /opt/airflow/dags/urban_data_pipeline_dag.py
[2026-07-01T17:53:17.656+0000] {processor.py:925} INFO - DAG(s) 'urban_data_pipeline' retrieved from /opt/airflow/dags/urban_data_pipeline_dag.py
[2026-07-01T17:53:17.702+0000] {logging_mixin.py:190} INFO - [2026-07-01T17:53:17.702+0000] {dag.py:3239} INFO - Sync 1 DAGs
[2026-07-01T17:53:17.726+0000] {logging_mixin.py:190} INFO - [2026-07-01T17:53:17.726+0000] {dag.py:4180} INFO - Setting next_dagrun for urban_data_pipeline to 2026-07-01 00:00:00+00:00, run_after=2026-08-01 00:00:00+00:00
[2026-07-01T17:53:17.757+0000] {processor.py:208} INFO - Processing /opt/airflow/dags/urban_data_pipeline_dag.py took 0.324 seconds
[2026-07-01T17:53:48.630+0000] {processor.py:186} INFO - Started process (PID=5561) to work on /opt/airflow/dags/urban_data_pipeline_dag.py
[2026-07-01T17:53:48.632+0000] {processor.py:914} INFO - Processing file /opt/airflow/dags/urban_data_pipeline_dag.py for tasks to queue
[2026-07-01T17:53:48.636+0000] {logging_mixin.py:190} INFO - [2026-07-01T17:53:48.635+0000] {dagbag.py:588} INFO - Filling up the DagBag from /opt/airflow/dags/urban_data_pipeline_dag.py
[2026-07-01T17:53:48.759+0000] {processor.py:925} INFO - DAG(s) 'urban_data_pipeline' retrieved from /opt/airflow/dags/urban_data_pipeline_dag.py
[2026-07-01T17:53:48.810+0000] {logging_mixin.py:190} INFO - [2026-07-01T17:53:48.810+0000] {dag.py:3239} INFO - Sync 1 DAGs
[2026-07-01T17:53:48.839+0000] {logging_mixin.py:190} INFO - [2026-07-01T17:53:48.839+0000] {dag.py:4180} INFO - Setting next_dagrun for urban_data_pipeline to 2026-07-01 00:00:00+00:00, run_after=2026-08-01 00:00:00+00:00
[2026-07-01T17:53:48.863+0000] {processor.py:208} INFO - Processing /opt/airflow/dags/urban_data_pipeline_dag.py took 0.242 seconds
[2026-07-01T17:54:19.847+0000] {processor.py:186} INFO - Started process (PID=5578) to work on /opt/airflow/dags/urban_data_pipeline_dag.py
[2026-07-01T17:54:19.852+0000] {processor.py:914} INFO - Processing file /opt/airflow/dags/urban_data_pipeline_dag.py for tasks to queue
[2026-07-01T17:54:19.862+0000] {logging_mixin.py:190} INFO - [2026-07-01T17:54:19.861+0000] {dagbag.py:588} INFO - Filling up the DagBag from /opt/airflow/dags/urban_data_pipeline_dag.py
[2026-07-01T17:54:20.055+0000] {processor.py:925} INFO - DAG(s) 'urban_data_pipeline' retrieved from /opt/airflow/dags/urban_data_pipeline_dag.py
[2026-07-01T17:54:20.104+0000] {logging_mixin.py:190} INFO - [2026-07-01T17:54:20.103+0000] {dag.py:3239} INFO - Sync 1 DAGs
[2026-07-01T17:54:20.138+0000] {logging_mixin.py:190} INFO - [2026-07-01T17:54:20.137+0000] {dag.py:4180} INFO - Setting next_dagrun for urban_data_pipeline to 2026-07-01 00:00:00+00:00, run_after=2026-08-01 00:00:00+00:00
[2026-07-01T17:54:20.169+0000] {processor.py:208} INFO - Processing /opt/airflow/dags/urban_data_pipeline_dag.py took 0.344 seconds
[2026-07-01T17:54:50.369+0000] {processor.py:186} INFO - Started process (PID=5589) to work on /opt/airflow/dags/urban_data_pipeline_dag.py
[2026-07-01T17:54:50.372+0000] {processor.py:914} INFO - Processing file /opt/airflow/dags/urban_data_pipeline_dag.py for tasks to queue
[2026-07-01T17:54:50.382+0000] {logging_mixin.py:190} INFO - [2026-07-01T17:54:50.381+0000] {dagbag.py:588} INFO - Filling up the DagBag from /opt/airflow/dags/urban_data_pipeline_dag.py
[2026-07-01T17:54:50.651+0000] {processor.py:925} INFO - DAG(s) 'urban_data_pipeline' retrieved from /opt/airflow/dags/urban_data_pipeline_dag.py
[2026-07-01T17:54:50.707+0000] {logging_mixin.py:190} INFO - [2026-07-01T17:54:50.707+0000] {dag.py:3239} INFO - Sync 1 DAGs
[2026-07-01T17:54:50.734+0000] {logging_mixin.py:190} INFO - [2026-07-01T17:54:50.734+0000] {dag.py:4180} INFO - Setting next_dagrun for urban_data_pipeline to 2026-07-01 00:00:00+00:00, run_after=2026-08-01 00:00:00+00:00
[2026-07-01T17:54:50.774+0000] {processor.py:208} INFO - Processing /opt/airflow/dags/urban_data_pipeline_dag.py took 0.419 seconds
[2026-07-01T17:55:21.069+0000] {processor.py:186} INFO - Started process (PID=5607) to work on /opt/airflow/dags/urban_data_pipeline_dag.py
[2026-07-01T17:55:21.071+0000] {processor.py:914} INFO - Processing file /opt/airflow/dags/urban_data_pipeline_dag.py for tasks to queue
[2026-07-01T17:55:21.075+0000] {logging_mixin.py:190} INFO - [2026-07-01T17:55:21.074+0000] {dagbag.py:588} INFO - Filling up the DagBag from /opt/airflow/dags/urban_data_pipeline_dag.py
[2026-07-01T17:55:21.195+0000] {processor.py:925} INFO - DAG(s) 'urban_data_pipeline' retrieved from /opt/airflow/dags/urban_data_pipeline_dag.py
[2026-07-01T17:55:21.241+0000] {logging_mixin.py:190} INFO - [2026-07-01T17:55:21.241+0000] {dag.py:3239} INFO - Sync 1 DAGs
[2026-07-01T17:55:21.264+0000] {logging_mixin.py:190} INFO - [2026-07-01T17:55:21.264+0000] {dag.py:4180} INFO - Setting next_dagrun for urban_data_pipeline to 2026-07-01 00:00:00+00:00, run_after=2026-08-01 00:00:00+00:00
[2026-07-01T17:55:21.286+0000] {processor.py:208} INFO - Processing /opt/airflow/dags/urban_data_pipeline_dag.py took 0.230 seconds
[2026-07-01T17:55:51.705+0000] {processor.py:186} INFO - Started process (PID=5625) to work on /opt/airflow/dags/urban_data_pipeline_dag.py
[2026-07-01T17:55:51.707+0000] {processor.py:914} INFO - Processing file /opt/airflow/dags/urban_data_pipeline_dag.py for tasks to queue
[2026-07-01T17:55:51.710+0000] {logging_mixin.py:190} INFO - [2026-07-01T17:55:51.710+0000] {dagbag.py:588} INFO - Filling up the DagBag from /opt/airflow/dags/urban_data_pipeline_dag.py
[2026-07-01T17:55:51.854+0000] {processor.py:925} INFO - DAG(s) 'urban_data_pipeline' retrieved from /opt/airflow/dags/urban_data_pipeline_dag.py
[2026-07-01T17:55:51.898+0000] {logging_mixin.py:190} INFO - [2026-07-01T17:55:51.898+0000] {dag.py:3239} INFO - Sync 1 DAGs
[2026-07-01T17:55:51.920+0000] {logging_mixin.py:190} INFO - [2026-07-01T17:55:51.920+0000] {dag.py:4180} INFO - Setting next_dagrun for urban_data_pipeline to 2026-07-01 00:00:00+00:00, run_after=2026-08-01 00:00:00+00:00
[2026-07-01T17:55:51.942+0000] {processor.py:208} INFO - Processing /opt/airflow/dags/urban_data_pipeline_dag.py took 0.249 seconds
[2026-07-01T17:56:22.052+0000] {processor.py:186} INFO - Started process (PID=5643) to work on /opt/airflow/dags/urban_data_pipeline_dag.py
[2026-07-01T17:56:22.053+0000] {processor.py:914} INFO - Processing file /opt/airflow/dags/urban_data_pipeline_dag.py for tasks to queue
[2026-07-01T17:56:22.056+0000] {logging_mixin.py:190} INFO - [2026-07-01T17:56:22.056+0000] {dagbag.py:588} INFO - Filling up the DagBag from /opt/airflow/dags/urban_data_pipeline_dag.py
[2026-07-01T17:56:22.192+0000] {processor.py:925} INFO - DAG(s) 'urban_data_pipeline' retrieved from /opt/airflow/dags/urban_data_pipeline_dag.py
[2026-07-01T17:56:22.244+0000] {logging_mixin.py:190} INFO - [2026-07-01T17:56:22.244+0000] {dag.py:3239} INFO - Sync 1 DAGs
[2026-07-01T17:56:22.269+0000] {logging_mixin.py:190} INFO - [2026-07-01T17:56:22.269+0000] {dag.py:4180} INFO - Setting next_dagrun for urban_data_pipeline to 2026-07-01 00:00:00+00:00, run_after=2026-08-01 00:00:00+00:00
[2026-07-01T17:56:22.298+0000] {processor.py:208} INFO - Processing /opt/airflow/dags/urban_data_pipeline_dag.py took 0.253 seconds
[2026-07-01T17:56:52.824+0000] {processor.py:186} INFO - Started process (PID=5659) to work on /opt/airflow/dags/urban_data_pipeline_dag.py
[2026-07-01T17:56:52.827+0000] {processor.py:914} INFO - Processing file /opt/airflow/dags/urban_data_pipeline_dag.py for tasks to queue
[2026-07-01T17:56:52.830+0000] {logging_mixin.py:190} INFO - [2026-07-01T17:56:52.830+0000] {dagbag.py:588} INFO - Filling up the DagBag from /opt/airflow/dags/urban_data_pipeline_dag.py
[2026-07-01T17:56:53.013+0000] {processor.py:925} INFO - DAG(s) 'urban_data_pipeline' retrieved from /opt/airflow/dags/urban_data_pipeline_dag.py
[2026-07-01T17:56:53.066+0000] {logging_mixin.py:190} INFO - [2026-07-01T17:56:53.066+0000] {dag.py:3239} INFO - Sync 1 DAGs
[2026-07-01T17:56:53.092+0000] {logging_mixin.py:190} INFO - [2026-07-01T17:56:53.092+0000] {dag.py:4180} INFO - Setting next_dagrun for urban_data_pipeline to 2026-07-01 00:00:00+00:00, run_after=2026-08-01 00:00:00+00:00
[2026-07-01T17:56:53.122+0000] {processor.py:208} INFO - Processing /opt/airflow/dags/urban_data_pipeline_dag.py took 0.307 seconds
[2026-07-01T17:57:23.766+0000] {processor.py:186} INFO - Started process (PID=5677) to work on /opt/airflow/dags/urban_data_pipeline_dag.py
[2026-07-01T17:57:23.768+0000] {processor.py:914} INFO - Processing file /opt/airflow/dags/urban_data_pipeline_dag.py for tasks to queue
[2026-07-01T17:57:23.774+0000] {logging_mixin.py:190} INFO - [2026-07-01T17:57:23.773+0000] {dagbag.py:588} INFO - Filling up the DagBag from /opt/airflow/dags/urban_data_pipeline_dag.py
[2026-07-01T17:57:23.928+0000] {processor.py:925} INFO - DAG(s) 'urban_data_pipeline' retrieved from /opt/airflow/dags/urban_data_pipeline_dag.py
[2026-07-01T17:57:23.976+0000] {logging_mixin.py:190} INFO - [2026-07-01T17:57:23.975+0000] {dag.py:3239} INFO - Sync 1 DAGs
[2026-07-01T17:57:23.998+0000] {logging_mixin.py:190} INFO - [2026-07-01T17:57:23.998+0000] {dag.py:4180} INFO - Setting next_dagrun for urban_data_pipeline to 2026-07-01 00:00:00+00:00, run_after=2026-08-01 00:00:00+00:00
[2026-07-01T17:57:24.024+0000] {processor.py:208} INFO - Processing /opt/airflow/dags/urban_data_pipeline_dag.py took 0.269 seconds
[2026-07-01T17:57:54.808+0000] {processor.py:186} INFO - Started process (PID=5695) to work on /opt/airflow/dags/urban_data_pipeline_dag.py
[2026-07-01T17:57:54.809+0000] {processor.py:914} INFO - Processing file /opt/airflow/dags/urban_data_pipeline_dag.py for tasks to queue
[2026-07-01T17:57:54.815+0000] {logging_mixin.py:190} INFO - [2026-07-01T17:57:54.814+0000] {dagbag.py:588} INFO - Filling up the DagBag from /opt/airflow/dags/urban_data_pipeline_dag.py
[2026-07-01T17:57:54.960+0000] {processor.py:925} INFO - DAG(s) 'urban_data_pipeline' retrieved from /opt/airflow/dags/urban_data_pipeline_dag.py
[2026-07-01T17:57:55.003+0000] {logging_mixin.py:190} INFO - [2026-07-01T17:57:55.003+0000] {dag.py:3239} INFO - Sync 1 DAGs
[2026-07-01T17:57:55.028+0000] {logging_mixin.py:190} INFO - [2026-07-01T17:57:55.027+0000] {dag.py:4180} INFO - Setting next_dagrun for urban_data_pipeline to 2026-07-01 00:00:00+00:00, run_after=2026-08-01 00:00:00+00:00
[2026-07-01T17:57:55.050+0000] {processor.py:208} INFO - Processing /opt/airflow/dags/urban_data_pipeline_dag.py took 0.250 seconds
[2026-07-01T17:58:25.657+0000] {processor.py:186} INFO - Started process (PID=5713) to work on /opt/airflow/dags/urban_data_pipeline_dag.py
[2026-07-01T17:58:25.661+0000] {processor.py:914} INFO - Processing file /opt/airflow/dags/urban_data_pipeline_dag.py for tasks to queue
[2026-07-01T17:58:25.667+0000] {logging_mixin.py:190} INFO - [2026-07-01T17:58:25.665+0000] {dagbag.py:588} INFO - Filling up the DagBag from /opt/airflow/dags/urban_data_pipeline_dag.py
[2026-07-01T17:58:25.965+0000] {processor.py:925} INFO - DAG(s) 'urban_data_pipeline' retrieved from /opt/airflow/dags/urban_data_pipeline_dag.py
[2026-07-01T17:58:26.053+0000] {logging_mixin.py:190} INFO - [2026-07-01T17:58:26.053+0000] {dag.py:3239} INFO - Sync 1 DAGs
[2026-07-01T17:58:26.098+0000] {logging_mixin.py:190} INFO - [2026-07-01T17:58:26.097+0000] {dag.py:4180} INFO - Setting next_dagrun for urban_data_pipeline to 2026-07-01 00:00:00+00:00, run_after=2026-08-01 00:00:00+00:00
[2026-07-01T17:58:26.148+0000] {processor.py:208} INFO - Processing /opt/airflow/dags/urban_data_pipeline_dag.py took 0.508 seconds
[2026-07-01T17:58:56.502+0000] {processor.py:186} INFO - Started process (PID=5731) to work on /opt/airflow/dags/urban_data_pipeline_dag.py
[2026-07-01T17:58:56.503+0000] {processor.py:914} INFO - Processing file /opt/airflow/dags/urban_data_pipeline_dag.py for tasks to queue
[2026-07-01T17:58:56.506+0000] {logging_mixin.py:190} INFO - [2026-07-01T17:58:56.506+0000] {dagbag.py:588} INFO - Filling up the DagBag from /opt/airflow/dags/urban_data_pipeline_dag.py
[2026-07-01T17:58:56.715+0000] {processor.py:925} INFO - DAG(s) 'urban_data_pipeline' retrieved from /opt/airflow/dags/urban_data_pipeline_dag.py
[2026-07-01T17:58:56.768+0000] {logging_mixin.py:190} INFO - [2026-07-01T17:58:56.767+0000] {dag.py:3239} INFO - Sync 1 DAGs
[2026-07-01T17:58:56.794+0000] {logging_mixin.py:190} INFO - [2026-07-01T17:58:56.794+0000] {dag.py:4180} INFO - Setting next_dagrun for urban_data_pipeline to 2026-07-01 00:00:00+00:00, run_after=2026-08-01 00:00:00+00:00
[2026-07-01T17:58:56.820+0000] {processor.py:208} INFO - Processing /opt/airflow/dags/urban_data_pipeline_dag.py took 0.325 seconds
[2026-07-01T17:59:27.317+0000] {processor.py:186} INFO - Started process (PID=5748) to work on /opt/airflow/dags/urban_data_pipeline_dag.py
[2026-07-01T17:59:27.319+0000] {processor.py:914} INFO - Processing file /opt/airflow/dags/urban_data_pipeline_dag.py for tasks to queue
[2026-07-01T17:59:27.321+0000] {logging_mixin.py:190} INFO - [2026-07-01T17:59:27.321+0000] {dagbag.py:588} INFO - Filling up the DagBag from /opt/airflow/dags/urban_data_pipeline_dag.py
[2026-07-01T17:59:27.445+0000] {processor.py:925} INFO - DAG(s) 'urban_data_pipeline' retrieved from /opt/airflow/dags/urban_data_pipeline_dag.py
[2026-07-01T17:59:27.489+0000] {logging_mixin.py:190} INFO - [2026-07-01T17:59:27.489+0000] {dag.py:3239} INFO - Sync 1 DAGs
[2026-07-01T17:59:27.512+0000] {logging_mixin.py:190} INFO - [2026-07-01T17:59:27.512+0000] {dag.py:4180} INFO - Setting next_dagrun for urban_data_pipeline to 2026-07-01 00:00:00+00:00, run_after=2026-08-01 00:00:00+00:00
[2026-07-01T17:59:27.532+0000] {processor.py:208} INFO - Processing /opt/airflow/dags/urban_data_pipeline_dag.py took 0.221 seconds
[2026-07-01T17:59:58.123+0000] {processor.py:186} INFO - Started process (PID=5759) to work on /opt/airflow/dags/urban_data_pipeline_dag.py
[2026-07-01T17:59:58.125+0000] {processor.py:914} INFO - Processing file /opt/airflow/dags/urban_data_pipeline_dag.py for tasks to queue
[2026-07-01T17:59:58.131+0000] {logging_mixin.py:190} INFO - [2026-07-01T17:59:58.130+0000] {dagbag.py:588} INFO - Filling up the DagBag from /opt/airflow/dags/urban_data_pipeline_dag.py
[2026-07-01T17:59:58.564+0000] {processor.py:925} INFO - DAG(s) 'urban_data_pipeline' retrieved from /opt/airflow/dags/urban_data_pipeline_dag.py
[2026-07-01T17:59:58.615+0000] {logging_mixin.py:190} INFO - [2026-07-01T17:59:58.615+0000] {dag.py:3239} INFO - Sync 1 DAGs
[2026-07-01T17:59:58.639+0000] {logging_mixin.py:190} INFO - [2026-07-01T17:59:58.639+0000] {dag.py:4180} INFO - Setting next_dagrun for urban_data_pipeline to 2026-07-01 00:00:00+00:00, run_after=2026-08-01 00:00:00+00:00
[2026-07-01T17:59:58.668+0000] {processor.py:208} INFO - Processing /opt/airflow/dags/urban_data_pipeline_dag.py took 0.555 seconds
[2026-07-01T18:00:28.948+0000] {processor.py:186} INFO - Started process (PID=5779) to work on /opt/airflow/dags/urban_data_pipeline_dag.py
[2026-07-01T18:00:28.950+0000] {processor.py:914} INFO - Processing file /opt/airflow/dags/urban_data_pipeline_dag.py for tasks to queue
[2026-07-01T18:00:28.953+0000] {logging_mixin.py:190} INFO - [2026-07-01T18:00:28.953+0000] {dagbag.py:588} INFO - Filling up the DagBag from /opt/airflow/dags/urban_data_pipeline_dag.py
[2026-07-01T18:00:29.252+0000] {processor.py:925} INFO - DAG(s) 'urban_data_pipeline' retrieved from /opt/airflow/dags/urban_data_pipeline_dag.py
[2026-07-01T18:00:29.325+0000] {logging_mixin.py:190} INFO - [2026-07-01T18:00:29.324+0000] {dag.py:3239} INFO - Sync 1 DAGs
[2026-07-01T18:00:29.363+0000] {logging_mixin.py:190} INFO - [2026-07-01T18:00:29.363+0000] {dag.py:4180} INFO - Setting next_dagrun for urban_data_pipeline to 2026-07-01 00:00:00+00:00, run_after=2026-08-01 00:00:00+00:00
[2026-07-01T18:00:29.396+0000] {processor.py:208} INFO - Processing /opt/airflow/dags/urban_data_pipeline_dag.py took 0.461 seconds
[2026-07-01T18:00:59.840+0000] {processor.py:186} INFO - Started process (PID=5797) to work on /opt/airflow/dags/urban_data_pipeline_dag.py
[2026-07-01T18:00:59.843+0000] {processor.py:914} INFO - Processing file /opt/airflow/dags/urban_data_pipeline_dag.py for tasks to queue
[2026-07-01T18:00:59.849+0000] {logging_mixin.py:190} INFO - [2026-07-01T18:00:59.848+0000] {dagbag.py:588} INFO - Filling up the DagBag from /opt/airflow/dags/urban_data_pipeline_dag.py
[2026-07-01T18:01:00.163+0000] {processor.py:925} INFO - DAG(s) 'urban_data_pipeline' retrieved from /opt/airflow/dags/urban_data_pipeline_dag.py
[2026-07-01T18:01:00.213+0000] {logging_mixin.py:190} INFO - [2026-07-01T18:01:00.213+0000] {dag.py:3239} INFO - Sync 1 DAGs
[2026-07-01T18:01:00.246+0000] {logging_mixin.py:190} INFO - [2026-07-01T18:01:00.246+0000] {dag.py:4180} INFO - Setting next_dagrun for urban_data_pipeline to 2026-07-01 00:00:00+00:00, run_after=2026-08-01 00:00:00+00:00
[2026-07-01T18:01:00.277+0000] {processor.py:208} INFO - Processing /opt/airflow/dags/urban_data_pipeline_dag.py took 0.457 seconds
[2026-07-01T18:01:30.827+0000] {processor.py:186} INFO - Started process (PID=5815) to work on /opt/airflow/dags/urban_data_pipeline_dag.py
[2026-07-01T18:01:30.836+0000] {processor.py:914} INFO - Processing file /opt/airflow/dags/urban_data_pipeline_dag.py for tasks to queue
[2026-07-01T18:01:30.844+0000] {logging_mixin.py:190} INFO - [2026-07-01T18:01:30.843+0000] {dagbag.py:588} INFO - Filling up the DagBag from /opt/airflow/dags/urban_data_pipeline_dag.py
[2026-07-01T18:01:31.175+0000] {processor.py:925} INFO - DAG(s) 'urban_data_pipeline' retrieved from /opt/airflow/dags/urban_data_pipeline_dag.py
[2026-07-01T18:01:31.241+0000] {logging_mixin.py:190} INFO - [2026-07-01T18:01:31.241+0000] {dag.py:3239} INFO - Sync 1 DAGs
[2026-07-01T18:01:31.271+0000] {logging_mixin.py:190} INFO - [2026-07-01T18:01:31.270+0000] {dag.py:4180} INFO - Setting next_dagrun for urban_data_pipeline to 2026-07-01 00:00:00+00:00, run_after=2026-08-01 00:00:00+00:00
[2026-07-01T18:01:31.310+0000] {processor.py:208} INFO - Processing /opt/airflow/dags/urban_data_pipeline_dag.py took 0.521 seconds
[2026-07-01T18:02:02.057+0000] {processor.py:186} INFO - Started process (PID=5833) to work on /opt/airflow/dags/urban_data_pipeline_dag.py
[2026-07-01T18:02:02.059+0000] {processor.py:914} INFO - Processing file /opt/airflow/dags/urban_data_pipeline_dag.py for tasks to queue
[2026-07-01T18:02:02.062+0000] {logging_mixin.py:190} INFO - [2026-07-01T18:02:02.062+0000] {dagbag.py:588} INFO - Filling up the DagBag from /opt/airflow/dags/urban_data_pipeline_dag.py
[2026-07-01T18:02:02.195+0000] {processor.py:925} INFO - DAG(s) 'urban_data_pipeline' retrieved from /opt/airflow/dags/urban_data_pipeline_dag.py
[2026-07-01T18:02:02.245+0000] {logging_mixin.py:190} INFO - [2026-07-01T18:02:02.245+0000] {dag.py:3239} INFO - Sync 1 DAGs
[2026-07-01T18:02:02.271+0000] {logging_mixin.py:190} INFO - [2026-07-01T18:02:02.271+0000] {dag.py:4180} INFO - Setting next_dagrun for urban_data_pipeline to 2026-07-01 00:00:00+00:00, run_after=2026-08-01 00:00:00+00:00
[2026-07-01T18:02:02.302+0000] {processor.py:208} INFO - Processing /opt/airflow/dags/urban_data_pipeline_dag.py took 0.253 seconds
[2026-07-01T18:02:33.054+0000] {processor.py:186} INFO - Started process (PID=5851) to work on /opt/airflow/dags/urban_data_pipeline_dag.py
[2026-07-01T18:02:33.056+0000] {processor.py:914} INFO - Processing file /opt/airflow/dags/urban_data_pipeline_dag.py for tasks to queue
[2026-07-01T18:02:33.061+0000] {logging_mixin.py:190} INFO - [2026-07-01T18:02:33.061+0000] {dagbag.py:588} INFO - Filling up the DagBag from /opt/airflow/dags/urban_data_pipeline_dag.py
[2026-07-01T18:02:33.387+0000] {processor.py:925} INFO - DAG(s) 'urban_data_pipeline' retrieved from /opt/airflow/dags/urban_data_pipeline_dag.py
[2026-07-01T18:02:33.446+0000] {logging_mixin.py:190} INFO - [2026-07-01T18:02:33.446+0000] {dag.py:3239} INFO - Sync 1 DAGs
[2026-07-01T18:02:33.469+0000] {logging_mixin.py:190} INFO - [2026-07-01T18:02:33.468+0000] {dag.py:4180} INFO - Setting next_dagrun for urban_data_pipeline to 2026-07-01 00:00:00+00:00, run_after=2026-08-01 00:00:00+00:00
[2026-07-01T18:02:33.494+0000] {processor.py:208} INFO - Processing /opt/airflow/dags/urban_data_pipeline_dag.py took 0.466 seconds
[2026-07-01T18:03:04.316+0000] {processor.py:186} INFO - Started process (PID=5869) to work on /opt/airflow/dags/urban_data_pipeline_dag.py
[2026-07-01T18:03:04.317+0000] {processor.py:914} INFO - Processing file /opt/airflow/dags/urban_data_pipeline_dag.py for tasks to queue
[2026-07-01T18:03:04.321+0000] {logging_mixin.py:190} INFO - [2026-07-01T18:03:04.320+0000] {dagbag.py:588} INFO - Filling up the DagBag from /opt/airflow/dags/urban_data_pipeline_dag.py
[2026-07-01T18:03:04.528+0000] {processor.py:925} INFO - DAG(s) 'urban_data_pipeline' retrieved from /opt/airflow/dags/urban_data_pipeline_dag.py
[2026-07-01T18:03:04.579+0000] {logging_mixin.py:190} INFO - [2026-07-01T18:03:04.579+0000] {dag.py:3239} INFO - Sync 1 DAGs
[2026-07-01T18:03:04.606+0000] {logging_mixin.py:190} INFO - [2026-07-01T18:03:04.606+0000] {dag.py:4180} INFO - Setting next_dagrun for urban_data_pipeline to 2026-07-01 00:00:00+00:00, run_after=2026-08-01 00:00:00+00:00
[2026-07-01T18:03:04.635+0000] {processor.py:208} INFO - Processing /opt/airflow/dags/urban_data_pipeline_dag.py took 0.328 seconds
[2026-07-01T18:03:34.985+0000] {processor.py:186} INFO - Started process (PID=5887) to work on /opt/airflow/dags/urban_data_pipeline_dag.py
[2026-07-01T18:03:34.987+0000] {processor.py:914} INFO - Processing file /opt/airflow/dags/urban_data_pipeline_dag.py for tasks to queue
[2026-07-01T18:03:34.991+0000] {logging_mixin.py:190} INFO - [2026-07-01T18:03:34.990+0000] {dagbag.py:588} INFO - Filling up the DagBag from /opt/airflow/dags/urban_data_pipeline_dag.py
[2026-07-01T18:03:35.216+0000] {processor.py:925} INFO - DAG(s) 'urban_data_pipeline' retrieved from /opt/airflow/dags/urban_data_pipeline_dag.py
[2026-07-01T18:03:35.272+0000] {logging_mixin.py:190} INFO - [2026-07-01T18:03:35.272+0000] {dag.py:3239} INFO - Sync 1 DAGs
[2026-07-01T18:03:35.301+0000] {logging_mixin.py:190} INFO - [2026-07-01T18:03:35.301+0000] {dag.py:4180} INFO - Setting next_dagrun for urban_data_pipeline to 2026-07-01 00:00:00+00:00, run_after=2026-08-01 00:00:00+00:00
[2026-07-01T18:03:35.327+0000] {processor.py:208} INFO - Processing /opt/airflow/dags/urban_data_pipeline_dag.py took 0.353 seconds
[2026-07-01T18:04:06.036+0000] {processor.py:186} INFO - Started process (PID=5905) to work on /opt/airflow/dags/urban_data_pipeline_dag.py
[2026-07-01T18:04:06.037+0000] {processor.py:914} INFO - Processing file /opt/airflow/dags/urban_data_pipeline_dag.py for tasks to queue
[2026-07-01T18:04:06.043+0000] {logging_mixin.py:190} INFO - [2026-07-01T18:04:06.042+0000] {dagbag.py:588} INFO - Filling up the DagBag from /opt/airflow/dags/urban_data_pipeline_dag.py
[2026-07-01T18:04:06.266+0000] {processor.py:925} INFO - DAG(s) 'urban_data_pipeline' retrieved from /opt/airflow/dags/urban_data_pipeline_dag.py
[2026-07-01T18:04:06.323+0000] {logging_mixin.py:190} INFO - [2026-07-01T18:04:06.323+0000] {dag.py:3239} INFO - Sync 1 DAGs
[2026-07-01T18:04:06.360+0000] {logging_mixin.py:190} INFO - [2026-07-01T18:04:06.359+0000] {dag.py:4180} INFO - Setting next_dagrun for urban_data_pipeline to 2026-07-01 00:00:00+00:00, run_after=2026-08-01 00:00:00+00:00
[2026-07-01T18:04:06.396+0000] {processor.py:208} INFO - Processing /opt/airflow/dags/urban_data_pipeline_dag.py took 0.374 seconds
[2026-07-01T18:04:37.169+0000] {processor.py:186} INFO - Started process (PID=5923) to work on /opt/airflow/dags/urban_data_pipeline_dag.py
[2026-07-01T18:04:37.176+0000] {processor.py:914} INFO - Processing file /opt/airflow/dags/urban_data_pipeline_dag.py for tasks to queue
[2026-07-01T18:04:37.185+0000] {logging_mixin.py:190} INFO - [2026-07-01T18:04:37.184+0000] {dagbag.py:588} INFO - Filling up the DagBag from /opt/airflow/dags/urban_data_pipeline_dag.py
[2026-07-01T18:04:37.451+0000] {processor.py:925} INFO - DAG(s) 'urban_data_pipeline' retrieved from /opt/airflow/dags/urban_data_pipeline_dag.py
[2026-07-01T18:04:37.521+0000] {logging_mixin.py:190} INFO - [2026-07-01T18:04:37.521+0000] {dag.py:3239} INFO - Sync 1 DAGs
[2026-07-01T18:04:37.565+0000] {logging_mixin.py:190} INFO - [2026-07-01T18:04:37.565+0000] {dag.py:4180} INFO - Setting next_dagrun for urban_data_pipeline to 2026-07-01 00:00:00+00:00, run_after=2026-08-01 00:00:00+00:00
[2026-07-01T18:04:37.611+0000] {processor.py:208} INFO - Processing /opt/airflow/dags/urban_data_pipeline_dag.py took 0.478 seconds
[2026-07-01T18:05:07.697+0000] {processor.py:186} INFO - Started process (PID=5940) to work on /opt/airflow/dags/urban_data_pipeline_dag.py
[2026-07-01T18:05:07.699+0000] {processor.py:914} INFO - Processing file /opt/airflow/dags/urban_data_pipeline_dag.py for tasks to queue
[2026-07-01T18:05:07.701+0000] {logging_mixin.py:190} INFO - [2026-07-01T18:05:07.701+0000] {dagbag.py:588} INFO - Filling up the DagBag from /opt/airflow/dags/urban_data_pipeline_dag.py
[2026-07-01T18:05:07.823+0000] {processor.py:925} INFO - DAG(s) 'urban_data_pipeline' retrieved from /opt/airflow/dags/urban_data_pipeline_dag.py
[2026-07-01T18:05:07.866+0000] {logging_mixin.py:190} INFO - [2026-07-01T18:05:07.866+0000] {dag.py:3239} INFO - Sync 1 DAGs
[2026-07-01T18:05:07.890+0000] {logging_mixin.py:190} INFO - [2026-07-01T18:05:07.890+0000] {dag.py:4180} INFO - Setting next_dagrun for urban_data_pipeline to 2026-07-01 00:00:00+00:00, run_after=2026-08-01 00:00:00+00:00
[2026-07-01T18:05:07.916+0000] {processor.py:208} INFO - Processing /opt/airflow/dags/urban_data_pipeline_dag.py took 0.225 seconds
[2026-07-01T18:05:38.629+0000] {processor.py:186} INFO - Started process (PID=5951) to work on /opt/airflow/dags/urban_data_pipeline_dag.py
[2026-07-01T18:05:38.630+0000] {processor.py:914} INFO - Processing file /opt/airflow/dags/urban_data_pipeline_dag.py for tasks to queue
[2026-07-01T18:05:38.634+0000] {logging_mixin.py:190} INFO - [2026-07-01T18:05:38.633+0000] {dagbag.py:588} INFO - Filling up the DagBag from /opt/airflow/dags/urban_data_pipeline_dag.py
[2026-07-01T18:05:38.759+0000] {processor.py:925} INFO - DAG(s) 'urban_data_pipeline' retrieved from /opt/airflow/dags/urban_data_pipeline_dag.py
[2026-07-01T18:05:38.810+0000] {logging_mixin.py:190} INFO - [2026-07-01T18:05:38.809+0000] {dag.py:3239} INFO - Sync 1 DAGs
[2026-07-01T18:05:38.838+0000] {logging_mixin.py:190} INFO - [2026-07-01T18:05:38.838+0000] {dag.py:4180} INFO - Setting next_dagrun for urban_data_pipeline to 2026-07-01 00:00:00+00:00, run_after=2026-08-01 00:00:00+00:00
[2026-07-01T18:05:38.864+0000] {processor.py:208} INFO - Processing /opt/airflow/dags/urban_data_pipeline_dag.py took 0.243 seconds
[2026-07-01T18:06:09.475+0000] {processor.py:186} INFO - Started process (PID=5969) to work on /opt/airflow/dags/urban_data_pipeline_dag.py
[2026-07-01T18:06:09.477+0000] {processor.py:914} INFO - Processing file /opt/airflow/dags/urban_data_pipeline_dag.py for tasks to queue
[2026-07-01T18:06:09.480+0000] {logging_mixin.py:190} INFO - [2026-07-01T18:06:09.479+0000] {dagbag.py:588} INFO - Filling up the DagBag from /opt/airflow/dags/urban_data_pipeline_dag.py
[2026-07-01T18:06:09.633+0000] {processor.py:925} INFO - DAG(s) 'urban_data_pipeline' retrieved from /opt/airflow/dags/urban_data_pipeline_dag.py
[2026-07-01T18:06:09.689+0000] {logging_mixin.py:190} INFO - [2026-07-01T18:06:09.689+0000] {dag.py:3239} INFO - Sync 1 DAGs
[2026-07-01T18:06:09.718+0000] {logging_mixin.py:190} INFO - [2026-07-01T18:06:09.718+0000] {dag.py:4180} INFO - Setting next_dagrun for urban_data_pipeline to 2026-07-01 00:00:00+00:00, run_after=2026-08-01 00:00:00+00:00
[2026-07-01T18:06:09.768+0000] {processor.py:208} INFO - Processing /opt/airflow/dags/urban_data_pipeline_dag.py took 0.305 seconds
[2026-07-01T18:06:40.642+0000] {processor.py:186} INFO - Started process (PID=5987) to work on /opt/airflow/dags/urban_data_pipeline_dag.py
[2026-07-01T18:06:40.644+0000] {processor.py:914} INFO - Processing file /opt/airflow/dags/urban_data_pipeline_dag.py for tasks to queue
[2026-07-01T18:06:40.647+0000] {logging_mixin.py:190} INFO - [2026-07-01T18:06:40.647+0000] {dagbag.py:588} INFO - Filling up the DagBag from /opt/airflow/dags/urban_data_pipeline_dag.py
[2026-07-01T18:06:40.971+0000] {processor.py:925} INFO - DAG(s) 'urban_data_pipeline' retrieved from /opt/airflow/dags/urban_data_pipeline_dag.py
[2026-07-01T18:06:41.030+0000] {logging_mixin.py:190} INFO - [2026-07-01T18:06:41.029+0000] {dag.py:3239} INFO - Sync 1 DAGs
[2026-07-01T18:06:41.059+0000] {logging_mixin.py:190} INFO - [2026-07-01T18:06:41.058+0000] {dag.py:4180} INFO - Setting next_dagrun for urban_data_pipeline to 2026-07-01 00:00:00+00:00, run_after=2026-08-01 00:00:00+00:00
[2026-07-01T18:06:41.089+0000] {processor.py:208} INFO - Processing /opt/airflow/dags/urban_data_pipeline_dag.py took 0.456 seconds
[2026-07-01T18:07:11.898+0000] {processor.py:186} INFO - Started process (PID=6005) to work on /opt/airflow/dags/urban_data_pipeline_dag.py
[2026-07-01T18:07:11.900+0000] {processor.py:914} INFO - Processing file /opt/airflow/dags/urban_data_pipeline_dag.py for tasks to queue
[2026-07-01T18:07:11.904+0000] {logging_mixin.py:190} INFO - [2026-07-01T18:07:11.903+0000] {dagbag.py:588} INFO - Filling up the DagBag from /opt/airflow/dags/urban_data_pipeline_dag.py
[2026-07-01T18:07:12.153+0000] {processor.py:925} INFO - DAG(s) 'urban_data_pipeline' retrieved from /opt/airflow/dags/urban_data_pipeline_dag.py
[2026-07-01T18:07:12.206+0000] {logging_mixin.py:190} INFO - [2026-07-01T18:07:12.206+0000] {dag.py:3239} INFO - Sync 1 DAGs
[2026-07-01T18:07:12.231+0000] {logging_mixin.py:190} INFO - [2026-07-01T18:07:12.230+0000] {dag.py:4180} INFO - Setting next_dagrun for urban_data_pipeline to 2026-07-01 00:00:00+00:00, run_after=2026-08-01 00:00:00+00:00
[2026-07-01T18:07:12.266+0000] {processor.py:208} INFO - Processing /opt/airflow/dags/urban_data_pipeline_dag.py took 0.375 seconds
[2026-07-01T18:07:43.079+0000] {processor.py:186} INFO - Started process (PID=6023) to work on /opt/airflow/dags/urban_data_pipeline_dag.py
[2026-07-01T18:07:43.081+0000] {processor.py:914} INFO - Processing file /opt/airflow/dags/urban_data_pipeline_dag.py for tasks to queue
[2026-07-01T18:07:43.089+0000] {logging_mixin.py:190} INFO - [2026-07-01T18:07:43.088+0000] {dagbag.py:588} INFO - Filling up the DagBag from /opt/airflow/dags/urban_data_pipeline_dag.py
[2026-07-01T18:07:43.272+0000] {processor.py:925} INFO - DAG(s) 'urban_data_pipeline' retrieved from /opt/airflow/dags/urban_data_pipeline_dag.py
[2026-07-01T18:07:43.327+0000] {logging_mixin.py:190} INFO - [2026-07-01T18:07:43.326+0000] {dag.py:3239} INFO - Sync 1 DAGs
[2026-07-01T18:07:43.352+0000] {logging_mixin.py:190} INFO - [2026-07-01T18:07:43.352+0000] {dag.py:4180} INFO - Setting next_dagrun for urban_data_pipeline to 2026-07-01 00:00:00+00:00, run_after=2026-08-01 00:00:00+00:00
[2026-07-01T18:07:43.383+0000] {processor.py:208} INFO - Processing /opt/airflow/dags/urban_data_pipeline_dag.py took 0.329 seconds
[2026-07-01T18:08:13.952+0000] {processor.py:186} INFO - Started process (PID=6041) to work on /opt/airflow/dags/urban_data_pipeline_dag.py
[2026-07-01T18:08:13.955+0000] {processor.py:914} INFO - Processing file /opt/airflow/dags/urban_data_pipeline_dag.py for tasks to queue
[2026-07-01T18:08:13.963+0000] {logging_mixin.py:190} INFO - [2026-07-01T18:08:13.962+0000] {dagbag.py:588} INFO - Filling up the DagBag from /opt/airflow/dags/urban_data_pipeline_dag.py
[2026-07-01T18:08:14.154+0000] {processor.py:925} INFO - DAG(s) 'urban_data_pipeline' retrieved from /opt/airflow/dags/urban_data_pipeline_dag.py
[2026-07-01T18:08:14.215+0000] {logging_mixin.py:190} INFO - [2026-07-01T18:08:14.215+0000] {dag.py:3239} INFO - Sync 1 DAGs
[2026-07-01T18:08:14.239+0000] {logging_mixin.py:190} INFO - [2026-07-01T18:08:14.239+0000] {dag.py:4180} INFO - Setting next_dagrun for urban_data_pipeline to 2026-07-01 00:00:00+00:00, run_after=2026-08-01 00:00:00+00:00
[2026-07-01T18:08:14.265+0000] {processor.py:208} INFO - Processing /opt/airflow/dags/urban_data_pipeline_dag.py took 0.330 seconds
[2026-07-01T18:08:45.070+0000] {processor.py:186} INFO - Started process (PID=6059) to work on /opt/airflow/dags/urban_data_pipeline_dag.py
[2026-07-01T18:08:45.071+0000] {processor.py:914} INFO - Processing file /opt/airflow/dags/urban_data_pipeline_dag.py for tasks to queue
[2026-07-01T18:08:45.076+0000] {logging_mixin.py:190} INFO - [2026-07-01T18:08:45.075+0000] {dagbag.py:588} INFO - Filling up the DagBag from /opt/airflow/dags/urban_data_pipeline_dag.py
[2026-07-01T18:08:45.274+0000] {processor.py:925} INFO - DAG(s) 'urban_data_pipeline' retrieved from /opt/airflow/dags/urban_data_pipeline_dag.py
[2026-07-01T18:08:45.321+0000] {logging_mixin.py:190} INFO - [2026-07-01T18:08:45.321+0000] {dag.py:3239} INFO - Sync 1 DAGs
[2026-07-01T18:08:45.344+0000] {logging_mixin.py:190} INFO - [2026-07-01T18:08:45.344+0000] {dag.py:4180} INFO - Setting next_dagrun for urban_data_pipeline to 2026-07-01 00:00:00+00:00, run_after=2026-08-01 00:00:00+00:00
[2026-07-01T18:08:45.369+0000] {processor.py:208} INFO - Processing /opt/airflow/dags/urban_data_pipeline_dag.py took 0.306 seconds
[2026-07-01T18:09:16.214+0000] {processor.py:186} INFO - Started process (PID=6077) to work on /opt/airflow/dags/urban_data_pipeline_dag.py
[2026-07-01T18:09:16.217+0000] {processor.py:914} INFO - Processing file /opt/airflow/dags/urban_data_pipeline_dag.py for tasks to queue
[2026-07-01T18:09:16.222+0000] {logging_mixin.py:190} INFO - [2026-07-01T18:09:16.222+0000] {dagbag.py:588} INFO - Filling up the DagBag from /opt/airflow/dags/urban_data_pipeline_dag.py
[2026-07-01T18:09:16.439+0000] {processor.py:925} INFO - DAG(s) 'urban_data_pipeline' retrieved from /opt/airflow/dags/urban_data_pipeline_dag.py
[2026-07-01T18:09:16.482+0000] {logging_mixin.py:190} INFO - [2026-07-01T18:09:16.482+0000] {dag.py:3239} INFO - Sync 1 DAGs
[2026-07-01T18:09:16.505+0000] {logging_mixin.py:190} INFO - [2026-07-01T18:09:16.505+0000] {dag.py:4180} INFO - Setting next_dagrun for urban_data_pipeline to 2026-07-01 00:00:00+00:00, run_after=2026-08-01 00:00:00+00:00
[2026-07-01T18:09:16.533+0000] {processor.py:208} INFO - Processing /opt/airflow/dags/urban_data_pipeline_dag.py took 0.334 seconds
[2026-07-01T18:09:47.362+0000] {processor.py:186} INFO - Started process (PID=6095) to work on /opt/airflow/dags/urban_data_pipeline_dag.py
[2026-07-01T18:09:47.366+0000] {processor.py:914} INFO - Processing file /opt/airflow/dags/urban_data_pipeline_dag.py for tasks to queue
[2026-07-01T18:09:47.372+0000] {logging_mixin.py:190} INFO - [2026-07-01T18:09:47.371+0000] {dagbag.py:588} INFO - Filling up the DagBag from /opt/airflow/dags/urban_data_pipeline_dag.py
[2026-07-01T18:09:47.951+0000] {processor.py:925} INFO - DAG(s) 'urban_data_pipeline' retrieved from /opt/airflow/dags/urban_data_pipeline_dag.py
[2026-07-01T18:09:47.996+0000] {logging_mixin.py:190} INFO - [2026-07-01T18:09:47.996+0000] {dag.py:3239} INFO - Sync 1 DAGs
[2026-07-01T18:09:48.021+0000] {logging_mixin.py:190} INFO - [2026-07-01T18:09:48.021+0000] {dag.py:4180} INFO - Setting next_dagrun for urban_data_pipeline to 2026-07-01 00:00:00+00:00, run_after=2026-08-01 00:00:00+00:00
[2026-07-01T18:09:48.051+0000] {processor.py:208} INFO - Processing /opt/airflow/dags/urban_data_pipeline_dag.py took 0.709 seconds
[2026-07-01T18:10:18.981+0000] {processor.py:186} INFO - Started process (PID=6112) to work on /opt/airflow/dags/urban_data_pipeline_dag.py
[2026-07-01T18:10:18.983+0000] {processor.py:914} INFO - Processing file /opt/airflow/dags/urban_data_pipeline_dag.py for tasks to queue
[2026-07-01T18:10:18.987+0000] {logging_mixin.py:190} INFO - [2026-07-01T18:10:18.986+0000] {dagbag.py:588} INFO - Filling up the DagBag from /opt/airflow/dags/urban_data_pipeline_dag.py
[2026-07-01T18:10:19.121+0000] {processor.py:925} INFO - DAG(s) 'urban_data_pipeline' retrieved from /opt/airflow/dags/urban_data_pipeline_dag.py
[2026-07-01T18:10:19.171+0000] {logging_mixin.py:190} INFO - [2026-07-01T18:10:19.170+0000] {dag.py:3239} INFO - Sync 1 DAGs
[2026-07-01T18:10:19.201+0000] {logging_mixin.py:190} INFO - [2026-07-01T18:10:19.200+0000] {dag.py:4180} INFO - Setting next_dagrun for urban_data_pipeline to 2026-07-01 00:00:00+00:00, run_after=2026-08-01 00:00:00+00:00
[2026-07-01T18:10:19.226+0000] {processor.py:208} INFO - Processing /opt/airflow/dags/urban_data_pipeline_dag.py took 0.254 seconds
[2026-07-01T18:10:50.029+0000] {processor.py:186} INFO - Started process (PID=6123) to work on /opt/airflow/dags/urban_data_pipeline_dag.py
[2026-07-01T18:10:50.032+0000] {processor.py:914} INFO - Processing file /opt/airflow/dags/urban_data_pipeline_dag.py for tasks to queue
[2026-07-01T18:10:50.037+0000] {logging_mixin.py:190} INFO - [2026-07-01T18:10:50.037+0000] {dagbag.py:588} INFO - Filling up the DagBag from /opt/airflow/dags/urban_data_pipeline_dag.py
[2026-07-01T18:10:50.230+0000] {processor.py:925} INFO - DAG(s) 'urban_data_pipeline' retrieved from /opt/airflow/dags/urban_data_pipeline_dag.py
[2026-07-01T18:10:50.302+0000] {logging_mixin.py:190} INFO - [2026-07-01T18:10:50.301+0000] {dag.py:3239} INFO - Sync 1 DAGs
[2026-07-01T18:10:50.325+0000] {logging_mixin.py:190} INFO - [2026-07-01T18:10:50.325+0000] {dag.py:4180} INFO - Setting next_dagrun for urban_data_pipeline to 2026-07-01 00:00:00+00:00, run_after=2026-08-01 00:00:00+00:00
[2026-07-01T18:10:50.375+0000] {processor.py:208} INFO - Processing /opt/airflow/dags/urban_data_pipeline_dag.py took 0.355 seconds
[2026-07-01T18:11:20.666+0000] {processor.py:186} INFO - Started process (PID=6141) to work on /opt/airflow/dags/urban_data_pipeline_dag.py
[2026-07-01T18:11:20.668+0000] {processor.py:914} INFO - Processing file /opt/airflow/dags/urban_data_pipeline_dag.py for tasks to queue
[2026-07-01T18:11:20.672+0000] {logging_mixin.py:190} INFO - [2026-07-01T18:11:20.671+0000] {dagbag.py:588} INFO - Filling up the DagBag from /opt/airflow/dags/urban_data_pipeline_dag.py
[2026-07-01T18:11:20.806+0000] {processor.py:925} INFO - DAG(s) 'urban_data_pipeline' retrieved from /opt/airflow/dags/urban_data_pipeline_dag.py
[2026-07-01T18:11:20.862+0000] {logging_mixin.py:190} INFO - [2026-07-01T18:11:20.862+0000] {dag.py:3239} INFO - Sync 1 DAGs
[2026-07-01T18:11:20.891+0000] {logging_mixin.py:190} INFO - [2026-07-01T18:11:20.891+0000] {dag.py:4180} INFO - Setting next_dagrun for urban_data_pipeline to 2026-07-01 00:00:00+00:00, run_after=2026-08-01 00:00:00+00:00
[2026-07-01T18:11:20.934+0000] {processor.py:208} INFO - Processing /opt/airflow/dags/urban_data_pipeline_dag.py took 0.275 seconds
[2026-07-01T18:11:51.810+0000] {processor.py:186} INFO - Started process (PID=6159) to work on /opt/airflow/dags/urban_data_pipeline_dag.py
[2026-07-01T18:11:51.813+0000] {processor.py:914} INFO - Processing file /opt/airflow/dags/urban_data_pipeline_dag.py for tasks to queue
[2026-07-01T18:11:51.818+0000] {logging_mixin.py:190} INFO - [2026-07-01T18:11:51.817+0000] {dagbag.py:588} INFO - Filling up the DagBag from /opt/airflow/dags/urban_data_pipeline_dag.py
[2026-07-01T18:11:51.956+0000] {processor.py:925} INFO - DAG(s) 'urban_data_pipeline' retrieved from /opt/airflow/dags/urban_data_pipeline_dag.py
[2026-07-01T18:11:52.006+0000] {logging_mixin.py:190} INFO - [2026-07-01T18:11:52.006+0000] {dag.py:3239} INFO - Sync 1 DAGs
[2026-07-01T18:11:52.037+0000] {logging_mixin.py:190} INFO - [2026-07-01T18:11:52.037+0000] {dag.py:4180} INFO - Setting next_dagrun for urban_data_pipeline to 2026-07-01 00:00:00+00:00, run_after=2026-08-01 00:00:00+00:00
[2026-07-01T18:11:52.064+0000] {processor.py:208} INFO - Processing /opt/airflow/dags/urban_data_pipeline_dag.py took 0.271 seconds
[2026-07-01T18:12:22.828+0000] {processor.py:186} INFO - Started process (PID=6177) to work on /opt/airflow/dags/urban_data_pipeline_dag.py
[2026-07-01T18:12:22.830+0000] {processor.py:914} INFO - Processing file /opt/airflow/dags/urban_data_pipeline_dag.py for tasks to queue
[2026-07-01T18:12:22.833+0000] {logging_mixin.py:190} INFO - [2026-07-01T18:12:22.832+0000] {dagbag.py:588} INFO - Filling up the DagBag from /opt/airflow/dags/urban_data_pipeline_dag.py
[2026-07-01T18:12:23.021+0000] {processor.py:925} INFO - DAG(s) 'urban_data_pipeline' retrieved from /opt/airflow/dags/urban_data_pipeline_dag.py
[2026-07-01T18:12:23.064+0000] {logging_mixin.py:190} INFO - [2026-07-01T18:12:23.064+0000] {dag.py:3239} INFO - Sync 1 DAGs
[2026-07-01T18:12:23.091+0000] {logging_mixin.py:190} INFO - [2026-07-01T18:12:23.090+0000] {dag.py:4180} INFO - Setting next_dagrun for urban_data_pipeline to 2026-07-01 00:00:00+00:00, run_after=2026-08-01 00:00:00+00:00
[2026-07-01T18:12:23.119+0000] {processor.py:208} INFO - Processing /opt/airflow/dags/urban_data_pipeline_dag.py took 0.297 seconds
[2026-07-01T18:12:53.256+0000] {processor.py:186} INFO - Started process (PID=6195) to work on /opt/airflow/dags/urban_data_pipeline_dag.py
[2026-07-01T18:12:53.258+0000] {processor.py:914} INFO - Processing file /opt/airflow/dags/urban_data_pipeline_dag.py for tasks to queue
[2026-07-01T18:12:53.262+0000] {logging_mixin.py:190} INFO - [2026-07-01T18:12:53.262+0000] {dagbag.py:588} INFO - Filling up the DagBag from /opt/airflow/dags/urban_data_pipeline_dag.py
[2026-07-01T18:12:53.428+0000] {processor.py:925} INFO - DAG(s) 'urban_data_pipeline' retrieved from /opt/airflow/dags/urban_data_pipeline_dag.py
[2026-07-01T18:12:53.478+0000] {logging_mixin.py:190} INFO - [2026-07-01T18:12:53.477+0000] {dag.py:3239} INFO - Sync 1 DAGs
[2026-07-01T18:12:53.501+0000] {logging_mixin.py:190} INFO - [2026-07-01T18:12:53.501+0000] {dag.py:4180} INFO - Setting next_dagrun for urban_data_pipeline to 2026-07-01 00:00:00+00:00, run_after=2026-08-01 00:00:00+00:00
[2026-07-01T18:12:53.525+0000] {processor.py:208} INFO - Processing /opt/airflow/dags/urban_data_pipeline_dag.py took 0.280 seconds
[2026-07-01T18:13:23.781+0000] {processor.py:186} INFO - Started process (PID=6213) to work on /opt/airflow/dags/urban_data_pipeline_dag.py
[2026-07-01T18:13:23.782+0000] {processor.py:914} INFO - Processing file /opt/airflow/dags/urban_data_pipeline_dag.py for tasks to queue
[2026-07-01T18:13:23.785+0000] {logging_mixin.py:190} INFO - [2026-07-01T18:13:23.785+0000] {dagbag.py:588} INFO - Filling up the DagBag from /opt/airflow/dags/urban_data_pipeline_dag.py
[2026-07-01T18:13:23.929+0000] {processor.py:925} INFO - DAG(s) 'urban_data_pipeline' retrieved from /opt/airflow/dags/urban_data_pipeline_dag.py
[2026-07-01T18:13:23.975+0000] {logging_mixin.py:190} INFO - [2026-07-01T18:13:23.975+0000] {dag.py:3239} INFO - Sync 1 DAGs
[2026-07-01T18:13:24.002+0000] {logging_mixin.py:190} INFO - [2026-07-01T18:13:24.001+0000] {dag.py:4180} INFO - Setting next_dagrun for urban_data_pipeline to 2026-07-01 00:00:00+00:00, run_after=2026-08-01 00:00:00+00:00
[2026-07-01T18:13:24.026+0000] {processor.py:208} INFO - Processing /opt/airflow/dags/urban_data_pipeline_dag.py took 0.251 seconds
[2026-07-01T18:13:54.234+0000] {processor.py:186} INFO - Started process (PID=6231) to work on /opt/airflow/dags/urban_data_pipeline_dag.py
[2026-07-01T18:13:54.236+0000] {processor.py:914} INFO - Processing file /opt/airflow/dags/urban_data_pipeline_dag.py for tasks to queue
[2026-07-01T18:13:54.247+0000] {logging_mixin.py:190} INFO - [2026-07-01T18:13:54.245+0000] {dagbag.py:588} INFO - Filling up the DagBag from /opt/airflow/dags/urban_data_pipeline_dag.py
[2026-07-01T18:13:54.494+0000] {processor.py:925} INFO - DAG(s) 'urban_data_pipeline' retrieved from /opt/airflow/dags/urban_data_pipeline_dag.py
[2026-07-01T18:13:54.553+0000] {logging_mixin.py:190} INFO - [2026-07-01T18:13:54.553+0000] {dag.py:3239} INFO - Sync 1 DAGs
[2026-07-01T18:13:54.583+0000] {logging_mixin.py:190} INFO - [2026-07-01T18:13:54.583+0000] {dag.py:4180} INFO - Setting next_dagrun for urban_data_pipeline to 2026-07-01 00:00:00+00:00, run_after=2026-08-01 00:00:00+00:00
[2026-07-01T18:13:54.616+0000] {processor.py:208} INFO - Processing /opt/airflow/dags/urban_data_pipeline_dag.py took 0.389 seconds
[2026-07-01T18:14:25.411+0000] {processor.py:186} INFO - Started process (PID=6250) to work on /opt/airflow/dags/urban_data_pipeline_dag.py
[2026-07-01T18:14:25.413+0000] {processor.py:914} INFO - Processing file /opt/airflow/dags/urban_data_pipeline_dag.py for tasks to queue
[2026-07-01T18:14:25.418+0000] {logging_mixin.py:190} INFO - [2026-07-01T18:14:25.417+0000] {dagbag.py:588} INFO - Filling up the DagBag from /opt/airflow/dags/urban_data_pipeline_dag.py
[2026-07-01T18:14:25.618+0000] {processor.py:925} INFO - DAG(s) 'urban_data_pipeline' retrieved from /opt/airflow/dags/urban_data_pipeline_dag.py
[2026-07-01T18:14:25.664+0000] {logging_mixin.py:190} INFO - [2026-07-01T18:14:25.664+0000] {dag.py:3239} INFO - Sync 1 DAGs
[2026-07-01T18:14:25.688+0000] {logging_mixin.py:190} INFO - [2026-07-01T18:14:25.687+0000] {dag.py:4180} INFO - Setting next_dagrun for urban_data_pipeline to 2026-07-01 00:00:00+00:00, run_after=2026-08-01 00:00:00+00:00
[2026-07-01T18:14:25.710+0000] {processor.py:208} INFO - Processing /opt/airflow/dags/urban_data_pipeline_dag.py took 0.306 seconds
[2026-07-01T18:14:56.563+0000] {processor.py:186} INFO - Started process (PID=6267) to work on /opt/airflow/dags/urban_data_pipeline_dag.py
[2026-07-01T18:14:56.564+0000] {processor.py:914} INFO - Processing file /opt/airflow/dags/urban_data_pipeline_dag.py for tasks to queue
[2026-07-01T18:14:56.569+0000] {logging_mixin.py:190} INFO - [2026-07-01T18:14:56.568+0000] {dagbag.py:588} INFO - Filling up the DagBag from /opt/airflow/dags/urban_data_pipeline_dag.py
[2026-07-01T18:14:56.726+0000] {processor.py:925} INFO - DAG(s) 'urban_data_pipeline' retrieved from /opt/airflow/dags/urban_data_pipeline_dag.py
[2026-07-01T18:14:56.774+0000] {logging_mixin.py:190} INFO - [2026-07-01T18:14:56.773+0000] {dag.py:3239} INFO - Sync 1 DAGs
[2026-07-01T18:14:56.798+0000] {logging_mixin.py:190} INFO - [2026-07-01T18:14:56.798+0000] {dag.py:4180} INFO - Setting next_dagrun for urban_data_pipeline to 2026-07-01 00:00:00+00:00, run_after=2026-08-01 00:00:00+00:00
[2026-07-01T18:14:56.822+0000] {processor.py:208} INFO - Processing /opt/airflow/dags/urban_data_pipeline_dag.py took 0.267 seconds
[2026-07-01T18:15:27.570+0000] {processor.py:186} INFO - Started process (PID=6285) to work on /opt/airflow/dags/urban_data_pipeline_dag.py
[2026-07-01T18:15:27.571+0000] {processor.py:914} INFO - Processing file /opt/airflow/dags/urban_data_pipeline_dag.py for tasks to queue
[2026-07-01T18:15:27.575+0000] {logging_mixin.py:190} INFO - [2026-07-01T18:15:27.574+0000] {dagbag.py:588} INFO - Filling up the DagBag from /opt/airflow/dags/urban_data_pipeline_dag.py
[2026-07-01T18:15:27.699+0000] {processor.py:925} INFO - DAG(s) 'urban_data_pipeline' retrieved from /opt/airflow/dags/urban_data_pipeline_dag.py
[2026-07-01T18:15:27.743+0000] {logging_mixin.py:190} INFO - [2026-07-01T18:15:27.743+0000] {dag.py:3239} INFO - Sync 1 DAGs
[2026-07-01T18:15:27.767+0000] {logging_mixin.py:190} INFO - [2026-07-01T18:15:27.767+0000] {dag.py:4180} INFO - Setting next_dagrun for urban_data_pipeline to 2026-07-01 00:00:00+00:00, run_after=2026-08-01 00:00:00+00:00
[2026-07-01T18:15:27.790+0000] {processor.py:208} INFO - Processing /opt/airflow/dags/urban_data_pipeline_dag.py took 0.226 seconds
[2026-07-01T18:15:58.653+0000] {processor.py:186} INFO - Started process (PID=6296) to work on /opt/airflow/dags/urban_data_pipeline_dag.py
[2026-07-01T18:15:58.656+0000] {processor.py:914} INFO - Processing file /opt/airflow/dags/urban_data_pipeline_dag.py for tasks to queue
[2026-07-01T18:15:58.665+0000] {logging_mixin.py:190} INFO - [2026-07-01T18:15:58.664+0000] {dagbag.py:588} INFO - Filling up the DagBag from /opt/airflow/dags/urban_data_pipeline_dag.py
[2026-07-01T18:15:59.083+0000] {processor.py:925} INFO - DAG(s) 'urban_data_pipeline' retrieved from /opt/airflow/dags/urban_data_pipeline_dag.py
[2026-07-01T18:15:59.133+0000] {logging_mixin.py:190} INFO - [2026-07-01T18:15:59.133+0000] {dag.py:3239} INFO - Sync 1 DAGs
[2026-07-01T18:15:59.160+0000] {logging_mixin.py:190} INFO - [2026-07-01T18:15:59.159+0000] {dag.py:4180} INFO - Setting next_dagrun for urban_data_pipeline to 2026-07-01 00:00:00+00:00, run_after=2026-08-01 00:00:00+00:00
[2026-07-01T18:15:59.185+0000] {processor.py:208} INFO - Processing /opt/airflow/dags/urban_data_pipeline_dag.py took 0.550 seconds
[2026-07-01T18:16:30.171+0000] {processor.py:186} INFO - Started process (PID=6314) to work on /opt/airflow/dags/urban_data_pipeline_dag.py
[2026-07-01T18:16:30.173+0000] {processor.py:914} INFO - Processing file /opt/airflow/dags/urban_data_pipeline_dag.py for tasks to queue
[2026-07-01T18:16:30.177+0000] {logging_mixin.py:190} INFO - [2026-07-01T18:16:30.177+0000] {dagbag.py:588} INFO - Filling up the DagBag from /opt/airflow/dags/urban_data_pipeline_dag.py
[2026-07-01T18:16:30.556+0000] {processor.py:925} INFO - DAG(s) 'urban_data_pipeline' retrieved from /opt/airflow/dags/urban_data_pipeline_dag.py
[2026-07-01T18:16:30.601+0000] {logging_mixin.py:190} INFO - [2026-07-01T18:16:30.601+0000] {dag.py:3239} INFO - Sync 1 DAGs
[2026-07-01T18:16:30.625+0000] {logging_mixin.py:190} INFO - [2026-07-01T18:16:30.625+0000] {dag.py:4180} INFO - Setting next_dagrun for urban_data_pipeline to 2026-07-01 00:00:00+00:00, run_after=2026-08-01 00:00:00+00:00
[2026-07-01T18:16:30.653+0000] {processor.py:208} INFO - Processing /opt/airflow/dags/urban_data_pipeline_dag.py took 0.494 seconds
[2026-07-01T18:17:01.018+0000] {processor.py:186} INFO - Started process (PID=6332) to work on /opt/airflow/dags/urban_data_pipeline_dag.py
[2026-07-01T18:17:01.024+0000] {processor.py:914} INFO - Processing file /opt/airflow/dags/urban_data_pipeline_dag.py for tasks to queue
[2026-07-01T18:17:01.032+0000] {logging_mixin.py:190} INFO - [2026-07-01T18:17:01.031+0000] {dagbag.py:588} INFO - Filling up the DagBag from /opt/airflow/dags/urban_data_pipeline_dag.py
[2026-07-01T18:17:01.616+0000] {processor.py:925} INFO - DAG(s) 'urban_data_pipeline' retrieved from /opt/airflow/dags/urban_data_pipeline_dag.py
[2026-07-01T18:17:01.667+0000] {logging_mixin.py:190} INFO - [2026-07-01T18:17:01.667+0000] {dag.py:3239} INFO - Sync 1 DAGs
[2026-07-01T18:17:01.694+0000] {logging_mixin.py:190} INFO - [2026-07-01T18:17:01.693+0000] {dag.py:4180} INFO - Setting next_dagrun for urban_data_pipeline to 2026-07-01 00:00:00+00:00, run_after=2026-08-01 00:00:00+00:00
[2026-07-01T18:17:01.731+0000] {processor.py:208} INFO - Processing /opt/airflow/dags/urban_data_pipeline_dag.py took 0.748 seconds
[2026-07-01T18:17:32.321+0000] {processor.py:186} INFO - Started process (PID=6350) to work on /opt/airflow/dags/urban_data_pipeline_dag.py
[2026-07-01T18:17:32.324+0000] {processor.py:914} INFO - Processing file /opt/airflow/dags/urban_data_pipeline_dag.py for tasks to queue
[2026-07-01T18:17:32.332+0000] {logging_mixin.py:190} INFO - [2026-07-01T18:17:32.331+0000] {dagbag.py:588} INFO - Filling up the DagBag from /opt/airflow/dags/urban_data_pipeline_dag.py
[2026-07-01T18:17:32.730+0000] {processor.py:925} INFO - DAG(s) 'urban_data_pipeline' retrieved from /opt/airflow/dags/urban_data_pipeline_dag.py
[2026-07-01T18:17:32.775+0000] {logging_mixin.py:190} INFO - [2026-07-01T18:17:32.775+0000] {dag.py:3239} INFO - Sync 1 DAGs
[2026-07-01T18:17:32.803+0000] {logging_mixin.py:190} INFO - [2026-07-01T18:17:32.802+0000] {dag.py:4180} INFO - Setting next_dagrun for urban_data_pipeline to 2026-07-01 00:00:00+00:00, run_after=2026-08-01 00:00:00+00:00
[2026-07-01T18:17:32.836+0000] {processor.py:208} INFO - Processing /opt/airflow/dags/urban_data_pipeline_dag.py took 0.537 seconds
[2026-07-01T18:18:02.962+0000] {processor.py:186} INFO - Started process (PID=6368) to work on /opt/airflow/dags/urban_data_pipeline_dag.py
[2026-07-01T18:18:02.964+0000] {processor.py:914} INFO - Processing file /opt/airflow/dags/urban_data_pipeline_dag.py for tasks to queue
[2026-07-01T18:18:02.966+0000] {logging_mixin.py:190} INFO - [2026-07-01T18:18:02.966+0000] {dagbag.py:588} INFO - Filling up the DagBag from /opt/airflow/dags/urban_data_pipeline_dag.py
[2026-07-01T18:18:03.086+0000] {processor.py:925} INFO - DAG(s) 'urban_data_pipeline' retrieved from /opt/airflow/dags/urban_data_pipeline_dag.py
[2026-07-01T18:18:03.132+0000] {logging_mixin.py:190} INFO - [2026-07-01T18:18:03.132+0000] {dag.py:3239} INFO - Sync 1 DAGs
[2026-07-01T18:18:03.162+0000] {logging_mixin.py:190} INFO - [2026-07-01T18:18:03.161+0000] {dag.py:4180} INFO - Setting next_dagrun for urban_data_pipeline to 2026-07-01 00:00:00+00:00, run_after=2026-08-01 00:00:00+00:00
[2026-07-01T18:18:03.189+0000] {processor.py:208} INFO - Processing /opt/airflow/dags/urban_data_pipeline_dag.py took 0.233 seconds
[2026-07-01T18:18:33.692+0000] {processor.py:186} INFO - Started process (PID=6386) to work on /opt/airflow/dags/urban_data_pipeline_dag.py
[2026-07-01T18:18:33.693+0000] {processor.py:914} INFO - Processing file /opt/airflow/dags/urban_data_pipeline_dag.py for tasks to queue
[2026-07-01T18:18:33.696+0000] {logging_mixin.py:190} INFO - [2026-07-01T18:18:33.696+0000] {dagbag.py:588} INFO - Filling up the DagBag from /opt/airflow/dags/urban_data_pipeline_dag.py
[2026-07-01T18:18:33.818+0000] {processor.py:925} INFO - DAG(s) 'urban_data_pipeline' retrieved from /opt/airflow/dags/urban_data_pipeline_dag.py
[2026-07-01T18:18:33.867+0000] {logging_mixin.py:190} INFO - [2026-07-01T18:18:33.867+0000] {dag.py:3239} INFO - Sync 1 DAGs
[2026-07-01T18:18:33.892+0000] {logging_mixin.py:190} INFO - [2026-07-01T18:18:33.892+0000] {dag.py:4180} INFO - Setting next_dagrun for urban_data_pipeline to 2026-07-01 00:00:00+00:00, run_after=2026-08-01 00:00:00+00:00
[2026-07-01T18:18:33.920+0000] {processor.py:208} INFO - Processing /opt/airflow/dags/urban_data_pipeline_dag.py took 0.235 seconds
[2026-07-01T18:19:04.725+0000] {processor.py:186} INFO - Started process (PID=6404) to work on /opt/airflow/dags/urban_data_pipeline_dag.py
[2026-07-01T18:19:04.726+0000] {processor.py:914} INFO - Processing file /opt/airflow/dags/urban_data_pipeline_dag.py for tasks to queue
[2026-07-01T18:19:04.732+0000] {logging_mixin.py:190} INFO - [2026-07-01T18:19:04.731+0000] {dagbag.py:588} INFO - Filling up the DagBag from /opt/airflow/dags/urban_data_pipeline_dag.py
[2026-07-01T18:19:04.865+0000] {processor.py:925} INFO - DAG(s) 'urban_data_pipeline' retrieved from /opt/airflow/dags/urban_data_pipeline_dag.py
[2026-07-01T18:19:04.914+0000] {logging_mixin.py:190} INFO - [2026-07-01T18:19:04.914+0000] {dag.py:3239} INFO - Sync 1 DAGs
[2026-07-01T18:19:04.940+0000] {logging_mixin.py:190} INFO - [2026-07-01T18:19:04.940+0000] {dag.py:4180} INFO - Setting next_dagrun for urban_data_pipeline to 2026-07-01 00:00:00+00:00, run_after=2026-08-01 00:00:00+00:00
[2026-07-01T18:19:04.963+0000] {processor.py:208} INFO - Processing /opt/airflow/dags/urban_data_pipeline_dag.py took 0.244 seconds
[2026-07-01T18:19:35.637+0000] {processor.py:186} INFO - Started process (PID=6422) to work on /opt/airflow/dags/urban_data_pipeline_dag.py
[2026-07-01T18:19:35.641+0000] {processor.py:914} INFO - Processing file /opt/airflow/dags/urban_data_pipeline_dag.py for tasks to queue
[2026-07-01T18:19:35.647+0000] {logging_mixin.py:190} INFO - [2026-07-01T18:19:35.646+0000] {dagbag.py:588} INFO - Filling up the DagBag from /opt/airflow/dags/urban_data_pipeline_dag.py
[2026-07-01T18:19:35.927+0000] {processor.py:925} INFO - DAG(s) 'urban_data_pipeline' retrieved from /opt/airflow/dags/urban_data_pipeline_dag.py
[2026-07-01T18:19:35.971+0000] {logging_mixin.py:190} INFO - [2026-07-01T18:19:35.970+0000] {dag.py:3239} INFO - Sync 1 DAGs
[2026-07-01T18:19:35.995+0000] {logging_mixin.py:190} INFO - [2026-07-01T18:19:35.995+0000] {dag.py:4180} INFO - Setting next_dagrun for urban_data_pipeline to 2026-07-01 00:00:00+00:00, run_after=2026-08-01 00:00:00+00:00
[2026-07-01T18:19:36.020+0000] {processor.py:208} INFO - Processing /opt/airflow/dags/urban_data_pipeline_dag.py took 0.411 seconds
[2026-07-01T18:20:06.835+0000] {processor.py:186} INFO - Started process (PID=6440) to work on /opt/airflow/dags/urban_data_pipeline_dag.py
[2026-07-01T18:20:06.836+0000] {processor.py:914} INFO - Processing file /opt/airflow/dags/urban_data_pipeline_dag.py for tasks to queue
[2026-07-01T18:20:06.841+0000] {logging_mixin.py:190} INFO - [2026-07-01T18:20:06.841+0000] {dagbag.py:588} INFO - Filling up the DagBag from /opt/airflow/dags/urban_data_pipeline_dag.py
[2026-07-01T18:20:07.028+0000] {processor.py:925} INFO - DAG(s) 'urban_data_pipeline' retrieved from /opt/airflow/dags/urban_data_pipeline_dag.py
[2026-07-01T18:20:07.081+0000] {logging_mixin.py:190} INFO - [2026-07-01T18:20:07.081+0000] {dag.py:3239} INFO - Sync 1 DAGs
[2026-07-01T18:20:07.107+0000] {logging_mixin.py:190} INFO - [2026-07-01T18:20:07.107+0000] {dag.py:4180} INFO - Setting next_dagrun for urban_data_pipeline to 2026-07-01 00:00:00+00:00, run_after=2026-08-01 00:00:00+00:00
[2026-07-01T18:20:07.157+0000] {processor.py:208} INFO - Processing /opt/airflow/dags/urban_data_pipeline_dag.py took 0.330 seconds
[2026-07-01T18:20:37.308+0000] {processor.py:186} INFO - Started process (PID=6457) to work on /opt/airflow/dags/urban_data_pipeline_dag.py
[2026-07-01T18:20:37.310+0000] {processor.py:914} INFO - Processing file /opt/airflow/dags/urban_data_pipeline_dag.py for tasks to queue
[2026-07-01T18:20:37.314+0000] {logging_mixin.py:190} INFO - [2026-07-01T18:20:37.313+0000] {dagbag.py:588} INFO - Filling up the DagBag from /opt/airflow/dags/urban_data_pipeline_dag.py
[2026-07-01T18:20:37.439+0000] {processor.py:925} INFO - DAG(s) 'urban_data_pipeline' retrieved from /opt/airflow/dags/urban_data_pipeline_dag.py
[2026-07-01T18:20:37.490+0000] {logging_mixin.py:190} INFO - [2026-07-01T18:20:37.489+0000] {dag.py:3239} INFO - Sync 1 DAGs
[2026-07-01T18:20:37.516+0000] {logging_mixin.py:190} INFO - [2026-07-01T18:20:37.516+0000] {dag.py:4180} INFO - Setting next_dagrun for urban_data_pipeline to 2026-07-01 00:00:00+00:00, run_after=2026-08-01 00:00:00+00:00
[2026-07-01T18:20:37.543+0000] {processor.py:208} INFO - Processing /opt/airflow/dags/urban_data_pipeline_dag.py took 0.245 seconds
[2026-07-01T18:21:07.700+0000] {processor.py:186} INFO - Started process (PID=6468) to work on /opt/airflow/dags/urban_data_pipeline_dag.py
[2026-07-01T18:21:07.704+0000] {processor.py:914} INFO - Processing file /opt/airflow/dags/urban_data_pipeline_dag.py for tasks to queue
[2026-07-01T18:21:07.708+0000] {logging_mixin.py:190} INFO - [2026-07-01T18:21:07.708+0000] {dagbag.py:588} INFO - Filling up the DagBag from /opt/airflow/dags/urban_data_pipeline_dag.py
[2026-07-01T18:21:08.149+0000] {processor.py:925} INFO - DAG(s) 'urban_data_pipeline' retrieved from /opt/airflow/dags/urban_data_pipeline_dag.py
[2026-07-01T18:21:08.215+0000] {logging_mixin.py:190} INFO - [2026-07-01T18:21:08.215+0000] {dag.py:3239} INFO - Sync 1 DAGs
[2026-07-01T18:21:08.248+0000] {logging_mixin.py:190} INFO - [2026-07-01T18:21:08.248+0000] {dag.py:4180} INFO - Setting next_dagrun for urban_data_pipeline to 2026-07-01 00:00:00+00:00, run_after=2026-08-01 00:00:00+00:00
[2026-07-01T18:21:08.293+0000] {processor.py:208} INFO - Processing /opt/airflow/dags/urban_data_pipeline_dag.py took 0.631 seconds
[2026-07-01T18:21:38.422+0000] {processor.py:186} INFO - Started process (PID=6486) to work on /opt/airflow/dags/urban_data_pipeline_dag.py
[2026-07-01T18:21:38.424+0000] {processor.py:914} INFO - Processing file /opt/airflow/dags/urban_data_pipeline_dag.py for tasks to queue
[2026-07-01T18:21:38.432+0000] {logging_mixin.py:190} INFO - [2026-07-01T18:21:38.429+0000] {dagbag.py:588} INFO - Filling up the DagBag from /opt/airflow/dags/urban_data_pipeline_dag.py
[2026-07-01T18:21:38.592+0000] {processor.py:925} INFO - DAG(s) 'urban_data_pipeline' retrieved from /opt/airflow/dags/urban_data_pipeline_dag.py
[2026-07-01T18:21:38.645+0000] {logging_mixin.py:190} INFO - [2026-07-01T18:21:38.645+0000] {dag.py:3239} INFO - Sync 1 DAGs
[2026-07-01T18:21:38.674+0000] {logging_mixin.py:190} INFO - [2026-07-01T18:21:38.673+0000] {dag.py:4180} INFO - Setting next_dagrun for urban_data_pipeline to 2026-07-01 00:00:00+00:00, run_after=2026-08-01 00:00:00+00:00
[2026-07-01T18:21:38.705+0000] {processor.py:208} INFO - Processing /opt/airflow/dags/urban_data_pipeline_dag.py took 0.290 seconds
[2026-07-01T18:22:09.042+0000] {processor.py:186} INFO - Started process (PID=6504) to work on /opt/airflow/dags/urban_data_pipeline_dag.py
[2026-07-01T18:22:09.045+0000] {processor.py:914} INFO - Processing file /opt/airflow/dags/urban_data_pipeline_dag.py for tasks to queue
[2026-07-01T18:22:09.053+0000] {logging_mixin.py:190} INFO - [2026-07-01T18:22:09.052+0000] {dagbag.py:588} INFO - Filling up the DagBag from /opt/airflow/dags/urban_data_pipeline_dag.py
[2026-07-01T18:22:09.521+0000] {processor.py:925} INFO - DAG(s) 'urban_data_pipeline' retrieved from /opt/airflow/dags/urban_data_pipeline_dag.py
[2026-07-01T18:22:09.583+0000] {logging_mixin.py:190} INFO - [2026-07-01T18:22:09.583+0000] {dag.py:3239} INFO - Sync 1 DAGs
[2026-07-01T18:22:09.610+0000] {logging_mixin.py:190} INFO - [2026-07-01T18:22:09.609+0000] {dag.py:4180} INFO - Setting next_dagrun for urban_data_pipeline to 2026-07-01 00:00:00+00:00, run_after=2026-08-01 00:00:00+00:00
[2026-07-01T18:22:09.648+0000] {processor.py:208} INFO - Processing /opt/airflow/dags/urban_data_pipeline_dag.py took 0.624 seconds
[2026-07-01T18:22:40.449+0000] {processor.py:186} INFO - Started process (PID=6522) to work on /opt/airflow/dags/urban_data_pipeline_dag.py
[2026-07-01T18:22:40.451+0000] {processor.py:914} INFO - Processing file /opt/airflow/dags/urban_data_pipeline_dag.py for tasks to queue
[2026-07-01T18:22:40.454+0000] {logging_mixin.py:190} INFO - [2026-07-01T18:22:40.453+0000] {dagbag.py:588} INFO - Filling up the DagBag from /opt/airflow/dags/urban_data_pipeline_dag.py
[2026-07-01T18:22:40.800+0000] {processor.py:925} INFO - DAG(s) 'urban_data_pipeline' retrieved from /opt/airflow/dags/urban_data_pipeline_dag.py
[2026-07-01T18:22:40.847+0000] {logging_mixin.py:190} INFO - [2026-07-01T18:22:40.847+0000] {dag.py:3239} INFO - Sync 1 DAGs
[2026-07-01T18:22:40.872+0000] {logging_mixin.py:190} INFO - [2026-07-01T18:22:40.872+0000] {dag.py:4180} INFO - Setting next_dagrun for urban_data_pipeline to 2026-07-01 00:00:00+00:00, run_after=2026-08-01 00:00:00+00:00
[2026-07-01T18:22:40.907+0000] {processor.py:208} INFO - Processing /opt/airflow/dags/urban_data_pipeline_dag.py took 0.464 seconds
[2026-07-01T18:23:11.944+0000] {processor.py:186} INFO - Started process (PID=6540) to work on /opt/airflow/dags/urban_data_pipeline_dag.py
[2026-07-01T18:23:11.951+0000] {processor.py:914} INFO - Processing file /opt/airflow/dags/urban_data_pipeline_dag.py for tasks to queue
[2026-07-01T18:23:11.956+0000] {logging_mixin.py:190} INFO - [2026-07-01T18:23:11.956+0000] {dagbag.py:588} INFO - Filling up the DagBag from /opt/airflow/dags/urban_data_pipeline_dag.py
[2026-07-01T18:23:12.216+0000] {processor.py:925} INFO - DAG(s) 'urban_data_pipeline' retrieved from /opt/airflow/dags/urban_data_pipeline_dag.py
[2026-07-01T18:23:12.262+0000] {logging_mixin.py:190} INFO - [2026-07-01T18:23:12.262+0000] {dag.py:3239} INFO - Sync 1 DAGs
[2026-07-01T18:23:12.286+0000] {logging_mixin.py:190} INFO - [2026-07-01T18:23:12.286+0000] {dag.py:4180} INFO - Setting next_dagrun for urban_data_pipeline to 2026-07-01 00:00:00+00:00, run_after=2026-08-01 00:00:00+00:00
[2026-07-01T18:23:12.325+0000] {processor.py:208} INFO - Processing /opt/airflow/dags/urban_data_pipeline_dag.py took 0.407 seconds
[2026-07-01T18:23:43.223+0000] {processor.py:186} INFO - Started process (PID=6558) to work on /opt/airflow/dags/urban_data_pipeline_dag.py
[2026-07-01T18:23:43.225+0000] {processor.py:914} INFO - Processing file /opt/airflow/dags/urban_data_pipeline_dag.py for tasks to queue
[2026-07-01T18:23:43.227+0000] {logging_mixin.py:190} INFO - [2026-07-01T18:23:43.227+0000] {dagbag.py:588} INFO - Filling up the DagBag from /opt/airflow/dags/urban_data_pipeline_dag.py
[2026-07-01T18:23:43.340+0000] {processor.py:925} INFO - DAG(s) 'urban_data_pipeline' retrieved from /opt/airflow/dags/urban_data_pipeline_dag.py
[2026-07-01T18:23:43.389+0000] {logging_mixin.py:190} INFO - [2026-07-01T18:23:43.389+0000] {dag.py:3239} INFO - Sync 1 DAGs
[2026-07-01T18:23:43.412+0000] {logging_mixin.py:190} INFO - [2026-07-01T18:23:43.412+0000] {dag.py:4180} INFO - Setting next_dagrun for urban_data_pipeline to 2026-07-01 00:00:00+00:00, run_after=2026-08-01 00:00:00+00:00
[2026-07-01T18:23:43.438+0000] {processor.py:208} INFO - Processing /opt/airflow/dags/urban_data_pipeline_dag.py took 0.221 seconds
[2026-07-01T18:24:14.309+0000] {processor.py:186} INFO - Started process (PID=6576) to work on /opt/airflow/dags/urban_data_pipeline_dag.py
[2026-07-01T18:24:14.311+0000] {processor.py:914} INFO - Processing file /opt/airflow/dags/urban_data_pipeline_dag.py for tasks to queue
[2026-07-01T18:24:14.315+0000] {logging_mixin.py:190} INFO - [2026-07-01T18:24:14.314+0000] {dagbag.py:588} INFO - Filling up the DagBag from /opt/airflow/dags/urban_data_pipeline_dag.py
[2026-07-01T18:24:14.519+0000] {processor.py:925} INFO - DAG(s) 'urban_data_pipeline' retrieved from /opt/airflow/dags/urban_data_pipeline_dag.py
[2026-07-01T18:24:14.583+0000] {logging_mixin.py:190} INFO - [2026-07-01T18:24:14.583+0000] {dag.py:3239} INFO - Sync 1 DAGs
[2026-07-01T18:24:14.611+0000] {logging_mixin.py:190} INFO - [2026-07-01T18:24:14.611+0000] {dag.py:4180} INFO - Setting next_dagrun for urban_data_pipeline to 2026-07-01 00:00:00+00:00, run_after=2026-08-01 00:00:00+00:00
[2026-07-01T18:24:14.641+0000] {processor.py:208} INFO - Processing /opt/airflow/dags/urban_data_pipeline_dag.py took 0.347 seconds
[2026-07-01T18:24:45.447+0000] {processor.py:186} INFO - Started process (PID=6594) to work on /opt/airflow/dags/urban_data_pipeline_dag.py
[2026-07-01T18:24:45.448+0000] {processor.py:914} INFO - Processing file /opt/airflow/dags/urban_data_pipeline_dag.py for tasks to queue
[2026-07-01T18:24:45.451+0000] {logging_mixin.py:190} INFO - [2026-07-01T18:24:45.451+0000] {dagbag.py:588} INFO - Filling up the DagBag from /opt/airflow/dags/urban_data_pipeline_dag.py
[2026-07-01T18:24:45.606+0000] {processor.py:925} INFO - DAG(s) 'urban_data_pipeline' retrieved from /opt/airflow/dags/urban_data_pipeline_dag.py
[2026-07-01T18:24:45.650+0000] {logging_mixin.py:190} INFO - [2026-07-01T18:24:45.650+0000] {dag.py:3239} INFO - Sync 1 DAGs
[2026-07-01T18:24:45.675+0000] {logging_mixin.py:190} INFO - [2026-07-01T18:24:45.675+0000] {dag.py:4180} INFO - Setting next_dagrun for urban_data_pipeline to 2026-07-01 00:00:00+00:00, run_after=2026-08-01 00:00:00+00:00
[2026-07-01T18:24:45.699+0000] {processor.py:208} INFO - Processing /opt/airflow/dags/urban_data_pipeline_dag.py took 0.275 seconds
[2026-07-01T18:25:15.961+0000] {processor.py:186} INFO - Started process (PID=6612) to work on /opt/airflow/dags/urban_data_pipeline_dag.py
[2026-07-01T18:25:15.963+0000] {processor.py:914} INFO - Processing file /opt/airflow/dags/urban_data_pipeline_dag.py for tasks to queue
[2026-07-01T18:25:15.966+0000] {logging_mixin.py:190} INFO - [2026-07-01T18:25:15.965+0000] {dagbag.py:588} INFO - Filling up the DagBag from /opt/airflow/dags/urban_data_pipeline_dag.py
[2026-07-01T18:25:16.201+0000] {processor.py:925} INFO - DAG(s) 'urban_data_pipeline' retrieved from /opt/airflow/dags/urban_data_pipeline_dag.py
[2026-07-01T18:25:16.253+0000] {logging_mixin.py:190} INFO - [2026-07-01T18:25:16.252+0000] {dag.py:3239} INFO - Sync 1 DAGs
[2026-07-01T18:25:16.280+0000] {logging_mixin.py:190} INFO - [2026-07-01T18:25:16.280+0000] {dag.py:4180} INFO - Setting next_dagrun for urban_data_pipeline to 2026-07-01 00:00:00+00:00, run_after=2026-08-01 00:00:00+00:00
[2026-07-01T18:25:16.305+0000] {processor.py:208} INFO - Processing /opt/airflow/dags/urban_data_pipeline_dag.py took 0.351 seconds
[2026-07-01T18:25:47.073+0000] {processor.py:186} INFO - Started process (PID=6629) to work on /opt/airflow/dags/urban_data_pipeline_dag.py
[2026-07-01T18:25:47.074+0000] {processor.py:914} INFO - Processing file /opt/airflow/dags/urban_data_pipeline_dag.py for tasks to queue
[2026-07-01T18:25:47.077+0000] {logging_mixin.py:190} INFO - [2026-07-01T18:25:47.077+0000] {dagbag.py:588} INFO - Filling up the DagBag from /opt/airflow/dags/urban_data_pipeline_dag.py
[2026-07-01T18:25:47.356+0000] {processor.py:925} INFO - DAG(s) 'urban_data_pipeline' retrieved from /opt/airflow/dags/urban_data_pipeline_dag.py
[2026-07-01T18:25:47.404+0000] {logging_mixin.py:190} INFO - [2026-07-01T18:25:47.404+0000] {dag.py:3239} INFO - Sync 1 DAGs
[2026-07-01T18:25:47.430+0000] {logging_mixin.py:190} INFO - [2026-07-01T18:25:47.430+0000] {dag.py:4180} INFO - Setting next_dagrun for urban_data_pipeline to 2026-07-01 00:00:00+00:00, run_after=2026-08-01 00:00:00+00:00
[2026-07-01T18:25:47.455+0000] {processor.py:208} INFO - Processing /opt/airflow/dags/urban_data_pipeline_dag.py took 0.388 seconds
[2026-07-01T18:26:18.485+0000] {processor.py:186} INFO - Started process (PID=6640) to work on /opt/airflow/dags/urban_data_pipeline_dag.py
[2026-07-01T18:26:18.488+0000] {processor.py:914} INFO - Processing file /opt/airflow/dags/urban_data_pipeline_dag.py for tasks to queue
[2026-07-01T18:26:18.492+0000] {logging_mixin.py:190} INFO - [2026-07-01T18:26:18.492+0000] {dagbag.py:588} INFO - Filling up the DagBag from /opt/airflow/dags/urban_data_pipeline_dag.py
[2026-07-01T18:26:19.191+0000] {processor.py:925} INFO - DAG(s) 'urban_data_pipeline' retrieved from /opt/airflow/dags/urban_data_pipeline_dag.py
[2026-07-01T18:26:19.243+0000] {logging_mixin.py:190} INFO - [2026-07-01T18:26:19.243+0000] {dag.py:3239} INFO - Sync 1 DAGs
[2026-07-01T18:26:19.268+0000] {logging_mixin.py:190} INFO - [2026-07-01T18:26:19.268+0000] {dag.py:4180} INFO - Setting next_dagrun for urban_data_pipeline to 2026-07-01 00:00:00+00:00, run_after=2026-08-01 00:00:00+00:00
[2026-07-01T18:26:19.293+0000] {processor.py:208} INFO - Processing /opt/airflow/dags/urban_data_pipeline_dag.py took 0.818 seconds
[2026-07-01T18:26:49.551+0000] {processor.py:186} INFO - Started process (PID=6658) to work on /opt/airflow/dags/urban_data_pipeline_dag.py
[2026-07-01T18:26:49.553+0000] {processor.py:914} INFO - Processing file /opt/airflow/dags/urban_data_pipeline_dag.py for tasks to queue
[2026-07-01T18:26:49.558+0000] {logging_mixin.py:190} INFO - [2026-07-01T18:26:49.558+0000] {dagbag.py:588} INFO - Filling up the DagBag from /opt/airflow/dags/urban_data_pipeline_dag.py
[2026-07-01T18:26:50.025+0000] {processor.py:925} INFO - DAG(s) 'urban_data_pipeline' retrieved from /opt/airflow/dags/urban_data_pipeline_dag.py
[2026-07-01T18:26:50.075+0000] {logging_mixin.py:190} INFO - [2026-07-01T18:26:50.075+0000] {dag.py:3239} INFO - Sync 1 DAGs
[2026-07-01T18:26:50.102+0000] {logging_mixin.py:190} INFO - [2026-07-01T18:26:50.101+0000] {dag.py:4180} INFO - Setting next_dagrun for urban_data_pipeline to 2026-07-01 00:00:00+00:00, run_after=2026-08-01 00:00:00+00:00
[2026-07-01T18:26:50.130+0000] {processor.py:208} INFO - Processing /opt/airflow/dags/urban_data_pipeline_dag.py took 0.613 seconds
[2026-07-01T18:27:20.382+0000] {processor.py:186} INFO - Started process (PID=6676) to work on /opt/airflow/dags/urban_data_pipeline_dag.py
[2026-07-01T18:27:20.385+0000] {processor.py:914} INFO - Processing file /opt/airflow/dags/urban_data_pipeline_dag.py for tasks to queue
[2026-07-01T18:27:20.393+0000] {logging_mixin.py:190} INFO - [2026-07-01T18:27:20.391+0000] {dagbag.py:588} INFO - Filling up the DagBag from /opt/airflow/dags/urban_data_pipeline_dag.py
[2026-07-01T18:27:20.876+0000] {processor.py:925} INFO - DAG(s) 'urban_data_pipeline' retrieved from /opt/airflow/dags/urban_data_pipeline_dag.py
[2026-07-01T18:27:20.919+0000] {logging_mixin.py:190} INFO - [2026-07-01T18:27:20.919+0000] {dag.py:3239} INFO - Sync 1 DAGs
[2026-07-01T18:27:20.943+0000] {logging_mixin.py:190} INFO - [2026-07-01T18:27:20.943+0000] {dag.py:4180} INFO - Setting next_dagrun for urban_data_pipeline to 2026-07-01 00:00:00+00:00, run_after=2026-08-01 00:00:00+00:00
[2026-07-01T18:27:20.968+0000] {processor.py:208} INFO - Processing /opt/airflow/dags/urban_data_pipeline_dag.py took 0.608 seconds
[2026-07-01T18:27:51.986+0000] {processor.py:186} INFO - Started process (PID=6694) to work on /opt/airflow/dags/urban_data_pipeline_dag.py
[2026-07-01T18:27:51.990+0000] {processor.py:914} INFO - Processing file /opt/airflow/dags/urban_data_pipeline_dag.py for tasks to queue
[2026-07-01T18:27:51.996+0000] {logging_mixin.py:190} INFO - [2026-07-01T18:27:51.995+0000] {dagbag.py:588} INFO - Filling up the DagBag from /opt/airflow/dags/urban_data_pipeline_dag.py
[2026-07-01T18:27:52.566+0000] {processor.py:925} INFO - DAG(s) 'urban_data_pipeline' retrieved from /opt/airflow/dags/urban_data_pipeline_dag.py
[2026-07-01T18:27:52.628+0000] {logging_mixin.py:190} INFO - [2026-07-01T18:27:52.628+0000] {dag.py:3239} INFO - Sync 1 DAGs
[2026-07-01T18:27:52.651+0000] {logging_mixin.py:190} INFO - [2026-07-01T18:27:52.651+0000] {dag.py:4180} INFO - Setting next_dagrun for urban_data_pipeline to 2026-07-01 00:00:00+00:00, run_after=2026-08-01 00:00:00+00:00
[2026-07-01T18:27:52.687+0000] {processor.py:208} INFO - Processing /opt/airflow/dags/urban_data_pipeline_dag.py took 0.721 seconds
[2026-07-01T18:28:22.929+0000] {processor.py:186} INFO - Started process (PID=6712) to work on /opt/airflow/dags/urban_data_pipeline_dag.py
[2026-07-01T18:28:22.933+0000] {processor.py:914} INFO - Processing file /opt/airflow/dags/urban_data_pipeline_dag.py for tasks to queue
[2026-07-01T18:28:22.938+0000] {logging_mixin.py:190} INFO - [2026-07-01T18:28:22.938+0000] {dagbag.py:588} INFO - Filling up the DagBag from /opt/airflow/dags/urban_data_pipeline_dag.py
[2026-07-01T18:28:23.569+0000] {processor.py:925} INFO - DAG(s) 'urban_data_pipeline' retrieved from /opt/airflow/dags/urban_data_pipeline_dag.py
[2026-07-01T18:28:23.634+0000] {logging_mixin.py:190} INFO - [2026-07-01T18:28:23.634+0000] {dag.py:3239} INFO - Sync 1 DAGs
[2026-07-01T18:28:23.663+0000] {logging_mixin.py:190} INFO - [2026-07-01T18:28:23.663+0000] {dag.py:4180} INFO - Setting next_dagrun for urban_data_pipeline to 2026-07-01 00:00:00+00:00, run_after=2026-08-01 00:00:00+00:00
[2026-07-01T18:28:23.687+0000] {processor.py:208} INFO - Processing /opt/airflow/dags/urban_data_pipeline_dag.py took 0.782 seconds
[2026-07-01T18:28:54.576+0000] {processor.py:186} INFO - Started process (PID=6730) to work on /opt/airflow/dags/urban_data_pipeline_dag.py
[2026-07-01T18:28:54.579+0000] {processor.py:914} INFO - Processing file /opt/airflow/dags/urban_data_pipeline_dag.py for tasks to queue
[2026-07-01T18:28:54.585+0000] {logging_mixin.py:190} INFO - [2026-07-01T18:28:54.584+0000] {dagbag.py:588} INFO - Filling up the DagBag from /opt/airflow/dags/urban_data_pipeline_dag.py
[2026-07-01T18:28:54.980+0000] {processor.py:925} INFO - DAG(s) 'urban_data_pipeline' retrieved from /opt/airflow/dags/urban_data_pipeline_dag.py
[2026-07-01T18:28:55.052+0000] {logging_mixin.py:190} INFO - [2026-07-01T18:28:55.052+0000] {dag.py:3239} INFO - Sync 1 DAGs
[2026-07-01T18:28:55.076+0000] {logging_mixin.py:190} INFO - [2026-07-01T18:28:55.076+0000] {dag.py:4180} INFO - Setting next_dagrun for urban_data_pipeline to 2026-07-01 00:00:00+00:00, run_after=2026-08-01 00:00:00+00:00
[2026-07-01T18:28:55.111+0000] {processor.py:208} INFO - Processing /opt/airflow/dags/urban_data_pipeline_dag.py took 0.558 seconds
[2026-07-01T18:29:25.373+0000] {processor.py:186} INFO - Started process (PID=6748) to work on /opt/airflow/dags/urban_data_pipeline_dag.py
[2026-07-01T18:29:25.374+0000] {processor.py:914} INFO - Processing file /opt/airflow/dags/urban_data_pipeline_dag.py for tasks to queue
[2026-07-01T18:29:25.378+0000] {logging_mixin.py:190} INFO - [2026-07-01T18:29:25.377+0000] {dagbag.py:588} INFO - Filling up the DagBag from /opt/airflow/dags/urban_data_pipeline_dag.py
[2026-07-01T18:29:25.499+0000] {processor.py:925} INFO - DAG(s) 'urban_data_pipeline' retrieved from /opt/airflow/dags/urban_data_pipeline_dag.py
[2026-07-01T18:29:25.547+0000] {logging_mixin.py:190} INFO - [2026-07-01T18:29:25.547+0000] {dag.py:3239} INFO - Sync 1 DAGs
[2026-07-01T18:29:25.574+0000] {logging_mixin.py:190} INFO - [2026-07-01T18:29:25.574+0000] {dag.py:4180} INFO - Setting next_dagrun for urban_data_pipeline to 2026-07-01 00:00:00+00:00, run_after=2026-08-01 00:00:00+00:00
[2026-07-01T18:29:25.597+0000] {processor.py:208} INFO - Processing /opt/airflow/dags/urban_data_pipeline_dag.py took 0.234 seconds
[2026-07-01T18:29:55.737+0000] {processor.py:186} INFO - Started process (PID=6765) to work on /opt/airflow/dags/urban_data_pipeline_dag.py
[2026-07-01T18:29:55.739+0000] {processor.py:914} INFO - Processing file /opt/airflow/dags/urban_data_pipeline_dag.py for tasks to queue
[2026-07-01T18:29:55.742+0000] {logging_mixin.py:190} INFO - [2026-07-01T18:29:55.742+0000] {dagbag.py:588} INFO - Filling up the DagBag from /opt/airflow/dags/urban_data_pipeline_dag.py
[2026-07-01T18:29:55.889+0000] {processor.py:925} INFO - DAG(s) 'urban_data_pipeline' retrieved from /opt/airflow/dags/urban_data_pipeline_dag.py
[2026-07-01T18:29:55.938+0000] {logging_mixin.py:190} INFO - [2026-07-01T18:29:55.938+0000] {dag.py:3239} INFO - Sync 1 DAGs
[2026-07-01T18:29:55.965+0000] {logging_mixin.py:190} INFO - [2026-07-01T18:29:55.965+0000] {dag.py:4180} INFO - Setting next_dagrun for urban_data_pipeline to 2026-07-01 00:00:00+00:00, run_after=2026-08-01 00:00:00+00:00
[2026-07-01T18:29:55.987+0000] {processor.py:208} INFO - Processing /opt/airflow/dags/urban_data_pipeline_dag.py took 0.262 seconds
[2026-07-01T18:30:26.248+0000] {processor.py:186} INFO - Started process (PID=6776) to work on /opt/airflow/dags/urban_data_pipeline_dag.py
[2026-07-01T18:30:26.250+0000] {processor.py:914} INFO - Processing file /opt/airflow/dags/urban_data_pipeline_dag.py for tasks to queue
[2026-07-01T18:30:26.253+0000] {logging_mixin.py:190} INFO - [2026-07-01T18:30:26.253+0000] {dagbag.py:588} INFO - Filling up the DagBag from /opt/airflow/dags/urban_data_pipeline_dag.py
[2026-07-01T18:30:26.520+0000] {processor.py:925} INFO - DAG(s) 'urban_data_pipeline' retrieved from /opt/airflow/dags/urban_data_pipeline_dag.py
[2026-07-01T18:30:26.577+0000] {logging_mixin.py:190} INFO - [2026-07-01T18:30:26.576+0000] {dag.py:3239} INFO - Sync 1 DAGs
[2026-07-01T18:30:26.602+0000] {logging_mixin.py:190} INFO - [2026-07-01T18:30:26.601+0000] {dag.py:4180} INFO - Setting next_dagrun for urban_data_pipeline to 2026-07-01 00:00:00+00:00, run_after=2026-08-01 00:00:00+00:00
[2026-07-01T18:30:26.624+0000] {processor.py:208} INFO - Processing /opt/airflow/dags/urban_data_pipeline_dag.py took 0.389 seconds
[2026-07-01T18:30:56.892+0000] {processor.py:186} INFO - Started process (PID=6794) to work on /opt/airflow/dags/urban_data_pipeline_dag.py
[2026-07-01T18:30:56.894+0000] {processor.py:914} INFO - Processing file /opt/airflow/dags/urban_data_pipeline_dag.py for tasks to queue
[2026-07-01T18:30:56.897+0000] {logging_mixin.py:190} INFO - [2026-07-01T18:30:56.897+0000] {dagbag.py:588} INFO - Filling up the DagBag from /opt/airflow/dags/urban_data_pipeline_dag.py
[2026-07-01T18:30:57.102+0000] {processor.py:925} INFO - DAG(s) 'urban_data_pipeline' retrieved from /opt/airflow/dags/urban_data_pipeline_dag.py
[2026-07-01T18:30:57.165+0000] {logging_mixin.py:190} INFO - [2026-07-01T18:30:57.165+0000] {dag.py:3239} INFO - Sync 1 DAGs
[2026-07-01T18:30:57.207+0000] {logging_mixin.py:190} INFO - [2026-07-01T18:30:57.206+0000] {dag.py:4180} INFO - Setting next_dagrun for urban_data_pipeline to 2026-07-01 00:00:00+00:00, run_after=2026-08-01 00:00:00+00:00
[2026-07-01T18:30:57.248+0000] {processor.py:208} INFO - Processing /opt/airflow/dags/urban_data_pipeline_dag.py took 0.367 seconds
[2026-07-01T18:31:27.407+0000] {processor.py:186} INFO - Started process (PID=6812) to work on /opt/airflow/dags/urban_data_pipeline_dag.py
[2026-07-01T18:31:27.409+0000] {processor.py:914} INFO - Processing file /opt/airflow/dags/urban_data_pipeline_dag.py for tasks to queue
[2026-07-01T18:31:27.414+0000] {logging_mixin.py:190} INFO - [2026-07-01T18:31:27.413+0000] {dagbag.py:588} INFO - Filling up the DagBag from /opt/airflow/dags/urban_data_pipeline_dag.py
[2026-07-01T18:31:27.746+0000] {processor.py:925} INFO - DAG(s) 'urban_data_pipeline' retrieved from /opt/airflow/dags/urban_data_pipeline_dag.py
[2026-07-01T18:31:27.792+0000] {logging_mixin.py:190} INFO - [2026-07-01T18:31:27.791+0000] {dag.py:3239} INFO - Sync 1 DAGs
[2026-07-01T18:31:27.815+0000] {logging_mixin.py:190} INFO - [2026-07-01T18:31:27.815+0000] {dag.py:4180} INFO - Setting next_dagrun for urban_data_pipeline to 2026-07-01 00:00:00+00:00, run_after=2026-08-01 00:00:00+00:00
[2026-07-01T18:31:27.839+0000] {processor.py:208} INFO - Processing /opt/airflow/dags/urban_data_pipeline_dag.py took 0.457 seconds
[2026-07-01T18:31:58.339+0000] {processor.py:186} INFO - Started process (PID=6830) to work on /opt/airflow/dags/urban_data_pipeline_dag.py
[2026-07-01T18:31:58.346+0000] {processor.py:914} INFO - Processing file /opt/airflow/dags/urban_data_pipeline_dag.py for tasks to queue
[2026-07-01T18:31:58.357+0000] {logging_mixin.py:190} INFO - [2026-07-01T18:31:58.355+0000] {dagbag.py:588} INFO - Filling up the DagBag from /opt/airflow/dags/urban_data_pipeline_dag.py
[2026-07-01T18:31:58.549+0000] {processor.py:925} INFO - DAG(s) 'urban_data_pipeline' retrieved from /opt/airflow/dags/urban_data_pipeline_dag.py
[2026-07-01T18:31:58.602+0000] {logging_mixin.py:190} INFO - [2026-07-01T18:31:58.602+0000] {dag.py:3239} INFO - Sync 1 DAGs
[2026-07-01T18:31:58.627+0000] {logging_mixin.py:190} INFO - [2026-07-01T18:31:58.627+0000] {dag.py:4180} INFO - Setting next_dagrun for urban_data_pipeline to 2026-07-01 00:00:00+00:00, run_after=2026-08-01 00:00:00+00:00
[2026-07-01T18:31:58.669+0000] {processor.py:208} INFO - Processing /opt/airflow/dags/urban_data_pipeline_dag.py took 0.383 seconds
[2026-07-01T18:32:28.771+0000] {processor.py:186} INFO - Started process (PID=6848) to work on /opt/airflow/dags/urban_data_pipeline_dag.py
[2026-07-01T18:32:28.772+0000] {processor.py:914} INFO - Processing file /opt/airflow/dags/urban_data_pipeline_dag.py for tasks to queue
[2026-07-01T18:32:28.775+0000] {logging_mixin.py:190} INFO - [2026-07-01T18:32:28.775+0000] {dagbag.py:588} INFO - Filling up the DagBag from /opt/airflow/dags/urban_data_pipeline_dag.py
[2026-07-01T18:32:28.893+0000] {processor.py:925} INFO - DAG(s) 'urban_data_pipeline' retrieved from /opt/airflow/dags/urban_data_pipeline_dag.py
[2026-07-01T18:32:28.963+0000] {logging_mixin.py:190} INFO - [2026-07-01T18:32:28.963+0000] {dag.py:3239} INFO - Sync 1 DAGs
[2026-07-01T18:32:28.988+0000] {logging_mixin.py:190} INFO - [2026-07-01T18:32:28.988+0000] {dag.py:4180} INFO - Setting next_dagrun for urban_data_pipeline to 2026-07-01 00:00:00+00:00, run_after=2026-08-01 00:00:00+00:00
[2026-07-01T18:32:29.014+0000] {processor.py:208} INFO - Processing /opt/airflow/dags/urban_data_pipeline_dag.py took 0.250 seconds
[2026-07-01T18:32:59.580+0000] {processor.py:186} INFO - Started process (PID=6866) to work on /opt/airflow/dags/urban_data_pipeline_dag.py
[2026-07-01T18:32:59.582+0000] {processor.py:914} INFO - Processing file /opt/airflow/dags/urban_data_pipeline_dag.py for tasks to queue
[2026-07-01T18:32:59.588+0000] {logging_mixin.py:190} INFO - [2026-07-01T18:32:59.587+0000] {dagbag.py:588} INFO - Filling up the DagBag from /opt/airflow/dags/urban_data_pipeline_dag.py
[2026-07-01T18:33:00.122+0000] {processor.py:925} INFO - DAG(s) 'urban_data_pipeline' retrieved from /opt/airflow/dags/urban_data_pipeline_dag.py
[2026-07-01T18:33:00.176+0000] {logging_mixin.py:190} INFO - [2026-07-01T18:33:00.176+0000] {dag.py:3239} INFO - Sync 1 DAGs
[2026-07-01T18:33:00.202+0000] {logging_mixin.py:190} INFO - [2026-07-01T18:33:00.202+0000] {dag.py:4180} INFO - Setting next_dagrun for urban_data_pipeline to 2026-07-01 00:00:00+00:00, run_after=2026-08-01 00:00:00+00:00
[2026-07-01T18:33:00.231+0000] {processor.py:208} INFO - Processing /opt/airflow/dags/urban_data_pipeline_dag.py took 0.675 seconds
[2026-07-01T18:33:30.439+0000] {processor.py:186} INFO - Started process (PID=6884) to work on /opt/airflow/dags/urban_data_pipeline_dag.py
[2026-07-01T18:33:30.441+0000] {processor.py:914} INFO - Processing file /opt/airflow/dags/urban_data_pipeline_dag.py for tasks to queue
[2026-07-01T18:33:30.445+0000] {logging_mixin.py:190} INFO - [2026-07-01T18:33:30.445+0000] {dagbag.py:588} INFO - Filling up the DagBag from /opt/airflow/dags/urban_data_pipeline_dag.py
[2026-07-01T18:33:30.616+0000] {processor.py:925} INFO - DAG(s) 'urban_data_pipeline' retrieved from /opt/airflow/dags/urban_data_pipeline_dag.py
[2026-07-01T18:33:30.662+0000] {logging_mixin.py:190} INFO - [2026-07-01T18:33:30.662+0000] {dag.py:3239} INFO - Sync 1 DAGs
[2026-07-01T18:33:30.685+0000] {logging_mixin.py:190} INFO - [2026-07-01T18:33:30.685+0000] {dag.py:4180} INFO - Setting next_dagrun for urban_data_pipeline to 2026-07-01 00:00:00+00:00, run_after=2026-08-01 00:00:00+00:00
[2026-07-01T18:33:30.714+0000] {processor.py:208} INFO - Processing /opt/airflow/dags/urban_data_pipeline_dag.py took 0.288 seconds
[2026-07-01T18:34:01.314+0000] {processor.py:186} INFO - Started process (PID=6902) to work on /opt/airflow/dags/urban_data_pipeline_dag.py
[2026-07-01T18:34:01.315+0000] {processor.py:914} INFO - Processing file /opt/airflow/dags/urban_data_pipeline_dag.py for tasks to queue
[2026-07-01T18:34:01.318+0000] {logging_mixin.py:190} INFO - [2026-07-01T18:34:01.318+0000] {dagbag.py:588} INFO - Filling up the DagBag from /opt/airflow/dags/urban_data_pipeline_dag.py
[2026-07-01T18:34:01.498+0000] {processor.py:925} INFO - DAG(s) 'urban_data_pipeline' retrieved from /opt/airflow/dags/urban_data_pipeline_dag.py
[2026-07-01T18:34:01.570+0000] {logging_mixin.py:190} INFO - [2026-07-01T18:34:01.569+0000] {dag.py:3239} INFO - Sync 1 DAGs
[2026-07-01T18:34:01.593+0000] {logging_mixin.py:190} INFO - [2026-07-01T18:34:01.593+0000] {dag.py:4180} INFO - Setting next_dagrun for urban_data_pipeline to 2026-07-01 00:00:00+00:00, run_after=2026-08-01 00:00:00+00:00
[2026-07-01T18:34:01.620+0000] {processor.py:208} INFO - Processing /opt/airflow/dags/urban_data_pipeline_dag.py took 0.313 seconds
[2026-07-01T18:34:32.328+0000] {processor.py:186} INFO - Started process (PID=6919) to work on /opt/airflow/dags/urban_data_pipeline_dag.py
[2026-07-01T18:34:32.331+0000] {processor.py:914} INFO - Processing file /opt/airflow/dags/urban_data_pipeline_dag.py for tasks to queue
[2026-07-01T18:34:32.335+0000] {logging_mixin.py:190} INFO - [2026-07-01T18:34:32.334+0000] {dagbag.py:588} INFO - Filling up the DagBag from /opt/airflow/dags/urban_data_pipeline_dag.py
[2026-07-01T18:34:32.606+0000] {processor.py:925} INFO - DAG(s) 'urban_data_pipeline' retrieved from /opt/airflow/dags/urban_data_pipeline_dag.py
[2026-07-01T18:34:32.648+0000] {logging_mixin.py:190} INFO - [2026-07-01T18:34:32.648+0000] {dag.py:3239} INFO - Sync 1 DAGs
[2026-07-01T18:34:32.675+0000] {logging_mixin.py:190} INFO - [2026-07-01T18:34:32.675+0000] {dag.py:4180} INFO - Setting next_dagrun for urban_data_pipeline to 2026-07-01 00:00:00+00:00, run_after=2026-08-01 00:00:00+00:00
[2026-07-01T18:34:32.699+0000] {processor.py:208} INFO - Processing /opt/airflow/dags/urban_data_pipeline_dag.py took 0.379 seconds
[2026-07-01T18:35:03.049+0000] {processor.py:186} INFO - Started process (PID=6930) to work on /opt/airflow/dags/urban_data_pipeline_dag.py
[2026-07-01T18:35:03.051+0000] {processor.py:914} INFO - Processing file /opt/airflow/dags/urban_data_pipeline_dag.py for tasks to queue
[2026-07-01T18:35:03.058+0000] {logging_mixin.py:190} INFO - [2026-07-01T18:35:03.057+0000] {dagbag.py:588} INFO - Filling up the DagBag from /opt/airflow/dags/urban_data_pipeline_dag.py
[2026-07-01T18:35:03.448+0000] {processor.py:925} INFO - DAG(s) 'urban_data_pipeline' retrieved from /opt/airflow/dags/urban_data_pipeline_dag.py
[2026-07-01T18:35:03.506+0000] {logging_mixin.py:190} INFO - [2026-07-01T18:35:03.506+0000] {dag.py:3239} INFO - Sync 1 DAGs
[2026-07-01T18:35:03.532+0000] {logging_mixin.py:190} INFO - [2026-07-01T18:35:03.532+0000] {dag.py:4180} INFO - Setting next_dagrun for urban_data_pipeline to 2026-07-01 00:00:00+00:00, run_after=2026-08-01 00:00:00+00:00
[2026-07-01T18:35:03.553+0000] {processor.py:208} INFO - Processing /opt/airflow/dags/urban_data_pipeline_dag.py took 0.515 seconds
[2026-07-01T18:35:33.904+0000] {processor.py:186} INFO - Started process (PID=6948) to work on /opt/airflow/dags/urban_data_pipeline_dag.py
[2026-07-01T18:35:33.906+0000] {processor.py:914} INFO - Processing file /opt/airflow/dags/urban_data_pipeline_dag.py for tasks to queue
[2026-07-01T18:35:33.911+0000] {logging_mixin.py:190} INFO - [2026-07-01T18:35:33.910+0000] {dagbag.py:588} INFO - Filling up the DagBag from /opt/airflow/dags/urban_data_pipeline_dag.py
[2026-07-01T18:35:34.172+0000] {processor.py:925} INFO - DAG(s) 'urban_data_pipeline' retrieved from /opt/airflow/dags/urban_data_pipeline_dag.py
[2026-07-01T18:35:34.219+0000] {logging_mixin.py:190} INFO - [2026-07-01T18:35:34.218+0000] {dag.py:3239} INFO - Sync 1 DAGs
[2026-07-01T18:35:34.244+0000] {logging_mixin.py:190} INFO - [2026-07-01T18:35:34.244+0000] {dag.py:4180} INFO - Setting next_dagrun for urban_data_pipeline to 2026-07-01 00:00:00+00:00, run_after=2026-08-01 00:00:00+00:00
[2026-07-01T18:35:34.267+0000] {processor.py:208} INFO - Processing /opt/airflow/dags/urban_data_pipeline_dag.py took 0.378 seconds
[2026-07-01T18:36:05.045+0000] {processor.py:186} INFO - Started process (PID=6966) to work on /opt/airflow/dags/urban_data_pipeline_dag.py
[2026-07-01T18:36:05.046+0000] {processor.py:914} INFO - Processing file /opt/airflow/dags/urban_data_pipeline_dag.py for tasks to queue
[2026-07-01T18:36:05.053+0000] {logging_mixin.py:190} INFO - [2026-07-01T18:36:05.053+0000] {dagbag.py:588} INFO - Filling up the DagBag from /opt/airflow/dags/urban_data_pipeline_dag.py
[2026-07-01T18:36:05.232+0000] {processor.py:925} INFO - DAG(s) 'urban_data_pipeline' retrieved from /opt/airflow/dags/urban_data_pipeline_dag.py
[2026-07-01T18:36:05.285+0000] {logging_mixin.py:190} INFO - [2026-07-01T18:36:05.285+0000] {dag.py:3239} INFO - Sync 1 DAGs
[2026-07-01T18:36:05.311+0000] {logging_mixin.py:190} INFO - [2026-07-01T18:36:05.310+0000] {dag.py:4180} INFO - Setting next_dagrun for urban_data_pipeline to 2026-07-01 00:00:00+00:00, run_after=2026-08-01 00:00:00+00:00
[2026-07-01T18:36:05.343+0000] {processor.py:208} INFO - Processing /opt/airflow/dags/urban_data_pipeline_dag.py took 0.311 seconds
[2026-07-01T18:36:35.484+0000] {processor.py:186} INFO - Started process (PID=6984) to work on /opt/airflow/dags/urban_data_pipeline_dag.py
[2026-07-01T18:36:35.486+0000] {processor.py:914} INFO - Processing file /opt/airflow/dags/urban_data_pipeline_dag.py for tasks to queue
[2026-07-01T18:36:35.490+0000] {logging_mixin.py:190} INFO - [2026-07-01T18:36:35.490+0000] {dagbag.py:588} INFO - Filling up the DagBag from /opt/airflow/dags/urban_data_pipeline_dag.py
[2026-07-01T18:36:35.727+0000] {processor.py:925} INFO - DAG(s) 'urban_data_pipeline' retrieved from /opt/airflow/dags/urban_data_pipeline_dag.py
[2026-07-01T18:36:35.776+0000] {logging_mixin.py:190} INFO - [2026-07-01T18:36:35.776+0000] {dag.py:3239} INFO - Sync 1 DAGs
[2026-07-01T18:36:35.803+0000] {logging_mixin.py:190} INFO - [2026-07-01T18:36:35.803+0000] {dag.py:4180} INFO - Setting next_dagrun for urban_data_pipeline to 2026-07-01 00:00:00+00:00, run_after=2026-08-01 00:00:00+00:00
[2026-07-01T18:36:35.832+0000] {processor.py:208} INFO - Processing /opt/airflow/dags/urban_data_pipeline_dag.py took 0.360 seconds
[2026-07-01T18:37:06.647+0000] {processor.py:186} INFO - Started process (PID=7002) to work on /opt/airflow/dags/urban_data_pipeline_dag.py
[2026-07-01T18:37:06.651+0000] {processor.py:914} INFO - Processing file /opt/airflow/dags/urban_data_pipeline_dag.py for tasks to queue
[2026-07-01T18:37:06.655+0000] {logging_mixin.py:190} INFO - [2026-07-01T18:37:06.654+0000] {dagbag.py:588} INFO - Filling up the DagBag from /opt/airflow/dags/urban_data_pipeline_dag.py
[2026-07-01T18:37:06.879+0000] {processor.py:925} INFO - DAG(s) 'urban_data_pipeline' retrieved from /opt/airflow/dags/urban_data_pipeline_dag.py
[2026-07-01T18:37:06.931+0000] {logging_mixin.py:190} INFO - [2026-07-01T18:37:06.930+0000] {dag.py:3239} INFO - Sync 1 DAGs
[2026-07-01T18:37:06.981+0000] {logging_mixin.py:190} INFO - [2026-07-01T18:37:06.981+0000] {dag.py:4180} INFO - Setting next_dagrun for urban_data_pipeline to 2026-07-01 00:00:00+00:00, run_after=2026-08-01 00:00:00+00:00
[2026-07-01T18:37:07.019+0000] {processor.py:208} INFO - Processing /opt/airflow/dags/urban_data_pipeline_dag.py took 0.387 seconds
[2026-07-01T18:37:37.804+0000] {processor.py:186} INFO - Started process (PID=7020) to work on /opt/airflow/dags/urban_data_pipeline_dag.py
[2026-07-01T18:37:37.806+0000] {processor.py:914} INFO - Processing file /opt/airflow/dags/urban_data_pipeline_dag.py for tasks to queue
[2026-07-01T18:37:37.810+0000] {logging_mixin.py:190} INFO - [2026-07-01T18:37:37.809+0000] {dagbag.py:588} INFO - Filling up the DagBag from /opt/airflow/dags/urban_data_pipeline_dag.py
[2026-07-01T18:37:38.179+0000] {processor.py:925} INFO - DAG(s) 'urban_data_pipeline' retrieved from /opt/airflow/dags/urban_data_pipeline_dag.py
[2026-07-01T18:37:38.238+0000] {logging_mixin.py:190} INFO - [2026-07-01T18:37:38.238+0000] {dag.py:3239} INFO - Sync 1 DAGs
[2026-07-01T18:37:38.288+0000] {logging_mixin.py:190} INFO - [2026-07-01T18:37:38.288+0000] {dag.py:4180} INFO - Setting next_dagrun for urban_data_pipeline to 2026-07-01 00:00:00+00:00, run_after=2026-08-01 00:00:00+00:00
[2026-07-01T18:37:38.349+0000] {processor.py:208} INFO - Processing /opt/airflow/dags/urban_data_pipeline_dag.py took 0.551 seconds
[2026-07-01T18:38:08.658+0000] {processor.py:186} INFO - Started process (PID=7038) to work on /opt/airflow/dags/urban_data_pipeline_dag.py
[2026-07-01T18:38:08.661+0000] {processor.py:914} INFO - Processing file /opt/airflow/dags/urban_data_pipeline_dag.py for tasks to queue
[2026-07-01T18:38:08.668+0000] {logging_mixin.py:190} INFO - [2026-07-01T18:38:08.667+0000] {dagbag.py:588} INFO - Filling up the DagBag from /opt/airflow/dags/urban_data_pipeline_dag.py
[2026-07-01T18:38:09.040+0000] {processor.py:925} INFO - DAG(s) 'urban_data_pipeline' retrieved from /opt/airflow/dags/urban_data_pipeline_dag.py
[2026-07-01T18:38:09.094+0000] {logging_mixin.py:190} INFO - [2026-07-01T18:38:09.094+0000] {dag.py:3239} INFO - Sync 1 DAGs
[2026-07-01T18:38:09.141+0000] {logging_mixin.py:190} INFO - [2026-07-01T18:38:09.140+0000] {dag.py:4180} INFO - Setting next_dagrun for urban_data_pipeline to 2026-07-01 00:00:00+00:00, run_after=2026-08-01 00:00:00+00:00
[2026-07-01T18:38:09.202+0000] {processor.py:208} INFO - Processing /opt/airflow/dags/urban_data_pipeline_dag.py took 0.566 seconds
[2026-07-01T18:38:39.378+0000] {processor.py:186} INFO - Started process (PID=7056) to work on /opt/airflow/dags/urban_data_pipeline_dag.py
[2026-07-01T18:38:39.380+0000] {processor.py:914} INFO - Processing file /opt/airflow/dags/urban_data_pipeline_dag.py for tasks to queue
[2026-07-01T18:38:39.384+0000] {logging_mixin.py:190} INFO - [2026-07-01T18:38:39.384+0000] {dagbag.py:588} INFO - Filling up the DagBag from /opt/airflow/dags/urban_data_pipeline_dag.py
[2026-07-01T18:38:39.732+0000] {processor.py:925} INFO - DAG(s) 'urban_data_pipeline' retrieved from /opt/airflow/dags/urban_data_pipeline_dag.py
[2026-07-01T18:38:39.788+0000] {logging_mixin.py:190} INFO - [2026-07-01T18:38:39.788+0000] {dag.py:3239} INFO - Sync 1 DAGs
[2026-07-01T18:38:39.814+0000] {logging_mixin.py:190} INFO - [2026-07-01T18:38:39.814+0000] {dag.py:4180} INFO - Setting next_dagrun for urban_data_pipeline to 2026-07-01 00:00:00+00:00, run_after=2026-08-01 00:00:00+00:00
[2026-07-01T18:38:39.844+0000] {processor.py:208} INFO - Processing /opt/airflow/dags/urban_data_pipeline_dag.py took 0.474 seconds
[2026-07-01T18:39:10.872+0000] {processor.py:186} INFO - Started process (PID=7074) to work on /opt/airflow/dags/urban_data_pipeline_dag.py
[2026-07-01T18:39:10.879+0000] {processor.py:914} INFO - Processing file /opt/airflow/dags/urban_data_pipeline_dag.py for tasks to queue
[2026-07-01T18:39:10.892+0000] {logging_mixin.py:190} INFO - [2026-07-01T18:39:10.890+0000] {dagbag.py:588} INFO - Filling up the DagBag from /opt/airflow/dags/urban_data_pipeline_dag.py
[2026-07-01T18:39:11.043+0000] {processor.py:925} INFO - DAG(s) 'urban_data_pipeline' retrieved from /opt/airflow/dags/urban_data_pipeline_dag.py
[2026-07-01T18:39:11.097+0000] {logging_mixin.py:190} INFO - [2026-07-01T18:39:11.097+0000] {dag.py:3239} INFO - Sync 1 DAGs
[2026-07-01T18:39:11.126+0000] {logging_mixin.py:190} INFO - [2026-07-01T18:39:11.125+0000] {dag.py:4180} INFO - Setting next_dagrun for urban_data_pipeline to 2026-07-01 00:00:00+00:00, run_after=2026-08-01 00:00:00+00:00
[2026-07-01T18:39:11.203+0000] {processor.py:208} INFO - Processing /opt/airflow/dags/urban_data_pipeline_dag.py took 0.362 seconds
[2026-07-01T18:39:41.414+0000] {processor.py:186} INFO - Started process (PID=7091) to work on /opt/airflow/dags/urban_data_pipeline_dag.py
[2026-07-01T18:39:41.415+0000] {processor.py:914} INFO - Processing file /opt/airflow/dags/urban_data_pipeline_dag.py for tasks to queue
[2026-07-01T18:39:41.418+0000] {logging_mixin.py:190} INFO - [2026-07-01T18:39:41.418+0000] {dagbag.py:588} INFO - Filling up the DagBag from /opt/airflow/dags/urban_data_pipeline_dag.py
[2026-07-01T18:39:41.631+0000] {processor.py:925} INFO - DAG(s) 'urban_data_pipeline' retrieved from /opt/airflow/dags/urban_data_pipeline_dag.py
[2026-07-01T18:39:41.681+0000] {logging_mixin.py:190} INFO - [2026-07-01T18:39:41.681+0000] {dag.py:3239} INFO - Sync 1 DAGs
[2026-07-01T18:39:41.709+0000] {logging_mixin.py:190} INFO - [2026-07-01T18:39:41.709+0000] {dag.py:4180} INFO - Setting next_dagrun for urban_data_pipeline to 2026-07-01 00:00:00+00:00, run_after=2026-08-01 00:00:00+00:00
[2026-07-01T18:39:41.741+0000] {processor.py:208} INFO - Processing /opt/airflow/dags/urban_data_pipeline_dag.py took 0.332 seconds
[2026-07-01T18:40:11.869+0000] {processor.py:186} INFO - Started process (PID=7102) to work on /opt/airflow/dags/urban_data_pipeline_dag.py
[2026-07-01T18:40:11.870+0000] {processor.py:914} INFO - Processing file /opt/airflow/dags/urban_data_pipeline_dag.py for tasks to queue
[2026-07-01T18:40:11.874+0000] {logging_mixin.py:190} INFO - [2026-07-01T18:40:11.873+0000] {dagbag.py:588} INFO - Filling up the DagBag from /opt/airflow/dags/urban_data_pipeline_dag.py
[2026-07-01T18:40:12.077+0000] {processor.py:925} INFO - DAG(s) 'urban_data_pipeline' retrieved from /opt/airflow/dags/urban_data_pipeline_dag.py
[2026-07-01T18:40:12.133+0000] {logging_mixin.py:190} INFO - [2026-07-01T18:40:12.133+0000] {dag.py:3239} INFO - Sync 1 DAGs
[2026-07-01T18:40:12.163+0000] {logging_mixin.py:190} INFO - [2026-07-01T18:40:12.163+0000] {dag.py:4180} INFO - Setting next_dagrun for urban_data_pipeline to 2026-07-01 00:00:00+00:00, run_after=2026-08-01 00:00:00+00:00
[2026-07-01T18:40:12.190+0000] {processor.py:208} INFO - Processing /opt/airflow/dags/urban_data_pipeline_dag.py took 0.330 seconds
[2026-07-01T18:40:42.318+0000] {processor.py:186} INFO - Started process (PID=7120) to work on /opt/airflow/dags/urban_data_pipeline_dag.py
[2026-07-01T18:40:42.323+0000] {processor.py:914} INFO - Processing file /opt/airflow/dags/urban_data_pipeline_dag.py for tasks to queue
[2026-07-01T18:40:42.328+0000] {logging_mixin.py:190} INFO - [2026-07-01T18:40:42.327+0000] {dagbag.py:588} INFO - Filling up the DagBag from /opt/airflow/dags/urban_data_pipeline_dag.py
[2026-07-01T18:40:42.568+0000] {processor.py:925} INFO - DAG(s) 'urban_data_pipeline' retrieved from /opt/airflow/dags/urban_data_pipeline_dag.py
[2026-07-01T18:40:42.629+0000] {logging_mixin.py:190} INFO - [2026-07-01T18:40:42.629+0000] {dag.py:3239} INFO - Sync 1 DAGs
[2026-07-01T18:40:42.657+0000] {logging_mixin.py:190} INFO - [2026-07-01T18:40:42.657+0000] {dag.py:4180} INFO - Setting next_dagrun for urban_data_pipeline to 2026-07-01 00:00:00+00:00, run_after=2026-08-01 00:00:00+00:00
[2026-07-01T18:40:42.685+0000] {processor.py:208} INFO - Processing /opt/airflow/dags/urban_data_pipeline_dag.py took 0.373 seconds
[2026-07-01T18:41:13.541+0000] {processor.py:186} INFO - Started process (PID=7138) to work on /opt/airflow/dags/urban_data_pipeline_dag.py
[2026-07-01T18:41:13.543+0000] {processor.py:914} INFO - Processing file /opt/airflow/dags/urban_data_pipeline_dag.py for tasks to queue
[2026-07-01T18:41:13.546+0000] {logging_mixin.py:190} INFO - [2026-07-01T18:41:13.546+0000] {dagbag.py:588} INFO - Filling up the DagBag from /opt/airflow/dags/urban_data_pipeline_dag.py
[2026-07-01T18:41:13.672+0000] {processor.py:925} INFO - DAG(s) 'urban_data_pipeline' retrieved from /opt/airflow/dags/urban_data_pipeline_dag.py
[2026-07-01T18:41:13.723+0000] {logging_mixin.py:190} INFO - [2026-07-01T18:41:13.722+0000] {dag.py:3239} INFO - Sync 1 DAGs
[2026-07-01T18:41:13.761+0000] {logging_mixin.py:190} INFO - [2026-07-01T18:41:13.760+0000] {dag.py:4180} INFO - Setting next_dagrun for urban_data_pipeline to 2026-07-01 00:00:00+00:00, run_after=2026-08-01 00:00:00+00:00
[2026-07-01T18:41:13.812+0000] {processor.py:208} INFO - Processing /opt/airflow/dags/urban_data_pipeline_dag.py took 0.279 seconds
[2026-07-01T18:41:44.753+0000] {processor.py:186} INFO - Started process (PID=7156) to work on /opt/airflow/dags/urban_data_pipeline_dag.py
[2026-07-01T18:41:44.755+0000] {processor.py:914} INFO - Processing file /opt/airflow/dags/urban_data_pipeline_dag.py for tasks to queue
[2026-07-01T18:41:44.763+0000] {logging_mixin.py:190} INFO - [2026-07-01T18:41:44.762+0000] {dagbag.py:588} INFO - Filling up the DagBag from /opt/airflow/dags/urban_data_pipeline_dag.py
[2026-07-01T18:41:44.913+0000] {processor.py:925} INFO - DAG(s) 'urban_data_pipeline' retrieved from /opt/airflow/dags/urban_data_pipeline_dag.py
[2026-07-01T18:41:44.970+0000] {logging_mixin.py:190} INFO - [2026-07-01T18:41:44.970+0000] {dag.py:3239} INFO - Sync 1 DAGs
[2026-07-01T18:41:45.001+0000] {logging_mixin.py:190} INFO - [2026-07-01T18:41:45.000+0000] {dag.py:4180} INFO - Setting next_dagrun for urban_data_pipeline to 2026-07-01 00:00:00+00:00, run_after=2026-08-01 00:00:00+00:00
[2026-07-01T18:41:45.030+0000] {processor.py:208} INFO - Processing /opt/airflow/dags/urban_data_pipeline_dag.py took 0.288 seconds
[2026-07-01T18:42:15.133+0000] {processor.py:186} INFO - Started process (PID=7174) to work on /opt/airflow/dags/urban_data_pipeline_dag.py
[2026-07-01T18:42:15.136+0000] {processor.py:914} INFO - Processing file /opt/airflow/dags/urban_data_pipeline_dag.py for tasks to queue
[2026-07-01T18:42:15.143+0000] {logging_mixin.py:190} INFO - [2026-07-01T18:42:15.141+0000] {dagbag.py:588} INFO - Filling up the DagBag from /opt/airflow/dags/urban_data_pipeline_dag.py
[2026-07-01T18:42:15.443+0000] {processor.py:925} INFO - DAG(s) 'urban_data_pipeline' retrieved from /opt/airflow/dags/urban_data_pipeline_dag.py
[2026-07-01T18:42:15.499+0000] {logging_mixin.py:190} INFO - [2026-07-01T18:42:15.499+0000] {dag.py:3239} INFO - Sync 1 DAGs
[2026-07-01T18:42:15.544+0000] {logging_mixin.py:190} INFO - [2026-07-01T18:42:15.544+0000] {dag.py:4180} INFO - Setting next_dagrun for urban_data_pipeline to 2026-07-01 00:00:00+00:00, run_after=2026-08-01 00:00:00+00:00
[2026-07-01T18:42:15.595+0000] {processor.py:208} INFO - Processing /opt/airflow/dags/urban_data_pipeline_dag.py took 0.472 seconds
[2026-07-01T18:42:46.320+0000] {processor.py:186} INFO - Started process (PID=7192) to work on /opt/airflow/dags/urban_data_pipeline_dag.py
[2026-07-01T18:42:46.322+0000] {processor.py:914} INFO - Processing file /opt/airflow/dags/urban_data_pipeline_dag.py for tasks to queue
[2026-07-01T18:42:46.325+0000] {logging_mixin.py:190} INFO - [2026-07-01T18:42:46.325+0000] {dagbag.py:588} INFO - Filling up the DagBag from /opt/airflow/dags/urban_data_pipeline_dag.py
[2026-07-01T18:42:46.458+0000] {processor.py:925} INFO - DAG(s) 'urban_data_pipeline' retrieved from /opt/airflow/dags/urban_data_pipeline_dag.py
[2026-07-01T18:42:46.505+0000] {logging_mixin.py:190} INFO - [2026-07-01T18:42:46.505+0000] {dag.py:3239} INFO - Sync 1 DAGs
[2026-07-01T18:42:46.531+0000] {logging_mixin.py:190} INFO - [2026-07-01T18:42:46.530+0000] {dag.py:4180} INFO - Setting next_dagrun for urban_data_pipeline to 2026-07-01 00:00:00+00:00, run_after=2026-08-01 00:00:00+00:00
[2026-07-01T18:42:46.553+0000] {processor.py:208} INFO - Processing /opt/airflow/dags/urban_data_pipeline_dag.py took 0.239 seconds
[2026-07-01T18:43:17.432+0000] {processor.py:186} INFO - Started process (PID=7210) to work on /opt/airflow/dags/urban_data_pipeline_dag.py
[2026-07-01T18:43:17.433+0000] {processor.py:914} INFO - Processing file /opt/airflow/dags/urban_data_pipeline_dag.py for tasks to queue
[2026-07-01T18:43:17.437+0000] {logging_mixin.py:190} INFO - [2026-07-01T18:43:17.437+0000] {dagbag.py:588} INFO - Filling up the DagBag from /opt/airflow/dags/urban_data_pipeline_dag.py
[2026-07-01T18:43:17.654+0000] {processor.py:925} INFO - DAG(s) 'urban_data_pipeline' retrieved from /opt/airflow/dags/urban_data_pipeline_dag.py
[2026-07-01T18:43:17.718+0000] {logging_mixin.py:190} INFO - [2026-07-01T18:43:17.717+0000] {dag.py:3239} INFO - Sync 1 DAGs
[2026-07-01T18:43:17.742+0000] {logging_mixin.py:190} INFO - [2026-07-01T18:43:17.741+0000] {dag.py:4180} INFO - Setting next_dagrun for urban_data_pipeline to 2026-07-01 00:00:00+00:00, run_after=2026-08-01 00:00:00+00:00
[2026-07-01T18:43:17.774+0000] {processor.py:208} INFO - Processing /opt/airflow/dags/urban_data_pipeline_dag.py took 0.356 seconds
[2026-07-01T18:43:48.204+0000] {processor.py:186} INFO - Started process (PID=7228) to work on /opt/airflow/dags/urban_data_pipeline_dag.py
[2026-07-01T18:43:48.205+0000] {processor.py:914} INFO - Processing file /opt/airflow/dags/urban_data_pipeline_dag.py for tasks to queue
[2026-07-01T18:43:48.208+0000] {logging_mixin.py:190} INFO - [2026-07-01T18:43:48.208+0000] {dagbag.py:588} INFO - Filling up the DagBag from /opt/airflow/dags/urban_data_pipeline_dag.py
[2026-07-01T18:43:48.367+0000] {processor.py:925} INFO - DAG(s) 'urban_data_pipeline' retrieved from /opt/airflow/dags/urban_data_pipeline_dag.py
[2026-07-01T18:43:48.411+0000] {logging_mixin.py:190} INFO - [2026-07-01T18:43:48.411+0000] {dag.py:3239} INFO - Sync 1 DAGs
[2026-07-01T18:43:48.434+0000] {logging_mixin.py:190} INFO - [2026-07-01T18:43:48.434+0000] {dag.py:4180} INFO - Setting next_dagrun for urban_data_pipeline to 2026-07-01 00:00:00+00:00, run_after=2026-08-01 00:00:00+00:00
[2026-07-01T18:43:48.470+0000] {processor.py:208} INFO - Processing /opt/airflow/dags/urban_data_pipeline_dag.py took 0.281 seconds
[2026-07-01T18:44:19.261+0000] {processor.py:186} INFO - Started process (PID=7246) to work on /opt/airflow/dags/urban_data_pipeline_dag.py
[2026-07-01T18:44:19.263+0000] {processor.py:914} INFO - Processing file /opt/airflow/dags/urban_data_pipeline_dag.py for tasks to queue
[2026-07-01T18:44:19.266+0000] {logging_mixin.py:190} INFO - [2026-07-01T18:44:19.266+0000] {dagbag.py:588} INFO - Filling up the DagBag from /opt/airflow/dags/urban_data_pipeline_dag.py
[2026-07-01T18:44:19.404+0000] {processor.py:925} INFO - DAG(s) 'urban_data_pipeline' retrieved from /opt/airflow/dags/urban_data_pipeline_dag.py
[2026-07-01T18:44:19.451+0000] {logging_mixin.py:190} INFO - [2026-07-01T18:44:19.451+0000] {dag.py:3239} INFO - Sync 1 DAGs
[2026-07-01T18:44:19.502+0000] {logging_mixin.py:190} INFO - [2026-07-01T18:44:19.501+0000] {dag.py:4180} INFO - Setting next_dagrun for urban_data_pipeline to 2026-07-01 00:00:00+00:00, run_after=2026-08-01 00:00:00+00:00
[2026-07-01T18:44:19.583+0000] {processor.py:208} INFO - Processing /opt/airflow/dags/urban_data_pipeline_dag.py took 0.340 seconds
[2026-07-01T18:44:50.069+0000] {processor.py:186} INFO - Started process (PID=7264) to work on /opt/airflow/dags/urban_data_pipeline_dag.py
[2026-07-01T18:44:50.072+0000] {processor.py:914} INFO - Processing file /opt/airflow/dags/urban_data_pipeline_dag.py for tasks to queue
[2026-07-01T18:44:50.077+0000] {logging_mixin.py:190} INFO - [2026-07-01T18:44:50.076+0000] {dagbag.py:588} INFO - Filling up the DagBag from /opt/airflow/dags/urban_data_pipeline_dag.py
[2026-07-01T18:44:50.452+0000] {processor.py:925} INFO - DAG(s) 'urban_data_pipeline' retrieved from /opt/airflow/dags/urban_data_pipeline_dag.py
[2026-07-01T18:44:50.500+0000] {logging_mixin.py:190} INFO - [2026-07-01T18:44:50.500+0000] {dag.py:3239} INFO - Sync 1 DAGs
[2026-07-01T18:44:50.524+0000] {logging_mixin.py:190} INFO - [2026-07-01T18:44:50.524+0000] {dag.py:4180} INFO - Setting next_dagrun for urban_data_pipeline to 2026-07-01 00:00:00+00:00, run_after=2026-08-01 00:00:00+00:00
[2026-07-01T18:44:50.551+0000] {processor.py:208} INFO - Processing /opt/airflow/dags/urban_data_pipeline_dag.py took 0.507 seconds
[2026-07-01T18:45:21.242+0000] {processor.py:186} INFO - Started process (PID=7281) to work on /opt/airflow/dags/urban_data_pipeline_dag.py
[2026-07-01T18:45:21.245+0000] {processor.py:914} INFO - Processing file /opt/airflow/dags/urban_data_pipeline_dag.py for tasks to queue
[2026-07-01T18:45:21.250+0000] {logging_mixin.py:190} INFO - [2026-07-01T18:45:21.249+0000] {dagbag.py:588} INFO - Filling up the DagBag from /opt/airflow/dags/urban_data_pipeline_dag.py
[2026-07-01T18:45:21.416+0000] {processor.py:925} INFO - DAG(s) 'urban_data_pipeline' retrieved from /opt/airflow/dags/urban_data_pipeline_dag.py
[2026-07-01T18:45:21.497+0000] {logging_mixin.py:190} INFO - [2026-07-01T18:45:21.497+0000] {dag.py:3239} INFO - Sync 1 DAGs
[2026-07-01T18:45:21.544+0000] {logging_mixin.py:190} INFO - [2026-07-01T18:45:21.544+0000] {dag.py:4180} INFO - Setting next_dagrun for urban_data_pipeline to 2026-07-01 00:00:00+00:00, run_after=2026-08-01 00:00:00+00:00
[2026-07-01T18:45:21.573+0000] {processor.py:208} INFO - Processing /opt/airflow/dags/urban_data_pipeline_dag.py took 0.338 seconds
[2026-07-01T18:45:52.239+0000] {processor.py:186} INFO - Started process (PID=7292) to work on /opt/airflow/dags/urban_data_pipeline_dag.py
[2026-07-01T18:45:52.245+0000] {processor.py:914} INFO - Processing file /opt/airflow/dags/urban_data_pipeline_dag.py for tasks to queue
[2026-07-01T18:45:52.256+0000] {logging_mixin.py:190} INFO - [2026-07-01T18:45:52.255+0000] {dagbag.py:588} INFO - Filling up the DagBag from /opt/airflow/dags/urban_data_pipeline_dag.py
[2026-07-01T18:45:52.483+0000] {processor.py:925} INFO - DAG(s) 'urban_data_pipeline' retrieved from /opt/airflow/dags/urban_data_pipeline_dag.py
[2026-07-01T18:45:52.534+0000] {logging_mixin.py:190} INFO - [2026-07-01T18:45:52.534+0000] {dag.py:3239} INFO - Sync 1 DAGs
[2026-07-01T18:45:52.561+0000] {logging_mixin.py:190} INFO - [2026-07-01T18:45:52.560+0000] {dag.py:4180} INFO - Setting next_dagrun for urban_data_pipeline to 2026-07-01 00:00:00+00:00, run_after=2026-08-01 00:00:00+00:00
[2026-07-01T18:45:52.588+0000] {processor.py:208} INFO - Processing /opt/airflow/dags/urban_data_pipeline_dag.py took 0.364 seconds
[2026-07-01T18:46:22.965+0000] {processor.py:186} INFO - Started process (PID=7310) to work on /opt/airflow/dags/urban_data_pipeline_dag.py
[2026-07-01T18:46:22.969+0000] {processor.py:914} INFO - Processing file /opt/airflow/dags/urban_data_pipeline_dag.py for tasks to queue
[2026-07-01T18:46:22.976+0000] {logging_mixin.py:190} INFO - [2026-07-01T18:46:22.974+0000] {dagbag.py:588} INFO - Filling up the DagBag from /opt/airflow/dags/urban_data_pipeline_dag.py
[2026-07-01T18:46:23.262+0000] {processor.py:925} INFO - DAG(s) 'urban_data_pipeline' retrieved from /opt/airflow/dags/urban_data_pipeline_dag.py
[2026-07-01T18:46:23.363+0000] {logging_mixin.py:190} INFO - [2026-07-01T18:46:23.363+0000] {dag.py:3239} INFO - Sync 1 DAGs
[2026-07-01T18:46:23.417+0000] {logging_mixin.py:190} INFO - [2026-07-01T18:46:23.417+0000] {dag.py:4180} INFO - Setting next_dagrun for urban_data_pipeline to 2026-07-01 00:00:00+00:00, run_after=2026-08-01 00:00:00+00:00
[2026-07-01T18:46:23.447+0000] {processor.py:208} INFO - Processing /opt/airflow/dags/urban_data_pipeline_dag.py took 0.501 seconds
[2026-07-01T18:46:54.406+0000] {processor.py:186} INFO - Started process (PID=7328) to work on /opt/airflow/dags/urban_data_pipeline_dag.py
[2026-07-01T18:46:54.408+0000] {processor.py:914} INFO - Processing file /opt/airflow/dags/urban_data_pipeline_dag.py for tasks to queue
[2026-07-01T18:46:54.412+0000] {logging_mixin.py:190} INFO - [2026-07-01T18:46:54.412+0000] {dagbag.py:588} INFO - Filling up the DagBag from /opt/airflow/dags/urban_data_pipeline_dag.py
[2026-07-01T18:46:54.554+0000] {processor.py:925} INFO - DAG(s) 'urban_data_pipeline' retrieved from /opt/airflow/dags/urban_data_pipeline_dag.py
[2026-07-01T18:46:54.657+0000] {logging_mixin.py:190} INFO - [2026-07-01T18:46:54.656+0000] {dag.py:3239} INFO - Sync 1 DAGs
[2026-07-01T18:46:54.687+0000] {logging_mixin.py:190} INFO - [2026-07-01T18:46:54.686+0000] {dag.py:4180} INFO - Setting next_dagrun for urban_data_pipeline to 2026-07-01 00:00:00+00:00, run_after=2026-08-01 00:00:00+00:00
[2026-07-01T18:46:54.719+0000] {processor.py:208} INFO - Processing /opt/airflow/dags/urban_data_pipeline_dag.py took 0.322 seconds
[2026-07-01T18:47:24.832+0000] {processor.py:186} INFO - Started process (PID=7346) to work on /opt/airflow/dags/urban_data_pipeline_dag.py
[2026-07-01T18:47:24.834+0000] {processor.py:914} INFO - Processing file /opt/airflow/dags/urban_data_pipeline_dag.py for tasks to queue
[2026-07-01T18:47:24.839+0000] {logging_mixin.py:190} INFO - [2026-07-01T18:47:24.839+0000] {dagbag.py:588} INFO - Filling up the DagBag from /opt/airflow/dags/urban_data_pipeline_dag.py
[2026-07-01T18:47:24.990+0000] {processor.py:925} INFO - DAG(s) 'urban_data_pipeline' retrieved from /opt/airflow/dags/urban_data_pipeline_dag.py
[2026-07-01T18:47:25.043+0000] {logging_mixin.py:190} INFO - [2026-07-01T18:47:25.043+0000] {dag.py:3239} INFO - Sync 1 DAGs
[2026-07-01T18:47:25.071+0000] {logging_mixin.py:190} INFO - [2026-07-01T18:47:25.071+0000] {dag.py:4180} INFO - Setting next_dagrun for urban_data_pipeline to 2026-07-01 00:00:00+00:00, run_after=2026-08-01 00:00:00+00:00
[2026-07-01T18:47:25.105+0000] {processor.py:208} INFO - Processing /opt/airflow/dags/urban_data_pipeline_dag.py took 0.283 seconds
[2026-07-01T18:47:55.825+0000] {processor.py:186} INFO - Started process (PID=7364) to work on /opt/airflow/dags/urban_data_pipeline_dag.py
[2026-07-01T18:47:55.827+0000] {processor.py:914} INFO - Processing file /opt/airflow/dags/urban_data_pipeline_dag.py for tasks to queue
[2026-07-01T18:47:55.829+0000] {logging_mixin.py:190} INFO - [2026-07-01T18:47:55.829+0000] {dagbag.py:588} INFO - Filling up the DagBag from /opt/airflow/dags/urban_data_pipeline_dag.py
[2026-07-01T18:47:56.213+0000] {processor.py:925} INFO - DAG(s) 'urban_data_pipeline' retrieved from /opt/airflow/dags/urban_data_pipeline_dag.py
[2026-07-01T18:47:56.274+0000] {logging_mixin.py:190} INFO - [2026-07-01T18:47:56.274+0000] {dag.py:3239} INFO - Sync 1 DAGs
[2026-07-01T18:47:56.300+0000] {logging_mixin.py:190} INFO - [2026-07-01T18:47:56.299+0000] {dag.py:4180} INFO - Setting next_dagrun for urban_data_pipeline to 2026-07-01 00:00:00+00:00, run_after=2026-08-01 00:00:00+00:00
[2026-07-01T18:47:56.371+0000] {processor.py:208} INFO - Processing /opt/airflow/dags/urban_data_pipeline_dag.py took 0.552 seconds
[2026-07-01T18:48:26.677+0000] {processor.py:186} INFO - Started process (PID=7382) to work on /opt/airflow/dags/urban_data_pipeline_dag.py
[2026-07-01T18:48:26.684+0000] {processor.py:914} INFO - Processing file /opt/airflow/dags/urban_data_pipeline_dag.py for tasks to queue
[2026-07-01T18:48:26.697+0000] {logging_mixin.py:190} INFO - [2026-07-01T18:48:26.695+0000] {dagbag.py:588} INFO - Filling up the DagBag from /opt/airflow/dags/urban_data_pipeline_dag.py
[2026-07-01T18:48:26.943+0000] {processor.py:925} INFO - DAG(s) 'urban_data_pipeline' retrieved from /opt/airflow/dags/urban_data_pipeline_dag.py
[2026-07-01T18:48:27.001+0000] {logging_mixin.py:190} INFO - [2026-07-01T18:48:27.001+0000] {dag.py:3239} INFO - Sync 1 DAGs
[2026-07-01T18:48:27.028+0000] {logging_mixin.py:190} INFO - [2026-07-01T18:48:27.028+0000] {dag.py:4180} INFO - Setting next_dagrun for urban_data_pipeline to 2026-07-01 00:00:00+00:00, run_after=2026-08-01 00:00:00+00:00
[2026-07-01T18:48:27.068+0000] {processor.py:208} INFO - Processing /opt/airflow/dags/urban_data_pipeline_dag.py took 0.427 seconds
[2026-07-01T18:48:57.157+0000] {processor.py:186} INFO - Started process (PID=7400) to work on /opt/airflow/dags/urban_data_pipeline_dag.py
[2026-07-01T18:48:57.161+0000] {processor.py:914} INFO - Processing file /opt/airflow/dags/urban_data_pipeline_dag.py for tasks to queue
[2026-07-01T18:48:57.167+0000] {logging_mixin.py:190} INFO - [2026-07-01T18:48:57.166+0000] {dagbag.py:588} INFO - Filling up the DagBag from /opt/airflow/dags/urban_data_pipeline_dag.py
[2026-07-01T18:48:57.495+0000] {processor.py:925} INFO - DAG(s) 'urban_data_pipeline' retrieved from /opt/airflow/dags/urban_data_pipeline_dag.py
[2026-07-01T18:48:57.561+0000] {logging_mixin.py:190} INFO - [2026-07-01T18:48:57.561+0000] {dag.py:3239} INFO - Sync 1 DAGs
[2026-07-01T18:48:57.593+0000] {logging_mixin.py:190} INFO - [2026-07-01T18:48:57.593+0000] {dag.py:4180} INFO - Setting next_dagrun for urban_data_pipeline to 2026-07-01 00:00:00+00:00, run_after=2026-08-01 00:00:00+00:00
[2026-07-01T18:48:57.618+0000] {processor.py:208} INFO - Processing /opt/airflow/dags/urban_data_pipeline_dag.py took 0.470 seconds
[2026-07-01T18:49:27.722+0000] {processor.py:186} INFO - Started process (PID=7418) to work on /opt/airflow/dags/urban_data_pipeline_dag.py
[2026-07-01T18:49:27.724+0000] {processor.py:914} INFO - Processing file /opt/airflow/dags/urban_data_pipeline_dag.py for tasks to queue
[2026-07-01T18:49:27.730+0000] {logging_mixin.py:190} INFO - [2026-07-01T18:49:27.728+0000] {dagbag.py:588} INFO - Filling up the DagBag from /opt/airflow/dags/urban_data_pipeline_dag.py
[2026-07-01T18:49:27.884+0000] {processor.py:925} INFO - DAG(s) 'urban_data_pipeline' retrieved from /opt/airflow/dags/urban_data_pipeline_dag.py
[2026-07-01T18:49:27.932+0000] {logging_mixin.py:190} INFO - [2026-07-01T18:49:27.932+0000] {dag.py:3239} INFO - Sync 1 DAGs
[2026-07-01T18:49:27.958+0000] {logging_mixin.py:190} INFO - [2026-07-01T18:49:27.958+0000] {dag.py:4180} INFO - Setting next_dagrun for urban_data_pipeline to 2026-07-01 00:00:00+00:00, run_after=2026-08-01 00:00:00+00:00
[2026-07-01T18:49:27.981+0000] {processor.py:208} INFO - Processing /opt/airflow/dags/urban_data_pipeline_dag.py took 0.273 seconds
[2026-07-01T18:49:58.680+0000] {processor.py:186} INFO - Started process (PID=7436) to work on /opt/airflow/dags/urban_data_pipeline_dag.py
[2026-07-01T18:49:58.681+0000] {processor.py:914} INFO - Processing file /opt/airflow/dags/urban_data_pipeline_dag.py for tasks to queue
[2026-07-01T18:49:58.684+0000] {logging_mixin.py:190} INFO - [2026-07-01T18:49:58.684+0000] {dagbag.py:588} INFO - Filling up the DagBag from /opt/airflow/dags/urban_data_pipeline_dag.py
[2026-07-01T18:49:58.919+0000] {processor.py:925} INFO - DAG(s) 'urban_data_pipeline' retrieved from /opt/airflow/dags/urban_data_pipeline_dag.py
[2026-07-01T18:49:58.967+0000] {logging_mixin.py:190} INFO - [2026-07-01T18:49:58.967+0000] {dag.py:3239} INFO - Sync 1 DAGs
[2026-07-01T18:49:58.995+0000] {logging_mixin.py:190} INFO - [2026-07-01T18:49:58.995+0000] {dag.py:4180} INFO - Setting next_dagrun for urban_data_pipeline to 2026-07-01 00:00:00+00:00, run_after=2026-08-01 00:00:00+00:00
[2026-07-01T18:49:59.021+0000] {processor.py:208} INFO - Processing /opt/airflow/dags/urban_data_pipeline_dag.py took 0.348 seconds
[2026-07-01T18:50:29.191+0000] {processor.py:186} INFO - Started process (PID=7453) to work on /opt/airflow/dags/urban_data_pipeline_dag.py
[2026-07-01T18:50:29.195+0000] {processor.py:914} INFO - Processing file /opt/airflow/dags/urban_data_pipeline_dag.py for tasks to queue
[2026-07-01T18:50:29.207+0000] {logging_mixin.py:190} INFO - [2026-07-01T18:50:29.205+0000] {dagbag.py:588} INFO - Filling up the DagBag from /opt/airflow/dags/urban_data_pipeline_dag.py
[2026-07-01T18:50:29.386+0000] {processor.py:925} INFO - DAG(s) 'urban_data_pipeline' retrieved from /opt/airflow/dags/urban_data_pipeline_dag.py
[2026-07-01T18:50:29.437+0000] {logging_mixin.py:190} INFO - [2026-07-01T18:50:29.437+0000] {dag.py:3239} INFO - Sync 1 DAGs
[2026-07-01T18:50:29.465+0000] {logging_mixin.py:190} INFO - [2026-07-01T18:50:29.465+0000] {dag.py:4180} INFO - Setting next_dagrun for urban_data_pipeline to 2026-07-01 00:00:00+00:00, run_after=2026-08-01 00:00:00+00:00
[2026-07-01T18:50:29.490+0000] {processor.py:208} INFO - Processing /opt/airflow/dags/urban_data_pipeline_dag.py took 0.314 seconds
[2026-07-01T18:51:00.323+0000] {processor.py:186} INFO - Started process (PID=7464) to work on /opt/airflow/dags/urban_data_pipeline_dag.py
[2026-07-01T18:51:00.325+0000] {processor.py:914} INFO - Processing file /opt/airflow/dags/urban_data_pipeline_dag.py for tasks to queue
[2026-07-01T18:51:00.332+0000] {logging_mixin.py:190} INFO - [2026-07-01T18:51:00.331+0000] {dagbag.py:588} INFO - Filling up the DagBag from /opt/airflow/dags/urban_data_pipeline_dag.py
[2026-07-01T18:51:00.599+0000] {processor.py:925} INFO - DAG(s) 'urban_data_pipeline' retrieved from /opt/airflow/dags/urban_data_pipeline_dag.py
[2026-07-01T18:51:00.648+0000] {logging_mixin.py:190} INFO - [2026-07-01T18:51:00.647+0000] {dag.py:3239} INFO - Sync 1 DAGs
[2026-07-01T18:51:00.678+0000] {logging_mixin.py:190} INFO - [2026-07-01T18:51:00.678+0000] {dag.py:4180} INFO - Setting next_dagrun for urban_data_pipeline to 2026-07-01 00:00:00+00:00, run_after=2026-08-01 00:00:00+00:00
[2026-07-01T18:51:00.719+0000] {processor.py:208} INFO - Processing /opt/airflow/dags/urban_data_pipeline_dag.py took 0.412 seconds
[2026-07-01T18:51:31.108+0000] {processor.py:186} INFO - Started process (PID=7482) to work on /opt/airflow/dags/urban_data_pipeline_dag.py
[2026-07-01T18:51:31.111+0000] {processor.py:914} INFO - Processing file /opt/airflow/dags/urban_data_pipeline_dag.py for tasks to queue
[2026-07-01T18:51:31.116+0000] {logging_mixin.py:190} INFO - [2026-07-01T18:51:31.115+0000] {dagbag.py:588} INFO - Filling up the DagBag from /opt/airflow/dags/urban_data_pipeline_dag.py
[2026-07-01T18:51:31.356+0000] {processor.py:925} INFO - DAG(s) 'urban_data_pipeline' retrieved from /opt/airflow/dags/urban_data_pipeline_dag.py
[2026-07-01T18:51:31.407+0000] {logging_mixin.py:190} INFO - [2026-07-01T18:51:31.406+0000] {dag.py:3239} INFO - Sync 1 DAGs
[2026-07-01T18:51:31.430+0000] {logging_mixin.py:190} INFO - [2026-07-01T18:51:31.430+0000] {dag.py:4180} INFO - Setting next_dagrun for urban_data_pipeline to 2026-07-01 00:00:00+00:00, run_after=2026-08-01 00:00:00+00:00
[2026-07-01T18:51:31.460+0000] {processor.py:208} INFO - Processing /opt/airflow/dags/urban_data_pipeline_dag.py took 0.367 seconds
[2026-07-01T18:52:02.097+0000] {processor.py:186} INFO - Started process (PID=7500) to work on /opt/airflow/dags/urban_data_pipeline_dag.py
[2026-07-01T18:52:02.099+0000] {processor.py:914} INFO - Processing file /opt/airflow/dags/urban_data_pipeline_dag.py for tasks to queue
[2026-07-01T18:52:02.111+0000] {logging_mixin.py:190} INFO - [2026-07-01T18:52:02.109+0000] {dagbag.py:588} INFO - Filling up the DagBag from /opt/airflow/dags/urban_data_pipeline_dag.py
[2026-07-01T18:52:02.302+0000] {processor.py:925} INFO - DAG(s) 'urban_data_pipeline' retrieved from /opt/airflow/dags/urban_data_pipeline_dag.py
[2026-07-01T18:52:02.366+0000] {logging_mixin.py:190} INFO - [2026-07-01T18:52:02.366+0000] {dag.py:3239} INFO - Sync 1 DAGs
[2026-07-01T18:52:02.391+0000] {logging_mixin.py:190} INFO - [2026-07-01T18:52:02.391+0000] {dag.py:4180} INFO - Setting next_dagrun for urban_data_pipeline to 2026-07-01 00:00:00+00:00, run_after=2026-08-01 00:00:00+00:00
[2026-07-01T18:52:02.415+0000] {processor.py:208} INFO - Processing /opt/airflow/dags/urban_data_pipeline_dag.py took 0.333 seconds
[2026-07-01T18:52:33.403+0000] {processor.py:186} INFO - Started process (PID=7518) to work on /opt/airflow/dags/urban_data_pipeline_dag.py
[2026-07-01T18:52:33.405+0000] {processor.py:914} INFO - Processing file /opt/airflow/dags/urban_data_pipeline_dag.py for tasks to queue
[2026-07-01T18:52:33.411+0000] {logging_mixin.py:190} INFO - [2026-07-01T18:52:33.410+0000] {dagbag.py:588} INFO - Filling up the DagBag from /opt/airflow/dags/urban_data_pipeline_dag.py
[2026-07-01T18:52:33.810+0000] {processor.py:925} INFO - DAG(s) 'urban_data_pipeline' retrieved from /opt/airflow/dags/urban_data_pipeline_dag.py
[2026-07-01T18:52:33.862+0000] {logging_mixin.py:190} INFO - [2026-07-01T18:52:33.861+0000] {dag.py:3239} INFO - Sync 1 DAGs
[2026-07-01T18:52:33.885+0000] {logging_mixin.py:190} INFO - [2026-07-01T18:52:33.885+0000] {dag.py:4180} INFO - Setting next_dagrun for urban_data_pipeline to 2026-07-01 00:00:00+00:00, run_after=2026-08-01 00:00:00+00:00
[2026-07-01T18:52:33.927+0000] {processor.py:208} INFO - Processing /opt/airflow/dags/urban_data_pipeline_dag.py took 0.541 seconds
[2026-07-01T18:53:04.038+0000] {processor.py:186} INFO - Started process (PID=7536) to work on /opt/airflow/dags/urban_data_pipeline_dag.py
[2026-07-01T18:53:04.040+0000] {processor.py:914} INFO - Processing file /opt/airflow/dags/urban_data_pipeline_dag.py for tasks to queue
[2026-07-01T18:53:04.046+0000] {logging_mixin.py:190} INFO - [2026-07-01T18:53:04.045+0000] {dagbag.py:588} INFO - Filling up the DagBag from /opt/airflow/dags/urban_data_pipeline_dag.py
[2026-07-01T18:53:04.397+0000] {processor.py:925} INFO - DAG(s) 'urban_data_pipeline' retrieved from /opt/airflow/dags/urban_data_pipeline_dag.py
[2026-07-01T18:53:04.450+0000] {logging_mixin.py:190} INFO - [2026-07-01T18:53:04.450+0000] {dag.py:3239} INFO - Sync 1 DAGs
[2026-07-01T18:53:04.479+0000] {logging_mixin.py:190} INFO - [2026-07-01T18:53:04.478+0000] {dag.py:4180} INFO - Setting next_dagrun for urban_data_pipeline to 2026-07-01 00:00:00+00:00, run_after=2026-08-01 00:00:00+00:00
[2026-07-01T18:53:04.504+0000] {processor.py:208} INFO - Processing /opt/airflow/dags/urban_data_pipeline_dag.py took 0.474 seconds
[2026-07-01T18:53:34.777+0000] {processor.py:186} INFO - Started process (PID=7554) to work on /opt/airflow/dags/urban_data_pipeline_dag.py
[2026-07-01T18:53:34.787+0000] {processor.py:914} INFO - Processing file /opt/airflow/dags/urban_data_pipeline_dag.py for tasks to queue
[2026-07-01T18:53:34.799+0000] {logging_mixin.py:190} INFO - [2026-07-01T18:53:34.797+0000] {dagbag.py:588} INFO - Filling up the DagBag from /opt/airflow/dags/urban_data_pipeline_dag.py
[2026-07-01T18:53:35.149+0000] {processor.py:925} INFO - DAG(s) 'urban_data_pipeline' retrieved from /opt/airflow/dags/urban_data_pipeline_dag.py
[2026-07-01T18:53:35.202+0000] {logging_mixin.py:190} INFO - [2026-07-01T18:53:35.202+0000] {dag.py:3239} INFO - Sync 1 DAGs
[2026-07-01T18:53:35.228+0000] {logging_mixin.py:190} INFO - [2026-07-01T18:53:35.228+0000] {dag.py:4180} INFO - Setting next_dagrun for urban_data_pipeline to 2026-07-01 00:00:00+00:00, run_after=2026-08-01 00:00:00+00:00
[2026-07-01T18:53:35.251+0000] {processor.py:208} INFO - Processing /opt/airflow/dags/urban_data_pipeline_dag.py took 0.495 seconds
[2026-07-01T18:54:05.552+0000] {processor.py:186} INFO - Started process (PID=7572) to work on /opt/airflow/dags/urban_data_pipeline_dag.py
[2026-07-01T18:54:05.554+0000] {processor.py:914} INFO - Processing file /opt/airflow/dags/urban_data_pipeline_dag.py for tasks to queue
[2026-07-01T18:54:05.570+0000] {logging_mixin.py:190} INFO - [2026-07-01T18:54:05.567+0000] {dagbag.py:588} INFO - Filling up the DagBag from /opt/airflow/dags/urban_data_pipeline_dag.py
[2026-07-01T18:54:05.852+0000] {processor.py:925} INFO - DAG(s) 'urban_data_pipeline' retrieved from /opt/airflow/dags/urban_data_pipeline_dag.py
[2026-07-01T18:54:05.940+0000] {logging_mixin.py:190} INFO - [2026-07-01T18:54:05.940+0000] {dag.py:3239} INFO - Sync 1 DAGs
[2026-07-01T18:54:05.976+0000] {logging_mixin.py:190} INFO - [2026-07-01T18:54:05.976+0000] {dag.py:4180} INFO - Setting next_dagrun for urban_data_pipeline to 2026-07-01 00:00:00+00:00, run_after=2026-08-01 00:00:00+00:00
[2026-07-01T18:54:06.005+0000] {processor.py:208} INFO - Processing /opt/airflow/dags/urban_data_pipeline_dag.py took 0.477 seconds
[2026-07-01T18:54:36.169+0000] {processor.py:186} INFO - Started process (PID=7590) to work on /opt/airflow/dags/urban_data_pipeline_dag.py
[2026-07-01T18:54:36.171+0000] {processor.py:914} INFO - Processing file /opt/airflow/dags/urban_data_pipeline_dag.py for tasks to queue
[2026-07-01T18:54:36.174+0000] {logging_mixin.py:190} INFO - [2026-07-01T18:54:36.173+0000] {dagbag.py:588} INFO - Filling up the DagBag from /opt/airflow/dags/urban_data_pipeline_dag.py
[2026-07-01T18:54:36.322+0000] {processor.py:925} INFO - DAG(s) 'urban_data_pipeline' retrieved from /opt/airflow/dags/urban_data_pipeline_dag.py
[2026-07-01T18:54:36.400+0000] {logging_mixin.py:190} INFO - [2026-07-01T18:54:36.399+0000] {dag.py:3239} INFO - Sync 1 DAGs
[2026-07-01T18:54:36.433+0000] {logging_mixin.py:190} INFO - [2026-07-01T18:54:36.433+0000] {dag.py:4180} INFO - Setting next_dagrun for urban_data_pipeline to 2026-07-01 00:00:00+00:00, run_after=2026-08-01 00:00:00+00:00
[2026-07-01T18:54:36.467+0000] {processor.py:208} INFO - Processing /opt/airflow/dags/urban_data_pipeline_dag.py took 0.304 seconds
[2026-07-01T18:55:06.991+0000] {processor.py:186} INFO - Started process (PID=7608) to work on /opt/airflow/dags/urban_data_pipeline_dag.py
[2026-07-01T18:55:06.998+0000] {processor.py:914} INFO - Processing file /opt/airflow/dags/urban_data_pipeline_dag.py for tasks to queue
[2026-07-01T18:55:07.002+0000] {logging_mixin.py:190} INFO - [2026-07-01T18:55:07.002+0000] {dagbag.py:588} INFO - Filling up the DagBag from /opt/airflow/dags/urban_data_pipeline_dag.py
[2026-07-01T18:55:07.170+0000] {processor.py:925} INFO - DAG(s) 'urban_data_pipeline' retrieved from /opt/airflow/dags/urban_data_pipeline_dag.py
[2026-07-01T18:55:07.217+0000] {logging_mixin.py:190} INFO - [2026-07-01T18:55:07.217+0000] {dag.py:3239} INFO - Sync 1 DAGs
[2026-07-01T18:55:07.249+0000] {logging_mixin.py:190} INFO - [2026-07-01T18:55:07.249+0000] {dag.py:4180} INFO - Setting next_dagrun for urban_data_pipeline to 2026-07-01 00:00:00+00:00, run_after=2026-08-01 00:00:00+00:00
[2026-07-01T18:55:07.276+0000] {processor.py:208} INFO - Processing /opt/airflow/dags/urban_data_pipeline_dag.py took 0.308 seconds
[2026-07-01T18:55:38.082+0000] {processor.py:186} INFO - Started process (PID=7625) to work on /opt/airflow/dags/urban_data_pipeline_dag.py
[2026-07-01T18:55:38.084+0000] {processor.py:914} INFO - Processing file /opt/airflow/dags/urban_data_pipeline_dag.py for tasks to queue
[2026-07-01T18:55:38.086+0000] {logging_mixin.py:190} INFO - [2026-07-01T18:55:38.086+0000] {dagbag.py:588} INFO - Filling up the DagBag from /opt/airflow/dags/urban_data_pipeline_dag.py
[2026-07-01T18:55:38.213+0000] {processor.py:925} INFO - DAG(s) 'urban_data_pipeline' retrieved from /opt/airflow/dags/urban_data_pipeline_dag.py
[2026-07-01T18:55:38.261+0000] {logging_mixin.py:190} INFO - [2026-07-01T18:55:38.261+0000] {dag.py:3239} INFO - Sync 1 DAGs
[2026-07-01T18:55:38.287+0000] {logging_mixin.py:190} INFO - [2026-07-01T18:55:38.287+0000] {dag.py:4180} INFO - Setting next_dagrun for urban_data_pipeline to 2026-07-01 00:00:00+00:00, run_after=2026-08-01 00:00:00+00:00
[2026-07-01T18:55:38.343+0000] {processor.py:208} INFO - Processing /opt/airflow/dags/urban_data_pipeline_dag.py took 0.270 seconds
[2026-07-01T18:56:09.253+0000] {processor.py:186} INFO - Started process (PID=7636) to work on /opt/airflow/dags/urban_data_pipeline_dag.py
[2026-07-01T18:56:09.255+0000] {processor.py:914} INFO - Processing file /opt/airflow/dags/urban_data_pipeline_dag.py for tasks to queue
[2026-07-01T18:56:09.259+0000] {logging_mixin.py:190} INFO - [2026-07-01T18:56:09.259+0000] {dagbag.py:588} INFO - Filling up the DagBag from /opt/airflow/dags/urban_data_pipeline_dag.py
[2026-07-01T18:56:09.579+0000] {processor.py:925} INFO - DAG(s) 'urban_data_pipeline' retrieved from /opt/airflow/dags/urban_data_pipeline_dag.py
[2026-07-01T18:56:09.630+0000] {logging_mixin.py:190} INFO - [2026-07-01T18:56:09.630+0000] {dag.py:3239} INFO - Sync 1 DAGs
[2026-07-01T18:56:09.663+0000] {logging_mixin.py:190} INFO - [2026-07-01T18:56:09.662+0000] {dag.py:4180} INFO - Setting next_dagrun for urban_data_pipeline to 2026-07-01 00:00:00+00:00, run_after=2026-08-01 00:00:00+00:00
[2026-07-01T18:56:09.700+0000] {processor.py:208} INFO - Processing /opt/airflow/dags/urban_data_pipeline_dag.py took 0.461 seconds
[2026-07-01T18:56:40.550+0000] {processor.py:186} INFO - Started process (PID=7654) to work on /opt/airflow/dags/urban_data_pipeline_dag.py
[2026-07-01T18:56:40.552+0000] {processor.py:914} INFO - Processing file /opt/airflow/dags/urban_data_pipeline_dag.py for tasks to queue
[2026-07-01T18:56:40.556+0000] {logging_mixin.py:190} INFO - [2026-07-01T18:56:40.555+0000] {dagbag.py:588} INFO - Filling up the DagBag from /opt/airflow/dags/urban_data_pipeline_dag.py
[2026-07-01T18:56:40.977+0000] {processor.py:925} INFO - DAG(s) 'urban_data_pipeline' retrieved from /opt/airflow/dags/urban_data_pipeline_dag.py
[2026-07-01T18:56:41.033+0000] {logging_mixin.py:190} INFO - [2026-07-01T18:56:41.033+0000] {dag.py:3239} INFO - Sync 1 DAGs
[2026-07-01T18:56:41.061+0000] {logging_mixin.py:190} INFO - [2026-07-01T18:56:41.061+0000] {dag.py:4180} INFO - Setting next_dagrun for urban_data_pipeline to 2026-07-01 00:00:00+00:00, run_after=2026-08-01 00:00:00+00:00
[2026-07-01T18:56:41.090+0000] {processor.py:208} INFO - Processing /opt/airflow/dags/urban_data_pipeline_dag.py took 0.556 seconds
[2026-07-01T18:57:12.242+0000] {processor.py:186} INFO - Started process (PID=7672) to work on /opt/airflow/dags/urban_data_pipeline_dag.py
[2026-07-01T18:57:12.258+0000] {processor.py:914} INFO - Processing file /opt/airflow/dags/urban_data_pipeline_dag.py for tasks to queue
[2026-07-01T18:57:12.277+0000] {logging_mixin.py:190} INFO - [2026-07-01T18:57:12.275+0000] {dagbag.py:588} INFO - Filling up the DagBag from /opt/airflow/dags/urban_data_pipeline_dag.py
[2026-07-01T18:57:12.483+0000] {processor.py:925} INFO - DAG(s) 'urban_data_pipeline' retrieved from /opt/airflow/dags/urban_data_pipeline_dag.py
[2026-07-01T18:57:12.554+0000] {logging_mixin.py:190} INFO - [2026-07-01T18:57:12.554+0000] {dag.py:3239} INFO - Sync 1 DAGs
[2026-07-01T18:57:12.582+0000] {logging_mixin.py:190} INFO - [2026-07-01T18:57:12.582+0000] {dag.py:4180} INFO - Setting next_dagrun for urban_data_pipeline to 2026-07-01 00:00:00+00:00, run_after=2026-08-01 00:00:00+00:00
[2026-07-01T18:57:12.617+0000] {processor.py:208} INFO - Processing /opt/airflow/dags/urban_data_pipeline_dag.py took 0.415 seconds
[2026-07-01T18:57:43.400+0000] {processor.py:186} INFO - Started process (PID=7690) to work on /opt/airflow/dags/urban_data_pipeline_dag.py
[2026-07-01T18:57:43.402+0000] {processor.py:914} INFO - Processing file /opt/airflow/dags/urban_data_pipeline_dag.py for tasks to queue
[2026-07-01T18:57:43.406+0000] {logging_mixin.py:190} INFO - [2026-07-01T18:57:43.405+0000] {dagbag.py:588} INFO - Filling up the DagBag from /opt/airflow/dags/urban_data_pipeline_dag.py
[2026-07-01T18:57:43.789+0000] {processor.py:925} INFO - DAG(s) 'urban_data_pipeline' retrieved from /opt/airflow/dags/urban_data_pipeline_dag.py
[2026-07-01T18:57:43.842+0000] {logging_mixin.py:190} INFO - [2026-07-01T18:57:43.841+0000] {dag.py:3239} INFO - Sync 1 DAGs
[2026-07-01T18:57:43.875+0000] {logging_mixin.py:190} INFO - [2026-07-01T18:57:43.874+0000] {dag.py:4180} INFO - Setting next_dagrun for urban_data_pipeline to 2026-07-01 00:00:00+00:00, run_after=2026-08-01 00:00:00+00:00
[2026-07-01T18:57:43.906+0000] {processor.py:208} INFO - Processing /opt/airflow/dags/urban_data_pipeline_dag.py took 0.521 seconds
[2026-07-01T18:58:14.689+0000] {processor.py:186} INFO - Started process (PID=7709) to work on /opt/airflow/dags/urban_data_pipeline_dag.py
[2026-07-01T18:58:14.690+0000] {processor.py:914} INFO - Processing file /opt/airflow/dags/urban_data_pipeline_dag.py for tasks to queue
[2026-07-01T18:58:14.694+0000] {logging_mixin.py:190} INFO - [2026-07-01T18:58:14.693+0000] {dagbag.py:588} INFO - Filling up the DagBag from /opt/airflow/dags/urban_data_pipeline_dag.py
[2026-07-01T18:58:15.092+0000] {processor.py:925} INFO - DAG(s) 'urban_data_pipeline' retrieved from /opt/airflow/dags/urban_data_pipeline_dag.py
[2026-07-01T18:58:15.155+0000] {logging_mixin.py:190} INFO - [2026-07-01T18:58:15.154+0000] {dag.py:3239} INFO - Sync 1 DAGs
[2026-07-01T18:58:15.183+0000] {logging_mixin.py:190} INFO - [2026-07-01T18:58:15.183+0000] {dag.py:4180} INFO - Setting next_dagrun for urban_data_pipeline to 2026-07-01 00:00:00+00:00, run_after=2026-08-01 00:00:00+00:00
[2026-07-01T18:58:15.217+0000] {processor.py:208} INFO - Processing /opt/airflow/dags/urban_data_pipeline_dag.py took 0.540 seconds
[2026-07-01T18:58:45.692+0000] {processor.py:186} INFO - Started process (PID=7727) to work on /opt/airflow/dags/urban_data_pipeline_dag.py
[2026-07-01T18:58:45.694+0000] {processor.py:914} INFO - Processing file /opt/airflow/dags/urban_data_pipeline_dag.py for tasks to queue
[2026-07-01T18:58:45.696+0000] {logging_mixin.py:190} INFO - [2026-07-01T18:58:45.696+0000] {dagbag.py:588} INFO - Filling up the DagBag from /opt/airflow/dags/urban_data_pipeline_dag.py
[2026-07-01T18:58:45.927+0000] {processor.py:925} INFO - DAG(s) 'urban_data_pipeline' retrieved from /opt/airflow/dags/urban_data_pipeline_dag.py
[2026-07-01T18:58:45.974+0000] {logging_mixin.py:190} INFO - [2026-07-01T18:58:45.974+0000] {dag.py:3239} INFO - Sync 1 DAGs
[2026-07-01T18:58:46.000+0000] {logging_mixin.py:190} INFO - [2026-07-01T18:58:46.000+0000] {dag.py:4180} INFO - Setting next_dagrun for urban_data_pipeline to 2026-07-01 00:00:00+00:00, run_after=2026-08-01 00:00:00+00:00
[2026-07-01T18:58:46.023+0000] {processor.py:208} INFO - Processing /opt/airflow/dags/urban_data_pipeline_dag.py took 0.339 seconds
[2026-07-01T18:59:16.167+0000] {processor.py:186} INFO - Started process (PID=7746) to work on /opt/airflow/dags/urban_data_pipeline_dag.py
[2026-07-01T18:59:16.172+0000] {processor.py:914} INFO - Processing file /opt/airflow/dags/urban_data_pipeline_dag.py for tasks to queue
[2026-07-01T18:59:16.181+0000] {logging_mixin.py:190} INFO - [2026-07-01T18:59:16.181+0000] {dagbag.py:588} INFO - Filling up the DagBag from /opt/airflow/dags/urban_data_pipeline_dag.py
[2026-07-01T18:59:16.354+0000] {processor.py:925} INFO - DAG(s) 'urban_data_pipeline' retrieved from /opt/airflow/dags/urban_data_pipeline_dag.py
[2026-07-01T18:59:16.406+0000] {logging_mixin.py:190} INFO - [2026-07-01T18:59:16.406+0000] {dag.py:3239} INFO - Sync 1 DAGs
[2026-07-01T18:59:16.430+0000] {logging_mixin.py:190} INFO - [2026-07-01T18:59:16.430+0000] {dag.py:4180} INFO - Setting next_dagrun for urban_data_pipeline to 2026-07-01 00:00:00+00:00, run_after=2026-08-01 00:00:00+00:00
[2026-07-01T18:59:16.461+0000] {processor.py:208} INFO - Processing /opt/airflow/dags/urban_data_pipeline_dag.py took 0.312 seconds
[2026-07-01T18:59:46.615+0000] {processor.py:186} INFO - Started process (PID=7764) to work on /opt/airflow/dags/urban_data_pipeline_dag.py
[2026-07-01T18:59:46.617+0000] {processor.py:914} INFO - Processing file /opt/airflow/dags/urban_data_pipeline_dag.py for tasks to queue
[2026-07-01T18:59:46.621+0000] {logging_mixin.py:190} INFO - [2026-07-01T18:59:46.620+0000] {dagbag.py:588} INFO - Filling up the DagBag from /opt/airflow/dags/urban_data_pipeline_dag.py
[2026-07-01T18:59:46.774+0000] {processor.py:925} INFO - DAG(s) 'urban_data_pipeline' retrieved from /opt/airflow/dags/urban_data_pipeline_dag.py
[2026-07-01T18:59:46.822+0000] {logging_mixin.py:190} INFO - [2026-07-01T18:59:46.822+0000] {dag.py:3239} INFO - Sync 1 DAGs
[2026-07-01T18:59:46.846+0000] {logging_mixin.py:190} INFO - [2026-07-01T18:59:46.846+0000] {dag.py:4180} INFO - Setting next_dagrun for urban_data_pipeline to 2026-07-01 00:00:00+00:00, run_after=2026-08-01 00:00:00+00:00
[2026-07-01T18:59:46.869+0000] {processor.py:208} INFO - Processing /opt/airflow/dags/urban_data_pipeline_dag.py took 0.265 seconds
[2026-07-01T19:00:17.373+0000] {processor.py:186} INFO - Started process (PID=7782) to work on /opt/airflow/dags/urban_data_pipeline_dag.py
[2026-07-01T19:00:17.377+0000] {processor.py:914} INFO - Processing file /opt/airflow/dags/urban_data_pipeline_dag.py for tasks to queue
[2026-07-01T19:00:17.380+0000] {logging_mixin.py:190} INFO - [2026-07-01T19:00:17.379+0000] {dagbag.py:588} INFO - Filling up the DagBag from /opt/airflow/dags/urban_data_pipeline_dag.py
[2026-07-01T19:00:17.546+0000] {processor.py:925} INFO - DAG(s) 'urban_data_pipeline' retrieved from /opt/airflow/dags/urban_data_pipeline_dag.py
[2026-07-01T19:00:17.597+0000] {logging_mixin.py:190} INFO - [2026-07-01T19:00:17.596+0000] {dag.py:3239} INFO - Sync 1 DAGs
[2026-07-01T19:00:17.623+0000] {logging_mixin.py:190} INFO - [2026-07-01T19:00:17.623+0000] {dag.py:4180} INFO - Setting next_dagrun for urban_data_pipeline to 2026-07-01 00:00:00+00:00, run_after=2026-08-01 00:00:00+00:00
[2026-07-01T19:00:17.663+0000] {processor.py:208} INFO - Processing /opt/airflow/dags/urban_data_pipeline_dag.py took 0.303 seconds
[2026-07-01T19:00:48.591+0000] {processor.py:186} INFO - Started process (PID=7800) to work on /opt/airflow/dags/urban_data_pipeline_dag.py
[2026-07-01T19:00:48.593+0000] {processor.py:914} INFO - Processing file /opt/airflow/dags/urban_data_pipeline_dag.py for tasks to queue
[2026-07-01T19:00:48.596+0000] {logging_mixin.py:190} INFO - [2026-07-01T19:00:48.596+0000] {dagbag.py:588} INFO - Filling up the DagBag from /opt/airflow/dags/urban_data_pipeline_dag.py
[2026-07-01T19:00:48.760+0000] {processor.py:925} INFO - DAG(s) 'urban_data_pipeline' retrieved from /opt/airflow/dags/urban_data_pipeline_dag.py
[2026-07-01T19:00:48.810+0000] {logging_mixin.py:190} INFO - [2026-07-01T19:00:48.809+0000] {dag.py:3239} INFO - Sync 1 DAGs
[2026-07-01T19:00:48.838+0000] {logging_mixin.py:190} INFO - [2026-07-01T19:00:48.837+0000] {dag.py:4180} INFO - Setting next_dagrun for urban_data_pipeline to 2026-07-01 00:00:00+00:00, run_after=2026-08-01 00:00:00+00:00
[2026-07-01T19:00:48.865+0000] {processor.py:208} INFO - Processing /opt/airflow/dags/urban_data_pipeline_dag.py took 0.282 seconds
[2026-07-01T19:01:19.246+0000] {processor.py:186} INFO - Started process (PID=7817) to work on /opt/airflow/dags/urban_data_pipeline_dag.py
[2026-07-01T19:01:19.248+0000] {processor.py:914} INFO - Processing file /opt/airflow/dags/urban_data_pipeline_dag.py for tasks to queue
[2026-07-01T19:01:19.252+0000] {logging_mixin.py:190} INFO - [2026-07-01T19:01:19.251+0000] {dagbag.py:588} INFO - Filling up the DagBag from /opt/airflow/dags/urban_data_pipeline_dag.py
[2026-07-01T19:01:19.490+0000] {processor.py:925} INFO - DAG(s) 'urban_data_pipeline' retrieved from /opt/airflow/dags/urban_data_pipeline_dag.py
[2026-07-01T19:01:19.575+0000] {logging_mixin.py:190} INFO - [2026-07-01T19:01:19.575+0000] {dag.py:3239} INFO - Sync 1 DAGs
[2026-07-01T19:01:19.620+0000] {logging_mixin.py:190} INFO - [2026-07-01T19:01:19.620+0000] {dag.py:4180} INFO - Setting next_dagrun for urban_data_pipeline to 2026-07-01 00:00:00+00:00, run_after=2026-08-01 00:00:00+00:00
[2026-07-01T19:01:19.657+0000] {processor.py:208} INFO - Processing /opt/airflow/dags/urban_data_pipeline_dag.py took 0.430 seconds
[2026-07-01T19:01:49.895+0000] {processor.py:186} INFO - Started process (PID=7828) to work on /opt/airflow/dags/urban_data_pipeline_dag.py
[2026-07-01T19:01:49.898+0000] {processor.py:914} INFO - Processing file /opt/airflow/dags/urban_data_pipeline_dag.py for tasks to queue
[2026-07-01T19:01:49.909+0000] {logging_mixin.py:190} INFO - [2026-07-01T19:01:49.907+0000] {dagbag.py:588} INFO - Filling up the DagBag from /opt/airflow/dags/urban_data_pipeline_dag.py
[2026-07-01T19:01:50.260+0000] {processor.py:925} INFO - DAG(s) 'urban_data_pipeline' retrieved from /opt/airflow/dags/urban_data_pipeline_dag.py
[2026-07-01T19:01:50.310+0000] {logging_mixin.py:190} INFO - [2026-07-01T19:01:50.310+0000] {dag.py:3239} INFO - Sync 1 DAGs
[2026-07-01T19:01:50.345+0000] {logging_mixin.py:190} INFO - [2026-07-01T19:01:50.345+0000] {dag.py:4180} INFO - Setting next_dagrun for urban_data_pipeline to 2026-07-01 00:00:00+00:00, run_after=2026-08-01 00:00:00+00:00
[2026-07-01T19:01:50.380+0000] {processor.py:208} INFO - Processing /opt/airflow/dags/urban_data_pipeline_dag.py took 0.500 seconds
[2026-07-01T19:02:21.274+0000] {processor.py:186} INFO - Started process (PID=7846) to work on /opt/airflow/dags/urban_data_pipeline_dag.py
[2026-07-01T19:02:21.275+0000] {processor.py:914} INFO - Processing file /opt/airflow/dags/urban_data_pipeline_dag.py for tasks to queue
[2026-07-01T19:02:21.279+0000] {logging_mixin.py:190} INFO - [2026-07-01T19:02:21.278+0000] {dagbag.py:588} INFO - Filling up the DagBag from /opt/airflow/dags/urban_data_pipeline_dag.py
[2026-07-01T19:02:21.464+0000] {processor.py:925} INFO - DAG(s) 'urban_data_pipeline' retrieved from /opt/airflow/dags/urban_data_pipeline_dag.py
[2026-07-01T19:02:21.527+0000] {logging_mixin.py:190} INFO - [2026-07-01T19:02:21.527+0000] {dag.py:3239} INFO - Sync 1 DAGs
[2026-07-01T19:02:21.581+0000] {logging_mixin.py:190} INFO - [2026-07-01T19:02:21.581+0000] {dag.py:4180} INFO - Setting next_dagrun for urban_data_pipeline to 2026-07-01 00:00:00+00:00, run_after=2026-08-01 00:00:00+00:00
[2026-07-01T19:02:21.622+0000] {processor.py:208} INFO - Processing /opt/airflow/dags/urban_data_pipeline_dag.py took 0.357 seconds
[2026-07-01T19:02:52.460+0000] {processor.py:186} INFO - Started process (PID=7864) to work on /opt/airflow/dags/urban_data_pipeline_dag.py
[2026-07-01T19:02:52.462+0000] {processor.py:914} INFO - Processing file /opt/airflow/dags/urban_data_pipeline_dag.py for tasks to queue
[2026-07-01T19:02:52.465+0000] {logging_mixin.py:190} INFO - [2026-07-01T19:02:52.464+0000] {dagbag.py:588} INFO - Filling up the DagBag from /opt/airflow/dags/urban_data_pipeline_dag.py
[2026-07-01T19:02:52.661+0000] {processor.py:925} INFO - DAG(s) 'urban_data_pipeline' retrieved from /opt/airflow/dags/urban_data_pipeline_dag.py
[2026-07-01T19:02:52.728+0000] {logging_mixin.py:190} INFO - [2026-07-01T19:02:52.728+0000] {dag.py:3239} INFO - Sync 1 DAGs
[2026-07-01T19:02:52.752+0000] {logging_mixin.py:190} INFO - [2026-07-01T19:02:52.752+0000] {dag.py:4180} INFO - Setting next_dagrun for urban_data_pipeline to 2026-07-01 00:00:00+00:00, run_after=2026-08-01 00:00:00+00:00
[2026-07-01T19:02:52.781+0000] {processor.py:208} INFO - Processing /opt/airflow/dags/urban_data_pipeline_dag.py took 0.327 seconds
[2026-07-01T19:03:23.193+0000] {processor.py:186} INFO - Started process (PID=7882) to work on /opt/airflow/dags/urban_data_pipeline_dag.py
[2026-07-01T19:03:23.194+0000] {processor.py:914} INFO - Processing file /opt/airflow/dags/urban_data_pipeline_dag.py for tasks to queue
[2026-07-01T19:03:23.199+0000] {logging_mixin.py:190} INFO - [2026-07-01T19:03:23.199+0000] {dagbag.py:588} INFO - Filling up the DagBag from /opt/airflow/dags/urban_data_pipeline_dag.py
[2026-07-01T19:03:23.532+0000] {processor.py:925} INFO - DAG(s) 'urban_data_pipeline' retrieved from /opt/airflow/dags/urban_data_pipeline_dag.py
[2026-07-01T19:03:23.581+0000] {logging_mixin.py:190} INFO - [2026-07-01T19:03:23.580+0000] {dag.py:3239} INFO - Sync 1 DAGs
[2026-07-01T19:03:23.617+0000] {logging_mixin.py:190} INFO - [2026-07-01T19:03:23.616+0000] {dag.py:4180} INFO - Setting next_dagrun for urban_data_pipeline to 2026-07-01 00:00:00+00:00, run_after=2026-08-01 00:00:00+00:00
[2026-07-01T19:03:23.674+0000] {processor.py:208} INFO - Processing /opt/airflow/dags/urban_data_pipeline_dag.py took 0.490 seconds
[2026-07-01T19:03:54.549+0000] {processor.py:186} INFO - Started process (PID=7900) to work on /opt/airflow/dags/urban_data_pipeline_dag.py
[2026-07-01T19:03:54.550+0000] {processor.py:914} INFO - Processing file /opt/airflow/dags/urban_data_pipeline_dag.py for tasks to queue
[2026-07-01T19:03:54.554+0000] {logging_mixin.py:190} INFO - [2026-07-01T19:03:54.553+0000] {dagbag.py:588} INFO - Filling up the DagBag from /opt/airflow/dags/urban_data_pipeline_dag.py
[2026-07-01T19:03:54.954+0000] {processor.py:925} INFO - DAG(s) 'urban_data_pipeline' retrieved from /opt/airflow/dags/urban_data_pipeline_dag.py
[2026-07-01T19:03:55.001+0000] {logging_mixin.py:190} INFO - [2026-07-01T19:03:55.000+0000] {dag.py:3239} INFO - Sync 1 DAGs
[2026-07-01T19:03:55.027+0000] {logging_mixin.py:190} INFO - [2026-07-01T19:03:55.026+0000] {dag.py:4180} INFO - Setting next_dagrun for urban_data_pipeline to 2026-07-01 00:00:00+00:00, run_after=2026-08-01 00:00:00+00:00
[2026-07-01T19:03:55.084+0000] {processor.py:208} INFO - Processing /opt/airflow/dags/urban_data_pipeline_dag.py took 0.544 seconds
[2026-07-01T19:04:26.027+0000] {processor.py:186} INFO - Started process (PID=7921) to work on /opt/airflow/dags/urban_data_pipeline_dag.py
[2026-07-01T19:04:26.028+0000] {processor.py:914} INFO - Processing file /opt/airflow/dags/urban_data_pipeline_dag.py for tasks to queue
[2026-07-01T19:04:26.031+0000] {logging_mixin.py:190} INFO - [2026-07-01T19:04:26.031+0000] {dagbag.py:588} INFO - Filling up the DagBag from /opt/airflow/dags/urban_data_pipeline_dag.py
[2026-07-01T19:04:26.189+0000] {processor.py:925} INFO - DAG(s) 'urban_data_pipeline' retrieved from /opt/airflow/dags/urban_data_pipeline_dag.py
[2026-07-01T19:04:26.250+0000] {logging_mixin.py:190} INFO - [2026-07-01T19:04:26.250+0000] {dag.py:3239} INFO - Sync 1 DAGs
[2026-07-01T19:04:26.277+0000] {logging_mixin.py:190} INFO - [2026-07-01T19:04:26.277+0000] {dag.py:4180} INFO - Setting next_dagrun for urban_data_pipeline to 2026-07-01 00:00:00+00:00, run_after=2026-08-01 00:00:00+00:00
[2026-07-01T19:04:26.306+0000] {processor.py:208} INFO - Processing /opt/airflow/dags/urban_data_pipeline_dag.py took 0.285 seconds
[2026-07-01T19:04:56.822+0000] {processor.py:186} INFO - Started process (PID=7939) to work on /opt/airflow/dags/urban_data_pipeline_dag.py
[2026-07-01T19:04:56.824+0000] {processor.py:914} INFO - Processing file /opt/airflow/dags/urban_data_pipeline_dag.py for tasks to queue
[2026-07-01T19:04:56.827+0000] {logging_mixin.py:190} INFO - [2026-07-01T19:04:56.827+0000] {dagbag.py:588} INFO - Filling up the DagBag from /opt/airflow/dags/urban_data_pipeline_dag.py
[2026-07-01T19:04:57.022+0000] {processor.py:925} INFO - DAG(s) 'urban_data_pipeline' retrieved from /opt/airflow/dags/urban_data_pipeline_dag.py
[2026-07-01T19:04:57.076+0000] {logging_mixin.py:190} INFO - [2026-07-01T19:04:57.076+0000] {dag.py:3239} INFO - Sync 1 DAGs
[2026-07-01T19:04:57.110+0000] {logging_mixin.py:190} INFO - [2026-07-01T19:04:57.110+0000] {dag.py:4180} INFO - Setting next_dagrun for urban_data_pipeline to 2026-07-01 00:00:00+00:00, run_after=2026-08-01 00:00:00+00:00
[2026-07-01T19:04:57.140+0000] {processor.py:208} INFO - Processing /opt/airflow/dags/urban_data_pipeline_dag.py took 0.328 seconds
[2026-07-01T19:05:27.693+0000] {processor.py:186} INFO - Started process (PID=7957) to work on /opt/airflow/dags/urban_data_pipeline_dag.py
[2026-07-01T19:05:27.695+0000] {processor.py:914} INFO - Processing file /opt/airflow/dags/urban_data_pipeline_dag.py for tasks to queue
[2026-07-01T19:05:27.700+0000] {logging_mixin.py:190} INFO - [2026-07-01T19:05:27.699+0000] {dagbag.py:588} INFO - Filling up the DagBag from /opt/airflow/dags/urban_data_pipeline_dag.py
[2026-07-01T19:05:27.882+0000] {processor.py:925} INFO - DAG(s) 'urban_data_pipeline' retrieved from /opt/airflow/dags/urban_data_pipeline_dag.py
[2026-07-01T19:05:27.946+0000] {logging_mixin.py:190} INFO - [2026-07-01T19:05:27.946+0000] {dag.py:3239} INFO - Sync 1 DAGs
[2026-07-01T19:05:27.987+0000] {logging_mixin.py:190} INFO - [2026-07-01T19:05:27.986+0000] {dag.py:4180} INFO - Setting next_dagrun for urban_data_pipeline to 2026-07-01 00:00:00+00:00, run_after=2026-08-01 00:00:00+00:00
[2026-07-01T19:05:28.023+0000] {processor.py:208} INFO - Processing /opt/airflow/dags/urban_data_pipeline_dag.py took 0.336 seconds
[2026-07-01T19:05:58.605+0000] {processor.py:186} INFO - Started process (PID=7975) to work on /opt/airflow/dags/urban_data_pipeline_dag.py
[2026-07-01T19:05:58.606+0000] {processor.py:914} INFO - Processing file /opt/airflow/dags/urban_data_pipeline_dag.py for tasks to queue
[2026-07-01T19:05:58.609+0000] {logging_mixin.py:190} INFO - [2026-07-01T19:05:58.609+0000] {dagbag.py:588} INFO - Filling up the DagBag from /opt/airflow/dags/urban_data_pipeline_dag.py
[2026-07-01T19:05:58.784+0000] {processor.py:925} INFO - DAG(s) 'urban_data_pipeline' retrieved from /opt/airflow/dags/urban_data_pipeline_dag.py
[2026-07-01T19:05:58.835+0000] {logging_mixin.py:190} INFO - [2026-07-01T19:05:58.835+0000] {dag.py:3239} INFO - Sync 1 DAGs
[2026-07-01T19:05:58.865+0000] {logging_mixin.py:190} INFO - [2026-07-01T19:05:58.865+0000] {dag.py:4180} INFO - Setting next_dagrun for urban_data_pipeline to 2026-07-01 00:00:00+00:00, run_after=2026-08-01 00:00:00+00:00
[2026-07-01T19:05:58.896+0000] {processor.py:208} INFO - Processing /opt/airflow/dags/urban_data_pipeline_dag.py took 0.302 seconds
[2026-07-01T19:06:29.617+0000] {processor.py:186} INFO - Started process (PID=7992) to work on /opt/airflow/dags/urban_data_pipeline_dag.py
[2026-07-01T19:06:29.618+0000] {processor.py:914} INFO - Processing file /opt/airflow/dags/urban_data_pipeline_dag.py for tasks to queue
[2026-07-01T19:06:29.621+0000] {logging_mixin.py:190} INFO - [2026-07-01T19:06:29.621+0000] {dagbag.py:588} INFO - Filling up the DagBag from /opt/airflow/dags/urban_data_pipeline_dag.py
[2026-07-01T19:06:29.790+0000] {processor.py:925} INFO - DAG(s) 'urban_data_pipeline' retrieved from /opt/airflow/dags/urban_data_pipeline_dag.py
[2026-07-01T19:06:29.833+0000] {logging_mixin.py:190} INFO - [2026-07-01T19:06:29.833+0000] {dag.py:3239} INFO - Sync 1 DAGs
[2026-07-01T19:06:29.866+0000] {logging_mixin.py:190} INFO - [2026-07-01T19:06:29.866+0000] {dag.py:4180} INFO - Setting next_dagrun for urban_data_pipeline to 2026-07-01 00:00:00+00:00, run_after=2026-08-01 00:00:00+00:00
[2026-07-01T19:06:29.891+0000] {processor.py:208} INFO - Processing /opt/airflow/dags/urban_data_pipeline_dag.py took 0.281 seconds
[2026-07-01T19:07:00.501+0000] {processor.py:186} INFO - Started process (PID=8003) to work on /opt/airflow/dags/urban_data_pipeline_dag.py
[2026-07-01T19:07:00.502+0000] {processor.py:914} INFO - Processing file /opt/airflow/dags/urban_data_pipeline_dag.py for tasks to queue
[2026-07-01T19:07:00.505+0000] {logging_mixin.py:190} INFO - [2026-07-01T19:07:00.505+0000] {dagbag.py:588} INFO - Filling up the DagBag from /opt/airflow/dags/urban_data_pipeline_dag.py
[2026-07-01T19:07:00.824+0000] {processor.py:925} INFO - DAG(s) 'urban_data_pipeline' retrieved from /opt/airflow/dags/urban_data_pipeline_dag.py
[2026-07-01T19:07:00.893+0000] {logging_mixin.py:190} INFO - [2026-07-01T19:07:00.893+0000] {dag.py:3239} INFO - Sync 1 DAGs
[2026-07-01T19:07:00.923+0000] {logging_mixin.py:190} INFO - [2026-07-01T19:07:00.922+0000] {dag.py:4180} INFO - Setting next_dagrun for urban_data_pipeline to 2026-07-01 00:00:00+00:00, run_after=2026-08-01 00:00:00+00:00
[2026-07-01T19:07:00.948+0000] {processor.py:208} INFO - Processing /opt/airflow/dags/urban_data_pipeline_dag.py took 0.458 seconds
[2026-07-01T19:07:31.463+0000] {processor.py:186} INFO - Started process (PID=8021) to work on /opt/airflow/dags/urban_data_pipeline_dag.py
[2026-07-01T19:07:31.464+0000] {processor.py:914} INFO - Processing file /opt/airflow/dags/urban_data_pipeline_dag.py for tasks to queue
[2026-07-01T19:07:31.467+0000] {logging_mixin.py:190} INFO - [2026-07-01T19:07:31.467+0000] {dagbag.py:588} INFO - Filling up the DagBag from /opt/airflow/dags/urban_data_pipeline_dag.py
[2026-07-01T19:07:31.590+0000] {processor.py:925} INFO - DAG(s) 'urban_data_pipeline' retrieved from /opt/airflow/dags/urban_data_pipeline_dag.py
[2026-07-01T19:07:31.636+0000] {logging_mixin.py:190} INFO - [2026-07-01T19:07:31.636+0000] {dag.py:3239} INFO - Sync 1 DAGs
[2026-07-01T19:07:31.664+0000] {logging_mixin.py:190} INFO - [2026-07-01T19:07:31.663+0000] {dag.py:4180} INFO - Setting next_dagrun for urban_data_pipeline to 2026-07-01 00:00:00+00:00, run_after=2026-08-01 00:00:00+00:00
[2026-07-01T19:07:31.690+0000] {processor.py:208} INFO - Processing /opt/airflow/dags/urban_data_pipeline_dag.py took 0.235 seconds
[2026-07-01T19:08:02.424+0000] {processor.py:186} INFO - Started process (PID=8039) to work on /opt/airflow/dags/urban_data_pipeline_dag.py
[2026-07-01T19:08:02.425+0000] {processor.py:914} INFO - Processing file /opt/airflow/dags/urban_data_pipeline_dag.py for tasks to queue
[2026-07-01T19:08:02.432+0000] {logging_mixin.py:190} INFO - [2026-07-01T19:08:02.431+0000] {dagbag.py:588} INFO - Filling up the DagBag from /opt/airflow/dags/urban_data_pipeline_dag.py
[2026-07-01T19:08:02.649+0000] {processor.py:925} INFO - DAG(s) 'urban_data_pipeline' retrieved from /opt/airflow/dags/urban_data_pipeline_dag.py
[2026-07-01T19:08:02.696+0000] {logging_mixin.py:190} INFO - [2026-07-01T19:08:02.695+0000] {dag.py:3239} INFO - Sync 1 DAGs
[2026-07-01T19:08:02.731+0000] {logging_mixin.py:190} INFO - [2026-07-01T19:08:02.731+0000] {dag.py:4180} INFO - Setting next_dagrun for urban_data_pipeline to 2026-07-01 00:00:00+00:00, run_after=2026-08-01 00:00:00+00:00
[2026-07-01T19:08:02.760+0000] {processor.py:208} INFO - Processing /opt/airflow/dags/urban_data_pipeline_dag.py took 0.346 seconds
[2026-07-01T19:08:33.322+0000] {processor.py:186} INFO - Started process (PID=8057) to work on /opt/airflow/dags/urban_data_pipeline_dag.py
[2026-07-01T19:08:33.323+0000] {processor.py:914} INFO - Processing file /opt/airflow/dags/urban_data_pipeline_dag.py for tasks to queue
[2026-07-01T19:08:33.328+0000] {logging_mixin.py:190} INFO - [2026-07-01T19:08:33.327+0000] {dagbag.py:588} INFO - Filling up the DagBag from /opt/airflow/dags/urban_data_pipeline_dag.py
[2026-07-01T19:08:33.632+0000] {processor.py:925} INFO - DAG(s) 'urban_data_pipeline' retrieved from /opt/airflow/dags/urban_data_pipeline_dag.py
[2026-07-01T19:08:33.690+0000] {logging_mixin.py:190} INFO - [2026-07-01T19:08:33.689+0000] {dag.py:3239} INFO - Sync 1 DAGs
[2026-07-01T19:08:33.729+0000] {logging_mixin.py:190} INFO - [2026-07-01T19:08:33.728+0000] {dag.py:4180} INFO - Setting next_dagrun for urban_data_pipeline to 2026-07-01 00:00:00+00:00, run_after=2026-08-01 00:00:00+00:00
[2026-07-01T19:08:33.754+0000] {processor.py:208} INFO - Processing /opt/airflow/dags/urban_data_pipeline_dag.py took 0.441 seconds
[2026-07-01T19:09:04.039+0000] {processor.py:186} INFO - Started process (PID=8075) to work on /opt/airflow/dags/urban_data_pipeline_dag.py
[2026-07-01T19:09:04.040+0000] {processor.py:914} INFO - Processing file /opt/airflow/dags/urban_data_pipeline_dag.py for tasks to queue
[2026-07-01T19:09:04.043+0000] {logging_mixin.py:190} INFO - [2026-07-01T19:09:04.043+0000] {dagbag.py:588} INFO - Filling up the DagBag from /opt/airflow/dags/urban_data_pipeline_dag.py
[2026-07-01T19:09:04.428+0000] {processor.py:925} INFO - DAG(s) 'urban_data_pipeline' retrieved from /opt/airflow/dags/urban_data_pipeline_dag.py
[2026-07-01T19:09:04.485+0000] {logging_mixin.py:190} INFO - [2026-07-01T19:09:04.485+0000] {dag.py:3239} INFO - Sync 1 DAGs
[2026-07-01T19:09:04.515+0000] {logging_mixin.py:190} INFO - [2026-07-01T19:09:04.515+0000] {dag.py:4180} INFO - Setting next_dagrun for urban_data_pipeline to 2026-07-01 00:00:00+00:00, run_after=2026-08-01 00:00:00+00:00
[2026-07-01T19:09:04.543+0000] {processor.py:208} INFO - Processing /opt/airflow/dags/urban_data_pipeline_dag.py took 0.515 seconds
[2026-07-01T19:09:34.967+0000] {processor.py:186} INFO - Started process (PID=8095) to work on /opt/airflow/dags/urban_data_pipeline_dag.py
[2026-07-01T19:09:34.973+0000] {processor.py:914} INFO - Processing file /opt/airflow/dags/urban_data_pipeline_dag.py for tasks to queue
[2026-07-01T19:09:34.979+0000] {logging_mixin.py:190} INFO - [2026-07-01T19:09:34.979+0000] {dagbag.py:588} INFO - Filling up the DagBag from /opt/airflow/dags/urban_data_pipeline_dag.py
[2026-07-01T19:09:35.258+0000] {processor.py:925} INFO - DAG(s) 'urban_data_pipeline' retrieved from /opt/airflow/dags/urban_data_pipeline_dag.py
[2026-07-01T19:09:35.308+0000] {logging_mixin.py:190} INFO - [2026-07-01T19:09:35.307+0000] {dag.py:3239} INFO - Sync 1 DAGs
[2026-07-01T19:09:35.334+0000] {logging_mixin.py:190} INFO - [2026-07-01T19:09:35.334+0000] {dag.py:4180} INFO - Setting next_dagrun for urban_data_pipeline to 2026-07-01 00:00:00+00:00, run_after=2026-08-01 00:00:00+00:00
[2026-07-01T19:09:35.357+0000] {processor.py:208} INFO - Processing /opt/airflow/dags/urban_data_pipeline_dag.py took 0.400 seconds
[2026-07-01T19:10:05.666+0000] {processor.py:186} INFO - Started process (PID=8113) to work on /opt/airflow/dags/urban_data_pipeline_dag.py
[2026-07-01T19:10:05.667+0000] {processor.py:914} INFO - Processing file /opt/airflow/dags/urban_data_pipeline_dag.py for tasks to queue
[2026-07-01T19:10:05.671+0000] {logging_mixin.py:190} INFO - [2026-07-01T19:10:05.670+0000] {dagbag.py:588} INFO - Filling up the DagBag from /opt/airflow/dags/urban_data_pipeline_dag.py
[2026-07-01T19:10:05.953+0000] {processor.py:925} INFO - DAG(s) 'urban_data_pipeline' retrieved from /opt/airflow/dags/urban_data_pipeline_dag.py
[2026-07-01T19:10:06.031+0000] {logging_mixin.py:190} INFO - [2026-07-01T19:10:06.031+0000] {dag.py:3239} INFO - Sync 1 DAGs
[2026-07-01T19:10:06.057+0000] {logging_mixin.py:190} INFO - [2026-07-01T19:10:06.057+0000] {dag.py:4180} INFO - Setting next_dagrun for urban_data_pipeline to 2026-07-01 00:00:00+00:00, run_after=2026-08-01 00:00:00+00:00
[2026-07-01T19:10:06.082+0000] {processor.py:208} INFO - Processing /opt/airflow/dags/urban_data_pipeline_dag.py took 0.425 seconds
[2026-07-01T19:10:36.392+0000] {processor.py:186} INFO - Started process (PID=8131) to work on /opt/airflow/dags/urban_data_pipeline_dag.py
[2026-07-01T19:10:36.393+0000] {processor.py:914} INFO - Processing file /opt/airflow/dags/urban_data_pipeline_dag.py for tasks to queue
[2026-07-01T19:10:36.396+0000] {logging_mixin.py:190} INFO - [2026-07-01T19:10:36.396+0000] {dagbag.py:588} INFO - Filling up the DagBag from /opt/airflow/dags/urban_data_pipeline_dag.py
[2026-07-01T19:10:36.526+0000] {processor.py:925} INFO - DAG(s) 'urban_data_pipeline' retrieved from /opt/airflow/dags/urban_data_pipeline_dag.py
[2026-07-01T19:10:36.574+0000] {logging_mixin.py:190} INFO - [2026-07-01T19:10:36.574+0000] {dag.py:3239} INFO - Sync 1 DAGs
[2026-07-01T19:10:36.598+0000] {logging_mixin.py:190} INFO - [2026-07-01T19:10:36.597+0000] {dag.py:4180} INFO - Setting next_dagrun for urban_data_pipeline to 2026-07-01 00:00:00+00:00, run_after=2026-08-01 00:00:00+00:00
[2026-07-01T19:10:36.626+0000] {processor.py:208} INFO - Processing /opt/airflow/dags/urban_data_pipeline_dag.py took 0.243 seconds
[2026-07-01T19:11:07.616+0000] {processor.py:186} INFO - Started process (PID=8149) to work on /opt/airflow/dags/urban_data_pipeline_dag.py
[2026-07-01T19:11:07.620+0000] {processor.py:914} INFO - Processing file /opt/airflow/dags/urban_data_pipeline_dag.py for tasks to queue
[2026-07-01T19:11:07.624+0000] {logging_mixin.py:190} INFO - [2026-07-01T19:11:07.624+0000] {dagbag.py:588} INFO - Filling up the DagBag from /opt/airflow/dags/urban_data_pipeline_dag.py
[2026-07-01T19:11:07.812+0000] {processor.py:925} INFO - DAG(s) 'urban_data_pipeline' retrieved from /opt/airflow/dags/urban_data_pipeline_dag.py
[2026-07-01T19:11:07.924+0000] {logging_mixin.py:190} INFO - [2026-07-01T19:11:07.924+0000] {dag.py:3239} INFO - Sync 1 DAGs
[2026-07-01T19:11:07.959+0000] {logging_mixin.py:190} INFO - [2026-07-01T19:11:07.959+0000] {dag.py:4180} INFO - Setting next_dagrun for urban_data_pipeline to 2026-07-01 00:00:00+00:00, run_after=2026-08-01 00:00:00+00:00
[2026-07-01T19:11:08.004+0000] {processor.py:208} INFO - Processing /opt/airflow/dags/urban_data_pipeline_dag.py took 0.398 seconds
[2026-07-01T19:11:38.869+0000] {processor.py:186} INFO - Started process (PID=8167) to work on /opt/airflow/dags/urban_data_pipeline_dag.py
[2026-07-01T19:11:38.870+0000] {processor.py:914} INFO - Processing file /opt/airflow/dags/urban_data_pipeline_dag.py for tasks to queue
[2026-07-01T19:11:38.873+0000] {logging_mixin.py:190} INFO - [2026-07-01T19:11:38.873+0000] {dagbag.py:588} INFO - Filling up the DagBag from /opt/airflow/dags/urban_data_pipeline_dag.py
[2026-07-01T19:11:39.001+0000] {processor.py:925} INFO - DAG(s) 'urban_data_pipeline' retrieved from /opt/airflow/dags/urban_data_pipeline_dag.py
[2026-07-01T19:11:39.051+0000] {logging_mixin.py:190} INFO - [2026-07-01T19:11:39.051+0000] {dag.py:3239} INFO - Sync 1 DAGs
[2026-07-01T19:11:39.085+0000] {logging_mixin.py:190} INFO - [2026-07-01T19:11:39.085+0000] {dag.py:4180} INFO - Setting next_dagrun for urban_data_pipeline to 2026-07-01 00:00:00+00:00, run_after=2026-08-01 00:00:00+00:00
[2026-07-01T19:11:39.120+0000] {processor.py:208} INFO - Processing /opt/airflow/dags/urban_data_pipeline_dag.py took 0.257 seconds
[2026-07-01T19:12:09.993+0000] {processor.py:186} INFO - Started process (PID=8184) to work on /opt/airflow/dags/urban_data_pipeline_dag.py
[2026-07-01T19:12:09.994+0000] {processor.py:914} INFO - Processing file /opt/airflow/dags/urban_data_pipeline_dag.py for tasks to queue
[2026-07-01T19:12:09.999+0000] {logging_mixin.py:190} INFO - [2026-07-01T19:12:09.999+0000] {dagbag.py:588} INFO - Filling up the DagBag from /opt/airflow/dags/urban_data_pipeline_dag.py
[2026-07-01T19:12:10.139+0000] {processor.py:925} INFO - DAG(s) 'urban_data_pipeline' retrieved from /opt/airflow/dags/urban_data_pipeline_dag.py
[2026-07-01T19:12:10.187+0000] {logging_mixin.py:190} INFO - [2026-07-01T19:12:10.187+0000] {dag.py:3239} INFO - Sync 1 DAGs
[2026-07-01T19:12:10.210+0000] {logging_mixin.py:190} INFO - [2026-07-01T19:12:10.210+0000] {dag.py:4180} INFO - Setting next_dagrun for urban_data_pipeline to 2026-07-01 00:00:00+00:00, run_after=2026-08-01 00:00:00+00:00
[2026-07-01T19:12:10.238+0000] {processor.py:208} INFO - Processing /opt/airflow/dags/urban_data_pipeline_dag.py took 0.253 seconds
[2026-07-01T19:12:41.124+0000] {processor.py:186} INFO - Started process (PID=8195) to work on /opt/airflow/dags/urban_data_pipeline_dag.py
[2026-07-01T19:12:41.125+0000] {processor.py:914} INFO - Processing file /opt/airflow/dags/urban_data_pipeline_dag.py for tasks to queue
[2026-07-01T19:12:41.128+0000] {logging_mixin.py:190} INFO - [2026-07-01T19:12:41.127+0000] {dagbag.py:588} INFO - Filling up the DagBag from /opt/airflow/dags/urban_data_pipeline_dag.py
[2026-07-01T19:12:41.279+0000] {processor.py:925} INFO - DAG(s) 'urban_data_pipeline' retrieved from /opt/airflow/dags/urban_data_pipeline_dag.py
[2026-07-01T19:12:41.378+0000] {logging_mixin.py:190} INFO - [2026-07-01T19:12:41.378+0000] {dag.py:3239} INFO - Sync 1 DAGs
[2026-07-01T19:12:41.403+0000] {logging_mixin.py:190} INFO - [2026-07-01T19:12:41.403+0000] {dag.py:4180} INFO - Setting next_dagrun for urban_data_pipeline to 2026-07-01 00:00:00+00:00, run_after=2026-08-01 00:00:00+00:00
[2026-07-01T19:12:41.430+0000] {processor.py:208} INFO - Processing /opt/airflow/dags/urban_data_pipeline_dag.py took 0.313 seconds
[2026-07-01T19:13:11.676+0000] {processor.py:186} INFO - Started process (PID=8213) to work on /opt/airflow/dags/urban_data_pipeline_dag.py
[2026-07-01T19:13:11.678+0000] {processor.py:914} INFO - Processing file /opt/airflow/dags/urban_data_pipeline_dag.py for tasks to queue
[2026-07-01T19:13:11.683+0000] {logging_mixin.py:190} INFO - [2026-07-01T19:13:11.682+0000] {dagbag.py:588} INFO - Filling up the DagBag from /opt/airflow/dags/urban_data_pipeline_dag.py
[2026-07-01T19:13:11.949+0000] {processor.py:925} INFO - DAG(s) 'urban_data_pipeline' retrieved from /opt/airflow/dags/urban_data_pipeline_dag.py
[2026-07-01T19:13:12.022+0000] {logging_mixin.py:190} INFO - [2026-07-01T19:13:12.021+0000] {dag.py:3239} INFO - Sync 1 DAGs
[2026-07-01T19:13:12.057+0000] {logging_mixin.py:190} INFO - [2026-07-01T19:13:12.057+0000] {dag.py:4180} INFO - Setting next_dagrun for urban_data_pipeline to 2026-07-01 00:00:00+00:00, run_after=2026-08-01 00:00:00+00:00
[2026-07-01T19:13:12.085+0000] {processor.py:208} INFO - Processing /opt/airflow/dags/urban_data_pipeline_dag.py took 0.417 seconds
[2026-07-01T19:13:42.743+0000] {processor.py:186} INFO - Started process (PID=8231) to work on /opt/airflow/dags/urban_data_pipeline_dag.py
[2026-07-01T19:13:42.745+0000] {processor.py:914} INFO - Processing file /opt/airflow/dags/urban_data_pipeline_dag.py for tasks to queue
[2026-07-01T19:13:42.752+0000] {logging_mixin.py:190} INFO - [2026-07-01T19:13:42.751+0000] {dagbag.py:588} INFO - Filling up the DagBag from /opt/airflow/dags/urban_data_pipeline_dag.py
[2026-07-01T19:13:42.924+0000] {processor.py:925} INFO - DAG(s) 'urban_data_pipeline' retrieved from /opt/airflow/dags/urban_data_pipeline_dag.py
[2026-07-01T19:13:42.990+0000] {logging_mixin.py:190} INFO - [2026-07-01T19:13:42.989+0000] {dag.py:3239} INFO - Sync 1 DAGs
[2026-07-01T19:13:43.017+0000] {logging_mixin.py:190} INFO - [2026-07-01T19:13:43.016+0000] {dag.py:4180} INFO - Setting next_dagrun for urban_data_pipeline to 2026-07-01 00:00:00+00:00, run_after=2026-08-01 00:00:00+00:00
[2026-07-01T19:13:43.062+0000] {processor.py:208} INFO - Processing /opt/airflow/dags/urban_data_pipeline_dag.py took 0.334 seconds
[2026-07-01T19:14:13.215+0000] {processor.py:186} INFO - Started process (PID=8249) to work on /opt/airflow/dags/urban_data_pipeline_dag.py
[2026-07-01T19:14:13.218+0000] {processor.py:914} INFO - Processing file /opt/airflow/dags/urban_data_pipeline_dag.py for tasks to queue
[2026-07-01T19:14:13.236+0000] {logging_mixin.py:190} INFO - [2026-07-01T19:14:13.234+0000] {dagbag.py:588} INFO - Filling up the DagBag from /opt/airflow/dags/urban_data_pipeline_dag.py
[2026-07-01T19:14:13.424+0000] {processor.py:925} INFO - DAG(s) 'urban_data_pipeline' retrieved from /opt/airflow/dags/urban_data_pipeline_dag.py
[2026-07-01T19:14:13.480+0000] {logging_mixin.py:190} INFO - [2026-07-01T19:14:13.479+0000] {dag.py:3239} INFO - Sync 1 DAGs
[2026-07-01T19:14:13.512+0000] {logging_mixin.py:190} INFO - [2026-07-01T19:14:13.512+0000] {dag.py:4180} INFO - Setting next_dagrun for urban_data_pipeline to 2026-07-01 00:00:00+00:00, run_after=2026-08-01 00:00:00+00:00
[2026-07-01T19:14:13.545+0000] {processor.py:208} INFO - Processing /opt/airflow/dags/urban_data_pipeline_dag.py took 0.346 seconds
[2026-07-01T19:14:44.552+0000] {processor.py:186} INFO - Started process (PID=8267) to work on /opt/airflow/dags/urban_data_pipeline_dag.py
[2026-07-01T19:14:44.555+0000] {processor.py:914} INFO - Processing file /opt/airflow/dags/urban_data_pipeline_dag.py for tasks to queue
[2026-07-01T19:14:44.565+0000] {logging_mixin.py:190} INFO - [2026-07-01T19:14:44.564+0000] {dagbag.py:588} INFO - Filling up the DagBag from /opt/airflow/dags/urban_data_pipeline_dag.py
[2026-07-01T19:14:44.718+0000] {processor.py:925} INFO - DAG(s) 'urban_data_pipeline' retrieved from /opt/airflow/dags/urban_data_pipeline_dag.py
[2026-07-01T19:14:44.775+0000] {logging_mixin.py:190} INFO - [2026-07-01T19:14:44.774+0000] {dag.py:3239} INFO - Sync 1 DAGs
[2026-07-01T19:14:44.804+0000] {logging_mixin.py:190} INFO - [2026-07-01T19:14:44.804+0000] {dag.py:4180} INFO - Setting next_dagrun for urban_data_pipeline to 2026-07-01 00:00:00+00:00, run_after=2026-08-01 00:00:00+00:00
[2026-07-01T19:14:44.832+0000] {processor.py:208} INFO - Processing /opt/airflow/dags/urban_data_pipeline_dag.py took 0.296 seconds
[2026-07-01T19:15:14.981+0000] {processor.py:186} INFO - Started process (PID=8285) to work on /opt/airflow/dags/urban_data_pipeline_dag.py
[2026-07-01T19:15:14.983+0000] {processor.py:914} INFO - Processing file /opt/airflow/dags/urban_data_pipeline_dag.py for tasks to queue
[2026-07-01T19:15:14.990+0000] {logging_mixin.py:190} INFO - [2026-07-01T19:15:14.989+0000] {dagbag.py:588} INFO - Filling up the DagBag from /opt/airflow/dags/urban_data_pipeline_dag.py
[2026-07-01T19:15:15.087+0000] {processor.py:925} INFO - DAG(s) 'urban_data_pipeline' retrieved from /opt/airflow/dags/urban_data_pipeline_dag.py
[2026-07-01T19:15:15.131+0000] {logging_mixin.py:190} INFO - [2026-07-01T19:15:15.131+0000] {dag.py:3239} INFO - Sync 1 DAGs
[2026-07-01T19:15:15.154+0000] {logging_mixin.py:190} INFO - [2026-07-01T19:15:15.154+0000] {dag.py:4180} INFO - Setting next_dagrun for urban_data_pipeline to 2026-07-01 00:00:00+00:00, run_after=2026-08-01 00:00:00+00:00
[2026-07-01T19:15:15.178+0000] {processor.py:208} INFO - Processing /opt/airflow/dags/urban_data_pipeline_dag.py took 0.208 seconds
[2026-07-01T19:15:45.684+0000] {processor.py:186} INFO - Started process (PID=8303) to work on /opt/airflow/dags/urban_data_pipeline_dag.py
[2026-07-01T19:15:45.685+0000] {processor.py:914} INFO - Processing file /opt/airflow/dags/urban_data_pipeline_dag.py for tasks to queue
[2026-07-01T19:15:45.688+0000] {logging_mixin.py:190} INFO - [2026-07-01T19:15:45.688+0000] {dagbag.py:588} INFO - Filling up the DagBag from /opt/airflow/dags/urban_data_pipeline_dag.py
[2026-07-01T19:15:45.931+0000] {processor.py:925} INFO - DAG(s) 'urban_data_pipeline' retrieved from /opt/airflow/dags/urban_data_pipeline_dag.py
[2026-07-01T19:15:46.014+0000] {logging_mixin.py:190} INFO - [2026-07-01T19:15:46.014+0000] {dag.py:3239} INFO - Sync 1 DAGs
[2026-07-01T19:15:46.046+0000] {logging_mixin.py:190} INFO - [2026-07-01T19:15:46.045+0000] {dag.py:4180} INFO - Setting next_dagrun for urban_data_pipeline to 2026-07-01 00:00:00+00:00, run_after=2026-08-01 00:00:00+00:00
[2026-07-01T19:15:46.074+0000] {processor.py:208} INFO - Processing /opt/airflow/dags/urban_data_pipeline_dag.py took 0.398 seconds
[2026-07-01T19:16:17.182+0000] {processor.py:186} INFO - Started process (PID=8321) to work on /opt/airflow/dags/urban_data_pipeline_dag.py
[2026-07-01T19:16:17.184+0000] {processor.py:914} INFO - Processing file /opt/airflow/dags/urban_data_pipeline_dag.py for tasks to queue
[2026-07-01T19:16:17.187+0000] {logging_mixin.py:190} INFO - [2026-07-01T19:16:17.187+0000] {dagbag.py:588} INFO - Filling up the DagBag from /opt/airflow/dags/urban_data_pipeline_dag.py
[2026-07-01T19:16:17.424+0000] {processor.py:925} INFO - DAG(s) 'urban_data_pipeline' retrieved from /opt/airflow/dags/urban_data_pipeline_dag.py
[2026-07-01T19:16:17.475+0000] {logging_mixin.py:190} INFO - [2026-07-01T19:16:17.474+0000] {dag.py:3239} INFO - Sync 1 DAGs
[2026-07-01T19:16:17.502+0000] {logging_mixin.py:190} INFO - [2026-07-01T19:16:17.502+0000] {dag.py:4180} INFO - Setting next_dagrun for urban_data_pipeline to 2026-07-01 00:00:00+00:00, run_after=2026-08-01 00:00:00+00:00
[2026-07-01T19:16:17.547+0000] {processor.py:208} INFO - Processing /opt/airflow/dags/urban_data_pipeline_dag.py took 0.371 seconds
[2026-07-01T19:16:47.659+0000] {processor.py:186} INFO - Started process (PID=8338) to work on /opt/airflow/dags/urban_data_pipeline_dag.py
[2026-07-01T19:16:47.660+0000] {processor.py:914} INFO - Processing file /opt/airflow/dags/urban_data_pipeline_dag.py for tasks to queue
[2026-07-01T19:16:47.663+0000] {logging_mixin.py:190} INFO - [2026-07-01T19:16:47.662+0000] {dagbag.py:588} INFO - Filling up the DagBag from /opt/airflow/dags/urban_data_pipeline_dag.py
[2026-07-01T19:16:47.811+0000] {processor.py:925} INFO - DAG(s) 'urban_data_pipeline' retrieved from /opt/airflow/dags/urban_data_pipeline_dag.py
[2026-07-01T19:16:47.862+0000] {logging_mixin.py:190} INFO - [2026-07-01T19:16:47.862+0000] {dag.py:3239} INFO - Sync 1 DAGs
[2026-07-01T19:16:47.888+0000] {logging_mixin.py:190} INFO - [2026-07-01T19:16:47.888+0000] {dag.py:4180} INFO - Setting next_dagrun for urban_data_pipeline to 2026-07-01 00:00:00+00:00, run_after=2026-08-01 00:00:00+00:00
[2026-07-01T19:16:47.922+0000] {processor.py:208} INFO - Processing /opt/airflow/dags/urban_data_pipeline_dag.py took 0.270 seconds
[2026-07-01T19:17:18.406+0000] {processor.py:186} INFO - Started process (PID=8349) to work on /opt/airflow/dags/urban_data_pipeline_dag.py
[2026-07-01T19:17:18.411+0000] {processor.py:914} INFO - Processing file /opt/airflow/dags/urban_data_pipeline_dag.py for tasks to queue
[2026-07-01T19:17:18.419+0000] {logging_mixin.py:190} INFO - [2026-07-01T19:17:18.418+0000] {dagbag.py:588} INFO - Filling up the DagBag from /opt/airflow/dags/urban_data_pipeline_dag.py
[2026-07-01T19:17:18.608+0000] {processor.py:925} INFO - DAG(s) 'urban_data_pipeline' retrieved from /opt/airflow/dags/urban_data_pipeline_dag.py
[2026-07-01T19:17:18.661+0000] {logging_mixin.py:190} INFO - [2026-07-01T19:17:18.660+0000] {dag.py:3239} INFO - Sync 1 DAGs
[2026-07-01T19:17:18.691+0000] {logging_mixin.py:190} INFO - [2026-07-01T19:17:18.690+0000] {dag.py:4180} INFO - Setting next_dagrun for urban_data_pipeline to 2026-07-01 00:00:00+00:00, run_after=2026-08-01 00:00:00+00:00
[2026-07-01T19:17:18.728+0000] {processor.py:208} INFO - Processing /opt/airflow/dags/urban_data_pipeline_dag.py took 0.331 seconds
[2026-07-01T19:17:49.032+0000] {processor.py:186} INFO - Started process (PID=8367) to work on /opt/airflow/dags/urban_data_pipeline_dag.py
[2026-07-01T19:17:49.035+0000] {processor.py:914} INFO - Processing file /opt/airflow/dags/urban_data_pipeline_dag.py for tasks to queue
[2026-07-01T19:17:49.041+0000] {logging_mixin.py:190} INFO - [2026-07-01T19:17:49.040+0000] {dagbag.py:588} INFO - Filling up the DagBag from /opt/airflow/dags/urban_data_pipeline_dag.py
[2026-07-01T19:17:49.197+0000] {processor.py:925} INFO - DAG(s) 'urban_data_pipeline' retrieved from /opt/airflow/dags/urban_data_pipeline_dag.py
[2026-07-01T19:17:49.260+0000] {logging_mixin.py:190} INFO - [2026-07-01T19:17:49.260+0000] {dag.py:3239} INFO - Sync 1 DAGs
[2026-07-01T19:17:49.288+0000] {logging_mixin.py:190} INFO - [2026-07-01T19:17:49.288+0000] {dag.py:4180} INFO - Setting next_dagrun for urban_data_pipeline to 2026-07-01 00:00:00+00:00, run_after=2026-08-01 00:00:00+00:00
[2026-07-01T19:17:49.321+0000] {processor.py:208} INFO - Processing /opt/airflow/dags/urban_data_pipeline_dag.py took 0.299 seconds
[2026-07-01T19:18:19.988+0000] {processor.py:186} INFO - Started process (PID=8386) to work on /opt/airflow/dags/urban_data_pipeline_dag.py
[2026-07-01T19:18:19.990+0000] {processor.py:914} INFO - Processing file /opt/airflow/dags/urban_data_pipeline_dag.py for tasks to queue
[2026-07-01T19:18:19.996+0000] {logging_mixin.py:190} INFO - [2026-07-01T19:18:19.996+0000] {dagbag.py:588} INFO - Filling up the DagBag from /opt/airflow/dags/urban_data_pipeline_dag.py
[2026-07-01T19:18:20.150+0000] {processor.py:925} INFO - DAG(s) 'urban_data_pipeline' retrieved from /opt/airflow/dags/urban_data_pipeline_dag.py
[2026-07-01T19:18:20.204+0000] {logging_mixin.py:190} INFO - [2026-07-01T19:18:20.204+0000] {dag.py:3239} INFO - Sync 1 DAGs
[2026-07-01T19:18:20.236+0000] {logging_mixin.py:190} INFO - [2026-07-01T19:18:20.236+0000] {dag.py:4180} INFO - Setting next_dagrun for urban_data_pipeline to 2026-07-01 00:00:00+00:00, run_after=2026-08-01 00:00:00+00:00
[2026-07-01T19:18:20.262+0000] {processor.py:208} INFO - Processing /opt/airflow/dags/urban_data_pipeline_dag.py took 0.285 seconds
[2026-07-01T19:18:50.929+0000] {processor.py:186} INFO - Started process (PID=8404) to work on /opt/airflow/dags/urban_data_pipeline_dag.py
[2026-07-01T19:18:50.932+0000] {processor.py:914} INFO - Processing file /opt/airflow/dags/urban_data_pipeline_dag.py for tasks to queue
[2026-07-01T19:18:50.938+0000] {logging_mixin.py:190} INFO - [2026-07-01T19:18:50.937+0000] {dagbag.py:588} INFO - Filling up the DagBag from /opt/airflow/dags/urban_data_pipeline_dag.py
[2026-07-01T19:18:51.081+0000] {processor.py:925} INFO - DAG(s) 'urban_data_pipeline' retrieved from /opt/airflow/dags/urban_data_pipeline_dag.py
[2026-07-01T19:18:51.135+0000] {logging_mixin.py:190} INFO - [2026-07-01T19:18:51.135+0000] {dag.py:3239} INFO - Sync 1 DAGs
[2026-07-01T19:18:51.161+0000] {logging_mixin.py:190} INFO - [2026-07-01T19:18:51.161+0000] {dag.py:4180} INFO - Setting next_dagrun for urban_data_pipeline to 2026-07-01 00:00:00+00:00, run_after=2026-08-01 00:00:00+00:00
[2026-07-01T19:18:51.191+0000] {processor.py:208} INFO - Processing /opt/airflow/dags/urban_data_pipeline_dag.py took 0.278 seconds
[2026-07-01T19:19:21.862+0000] {processor.py:186} INFO - Started process (PID=8422) to work on /opt/airflow/dags/urban_data_pipeline_dag.py
[2026-07-01T19:19:21.863+0000] {processor.py:914} INFO - Processing file /opt/airflow/dags/urban_data_pipeline_dag.py for tasks to queue
[2026-07-01T19:19:21.866+0000] {logging_mixin.py:190} INFO - [2026-07-01T19:19:21.866+0000] {dagbag.py:588} INFO - Filling up the DagBag from /opt/airflow/dags/urban_data_pipeline_dag.py
[2026-07-01T19:19:21.992+0000] {processor.py:925} INFO - DAG(s) 'urban_data_pipeline' retrieved from /opt/airflow/dags/urban_data_pipeline_dag.py
[2026-07-01T19:19:22.040+0000] {logging_mixin.py:190} INFO - [2026-07-01T19:19:22.040+0000] {dag.py:3239} INFO - Sync 1 DAGs
[2026-07-01T19:19:22.066+0000] {logging_mixin.py:190} INFO - [2026-07-01T19:19:22.066+0000] {dag.py:4180} INFO - Setting next_dagrun for urban_data_pipeline to 2026-07-01 00:00:00+00:00, run_after=2026-08-01 00:00:00+00:00
[2026-07-01T19:19:22.092+0000] {processor.py:208} INFO - Processing /opt/airflow/dags/urban_data_pipeline_dag.py took 0.241 seconds
[2026-07-01T19:19:52.680+0000] {processor.py:186} INFO - Started process (PID=8440) to work on /opt/airflow/dags/urban_data_pipeline_dag.py
[2026-07-01T19:19:52.682+0000] {processor.py:914} INFO - Processing file /opt/airflow/dags/urban_data_pipeline_dag.py for tasks to queue
[2026-07-01T19:19:52.685+0000] {logging_mixin.py:190} INFO - [2026-07-01T19:19:52.685+0000] {dagbag.py:588} INFO - Filling up the DagBag from /opt/airflow/dags/urban_data_pipeline_dag.py
[2026-07-01T19:19:52.858+0000] {processor.py:925} INFO - DAG(s) 'urban_data_pipeline' retrieved from /opt/airflow/dags/urban_data_pipeline_dag.py
[2026-07-01T19:19:52.903+0000] {logging_mixin.py:190} INFO - [2026-07-01T19:19:52.903+0000] {dag.py:3239} INFO - Sync 1 DAGs
[2026-07-01T19:19:52.928+0000] {logging_mixin.py:190} INFO - [2026-07-01T19:19:52.928+0000] {dag.py:4180} INFO - Setting next_dagrun for urban_data_pipeline to 2026-07-01 00:00:00+00:00, run_after=2026-08-01 00:00:00+00:00
[2026-07-01T19:19:52.954+0000] {processor.py:208} INFO - Processing /opt/airflow/dags/urban_data_pipeline_dag.py took 0.284 seconds
[2026-07-01T19:20:23.377+0000] {processor.py:186} INFO - Started process (PID=8458) to work on /opt/airflow/dags/urban_data_pipeline_dag.py
[2026-07-01T19:20:23.378+0000] {processor.py:914} INFO - Processing file /opt/airflow/dags/urban_data_pipeline_dag.py for tasks to queue
[2026-07-01T19:20:23.381+0000] {logging_mixin.py:190} INFO - [2026-07-01T19:20:23.381+0000] {dagbag.py:588} INFO - Filling up the DagBag from /opt/airflow/dags/urban_data_pipeline_dag.py
[2026-07-01T19:20:23.541+0000] {processor.py:925} INFO - DAG(s) 'urban_data_pipeline' retrieved from /opt/airflow/dags/urban_data_pipeline_dag.py
[2026-07-01T19:20:23.608+0000] {logging_mixin.py:190} INFO - [2026-07-01T19:20:23.607+0000] {dag.py:3239} INFO - Sync 1 DAGs
[2026-07-01T19:20:23.640+0000] {logging_mixin.py:190} INFO - [2026-07-01T19:20:23.639+0000] {dag.py:4180} INFO - Setting next_dagrun for urban_data_pipeline to 2026-07-01 00:00:00+00:00, run_after=2026-08-01 00:00:00+00:00
[2026-07-01T19:20:23.669+0000] {processor.py:208} INFO - Processing /opt/airflow/dags/urban_data_pipeline_dag.py took 0.300 seconds
[2026-07-01T19:20:54.220+0000] {processor.py:186} INFO - Started process (PID=8476) to work on /opt/airflow/dags/urban_data_pipeline_dag.py
[2026-07-01T19:20:54.222+0000] {processor.py:914} INFO - Processing file /opt/airflow/dags/urban_data_pipeline_dag.py for tasks to queue
[2026-07-01T19:20:54.225+0000] {logging_mixin.py:190} INFO - [2026-07-01T19:20:54.225+0000] {dagbag.py:588} INFO - Filling up the DagBag from /opt/airflow/dags/urban_data_pipeline_dag.py
[2026-07-01T19:20:54.508+0000] {processor.py:925} INFO - DAG(s) 'urban_data_pipeline' retrieved from /opt/airflow/dags/urban_data_pipeline_dag.py
[2026-07-01T19:20:54.570+0000] {logging_mixin.py:190} INFO - [2026-07-01T19:20:54.570+0000] {dag.py:3239} INFO - Sync 1 DAGs
[2026-07-01T19:20:54.597+0000] {logging_mixin.py:190} INFO - [2026-07-01T19:20:54.596+0000] {dag.py:4180} INFO - Setting next_dagrun for urban_data_pipeline to 2026-07-01 00:00:00+00:00, run_after=2026-08-01 00:00:00+00:00
[2026-07-01T19:20:54.636+0000] {processor.py:208} INFO - Processing /opt/airflow/dags/urban_data_pipeline_dag.py took 0.424 seconds
[2026-07-01T19:21:25.474+0000] {processor.py:186} INFO - Started process (PID=8494) to work on /opt/airflow/dags/urban_data_pipeline_dag.py
[2026-07-01T19:21:25.475+0000] {processor.py:914} INFO - Processing file /opt/airflow/dags/urban_data_pipeline_dag.py for tasks to queue
[2026-07-01T19:21:25.478+0000] {logging_mixin.py:190} INFO - [2026-07-01T19:21:25.478+0000] {dagbag.py:588} INFO - Filling up the DagBag from /opt/airflow/dags/urban_data_pipeline_dag.py
[2026-07-01T19:21:25.610+0000] {processor.py:925} INFO - DAG(s) 'urban_data_pipeline' retrieved from /opt/airflow/dags/urban_data_pipeline_dag.py
[2026-07-01T19:21:25.681+0000] {logging_mixin.py:190} INFO - [2026-07-01T19:21:25.681+0000] {dag.py:3239} INFO - Sync 1 DAGs
[2026-07-01T19:21:25.707+0000] {logging_mixin.py:190} INFO - [2026-07-01T19:21:25.707+0000] {dag.py:4180} INFO - Setting next_dagrun for urban_data_pipeline to 2026-07-01 00:00:00+00:00, run_after=2026-08-01 00:00:00+00:00
[2026-07-01T19:21:25.735+0000] {processor.py:208} INFO - Processing /opt/airflow/dags/urban_data_pipeline_dag.py took 0.267 seconds
[2026-07-01T19:21:56.465+0000] {processor.py:186} INFO - Started process (PID=8512) to work on /opt/airflow/dags/urban_data_pipeline_dag.py
[2026-07-01T19:21:56.468+0000] {processor.py:914} INFO - Processing file /opt/airflow/dags/urban_data_pipeline_dag.py for tasks to queue
[2026-07-01T19:21:56.474+0000] {logging_mixin.py:190} INFO - [2026-07-01T19:21:56.473+0000] {dagbag.py:588} INFO - Filling up the DagBag from /opt/airflow/dags/urban_data_pipeline_dag.py
[2026-07-01T19:21:56.673+0000] {processor.py:925} INFO - DAG(s) 'urban_data_pipeline' retrieved from /opt/airflow/dags/urban_data_pipeline_dag.py
[2026-07-01T19:21:56.722+0000] {logging_mixin.py:190} INFO - [2026-07-01T19:21:56.722+0000] {dag.py:3239} INFO - Sync 1 DAGs
[2026-07-01T19:21:56.751+0000] {logging_mixin.py:190} INFO - [2026-07-01T19:21:56.751+0000] {dag.py:4180} INFO - Setting next_dagrun for urban_data_pipeline to 2026-07-01 00:00:00+00:00, run_after=2026-08-01 00:00:00+00:00
[2026-07-01T19:21:56.790+0000] {processor.py:208} INFO - Processing /opt/airflow/dags/urban_data_pipeline_dag.py took 0.340 seconds
[2026-07-01T19:22:27.365+0000] {processor.py:186} INFO - Started process (PID=8530) to work on /opt/airflow/dags/urban_data_pipeline_dag.py
[2026-07-01T19:22:27.367+0000] {processor.py:914} INFO - Processing file /opt/airflow/dags/urban_data_pipeline_dag.py for tasks to queue
[2026-07-01T19:22:27.370+0000] {logging_mixin.py:190} INFO - [2026-07-01T19:22:27.369+0000] {dagbag.py:588} INFO - Filling up the DagBag from /opt/airflow/dags/urban_data_pipeline_dag.py
[2026-07-01T19:22:27.560+0000] {processor.py:925} INFO - DAG(s) 'urban_data_pipeline' retrieved from /opt/airflow/dags/urban_data_pipeline_dag.py
[2026-07-01T19:22:27.622+0000] {logging_mixin.py:190} INFO - [2026-07-01T19:22:27.622+0000] {dag.py:3239} INFO - Sync 1 DAGs
[2026-07-01T19:22:27.656+0000] {logging_mixin.py:190} INFO - [2026-07-01T19:22:27.656+0000] {dag.py:4180} INFO - Setting next_dagrun for urban_data_pipeline to 2026-07-01 00:00:00+00:00, run_after=2026-08-01 00:00:00+00:00
[2026-07-01T19:22:27.686+0000] {processor.py:208} INFO - Processing /opt/airflow/dags/urban_data_pipeline_dag.py took 0.328 seconds
[2026-07-01T19:22:58.235+0000] {processor.py:186} INFO - Started process (PID=8547) to work on /opt/airflow/dags/urban_data_pipeline_dag.py
[2026-07-01T19:22:58.238+0000] {processor.py:914} INFO - Processing file /opt/airflow/dags/urban_data_pipeline_dag.py for tasks to queue
[2026-07-01T19:22:58.242+0000] {logging_mixin.py:190} INFO - [2026-07-01T19:22:58.241+0000] {dagbag.py:588} INFO - Filling up the DagBag from /opt/airflow/dags/urban_data_pipeline_dag.py
[2026-07-01T19:22:58.416+0000] {processor.py:925} INFO - DAG(s) 'urban_data_pipeline' retrieved from /opt/airflow/dags/urban_data_pipeline_dag.py
[2026-07-01T19:22:58.474+0000] {logging_mixin.py:190} INFO - [2026-07-01T19:22:58.474+0000] {dag.py:3239} INFO - Sync 1 DAGs
[2026-07-01T19:22:58.506+0000] {logging_mixin.py:190} INFO - [2026-07-01T19:22:58.506+0000] {dag.py:4180} INFO - Setting next_dagrun for urban_data_pipeline to 2026-07-01 00:00:00+00:00, run_after=2026-08-01 00:00:00+00:00
[2026-07-01T19:22:58.536+0000] {processor.py:208} INFO - Processing /opt/airflow/dags/urban_data_pipeline_dag.py took 0.311 seconds
[2026-07-01T19:23:29.134+0000] {processor.py:186} INFO - Started process (PID=8558) to work on /opt/airflow/dags/urban_data_pipeline_dag.py
[2026-07-01T19:23:29.135+0000] {processor.py:914} INFO - Processing file /opt/airflow/dags/urban_data_pipeline_dag.py for tasks to queue
[2026-07-01T19:23:29.138+0000] {logging_mixin.py:190} INFO - [2026-07-01T19:23:29.138+0000] {dagbag.py:588} INFO - Filling up the DagBag from /opt/airflow/dags/urban_data_pipeline_dag.py
[2026-07-01T19:23:29.283+0000] {processor.py:925} INFO - DAG(s) 'urban_data_pipeline' retrieved from /opt/airflow/dags/urban_data_pipeline_dag.py
[2026-07-01T19:23:29.331+0000] {logging_mixin.py:190} INFO - [2026-07-01T19:23:29.331+0000] {dag.py:3239} INFO - Sync 1 DAGs
[2026-07-01T19:23:29.356+0000] {logging_mixin.py:190} INFO - [2026-07-01T19:23:29.356+0000] {dag.py:4180} INFO - Setting next_dagrun for urban_data_pipeline to 2026-07-01 00:00:00+00:00, run_after=2026-08-01 00:00:00+00:00
[2026-07-01T19:23:29.382+0000] {processor.py:208} INFO - Processing /opt/airflow/dags/urban_data_pipeline_dag.py took 0.256 seconds
[2026-07-01T19:23:59.846+0000] {processor.py:186} INFO - Started process (PID=8576) to work on /opt/airflow/dags/urban_data_pipeline_dag.py
[2026-07-01T19:23:59.848+0000] {processor.py:914} INFO - Processing file /opt/airflow/dags/urban_data_pipeline_dag.py for tasks to queue
[2026-07-01T19:23:59.852+0000] {logging_mixin.py:190} INFO - [2026-07-01T19:23:59.851+0000] {dagbag.py:588} INFO - Filling up the DagBag from /opt/airflow/dags/urban_data_pipeline_dag.py
[2026-07-01T19:23:59.987+0000] {processor.py:925} INFO - DAG(s) 'urban_data_pipeline' retrieved from /opt/airflow/dags/urban_data_pipeline_dag.py
[2026-07-01T19:24:00.050+0000] {logging_mixin.py:190} INFO - [2026-07-01T19:24:00.050+0000] {dag.py:3239} INFO - Sync 1 DAGs
[2026-07-01T19:24:00.080+0000] {logging_mixin.py:190} INFO - [2026-07-01T19:24:00.079+0000] {dag.py:4180} INFO - Setting next_dagrun for urban_data_pipeline to 2026-07-01 00:00:00+00:00, run_after=2026-08-01 00:00:00+00:00
[2026-07-01T19:24:00.111+0000] {processor.py:208} INFO - Processing /opt/airflow/dags/urban_data_pipeline_dag.py took 0.273 seconds
[2026-07-01T19:24:30.617+0000] {processor.py:186} INFO - Started process (PID=8594) to work on /opt/airflow/dags/urban_data_pipeline_dag.py
[2026-07-01T19:24:30.620+0000] {processor.py:914} INFO - Processing file /opt/airflow/dags/urban_data_pipeline_dag.py for tasks to queue
[2026-07-01T19:24:30.626+0000] {logging_mixin.py:190} INFO - [2026-07-01T19:24:30.625+0000] {dagbag.py:588} INFO - Filling up the DagBag from /opt/airflow/dags/urban_data_pipeline_dag.py
[2026-07-01T19:24:30.838+0000] {processor.py:925} INFO - DAG(s) 'urban_data_pipeline' retrieved from /opt/airflow/dags/urban_data_pipeline_dag.py
[2026-07-01T19:24:30.932+0000] {logging_mixin.py:190} INFO - [2026-07-01T19:24:30.931+0000] {dag.py:3239} INFO - Sync 1 DAGs
[2026-07-01T19:24:30.969+0000] {logging_mixin.py:190} INFO - [2026-07-01T19:24:30.968+0000] {dag.py:4180} INFO - Setting next_dagrun for urban_data_pipeline to 2026-07-01 00:00:00+00:00, run_after=2026-08-01 00:00:00+00:00
[2026-07-01T19:24:31.003+0000] {processor.py:208} INFO - Processing /opt/airflow/dags/urban_data_pipeline_dag.py took 0.393 seconds
[2026-07-01T19:25:01.696+0000] {processor.py:186} INFO - Started process (PID=8612) to work on /opt/airflow/dags/urban_data_pipeline_dag.py
[2026-07-01T19:25:01.698+0000] {processor.py:914} INFO - Processing file /opt/airflow/dags/urban_data_pipeline_dag.py for tasks to queue
[2026-07-01T19:25:01.701+0000] {logging_mixin.py:190} INFO - [2026-07-01T19:25:01.701+0000] {dagbag.py:588} INFO - Filling up the DagBag from /opt/airflow/dags/urban_data_pipeline_dag.py
[2026-07-01T19:25:01.837+0000] {processor.py:925} INFO - DAG(s) 'urban_data_pipeline' retrieved from /opt/airflow/dags/urban_data_pipeline_dag.py
[2026-07-01T19:25:01.910+0000] {logging_mixin.py:190} INFO - [2026-07-01T19:25:01.910+0000] {dag.py:3239} INFO - Sync 1 DAGs
[2026-07-01T19:25:01.957+0000] {logging_mixin.py:190} INFO - [2026-07-01T19:25:01.956+0000] {dag.py:4180} INFO - Setting next_dagrun for urban_data_pipeline to 2026-07-01 00:00:00+00:00, run_after=2026-08-01 00:00:00+00:00
[2026-07-01T19:25:01.991+0000] {processor.py:208} INFO - Processing /opt/airflow/dags/urban_data_pipeline_dag.py took 0.306 seconds
[2026-07-01T19:25:32.792+0000] {processor.py:186} INFO - Started process (PID=8630) to work on /opt/airflow/dags/urban_data_pipeline_dag.py
[2026-07-01T19:25:32.795+0000] {processor.py:914} INFO - Processing file /opt/airflow/dags/urban_data_pipeline_dag.py for tasks to queue
[2026-07-01T19:25:32.798+0000] {logging_mixin.py:190} INFO - [2026-07-01T19:25:32.798+0000] {dagbag.py:588} INFO - Filling up the DagBag from /opt/airflow/dags/urban_data_pipeline_dag.py
[2026-07-01T19:25:33.120+0000] {processor.py:925} INFO - DAG(s) 'urban_data_pipeline' retrieved from /opt/airflow/dags/urban_data_pipeline_dag.py
[2026-07-01T19:25:33.211+0000] {logging_mixin.py:190} INFO - [2026-07-01T19:25:33.210+0000] {dag.py:3239} INFO - Sync 1 DAGs
[2026-07-01T19:25:33.239+0000] {logging_mixin.py:190} INFO - [2026-07-01T19:25:33.239+0000] {dag.py:4180} INFO - Setting next_dagrun for urban_data_pipeline to 2026-07-01 00:00:00+00:00, run_after=2026-08-01 00:00:00+00:00
[2026-07-01T19:25:33.270+0000] {processor.py:208} INFO - Processing /opt/airflow/dags/urban_data_pipeline_dag.py took 0.487 seconds
[2026-07-01T19:26:03.414+0000] {processor.py:186} INFO - Started process (PID=8648) to work on /opt/airflow/dags/urban_data_pipeline_dag.py
[2026-07-01T19:26:03.416+0000] {processor.py:914} INFO - Processing file /opt/airflow/dags/urban_data_pipeline_dag.py for tasks to queue
[2026-07-01T19:26:03.419+0000] {logging_mixin.py:190} INFO - [2026-07-01T19:26:03.419+0000] {dagbag.py:588} INFO - Filling up the DagBag from /opt/airflow/dags/urban_data_pipeline_dag.py
[2026-07-01T19:26:03.695+0000] {processor.py:925} INFO - DAG(s) 'urban_data_pipeline' retrieved from /opt/airflow/dags/urban_data_pipeline_dag.py
[2026-07-01T19:26:03.825+0000] {logging_mixin.py:190} INFO - [2026-07-01T19:26:03.825+0000] {dag.py:3239} INFO - Sync 1 DAGs
[2026-07-01T19:26:03.866+0000] {logging_mixin.py:190} INFO - [2026-07-01T19:26:03.866+0000] {dag.py:4180} INFO - Setting next_dagrun for urban_data_pipeline to 2026-07-01 00:00:00+00:00, run_after=2026-08-01 00:00:00+00:00
[2026-07-01T19:26:03.934+0000] {processor.py:208} INFO - Processing /opt/airflow/dags/urban_data_pipeline_dag.py took 0.528 seconds
[2026-07-01T19:26:34.104+0000] {processor.py:186} INFO - Started process (PID=8666) to work on /opt/airflow/dags/urban_data_pipeline_dag.py
[2026-07-01T19:26:34.106+0000] {processor.py:914} INFO - Processing file /opt/airflow/dags/urban_data_pipeline_dag.py for tasks to queue
[2026-07-01T19:26:34.109+0000] {logging_mixin.py:190} INFO - [2026-07-01T19:26:34.109+0000] {dagbag.py:588} INFO - Filling up the DagBag from /opt/airflow/dags/urban_data_pipeline_dag.py
[2026-07-01T19:26:34.440+0000] {processor.py:925} INFO - DAG(s) 'urban_data_pipeline' retrieved from /opt/airflow/dags/urban_data_pipeline_dag.py
[2026-07-01T19:26:34.515+0000] {logging_mixin.py:190} INFO - [2026-07-01T19:26:34.515+0000] {dag.py:3239} INFO - Sync 1 DAGs
[2026-07-01T19:26:34.543+0000] {logging_mixin.py:190} INFO - [2026-07-01T19:26:34.543+0000] {dag.py:4180} INFO - Setting next_dagrun for urban_data_pipeline to 2026-07-01 00:00:00+00:00, run_after=2026-08-01 00:00:00+00:00
[2026-07-01T19:26:34.581+0000] {processor.py:208} INFO - Processing /opt/airflow/dags/urban_data_pipeline_dag.py took 0.486 seconds
[2026-07-01T19:27:05.479+0000] {processor.py:186} INFO - Started process (PID=8684) to work on /opt/airflow/dags/urban_data_pipeline_dag.py
[2026-07-01T19:27:05.481+0000] {processor.py:914} INFO - Processing file /opt/airflow/dags/urban_data_pipeline_dag.py for tasks to queue
[2026-07-01T19:27:05.483+0000] {logging_mixin.py:190} INFO - [2026-07-01T19:27:05.483+0000] {dagbag.py:588} INFO - Filling up the DagBag from /opt/airflow/dags/urban_data_pipeline_dag.py
[2026-07-01T19:27:05.624+0000] {processor.py:925} INFO - DAG(s) 'urban_data_pipeline' retrieved from /opt/airflow/dags/urban_data_pipeline_dag.py
[2026-07-01T19:27:05.670+0000] {logging_mixin.py:190} INFO - [2026-07-01T19:27:05.670+0000] {dag.py:3239} INFO - Sync 1 DAGs
[2026-07-01T19:27:05.699+0000] {logging_mixin.py:190} INFO - [2026-07-01T19:27:05.699+0000] {dag.py:4180} INFO - Setting next_dagrun for urban_data_pipeline to 2026-07-01 00:00:00+00:00, run_after=2026-08-01 00:00:00+00:00
[2026-07-01T19:27:05.726+0000] {processor.py:208} INFO - Processing /opt/airflow/dags/urban_data_pipeline_dag.py took 0.254 seconds
[2026-07-01T19:27:36.227+0000] {processor.py:186} INFO - Started process (PID=8701) to work on /opt/airflow/dags/urban_data_pipeline_dag.py
[2026-07-01T19:27:36.231+0000] {processor.py:914} INFO - Processing file /opt/airflow/dags/urban_data_pipeline_dag.py for tasks to queue
[2026-07-01T19:27:36.242+0000] {logging_mixin.py:190} INFO - [2026-07-01T19:27:36.241+0000] {dagbag.py:588} INFO - Filling up the DagBag from /opt/airflow/dags/urban_data_pipeline_dag.py
[2026-07-01T19:27:36.406+0000] {processor.py:925} INFO - DAG(s) 'urban_data_pipeline' retrieved from /opt/airflow/dags/urban_data_pipeline_dag.py
[2026-07-01T19:27:36.469+0000] {logging_mixin.py:190} INFO - [2026-07-01T19:27:36.469+0000] {dag.py:3239} INFO - Sync 1 DAGs
[2026-07-01T19:27:36.502+0000] {logging_mixin.py:190} INFO - [2026-07-01T19:27:36.502+0000] {dag.py:4180} INFO - Setting next_dagrun for urban_data_pipeline to 2026-07-01 00:00:00+00:00, run_after=2026-08-01 00:00:00+00:00
[2026-07-01T19:27:36.533+0000] {processor.py:208} INFO - Processing /opt/airflow/dags/urban_data_pipeline_dag.py took 0.327 seconds
[2026-07-01T19:28:07.186+0000] {processor.py:186} INFO - Started process (PID=8712) to work on /opt/airflow/dags/urban_data_pipeline_dag.py
[2026-07-01T19:28:07.188+0000] {processor.py:914} INFO - Processing file /opt/airflow/dags/urban_data_pipeline_dag.py for tasks to queue
[2026-07-01T19:28:07.191+0000] {logging_mixin.py:190} INFO - [2026-07-01T19:28:07.191+0000] {dagbag.py:588} INFO - Filling up the DagBag from /opt/airflow/dags/urban_data_pipeline_dag.py
[2026-07-01T19:28:07.484+0000] {processor.py:925} INFO - DAG(s) 'urban_data_pipeline' retrieved from /opt/airflow/dags/urban_data_pipeline_dag.py
[2026-07-01T19:28:07.540+0000] {logging_mixin.py:190} INFO - [2026-07-01T19:28:07.540+0000] {dag.py:3239} INFO - Sync 1 DAGs
[2026-07-01T19:28:07.577+0000] {logging_mixin.py:190} INFO - [2026-07-01T19:28:07.577+0000] {dag.py:4180} INFO - Setting next_dagrun for urban_data_pipeline to 2026-07-01 00:00:00+00:00, run_after=2026-08-01 00:00:00+00:00
[2026-07-01T19:28:07.604+0000] {processor.py:208} INFO - Processing /opt/airflow/dags/urban_data_pipeline_dag.py took 0.426 seconds
[2026-07-01T19:28:38.202+0000] {processor.py:186} INFO - Started process (PID=8730) to work on /opt/airflow/dags/urban_data_pipeline_dag.py
[2026-07-01T19:28:38.204+0000] {processor.py:914} INFO - Processing file /opt/airflow/dags/urban_data_pipeline_dag.py for tasks to queue
[2026-07-01T19:28:38.210+0000] {logging_mixin.py:190} INFO - [2026-07-01T19:28:38.209+0000] {dagbag.py:588} INFO - Filling up the DagBag from /opt/airflow/dags/urban_data_pipeline_dag.py
[2026-07-01T19:28:38.549+0000] {processor.py:925} INFO - DAG(s) 'urban_data_pipeline' retrieved from /opt/airflow/dags/urban_data_pipeline_dag.py
[2026-07-01T19:28:38.604+0000] {logging_mixin.py:190} INFO - [2026-07-01T19:28:38.604+0000] {dag.py:3239} INFO - Sync 1 DAGs
[2026-07-01T19:28:38.644+0000] {logging_mixin.py:190} INFO - [2026-07-01T19:28:38.644+0000] {dag.py:4180} INFO - Setting next_dagrun for urban_data_pipeline to 2026-07-01 00:00:00+00:00, run_after=2026-08-01 00:00:00+00:00
[2026-07-01T19:28:38.680+0000] {processor.py:208} INFO - Processing /opt/airflow/dags/urban_data_pipeline_dag.py took 0.485 seconds
[2026-07-01T19:29:08.806+0000] {processor.py:186} INFO - Started process (PID=8748) to work on /opt/airflow/dags/urban_data_pipeline_dag.py
[2026-07-01T19:29:08.808+0000] {processor.py:914} INFO - Processing file /opt/airflow/dags/urban_data_pipeline_dag.py for tasks to queue
[2026-07-01T19:29:08.811+0000] {logging_mixin.py:190} INFO - [2026-07-01T19:29:08.810+0000] {dagbag.py:588} INFO - Filling up the DagBag from /opt/airflow/dags/urban_data_pipeline_dag.py
[2026-07-01T19:29:08.977+0000] {processor.py:925} INFO - DAG(s) 'urban_data_pipeline' retrieved from /opt/airflow/dags/urban_data_pipeline_dag.py
[2026-07-01T19:29:09.025+0000] {logging_mixin.py:190} INFO - [2026-07-01T19:29:09.025+0000] {dag.py:3239} INFO - Sync 1 DAGs
[2026-07-01T19:29:09.052+0000] {logging_mixin.py:190} INFO - [2026-07-01T19:29:09.052+0000] {dag.py:4180} INFO - Setting next_dagrun for urban_data_pipeline to 2026-07-01 00:00:00+00:00, run_after=2026-08-01 00:00:00+00:00
[2026-07-01T19:29:09.090+0000] {processor.py:208} INFO - Processing /opt/airflow/dags/urban_data_pipeline_dag.py took 0.294 seconds
[2026-07-01T19:29:39.786+0000] {processor.py:186} INFO - Started process (PID=8766) to work on /opt/airflow/dags/urban_data_pipeline_dag.py
[2026-07-01T19:29:39.789+0000] {processor.py:914} INFO - Processing file /opt/airflow/dags/urban_data_pipeline_dag.py for tasks to queue
[2026-07-01T19:29:39.792+0000] {logging_mixin.py:190} INFO - [2026-07-01T19:29:39.791+0000] {dagbag.py:588} INFO - Filling up the DagBag from /opt/airflow/dags/urban_data_pipeline_dag.py
[2026-07-01T19:29:39.935+0000] {processor.py:925} INFO - DAG(s) 'urban_data_pipeline' retrieved from /opt/airflow/dags/urban_data_pipeline_dag.py
[2026-07-01T19:29:39.981+0000] {logging_mixin.py:190} INFO - [2026-07-01T19:29:39.981+0000] {dag.py:3239} INFO - Sync 1 DAGs
[2026-07-01T19:29:40.010+0000] {logging_mixin.py:190} INFO - [2026-07-01T19:29:40.010+0000] {dag.py:4180} INFO - Setting next_dagrun for urban_data_pipeline to 2026-07-01 00:00:00+00:00, run_after=2026-08-01 00:00:00+00:00
[2026-07-01T19:29:40.041+0000] {processor.py:208} INFO - Processing /opt/airflow/dags/urban_data_pipeline_dag.py took 0.262 seconds
[2026-07-01T19:30:10.781+0000] {processor.py:186} INFO - Started process (PID=8784) to work on /opt/airflow/dags/urban_data_pipeline_dag.py
[2026-07-01T19:30:10.783+0000] {processor.py:914} INFO - Processing file /opt/airflow/dags/urban_data_pipeline_dag.py for tasks to queue
[2026-07-01T19:30:10.788+0000] {logging_mixin.py:190} INFO - [2026-07-01T19:30:10.787+0000] {dagbag.py:588} INFO - Filling up the DagBag from /opt/airflow/dags/urban_data_pipeline_dag.py
[2026-07-01T19:30:11.022+0000] {processor.py:925} INFO - DAG(s) 'urban_data_pipeline' retrieved from /opt/airflow/dags/urban_data_pipeline_dag.py
[2026-07-01T19:30:11.070+0000] {logging_mixin.py:190} INFO - [2026-07-01T19:30:11.070+0000] {dag.py:3239} INFO - Sync 1 DAGs
[2026-07-01T19:30:11.102+0000] {logging_mixin.py:190} INFO - [2026-07-01T19:30:11.102+0000] {dag.py:4180} INFO - Setting next_dagrun for urban_data_pipeline to 2026-07-01 00:00:00+00:00, run_after=2026-08-01 00:00:00+00:00
[2026-07-01T19:30:11.150+0000] {processor.py:208} INFO - Processing /opt/airflow/dags/urban_data_pipeline_dag.py took 0.381 seconds
[2026-07-01T19:30:42.053+0000] {processor.py:186} INFO - Started process (PID=8802) to work on /opt/airflow/dags/urban_data_pipeline_dag.py
[2026-07-01T19:30:42.054+0000] {processor.py:914} INFO - Processing file /opt/airflow/dags/urban_data_pipeline_dag.py for tasks to queue
[2026-07-01T19:30:42.060+0000] {logging_mixin.py:190} INFO - [2026-07-01T19:30:42.059+0000] {dagbag.py:588} INFO - Filling up the DagBag from /opt/airflow/dags/urban_data_pipeline_dag.py
[2026-07-01T19:30:42.223+0000] {processor.py:925} INFO - DAG(s) 'urban_data_pipeline' retrieved from /opt/airflow/dags/urban_data_pipeline_dag.py
[2026-07-01T19:30:42.315+0000] {logging_mixin.py:190} INFO - [2026-07-01T19:30:42.315+0000] {dag.py:3239} INFO - Sync 1 DAGs
[2026-07-01T19:30:42.344+0000] {logging_mixin.py:190} INFO - [2026-07-01T19:30:42.343+0000] {dag.py:4180} INFO - Setting next_dagrun for urban_data_pipeline to 2026-07-01 00:00:00+00:00, run_after=2026-08-01 00:00:00+00:00
[2026-07-01T19:30:42.373+0000] {processor.py:208} INFO - Processing /opt/airflow/dags/urban_data_pipeline_dag.py took 0.342 seconds
[2026-07-01T19:31:12.594+0000] {processor.py:186} INFO - Started process (PID=8820) to work on /opt/airflow/dags/urban_data_pipeline_dag.py
[2026-07-01T19:31:12.596+0000] {processor.py:914} INFO - Processing file /opt/airflow/dags/urban_data_pipeline_dag.py for tasks to queue
[2026-07-01T19:31:12.600+0000] {logging_mixin.py:190} INFO - [2026-07-01T19:31:12.599+0000] {dagbag.py:588} INFO - Filling up the DagBag from /opt/airflow/dags/urban_data_pipeline_dag.py
[2026-07-01T19:31:12.858+0000] {processor.py:925} INFO - DAG(s) 'urban_data_pipeline' retrieved from /opt/airflow/dags/urban_data_pipeline_dag.py
[2026-07-01T19:31:12.909+0000] {logging_mixin.py:190} INFO - [2026-07-01T19:31:12.909+0000] {dag.py:3239} INFO - Sync 1 DAGs
[2026-07-01T19:31:12.941+0000] {logging_mixin.py:190} INFO - [2026-07-01T19:31:12.940+0000] {dag.py:4180} INFO - Setting next_dagrun for urban_data_pipeline to 2026-07-01 00:00:00+00:00, run_after=2026-08-01 00:00:00+00:00
[2026-07-01T19:31:12.997+0000] {processor.py:208} INFO - Processing /opt/airflow/dags/urban_data_pipeline_dag.py took 0.419 seconds
[2026-07-01T19:31:43.591+0000] {processor.py:186} INFO - Started process (PID=8838) to work on /opt/airflow/dags/urban_data_pipeline_dag.py
[2026-07-01T19:31:43.592+0000] {processor.py:914} INFO - Processing file /opt/airflow/dags/urban_data_pipeline_dag.py for tasks to queue
[2026-07-01T19:31:43.595+0000] {logging_mixin.py:190} INFO - [2026-07-01T19:31:43.595+0000] {dagbag.py:588} INFO - Filling up the DagBag from /opt/airflow/dags/urban_data_pipeline_dag.py
[2026-07-01T19:31:43.967+0000] {processor.py:925} INFO - DAG(s) 'urban_data_pipeline' retrieved from /opt/airflow/dags/urban_data_pipeline_dag.py
[2026-07-01T19:31:44.027+0000] {logging_mixin.py:190} INFO - [2026-07-01T19:31:44.026+0000] {dag.py:3239} INFO - Sync 1 DAGs
[2026-07-01T19:31:44.052+0000] {logging_mixin.py:190} INFO - [2026-07-01T19:31:44.052+0000] {dag.py:4180} INFO - Setting next_dagrun for urban_data_pipeline to 2026-07-01 00:00:00+00:00, run_after=2026-08-01 00:00:00+00:00
[2026-07-01T19:31:44.085+0000] {processor.py:208} INFO - Processing /opt/airflow/dags/urban_data_pipeline_dag.py took 0.501 seconds
[2026-07-01T19:32:15.028+0000] {processor.py:186} INFO - Started process (PID=8856) to work on /opt/airflow/dags/urban_data_pipeline_dag.py
[2026-07-01T19:32:15.029+0000] {processor.py:914} INFO - Processing file /opt/airflow/dags/urban_data_pipeline_dag.py for tasks to queue
[2026-07-01T19:32:15.033+0000] {logging_mixin.py:190} INFO - [2026-07-01T19:32:15.032+0000] {dagbag.py:588} INFO - Filling up the DagBag from /opt/airflow/dags/urban_data_pipeline_dag.py
[2026-07-01T19:32:15.207+0000] {processor.py:925} INFO - DAG(s) 'urban_data_pipeline' retrieved from /opt/airflow/dags/urban_data_pipeline_dag.py
[2026-07-01T19:32:15.258+0000] {logging_mixin.py:190} INFO - [2026-07-01T19:32:15.257+0000] {dag.py:3239} INFO - Sync 1 DAGs
[2026-07-01T19:32:15.287+0000] {logging_mixin.py:190} INFO - [2026-07-01T19:32:15.286+0000] {dag.py:4180} INFO - Setting next_dagrun for urban_data_pipeline to 2026-07-01 00:00:00+00:00, run_after=2026-08-01 00:00:00+00:00
[2026-07-01T19:32:15.321+0000] {processor.py:208} INFO - Processing /opt/airflow/dags/urban_data_pipeline_dag.py took 0.303 seconds
[2026-07-01T19:32:45.676+0000] {processor.py:186} INFO - Started process (PID=8873) to work on /opt/airflow/dags/urban_data_pipeline_dag.py
[2026-07-01T19:32:45.678+0000] {processor.py:914} INFO - Processing file /opt/airflow/dags/urban_data_pipeline_dag.py for tasks to queue
[2026-07-01T19:32:45.682+0000] {logging_mixin.py:190} INFO - [2026-07-01T19:32:45.681+0000] {dagbag.py:588} INFO - Filling up the DagBag from /opt/airflow/dags/urban_data_pipeline_dag.py
[2026-07-01T19:32:45.822+0000] {processor.py:925} INFO - DAG(s) 'urban_data_pipeline' retrieved from /opt/airflow/dags/urban_data_pipeline_dag.py
[2026-07-01T19:32:45.887+0000] {logging_mixin.py:190} INFO - [2026-07-01T19:32:45.887+0000] {dag.py:3239} INFO - Sync 1 DAGs
[2026-07-01T19:32:45.915+0000] {logging_mixin.py:190} INFO - [2026-07-01T19:32:45.915+0000] {dag.py:4180} INFO - Setting next_dagrun for urban_data_pipeline to 2026-07-01 00:00:00+00:00, run_after=2026-08-01 00:00:00+00:00
[2026-07-01T19:32:45.946+0000] {processor.py:208} INFO - Processing /opt/airflow/dags/urban_data_pipeline_dag.py took 0.278 seconds
[2026-07-01T19:33:16.393+0000] {processor.py:186} INFO - Started process (PID=8884) to work on /opt/airflow/dags/urban_data_pipeline_dag.py
[2026-07-01T19:33:16.398+0000] {processor.py:914} INFO - Processing file /opt/airflow/dags/urban_data_pipeline_dag.py for tasks to queue
[2026-07-01T19:33:16.409+0000] {logging_mixin.py:190} INFO - [2026-07-01T19:33:16.407+0000] {dagbag.py:588} INFO - Filling up the DagBag from /opt/airflow/dags/urban_data_pipeline_dag.py
[2026-07-01T19:33:16.594+0000] {processor.py:925} INFO - DAG(s) 'urban_data_pipeline' retrieved from /opt/airflow/dags/urban_data_pipeline_dag.py
[2026-07-01T19:33:16.645+0000] {logging_mixin.py:190} INFO - [2026-07-01T19:33:16.645+0000] {dag.py:3239} INFO - Sync 1 DAGs
[2026-07-01T19:33:16.669+0000] {logging_mixin.py:190} INFO - [2026-07-01T19:33:16.669+0000] {dag.py:4180} INFO - Setting next_dagrun for urban_data_pipeline to 2026-07-01 00:00:00+00:00, run_after=2026-08-01 00:00:00+00:00
[2026-07-01T19:33:16.715+0000] {processor.py:208} INFO - Processing /opt/airflow/dags/urban_data_pipeline_dag.py took 0.336 seconds
[2026-07-01T19:33:47.461+0000] {processor.py:186} INFO - Started process (PID=8903) to work on /opt/airflow/dags/urban_data_pipeline_dag.py
[2026-07-01T19:33:47.465+0000] {processor.py:914} INFO - Processing file /opt/airflow/dags/urban_data_pipeline_dag.py for tasks to queue
[2026-07-01T19:33:47.471+0000] {logging_mixin.py:190} INFO - [2026-07-01T19:33:47.470+0000] {dagbag.py:588} INFO - Filling up the DagBag from /opt/airflow/dags/urban_data_pipeline_dag.py
[2026-07-01T19:33:47.908+0000] {processor.py:925} INFO - DAG(s) 'urban_data_pipeline' retrieved from /opt/airflow/dags/urban_data_pipeline_dag.py
[2026-07-01T19:33:47.959+0000] {logging_mixin.py:190} INFO - [2026-07-01T19:33:47.959+0000] {dag.py:3239} INFO - Sync 1 DAGs
[2026-07-01T19:33:47.988+0000] {logging_mixin.py:190} INFO - [2026-07-01T19:33:47.987+0000] {dag.py:4180} INFO - Setting next_dagrun for urban_data_pipeline to 2026-07-01 00:00:00+00:00, run_after=2026-08-01 00:00:00+00:00
[2026-07-01T19:33:48.039+0000] {processor.py:208} INFO - Processing /opt/airflow/dags/urban_data_pipeline_dag.py took 0.585 seconds
[2026-07-01T19:34:18.858+0000] {processor.py:186} INFO - Started process (PID=8921) to work on /opt/airflow/dags/urban_data_pipeline_dag.py
[2026-07-01T19:34:18.861+0000] {processor.py:914} INFO - Processing file /opt/airflow/dags/urban_data_pipeline_dag.py for tasks to queue
[2026-07-01T19:34:18.867+0000] {logging_mixin.py:190} INFO - [2026-07-01T19:34:18.866+0000] {dagbag.py:588} INFO - Filling up the DagBag from /opt/airflow/dags/urban_data_pipeline_dag.py
[2026-07-01T19:34:19.073+0000] {processor.py:925} INFO - DAG(s) 'urban_data_pipeline' retrieved from /opt/airflow/dags/urban_data_pipeline_dag.py
[2026-07-01T19:34:19.168+0000] {logging_mixin.py:190} INFO - [2026-07-01T19:34:19.167+0000] {dag.py:3239} INFO - Sync 1 DAGs
[2026-07-01T19:34:19.217+0000] {logging_mixin.py:190} INFO - [2026-07-01T19:34:19.216+0000] {dag.py:4180} INFO - Setting next_dagrun for urban_data_pipeline to 2026-07-01 00:00:00+00:00, run_after=2026-08-01 00:00:00+00:00
[2026-07-01T19:34:19.270+0000] {processor.py:208} INFO - Processing /opt/airflow/dags/urban_data_pipeline_dag.py took 0.423 seconds
[2026-07-01T19:34:50.064+0000] {processor.py:186} INFO - Started process (PID=8939) to work on /opt/airflow/dags/urban_data_pipeline_dag.py
[2026-07-01T19:34:50.066+0000] {processor.py:914} INFO - Processing file /opt/airflow/dags/urban_data_pipeline_dag.py for tasks to queue
[2026-07-01T19:34:50.074+0000] {logging_mixin.py:190} INFO - [2026-07-01T19:34:50.072+0000] {dagbag.py:588} INFO - Filling up the DagBag from /opt/airflow/dags/urban_data_pipeline_dag.py
[2026-07-01T19:34:50.310+0000] {processor.py:925} INFO - DAG(s) 'urban_data_pipeline' retrieved from /opt/airflow/dags/urban_data_pipeline_dag.py
[2026-07-01T19:34:50.370+0000] {logging_mixin.py:190} INFO - [2026-07-01T19:34:50.369+0000] {dag.py:3239} INFO - Sync 1 DAGs
[2026-07-01T19:34:50.396+0000] {logging_mixin.py:190} INFO - [2026-07-01T19:34:50.395+0000] {dag.py:4180} INFO - Setting next_dagrun for urban_data_pipeline to 2026-07-01 00:00:00+00:00, run_after=2026-08-01 00:00:00+00:00
[2026-07-01T19:34:50.429+0000] {processor.py:208} INFO - Processing /opt/airflow/dags/urban_data_pipeline_dag.py took 0.371 seconds
[2026-07-01T19:35:20.573+0000] {processor.py:186} INFO - Started process (PID=8957) to work on /opt/airflow/dags/urban_data_pipeline_dag.py
[2026-07-01T19:35:20.575+0000] {processor.py:914} INFO - Processing file /opt/airflow/dags/urban_data_pipeline_dag.py for tasks to queue
[2026-07-01T19:35:20.578+0000] {logging_mixin.py:190} INFO - [2026-07-01T19:35:20.577+0000] {dagbag.py:588} INFO - Filling up the DagBag from /opt/airflow/dags/urban_data_pipeline_dag.py
[2026-07-01T19:35:20.783+0000] {processor.py:925} INFO - DAG(s) 'urban_data_pipeline' retrieved from /opt/airflow/dags/urban_data_pipeline_dag.py
[2026-07-01T19:35:20.842+0000] {logging_mixin.py:190} INFO - [2026-07-01T19:35:20.841+0000] {dag.py:3239} INFO - Sync 1 DAGs
[2026-07-01T19:35:20.866+0000] {logging_mixin.py:190} INFO - [2026-07-01T19:35:20.866+0000] {dag.py:4180} INFO - Setting next_dagrun for urban_data_pipeline to 2026-07-01 00:00:00+00:00, run_after=2026-08-01 00:00:00+00:00
[2026-07-01T19:35:20.893+0000] {processor.py:208} INFO - Processing /opt/airflow/dags/urban_data_pipeline_dag.py took 0.329 seconds
[2026-07-01T19:35:51.471+0000] {processor.py:186} INFO - Started process (PID=8975) to work on /opt/airflow/dags/urban_data_pipeline_dag.py
[2026-07-01T19:35:51.473+0000] {processor.py:914} INFO - Processing file /opt/airflow/dags/urban_data_pipeline_dag.py for tasks to queue
[2026-07-01T19:35:51.476+0000] {logging_mixin.py:190} INFO - [2026-07-01T19:35:51.475+0000] {dagbag.py:588} INFO - Filling up the DagBag from /opt/airflow/dags/urban_data_pipeline_dag.py
[2026-07-01T19:35:51.845+0000] {processor.py:925} INFO - DAG(s) 'urban_data_pipeline' retrieved from /opt/airflow/dags/urban_data_pipeline_dag.py
[2026-07-01T19:35:51.920+0000] {logging_mixin.py:190} INFO - [2026-07-01T19:35:51.919+0000] {dag.py:3239} INFO - Sync 1 DAGs
[2026-07-01T19:35:51.943+0000] {logging_mixin.py:190} INFO - [2026-07-01T19:35:51.943+0000] {dag.py:4180} INFO - Setting next_dagrun for urban_data_pipeline to 2026-07-01 00:00:00+00:00, run_after=2026-08-01 00:00:00+00:00
[2026-07-01T19:35:51.995+0000] {processor.py:208} INFO - Processing /opt/airflow/dags/urban_data_pipeline_dag.py took 0.530 seconds
[2026-07-01T19:36:22.410+0000] {processor.py:186} INFO - Started process (PID=8993) to work on /opt/airflow/dags/urban_data_pipeline_dag.py
[2026-07-01T19:36:22.412+0000] {processor.py:914} INFO - Processing file /opt/airflow/dags/urban_data_pipeline_dag.py for tasks to queue
[2026-07-01T19:36:22.424+0000] {logging_mixin.py:190} INFO - [2026-07-01T19:36:22.422+0000] {dagbag.py:588} INFO - Filling up the DagBag from /opt/airflow/dags/urban_data_pipeline_dag.py
[2026-07-01T19:36:22.850+0000] {processor.py:925} INFO - DAG(s) 'urban_data_pipeline' retrieved from /opt/airflow/dags/urban_data_pipeline_dag.py
[2026-07-01T19:36:22.902+0000] {logging_mixin.py:190} INFO - [2026-07-01T19:36:22.902+0000] {dag.py:3239} INFO - Sync 1 DAGs
[2026-07-01T19:36:22.934+0000] {logging_mixin.py:190} INFO - [2026-07-01T19:36:22.934+0000] {dag.py:4180} INFO - Setting next_dagrun for urban_data_pipeline to 2026-07-01 00:00:00+00:00, run_after=2026-08-01 00:00:00+00:00
[2026-07-01T19:36:22.967+0000] {processor.py:208} INFO - Processing /opt/airflow/dags/urban_data_pipeline_dag.py took 0.570 seconds
[2026-07-01T19:36:53.671+0000] {processor.py:186} INFO - Started process (PID=9011) to work on /opt/airflow/dags/urban_data_pipeline_dag.py
[2026-07-01T19:36:53.673+0000] {processor.py:914} INFO - Processing file /opt/airflow/dags/urban_data_pipeline_dag.py for tasks to queue
[2026-07-01T19:36:53.676+0000] {logging_mixin.py:190} INFO - [2026-07-01T19:36:53.675+0000] {dagbag.py:588} INFO - Filling up the DagBag from /opt/airflow/dags/urban_data_pipeline_dag.py
[2026-07-01T19:36:53.978+0000] {processor.py:925} INFO - DAG(s) 'urban_data_pipeline' retrieved from /opt/airflow/dags/urban_data_pipeline_dag.py
[2026-07-01T19:36:54.043+0000] {logging_mixin.py:190} INFO - [2026-07-01T19:36:54.042+0000] {dag.py:3239} INFO - Sync 1 DAGs
[2026-07-01T19:36:54.079+0000] {logging_mixin.py:190} INFO - [2026-07-01T19:36:54.079+0000] {dag.py:4180} INFO - Setting next_dagrun for urban_data_pipeline to 2026-07-01 00:00:00+00:00, run_after=2026-08-01 00:00:00+00:00
[2026-07-01T19:36:54.214+0000] {processor.py:208} INFO - Processing /opt/airflow/dags/urban_data_pipeline_dag.py took 0.566 seconds
[2026-07-01T19:37:24.802+0000] {processor.py:186} INFO - Started process (PID=9029) to work on /opt/airflow/dags/urban_data_pipeline_dag.py
[2026-07-01T19:37:24.804+0000] {processor.py:914} INFO - Processing file /opt/airflow/dags/urban_data_pipeline_dag.py for tasks to queue
[2026-07-01T19:37:24.807+0000] {logging_mixin.py:190} INFO - [2026-07-01T19:37:24.807+0000] {dagbag.py:588} INFO - Filling up the DagBag from /opt/airflow/dags/urban_data_pipeline_dag.py
[2026-07-01T19:37:25.006+0000] {processor.py:925} INFO - DAG(s) 'urban_data_pipeline' retrieved from /opt/airflow/dags/urban_data_pipeline_dag.py
[2026-07-01T19:37:25.065+0000] {logging_mixin.py:190} INFO - [2026-07-01T19:37:25.065+0000] {dag.py:3239} INFO - Sync 1 DAGs
[2026-07-01T19:37:25.096+0000] {logging_mixin.py:190} INFO - [2026-07-01T19:37:25.095+0000] {dag.py:4180} INFO - Setting next_dagrun for urban_data_pipeline to 2026-07-01 00:00:00+00:00, run_after=2026-08-01 00:00:00+00:00
[2026-07-01T19:37:25.139+0000] {processor.py:208} INFO - Processing /opt/airflow/dags/urban_data_pipeline_dag.py took 0.348 seconds
[2026-07-01T19:37:55.890+0000] {processor.py:186} INFO - Started process (PID=9047) to work on /opt/airflow/dags/urban_data_pipeline_dag.py
[2026-07-01T19:37:55.893+0000] {processor.py:914} INFO - Processing file /opt/airflow/dags/urban_data_pipeline_dag.py for tasks to queue
[2026-07-01T19:37:55.900+0000] {logging_mixin.py:190} INFO - [2026-07-01T19:37:55.899+0000] {dagbag.py:588} INFO - Filling up the DagBag from /opt/airflow/dags/urban_data_pipeline_dag.py
[2026-07-01T19:37:56.216+0000] {processor.py:925} INFO - DAG(s) 'urban_data_pipeline' retrieved from /opt/airflow/dags/urban_data_pipeline_dag.py
[2026-07-01T19:37:56.265+0000] {logging_mixin.py:190} INFO - [2026-07-01T19:37:56.265+0000] {dag.py:3239} INFO - Sync 1 DAGs
[2026-07-01T19:37:56.295+0000] {logging_mixin.py:190} INFO - [2026-07-01T19:37:56.295+0000] {dag.py:4180} INFO - Setting next_dagrun for urban_data_pipeline to 2026-07-01 00:00:00+00:00, run_after=2026-08-01 00:00:00+00:00
[2026-07-01T19:37:56.323+0000] {processor.py:208} INFO - Processing /opt/airflow/dags/urban_data_pipeline_dag.py took 0.444 seconds
[2026-07-01T19:38:26.491+0000] {processor.py:186} INFO - Started process (PID=9058) to work on /opt/airflow/dags/urban_data_pipeline_dag.py
[2026-07-01T19:38:26.493+0000] {processor.py:914} INFO - Processing file /opt/airflow/dags/urban_data_pipeline_dag.py for tasks to queue
[2026-07-01T19:38:26.497+0000] {logging_mixin.py:190} INFO - [2026-07-01T19:38:26.497+0000] {dagbag.py:588} INFO - Filling up the DagBag from /opt/airflow/dags/urban_data_pipeline_dag.py
[2026-07-01T19:38:26.817+0000] {processor.py:925} INFO - DAG(s) 'urban_data_pipeline' retrieved from /opt/airflow/dags/urban_data_pipeline_dag.py
[2026-07-01T19:38:26.867+0000] {logging_mixin.py:190} INFO - [2026-07-01T19:38:26.866+0000] {dag.py:3239} INFO - Sync 1 DAGs
[2026-07-01T19:38:26.891+0000] {logging_mixin.py:190} INFO - [2026-07-01T19:38:26.891+0000] {dag.py:4180} INFO - Setting next_dagrun for urban_data_pipeline to 2026-07-01 00:00:00+00:00, run_after=2026-08-01 00:00:00+00:00
[2026-07-01T19:38:26.919+0000] {processor.py:208} INFO - Processing /opt/airflow/dags/urban_data_pipeline_dag.py took 0.439 seconds
[2026-07-01T19:38:57.168+0000] {processor.py:186} INFO - Started process (PID=9076) to work on /opt/airflow/dags/urban_data_pipeline_dag.py
[2026-07-01T19:38:57.170+0000] {processor.py:914} INFO - Processing file /opt/airflow/dags/urban_data_pipeline_dag.py for tasks to queue
[2026-07-01T19:38:57.172+0000] {logging_mixin.py:190} INFO - [2026-07-01T19:38:57.172+0000] {dagbag.py:588} INFO - Filling up the DagBag from /opt/airflow/dags/urban_data_pipeline_dag.py
[2026-07-01T19:38:57.306+0000] {processor.py:925} INFO - DAG(s) 'urban_data_pipeline' retrieved from /opt/airflow/dags/urban_data_pipeline_dag.py
[2026-07-01T19:38:57.363+0000] {logging_mixin.py:190} INFO - [2026-07-01T19:38:57.362+0000] {dag.py:3239} INFO - Sync 1 DAGs
[2026-07-01T19:38:57.389+0000] {logging_mixin.py:190} INFO - [2026-07-01T19:38:57.389+0000] {dag.py:4180} INFO - Setting next_dagrun for urban_data_pipeline to 2026-07-01 00:00:00+00:00, run_after=2026-08-01 00:00:00+00:00
[2026-07-01T19:38:57.420+0000] {processor.py:208} INFO - Processing /opt/airflow/dags/urban_data_pipeline_dag.py took 0.269 seconds
[2026-07-01T19:39:28.203+0000] {processor.py:186} INFO - Started process (PID=9094) to work on /opt/airflow/dags/urban_data_pipeline_dag.py
[2026-07-01T19:39:28.204+0000] {processor.py:914} INFO - Processing file /opt/airflow/dags/urban_data_pipeline_dag.py for tasks to queue
[2026-07-01T19:39:28.207+0000] {logging_mixin.py:190} INFO - [2026-07-01T19:39:28.207+0000] {dagbag.py:588} INFO - Filling up the DagBag from /opt/airflow/dags/urban_data_pipeline_dag.py
[2026-07-01T19:39:28.434+0000] {processor.py:925} INFO - DAG(s) 'urban_data_pipeline' retrieved from /opt/airflow/dags/urban_data_pipeline_dag.py
[2026-07-01T19:39:28.487+0000] {logging_mixin.py:190} INFO - [2026-07-01T19:39:28.486+0000] {dag.py:3239} INFO - Sync 1 DAGs
[2026-07-01T19:39:28.514+0000] {logging_mixin.py:190} INFO - [2026-07-01T19:39:28.513+0000] {dag.py:4180} INFO - Setting next_dagrun for urban_data_pipeline to 2026-07-01 00:00:00+00:00, run_after=2026-08-01 00:00:00+00:00
[2026-07-01T19:39:28.573+0000] {processor.py:208} INFO - Processing /opt/airflow/dags/urban_data_pipeline_dag.py took 0.377 seconds
[2026-07-01T19:39:59.333+0000] {processor.py:186} INFO - Started process (PID=9112) to work on /opt/airflow/dags/urban_data_pipeline_dag.py
[2026-07-01T19:39:59.335+0000] {processor.py:914} INFO - Processing file /opt/airflow/dags/urban_data_pipeline_dag.py for tasks to queue
[2026-07-01T19:39:59.348+0000] {logging_mixin.py:190} INFO - [2026-07-01T19:39:59.347+0000] {dagbag.py:588} INFO - Filling up the DagBag from /opt/airflow/dags/urban_data_pipeline_dag.py
[2026-07-01T19:39:59.591+0000] {processor.py:925} INFO - DAG(s) 'urban_data_pipeline' retrieved from /opt/airflow/dags/urban_data_pipeline_dag.py
[2026-07-01T19:39:59.639+0000] {logging_mixin.py:190} INFO - [2026-07-01T19:39:59.639+0000] {dag.py:3239} INFO - Sync 1 DAGs
[2026-07-01T19:39:59.673+0000] {logging_mixin.py:190} INFO - [2026-07-01T19:39:59.672+0000] {dag.py:4180} INFO - Setting next_dagrun for urban_data_pipeline to 2026-07-01 00:00:00+00:00, run_after=2026-08-01 00:00:00+00:00
[2026-07-01T19:39:59.786+0000] {processor.py:208} INFO - Processing /opt/airflow/dags/urban_data_pipeline_dag.py took 0.482 seconds
[2026-07-01T19:40:30.215+0000] {processor.py:186} INFO - Started process (PID=9130) to work on /opt/airflow/dags/urban_data_pipeline_dag.py
[2026-07-01T19:40:30.221+0000] {processor.py:914} INFO - Processing file /opt/airflow/dags/urban_data_pipeline_dag.py for tasks to queue
[2026-07-01T19:40:30.228+0000] {logging_mixin.py:190} INFO - [2026-07-01T19:40:30.228+0000] {dagbag.py:588} INFO - Filling up the DagBag from /opt/airflow/dags/urban_data_pipeline_dag.py
[2026-07-01T19:40:30.399+0000] {processor.py:925} INFO - DAG(s) 'urban_data_pipeline' retrieved from /opt/airflow/dags/urban_data_pipeline_dag.py
[2026-07-01T19:40:30.461+0000] {logging_mixin.py:190} INFO - [2026-07-01T19:40:30.460+0000] {dag.py:3239} INFO - Sync 1 DAGs
[2026-07-01T19:40:30.503+0000] {logging_mixin.py:190} INFO - [2026-07-01T19:40:30.503+0000] {dag.py:4180} INFO - Setting next_dagrun for urban_data_pipeline to 2026-07-01 00:00:00+00:00, run_after=2026-08-01 00:00:00+00:00
[2026-07-01T19:40:30.536+0000] {processor.py:208} INFO - Processing /opt/airflow/dags/urban_data_pipeline_dag.py took 0.334 seconds
[2026-07-01T19:41:01.449+0000] {processor.py:186} INFO - Started process (PID=9148) to work on /opt/airflow/dags/urban_data_pipeline_dag.py
[2026-07-01T19:41:01.451+0000] {processor.py:914} INFO - Processing file /opt/airflow/dags/urban_data_pipeline_dag.py for tasks to queue
[2026-07-01T19:41:01.453+0000] {logging_mixin.py:190} INFO - [2026-07-01T19:41:01.453+0000] {dagbag.py:588} INFO - Filling up the DagBag from /opt/airflow/dags/urban_data_pipeline_dag.py
[2026-07-01T19:41:01.768+0000] {processor.py:925} INFO - DAG(s) 'urban_data_pipeline' retrieved from /opt/airflow/dags/urban_data_pipeline_dag.py
[2026-07-01T19:41:01.846+0000] {logging_mixin.py:190} INFO - [2026-07-01T19:41:01.845+0000] {dag.py:3239} INFO - Sync 1 DAGs
[2026-07-01T19:41:01.913+0000] {logging_mixin.py:190} INFO - [2026-07-01T19:41:01.912+0000] {dag.py:4180} INFO - Setting next_dagrun for urban_data_pipeline to 2026-07-01 00:00:00+00:00, run_after=2026-08-01 00:00:00+00:00
[2026-07-01T19:41:01.962+0000] {processor.py:208} INFO - Processing /opt/airflow/dags/urban_data_pipeline_dag.py took 0.521 seconds
[2026-07-01T19:41:32.208+0000] {processor.py:186} INFO - Started process (PID=9166) to work on /opt/airflow/dags/urban_data_pipeline_dag.py
[2026-07-01T19:41:32.210+0000] {processor.py:914} INFO - Processing file /opt/airflow/dags/urban_data_pipeline_dag.py for tasks to queue
[2026-07-01T19:41:32.216+0000] {logging_mixin.py:190} INFO - [2026-07-01T19:41:32.215+0000] {dagbag.py:588} INFO - Filling up the DagBag from /opt/airflow/dags/urban_data_pipeline_dag.py
[2026-07-01T19:41:32.414+0000] {processor.py:925} INFO - DAG(s) 'urban_data_pipeline' retrieved from /opt/airflow/dags/urban_data_pipeline_dag.py
[2026-07-01T19:41:32.465+0000] {logging_mixin.py:190} INFO - [2026-07-01T19:41:32.465+0000] {dag.py:3239} INFO - Sync 1 DAGs
[2026-07-01T19:41:32.502+0000] {logging_mixin.py:190} INFO - [2026-07-01T19:41:32.501+0000] {dag.py:4180} INFO - Setting next_dagrun for urban_data_pipeline to 2026-07-01 00:00:00+00:00, run_after=2026-08-01 00:00:00+00:00
[2026-07-01T19:41:32.542+0000] {processor.py:208} INFO - Processing /opt/airflow/dags/urban_data_pipeline_dag.py took 0.342 seconds
[2026-07-01T19:42:03.382+0000] {processor.py:186} INFO - Started process (PID=9184) to work on /opt/airflow/dags/urban_data_pipeline_dag.py
[2026-07-01T19:42:03.383+0000] {processor.py:914} INFO - Processing file /opt/airflow/dags/urban_data_pipeline_dag.py for tasks to queue
[2026-07-01T19:42:03.388+0000] {logging_mixin.py:190} INFO - [2026-07-01T19:42:03.387+0000] {dagbag.py:588} INFO - Filling up the DagBag from /opt/airflow/dags/urban_data_pipeline_dag.py
[2026-07-01T19:42:03.649+0000] {processor.py:925} INFO - DAG(s) 'urban_data_pipeline' retrieved from /opt/airflow/dags/urban_data_pipeline_dag.py
[2026-07-01T19:42:03.700+0000] {logging_mixin.py:190} INFO - [2026-07-01T19:42:03.700+0000] {dag.py:3239} INFO - Sync 1 DAGs
[2026-07-01T19:42:03.728+0000] {logging_mixin.py:190} INFO - [2026-07-01T19:42:03.728+0000] {dag.py:4180} INFO - Setting next_dagrun for urban_data_pipeline to 2026-07-01 00:00:00+00:00, run_after=2026-08-01 00:00:00+00:00
[2026-07-01T19:42:03.780+0000] {processor.py:208} INFO - Processing /opt/airflow/dags/urban_data_pipeline_dag.py took 0.410 seconds
[2026-07-01T19:42:33.956+0000] {processor.py:186} INFO - Started process (PID=9201) to work on /opt/airflow/dags/urban_data_pipeline_dag.py
[2026-07-01T19:42:33.958+0000] {processor.py:914} INFO - Processing file /opt/airflow/dags/urban_data_pipeline_dag.py for tasks to queue
[2026-07-01T19:42:33.964+0000] {logging_mixin.py:190} INFO - [2026-07-01T19:42:33.963+0000] {dagbag.py:588} INFO - Filling up the DagBag from /opt/airflow/dags/urban_data_pipeline_dag.py
[2026-07-01T19:42:34.102+0000] {processor.py:925} INFO - DAG(s) 'urban_data_pipeline' retrieved from /opt/airflow/dags/urban_data_pipeline_dag.py
[2026-07-01T19:42:34.149+0000] {logging_mixin.py:190} INFO - [2026-07-01T19:42:34.148+0000] {dag.py:3239} INFO - Sync 1 DAGs
[2026-07-01T19:42:34.181+0000] {logging_mixin.py:190} INFO - [2026-07-01T19:42:34.181+0000] {dag.py:4180} INFO - Setting next_dagrun for urban_data_pipeline to 2026-07-01 00:00:00+00:00, run_after=2026-08-01 00:00:00+00:00
[2026-07-01T19:42:34.213+0000] {processor.py:208} INFO - Processing /opt/airflow/dags/urban_data_pipeline_dag.py took 0.272 seconds
[2026-07-01T19:43:05.134+0000] {processor.py:186} INFO - Started process (PID=9212) to work on /opt/airflow/dags/urban_data_pipeline_dag.py
[2026-07-01T19:43:05.136+0000] {processor.py:914} INFO - Processing file /opt/airflow/dags/urban_data_pipeline_dag.py for tasks to queue
[2026-07-01T19:43:05.143+0000] {logging_mixin.py:190} INFO - [2026-07-01T19:43:05.143+0000] {dagbag.py:588} INFO - Filling up the DagBag from /opt/airflow/dags/urban_data_pipeline_dag.py
[2026-07-01T19:43:05.429+0000] {processor.py:925} INFO - DAG(s) 'urban_data_pipeline' retrieved from /opt/airflow/dags/urban_data_pipeline_dag.py
[2026-07-01T19:43:05.492+0000] {logging_mixin.py:190} INFO - [2026-07-01T19:43:05.492+0000] {dag.py:3239} INFO - Sync 1 DAGs
[2026-07-01T19:43:05.524+0000] {logging_mixin.py:190} INFO - [2026-07-01T19:43:05.524+0000] {dag.py:4180} INFO - Setting next_dagrun for urban_data_pipeline to 2026-07-01 00:00:00+00:00, run_after=2026-08-01 00:00:00+00:00
[2026-07-01T19:43:05.545+0000] {processor.py:208} INFO - Processing /opt/airflow/dags/urban_data_pipeline_dag.py took 0.424 seconds
