[2026-07-01T12:51:48.234+0000] {processor.py:186} INFO - Started process (PID=184) to work on /opt/airflow/dags/urban_data_streaming_dag.py
[2026-07-01T12:51:48.235+0000] {processor.py:914} INFO - Processing file /opt/airflow/dags/urban_data_streaming_dag.py for tasks to queue
[2026-07-01T12:51:48.239+0000] {logging_mixin.py:190} INFO - [2026-07-01T12:51:48.239+0000] {dagbag.py:588} INFO - Filling up the DagBag from /opt/airflow/dags/urban_data_streaming_dag.py
[2026-07-01T12:51:48.271+0000] {processor.py:925} INFO - DAG(s) 'urban_data_streaming_demo' retrieved from /opt/airflow/dags/urban_data_streaming_dag.py
[2026-07-01T12:51:48.312+0000] {logging_mixin.py:190} INFO - [2026-07-01T12:51:48.312+0000] {dag.py:3239} INFO - Sync 1 DAGs
[2026-07-01T12:51:48.335+0000] {logging_mixin.py:190} INFO - [2026-07-01T12:51:48.335+0000] {dag.py:4180} INFO - Setting next_dagrun for urban_data_streaming_demo to None, run_after=None
[2026-07-01T12:51:48.359+0000] {processor.py:208} INFO - Processing /opt/airflow/dags/urban_data_streaming_dag.py took 0.132 seconds
[2026-07-01T12:52:18.822+0000] {processor.py:186} INFO - Started process (PID=262) to work on /opt/airflow/dags/urban_data_streaming_dag.py
[2026-07-01T12:52:18.825+0000] {processor.py:914} INFO - Processing file /opt/airflow/dags/urban_data_streaming_dag.py for tasks to queue
[2026-07-01T12:52:18.829+0000] {logging_mixin.py:190} INFO - [2026-07-01T12:52:18.828+0000] {dagbag.py:588} INFO - Filling up the DagBag from /opt/airflow/dags/urban_data_streaming_dag.py
[2026-07-01T12:52:18.903+0000] {processor.py:925} INFO - DAG(s) 'urban_data_streaming_demo' retrieved from /opt/airflow/dags/urban_data_streaming_dag.py
[2026-07-01T12:52:18.939+0000] {logging_mixin.py:190} INFO - [2026-07-01T12:52:18.939+0000] {dag.py:3239} INFO - Sync 1 DAGs
[2026-07-01T12:52:18.954+0000] {logging_mixin.py:190} INFO - [2026-07-01T12:52:18.954+0000] {dag.py:4180} INFO - Setting next_dagrun for urban_data_streaming_demo to None, run_after=None
[2026-07-01T12:52:18.976+0000] {processor.py:208} INFO - Processing /opt/airflow/dags/urban_data_streaming_dag.py took 0.163 seconds
[2026-07-01T12:52:49.488+0000] {processor.py:186} INFO - Started process (PID=280) to work on /opt/airflow/dags/urban_data_streaming_dag.py
[2026-07-01T12:52:49.490+0000] {processor.py:914} INFO - Processing file /opt/airflow/dags/urban_data_streaming_dag.py for tasks to queue
[2026-07-01T12:52:49.493+0000] {logging_mixin.py:190} INFO - [2026-07-01T12:52:49.493+0000] {dagbag.py:588} INFO - Filling up the DagBag from /opt/airflow/dags/urban_data_streaming_dag.py
[2026-07-01T12:52:49.542+0000] {processor.py:925} INFO - DAG(s) 'urban_data_streaming_demo' retrieved from /opt/airflow/dags/urban_data_streaming_dag.py
[2026-07-01T12:52:49.576+0000] {logging_mixin.py:190} INFO - [2026-07-01T12:52:49.576+0000] {dag.py:3239} INFO - Sync 1 DAGs
[2026-07-01T12:52:49.590+0000] {logging_mixin.py:190} INFO - [2026-07-01T12:52:49.590+0000] {dag.py:4180} INFO - Setting next_dagrun for urban_data_streaming_demo to None, run_after=None
[2026-07-01T12:52:49.612+0000] {processor.py:208} INFO - Processing /opt/airflow/dags/urban_data_streaming_dag.py took 0.129 seconds
[2026-07-01T12:53:20.002+0000] {processor.py:186} INFO - Started process (PID=298) to work on /opt/airflow/dags/urban_data_streaming_dag.py
[2026-07-01T12:53:20.003+0000] {processor.py:914} INFO - Processing file /opt/airflow/dags/urban_data_streaming_dag.py for tasks to queue
[2026-07-01T12:53:20.005+0000] {logging_mixin.py:190} INFO - [2026-07-01T12:53:20.005+0000] {dagbag.py:588} INFO - Filling up the DagBag from /opt/airflow/dags/urban_data_streaming_dag.py
[2026-07-01T12:53:20.025+0000] {processor.py:925} INFO - DAG(s) 'urban_data_streaming_demo' retrieved from /opt/airflow/dags/urban_data_streaming_dag.py
[2026-07-01T12:53:20.053+0000] {logging_mixin.py:190} INFO - [2026-07-01T12:53:20.053+0000] {dag.py:3239} INFO - Sync 1 DAGs
[2026-07-01T12:53:20.066+0000] {logging_mixin.py:190} INFO - [2026-07-01T12:53:20.066+0000] {dag.py:4180} INFO - Setting next_dagrun for urban_data_streaming_demo to None, run_after=None
[2026-07-01T12:53:20.087+0000] {processor.py:208} INFO - Processing /opt/airflow/dags/urban_data_streaming_dag.py took 0.090 seconds
[2026-07-01T12:53:50.438+0000] {processor.py:186} INFO - Started process (PID=316) to work on /opt/airflow/dags/urban_data_streaming_dag.py
[2026-07-01T12:53:50.442+0000] {processor.py:914} INFO - Processing file /opt/airflow/dags/urban_data_streaming_dag.py for tasks to queue
[2026-07-01T12:53:50.445+0000] {logging_mixin.py:190} INFO - [2026-07-01T12:53:50.444+0000] {dagbag.py:588} INFO - Filling up the DagBag from /opt/airflow/dags/urban_data_streaming_dag.py
[2026-07-01T12:53:50.490+0000] {processor.py:925} INFO - DAG(s) 'urban_data_streaming_demo' retrieved from /opt/airflow/dags/urban_data_streaming_dag.py
[2026-07-01T12:53:50.520+0000] {logging_mixin.py:190} INFO - [2026-07-01T12:53:50.520+0000] {dag.py:3239} INFO - Sync 1 DAGs
[2026-07-01T12:53:50.533+0000] {logging_mixin.py:190} INFO - [2026-07-01T12:53:50.533+0000] {dag.py:4180} INFO - Setting next_dagrun for urban_data_streaming_demo to None, run_after=None
[2026-07-01T12:53:50.555+0000] {processor.py:208} INFO - Processing /opt/airflow/dags/urban_data_streaming_dag.py took 0.123 seconds
[2026-07-01T12:54:20.933+0000] {processor.py:186} INFO - Started process (PID=334) to work on /opt/airflow/dags/urban_data_streaming_dag.py
[2026-07-01T12:54:20.935+0000] {processor.py:914} INFO - Processing file /opt/airflow/dags/urban_data_streaming_dag.py for tasks to queue
[2026-07-01T12:54:20.941+0000] {logging_mixin.py:190} INFO - [2026-07-01T12:54:20.941+0000] {dagbag.py:588} INFO - Filling up the DagBag from /opt/airflow/dags/urban_data_streaming_dag.py
[2026-07-01T12:54:20.967+0000] {processor.py:925} INFO - DAG(s) 'urban_data_streaming_demo' retrieved from /opt/airflow/dags/urban_data_streaming_dag.py
[2026-07-01T12:54:20.995+0000] {logging_mixin.py:190} INFO - [2026-07-01T12:54:20.994+0000] {dag.py:3239} INFO - Sync 1 DAGs
[2026-07-01T12:54:21.008+0000] {logging_mixin.py:190} INFO - [2026-07-01T12:54:21.008+0000] {dag.py:4180} INFO - Setting next_dagrun for urban_data_streaming_demo to None, run_after=None
[2026-07-01T12:54:21.152+0000] {processor.py:208} INFO - Processing /opt/airflow/dags/urban_data_streaming_dag.py took 0.225 seconds
[2026-07-01T12:54:51.930+0000] {processor.py:186} INFO - Started process (PID=429) to work on /opt/airflow/dags/urban_data_streaming_dag.py
[2026-07-01T12:54:51.933+0000] {processor.py:914} INFO - Processing file /opt/airflow/dags/urban_data_streaming_dag.py for tasks to queue
[2026-07-01T12:54:51.937+0000] {logging_mixin.py:190} INFO - [2026-07-01T12:54:51.936+0000] {dagbag.py:588} INFO - Filling up the DagBag from /opt/airflow/dags/urban_data_streaming_dag.py
[2026-07-01T12:54:52.045+0000] {processor.py:925} INFO - DAG(s) 'urban_data_streaming_demo' retrieved from /opt/airflow/dags/urban_data_streaming_dag.py
[2026-07-01T12:54:52.150+0000] {logging_mixin.py:190} INFO - [2026-07-01T12:54:52.150+0000] {dag.py:3239} INFO - Sync 1 DAGs
[2026-07-01T12:54:52.347+0000] {logging_mixin.py:190} INFO - [2026-07-01T12:54:52.347+0000] {dag.py:4180} INFO - Setting next_dagrun for urban_data_streaming_demo to None, run_after=None
[2026-07-01T12:54:52.374+0000] {processor.py:208} INFO - Processing /opt/airflow/dags/urban_data_streaming_dag.py took 0.454 seconds
[2026-07-01T12:55:23.244+0000] {processor.py:186} INFO - Started process (PID=447) to work on /opt/airflow/dags/urban_data_streaming_dag.py
[2026-07-01T12:55:23.246+0000] {processor.py:914} INFO - Processing file /opt/airflow/dags/urban_data_streaming_dag.py for tasks to queue
[2026-07-01T12:55:23.249+0000] {logging_mixin.py:190} INFO - [2026-07-01T12:55:23.249+0000] {dagbag.py:588} INFO - Filling up the DagBag from /opt/airflow/dags/urban_data_streaming_dag.py
[2026-07-01T12:55:23.284+0000] {processor.py:925} INFO - DAG(s) 'urban_data_streaming_demo' retrieved from /opt/airflow/dags/urban_data_streaming_dag.py
[2026-07-01T12:55:23.436+0000] {logging_mixin.py:190} INFO - [2026-07-01T12:55:23.435+0000] {dag.py:3239} INFO - Sync 1 DAGs
[2026-07-01T12:55:23.448+0000] {logging_mixin.py:190} INFO - [2026-07-01T12:55:23.448+0000] {dag.py:4180} INFO - Setting next_dagrun for urban_data_streaming_demo to None, run_after=None
[2026-07-01T12:55:23.479+0000] {processor.py:208} INFO - Processing /opt/airflow/dags/urban_data_streaming_dag.py took 0.242 seconds
[2026-07-01T12:55:54.438+0000] {processor.py:186} INFO - Started process (PID=465) to work on /opt/airflow/dags/urban_data_streaming_dag.py
[2026-07-01T12:55:54.440+0000] {processor.py:914} INFO - Processing file /opt/airflow/dags/urban_data_streaming_dag.py for tasks to queue
[2026-07-01T12:55:54.444+0000] {logging_mixin.py:190} INFO - [2026-07-01T12:55:54.443+0000] {dagbag.py:588} INFO - Filling up the DagBag from /opt/airflow/dags/urban_data_streaming_dag.py
[2026-07-01T12:55:54.494+0000] {processor.py:925} INFO - DAG(s) 'urban_data_streaming_demo' retrieved from /opt/airflow/dags/urban_data_streaming_dag.py
[2026-07-01T12:55:54.542+0000] {logging_mixin.py:190} INFO - [2026-07-01T12:55:54.542+0000] {dag.py:3239} INFO - Sync 1 DAGs
[2026-07-01T12:55:54.566+0000] {logging_mixin.py:190} INFO - [2026-07-01T12:55:54.566+0000] {dag.py:4180} INFO - Setting next_dagrun for urban_data_streaming_demo to None, run_after=None
[2026-07-01T12:55:54.585+0000] {processor.py:208} INFO - Processing /opt/airflow/dags/urban_data_streaming_dag.py took 0.173 seconds
[2026-07-01T12:56:25.497+0000] {processor.py:186} INFO - Started process (PID=483) to work on /opt/airflow/dags/urban_data_streaming_dag.py
[2026-07-01T12:56:25.498+0000] {processor.py:914} INFO - Processing file /opt/airflow/dags/urban_data_streaming_dag.py for tasks to queue
[2026-07-01T12:56:25.501+0000] {logging_mixin.py:190} INFO - [2026-07-01T12:56:25.501+0000] {dagbag.py:588} INFO - Filling up the DagBag from /opt/airflow/dags/urban_data_streaming_dag.py
[2026-07-01T12:56:25.547+0000] {processor.py:925} INFO - DAG(s) 'urban_data_streaming_demo' retrieved from /opt/airflow/dags/urban_data_streaming_dag.py
[2026-07-01T12:56:25.597+0000] {logging_mixin.py:190} INFO - [2026-07-01T12:56:25.596+0000] {dag.py:3239} INFO - Sync 1 DAGs
[2026-07-01T12:56:25.610+0000] {logging_mixin.py:190} INFO - [2026-07-01T12:56:25.610+0000] {dag.py:4180} INFO - Setting next_dagrun for urban_data_streaming_demo to None, run_after=None
[2026-07-01T12:56:25.644+0000] {processor.py:208} INFO - Processing /opt/airflow/dags/urban_data_streaming_dag.py took 0.162 seconds
[2026-07-01T12:56:55.854+0000] {processor.py:186} INFO - Started process (PID=500) to work on /opt/airflow/dags/urban_data_streaming_dag.py
[2026-07-01T12:56:55.856+0000] {processor.py:914} INFO - Processing file /opt/airflow/dags/urban_data_streaming_dag.py for tasks to queue
[2026-07-01T12:56:55.858+0000] {logging_mixin.py:190} INFO - [2026-07-01T12:56:55.858+0000] {dagbag.py:588} INFO - Filling up the DagBag from /opt/airflow/dags/urban_data_streaming_dag.py
[2026-07-01T12:56:55.886+0000] {processor.py:925} INFO - DAG(s) 'urban_data_streaming_demo' retrieved from /opt/airflow/dags/urban_data_streaming_dag.py
[2026-07-01T12:56:55.915+0000] {logging_mixin.py:190} INFO - [2026-07-01T12:56:55.914+0000] {dag.py:3239} INFO - Sync 1 DAGs
[2026-07-01T12:56:55.928+0000] {logging_mixin.py:190} INFO - [2026-07-01T12:56:55.928+0000] {dag.py:4180} INFO - Setting next_dagrun for urban_data_streaming_demo to None, run_after=None
[2026-07-01T12:56:55.948+0000] {processor.py:208} INFO - Processing /opt/airflow/dags/urban_data_streaming_dag.py took 0.101 seconds
[2026-07-01T12:57:26.942+0000] {processor.py:186} INFO - Started process (PID=511) to work on /opt/airflow/dags/urban_data_streaming_dag.py
[2026-07-01T12:57:26.944+0000] {processor.py:914} INFO - Processing file /opt/airflow/dags/urban_data_streaming_dag.py for tasks to queue
[2026-07-01T12:57:26.950+0000] {logging_mixin.py:190} INFO - [2026-07-01T12:57:26.949+0000] {dagbag.py:588} INFO - Filling up the DagBag from /opt/airflow/dags/urban_data_streaming_dag.py
[2026-07-01T12:57:27.017+0000] {processor.py:925} INFO - DAG(s) 'urban_data_streaming_demo' retrieved from /opt/airflow/dags/urban_data_streaming_dag.py
[2026-07-01T12:57:27.057+0000] {logging_mixin.py:190} INFO - [2026-07-01T12:57:27.057+0000] {dag.py:3239} INFO - Sync 1 DAGs
[2026-07-01T12:57:27.073+0000] {logging_mixin.py:190} INFO - [2026-07-01T12:57:27.073+0000] {dag.py:4180} INFO - Setting next_dagrun for urban_data_streaming_demo to None, run_after=None
[2026-07-01T12:57:27.095+0000] {processor.py:208} INFO - Processing /opt/airflow/dags/urban_data_streaming_dag.py took 0.170 seconds
[2026-07-01T12:57:58.078+0000] {processor.py:186} INFO - Started process (PID=529) to work on /opt/airflow/dags/urban_data_streaming_dag.py
[2026-07-01T12:57:58.080+0000] {processor.py:914} INFO - Processing file /opt/airflow/dags/urban_data_streaming_dag.py for tasks to queue
[2026-07-01T12:57:58.083+0000] {logging_mixin.py:190} INFO - [2026-07-01T12:57:58.082+0000] {dagbag.py:588} INFO - Filling up the DagBag from /opt/airflow/dags/urban_data_streaming_dag.py
[2026-07-01T12:57:58.124+0000] {processor.py:925} INFO - DAG(s) 'urban_data_streaming_demo' retrieved from /opt/airflow/dags/urban_data_streaming_dag.py
[2026-07-01T12:57:58.170+0000] {logging_mixin.py:190} INFO - [2026-07-01T12:57:58.169+0000] {dag.py:3239} INFO - Sync 1 DAGs
[2026-07-01T12:57:58.186+0000] {logging_mixin.py:190} INFO - [2026-07-01T12:57:58.186+0000] {dag.py:4180} INFO - Setting next_dagrun for urban_data_streaming_demo to None, run_after=None
[2026-07-01T12:57:58.209+0000] {processor.py:208} INFO - Processing /opt/airflow/dags/urban_data_streaming_dag.py took 0.136 seconds
[2026-07-01T12:58:29.137+0000] {processor.py:186} INFO - Started process (PID=547) to work on /opt/airflow/dags/urban_data_streaming_dag.py
[2026-07-01T12:58:29.140+0000] {processor.py:914} INFO - Processing file /opt/airflow/dags/urban_data_streaming_dag.py for tasks to queue
[2026-07-01T12:58:29.149+0000] {logging_mixin.py:190} INFO - [2026-07-01T12:58:29.147+0000] {dagbag.py:588} INFO - Filling up the DagBag from /opt/airflow/dags/urban_data_streaming_dag.py
[2026-07-01T12:58:29.237+0000] {processor.py:925} INFO - DAG(s) 'urban_data_streaming_demo' retrieved from /opt/airflow/dags/urban_data_streaming_dag.py
[2026-07-01T12:58:29.291+0000] {logging_mixin.py:190} INFO - [2026-07-01T12:58:29.291+0000] {dag.py:3239} INFO - Sync 1 DAGs
[2026-07-01T12:58:29.305+0000] {logging_mixin.py:190} INFO - [2026-07-01T12:58:29.305+0000] {dag.py:4180} INFO - Setting next_dagrun for urban_data_streaming_demo to None, run_after=None
[2026-07-01T12:58:29.328+0000] {processor.py:208} INFO - Processing /opt/airflow/dags/urban_data_streaming_dag.py took 0.219 seconds
[2026-07-01T12:59:00.216+0000] {processor.py:186} INFO - Started process (PID=565) to work on /opt/airflow/dags/urban_data_streaming_dag.py
[2026-07-01T12:59:00.217+0000] {processor.py:914} INFO - Processing file /opt/airflow/dags/urban_data_streaming_dag.py for tasks to queue
[2026-07-01T12:59:00.222+0000] {logging_mixin.py:190} INFO - [2026-07-01T12:59:00.221+0000] {dagbag.py:588} INFO - Filling up the DagBag from /opt/airflow/dags/urban_data_streaming_dag.py
[2026-07-01T12:59:00.254+0000] {processor.py:925} INFO - DAG(s) 'urban_data_streaming_demo' retrieved from /opt/airflow/dags/urban_data_streaming_dag.py
[2026-07-01T12:59:00.287+0000] {logging_mixin.py:190} INFO - [2026-07-01T12:59:00.286+0000] {dag.py:3239} INFO - Sync 1 DAGs
[2026-07-01T12:59:00.302+0000] {logging_mixin.py:190} INFO - [2026-07-01T12:59:00.302+0000] {dag.py:4180} INFO - Setting next_dagrun for urban_data_streaming_demo to None, run_after=None
[2026-07-01T12:59:00.325+0000] {processor.py:208} INFO - Processing /opt/airflow/dags/urban_data_streaming_dag.py took 0.122 seconds
[2026-07-01T12:59:31.186+0000] {processor.py:186} INFO - Started process (PID=583) to work on /opt/airflow/dags/urban_data_streaming_dag.py
[2026-07-01T12:59:31.189+0000] {processor.py:914} INFO - Processing file /opt/airflow/dags/urban_data_streaming_dag.py for tasks to queue
[2026-07-01T12:59:31.194+0000] {logging_mixin.py:190} INFO - [2026-07-01T12:59:31.193+0000] {dagbag.py:588} INFO - Filling up the DagBag from /opt/airflow/dags/urban_data_streaming_dag.py
[2026-07-01T12:59:31.256+0000] {processor.py:925} INFO - DAG(s) 'urban_data_streaming_demo' retrieved from /opt/airflow/dags/urban_data_streaming_dag.py
[2026-07-01T12:59:31.284+0000] {logging_mixin.py:190} INFO - [2026-07-01T12:59:31.283+0000] {dag.py:3239} INFO - Sync 1 DAGs
[2026-07-01T12:59:31.298+0000] {logging_mixin.py:190} INFO - [2026-07-01T12:59:31.297+0000] {dag.py:4180} INFO - Setting next_dagrun for urban_data_streaming_demo to None, run_after=None
[2026-07-01T12:59:31.320+0000] {processor.py:208} INFO - Processing /opt/airflow/dags/urban_data_streaming_dag.py took 0.148 seconds
[2026-07-01T13:00:02.239+0000] {processor.py:186} INFO - Started process (PID=601) to work on /opt/airflow/dags/urban_data_streaming_dag.py
[2026-07-01T13:00:02.242+0000] {processor.py:914} INFO - Processing file /opt/airflow/dags/urban_data_streaming_dag.py for tasks to queue
[2026-07-01T13:00:02.247+0000] {logging_mixin.py:190} INFO - [2026-07-01T13:00:02.246+0000] {dagbag.py:588} INFO - Filling up the DagBag from /opt/airflow/dags/urban_data_streaming_dag.py
[2026-07-01T13:00:02.278+0000] {processor.py:925} INFO - DAG(s) 'urban_data_streaming_demo' retrieved from /opt/airflow/dags/urban_data_streaming_dag.py
[2026-07-01T13:00:02.322+0000] {logging_mixin.py:190} INFO - [2026-07-01T13:00:02.321+0000] {dag.py:3239} INFO - Sync 1 DAGs
[2026-07-01T13:00:02.338+0000] {logging_mixin.py:190} INFO - [2026-07-01T13:00:02.338+0000] {dag.py:4180} INFO - Setting next_dagrun for urban_data_streaming_demo to None, run_after=None
[2026-07-01T13:00:02.359+0000] {processor.py:208} INFO - Processing /opt/airflow/dags/urban_data_streaming_dag.py took 0.130 seconds
[2026-07-01T13:00:33.236+0000] {processor.py:186} INFO - Started process (PID=619) to work on /opt/airflow/dags/urban_data_streaming_dag.py
[2026-07-01T13:00:33.238+0000] {processor.py:914} INFO - Processing file /opt/airflow/dags/urban_data_streaming_dag.py for tasks to queue
[2026-07-01T13:00:33.241+0000] {logging_mixin.py:190} INFO - [2026-07-01T13:00:33.240+0000] {dagbag.py:588} INFO - Filling up the DagBag from /opt/airflow/dags/urban_data_streaming_dag.py
[2026-07-01T13:00:33.287+0000] {processor.py:925} INFO - DAG(s) 'urban_data_streaming_demo' retrieved from /opt/airflow/dags/urban_data_streaming_dag.py
[2026-07-01T13:00:33.328+0000] {logging_mixin.py:190} INFO - [2026-07-01T13:00:33.327+0000] {dag.py:3239} INFO - Sync 1 DAGs
[2026-07-01T13:00:33.341+0000] {logging_mixin.py:190} INFO - [2026-07-01T13:00:33.341+0000] {dag.py:4180} INFO - Setting next_dagrun for urban_data_streaming_demo to None, run_after=None
[2026-07-01T13:00:33.362+0000] {processor.py:208} INFO - Processing /opt/airflow/dags/urban_data_streaming_dag.py took 0.144 seconds
[2026-07-01T13:01:04.013+0000] {processor.py:186} INFO - Started process (PID=637) to work on /opt/airflow/dags/urban_data_streaming_dag.py
[2026-07-01T13:01:04.014+0000] {processor.py:914} INFO - Processing file /opt/airflow/dags/urban_data_streaming_dag.py for tasks to queue
[2026-07-01T13:01:04.017+0000] {logging_mixin.py:190} INFO - [2026-07-01T13:01:04.017+0000] {dagbag.py:588} INFO - Filling up the DagBag from /opt/airflow/dags/urban_data_streaming_dag.py
[2026-07-01T13:01:04.041+0000] {processor.py:925} INFO - DAG(s) 'urban_data_streaming_demo' retrieved from /opt/airflow/dags/urban_data_streaming_dag.py
[2026-07-01T13:01:04.071+0000] {logging_mixin.py:190} INFO - [2026-07-01T13:01:04.071+0000] {dag.py:3239} INFO - Sync 1 DAGs
[2026-07-01T13:01:04.084+0000] {logging_mixin.py:190} INFO - [2026-07-01T13:01:04.084+0000] {dag.py:4180} INFO - Setting next_dagrun for urban_data_streaming_demo to None, run_after=None
[2026-07-01T13:01:04.107+0000] {processor.py:208} INFO - Processing /opt/airflow/dags/urban_data_streaming_dag.py took 0.100 seconds
[2026-07-01T13:01:34.886+0000] {processor.py:186} INFO - Started process (PID=655) to work on /opt/airflow/dags/urban_data_streaming_dag.py
[2026-07-01T13:01:34.887+0000] {processor.py:914} INFO - Processing file /opt/airflow/dags/urban_data_streaming_dag.py for tasks to queue
[2026-07-01T13:01:34.890+0000] {logging_mixin.py:190} INFO - [2026-07-01T13:01:34.890+0000] {dagbag.py:588} INFO - Filling up the DagBag from /opt/airflow/dags/urban_data_streaming_dag.py
[2026-07-01T13:01:34.919+0000] {processor.py:925} INFO - DAG(s) 'urban_data_streaming_demo' retrieved from /opt/airflow/dags/urban_data_streaming_dag.py
[2026-07-01T13:01:34.950+0000] {logging_mixin.py:190} INFO - [2026-07-01T13:01:34.949+0000] {dag.py:3239} INFO - Sync 1 DAGs
[2026-07-01T13:01:34.963+0000] {logging_mixin.py:190} INFO - [2026-07-01T13:01:34.963+0000] {dag.py:4180} INFO - Setting next_dagrun for urban_data_streaming_demo to None, run_after=None
[2026-07-01T13:01:34.986+0000] {processor.py:208} INFO - Processing /opt/airflow/dags/urban_data_streaming_dag.py took 0.110 seconds
[2026-07-01T13:02:05.944+0000] {processor.py:186} INFO - Started process (PID=673) to work on /opt/airflow/dags/urban_data_streaming_dag.py
[2026-07-01T13:02:05.947+0000] {processor.py:914} INFO - Processing file /opt/airflow/dags/urban_data_streaming_dag.py for tasks to queue
[2026-07-01T13:02:05.955+0000] {logging_mixin.py:190} INFO - [2026-07-01T13:02:05.954+0000] {dagbag.py:588} INFO - Filling up the DagBag from /opt/airflow/dags/urban_data_streaming_dag.py
[2026-07-01T13:02:06.054+0000] {processor.py:925} INFO - DAG(s) 'urban_data_streaming_demo' retrieved from /opt/airflow/dags/urban_data_streaming_dag.py
[2026-07-01T13:02:06.087+0000] {logging_mixin.py:190} INFO - [2026-07-01T13:02:06.086+0000] {dag.py:3239} INFO - Sync 1 DAGs
[2026-07-01T13:02:06.100+0000] {logging_mixin.py:190} INFO - [2026-07-01T13:02:06.099+0000] {dag.py:4180} INFO - Setting next_dagrun for urban_data_streaming_demo to None, run_after=None
[2026-07-01T13:02:06.124+0000] {processor.py:208} INFO - Processing /opt/airflow/dags/urban_data_streaming_dag.py took 0.197 seconds
[2026-07-01T13:02:36.840+0000] {processor.py:186} INFO - Started process (PID=691) to work on /opt/airflow/dags/urban_data_streaming_dag.py
[2026-07-01T13:02:36.842+0000] {processor.py:914} INFO - Processing file /opt/airflow/dags/urban_data_streaming_dag.py for tasks to queue
[2026-07-01T13:02:36.845+0000] {logging_mixin.py:190} INFO - [2026-07-01T13:02:36.844+0000] {dagbag.py:588} INFO - Filling up the DagBag from /opt/airflow/dags/urban_data_streaming_dag.py
[2026-07-01T13:02:36.874+0000] {processor.py:925} INFO - DAG(s) 'urban_data_streaming_demo' retrieved from /opt/airflow/dags/urban_data_streaming_dag.py
[2026-07-01T13:02:36.915+0000] {logging_mixin.py:190} INFO - [2026-07-01T13:02:36.915+0000] {dag.py:3239} INFO - Sync 1 DAGs
[2026-07-01T13:02:36.931+0000] {logging_mixin.py:190} INFO - [2026-07-01T13:02:36.931+0000] {dag.py:4180} INFO - Setting next_dagrun for urban_data_streaming_demo to None, run_after=None
[2026-07-01T13:02:36.956+0000] {processor.py:208} INFO - Processing /opt/airflow/dags/urban_data_streaming_dag.py took 0.123 seconds
[2026-07-01T13:03:07.786+0000] {processor.py:186} INFO - Started process (PID=708) to work on /opt/airflow/dags/urban_data_streaming_dag.py
[2026-07-01T13:03:07.788+0000] {processor.py:914} INFO - Processing file /opt/airflow/dags/urban_data_streaming_dag.py for tasks to queue
[2026-07-01T13:03:07.793+0000] {logging_mixin.py:190} INFO - [2026-07-01T13:03:07.793+0000] {dagbag.py:588} INFO - Filling up the DagBag from /opt/airflow/dags/urban_data_streaming_dag.py
[2026-07-01T13:03:07.832+0000] {processor.py:925} INFO - DAG(s) 'urban_data_streaming_demo' retrieved from /opt/airflow/dags/urban_data_streaming_dag.py
[2026-07-01T13:03:07.865+0000] {logging_mixin.py:190} INFO - [2026-07-01T13:03:07.865+0000] {dag.py:3239} INFO - Sync 1 DAGs
[2026-07-01T13:03:07.881+0000] {logging_mixin.py:190} INFO - [2026-07-01T13:03:07.881+0000] {dag.py:4180} INFO - Setting next_dagrun for urban_data_streaming_demo to None, run_after=None
[2026-07-01T13:03:07.903+0000] {processor.py:208} INFO - Processing /opt/airflow/dags/urban_data_streaming_dag.py took 0.128 seconds
[2026-07-01T13:03:38.765+0000] {processor.py:186} INFO - Started process (PID=726) to work on /opt/airflow/dags/urban_data_streaming_dag.py
[2026-07-01T13:03:38.769+0000] {processor.py:914} INFO - Processing file /opt/airflow/dags/urban_data_streaming_dag.py for tasks to queue
[2026-07-01T13:03:38.775+0000] {logging_mixin.py:190} INFO - [2026-07-01T13:03:38.774+0000] {dagbag.py:588} INFO - Filling up the DagBag from /opt/airflow/dags/urban_data_streaming_dag.py
[2026-07-01T13:03:38.834+0000] {processor.py:925} INFO - DAG(s) 'urban_data_streaming_demo' retrieved from /opt/airflow/dags/urban_data_streaming_dag.py
[2026-07-01T13:03:38.900+0000] {logging_mixin.py:190} INFO - [2026-07-01T13:03:38.900+0000] {dag.py:3239} INFO - Sync 1 DAGs
[2026-07-01T13:03:38.921+0000] {logging_mixin.py:190} INFO - [2026-07-01T13:03:38.921+0000] {dag.py:4180} INFO - Setting next_dagrun for urban_data_streaming_demo to None, run_after=None
[2026-07-01T13:03:38.982+0000] {processor.py:208} INFO - Processing /opt/airflow/dags/urban_data_streaming_dag.py took 0.234 seconds
[2026-07-01T13:04:09.821+0000] {processor.py:186} INFO - Started process (PID=737) to work on /opt/airflow/dags/urban_data_streaming_dag.py
[2026-07-01T13:04:09.822+0000] {processor.py:914} INFO - Processing file /opt/airflow/dags/urban_data_streaming_dag.py for tasks to queue
[2026-07-01T13:04:09.825+0000] {logging_mixin.py:190} INFO - [2026-07-01T13:04:09.825+0000] {dagbag.py:588} INFO - Filling up the DagBag from /opt/airflow/dags/urban_data_streaming_dag.py
[2026-07-01T13:04:09.851+0000] {processor.py:925} INFO - DAG(s) 'urban_data_streaming_demo' retrieved from /opt/airflow/dags/urban_data_streaming_dag.py
[2026-07-01T13:04:09.884+0000] {logging_mixin.py:190} INFO - [2026-07-01T13:04:09.884+0000] {dag.py:3239} INFO - Sync 1 DAGs
[2026-07-01T13:04:09.900+0000] {logging_mixin.py:190} INFO - [2026-07-01T13:04:09.900+0000] {dag.py:4180} INFO - Setting next_dagrun for urban_data_streaming_demo to None, run_after=None
[2026-07-01T13:04:09.923+0000] {processor.py:208} INFO - Processing /opt/airflow/dags/urban_data_streaming_dag.py took 0.107 seconds
[2026-07-01T13:04:40.752+0000] {processor.py:186} INFO - Started process (PID=755) to work on /opt/airflow/dags/urban_data_streaming_dag.py
[2026-07-01T13:04:40.754+0000] {processor.py:914} INFO - Processing file /opt/airflow/dags/urban_data_streaming_dag.py for tasks to queue
[2026-07-01T13:04:40.757+0000] {logging_mixin.py:190} INFO - [2026-07-01T13:04:40.757+0000] {dagbag.py:588} INFO - Filling up the DagBag from /opt/airflow/dags/urban_data_streaming_dag.py
[2026-07-01T13:04:40.843+0000] {processor.py:925} INFO - DAG(s) 'urban_data_streaming_demo' retrieved from /opt/airflow/dags/urban_data_streaming_dag.py
[2026-07-01T13:04:40.896+0000] {logging_mixin.py:190} INFO - [2026-07-01T13:04:40.895+0000] {dag.py:3239} INFO - Sync 1 DAGs
[2026-07-01T13:04:40.909+0000] {logging_mixin.py:190} INFO - [2026-07-01T13:04:40.909+0000] {dag.py:4180} INFO - Setting next_dagrun for urban_data_streaming_demo to None, run_after=None
[2026-07-01T13:04:40.934+0000] {processor.py:208} INFO - Processing /opt/airflow/dags/urban_data_streaming_dag.py took 0.190 seconds
[2026-07-01T13:05:11.821+0000] {processor.py:186} INFO - Started process (PID=773) to work on /opt/airflow/dags/urban_data_streaming_dag.py
[2026-07-01T13:05:11.822+0000] {processor.py:914} INFO - Processing file /opt/airflow/dags/urban_data_streaming_dag.py for tasks to queue
[2026-07-01T13:05:11.824+0000] {logging_mixin.py:190} INFO - [2026-07-01T13:05:11.824+0000] {dagbag.py:588} INFO - Filling up the DagBag from /opt/airflow/dags/urban_data_streaming_dag.py
[2026-07-01T13:05:11.845+0000] {processor.py:925} INFO - DAG(s) 'urban_data_streaming_demo' retrieved from /opt/airflow/dags/urban_data_streaming_dag.py
[2026-07-01T13:05:11.876+0000] {logging_mixin.py:190} INFO - [2026-07-01T13:05:11.876+0000] {dag.py:3239} INFO - Sync 1 DAGs
[2026-07-01T13:05:11.889+0000] {logging_mixin.py:190} INFO - [2026-07-01T13:05:11.889+0000] {dag.py:4180} INFO - Setting next_dagrun for urban_data_streaming_demo to None, run_after=None
[2026-07-01T13:05:11.909+0000] {processor.py:208} INFO - Processing /opt/airflow/dags/urban_data_streaming_dag.py took 0.093 seconds
[2026-07-01T13:05:42.737+0000] {processor.py:186} INFO - Started process (PID=791) to work on /opt/airflow/dags/urban_data_streaming_dag.py
[2026-07-01T13:05:42.739+0000] {processor.py:914} INFO - Processing file /opt/airflow/dags/urban_data_streaming_dag.py for tasks to queue
[2026-07-01T13:05:42.742+0000] {logging_mixin.py:190} INFO - [2026-07-01T13:05:42.742+0000] {dagbag.py:588} INFO - Filling up the DagBag from /opt/airflow/dags/urban_data_streaming_dag.py
[2026-07-01T13:05:42.802+0000] {processor.py:925} INFO - DAG(s) 'urban_data_streaming_demo' retrieved from /opt/airflow/dags/urban_data_streaming_dag.py
[2026-07-01T13:05:42.837+0000] {logging_mixin.py:190} INFO - [2026-07-01T13:05:42.837+0000] {dag.py:3239} INFO - Sync 1 DAGs
[2026-07-01T13:05:42.850+0000] {logging_mixin.py:190} INFO - [2026-07-01T13:05:42.850+0000] {dag.py:4180} INFO - Setting next_dagrun for urban_data_streaming_demo to None, run_after=None
[2026-07-01T13:05:42.872+0000] {processor.py:208} INFO - Processing /opt/airflow/dags/urban_data_streaming_dag.py took 0.140 seconds
[2026-07-01T13:06:13.072+0000] {processor.py:186} INFO - Started process (PID=809) to work on /opt/airflow/dags/urban_data_streaming_dag.py
[2026-07-01T13:06:13.074+0000] {processor.py:914} INFO - Processing file /opt/airflow/dags/urban_data_streaming_dag.py for tasks to queue
[2026-07-01T13:06:13.079+0000] {logging_mixin.py:190} INFO - [2026-07-01T13:06:13.078+0000] {dagbag.py:588} INFO - Filling up the DagBag from /opt/airflow/dags/urban_data_streaming_dag.py
[2026-07-01T13:06:13.194+0000] {processor.py:925} INFO - DAG(s) 'urban_data_streaming_demo' retrieved from /opt/airflow/dags/urban_data_streaming_dag.py
[2026-07-01T13:06:13.244+0000] {logging_mixin.py:190} INFO - [2026-07-01T13:06:13.244+0000] {dag.py:3239} INFO - Sync 1 DAGs
[2026-07-01T13:06:13.259+0000] {logging_mixin.py:190} INFO - [2026-07-01T13:06:13.259+0000] {dag.py:4180} INFO - Setting next_dagrun for urban_data_streaming_demo to None, run_after=None
[2026-07-01T13:06:13.296+0000] {processor.py:208} INFO - Processing /opt/airflow/dags/urban_data_streaming_dag.py took 0.238 seconds
[2026-07-01T13:06:43.805+0000] {processor.py:186} INFO - Started process (PID=827) to work on /opt/airflow/dags/urban_data_streaming_dag.py
[2026-07-01T13:06:43.807+0000] {processor.py:914} INFO - Processing file /opt/airflow/dags/urban_data_streaming_dag.py for tasks to queue
[2026-07-01T13:06:43.811+0000] {logging_mixin.py:190} INFO - [2026-07-01T13:06:43.810+0000] {dagbag.py:588} INFO - Filling up the DagBag from /opt/airflow/dags/urban_data_streaming_dag.py
[2026-07-01T13:06:43.877+0000] {processor.py:925} INFO - DAG(s) 'urban_data_streaming_demo' retrieved from /opt/airflow/dags/urban_data_streaming_dag.py
[2026-07-01T13:06:43.951+0000] {logging_mixin.py:190} INFO - [2026-07-01T13:06:43.951+0000] {dag.py:3239} INFO - Sync 1 DAGs
[2026-07-01T13:06:43.978+0000] {logging_mixin.py:190} INFO - [2026-07-01T13:06:43.977+0000] {dag.py:4180} INFO - Setting next_dagrun for urban_data_streaming_demo to None, run_after=None
[2026-07-01T13:06:44.012+0000] {processor.py:208} INFO - Processing /opt/airflow/dags/urban_data_streaming_dag.py took 0.226 seconds
[2026-07-01T13:07:14.198+0000] {processor.py:186} INFO - Started process (PID=845) to work on /opt/airflow/dags/urban_data_streaming_dag.py
[2026-07-01T13:07:14.199+0000] {processor.py:914} INFO - Processing file /opt/airflow/dags/urban_data_streaming_dag.py for tasks to queue
[2026-07-01T13:07:14.202+0000] {logging_mixin.py:190} INFO - [2026-07-01T13:07:14.202+0000] {dagbag.py:588} INFO - Filling up the DagBag from /opt/airflow/dags/urban_data_streaming_dag.py
[2026-07-01T13:07:14.227+0000] {processor.py:925} INFO - DAG(s) 'urban_data_streaming_demo' retrieved from /opt/airflow/dags/urban_data_streaming_dag.py
[2026-07-01T13:07:14.259+0000] {logging_mixin.py:190} INFO - [2026-07-01T13:07:14.259+0000] {dag.py:3239} INFO - Sync 1 DAGs
[2026-07-01T13:07:14.273+0000] {logging_mixin.py:190} INFO - [2026-07-01T13:07:14.273+0000] {dag.py:4180} INFO - Setting next_dagrun for urban_data_streaming_demo to None, run_after=None
[2026-07-01T13:07:14.294+0000] {processor.py:208} INFO - Processing /opt/airflow/dags/urban_data_streaming_dag.py took 0.104 seconds
[2026-07-01T13:07:44.934+0000] {processor.py:186} INFO - Started process (PID=863) to work on /opt/airflow/dags/urban_data_streaming_dag.py
[2026-07-01T13:07:44.935+0000] {processor.py:914} INFO - Processing file /opt/airflow/dags/urban_data_streaming_dag.py for tasks to queue
[2026-07-01T13:07:44.937+0000] {logging_mixin.py:190} INFO - [2026-07-01T13:07:44.937+0000] {dagbag.py:588} INFO - Filling up the DagBag from /opt/airflow/dags/urban_data_streaming_dag.py
[2026-07-01T13:07:44.968+0000] {processor.py:925} INFO - DAG(s) 'urban_data_streaming_demo' retrieved from /opt/airflow/dags/urban_data_streaming_dag.py
[2026-07-01T13:07:45.013+0000] {logging_mixin.py:190} INFO - [2026-07-01T13:07:45.013+0000] {dag.py:3239} INFO - Sync 1 DAGs
[2026-07-01T13:07:45.026+0000] {logging_mixin.py:190} INFO - [2026-07-01T13:07:45.026+0000] {dag.py:4180} INFO - Setting next_dagrun for urban_data_streaming_demo to None, run_after=None
[2026-07-01T13:07:45.050+0000] {processor.py:208} INFO - Processing /opt/airflow/dags/urban_data_streaming_dag.py took 0.127 seconds
[2026-07-01T13:08:15.493+0000] {processor.py:186} INFO - Started process (PID=880) to work on /opt/airflow/dags/urban_data_streaming_dag.py
[2026-07-01T13:08:15.496+0000] {processor.py:914} INFO - Processing file /opt/airflow/dags/urban_data_streaming_dag.py for tasks to queue
[2026-07-01T13:08:15.501+0000] {logging_mixin.py:190} INFO - [2026-07-01T13:08:15.501+0000] {dagbag.py:588} INFO - Filling up the DagBag from /opt/airflow/dags/urban_data_streaming_dag.py
[2026-07-01T13:08:15.585+0000] {processor.py:925} INFO - DAG(s) 'urban_data_streaming_demo' retrieved from /opt/airflow/dags/urban_data_streaming_dag.py
[2026-07-01T13:08:15.622+0000] {logging_mixin.py:190} INFO - [2026-07-01T13:08:15.622+0000] {dag.py:3239} INFO - Sync 1 DAGs
[2026-07-01T13:08:15.638+0000] {logging_mixin.py:190} INFO - [2026-07-01T13:08:15.638+0000] {dag.py:4180} INFO - Setting next_dagrun for urban_data_streaming_demo to None, run_after=None
[2026-07-01T13:08:15.664+0000] {processor.py:208} INFO - Processing /opt/airflow/dags/urban_data_streaming_dag.py took 0.186 seconds
[2026-07-01T13:08:46.314+0000] {processor.py:186} INFO - Started process (PID=891) to work on /opt/airflow/dags/urban_data_streaming_dag.py
[2026-07-01T13:08:46.315+0000] {processor.py:914} INFO - Processing file /opt/airflow/dags/urban_data_streaming_dag.py for tasks to queue
[2026-07-01T13:08:46.318+0000] {logging_mixin.py:190} INFO - [2026-07-01T13:08:46.318+0000] {dagbag.py:588} INFO - Filling up the DagBag from /opt/airflow/dags/urban_data_streaming_dag.py
[2026-07-01T13:08:46.355+0000] {processor.py:925} INFO - DAG(s) 'urban_data_streaming_demo' retrieved from /opt/airflow/dags/urban_data_streaming_dag.py
[2026-07-01T13:08:46.394+0000] {logging_mixin.py:190} INFO - [2026-07-01T13:08:46.394+0000] {dag.py:3239} INFO - Sync 1 DAGs
[2026-07-01T13:08:46.419+0000] {logging_mixin.py:190} INFO - [2026-07-01T13:08:46.418+0000] {dag.py:4180} INFO - Setting next_dagrun for urban_data_streaming_demo to None, run_after=None
[2026-07-01T13:08:46.444+0000] {processor.py:208} INFO - Processing /opt/airflow/dags/urban_data_streaming_dag.py took 0.137 seconds
[2026-07-01T13:09:16.719+0000] {processor.py:186} INFO - Started process (PID=909) to work on /opt/airflow/dags/urban_data_streaming_dag.py
[2026-07-01T13:09:16.720+0000] {processor.py:914} INFO - Processing file /opt/airflow/dags/urban_data_streaming_dag.py for tasks to queue
[2026-07-01T13:09:16.723+0000] {logging_mixin.py:190} INFO - [2026-07-01T13:09:16.723+0000] {dagbag.py:588} INFO - Filling up the DagBag from /opt/airflow/dags/urban_data_streaming_dag.py
[2026-07-01T13:09:16.752+0000] {processor.py:925} INFO - DAG(s) 'urban_data_streaming_demo' retrieved from /opt/airflow/dags/urban_data_streaming_dag.py
[2026-07-01T13:09:16.783+0000] {logging_mixin.py:190} INFO - [2026-07-01T13:09:16.782+0000] {dag.py:3239} INFO - Sync 1 DAGs
[2026-07-01T13:09:16.801+0000] {logging_mixin.py:190} INFO - [2026-07-01T13:09:16.801+0000] {dag.py:4180} INFO - Setting next_dagrun for urban_data_streaming_demo to None, run_after=None
[2026-07-01T13:09:16.834+0000] {processor.py:208} INFO - Processing /opt/airflow/dags/urban_data_streaming_dag.py took 0.122 seconds
[2026-07-01T13:09:47.501+0000] {processor.py:186} INFO - Started process (PID=927) to work on /opt/airflow/dags/urban_data_streaming_dag.py
[2026-07-01T13:09:47.504+0000] {processor.py:914} INFO - Processing file /opt/airflow/dags/urban_data_streaming_dag.py for tasks to queue
[2026-07-01T13:09:47.509+0000] {logging_mixin.py:190} INFO - [2026-07-01T13:09:47.508+0000] {dagbag.py:588} INFO - Filling up the DagBag from /opt/airflow/dags/urban_data_streaming_dag.py
[2026-07-01T13:09:47.599+0000] {processor.py:925} INFO - DAG(s) 'urban_data_streaming_demo' retrieved from /opt/airflow/dags/urban_data_streaming_dag.py
[2026-07-01T13:09:47.651+0000] {logging_mixin.py:190} INFO - [2026-07-01T13:09:47.650+0000] {dag.py:3239} INFO - Sync 1 DAGs
[2026-07-01T13:09:47.665+0000] {logging_mixin.py:190} INFO - [2026-07-01T13:09:47.665+0000] {dag.py:4180} INFO - Setting next_dagrun for urban_data_streaming_demo to None, run_after=None
[2026-07-01T13:09:47.692+0000] {processor.py:208} INFO - Processing /opt/airflow/dags/urban_data_streaming_dag.py took 0.208 seconds
[2026-07-01T13:10:17.938+0000] {processor.py:186} INFO - Started process (PID=945) to work on /opt/airflow/dags/urban_data_streaming_dag.py
[2026-07-01T13:10:17.940+0000] {processor.py:914} INFO - Processing file /opt/airflow/dags/urban_data_streaming_dag.py for tasks to queue
[2026-07-01T13:10:17.944+0000] {logging_mixin.py:190} INFO - [2026-07-01T13:10:17.944+0000] {dagbag.py:588} INFO - Filling up the DagBag from /opt/airflow/dags/urban_data_streaming_dag.py
[2026-07-01T13:10:17.990+0000] {processor.py:925} INFO - DAG(s) 'urban_data_streaming_demo' retrieved from /opt/airflow/dags/urban_data_streaming_dag.py
[2026-07-01T13:10:18.030+0000] {logging_mixin.py:190} INFO - [2026-07-01T13:10:18.030+0000] {dag.py:3239} INFO - Sync 1 DAGs
[2026-07-01T13:10:18.052+0000] {logging_mixin.py:190} INFO - [2026-07-01T13:10:18.051+0000] {dag.py:4180} INFO - Setting next_dagrun for urban_data_streaming_demo to None, run_after=None
[2026-07-01T13:10:18.097+0000] {processor.py:208} INFO - Processing /opt/airflow/dags/urban_data_streaming_dag.py took 0.182 seconds
[2026-07-01T13:10:48.579+0000] {processor.py:186} INFO - Started process (PID=963) to work on /opt/airflow/dags/urban_data_streaming_dag.py
[2026-07-01T13:10:48.581+0000] {processor.py:914} INFO - Processing file /opt/airflow/dags/urban_data_streaming_dag.py for tasks to queue
[2026-07-01T13:10:48.585+0000] {logging_mixin.py:190} INFO - [2026-07-01T13:10:48.584+0000] {dagbag.py:588} INFO - Filling up the DagBag from /opt/airflow/dags/urban_data_streaming_dag.py
[2026-07-01T13:10:48.623+0000] {processor.py:925} INFO - DAG(s) 'urban_data_streaming_demo' retrieved from /opt/airflow/dags/urban_data_streaming_dag.py
[2026-07-01T13:10:48.652+0000] {logging_mixin.py:190} INFO - [2026-07-01T13:10:48.651+0000] {dag.py:3239} INFO - Sync 1 DAGs
[2026-07-01T13:10:48.665+0000] {logging_mixin.py:190} INFO - [2026-07-01T13:10:48.665+0000] {dag.py:4180} INFO - Setting next_dagrun for urban_data_streaming_demo to None, run_after=None
[2026-07-01T13:10:48.686+0000] {processor.py:208} INFO - Processing /opt/airflow/dags/urban_data_streaming_dag.py took 0.122 seconds
[2026-07-01T13:11:19.417+0000] {processor.py:186} INFO - Started process (PID=981) to work on /opt/airflow/dags/urban_data_streaming_dag.py
[2026-07-01T13:11:19.420+0000] {processor.py:914} INFO - Processing file /opt/airflow/dags/urban_data_streaming_dag.py for tasks to queue
[2026-07-01T13:11:19.427+0000] {logging_mixin.py:190} INFO - [2026-07-01T13:11:19.426+0000] {dagbag.py:588} INFO - Filling up the DagBag from /opt/airflow/dags/urban_data_streaming_dag.py
[2026-07-01T13:11:19.523+0000] {processor.py:925} INFO - DAG(s) 'urban_data_streaming_demo' retrieved from /opt/airflow/dags/urban_data_streaming_dag.py
[2026-07-01T13:11:19.558+0000] {logging_mixin.py:190} INFO - [2026-07-01T13:11:19.557+0000] {dag.py:3239} INFO - Sync 1 DAGs
[2026-07-01T13:11:19.573+0000] {logging_mixin.py:190} INFO - [2026-07-01T13:11:19.573+0000] {dag.py:4180} INFO - Setting next_dagrun for urban_data_streaming_demo to None, run_after=None
[2026-07-01T13:11:19.594+0000] {processor.py:208} INFO - Processing /opt/airflow/dags/urban_data_streaming_dag.py took 0.201 seconds
[2026-07-01T13:11:49.900+0000] {processor.py:186} INFO - Started process (PID=999) to work on /opt/airflow/dags/urban_data_streaming_dag.py
[2026-07-01T13:11:49.901+0000] {processor.py:914} INFO - Processing file /opt/airflow/dags/urban_data_streaming_dag.py for tasks to queue
[2026-07-01T13:11:49.905+0000] {logging_mixin.py:190} INFO - [2026-07-01T13:11:49.904+0000] {dagbag.py:588} INFO - Filling up the DagBag from /opt/airflow/dags/urban_data_streaming_dag.py
[2026-07-01T13:11:49.937+0000] {processor.py:925} INFO - DAG(s) 'urban_data_streaming_demo' retrieved from /opt/airflow/dags/urban_data_streaming_dag.py
[2026-07-01T13:11:49.968+0000] {logging_mixin.py:190} INFO - [2026-07-01T13:11:49.968+0000] {dag.py:3239} INFO - Sync 1 DAGs
[2026-07-01T13:11:49.987+0000] {logging_mixin.py:190} INFO - [2026-07-01T13:11:49.987+0000] {dag.py:4180} INFO - Setting next_dagrun for urban_data_streaming_demo to None, run_after=None
[2026-07-01T13:11:50.024+0000] {processor.py:208} INFO - Processing /opt/airflow/dags/urban_data_streaming_dag.py took 0.135 seconds
[2026-07-01T13:12:20.612+0000] {processor.py:186} INFO - Started process (PID=1017) to work on /opt/airflow/dags/urban_data_streaming_dag.py
[2026-07-01T13:12:20.615+0000] {processor.py:914} INFO - Processing file /opt/airflow/dags/urban_data_streaming_dag.py for tasks to queue
[2026-07-01T13:12:20.619+0000] {logging_mixin.py:190} INFO - [2026-07-01T13:12:20.619+0000] {dagbag.py:588} INFO - Filling up the DagBag from /opt/airflow/dags/urban_data_streaming_dag.py
[2026-07-01T13:12:20.672+0000] {processor.py:925} INFO - DAG(s) 'urban_data_streaming_demo' retrieved from /opt/airflow/dags/urban_data_streaming_dag.py
[2026-07-01T13:12:20.704+0000] {logging_mixin.py:190} INFO - [2026-07-01T13:12:20.704+0000] {dag.py:3239} INFO - Sync 1 DAGs
[2026-07-01T13:12:20.718+0000] {logging_mixin.py:190} INFO - [2026-07-01T13:12:20.718+0000] {dag.py:4180} INFO - Setting next_dagrun for urban_data_streaming_demo to None, run_after=None
[2026-07-01T13:12:20.741+0000] {processor.py:208} INFO - Processing /opt/airflow/dags/urban_data_streaming_dag.py took 0.142 seconds
[2026-07-01T13:12:51.206+0000] {processor.py:186} INFO - Started process (PID=1035) to work on /opt/airflow/dags/urban_data_streaming_dag.py
[2026-07-01T13:12:51.209+0000] {processor.py:914} INFO - Processing file /opt/airflow/dags/urban_data_streaming_dag.py for tasks to queue
[2026-07-01T13:12:51.217+0000] {logging_mixin.py:190} INFO - [2026-07-01T13:12:51.216+0000] {dagbag.py:588} INFO - Filling up the DagBag from /opt/airflow/dags/urban_data_streaming_dag.py
[2026-07-01T13:12:51.343+0000] {processor.py:925} INFO - DAG(s) 'urban_data_streaming_demo' retrieved from /opt/airflow/dags/urban_data_streaming_dag.py
[2026-07-01T13:12:51.452+0000] {logging_mixin.py:190} INFO - [2026-07-01T13:12:51.451+0000] {dag.py:3239} INFO - Sync 1 DAGs
[2026-07-01T13:12:51.466+0000] {logging_mixin.py:190} INFO - [2026-07-01T13:12:51.466+0000] {dag.py:4180} INFO - Setting next_dagrun for urban_data_streaming_demo to None, run_after=None
[2026-07-01T13:12:51.491+0000] {processor.py:208} INFO - Processing /opt/airflow/dags/urban_data_streaming_dag.py took 0.313 seconds
[2026-07-01T13:13:22.437+0000] {processor.py:186} INFO - Started process (PID=1052) to work on /opt/airflow/dags/urban_data_streaming_dag.py
[2026-07-01T13:13:22.438+0000] {processor.py:914} INFO - Processing file /opt/airflow/dags/urban_data_streaming_dag.py for tasks to queue
[2026-07-01T13:13:22.441+0000] {logging_mixin.py:190} INFO - [2026-07-01T13:13:22.441+0000] {dagbag.py:588} INFO - Filling up the DagBag from /opt/airflow/dags/urban_data_streaming_dag.py
[2026-07-01T13:13:22.475+0000] {processor.py:925} INFO - DAG(s) 'urban_data_streaming_demo' retrieved from /opt/airflow/dags/urban_data_streaming_dag.py
[2026-07-01T13:13:22.506+0000] {logging_mixin.py:190} INFO - [2026-07-01T13:13:22.506+0000] {dag.py:3239} INFO - Sync 1 DAGs
[2026-07-01T13:13:22.522+0000] {logging_mixin.py:190} INFO - [2026-07-01T13:13:22.522+0000] {dag.py:4180} INFO - Setting next_dagrun for urban_data_streaming_demo to None, run_after=None
[2026-07-01T13:13:22.546+0000] {processor.py:208} INFO - Processing /opt/airflow/dags/urban_data_streaming_dag.py took 0.115 seconds
[2026-07-01T13:13:52.911+0000] {processor.py:186} INFO - Started process (PID=1063) to work on /opt/airflow/dags/urban_data_streaming_dag.py
[2026-07-01T13:13:52.912+0000] {processor.py:914} INFO - Processing file /opt/airflow/dags/urban_data_streaming_dag.py for tasks to queue
[2026-07-01T13:13:52.916+0000] {logging_mixin.py:190} INFO - [2026-07-01T13:13:52.915+0000] {dagbag.py:588} INFO - Filling up the DagBag from /opt/airflow/dags/urban_data_streaming_dag.py
[2026-07-01T13:13:52.951+0000] {processor.py:925} INFO - DAG(s) 'urban_data_streaming_demo' retrieved from /opt/airflow/dags/urban_data_streaming_dag.py
[2026-07-01T13:13:53.006+0000] {logging_mixin.py:190} INFO - [2026-07-01T13:13:53.006+0000] {dag.py:3239} INFO - Sync 1 DAGs
[2026-07-01T13:13:53.023+0000] {logging_mixin.py:190} INFO - [2026-07-01T13:13:53.023+0000] {dag.py:4180} INFO - Setting next_dagrun for urban_data_streaming_demo to None, run_after=None
[2026-07-01T13:13:53.064+0000] {processor.py:208} INFO - Processing /opt/airflow/dags/urban_data_streaming_dag.py took 0.160 seconds
[2026-07-01T13:14:23.801+0000] {processor.py:186} INFO - Started process (PID=1081) to work on /opt/airflow/dags/urban_data_streaming_dag.py
[2026-07-01T13:14:23.819+0000] {processor.py:914} INFO - Processing file /opt/airflow/dags/urban_data_streaming_dag.py for tasks to queue
[2026-07-01T13:14:23.847+0000] {logging_mixin.py:190} INFO - [2026-07-01T13:14:23.844+0000] {dagbag.py:588} INFO - Filling up the DagBag from /opt/airflow/dags/urban_data_streaming_dag.py
[2026-07-01T13:14:23.966+0000] {processor.py:925} INFO - DAG(s) 'urban_data_streaming_demo' retrieved from /opt/airflow/dags/urban_data_streaming_dag.py
[2026-07-01T13:14:24.009+0000] {logging_mixin.py:190} INFO - [2026-07-01T13:14:24.008+0000] {dag.py:3239} INFO - Sync 1 DAGs
[2026-07-01T13:14:24.024+0000] {logging_mixin.py:190} INFO - [2026-07-01T13:14:24.024+0000] {dag.py:4180} INFO - Setting next_dagrun for urban_data_streaming_demo to None, run_after=None
[2026-07-01T13:14:24.052+0000] {processor.py:208} INFO - Processing /opt/airflow/dags/urban_data_streaming_dag.py took 0.293 seconds
[2026-07-01T13:14:54.973+0000] {processor.py:186} INFO - Started process (PID=1099) to work on /opt/airflow/dags/urban_data_streaming_dag.py
[2026-07-01T13:14:54.975+0000] {processor.py:914} INFO - Processing file /opt/airflow/dags/urban_data_streaming_dag.py for tasks to queue
[2026-07-01T13:14:54.977+0000] {logging_mixin.py:190} INFO - [2026-07-01T13:14:54.977+0000] {dagbag.py:588} INFO - Filling up the DagBag from /opt/airflow/dags/urban_data_streaming_dag.py
[2026-07-01T13:14:55.000+0000] {processor.py:925} INFO - DAG(s) 'urban_data_streaming_demo' retrieved from /opt/airflow/dags/urban_data_streaming_dag.py
[2026-07-01T13:14:55.031+0000] {logging_mixin.py:190} INFO - [2026-07-01T13:14:55.031+0000] {dag.py:3239} INFO - Sync 1 DAGs
[2026-07-01T13:14:55.047+0000] {logging_mixin.py:190} INFO - [2026-07-01T13:14:55.047+0000] {dag.py:4180} INFO - Setting next_dagrun for urban_data_streaming_demo to None, run_after=None
[2026-07-01T13:14:55.068+0000] {processor.py:208} INFO - Processing /opt/airflow/dags/urban_data_streaming_dag.py took 0.100 seconds
[2026-07-01T13:15:25.984+0000] {processor.py:186} INFO - Started process (PID=1117) to work on /opt/airflow/dags/urban_data_streaming_dag.py
[2026-07-01T13:15:25.986+0000] {processor.py:914} INFO - Processing file /opt/airflow/dags/urban_data_streaming_dag.py for tasks to queue
[2026-07-01T13:15:25.990+0000] {logging_mixin.py:190} INFO - [2026-07-01T13:15:25.989+0000] {dagbag.py:588} INFO - Filling up the DagBag from /opt/airflow/dags/urban_data_streaming_dag.py
[2026-07-01T13:15:26.037+0000] {processor.py:925} INFO - DAG(s) 'urban_data_streaming_demo' retrieved from /opt/airflow/dags/urban_data_streaming_dag.py
[2026-07-01T13:15:26.083+0000] {logging_mixin.py:190} INFO - [2026-07-01T13:15:26.083+0000] {dag.py:3239} INFO - Sync 1 DAGs
[2026-07-01T13:15:26.100+0000] {logging_mixin.py:190} INFO - [2026-07-01T13:15:26.100+0000] {dag.py:4180} INFO - Setting next_dagrun for urban_data_streaming_demo to None, run_after=None
[2026-07-01T13:15:26.131+0000] {processor.py:208} INFO - Processing /opt/airflow/dags/urban_data_streaming_dag.py took 0.163 seconds
[2026-07-01T13:15:56.430+0000] {processor.py:186} INFO - Started process (PID=1135) to work on /opt/airflow/dags/urban_data_streaming_dag.py
[2026-07-01T13:15:56.432+0000] {processor.py:914} INFO - Processing file /opt/airflow/dags/urban_data_streaming_dag.py for tasks to queue
[2026-07-01T13:15:56.436+0000] {logging_mixin.py:190} INFO - [2026-07-01T13:15:56.435+0000] {dagbag.py:588} INFO - Filling up the DagBag from /opt/airflow/dags/urban_data_streaming_dag.py
[2026-07-01T13:15:56.462+0000] {processor.py:925} INFO - DAG(s) 'urban_data_streaming_demo' retrieved from /opt/airflow/dags/urban_data_streaming_dag.py
[2026-07-01T13:15:56.492+0000] {logging_mixin.py:190} INFO - [2026-07-01T13:15:56.492+0000] {dag.py:3239} INFO - Sync 1 DAGs
[2026-07-01T13:15:56.506+0000] {logging_mixin.py:190} INFO - [2026-07-01T13:15:56.506+0000] {dag.py:4180} INFO - Setting next_dagrun for urban_data_streaming_demo to None, run_after=None
[2026-07-01T13:15:56.542+0000] {processor.py:208} INFO - Processing /opt/airflow/dags/urban_data_streaming_dag.py took 0.125 seconds
[2026-07-01T13:16:26.838+0000] {processor.py:186} INFO - Started process (PID=1153) to work on /opt/airflow/dags/urban_data_streaming_dag.py
[2026-07-01T13:16:26.839+0000] {processor.py:914} INFO - Processing file /opt/airflow/dags/urban_data_streaming_dag.py for tasks to queue
[2026-07-01T13:16:26.843+0000] {logging_mixin.py:190} INFO - [2026-07-01T13:16:26.843+0000] {dagbag.py:588} INFO - Filling up the DagBag from /opt/airflow/dags/urban_data_streaming_dag.py
[2026-07-01T13:16:26.902+0000] {processor.py:925} INFO - DAG(s) 'urban_data_streaming_demo' retrieved from /opt/airflow/dags/urban_data_streaming_dag.py
[2026-07-01T13:16:26.949+0000] {logging_mixin.py:190} INFO - [2026-07-01T13:16:26.949+0000] {dag.py:3239} INFO - Sync 1 DAGs
[2026-07-01T13:16:26.969+0000] {logging_mixin.py:190} INFO - [2026-07-01T13:16:26.969+0000] {dag.py:4180} INFO - Setting next_dagrun for urban_data_streaming_demo to None, run_after=None
[2026-07-01T13:16:27.011+0000] {processor.py:208} INFO - Processing /opt/airflow/dags/urban_data_streaming_dag.py took 0.179 seconds
[2026-07-01T13:16:57.999+0000] {processor.py:186} INFO - Started process (PID=1171) to work on /opt/airflow/dags/urban_data_streaming_dag.py
[2026-07-01T13:16:58.001+0000] {processor.py:914} INFO - Processing file /opt/airflow/dags/urban_data_streaming_dag.py for tasks to queue
[2026-07-01T13:16:58.005+0000] {logging_mixin.py:190} INFO - [2026-07-01T13:16:58.005+0000] {dagbag.py:588} INFO - Filling up the DagBag from /opt/airflow/dags/urban_data_streaming_dag.py
[2026-07-01T13:16:58.043+0000] {processor.py:925} INFO - DAG(s) 'urban_data_streaming_demo' retrieved from /opt/airflow/dags/urban_data_streaming_dag.py
[2026-07-01T13:16:58.071+0000] {logging_mixin.py:190} INFO - [2026-07-01T13:16:58.071+0000] {dag.py:3239} INFO - Sync 1 DAGs
[2026-07-01T13:16:58.084+0000] {logging_mixin.py:190} INFO - [2026-07-01T13:16:58.084+0000] {dag.py:4180} INFO - Setting next_dagrun for urban_data_streaming_demo to None, run_after=None
[2026-07-01T13:16:58.104+0000] {processor.py:208} INFO - Processing /opt/airflow/dags/urban_data_streaming_dag.py took 0.119 seconds
[2026-07-01T13:17:28.348+0000] {processor.py:186} INFO - Started process (PID=1189) to work on /opt/airflow/dags/urban_data_streaming_dag.py
[2026-07-01T13:17:28.352+0000] {processor.py:914} INFO - Processing file /opt/airflow/dags/urban_data_streaming_dag.py for tasks to queue
[2026-07-01T13:17:28.361+0000] {logging_mixin.py:190} INFO - [2026-07-01T13:17:28.360+0000] {dagbag.py:588} INFO - Filling up the DagBag from /opt/airflow/dags/urban_data_streaming_dag.py
[2026-07-01T13:17:28.431+0000] {processor.py:925} INFO - DAG(s) 'urban_data_streaming_demo' retrieved from /opt/airflow/dags/urban_data_streaming_dag.py
[2026-07-01T13:17:28.462+0000] {logging_mixin.py:190} INFO - [2026-07-01T13:17:28.462+0000] {dag.py:3239} INFO - Sync 1 DAGs
[2026-07-01T13:17:28.483+0000] {logging_mixin.py:190} INFO - [2026-07-01T13:17:28.483+0000] {dag.py:4180} INFO - Setting next_dagrun for urban_data_streaming_demo to None, run_after=None
[2026-07-01T13:17:28.512+0000] {processor.py:208} INFO - Processing /opt/airflow/dags/urban_data_streaming_dag.py took 0.184 seconds
[2026-07-01T13:17:59.362+0000] {processor.py:186} INFO - Started process (PID=1207) to work on /opt/airflow/dags/urban_data_streaming_dag.py
[2026-07-01T13:17:59.365+0000] {processor.py:914} INFO - Processing file /opt/airflow/dags/urban_data_streaming_dag.py for tasks to queue
[2026-07-01T13:17:59.371+0000] {logging_mixin.py:190} INFO - [2026-07-01T13:17:59.371+0000] {dagbag.py:588} INFO - Filling up the DagBag from /opt/airflow/dags/urban_data_streaming_dag.py
[2026-07-01T13:17:59.406+0000] {processor.py:925} INFO - DAG(s) 'urban_data_streaming_demo' retrieved from /opt/airflow/dags/urban_data_streaming_dag.py
[2026-07-01T13:17:59.437+0000] {logging_mixin.py:190} INFO - [2026-07-01T13:17:59.437+0000] {dag.py:3239} INFO - Sync 1 DAGs
[2026-07-01T13:17:59.452+0000] {logging_mixin.py:190} INFO - [2026-07-01T13:17:59.452+0000] {dag.py:4180} INFO - Setting next_dagrun for urban_data_streaming_demo to None, run_after=None
[2026-07-01T13:17:59.477+0000] {processor.py:208} INFO - Processing /opt/airflow/dags/urban_data_streaming_dag.py took 0.123 seconds
[2026-07-01T13:18:29.706+0000] {processor.py:186} INFO - Started process (PID=1225) to work on /opt/airflow/dags/urban_data_streaming_dag.py
[2026-07-01T13:18:29.708+0000] {processor.py:914} INFO - Processing file /opt/airflow/dags/urban_data_streaming_dag.py for tasks to queue
[2026-07-01T13:18:29.711+0000] {logging_mixin.py:190} INFO - [2026-07-01T13:18:29.710+0000] {dagbag.py:588} INFO - Filling up the DagBag from /opt/airflow/dags/urban_data_streaming_dag.py
[2026-07-01T13:18:29.739+0000] {processor.py:925} INFO - DAG(s) 'urban_data_streaming_demo' retrieved from /opt/airflow/dags/urban_data_streaming_dag.py
[2026-07-01T13:18:29.771+0000] {logging_mixin.py:190} INFO - [2026-07-01T13:18:29.770+0000] {dag.py:3239} INFO - Sync 1 DAGs
[2026-07-01T13:18:29.785+0000] {logging_mixin.py:190} INFO - [2026-07-01T13:18:29.784+0000] {dag.py:4180} INFO - Setting next_dagrun for urban_data_streaming_demo to None, run_after=None
[2026-07-01T13:18:29.807+0000] {processor.py:208} INFO - Processing /opt/airflow/dags/urban_data_streaming_dag.py took 0.107 seconds
[2026-07-01T13:19:00.227+0000] {processor.py:186} INFO - Started process (PID=1242) to work on /opt/airflow/dags/urban_data_streaming_dag.py
[2026-07-01T13:19:00.229+0000] {processor.py:914} INFO - Processing file /opt/airflow/dags/urban_data_streaming_dag.py for tasks to queue
[2026-07-01T13:19:00.233+0000] {logging_mixin.py:190} INFO - [2026-07-01T13:19:00.232+0000] {dagbag.py:588} INFO - Filling up the DagBag from /opt/airflow/dags/urban_data_streaming_dag.py
[2026-07-01T13:19:00.287+0000] {processor.py:925} INFO - DAG(s) 'urban_data_streaming_demo' retrieved from /opt/airflow/dags/urban_data_streaming_dag.py
[2026-07-01T13:19:00.322+0000] {logging_mixin.py:190} INFO - [2026-07-01T13:19:00.322+0000] {dag.py:3239} INFO - Sync 1 DAGs
[2026-07-01T13:19:00.339+0000] {logging_mixin.py:190} INFO - [2026-07-01T13:19:00.338+0000] {dag.py:4180} INFO - Setting next_dagrun for urban_data_streaming_demo to None, run_after=None
[2026-07-01T13:19:00.360+0000] {processor.py:208} INFO - Processing /opt/airflow/dags/urban_data_streaming_dag.py took 0.140 seconds
[2026-07-01T13:19:30.770+0000] {processor.py:186} INFO - Started process (PID=1253) to work on /opt/airflow/dags/urban_data_streaming_dag.py
[2026-07-01T13:19:30.772+0000] {processor.py:914} INFO - Processing file /opt/airflow/dags/urban_data_streaming_dag.py for tasks to queue
[2026-07-01T13:19:30.774+0000] {logging_mixin.py:190} INFO - [2026-07-01T13:19:30.774+0000] {dagbag.py:588} INFO - Filling up the DagBag from /opt/airflow/dags/urban_data_streaming_dag.py
[2026-07-01T13:19:30.800+0000] {processor.py:925} INFO - DAG(s) 'urban_data_streaming_demo' retrieved from /opt/airflow/dags/urban_data_streaming_dag.py
[2026-07-01T13:19:30.829+0000] {logging_mixin.py:190} INFO - [2026-07-01T13:19:30.829+0000] {dag.py:3239} INFO - Sync 1 DAGs
[2026-07-01T13:19:30.845+0000] {logging_mixin.py:190} INFO - [2026-07-01T13:19:30.845+0000] {dag.py:4180} INFO - Setting next_dagrun for urban_data_streaming_demo to None, run_after=None
[2026-07-01T13:19:30.871+0000] {processor.py:208} INFO - Processing /opt/airflow/dags/urban_data_streaming_dag.py took 0.106 seconds
[2026-07-01T13:20:01.285+0000] {processor.py:186} INFO - Started process (PID=1271) to work on /opt/airflow/dags/urban_data_streaming_dag.py
[2026-07-01T13:20:01.287+0000] {processor.py:914} INFO - Processing file /opt/airflow/dags/urban_data_streaming_dag.py for tasks to queue
[2026-07-01T13:20:01.291+0000] {logging_mixin.py:190} INFO - [2026-07-01T13:20:01.290+0000] {dagbag.py:588} INFO - Filling up the DagBag from /opt/airflow/dags/urban_data_streaming_dag.py
[2026-07-01T13:20:01.334+0000] {processor.py:925} INFO - DAG(s) 'urban_data_streaming_demo' retrieved from /opt/airflow/dags/urban_data_streaming_dag.py
[2026-07-01T13:20:01.368+0000] {logging_mixin.py:190} INFO - [2026-07-01T13:20:01.368+0000] {dag.py:3239} INFO - Sync 1 DAGs
[2026-07-01T13:20:01.384+0000] {logging_mixin.py:190} INFO - [2026-07-01T13:20:01.384+0000] {dag.py:4180} INFO - Setting next_dagrun for urban_data_streaming_demo to None, run_after=None
[2026-07-01T13:20:01.408+0000] {processor.py:208} INFO - Processing /opt/airflow/dags/urban_data_streaming_dag.py took 0.130 seconds
[2026-07-01T13:20:31.842+0000] {processor.py:186} INFO - Started process (PID=1289) to work on /opt/airflow/dags/urban_data_streaming_dag.py
[2026-07-01T13:20:31.846+0000] {processor.py:914} INFO - Processing file /opt/airflow/dags/urban_data_streaming_dag.py for tasks to queue
[2026-07-01T13:20:31.853+0000] {logging_mixin.py:190} INFO - [2026-07-01T13:20:31.853+0000] {dagbag.py:588} INFO - Filling up the DagBag from /opt/airflow/dags/urban_data_streaming_dag.py
[2026-07-01T13:20:31.915+0000] {processor.py:925} INFO - DAG(s) 'urban_data_streaming_demo' retrieved from /opt/airflow/dags/urban_data_streaming_dag.py
[2026-07-01T13:20:31.946+0000] {logging_mixin.py:190} INFO - [2026-07-01T13:20:31.945+0000] {dag.py:3239} INFO - Sync 1 DAGs
[2026-07-01T13:20:31.961+0000] {logging_mixin.py:190} INFO - [2026-07-01T13:20:31.960+0000] {dag.py:4180} INFO - Setting next_dagrun for urban_data_streaming_demo to None, run_after=None
[2026-07-01T13:20:31.985+0000] {processor.py:208} INFO - Processing /opt/airflow/dags/urban_data_streaming_dag.py took 0.150 seconds
[2026-07-01T13:21:02.409+0000] {processor.py:186} INFO - Started process (PID=1307) to work on /opt/airflow/dags/urban_data_streaming_dag.py
[2026-07-01T13:21:02.411+0000] {processor.py:914} INFO - Processing file /opt/airflow/dags/urban_data_streaming_dag.py for tasks to queue
[2026-07-01T13:21:02.414+0000] {logging_mixin.py:190} INFO - [2026-07-01T13:21:02.414+0000] {dagbag.py:588} INFO - Filling up the DagBag from /opt/airflow/dags/urban_data_streaming_dag.py
[2026-07-01T13:21:02.454+0000] {processor.py:925} INFO - DAG(s) 'urban_data_streaming_demo' retrieved from /opt/airflow/dags/urban_data_streaming_dag.py
[2026-07-01T13:21:02.514+0000] {logging_mixin.py:190} INFO - [2026-07-01T13:21:02.514+0000] {dag.py:3239} INFO - Sync 1 DAGs
[2026-07-01T13:21:02.543+0000] {logging_mixin.py:190} INFO - [2026-07-01T13:21:02.542+0000] {dag.py:4180} INFO - Setting next_dagrun for urban_data_streaming_demo to None, run_after=None
[2026-07-01T13:21:02.571+0000] {processor.py:208} INFO - Processing /opt/airflow/dags/urban_data_streaming_dag.py took 0.167 seconds
[2026-07-01T13:21:33.079+0000] {processor.py:186} INFO - Started process (PID=1325) to work on /opt/airflow/dags/urban_data_streaming_dag.py
[2026-07-01T13:21:33.081+0000] {processor.py:914} INFO - Processing file /opt/airflow/dags/urban_data_streaming_dag.py for tasks to queue
[2026-07-01T13:21:33.085+0000] {logging_mixin.py:190} INFO - [2026-07-01T13:21:33.084+0000] {dagbag.py:588} INFO - Filling up the DagBag from /opt/airflow/dags/urban_data_streaming_dag.py
[2026-07-01T13:21:33.150+0000] {processor.py:925} INFO - DAG(s) 'urban_data_streaming_demo' retrieved from /opt/airflow/dags/urban_data_streaming_dag.py
[2026-07-01T13:21:33.190+0000] {logging_mixin.py:190} INFO - [2026-07-01T13:21:33.190+0000] {dag.py:3239} INFO - Sync 1 DAGs
[2026-07-01T13:21:33.206+0000] {logging_mixin.py:190} INFO - [2026-07-01T13:21:33.205+0000] {dag.py:4180} INFO - Setting next_dagrun for urban_data_streaming_demo to None, run_after=None
[2026-07-01T13:21:33.227+0000] {processor.py:208} INFO - Processing /opt/airflow/dags/urban_data_streaming_dag.py took 0.156 seconds
[2026-07-01T13:22:03.784+0000] {processor.py:186} INFO - Started process (PID=1343) to work on /opt/airflow/dags/urban_data_streaming_dag.py
[2026-07-01T13:22:03.787+0000] {processor.py:914} INFO - Processing file /opt/airflow/dags/urban_data_streaming_dag.py for tasks to queue
[2026-07-01T13:22:03.791+0000] {logging_mixin.py:190} INFO - [2026-07-01T13:22:03.790+0000] {dagbag.py:588} INFO - Filling up the DagBag from /opt/airflow/dags/urban_data_streaming_dag.py
[2026-07-01T13:22:03.843+0000] {processor.py:925} INFO - DAG(s) 'urban_data_streaming_demo' retrieved from /opt/airflow/dags/urban_data_streaming_dag.py
[2026-07-01T13:22:03.872+0000] {logging_mixin.py:190} INFO - [2026-07-01T13:22:03.872+0000] {dag.py:3239} INFO - Sync 1 DAGs
[2026-07-01T13:22:03.887+0000] {logging_mixin.py:190} INFO - [2026-07-01T13:22:03.886+0000] {dag.py:4180} INFO - Setting next_dagrun for urban_data_streaming_demo to None, run_after=None
[2026-07-01T13:22:03.908+0000] {processor.py:208} INFO - Processing /opt/airflow/dags/urban_data_streaming_dag.py took 0.129 seconds
[2026-07-01T13:22:34.322+0000] {processor.py:186} INFO - Started process (PID=1361) to work on /opt/airflow/dags/urban_data_streaming_dag.py
[2026-07-01T13:22:34.324+0000] {processor.py:914} INFO - Processing file /opt/airflow/dags/urban_data_streaming_dag.py for tasks to queue
[2026-07-01T13:22:34.327+0000] {logging_mixin.py:190} INFO - [2026-07-01T13:22:34.327+0000] {dagbag.py:588} INFO - Filling up the DagBag from /opt/airflow/dags/urban_data_streaming_dag.py
[2026-07-01T13:22:34.388+0000] {processor.py:925} INFO - DAG(s) 'urban_data_streaming_demo' retrieved from /opt/airflow/dags/urban_data_streaming_dag.py
[2026-07-01T13:22:34.419+0000] {logging_mixin.py:190} INFO - [2026-07-01T13:22:34.419+0000] {dag.py:3239} INFO - Sync 1 DAGs
[2026-07-01T13:22:34.434+0000] {logging_mixin.py:190} INFO - [2026-07-01T13:22:34.433+0000] {dag.py:4180} INFO - Setting next_dagrun for urban_data_streaming_demo to None, run_after=None
[2026-07-01T13:22:34.455+0000] {processor.py:208} INFO - Processing /opt/airflow/dags/urban_data_streaming_dag.py took 0.139 seconds
[2026-07-01T13:23:05.167+0000] {processor.py:186} INFO - Started process (PID=1379) to work on /opt/airflow/dags/urban_data_streaming_dag.py
[2026-07-01T13:23:05.168+0000] {processor.py:914} INFO - Processing file /opt/airflow/dags/urban_data_streaming_dag.py for tasks to queue
[2026-07-01T13:23:05.172+0000] {logging_mixin.py:190} INFO - [2026-07-01T13:23:05.172+0000] {dagbag.py:588} INFO - Filling up the DagBag from /opt/airflow/dags/urban_data_streaming_dag.py
[2026-07-01T13:23:05.198+0000] {processor.py:925} INFO - DAG(s) 'urban_data_streaming_demo' retrieved from /opt/airflow/dags/urban_data_streaming_dag.py
[2026-07-01T13:23:05.233+0000] {logging_mixin.py:190} INFO - [2026-07-01T13:23:05.233+0000] {dag.py:3239} INFO - Sync 1 DAGs
[2026-07-01T13:23:05.250+0000] {logging_mixin.py:190} INFO - [2026-07-01T13:23:05.250+0000] {dag.py:4180} INFO - Setting next_dagrun for urban_data_streaming_demo to None, run_after=None
[2026-07-01T13:23:05.274+0000] {processor.py:208} INFO - Processing /opt/airflow/dags/urban_data_streaming_dag.py took 0.113 seconds
[2026-07-01T13:23:36.238+0000] {processor.py:186} INFO - Started process (PID=1397) to work on /opt/airflow/dags/urban_data_streaming_dag.py
[2026-07-01T13:23:36.241+0000] {processor.py:914} INFO - Processing file /opt/airflow/dags/urban_data_streaming_dag.py for tasks to queue
[2026-07-01T13:23:36.249+0000] {logging_mixin.py:190} INFO - [2026-07-01T13:23:36.248+0000] {dagbag.py:588} INFO - Filling up the DagBag from /opt/airflow/dags/urban_data_streaming_dag.py
[2026-07-01T13:23:36.353+0000] {processor.py:925} INFO - DAG(s) 'urban_data_streaming_demo' retrieved from /opt/airflow/dags/urban_data_streaming_dag.py
[2026-07-01T13:23:36.380+0000] {logging_mixin.py:190} INFO - [2026-07-01T13:23:36.380+0000] {dag.py:3239} INFO - Sync 1 DAGs
[2026-07-01T13:23:36.395+0000] {logging_mixin.py:190} INFO - [2026-07-01T13:23:36.395+0000] {dag.py:4180} INFO - Setting next_dagrun for urban_data_streaming_demo to None, run_after=None
[2026-07-01T13:23:36.418+0000] {processor.py:208} INFO - Processing /opt/airflow/dags/urban_data_streaming_dag.py took 0.196 seconds
[2026-07-01T13:24:06.695+0000] {processor.py:186} INFO - Started process (PID=1415) to work on /opt/airflow/dags/urban_data_streaming_dag.py
[2026-07-01T13:24:06.696+0000] {processor.py:914} INFO - Processing file /opt/airflow/dags/urban_data_streaming_dag.py for tasks to queue
[2026-07-01T13:24:06.700+0000] {logging_mixin.py:190} INFO - [2026-07-01T13:24:06.699+0000] {dagbag.py:588} INFO - Filling up the DagBag from /opt/airflow/dags/urban_data_streaming_dag.py
[2026-07-01T13:24:06.730+0000] {processor.py:925} INFO - DAG(s) 'urban_data_streaming_demo' retrieved from /opt/airflow/dags/urban_data_streaming_dag.py
[2026-07-01T13:24:06.762+0000] {logging_mixin.py:190} INFO - [2026-07-01T13:24:06.761+0000] {dag.py:3239} INFO - Sync 1 DAGs
[2026-07-01T13:24:06.776+0000] {logging_mixin.py:190} INFO - [2026-07-01T13:24:06.776+0000] {dag.py:4180} INFO - Setting next_dagrun for urban_data_streaming_demo to None, run_after=None
[2026-07-01T13:24:06.800+0000] {processor.py:208} INFO - Processing /opt/airflow/dags/urban_data_streaming_dag.py took 0.112 seconds
[2026-07-01T13:24:37.560+0000] {processor.py:186} INFO - Started process (PID=1432) to work on /opt/airflow/dags/urban_data_streaming_dag.py
[2026-07-01T13:24:37.561+0000] {processor.py:914} INFO - Processing file /opt/airflow/dags/urban_data_streaming_dag.py for tasks to queue
[2026-07-01T13:24:37.564+0000] {logging_mixin.py:190} INFO - [2026-07-01T13:24:37.563+0000] {dagbag.py:588} INFO - Filling up the DagBag from /opt/airflow/dags/urban_data_streaming_dag.py
[2026-07-01T13:24:37.587+0000] {processor.py:925} INFO - DAG(s) 'urban_data_streaming_demo' retrieved from /opt/airflow/dags/urban_data_streaming_dag.py
[2026-07-01T13:24:37.614+0000] {logging_mixin.py:190} INFO - [2026-07-01T13:24:37.614+0000] {dag.py:3239} INFO - Sync 1 DAGs
[2026-07-01T13:24:37.627+0000] {logging_mixin.py:190} INFO - [2026-07-01T13:24:37.627+0000] {dag.py:4180} INFO - Setting next_dagrun for urban_data_streaming_demo to None, run_after=None
[2026-07-01T13:24:37.645+0000] {processor.py:208} INFO - Processing /opt/airflow/dags/urban_data_streaming_dag.py took 0.091 seconds
[2026-07-01T13:25:07.953+0000] {processor.py:186} INFO - Started process (PID=1443) to work on /opt/airflow/dags/urban_data_streaming_dag.py
[2026-07-01T13:25:07.954+0000] {processor.py:914} INFO - Processing file /opt/airflow/dags/urban_data_streaming_dag.py for tasks to queue
[2026-07-01T13:25:07.957+0000] {logging_mixin.py:190} INFO - [2026-07-01T13:25:07.957+0000] {dagbag.py:588} INFO - Filling up the DagBag from /opt/airflow/dags/urban_data_streaming_dag.py
[2026-07-01T13:25:07.993+0000] {processor.py:925} INFO - DAG(s) 'urban_data_streaming_demo' retrieved from /opt/airflow/dags/urban_data_streaming_dag.py
[2026-07-01T13:25:08.032+0000] {logging_mixin.py:190} INFO - [2026-07-01T13:25:08.032+0000] {dag.py:3239} INFO - Sync 1 DAGs
[2026-07-01T13:25:08.050+0000] {logging_mixin.py:190} INFO - [2026-07-01T13:25:08.050+0000] {dag.py:4180} INFO - Setting next_dagrun for urban_data_streaming_demo to None, run_after=None
[2026-07-01T13:25:08.076+0000] {processor.py:208} INFO - Processing /opt/airflow/dags/urban_data_streaming_dag.py took 0.131 seconds
[2026-07-01T13:25:38.337+0000] {processor.py:186} INFO - Started process (PID=1461) to work on /opt/airflow/dags/urban_data_streaming_dag.py
[2026-07-01T13:25:38.339+0000] {processor.py:914} INFO - Processing file /opt/airflow/dags/urban_data_streaming_dag.py for tasks to queue
[2026-07-01T13:25:38.343+0000] {logging_mixin.py:190} INFO - [2026-07-01T13:25:38.343+0000] {dagbag.py:588} INFO - Filling up the DagBag from /opt/airflow/dags/urban_data_streaming_dag.py
[2026-07-01T13:25:38.401+0000] {processor.py:925} INFO - DAG(s) 'urban_data_streaming_demo' retrieved from /opt/airflow/dags/urban_data_streaming_dag.py
[2026-07-01T13:25:38.448+0000] {logging_mixin.py:190} INFO - [2026-07-01T13:25:38.448+0000] {dag.py:3239} INFO - Sync 1 DAGs
[2026-07-01T13:25:38.462+0000] {logging_mixin.py:190} INFO - [2026-07-01T13:25:38.462+0000] {dag.py:4180} INFO - Setting next_dagrun for urban_data_streaming_demo to None, run_after=None
[2026-07-01T13:25:38.484+0000] {processor.py:208} INFO - Processing /opt/airflow/dags/urban_data_streaming_dag.py took 0.163 seconds
[2026-07-01T13:26:08.713+0000] {processor.py:186} INFO - Started process (PID=1479) to work on /opt/airflow/dags/urban_data_streaming_dag.py
[2026-07-01T13:26:08.715+0000] {processor.py:914} INFO - Processing file /opt/airflow/dags/urban_data_streaming_dag.py for tasks to queue
[2026-07-01T13:26:08.718+0000] {logging_mixin.py:190} INFO - [2026-07-01T13:26:08.718+0000] {dagbag.py:588} INFO - Filling up the DagBag from /opt/airflow/dags/urban_data_streaming_dag.py
[2026-07-01T13:26:08.763+0000] {processor.py:925} INFO - DAG(s) 'urban_data_streaming_demo' retrieved from /opt/airflow/dags/urban_data_streaming_dag.py
[2026-07-01T13:26:08.798+0000] {logging_mixin.py:190} INFO - [2026-07-01T13:26:08.798+0000] {dag.py:3239} INFO - Sync 1 DAGs
[2026-07-01T13:26:08.818+0000] {logging_mixin.py:190} INFO - [2026-07-01T13:26:08.817+0000] {dag.py:4180} INFO - Setting next_dagrun for urban_data_streaming_demo to None, run_after=None
[2026-07-01T13:26:08.847+0000] {processor.py:208} INFO - Processing /opt/airflow/dags/urban_data_streaming_dag.py took 0.143 seconds
[2026-07-01T13:26:39.718+0000] {processor.py:186} INFO - Started process (PID=1497) to work on /opt/airflow/dags/urban_data_streaming_dag.py
[2026-07-01T13:26:39.720+0000] {processor.py:914} INFO - Processing file /opt/airflow/dags/urban_data_streaming_dag.py for tasks to queue
[2026-07-01T13:26:39.725+0000] {logging_mixin.py:190} INFO - [2026-07-01T13:26:39.725+0000] {dagbag.py:588} INFO - Filling up the DagBag from /opt/airflow/dags/urban_data_streaming_dag.py
[2026-07-01T13:26:39.828+0000] {processor.py:925} INFO - DAG(s) 'urban_data_streaming_demo' retrieved from /opt/airflow/dags/urban_data_streaming_dag.py
[2026-07-01T13:26:39.877+0000] {logging_mixin.py:190} INFO - [2026-07-01T13:26:39.877+0000] {dag.py:3239} INFO - Sync 1 DAGs
[2026-07-01T13:26:39.896+0000] {logging_mixin.py:190} INFO - [2026-07-01T13:26:39.896+0000] {dag.py:4180} INFO - Setting next_dagrun for urban_data_streaming_demo to None, run_after=None
[2026-07-01T13:26:39.947+0000] {processor.py:208} INFO - Processing /opt/airflow/dags/urban_data_streaming_dag.py took 0.236 seconds
[2026-07-01T13:27:10.194+0000] {processor.py:186} INFO - Started process (PID=1515) to work on /opt/airflow/dags/urban_data_streaming_dag.py
[2026-07-01T13:27:10.195+0000] {processor.py:914} INFO - Processing file /opt/airflow/dags/urban_data_streaming_dag.py for tasks to queue
[2026-07-01T13:27:10.202+0000] {logging_mixin.py:190} INFO - [2026-07-01T13:27:10.202+0000] {dagbag.py:588} INFO - Filling up the DagBag from /opt/airflow/dags/urban_data_streaming_dag.py
[2026-07-01T13:27:10.275+0000] {processor.py:925} INFO - DAG(s) 'urban_data_streaming_demo' retrieved from /opt/airflow/dags/urban_data_streaming_dag.py
[2026-07-01T13:27:10.313+0000] {logging_mixin.py:190} INFO - [2026-07-01T13:27:10.313+0000] {dag.py:3239} INFO - Sync 1 DAGs
[2026-07-01T13:27:10.328+0000] {logging_mixin.py:190} INFO - [2026-07-01T13:27:10.328+0000] {dag.py:4180} INFO - Setting next_dagrun for urban_data_streaming_demo to None, run_after=None
[2026-07-01T13:27:10.358+0000] {processor.py:208} INFO - Processing /opt/airflow/dags/urban_data_streaming_dag.py took 0.170 seconds
[2026-07-01T13:27:40.683+0000] {processor.py:186} INFO - Started process (PID=1533) to work on /opt/airflow/dags/urban_data_streaming_dag.py
[2026-07-01T13:27:40.684+0000] {processor.py:914} INFO - Processing file /opt/airflow/dags/urban_data_streaming_dag.py for tasks to queue
[2026-07-01T13:27:40.687+0000] {logging_mixin.py:190} INFO - [2026-07-01T13:27:40.686+0000] {dagbag.py:588} INFO - Filling up the DagBag from /opt/airflow/dags/urban_data_streaming_dag.py
[2026-07-01T13:27:40.728+0000] {processor.py:925} INFO - DAG(s) 'urban_data_streaming_demo' retrieved from /opt/airflow/dags/urban_data_streaming_dag.py
[2026-07-01T13:27:40.788+0000] {logging_mixin.py:190} INFO - [2026-07-01T13:27:40.788+0000] {dag.py:3239} INFO - Sync 1 DAGs
[2026-07-01T13:27:40.803+0000] {logging_mixin.py:190} INFO - [2026-07-01T13:27:40.803+0000] {dag.py:4180} INFO - Setting next_dagrun for urban_data_streaming_demo to None, run_after=None
[2026-07-01T13:27:40.828+0000] {processor.py:208} INFO - Processing /opt/airflow/dags/urban_data_streaming_dag.py took 0.156 seconds
[2026-07-01T13:28:11.551+0000] {processor.py:186} INFO - Started process (PID=1551) to work on /opt/airflow/dags/urban_data_streaming_dag.py
[2026-07-01T13:28:11.553+0000] {processor.py:914} INFO - Processing file /opt/airflow/dags/urban_data_streaming_dag.py for tasks to queue
[2026-07-01T13:28:11.557+0000] {logging_mixin.py:190} INFO - [2026-07-01T13:28:11.557+0000] {dagbag.py:588} INFO - Filling up the DagBag from /opt/airflow/dags/urban_data_streaming_dag.py
[2026-07-01T13:28:11.642+0000] {processor.py:925} INFO - DAG(s) 'urban_data_streaming_demo' retrieved from /opt/airflow/dags/urban_data_streaming_dag.py
[2026-07-01T13:28:11.697+0000] {logging_mixin.py:190} INFO - [2026-07-01T13:28:11.697+0000] {dag.py:3239} INFO - Sync 1 DAGs
[2026-07-01T13:28:11.711+0000] {logging_mixin.py:190} INFO - [2026-07-01T13:28:11.711+0000] {dag.py:4180} INFO - Setting next_dagrun for urban_data_streaming_demo to None, run_after=None
[2026-07-01T13:28:11.741+0000] {processor.py:208} INFO - Processing /opt/airflow/dags/urban_data_streaming_dag.py took 0.204 seconds
[2026-07-01T13:28:42.528+0000] {processor.py:186} INFO - Started process (PID=1569) to work on /opt/airflow/dags/urban_data_streaming_dag.py
[2026-07-01T13:28:42.530+0000] {processor.py:914} INFO - Processing file /opt/airflow/dags/urban_data_streaming_dag.py for tasks to queue
[2026-07-01T13:28:42.534+0000] {logging_mixin.py:190} INFO - [2026-07-01T13:28:42.533+0000] {dagbag.py:588} INFO - Filling up the DagBag from /opt/airflow/dags/urban_data_streaming_dag.py
[2026-07-01T13:28:42.588+0000] {processor.py:925} INFO - DAG(s) 'urban_data_streaming_demo' retrieved from /opt/airflow/dags/urban_data_streaming_dag.py
[2026-07-01T13:28:42.628+0000] {logging_mixin.py:190} INFO - [2026-07-01T13:28:42.628+0000] {dag.py:3239} INFO - Sync 1 DAGs
[2026-07-01T13:28:42.646+0000] {logging_mixin.py:190} INFO - [2026-07-01T13:28:42.645+0000] {dag.py:4180} INFO - Setting next_dagrun for urban_data_streaming_demo to None, run_after=None
[2026-07-01T13:28:42.671+0000] {processor.py:208} INFO - Processing /opt/airflow/dags/urban_data_streaming_dag.py took 0.155 seconds
[2026-07-01T13:29:13.138+0000] {processor.py:186} INFO - Started process (PID=1587) to work on /opt/airflow/dags/urban_data_streaming_dag.py
[2026-07-01T13:29:13.141+0000] {processor.py:914} INFO - Processing file /opt/airflow/dags/urban_data_streaming_dag.py for tasks to queue
[2026-07-01T13:29:13.145+0000] {logging_mixin.py:190} INFO - [2026-07-01T13:29:13.145+0000] {dagbag.py:588} INFO - Filling up the DagBag from /opt/airflow/dags/urban_data_streaming_dag.py
[2026-07-01T13:29:13.222+0000] {processor.py:925} INFO - DAG(s) 'urban_data_streaming_demo' retrieved from /opt/airflow/dags/urban_data_streaming_dag.py
[2026-07-01T13:29:13.269+0000] {logging_mixin.py:190} INFO - [2026-07-01T13:29:13.269+0000] {dag.py:3239} INFO - Sync 1 DAGs
[2026-07-01T13:29:13.283+0000] {logging_mixin.py:190} INFO - [2026-07-01T13:29:13.283+0000] {dag.py:4180} INFO - Setting next_dagrun for urban_data_streaming_demo to None, run_after=None
[2026-07-01T13:29:13.308+0000] {processor.py:208} INFO - Processing /opt/airflow/dags/urban_data_streaming_dag.py took 0.194 seconds
[2026-07-01T13:29:43.870+0000] {processor.py:186} INFO - Started process (PID=1606) to work on /opt/airflow/dags/urban_data_streaming_dag.py
[2026-07-01T13:29:43.872+0000] {processor.py:914} INFO - Processing file /opt/airflow/dags/urban_data_streaming_dag.py for tasks to queue
[2026-07-01T13:29:43.876+0000] {logging_mixin.py:190} INFO - [2026-07-01T13:29:43.875+0000] {dagbag.py:588} INFO - Filling up the DagBag from /opt/airflow/dags/urban_data_streaming_dag.py
[2026-07-01T13:29:43.902+0000] {processor.py:925} INFO - DAG(s) 'urban_data_streaming_demo' retrieved from /opt/airflow/dags/urban_data_streaming_dag.py
[2026-07-01T13:29:43.938+0000] {logging_mixin.py:190} INFO - [2026-07-01T13:29:43.938+0000] {dag.py:3239} INFO - Sync 1 DAGs
[2026-07-01T13:29:43.955+0000] {logging_mixin.py:190} INFO - [2026-07-01T13:29:43.954+0000] {dag.py:4180} INFO - Setting next_dagrun for urban_data_streaming_demo to None, run_after=None
[2026-07-01T13:29:43.981+0000] {processor.py:208} INFO - Processing /opt/airflow/dags/urban_data_streaming_dag.py took 0.117 seconds
[2026-07-01T13:30:14.394+0000] {processor.py:186} INFO - Started process (PID=1623) to work on /opt/airflow/dags/urban_data_streaming_dag.py
[2026-07-01T13:30:14.396+0000] {processor.py:914} INFO - Processing file /opt/airflow/dags/urban_data_streaming_dag.py for tasks to queue
[2026-07-01T13:30:14.398+0000] {logging_mixin.py:190} INFO - [2026-07-01T13:30:14.398+0000] {dagbag.py:588} INFO - Filling up the DagBag from /opt/airflow/dags/urban_data_streaming_dag.py
[2026-07-01T13:30:14.434+0000] {processor.py:925} INFO - DAG(s) 'urban_data_streaming_demo' retrieved from /opt/airflow/dags/urban_data_streaming_dag.py
[2026-07-01T13:30:14.469+0000] {logging_mixin.py:190} INFO - [2026-07-01T13:30:14.469+0000] {dag.py:3239} INFO - Sync 1 DAGs
[2026-07-01T13:30:14.484+0000] {logging_mixin.py:190} INFO - [2026-07-01T13:30:14.484+0000] {dag.py:4180} INFO - Setting next_dagrun for urban_data_streaming_demo to None, run_after=None
[2026-07-01T13:30:14.509+0000] {processor.py:208} INFO - Processing /opt/airflow/dags/urban_data_streaming_dag.py took 0.122 seconds
[2026-07-01T13:30:45.168+0000] {processor.py:186} INFO - Started process (PID=1634) to work on /opt/airflow/dags/urban_data_streaming_dag.py
[2026-07-01T13:30:45.170+0000] {processor.py:914} INFO - Processing file /opt/airflow/dags/urban_data_streaming_dag.py for tasks to queue
[2026-07-01T13:30:45.174+0000] {logging_mixin.py:190} INFO - [2026-07-01T13:30:45.174+0000] {dagbag.py:588} INFO - Filling up the DagBag from /opt/airflow/dags/urban_data_streaming_dag.py
[2026-07-01T13:30:45.202+0000] {processor.py:925} INFO - DAG(s) 'urban_data_streaming_demo' retrieved from /opt/airflow/dags/urban_data_streaming_dag.py
[2026-07-01T13:30:45.239+0000] {logging_mixin.py:190} INFO - [2026-07-01T13:30:45.239+0000] {dag.py:3239} INFO - Sync 1 DAGs
[2026-07-01T13:30:45.253+0000] {logging_mixin.py:190} INFO - [2026-07-01T13:30:45.253+0000] {dag.py:4180} INFO - Setting next_dagrun for urban_data_streaming_demo to None, run_after=None
[2026-07-01T13:30:45.277+0000] {processor.py:208} INFO - Processing /opt/airflow/dags/urban_data_streaming_dag.py took 0.117 seconds
[2026-07-01T13:31:15.483+0000] {processor.py:186} INFO - Started process (PID=1652) to work on /opt/airflow/dags/urban_data_streaming_dag.py
[2026-07-01T13:31:15.489+0000] {processor.py:914} INFO - Processing file /opt/airflow/dags/urban_data_streaming_dag.py for tasks to queue
[2026-07-01T13:31:15.498+0000] {logging_mixin.py:190} INFO - [2026-07-01T13:31:15.497+0000] {dagbag.py:588} INFO - Filling up the DagBag from /opt/airflow/dags/urban_data_streaming_dag.py
[2026-07-01T13:31:15.556+0000] {processor.py:925} INFO - DAG(s) 'urban_data_streaming_demo' retrieved from /opt/airflow/dags/urban_data_streaming_dag.py
[2026-07-01T13:31:15.602+0000] {logging_mixin.py:190} INFO - [2026-07-01T13:31:15.602+0000] {dag.py:3239} INFO - Sync 1 DAGs
[2026-07-01T13:31:15.619+0000] {logging_mixin.py:190} INFO - [2026-07-01T13:31:15.618+0000] {dag.py:4180} INFO - Setting next_dagrun for urban_data_streaming_demo to None, run_after=None
[2026-07-01T13:31:15.644+0000] {processor.py:208} INFO - Processing /opt/airflow/dags/urban_data_streaming_dag.py took 0.184 seconds
[2026-07-01T13:31:46.364+0000] {processor.py:186} INFO - Started process (PID=1670) to work on /opt/airflow/dags/urban_data_streaming_dag.py
[2026-07-01T13:31:46.368+0000] {processor.py:914} INFO - Processing file /opt/airflow/dags/urban_data_streaming_dag.py for tasks to queue
[2026-07-01T13:31:46.377+0000] {logging_mixin.py:190} INFO - [2026-07-01T13:31:46.376+0000] {dagbag.py:588} INFO - Filling up the DagBag from /opt/airflow/dags/urban_data_streaming_dag.py
[2026-07-01T13:31:46.418+0000] {processor.py:925} INFO - DAG(s) 'urban_data_streaming_demo' retrieved from /opt/airflow/dags/urban_data_streaming_dag.py
[2026-07-01T13:31:46.458+0000] {logging_mixin.py:190} INFO - [2026-07-01T13:31:46.458+0000] {dag.py:3239} INFO - Sync 1 DAGs
[2026-07-01T13:31:46.472+0000] {logging_mixin.py:190} INFO - [2026-07-01T13:31:46.472+0000] {dag.py:4180} INFO - Setting next_dagrun for urban_data_streaming_demo to None, run_after=None
[2026-07-01T13:31:46.494+0000] {processor.py:208} INFO - Processing /opt/airflow/dags/urban_data_streaming_dag.py took 0.157 seconds
[2026-07-01T13:32:17.115+0000] {processor.py:186} INFO - Started process (PID=1688) to work on /opt/airflow/dags/urban_data_streaming_dag.py
[2026-07-01T13:32:17.116+0000] {processor.py:914} INFO - Processing file /opt/airflow/dags/urban_data_streaming_dag.py for tasks to queue
[2026-07-01T13:32:17.119+0000] {logging_mixin.py:190} INFO - [2026-07-01T13:32:17.118+0000] {dagbag.py:588} INFO - Filling up the DagBag from /opt/airflow/dags/urban_data_streaming_dag.py
[2026-07-01T13:32:17.150+0000] {processor.py:925} INFO - DAG(s) 'urban_data_streaming_demo' retrieved from /opt/airflow/dags/urban_data_streaming_dag.py
[2026-07-01T13:32:17.180+0000] {logging_mixin.py:190} INFO - [2026-07-01T13:32:17.180+0000] {dag.py:3239} INFO - Sync 1 DAGs
[2026-07-01T13:32:17.193+0000] {logging_mixin.py:190} INFO - [2026-07-01T13:32:17.193+0000] {dag.py:4180} INFO - Setting next_dagrun for urban_data_streaming_demo to None, run_after=None
[2026-07-01T13:32:17.215+0000] {processor.py:208} INFO - Processing /opt/airflow/dags/urban_data_streaming_dag.py took 0.109 seconds
[2026-07-01T13:32:47.911+0000] {processor.py:186} INFO - Started process (PID=1706) to work on /opt/airflow/dags/urban_data_streaming_dag.py
[2026-07-01T13:32:47.914+0000] {processor.py:914} INFO - Processing file /opt/airflow/dags/urban_data_streaming_dag.py for tasks to queue
[2026-07-01T13:32:47.919+0000] {logging_mixin.py:190} INFO - [2026-07-01T13:32:47.918+0000] {dagbag.py:588} INFO - Filling up the DagBag from /opt/airflow/dags/urban_data_streaming_dag.py
[2026-07-01T13:32:47.999+0000] {processor.py:925} INFO - DAG(s) 'urban_data_streaming_demo' retrieved from /opt/airflow/dags/urban_data_streaming_dag.py
[2026-07-01T13:32:48.041+0000] {logging_mixin.py:190} INFO - [2026-07-01T13:32:48.041+0000] {dag.py:3239} INFO - Sync 1 DAGs
[2026-07-01T13:32:48.056+0000] {logging_mixin.py:190} INFO - [2026-07-01T13:32:48.056+0000] {dag.py:4180} INFO - Setting next_dagrun for urban_data_streaming_demo to None, run_after=None
[2026-07-01T13:32:48.080+0000] {processor.py:208} INFO - Processing /opt/airflow/dags/urban_data_streaming_dag.py took 0.183 seconds
[2026-07-01T13:33:18.690+0000] {processor.py:186} INFO - Started process (PID=1724) to work on /opt/airflow/dags/urban_data_streaming_dag.py
[2026-07-01T13:33:18.692+0000] {processor.py:914} INFO - Processing file /opt/airflow/dags/urban_data_streaming_dag.py for tasks to queue
[2026-07-01T13:33:18.694+0000] {logging_mixin.py:190} INFO - [2026-07-01T13:33:18.694+0000] {dagbag.py:588} INFO - Filling up the DagBag from /opt/airflow/dags/urban_data_streaming_dag.py
[2026-07-01T13:33:18.729+0000] {processor.py:925} INFO - DAG(s) 'urban_data_streaming_demo' retrieved from /opt/airflow/dags/urban_data_streaming_dag.py
[2026-07-01T13:33:18.770+0000] {logging_mixin.py:190} INFO - [2026-07-01T13:33:18.770+0000] {dag.py:3239} INFO - Sync 1 DAGs
[2026-07-01T13:33:18.786+0000] {logging_mixin.py:190} INFO - [2026-07-01T13:33:18.785+0000] {dag.py:4180} INFO - Setting next_dagrun for urban_data_streaming_demo to None, run_after=None
[2026-07-01T13:33:18.822+0000] {processor.py:208} INFO - Processing /opt/airflow/dags/urban_data_streaming_dag.py took 0.142 seconds
[2026-07-01T13:33:49.436+0000] {processor.py:186} INFO - Started process (PID=1742) to work on /opt/airflow/dags/urban_data_streaming_dag.py
[2026-07-01T13:33:49.437+0000] {processor.py:914} INFO - Processing file /opt/airflow/dags/urban_data_streaming_dag.py for tasks to queue
[2026-07-01T13:33:49.440+0000] {logging_mixin.py:190} INFO - [2026-07-01T13:33:49.440+0000] {dagbag.py:588} INFO - Filling up the DagBag from /opt/airflow/dags/urban_data_streaming_dag.py
[2026-07-01T13:33:49.473+0000] {processor.py:925} INFO - DAG(s) 'urban_data_streaming_demo' retrieved from /opt/airflow/dags/urban_data_streaming_dag.py
[2026-07-01T13:33:49.522+0000] {logging_mixin.py:190} INFO - [2026-07-01T13:33:49.522+0000] {dag.py:3239} INFO - Sync 1 DAGs
[2026-07-01T13:33:49.538+0000] {logging_mixin.py:190} INFO - [2026-07-01T13:33:49.538+0000] {dag.py:4180} INFO - Setting next_dagrun for urban_data_streaming_demo to None, run_after=None
[2026-07-01T13:33:49.561+0000] {processor.py:208} INFO - Processing /opt/airflow/dags/urban_data_streaming_dag.py took 0.133 seconds
[2026-07-01T13:34:20.026+0000] {processor.py:186} INFO - Started process (PID=1760) to work on /opt/airflow/dags/urban_data_streaming_dag.py
[2026-07-01T13:34:20.029+0000] {processor.py:914} INFO - Processing file /opt/airflow/dags/urban_data_streaming_dag.py for tasks to queue
[2026-07-01T13:34:20.032+0000] {logging_mixin.py:190} INFO - [2026-07-01T13:34:20.031+0000] {dagbag.py:588} INFO - Filling up the DagBag from /opt/airflow/dags/urban_data_streaming_dag.py
[2026-07-01T13:34:20.073+0000] {processor.py:925} INFO - DAG(s) 'urban_data_streaming_demo' retrieved from /opt/airflow/dags/urban_data_streaming_dag.py
[2026-07-01T13:34:20.106+0000] {logging_mixin.py:190} INFO - [2026-07-01T13:34:20.106+0000] {dag.py:3239} INFO - Sync 1 DAGs
[2026-07-01T13:34:20.123+0000] {logging_mixin.py:190} INFO - [2026-07-01T13:34:20.123+0000] {dag.py:4180} INFO - Setting next_dagrun for urban_data_streaming_demo to None, run_after=None
[2026-07-01T13:34:20.148+0000] {processor.py:208} INFO - Processing /opt/airflow/dags/urban_data_streaming_dag.py took 0.145 seconds
[2026-07-01T13:34:50.814+0000] {processor.py:186} INFO - Started process (PID=1778) to work on /opt/airflow/dags/urban_data_streaming_dag.py
[2026-07-01T13:34:50.816+0000] {processor.py:914} INFO - Processing file /opt/airflow/dags/urban_data_streaming_dag.py for tasks to queue
[2026-07-01T13:34:50.820+0000] {logging_mixin.py:190} INFO - [2026-07-01T13:34:50.820+0000] {dagbag.py:588} INFO - Filling up the DagBag from /opt/airflow/dags/urban_data_streaming_dag.py
[2026-07-01T13:34:50.847+0000] {processor.py:925} INFO - DAG(s) 'urban_data_streaming_demo' retrieved from /opt/airflow/dags/urban_data_streaming_dag.py
[2026-07-01T13:34:50.878+0000] {logging_mixin.py:190} INFO - [2026-07-01T13:34:50.878+0000] {dag.py:3239} INFO - Sync 1 DAGs
[2026-07-01T13:34:50.892+0000] {logging_mixin.py:190} INFO - [2026-07-01T13:34:50.892+0000] {dag.py:4180} INFO - Setting next_dagrun for urban_data_streaming_demo to None, run_after=None
[2026-07-01T13:34:50.912+0000] {processor.py:208} INFO - Processing /opt/airflow/dags/urban_data_streaming_dag.py took 0.107 seconds
[2026-07-01T13:35:21.649+0000] {processor.py:186} INFO - Started process (PID=1796) to work on /opt/airflow/dags/urban_data_streaming_dag.py
[2026-07-01T13:35:21.651+0000] {processor.py:914} INFO - Processing file /opt/airflow/dags/urban_data_streaming_dag.py for tasks to queue
[2026-07-01T13:35:21.653+0000] {logging_mixin.py:190} INFO - [2026-07-01T13:35:21.653+0000] {dagbag.py:588} INFO - Filling up the DagBag from /opt/airflow/dags/urban_data_streaming_dag.py
[2026-07-01T13:35:21.688+0000] {processor.py:925} INFO - DAG(s) 'urban_data_streaming_demo' retrieved from /opt/airflow/dags/urban_data_streaming_dag.py
[2026-07-01T13:35:21.727+0000] {logging_mixin.py:190} INFO - [2026-07-01T13:35:21.727+0000] {dag.py:3239} INFO - Sync 1 DAGs
[2026-07-01T13:35:21.742+0000] {logging_mixin.py:190} INFO - [2026-07-01T13:35:21.742+0000] {dag.py:4180} INFO - Setting next_dagrun for urban_data_streaming_demo to None, run_after=None
[2026-07-01T13:35:21.769+0000] {processor.py:208} INFO - Processing /opt/airflow/dags/urban_data_streaming_dag.py took 0.126 seconds
[2026-07-01T13:35:52.461+0000] {processor.py:186} INFO - Started process (PID=1814) to work on /opt/airflow/dags/urban_data_streaming_dag.py
[2026-07-01T13:35:52.462+0000] {processor.py:914} INFO - Processing file /opt/airflow/dags/urban_data_streaming_dag.py for tasks to queue
[2026-07-01T13:35:52.465+0000] {logging_mixin.py:190} INFO - [2026-07-01T13:35:52.464+0000] {dagbag.py:588} INFO - Filling up the DagBag from /opt/airflow/dags/urban_data_streaming_dag.py
[2026-07-01T13:35:52.491+0000] {processor.py:925} INFO - DAG(s) 'urban_data_streaming_demo' retrieved from /opt/airflow/dags/urban_data_streaming_dag.py
[2026-07-01T13:35:52.520+0000] {logging_mixin.py:190} INFO - [2026-07-01T13:35:52.520+0000] {dag.py:3239} INFO - Sync 1 DAGs
[2026-07-01T13:35:52.535+0000] {logging_mixin.py:190} INFO - [2026-07-01T13:35:52.535+0000] {dag.py:4180} INFO - Setting next_dagrun for urban_data_streaming_demo to None, run_after=None
[2026-07-01T13:35:52.558+0000] {processor.py:208} INFO - Processing /opt/airflow/dags/urban_data_streaming_dag.py took 0.102 seconds
[2026-07-01T13:36:23.176+0000] {processor.py:186} INFO - Started process (PID=1831) to work on /opt/airflow/dags/urban_data_streaming_dag.py
[2026-07-01T13:36:23.178+0000] {processor.py:914} INFO - Processing file /opt/airflow/dags/urban_data_streaming_dag.py for tasks to queue
[2026-07-01T13:36:23.181+0000] {logging_mixin.py:190} INFO - [2026-07-01T13:36:23.181+0000] {dagbag.py:588} INFO - Filling up the DagBag from /opt/airflow/dags/urban_data_streaming_dag.py
[2026-07-01T13:36:23.211+0000] {processor.py:925} INFO - DAG(s) 'urban_data_streaming_demo' retrieved from /opt/airflow/dags/urban_data_streaming_dag.py
[2026-07-01T13:36:23.250+0000] {logging_mixin.py:190} INFO - [2026-07-01T13:36:23.250+0000] {dag.py:3239} INFO - Sync 1 DAGs
[2026-07-01T13:36:23.271+0000] {logging_mixin.py:190} INFO - [2026-07-01T13:36:23.271+0000] {dag.py:4180} INFO - Setting next_dagrun for urban_data_streaming_demo to None, run_after=None
[2026-07-01T13:36:23.309+0000] {processor.py:208} INFO - Processing /opt/airflow/dags/urban_data_streaming_dag.py took 0.140 seconds
[2026-07-01T13:36:54.039+0000] {processor.py:186} INFO - Started process (PID=1842) to work on /opt/airflow/dags/urban_data_streaming_dag.py
[2026-07-01T13:36:54.045+0000] {processor.py:914} INFO - Processing file /opt/airflow/dags/urban_data_streaming_dag.py for tasks to queue
[2026-07-01T13:36:54.055+0000] {logging_mixin.py:190} INFO - [2026-07-01T13:36:54.054+0000] {dagbag.py:588} INFO - Filling up the DagBag from /opt/airflow/dags/urban_data_streaming_dag.py
[2026-07-01T13:36:54.115+0000] {processor.py:925} INFO - DAG(s) 'urban_data_streaming_demo' retrieved from /opt/airflow/dags/urban_data_streaming_dag.py
[2026-07-01T13:36:54.173+0000] {logging_mixin.py:190} INFO - [2026-07-01T13:36:54.172+0000] {dag.py:3239} INFO - Sync 1 DAGs
[2026-07-01T13:36:54.191+0000] {logging_mixin.py:190} INFO - [2026-07-01T13:36:54.191+0000] {dag.py:4180} INFO - Setting next_dagrun for urban_data_streaming_demo to None, run_after=None
[2026-07-01T13:36:54.222+0000] {processor.py:208} INFO - Processing /opt/airflow/dags/urban_data_streaming_dag.py took 0.197 seconds
[2026-07-01T13:37:24.895+0000] {processor.py:186} INFO - Started process (PID=1860) to work on /opt/airflow/dags/urban_data_streaming_dag.py
[2026-07-01T13:37:24.897+0000] {processor.py:914} INFO - Processing file /opt/airflow/dags/urban_data_streaming_dag.py for tasks to queue
[2026-07-01T13:37:24.901+0000] {logging_mixin.py:190} INFO - [2026-07-01T13:37:24.900+0000] {dagbag.py:588} INFO - Filling up the DagBag from /opt/airflow/dags/urban_data_streaming_dag.py
[2026-07-01T13:37:24.992+0000] {processor.py:925} INFO - DAG(s) 'urban_data_streaming_demo' retrieved from /opt/airflow/dags/urban_data_streaming_dag.py
[2026-07-01T13:37:25.035+0000] {logging_mixin.py:190} INFO - [2026-07-01T13:37:25.034+0000] {dag.py:3239} INFO - Sync 1 DAGs
[2026-07-01T13:37:25.051+0000] {logging_mixin.py:190} INFO - [2026-07-01T13:37:25.051+0000] {dag.py:4180} INFO - Setting next_dagrun for urban_data_streaming_demo to None, run_after=None
[2026-07-01T13:37:25.076+0000] {processor.py:208} INFO - Processing /opt/airflow/dags/urban_data_streaming_dag.py took 0.197 seconds
[2026-07-01T13:37:55.787+0000] {processor.py:186} INFO - Started process (PID=1878) to work on /opt/airflow/dags/urban_data_streaming_dag.py
[2026-07-01T13:37:55.792+0000] {processor.py:914} INFO - Processing file /opt/airflow/dags/urban_data_streaming_dag.py for tasks to queue
[2026-07-01T13:37:55.796+0000] {logging_mixin.py:190} INFO - [2026-07-01T13:37:55.796+0000] {dagbag.py:588} INFO - Filling up the DagBag from /opt/airflow/dags/urban_data_streaming_dag.py
[2026-07-01T13:37:55.830+0000] {processor.py:925} INFO - DAG(s) 'urban_data_streaming_demo' retrieved from /opt/airflow/dags/urban_data_streaming_dag.py
[2026-07-01T13:37:55.868+0000] {logging_mixin.py:190} INFO - [2026-07-01T13:37:55.867+0000] {dag.py:3239} INFO - Sync 1 DAGs
[2026-07-01T13:37:55.883+0000] {logging_mixin.py:190} INFO - [2026-07-01T13:37:55.883+0000] {dag.py:4180} INFO - Setting next_dagrun for urban_data_streaming_demo to None, run_after=None
[2026-07-01T13:37:55.907+0000] {processor.py:208} INFO - Processing /opt/airflow/dags/urban_data_streaming_dag.py took 0.133 seconds
[2026-07-01T13:38:26.574+0000] {processor.py:186} INFO - Started process (PID=1896) to work on /opt/airflow/dags/urban_data_streaming_dag.py
[2026-07-01T13:38:26.575+0000] {processor.py:914} INFO - Processing file /opt/airflow/dags/urban_data_streaming_dag.py for tasks to queue
[2026-07-01T13:38:26.579+0000] {logging_mixin.py:190} INFO - [2026-07-01T13:38:26.578+0000] {dagbag.py:588} INFO - Filling up the DagBag from /opt/airflow/dags/urban_data_streaming_dag.py
[2026-07-01T13:38:26.622+0000] {processor.py:925} INFO - DAG(s) 'urban_data_streaming_demo' retrieved from /opt/airflow/dags/urban_data_streaming_dag.py
[2026-07-01T13:38:26.682+0000] {logging_mixin.py:190} INFO - [2026-07-01T13:38:26.682+0000] {dag.py:3239} INFO - Sync 1 DAGs
[2026-07-01T13:38:26.701+0000] {logging_mixin.py:190} INFO - [2026-07-01T13:38:26.701+0000] {dag.py:4180} INFO - Setting next_dagrun for urban_data_streaming_demo to None, run_after=None
[2026-07-01T13:38:26.741+0000] {processor.py:208} INFO - Processing /opt/airflow/dags/urban_data_streaming_dag.py took 0.178 seconds
[2026-07-01T13:38:57.338+0000] {processor.py:186} INFO - Started process (PID=1914) to work on /opt/airflow/dags/urban_data_streaming_dag.py
[2026-07-01T13:38:57.340+0000] {processor.py:914} INFO - Processing file /opt/airflow/dags/urban_data_streaming_dag.py for tasks to queue
[2026-07-01T13:38:57.343+0000] {logging_mixin.py:190} INFO - [2026-07-01T13:38:57.343+0000] {dagbag.py:588} INFO - Filling up the DagBag from /opt/airflow/dags/urban_data_streaming_dag.py
[2026-07-01T13:38:57.375+0000] {processor.py:925} INFO - DAG(s) 'urban_data_streaming_demo' retrieved from /opt/airflow/dags/urban_data_streaming_dag.py
[2026-07-01T13:38:57.413+0000] {logging_mixin.py:190} INFO - [2026-07-01T13:38:57.413+0000] {dag.py:3239} INFO - Sync 1 DAGs
[2026-07-01T13:38:57.432+0000] {logging_mixin.py:190} INFO - [2026-07-01T13:38:57.431+0000] {dag.py:4180} INFO - Setting next_dagrun for urban_data_streaming_demo to None, run_after=None
[2026-07-01T13:38:57.460+0000] {processor.py:208} INFO - Processing /opt/airflow/dags/urban_data_streaming_dag.py took 0.131 seconds
[2026-07-01T13:39:27.803+0000] {processor.py:186} INFO - Started process (PID=1932) to work on /opt/airflow/dags/urban_data_streaming_dag.py
[2026-07-01T13:39:27.805+0000] {processor.py:914} INFO - Processing file /opt/airflow/dags/urban_data_streaming_dag.py for tasks to queue
[2026-07-01T13:39:27.809+0000] {logging_mixin.py:190} INFO - [2026-07-01T13:39:27.809+0000] {dagbag.py:588} INFO - Filling up the DagBag from /opt/airflow/dags/urban_data_streaming_dag.py
[2026-07-01T13:39:27.844+0000] {processor.py:925} INFO - DAG(s) 'urban_data_streaming_demo' retrieved from /opt/airflow/dags/urban_data_streaming_dag.py
[2026-07-01T13:39:27.886+0000] {logging_mixin.py:190} INFO - [2026-07-01T13:39:27.886+0000] {dag.py:3239} INFO - Sync 1 DAGs
[2026-07-01T13:39:27.904+0000] {logging_mixin.py:190} INFO - [2026-07-01T13:39:27.904+0000] {dag.py:4180} INFO - Setting next_dagrun for urban_data_streaming_demo to None, run_after=None
[2026-07-01T13:39:27.938+0000] {processor.py:208} INFO - Processing /opt/airflow/dags/urban_data_streaming_dag.py took 0.146 seconds
[2026-07-01T13:39:58.616+0000] {processor.py:186} INFO - Started process (PID=1950) to work on /opt/airflow/dags/urban_data_streaming_dag.py
[2026-07-01T13:39:58.617+0000] {processor.py:914} INFO - Processing file /opt/airflow/dags/urban_data_streaming_dag.py for tasks to queue
[2026-07-01T13:39:58.621+0000] {logging_mixin.py:190} INFO - [2026-07-01T13:39:58.620+0000] {dagbag.py:588} INFO - Filling up the DagBag from /opt/airflow/dags/urban_data_streaming_dag.py
[2026-07-01T13:39:58.658+0000] {processor.py:925} INFO - DAG(s) 'urban_data_streaming_demo' retrieved from /opt/airflow/dags/urban_data_streaming_dag.py
[2026-07-01T13:39:58.696+0000] {logging_mixin.py:190} INFO - [2026-07-01T13:39:58.696+0000] {dag.py:3239} INFO - Sync 1 DAGs
[2026-07-01T13:39:58.711+0000] {logging_mixin.py:190} INFO - [2026-07-01T13:39:58.711+0000] {dag.py:4180} INFO - Setting next_dagrun for urban_data_streaming_demo to None, run_after=None
[2026-07-01T13:39:58.735+0000] {processor.py:208} INFO - Processing /opt/airflow/dags/urban_data_streaming_dag.py took 0.130 seconds
[2026-07-01T13:40:28.872+0000] {processor.py:186} INFO - Started process (PID=1968) to work on /opt/airflow/dags/urban_data_streaming_dag.py
[2026-07-01T13:40:28.873+0000] {processor.py:914} INFO - Processing file /opt/airflow/dags/urban_data_streaming_dag.py for tasks to queue
[2026-07-01T13:40:28.876+0000] {logging_mixin.py:190} INFO - [2026-07-01T13:40:28.876+0000] {dagbag.py:588} INFO - Filling up the DagBag from /opt/airflow/dags/urban_data_streaming_dag.py
[2026-07-01T13:40:28.913+0000] {processor.py:925} INFO - DAG(s) 'urban_data_streaming_demo' retrieved from /opt/airflow/dags/urban_data_streaming_dag.py
[2026-07-01T13:40:28.960+0000] {logging_mixin.py:190} INFO - [2026-07-01T13:40:28.960+0000] {dag.py:3239} INFO - Sync 1 DAGs
[2026-07-01T13:40:28.978+0000] {logging_mixin.py:190} INFO - [2026-07-01T13:40:28.978+0000] {dag.py:4180} INFO - Setting next_dagrun for urban_data_streaming_demo to None, run_after=None
[2026-07-01T13:40:29.001+0000] {processor.py:208} INFO - Processing /opt/airflow/dags/urban_data_streaming_dag.py took 0.147 seconds
[2026-07-01T13:40:59.658+0000] {processor.py:186} INFO - Started process (PID=1986) to work on /opt/airflow/dags/urban_data_streaming_dag.py
[2026-07-01T13:40:59.660+0000] {processor.py:914} INFO - Processing file /opt/airflow/dags/urban_data_streaming_dag.py for tasks to queue
[2026-07-01T13:40:59.663+0000] {logging_mixin.py:190} INFO - [2026-07-01T13:40:59.663+0000] {dagbag.py:588} INFO - Filling up the DagBag from /opt/airflow/dags/urban_data_streaming_dag.py
[2026-07-01T13:40:59.713+0000] {processor.py:925} INFO - DAG(s) 'urban_data_streaming_demo' retrieved from /opt/airflow/dags/urban_data_streaming_dag.py
[2026-07-01T13:40:59.760+0000] {logging_mixin.py:190} INFO - [2026-07-01T13:40:59.760+0000] {dag.py:3239} INFO - Sync 1 DAGs
[2026-07-01T13:40:59.775+0000] {logging_mixin.py:190} INFO - [2026-07-01T13:40:59.775+0000] {dag.py:4180} INFO - Setting next_dagrun for urban_data_streaming_demo to None, run_after=None
[2026-07-01T13:40:59.806+0000] {processor.py:208} INFO - Processing /opt/airflow/dags/urban_data_streaming_dag.py took 0.154 seconds
[2026-07-01T13:41:30.454+0000] {processor.py:186} INFO - Started process (PID=2005) to work on /opt/airflow/dags/urban_data_streaming_dag.py
[2026-07-01T13:41:30.456+0000] {processor.py:914} INFO - Processing file /opt/airflow/dags/urban_data_streaming_dag.py for tasks to queue
[2026-07-01T13:41:30.460+0000] {logging_mixin.py:190} INFO - [2026-07-01T13:41:30.459+0000] {dagbag.py:588} INFO - Filling up the DagBag from /opt/airflow/dags/urban_data_streaming_dag.py
[2026-07-01T13:41:30.542+0000] {processor.py:925} INFO - DAG(s) 'urban_data_streaming_demo' retrieved from /opt/airflow/dags/urban_data_streaming_dag.py
[2026-07-01T13:41:30.586+0000] {logging_mixin.py:190} INFO - [2026-07-01T13:41:30.586+0000] {dag.py:3239} INFO - Sync 1 DAGs
[2026-07-01T13:41:30.601+0000] {logging_mixin.py:190} INFO - [2026-07-01T13:41:30.601+0000] {dag.py:4180} INFO - Setting next_dagrun for urban_data_streaming_demo to None, run_after=None
[2026-07-01T13:41:30.624+0000] {processor.py:208} INFO - Processing /opt/airflow/dags/urban_data_streaming_dag.py took 0.177 seconds
[2026-07-01T13:42:01.364+0000] {processor.py:186} INFO - Started process (PID=2023) to work on /opt/airflow/dags/urban_data_streaming_dag.py
[2026-07-01T13:42:01.365+0000] {processor.py:914} INFO - Processing file /opt/airflow/dags/urban_data_streaming_dag.py for tasks to queue
[2026-07-01T13:42:01.369+0000] {logging_mixin.py:190} INFO - [2026-07-01T13:42:01.369+0000] {dagbag.py:588} INFO - Filling up the DagBag from /opt/airflow/dags/urban_data_streaming_dag.py
[2026-07-01T13:42:01.415+0000] {processor.py:925} INFO - DAG(s) 'urban_data_streaming_demo' retrieved from /opt/airflow/dags/urban_data_streaming_dag.py
[2026-07-01T13:42:01.448+0000] {logging_mixin.py:190} INFO - [2026-07-01T13:42:01.447+0000] {dag.py:3239} INFO - Sync 1 DAGs
[2026-07-01T13:42:01.462+0000] {logging_mixin.py:190} INFO - [2026-07-01T13:42:01.462+0000] {dag.py:4180} INFO - Setting next_dagrun for urban_data_streaming_demo to None, run_after=None
[2026-07-01T13:42:01.488+0000] {processor.py:208} INFO - Processing /opt/airflow/dags/urban_data_streaming_dag.py took 0.130 seconds
[2026-07-01T13:42:32.194+0000] {processor.py:186} INFO - Started process (PID=2040) to work on /opt/airflow/dags/urban_data_streaming_dag.py
[2026-07-01T13:42:32.195+0000] {processor.py:914} INFO - Processing file /opt/airflow/dags/urban_data_streaming_dag.py for tasks to queue
[2026-07-01T13:42:32.198+0000] {logging_mixin.py:190} INFO - [2026-07-01T13:42:32.198+0000] {dagbag.py:588} INFO - Filling up the DagBag from /opt/airflow/dags/urban_data_streaming_dag.py
[2026-07-01T13:42:32.230+0000] {processor.py:925} INFO - DAG(s) 'urban_data_streaming_demo' retrieved from /opt/airflow/dags/urban_data_streaming_dag.py
[2026-07-01T13:42:32.259+0000] {logging_mixin.py:190} INFO - [2026-07-01T13:42:32.259+0000] {dag.py:3239} INFO - Sync 1 DAGs
[2026-07-01T13:42:32.273+0000] {logging_mixin.py:190} INFO - [2026-07-01T13:42:32.273+0000] {dag.py:4180} INFO - Setting next_dagrun for urban_data_streaming_demo to None, run_after=None
[2026-07-01T13:42:32.295+0000] {processor.py:208} INFO - Processing /opt/airflow/dags/urban_data_streaming_dag.py took 0.107 seconds
[2026-07-01T13:43:02.950+0000] {processor.py:186} INFO - Started process (PID=2051) to work on /opt/airflow/dags/urban_data_streaming_dag.py
[2026-07-01T13:43:02.954+0000] {processor.py:914} INFO - Processing file /opt/airflow/dags/urban_data_streaming_dag.py for tasks to queue
[2026-07-01T13:43:02.960+0000] {logging_mixin.py:190} INFO - [2026-07-01T13:43:02.959+0000] {dagbag.py:588} INFO - Filling up the DagBag from /opt/airflow/dags/urban_data_streaming_dag.py
[2026-07-01T13:43:03.064+0000] {processor.py:925} INFO - DAG(s) 'urban_data_streaming_demo' retrieved from /opt/airflow/dags/urban_data_streaming_dag.py
[2026-07-01T13:43:03.097+0000] {logging_mixin.py:190} INFO - [2026-07-01T13:43:03.097+0000] {dag.py:3239} INFO - Sync 1 DAGs
[2026-07-01T13:43:03.111+0000] {logging_mixin.py:190} INFO - [2026-07-01T13:43:03.111+0000] {dag.py:4180} INFO - Setting next_dagrun for urban_data_streaming_demo to None, run_after=None
[2026-07-01T13:43:03.139+0000] {processor.py:208} INFO - Processing /opt/airflow/dags/urban_data_streaming_dag.py took 0.214 seconds
[2026-07-01T13:43:33.889+0000] {processor.py:186} INFO - Started process (PID=2069) to work on /opt/airflow/dags/urban_data_streaming_dag.py
[2026-07-01T13:43:33.891+0000] {processor.py:914} INFO - Processing file /opt/airflow/dags/urban_data_streaming_dag.py for tasks to queue
[2026-07-01T13:43:33.895+0000] {logging_mixin.py:190} INFO - [2026-07-01T13:43:33.895+0000] {dagbag.py:588} INFO - Filling up the DagBag from /opt/airflow/dags/urban_data_streaming_dag.py
[2026-07-01T13:43:33.931+0000] {processor.py:925} INFO - DAG(s) 'urban_data_streaming_demo' retrieved from /opt/airflow/dags/urban_data_streaming_dag.py
[2026-07-01T13:43:33.961+0000] {logging_mixin.py:190} INFO - [2026-07-01T13:43:33.961+0000] {dag.py:3239} INFO - Sync 1 DAGs
[2026-07-01T13:43:33.975+0000] {logging_mixin.py:190} INFO - [2026-07-01T13:43:33.975+0000] {dag.py:4180} INFO - Setting next_dagrun for urban_data_streaming_demo to None, run_after=None
[2026-07-01T13:43:34.001+0000] {processor.py:208} INFO - Processing /opt/airflow/dags/urban_data_streaming_dag.py took 0.129 seconds
[2026-07-01T13:44:04.675+0000] {processor.py:186} INFO - Started process (PID=2087) to work on /opt/airflow/dags/urban_data_streaming_dag.py
[2026-07-01T13:44:04.678+0000] {processor.py:914} INFO - Processing file /opt/airflow/dags/urban_data_streaming_dag.py for tasks to queue
[2026-07-01T13:44:04.683+0000] {logging_mixin.py:190} INFO - [2026-07-01T13:44:04.682+0000] {dagbag.py:588} INFO - Filling up the DagBag from /opt/airflow/dags/urban_data_streaming_dag.py
[2026-07-01T13:44:04.737+0000] {processor.py:925} INFO - DAG(s) 'urban_data_streaming_demo' retrieved from /opt/airflow/dags/urban_data_streaming_dag.py
[2026-07-01T13:44:04.770+0000] {logging_mixin.py:190} INFO - [2026-07-01T13:44:04.770+0000] {dag.py:3239} INFO - Sync 1 DAGs
[2026-07-01T13:44:04.785+0000] {logging_mixin.py:190} INFO - [2026-07-01T13:44:04.785+0000] {dag.py:4180} INFO - Setting next_dagrun for urban_data_streaming_demo to None, run_after=None
[2026-07-01T13:44:04.815+0000] {processor.py:208} INFO - Processing /opt/airflow/dags/urban_data_streaming_dag.py took 0.150 seconds
[2026-07-01T13:44:35.634+0000] {processor.py:186} INFO - Started process (PID=2105) to work on /opt/airflow/dags/urban_data_streaming_dag.py
[2026-07-01T13:44:35.637+0000] {processor.py:914} INFO - Processing file /opt/airflow/dags/urban_data_streaming_dag.py for tasks to queue
[2026-07-01T13:44:35.642+0000] {logging_mixin.py:190} INFO - [2026-07-01T13:44:35.641+0000] {dagbag.py:588} INFO - Filling up the DagBag from /opt/airflow/dags/urban_data_streaming_dag.py
[2026-07-01T13:44:35.725+0000] {processor.py:925} INFO - DAG(s) 'urban_data_streaming_demo' retrieved from /opt/airflow/dags/urban_data_streaming_dag.py
[2026-07-01T13:44:35.755+0000] {logging_mixin.py:190} INFO - [2026-07-01T13:44:35.755+0000] {dag.py:3239} INFO - Sync 1 DAGs
[2026-07-01T13:44:35.769+0000] {logging_mixin.py:190} INFO - [2026-07-01T13:44:35.769+0000] {dag.py:4180} INFO - Setting next_dagrun for urban_data_streaming_demo to None, run_after=None
[2026-07-01T13:44:35.792+0000] {processor.py:208} INFO - Processing /opt/airflow/dags/urban_data_streaming_dag.py took 0.177 seconds
[2026-07-01T13:45:06.491+0000] {processor.py:186} INFO - Started process (PID=2123) to work on /opt/airflow/dags/urban_data_streaming_dag.py
[2026-07-01T13:45:06.492+0000] {processor.py:914} INFO - Processing file /opt/airflow/dags/urban_data_streaming_dag.py for tasks to queue
[2026-07-01T13:45:06.495+0000] {logging_mixin.py:190} INFO - [2026-07-01T13:45:06.495+0000] {dagbag.py:588} INFO - Filling up the DagBag from /opt/airflow/dags/urban_data_streaming_dag.py
[2026-07-01T13:45:06.525+0000] {processor.py:925} INFO - DAG(s) 'urban_data_streaming_demo' retrieved from /opt/airflow/dags/urban_data_streaming_dag.py
[2026-07-01T13:45:06.553+0000] {logging_mixin.py:190} INFO - [2026-07-01T13:45:06.552+0000] {dag.py:3239} INFO - Sync 1 DAGs
[2026-07-01T13:45:06.567+0000] {logging_mixin.py:190} INFO - [2026-07-01T13:45:06.567+0000] {dag.py:4180} INFO - Setting next_dagrun for urban_data_streaming_demo to None, run_after=None
[2026-07-01T13:45:06.588+0000] {processor.py:208} INFO - Processing /opt/airflow/dags/urban_data_streaming_dag.py took 0.103 seconds
[2026-07-01T13:45:37.204+0000] {processor.py:186} INFO - Started process (PID=2141) to work on /opt/airflow/dags/urban_data_streaming_dag.py
[2026-07-01T13:45:37.213+0000] {processor.py:914} INFO - Processing file /opt/airflow/dags/urban_data_streaming_dag.py for tasks to queue
[2026-07-01T13:45:37.232+0000] {logging_mixin.py:190} INFO - [2026-07-01T13:45:37.229+0000] {dagbag.py:588} INFO - Filling up the DagBag from /opt/airflow/dags/urban_data_streaming_dag.py
[2026-07-01T13:45:37.333+0000] {processor.py:925} INFO - DAG(s) 'urban_data_streaming_demo' retrieved from /opt/airflow/dags/urban_data_streaming_dag.py
[2026-07-01T13:45:37.387+0000] {logging_mixin.py:190} INFO - [2026-07-01T13:45:37.386+0000] {dag.py:3239} INFO - Sync 1 DAGs
[2026-07-01T13:45:37.408+0000] {logging_mixin.py:190} INFO - [2026-07-01T13:45:37.408+0000] {dag.py:4180} INFO - Setting next_dagrun for urban_data_streaming_demo to None, run_after=None
[2026-07-01T13:45:37.437+0000] {processor.py:208} INFO - Processing /opt/airflow/dags/urban_data_streaming_dag.py took 0.261 seconds
[2026-07-01T13:46:07.774+0000] {processor.py:186} INFO - Started process (PID=2159) to work on /opt/airflow/dags/urban_data_streaming_dag.py
[2026-07-01T13:46:07.775+0000] {processor.py:914} INFO - Processing file /opt/airflow/dags/urban_data_streaming_dag.py for tasks to queue
[2026-07-01T13:46:07.778+0000] {logging_mixin.py:190} INFO - [2026-07-01T13:46:07.778+0000] {dagbag.py:588} INFO - Filling up the DagBag from /opt/airflow/dags/urban_data_streaming_dag.py
[2026-07-01T13:46:07.802+0000] {processor.py:925} INFO - DAG(s) 'urban_data_streaming_demo' retrieved from /opt/airflow/dags/urban_data_streaming_dag.py
[2026-07-01T13:46:07.830+0000] {logging_mixin.py:190} INFO - [2026-07-01T13:46:07.830+0000] {dag.py:3239} INFO - Sync 1 DAGs
[2026-07-01T13:46:07.845+0000] {logging_mixin.py:190} INFO - [2026-07-01T13:46:07.845+0000] {dag.py:4180} INFO - Setting next_dagrun for urban_data_streaming_demo to None, run_after=None
[2026-07-01T13:46:07.866+0000] {processor.py:208} INFO - Processing /opt/airflow/dags/urban_data_streaming_dag.py took 0.098 seconds
[2026-07-01T13:46:38.611+0000] {processor.py:186} INFO - Started process (PID=2177) to work on /opt/airflow/dags/urban_data_streaming_dag.py
[2026-07-01T13:46:38.612+0000] {processor.py:914} INFO - Processing file /opt/airflow/dags/urban_data_streaming_dag.py for tasks to queue
[2026-07-01T13:46:38.615+0000] {logging_mixin.py:190} INFO - [2026-07-01T13:46:38.615+0000] {dagbag.py:588} INFO - Filling up the DagBag from /opt/airflow/dags/urban_data_streaming_dag.py
[2026-07-01T13:46:38.639+0000] {processor.py:925} INFO - DAG(s) 'urban_data_streaming_demo' retrieved from /opt/airflow/dags/urban_data_streaming_dag.py
[2026-07-01T13:46:38.667+0000] {logging_mixin.py:190} INFO - [2026-07-01T13:46:38.666+0000] {dag.py:3239} INFO - Sync 1 DAGs
[2026-07-01T13:46:38.680+0000] {logging_mixin.py:190} INFO - [2026-07-01T13:46:38.680+0000] {dag.py:4180} INFO - Setting next_dagrun for urban_data_streaming_demo to None, run_after=None
[2026-07-01T13:46:38.702+0000] {processor.py:208} INFO - Processing /opt/airflow/dags/urban_data_streaming_dag.py took 0.098 seconds
[2026-07-01T13:47:08.931+0000] {processor.py:186} INFO - Started process (PID=2195) to work on /opt/airflow/dags/urban_data_streaming_dag.py
[2026-07-01T13:47:08.932+0000] {processor.py:914} INFO - Processing file /opt/airflow/dags/urban_data_streaming_dag.py for tasks to queue
[2026-07-01T13:47:08.935+0000] {logging_mixin.py:190} INFO - [2026-07-01T13:47:08.934+0000] {dagbag.py:588} INFO - Filling up the DagBag from /opt/airflow/dags/urban_data_streaming_dag.py
[2026-07-01T13:47:08.956+0000] {processor.py:925} INFO - DAG(s) 'urban_data_streaming_demo' retrieved from /opt/airflow/dags/urban_data_streaming_dag.py
[2026-07-01T13:47:08.984+0000] {logging_mixin.py:190} INFO - [2026-07-01T13:47:08.984+0000] {dag.py:3239} INFO - Sync 1 DAGs
[2026-07-01T13:47:08.997+0000] {logging_mixin.py:190} INFO - [2026-07-01T13:47:08.996+0000] {dag.py:4180} INFO - Setting next_dagrun for urban_data_streaming_demo to None, run_after=None
[2026-07-01T13:47:09.021+0000] {processor.py:208} INFO - Processing /opt/airflow/dags/urban_data_streaming_dag.py took 0.095 seconds
[2026-07-01T13:47:39.811+0000] {processor.py:186} INFO - Started process (PID=2213) to work on /opt/airflow/dags/urban_data_streaming_dag.py
[2026-07-01T13:47:39.813+0000] {processor.py:914} INFO - Processing file /opt/airflow/dags/urban_data_streaming_dag.py for tasks to queue
[2026-07-01T13:47:39.817+0000] {logging_mixin.py:190} INFO - [2026-07-01T13:47:39.817+0000] {dagbag.py:588} INFO - Filling up the DagBag from /opt/airflow/dags/urban_data_streaming_dag.py
[2026-07-01T13:47:39.841+0000] {processor.py:925} INFO - DAG(s) 'urban_data_streaming_demo' retrieved from /opt/airflow/dags/urban_data_streaming_dag.py
[2026-07-01T13:47:39.872+0000] {logging_mixin.py:190} INFO - [2026-07-01T13:47:39.872+0000] {dag.py:3239} INFO - Sync 1 DAGs
[2026-07-01T13:47:39.886+0000] {logging_mixin.py:190} INFO - [2026-07-01T13:47:39.886+0000] {dag.py:4180} INFO - Setting next_dagrun for urban_data_streaming_demo to None, run_after=None
[2026-07-01T13:47:39.908+0000] {processor.py:208} INFO - Processing /opt/airflow/dags/urban_data_streaming_dag.py took 0.104 seconds
[2026-07-01T13:48:10.522+0000] {processor.py:186} INFO - Started process (PID=2231) to work on /opt/airflow/dags/urban_data_streaming_dag.py
[2026-07-01T13:48:10.525+0000] {processor.py:914} INFO - Processing file /opt/airflow/dags/urban_data_streaming_dag.py for tasks to queue
[2026-07-01T13:48:10.529+0000] {logging_mixin.py:190} INFO - [2026-07-01T13:48:10.529+0000] {dagbag.py:588} INFO - Filling up the DagBag from /opt/airflow/dags/urban_data_streaming_dag.py
[2026-07-01T13:48:10.611+0000] {processor.py:925} INFO - DAG(s) 'urban_data_streaming_demo' retrieved from /opt/airflow/dags/urban_data_streaming_dag.py
[2026-07-01T13:48:10.684+0000] {logging_mixin.py:190} INFO - [2026-07-01T13:48:10.683+0000] {dag.py:3239} INFO - Sync 1 DAGs
[2026-07-01T13:48:10.698+0000] {logging_mixin.py:190} INFO - [2026-07-01T13:48:10.698+0000] {dag.py:4180} INFO - Setting next_dagrun for urban_data_streaming_demo to None, run_after=None
[2026-07-01T13:48:10.720+0000] {processor.py:208} INFO - Processing /opt/airflow/dags/urban_data_streaming_dag.py took 0.208 seconds
[2026-07-01T13:48:40.955+0000] {processor.py:186} INFO - Started process (PID=2249) to work on /opt/airflow/dags/urban_data_streaming_dag.py
[2026-07-01T13:48:40.956+0000] {processor.py:914} INFO - Processing file /opt/airflow/dags/urban_data_streaming_dag.py for tasks to queue
[2026-07-01T13:48:40.960+0000] {logging_mixin.py:190} INFO - [2026-07-01T13:48:40.960+0000] {dagbag.py:588} INFO - Filling up the DagBag from /opt/airflow/dags/urban_data_streaming_dag.py
[2026-07-01T13:48:40.987+0000] {processor.py:925} INFO - DAG(s) 'urban_data_streaming_demo' retrieved from /opt/airflow/dags/urban_data_streaming_dag.py
[2026-07-01T13:48:41.021+0000] {logging_mixin.py:190} INFO - [2026-07-01T13:48:41.020+0000] {dag.py:3239} INFO - Sync 1 DAGs
[2026-07-01T13:48:41.036+0000] {logging_mixin.py:190} INFO - [2026-07-01T13:48:41.035+0000] {dag.py:4180} INFO - Setting next_dagrun for urban_data_streaming_demo to None, run_after=None
[2026-07-01T13:48:41.062+0000] {processor.py:208} INFO - Processing /opt/airflow/dags/urban_data_streaming_dag.py took 0.114 seconds
[2026-07-01T13:49:11.856+0000] {processor.py:186} INFO - Started process (PID=2266) to work on /opt/airflow/dags/urban_data_streaming_dag.py
[2026-07-01T13:49:11.858+0000] {processor.py:914} INFO - Processing file /opt/airflow/dags/urban_data_streaming_dag.py for tasks to queue
[2026-07-01T13:49:11.860+0000] {logging_mixin.py:190} INFO - [2026-07-01T13:49:11.860+0000] {dagbag.py:588} INFO - Filling up the DagBag from /opt/airflow/dags/urban_data_streaming_dag.py
[2026-07-01T13:49:11.888+0000] {processor.py:925} INFO - DAG(s) 'urban_data_streaming_demo' retrieved from /opt/airflow/dags/urban_data_streaming_dag.py
[2026-07-01T13:49:11.921+0000] {logging_mixin.py:190} INFO - [2026-07-01T13:49:11.921+0000] {dag.py:3239} INFO - Sync 1 DAGs
[2026-07-01T13:49:11.936+0000] {logging_mixin.py:190} INFO - [2026-07-01T13:49:11.936+0000] {dag.py:4180} INFO - Setting next_dagrun for urban_data_streaming_demo to None, run_after=None
[2026-07-01T13:49:11.958+0000] {processor.py:208} INFO - Processing /opt/airflow/dags/urban_data_streaming_dag.py took 0.107 seconds
[2026-07-01T13:49:42.313+0000] {processor.py:186} INFO - Started process (PID=2277) to work on /opt/airflow/dags/urban_data_streaming_dag.py
[2026-07-01T13:49:42.315+0000] {processor.py:914} INFO - Processing file /opt/airflow/dags/urban_data_streaming_dag.py for tasks to queue
[2026-07-01T13:49:42.319+0000] {logging_mixin.py:190} INFO - [2026-07-01T13:49:42.319+0000] {dagbag.py:588} INFO - Filling up the DagBag from /opt/airflow/dags/urban_data_streaming_dag.py
[2026-07-01T13:49:42.371+0000] {processor.py:925} INFO - DAG(s) 'urban_data_streaming_demo' retrieved from /opt/airflow/dags/urban_data_streaming_dag.py
[2026-07-01T13:49:42.408+0000] {logging_mixin.py:190} INFO - [2026-07-01T13:49:42.408+0000] {dag.py:3239} INFO - Sync 1 DAGs
[2026-07-01T13:49:42.422+0000] {logging_mixin.py:190} INFO - [2026-07-01T13:49:42.421+0000] {dag.py:4180} INFO - Setting next_dagrun for urban_data_streaming_demo to None, run_after=None
[2026-07-01T13:49:42.446+0000] {processor.py:208} INFO - Processing /opt/airflow/dags/urban_data_streaming_dag.py took 0.148 seconds
[2026-07-01T13:50:13.293+0000] {processor.py:186} INFO - Started process (PID=2295) to work on /opt/airflow/dags/urban_data_streaming_dag.py
[2026-07-01T13:50:13.297+0000] {processor.py:914} INFO - Processing file /opt/airflow/dags/urban_data_streaming_dag.py for tasks to queue
[2026-07-01T13:50:13.302+0000] {logging_mixin.py:190} INFO - [2026-07-01T13:50:13.301+0000] {dagbag.py:588} INFO - Filling up the DagBag from /opt/airflow/dags/urban_data_streaming_dag.py
[2026-07-01T13:50:13.383+0000] {processor.py:925} INFO - DAG(s) 'urban_data_streaming_demo' retrieved from /opt/airflow/dags/urban_data_streaming_dag.py
[2026-07-01T13:50:13.428+0000] {logging_mixin.py:190} INFO - [2026-07-01T13:50:13.427+0000] {dag.py:3239} INFO - Sync 1 DAGs
[2026-07-01T13:50:13.444+0000] {logging_mixin.py:190} INFO - [2026-07-01T13:50:13.443+0000] {dag.py:4180} INFO - Setting next_dagrun for urban_data_streaming_demo to None, run_after=None
[2026-07-01T13:50:13.474+0000] {processor.py:208} INFO - Processing /opt/airflow/dags/urban_data_streaming_dag.py took 0.202 seconds
[2026-07-01T13:50:44.133+0000] {processor.py:186} INFO - Started process (PID=2313) to work on /opt/airflow/dags/urban_data_streaming_dag.py
[2026-07-01T13:50:44.135+0000] {processor.py:914} INFO - Processing file /opt/airflow/dags/urban_data_streaming_dag.py for tasks to queue
[2026-07-01T13:50:44.141+0000] {logging_mixin.py:190} INFO - [2026-07-01T13:50:44.140+0000] {dagbag.py:588} INFO - Filling up the DagBag from /opt/airflow/dags/urban_data_streaming_dag.py
[2026-07-01T13:50:44.198+0000] {processor.py:925} INFO - DAG(s) 'urban_data_streaming_demo' retrieved from /opt/airflow/dags/urban_data_streaming_dag.py
[2026-07-01T13:50:44.235+0000] {logging_mixin.py:190} INFO - [2026-07-01T13:50:44.235+0000] {dag.py:3239} INFO - Sync 1 DAGs
[2026-07-01T13:50:44.249+0000] {logging_mixin.py:190} INFO - [2026-07-01T13:50:44.249+0000] {dag.py:4180} INFO - Setting next_dagrun for urban_data_streaming_demo to None, run_after=None
[2026-07-01T13:50:44.290+0000] {processor.py:208} INFO - Processing /opt/airflow/dags/urban_data_streaming_dag.py took 0.171 seconds
[2026-07-01T13:51:14.949+0000] {processor.py:186} INFO - Started process (PID=2331) to work on /opt/airflow/dags/urban_data_streaming_dag.py
[2026-07-01T13:51:14.951+0000] {processor.py:914} INFO - Processing file /opt/airflow/dags/urban_data_streaming_dag.py for tasks to queue
[2026-07-01T13:51:14.957+0000] {logging_mixin.py:190} INFO - [2026-07-01T13:51:14.956+0000] {dagbag.py:588} INFO - Filling up the DagBag from /opt/airflow/dags/urban_data_streaming_dag.py
[2026-07-01T13:51:14.991+0000] {processor.py:925} INFO - DAG(s) 'urban_data_streaming_demo' retrieved from /opt/airflow/dags/urban_data_streaming_dag.py
[2026-07-01T13:51:15.031+0000] {logging_mixin.py:190} INFO - [2026-07-01T13:51:15.031+0000] {dag.py:3239} INFO - Sync 1 DAGs
[2026-07-01T13:51:15.045+0000] {logging_mixin.py:190} INFO - [2026-07-01T13:51:15.045+0000] {dag.py:4180} INFO - Setting next_dagrun for urban_data_streaming_demo to None, run_after=None
[2026-07-01T13:51:15.069+0000] {processor.py:208} INFO - Processing /opt/airflow/dags/urban_data_streaming_dag.py took 0.131 seconds
[2026-07-01T13:51:45.757+0000] {processor.py:186} INFO - Started process (PID=2349) to work on /opt/airflow/dags/urban_data_streaming_dag.py
[2026-07-01T13:51:45.758+0000] {processor.py:914} INFO - Processing file /opt/airflow/dags/urban_data_streaming_dag.py for tasks to queue
[2026-07-01T13:51:45.761+0000] {logging_mixin.py:190} INFO - [2026-07-01T13:51:45.761+0000] {dagbag.py:588} INFO - Filling up the DagBag from /opt/airflow/dags/urban_data_streaming_dag.py
[2026-07-01T13:51:45.790+0000] {processor.py:925} INFO - DAG(s) 'urban_data_streaming_demo' retrieved from /opt/airflow/dags/urban_data_streaming_dag.py
[2026-07-01T13:51:45.825+0000] {logging_mixin.py:190} INFO - [2026-07-01T13:51:45.824+0000] {dag.py:3239} INFO - Sync 1 DAGs
[2026-07-01T13:51:45.840+0000] {logging_mixin.py:190} INFO - [2026-07-01T13:51:45.839+0000] {dag.py:4180} INFO - Setting next_dagrun for urban_data_streaming_demo to None, run_after=None
[2026-07-01T13:51:45.861+0000] {processor.py:208} INFO - Processing /opt/airflow/dags/urban_data_streaming_dag.py took 0.110 seconds
[2026-07-01T13:52:15.978+0000] {processor.py:186} INFO - Started process (PID=2368) to work on /opt/airflow/dags/urban_data_streaming_dag.py
[2026-07-01T13:52:15.980+0000] {processor.py:914} INFO - Processing file /opt/airflow/dags/urban_data_streaming_dag.py for tasks to queue
[2026-07-01T13:52:15.984+0000] {logging_mixin.py:190} INFO - [2026-07-01T13:52:15.984+0000] {dagbag.py:588} INFO - Filling up the DagBag from /opt/airflow/dags/urban_data_streaming_dag.py
[2026-07-01T13:52:16.033+0000] {processor.py:925} INFO - DAG(s) 'urban_data_streaming_demo' retrieved from /opt/airflow/dags/urban_data_streaming_dag.py
[2026-07-01T13:52:16.061+0000] {logging_mixin.py:190} INFO - [2026-07-01T13:52:16.060+0000] {dag.py:3239} INFO - Sync 1 DAGs
[2026-07-01T13:52:16.074+0000] {logging_mixin.py:190} INFO - [2026-07-01T13:52:16.074+0000] {dag.py:4180} INFO - Setting next_dagrun for urban_data_streaming_demo to None, run_after=None
[2026-07-01T13:52:16.094+0000] {processor.py:208} INFO - Processing /opt/airflow/dags/urban_data_streaming_dag.py took 0.122 seconds
[2026-07-01T13:52:46.555+0000] {processor.py:186} INFO - Started process (PID=2386) to work on /opt/airflow/dags/urban_data_streaming_dag.py
[2026-07-01T13:52:46.558+0000] {processor.py:914} INFO - Processing file /opt/airflow/dags/urban_data_streaming_dag.py for tasks to queue
[2026-07-01T13:52:46.562+0000] {logging_mixin.py:190} INFO - [2026-07-01T13:52:46.562+0000] {dagbag.py:588} INFO - Filling up the DagBag from /opt/airflow/dags/urban_data_streaming_dag.py
[2026-07-01T13:52:46.631+0000] {processor.py:925} INFO - DAG(s) 'urban_data_streaming_demo' retrieved from /opt/airflow/dags/urban_data_streaming_dag.py
[2026-07-01T13:52:46.666+0000] {logging_mixin.py:190} INFO - [2026-07-01T13:52:46.665+0000] {dag.py:3239} INFO - Sync 1 DAGs
[2026-07-01T13:52:46.685+0000] {logging_mixin.py:190} INFO - [2026-07-01T13:52:46.685+0000] {dag.py:4180} INFO - Setting next_dagrun for urban_data_streaming_demo to None, run_after=None
[2026-07-01T13:52:46.725+0000] {processor.py:208} INFO - Processing /opt/airflow/dags/urban_data_streaming_dag.py took 0.207 seconds
[2026-07-01T13:53:16.905+0000] {processor.py:186} INFO - Started process (PID=2404) to work on /opt/airflow/dags/urban_data_streaming_dag.py
[2026-07-01T13:53:16.908+0000] {processor.py:914} INFO - Processing file /opt/airflow/dags/urban_data_streaming_dag.py for tasks to queue
[2026-07-01T13:53:16.913+0000] {logging_mixin.py:190} INFO - [2026-07-01T13:53:16.913+0000] {dagbag.py:588} INFO - Filling up the DagBag from /opt/airflow/dags/urban_data_streaming_dag.py
[2026-07-01T13:53:16.949+0000] {processor.py:925} INFO - DAG(s) 'urban_data_streaming_demo' retrieved from /opt/airflow/dags/urban_data_streaming_dag.py
[2026-07-01T13:53:16.982+0000] {logging_mixin.py:190} INFO - [2026-07-01T13:53:16.982+0000] {dag.py:3239} INFO - Sync 1 DAGs
[2026-07-01T13:53:16.997+0000] {logging_mixin.py:190} INFO - [2026-07-01T13:53:16.997+0000] {dag.py:4180} INFO - Setting next_dagrun for urban_data_streaming_demo to None, run_after=None
[2026-07-01T13:53:17.017+0000] {processor.py:208} INFO - Processing /opt/airflow/dags/urban_data_streaming_dag.py took 0.120 seconds
[2026-07-01T13:53:47.963+0000] {processor.py:186} INFO - Started process (PID=2422) to work on /opt/airflow/dags/urban_data_streaming_dag.py
[2026-07-01T13:53:47.968+0000] {processor.py:914} INFO - Processing file /opt/airflow/dags/urban_data_streaming_dag.py for tasks to queue
[2026-07-01T13:53:47.978+0000] {logging_mixin.py:190} INFO - [2026-07-01T13:53:47.976+0000] {dagbag.py:588} INFO - Filling up the DagBag from /opt/airflow/dags/urban_data_streaming_dag.py
[2026-07-01T13:53:48.043+0000] {processor.py:925} INFO - DAG(s) 'urban_data_streaming_demo' retrieved from /opt/airflow/dags/urban_data_streaming_dag.py
[2026-07-01T13:53:48.084+0000] {logging_mixin.py:190} INFO - [2026-07-01T13:53:48.083+0000] {dag.py:3239} INFO - Sync 1 DAGs
[2026-07-01T13:53:48.098+0000] {logging_mixin.py:190} INFO - [2026-07-01T13:53:48.097+0000] {dag.py:4180} INFO - Setting next_dagrun for urban_data_streaming_demo to None, run_after=None
[2026-07-01T13:53:48.124+0000] {processor.py:208} INFO - Processing /opt/airflow/dags/urban_data_streaming_dag.py took 0.187 seconds
[2026-07-01T13:54:18.224+0000] {processor.py:186} INFO - Started process (PID=2439) to work on /opt/airflow/dags/urban_data_streaming_dag.py
[2026-07-01T13:54:18.227+0000] {processor.py:914} INFO - Processing file /opt/airflow/dags/urban_data_streaming_dag.py for tasks to queue
[2026-07-01T13:54:18.230+0000] {logging_mixin.py:190} INFO - [2026-07-01T13:54:18.230+0000] {dagbag.py:588} INFO - Filling up the DagBag from /opt/airflow/dags/urban_data_streaming_dag.py
[2026-07-01T13:54:18.268+0000] {processor.py:925} INFO - DAG(s) 'urban_data_streaming_demo' retrieved from /opt/airflow/dags/urban_data_streaming_dag.py
[2026-07-01T13:54:18.344+0000] {logging_mixin.py:190} INFO - [2026-07-01T13:54:18.343+0000] {dag.py:3239} INFO - Sync 1 DAGs
[2026-07-01T13:54:18.367+0000] {logging_mixin.py:190} INFO - [2026-07-01T13:54:18.367+0000] {dag.py:4180} INFO - Setting next_dagrun for urban_data_streaming_demo to None, run_after=None
[2026-07-01T13:54:18.395+0000] {processor.py:208} INFO - Processing /opt/airflow/dags/urban_data_streaming_dag.py took 0.178 seconds
[2026-07-01T13:54:48.777+0000] {processor.py:186} INFO - Started process (PID=2450) to work on /opt/airflow/dags/urban_data_streaming_dag.py
[2026-07-01T13:54:48.779+0000] {processor.py:914} INFO - Processing file /opt/airflow/dags/urban_data_streaming_dag.py for tasks to queue
[2026-07-01T13:54:48.783+0000] {logging_mixin.py:190} INFO - [2026-07-01T13:54:48.783+0000] {dagbag.py:588} INFO - Filling up the DagBag from /opt/airflow/dags/urban_data_streaming_dag.py
[2026-07-01T13:54:48.904+0000] {processor.py:925} INFO - DAG(s) 'urban_data_streaming_demo' retrieved from /opt/airflow/dags/urban_data_streaming_dag.py
[2026-07-01T13:54:48.986+0000] {logging_mixin.py:190} INFO - [2026-07-01T13:54:48.986+0000] {dag.py:3239} INFO - Sync 1 DAGs
[2026-07-01T13:54:49.011+0000] {logging_mixin.py:190} INFO - [2026-07-01T13:54:49.011+0000] {dag.py:4180} INFO - Setting next_dagrun for urban_data_streaming_demo to None, run_after=None
[2026-07-01T13:54:49.038+0000] {processor.py:208} INFO - Processing /opt/airflow/dags/urban_data_streaming_dag.py took 0.275 seconds
[2026-07-01T13:55:19.391+0000] {processor.py:186} INFO - Started process (PID=2468) to work on /opt/airflow/dags/urban_data_streaming_dag.py
[2026-07-01T13:55:19.395+0000] {processor.py:914} INFO - Processing file /opt/airflow/dags/urban_data_streaming_dag.py for tasks to queue
[2026-07-01T13:55:19.401+0000] {logging_mixin.py:190} INFO - [2026-07-01T13:55:19.401+0000] {dagbag.py:588} INFO - Filling up the DagBag from /opt/airflow/dags/urban_data_streaming_dag.py
[2026-07-01T13:55:19.470+0000] {processor.py:925} INFO - DAG(s) 'urban_data_streaming_demo' retrieved from /opt/airflow/dags/urban_data_streaming_dag.py
[2026-07-01T13:55:19.528+0000] {logging_mixin.py:190} INFO - [2026-07-01T13:55:19.527+0000] {dag.py:3239} INFO - Sync 1 DAGs
[2026-07-01T13:55:19.548+0000] {logging_mixin.py:190} INFO - [2026-07-01T13:55:19.547+0000] {dag.py:4180} INFO - Setting next_dagrun for urban_data_streaming_demo to None, run_after=None
[2026-07-01T13:55:19.587+0000] {processor.py:208} INFO - Processing /opt/airflow/dags/urban_data_streaming_dag.py took 0.218 seconds
[2026-07-01T13:55:50.099+0000] {processor.py:186} INFO - Started process (PID=2486) to work on /opt/airflow/dags/urban_data_streaming_dag.py
[2026-07-01T13:55:50.102+0000] {processor.py:914} INFO - Processing file /opt/airflow/dags/urban_data_streaming_dag.py for tasks to queue
[2026-07-01T13:55:50.108+0000] {logging_mixin.py:190} INFO - [2026-07-01T13:55:50.107+0000] {dagbag.py:588} INFO - Filling up the DagBag from /opt/airflow/dags/urban_data_streaming_dag.py
[2026-07-01T13:55:50.168+0000] {processor.py:925} INFO - DAG(s) 'urban_data_streaming_demo' retrieved from /opt/airflow/dags/urban_data_streaming_dag.py
[2026-07-01T13:55:50.206+0000] {logging_mixin.py:190} INFO - [2026-07-01T13:55:50.205+0000] {dag.py:3239} INFO - Sync 1 DAGs
[2026-07-01T13:55:50.225+0000] {logging_mixin.py:190} INFO - [2026-07-01T13:55:50.224+0000] {dag.py:4180} INFO - Setting next_dagrun for urban_data_streaming_demo to None, run_after=None
[2026-07-01T13:55:50.255+0000] {processor.py:208} INFO - Processing /opt/airflow/dags/urban_data_streaming_dag.py took 0.181 seconds
[2026-07-01T13:56:20.679+0000] {processor.py:186} INFO - Started process (PID=2504) to work on /opt/airflow/dags/urban_data_streaming_dag.py
[2026-07-01T13:56:20.682+0000] {processor.py:914} INFO - Processing file /opt/airflow/dags/urban_data_streaming_dag.py for tasks to queue
[2026-07-01T13:56:20.689+0000] {logging_mixin.py:190} INFO - [2026-07-01T13:56:20.688+0000] {dagbag.py:588} INFO - Filling up the DagBag from /opt/airflow/dags/urban_data_streaming_dag.py
[2026-07-01T13:56:20.811+0000] {processor.py:925} INFO - DAG(s) 'urban_data_streaming_demo' retrieved from /opt/airflow/dags/urban_data_streaming_dag.py
[2026-07-01T13:56:20.861+0000] {logging_mixin.py:190} INFO - [2026-07-01T13:56:20.861+0000] {dag.py:3239} INFO - Sync 1 DAGs
[2026-07-01T13:56:20.881+0000] {logging_mixin.py:190} INFO - [2026-07-01T13:56:20.881+0000] {dag.py:4180} INFO - Setting next_dagrun for urban_data_streaming_demo to None, run_after=None
[2026-07-01T13:56:20.908+0000] {processor.py:208} INFO - Processing /opt/airflow/dags/urban_data_streaming_dag.py took 0.250 seconds
[2026-07-01T13:56:51.326+0000] {processor.py:186} INFO - Started process (PID=2522) to work on /opt/airflow/dags/urban_data_streaming_dag.py
[2026-07-01T13:56:51.329+0000] {processor.py:914} INFO - Processing file /opt/airflow/dags/urban_data_streaming_dag.py for tasks to queue
[2026-07-01T13:56:51.332+0000] {logging_mixin.py:190} INFO - [2026-07-01T13:56:51.332+0000] {dagbag.py:588} INFO - Filling up the DagBag from /opt/airflow/dags/urban_data_streaming_dag.py
[2026-07-01T13:56:51.388+0000] {processor.py:925} INFO - DAG(s) 'urban_data_streaming_demo' retrieved from /opt/airflow/dags/urban_data_streaming_dag.py
[2026-07-01T13:56:51.420+0000] {logging_mixin.py:190} INFO - [2026-07-01T13:56:51.419+0000] {dag.py:3239} INFO - Sync 1 DAGs
[2026-07-01T13:56:51.434+0000] {logging_mixin.py:190} INFO - [2026-07-01T13:56:51.434+0000] {dag.py:4180} INFO - Setting next_dagrun for urban_data_streaming_demo to None, run_after=None
[2026-07-01T13:56:51.460+0000] {processor.py:208} INFO - Processing /opt/airflow/dags/urban_data_streaming_dag.py took 0.139 seconds
[2026-07-01T13:57:21.884+0000] {processor.py:186} INFO - Started process (PID=2540) to work on /opt/airflow/dags/urban_data_streaming_dag.py
[2026-07-01T13:57:21.886+0000] {processor.py:914} INFO - Processing file /opt/airflow/dags/urban_data_streaming_dag.py for tasks to queue
[2026-07-01T13:57:21.892+0000] {logging_mixin.py:190} INFO - [2026-07-01T13:57:21.891+0000] {dagbag.py:588} INFO - Filling up the DagBag from /opt/airflow/dags/urban_data_streaming_dag.py
[2026-07-01T13:57:21.926+0000] {processor.py:925} INFO - DAG(s) 'urban_data_streaming_demo' retrieved from /opt/airflow/dags/urban_data_streaming_dag.py
[2026-07-01T13:57:21.975+0000] {logging_mixin.py:190} INFO - [2026-07-01T13:57:21.975+0000] {dag.py:3239} INFO - Sync 1 DAGs
[2026-07-01T13:57:21.997+0000] {logging_mixin.py:190} INFO - [2026-07-01T13:57:21.997+0000] {dag.py:4180} INFO - Setting next_dagrun for urban_data_streaming_demo to None, run_after=None
[2026-07-01T13:57:22.031+0000] {processor.py:208} INFO - Processing /opt/airflow/dags/urban_data_streaming_dag.py took 0.156 seconds
[2026-07-01T13:57:52.797+0000] {processor.py:186} INFO - Started process (PID=2558) to work on /opt/airflow/dags/urban_data_streaming_dag.py
[2026-07-01T13:57:52.799+0000] {processor.py:914} INFO - Processing file /opt/airflow/dags/urban_data_streaming_dag.py for tasks to queue
[2026-07-01T13:57:52.804+0000] {logging_mixin.py:190} INFO - [2026-07-01T13:57:52.803+0000] {dagbag.py:588} INFO - Filling up the DagBag from /opt/airflow/dags/urban_data_streaming_dag.py
[2026-07-01T13:57:52.869+0000] {processor.py:925} INFO - DAG(s) 'urban_data_streaming_demo' retrieved from /opt/airflow/dags/urban_data_streaming_dag.py
[2026-07-01T13:57:52.911+0000] {logging_mixin.py:190} INFO - [2026-07-01T13:57:52.911+0000] {dag.py:3239} INFO - Sync 1 DAGs
[2026-07-01T13:57:52.927+0000] {logging_mixin.py:190} INFO - [2026-07-01T13:57:52.926+0000] {dag.py:4180} INFO - Setting next_dagrun for urban_data_streaming_demo to None, run_after=None
[2026-07-01T13:57:52.951+0000] {processor.py:208} INFO - Processing /opt/airflow/dags/urban_data_streaming_dag.py took 0.161 seconds
[2026-07-01T13:58:23.704+0000] {processor.py:186} INFO - Started process (PID=2576) to work on /opt/airflow/dags/urban_data_streaming_dag.py
[2026-07-01T13:58:23.706+0000] {processor.py:914} INFO - Processing file /opt/airflow/dags/urban_data_streaming_dag.py for tasks to queue
[2026-07-01T13:58:23.711+0000] {logging_mixin.py:190} INFO - [2026-07-01T13:58:23.711+0000] {dagbag.py:588} INFO - Filling up the DagBag from /opt/airflow/dags/urban_data_streaming_dag.py
[2026-07-01T13:58:23.789+0000] {processor.py:925} INFO - DAG(s) 'urban_data_streaming_demo' retrieved from /opt/airflow/dags/urban_data_streaming_dag.py
[2026-07-01T13:58:23.856+0000] {logging_mixin.py:190} INFO - [2026-07-01T13:58:23.856+0000] {dag.py:3239} INFO - Sync 1 DAGs
[2026-07-01T13:58:23.876+0000] {logging_mixin.py:190} INFO - [2026-07-01T13:58:23.876+0000] {dag.py:4180} INFO - Setting next_dagrun for urban_data_streaming_demo to None, run_after=None
[2026-07-01T13:58:23.910+0000] {processor.py:208} INFO - Processing /opt/airflow/dags/urban_data_streaming_dag.py took 0.231 seconds
[2026-07-01T13:58:54.612+0000] {processor.py:186} INFO - Started process (PID=2594) to work on /opt/airflow/dags/urban_data_streaming_dag.py
[2026-07-01T13:58:54.615+0000] {processor.py:914} INFO - Processing file /opt/airflow/dags/urban_data_streaming_dag.py for tasks to queue
[2026-07-01T13:58:54.622+0000] {logging_mixin.py:190} INFO - [2026-07-01T13:58:54.621+0000] {dagbag.py:588} INFO - Filling up the DagBag from /opt/airflow/dags/urban_data_streaming_dag.py
[2026-07-01T13:58:54.693+0000] {processor.py:925} INFO - DAG(s) 'urban_data_streaming_demo' retrieved from /opt/airflow/dags/urban_data_streaming_dag.py
[2026-07-01T13:58:54.733+0000] {logging_mixin.py:190} INFO - [2026-07-01T13:58:54.733+0000] {dag.py:3239} INFO - Sync 1 DAGs
[2026-07-01T13:58:54.748+0000] {logging_mixin.py:190} INFO - [2026-07-01T13:58:54.748+0000] {dag.py:4180} INFO - Setting next_dagrun for urban_data_streaming_demo to None, run_after=None
[2026-07-01T13:58:54.772+0000] {processor.py:208} INFO - Processing /opt/airflow/dags/urban_data_streaming_dag.py took 0.179 seconds
[2026-07-01T13:59:25.322+0000] {processor.py:186} INFO - Started process (PID=2611) to work on /opt/airflow/dags/urban_data_streaming_dag.py
[2026-07-01T13:59:25.323+0000] {processor.py:914} INFO - Processing file /opt/airflow/dags/urban_data_streaming_dag.py for tasks to queue
[2026-07-01T13:59:25.326+0000] {logging_mixin.py:190} INFO - [2026-07-01T13:59:25.326+0000] {dagbag.py:588} INFO - Filling up the DagBag from /opt/airflow/dags/urban_data_streaming_dag.py
[2026-07-01T13:59:25.360+0000] {processor.py:925} INFO - DAG(s) 'urban_data_streaming_demo' retrieved from /opt/airflow/dags/urban_data_streaming_dag.py
[2026-07-01T13:59:25.406+0000] {logging_mixin.py:190} INFO - [2026-07-01T13:59:25.406+0000] {dag.py:3239} INFO - Sync 1 DAGs
[2026-07-01T13:59:25.423+0000] {logging_mixin.py:190} INFO - [2026-07-01T13:59:25.423+0000] {dag.py:4180} INFO - Setting next_dagrun for urban_data_streaming_demo to None, run_after=None
[2026-07-01T13:59:25.449+0000] {processor.py:208} INFO - Processing /opt/airflow/dags/urban_data_streaming_dag.py took 0.136 seconds
[2026-07-01T13:59:56.207+0000] {processor.py:186} INFO - Started process (PID=2622) to work on /opt/airflow/dags/urban_data_streaming_dag.py
[2026-07-01T13:59:56.208+0000] {processor.py:914} INFO - Processing file /opt/airflow/dags/urban_data_streaming_dag.py for tasks to queue
[2026-07-01T13:59:56.212+0000] {logging_mixin.py:190} INFO - [2026-07-01T13:59:56.212+0000] {dagbag.py:588} INFO - Filling up the DagBag from /opt/airflow/dags/urban_data_streaming_dag.py
[2026-07-01T13:59:56.246+0000] {processor.py:925} INFO - DAG(s) 'urban_data_streaming_demo' retrieved from /opt/airflow/dags/urban_data_streaming_dag.py
[2026-07-01T13:59:56.284+0000] {logging_mixin.py:190} INFO - [2026-07-01T13:59:56.283+0000] {dag.py:3239} INFO - Sync 1 DAGs
[2026-07-01T13:59:56.300+0000] {logging_mixin.py:190} INFO - [2026-07-01T13:59:56.300+0000] {dag.py:4180} INFO - Setting next_dagrun for urban_data_streaming_demo to None, run_after=None
[2026-07-01T13:59:56.328+0000] {processor.py:208} INFO - Processing /opt/airflow/dags/urban_data_streaming_dag.py took 0.127 seconds
[2026-07-01T14:00:26.945+0000] {processor.py:186} INFO - Started process (PID=2640) to work on /opt/airflow/dags/urban_data_streaming_dag.py
[2026-07-01T14:00:26.950+0000] {processor.py:914} INFO - Processing file /opt/airflow/dags/urban_data_streaming_dag.py for tasks to queue
[2026-07-01T14:00:26.961+0000] {logging_mixin.py:190} INFO - [2026-07-01T14:00:26.960+0000] {dagbag.py:588} INFO - Filling up the DagBag from /opt/airflow/dags/urban_data_streaming_dag.py
[2026-07-01T14:00:27.060+0000] {processor.py:925} INFO - DAG(s) 'urban_data_streaming_demo' retrieved from /opt/airflow/dags/urban_data_streaming_dag.py
[2026-07-01T14:00:27.151+0000] {logging_mixin.py:190} INFO - [2026-07-01T14:00:27.151+0000] {dag.py:3239} INFO - Sync 1 DAGs
[2026-07-01T14:00:27.177+0000] {logging_mixin.py:190} INFO - [2026-07-01T14:00:27.177+0000] {dag.py:4180} INFO - Setting next_dagrun for urban_data_streaming_demo to None, run_after=None
[2026-07-01T14:00:27.217+0000] {processor.py:208} INFO - Processing /opt/airflow/dags/urban_data_streaming_dag.py took 0.283 seconds
[2026-07-01T14:00:57.851+0000] {processor.py:186} INFO - Started process (PID=2658) to work on /opt/airflow/dags/urban_data_streaming_dag.py
[2026-07-01T14:00:57.853+0000] {processor.py:914} INFO - Processing file /opt/airflow/dags/urban_data_streaming_dag.py for tasks to queue
[2026-07-01T14:00:57.857+0000] {logging_mixin.py:190} INFO - [2026-07-01T14:00:57.856+0000] {dagbag.py:588} INFO - Filling up the DagBag from /opt/airflow/dags/urban_data_streaming_dag.py
[2026-07-01T14:00:57.882+0000] {processor.py:925} INFO - DAG(s) 'urban_data_streaming_demo' retrieved from /opt/airflow/dags/urban_data_streaming_dag.py
[2026-07-01T14:00:57.914+0000] {logging_mixin.py:190} INFO - [2026-07-01T14:00:57.914+0000] {dag.py:3239} INFO - Sync 1 DAGs
[2026-07-01T14:00:57.929+0000] {logging_mixin.py:190} INFO - [2026-07-01T14:00:57.929+0000] {dag.py:4180} INFO - Setting next_dagrun for urban_data_streaming_demo to None, run_after=None
[2026-07-01T14:00:57.953+0000] {processor.py:208} INFO - Processing /opt/airflow/dags/urban_data_streaming_dag.py took 0.110 seconds
[2026-07-01T14:01:28.542+0000] {processor.py:186} INFO - Started process (PID=2676) to work on /opt/airflow/dags/urban_data_streaming_dag.py
[2026-07-01T14:01:28.543+0000] {processor.py:914} INFO - Processing file /opt/airflow/dags/urban_data_streaming_dag.py for tasks to queue
[2026-07-01T14:01:28.553+0000] {logging_mixin.py:190} INFO - [2026-07-01T14:01:28.552+0000] {dagbag.py:588} INFO - Filling up the DagBag from /opt/airflow/dags/urban_data_streaming_dag.py
[2026-07-01T14:01:28.591+0000] {processor.py:925} INFO - DAG(s) 'urban_data_streaming_demo' retrieved from /opt/airflow/dags/urban_data_streaming_dag.py
[2026-07-01T14:01:28.643+0000] {logging_mixin.py:190} INFO - [2026-07-01T14:01:28.643+0000] {dag.py:3239} INFO - Sync 1 DAGs
[2026-07-01T14:01:28.660+0000] {logging_mixin.py:190} INFO - [2026-07-01T14:01:28.659+0000] {dag.py:4180} INFO - Setting next_dagrun for urban_data_streaming_demo to None, run_after=None
[2026-07-01T14:01:28.686+0000] {processor.py:208} INFO - Processing /opt/airflow/dags/urban_data_streaming_dag.py took 0.153 seconds
[2026-07-01T14:01:59.269+0000] {processor.py:186} INFO - Started process (PID=2694) to work on /opt/airflow/dags/urban_data_streaming_dag.py
[2026-07-01T14:01:59.271+0000] {processor.py:914} INFO - Processing file /opt/airflow/dags/urban_data_streaming_dag.py for tasks to queue
[2026-07-01T14:01:59.273+0000] {logging_mixin.py:190} INFO - [2026-07-01T14:01:59.273+0000] {dagbag.py:588} INFO - Filling up the DagBag from /opt/airflow/dags/urban_data_streaming_dag.py
[2026-07-01T14:01:59.299+0000] {processor.py:925} INFO - DAG(s) 'urban_data_streaming_demo' retrieved from /opt/airflow/dags/urban_data_streaming_dag.py
[2026-07-01T14:01:59.333+0000] {logging_mixin.py:190} INFO - [2026-07-01T14:01:59.333+0000] {dag.py:3239} INFO - Sync 1 DAGs
[2026-07-01T14:01:59.354+0000] {logging_mixin.py:190} INFO - [2026-07-01T14:01:59.354+0000] {dag.py:4180} INFO - Setting next_dagrun for urban_data_streaming_demo to None, run_after=None
[2026-07-01T14:01:59.379+0000] {processor.py:208} INFO - Processing /opt/airflow/dags/urban_data_streaming_dag.py took 0.117 seconds
[2026-07-01T14:02:30.108+0000] {processor.py:186} INFO - Started process (PID=2712) to work on /opt/airflow/dags/urban_data_streaming_dag.py
[2026-07-01T14:02:30.110+0000] {processor.py:914} INFO - Processing file /opt/airflow/dags/urban_data_streaming_dag.py for tasks to queue
[2026-07-01T14:02:30.116+0000] {logging_mixin.py:190} INFO - [2026-07-01T14:02:30.115+0000] {dagbag.py:588} INFO - Filling up the DagBag from /opt/airflow/dags/urban_data_streaming_dag.py
[2026-07-01T14:02:30.155+0000] {processor.py:925} INFO - DAG(s) 'urban_data_streaming_demo' retrieved from /opt/airflow/dags/urban_data_streaming_dag.py
[2026-07-01T14:02:30.192+0000] {logging_mixin.py:190} INFO - [2026-07-01T14:02:30.191+0000] {dag.py:3239} INFO - Sync 1 DAGs
[2026-07-01T14:02:30.208+0000] {logging_mixin.py:190} INFO - [2026-07-01T14:02:30.208+0000] {dag.py:4180} INFO - Setting next_dagrun for urban_data_streaming_demo to None, run_after=None
[2026-07-01T14:02:30.232+0000] {processor.py:208} INFO - Processing /opt/airflow/dags/urban_data_streaming_dag.py took 0.132 seconds
[2026-07-01T14:03:00.360+0000] {processor.py:186} INFO - Started process (PID=2730) to work on /opt/airflow/dags/urban_data_streaming_dag.py
[2026-07-01T14:03:00.362+0000] {processor.py:914} INFO - Processing file /opt/airflow/dags/urban_data_streaming_dag.py for tasks to queue
[2026-07-01T14:03:00.366+0000] {logging_mixin.py:190} INFO - [2026-07-01T14:03:00.366+0000] {dagbag.py:588} INFO - Filling up the DagBag from /opt/airflow/dags/urban_data_streaming_dag.py
[2026-07-01T14:03:00.390+0000] {processor.py:925} INFO - DAG(s) 'urban_data_streaming_demo' retrieved from /opt/airflow/dags/urban_data_streaming_dag.py
[2026-07-01T14:03:00.425+0000] {logging_mixin.py:190} INFO - [2026-07-01T14:03:00.425+0000] {dag.py:3239} INFO - Sync 1 DAGs
[2026-07-01T14:03:00.441+0000] {logging_mixin.py:190} INFO - [2026-07-01T14:03:00.441+0000] {dag.py:4180} INFO - Setting next_dagrun for urban_data_streaming_demo to None, run_after=None
[2026-07-01T14:03:00.466+0000] {processor.py:208} INFO - Processing /opt/airflow/dags/urban_data_streaming_dag.py took 0.116 seconds
[2026-07-01T14:03:31.022+0000] {processor.py:186} INFO - Started process (PID=2748) to work on /opt/airflow/dags/urban_data_streaming_dag.py
[2026-07-01T14:03:31.023+0000] {processor.py:914} INFO - Processing file /opt/airflow/dags/urban_data_streaming_dag.py for tasks to queue
[2026-07-01T14:03:31.025+0000] {logging_mixin.py:190} INFO - [2026-07-01T14:03:31.024+0000] {dagbag.py:588} INFO - Filling up the DagBag from /opt/airflow/dags/urban_data_streaming_dag.py
[2026-07-01T14:03:31.039+0000] {processor.py:925} INFO - DAG(s) 'urban_data_streaming_demo' retrieved from /opt/airflow/dags/urban_data_streaming_dag.py
[2026-07-01T14:03:31.063+0000] {logging_mixin.py:190} INFO - [2026-07-01T14:03:31.063+0000] {dag.py:3239} INFO - Sync 1 DAGs
[2026-07-01T14:03:31.074+0000] {logging_mixin.py:190} INFO - [2026-07-01T14:03:31.073+0000] {dag.py:4180} INFO - Setting next_dagrun for urban_data_streaming_demo to None, run_after=None
[2026-07-01T14:03:31.094+0000] {processor.py:208} INFO - Processing /opt/airflow/dags/urban_data_streaming_dag.py took 0.076 seconds
[2026-07-01T14:04:01.287+0000] {processor.py:186} INFO - Started process (PID=2766) to work on /opt/airflow/dags/urban_data_streaming_dag.py
[2026-07-01T14:04:01.289+0000] {processor.py:914} INFO - Processing file /opt/airflow/dags/urban_data_streaming_dag.py for tasks to queue
[2026-07-01T14:04:01.294+0000] {logging_mixin.py:190} INFO - [2026-07-01T14:04:01.294+0000] {dagbag.py:588} INFO - Filling up the DagBag from /opt/airflow/dags/urban_data_streaming_dag.py
[2026-07-01T14:04:01.331+0000] {processor.py:925} INFO - DAG(s) 'urban_data_streaming_demo' retrieved from /opt/airflow/dags/urban_data_streaming_dag.py
[2026-07-01T14:04:01.368+0000] {logging_mixin.py:190} INFO - [2026-07-01T14:04:01.368+0000] {dag.py:3239} INFO - Sync 1 DAGs
[2026-07-01T14:04:01.382+0000] {logging_mixin.py:190} INFO - [2026-07-01T14:04:01.382+0000] {dag.py:4180} INFO - Setting next_dagrun for urban_data_streaming_demo to None, run_after=None
[2026-07-01T14:04:01.403+0000] {processor.py:208} INFO - Processing /opt/airflow/dags/urban_data_streaming_dag.py took 0.126 seconds
[2026-07-01T14:04:32.061+0000] {processor.py:186} INFO - Started process (PID=2783) to work on /opt/airflow/dags/urban_data_streaming_dag.py
[2026-07-01T14:04:32.062+0000] {processor.py:914} INFO - Processing file /opt/airflow/dags/urban_data_streaming_dag.py for tasks to queue
[2026-07-01T14:04:32.066+0000] {logging_mixin.py:190} INFO - [2026-07-01T14:04:32.065+0000] {dagbag.py:588} INFO - Filling up the DagBag from /opt/airflow/dags/urban_data_streaming_dag.py
[2026-07-01T14:04:32.163+0000] {processor.py:925} INFO - DAG(s) 'urban_data_streaming_demo' retrieved from /opt/airflow/dags/urban_data_streaming_dag.py
[2026-07-01T14:04:32.234+0000] {logging_mixin.py:190} INFO - [2026-07-01T14:04:32.234+0000] {dag.py:3239} INFO - Sync 1 DAGs
[2026-07-01T14:04:32.254+0000] {logging_mixin.py:190} INFO - [2026-07-01T14:04:32.254+0000] {dag.py:4180} INFO - Setting next_dagrun for urban_data_streaming_demo to None, run_after=None
[2026-07-01T14:04:32.281+0000] {processor.py:208} INFO - Processing /opt/airflow/dags/urban_data_streaming_dag.py took 0.227 seconds
[2026-07-01T14:05:02.543+0000] {processor.py:186} INFO - Started process (PID=2794) to work on /opt/airflow/dags/urban_data_streaming_dag.py
[2026-07-01T14:05:02.544+0000] {processor.py:914} INFO - Processing file /opt/airflow/dags/urban_data_streaming_dag.py for tasks to queue
[2026-07-01T14:05:02.548+0000] {logging_mixin.py:190} INFO - [2026-07-01T14:05:02.547+0000] {dagbag.py:588} INFO - Filling up the DagBag from /opt/airflow/dags/urban_data_streaming_dag.py
[2026-07-01T14:05:02.573+0000] {processor.py:925} INFO - DAG(s) 'urban_data_streaming_demo' retrieved from /opt/airflow/dags/urban_data_streaming_dag.py
[2026-07-01T14:05:02.607+0000] {logging_mixin.py:190} INFO - [2026-07-01T14:05:02.606+0000] {dag.py:3239} INFO - Sync 1 DAGs
[2026-07-01T14:05:02.627+0000] {logging_mixin.py:190} INFO - [2026-07-01T14:05:02.627+0000] {dag.py:4180} INFO - Setting next_dagrun for urban_data_streaming_demo to None, run_after=None
[2026-07-01T14:05:02.668+0000] {processor.py:208} INFO - Processing /opt/airflow/dags/urban_data_streaming_dag.py took 0.132 seconds
[2026-07-01T14:05:33.404+0000] {processor.py:186} INFO - Started process (PID=2812) to work on /opt/airflow/dags/urban_data_streaming_dag.py
[2026-07-01T14:05:33.405+0000] {processor.py:914} INFO - Processing file /opt/airflow/dags/urban_data_streaming_dag.py for tasks to queue
[2026-07-01T14:05:33.408+0000] {logging_mixin.py:190} INFO - [2026-07-01T14:05:33.408+0000] {dagbag.py:588} INFO - Filling up the DagBag from /opt/airflow/dags/urban_data_streaming_dag.py
[2026-07-01T14:05:33.438+0000] {processor.py:925} INFO - DAG(s) 'urban_data_streaming_demo' retrieved from /opt/airflow/dags/urban_data_streaming_dag.py
[2026-07-01T14:05:33.480+0000] {logging_mixin.py:190} INFO - [2026-07-01T14:05:33.479+0000] {dag.py:3239} INFO - Sync 1 DAGs
[2026-07-01T14:05:33.498+0000] {logging_mixin.py:190} INFO - [2026-07-01T14:05:33.498+0000] {dag.py:4180} INFO - Setting next_dagrun for urban_data_streaming_demo to None, run_after=None
[2026-07-01T14:05:33.531+0000] {processor.py:208} INFO - Processing /opt/airflow/dags/urban_data_streaming_dag.py took 0.137 seconds
[2026-07-01T14:06:04.210+0000] {processor.py:186} INFO - Started process (PID=2830) to work on /opt/airflow/dags/urban_data_streaming_dag.py
[2026-07-01T14:06:04.213+0000] {processor.py:914} INFO - Processing file /opt/airflow/dags/urban_data_streaming_dag.py for tasks to queue
[2026-07-01T14:06:04.218+0000] {logging_mixin.py:190} INFO - [2026-07-01T14:06:04.217+0000] {dagbag.py:588} INFO - Filling up the DagBag from /opt/airflow/dags/urban_data_streaming_dag.py
[2026-07-01T14:06:04.261+0000] {processor.py:925} INFO - DAG(s) 'urban_data_streaming_demo' retrieved from /opt/airflow/dags/urban_data_streaming_dag.py
[2026-07-01T14:06:04.300+0000] {logging_mixin.py:190} INFO - [2026-07-01T14:06:04.300+0000] {dag.py:3239} INFO - Sync 1 DAGs
[2026-07-01T14:06:04.315+0000] {logging_mixin.py:190} INFO - [2026-07-01T14:06:04.315+0000] {dag.py:4180} INFO - Setting next_dagrun for urban_data_streaming_demo to None, run_after=None
[2026-07-01T14:06:04.338+0000] {processor.py:208} INFO - Processing /opt/airflow/dags/urban_data_streaming_dag.py took 0.141 seconds
[2026-07-01T14:06:35.081+0000] {processor.py:186} INFO - Started process (PID=2848) to work on /opt/airflow/dags/urban_data_streaming_dag.py
[2026-07-01T14:06:35.082+0000] {processor.py:914} INFO - Processing file /opt/airflow/dags/urban_data_streaming_dag.py for tasks to queue
[2026-07-01T14:06:35.085+0000] {logging_mixin.py:190} INFO - [2026-07-01T14:06:35.085+0000] {dagbag.py:588} INFO - Filling up the DagBag from /opt/airflow/dags/urban_data_streaming_dag.py
[2026-07-01T14:06:35.110+0000] {processor.py:925} INFO - DAG(s) 'urban_data_streaming_demo' retrieved from /opt/airflow/dags/urban_data_streaming_dag.py
[2026-07-01T14:06:35.141+0000] {logging_mixin.py:190} INFO - [2026-07-01T14:06:35.141+0000] {dag.py:3239} INFO - Sync 1 DAGs
[2026-07-01T14:06:35.155+0000] {logging_mixin.py:190} INFO - [2026-07-01T14:06:35.155+0000] {dag.py:4180} INFO - Setting next_dagrun for urban_data_streaming_demo to None, run_after=None
[2026-07-01T14:06:35.185+0000] {processor.py:208} INFO - Processing /opt/airflow/dags/urban_data_streaming_dag.py took 0.111 seconds
[2026-07-01T14:07:05.353+0000] {processor.py:186} INFO - Started process (PID=2866) to work on /opt/airflow/dags/urban_data_streaming_dag.py
[2026-07-01T14:07:05.355+0000] {processor.py:914} INFO - Processing file /opt/airflow/dags/urban_data_streaming_dag.py for tasks to queue
[2026-07-01T14:07:05.360+0000] {logging_mixin.py:190} INFO - [2026-07-01T14:07:05.359+0000] {dagbag.py:588} INFO - Filling up the DagBag from /opt/airflow/dags/urban_data_streaming_dag.py
[2026-07-01T14:07:05.397+0000] {processor.py:925} INFO - DAG(s) 'urban_data_streaming_demo' retrieved from /opt/airflow/dags/urban_data_streaming_dag.py
[2026-07-01T14:07:05.431+0000] {logging_mixin.py:190} INFO - [2026-07-01T14:07:05.431+0000] {dag.py:3239} INFO - Sync 1 DAGs
[2026-07-01T14:07:05.446+0000] {logging_mixin.py:190} INFO - [2026-07-01T14:07:05.446+0000] {dag.py:4180} INFO - Setting next_dagrun for urban_data_streaming_demo to None, run_after=None
[2026-07-01T14:07:05.470+0000] {processor.py:208} INFO - Processing /opt/airflow/dags/urban_data_streaming_dag.py took 0.129 seconds
[2026-07-01T14:07:36.223+0000] {processor.py:186} INFO - Started process (PID=2884) to work on /opt/airflow/dags/urban_data_streaming_dag.py
[2026-07-01T14:07:36.225+0000] {processor.py:914} INFO - Processing file /opt/airflow/dags/urban_data_streaming_dag.py for tasks to queue
[2026-07-01T14:07:36.228+0000] {logging_mixin.py:190} INFO - [2026-07-01T14:07:36.228+0000] {dagbag.py:588} INFO - Filling up the DagBag from /opt/airflow/dags/urban_data_streaming_dag.py
[2026-07-01T14:07:36.254+0000] {processor.py:925} INFO - DAG(s) 'urban_data_streaming_demo' retrieved from /opt/airflow/dags/urban_data_streaming_dag.py
[2026-07-01T14:07:36.287+0000] {logging_mixin.py:190} INFO - [2026-07-01T14:07:36.286+0000] {dag.py:3239} INFO - Sync 1 DAGs
[2026-07-01T14:07:36.310+0000] {logging_mixin.py:190} INFO - [2026-07-01T14:07:36.310+0000] {dag.py:4180} INFO - Setting next_dagrun for urban_data_streaming_demo to None, run_after=None
[2026-07-01T14:07:36.335+0000] {processor.py:208} INFO - Processing /opt/airflow/dags/urban_data_streaming_dag.py took 0.118 seconds
[2026-07-01T14:08:06.915+0000] {processor.py:186} INFO - Started process (PID=2902) to work on /opt/airflow/dags/urban_data_streaming_dag.py
[2026-07-01T14:08:06.916+0000] {processor.py:914} INFO - Processing file /opt/airflow/dags/urban_data_streaming_dag.py for tasks to queue
[2026-07-01T14:08:06.920+0000] {logging_mixin.py:190} INFO - [2026-07-01T14:08:06.919+0000] {dagbag.py:588} INFO - Filling up the DagBag from /opt/airflow/dags/urban_data_streaming_dag.py
[2026-07-01T14:08:06.947+0000] {processor.py:925} INFO - DAG(s) 'urban_data_streaming_demo' retrieved from /opt/airflow/dags/urban_data_streaming_dag.py
[2026-07-01T14:08:06.983+0000] {logging_mixin.py:190} INFO - [2026-07-01T14:08:06.983+0000] {dag.py:3239} INFO - Sync 1 DAGs
[2026-07-01T14:08:06.999+0000] {logging_mixin.py:190} INFO - [2026-07-01T14:08:06.999+0000] {dag.py:4180} INFO - Setting next_dagrun for urban_data_streaming_demo to None, run_after=None
[2026-07-01T14:08:07.022+0000] {processor.py:208} INFO - Processing /opt/airflow/dags/urban_data_streaming_dag.py took 0.115 seconds
[2026-07-01T14:08:37.597+0000] {processor.py:186} INFO - Started process (PID=2920) to work on /opt/airflow/dags/urban_data_streaming_dag.py
[2026-07-01T14:08:37.598+0000] {processor.py:914} INFO - Processing file /opt/airflow/dags/urban_data_streaming_dag.py for tasks to queue
[2026-07-01T14:08:37.601+0000] {logging_mixin.py:190} INFO - [2026-07-01T14:08:37.600+0000] {dagbag.py:588} INFO - Filling up the DagBag from /opt/airflow/dags/urban_data_streaming_dag.py
[2026-07-01T14:08:37.623+0000] {processor.py:925} INFO - DAG(s) 'urban_data_streaming_demo' retrieved from /opt/airflow/dags/urban_data_streaming_dag.py
[2026-07-01T14:08:37.657+0000] {logging_mixin.py:190} INFO - [2026-07-01T14:08:37.657+0000] {dag.py:3239} INFO - Sync 1 DAGs
[2026-07-01T14:08:37.673+0000] {logging_mixin.py:190} INFO - [2026-07-01T14:08:37.672+0000] {dag.py:4180} INFO - Setting next_dagrun for urban_data_streaming_demo to None, run_after=None
[2026-07-01T14:08:37.698+0000] {processor.py:208} INFO - Processing /opt/airflow/dags/urban_data_streaming_dag.py took 0.107 seconds
[2026-07-01T14:09:08.323+0000] {processor.py:186} INFO - Started process (PID=2938) to work on /opt/airflow/dags/urban_data_streaming_dag.py
[2026-07-01T14:09:08.325+0000] {processor.py:914} INFO - Processing file /opt/airflow/dags/urban_data_streaming_dag.py for tasks to queue
[2026-07-01T14:09:08.328+0000] {logging_mixin.py:190} INFO - [2026-07-01T14:09:08.328+0000] {dagbag.py:588} INFO - Filling up the DagBag from /opt/airflow/dags/urban_data_streaming_dag.py
[2026-07-01T14:09:08.369+0000] {processor.py:925} INFO - DAG(s) 'urban_data_streaming_demo' retrieved from /opt/airflow/dags/urban_data_streaming_dag.py
[2026-07-01T14:09:08.400+0000] {logging_mixin.py:190} INFO - [2026-07-01T14:09:08.400+0000] {dag.py:3239} INFO - Sync 1 DAGs
[2026-07-01T14:09:08.415+0000] {logging_mixin.py:190} INFO - [2026-07-01T14:09:08.415+0000] {dag.py:4180} INFO - Setting next_dagrun for urban_data_streaming_demo to None, run_after=None
[2026-07-01T14:09:08.439+0000] {processor.py:208} INFO - Processing /opt/airflow/dags/urban_data_streaming_dag.py took 0.124 seconds
[2026-07-01T14:09:39.126+0000] {processor.py:186} INFO - Started process (PID=2956) to work on /opt/airflow/dags/urban_data_streaming_dag.py
[2026-07-01T14:09:39.128+0000] {processor.py:914} INFO - Processing file /opt/airflow/dags/urban_data_streaming_dag.py for tasks to queue
[2026-07-01T14:09:39.131+0000] {logging_mixin.py:190} INFO - [2026-07-01T14:09:39.131+0000] {dagbag.py:588} INFO - Filling up the DagBag from /opt/airflow/dags/urban_data_streaming_dag.py
[2026-07-01T14:09:39.162+0000] {processor.py:925} INFO - DAG(s) 'urban_data_streaming_demo' retrieved from /opt/airflow/dags/urban_data_streaming_dag.py
[2026-07-01T14:09:39.206+0000] {logging_mixin.py:190} INFO - [2026-07-01T14:09:39.206+0000] {dag.py:3239} INFO - Sync 1 DAGs
[2026-07-01T14:09:39.228+0000] {logging_mixin.py:190} INFO - [2026-07-01T14:09:39.227+0000] {dag.py:4180} INFO - Setting next_dagrun for urban_data_streaming_demo to None, run_after=None
[2026-07-01T14:09:39.258+0000] {processor.py:208} INFO - Processing /opt/airflow/dags/urban_data_streaming_dag.py took 0.138 seconds
[2026-07-01T14:10:09.954+0000] {processor.py:186} INFO - Started process (PID=2967) to work on /opt/airflow/dags/urban_data_streaming_dag.py
[2026-07-01T14:10:09.956+0000] {processor.py:914} INFO - Processing file /opt/airflow/dags/urban_data_streaming_dag.py for tasks to queue
[2026-07-01T14:10:09.958+0000] {logging_mixin.py:190} INFO - [2026-07-01T14:10:09.958+0000] {dagbag.py:588} INFO - Filling up the DagBag from /opt/airflow/dags/urban_data_streaming_dag.py
[2026-07-01T14:10:09.985+0000] {processor.py:925} INFO - DAG(s) 'urban_data_streaming_demo' retrieved from /opt/airflow/dags/urban_data_streaming_dag.py
[2026-07-01T14:10:10.023+0000] {logging_mixin.py:190} INFO - [2026-07-01T14:10:10.022+0000] {dag.py:3239} INFO - Sync 1 DAGs
[2026-07-01T14:10:10.041+0000] {logging_mixin.py:190} INFO - [2026-07-01T14:10:10.040+0000] {dag.py:4180} INFO - Setting next_dagrun for urban_data_streaming_demo to None, run_after=None
[2026-07-01T14:10:10.066+0000] {processor.py:208} INFO - Processing /opt/airflow/dags/urban_data_streaming_dag.py took 0.121 seconds
[2026-07-01T14:10:40.794+0000] {processor.py:186} INFO - Started process (PID=2985) to work on /opt/airflow/dags/urban_data_streaming_dag.py
[2026-07-01T14:10:40.798+0000] {processor.py:914} INFO - Processing file /opt/airflow/dags/urban_data_streaming_dag.py for tasks to queue
[2026-07-01T14:10:40.806+0000] {logging_mixin.py:190} INFO - [2026-07-01T14:10:40.805+0000] {dagbag.py:588} INFO - Filling up the DagBag from /opt/airflow/dags/urban_data_streaming_dag.py
[2026-07-01T14:10:40.913+0000] {processor.py:925} INFO - DAG(s) 'urban_data_streaming_demo' retrieved from /opt/airflow/dags/urban_data_streaming_dag.py
[2026-07-01T14:10:40.947+0000] {logging_mixin.py:190} INFO - [2026-07-01T14:10:40.947+0000] {dag.py:3239} INFO - Sync 1 DAGs
[2026-07-01T14:10:40.964+0000] {logging_mixin.py:190} INFO - [2026-07-01T14:10:40.963+0000] {dag.py:4180} INFO - Setting next_dagrun for urban_data_streaming_demo to None, run_after=None
[2026-07-01T14:10:40.998+0000] {processor.py:208} INFO - Processing /opt/airflow/dags/urban_data_streaming_dag.py took 0.236 seconds
[2026-07-01T14:11:11.667+0000] {processor.py:186} INFO - Started process (PID=3003) to work on /opt/airflow/dags/urban_data_streaming_dag.py
[2026-07-01T14:11:11.668+0000] {processor.py:914} INFO - Processing file /opt/airflow/dags/urban_data_streaming_dag.py for tasks to queue
[2026-07-01T14:11:11.671+0000] {logging_mixin.py:190} INFO - [2026-07-01T14:11:11.671+0000] {dagbag.py:588} INFO - Filling up the DagBag from /opt/airflow/dags/urban_data_streaming_dag.py
[2026-07-01T14:11:11.705+0000] {processor.py:925} INFO - DAG(s) 'urban_data_streaming_demo' retrieved from /opt/airflow/dags/urban_data_streaming_dag.py
[2026-07-01T14:11:11.745+0000] {logging_mixin.py:190} INFO - [2026-07-01T14:11:11.745+0000] {dag.py:3239} INFO - Sync 1 DAGs
[2026-07-01T14:11:11.758+0000] {logging_mixin.py:190} INFO - [2026-07-01T14:11:11.758+0000] {dag.py:4180} INFO - Setting next_dagrun for urban_data_streaming_demo to None, run_after=None
[2026-07-01T14:11:11.790+0000] {processor.py:208} INFO - Processing /opt/airflow/dags/urban_data_streaming_dag.py took 0.131 seconds
[2026-07-01T14:11:42.113+0000] {processor.py:186} INFO - Started process (PID=3021) to work on /opt/airflow/dags/urban_data_streaming_dag.py
[2026-07-01T14:11:42.115+0000] {processor.py:914} INFO - Processing file /opt/airflow/dags/urban_data_streaming_dag.py for tasks to queue
[2026-07-01T14:11:42.120+0000] {logging_mixin.py:190} INFO - [2026-07-01T14:11:42.119+0000] {dagbag.py:588} INFO - Filling up the DagBag from /opt/airflow/dags/urban_data_streaming_dag.py
[2026-07-01T14:11:42.164+0000] {processor.py:925} INFO - DAG(s) 'urban_data_streaming_demo' retrieved from /opt/airflow/dags/urban_data_streaming_dag.py
[2026-07-01T14:11:42.200+0000] {logging_mixin.py:190} INFO - [2026-07-01T14:11:42.200+0000] {dag.py:3239} INFO - Sync 1 DAGs
[2026-07-01T14:11:42.215+0000] {logging_mixin.py:190} INFO - [2026-07-01T14:11:42.214+0000] {dag.py:4180} INFO - Setting next_dagrun for urban_data_streaming_demo to None, run_after=None
[2026-07-01T14:11:42.240+0000] {processor.py:208} INFO - Processing /opt/airflow/dags/urban_data_streaming_dag.py took 0.138 seconds
[2026-07-01T14:12:12.788+0000] {processor.py:186} INFO - Started process (PID=3039) to work on /opt/airflow/dags/urban_data_streaming_dag.py
[2026-07-01T14:12:12.790+0000] {processor.py:914} INFO - Processing file /opt/airflow/dags/urban_data_streaming_dag.py for tasks to queue
[2026-07-01T14:12:12.793+0000] {logging_mixin.py:190} INFO - [2026-07-01T14:12:12.793+0000] {dagbag.py:588} INFO - Filling up the DagBag from /opt/airflow/dags/urban_data_streaming_dag.py
[2026-07-01T14:12:12.828+0000] {processor.py:925} INFO - DAG(s) 'urban_data_streaming_demo' retrieved from /opt/airflow/dags/urban_data_streaming_dag.py
[2026-07-01T14:12:12.882+0000] {logging_mixin.py:190} INFO - [2026-07-01T14:12:12.882+0000] {dag.py:3239} INFO - Sync 1 DAGs
[2026-07-01T14:12:12.910+0000] {logging_mixin.py:190} INFO - [2026-07-01T14:12:12.909+0000] {dag.py:4180} INFO - Setting next_dagrun for urban_data_streaming_demo to None, run_after=None
[2026-07-01T14:12:12.943+0000] {processor.py:208} INFO - Processing /opt/airflow/dags/urban_data_streaming_dag.py took 0.163 seconds
[2026-07-01T14:12:43.504+0000] {processor.py:186} INFO - Started process (PID=3057) to work on /opt/airflow/dags/urban_data_streaming_dag.py
[2026-07-01T14:12:43.505+0000] {processor.py:914} INFO - Processing file /opt/airflow/dags/urban_data_streaming_dag.py for tasks to queue
[2026-07-01T14:12:43.508+0000] {logging_mixin.py:190} INFO - [2026-07-01T14:12:43.507+0000] {dagbag.py:588} INFO - Filling up the DagBag from /opt/airflow/dags/urban_data_streaming_dag.py
[2026-07-01T14:12:43.533+0000] {processor.py:925} INFO - DAG(s) 'urban_data_streaming_demo' retrieved from /opt/airflow/dags/urban_data_streaming_dag.py
[2026-07-01T14:12:43.570+0000] {logging_mixin.py:190} INFO - [2026-07-01T14:12:43.569+0000] {dag.py:3239} INFO - Sync 1 DAGs
[2026-07-01T14:12:43.587+0000] {logging_mixin.py:190} INFO - [2026-07-01T14:12:43.587+0000] {dag.py:4180} INFO - Setting next_dagrun for urban_data_streaming_demo to None, run_after=None
[2026-07-01T14:12:43.611+0000] {processor.py:208} INFO - Processing /opt/airflow/dags/urban_data_streaming_dag.py took 0.114 seconds
[2026-07-01T14:13:14.440+0000] {processor.py:186} INFO - Started process (PID=3075) to work on /opt/airflow/dags/urban_data_streaming_dag.py
[2026-07-01T14:13:14.443+0000] {processor.py:914} INFO - Processing file /opt/airflow/dags/urban_data_streaming_dag.py for tasks to queue
[2026-07-01T14:13:14.452+0000] {logging_mixin.py:190} INFO - [2026-07-01T14:13:14.450+0000] {dagbag.py:588} INFO - Filling up the DagBag from /opt/airflow/dags/urban_data_streaming_dag.py
[2026-07-01T14:13:14.536+0000] {processor.py:925} INFO - DAG(s) 'urban_data_streaming_demo' retrieved from /opt/airflow/dags/urban_data_streaming_dag.py
[2026-07-01T14:13:14.623+0000] {logging_mixin.py:190} INFO - [2026-07-01T14:13:14.622+0000] {dag.py:3239} INFO - Sync 1 DAGs
[2026-07-01T14:13:14.650+0000] {logging_mixin.py:190} INFO - [2026-07-01T14:13:14.649+0000] {dag.py:4180} INFO - Setting next_dagrun for urban_data_streaming_demo to None, run_after=None
[2026-07-01T14:13:14.709+0000] {processor.py:208} INFO - Processing /opt/airflow/dags/urban_data_streaming_dag.py took 0.284 seconds
[2026-07-01T14:13:45.336+0000] {processor.py:186} INFO - Started process (PID=3093) to work on /opt/airflow/dags/urban_data_streaming_dag.py
[2026-07-01T14:13:45.338+0000] {processor.py:914} INFO - Processing file /opt/airflow/dags/urban_data_streaming_dag.py for tasks to queue
[2026-07-01T14:13:45.343+0000] {logging_mixin.py:190} INFO - [2026-07-01T14:13:45.342+0000] {dagbag.py:588} INFO - Filling up the DagBag from /opt/airflow/dags/urban_data_streaming_dag.py
[2026-07-01T14:13:45.376+0000] {processor.py:925} INFO - DAG(s) 'urban_data_streaming_demo' retrieved from /opt/airflow/dags/urban_data_streaming_dag.py
[2026-07-01T14:13:45.416+0000] {logging_mixin.py:190} INFO - [2026-07-01T14:13:45.415+0000] {dag.py:3239} INFO - Sync 1 DAGs
[2026-07-01T14:13:45.433+0000] {logging_mixin.py:190} INFO - [2026-07-01T14:13:45.433+0000] {dag.py:4180} INFO - Setting next_dagrun for urban_data_streaming_demo to None, run_after=None
[2026-07-01T14:13:45.460+0000] {processor.py:208} INFO - Processing /opt/airflow/dags/urban_data_streaming_dag.py took 0.136 seconds
[2026-07-01T14:14:15.958+0000] {processor.py:186} INFO - Started process (PID=3111) to work on /opt/airflow/dags/urban_data_streaming_dag.py
[2026-07-01T14:14:15.962+0000] {processor.py:914} INFO - Processing file /opt/airflow/dags/urban_data_streaming_dag.py for tasks to queue
[2026-07-01T14:14:15.971+0000] {logging_mixin.py:190} INFO - [2026-07-01T14:14:15.971+0000] {dagbag.py:588} INFO - Filling up the DagBag from /opt/airflow/dags/urban_data_streaming_dag.py
[2026-07-01T14:14:16.022+0000] {processor.py:925} INFO - DAG(s) 'urban_data_streaming_demo' retrieved from /opt/airflow/dags/urban_data_streaming_dag.py
[2026-07-01T14:14:16.079+0000] {logging_mixin.py:190} INFO - [2026-07-01T14:14:16.079+0000] {dag.py:3239} INFO - Sync 1 DAGs
[2026-07-01T14:14:16.097+0000] {logging_mixin.py:190} INFO - [2026-07-01T14:14:16.096+0000] {dag.py:4180} INFO - Setting next_dagrun for urban_data_streaming_demo to None, run_after=None
[2026-07-01T14:14:16.121+0000] {processor.py:208} INFO - Processing /opt/airflow/dags/urban_data_streaming_dag.py took 0.171 seconds
[2026-07-01T14:14:46.232+0000] {processor.py:186} INFO - Started process (PID=3129) to work on /opt/airflow/dags/urban_data_streaming_dag.py
[2026-07-01T14:14:46.235+0000] {processor.py:914} INFO - Processing file /opt/airflow/dags/urban_data_streaming_dag.py for tasks to queue
[2026-07-01T14:14:46.246+0000] {logging_mixin.py:190} INFO - [2026-07-01T14:14:46.245+0000] {dagbag.py:588} INFO - Filling up the DagBag from /opt/airflow/dags/urban_data_streaming_dag.py
[2026-07-01T14:14:46.324+0000] {processor.py:925} INFO - DAG(s) 'urban_data_streaming_demo' retrieved from /opt/airflow/dags/urban_data_streaming_dag.py
[2026-07-01T14:14:46.367+0000] {logging_mixin.py:190} INFO - [2026-07-01T14:14:46.366+0000] {dag.py:3239} INFO - Sync 1 DAGs
[2026-07-01T14:14:46.383+0000] {logging_mixin.py:190} INFO - [2026-07-01T14:14:46.383+0000] {dag.py:4180} INFO - Setting next_dagrun for urban_data_streaming_demo to None, run_after=None
[2026-07-01T14:14:46.416+0000] {processor.py:208} INFO - Processing /opt/airflow/dags/urban_data_streaming_dag.py took 0.192 seconds
[2026-07-01T14:15:16.801+0000] {processor.py:186} INFO - Started process (PID=3141) to work on /opt/airflow/dags/urban_data_streaming_dag.py
[2026-07-01T14:15:16.803+0000] {processor.py:914} INFO - Processing file /opt/airflow/dags/urban_data_streaming_dag.py for tasks to queue
[2026-07-01T14:15:16.809+0000] {logging_mixin.py:190} INFO - [2026-07-01T14:15:16.807+0000] {dagbag.py:588} INFO - Filling up the DagBag from /opt/airflow/dags/urban_data_streaming_dag.py
[2026-07-01T14:15:16.847+0000] {processor.py:925} INFO - DAG(s) 'urban_data_streaming_demo' retrieved from /opt/airflow/dags/urban_data_streaming_dag.py
[2026-07-01T14:15:16.888+0000] {logging_mixin.py:190} INFO - [2026-07-01T14:15:16.888+0000] {dag.py:3239} INFO - Sync 1 DAGs
[2026-07-01T14:15:16.912+0000] {logging_mixin.py:190} INFO - [2026-07-01T14:15:16.912+0000] {dag.py:4180} INFO - Setting next_dagrun for urban_data_streaming_demo to None, run_after=None
[2026-07-01T14:15:16.946+0000] {processor.py:208} INFO - Processing /opt/airflow/dags/urban_data_streaming_dag.py took 0.156 seconds
[2026-07-01T14:15:47.495+0000] {processor.py:186} INFO - Started process (PID=3152) to work on /opt/airflow/dags/urban_data_streaming_dag.py
[2026-07-01T14:15:47.496+0000] {processor.py:914} INFO - Processing file /opt/airflow/dags/urban_data_streaming_dag.py for tasks to queue
[2026-07-01T14:15:47.499+0000] {logging_mixin.py:190} INFO - [2026-07-01T14:15:47.498+0000] {dagbag.py:588} INFO - Filling up the DagBag from /opt/airflow/dags/urban_data_streaming_dag.py
[2026-07-01T14:15:47.531+0000] {processor.py:925} INFO - DAG(s) 'urban_data_streaming_demo' retrieved from /opt/airflow/dags/urban_data_streaming_dag.py
[2026-07-01T14:15:47.565+0000] {logging_mixin.py:190} INFO - [2026-07-01T14:15:47.565+0000] {dag.py:3239} INFO - Sync 1 DAGs
[2026-07-01T14:15:47.580+0000] {logging_mixin.py:190} INFO - [2026-07-01T14:15:47.579+0000] {dag.py:4180} INFO - Setting next_dagrun for urban_data_streaming_demo to None, run_after=None
[2026-07-01T14:15:47.603+0000] {processor.py:208} INFO - Processing /opt/airflow/dags/urban_data_streaming_dag.py took 0.114 seconds
[2026-07-01T14:16:18.235+0000] {processor.py:186} INFO - Started process (PID=3170) to work on /opt/airflow/dags/urban_data_streaming_dag.py
[2026-07-01T14:16:18.238+0000] {processor.py:914} INFO - Processing file /opt/airflow/dags/urban_data_streaming_dag.py for tasks to queue
[2026-07-01T14:16:18.243+0000] {logging_mixin.py:190} INFO - [2026-07-01T14:16:18.242+0000] {dagbag.py:588} INFO - Filling up the DagBag from /opt/airflow/dags/urban_data_streaming_dag.py
[2026-07-01T14:16:18.290+0000] {processor.py:925} INFO - DAG(s) 'urban_data_streaming_demo' retrieved from /opt/airflow/dags/urban_data_streaming_dag.py
[2026-07-01T14:16:18.331+0000] {logging_mixin.py:190} INFO - [2026-07-01T14:16:18.331+0000] {dag.py:3239} INFO - Sync 1 DAGs
[2026-07-01T14:16:18.347+0000] {logging_mixin.py:190} INFO - [2026-07-01T14:16:18.347+0000] {dag.py:4180} INFO - Setting next_dagrun for urban_data_streaming_demo to None, run_after=None
[2026-07-01T14:16:18.371+0000] {processor.py:208} INFO - Processing /opt/airflow/dags/urban_data_streaming_dag.py took 0.152 seconds
[2026-07-01T14:16:49.100+0000] {processor.py:186} INFO - Started process (PID=3188) to work on /opt/airflow/dags/urban_data_streaming_dag.py
[2026-07-01T14:16:49.104+0000] {processor.py:914} INFO - Processing file /opt/airflow/dags/urban_data_streaming_dag.py for tasks to queue
[2026-07-01T14:16:49.111+0000] {logging_mixin.py:190} INFO - [2026-07-01T14:16:49.110+0000] {dagbag.py:588} INFO - Filling up the DagBag from /opt/airflow/dags/urban_data_streaming_dag.py
[2026-07-01T14:16:49.158+0000] {processor.py:925} INFO - DAG(s) 'urban_data_streaming_demo' retrieved from /opt/airflow/dags/urban_data_streaming_dag.py
[2026-07-01T14:16:49.193+0000] {logging_mixin.py:190} INFO - [2026-07-01T14:16:49.192+0000] {dag.py:3239} INFO - Sync 1 DAGs
[2026-07-01T14:16:49.208+0000] {logging_mixin.py:190} INFO - [2026-07-01T14:16:49.208+0000] {dag.py:4180} INFO - Setting next_dagrun for urban_data_streaming_demo to None, run_after=None
[2026-07-01T14:16:49.230+0000] {processor.py:208} INFO - Processing /opt/airflow/dags/urban_data_streaming_dag.py took 0.150 seconds
[2026-07-01T14:17:20.047+0000] {processor.py:186} INFO - Started process (PID=3206) to work on /opt/airflow/dags/urban_data_streaming_dag.py
[2026-07-01T14:17:20.051+0000] {processor.py:914} INFO - Processing file /opt/airflow/dags/urban_data_streaming_dag.py for tasks to queue
[2026-07-01T14:17:20.056+0000] {logging_mixin.py:190} INFO - [2026-07-01T14:17:20.055+0000] {dagbag.py:588} INFO - Filling up the DagBag from /opt/airflow/dags/urban_data_streaming_dag.py
[2026-07-01T14:17:20.106+0000] {processor.py:925} INFO - DAG(s) 'urban_data_streaming_demo' retrieved from /opt/airflow/dags/urban_data_streaming_dag.py
[2026-07-01T14:17:20.141+0000] {logging_mixin.py:190} INFO - [2026-07-01T14:17:20.141+0000] {dag.py:3239} INFO - Sync 1 DAGs
[2026-07-01T14:17:20.159+0000] {logging_mixin.py:190} INFO - [2026-07-01T14:17:20.159+0000] {dag.py:4180} INFO - Setting next_dagrun for urban_data_streaming_demo to None, run_after=None
[2026-07-01T14:17:20.199+0000] {processor.py:208} INFO - Processing /opt/airflow/dags/urban_data_streaming_dag.py took 0.169 seconds
[2026-07-01T14:17:50.802+0000] {processor.py:186} INFO - Started process (PID=3224) to work on /opt/airflow/dags/urban_data_streaming_dag.py
[2026-07-01T14:17:50.804+0000] {processor.py:914} INFO - Processing file /opt/airflow/dags/urban_data_streaming_dag.py for tasks to queue
[2026-07-01T14:17:50.809+0000] {logging_mixin.py:190} INFO - [2026-07-01T14:17:50.808+0000] {dagbag.py:588} INFO - Filling up the DagBag from /opt/airflow/dags/urban_data_streaming_dag.py
[2026-07-01T14:17:50.843+0000] {processor.py:925} INFO - DAG(s) 'urban_data_streaming_demo' retrieved from /opt/airflow/dags/urban_data_streaming_dag.py
[2026-07-01T14:17:50.893+0000] {logging_mixin.py:190} INFO - [2026-07-01T14:17:50.892+0000] {dag.py:3239} INFO - Sync 1 DAGs
[2026-07-01T14:17:50.908+0000] {logging_mixin.py:190} INFO - [2026-07-01T14:17:50.908+0000] {dag.py:4180} INFO - Setting next_dagrun for urban_data_streaming_demo to None, run_after=None
[2026-07-01T14:17:50.937+0000] {processor.py:208} INFO - Processing /opt/airflow/dags/urban_data_streaming_dag.py took 0.142 seconds
[2026-07-01T14:18:21.540+0000] {processor.py:186} INFO - Started process (PID=3242) to work on /opt/airflow/dags/urban_data_streaming_dag.py
[2026-07-01T14:18:21.544+0000] {processor.py:914} INFO - Processing file /opt/airflow/dags/urban_data_streaming_dag.py for tasks to queue
[2026-07-01T14:18:21.550+0000] {logging_mixin.py:190} INFO - [2026-07-01T14:18:21.549+0000] {dagbag.py:588} INFO - Filling up the DagBag from /opt/airflow/dags/urban_data_streaming_dag.py
[2026-07-01T14:18:21.592+0000] {processor.py:925} INFO - DAG(s) 'urban_data_streaming_demo' retrieved from /opt/airflow/dags/urban_data_streaming_dag.py
[2026-07-01T14:18:21.636+0000] {logging_mixin.py:190} INFO - [2026-07-01T14:18:21.635+0000] {dag.py:3239} INFO - Sync 1 DAGs
[2026-07-01T14:18:21.651+0000] {logging_mixin.py:190} INFO - [2026-07-01T14:18:21.651+0000] {dag.py:4180} INFO - Setting next_dagrun for urban_data_streaming_demo to None, run_after=None
[2026-07-01T14:18:21.676+0000] {processor.py:208} INFO - Processing /opt/airflow/dags/urban_data_streaming_dag.py took 0.148 seconds
[2026-07-01T14:18:52.343+0000] {processor.py:186} INFO - Started process (PID=3260) to work on /opt/airflow/dags/urban_data_streaming_dag.py
[2026-07-01T14:18:52.345+0000] {processor.py:914} INFO - Processing file /opt/airflow/dags/urban_data_streaming_dag.py for tasks to queue
[2026-07-01T14:18:52.349+0000] {logging_mixin.py:190} INFO - [2026-07-01T14:18:52.348+0000] {dagbag.py:588} INFO - Filling up the DagBag from /opt/airflow/dags/urban_data_streaming_dag.py
[2026-07-01T14:18:52.385+0000] {processor.py:925} INFO - DAG(s) 'urban_data_streaming_demo' retrieved from /opt/airflow/dags/urban_data_streaming_dag.py
[2026-07-01T14:18:52.419+0000] {logging_mixin.py:190} INFO - [2026-07-01T14:18:52.419+0000] {dag.py:3239} INFO - Sync 1 DAGs
[2026-07-01T14:18:52.435+0000] {logging_mixin.py:190} INFO - [2026-07-01T14:18:52.434+0000] {dag.py:4180} INFO - Setting next_dagrun for urban_data_streaming_demo to None, run_after=None
[2026-07-01T14:18:52.463+0000] {processor.py:208} INFO - Processing /opt/airflow/dags/urban_data_streaming_dag.py took 0.134 seconds
[2026-07-01T14:19:23.213+0000] {processor.py:186} INFO - Started process (PID=3278) to work on /opt/airflow/dags/urban_data_streaming_dag.py
[2026-07-01T14:19:23.215+0000] {processor.py:914} INFO - Processing file /opt/airflow/dags/urban_data_streaming_dag.py for tasks to queue
[2026-07-01T14:19:23.218+0000] {logging_mixin.py:190} INFO - [2026-07-01T14:19:23.217+0000] {dagbag.py:588} INFO - Filling up the DagBag from /opt/airflow/dags/urban_data_streaming_dag.py
[2026-07-01T14:19:23.272+0000] {processor.py:925} INFO - DAG(s) 'urban_data_streaming_demo' retrieved from /opt/airflow/dags/urban_data_streaming_dag.py
[2026-07-01T14:19:23.331+0000] {logging_mixin.py:190} INFO - [2026-07-01T14:19:23.330+0000] {dag.py:3239} INFO - Sync 1 DAGs
[2026-07-01T14:19:23.348+0000] {logging_mixin.py:190} INFO - [2026-07-01T14:19:23.348+0000] {dag.py:4180} INFO - Setting next_dagrun for urban_data_streaming_demo to None, run_after=None
[2026-07-01T14:19:23.376+0000] {processor.py:208} INFO - Processing /opt/airflow/dags/urban_data_streaming_dag.py took 0.170 seconds
[2026-07-01T14:19:54.134+0000] {processor.py:186} INFO - Started process (PID=3296) to work on /opt/airflow/dags/urban_data_streaming_dag.py
[2026-07-01T14:19:54.137+0000] {processor.py:914} INFO - Processing file /opt/airflow/dags/urban_data_streaming_dag.py for tasks to queue
[2026-07-01T14:19:54.145+0000] {logging_mixin.py:190} INFO - [2026-07-01T14:19:54.144+0000] {dagbag.py:588} INFO - Filling up the DagBag from /opt/airflow/dags/urban_data_streaming_dag.py
[2026-07-01T14:19:54.212+0000] {processor.py:925} INFO - DAG(s) 'urban_data_streaming_demo' retrieved from /opt/airflow/dags/urban_data_streaming_dag.py
[2026-07-01T14:19:54.261+0000] {logging_mixin.py:190} INFO - [2026-07-01T14:19:54.260+0000] {dag.py:3239} INFO - Sync 1 DAGs
[2026-07-01T14:19:54.278+0000] {logging_mixin.py:190} INFO - [2026-07-01T14:19:54.278+0000] {dag.py:4180} INFO - Setting next_dagrun for urban_data_streaming_demo to None, run_after=None
[2026-07-01T14:19:54.302+0000] {processor.py:208} INFO - Processing /opt/airflow/dags/urban_data_streaming_dag.py took 0.184 seconds
[2026-07-01T14:20:24.938+0000] {processor.py:186} INFO - Started process (PID=3314) to work on /opt/airflow/dags/urban_data_streaming_dag.py
[2026-07-01T14:20:24.940+0000] {processor.py:914} INFO - Processing file /opt/airflow/dags/urban_data_streaming_dag.py for tasks to queue
[2026-07-01T14:20:24.945+0000] {logging_mixin.py:190} INFO - [2026-07-01T14:20:24.944+0000] {dagbag.py:588} INFO - Filling up the DagBag from /opt/airflow/dags/urban_data_streaming_dag.py
[2026-07-01T14:20:24.976+0000] {processor.py:925} INFO - DAG(s) 'urban_data_streaming_demo' retrieved from /opt/airflow/dags/urban_data_streaming_dag.py
[2026-07-01T14:20:25.010+0000] {logging_mixin.py:190} INFO - [2026-07-01T14:20:25.009+0000] {dag.py:3239} INFO - Sync 1 DAGs
[2026-07-01T14:20:25.024+0000] {logging_mixin.py:190} INFO - [2026-07-01T14:20:25.024+0000] {dag.py:4180} INFO - Setting next_dagrun for urban_data_streaming_demo to None, run_after=None
[2026-07-01T14:20:25.046+0000] {processor.py:208} INFO - Processing /opt/airflow/dags/urban_data_streaming_dag.py took 0.121 seconds
[2026-07-01T14:20:55.674+0000] {processor.py:186} INFO - Started process (PID=3332) to work on /opt/airflow/dags/urban_data_streaming_dag.py
[2026-07-01T14:20:55.675+0000] {processor.py:914} INFO - Processing file /opt/airflow/dags/urban_data_streaming_dag.py for tasks to queue
[2026-07-01T14:20:55.678+0000] {logging_mixin.py:190} INFO - [2026-07-01T14:20:55.678+0000] {dagbag.py:588} INFO - Filling up the DagBag from /opt/airflow/dags/urban_data_streaming_dag.py
[2026-07-01T14:20:55.707+0000] {processor.py:925} INFO - DAG(s) 'urban_data_streaming_demo' retrieved from /opt/airflow/dags/urban_data_streaming_dag.py
[2026-07-01T14:20:55.768+0000] {logging_mixin.py:190} INFO - [2026-07-01T14:20:55.767+0000] {dag.py:3239} INFO - Sync 1 DAGs
[2026-07-01T14:20:55.797+0000] {logging_mixin.py:190} INFO - [2026-07-01T14:20:55.797+0000] {dag.py:4180} INFO - Setting next_dagrun for urban_data_streaming_demo to None, run_after=None
[2026-07-01T14:20:55.843+0000] {processor.py:208} INFO - Processing /opt/airflow/dags/urban_data_streaming_dag.py took 0.176 seconds
[2026-07-01T14:21:26.519+0000] {processor.py:186} INFO - Started process (PID=3349) to work on /opt/airflow/dags/urban_data_streaming_dag.py
[2026-07-01T14:21:26.522+0000] {processor.py:914} INFO - Processing file /opt/airflow/dags/urban_data_streaming_dag.py for tasks to queue
[2026-07-01T14:21:26.526+0000] {logging_mixin.py:190} INFO - [2026-07-01T14:21:26.526+0000] {dagbag.py:588} INFO - Filling up the DagBag from /opt/airflow/dags/urban_data_streaming_dag.py
[2026-07-01T14:21:26.558+0000] {processor.py:925} INFO - DAG(s) 'urban_data_streaming_demo' retrieved from /opt/airflow/dags/urban_data_streaming_dag.py
[2026-07-01T14:21:26.607+0000] {logging_mixin.py:190} INFO - [2026-07-01T14:21:26.606+0000] {dag.py:3239} INFO - Sync 1 DAGs
[2026-07-01T14:21:26.632+0000] {logging_mixin.py:190} INFO - [2026-07-01T14:21:26.631+0000] {dag.py:4180} INFO - Setting next_dagrun for urban_data_streaming_demo to None, run_after=None
[2026-07-01T14:21:26.657+0000] {processor.py:208} INFO - Processing /opt/airflow/dags/urban_data_streaming_dag.py took 0.146 seconds
[2026-07-01T14:21:57.500+0000] {processor.py:186} INFO - Started process (PID=3360) to work on /opt/airflow/dags/urban_data_streaming_dag.py
[2026-07-01T14:21:57.502+0000] {processor.py:914} INFO - Processing file /opt/airflow/dags/urban_data_streaming_dag.py for tasks to queue
[2026-07-01T14:21:57.504+0000] {logging_mixin.py:190} INFO - [2026-07-01T14:21:57.504+0000] {dagbag.py:588} INFO - Filling up the DagBag from /opt/airflow/dags/urban_data_streaming_dag.py
[2026-07-01T14:21:57.532+0000] {processor.py:925} INFO - DAG(s) 'urban_data_streaming_demo' retrieved from /opt/airflow/dags/urban_data_streaming_dag.py
[2026-07-01T14:21:57.568+0000] {logging_mixin.py:190} INFO - [2026-07-01T14:21:57.568+0000] {dag.py:3239} INFO - Sync 1 DAGs
[2026-07-01T14:21:57.583+0000] {logging_mixin.py:190} INFO - [2026-07-01T14:21:57.583+0000] {dag.py:4180} INFO - Setting next_dagrun for urban_data_streaming_demo to None, run_after=None
[2026-07-01T14:21:57.609+0000] {processor.py:208} INFO - Processing /opt/airflow/dags/urban_data_streaming_dag.py took 0.114 seconds
[2026-07-01T14:22:28.118+0000] {processor.py:186} INFO - Started process (PID=3378) to work on /opt/airflow/dags/urban_data_streaming_dag.py
[2026-07-01T14:22:28.119+0000] {processor.py:914} INFO - Processing file /opt/airflow/dags/urban_data_streaming_dag.py for tasks to queue
[2026-07-01T14:22:28.122+0000] {logging_mixin.py:190} INFO - [2026-07-01T14:22:28.122+0000] {dagbag.py:588} INFO - Filling up the DagBag from /opt/airflow/dags/urban_data_streaming_dag.py
[2026-07-01T14:22:28.147+0000] {processor.py:925} INFO - DAG(s) 'urban_data_streaming_demo' retrieved from /opt/airflow/dags/urban_data_streaming_dag.py
[2026-07-01T14:22:28.179+0000] {logging_mixin.py:190} INFO - [2026-07-01T14:22:28.179+0000] {dag.py:3239} INFO - Sync 1 DAGs
[2026-07-01T14:22:28.194+0000] {logging_mixin.py:190} INFO - [2026-07-01T14:22:28.193+0000] {dag.py:4180} INFO - Setting next_dagrun for urban_data_streaming_demo to None, run_after=None
[2026-07-01T14:22:28.217+0000] {processor.py:208} INFO - Processing /opt/airflow/dags/urban_data_streaming_dag.py took 0.106 seconds
[2026-07-01T14:22:58.898+0000] {processor.py:186} INFO - Started process (PID=3396) to work on /opt/airflow/dags/urban_data_streaming_dag.py
[2026-07-01T14:22:58.905+0000] {processor.py:914} INFO - Processing file /opt/airflow/dags/urban_data_streaming_dag.py for tasks to queue
[2026-07-01T14:22:58.913+0000] {logging_mixin.py:190} INFO - [2026-07-01T14:22:58.912+0000] {dagbag.py:588} INFO - Filling up the DagBag from /opt/airflow/dags/urban_data_streaming_dag.py
[2026-07-01T14:22:58.986+0000] {processor.py:925} INFO - DAG(s) 'urban_data_streaming_demo' retrieved from /opt/airflow/dags/urban_data_streaming_dag.py
[2026-07-01T14:22:59.024+0000] {logging_mixin.py:190} INFO - [2026-07-01T14:22:59.024+0000] {dag.py:3239} INFO - Sync 1 DAGs
[2026-07-01T14:22:59.039+0000] {logging_mixin.py:190} INFO - [2026-07-01T14:22:59.039+0000] {dag.py:4180} INFO - Setting next_dagrun for urban_data_streaming_demo to None, run_after=None
[2026-07-01T14:22:59.065+0000] {processor.py:208} INFO - Processing /opt/airflow/dags/urban_data_streaming_dag.py took 0.187 seconds
[2026-07-01T14:23:29.749+0000] {processor.py:186} INFO - Started process (PID=3414) to work on /opt/airflow/dags/urban_data_streaming_dag.py
[2026-07-01T14:23:29.753+0000] {processor.py:914} INFO - Processing file /opt/airflow/dags/urban_data_streaming_dag.py for tasks to queue
[2026-07-01T14:23:29.761+0000] {logging_mixin.py:190} INFO - [2026-07-01T14:23:29.760+0000] {dagbag.py:588} INFO - Filling up the DagBag from /opt/airflow/dags/urban_data_streaming_dag.py
[2026-07-01T14:23:29.815+0000] {processor.py:925} INFO - DAG(s) 'urban_data_streaming_demo' retrieved from /opt/airflow/dags/urban_data_streaming_dag.py
[2026-07-01T14:23:29.864+0000] {logging_mixin.py:190} INFO - [2026-07-01T14:23:29.864+0000] {dag.py:3239} INFO - Sync 1 DAGs
[2026-07-01T14:23:29.881+0000] {logging_mixin.py:190} INFO - [2026-07-01T14:23:29.881+0000] {dag.py:4180} INFO - Setting next_dagrun for urban_data_streaming_demo to None, run_after=None
[2026-07-01T14:23:29.903+0000] {processor.py:208} INFO - Processing /opt/airflow/dags/urban_data_streaming_dag.py took 0.173 seconds
[2026-07-01T14:24:00.485+0000] {processor.py:186} INFO - Started process (PID=3432) to work on /opt/airflow/dags/urban_data_streaming_dag.py
[2026-07-01T14:24:00.487+0000] {processor.py:914} INFO - Processing file /opt/airflow/dags/urban_data_streaming_dag.py for tasks to queue
[2026-07-01T14:24:00.491+0000] {logging_mixin.py:190} INFO - [2026-07-01T14:24:00.490+0000] {dagbag.py:588} INFO - Filling up the DagBag from /opt/airflow/dags/urban_data_streaming_dag.py
[2026-07-01T14:24:00.525+0000] {processor.py:925} INFO - DAG(s) 'urban_data_streaming_demo' retrieved from /opt/airflow/dags/urban_data_streaming_dag.py
[2026-07-01T14:24:00.564+0000] {logging_mixin.py:190} INFO - [2026-07-01T14:24:00.564+0000] {dag.py:3239} INFO - Sync 1 DAGs
[2026-07-01T14:24:00.582+0000] {logging_mixin.py:190} INFO - [2026-07-01T14:24:00.582+0000] {dag.py:4180} INFO - Setting next_dagrun for urban_data_streaming_demo to None, run_after=None
[2026-07-01T14:24:00.607+0000] {processor.py:208} INFO - Processing /opt/airflow/dags/urban_data_streaming_dag.py took 0.131 seconds
[2026-07-01T14:24:31.341+0000] {processor.py:186} INFO - Started process (PID=3450) to work on /opt/airflow/dags/urban_data_streaming_dag.py
[2026-07-01T14:24:31.343+0000] {processor.py:914} INFO - Processing file /opt/airflow/dags/urban_data_streaming_dag.py for tasks to queue
[2026-07-01T14:24:31.346+0000] {logging_mixin.py:190} INFO - [2026-07-01T14:24:31.345+0000] {dagbag.py:588} INFO - Filling up the DagBag from /opt/airflow/dags/urban_data_streaming_dag.py
[2026-07-01T14:24:31.377+0000] {processor.py:925} INFO - DAG(s) 'urban_data_streaming_demo' retrieved from /opt/airflow/dags/urban_data_streaming_dag.py
[2026-07-01T14:24:31.410+0000] {logging_mixin.py:190} INFO - [2026-07-01T14:24:31.409+0000] {dag.py:3239} INFO - Sync 1 DAGs
[2026-07-01T14:24:31.425+0000] {logging_mixin.py:190} INFO - [2026-07-01T14:24:31.424+0000] {dag.py:4180} INFO - Setting next_dagrun for urban_data_streaming_demo to None, run_after=None
[2026-07-01T14:24:31.454+0000] {processor.py:208} INFO - Processing /opt/airflow/dags/urban_data_streaming_dag.py took 0.119 seconds
[2026-07-01T14:25:02.095+0000] {processor.py:186} INFO - Started process (PID=3468) to work on /opt/airflow/dags/urban_data_streaming_dag.py
[2026-07-01T14:25:02.096+0000] {processor.py:914} INFO - Processing file /opt/airflow/dags/urban_data_streaming_dag.py for tasks to queue
[2026-07-01T14:25:02.099+0000] {logging_mixin.py:190} INFO - [2026-07-01T14:25:02.098+0000] {dagbag.py:588} INFO - Filling up the DagBag from /opt/airflow/dags/urban_data_streaming_dag.py
[2026-07-01T14:25:02.133+0000] {processor.py:925} INFO - DAG(s) 'urban_data_streaming_demo' retrieved from /opt/airflow/dags/urban_data_streaming_dag.py
[2026-07-01T14:25:02.182+0000] {logging_mixin.py:190} INFO - [2026-07-01T14:25:02.182+0000] {dag.py:3239} INFO - Sync 1 DAGs
[2026-07-01T14:25:02.209+0000] {logging_mixin.py:190} INFO - [2026-07-01T14:25:02.209+0000] {dag.py:4180} INFO - Setting next_dagrun for urban_data_streaming_demo to None, run_after=None
[2026-07-01T14:25:02.237+0000] {processor.py:208} INFO - Processing /opt/airflow/dags/urban_data_streaming_dag.py took 0.148 seconds
[2026-07-01T14:25:32.969+0000] {processor.py:186} INFO - Started process (PID=3486) to work on /opt/airflow/dags/urban_data_streaming_dag.py
[2026-07-01T14:25:32.972+0000] {processor.py:914} INFO - Processing file /opt/airflow/dags/urban_data_streaming_dag.py for tasks to queue
[2026-07-01T14:25:32.980+0000] {logging_mixin.py:190} INFO - [2026-07-01T14:25:32.979+0000] {dagbag.py:588} INFO - Filling up the DagBag from /opt/airflow/dags/urban_data_streaming_dag.py
[2026-07-01T14:25:33.031+0000] {processor.py:925} INFO - DAG(s) 'urban_data_streaming_demo' retrieved from /opt/airflow/dags/urban_data_streaming_dag.py
[2026-07-01T14:25:33.069+0000] {logging_mixin.py:190} INFO - [2026-07-01T14:25:33.069+0000] {dag.py:3239} INFO - Sync 1 DAGs
[2026-07-01T14:25:33.083+0000] {logging_mixin.py:190} INFO - [2026-07-01T14:25:33.083+0000] {dag.py:4180} INFO - Setting next_dagrun for urban_data_streaming_demo to None, run_after=None
[2026-07-01T14:25:33.106+0000] {processor.py:208} INFO - Processing /opt/airflow/dags/urban_data_streaming_dag.py took 0.155 seconds
[2026-07-01T14:26:03.713+0000] {processor.py:186} INFO - Started process (PID=3504) to work on /opt/airflow/dags/urban_data_streaming_dag.py
[2026-07-01T14:26:03.714+0000] {processor.py:914} INFO - Processing file /opt/airflow/dags/urban_data_streaming_dag.py for tasks to queue
[2026-07-01T14:26:03.718+0000] {logging_mixin.py:190} INFO - [2026-07-01T14:26:03.717+0000] {dagbag.py:588} INFO - Filling up the DagBag from /opt/airflow/dags/urban_data_streaming_dag.py
[2026-07-01T14:26:03.746+0000] {processor.py:925} INFO - DAG(s) 'urban_data_streaming_demo' retrieved from /opt/airflow/dags/urban_data_streaming_dag.py
[2026-07-01T14:26:03.779+0000] {logging_mixin.py:190} INFO - [2026-07-01T14:26:03.779+0000] {dag.py:3239} INFO - Sync 1 DAGs
[2026-07-01T14:26:03.795+0000] {logging_mixin.py:190} INFO - [2026-07-01T14:26:03.794+0000] {dag.py:4180} INFO - Setting next_dagrun for urban_data_streaming_demo to None, run_after=None
[2026-07-01T14:26:03.823+0000] {processor.py:208} INFO - Processing /opt/airflow/dags/urban_data_streaming_dag.py took 0.120 seconds
[2026-07-01T14:26:34.480+0000] {processor.py:186} INFO - Started process (PID=3522) to work on /opt/airflow/dags/urban_data_streaming_dag.py
[2026-07-01T14:26:34.483+0000] {processor.py:914} INFO - Processing file /opt/airflow/dags/urban_data_streaming_dag.py for tasks to queue
[2026-07-01T14:26:34.490+0000] {logging_mixin.py:190} INFO - [2026-07-01T14:26:34.489+0000] {dagbag.py:588} INFO - Filling up the DagBag from /opt/airflow/dags/urban_data_streaming_dag.py
[2026-07-01T14:26:34.533+0000] {processor.py:925} INFO - DAG(s) 'urban_data_streaming_demo' retrieved from /opt/airflow/dags/urban_data_streaming_dag.py
[2026-07-01T14:26:34.568+0000] {logging_mixin.py:190} INFO - [2026-07-01T14:26:34.568+0000] {dag.py:3239} INFO - Sync 1 DAGs
[2026-07-01T14:26:34.584+0000] {logging_mixin.py:190} INFO - [2026-07-01T14:26:34.584+0000] {dag.py:4180} INFO - Setting next_dagrun for urban_data_streaming_demo to None, run_after=None
[2026-07-01T14:26:34.608+0000] {processor.py:208} INFO - Processing /opt/airflow/dags/urban_data_streaming_dag.py took 0.142 seconds
[2026-07-01T14:27:05.354+0000] {processor.py:186} INFO - Started process (PID=3539) to work on /opt/airflow/dags/urban_data_streaming_dag.py
[2026-07-01T14:27:05.356+0000] {processor.py:914} INFO - Processing file /opt/airflow/dags/urban_data_streaming_dag.py for tasks to queue
[2026-07-01T14:27:05.359+0000] {logging_mixin.py:190} INFO - [2026-07-01T14:27:05.359+0000] {dagbag.py:588} INFO - Filling up the DagBag from /opt/airflow/dags/urban_data_streaming_dag.py
[2026-07-01T14:27:05.404+0000] {processor.py:925} INFO - DAG(s) 'urban_data_streaming_demo' retrieved from /opt/airflow/dags/urban_data_streaming_dag.py
[2026-07-01T14:27:05.476+0000] {logging_mixin.py:190} INFO - [2026-07-01T14:27:05.476+0000] {dag.py:3239} INFO - Sync 1 DAGs
[2026-07-01T14:27:05.500+0000] {logging_mixin.py:190} INFO - [2026-07-01T14:27:05.499+0000] {dag.py:4180} INFO - Setting next_dagrun for urban_data_streaming_demo to None, run_after=None
[2026-07-01T14:27:05.538+0000] {processor.py:208} INFO - Processing /opt/airflow/dags/urban_data_streaming_dag.py took 0.189 seconds
[2026-07-01T14:27:36.296+0000] {processor.py:186} INFO - Started process (PID=3550) to work on /opt/airflow/dags/urban_data_streaming_dag.py
[2026-07-01T14:27:36.300+0000] {processor.py:914} INFO - Processing file /opt/airflow/dags/urban_data_streaming_dag.py for tasks to queue
[2026-07-01T14:27:36.308+0000] {logging_mixin.py:190} INFO - [2026-07-01T14:27:36.307+0000] {dagbag.py:588} INFO - Filling up the DagBag from /opt/airflow/dags/urban_data_streaming_dag.py
[2026-07-01T14:27:36.379+0000] {processor.py:925} INFO - DAG(s) 'urban_data_streaming_demo' retrieved from /opt/airflow/dags/urban_data_streaming_dag.py
[2026-07-01T14:27:36.436+0000] {logging_mixin.py:190} INFO - [2026-07-01T14:27:36.436+0000] {dag.py:3239} INFO - Sync 1 DAGs
[2026-07-01T14:27:36.453+0000] {logging_mixin.py:190} INFO - [2026-07-01T14:27:36.453+0000] {dag.py:4180} INFO - Setting next_dagrun for urban_data_streaming_demo to None, run_after=None
[2026-07-01T14:27:36.478+0000] {processor.py:208} INFO - Processing /opt/airflow/dags/urban_data_streaming_dag.py took 0.203 seconds
[2026-07-01T14:28:07.165+0000] {processor.py:186} INFO - Started process (PID=3568) to work on /opt/airflow/dags/urban_data_streaming_dag.py
[2026-07-01T14:28:07.168+0000] {processor.py:914} INFO - Processing file /opt/airflow/dags/urban_data_streaming_dag.py for tasks to queue
[2026-07-01T14:28:07.174+0000] {logging_mixin.py:190} INFO - [2026-07-01T14:28:07.173+0000] {dagbag.py:588} INFO - Filling up the DagBag from /opt/airflow/dags/urban_data_streaming_dag.py
[2026-07-01T14:28:07.213+0000] {processor.py:925} INFO - DAG(s) 'urban_data_streaming_demo' retrieved from /opt/airflow/dags/urban_data_streaming_dag.py
[2026-07-01T14:28:07.248+0000] {logging_mixin.py:190} INFO - [2026-07-01T14:28:07.248+0000] {dag.py:3239} INFO - Sync 1 DAGs
[2026-07-01T14:28:07.262+0000] {logging_mixin.py:190} INFO - [2026-07-01T14:28:07.262+0000] {dag.py:4180} INFO - Setting next_dagrun for urban_data_streaming_demo to None, run_after=None
[2026-07-01T14:28:07.283+0000] {processor.py:208} INFO - Processing /opt/airflow/dags/urban_data_streaming_dag.py took 0.136 seconds
[2026-07-01T14:28:37.967+0000] {processor.py:186} INFO - Started process (PID=3586) to work on /opt/airflow/dags/urban_data_streaming_dag.py
[2026-07-01T14:28:37.970+0000] {processor.py:914} INFO - Processing file /opt/airflow/dags/urban_data_streaming_dag.py for tasks to queue
[2026-07-01T14:28:37.978+0000] {logging_mixin.py:190} INFO - [2026-07-01T14:28:37.977+0000] {dagbag.py:588} INFO - Filling up the DagBag from /opt/airflow/dags/urban_data_streaming_dag.py
[2026-07-01T14:28:38.040+0000] {processor.py:925} INFO - DAG(s) 'urban_data_streaming_demo' retrieved from /opt/airflow/dags/urban_data_streaming_dag.py
[2026-07-01T14:28:38.099+0000] {logging_mixin.py:190} INFO - [2026-07-01T14:28:38.099+0000] {dag.py:3239} INFO - Sync 1 DAGs
[2026-07-01T14:28:38.120+0000] {logging_mixin.py:190} INFO - [2026-07-01T14:28:38.120+0000] {dag.py:4180} INFO - Setting next_dagrun for urban_data_streaming_demo to None, run_after=None
[2026-07-01T14:28:38.147+0000] {processor.py:208} INFO - Processing /opt/airflow/dags/urban_data_streaming_dag.py took 0.195 seconds
[2026-07-01T14:29:08.846+0000] {processor.py:186} INFO - Started process (PID=3604) to work on /opt/airflow/dags/urban_data_streaming_dag.py
[2026-07-01T14:29:08.849+0000] {processor.py:914} INFO - Processing file /opt/airflow/dags/urban_data_streaming_dag.py for tasks to queue
[2026-07-01T14:29:08.857+0000] {logging_mixin.py:190} INFO - [2026-07-01T14:29:08.856+0000] {dagbag.py:588} INFO - Filling up the DagBag from /opt/airflow/dags/urban_data_streaming_dag.py
[2026-07-01T14:29:08.923+0000] {processor.py:925} INFO - DAG(s) 'urban_data_streaming_demo' retrieved from /opt/airflow/dags/urban_data_streaming_dag.py
[2026-07-01T14:29:08.981+0000] {logging_mixin.py:190} INFO - [2026-07-01T14:29:08.981+0000] {dag.py:3239} INFO - Sync 1 DAGs
[2026-07-01T14:29:08.996+0000] {logging_mixin.py:190} INFO - [2026-07-01T14:29:08.996+0000] {dag.py:4180} INFO - Setting next_dagrun for urban_data_streaming_demo to None, run_after=None
[2026-07-01T14:29:09.022+0000] {processor.py:208} INFO - Processing /opt/airflow/dags/urban_data_streaming_dag.py took 0.192 seconds
[2026-07-01T14:29:39.595+0000] {processor.py:186} INFO - Started process (PID=3622) to work on /opt/airflow/dags/urban_data_streaming_dag.py
[2026-07-01T14:29:39.597+0000] {processor.py:914} INFO - Processing file /opt/airflow/dags/urban_data_streaming_dag.py for tasks to queue
[2026-07-01T14:29:39.599+0000] {logging_mixin.py:190} INFO - [2026-07-01T14:29:39.599+0000] {dagbag.py:588} INFO - Filling up the DagBag from /opt/airflow/dags/urban_data_streaming_dag.py
[2026-07-01T14:29:39.632+0000] {processor.py:925} INFO - DAG(s) 'urban_data_streaming_demo' retrieved from /opt/airflow/dags/urban_data_streaming_dag.py
[2026-07-01T14:29:39.677+0000] {logging_mixin.py:190} INFO - [2026-07-01T14:29:39.676+0000] {dag.py:3239} INFO - Sync 1 DAGs
[2026-07-01T14:29:39.694+0000] {logging_mixin.py:190} INFO - [2026-07-01T14:29:39.694+0000] {dag.py:4180} INFO - Setting next_dagrun for urban_data_streaming_demo to None, run_after=None
[2026-07-01T14:29:39.718+0000] {processor.py:208} INFO - Processing /opt/airflow/dags/urban_data_streaming_dag.py took 0.128 seconds
[2026-07-01T14:30:10.171+0000] {processor.py:186} INFO - Started process (PID=3640) to work on /opt/airflow/dags/urban_data_streaming_dag.py
[2026-07-01T14:30:10.174+0000] {processor.py:914} INFO - Processing file /opt/airflow/dags/urban_data_streaming_dag.py for tasks to queue
[2026-07-01T14:30:10.181+0000] {logging_mixin.py:190} INFO - [2026-07-01T14:30:10.180+0000] {dagbag.py:588} INFO - Filling up the DagBag from /opt/airflow/dags/urban_data_streaming_dag.py
[2026-07-01T14:30:10.235+0000] {processor.py:925} INFO - DAG(s) 'urban_data_streaming_demo' retrieved from /opt/airflow/dags/urban_data_streaming_dag.py
[2026-07-01T14:30:10.292+0000] {logging_mixin.py:190} INFO - [2026-07-01T14:30:10.292+0000] {dag.py:3239} INFO - Sync 1 DAGs
[2026-07-01T14:30:10.316+0000] {logging_mixin.py:190} INFO - [2026-07-01T14:30:10.316+0000] {dag.py:4180} INFO - Setting next_dagrun for urban_data_streaming_demo to None, run_after=None
[2026-07-01T14:30:10.343+0000] {processor.py:208} INFO - Processing /opt/airflow/dags/urban_data_streaming_dag.py took 0.186 seconds
[2026-07-01T14:30:40.817+0000] {processor.py:186} INFO - Started process (PID=3658) to work on /opt/airflow/dags/urban_data_streaming_dag.py
[2026-07-01T14:30:40.820+0000] {processor.py:914} INFO - Processing file /opt/airflow/dags/urban_data_streaming_dag.py for tasks to queue
[2026-07-01T14:30:40.823+0000] {logging_mixin.py:190} INFO - [2026-07-01T14:30:40.823+0000] {dagbag.py:588} INFO - Filling up the DagBag from /opt/airflow/dags/urban_data_streaming_dag.py
[2026-07-01T14:30:40.856+0000] {processor.py:925} INFO - DAG(s) 'urban_data_streaming_demo' retrieved from /opt/airflow/dags/urban_data_streaming_dag.py
[2026-07-01T14:30:40.891+0000] {logging_mixin.py:190} INFO - [2026-07-01T14:30:40.891+0000] {dag.py:3239} INFO - Sync 1 DAGs
[2026-07-01T14:30:40.908+0000] {logging_mixin.py:190} INFO - [2026-07-01T14:30:40.908+0000] {dag.py:4180} INFO - Setting next_dagrun for urban_data_streaming_demo to None, run_after=None
[2026-07-01T14:30:40.939+0000] {processor.py:208} INFO - Processing /opt/airflow/dags/urban_data_streaming_dag.py took 0.131 seconds
[2026-07-01T14:31:11.635+0000] {processor.py:186} INFO - Started process (PID=3676) to work on /opt/airflow/dags/urban_data_streaming_dag.py
[2026-07-01T14:31:11.637+0000] {processor.py:914} INFO - Processing file /opt/airflow/dags/urban_data_streaming_dag.py for tasks to queue
[2026-07-01T14:31:11.641+0000] {logging_mixin.py:190} INFO - [2026-07-01T14:31:11.641+0000] {dagbag.py:588} INFO - Filling up the DagBag from /opt/airflow/dags/urban_data_streaming_dag.py
[2026-07-01T14:31:11.684+0000] {processor.py:925} INFO - DAG(s) 'urban_data_streaming_demo' retrieved from /opt/airflow/dags/urban_data_streaming_dag.py
[2026-07-01T14:31:11.722+0000] {logging_mixin.py:190} INFO - [2026-07-01T14:31:11.722+0000] {dag.py:3239} INFO - Sync 1 DAGs
[2026-07-01T14:31:11.740+0000] {logging_mixin.py:190} INFO - [2026-07-01T14:31:11.740+0000] {dag.py:4180} INFO - Setting next_dagrun for urban_data_streaming_demo to None, run_after=None
[2026-07-01T14:31:11.761+0000] {processor.py:208} INFO - Processing /opt/airflow/dags/urban_data_streaming_dag.py took 0.138 seconds
[2026-07-01T14:31:42.380+0000] {processor.py:186} INFO - Started process (PID=3694) to work on /opt/airflow/dags/urban_data_streaming_dag.py
[2026-07-01T14:31:42.381+0000] {processor.py:914} INFO - Processing file /opt/airflow/dags/urban_data_streaming_dag.py for tasks to queue
[2026-07-01T14:31:42.384+0000] {logging_mixin.py:190} INFO - [2026-07-01T14:31:42.384+0000] {dagbag.py:588} INFO - Filling up the DagBag from /opt/airflow/dags/urban_data_streaming_dag.py
[2026-07-01T14:31:42.416+0000] {processor.py:925} INFO - DAG(s) 'urban_data_streaming_demo' retrieved from /opt/airflow/dags/urban_data_streaming_dag.py
[2026-07-01T14:31:42.448+0000] {logging_mixin.py:190} INFO - [2026-07-01T14:31:42.447+0000] {dag.py:3239} INFO - Sync 1 DAGs
[2026-07-01T14:31:42.464+0000] {logging_mixin.py:190} INFO - [2026-07-01T14:31:42.464+0000] {dag.py:4180} INFO - Setting next_dagrun for urban_data_streaming_demo to None, run_after=None
[2026-07-01T14:31:42.487+0000] {processor.py:208} INFO - Processing /opt/airflow/dags/urban_data_streaming_dag.py took 0.113 seconds
[2026-07-01T14:32:13.156+0000] {processor.py:186} INFO - Started process (PID=3713) to work on /opt/airflow/dags/urban_data_streaming_dag.py
[2026-07-01T14:32:13.158+0000] {processor.py:914} INFO - Processing file /opt/airflow/dags/urban_data_streaming_dag.py for tasks to queue
[2026-07-01T14:32:13.164+0000] {logging_mixin.py:190} INFO - [2026-07-01T14:32:13.163+0000] {dagbag.py:588} INFO - Filling up the DagBag from /opt/airflow/dags/urban_data_streaming_dag.py
[2026-07-01T14:32:13.200+0000] {processor.py:925} INFO - DAG(s) 'urban_data_streaming_demo' retrieved from /opt/airflow/dags/urban_data_streaming_dag.py
[2026-07-01T14:32:13.240+0000] {logging_mixin.py:190} INFO - [2026-07-01T14:32:13.240+0000] {dag.py:3239} INFO - Sync 1 DAGs
[2026-07-01T14:32:13.261+0000] {logging_mixin.py:190} INFO - [2026-07-01T14:32:13.261+0000] {dag.py:4180} INFO - Setting next_dagrun for urban_data_streaming_demo to None, run_after=None
[2026-07-01T14:32:13.286+0000] {processor.py:208} INFO - Processing /opt/airflow/dags/urban_data_streaming_dag.py took 0.137 seconds
[2026-07-01T14:32:43.966+0000] {processor.py:186} INFO - Started process (PID=3730) to work on /opt/airflow/dags/urban_data_streaming_dag.py
[2026-07-01T14:32:43.970+0000] {processor.py:914} INFO - Processing file /opt/airflow/dags/urban_data_streaming_dag.py for tasks to queue
[2026-07-01T14:32:43.980+0000] {logging_mixin.py:190} INFO - [2026-07-01T14:32:43.979+0000] {dagbag.py:588} INFO - Filling up the DagBag from /opt/airflow/dags/urban_data_streaming_dag.py
[2026-07-01T14:32:44.036+0000] {processor.py:925} INFO - DAG(s) 'urban_data_streaming_demo' retrieved from /opt/airflow/dags/urban_data_streaming_dag.py
[2026-07-01T14:32:44.070+0000] {logging_mixin.py:190} INFO - [2026-07-01T14:32:44.070+0000] {dag.py:3239} INFO - Sync 1 DAGs
[2026-07-01T14:32:44.087+0000] {logging_mixin.py:190} INFO - [2026-07-01T14:32:44.086+0000] {dag.py:4180} INFO - Setting next_dagrun for urban_data_streaming_demo to None, run_after=None
[2026-07-01T14:32:44.113+0000] {processor.py:208} INFO - Processing /opt/airflow/dags/urban_data_streaming_dag.py took 0.163 seconds
[2026-07-01T14:33:14.768+0000] {processor.py:186} INFO - Started process (PID=3741) to work on /opt/airflow/dags/urban_data_streaming_dag.py
[2026-07-01T14:33:14.771+0000] {processor.py:914} INFO - Processing file /opt/airflow/dags/urban_data_streaming_dag.py for tasks to queue
[2026-07-01T14:33:14.778+0000] {logging_mixin.py:190} INFO - [2026-07-01T14:33:14.776+0000] {dagbag.py:588} INFO - Filling up the DagBag from /opt/airflow/dags/urban_data_streaming_dag.py
[2026-07-01T14:33:14.835+0000] {processor.py:925} INFO - DAG(s) 'urban_data_streaming_demo' retrieved from /opt/airflow/dags/urban_data_streaming_dag.py
[2026-07-01T14:33:14.876+0000] {logging_mixin.py:190} INFO - [2026-07-01T14:33:14.876+0000] {dag.py:3239} INFO - Sync 1 DAGs
[2026-07-01T14:33:14.890+0000] {logging_mixin.py:190} INFO - [2026-07-01T14:33:14.890+0000] {dag.py:4180} INFO - Setting next_dagrun for urban_data_streaming_demo to None, run_after=None
[2026-07-01T14:33:14.913+0000] {processor.py:208} INFO - Processing /opt/airflow/dags/urban_data_streaming_dag.py took 0.162 seconds
[2026-07-01T14:33:45.602+0000] {processor.py:186} INFO - Started process (PID=3759) to work on /opt/airflow/dags/urban_data_streaming_dag.py
[2026-07-01T14:33:45.606+0000] {processor.py:914} INFO - Processing file /opt/airflow/dags/urban_data_streaming_dag.py for tasks to queue
[2026-07-01T14:33:45.613+0000] {logging_mixin.py:190} INFO - [2026-07-01T14:33:45.612+0000] {dagbag.py:588} INFO - Filling up the DagBag from /opt/airflow/dags/urban_data_streaming_dag.py
[2026-07-01T14:33:45.657+0000] {processor.py:925} INFO - DAG(s) 'urban_data_streaming_demo' retrieved from /opt/airflow/dags/urban_data_streaming_dag.py
[2026-07-01T14:33:45.693+0000] {logging_mixin.py:190} INFO - [2026-07-01T14:33:45.693+0000] {dag.py:3239} INFO - Sync 1 DAGs
[2026-07-01T14:33:45.709+0000] {logging_mixin.py:190} INFO - [2026-07-01T14:33:45.708+0000] {dag.py:4180} INFO - Setting next_dagrun for urban_data_streaming_demo to None, run_after=None
[2026-07-01T14:33:45.732+0000] {processor.py:208} INFO - Processing /opt/airflow/dags/urban_data_streaming_dag.py took 0.149 seconds
[2026-07-01T14:34:16.433+0000] {processor.py:186} INFO - Started process (PID=3777) to work on /opt/airflow/dags/urban_data_streaming_dag.py
[2026-07-01T14:34:16.435+0000] {processor.py:914} INFO - Processing file /opt/airflow/dags/urban_data_streaming_dag.py for tasks to queue
[2026-07-01T14:34:16.439+0000] {logging_mixin.py:190} INFO - [2026-07-01T14:34:16.438+0000] {dagbag.py:588} INFO - Filling up the DagBag from /opt/airflow/dags/urban_data_streaming_dag.py
[2026-07-01T14:34:16.477+0000] {processor.py:925} INFO - DAG(s) 'urban_data_streaming_demo' retrieved from /opt/airflow/dags/urban_data_streaming_dag.py
[2026-07-01T14:34:16.515+0000] {logging_mixin.py:190} INFO - [2026-07-01T14:34:16.515+0000] {dag.py:3239} INFO - Sync 1 DAGs
[2026-07-01T14:34:16.530+0000] {logging_mixin.py:190} INFO - [2026-07-01T14:34:16.530+0000] {dag.py:4180} INFO - Setting next_dagrun for urban_data_streaming_demo to None, run_after=None
[2026-07-01T14:34:16.556+0000] {processor.py:208} INFO - Processing /opt/airflow/dags/urban_data_streaming_dag.py took 0.133 seconds
[2026-07-01T14:34:46.743+0000] {processor.py:186} INFO - Started process (PID=3795) to work on /opt/airflow/dags/urban_data_streaming_dag.py
[2026-07-01T14:34:46.746+0000] {processor.py:914} INFO - Processing file /opt/airflow/dags/urban_data_streaming_dag.py for tasks to queue
[2026-07-01T14:34:46.750+0000] {logging_mixin.py:190} INFO - [2026-07-01T14:34:46.749+0000] {dagbag.py:588} INFO - Filling up the DagBag from /opt/airflow/dags/urban_data_streaming_dag.py
[2026-07-01T14:34:46.777+0000] {processor.py:925} INFO - DAG(s) 'urban_data_streaming_demo' retrieved from /opt/airflow/dags/urban_data_streaming_dag.py
[2026-07-01T14:34:46.810+0000] {logging_mixin.py:190} INFO - [2026-07-01T14:34:46.809+0000] {dag.py:3239} INFO - Sync 1 DAGs
[2026-07-01T14:34:46.825+0000] {logging_mixin.py:190} INFO - [2026-07-01T14:34:46.824+0000] {dag.py:4180} INFO - Setting next_dagrun for urban_data_streaming_demo to None, run_after=None
[2026-07-01T14:34:46.849+0000] {processor.py:208} INFO - Processing /opt/airflow/dags/urban_data_streaming_dag.py took 0.121 seconds
[2026-07-01T14:35:17.548+0000] {processor.py:186} INFO - Started process (PID=3813) to work on /opt/airflow/dags/urban_data_streaming_dag.py
[2026-07-01T14:35:17.549+0000] {processor.py:914} INFO - Processing file /opt/airflow/dags/urban_data_streaming_dag.py for tasks to queue
[2026-07-01T14:35:17.553+0000] {logging_mixin.py:190} INFO - [2026-07-01T14:35:17.552+0000] {dagbag.py:588} INFO - Filling up the DagBag from /opt/airflow/dags/urban_data_streaming_dag.py
[2026-07-01T14:35:17.585+0000] {processor.py:925} INFO - DAG(s) 'urban_data_streaming_demo' retrieved from /opt/airflow/dags/urban_data_streaming_dag.py
[2026-07-01T14:35:17.615+0000] {logging_mixin.py:190} INFO - [2026-07-01T14:35:17.615+0000] {dag.py:3239} INFO - Sync 1 DAGs
[2026-07-01T14:35:17.631+0000] {logging_mixin.py:190} INFO - [2026-07-01T14:35:17.631+0000] {dag.py:4180} INFO - Setting next_dagrun for urban_data_streaming_demo to None, run_after=None
[2026-07-01T14:35:17.658+0000] {processor.py:208} INFO - Processing /opt/airflow/dags/urban_data_streaming_dag.py took 0.124 seconds
[2026-07-01T14:35:48.257+0000] {processor.py:186} INFO - Started process (PID=3831) to work on /opt/airflow/dags/urban_data_streaming_dag.py
[2026-07-01T14:35:48.258+0000] {processor.py:914} INFO - Processing file /opt/airflow/dags/urban_data_streaming_dag.py for tasks to queue
[2026-07-01T14:35:48.261+0000] {logging_mixin.py:190} INFO - [2026-07-01T14:35:48.261+0000] {dagbag.py:588} INFO - Filling up the DagBag from /opt/airflow/dags/urban_data_streaming_dag.py
[2026-07-01T14:35:48.289+0000] {processor.py:925} INFO - DAG(s) 'urban_data_streaming_demo' retrieved from /opt/airflow/dags/urban_data_streaming_dag.py
[2026-07-01T14:35:48.321+0000] {logging_mixin.py:190} INFO - [2026-07-01T14:35:48.321+0000] {dag.py:3239} INFO - Sync 1 DAGs
[2026-07-01T14:35:48.335+0000] {logging_mixin.py:190} INFO - [2026-07-01T14:35:48.335+0000] {dag.py:4180} INFO - Setting next_dagrun for urban_data_streaming_demo to None, run_after=None
[2026-07-01T14:35:48.360+0000] {processor.py:208} INFO - Processing /opt/airflow/dags/urban_data_streaming_dag.py took 0.109 seconds
[2026-07-01T14:36:18.990+0000] {processor.py:186} INFO - Started process (PID=3849) to work on /opt/airflow/dags/urban_data_streaming_dag.py
[2026-07-01T14:36:18.992+0000] {processor.py:914} INFO - Processing file /opt/airflow/dags/urban_data_streaming_dag.py for tasks to queue
[2026-07-01T14:36:18.995+0000] {logging_mixin.py:190} INFO - [2026-07-01T14:36:18.994+0000] {dagbag.py:588} INFO - Filling up the DagBag from /opt/airflow/dags/urban_data_streaming_dag.py
[2026-07-01T14:36:19.023+0000] {processor.py:925} INFO - DAG(s) 'urban_data_streaming_demo' retrieved from /opt/airflow/dags/urban_data_streaming_dag.py
[2026-07-01T14:36:19.059+0000] {logging_mixin.py:190} INFO - [2026-07-01T14:36:19.059+0000] {dag.py:3239} INFO - Sync 1 DAGs
[2026-07-01T14:36:19.073+0000] {logging_mixin.py:190} INFO - [2026-07-01T14:36:19.073+0000] {dag.py:4180} INFO - Setting next_dagrun for urban_data_streaming_demo to None, run_after=None
[2026-07-01T14:36:19.104+0000] {processor.py:208} INFO - Processing /opt/airflow/dags/urban_data_streaming_dag.py took 0.121 seconds
[2026-07-01T14:36:49.842+0000] {processor.py:186} INFO - Started process (PID=3868) to work on /opt/airflow/dags/urban_data_streaming_dag.py
[2026-07-01T14:36:49.845+0000] {processor.py:914} INFO - Processing file /opt/airflow/dags/urban_data_streaming_dag.py for tasks to queue
[2026-07-01T14:36:49.850+0000] {logging_mixin.py:190} INFO - [2026-07-01T14:36:49.849+0000] {dagbag.py:588} INFO - Filling up the DagBag from /opt/airflow/dags/urban_data_streaming_dag.py
[2026-07-01T14:36:49.885+0000] {processor.py:925} INFO - DAG(s) 'urban_data_streaming_demo' retrieved from /opt/airflow/dags/urban_data_streaming_dag.py
[2026-07-01T14:36:49.917+0000] {logging_mixin.py:190} INFO - [2026-07-01T14:36:49.917+0000] {dag.py:3239} INFO - Sync 1 DAGs
[2026-07-01T14:36:49.931+0000] {logging_mixin.py:190} INFO - [2026-07-01T14:36:49.931+0000] {dag.py:4180} INFO - Setting next_dagrun for urban_data_streaming_demo to None, run_after=None
[2026-07-01T14:36:49.955+0000] {processor.py:208} INFO - Processing /opt/airflow/dags/urban_data_streaming_dag.py took 0.126 seconds
[2026-07-01T14:37:20.667+0000] {processor.py:186} INFO - Started process (PID=3886) to work on /opt/airflow/dags/urban_data_streaming_dag.py
[2026-07-01T14:37:20.670+0000] {processor.py:914} INFO - Processing file /opt/airflow/dags/urban_data_streaming_dag.py for tasks to queue
[2026-07-01T14:37:20.676+0000] {logging_mixin.py:190} INFO - [2026-07-01T14:37:20.675+0000] {dagbag.py:588} INFO - Filling up the DagBag from /opt/airflow/dags/urban_data_streaming_dag.py
[2026-07-01T14:37:20.727+0000] {processor.py:925} INFO - DAG(s) 'urban_data_streaming_demo' retrieved from /opt/airflow/dags/urban_data_streaming_dag.py
[2026-07-01T14:37:20.771+0000] {logging_mixin.py:190} INFO - [2026-07-01T14:37:20.771+0000] {dag.py:3239} INFO - Sync 1 DAGs
[2026-07-01T14:37:20.785+0000] {logging_mixin.py:190} INFO - [2026-07-01T14:37:20.785+0000] {dag.py:4180} INFO - Setting next_dagrun for urban_data_streaming_demo to None, run_after=None
[2026-07-01T14:37:20.809+0000] {processor.py:208} INFO - Processing /opt/airflow/dags/urban_data_streaming_dag.py took 0.157 seconds
[2026-07-01T14:37:51.430+0000] {processor.py:186} INFO - Started process (PID=3904) to work on /opt/airflow/dags/urban_data_streaming_dag.py
[2026-07-01T14:37:51.431+0000] {processor.py:914} INFO - Processing file /opt/airflow/dags/urban_data_streaming_dag.py for tasks to queue
[2026-07-01T14:37:51.434+0000] {logging_mixin.py:190} INFO - [2026-07-01T14:37:51.434+0000] {dagbag.py:588} INFO - Filling up the DagBag from /opt/airflow/dags/urban_data_streaming_dag.py
[2026-07-01T14:37:51.462+0000] {processor.py:925} INFO - DAG(s) 'urban_data_streaming_demo' retrieved from /opt/airflow/dags/urban_data_streaming_dag.py
[2026-07-01T14:37:51.493+0000] {logging_mixin.py:190} INFO - [2026-07-01T14:37:51.493+0000] {dag.py:3239} INFO - Sync 1 DAGs
[2026-07-01T14:37:51.508+0000] {logging_mixin.py:190} INFO - [2026-07-01T14:37:51.507+0000] {dag.py:4180} INFO - Setting next_dagrun for urban_data_streaming_demo to None, run_after=None
[2026-07-01T14:37:51.532+0000] {processor.py:208} INFO - Processing /opt/airflow/dags/urban_data_streaming_dag.py took 0.109 seconds
[2026-07-01T14:38:22.078+0000] {processor.py:186} INFO - Started process (PID=3922) to work on /opt/airflow/dags/urban_data_streaming_dag.py
[2026-07-01T14:38:22.080+0000] {processor.py:914} INFO - Processing file /opt/airflow/dags/urban_data_streaming_dag.py for tasks to queue
[2026-07-01T14:38:22.083+0000] {logging_mixin.py:190} INFO - [2026-07-01T14:38:22.082+0000] {dagbag.py:588} INFO - Filling up the DagBag from /opt/airflow/dags/urban_data_streaming_dag.py
[2026-07-01T14:38:22.115+0000] {processor.py:925} INFO - DAG(s) 'urban_data_streaming_demo' retrieved from /opt/airflow/dags/urban_data_streaming_dag.py
[2026-07-01T14:38:22.150+0000] {logging_mixin.py:190} INFO - [2026-07-01T14:38:22.150+0000] {dag.py:3239} INFO - Sync 1 DAGs
[2026-07-01T14:38:22.166+0000] {logging_mixin.py:190} INFO - [2026-07-01T14:38:22.166+0000] {dag.py:4180} INFO - Setting next_dagrun for urban_data_streaming_demo to None, run_after=None
[2026-07-01T14:38:22.189+0000] {processor.py:208} INFO - Processing /opt/airflow/dags/urban_data_streaming_dag.py took 0.118 seconds
[2026-07-01T14:38:52.928+0000] {processor.py:186} INFO - Started process (PID=3939) to work on /opt/airflow/dags/urban_data_streaming_dag.py
[2026-07-01T14:38:52.929+0000] {processor.py:914} INFO - Processing file /opt/airflow/dags/urban_data_streaming_dag.py for tasks to queue
[2026-07-01T14:38:52.932+0000] {logging_mixin.py:190} INFO - [2026-07-01T14:38:52.931+0000] {dagbag.py:588} INFO - Filling up the DagBag from /opt/airflow/dags/urban_data_streaming_dag.py
[2026-07-01T14:38:52.964+0000] {processor.py:925} INFO - DAG(s) 'urban_data_streaming_demo' retrieved from /opt/airflow/dags/urban_data_streaming_dag.py
[2026-07-01T14:38:53.003+0000] {logging_mixin.py:190} INFO - [2026-07-01T14:38:53.003+0000] {dag.py:3239} INFO - Sync 1 DAGs
[2026-07-01T14:38:53.021+0000] {logging_mixin.py:190} INFO - [2026-07-01T14:38:53.021+0000] {dag.py:4180} INFO - Setting next_dagrun for urban_data_streaming_demo to None, run_after=None
[2026-07-01T14:38:53.045+0000] {processor.py:208} INFO - Processing /opt/airflow/dags/urban_data_streaming_dag.py took 0.124 seconds
[2026-07-01T14:39:23.692+0000] {processor.py:186} INFO - Started process (PID=3950) to work on /opt/airflow/dags/urban_data_streaming_dag.py
[2026-07-01T14:39:23.695+0000] {processor.py:914} INFO - Processing file /opt/airflow/dags/urban_data_streaming_dag.py for tasks to queue
[2026-07-01T14:39:23.702+0000] {logging_mixin.py:190} INFO - [2026-07-01T14:39:23.700+0000] {dagbag.py:588} INFO - Filling up the DagBag from /opt/airflow/dags/urban_data_streaming_dag.py
[2026-07-01T14:39:23.735+0000] {processor.py:925} INFO - DAG(s) 'urban_data_streaming_demo' retrieved from /opt/airflow/dags/urban_data_streaming_dag.py
[2026-07-01T14:39:23.769+0000] {logging_mixin.py:190} INFO - [2026-07-01T14:39:23.768+0000] {dag.py:3239} INFO - Sync 1 DAGs
[2026-07-01T14:39:23.784+0000] {logging_mixin.py:190} INFO - [2026-07-01T14:39:23.784+0000] {dag.py:4180} INFO - Setting next_dagrun for urban_data_streaming_demo to None, run_after=None
[2026-07-01T14:39:23.813+0000] {processor.py:208} INFO - Processing /opt/airflow/dags/urban_data_streaming_dag.py took 0.132 seconds
[2026-07-01T14:39:54.480+0000] {processor.py:186} INFO - Started process (PID=3969) to work on /opt/airflow/dags/urban_data_streaming_dag.py
[2026-07-01T14:39:54.482+0000] {processor.py:914} INFO - Processing file /opt/airflow/dags/urban_data_streaming_dag.py for tasks to queue
[2026-07-01T14:39:54.486+0000] {logging_mixin.py:190} INFO - [2026-07-01T14:39:54.485+0000] {dagbag.py:588} INFO - Filling up the DagBag from /opt/airflow/dags/urban_data_streaming_dag.py
[2026-07-01T14:39:54.514+0000] {processor.py:925} INFO - DAG(s) 'urban_data_streaming_demo' retrieved from /opt/airflow/dags/urban_data_streaming_dag.py
[2026-07-01T14:39:54.547+0000] {logging_mixin.py:190} INFO - [2026-07-01T14:39:54.546+0000] {dag.py:3239} INFO - Sync 1 DAGs
[2026-07-01T14:39:54.561+0000] {logging_mixin.py:190} INFO - [2026-07-01T14:39:54.561+0000] {dag.py:4180} INFO - Setting next_dagrun for urban_data_streaming_demo to None, run_after=None
[2026-07-01T14:39:54.584+0000] {processor.py:208} INFO - Processing /opt/airflow/dags/urban_data_streaming_dag.py took 0.113 seconds
[2026-07-01T14:40:25.136+0000] {processor.py:186} INFO - Started process (PID=3987) to work on /opt/airflow/dags/urban_data_streaming_dag.py
[2026-07-01T14:40:25.137+0000] {processor.py:914} INFO - Processing file /opt/airflow/dags/urban_data_streaming_dag.py for tasks to queue
[2026-07-01T14:40:25.141+0000] {logging_mixin.py:190} INFO - [2026-07-01T14:40:25.141+0000] {dagbag.py:588} INFO - Filling up the DagBag from /opt/airflow/dags/urban_data_streaming_dag.py
[2026-07-01T14:40:25.176+0000] {processor.py:925} INFO - DAG(s) 'urban_data_streaming_demo' retrieved from /opt/airflow/dags/urban_data_streaming_dag.py
[2026-07-01T14:40:25.216+0000] {logging_mixin.py:190} INFO - [2026-07-01T14:40:25.216+0000] {dag.py:3239} INFO - Sync 1 DAGs
[2026-07-01T14:40:25.232+0000] {logging_mixin.py:190} INFO - [2026-07-01T14:40:25.232+0000] {dag.py:4180} INFO - Setting next_dagrun for urban_data_streaming_demo to None, run_after=None
[2026-07-01T14:40:25.253+0000] {processor.py:208} INFO - Processing /opt/airflow/dags/urban_data_streaming_dag.py took 0.125 seconds
[2026-07-01T14:40:55.914+0000] {processor.py:186} INFO - Started process (PID=4005) to work on /opt/airflow/dags/urban_data_streaming_dag.py
[2026-07-01T14:40:55.915+0000] {processor.py:914} INFO - Processing file /opt/airflow/dags/urban_data_streaming_dag.py for tasks to queue
[2026-07-01T14:40:55.918+0000] {logging_mixin.py:190} INFO - [2026-07-01T14:40:55.918+0000] {dagbag.py:588} INFO - Filling up the DagBag from /opt/airflow/dags/urban_data_streaming_dag.py
[2026-07-01T14:40:55.948+0000] {processor.py:925} INFO - DAG(s) 'urban_data_streaming_demo' retrieved from /opt/airflow/dags/urban_data_streaming_dag.py
[2026-07-01T14:40:55.990+0000] {logging_mixin.py:190} INFO - [2026-07-01T14:40:55.990+0000] {dag.py:3239} INFO - Sync 1 DAGs
[2026-07-01T14:40:56.010+0000] {logging_mixin.py:190} INFO - [2026-07-01T14:40:56.010+0000] {dag.py:4180} INFO - Setting next_dagrun for urban_data_streaming_demo to None, run_after=None
[2026-07-01T14:40:56.037+0000] {processor.py:208} INFO - Processing /opt/airflow/dags/urban_data_streaming_dag.py took 0.129 seconds
[2026-07-01T14:41:26.763+0000] {processor.py:186} INFO - Started process (PID=4023) to work on /opt/airflow/dags/urban_data_streaming_dag.py
[2026-07-01T14:41:26.764+0000] {processor.py:914} INFO - Processing file /opt/airflow/dags/urban_data_streaming_dag.py for tasks to queue
[2026-07-01T14:41:26.771+0000] {logging_mixin.py:190} INFO - [2026-07-01T14:41:26.770+0000] {dagbag.py:588} INFO - Filling up the DagBag from /opt/airflow/dags/urban_data_streaming_dag.py
[2026-07-01T14:41:26.810+0000] {processor.py:925} INFO - DAG(s) 'urban_data_streaming_demo' retrieved from /opt/airflow/dags/urban_data_streaming_dag.py
[2026-07-01T14:41:26.845+0000] {logging_mixin.py:190} INFO - [2026-07-01T14:41:26.845+0000] {dag.py:3239} INFO - Sync 1 DAGs
[2026-07-01T14:41:26.860+0000] {logging_mixin.py:190} INFO - [2026-07-01T14:41:26.860+0000] {dag.py:4180} INFO - Setting next_dagrun for urban_data_streaming_demo to None, run_after=None
[2026-07-01T14:41:26.882+0000] {processor.py:208} INFO - Processing /opt/airflow/dags/urban_data_streaming_dag.py took 0.132 seconds
[2026-07-01T14:41:57.740+0000] {processor.py:186} INFO - Started process (PID=4041) to work on /opt/airflow/dags/urban_data_streaming_dag.py
[2026-07-01T14:41:57.744+0000] {processor.py:914} INFO - Processing file /opt/airflow/dags/urban_data_streaming_dag.py for tasks to queue
[2026-07-01T14:41:57.752+0000] {logging_mixin.py:190} INFO - [2026-07-01T14:41:57.751+0000] {dagbag.py:588} INFO - Filling up the DagBag from /opt/airflow/dags/urban_data_streaming_dag.py
[2026-07-01T14:41:57.828+0000] {processor.py:925} INFO - DAG(s) 'urban_data_streaming_demo' retrieved from /opt/airflow/dags/urban_data_streaming_dag.py
[2026-07-01T14:41:57.895+0000] {logging_mixin.py:190} INFO - [2026-07-01T14:41:57.894+0000] {dag.py:3239} INFO - Sync 1 DAGs
[2026-07-01T14:41:57.915+0000] {logging_mixin.py:190} INFO - [2026-07-01T14:41:57.914+0000] {dag.py:4180} INFO - Setting next_dagrun for urban_data_streaming_demo to None, run_after=None
[2026-07-01T14:41:57.940+0000] {processor.py:208} INFO - Processing /opt/airflow/dags/urban_data_streaming_dag.py took 0.218 seconds
[2026-07-01T14:42:28.476+0000] {processor.py:186} INFO - Started process (PID=4059) to work on /opt/airflow/dags/urban_data_streaming_dag.py
[2026-07-01T14:42:28.477+0000] {processor.py:914} INFO - Processing file /opt/airflow/dags/urban_data_streaming_dag.py for tasks to queue
[2026-07-01T14:42:28.480+0000] {logging_mixin.py:190} INFO - [2026-07-01T14:42:28.480+0000] {dagbag.py:588} INFO - Filling up the DagBag from /opt/airflow/dags/urban_data_streaming_dag.py
[2026-07-01T14:42:28.504+0000] {processor.py:925} INFO - DAG(s) 'urban_data_streaming_demo' retrieved from /opt/airflow/dags/urban_data_streaming_dag.py
[2026-07-01T14:42:28.535+0000] {logging_mixin.py:190} INFO - [2026-07-01T14:42:28.535+0000] {dag.py:3239} INFO - Sync 1 DAGs
[2026-07-01T14:42:28.552+0000] {logging_mixin.py:190} INFO - [2026-07-01T14:42:28.551+0000] {dag.py:4180} INFO - Setting next_dagrun for urban_data_streaming_demo to None, run_after=None
[2026-07-01T14:42:28.574+0000] {processor.py:208} INFO - Processing /opt/airflow/dags/urban_data_streaming_dag.py took 0.104 seconds
[2026-07-01T14:42:59.267+0000] {processor.py:186} INFO - Started process (PID=4077) to work on /opt/airflow/dags/urban_data_streaming_dag.py
[2026-07-01T14:42:59.270+0000] {processor.py:914} INFO - Processing file /opt/airflow/dags/urban_data_streaming_dag.py for tasks to queue
[2026-07-01T14:42:59.278+0000] {logging_mixin.py:190} INFO - [2026-07-01T14:42:59.277+0000] {dagbag.py:588} INFO - Filling up the DagBag from /opt/airflow/dags/urban_data_streaming_dag.py
[2026-07-01T14:42:59.334+0000] {processor.py:925} INFO - DAG(s) 'urban_data_streaming_demo' retrieved from /opt/airflow/dags/urban_data_streaming_dag.py
[2026-07-01T14:42:59.374+0000] {logging_mixin.py:190} INFO - [2026-07-01T14:42:59.373+0000] {dag.py:3239} INFO - Sync 1 DAGs
[2026-07-01T14:42:59.395+0000] {logging_mixin.py:190} INFO - [2026-07-01T14:42:59.395+0000] {dag.py:4180} INFO - Setting next_dagrun for urban_data_streaming_demo to None, run_after=None
[2026-07-01T14:42:59.425+0000] {processor.py:208} INFO - Processing /opt/airflow/dags/urban_data_streaming_dag.py took 0.180 seconds
[2026-07-01T14:43:30.025+0000] {processor.py:186} INFO - Started process (PID=4095) to work on /opt/airflow/dags/urban_data_streaming_dag.py
[2026-07-01T14:43:30.027+0000] {processor.py:914} INFO - Processing file /opt/airflow/dags/urban_data_streaming_dag.py for tasks to queue
[2026-07-01T14:43:30.030+0000] {logging_mixin.py:190} INFO - [2026-07-01T14:43:30.029+0000] {dagbag.py:588} INFO - Filling up the DagBag from /opt/airflow/dags/urban_data_streaming_dag.py
[2026-07-01T14:43:30.057+0000] {processor.py:925} INFO - DAG(s) 'urban_data_streaming_demo' retrieved from /opt/airflow/dags/urban_data_streaming_dag.py
[2026-07-01T14:43:30.096+0000] {logging_mixin.py:190} INFO - [2026-07-01T14:43:30.095+0000] {dag.py:3239} INFO - Sync 1 DAGs
[2026-07-01T14:43:30.110+0000] {logging_mixin.py:190} INFO - [2026-07-01T14:43:30.110+0000] {dag.py:4180} INFO - Setting next_dagrun for urban_data_streaming_demo to None, run_after=None
[2026-07-01T14:43:30.135+0000] {processor.py:208} INFO - Processing /opt/airflow/dags/urban_data_streaming_dag.py took 0.117 seconds
[2026-07-01T14:44:00.821+0000] {processor.py:186} INFO - Started process (PID=4114) to work on /opt/airflow/dags/urban_data_streaming_dag.py
[2026-07-01T14:44:00.826+0000] {processor.py:914} INFO - Processing file /opt/airflow/dags/urban_data_streaming_dag.py for tasks to queue
[2026-07-01T14:44:00.835+0000] {logging_mixin.py:190} INFO - [2026-07-01T14:44:00.834+0000] {dagbag.py:588} INFO - Filling up the DagBag from /opt/airflow/dags/urban_data_streaming_dag.py
[2026-07-01T14:44:00.911+0000] {processor.py:925} INFO - DAG(s) 'urban_data_streaming_demo' retrieved from /opt/airflow/dags/urban_data_streaming_dag.py
[2026-07-01T14:44:00.971+0000] {logging_mixin.py:190} INFO - [2026-07-01T14:44:00.970+0000] {dag.py:3239} INFO - Sync 1 DAGs
[2026-07-01T14:44:00.988+0000] {logging_mixin.py:190} INFO - [2026-07-01T14:44:00.987+0000] {dag.py:4180} INFO - Setting next_dagrun for urban_data_streaming_demo to None, run_after=None
[2026-07-01T14:44:01.014+0000] {processor.py:208} INFO - Processing /opt/airflow/dags/urban_data_streaming_dag.py took 0.215 seconds
[2026-07-01T14:44:31.682+0000] {processor.py:186} INFO - Started process (PID=4132) to work on /opt/airflow/dags/urban_data_streaming_dag.py
[2026-07-01T14:44:31.686+0000] {processor.py:914} INFO - Processing file /opt/airflow/dags/urban_data_streaming_dag.py for tasks to queue
[2026-07-01T14:44:31.691+0000] {logging_mixin.py:190} INFO - [2026-07-01T14:44:31.690+0000] {dagbag.py:588} INFO - Filling up the DagBag from /opt/airflow/dags/urban_data_streaming_dag.py
[2026-07-01T14:44:31.730+0000] {processor.py:925} INFO - DAG(s) 'urban_data_streaming_demo' retrieved from /opt/airflow/dags/urban_data_streaming_dag.py
[2026-07-01T14:44:31.775+0000] {logging_mixin.py:190} INFO - [2026-07-01T14:44:31.774+0000] {dag.py:3239} INFO - Sync 1 DAGs
[2026-07-01T14:44:31.794+0000] {logging_mixin.py:190} INFO - [2026-07-01T14:44:31.794+0000] {dag.py:4180} INFO - Setting next_dagrun for urban_data_streaming_demo to None, run_after=None
[2026-07-01T14:44:31.822+0000] {processor.py:208} INFO - Processing /opt/airflow/dags/urban_data_streaming_dag.py took 0.155 seconds
[2026-07-01T14:45:02.462+0000] {processor.py:186} INFO - Started process (PID=4143) to work on /opt/airflow/dags/urban_data_streaming_dag.py
[2026-07-01T14:45:02.465+0000] {processor.py:914} INFO - Processing file /opt/airflow/dags/urban_data_streaming_dag.py for tasks to queue
[2026-07-01T14:45:02.472+0000] {logging_mixin.py:190} INFO - [2026-07-01T14:45:02.471+0000] {dagbag.py:588} INFO - Filling up the DagBag from /opt/airflow/dags/urban_data_streaming_dag.py
[2026-07-01T14:45:02.518+0000] {processor.py:925} INFO - DAG(s) 'urban_data_streaming_demo' retrieved from /opt/airflow/dags/urban_data_streaming_dag.py
[2026-07-01T14:45:02.564+0000] {logging_mixin.py:190} INFO - [2026-07-01T14:45:02.564+0000] {dag.py:3239} INFO - Sync 1 DAGs
[2026-07-01T14:45:02.579+0000] {logging_mixin.py:190} INFO - [2026-07-01T14:45:02.578+0000] {dag.py:4180} INFO - Setting next_dagrun for urban_data_streaming_demo to None, run_after=None
[2026-07-01T14:45:02.603+0000] {processor.py:208} INFO - Processing /opt/airflow/dags/urban_data_streaming_dag.py took 0.156 seconds
[2026-07-01T14:45:33.311+0000] {processor.py:186} INFO - Started process (PID=4161) to work on /opt/airflow/dags/urban_data_streaming_dag.py
[2026-07-01T14:45:33.314+0000] {processor.py:914} INFO - Processing file /opt/airflow/dags/urban_data_streaming_dag.py for tasks to queue
[2026-07-01T14:45:33.324+0000] {logging_mixin.py:190} INFO - [2026-07-01T14:45:33.322+0000] {dagbag.py:588} INFO - Filling up the DagBag from /opt/airflow/dags/urban_data_streaming_dag.py
[2026-07-01T14:45:33.377+0000] {processor.py:925} INFO - DAG(s) 'urban_data_streaming_demo' retrieved from /opt/airflow/dags/urban_data_streaming_dag.py
[2026-07-01T14:45:33.427+0000] {logging_mixin.py:190} INFO - [2026-07-01T14:45:33.426+0000] {dag.py:3239} INFO - Sync 1 DAGs
[2026-07-01T14:45:33.444+0000] {logging_mixin.py:190} INFO - [2026-07-01T14:45:33.444+0000] {dag.py:4180} INFO - Setting next_dagrun for urban_data_streaming_demo to None, run_after=None
[2026-07-01T14:45:33.468+0000] {processor.py:208} INFO - Processing /opt/airflow/dags/urban_data_streaming_dag.py took 0.177 seconds
[2026-07-01T14:46:04.000+0000] {processor.py:186} INFO - Started process (PID=4179) to work on /opt/airflow/dags/urban_data_streaming_dag.py
[2026-07-01T14:46:04.001+0000] {processor.py:914} INFO - Processing file /opt/airflow/dags/urban_data_streaming_dag.py for tasks to queue
[2026-07-01T14:46:04.004+0000] {logging_mixin.py:190} INFO - [2026-07-01T14:46:04.004+0000] {dagbag.py:588} INFO - Filling up the DagBag from /opt/airflow/dags/urban_data_streaming_dag.py
[2026-07-01T14:46:04.030+0000] {processor.py:925} INFO - DAG(s) 'urban_data_streaming_demo' retrieved from /opt/airflow/dags/urban_data_streaming_dag.py
[2026-07-01T14:46:04.063+0000] {logging_mixin.py:190} INFO - [2026-07-01T14:46:04.063+0000] {dag.py:3239} INFO - Sync 1 DAGs
[2026-07-01T14:46:04.078+0000] {logging_mixin.py:190} INFO - [2026-07-01T14:46:04.077+0000] {dag.py:4180} INFO - Setting next_dagrun for urban_data_streaming_demo to None, run_after=None
[2026-07-01T14:46:04.102+0000] {processor.py:208} INFO - Processing /opt/airflow/dags/urban_data_streaming_dag.py took 0.109 seconds
[2026-07-01T14:46:34.797+0000] {processor.py:186} INFO - Started process (PID=4197) to work on /opt/airflow/dags/urban_data_streaming_dag.py
[2026-07-01T14:46:34.799+0000] {processor.py:914} INFO - Processing file /opt/airflow/dags/urban_data_streaming_dag.py for tasks to queue
[2026-07-01T14:46:34.801+0000] {logging_mixin.py:190} INFO - [2026-07-01T14:46:34.801+0000] {dagbag.py:588} INFO - Filling up the DagBag from /opt/airflow/dags/urban_data_streaming_dag.py
[2026-07-01T14:46:34.829+0000] {processor.py:925} INFO - DAG(s) 'urban_data_streaming_demo' retrieved from /opt/airflow/dags/urban_data_streaming_dag.py
[2026-07-01T14:46:34.861+0000] {logging_mixin.py:190} INFO - [2026-07-01T14:46:34.861+0000] {dag.py:3239} INFO - Sync 1 DAGs
[2026-07-01T14:46:34.876+0000] {logging_mixin.py:190} INFO - [2026-07-01T14:46:34.875+0000] {dag.py:4180} INFO - Setting next_dagrun for urban_data_streaming_demo to None, run_after=None
[2026-07-01T14:46:34.898+0000] {processor.py:208} INFO - Processing /opt/airflow/dags/urban_data_streaming_dag.py took 0.107 seconds
[2026-07-01T14:47:05.780+0000] {processor.py:186} INFO - Started process (PID=4215) to work on /opt/airflow/dags/urban_data_streaming_dag.py
[2026-07-01T14:47:05.781+0000] {processor.py:914} INFO - Processing file /opt/airflow/dags/urban_data_streaming_dag.py for tasks to queue
[2026-07-01T14:47:05.785+0000] {logging_mixin.py:190} INFO - [2026-07-01T14:47:05.784+0000] {dagbag.py:588} INFO - Filling up the DagBag from /opt/airflow/dags/urban_data_streaming_dag.py
[2026-07-01T14:47:05.811+0000] {processor.py:925} INFO - DAG(s) 'urban_data_streaming_demo' retrieved from /opt/airflow/dags/urban_data_streaming_dag.py
[2026-07-01T14:47:05.846+0000] {logging_mixin.py:190} INFO - [2026-07-01T14:47:05.846+0000] {dag.py:3239} INFO - Sync 1 DAGs
[2026-07-01T14:47:05.864+0000] {logging_mixin.py:190} INFO - [2026-07-01T14:47:05.863+0000] {dag.py:4180} INFO - Setting next_dagrun for urban_data_streaming_demo to None, run_after=None
[2026-07-01T14:47:05.885+0000] {processor.py:208} INFO - Processing /opt/airflow/dags/urban_data_streaming_dag.py took 0.113 seconds
[2026-07-01T14:47:36.563+0000] {processor.py:186} INFO - Started process (PID=4234) to work on /opt/airflow/dags/urban_data_streaming_dag.py
[2026-07-01T14:47:36.566+0000] {processor.py:914} INFO - Processing file /opt/airflow/dags/urban_data_streaming_dag.py for tasks to queue
[2026-07-01T14:47:36.572+0000] {logging_mixin.py:190} INFO - [2026-07-01T14:47:36.571+0000] {dagbag.py:588} INFO - Filling up the DagBag from /opt/airflow/dags/urban_data_streaming_dag.py
[2026-07-01T14:47:36.624+0000] {processor.py:925} INFO - DAG(s) 'urban_data_streaming_demo' retrieved from /opt/airflow/dags/urban_data_streaming_dag.py
[2026-07-01T14:47:36.674+0000] {logging_mixin.py:190} INFO - [2026-07-01T14:47:36.673+0000] {dag.py:3239} INFO - Sync 1 DAGs
[2026-07-01T14:47:36.689+0000] {logging_mixin.py:190} INFO - [2026-07-01T14:47:36.689+0000] {dag.py:4180} INFO - Setting next_dagrun for urban_data_streaming_demo to None, run_after=None
[2026-07-01T14:47:36.718+0000] {processor.py:208} INFO - Processing /opt/airflow/dags/urban_data_streaming_dag.py took 0.170 seconds
[2026-07-01T14:48:07.410+0000] {processor.py:186} INFO - Started process (PID=4252) to work on /opt/airflow/dags/urban_data_streaming_dag.py
[2026-07-01T14:48:07.413+0000] {processor.py:914} INFO - Processing file /opt/airflow/dags/urban_data_streaming_dag.py for tasks to queue
[2026-07-01T14:48:07.420+0000] {logging_mixin.py:190} INFO - [2026-07-01T14:48:07.419+0000] {dagbag.py:588} INFO - Filling up the DagBag from /opt/airflow/dags/urban_data_streaming_dag.py
[2026-07-01T14:48:07.473+0000] {processor.py:925} INFO - DAG(s) 'urban_data_streaming_demo' retrieved from /opt/airflow/dags/urban_data_streaming_dag.py
[2026-07-01T14:48:07.522+0000] {logging_mixin.py:190} INFO - [2026-07-01T14:48:07.521+0000] {dag.py:3239} INFO - Sync 1 DAGs
[2026-07-01T14:48:07.537+0000] {logging_mixin.py:190} INFO - [2026-07-01T14:48:07.537+0000] {dag.py:4180} INFO - Setting next_dagrun for urban_data_streaming_demo to None, run_after=None
[2026-07-01T14:48:07.559+0000] {processor.py:208} INFO - Processing /opt/airflow/dags/urban_data_streaming_dag.py took 0.164 seconds
[2026-07-01T14:48:38.251+0000] {processor.py:186} INFO - Started process (PID=4270) to work on /opt/airflow/dags/urban_data_streaming_dag.py
[2026-07-01T14:48:38.252+0000] {processor.py:914} INFO - Processing file /opt/airflow/dags/urban_data_streaming_dag.py for tasks to queue
[2026-07-01T14:48:38.256+0000] {logging_mixin.py:190} INFO - [2026-07-01T14:48:38.255+0000] {dagbag.py:588} INFO - Filling up the DagBag from /opt/airflow/dags/urban_data_streaming_dag.py
[2026-07-01T14:48:38.289+0000] {processor.py:925} INFO - DAG(s) 'urban_data_streaming_demo' retrieved from /opt/airflow/dags/urban_data_streaming_dag.py
[2026-07-01T14:48:38.324+0000] {logging_mixin.py:190} INFO - [2026-07-01T14:48:38.324+0000] {dag.py:3239} INFO - Sync 1 DAGs
[2026-07-01T14:48:38.339+0000] {logging_mixin.py:190} INFO - [2026-07-01T14:48:38.339+0000] {dag.py:4180} INFO - Setting next_dagrun for urban_data_streaming_demo to None, run_after=None
[2026-07-01T14:48:38.363+0000] {processor.py:208} INFO - Processing /opt/airflow/dags/urban_data_streaming_dag.py took 0.119 seconds
[2026-07-01T14:49:08.899+0000] {processor.py:186} INFO - Started process (PID=4288) to work on /opt/airflow/dags/urban_data_streaming_dag.py
[2026-07-01T14:49:08.901+0000] {processor.py:914} INFO - Processing file /opt/airflow/dags/urban_data_streaming_dag.py for tasks to queue
[2026-07-01T14:49:08.904+0000] {logging_mixin.py:190} INFO - [2026-07-01T14:49:08.903+0000] {dagbag.py:588} INFO - Filling up the DagBag from /opt/airflow/dags/urban_data_streaming_dag.py
[2026-07-01T14:49:08.950+0000] {processor.py:925} INFO - DAG(s) 'urban_data_streaming_demo' retrieved from /opt/airflow/dags/urban_data_streaming_dag.py
[2026-07-01T14:49:09.016+0000] {logging_mixin.py:190} INFO - [2026-07-01T14:49:09.015+0000] {dag.py:3239} INFO - Sync 1 DAGs
[2026-07-01T14:49:09.041+0000] {logging_mixin.py:190} INFO - [2026-07-01T14:49:09.041+0000] {dag.py:4180} INFO - Setting next_dagrun for urban_data_streaming_demo to None, run_after=None
[2026-07-01T14:49:09.070+0000] {processor.py:208} INFO - Processing /opt/airflow/dags/urban_data_streaming_dag.py took 0.176 seconds
[2026-07-01T14:49:39.756+0000] {processor.py:186} INFO - Started process (PID=4306) to work on /opt/airflow/dags/urban_data_streaming_dag.py
[2026-07-01T14:49:39.758+0000] {processor.py:914} INFO - Processing file /opt/airflow/dags/urban_data_streaming_dag.py for tasks to queue
[2026-07-01T14:49:39.761+0000] {logging_mixin.py:190} INFO - [2026-07-01T14:49:39.760+0000] {dagbag.py:588} INFO - Filling up the DagBag from /opt/airflow/dags/urban_data_streaming_dag.py
[2026-07-01T14:49:39.791+0000] {processor.py:925} INFO - DAG(s) 'urban_data_streaming_demo' retrieved from /opt/airflow/dags/urban_data_streaming_dag.py
[2026-07-01T14:49:39.823+0000] {logging_mixin.py:190} INFO - [2026-07-01T14:49:39.823+0000] {dag.py:3239} INFO - Sync 1 DAGs
[2026-07-01T14:49:39.839+0000] {logging_mixin.py:190} INFO - [2026-07-01T14:49:39.839+0000] {dag.py:4180} INFO - Setting next_dagrun for urban_data_streaming_demo to None, run_after=None
[2026-07-01T14:49:39.865+0000] {processor.py:208} INFO - Processing /opt/airflow/dags/urban_data_streaming_dag.py took 0.117 seconds
[2026-07-01T14:50:10.465+0000] {processor.py:186} INFO - Started process (PID=4324) to work on /opt/airflow/dags/urban_data_streaming_dag.py
[2026-07-01T14:50:10.466+0000] {processor.py:914} INFO - Processing file /opt/airflow/dags/urban_data_streaming_dag.py for tasks to queue
[2026-07-01T14:50:10.468+0000] {logging_mixin.py:190} INFO - [2026-07-01T14:50:10.468+0000] {dagbag.py:588} INFO - Filling up the DagBag from /opt/airflow/dags/urban_data_streaming_dag.py
[2026-07-01T14:50:10.493+0000] {processor.py:925} INFO - DAG(s) 'urban_data_streaming_demo' retrieved from /opt/airflow/dags/urban_data_streaming_dag.py
[2026-07-01T14:50:10.529+0000] {logging_mixin.py:190} INFO - [2026-07-01T14:50:10.529+0000] {dag.py:3239} INFO - Sync 1 DAGs
[2026-07-01T14:50:10.546+0000] {logging_mixin.py:190} INFO - [2026-07-01T14:50:10.546+0000] {dag.py:4180} INFO - Setting next_dagrun for urban_data_streaming_demo to None, run_after=None
[2026-07-01T14:50:10.572+0000] {processor.py:208} INFO - Processing /opt/airflow/dags/urban_data_streaming_dag.py took 0.113 seconds
[2026-07-01T14:50:41.165+0000] {processor.py:186} INFO - Started process (PID=4342) to work on /opt/airflow/dags/urban_data_streaming_dag.py
[2026-07-01T14:50:41.168+0000] {processor.py:914} INFO - Processing file /opt/airflow/dags/urban_data_streaming_dag.py for tasks to queue
[2026-07-01T14:50:41.174+0000] {logging_mixin.py:190} INFO - [2026-07-01T14:50:41.173+0000] {dagbag.py:588} INFO - Filling up the DagBag from /opt/airflow/dags/urban_data_streaming_dag.py
[2026-07-01T14:50:41.208+0000] {processor.py:925} INFO - DAG(s) 'urban_data_streaming_demo' retrieved from /opt/airflow/dags/urban_data_streaming_dag.py
[2026-07-01T14:50:41.247+0000] {logging_mixin.py:190} INFO - [2026-07-01T14:50:41.247+0000] {dag.py:3239} INFO - Sync 1 DAGs
[2026-07-01T14:50:41.264+0000] {logging_mixin.py:190} INFO - [2026-07-01T14:50:41.264+0000] {dag.py:4180} INFO - Setting next_dagrun for urban_data_streaming_demo to None, run_after=None
[2026-07-01T14:50:41.291+0000] {processor.py:208} INFO - Processing /opt/airflow/dags/urban_data_streaming_dag.py took 0.139 seconds
[2026-07-01T14:51:11.927+0000] {processor.py:186} INFO - Started process (PID=4359) to work on /opt/airflow/dags/urban_data_streaming_dag.py
[2026-07-01T14:51:11.928+0000] {processor.py:914} INFO - Processing file /opt/airflow/dags/urban_data_streaming_dag.py for tasks to queue
[2026-07-01T14:51:11.931+0000] {logging_mixin.py:190} INFO - [2026-07-01T14:51:11.930+0000] {dagbag.py:588} INFO - Filling up the DagBag from /opt/airflow/dags/urban_data_streaming_dag.py
[2026-07-01T14:51:11.956+0000] {processor.py:925} INFO - DAG(s) 'urban_data_streaming_demo' retrieved from /opt/airflow/dags/urban_data_streaming_dag.py
[2026-07-01T14:51:11.988+0000] {logging_mixin.py:190} INFO - [2026-07-01T14:51:11.988+0000] {dag.py:3239} INFO - Sync 1 DAGs
[2026-07-01T14:51:12.003+0000] {logging_mixin.py:190} INFO - [2026-07-01T14:51:12.003+0000] {dag.py:4180} INFO - Setting next_dagrun for urban_data_streaming_demo to None, run_after=None
[2026-07-01T14:51:12.025+0000] {processor.py:208} INFO - Processing /opt/airflow/dags/urban_data_streaming_dag.py took 0.103 seconds
[2026-07-01T14:51:42.751+0000] {processor.py:186} INFO - Started process (PID=4370) to work on /opt/airflow/dags/urban_data_streaming_dag.py
[2026-07-01T14:51:42.755+0000] {processor.py:914} INFO - Processing file /opt/airflow/dags/urban_data_streaming_dag.py for tasks to queue
[2026-07-01T14:51:42.763+0000] {logging_mixin.py:190} INFO - [2026-07-01T14:51:42.762+0000] {dagbag.py:588} INFO - Filling up the DagBag from /opt/airflow/dags/urban_data_streaming_dag.py
[2026-07-01T14:51:42.834+0000] {processor.py:925} INFO - DAG(s) 'urban_data_streaming_demo' retrieved from /opt/airflow/dags/urban_data_streaming_dag.py
[2026-07-01T14:51:42.878+0000] {logging_mixin.py:190} INFO - [2026-07-01T14:51:42.878+0000] {dag.py:3239} INFO - Sync 1 DAGs
[2026-07-01T14:51:42.895+0000] {logging_mixin.py:190} INFO - [2026-07-01T14:51:42.895+0000] {dag.py:4180} INFO - Setting next_dagrun for urban_data_streaming_demo to None, run_after=None
[2026-07-01T14:51:42.917+0000] {processor.py:208} INFO - Processing /opt/airflow/dags/urban_data_streaming_dag.py took 0.183 seconds
[2026-07-01T14:52:13.713+0000] {processor.py:186} INFO - Started process (PID=4388) to work on /opt/airflow/dags/urban_data_streaming_dag.py
[2026-07-01T14:52:13.717+0000] {processor.py:914} INFO - Processing file /opt/airflow/dags/urban_data_streaming_dag.py for tasks to queue
[2026-07-01T14:52:13.723+0000] {logging_mixin.py:190} INFO - [2026-07-01T14:52:13.721+0000] {dagbag.py:588} INFO - Filling up the DagBag from /opt/airflow/dags/urban_data_streaming_dag.py
[2026-07-01T14:52:13.808+0000] {processor.py:925} INFO - DAG(s) 'urban_data_streaming_demo' retrieved from /opt/airflow/dags/urban_data_streaming_dag.py
[2026-07-01T14:52:13.873+0000] {logging_mixin.py:190} INFO - [2026-07-01T14:52:13.873+0000] {dag.py:3239} INFO - Sync 1 DAGs
[2026-07-01T14:52:13.891+0000] {logging_mixin.py:190} INFO - [2026-07-01T14:52:13.891+0000] {dag.py:4180} INFO - Setting next_dagrun for urban_data_streaming_demo to None, run_after=None
[2026-07-01T14:52:13.923+0000] {processor.py:208} INFO - Processing /opt/airflow/dags/urban_data_streaming_dag.py took 0.224 seconds
[2026-07-01T14:52:44.617+0000] {processor.py:186} INFO - Started process (PID=4406) to work on /opt/airflow/dags/urban_data_streaming_dag.py
[2026-07-01T14:52:44.620+0000] {processor.py:914} INFO - Processing file /opt/airflow/dags/urban_data_streaming_dag.py for tasks to queue
[2026-07-01T14:52:44.627+0000] {logging_mixin.py:190} INFO - [2026-07-01T14:52:44.626+0000] {dagbag.py:588} INFO - Filling up the DagBag from /opt/airflow/dags/urban_data_streaming_dag.py
[2026-07-01T14:52:44.733+0000] {processor.py:925} INFO - DAG(s) 'urban_data_streaming_demo' retrieved from /opt/airflow/dags/urban_data_streaming_dag.py
[2026-07-01T14:52:44.792+0000] {logging_mixin.py:190} INFO - [2026-07-01T14:52:44.791+0000] {dag.py:3239} INFO - Sync 1 DAGs
[2026-07-01T14:52:44.811+0000] {logging_mixin.py:190} INFO - [2026-07-01T14:52:44.811+0000] {dag.py:4180} INFO - Setting next_dagrun for urban_data_streaming_demo to None, run_after=None
[2026-07-01T14:52:44.836+0000] {processor.py:208} INFO - Processing /opt/airflow/dags/urban_data_streaming_dag.py took 0.236 seconds
[2026-07-01T14:53:15.538+0000] {processor.py:186} INFO - Started process (PID=4424) to work on /opt/airflow/dags/urban_data_streaming_dag.py
[2026-07-01T14:53:15.540+0000] {processor.py:914} INFO - Processing file /opt/airflow/dags/urban_data_streaming_dag.py for tasks to queue
[2026-07-01T14:53:15.545+0000] {logging_mixin.py:190} INFO - [2026-07-01T14:53:15.545+0000] {dagbag.py:588} INFO - Filling up the DagBag from /opt/airflow/dags/urban_data_streaming_dag.py
[2026-07-01T14:53:15.576+0000] {processor.py:925} INFO - DAG(s) 'urban_data_streaming_demo' retrieved from /opt/airflow/dags/urban_data_streaming_dag.py
[2026-07-01T14:53:15.609+0000] {logging_mixin.py:190} INFO - [2026-07-01T14:53:15.609+0000] {dag.py:3239} INFO - Sync 1 DAGs
[2026-07-01T14:53:15.624+0000] {logging_mixin.py:190} INFO - [2026-07-01T14:53:15.624+0000] {dag.py:4180} INFO - Setting next_dagrun for urban_data_streaming_demo to None, run_after=None
[2026-07-01T14:53:15.647+0000] {processor.py:208} INFO - Processing /opt/airflow/dags/urban_data_streaming_dag.py took 0.122 seconds
[2026-07-01T14:53:46.259+0000] {processor.py:186} INFO - Started process (PID=4442) to work on /opt/airflow/dags/urban_data_streaming_dag.py
[2026-07-01T14:53:46.260+0000] {processor.py:914} INFO - Processing file /opt/airflow/dags/urban_data_streaming_dag.py for tasks to queue
[2026-07-01T14:53:46.265+0000] {logging_mixin.py:190} INFO - [2026-07-01T14:53:46.264+0000] {dagbag.py:588} INFO - Filling up the DagBag from /opt/airflow/dags/urban_data_streaming_dag.py
[2026-07-01T14:53:46.294+0000] {processor.py:925} INFO - DAG(s) 'urban_data_streaming_demo' retrieved from /opt/airflow/dags/urban_data_streaming_dag.py
[2026-07-01T14:53:46.330+0000] {logging_mixin.py:190} INFO - [2026-07-01T14:53:46.330+0000] {dag.py:3239} INFO - Sync 1 DAGs
[2026-07-01T14:53:46.345+0000] {logging_mixin.py:190} INFO - [2026-07-01T14:53:46.345+0000] {dag.py:4180} INFO - Setting next_dagrun for urban_data_streaming_demo to None, run_after=None
[2026-07-01T14:53:46.372+0000] {processor.py:208} INFO - Processing /opt/airflow/dags/urban_data_streaming_dag.py took 0.119 seconds
[2026-07-01T14:54:16.933+0000] {processor.py:186} INFO - Started process (PID=4460) to work on /opt/airflow/dags/urban_data_streaming_dag.py
[2026-07-01T14:54:16.935+0000] {processor.py:914} INFO - Processing file /opt/airflow/dags/urban_data_streaming_dag.py for tasks to queue
[2026-07-01T14:54:16.939+0000] {logging_mixin.py:190} INFO - [2026-07-01T14:54:16.938+0000] {dagbag.py:588} INFO - Filling up the DagBag from /opt/airflow/dags/urban_data_streaming_dag.py
[2026-07-01T14:54:16.973+0000] {processor.py:925} INFO - DAG(s) 'urban_data_streaming_demo' retrieved from /opt/airflow/dags/urban_data_streaming_dag.py
[2026-07-01T14:54:17.004+0000] {logging_mixin.py:190} INFO - [2026-07-01T14:54:17.004+0000] {dag.py:3239} INFO - Sync 1 DAGs
[2026-07-01T14:54:17.023+0000] {logging_mixin.py:190} INFO - [2026-07-01T14:54:17.023+0000] {dag.py:4180} INFO - Setting next_dagrun for urban_data_streaming_demo to None, run_after=None
[2026-07-01T14:54:17.050+0000] {processor.py:208} INFO - Processing /opt/airflow/dags/urban_data_streaming_dag.py took 0.124 seconds
[2026-07-01T14:54:47.816+0000] {processor.py:186} INFO - Started process (PID=4478) to work on /opt/airflow/dags/urban_data_streaming_dag.py
[2026-07-01T14:54:47.818+0000] {processor.py:914} INFO - Processing file /opt/airflow/dags/urban_data_streaming_dag.py for tasks to queue
[2026-07-01T14:54:47.822+0000] {logging_mixin.py:190} INFO - [2026-07-01T14:54:47.821+0000] {dagbag.py:588} INFO - Filling up the DagBag from /opt/airflow/dags/urban_data_streaming_dag.py
[2026-07-01T14:54:47.853+0000] {processor.py:925} INFO - DAG(s) 'urban_data_streaming_demo' retrieved from /opt/airflow/dags/urban_data_streaming_dag.py
[2026-07-01T14:54:47.887+0000] {logging_mixin.py:190} INFO - [2026-07-01T14:54:47.886+0000] {dag.py:3239} INFO - Sync 1 DAGs
[2026-07-01T14:54:47.900+0000] {logging_mixin.py:190} INFO - [2026-07-01T14:54:47.900+0000] {dag.py:4180} INFO - Setting next_dagrun for urban_data_streaming_demo to None, run_after=None
[2026-07-01T14:54:47.921+0000] {processor.py:208} INFO - Processing /opt/airflow/dags/urban_data_streaming_dag.py took 0.119 seconds
[2026-07-01T14:55:18.725+0000] {processor.py:186} INFO - Started process (PID=4496) to work on /opt/airflow/dags/urban_data_streaming_dag.py
[2026-07-01T14:55:18.727+0000] {processor.py:914} INFO - Processing file /opt/airflow/dags/urban_data_streaming_dag.py for tasks to queue
[2026-07-01T14:55:18.733+0000] {logging_mixin.py:190} INFO - [2026-07-01T14:55:18.732+0000] {dagbag.py:588} INFO - Filling up the DagBag from /opt/airflow/dags/urban_data_streaming_dag.py
[2026-07-01T14:55:18.765+0000] {processor.py:925} INFO - DAG(s) 'urban_data_streaming_demo' retrieved from /opt/airflow/dags/urban_data_streaming_dag.py
[2026-07-01T14:55:18.797+0000] {logging_mixin.py:190} INFO - [2026-07-01T14:55:18.797+0000] {dag.py:3239} INFO - Sync 1 DAGs
[2026-07-01T14:55:18.811+0000] {logging_mixin.py:190} INFO - [2026-07-01T14:55:18.811+0000] {dag.py:4180} INFO - Setting next_dagrun for urban_data_streaming_demo to None, run_after=None
[2026-07-01T14:55:18.831+0000] {processor.py:208} INFO - Processing /opt/airflow/dags/urban_data_streaming_dag.py took 0.117 seconds
[2026-07-01T14:55:49.499+0000] {processor.py:186} INFO - Started process (PID=4514) to work on /opt/airflow/dags/urban_data_streaming_dag.py
[2026-07-01T14:55:49.500+0000] {processor.py:914} INFO - Processing file /opt/airflow/dags/urban_data_streaming_dag.py for tasks to queue
[2026-07-01T14:55:49.503+0000] {logging_mixin.py:190} INFO - [2026-07-01T14:55:49.502+0000] {dagbag.py:588} INFO - Filling up the DagBag from /opt/airflow/dags/urban_data_streaming_dag.py
[2026-07-01T14:55:49.528+0000] {processor.py:925} INFO - DAG(s) 'urban_data_streaming_demo' retrieved from /opt/airflow/dags/urban_data_streaming_dag.py
[2026-07-01T14:55:49.565+0000] {logging_mixin.py:190} INFO - [2026-07-01T14:55:49.564+0000] {dag.py:3239} INFO - Sync 1 DAGs
[2026-07-01T14:55:49.582+0000] {logging_mixin.py:190} INFO - [2026-07-01T14:55:49.582+0000] {dag.py:4180} INFO - Setting next_dagrun for urban_data_streaming_demo to None, run_after=None
[2026-07-01T14:55:49.614+0000] {processor.py:208} INFO - Processing /opt/airflow/dags/urban_data_streaming_dag.py took 0.121 seconds
[2026-07-01T14:56:19.795+0000] {processor.py:186} INFO - Started process (PID=4531) to work on /opt/airflow/dags/urban_data_streaming_dag.py
[2026-07-01T14:56:19.797+0000] {processor.py:914} INFO - Processing file /opt/airflow/dags/urban_data_streaming_dag.py for tasks to queue
[2026-07-01T14:56:19.800+0000] {logging_mixin.py:190} INFO - [2026-07-01T14:56:19.800+0000] {dagbag.py:588} INFO - Filling up the DagBag from /opt/airflow/dags/urban_data_streaming_dag.py
[2026-07-01T14:56:19.824+0000] {processor.py:925} INFO - DAG(s) 'urban_data_streaming_demo' retrieved from /opt/airflow/dags/urban_data_streaming_dag.py
[2026-07-01T14:56:19.856+0000] {logging_mixin.py:190} INFO - [2026-07-01T14:56:19.856+0000] {dag.py:3239} INFO - Sync 1 DAGs
[2026-07-01T14:56:19.871+0000] {logging_mixin.py:190} INFO - [2026-07-01T14:56:19.871+0000] {dag.py:4180} INFO - Setting next_dagrun for urban_data_streaming_demo to None, run_after=None
[2026-07-01T14:56:19.896+0000] {processor.py:208} INFO - Processing /opt/airflow/dags/urban_data_streaming_dag.py took 0.107 seconds
[2026-07-01T14:56:50.944+0000] {processor.py:186} INFO - Started process (PID=4542) to work on /opt/airflow/dags/urban_data_streaming_dag.py
[2026-07-01T14:56:50.946+0000] {processor.py:914} INFO - Processing file /opt/airflow/dags/urban_data_streaming_dag.py for tasks to queue
[2026-07-01T14:56:50.950+0000] {logging_mixin.py:190} INFO - [2026-07-01T14:56:50.950+0000] {dagbag.py:588} INFO - Filling up the DagBag from /opt/airflow/dags/urban_data_streaming_dag.py
[2026-07-01T14:56:51.004+0000] {processor.py:925} INFO - DAG(s) 'urban_data_streaming_demo' retrieved from /opt/airflow/dags/urban_data_streaming_dag.py
[2026-07-01T14:56:51.035+0000] {logging_mixin.py:190} INFO - [2026-07-01T14:56:51.034+0000] {dag.py:3239} INFO - Sync 1 DAGs
[2026-07-01T14:56:51.048+0000] {logging_mixin.py:190} INFO - [2026-07-01T14:56:51.048+0000] {dag.py:4180} INFO - Setting next_dagrun for urban_data_streaming_demo to None, run_after=None
[2026-07-01T14:56:51.068+0000] {processor.py:208} INFO - Processing /opt/airflow/dags/urban_data_streaming_dag.py took 0.139 seconds
[2026-07-01T14:57:22.091+0000] {processor.py:186} INFO - Started process (PID=4560) to work on /opt/airflow/dags/urban_data_streaming_dag.py
[2026-07-01T14:57:22.092+0000] {processor.py:914} INFO - Processing file /opt/airflow/dags/urban_data_streaming_dag.py for tasks to queue
[2026-07-01T14:57:22.096+0000] {logging_mixin.py:190} INFO - [2026-07-01T14:57:22.095+0000] {dagbag.py:588} INFO - Filling up the DagBag from /opt/airflow/dags/urban_data_streaming_dag.py
[2026-07-01T14:57:22.135+0000] {processor.py:925} INFO - DAG(s) 'urban_data_streaming_demo' retrieved from /opt/airflow/dags/urban_data_streaming_dag.py
[2026-07-01T14:57:22.174+0000] {logging_mixin.py:190} INFO - [2026-07-01T14:57:22.174+0000] {dag.py:3239} INFO - Sync 1 DAGs
[2026-07-01T14:57:22.195+0000] {logging_mixin.py:190} INFO - [2026-07-01T14:57:22.195+0000] {dag.py:4180} INFO - Setting next_dagrun for urban_data_streaming_demo to None, run_after=None
[2026-07-01T14:57:22.235+0000] {processor.py:208} INFO - Processing /opt/airflow/dags/urban_data_streaming_dag.py took 0.152 seconds
[2026-07-01T14:57:52.657+0000] {processor.py:186} INFO - Started process (PID=4578) to work on /opt/airflow/dags/urban_data_streaming_dag.py
[2026-07-01T14:57:52.660+0000] {processor.py:914} INFO - Processing file /opt/airflow/dags/urban_data_streaming_dag.py for tasks to queue
[2026-07-01T14:57:52.663+0000] {logging_mixin.py:190} INFO - [2026-07-01T14:57:52.663+0000] {dagbag.py:588} INFO - Filling up the DagBag from /opt/airflow/dags/urban_data_streaming_dag.py
[2026-07-01T14:57:52.708+0000] {processor.py:925} INFO - DAG(s) 'urban_data_streaming_demo' retrieved from /opt/airflow/dags/urban_data_streaming_dag.py
[2026-07-01T14:57:52.742+0000] {logging_mixin.py:190} INFO - [2026-07-01T14:57:52.742+0000] {dag.py:3239} INFO - Sync 1 DAGs
[2026-07-01T14:57:52.758+0000] {logging_mixin.py:190} INFO - [2026-07-01T14:57:52.758+0000] {dag.py:4180} INFO - Setting next_dagrun for urban_data_streaming_demo to None, run_after=None
[2026-07-01T14:57:52.784+0000] {processor.py:208} INFO - Processing /opt/airflow/dags/urban_data_streaming_dag.py took 0.137 seconds
[2026-07-01T14:58:23.016+0000] {processor.py:186} INFO - Started process (PID=4596) to work on /opt/airflow/dags/urban_data_streaming_dag.py
[2026-07-01T14:58:23.020+0000] {processor.py:914} INFO - Processing file /opt/airflow/dags/urban_data_streaming_dag.py for tasks to queue
[2026-07-01T14:58:23.026+0000] {logging_mixin.py:190} INFO - [2026-07-01T14:58:23.026+0000] {dagbag.py:588} INFO - Filling up the DagBag from /opt/airflow/dags/urban_data_streaming_dag.py
[2026-07-01T14:58:23.129+0000] {processor.py:925} INFO - DAG(s) 'urban_data_streaming_demo' retrieved from /opt/airflow/dags/urban_data_streaming_dag.py
[2026-07-01T14:58:23.183+0000] {logging_mixin.py:190} INFO - [2026-07-01T14:58:23.183+0000] {dag.py:3239} INFO - Sync 1 DAGs
[2026-07-01T14:58:23.198+0000] {logging_mixin.py:190} INFO - [2026-07-01T14:58:23.198+0000] {dag.py:4180} INFO - Setting next_dagrun for urban_data_streaming_demo to None, run_after=None
[2026-07-01T14:58:23.228+0000] {processor.py:208} INFO - Processing /opt/airflow/dags/urban_data_streaming_dag.py took 0.232 seconds
[2026-07-01T14:58:53.859+0000] {processor.py:186} INFO - Started process (PID=4614) to work on /opt/airflow/dags/urban_data_streaming_dag.py
[2026-07-01T14:58:53.862+0000] {processor.py:914} INFO - Processing file /opt/airflow/dags/urban_data_streaming_dag.py for tasks to queue
[2026-07-01T14:58:53.867+0000] {logging_mixin.py:190} INFO - [2026-07-01T14:58:53.867+0000] {dagbag.py:588} INFO - Filling up the DagBag from /opt/airflow/dags/urban_data_streaming_dag.py
[2026-07-01T14:58:53.972+0000] {processor.py:925} INFO - DAG(s) 'urban_data_streaming_demo' retrieved from /opt/airflow/dags/urban_data_streaming_dag.py
[2026-07-01T14:58:54.013+0000] {logging_mixin.py:190} INFO - [2026-07-01T14:58:54.013+0000] {dag.py:3239} INFO - Sync 1 DAGs
[2026-07-01T14:58:54.032+0000] {logging_mixin.py:190} INFO - [2026-07-01T14:58:54.031+0000] {dag.py:4180} INFO - Setting next_dagrun for urban_data_streaming_demo to None, run_after=None
[2026-07-01T14:58:54.072+0000] {processor.py:208} INFO - Processing /opt/airflow/dags/urban_data_streaming_dag.py took 0.238 seconds
[2026-07-01T14:59:24.480+0000] {processor.py:186} INFO - Started process (PID=4632) to work on /opt/airflow/dags/urban_data_streaming_dag.py
[2026-07-01T14:59:24.482+0000] {processor.py:914} INFO - Processing file /opt/airflow/dags/urban_data_streaming_dag.py for tasks to queue
[2026-07-01T14:59:24.486+0000] {logging_mixin.py:190} INFO - [2026-07-01T14:59:24.485+0000] {dagbag.py:588} INFO - Filling up the DagBag from /opt/airflow/dags/urban_data_streaming_dag.py
[2026-07-01T14:59:24.531+0000] {processor.py:925} INFO - DAG(s) 'urban_data_streaming_demo' retrieved from /opt/airflow/dags/urban_data_streaming_dag.py
[2026-07-01T14:59:24.575+0000] {logging_mixin.py:190} INFO - [2026-07-01T14:59:24.575+0000] {dag.py:3239} INFO - Sync 1 DAGs
[2026-07-01T14:59:24.589+0000] {logging_mixin.py:190} INFO - [2026-07-01T14:59:24.589+0000] {dag.py:4180} INFO - Setting next_dagrun for urban_data_streaming_demo to None, run_after=None
[2026-07-01T14:59:24.618+0000] {processor.py:208} INFO - Processing /opt/airflow/dags/urban_data_streaming_dag.py took 0.162 seconds
[2026-07-01T14:59:55.161+0000] {processor.py:186} INFO - Started process (PID=4650) to work on /opt/airflow/dags/urban_data_streaming_dag.py
[2026-07-01T14:59:55.163+0000] {processor.py:914} INFO - Processing file /opt/airflow/dags/urban_data_streaming_dag.py for tasks to queue
[2026-07-01T14:59:55.168+0000] {logging_mixin.py:190} INFO - [2026-07-01T14:59:55.167+0000] {dagbag.py:588} INFO - Filling up the DagBag from /opt/airflow/dags/urban_data_streaming_dag.py
[2026-07-01T14:59:55.201+0000] {processor.py:925} INFO - DAG(s) 'urban_data_streaming_demo' retrieved from /opt/airflow/dags/urban_data_streaming_dag.py
[2026-07-01T14:59:55.230+0000] {logging_mixin.py:190} INFO - [2026-07-01T14:59:55.230+0000] {dag.py:3239} INFO - Sync 1 DAGs
[2026-07-01T14:59:55.243+0000] {logging_mixin.py:190} INFO - [2026-07-01T14:59:55.243+0000] {dag.py:4180} INFO - Setting next_dagrun for urban_data_streaming_demo to None, run_after=None
[2026-07-01T14:59:55.266+0000] {processor.py:208} INFO - Processing /opt/airflow/dags/urban_data_streaming_dag.py took 0.115 seconds
[2026-07-01T15:00:25.497+0000] {processor.py:186} INFO - Started process (PID=4668) to work on /opt/airflow/dags/urban_data_streaming_dag.py
[2026-07-01T15:00:25.503+0000] {processor.py:914} INFO - Processing file /opt/airflow/dags/urban_data_streaming_dag.py for tasks to queue
[2026-07-01T15:00:25.508+0000] {logging_mixin.py:190} INFO - [2026-07-01T15:00:25.507+0000] {dagbag.py:588} INFO - Filling up the DagBag from /opt/airflow/dags/urban_data_streaming_dag.py
[2026-07-01T15:00:25.607+0000] {processor.py:925} INFO - DAG(s) 'urban_data_streaming_demo' retrieved from /opt/airflow/dags/urban_data_streaming_dag.py
[2026-07-01T15:00:25.639+0000] {logging_mixin.py:190} INFO - [2026-07-01T15:00:25.639+0000] {dag.py:3239} INFO - Sync 1 DAGs
[2026-07-01T15:00:25.653+0000] {logging_mixin.py:190} INFO - [2026-07-01T15:00:25.653+0000] {dag.py:4180} INFO - Setting next_dagrun for urban_data_streaming_demo to None, run_after=None
[2026-07-01T15:00:25.678+0000] {processor.py:208} INFO - Processing /opt/airflow/dags/urban_data_streaming_dag.py took 0.215 seconds
[2026-07-01T15:00:56.254+0000] {processor.py:186} INFO - Started process (PID=4686) to work on /opt/airflow/dags/urban_data_streaming_dag.py
[2026-07-01T15:00:56.257+0000] {processor.py:914} INFO - Processing file /opt/airflow/dags/urban_data_streaming_dag.py for tasks to queue
[2026-07-01T15:00:56.262+0000] {logging_mixin.py:190} INFO - [2026-07-01T15:00:56.261+0000] {dagbag.py:588} INFO - Filling up the DagBag from /opt/airflow/dags/urban_data_streaming_dag.py
[2026-07-01T15:00:56.360+0000] {processor.py:925} INFO - DAG(s) 'urban_data_streaming_demo' retrieved from /opt/airflow/dags/urban_data_streaming_dag.py
[2026-07-01T15:00:56.404+0000] {logging_mixin.py:190} INFO - [2026-07-01T15:00:56.404+0000] {dag.py:3239} INFO - Sync 1 DAGs
[2026-07-01T15:00:56.422+0000] {logging_mixin.py:190} INFO - [2026-07-01T15:00:56.422+0000] {dag.py:4180} INFO - Setting next_dagrun for urban_data_streaming_demo to None, run_after=None
[2026-07-01T15:00:56.457+0000] {processor.py:208} INFO - Processing /opt/airflow/dags/urban_data_streaming_dag.py took 0.227 seconds
[2026-07-01T15:01:27.004+0000] {processor.py:186} INFO - Started process (PID=4703) to work on /opt/airflow/dags/urban_data_streaming_dag.py
[2026-07-01T15:01:27.006+0000] {processor.py:914} INFO - Processing file /opt/airflow/dags/urban_data_streaming_dag.py for tasks to queue
[2026-07-01T15:01:27.009+0000] {logging_mixin.py:190} INFO - [2026-07-01T15:01:27.009+0000] {dagbag.py:588} INFO - Filling up the DagBag from /opt/airflow/dags/urban_data_streaming_dag.py
[2026-07-01T15:01:27.060+0000] {processor.py:925} INFO - DAG(s) 'urban_data_streaming_demo' retrieved from /opt/airflow/dags/urban_data_streaming_dag.py
[2026-07-01T15:01:27.087+0000] {logging_mixin.py:190} INFO - [2026-07-01T15:01:27.087+0000] {dag.py:3239} INFO - Sync 1 DAGs
[2026-07-01T15:01:27.100+0000] {logging_mixin.py:190} INFO - [2026-07-01T15:01:27.100+0000] {dag.py:4180} INFO - Setting next_dagrun for urban_data_streaming_demo to None, run_after=None
[2026-07-01T15:01:27.125+0000] {processor.py:208} INFO - Processing /opt/airflow/dags/urban_data_streaming_dag.py took 0.127 seconds
[2026-07-01T15:01:58.139+0000] {processor.py:186} INFO - Started process (PID=4721) to work on /opt/airflow/dags/urban_data_streaming_dag.py
[2026-07-01T15:01:58.140+0000] {processor.py:914} INFO - Processing file /opt/airflow/dags/urban_data_streaming_dag.py for tasks to queue
[2026-07-01T15:01:58.143+0000] {logging_mixin.py:190} INFO - [2026-07-01T15:01:58.142+0000] {dagbag.py:588} INFO - Filling up the DagBag from /opt/airflow/dags/urban_data_streaming_dag.py
[2026-07-01T15:01:58.166+0000] {processor.py:925} INFO - DAG(s) 'urban_data_streaming_demo' retrieved from /opt/airflow/dags/urban_data_streaming_dag.py
[2026-07-01T15:01:58.199+0000] {logging_mixin.py:190} INFO - [2026-07-01T15:01:58.198+0000] {dag.py:3239} INFO - Sync 1 DAGs
[2026-07-01T15:01:58.215+0000] {logging_mixin.py:190} INFO - [2026-07-01T15:01:58.214+0000] {dag.py:4180} INFO - Setting next_dagrun for urban_data_streaming_demo to None, run_after=None
[2026-07-01T15:01:58.240+0000] {processor.py:208} INFO - Processing /opt/airflow/dags/urban_data_streaming_dag.py took 0.107 seconds
[2026-07-01T15:02:28.560+0000] {processor.py:186} INFO - Started process (PID=4732) to work on /opt/airflow/dags/urban_data_streaming_dag.py
[2026-07-01T15:02:28.563+0000] {processor.py:914} INFO - Processing file /opt/airflow/dags/urban_data_streaming_dag.py for tasks to queue
[2026-07-01T15:02:28.567+0000] {logging_mixin.py:190} INFO - [2026-07-01T15:02:28.566+0000] {dagbag.py:588} INFO - Filling up the DagBag from /opt/airflow/dags/urban_data_streaming_dag.py
[2026-07-01T15:02:28.614+0000] {processor.py:925} INFO - DAG(s) 'urban_data_streaming_demo' retrieved from /opt/airflow/dags/urban_data_streaming_dag.py
[2026-07-01T15:02:28.644+0000] {logging_mixin.py:190} INFO - [2026-07-01T15:02:28.644+0000] {dag.py:3239} INFO - Sync 1 DAGs
[2026-07-01T15:02:28.658+0000] {logging_mixin.py:190} INFO - [2026-07-01T15:02:28.657+0000] {dag.py:4180} INFO - Setting next_dagrun for urban_data_streaming_demo to None, run_after=None
[2026-07-01T15:02:28.684+0000] {processor.py:208} INFO - Processing /opt/airflow/dags/urban_data_streaming_dag.py took 0.142 seconds
[2026-07-01T15:02:58.794+0000] {processor.py:186} INFO - Started process (PID=4750) to work on /opt/airflow/dags/urban_data_streaming_dag.py
[2026-07-01T15:02:58.796+0000] {processor.py:914} INFO - Processing file /opt/airflow/dags/urban_data_streaming_dag.py for tasks to queue
[2026-07-01T15:02:58.800+0000] {logging_mixin.py:190} INFO - [2026-07-01T15:02:58.800+0000] {dagbag.py:588} INFO - Filling up the DagBag from /opt/airflow/dags/urban_data_streaming_dag.py
[2026-07-01T15:02:58.848+0000] {processor.py:925} INFO - DAG(s) 'urban_data_streaming_demo' retrieved from /opt/airflow/dags/urban_data_streaming_dag.py
[2026-07-01T15:02:58.880+0000] {logging_mixin.py:190} INFO - [2026-07-01T15:02:58.880+0000] {dag.py:3239} INFO - Sync 1 DAGs
[2026-07-01T15:02:58.896+0000] {logging_mixin.py:190} INFO - [2026-07-01T15:02:58.895+0000] {dag.py:4180} INFO - Setting next_dagrun for urban_data_streaming_demo to None, run_after=None
[2026-07-01T15:02:58.920+0000] {processor.py:208} INFO - Processing /opt/airflow/dags/urban_data_streaming_dag.py took 0.133 seconds
[2026-07-01T15:03:29.865+0000] {processor.py:186} INFO - Started process (PID=4768) to work on /opt/airflow/dags/urban_data_streaming_dag.py
[2026-07-01T15:03:29.874+0000] {processor.py:914} INFO - Processing file /opt/airflow/dags/urban_data_streaming_dag.py for tasks to queue
[2026-07-01T15:03:29.893+0000] {logging_mixin.py:190} INFO - [2026-07-01T15:03:29.891+0000] {dagbag.py:588} INFO - Filling up the DagBag from /opt/airflow/dags/urban_data_streaming_dag.py
[2026-07-01T15:03:29.951+0000] {processor.py:925} INFO - DAG(s) 'urban_data_streaming_demo' retrieved from /opt/airflow/dags/urban_data_streaming_dag.py
[2026-07-01T15:03:29.985+0000] {logging_mixin.py:190} INFO - [2026-07-01T15:03:29.985+0000] {dag.py:3239} INFO - Sync 1 DAGs
[2026-07-01T15:03:29.999+0000] {logging_mixin.py:190} INFO - [2026-07-01T15:03:29.999+0000] {dag.py:4180} INFO - Setting next_dagrun for urban_data_streaming_demo to None, run_after=None
[2026-07-01T15:03:30.022+0000] {processor.py:208} INFO - Processing /opt/airflow/dags/urban_data_streaming_dag.py took 0.204 seconds
[2026-07-01T15:04:00.779+0000] {processor.py:186} INFO - Started process (PID=4786) to work on /opt/airflow/dags/urban_data_streaming_dag.py
[2026-07-01T15:04:00.781+0000] {processor.py:914} INFO - Processing file /opt/airflow/dags/urban_data_streaming_dag.py for tasks to queue
[2026-07-01T15:04:00.784+0000] {logging_mixin.py:190} INFO - [2026-07-01T15:04:00.784+0000] {dagbag.py:588} INFO - Filling up the DagBag from /opt/airflow/dags/urban_data_streaming_dag.py
[2026-07-01T15:04:00.813+0000] {processor.py:925} INFO - DAG(s) 'urban_data_streaming_demo' retrieved from /opt/airflow/dags/urban_data_streaming_dag.py
[2026-07-01T15:04:00.846+0000] {logging_mixin.py:190} INFO - [2026-07-01T15:04:00.845+0000] {dag.py:3239} INFO - Sync 1 DAGs
[2026-07-01T15:04:00.860+0000] {logging_mixin.py:190} INFO - [2026-07-01T15:04:00.860+0000] {dag.py:4180} INFO - Setting next_dagrun for urban_data_streaming_demo to None, run_after=None
[2026-07-01T15:04:00.882+0000] {processor.py:208} INFO - Processing /opt/airflow/dags/urban_data_streaming_dag.py took 0.108 seconds
[2026-07-01T15:04:31.455+0000] {processor.py:186} INFO - Started process (PID=4804) to work on /opt/airflow/dags/urban_data_streaming_dag.py
[2026-07-01T15:04:31.456+0000] {processor.py:914} INFO - Processing file /opt/airflow/dags/urban_data_streaming_dag.py for tasks to queue
[2026-07-01T15:04:31.457+0000] {logging_mixin.py:190} INFO - [2026-07-01T15:04:31.457+0000] {dagbag.py:588} INFO - Filling up the DagBag from /opt/airflow/dags/urban_data_streaming_dag.py
[2026-07-01T15:04:31.469+0000] {processor.py:925} INFO - DAG(s) 'urban_data_streaming_demo' retrieved from /opt/airflow/dags/urban_data_streaming_dag.py
[2026-07-01T15:04:31.488+0000] {logging_mixin.py:190} INFO - [2026-07-01T15:04:31.488+0000] {dag.py:3239} INFO - Sync 1 DAGs
[2026-07-01T15:04:31.497+0000] {logging_mixin.py:190} INFO - [2026-07-01T15:04:31.497+0000] {dag.py:4180} INFO - Setting next_dagrun for urban_data_streaming_demo to None, run_after=None
[2026-07-01T15:04:31.515+0000] {processor.py:208} INFO - Processing /opt/airflow/dags/urban_data_streaming_dag.py took 0.064 seconds
[2026-07-01T15:05:02.177+0000] {processor.py:186} INFO - Started process (PID=4822) to work on /opt/airflow/dags/urban_data_streaming_dag.py
[2026-07-01T15:05:02.179+0000] {processor.py:914} INFO - Processing file /opt/airflow/dags/urban_data_streaming_dag.py for tasks to queue
[2026-07-01T15:05:02.186+0000] {logging_mixin.py:190} INFO - [2026-07-01T15:05:02.185+0000] {dagbag.py:588} INFO - Filling up the DagBag from /opt/airflow/dags/urban_data_streaming_dag.py
[2026-07-01T15:05:02.228+0000] {processor.py:925} INFO - DAG(s) 'urban_data_streaming_demo' retrieved from /opt/airflow/dags/urban_data_streaming_dag.py
[2026-07-01T15:05:02.259+0000] {logging_mixin.py:190} INFO - [2026-07-01T15:05:02.259+0000] {dag.py:3239} INFO - Sync 1 DAGs
[2026-07-01T15:05:02.272+0000] {logging_mixin.py:190} INFO - [2026-07-01T15:05:02.272+0000] {dag.py:4180} INFO - Setting next_dagrun for urban_data_streaming_demo to None, run_after=None
[2026-07-01T15:05:02.293+0000] {processor.py:208} INFO - Processing /opt/airflow/dags/urban_data_streaming_dag.py took 0.140 seconds
[2026-07-01T15:05:32.499+0000] {processor.py:186} INFO - Started process (PID=4840) to work on /opt/airflow/dags/urban_data_streaming_dag.py
[2026-07-01T15:05:32.504+0000] {processor.py:914} INFO - Processing file /opt/airflow/dags/urban_data_streaming_dag.py for tasks to queue
[2026-07-01T15:05:32.510+0000] {logging_mixin.py:190} INFO - [2026-07-01T15:05:32.509+0000] {dagbag.py:588} INFO - Filling up the DagBag from /opt/airflow/dags/urban_data_streaming_dag.py
[2026-07-01T15:05:32.553+0000] {processor.py:925} INFO - DAG(s) 'urban_data_streaming_demo' retrieved from /opt/airflow/dags/urban_data_streaming_dag.py
[2026-07-01T15:05:32.587+0000] {logging_mixin.py:190} INFO - [2026-07-01T15:05:32.587+0000] {dag.py:3239} INFO - Sync 1 DAGs
[2026-07-01T15:05:32.608+0000] {logging_mixin.py:190} INFO - [2026-07-01T15:05:32.608+0000] {dag.py:4180} INFO - Setting next_dagrun for urban_data_streaming_demo to None, run_after=None
[2026-07-01T15:05:32.634+0000] {processor.py:208} INFO - Processing /opt/airflow/dags/urban_data_streaming_dag.py took 0.155 seconds
[2026-07-01T15:06:03.212+0000] {processor.py:186} INFO - Started process (PID=4858) to work on /opt/airflow/dags/urban_data_streaming_dag.py
[2026-07-01T15:06:03.214+0000] {processor.py:914} INFO - Processing file /opt/airflow/dags/urban_data_streaming_dag.py for tasks to queue
[2026-07-01T15:06:03.220+0000] {logging_mixin.py:190} INFO - [2026-07-01T15:06:03.219+0000] {dagbag.py:588} INFO - Filling up the DagBag from /opt/airflow/dags/urban_data_streaming_dag.py
[2026-07-01T15:06:03.314+0000] {processor.py:925} INFO - DAG(s) 'urban_data_streaming_demo' retrieved from /opt/airflow/dags/urban_data_streaming_dag.py
[2026-07-01T15:06:03.440+0000] {logging_mixin.py:190} INFO - [2026-07-01T15:06:03.440+0000] {dag.py:3239} INFO - Sync 1 DAGs
[2026-07-01T15:06:03.454+0000] {logging_mixin.py:190} INFO - [2026-07-01T15:06:03.454+0000] {dag.py:4180} INFO - Setting next_dagrun for urban_data_streaming_demo to None, run_after=None
[2026-07-01T15:06:03.475+0000] {processor.py:208} INFO - Processing /opt/airflow/dags/urban_data_streaming_dag.py took 0.279 seconds
[2026-07-01T15:06:33.666+0000] {processor.py:186} INFO - Started process (PID=4876) to work on /opt/airflow/dags/urban_data_streaming_dag.py
[2026-07-01T15:06:33.667+0000] {processor.py:914} INFO - Processing file /opt/airflow/dags/urban_data_streaming_dag.py for tasks to queue
[2026-07-01T15:06:33.670+0000] {logging_mixin.py:190} INFO - [2026-07-01T15:06:33.670+0000] {dagbag.py:588} INFO - Filling up the DagBag from /opt/airflow/dags/urban_data_streaming_dag.py
[2026-07-01T15:06:33.696+0000] {processor.py:925} INFO - DAG(s) 'urban_data_streaming_demo' retrieved from /opt/airflow/dags/urban_data_streaming_dag.py
[2026-07-01T15:06:33.742+0000] {logging_mixin.py:190} INFO - [2026-07-01T15:06:33.742+0000] {dag.py:3239} INFO - Sync 1 DAGs
[2026-07-01T15:06:33.757+0000] {logging_mixin.py:190} INFO - [2026-07-01T15:06:33.757+0000] {dag.py:4180} INFO - Setting next_dagrun for urban_data_streaming_demo to None, run_after=None
[2026-07-01T15:06:33.782+0000] {processor.py:208} INFO - Processing /opt/airflow/dags/urban_data_streaming_dag.py took 0.126 seconds
[2026-07-01T15:07:04.028+0000] {processor.py:186} INFO - Started process (PID=4894) to work on /opt/airflow/dags/urban_data_streaming_dag.py
[2026-07-01T15:07:04.031+0000] {processor.py:914} INFO - Processing file /opt/airflow/dags/urban_data_streaming_dag.py for tasks to queue
[2026-07-01T15:07:04.035+0000] {logging_mixin.py:190} INFO - [2026-07-01T15:07:04.034+0000] {dagbag.py:588} INFO - Filling up the DagBag from /opt/airflow/dags/urban_data_streaming_dag.py
[2026-07-01T15:07:04.076+0000] {processor.py:925} INFO - DAG(s) 'urban_data_streaming_demo' retrieved from /opt/airflow/dags/urban_data_streaming_dag.py
[2026-07-01T15:07:04.120+0000] {logging_mixin.py:190} INFO - [2026-07-01T15:07:04.120+0000] {dag.py:3239} INFO - Sync 1 DAGs
[2026-07-01T15:07:04.139+0000] {logging_mixin.py:190} INFO - [2026-07-01T15:07:04.139+0000] {dag.py:4180} INFO - Setting next_dagrun for urban_data_streaming_demo to None, run_after=None
[2026-07-01T15:07:04.171+0000] {processor.py:208} INFO - Processing /opt/airflow/dags/urban_data_streaming_dag.py took 0.153 seconds
[2026-07-01T15:07:34.947+0000] {processor.py:186} INFO - Started process (PID=4911) to work on /opt/airflow/dags/urban_data_streaming_dag.py
[2026-07-01T15:07:34.949+0000] {processor.py:914} INFO - Processing file /opt/airflow/dags/urban_data_streaming_dag.py for tasks to queue
[2026-07-01T15:07:34.953+0000] {logging_mixin.py:190} INFO - [2026-07-01T15:07:34.953+0000] {dagbag.py:588} INFO - Filling up the DagBag from /opt/airflow/dags/urban_data_streaming_dag.py
[2026-07-01T15:07:35.004+0000] {processor.py:925} INFO - DAG(s) 'urban_data_streaming_demo' retrieved from /opt/airflow/dags/urban_data_streaming_dag.py
[2026-07-01T15:07:35.039+0000] {logging_mixin.py:190} INFO - [2026-07-01T15:07:35.039+0000] {dag.py:3239} INFO - Sync 1 DAGs
[2026-07-01T15:07:35.055+0000] {logging_mixin.py:190} INFO - [2026-07-01T15:07:35.055+0000] {dag.py:4180} INFO - Setting next_dagrun for urban_data_streaming_demo to None, run_after=None
[2026-07-01T15:07:35.083+0000] {processor.py:208} INFO - Processing /opt/airflow/dags/urban_data_streaming_dag.py took 0.142 seconds
[2026-07-01T15:08:05.855+0000] {processor.py:186} INFO - Started process (PID=4922) to work on /opt/airflow/dags/urban_data_streaming_dag.py
[2026-07-01T15:08:05.857+0000] {processor.py:914} INFO - Processing file /opt/airflow/dags/urban_data_streaming_dag.py for tasks to queue
[2026-07-01T15:08:05.862+0000] {logging_mixin.py:190} INFO - [2026-07-01T15:08:05.862+0000] {dagbag.py:588} INFO - Filling up the DagBag from /opt/airflow/dags/urban_data_streaming_dag.py
[2026-07-01T15:08:05.894+0000] {processor.py:925} INFO - DAG(s) 'urban_data_streaming_demo' retrieved from /opt/airflow/dags/urban_data_streaming_dag.py
[2026-07-01T15:08:05.922+0000] {logging_mixin.py:190} INFO - [2026-07-01T15:08:05.922+0000] {dag.py:3239} INFO - Sync 1 DAGs
[2026-07-01T15:08:05.935+0000] {logging_mixin.py:190} INFO - [2026-07-01T15:08:05.935+0000] {dag.py:4180} INFO - Setting next_dagrun for urban_data_streaming_demo to None, run_after=None
[2026-07-01T15:08:05.957+0000] {processor.py:208} INFO - Processing /opt/airflow/dags/urban_data_streaming_dag.py took 0.114 seconds
[2026-07-01T15:08:36.249+0000] {processor.py:186} INFO - Started process (PID=4940) to work on /opt/airflow/dags/urban_data_streaming_dag.py
[2026-07-01T15:08:36.251+0000] {processor.py:914} INFO - Processing file /opt/airflow/dags/urban_data_streaming_dag.py for tasks to queue
[2026-07-01T15:08:36.253+0000] {logging_mixin.py:190} INFO - [2026-07-01T15:08:36.253+0000] {dagbag.py:588} INFO - Filling up the DagBag from /opt/airflow/dags/urban_data_streaming_dag.py
[2026-07-01T15:08:36.283+0000] {processor.py:925} INFO - DAG(s) 'urban_data_streaming_demo' retrieved from /opt/airflow/dags/urban_data_streaming_dag.py
[2026-07-01T15:08:36.317+0000] {logging_mixin.py:190} INFO - [2026-07-01T15:08:36.317+0000] {dag.py:3239} INFO - Sync 1 DAGs
[2026-07-01T15:08:36.333+0000] {logging_mixin.py:190} INFO - [2026-07-01T15:08:36.332+0000] {dag.py:4180} INFO - Setting next_dagrun for urban_data_streaming_demo to None, run_after=None
[2026-07-01T15:08:36.356+0000] {processor.py:208} INFO - Processing /opt/airflow/dags/urban_data_streaming_dag.py took 0.112 seconds
[2026-07-01T15:09:06.414+0000] {processor.py:186} INFO - Started process (PID=4958) to work on /opt/airflow/dags/urban_data_streaming_dag.py
[2026-07-01T15:09:06.415+0000] {processor.py:914} INFO - Processing file /opt/airflow/dags/urban_data_streaming_dag.py for tasks to queue
[2026-07-01T15:09:06.419+0000] {logging_mixin.py:190} INFO - [2026-07-01T15:09:06.419+0000] {dagbag.py:588} INFO - Filling up the DagBag from /opt/airflow/dags/urban_data_streaming_dag.py
[2026-07-01T15:09:06.449+0000] {processor.py:925} INFO - DAG(s) 'urban_data_streaming_demo' retrieved from /opt/airflow/dags/urban_data_streaming_dag.py
[2026-07-01T15:09:06.482+0000] {logging_mixin.py:190} INFO - [2026-07-01T15:09:06.482+0000] {dag.py:3239} INFO - Sync 1 DAGs
[2026-07-01T15:09:06.495+0000] {logging_mixin.py:190} INFO - [2026-07-01T15:09:06.495+0000] {dag.py:4180} INFO - Setting next_dagrun for urban_data_streaming_demo to None, run_after=None
[2026-07-01T15:09:06.516+0000] {processor.py:208} INFO - Processing /opt/airflow/dags/urban_data_streaming_dag.py took 0.109 seconds
[2026-07-01T15:09:37.139+0000] {processor.py:186} INFO - Started process (PID=4976) to work on /opt/airflow/dags/urban_data_streaming_dag.py
[2026-07-01T15:09:37.141+0000] {processor.py:914} INFO - Processing file /opt/airflow/dags/urban_data_streaming_dag.py for tasks to queue
[2026-07-01T15:09:37.149+0000] {logging_mixin.py:190} INFO - [2026-07-01T15:09:37.147+0000] {dagbag.py:588} INFO - Filling up the DagBag from /opt/airflow/dags/urban_data_streaming_dag.py
[2026-07-01T15:09:37.205+0000] {processor.py:925} INFO - DAG(s) 'urban_data_streaming_demo' retrieved from /opt/airflow/dags/urban_data_streaming_dag.py
[2026-07-01T15:09:37.235+0000] {logging_mixin.py:190} INFO - [2026-07-01T15:09:37.234+0000] {dag.py:3239} INFO - Sync 1 DAGs
[2026-07-01T15:09:37.249+0000] {logging_mixin.py:190} INFO - [2026-07-01T15:09:37.249+0000] {dag.py:4180} INFO - Setting next_dagrun for urban_data_streaming_demo to None, run_after=None
[2026-07-01T15:09:37.284+0000] {processor.py:208} INFO - Processing /opt/airflow/dags/urban_data_streaming_dag.py took 0.153 seconds
[2026-07-01T15:10:08.040+0000] {processor.py:186} INFO - Started process (PID=4994) to work on /opt/airflow/dags/urban_data_streaming_dag.py
[2026-07-01T15:10:08.043+0000] {processor.py:914} INFO - Processing file /opt/airflow/dags/urban_data_streaming_dag.py for tasks to queue
[2026-07-01T15:10:08.053+0000] {logging_mixin.py:190} INFO - [2026-07-01T15:10:08.051+0000] {dagbag.py:588} INFO - Filling up the DagBag from /opt/airflow/dags/urban_data_streaming_dag.py
[2026-07-01T15:10:08.113+0000] {processor.py:925} INFO - DAG(s) 'urban_data_streaming_demo' retrieved from /opt/airflow/dags/urban_data_streaming_dag.py
[2026-07-01T15:10:08.152+0000] {logging_mixin.py:190} INFO - [2026-07-01T15:10:08.152+0000] {dag.py:3239} INFO - Sync 1 DAGs
[2026-07-01T15:10:08.166+0000] {logging_mixin.py:190} INFO - [2026-07-01T15:10:08.166+0000] {dag.py:4180} INFO - Setting next_dagrun for urban_data_streaming_demo to None, run_after=None
[2026-07-01T15:10:08.193+0000] {processor.py:208} INFO - Processing /opt/airflow/dags/urban_data_streaming_dag.py took 0.175 seconds
[2026-07-01T15:10:38.947+0000] {processor.py:186} INFO - Started process (PID=5012) to work on /opt/airflow/dags/urban_data_streaming_dag.py
[2026-07-01T15:10:38.949+0000] {processor.py:914} INFO - Processing file /opt/airflow/dags/urban_data_streaming_dag.py for tasks to queue
[2026-07-01T15:10:38.954+0000] {logging_mixin.py:190} INFO - [2026-07-01T15:10:38.952+0000] {dagbag.py:588} INFO - Filling up the DagBag from /opt/airflow/dags/urban_data_streaming_dag.py
[2026-07-01T15:10:38.999+0000] {processor.py:925} INFO - DAG(s) 'urban_data_streaming_demo' retrieved from /opt/airflow/dags/urban_data_streaming_dag.py
[2026-07-01T15:10:39.028+0000] {logging_mixin.py:190} INFO - [2026-07-01T15:10:39.028+0000] {dag.py:3239} INFO - Sync 1 DAGs
[2026-07-01T15:10:39.043+0000] {logging_mixin.py:190} INFO - [2026-07-01T15:10:39.042+0000] {dag.py:4180} INFO - Setting next_dagrun for urban_data_streaming_demo to None, run_after=None
[2026-07-01T15:10:39.074+0000] {processor.py:208} INFO - Processing /opt/airflow/dags/urban_data_streaming_dag.py took 0.140 seconds
[2026-07-01T15:11:09.346+0000] {processor.py:186} INFO - Started process (PID=5030) to work on /opt/airflow/dags/urban_data_streaming_dag.py
[2026-07-01T15:11:09.352+0000] {processor.py:914} INFO - Processing file /opt/airflow/dags/urban_data_streaming_dag.py for tasks to queue
[2026-07-01T15:11:09.361+0000] {logging_mixin.py:190} INFO - [2026-07-01T15:11:09.361+0000] {dagbag.py:588} INFO - Filling up the DagBag from /opt/airflow/dags/urban_data_streaming_dag.py
[2026-07-01T15:11:09.416+0000] {processor.py:925} INFO - DAG(s) 'urban_data_streaming_demo' retrieved from /opt/airflow/dags/urban_data_streaming_dag.py
[2026-07-01T15:11:09.460+0000] {logging_mixin.py:190} INFO - [2026-07-01T15:11:09.460+0000] {dag.py:3239} INFO - Sync 1 DAGs
[2026-07-01T15:11:09.479+0000] {logging_mixin.py:190} INFO - [2026-07-01T15:11:09.479+0000] {dag.py:4180} INFO - Setting next_dagrun for urban_data_streaming_demo to None, run_after=None
[2026-07-01T15:11:09.521+0000] {processor.py:208} INFO - Processing /opt/airflow/dags/urban_data_streaming_dag.py took 0.189 seconds
[2026-07-01T15:11:37.427+0000] {processor.py:186} INFO - Started process (PID=5048) to work on /opt/airflow/dags/urban_data_streaming_dag.py
[2026-07-01T15:11:37.429+0000] {processor.py:914} INFO - Processing file /opt/airflow/dags/urban_data_streaming_dag.py for tasks to queue
[2026-07-01T15:11:37.434+0000] {logging_mixin.py:190} INFO - [2026-07-01T15:11:37.433+0000] {dagbag.py:588} INFO - Filling up the DagBag from /opt/airflow/dags/urban_data_streaming_dag.py
[2026-07-01T15:11:37.498+0000] {processor.py:925} INFO - DAG(s) 'urban_data_streaming_demo' retrieved from /opt/airflow/dags/urban_data_streaming_dag.py
[2026-07-01T15:11:37.836+0000] {logging_mixin.py:190} INFO - [2026-07-01T15:11:37.836+0000] {dag.py:3239} INFO - Sync 1 DAGs
[2026-07-01T15:11:37.848+0000] {logging_mixin.py:190} INFO - [2026-07-01T15:11:37.848+0000] {dag.py:4180} INFO - Setting next_dagrun for urban_data_streaming_demo to None, run_after=None
[2026-07-01T15:11:37.896+0000] {processor.py:208} INFO - Processing /opt/airflow/dags/urban_data_streaming_dag.py took 0.479 seconds
[2026-07-01T15:12:08.201+0000] {processor.py:186} INFO - Started process (PID=5067) to work on /opt/airflow/dags/urban_data_streaming_dag.py
[2026-07-01T15:12:08.204+0000] {processor.py:914} INFO - Processing file /opt/airflow/dags/urban_data_streaming_dag.py for tasks to queue
[2026-07-01T15:12:08.209+0000] {logging_mixin.py:190} INFO - [2026-07-01T15:12:08.208+0000] {dagbag.py:588} INFO - Filling up the DagBag from /opt/airflow/dags/urban_data_streaming_dag.py
[2026-07-01T15:12:08.244+0000] {processor.py:925} INFO - DAG(s) 'urban_data_streaming_demo' retrieved from /opt/airflow/dags/urban_data_streaming_dag.py
[2026-07-01T15:12:08.287+0000] {logging_mixin.py:190} INFO - [2026-07-01T15:12:08.286+0000] {dag.py:3239} INFO - Sync 1 DAGs
[2026-07-01T15:12:08.301+0000] {logging_mixin.py:190} INFO - [2026-07-01T15:12:08.301+0000] {dag.py:4180} INFO - Setting next_dagrun for urban_data_streaming_demo to None, run_after=None
[2026-07-01T15:12:08.325+0000] {processor.py:208} INFO - Processing /opt/airflow/dags/urban_data_streaming_dag.py took 0.134 seconds
[2026-07-01T15:12:39.122+0000] {processor.py:186} INFO - Started process (PID=5084) to work on /opt/airflow/dags/urban_data_streaming_dag.py
[2026-07-01T15:12:39.123+0000] {processor.py:914} INFO - Processing file /opt/airflow/dags/urban_data_streaming_dag.py for tasks to queue
[2026-07-01T15:12:39.126+0000] {logging_mixin.py:190} INFO - [2026-07-01T15:12:39.126+0000] {dagbag.py:588} INFO - Filling up the DagBag from /opt/airflow/dags/urban_data_streaming_dag.py
[2026-07-01T15:12:39.182+0000] {processor.py:925} INFO - DAG(s) 'urban_data_streaming_demo' retrieved from /opt/airflow/dags/urban_data_streaming_dag.py
[2026-07-01T15:12:39.219+0000] {logging_mixin.py:190} INFO - [2026-07-01T15:12:39.219+0000] {dag.py:3239} INFO - Sync 1 DAGs
[2026-07-01T15:12:39.235+0000] {logging_mixin.py:190} INFO - [2026-07-01T15:12:39.234+0000] {dag.py:4180} INFO - Setting next_dagrun for urban_data_streaming_demo to None, run_after=None
[2026-07-01T15:12:39.261+0000] {processor.py:208} INFO - Processing /opt/airflow/dags/urban_data_streaming_dag.py took 0.147 seconds
[2026-07-01T15:13:26.323+0000] {processor.py:186} INFO - Started process (PID=191) to work on /opt/airflow/dags/urban_data_streaming_dag.py
[2026-07-01T15:13:26.326+0000] {processor.py:914} INFO - Processing file /opt/airflow/dags/urban_data_streaming_dag.py for tasks to queue
[2026-07-01T15:13:26.328+0000] {logging_mixin.py:190} INFO - [2026-07-01T15:13:26.328+0000] {dagbag.py:588} INFO - Filling up the DagBag from /opt/airflow/dags/urban_data_streaming_dag.py
[2026-07-01T15:13:26.367+0000] {processor.py:925} INFO - DAG(s) 'urban_data_streaming_demo' retrieved from /opt/airflow/dags/urban_data_streaming_dag.py
[2026-07-01T15:13:26.422+0000] {logging_mixin.py:190} INFO - [2026-07-01T15:13:26.422+0000] {dag.py:3239} INFO - Sync 1 DAGs
[2026-07-01T15:13:26.434+0000] {logging_mixin.py:190} INFO - [2026-07-01T15:13:26.434+0000] {dag.py:4180} INFO - Setting next_dagrun for urban_data_streaming_demo to None, run_after=None
[2026-07-01T15:13:26.454+0000] {processor.py:208} INFO - Processing /opt/airflow/dags/urban_data_streaming_dag.py took 0.136 seconds
[2026-07-01T15:13:57.261+0000] {processor.py:186} INFO - Started process (PID=223) to work on /opt/airflow/dags/urban_data_streaming_dag.py
[2026-07-01T15:13:57.263+0000] {processor.py:914} INFO - Processing file /opt/airflow/dags/urban_data_streaming_dag.py for tasks to queue
[2026-07-01T15:13:57.267+0000] {logging_mixin.py:190} INFO - [2026-07-01T15:13:57.267+0000] {dagbag.py:588} INFO - Filling up the DagBag from /opt/airflow/dags/urban_data_streaming_dag.py
[2026-07-01T15:13:57.408+0000] {processor.py:925} INFO - DAG(s) 'urban_data_streaming_demo' retrieved from /opt/airflow/dags/urban_data_streaming_dag.py
[2026-07-01T15:13:57.445+0000] {logging_mixin.py:190} INFO - [2026-07-01T15:13:57.445+0000] {dag.py:3239} INFO - Sync 1 DAGs
[2026-07-01T15:13:57.460+0000] {logging_mixin.py:190} INFO - [2026-07-01T15:13:57.460+0000] {dag.py:4180} INFO - Setting next_dagrun for urban_data_streaming_demo to None, run_after=None
[2026-07-01T15:13:57.481+0000] {processor.py:208} INFO - Processing /opt/airflow/dags/urban_data_streaming_dag.py took 0.227 seconds
[2026-07-01T15:14:28.286+0000] {processor.py:186} INFO - Started process (PID=241) to work on /opt/airflow/dags/urban_data_streaming_dag.py
[2026-07-01T15:14:28.288+0000] {processor.py:914} INFO - Processing file /opt/airflow/dags/urban_data_streaming_dag.py for tasks to queue
[2026-07-01T15:14:28.291+0000] {logging_mixin.py:190} INFO - [2026-07-01T15:14:28.291+0000] {dagbag.py:588} INFO - Filling up the DagBag from /opt/airflow/dags/urban_data_streaming_dag.py
[2026-07-01T15:14:28.354+0000] {processor.py:925} INFO - DAG(s) 'urban_data_streaming_demo' retrieved from /opt/airflow/dags/urban_data_streaming_dag.py
[2026-07-01T15:14:28.452+0000] {logging_mixin.py:190} INFO - [2026-07-01T15:14:28.452+0000] {dag.py:3239} INFO - Sync 1 DAGs
[2026-07-01T15:14:28.472+0000] {logging_mixin.py:190} INFO - [2026-07-01T15:14:28.472+0000] {dag.py:4180} INFO - Setting next_dagrun for urban_data_streaming_demo to None, run_after=None
[2026-07-01T15:14:28.499+0000] {processor.py:208} INFO - Processing /opt/airflow/dags/urban_data_streaming_dag.py took 0.220 seconds
[2026-07-01T15:14:59.327+0000] {processor.py:186} INFO - Started process (PID=259) to work on /opt/airflow/dags/urban_data_streaming_dag.py
[2026-07-01T15:14:59.329+0000] {processor.py:914} INFO - Processing file /opt/airflow/dags/urban_data_streaming_dag.py for tasks to queue
[2026-07-01T15:14:59.332+0000] {logging_mixin.py:190} INFO - [2026-07-01T15:14:59.332+0000] {dagbag.py:588} INFO - Filling up the DagBag from /opt/airflow/dags/urban_data_streaming_dag.py
[2026-07-01T15:14:59.362+0000] {processor.py:925} INFO - DAG(s) 'urban_data_streaming_demo' retrieved from /opt/airflow/dags/urban_data_streaming_dag.py
[2026-07-01T15:14:59.407+0000] {logging_mixin.py:190} INFO - [2026-07-01T15:14:59.407+0000] {dag.py:3239} INFO - Sync 1 DAGs
[2026-07-01T15:14:59.423+0000] {logging_mixin.py:190} INFO - [2026-07-01T15:14:59.423+0000] {dag.py:4180} INFO - Setting next_dagrun for urban_data_streaming_demo to None, run_after=None
[2026-07-01T15:14:59.453+0000] {processor.py:208} INFO - Processing /opt/airflow/dags/urban_data_streaming_dag.py took 0.137 seconds
[2026-07-01T15:15:30.290+0000] {processor.py:186} INFO - Started process (PID=277) to work on /opt/airflow/dags/urban_data_streaming_dag.py
[2026-07-01T15:15:30.297+0000] {processor.py:914} INFO - Processing file /opt/airflow/dags/urban_data_streaming_dag.py for tasks to queue
[2026-07-01T15:15:30.309+0000] {logging_mixin.py:190} INFO - [2026-07-01T15:15:30.307+0000] {dagbag.py:588} INFO - Filling up the DagBag from /opt/airflow/dags/urban_data_streaming_dag.py
[2026-07-01T15:15:30.389+0000] {processor.py:925} INFO - DAG(s) 'urban_data_streaming_demo' retrieved from /opt/airflow/dags/urban_data_streaming_dag.py
[2026-07-01T15:15:30.432+0000] {logging_mixin.py:190} INFO - [2026-07-01T15:15:30.432+0000] {dag.py:3239} INFO - Sync 1 DAGs
[2026-07-01T15:15:30.447+0000] {logging_mixin.py:190} INFO - [2026-07-01T15:15:30.447+0000] {dag.py:4180} INFO - Setting next_dagrun for urban_data_streaming_demo to None, run_after=None
[2026-07-01T15:15:30.473+0000] {processor.py:208} INFO - Processing /opt/airflow/dags/urban_data_streaming_dag.py took 0.196 seconds
[2026-07-01T15:16:01.219+0000] {processor.py:186} INFO - Started process (PID=295) to work on /opt/airflow/dags/urban_data_streaming_dag.py
[2026-07-01T15:16:01.222+0000] {processor.py:914} INFO - Processing file /opt/airflow/dags/urban_data_streaming_dag.py for tasks to queue
[2026-07-01T15:16:01.226+0000] {logging_mixin.py:190} INFO - [2026-07-01T15:16:01.225+0000] {dagbag.py:588} INFO - Filling up the DagBag from /opt/airflow/dags/urban_data_streaming_dag.py
[2026-07-01T15:16:01.260+0000] {processor.py:925} INFO - DAG(s) 'urban_data_streaming_demo' retrieved from /opt/airflow/dags/urban_data_streaming_dag.py
[2026-07-01T15:16:01.297+0000] {logging_mixin.py:190} INFO - [2026-07-01T15:16:01.296+0000] {dag.py:3239} INFO - Sync 1 DAGs
[2026-07-01T15:16:01.311+0000] {logging_mixin.py:190} INFO - [2026-07-01T15:16:01.311+0000] {dag.py:4180} INFO - Setting next_dagrun for urban_data_streaming_demo to None, run_after=None
[2026-07-01T15:16:01.333+0000] {processor.py:208} INFO - Processing /opt/airflow/dags/urban_data_streaming_dag.py took 0.125 seconds
[2026-07-01T15:16:32.185+0000] {processor.py:186} INFO - Started process (PID=313) to work on /opt/airflow/dags/urban_data_streaming_dag.py
[2026-07-01T15:16:32.186+0000] {processor.py:914} INFO - Processing file /opt/airflow/dags/urban_data_streaming_dag.py for tasks to queue
[2026-07-01T15:16:32.189+0000] {logging_mixin.py:190} INFO - [2026-07-01T15:16:32.188+0000] {dagbag.py:588} INFO - Filling up the DagBag from /opt/airflow/dags/urban_data_streaming_dag.py
[2026-07-01T15:16:32.214+0000] {processor.py:925} INFO - DAG(s) 'urban_data_streaming_demo' retrieved from /opt/airflow/dags/urban_data_streaming_dag.py
[2026-07-01T15:16:32.252+0000] {logging_mixin.py:190} INFO - [2026-07-01T15:16:32.251+0000] {dag.py:3239} INFO - Sync 1 DAGs
[2026-07-01T15:16:32.272+0000] {logging_mixin.py:190} INFO - [2026-07-01T15:16:32.272+0000] {dag.py:4180} INFO - Setting next_dagrun for urban_data_streaming_demo to None, run_after=None
[2026-07-01T15:16:32.295+0000] {processor.py:208} INFO - Processing /opt/airflow/dags/urban_data_streaming_dag.py took 0.117 seconds
[2026-07-01T15:17:02.493+0000] {processor.py:186} INFO - Started process (PID=331) to work on /opt/airflow/dags/urban_data_streaming_dag.py
[2026-07-01T15:17:02.496+0000] {processor.py:914} INFO - Processing file /opt/airflow/dags/urban_data_streaming_dag.py for tasks to queue
[2026-07-01T15:17:02.500+0000] {logging_mixin.py:190} INFO - [2026-07-01T15:17:02.500+0000] {dagbag.py:588} INFO - Filling up the DagBag from /opt/airflow/dags/urban_data_streaming_dag.py
[2026-07-01T15:17:02.543+0000] {processor.py:925} INFO - DAG(s) 'urban_data_streaming_demo' retrieved from /opt/airflow/dags/urban_data_streaming_dag.py
[2026-07-01T15:17:02.594+0000] {logging_mixin.py:190} INFO - [2026-07-01T15:17:02.594+0000] {dag.py:3239} INFO - Sync 1 DAGs
[2026-07-01T15:17:02.782+0000] {logging_mixin.py:190} INFO - [2026-07-01T15:17:02.782+0000] {dag.py:4180} INFO - Setting next_dagrun for urban_data_streaming_demo to None, run_after=None
[2026-07-01T15:17:02.807+0000] {processor.py:208} INFO - Processing /opt/airflow/dags/urban_data_streaming_dag.py took 0.323 seconds
[2026-07-01T15:17:33.108+0000] {processor.py:186} INFO - Started process (PID=349) to work on /opt/airflow/dags/urban_data_streaming_dag.py
[2026-07-01T15:17:33.109+0000] {processor.py:914} INFO - Processing file /opt/airflow/dags/urban_data_streaming_dag.py for tasks to queue
[2026-07-01T15:17:33.114+0000] {logging_mixin.py:190} INFO - [2026-07-01T15:17:33.113+0000] {dagbag.py:588} INFO - Filling up the DagBag from /opt/airflow/dags/urban_data_streaming_dag.py
[2026-07-01T15:17:33.167+0000] {processor.py:925} INFO - DAG(s) 'urban_data_streaming_demo' retrieved from /opt/airflow/dags/urban_data_streaming_dag.py
[2026-07-01T15:17:33.247+0000] {logging_mixin.py:190} INFO - [2026-07-01T15:17:33.247+0000] {dag.py:3239} INFO - Sync 1 DAGs
[2026-07-01T15:17:33.471+0000] {logging_mixin.py:190} INFO - [2026-07-01T15:17:33.471+0000] {dag.py:4180} INFO - Setting next_dagrun for urban_data_streaming_demo to None, run_after=None
[2026-07-01T15:17:33.503+0000] {processor.py:208} INFO - Processing /opt/airflow/dags/urban_data_streaming_dag.py took 0.417 seconds
[2026-07-01T15:18:03.946+0000] {processor.py:186} INFO - Started process (PID=367) to work on /opt/airflow/dags/urban_data_streaming_dag.py
[2026-07-01T15:18:03.948+0000] {processor.py:914} INFO - Processing file /opt/airflow/dags/urban_data_streaming_dag.py for tasks to queue
[2026-07-01T15:18:03.951+0000] {logging_mixin.py:190} INFO - [2026-07-01T15:18:03.951+0000] {dagbag.py:588} INFO - Filling up the DagBag from /opt/airflow/dags/urban_data_streaming_dag.py
[2026-07-01T15:18:04.130+0000] {processor.py:925} INFO - DAG(s) 'urban_data_streaming_demo' retrieved from /opt/airflow/dags/urban_data_streaming_dag.py
[2026-07-01T15:18:04.171+0000] {logging_mixin.py:190} INFO - [2026-07-01T15:18:04.171+0000] {dag.py:3239} INFO - Sync 1 DAGs
[2026-07-01T15:18:04.186+0000] {logging_mixin.py:190} INFO - [2026-07-01T15:18:04.185+0000] {dag.py:4180} INFO - Setting next_dagrun for urban_data_streaming_demo to None, run_after=None
[2026-07-01T15:18:04.210+0000] {processor.py:208} INFO - Processing /opt/airflow/dags/urban_data_streaming_dag.py took 0.277 seconds
[2026-07-01T15:18:10.054+0000] {processor.py:186} INFO - Started process (PID=377) to work on /opt/airflow/dags/urban_data_streaming_dag.py
[2026-07-01T15:18:10.062+0000] {processor.py:914} INFO - Processing file /opt/airflow/dags/urban_data_streaming_dag.py for tasks to queue
[2026-07-01T15:18:10.076+0000] {logging_mixin.py:190} INFO - [2026-07-01T15:18:10.075+0000] {dagbag.py:588} INFO - Filling up the DagBag from /opt/airflow/dags/urban_data_streaming_dag.py
[2026-07-01T15:18:10.337+0000] {processor.py:925} INFO - DAG(s) 'urban_data_streaming_demo' retrieved from /opt/airflow/dags/urban_data_streaming_dag.py
[2026-07-01T15:18:10.366+0000] {logging_mixin.py:190} INFO - [2026-07-01T15:18:10.366+0000] {dag.py:3239} INFO - Sync 1 DAGs
[2026-07-01T15:18:10.377+0000] {logging_mixin.py:190} INFO - [2026-07-01T15:18:10.377+0000] {dag.py:4180} INFO - Setting next_dagrun for urban_data_streaming_demo to None, run_after=None
[2026-07-01T15:18:10.409+0000] {processor.py:208} INFO - Processing /opt/airflow/dags/urban_data_streaming_dag.py took 0.403 seconds
[2026-07-01T15:18:40.714+0000] {processor.py:186} INFO - Started process (PID=423) to work on /opt/airflow/dags/urban_data_streaming_dag.py
[2026-07-01T15:18:40.718+0000] {processor.py:914} INFO - Processing file /opt/airflow/dags/urban_data_streaming_dag.py for tasks to queue
[2026-07-01T15:18:40.726+0000] {logging_mixin.py:190} INFO - [2026-07-01T15:18:40.725+0000] {dagbag.py:588} INFO - Filling up the DagBag from /opt/airflow/dags/urban_data_streaming_dag.py
[2026-07-01T15:18:40.794+0000] {processor.py:925} INFO - DAG(s) 'urban_data_streaming_demo' retrieved from /opt/airflow/dags/urban_data_streaming_dag.py
[2026-07-01T15:18:40.827+0000] {logging_mixin.py:190} INFO - [2026-07-01T15:18:40.827+0000] {dag.py:3239} INFO - Sync 1 DAGs
[2026-07-01T15:18:40.841+0000] {logging_mixin.py:190} INFO - [2026-07-01T15:18:40.841+0000] {dag.py:4180} INFO - Setting next_dagrun for urban_data_streaming_demo to None, run_after=None
[2026-07-01T15:18:40.859+0000] {processor.py:208} INFO - Processing /opt/airflow/dags/urban_data_streaming_dag.py took 0.168 seconds
[2026-07-01T15:19:10.957+0000] {processor.py:186} INFO - Started process (PID=442) to work on /opt/airflow/dags/urban_data_streaming_dag.py
[2026-07-01T15:19:10.958+0000] {processor.py:914} INFO - Processing file /opt/airflow/dags/urban_data_streaming_dag.py for tasks to queue
[2026-07-01T15:19:10.961+0000] {logging_mixin.py:190} INFO - [2026-07-01T15:19:10.961+0000] {dagbag.py:588} INFO - Filling up the DagBag from /opt/airflow/dags/urban_data_streaming_dag.py
[2026-07-01T15:19:10.992+0000] {processor.py:925} INFO - DAG(s) 'urban_data_streaming_demo' retrieved from /opt/airflow/dags/urban_data_streaming_dag.py
[2026-07-01T15:19:11.046+0000] {logging_mixin.py:190} INFO - [2026-07-01T15:19:11.046+0000] {dag.py:3239} INFO - Sync 1 DAGs
[2026-07-01T15:19:11.077+0000] {logging_mixin.py:190} INFO - [2026-07-01T15:19:11.077+0000] {dag.py:4180} INFO - Setting next_dagrun for urban_data_streaming_demo to None, run_after=None
[2026-07-01T15:19:11.124+0000] {processor.py:208} INFO - Processing /opt/airflow/dags/urban_data_streaming_dag.py took 0.177 seconds
[2026-07-01T15:19:41.423+0000] {processor.py:186} INFO - Started process (PID=460) to work on /opt/airflow/dags/urban_data_streaming_dag.py
[2026-07-01T15:19:41.425+0000] {processor.py:914} INFO - Processing file /opt/airflow/dags/urban_data_streaming_dag.py for tasks to queue
[2026-07-01T15:19:41.429+0000] {logging_mixin.py:190} INFO - [2026-07-01T15:19:41.429+0000] {dagbag.py:588} INFO - Filling up the DagBag from /opt/airflow/dags/urban_data_streaming_dag.py
[2026-07-01T15:19:41.466+0000] {processor.py:925} INFO - DAG(s) 'urban_data_streaming_demo' retrieved from /opt/airflow/dags/urban_data_streaming_dag.py
[2026-07-01T15:19:41.509+0000] {logging_mixin.py:190} INFO - [2026-07-01T15:19:41.509+0000] {dag.py:3239} INFO - Sync 1 DAGs
[2026-07-01T15:19:41.528+0000] {logging_mixin.py:190} INFO - [2026-07-01T15:19:41.527+0000] {dag.py:4180} INFO - Setting next_dagrun for urban_data_streaming_demo to None, run_after=None
[2026-07-01T15:19:41.554+0000] {processor.py:208} INFO - Processing /opt/airflow/dags/urban_data_streaming_dag.py took 0.139 seconds
[2026-07-01T15:20:11.957+0000] {processor.py:186} INFO - Started process (PID=477) to work on /opt/airflow/dags/urban_data_streaming_dag.py
[2026-07-01T15:20:11.960+0000] {processor.py:914} INFO - Processing file /opt/airflow/dags/urban_data_streaming_dag.py for tasks to queue
[2026-07-01T15:20:11.966+0000] {logging_mixin.py:190} INFO - [2026-07-01T15:20:11.966+0000] {dagbag.py:588} INFO - Filling up the DagBag from /opt/airflow/dags/urban_data_streaming_dag.py
[2026-07-01T15:20:12.022+0000] {processor.py:925} INFO - DAG(s) 'urban_data_streaming_demo' retrieved from /opt/airflow/dags/urban_data_streaming_dag.py
[2026-07-01T15:20:12.062+0000] {logging_mixin.py:190} INFO - [2026-07-01T15:20:12.062+0000] {dag.py:3239} INFO - Sync 1 DAGs
[2026-07-01T15:20:12.078+0000] {logging_mixin.py:190} INFO - [2026-07-01T15:20:12.078+0000] {dag.py:4180} INFO - Setting next_dagrun for urban_data_streaming_demo to None, run_after=None
[2026-07-01T15:20:12.103+0000] {processor.py:208} INFO - Processing /opt/airflow/dags/urban_data_streaming_dag.py took 0.162 seconds
[2026-07-01T15:20:58.762+0000] {processor.py:186} INFO - Started process (PID=207) to work on /opt/airflow/dags/urban_data_streaming_dag.py
[2026-07-01T15:20:58.763+0000] {processor.py:914} INFO - Processing file /opt/airflow/dags/urban_data_streaming_dag.py for tasks to queue
[2026-07-01T15:20:58.765+0000] {logging_mixin.py:190} INFO - [2026-07-01T15:20:58.765+0000] {dagbag.py:588} INFO - Filling up the DagBag from /opt/airflow/dags/urban_data_streaming_dag.py
[2026-07-01T15:20:58.795+0000] {processor.py:925} INFO - DAG(s) 'urban_data_streaming_demo' retrieved from /opt/airflow/dags/urban_data_streaming_dag.py
[2026-07-01T15:20:58.840+0000] {logging_mixin.py:190} INFO - [2026-07-01T15:20:58.840+0000] {dag.py:3239} INFO - Sync 1 DAGs
[2026-07-01T15:20:58.854+0000] {logging_mixin.py:190} INFO - [2026-07-01T15:20:58.853+0000] {dag.py:4180} INFO - Setting next_dagrun for urban_data_streaming_demo to None, run_after=None
[2026-07-01T15:20:58.878+0000] {processor.py:208} INFO - Processing /opt/airflow/dags/urban_data_streaming_dag.py took 0.121 seconds
[2026-07-01T15:21:29.540+0000] {processor.py:186} INFO - Started process (PID=225) to work on /opt/airflow/dags/urban_data_streaming_dag.py
[2026-07-01T15:21:29.543+0000] {processor.py:914} INFO - Processing file /opt/airflow/dags/urban_data_streaming_dag.py for tasks to queue
[2026-07-01T15:21:29.548+0000] {logging_mixin.py:190} INFO - [2026-07-01T15:21:29.548+0000] {dagbag.py:588} INFO - Filling up the DagBag from /opt/airflow/dags/urban_data_streaming_dag.py
[2026-07-01T15:21:29.590+0000] {processor.py:925} INFO - DAG(s) 'urban_data_streaming_demo' retrieved from /opt/airflow/dags/urban_data_streaming_dag.py
[2026-07-01T15:21:29.629+0000] {logging_mixin.py:190} INFO - [2026-07-01T15:21:29.629+0000] {dag.py:3239} INFO - Sync 1 DAGs
[2026-07-01T15:21:29.643+0000] {logging_mixin.py:190} INFO - [2026-07-01T15:21:29.643+0000] {dag.py:4180} INFO - Setting next_dagrun for urban_data_streaming_demo to None, run_after=None
[2026-07-01T15:21:29.672+0000] {processor.py:208} INFO - Processing /opt/airflow/dags/urban_data_streaming_dag.py took 0.152 seconds
[2026-07-01T15:22:00.691+0000] {processor.py:186} INFO - Started process (PID=244) to work on /opt/airflow/dags/urban_data_streaming_dag.py
[2026-07-01T15:22:00.693+0000] {processor.py:914} INFO - Processing file /opt/airflow/dags/urban_data_streaming_dag.py for tasks to queue
[2026-07-01T15:22:00.696+0000] {logging_mixin.py:190} INFO - [2026-07-01T15:22:00.695+0000] {dagbag.py:588} INFO - Filling up the DagBag from /opt/airflow/dags/urban_data_streaming_dag.py
[2026-07-01T15:22:00.728+0000] {processor.py:925} INFO - DAG(s) 'urban_data_streaming_demo' retrieved from /opt/airflow/dags/urban_data_streaming_dag.py
[2026-07-01T15:22:00.761+0000] {logging_mixin.py:190} INFO - [2026-07-01T15:22:00.761+0000] {dag.py:3239} INFO - Sync 1 DAGs
[2026-07-01T15:22:00.778+0000] {logging_mixin.py:190} INFO - [2026-07-01T15:22:00.778+0000] {dag.py:4180} INFO - Setting next_dagrun for urban_data_streaming_demo to None, run_after=None
[2026-07-01T15:22:00.812+0000] {processor.py:208} INFO - Processing /opt/airflow/dags/urban_data_streaming_dag.py took 0.130 seconds
[2026-07-01T15:22:31.465+0000] {processor.py:186} INFO - Started process (PID=262) to work on /opt/airflow/dags/urban_data_streaming_dag.py
[2026-07-01T15:22:31.466+0000] {processor.py:914} INFO - Processing file /opt/airflow/dags/urban_data_streaming_dag.py for tasks to queue
[2026-07-01T15:22:31.470+0000] {logging_mixin.py:190} INFO - [2026-07-01T15:22:31.469+0000] {dagbag.py:588} INFO - Filling up the DagBag from /opt/airflow/dags/urban_data_streaming_dag.py
[2026-07-01T15:22:31.498+0000] {processor.py:925} INFO - DAG(s) 'urban_data_streaming_demo' retrieved from /opt/airflow/dags/urban_data_streaming_dag.py
[2026-07-01T15:22:31.533+0000] {logging_mixin.py:190} INFO - [2026-07-01T15:22:31.533+0000] {dag.py:3239} INFO - Sync 1 DAGs
[2026-07-01T15:22:31.547+0000] {logging_mixin.py:190} INFO - [2026-07-01T15:22:31.547+0000] {dag.py:4180} INFO - Setting next_dagrun for urban_data_streaming_demo to None, run_after=None
[2026-07-01T15:22:31.569+0000] {processor.py:208} INFO - Processing /opt/airflow/dags/urban_data_streaming_dag.py took 0.112 seconds
[2026-07-01T15:23:02.137+0000] {processor.py:186} INFO - Started process (PID=280) to work on /opt/airflow/dags/urban_data_streaming_dag.py
[2026-07-01T15:23:02.138+0000] {processor.py:914} INFO - Processing file /opt/airflow/dags/urban_data_streaming_dag.py for tasks to queue
[2026-07-01T15:23:02.140+0000] {logging_mixin.py:190} INFO - [2026-07-01T15:23:02.140+0000] {dagbag.py:588} INFO - Filling up the DagBag from /opt/airflow/dags/urban_data_streaming_dag.py
[2026-07-01T15:23:02.171+0000] {processor.py:925} INFO - DAG(s) 'urban_data_streaming_demo' retrieved from /opt/airflow/dags/urban_data_streaming_dag.py
[2026-07-01T15:23:02.205+0000] {logging_mixin.py:190} INFO - [2026-07-01T15:23:02.205+0000] {dag.py:3239} INFO - Sync 1 DAGs
[2026-07-01T15:23:02.219+0000] {logging_mixin.py:190} INFO - [2026-07-01T15:23:02.218+0000] {dag.py:4180} INFO - Setting next_dagrun for urban_data_streaming_demo to None, run_after=None
[2026-07-01T15:23:02.242+0000] {processor.py:208} INFO - Processing /opt/airflow/dags/urban_data_streaming_dag.py took 0.111 seconds
[2026-07-01T15:23:33.099+0000] {processor.py:186} INFO - Started process (PID=298) to work on /opt/airflow/dags/urban_data_streaming_dag.py
[2026-07-01T15:23:33.101+0000] {processor.py:914} INFO - Processing file /opt/airflow/dags/urban_data_streaming_dag.py for tasks to queue
[2026-07-01T15:23:33.105+0000] {logging_mixin.py:190} INFO - [2026-07-01T15:23:33.104+0000] {dagbag.py:588} INFO - Filling up the DagBag from /opt/airflow/dags/urban_data_streaming_dag.py
[2026-07-01T15:23:33.140+0000] {processor.py:925} INFO - DAG(s) 'urban_data_streaming_demo' retrieved from /opt/airflow/dags/urban_data_streaming_dag.py
[2026-07-01T15:23:33.181+0000] {logging_mixin.py:190} INFO - [2026-07-01T15:23:33.181+0000] {dag.py:3239} INFO - Sync 1 DAGs
[2026-07-01T15:23:33.199+0000] {logging_mixin.py:190} INFO - [2026-07-01T15:23:33.199+0000] {dag.py:4180} INFO - Setting next_dagrun for urban_data_streaming_demo to None, run_after=None
[2026-07-01T15:23:33.231+0000] {processor.py:208} INFO - Processing /opt/airflow/dags/urban_data_streaming_dag.py took 0.143 seconds
[2026-07-01T15:24:04.032+0000] {processor.py:186} INFO - Started process (PID=316) to work on /opt/airflow/dags/urban_data_streaming_dag.py
[2026-07-01T15:24:04.033+0000] {processor.py:914} INFO - Processing file /opt/airflow/dags/urban_data_streaming_dag.py for tasks to queue
[2026-07-01T15:24:04.038+0000] {logging_mixin.py:190} INFO - [2026-07-01T15:24:04.038+0000] {dagbag.py:588} INFO - Filling up the DagBag from /opt/airflow/dags/urban_data_streaming_dag.py
[2026-07-01T15:24:04.074+0000] {processor.py:925} INFO - DAG(s) 'urban_data_streaming_demo' retrieved from /opt/airflow/dags/urban_data_streaming_dag.py
[2026-07-01T15:24:04.125+0000] {logging_mixin.py:190} INFO - [2026-07-01T15:24:04.125+0000] {dag.py:3239} INFO - Sync 1 DAGs
[2026-07-01T15:24:04.140+0000] {logging_mixin.py:190} INFO - [2026-07-01T15:24:04.140+0000] {dag.py:4180} INFO - Setting next_dagrun for urban_data_streaming_demo to None, run_after=None
[2026-07-01T15:24:04.168+0000] {processor.py:208} INFO - Processing /opt/airflow/dags/urban_data_streaming_dag.py took 0.141 seconds
[2026-07-01T15:24:34.396+0000] {processor.py:186} INFO - Started process (PID=334) to work on /opt/airflow/dags/urban_data_streaming_dag.py
[2026-07-01T15:24:34.400+0000] {processor.py:914} INFO - Processing file /opt/airflow/dags/urban_data_streaming_dag.py for tasks to queue
[2026-07-01T15:24:34.408+0000] {logging_mixin.py:190} INFO - [2026-07-01T15:24:34.407+0000] {dagbag.py:588} INFO - Filling up the DagBag from /opt/airflow/dags/urban_data_streaming_dag.py
[2026-07-01T15:24:34.519+0000] {processor.py:925} INFO - DAG(s) 'urban_data_streaming_demo' retrieved from /opt/airflow/dags/urban_data_streaming_dag.py
[2026-07-01T15:24:34.590+0000] {logging_mixin.py:190} INFO - [2026-07-01T15:24:34.590+0000] {dag.py:3239} INFO - Sync 1 DAGs
[2026-07-01T15:24:34.740+0000] {logging_mixin.py:190} INFO - [2026-07-01T15:24:34.739+0000] {dag.py:4180} INFO - Setting next_dagrun for urban_data_streaming_demo to None, run_after=None
[2026-07-01T15:24:34.775+0000] {processor.py:208} INFO - Processing /opt/airflow/dags/urban_data_streaming_dag.py took 0.409 seconds
[2026-07-01T15:25:04.860+0000] {processor.py:186} INFO - Started process (PID=352) to work on /opt/airflow/dags/urban_data_streaming_dag.py
[2026-07-01T15:25:04.862+0000] {processor.py:914} INFO - Processing file /opt/airflow/dags/urban_data_streaming_dag.py for tasks to queue
[2026-07-01T15:25:04.865+0000] {logging_mixin.py:190} INFO - [2026-07-01T15:25:04.865+0000] {dagbag.py:588} INFO - Filling up the DagBag from /opt/airflow/dags/urban_data_streaming_dag.py
[2026-07-01T15:25:04.908+0000] {processor.py:925} INFO - DAG(s) 'urban_data_streaming_demo' retrieved from /opt/airflow/dags/urban_data_streaming_dag.py
[2026-07-01T15:25:04.998+0000] {logging_mixin.py:190} INFO - [2026-07-01T15:25:04.996+0000] {dag.py:3239} INFO - Sync 1 DAGs
[2026-07-01T15:25:05.300+0000] {logging_mixin.py:190} INFO - [2026-07-01T15:25:05.300+0000] {dag.py:4180} INFO - Setting next_dagrun for urban_data_streaming_demo to None, run_after=None
[2026-07-01T15:25:05.329+0000] {processor.py:208} INFO - Processing /opt/airflow/dags/urban_data_streaming_dag.py took 0.477 seconds
[2026-07-01T15:25:36.115+0000] {processor.py:186} INFO - Started process (PID=370) to work on /opt/airflow/dags/urban_data_streaming_dag.py
[2026-07-01T15:25:36.117+0000] {processor.py:914} INFO - Processing file /opt/airflow/dags/urban_data_streaming_dag.py for tasks to queue
[2026-07-01T15:25:36.121+0000] {logging_mixin.py:190} INFO - [2026-07-01T15:25:36.121+0000] {dagbag.py:588} INFO - Filling up the DagBag from /opt/airflow/dags/urban_data_streaming_dag.py
[2026-07-01T15:25:36.347+0000] {processor.py:925} INFO - DAG(s) 'urban_data_streaming_demo' retrieved from /opt/airflow/dags/urban_data_streaming_dag.py
[2026-07-01T15:25:36.383+0000] {logging_mixin.py:190} INFO - [2026-07-01T15:25:36.383+0000] {dag.py:3239} INFO - Sync 1 DAGs
[2026-07-01T15:25:36.405+0000] {logging_mixin.py:190} INFO - [2026-07-01T15:25:36.404+0000] {dag.py:4180} INFO - Setting next_dagrun for urban_data_streaming_demo to None, run_after=None
[2026-07-01T15:25:36.440+0000] {processor.py:208} INFO - Processing /opt/airflow/dags/urban_data_streaming_dag.py took 0.335 seconds
[2026-07-01T15:26:06.842+0000] {processor.py:186} INFO - Started process (PID=388) to work on /opt/airflow/dags/urban_data_streaming_dag.py
[2026-07-01T15:26:06.844+0000] {processor.py:914} INFO - Processing file /opt/airflow/dags/urban_data_streaming_dag.py for tasks to queue
[2026-07-01T15:26:06.848+0000] {logging_mixin.py:190} INFO - [2026-07-01T15:26:06.848+0000] {dagbag.py:588} INFO - Filling up the DagBag from /opt/airflow/dags/urban_data_streaming_dag.py
[2026-07-01T15:26:06.878+0000] {processor.py:925} INFO - DAG(s) 'urban_data_streaming_demo' retrieved from /opt/airflow/dags/urban_data_streaming_dag.py
[2026-07-01T15:26:06.913+0000] {logging_mixin.py:190} INFO - [2026-07-01T15:26:06.913+0000] {dag.py:3239} INFO - Sync 1 DAGs
[2026-07-01T15:26:06.927+0000] {logging_mixin.py:190} INFO - [2026-07-01T15:26:06.927+0000] {dag.py:4180} INFO - Setting next_dagrun for urban_data_streaming_demo to None, run_after=None
[2026-07-01T15:26:06.953+0000] {processor.py:208} INFO - Processing /opt/airflow/dags/urban_data_streaming_dag.py took 0.124 seconds
[2026-07-01T15:26:37.162+0000] {processor.py:186} INFO - Started process (PID=405) to work on /opt/airflow/dags/urban_data_streaming_dag.py
[2026-07-01T15:26:37.164+0000] {processor.py:914} INFO - Processing file /opt/airflow/dags/urban_data_streaming_dag.py for tasks to queue
[2026-07-01T15:26:37.169+0000] {logging_mixin.py:190} INFO - [2026-07-01T15:26:37.169+0000] {dagbag.py:588} INFO - Filling up the DagBag from /opt/airflow/dags/urban_data_streaming_dag.py
[2026-07-01T15:26:37.220+0000] {processor.py:925} INFO - DAG(s) 'urban_data_streaming_demo' retrieved from /opt/airflow/dags/urban_data_streaming_dag.py
[2026-07-01T15:26:37.268+0000] {logging_mixin.py:190} INFO - [2026-07-01T15:26:37.267+0000] {dag.py:3239} INFO - Sync 1 DAGs
[2026-07-01T15:26:37.288+0000] {logging_mixin.py:190} INFO - [2026-07-01T15:26:37.288+0000] {dag.py:4180} INFO - Setting next_dagrun for urban_data_streaming_demo to None, run_after=None
[2026-07-01T15:26:37.319+0000] {processor.py:208} INFO - Processing /opt/airflow/dags/urban_data_streaming_dag.py took 0.168 seconds
[2026-07-01T15:27:08.281+0000] {processor.py:186} INFO - Started process (PID=416) to work on /opt/airflow/dags/urban_data_streaming_dag.py
[2026-07-01T15:27:08.284+0000] {processor.py:914} INFO - Processing file /opt/airflow/dags/urban_data_streaming_dag.py for tasks to queue
[2026-07-01T15:27:08.297+0000] {logging_mixin.py:190} INFO - [2026-07-01T15:27:08.294+0000] {dagbag.py:588} INFO - Filling up the DagBag from /opt/airflow/dags/urban_data_streaming_dag.py
[2026-07-01T15:27:08.361+0000] {processor.py:925} INFO - DAG(s) 'urban_data_streaming_demo' retrieved from /opt/airflow/dags/urban_data_streaming_dag.py
[2026-07-01T15:27:08.406+0000] {logging_mixin.py:190} INFO - [2026-07-01T15:27:08.405+0000] {dag.py:3239} INFO - Sync 1 DAGs
[2026-07-01T15:27:08.423+0000] {logging_mixin.py:190} INFO - [2026-07-01T15:27:08.423+0000] {dag.py:4180} INFO - Setting next_dagrun for urban_data_streaming_demo to None, run_after=None
[2026-07-01T15:27:08.450+0000] {processor.py:208} INFO - Processing /opt/airflow/dags/urban_data_streaming_dag.py took 0.206 seconds
[2026-07-01T15:27:39.204+0000] {processor.py:186} INFO - Started process (PID=434) to work on /opt/airflow/dags/urban_data_streaming_dag.py
[2026-07-01T15:27:39.205+0000] {processor.py:914} INFO - Processing file /opt/airflow/dags/urban_data_streaming_dag.py for tasks to queue
[2026-07-01T15:27:39.211+0000] {logging_mixin.py:190} INFO - [2026-07-01T15:27:39.210+0000] {dagbag.py:588} INFO - Filling up the DagBag from /opt/airflow/dags/urban_data_streaming_dag.py
[2026-07-01T15:27:39.268+0000] {processor.py:925} INFO - DAG(s) 'urban_data_streaming_demo' retrieved from /opt/airflow/dags/urban_data_streaming_dag.py
[2026-07-01T15:27:39.328+0000] {logging_mixin.py:190} INFO - [2026-07-01T15:27:39.328+0000] {dag.py:3239} INFO - Sync 1 DAGs
[2026-07-01T15:27:39.350+0000] {logging_mixin.py:190} INFO - [2026-07-01T15:27:39.350+0000] {dag.py:4180} INFO - Setting next_dagrun for urban_data_streaming_demo to None, run_after=None
[2026-07-01T15:27:39.382+0000] {processor.py:208} INFO - Processing /opt/airflow/dags/urban_data_streaming_dag.py took 0.185 seconds
[2026-07-01T15:28:10.203+0000] {processor.py:186} INFO - Started process (PID=452) to work on /opt/airflow/dags/urban_data_streaming_dag.py
[2026-07-01T15:28:10.205+0000] {processor.py:914} INFO - Processing file /opt/airflow/dags/urban_data_streaming_dag.py for tasks to queue
[2026-07-01T15:28:10.208+0000] {logging_mixin.py:190} INFO - [2026-07-01T15:28:10.207+0000] {dagbag.py:588} INFO - Filling up the DagBag from /opt/airflow/dags/urban_data_streaming_dag.py
[2026-07-01T15:28:10.232+0000] {processor.py:925} INFO - DAG(s) 'urban_data_streaming_demo' retrieved from /opt/airflow/dags/urban_data_streaming_dag.py
[2026-07-01T15:28:10.266+0000] {logging_mixin.py:190} INFO - [2026-07-01T15:28:10.265+0000] {dag.py:3239} INFO - Sync 1 DAGs
[2026-07-01T15:28:10.281+0000] {logging_mixin.py:190} INFO - [2026-07-01T15:28:10.281+0000] {dag.py:4180} INFO - Setting next_dagrun for urban_data_streaming_demo to None, run_after=None
[2026-07-01T15:28:10.301+0000] {processor.py:208} INFO - Processing /opt/airflow/dags/urban_data_streaming_dag.py took 0.104 seconds
[2026-07-01T15:28:40.801+0000] {processor.py:186} INFO - Started process (PID=470) to work on /opt/airflow/dags/urban_data_streaming_dag.py
[2026-07-01T15:28:40.803+0000] {processor.py:914} INFO - Processing file /opt/airflow/dags/urban_data_streaming_dag.py for tasks to queue
[2026-07-01T15:28:40.807+0000] {logging_mixin.py:190} INFO - [2026-07-01T15:28:40.806+0000] {dagbag.py:588} INFO - Filling up the DagBag from /opt/airflow/dags/urban_data_streaming_dag.py
[2026-07-01T15:28:40.842+0000] {processor.py:925} INFO - DAG(s) 'urban_data_streaming_demo' retrieved from /opt/airflow/dags/urban_data_streaming_dag.py
[2026-07-01T15:28:40.882+0000] {logging_mixin.py:190} INFO - [2026-07-01T15:28:40.882+0000] {dag.py:3239} INFO - Sync 1 DAGs
[2026-07-01T15:28:40.905+0000] {logging_mixin.py:190} INFO - [2026-07-01T15:28:40.905+0000] {dag.py:4180} INFO - Setting next_dagrun for urban_data_streaming_demo to None, run_after=None
[2026-07-01T15:28:40.938+0000] {processor.py:208} INFO - Processing /opt/airflow/dags/urban_data_streaming_dag.py took 0.153 seconds
[2026-07-01T15:29:11.845+0000] {processor.py:186} INFO - Started process (PID=488) to work on /opt/airflow/dags/urban_data_streaming_dag.py
[2026-07-01T15:29:11.847+0000] {processor.py:914} INFO - Processing file /opt/airflow/dags/urban_data_streaming_dag.py for tasks to queue
[2026-07-01T15:29:11.852+0000] {logging_mixin.py:190} INFO - [2026-07-01T15:29:11.852+0000] {dagbag.py:588} INFO - Filling up the DagBag from /opt/airflow/dags/urban_data_streaming_dag.py
[2026-07-01T15:29:11.929+0000] {processor.py:925} INFO - DAG(s) 'urban_data_streaming_demo' retrieved from /opt/airflow/dags/urban_data_streaming_dag.py
[2026-07-01T15:29:11.987+0000] {logging_mixin.py:190} INFO - [2026-07-01T15:29:11.986+0000] {dag.py:3239} INFO - Sync 1 DAGs
[2026-07-01T15:29:12.005+0000] {logging_mixin.py:190} INFO - [2026-07-01T15:29:12.005+0000] {dag.py:4180} INFO - Setting next_dagrun for urban_data_streaming_demo to None, run_after=None
[2026-07-01T15:29:12.030+0000] {processor.py:208} INFO - Processing /opt/airflow/dags/urban_data_streaming_dag.py took 0.210 seconds
[2026-07-01T15:29:42.792+0000] {processor.py:186} INFO - Started process (PID=506) to work on /opt/airflow/dags/urban_data_streaming_dag.py
[2026-07-01T15:29:42.794+0000] {processor.py:914} INFO - Processing file /opt/airflow/dags/urban_data_streaming_dag.py for tasks to queue
[2026-07-01T15:29:42.798+0000] {logging_mixin.py:190} INFO - [2026-07-01T15:29:42.797+0000] {dagbag.py:588} INFO - Filling up the DagBag from /opt/airflow/dags/urban_data_streaming_dag.py
[2026-07-01T15:29:42.832+0000] {processor.py:925} INFO - DAG(s) 'urban_data_streaming_demo' retrieved from /opt/airflow/dags/urban_data_streaming_dag.py
[2026-07-01T15:29:42.870+0000] {logging_mixin.py:190} INFO - [2026-07-01T15:29:42.870+0000] {dag.py:3239} INFO - Sync 1 DAGs
[2026-07-01T15:29:42.887+0000] {logging_mixin.py:190} INFO - [2026-07-01T15:29:42.886+0000] {dag.py:4180} INFO - Setting next_dagrun for urban_data_streaming_demo to None, run_after=None
[2026-07-01T15:29:42.911+0000] {processor.py:208} INFO - Processing /opt/airflow/dags/urban_data_streaming_dag.py took 0.126 seconds
[2026-07-01T15:30:13.687+0000] {processor.py:186} INFO - Started process (PID=524) to work on /opt/airflow/dags/urban_data_streaming_dag.py
[2026-07-01T15:30:13.688+0000] {processor.py:914} INFO - Processing file /opt/airflow/dags/urban_data_streaming_dag.py for tasks to queue
[2026-07-01T15:30:13.691+0000] {logging_mixin.py:190} INFO - [2026-07-01T15:30:13.691+0000] {dagbag.py:588} INFO - Filling up the DagBag from /opt/airflow/dags/urban_data_streaming_dag.py
[2026-07-01T15:30:13.712+0000] {processor.py:925} INFO - DAG(s) 'urban_data_streaming_demo' retrieved from /opt/airflow/dags/urban_data_streaming_dag.py
[2026-07-01T15:30:13.747+0000] {logging_mixin.py:190} INFO - [2026-07-01T15:30:13.747+0000] {dag.py:3239} INFO - Sync 1 DAGs
[2026-07-01T15:30:13.765+0000] {logging_mixin.py:190} INFO - [2026-07-01T15:30:13.765+0000] {dag.py:4180} INFO - Setting next_dagrun for urban_data_streaming_demo to None, run_after=None
[2026-07-01T15:30:13.804+0000] {processor.py:208} INFO - Processing /opt/airflow/dags/urban_data_streaming_dag.py took 0.123 seconds
[2026-07-01T15:30:44.731+0000] {processor.py:186} INFO - Started process (PID=542) to work on /opt/airflow/dags/urban_data_streaming_dag.py
[2026-07-01T15:30:44.737+0000] {processor.py:914} INFO - Processing file /opt/airflow/dags/urban_data_streaming_dag.py for tasks to queue
[2026-07-01T15:30:44.753+0000] {logging_mixin.py:190} INFO - [2026-07-01T15:30:44.751+0000] {dagbag.py:588} INFO - Filling up the DagBag from /opt/airflow/dags/urban_data_streaming_dag.py
[2026-07-01T15:30:44.848+0000] {processor.py:925} INFO - DAG(s) 'urban_data_streaming_demo' retrieved from /opt/airflow/dags/urban_data_streaming_dag.py
[2026-07-01T15:30:44.909+0000] {logging_mixin.py:190} INFO - [2026-07-01T15:30:44.909+0000] {dag.py:3239} INFO - Sync 1 DAGs
[2026-07-01T15:30:44.928+0000] {logging_mixin.py:190} INFO - [2026-07-01T15:30:44.928+0000] {dag.py:4180} INFO - Setting next_dagrun for urban_data_streaming_demo to None, run_after=None
[2026-07-01T15:30:44.955+0000] {processor.py:208} INFO - Processing /opt/airflow/dags/urban_data_streaming_dag.py took 0.256 seconds
[2026-07-01T15:31:15.244+0000] {processor.py:186} INFO - Started process (PID=560) to work on /opt/airflow/dags/urban_data_streaming_dag.py
[2026-07-01T15:31:15.247+0000] {processor.py:914} INFO - Processing file /opt/airflow/dags/urban_data_streaming_dag.py for tasks to queue
[2026-07-01T15:31:15.252+0000] {logging_mixin.py:190} INFO - [2026-07-01T15:31:15.252+0000] {dagbag.py:588} INFO - Filling up the DagBag from /opt/airflow/dags/urban_data_streaming_dag.py
[2026-07-01T15:31:15.356+0000] {processor.py:925} INFO - DAG(s) 'urban_data_streaming_demo' retrieved from /opt/airflow/dags/urban_data_streaming_dag.py
[2026-07-01T15:31:15.393+0000] {logging_mixin.py:190} INFO - [2026-07-01T15:31:15.392+0000] {dag.py:3239} INFO - Sync 1 DAGs
[2026-07-01T15:31:15.410+0000] {logging_mixin.py:190} INFO - [2026-07-01T15:31:15.410+0000] {dag.py:4180} INFO - Setting next_dagrun for urban_data_streaming_demo to None, run_after=None
[2026-07-01T15:31:15.444+0000] {processor.py:208} INFO - Processing /opt/airflow/dags/urban_data_streaming_dag.py took 0.221 seconds
[2026-07-01T15:31:45.760+0000] {processor.py:186} INFO - Started process (PID=578) to work on /opt/airflow/dags/urban_data_streaming_dag.py
[2026-07-01T15:31:45.762+0000] {processor.py:914} INFO - Processing file /opt/airflow/dags/urban_data_streaming_dag.py for tasks to queue
[2026-07-01T15:31:45.765+0000] {logging_mixin.py:190} INFO - [2026-07-01T15:31:45.765+0000] {dagbag.py:588} INFO - Filling up the DagBag from /opt/airflow/dags/urban_data_streaming_dag.py
[2026-07-01T15:31:45.789+0000] {processor.py:925} INFO - DAG(s) 'urban_data_streaming_demo' retrieved from /opt/airflow/dags/urban_data_streaming_dag.py
[2026-07-01T15:31:45.827+0000] {logging_mixin.py:190} INFO - [2026-07-01T15:31:45.826+0000] {dag.py:3239} INFO - Sync 1 DAGs
[2026-07-01T15:31:45.845+0000] {logging_mixin.py:190} INFO - [2026-07-01T15:31:45.845+0000] {dag.py:4180} INFO - Setting next_dagrun for urban_data_streaming_demo to None, run_after=None
[2026-07-01T15:31:45.873+0000] {processor.py:208} INFO - Processing /opt/airflow/dags/urban_data_streaming_dag.py took 0.120 seconds
[2026-07-01T15:32:15.955+0000] {processor.py:186} INFO - Started process (PID=588) to work on /opt/airflow/dags/urban_data_streaming_dag.py
[2026-07-01T15:32:15.956+0000] {processor.py:914} INFO - Processing file /opt/airflow/dags/urban_data_streaming_dag.py for tasks to queue
[2026-07-01T15:32:15.960+0000] {logging_mixin.py:190} INFO - [2026-07-01T15:32:15.959+0000] {dagbag.py:588} INFO - Filling up the DagBag from /opt/airflow/dags/urban_data_streaming_dag.py
[2026-07-01T15:32:15.989+0000] {processor.py:925} INFO - DAG(s) 'urban_data_streaming_demo' retrieved from /opt/airflow/dags/urban_data_streaming_dag.py
[2026-07-01T15:32:16.024+0000] {logging_mixin.py:190} INFO - [2026-07-01T15:32:16.024+0000] {dag.py:3239} INFO - Sync 1 DAGs
[2026-07-01T15:32:16.040+0000] {logging_mixin.py:190} INFO - [2026-07-01T15:32:16.040+0000] {dag.py:4180} INFO - Setting next_dagrun for urban_data_streaming_demo to None, run_after=None
[2026-07-01T15:32:16.066+0000] {processor.py:208} INFO - Processing /opt/airflow/dags/urban_data_streaming_dag.py took 0.119 seconds
[2026-07-01T15:32:46.801+0000] {processor.py:186} INFO - Started process (PID=606) to work on /opt/airflow/dags/urban_data_streaming_dag.py
[2026-07-01T15:32:46.803+0000] {processor.py:914} INFO - Processing file /opt/airflow/dags/urban_data_streaming_dag.py for tasks to queue
[2026-07-01T15:32:46.807+0000] {logging_mixin.py:190} INFO - [2026-07-01T15:32:46.806+0000] {dagbag.py:588} INFO - Filling up the DagBag from /opt/airflow/dags/urban_data_streaming_dag.py
[2026-07-01T15:32:46.866+0000] {processor.py:925} INFO - DAG(s) 'urban_data_streaming_demo' retrieved from /opt/airflow/dags/urban_data_streaming_dag.py
[2026-07-01T15:32:46.923+0000] {logging_mixin.py:190} INFO - [2026-07-01T15:32:46.923+0000] {dag.py:3239} INFO - Sync 1 DAGs
[2026-07-01T15:32:46.939+0000] {logging_mixin.py:190} INFO - [2026-07-01T15:32:46.938+0000] {dag.py:4180} INFO - Setting next_dagrun for urban_data_streaming_demo to None, run_after=None
[2026-07-01T15:32:46.967+0000] {processor.py:208} INFO - Processing /opt/airflow/dags/urban_data_streaming_dag.py took 0.175 seconds
[2026-07-01T15:33:17.713+0000] {processor.py:186} INFO - Started process (PID=624) to work on /opt/airflow/dags/urban_data_streaming_dag.py
[2026-07-01T15:33:17.714+0000] {processor.py:914} INFO - Processing file /opt/airflow/dags/urban_data_streaming_dag.py for tasks to queue
[2026-07-01T15:33:17.717+0000] {logging_mixin.py:190} INFO - [2026-07-01T15:33:17.716+0000] {dagbag.py:588} INFO - Filling up the DagBag from /opt/airflow/dags/urban_data_streaming_dag.py
[2026-07-01T15:33:17.742+0000] {processor.py:925} INFO - DAG(s) 'urban_data_streaming_demo' retrieved from /opt/airflow/dags/urban_data_streaming_dag.py
[2026-07-01T15:33:17.783+0000] {logging_mixin.py:190} INFO - [2026-07-01T15:33:17.783+0000] {dag.py:3239} INFO - Sync 1 DAGs
[2026-07-01T15:33:17.798+0000] {logging_mixin.py:190} INFO - [2026-07-01T15:33:17.798+0000] {dag.py:4180} INFO - Setting next_dagrun for urban_data_streaming_demo to None, run_after=None
[2026-07-01T15:33:17.827+0000] {processor.py:208} INFO - Processing /opt/airflow/dags/urban_data_streaming_dag.py took 0.120 seconds
[2026-07-01T15:33:48.595+0000] {processor.py:186} INFO - Started process (PID=642) to work on /opt/airflow/dags/urban_data_streaming_dag.py
[2026-07-01T15:33:48.597+0000] {processor.py:914} INFO - Processing file /opt/airflow/dags/urban_data_streaming_dag.py for tasks to queue
[2026-07-01T15:33:48.601+0000] {logging_mixin.py:190} INFO - [2026-07-01T15:33:48.600+0000] {dagbag.py:588} INFO - Filling up the DagBag from /opt/airflow/dags/urban_data_streaming_dag.py
[2026-07-01T15:33:48.655+0000] {processor.py:925} INFO - DAG(s) 'urban_data_streaming_demo' retrieved from /opt/airflow/dags/urban_data_streaming_dag.py
[2026-07-01T15:33:48.714+0000] {logging_mixin.py:190} INFO - [2026-07-01T15:33:48.713+0000] {dag.py:3239} INFO - Sync 1 DAGs
[2026-07-01T15:33:48.729+0000] {logging_mixin.py:190} INFO - [2026-07-01T15:33:48.729+0000] {dag.py:4180} INFO - Setting next_dagrun for urban_data_streaming_demo to None, run_after=None
[2026-07-01T15:33:48.760+0000] {processor.py:208} INFO - Processing /opt/airflow/dags/urban_data_streaming_dag.py took 0.179 seconds
[2026-07-01T15:34:19.038+0000] {processor.py:186} INFO - Started process (PID=661) to work on /opt/airflow/dags/urban_data_streaming_dag.py
[2026-07-01T15:34:19.040+0000] {processor.py:914} INFO - Processing file /opt/airflow/dags/urban_data_streaming_dag.py for tasks to queue
[2026-07-01T15:34:19.045+0000] {logging_mixin.py:190} INFO - [2026-07-01T15:34:19.044+0000] {dagbag.py:588} INFO - Filling up the DagBag from /opt/airflow/dags/urban_data_streaming_dag.py
[2026-07-01T15:34:19.128+0000] {processor.py:925} INFO - DAG(s) 'urban_data_streaming_demo' retrieved from /opt/airflow/dags/urban_data_streaming_dag.py
[2026-07-01T15:34:19.196+0000] {logging_mixin.py:190} INFO - [2026-07-01T15:34:19.195+0000] {dag.py:3239} INFO - Sync 1 DAGs
[2026-07-01T15:34:19.214+0000] {logging_mixin.py:190} INFO - [2026-07-01T15:34:19.214+0000] {dag.py:4180} INFO - Setting next_dagrun for urban_data_streaming_demo to None, run_after=None
[2026-07-01T15:34:19.256+0000] {processor.py:208} INFO - Processing /opt/airflow/dags/urban_data_streaming_dag.py took 0.240 seconds
[2026-07-01T15:34:50.174+0000] {processor.py:186} INFO - Started process (PID=679) to work on /opt/airflow/dags/urban_data_streaming_dag.py
[2026-07-01T15:34:50.179+0000] {processor.py:914} INFO - Processing file /opt/airflow/dags/urban_data_streaming_dag.py for tasks to queue
[2026-07-01T15:34:50.187+0000] {logging_mixin.py:190} INFO - [2026-07-01T15:34:50.186+0000] {dagbag.py:588} INFO - Filling up the DagBag from /opt/airflow/dags/urban_data_streaming_dag.py
[2026-07-01T15:34:50.237+0000] {processor.py:925} INFO - DAG(s) 'urban_data_streaming_demo' retrieved from /opt/airflow/dags/urban_data_streaming_dag.py
[2026-07-01T15:34:50.281+0000] {logging_mixin.py:190} INFO - [2026-07-01T15:34:50.281+0000] {dag.py:3239} INFO - Sync 1 DAGs
[2026-07-01T15:34:50.296+0000] {logging_mixin.py:190} INFO - [2026-07-01T15:34:50.296+0000] {dag.py:4180} INFO - Setting next_dagrun for urban_data_streaming_demo to None, run_after=None
[2026-07-01T15:34:50.320+0000] {processor.py:208} INFO - Processing /opt/airflow/dags/urban_data_streaming_dag.py took 0.173 seconds
[2026-07-01T15:35:20.778+0000] {processor.py:186} INFO - Started process (PID=697) to work on /opt/airflow/dags/urban_data_streaming_dag.py
[2026-07-01T15:35:20.783+0000] {processor.py:914} INFO - Processing file /opt/airflow/dags/urban_data_streaming_dag.py for tasks to queue
[2026-07-01T15:35:20.789+0000] {logging_mixin.py:190} INFO - [2026-07-01T15:35:20.788+0000] {dagbag.py:588} INFO - Filling up the DagBag from /opt/airflow/dags/urban_data_streaming_dag.py
[2026-07-01T15:35:20.880+0000] {processor.py:925} INFO - DAG(s) 'urban_data_streaming_demo' retrieved from /opt/airflow/dags/urban_data_streaming_dag.py
[2026-07-01T15:35:20.925+0000] {logging_mixin.py:190} INFO - [2026-07-01T15:35:20.924+0000] {dag.py:3239} INFO - Sync 1 DAGs
[2026-07-01T15:35:20.941+0000] {logging_mixin.py:190} INFO - [2026-07-01T15:35:20.941+0000] {dag.py:4180} INFO - Setting next_dagrun for urban_data_streaming_demo to None, run_after=None
[2026-07-01T15:35:20.966+0000] {processor.py:208} INFO - Processing /opt/airflow/dags/urban_data_streaming_dag.py took 0.215 seconds
[2026-07-01T15:35:51.696+0000] {processor.py:186} INFO - Started process (PID=715) to work on /opt/airflow/dags/urban_data_streaming_dag.py
[2026-07-01T15:35:51.698+0000] {processor.py:914} INFO - Processing file /opt/airflow/dags/urban_data_streaming_dag.py for tasks to queue
[2026-07-01T15:35:51.701+0000] {logging_mixin.py:190} INFO - [2026-07-01T15:35:51.701+0000] {dagbag.py:588} INFO - Filling up the DagBag from /opt/airflow/dags/urban_data_streaming_dag.py
[2026-07-01T15:35:51.756+0000] {processor.py:925} INFO - DAG(s) 'urban_data_streaming_demo' retrieved from /opt/airflow/dags/urban_data_streaming_dag.py
[2026-07-01T15:35:51.797+0000] {logging_mixin.py:190} INFO - [2026-07-01T15:35:51.796+0000] {dag.py:3239} INFO - Sync 1 DAGs
[2026-07-01T15:35:51.811+0000] {logging_mixin.py:190} INFO - [2026-07-01T15:35:51.811+0000] {dag.py:4180} INFO - Setting next_dagrun for urban_data_streaming_demo to None, run_after=None
[2026-07-01T15:35:51.834+0000] {processor.py:208} INFO - Processing /opt/airflow/dags/urban_data_streaming_dag.py took 0.145 seconds
[2026-07-01T15:36:22.043+0000] {processor.py:186} INFO - Started process (PID=733) to work on /opt/airflow/dags/urban_data_streaming_dag.py
[2026-07-01T15:36:22.045+0000] {processor.py:914} INFO - Processing file /opt/airflow/dags/urban_data_streaming_dag.py for tasks to queue
[2026-07-01T15:36:22.048+0000] {logging_mixin.py:190} INFO - [2026-07-01T15:36:22.048+0000] {dagbag.py:588} INFO - Filling up the DagBag from /opt/airflow/dags/urban_data_streaming_dag.py
[2026-07-01T15:36:22.076+0000] {processor.py:925} INFO - DAG(s) 'urban_data_streaming_demo' retrieved from /opt/airflow/dags/urban_data_streaming_dag.py
[2026-07-01T15:36:22.108+0000] {logging_mixin.py:190} INFO - [2026-07-01T15:36:22.107+0000] {dag.py:3239} INFO - Sync 1 DAGs
[2026-07-01T15:36:22.123+0000] {logging_mixin.py:190} INFO - [2026-07-01T15:36:22.122+0000] {dag.py:4180} INFO - Setting next_dagrun for urban_data_streaming_demo to None, run_after=None
[2026-07-01T15:36:22.145+0000] {processor.py:208} INFO - Processing /opt/airflow/dags/urban_data_streaming_dag.py took 0.108 seconds
[2026-07-01T15:36:52.356+0000] {processor.py:186} INFO - Started process (PID=750) to work on /opt/airflow/dags/urban_data_streaming_dag.py
[2026-07-01T15:36:52.357+0000] {processor.py:914} INFO - Processing file /opt/airflow/dags/urban_data_streaming_dag.py for tasks to queue
[2026-07-01T15:36:52.360+0000] {logging_mixin.py:190} INFO - [2026-07-01T15:36:52.360+0000] {dagbag.py:588} INFO - Filling up the DagBag from /opt/airflow/dags/urban_data_streaming_dag.py
[2026-07-01T15:36:52.387+0000] {processor.py:925} INFO - DAG(s) 'urban_data_streaming_demo' retrieved from /opt/airflow/dags/urban_data_streaming_dag.py
[2026-07-01T15:36:52.422+0000] {logging_mixin.py:190} INFO - [2026-07-01T15:36:52.421+0000] {dag.py:3239} INFO - Sync 1 DAGs
[2026-07-01T15:36:52.438+0000] {logging_mixin.py:190} INFO - [2026-07-01T15:36:52.437+0000] {dag.py:4180} INFO - Setting next_dagrun for urban_data_streaming_demo to None, run_after=None
[2026-07-01T15:36:52.460+0000] {processor.py:208} INFO - Processing /opt/airflow/dags/urban_data_streaming_dag.py took 0.111 seconds
[2026-07-01T15:37:23.249+0000] {processor.py:186} INFO - Started process (PID=761) to work on /opt/airflow/dags/urban_data_streaming_dag.py
[2026-07-01T15:37:23.250+0000] {processor.py:914} INFO - Processing file /opt/airflow/dags/urban_data_streaming_dag.py for tasks to queue
[2026-07-01T15:37:23.254+0000] {logging_mixin.py:190} INFO - [2026-07-01T15:37:23.253+0000] {dagbag.py:588} INFO - Filling up the DagBag from /opt/airflow/dags/urban_data_streaming_dag.py
[2026-07-01T15:37:23.284+0000] {processor.py:925} INFO - DAG(s) 'urban_data_streaming_demo' retrieved from /opt/airflow/dags/urban_data_streaming_dag.py
[2026-07-01T15:37:23.322+0000] {logging_mixin.py:190} INFO - [2026-07-01T15:37:23.322+0000] {dag.py:3239} INFO - Sync 1 DAGs
[2026-07-01T15:37:23.341+0000] {logging_mixin.py:190} INFO - [2026-07-01T15:37:23.341+0000] {dag.py:4180} INFO - Setting next_dagrun for urban_data_streaming_demo to None, run_after=None
[2026-07-01T15:37:23.385+0000] {processor.py:208} INFO - Processing /opt/airflow/dags/urban_data_streaming_dag.py took 0.150 seconds
[2026-07-01T15:37:53.654+0000] {processor.py:186} INFO - Started process (PID=779) to work on /opt/airflow/dags/urban_data_streaming_dag.py
[2026-07-01T15:37:53.656+0000] {processor.py:914} INFO - Processing file /opt/airflow/dags/urban_data_streaming_dag.py for tasks to queue
[2026-07-01T15:37:53.659+0000] {logging_mixin.py:190} INFO - [2026-07-01T15:37:53.659+0000] {dagbag.py:588} INFO - Filling up the DagBag from /opt/airflow/dags/urban_data_streaming_dag.py
[2026-07-01T15:37:53.685+0000] {processor.py:925} INFO - DAG(s) 'urban_data_streaming_demo' retrieved from /opt/airflow/dags/urban_data_streaming_dag.py
[2026-07-01T15:37:53.716+0000] {logging_mixin.py:190} INFO - [2026-07-01T15:37:53.716+0000] {dag.py:3239} INFO - Sync 1 DAGs
[2026-07-01T15:37:53.731+0000] {logging_mixin.py:190} INFO - [2026-07-01T15:37:53.731+0000] {dag.py:4180} INFO - Setting next_dagrun for urban_data_streaming_demo to None, run_after=None
[2026-07-01T15:37:53.756+0000] {processor.py:208} INFO - Processing /opt/airflow/dags/urban_data_streaming_dag.py took 0.108 seconds
[2026-07-01T15:38:24.434+0000] {processor.py:186} INFO - Started process (PID=797) to work on /opt/airflow/dags/urban_data_streaming_dag.py
[2026-07-01T15:38:24.436+0000] {processor.py:914} INFO - Processing file /opt/airflow/dags/urban_data_streaming_dag.py for tasks to queue
[2026-07-01T15:38:24.439+0000] {logging_mixin.py:190} INFO - [2026-07-01T15:38:24.439+0000] {dagbag.py:588} INFO - Filling up the DagBag from /opt/airflow/dags/urban_data_streaming_dag.py
[2026-07-01T15:38:24.492+0000] {processor.py:925} INFO - DAG(s) 'urban_data_streaming_demo' retrieved from /opt/airflow/dags/urban_data_streaming_dag.py
[2026-07-01T15:38:24.536+0000] {logging_mixin.py:190} INFO - [2026-07-01T15:38:24.536+0000] {dag.py:3239} INFO - Sync 1 DAGs
[2026-07-01T15:38:24.551+0000] {logging_mixin.py:190} INFO - [2026-07-01T15:38:24.550+0000] {dag.py:4180} INFO - Setting next_dagrun for urban_data_streaming_demo to None, run_after=None
[2026-07-01T15:38:24.578+0000] {processor.py:208} INFO - Processing /opt/airflow/dags/urban_data_streaming_dag.py took 0.156 seconds
[2026-07-01T15:38:54.724+0000] {processor.py:186} INFO - Started process (PID=815) to work on /opt/airflow/dags/urban_data_streaming_dag.py
[2026-07-01T15:38:54.726+0000] {processor.py:914} INFO - Processing file /opt/airflow/dags/urban_data_streaming_dag.py for tasks to queue
[2026-07-01T15:38:54.731+0000] {logging_mixin.py:190} INFO - [2026-07-01T15:38:54.730+0000] {dagbag.py:588} INFO - Filling up the DagBag from /opt/airflow/dags/urban_data_streaming_dag.py
[2026-07-01T15:38:54.773+0000] {processor.py:925} INFO - DAG(s) 'urban_data_streaming_demo' retrieved from /opt/airflow/dags/urban_data_streaming_dag.py
[2026-07-01T15:38:54.811+0000] {logging_mixin.py:190} INFO - [2026-07-01T15:38:54.811+0000] {dag.py:3239} INFO - Sync 1 DAGs
[2026-07-01T15:38:54.832+0000] {logging_mixin.py:190} INFO - [2026-07-01T15:38:54.832+0000] {dag.py:4180} INFO - Setting next_dagrun for urban_data_streaming_demo to None, run_after=None
[2026-07-01T15:38:54.858+0000] {processor.py:208} INFO - Processing /opt/airflow/dags/urban_data_streaming_dag.py took 0.150 seconds
[2026-07-01T15:39:25.678+0000] {processor.py:186} INFO - Started process (PID=833) to work on /opt/airflow/dags/urban_data_streaming_dag.py
[2026-07-01T15:39:25.680+0000] {processor.py:914} INFO - Processing file /opt/airflow/dags/urban_data_streaming_dag.py for tasks to queue
[2026-07-01T15:39:25.683+0000] {logging_mixin.py:190} INFO - [2026-07-01T15:39:25.683+0000] {dagbag.py:588} INFO - Filling up the DagBag from /opt/airflow/dags/urban_data_streaming_dag.py
[2026-07-01T15:39:25.727+0000] {processor.py:925} INFO - DAG(s) 'urban_data_streaming_demo' retrieved from /opt/airflow/dags/urban_data_streaming_dag.py
[2026-07-01T15:39:25.758+0000] {logging_mixin.py:190} INFO - [2026-07-01T15:39:25.758+0000] {dag.py:3239} INFO - Sync 1 DAGs
[2026-07-01T15:39:25.771+0000] {logging_mixin.py:190} INFO - [2026-07-01T15:39:25.771+0000] {dag.py:4180} INFO - Setting next_dagrun for urban_data_streaming_demo to None, run_after=None
[2026-07-01T15:39:25.794+0000] {processor.py:208} INFO - Processing /opt/airflow/dags/urban_data_streaming_dag.py took 0.128 seconds
[2026-07-01T15:39:56.613+0000] {processor.py:186} INFO - Started process (PID=851) to work on /opt/airflow/dags/urban_data_streaming_dag.py
[2026-07-01T15:39:56.616+0000] {processor.py:914} INFO - Processing file /opt/airflow/dags/urban_data_streaming_dag.py for tasks to queue
[2026-07-01T15:39:56.623+0000] {logging_mixin.py:190} INFO - [2026-07-01T15:39:56.622+0000] {dagbag.py:588} INFO - Filling up the DagBag from /opt/airflow/dags/urban_data_streaming_dag.py
[2026-07-01T15:39:56.699+0000] {processor.py:925} INFO - DAG(s) 'urban_data_streaming_demo' retrieved from /opt/airflow/dags/urban_data_streaming_dag.py
[2026-07-01T15:39:56.736+0000] {logging_mixin.py:190} INFO - [2026-07-01T15:39:56.736+0000] {dag.py:3239} INFO - Sync 1 DAGs
[2026-07-01T15:39:56.753+0000] {logging_mixin.py:190} INFO - [2026-07-01T15:39:56.752+0000] {dag.py:4180} INFO - Setting next_dagrun for urban_data_streaming_demo to None, run_after=None
[2026-07-01T15:39:56.788+0000] {processor.py:208} INFO - Processing /opt/airflow/dags/urban_data_streaming_dag.py took 0.197 seconds
[2026-07-01T15:40:26.928+0000] {processor.py:186} INFO - Started process (PID=869) to work on /opt/airflow/dags/urban_data_streaming_dag.py
[2026-07-01T15:40:26.929+0000] {processor.py:914} INFO - Processing file /opt/airflow/dags/urban_data_streaming_dag.py for tasks to queue
[2026-07-01T15:40:26.932+0000] {logging_mixin.py:190} INFO - [2026-07-01T15:40:26.932+0000] {dagbag.py:588} INFO - Filling up the DagBag from /opt/airflow/dags/urban_data_streaming_dag.py
[2026-07-01T15:40:26.959+0000] {processor.py:925} INFO - DAG(s) 'urban_data_streaming_demo' retrieved from /opt/airflow/dags/urban_data_streaming_dag.py
[2026-07-01T15:40:27.000+0000] {logging_mixin.py:190} INFO - [2026-07-01T15:40:27.000+0000] {dag.py:3239} INFO - Sync 1 DAGs
[2026-07-01T15:40:27.016+0000] {logging_mixin.py:190} INFO - [2026-07-01T15:40:27.016+0000] {dag.py:4180} INFO - Setting next_dagrun for urban_data_streaming_demo to None, run_after=None
[2026-07-01T15:40:27.038+0000] {processor.py:208} INFO - Processing /opt/airflow/dags/urban_data_streaming_dag.py took 0.119 seconds
[2026-07-01T15:40:57.390+0000] {processor.py:186} INFO - Started process (PID=887) to work on /opt/airflow/dags/urban_data_streaming_dag.py
[2026-07-01T15:40:57.394+0000] {processor.py:914} INFO - Processing file /opt/airflow/dags/urban_data_streaming_dag.py for tasks to queue
[2026-07-01T15:40:57.400+0000] {logging_mixin.py:190} INFO - [2026-07-01T15:40:57.399+0000] {dagbag.py:588} INFO - Filling up the DagBag from /opt/airflow/dags/urban_data_streaming_dag.py
[2026-07-01T15:40:57.514+0000] {processor.py:925} INFO - DAG(s) 'urban_data_streaming_demo' retrieved from /opt/airflow/dags/urban_data_streaming_dag.py
[2026-07-01T15:40:57.584+0000] {logging_mixin.py:190} INFO - [2026-07-01T15:40:57.584+0000] {dag.py:3239} INFO - Sync 1 DAGs
[2026-07-01T15:40:57.605+0000] {logging_mixin.py:190} INFO - [2026-07-01T15:40:57.605+0000] {dag.py:4180} INFO - Setting next_dagrun for urban_data_streaming_demo to None, run_after=None
[2026-07-01T15:40:57.660+0000] {processor.py:208} INFO - Processing /opt/airflow/dags/urban_data_streaming_dag.py took 0.297 seconds
[2026-07-01T15:41:27.836+0000] {processor.py:186} INFO - Started process (PID=905) to work on /opt/airflow/dags/urban_data_streaming_dag.py
[2026-07-01T15:41:27.838+0000] {processor.py:914} INFO - Processing file /opt/airflow/dags/urban_data_streaming_dag.py for tasks to queue
[2026-07-01T15:41:27.842+0000] {logging_mixin.py:190} INFO - [2026-07-01T15:41:27.842+0000] {dagbag.py:588} INFO - Filling up the DagBag from /opt/airflow/dags/urban_data_streaming_dag.py
[2026-07-01T15:41:27.888+0000] {processor.py:925} INFO - DAG(s) 'urban_data_streaming_demo' retrieved from /opt/airflow/dags/urban_data_streaming_dag.py
[2026-07-01T15:41:27.940+0000] {logging_mixin.py:190} INFO - [2026-07-01T15:41:27.939+0000] {dag.py:3239} INFO - Sync 1 DAGs
[2026-07-01T15:41:27.961+0000] {logging_mixin.py:190} INFO - [2026-07-01T15:41:27.960+0000] {dag.py:4180} INFO - Setting next_dagrun for urban_data_streaming_demo to None, run_after=None
[2026-07-01T15:41:27.995+0000] {processor.py:208} INFO - Processing /opt/airflow/dags/urban_data_streaming_dag.py took 0.167 seconds
[2026-07-01T15:41:58.654+0000] {processor.py:186} INFO - Started process (PID=923) to work on /opt/airflow/dags/urban_data_streaming_dag.py
[2026-07-01T15:41:58.656+0000] {processor.py:914} INFO - Processing file /opt/airflow/dags/urban_data_streaming_dag.py for tasks to queue
[2026-07-01T15:41:58.662+0000] {logging_mixin.py:190} INFO - [2026-07-01T15:41:58.660+0000] {dagbag.py:588} INFO - Filling up the DagBag from /opt/airflow/dags/urban_data_streaming_dag.py
[2026-07-01T15:41:58.736+0000] {processor.py:925} INFO - DAG(s) 'urban_data_streaming_demo' retrieved from /opt/airflow/dags/urban_data_streaming_dag.py
[2026-07-01T15:41:58.784+0000] {logging_mixin.py:190} INFO - [2026-07-01T15:41:58.783+0000] {dag.py:3239} INFO - Sync 1 DAGs
[2026-07-01T15:41:58.807+0000] {logging_mixin.py:190} INFO - [2026-07-01T15:41:58.807+0000] {dag.py:4180} INFO - Setting next_dagrun for urban_data_streaming_demo to None, run_after=None
[2026-07-01T15:41:58.849+0000] {processor.py:208} INFO - Processing /opt/airflow/dags/urban_data_streaming_dag.py took 0.204 seconds
[2026-07-01T15:42:29.632+0000] {processor.py:186} INFO - Started process (PID=941) to work on /opt/airflow/dags/urban_data_streaming_dag.py
[2026-07-01T15:42:29.635+0000] {processor.py:914} INFO - Processing file /opt/airflow/dags/urban_data_streaming_dag.py for tasks to queue
[2026-07-01T15:42:29.641+0000] {logging_mixin.py:190} INFO - [2026-07-01T15:42:29.640+0000] {dagbag.py:588} INFO - Filling up the DagBag from /opt/airflow/dags/urban_data_streaming_dag.py
[2026-07-01T15:42:29.677+0000] {processor.py:925} INFO - DAG(s) 'urban_data_streaming_demo' retrieved from /opt/airflow/dags/urban_data_streaming_dag.py
[2026-07-01T15:42:29.717+0000] {logging_mixin.py:190} INFO - [2026-07-01T15:42:29.717+0000] {dag.py:3239} INFO - Sync 1 DAGs
[2026-07-01T15:42:29.732+0000] {logging_mixin.py:190} INFO - [2026-07-01T15:42:29.732+0000] {dag.py:4180} INFO - Setting next_dagrun for urban_data_streaming_demo to None, run_after=None
[2026-07-01T15:42:29.759+0000] {processor.py:208} INFO - Processing /opt/airflow/dags/urban_data_streaming_dag.py took 0.139 seconds
[2026-07-01T15:42:59.990+0000] {processor.py:186} INFO - Started process (PID=958) to work on /opt/airflow/dags/urban_data_streaming_dag.py
[2026-07-01T15:42:59.993+0000] {processor.py:914} INFO - Processing file /opt/airflow/dags/urban_data_streaming_dag.py for tasks to queue
[2026-07-01T15:43:00.002+0000] {logging_mixin.py:190} INFO - [2026-07-01T15:43:00.002+0000] {dagbag.py:588} INFO - Filling up the DagBag from /opt/airflow/dags/urban_data_streaming_dag.py
[2026-07-01T15:43:00.111+0000] {processor.py:925} INFO - DAG(s) 'urban_data_streaming_demo' retrieved from /opt/airflow/dags/urban_data_streaming_dag.py
[2026-07-01T15:43:00.157+0000] {logging_mixin.py:190} INFO - [2026-07-01T15:43:00.157+0000] {dag.py:3239} INFO - Sync 1 DAGs
[2026-07-01T15:43:00.179+0000] {logging_mixin.py:190} INFO - [2026-07-01T15:43:00.178+0000] {dag.py:4180} INFO - Setting next_dagrun for urban_data_streaming_demo to None, run_after=None
[2026-07-01T15:43:00.217+0000] {processor.py:208} INFO - Processing /opt/airflow/dags/urban_data_streaming_dag.py took 0.245 seconds
[2026-07-01T15:43:30.370+0000] {processor.py:186} INFO - Started process (PID=969) to work on /opt/airflow/dags/urban_data_streaming_dag.py
[2026-07-01T15:43:30.371+0000] {processor.py:914} INFO - Processing file /opt/airflow/dags/urban_data_streaming_dag.py for tasks to queue
[2026-07-01T15:43:30.376+0000] {logging_mixin.py:190} INFO - [2026-07-01T15:43:30.376+0000] {dagbag.py:588} INFO - Filling up the DagBag from /opt/airflow/dags/urban_data_streaming_dag.py
[2026-07-01T15:43:30.419+0000] {processor.py:925} INFO - DAG(s) 'urban_data_streaming_demo' retrieved from /opt/airflow/dags/urban_data_streaming_dag.py
[2026-07-01T15:43:30.453+0000] {logging_mixin.py:190} INFO - [2026-07-01T15:43:30.453+0000] {dag.py:3239} INFO - Sync 1 DAGs
[2026-07-01T15:43:30.471+0000] {logging_mixin.py:190} INFO - [2026-07-01T15:43:30.470+0000] {dag.py:4180} INFO - Setting next_dagrun for urban_data_streaming_demo to None, run_after=None
[2026-07-01T15:43:30.500+0000] {processor.py:208} INFO - Processing /opt/airflow/dags/urban_data_streaming_dag.py took 0.140 seconds
[2026-07-01T15:44:01.020+0000] {processor.py:186} INFO - Started process (PID=987) to work on /opt/airflow/dags/urban_data_streaming_dag.py
[2026-07-01T15:44:01.023+0000] {processor.py:914} INFO - Processing file /opt/airflow/dags/urban_data_streaming_dag.py for tasks to queue
[2026-07-01T15:44:01.028+0000] {logging_mixin.py:190} INFO - [2026-07-01T15:44:01.028+0000] {dagbag.py:588} INFO - Filling up the DagBag from /opt/airflow/dags/urban_data_streaming_dag.py
[2026-07-01T15:44:01.108+0000] {processor.py:925} INFO - DAG(s) 'urban_data_streaming_demo' retrieved from /opt/airflow/dags/urban_data_streaming_dag.py
[2026-07-01T15:44:01.144+0000] {logging_mixin.py:190} INFO - [2026-07-01T15:44:01.144+0000] {dag.py:3239} INFO - Sync 1 DAGs
[2026-07-01T15:44:01.160+0000] {logging_mixin.py:190} INFO - [2026-07-01T15:44:01.160+0000] {dag.py:4180} INFO - Setting next_dagrun for urban_data_streaming_demo to None, run_after=None
[2026-07-01T15:44:01.192+0000] {processor.py:208} INFO - Processing /opt/airflow/dags/urban_data_streaming_dag.py took 0.202 seconds
[2026-07-01T15:44:31.982+0000] {processor.py:186} INFO - Started process (PID=1005) to work on /opt/airflow/dags/urban_data_streaming_dag.py
[2026-07-01T15:44:31.989+0000] {processor.py:914} INFO - Processing file /opt/airflow/dags/urban_data_streaming_dag.py for tasks to queue
[2026-07-01T15:44:32.003+0000] {logging_mixin.py:190} INFO - [2026-07-01T15:44:32.001+0000] {dagbag.py:588} INFO - Filling up the DagBag from /opt/airflow/dags/urban_data_streaming_dag.py
[2026-07-01T15:44:32.069+0000] {processor.py:925} INFO - DAG(s) 'urban_data_streaming_demo' retrieved from /opt/airflow/dags/urban_data_streaming_dag.py
[2026-07-01T15:44:32.111+0000] {logging_mixin.py:190} INFO - [2026-07-01T15:44:32.111+0000] {dag.py:3239} INFO - Sync 1 DAGs
[2026-07-01T15:44:32.128+0000] {logging_mixin.py:190} INFO - [2026-07-01T15:44:32.127+0000] {dag.py:4180} INFO - Setting next_dagrun for urban_data_streaming_demo to None, run_after=None
[2026-07-01T15:44:32.153+0000] {processor.py:208} INFO - Processing /opt/airflow/dags/urban_data_streaming_dag.py took 0.208 seconds
[2026-07-01T15:45:02.283+0000] {processor.py:186} INFO - Started process (PID=1023) to work on /opt/airflow/dags/urban_data_streaming_dag.py
[2026-07-01T15:45:02.284+0000] {processor.py:914} INFO - Processing file /opt/airflow/dags/urban_data_streaming_dag.py for tasks to queue
[2026-07-01T15:45:02.287+0000] {logging_mixin.py:190} INFO - [2026-07-01T15:45:02.287+0000] {dagbag.py:588} INFO - Filling up the DagBag from /opt/airflow/dags/urban_data_streaming_dag.py
[2026-07-01T15:45:02.313+0000] {processor.py:925} INFO - DAG(s) 'urban_data_streaming_demo' retrieved from /opt/airflow/dags/urban_data_streaming_dag.py
[2026-07-01T15:45:02.350+0000] {logging_mixin.py:190} INFO - [2026-07-01T15:45:02.350+0000] {dag.py:3239} INFO - Sync 1 DAGs
[2026-07-01T15:45:02.367+0000] {logging_mixin.py:190} INFO - [2026-07-01T15:45:02.367+0000] {dag.py:4180} INFO - Setting next_dagrun for urban_data_streaming_demo to None, run_after=None
[2026-07-01T15:45:02.392+0000] {processor.py:208} INFO - Processing /opt/airflow/dags/urban_data_streaming_dag.py took 0.117 seconds
[2026-07-01T15:45:32.759+0000] {processor.py:186} INFO - Started process (PID=1041) to work on /opt/airflow/dags/urban_data_streaming_dag.py
[2026-07-01T15:45:32.761+0000] {processor.py:914} INFO - Processing file /opt/airflow/dags/urban_data_streaming_dag.py for tasks to queue
[2026-07-01T15:45:32.765+0000] {logging_mixin.py:190} INFO - [2026-07-01T15:45:32.764+0000] {dagbag.py:588} INFO - Filling up the DagBag from /opt/airflow/dags/urban_data_streaming_dag.py
[2026-07-01T15:45:32.800+0000] {processor.py:925} INFO - DAG(s) 'urban_data_streaming_demo' retrieved from /opt/airflow/dags/urban_data_streaming_dag.py
[2026-07-01T15:45:32.844+0000] {logging_mixin.py:190} INFO - [2026-07-01T15:45:32.843+0000] {dag.py:3239} INFO - Sync 1 DAGs
[2026-07-01T15:45:32.859+0000] {logging_mixin.py:190} INFO - [2026-07-01T15:45:32.858+0000] {dag.py:4180} INFO - Setting next_dagrun for urban_data_streaming_demo to None, run_after=None
[2026-07-01T15:45:32.885+0000] {processor.py:208} INFO - Processing /opt/airflow/dags/urban_data_streaming_dag.py took 0.136 seconds
[2026-07-01T15:46:03.865+0000] {processor.py:186} INFO - Started process (PID=1059) to work on /opt/airflow/dags/urban_data_streaming_dag.py
[2026-07-01T15:46:03.866+0000] {processor.py:914} INFO - Processing file /opt/airflow/dags/urban_data_streaming_dag.py for tasks to queue
[2026-07-01T15:46:03.870+0000] {logging_mixin.py:190} INFO - [2026-07-01T15:46:03.869+0000] {dagbag.py:588} INFO - Filling up the DagBag from /opt/airflow/dags/urban_data_streaming_dag.py
[2026-07-01T15:46:03.918+0000] {processor.py:925} INFO - DAG(s) 'urban_data_streaming_demo' retrieved from /opt/airflow/dags/urban_data_streaming_dag.py
[2026-07-01T15:46:03.974+0000] {logging_mixin.py:190} INFO - [2026-07-01T15:46:03.974+0000] {dag.py:3239} INFO - Sync 1 DAGs
[2026-07-01T15:46:03.994+0000] {logging_mixin.py:190} INFO - [2026-07-01T15:46:03.993+0000] {dag.py:4180} INFO - Setting next_dagrun for urban_data_streaming_demo to None, run_after=None
[2026-07-01T15:46:04.022+0000] {processor.py:208} INFO - Processing /opt/airflow/dags/urban_data_streaming_dag.py took 0.165 seconds
[2026-07-01T15:46:34.365+0000] {processor.py:186} INFO - Started process (PID=1077) to work on /opt/airflow/dags/urban_data_streaming_dag.py
[2026-07-01T15:46:34.367+0000] {processor.py:914} INFO - Processing file /opt/airflow/dags/urban_data_streaming_dag.py for tasks to queue
[2026-07-01T15:46:34.371+0000] {logging_mixin.py:190} INFO - [2026-07-01T15:46:34.370+0000] {dagbag.py:588} INFO - Filling up the DagBag from /opt/airflow/dags/urban_data_streaming_dag.py
[2026-07-01T15:46:34.463+0000] {processor.py:925} INFO - DAG(s) 'urban_data_streaming_demo' retrieved from /opt/airflow/dags/urban_data_streaming_dag.py
[2026-07-01T15:46:34.544+0000] {logging_mixin.py:190} INFO - [2026-07-01T15:46:34.544+0000] {dag.py:3239} INFO - Sync 1 DAGs
[2026-07-01T15:46:34.567+0000] {logging_mixin.py:190} INFO - [2026-07-01T15:46:34.566+0000] {dag.py:4180} INFO - Setting next_dagrun for urban_data_streaming_demo to None, run_after=None
[2026-07-01T15:46:34.607+0000] {processor.py:208} INFO - Processing /opt/airflow/dags/urban_data_streaming_dag.py took 0.254 seconds
[2026-07-01T15:47:05.523+0000] {processor.py:186} INFO - Started process (PID=1095) to work on /opt/airflow/dags/urban_data_streaming_dag.py
[2026-07-01T15:47:05.525+0000] {processor.py:914} INFO - Processing file /opt/airflow/dags/urban_data_streaming_dag.py for tasks to queue
[2026-07-01T15:47:05.531+0000] {logging_mixin.py:190} INFO - [2026-07-01T15:47:05.530+0000] {dagbag.py:588} INFO - Filling up the DagBag from /opt/airflow/dags/urban_data_streaming_dag.py
[2026-07-01T15:47:05.563+0000] {processor.py:925} INFO - DAG(s) 'urban_data_streaming_demo' retrieved from /opt/airflow/dags/urban_data_streaming_dag.py
[2026-07-01T15:47:05.604+0000] {logging_mixin.py:190} INFO - [2026-07-01T15:47:05.604+0000] {dag.py:3239} INFO - Sync 1 DAGs
[2026-07-01T15:47:05.623+0000] {logging_mixin.py:190} INFO - [2026-07-01T15:47:05.623+0000] {dag.py:4180} INFO - Setting next_dagrun for urban_data_streaming_demo to None, run_after=None
[2026-07-01T15:47:05.651+0000] {processor.py:208} INFO - Processing /opt/airflow/dags/urban_data_streaming_dag.py took 0.138 seconds
[2026-07-01T15:47:36.420+0000] {processor.py:186} INFO - Started process (PID=1113) to work on /opt/airflow/dags/urban_data_streaming_dag.py
[2026-07-01T15:47:36.422+0000] {processor.py:914} INFO - Processing file /opt/airflow/dags/urban_data_streaming_dag.py for tasks to queue
[2026-07-01T15:47:36.426+0000] {logging_mixin.py:190} INFO - [2026-07-01T15:47:36.425+0000] {dagbag.py:588} INFO - Filling up the DagBag from /opt/airflow/dags/urban_data_streaming_dag.py
[2026-07-01T15:47:36.467+0000] {processor.py:925} INFO - DAG(s) 'urban_data_streaming_demo' retrieved from /opt/airflow/dags/urban_data_streaming_dag.py
[2026-07-01T15:47:36.508+0000] {logging_mixin.py:190} INFO - [2026-07-01T15:47:36.508+0000] {dag.py:3239} INFO - Sync 1 DAGs
[2026-07-01T15:47:36.528+0000] {logging_mixin.py:190} INFO - [2026-07-01T15:47:36.527+0000] {dag.py:4180} INFO - Setting next_dagrun for urban_data_streaming_demo to None, run_after=None
[2026-07-01T15:47:36.571+0000] {processor.py:208} INFO - Processing /opt/airflow/dags/urban_data_streaming_dag.py took 0.163 seconds
[2026-07-01T15:48:07.375+0000] {processor.py:186} INFO - Started process (PID=1131) to work on /opt/airflow/dags/urban_data_streaming_dag.py
[2026-07-01T15:48:07.378+0000] {processor.py:914} INFO - Processing file /opt/airflow/dags/urban_data_streaming_dag.py for tasks to queue
[2026-07-01T15:48:07.383+0000] {logging_mixin.py:190} INFO - [2026-07-01T15:48:07.382+0000] {dagbag.py:588} INFO - Filling up the DagBag from /opt/airflow/dags/urban_data_streaming_dag.py
[2026-07-01T15:48:07.465+0000] {processor.py:925} INFO - DAG(s) 'urban_data_streaming_demo' retrieved from /opt/airflow/dags/urban_data_streaming_dag.py
[2026-07-01T15:48:07.507+0000] {logging_mixin.py:190} INFO - [2026-07-01T15:48:07.507+0000] {dag.py:3239} INFO - Sync 1 DAGs
[2026-07-01T15:48:07.522+0000] {logging_mixin.py:190} INFO - [2026-07-01T15:48:07.522+0000] {dag.py:4180} INFO - Setting next_dagrun for urban_data_streaming_demo to None, run_after=None
[2026-07-01T15:48:07.551+0000] {processor.py:208} INFO - Processing /opt/airflow/dags/urban_data_streaming_dag.py took 0.190 seconds
[2026-07-01T15:48:38.363+0000] {processor.py:186} INFO - Started process (PID=1148) to work on /opt/airflow/dags/urban_data_streaming_dag.py
[2026-07-01T15:48:38.365+0000] {processor.py:914} INFO - Processing file /opt/airflow/dags/urban_data_streaming_dag.py for tasks to queue
[2026-07-01T15:48:38.370+0000] {logging_mixin.py:190} INFO - [2026-07-01T15:48:38.370+0000] {dagbag.py:588} INFO - Filling up the DagBag from /opt/airflow/dags/urban_data_streaming_dag.py
[2026-07-01T15:48:38.405+0000] {processor.py:925} INFO - DAG(s) 'urban_data_streaming_demo' retrieved from /opt/airflow/dags/urban_data_streaming_dag.py
[2026-07-01T15:48:38.447+0000] {logging_mixin.py:190} INFO - [2026-07-01T15:48:38.447+0000] {dag.py:3239} INFO - Sync 1 DAGs
[2026-07-01T15:48:38.468+0000] {logging_mixin.py:190} INFO - [2026-07-01T15:48:38.468+0000] {dag.py:4180} INFO - Setting next_dagrun for urban_data_streaming_demo to None, run_after=None
[2026-07-01T15:48:38.512+0000] {processor.py:208} INFO - Processing /opt/airflow/dags/urban_data_streaming_dag.py took 0.159 seconds
[2026-07-01T15:49:09.029+0000] {processor.py:186} INFO - Started process (PID=1159) to work on /opt/airflow/dags/urban_data_streaming_dag.py
[2026-07-01T15:49:09.031+0000] {processor.py:914} INFO - Processing file /opt/airflow/dags/urban_data_streaming_dag.py for tasks to queue
[2026-07-01T15:49:09.037+0000] {logging_mixin.py:190} INFO - [2026-07-01T15:49:09.036+0000] {dagbag.py:588} INFO - Filling up the DagBag from /opt/airflow/dags/urban_data_streaming_dag.py
[2026-07-01T15:49:09.178+0000] {processor.py:925} INFO - DAG(s) 'urban_data_streaming_demo' retrieved from /opt/airflow/dags/urban_data_streaming_dag.py
[2026-07-01T15:49:09.226+0000] {logging_mixin.py:190} INFO - [2026-07-01T15:49:09.225+0000] {dag.py:3239} INFO - Sync 1 DAGs
[2026-07-01T15:49:09.243+0000] {logging_mixin.py:190} INFO - [2026-07-01T15:49:09.242+0000] {dag.py:4180} INFO - Setting next_dagrun for urban_data_streaming_demo to None, run_after=None
[2026-07-01T15:49:09.266+0000] {processor.py:208} INFO - Processing /opt/airflow/dags/urban_data_streaming_dag.py took 0.257 seconds
[2026-07-01T15:49:39.528+0000] {processor.py:186} INFO - Started process (PID=1177) to work on /opt/airflow/dags/urban_data_streaming_dag.py
[2026-07-01T15:49:39.531+0000] {processor.py:914} INFO - Processing file /opt/airflow/dags/urban_data_streaming_dag.py for tasks to queue
[2026-07-01T15:49:39.535+0000] {logging_mixin.py:190} INFO - [2026-07-01T15:49:39.535+0000] {dagbag.py:588} INFO - Filling up the DagBag from /opt/airflow/dags/urban_data_streaming_dag.py
[2026-07-01T15:49:39.623+0000] {processor.py:925} INFO - DAG(s) 'urban_data_streaming_demo' retrieved from /opt/airflow/dags/urban_data_streaming_dag.py
[2026-07-01T15:49:39.669+0000] {logging_mixin.py:190} INFO - [2026-07-01T15:49:39.669+0000] {dag.py:3239} INFO - Sync 1 DAGs
[2026-07-01T15:49:39.686+0000] {logging_mixin.py:190} INFO - [2026-07-01T15:49:39.686+0000] {dag.py:4180} INFO - Setting next_dagrun for urban_data_streaming_demo to None, run_after=None
[2026-07-01T15:49:39.723+0000] {processor.py:208} INFO - Processing /opt/airflow/dags/urban_data_streaming_dag.py took 0.207 seconds
[2026-07-01T15:50:10.419+0000] {processor.py:186} INFO - Started process (PID=1195) to work on /opt/airflow/dags/urban_data_streaming_dag.py
[2026-07-01T15:50:10.421+0000] {processor.py:914} INFO - Processing file /opt/airflow/dags/urban_data_streaming_dag.py for tasks to queue
[2026-07-01T15:50:10.424+0000] {logging_mixin.py:190} INFO - [2026-07-01T15:50:10.424+0000] {dagbag.py:588} INFO - Filling up the DagBag from /opt/airflow/dags/urban_data_streaming_dag.py
[2026-07-01T15:50:10.450+0000] {processor.py:925} INFO - DAG(s) 'urban_data_streaming_demo' retrieved from /opt/airflow/dags/urban_data_streaming_dag.py
[2026-07-01T15:50:10.484+0000] {logging_mixin.py:190} INFO - [2026-07-01T15:50:10.484+0000] {dag.py:3239} INFO - Sync 1 DAGs
[2026-07-01T15:50:10.499+0000] {logging_mixin.py:190} INFO - [2026-07-01T15:50:10.499+0000] {dag.py:4180} INFO - Setting next_dagrun for urban_data_streaming_demo to None, run_after=None
[2026-07-01T15:50:10.521+0000] {processor.py:208} INFO - Processing /opt/airflow/dags/urban_data_streaming_dag.py took 0.110 seconds
[2026-07-01T15:50:41.189+0000] {processor.py:186} INFO - Started process (PID=1213) to work on /opt/airflow/dags/urban_data_streaming_dag.py
[2026-07-01T15:50:41.191+0000] {processor.py:914} INFO - Processing file /opt/airflow/dags/urban_data_streaming_dag.py for tasks to queue
[2026-07-01T15:50:41.194+0000] {logging_mixin.py:190} INFO - [2026-07-01T15:50:41.194+0000] {dagbag.py:588} INFO - Filling up the DagBag from /opt/airflow/dags/urban_data_streaming_dag.py
[2026-07-01T15:50:41.230+0000] {processor.py:925} INFO - DAG(s) 'urban_data_streaming_demo' retrieved from /opt/airflow/dags/urban_data_streaming_dag.py
[2026-07-01T15:50:41.269+0000] {logging_mixin.py:190} INFO - [2026-07-01T15:50:41.269+0000] {dag.py:3239} INFO - Sync 1 DAGs
[2026-07-01T15:50:41.284+0000] {logging_mixin.py:190} INFO - [2026-07-01T15:50:41.284+0000] {dag.py:4180} INFO - Setting next_dagrun for urban_data_streaming_demo to None, run_after=None
[2026-07-01T15:50:41.311+0000] {processor.py:208} INFO - Processing /opt/airflow/dags/urban_data_streaming_dag.py took 0.135 seconds
[2026-07-01T15:51:12.061+0000] {processor.py:186} INFO - Started process (PID=1231) to work on /opt/airflow/dags/urban_data_streaming_dag.py
[2026-07-01T15:51:12.063+0000] {processor.py:914} INFO - Processing file /opt/airflow/dags/urban_data_streaming_dag.py for tasks to queue
[2026-07-01T15:51:12.067+0000] {logging_mixin.py:190} INFO - [2026-07-01T15:51:12.066+0000] {dagbag.py:588} INFO - Filling up the DagBag from /opt/airflow/dags/urban_data_streaming_dag.py
[2026-07-01T15:51:12.106+0000] {processor.py:925} INFO - DAG(s) 'urban_data_streaming_demo' retrieved from /opt/airflow/dags/urban_data_streaming_dag.py
[2026-07-01T15:51:12.143+0000] {logging_mixin.py:190} INFO - [2026-07-01T15:51:12.143+0000] {dag.py:3239} INFO - Sync 1 DAGs
[2026-07-01T15:51:12.160+0000] {logging_mixin.py:190} INFO - [2026-07-01T15:51:12.160+0000] {dag.py:4180} INFO - Setting next_dagrun for urban_data_streaming_demo to None, run_after=None
[2026-07-01T15:51:12.194+0000] {processor.py:208} INFO - Processing /opt/airflow/dags/urban_data_streaming_dag.py took 0.140 seconds
[2026-07-01T15:51:43.032+0000] {processor.py:186} INFO - Started process (PID=1249) to work on /opt/airflow/dags/urban_data_streaming_dag.py
[2026-07-01T15:51:43.034+0000] {processor.py:914} INFO - Processing file /opt/airflow/dags/urban_data_streaming_dag.py for tasks to queue
[2026-07-01T15:51:43.039+0000] {logging_mixin.py:190} INFO - [2026-07-01T15:51:43.038+0000] {dagbag.py:588} INFO - Filling up the DagBag from /opt/airflow/dags/urban_data_streaming_dag.py
[2026-07-01T15:51:43.079+0000] {processor.py:925} INFO - DAG(s) 'urban_data_streaming_demo' retrieved from /opt/airflow/dags/urban_data_streaming_dag.py
[2026-07-01T15:51:43.125+0000] {logging_mixin.py:190} INFO - [2026-07-01T15:51:43.125+0000] {dag.py:3239} INFO - Sync 1 DAGs
[2026-07-01T15:51:43.145+0000] {logging_mixin.py:190} INFO - [2026-07-01T15:51:43.145+0000] {dag.py:4180} INFO - Setting next_dagrun for urban_data_streaming_demo to None, run_after=None
[2026-07-01T15:51:43.185+0000] {processor.py:208} INFO - Processing /opt/airflow/dags/urban_data_streaming_dag.py took 0.165 seconds
[2026-07-01T15:52:14.060+0000] {processor.py:186} INFO - Started process (PID=1267) to work on /opt/airflow/dags/urban_data_streaming_dag.py
[2026-07-01T15:52:14.062+0000] {processor.py:914} INFO - Processing file /opt/airflow/dags/urban_data_streaming_dag.py for tasks to queue
[2026-07-01T15:52:14.066+0000] {logging_mixin.py:190} INFO - [2026-07-01T15:52:14.066+0000] {dagbag.py:588} INFO - Filling up the DagBag from /opt/airflow/dags/urban_data_streaming_dag.py
[2026-07-01T15:52:14.113+0000] {processor.py:925} INFO - DAG(s) 'urban_data_streaming_demo' retrieved from /opt/airflow/dags/urban_data_streaming_dag.py
[2026-07-01T15:52:14.149+0000] {logging_mixin.py:190} INFO - [2026-07-01T15:52:14.149+0000] {dag.py:3239} INFO - Sync 1 DAGs
[2026-07-01T15:52:14.165+0000] {logging_mixin.py:190} INFO - [2026-07-01T15:52:14.164+0000] {dag.py:4180} INFO - Setting next_dagrun for urban_data_streaming_demo to None, run_after=None
[2026-07-01T15:52:14.187+0000] {processor.py:208} INFO - Processing /opt/airflow/dags/urban_data_streaming_dag.py took 0.152 seconds
[2026-07-01T15:52:45.110+0000] {processor.py:186} INFO - Started process (PID=1285) to work on /opt/airflow/dags/urban_data_streaming_dag.py
[2026-07-01T15:52:45.113+0000] {processor.py:914} INFO - Processing file /opt/airflow/dags/urban_data_streaming_dag.py for tasks to queue
[2026-07-01T15:52:45.124+0000] {logging_mixin.py:190} INFO - [2026-07-01T15:52:45.122+0000] {dagbag.py:588} INFO - Filling up the DagBag from /opt/airflow/dags/urban_data_streaming_dag.py
[2026-07-01T15:52:45.163+0000] {processor.py:925} INFO - DAG(s) 'urban_data_streaming_demo' retrieved from /opt/airflow/dags/urban_data_streaming_dag.py
[2026-07-01T15:52:45.196+0000] {logging_mixin.py:190} INFO - [2026-07-01T15:52:45.196+0000] {dag.py:3239} INFO - Sync 1 DAGs
[2026-07-01T15:52:45.210+0000] {logging_mixin.py:190} INFO - [2026-07-01T15:52:45.210+0000] {dag.py:4180} INFO - Setting next_dagrun for urban_data_streaming_demo to None, run_after=None
[2026-07-01T15:52:45.233+0000] {processor.py:208} INFO - Processing /opt/airflow/dags/urban_data_streaming_dag.py took 0.149 seconds
[2026-07-01T15:53:15.397+0000] {processor.py:186} INFO - Started process (PID=1303) to work on /opt/airflow/dags/urban_data_streaming_dag.py
[2026-07-01T15:53:15.399+0000] {processor.py:914} INFO - Processing file /opt/airflow/dags/urban_data_streaming_dag.py for tasks to queue
[2026-07-01T15:53:15.402+0000] {logging_mixin.py:190} INFO - [2026-07-01T15:53:15.401+0000] {dagbag.py:588} INFO - Filling up the DagBag from /opt/airflow/dags/urban_data_streaming_dag.py
[2026-07-01T15:53:15.457+0000] {processor.py:925} INFO - DAG(s) 'urban_data_streaming_demo' retrieved from /opt/airflow/dags/urban_data_streaming_dag.py
[2026-07-01T15:53:15.510+0000] {logging_mixin.py:190} INFO - [2026-07-01T15:53:15.510+0000] {dag.py:3239} INFO - Sync 1 DAGs
[2026-07-01T15:53:15.524+0000] {logging_mixin.py:190} INFO - [2026-07-01T15:53:15.524+0000] {dag.py:4180} INFO - Setting next_dagrun for urban_data_streaming_demo to None, run_after=None
[2026-07-01T15:53:15.554+0000] {processor.py:208} INFO - Processing /opt/airflow/dags/urban_data_streaming_dag.py took 0.182 seconds
[2026-07-01T15:53:45.838+0000] {processor.py:186} INFO - Started process (PID=1321) to work on /opt/airflow/dags/urban_data_streaming_dag.py
[2026-07-01T15:53:45.841+0000] {processor.py:914} INFO - Processing file /opt/airflow/dags/urban_data_streaming_dag.py for tasks to queue
[2026-07-01T15:53:45.848+0000] {logging_mixin.py:190} INFO - [2026-07-01T15:53:45.847+0000] {dagbag.py:588} INFO - Filling up the DagBag from /opt/airflow/dags/urban_data_streaming_dag.py
[2026-07-01T15:53:45.910+0000] {processor.py:925} INFO - DAG(s) 'urban_data_streaming_demo' retrieved from /opt/airflow/dags/urban_data_streaming_dag.py
[2026-07-01T15:53:45.958+0000] {logging_mixin.py:190} INFO - [2026-07-01T15:53:45.958+0000] {dag.py:3239} INFO - Sync 1 DAGs
[2026-07-01T15:53:45.979+0000] {logging_mixin.py:190} INFO - [2026-07-01T15:53:45.979+0000] {dag.py:4180} INFO - Setting next_dagrun for urban_data_streaming_demo to None, run_after=None
[2026-07-01T15:53:46.022+0000] {processor.py:208} INFO - Processing /opt/airflow/dags/urban_data_streaming_dag.py took 0.207 seconds
[2026-07-01T15:54:16.200+0000] {processor.py:186} INFO - Started process (PID=1338) to work on /opt/airflow/dags/urban_data_streaming_dag.py
[2026-07-01T15:54:16.201+0000] {processor.py:914} INFO - Processing file /opt/airflow/dags/urban_data_streaming_dag.py for tasks to queue
[2026-07-01T15:54:16.204+0000] {logging_mixin.py:190} INFO - [2026-07-01T15:54:16.204+0000] {dagbag.py:588} INFO - Filling up the DagBag from /opt/airflow/dags/urban_data_streaming_dag.py
[2026-07-01T15:54:16.236+0000] {processor.py:925} INFO - DAG(s) 'urban_data_streaming_demo' retrieved from /opt/airflow/dags/urban_data_streaming_dag.py
[2026-07-01T15:54:16.273+0000] {logging_mixin.py:190} INFO - [2026-07-01T15:54:16.272+0000] {dag.py:3239} INFO - Sync 1 DAGs
[2026-07-01T15:54:16.290+0000] {logging_mixin.py:190} INFO - [2026-07-01T15:54:16.290+0000] {dag.py:4180} INFO - Setting next_dagrun for urban_data_streaming_demo to None, run_after=None
[2026-07-01T15:54:16.316+0000] {processor.py:208} INFO - Processing /opt/airflow/dags/urban_data_streaming_dag.py took 0.124 seconds
[2026-07-01T15:54:47.288+0000] {processor.py:186} INFO - Started process (PID=1356) to work on /opt/airflow/dags/urban_data_streaming_dag.py
[2026-07-01T15:54:47.292+0000] {processor.py:914} INFO - Processing file /opt/airflow/dags/urban_data_streaming_dag.py for tasks to queue
[2026-07-01T15:54:47.299+0000] {logging_mixin.py:190} INFO - [2026-07-01T15:54:47.298+0000] {dagbag.py:588} INFO - Filling up the DagBag from /opt/airflow/dags/urban_data_streaming_dag.py
[2026-07-01T15:54:47.420+0000] {processor.py:925} INFO - DAG(s) 'urban_data_streaming_demo' retrieved from /opt/airflow/dags/urban_data_streaming_dag.py
[2026-07-01T15:54:47.458+0000] {logging_mixin.py:190} INFO - [2026-07-01T15:54:47.458+0000] {dag.py:3239} INFO - Sync 1 DAGs
[2026-07-01T15:54:47.473+0000] {logging_mixin.py:190} INFO - [2026-07-01T15:54:47.473+0000] {dag.py:4180} INFO - Setting next_dagrun for urban_data_streaming_demo to None, run_after=None
[2026-07-01T15:54:47.499+0000] {processor.py:208} INFO - Processing /opt/airflow/dags/urban_data_streaming_dag.py took 0.228 seconds
[2026-07-01T15:55:18.297+0000] {processor.py:186} INFO - Started process (PID=1367) to work on /opt/airflow/dags/urban_data_streaming_dag.py
[2026-07-01T15:55:18.300+0000] {processor.py:914} INFO - Processing file /opt/airflow/dags/urban_data_streaming_dag.py for tasks to queue
[2026-07-01T15:55:18.311+0000] {logging_mixin.py:190} INFO - [2026-07-01T15:55:18.310+0000] {dagbag.py:588} INFO - Filling up the DagBag from /opt/airflow/dags/urban_data_streaming_dag.py
[2026-07-01T15:55:18.356+0000] {processor.py:925} INFO - DAG(s) 'urban_data_streaming_demo' retrieved from /opt/airflow/dags/urban_data_streaming_dag.py
[2026-07-01T15:55:18.407+0000] {logging_mixin.py:190} INFO - [2026-07-01T15:55:18.407+0000] {dag.py:3239} INFO - Sync 1 DAGs
[2026-07-01T15:55:18.426+0000] {logging_mixin.py:190} INFO - [2026-07-01T15:55:18.426+0000] {dag.py:4180} INFO - Setting next_dagrun for urban_data_streaming_demo to None, run_after=None
[2026-07-01T15:55:18.476+0000] {processor.py:208} INFO - Processing /opt/airflow/dags/urban_data_streaming_dag.py took 0.193 seconds
[2026-07-01T15:55:49.314+0000] {processor.py:186} INFO - Started process (PID=1385) to work on /opt/airflow/dags/urban_data_streaming_dag.py
[2026-07-01T15:55:49.319+0000] {processor.py:914} INFO - Processing file /opt/airflow/dags/urban_data_streaming_dag.py for tasks to queue
[2026-07-01T15:55:49.329+0000] {logging_mixin.py:190} INFO - [2026-07-01T15:55:49.329+0000] {dagbag.py:588} INFO - Filling up the DagBag from /opt/airflow/dags/urban_data_streaming_dag.py
[2026-07-01T15:55:49.361+0000] {processor.py:925} INFO - DAG(s) 'urban_data_streaming_demo' retrieved from /opt/airflow/dags/urban_data_streaming_dag.py
[2026-07-01T15:55:49.395+0000] {logging_mixin.py:190} INFO - [2026-07-01T15:55:49.395+0000] {dag.py:3239} INFO - Sync 1 DAGs
[2026-07-01T15:55:49.411+0000] {logging_mixin.py:190} INFO - [2026-07-01T15:55:49.411+0000] {dag.py:4180} INFO - Setting next_dagrun for urban_data_streaming_demo to None, run_after=None
[2026-07-01T15:55:49.442+0000] {processor.py:208} INFO - Processing /opt/airflow/dags/urban_data_streaming_dag.py took 0.145 seconds
[2026-07-01T15:56:19.970+0000] {processor.py:186} INFO - Started process (PID=1403) to work on /opt/airflow/dags/urban_data_streaming_dag.py
[2026-07-01T15:56:19.973+0000] {processor.py:914} INFO - Processing file /opt/airflow/dags/urban_data_streaming_dag.py for tasks to queue
[2026-07-01T15:56:19.982+0000] {logging_mixin.py:190} INFO - [2026-07-01T15:56:19.981+0000] {dagbag.py:588} INFO - Filling up the DagBag from /opt/airflow/dags/urban_data_streaming_dag.py
[2026-07-01T15:56:20.036+0000] {processor.py:925} INFO - DAG(s) 'urban_data_streaming_demo' retrieved from /opt/airflow/dags/urban_data_streaming_dag.py
[2026-07-01T15:56:20.081+0000] {logging_mixin.py:190} INFO - [2026-07-01T15:56:20.080+0000] {dag.py:3239} INFO - Sync 1 DAGs
[2026-07-01T15:56:20.102+0000] {logging_mixin.py:190} INFO - [2026-07-01T15:56:20.102+0000] {dag.py:4180} INFO - Setting next_dagrun for urban_data_streaming_demo to None, run_after=None
[2026-07-01T15:56:20.125+0000] {processor.py:208} INFO - Processing /opt/airflow/dags/urban_data_streaming_dag.py took 0.189 seconds
[2026-07-01T15:56:50.245+0000] {processor.py:186} INFO - Started process (PID=1421) to work on /opt/airflow/dags/urban_data_streaming_dag.py
[2026-07-01T15:56:50.247+0000] {processor.py:914} INFO - Processing file /opt/airflow/dags/urban_data_streaming_dag.py for tasks to queue
[2026-07-01T15:56:50.249+0000] {logging_mixin.py:190} INFO - [2026-07-01T15:56:50.249+0000] {dagbag.py:588} INFO - Filling up the DagBag from /opt/airflow/dags/urban_data_streaming_dag.py
[2026-07-01T15:56:50.286+0000] {processor.py:925} INFO - DAG(s) 'urban_data_streaming_demo' retrieved from /opt/airflow/dags/urban_data_streaming_dag.py
[2026-07-01T15:56:50.325+0000] {logging_mixin.py:190} INFO - [2026-07-01T15:56:50.325+0000] {dag.py:3239} INFO - Sync 1 DAGs
[2026-07-01T15:56:50.339+0000] {logging_mixin.py:190} INFO - [2026-07-01T15:56:50.339+0000] {dag.py:4180} INFO - Setting next_dagrun for urban_data_streaming_demo to None, run_after=None
[2026-07-01T15:56:50.364+0000] {processor.py:208} INFO - Processing /opt/airflow/dags/urban_data_streaming_dag.py took 0.127 seconds
[2026-07-01T15:57:21.348+0000] {processor.py:186} INFO - Started process (PID=1439) to work on /opt/airflow/dags/urban_data_streaming_dag.py
[2026-07-01T15:57:21.355+0000] {processor.py:914} INFO - Processing file /opt/airflow/dags/urban_data_streaming_dag.py for tasks to queue
[2026-07-01T15:57:21.376+0000] {logging_mixin.py:190} INFO - [2026-07-01T15:57:21.374+0000] {dagbag.py:588} INFO - Filling up the DagBag from /opt/airflow/dags/urban_data_streaming_dag.py
[2026-07-01T15:57:21.443+0000] {processor.py:925} INFO - DAG(s) 'urban_data_streaming_demo' retrieved from /opt/airflow/dags/urban_data_streaming_dag.py
[2026-07-01T15:57:21.491+0000] {logging_mixin.py:190} INFO - [2026-07-01T15:57:21.491+0000] {dag.py:3239} INFO - Sync 1 DAGs
[2026-07-01T15:57:21.509+0000] {logging_mixin.py:190} INFO - [2026-07-01T15:57:21.509+0000] {dag.py:4180} INFO - Setting next_dagrun for urban_data_streaming_demo to None, run_after=None
[2026-07-01T15:57:21.533+0000] {processor.py:208} INFO - Processing /opt/airflow/dags/urban_data_streaming_dag.py took 0.223 seconds
[2026-07-01T15:57:52.428+0000] {processor.py:186} INFO - Started process (PID=1457) to work on /opt/airflow/dags/urban_data_streaming_dag.py
[2026-07-01T15:57:52.431+0000] {processor.py:914} INFO - Processing file /opt/airflow/dags/urban_data_streaming_dag.py for tasks to queue
[2026-07-01T15:57:52.439+0000] {logging_mixin.py:190} INFO - [2026-07-01T15:57:52.438+0000] {dagbag.py:588} INFO - Filling up the DagBag from /opt/airflow/dags/urban_data_streaming_dag.py
[2026-07-01T15:57:52.481+0000] {processor.py:925} INFO - DAG(s) 'urban_data_streaming_demo' retrieved from /opt/airflow/dags/urban_data_streaming_dag.py
[2026-07-01T15:57:52.560+0000] {logging_mixin.py:190} INFO - [2026-07-01T15:57:52.560+0000] {dag.py:3239} INFO - Sync 1 DAGs
[2026-07-01T15:57:52.574+0000] {logging_mixin.py:190} INFO - [2026-07-01T15:57:52.574+0000] {dag.py:4180} INFO - Setting next_dagrun for urban_data_streaming_demo to None, run_after=None
[2026-07-01T15:57:52.601+0000] {processor.py:208} INFO - Processing /opt/airflow/dags/urban_data_streaming_dag.py took 0.188 seconds
[2026-07-01T15:58:22.956+0000] {processor.py:186} INFO - Started process (PID=1475) to work on /opt/airflow/dags/urban_data_streaming_dag.py
[2026-07-01T15:58:22.961+0000] {processor.py:914} INFO - Processing file /opt/airflow/dags/urban_data_streaming_dag.py for tasks to queue
[2026-07-01T15:58:22.975+0000] {logging_mixin.py:190} INFO - [2026-07-01T15:58:22.973+0000] {dagbag.py:588} INFO - Filling up the DagBag from /opt/airflow/dags/urban_data_streaming_dag.py
[2026-07-01T15:58:23.102+0000] {processor.py:925} INFO - DAG(s) 'urban_data_streaming_demo' retrieved from /opt/airflow/dags/urban_data_streaming_dag.py
[2026-07-01T15:58:23.141+0000] {logging_mixin.py:190} INFO - [2026-07-01T15:58:23.141+0000] {dag.py:3239} INFO - Sync 1 DAGs
[2026-07-01T15:58:23.157+0000] {logging_mixin.py:190} INFO - [2026-07-01T15:58:23.157+0000] {dag.py:4180} INFO - Setting next_dagrun for urban_data_streaming_demo to None, run_after=None
[2026-07-01T15:58:23.179+0000] {processor.py:208} INFO - Processing /opt/airflow/dags/urban_data_streaming_dag.py took 0.261 seconds
[2026-07-01T15:58:53.250+0000] {processor.py:186} INFO - Started process (PID=1493) to work on /opt/airflow/dags/urban_data_streaming_dag.py
[2026-07-01T15:58:53.251+0000] {processor.py:914} INFO - Processing file /opt/airflow/dags/urban_data_streaming_dag.py for tasks to queue
[2026-07-01T15:58:53.254+0000] {logging_mixin.py:190} INFO - [2026-07-01T15:58:53.254+0000] {dagbag.py:588} INFO - Filling up the DagBag from /opt/airflow/dags/urban_data_streaming_dag.py
[2026-07-01T15:58:53.277+0000] {processor.py:925} INFO - DAG(s) 'urban_data_streaming_demo' retrieved from /opt/airflow/dags/urban_data_streaming_dag.py
[2026-07-01T15:58:53.330+0000] {logging_mixin.py:190} INFO - [2026-07-01T15:58:53.329+0000] {dag.py:3239} INFO - Sync 1 DAGs
[2026-07-01T15:58:53.355+0000] {logging_mixin.py:190} INFO - [2026-07-01T15:58:53.355+0000] {dag.py:4180} INFO - Setting next_dagrun for urban_data_streaming_demo to None, run_after=None
[2026-07-01T15:58:53.395+0000] {processor.py:208} INFO - Processing /opt/airflow/dags/urban_data_streaming_dag.py took 0.153 seconds
[2026-07-01T15:59:23.604+0000] {processor.py:186} INFO - Started process (PID=1511) to work on /opt/airflow/dags/urban_data_streaming_dag.py
[2026-07-01T15:59:23.606+0000] {processor.py:914} INFO - Processing file /opt/airflow/dags/urban_data_streaming_dag.py for tasks to queue
[2026-07-01T15:59:23.609+0000] {logging_mixin.py:190} INFO - [2026-07-01T15:59:23.609+0000] {dagbag.py:588} INFO - Filling up the DagBag from /opt/airflow/dags/urban_data_streaming_dag.py
[2026-07-01T15:59:23.638+0000] {processor.py:925} INFO - DAG(s) 'urban_data_streaming_demo' retrieved from /opt/airflow/dags/urban_data_streaming_dag.py
[2026-07-01T15:59:23.672+0000] {logging_mixin.py:190} INFO - [2026-07-01T15:59:23.672+0000] {dag.py:3239} INFO - Sync 1 DAGs
[2026-07-01T15:59:23.686+0000] {logging_mixin.py:190} INFO - [2026-07-01T15:59:23.686+0000] {dag.py:4180} INFO - Setting next_dagrun for urban_data_streaming_demo to None, run_after=None
[2026-07-01T15:59:23.711+0000] {processor.py:208} INFO - Processing /opt/airflow/dags/urban_data_streaming_dag.py took 0.112 seconds
[2026-07-01T15:59:53.873+0000] {processor.py:186} INFO - Started process (PID=1529) to work on /opt/airflow/dags/urban_data_streaming_dag.py
[2026-07-01T15:59:53.874+0000] {processor.py:914} INFO - Processing file /opt/airflow/dags/urban_data_streaming_dag.py for tasks to queue
[2026-07-01T15:59:53.879+0000] {logging_mixin.py:190} INFO - [2026-07-01T15:59:53.878+0000] {dagbag.py:588} INFO - Filling up the DagBag from /opt/airflow/dags/urban_data_streaming_dag.py
[2026-07-01T15:59:53.925+0000] {processor.py:925} INFO - DAG(s) 'urban_data_streaming_demo' retrieved from /opt/airflow/dags/urban_data_streaming_dag.py
[2026-07-01T15:59:53.963+0000] {logging_mixin.py:190} INFO - [2026-07-01T15:59:53.963+0000] {dag.py:3239} INFO - Sync 1 DAGs
[2026-07-01T15:59:53.981+0000] {logging_mixin.py:190} INFO - [2026-07-01T15:59:53.981+0000] {dag.py:4180} INFO - Setting next_dagrun for urban_data_streaming_demo to None, run_after=None
[2026-07-01T15:59:54.039+0000] {processor.py:208} INFO - Processing /opt/airflow/dags/urban_data_streaming_dag.py took 0.182 seconds
[2026-07-01T16:00:24.696+0000] {processor.py:186} INFO - Started process (PID=1546) to work on /opt/airflow/dags/urban_data_streaming_dag.py
[2026-07-01T16:00:24.697+0000] {processor.py:914} INFO - Processing file /opt/airflow/dags/urban_data_streaming_dag.py for tasks to queue
[2026-07-01T16:00:24.701+0000] {logging_mixin.py:190} INFO - [2026-07-01T16:00:24.700+0000] {dagbag.py:588} INFO - Filling up the DagBag from /opt/airflow/dags/urban_data_streaming_dag.py
[2026-07-01T16:00:24.740+0000] {processor.py:925} INFO - DAG(s) 'urban_data_streaming_demo' retrieved from /opt/airflow/dags/urban_data_streaming_dag.py
[2026-07-01T16:00:24.837+0000] {logging_mixin.py:190} INFO - [2026-07-01T16:00:24.837+0000] {dag.py:3239} INFO - Sync 1 DAGs
[2026-07-01T16:00:24.866+0000] {logging_mixin.py:190} INFO - [2026-07-01T16:00:24.866+0000] {dag.py:4180} INFO - Setting next_dagrun for urban_data_streaming_demo to None, run_after=None
[2026-07-01T16:00:24.896+0000] {processor.py:208} INFO - Processing /opt/airflow/dags/urban_data_streaming_dag.py took 0.206 seconds
[2026-07-01T16:00:55.111+0000] {processor.py:186} INFO - Started process (PID=1557) to work on /opt/airflow/dags/urban_data_streaming_dag.py
[2026-07-01T16:00:55.113+0000] {processor.py:914} INFO - Processing file /opt/airflow/dags/urban_data_streaming_dag.py for tasks to queue
[2026-07-01T16:00:55.117+0000] {logging_mixin.py:190} INFO - [2026-07-01T16:00:55.116+0000] {dagbag.py:588} INFO - Filling up the DagBag from /opt/airflow/dags/urban_data_streaming_dag.py
[2026-07-01T16:00:55.164+0000] {processor.py:925} INFO - DAG(s) 'urban_data_streaming_demo' retrieved from /opt/airflow/dags/urban_data_streaming_dag.py
[2026-07-01T16:00:55.208+0000] {logging_mixin.py:190} INFO - [2026-07-01T16:00:55.207+0000] {dag.py:3239} INFO - Sync 1 DAGs
[2026-07-01T16:00:55.222+0000] {logging_mixin.py:190} INFO - [2026-07-01T16:00:55.222+0000] {dag.py:4180} INFO - Setting next_dagrun for urban_data_streaming_demo to None, run_after=None
[2026-07-01T16:00:55.250+0000] {processor.py:208} INFO - Processing /opt/airflow/dags/urban_data_streaming_dag.py took 0.148 seconds
[2026-07-01T16:01:25.480+0000] {processor.py:186} INFO - Started process (PID=1575) to work on /opt/airflow/dags/urban_data_streaming_dag.py
[2026-07-01T16:01:25.481+0000] {processor.py:914} INFO - Processing file /opt/airflow/dags/urban_data_streaming_dag.py for tasks to queue
[2026-07-01T16:01:25.487+0000] {logging_mixin.py:190} INFO - [2026-07-01T16:01:25.486+0000] {dagbag.py:588} INFO - Filling up the DagBag from /opt/airflow/dags/urban_data_streaming_dag.py
[2026-07-01T16:01:25.513+0000] {processor.py:925} INFO - DAG(s) 'urban_data_streaming_demo' retrieved from /opt/airflow/dags/urban_data_streaming_dag.py
[2026-07-01T16:01:25.569+0000] {logging_mixin.py:190} INFO - [2026-07-01T16:01:25.569+0000] {dag.py:3239} INFO - Sync 1 DAGs
[2026-07-01T16:01:25.592+0000] {logging_mixin.py:190} INFO - [2026-07-01T16:01:25.592+0000] {dag.py:4180} INFO - Setting next_dagrun for urban_data_streaming_demo to None, run_after=None
[2026-07-01T16:01:25.620+0000] {processor.py:208} INFO - Processing /opt/airflow/dags/urban_data_streaming_dag.py took 0.148 seconds
[2026-07-01T16:01:55.798+0000] {processor.py:186} INFO - Started process (PID=1593) to work on /opt/airflow/dags/urban_data_streaming_dag.py
[2026-07-01T16:01:55.799+0000] {processor.py:914} INFO - Processing file /opt/airflow/dags/urban_data_streaming_dag.py for tasks to queue
[2026-07-01T16:01:55.803+0000] {logging_mixin.py:190} INFO - [2026-07-01T16:01:55.802+0000] {dagbag.py:588} INFO - Filling up the DagBag from /opt/airflow/dags/urban_data_streaming_dag.py
[2026-07-01T16:01:55.835+0000] {processor.py:925} INFO - DAG(s) 'urban_data_streaming_demo' retrieved from /opt/airflow/dags/urban_data_streaming_dag.py
[2026-07-01T16:01:55.872+0000] {logging_mixin.py:190} INFO - [2026-07-01T16:01:55.872+0000] {dag.py:3239} INFO - Sync 1 DAGs
[2026-07-01T16:01:55.890+0000] {logging_mixin.py:190} INFO - [2026-07-01T16:01:55.890+0000] {dag.py:4180} INFO - Setting next_dagrun for urban_data_streaming_demo to None, run_after=None
[2026-07-01T16:01:55.916+0000] {processor.py:208} INFO - Processing /opt/airflow/dags/urban_data_streaming_dag.py took 0.125 seconds
[2026-07-01T16:02:26.697+0000] {processor.py:186} INFO - Started process (PID=1611) to work on /opt/airflow/dags/urban_data_streaming_dag.py
[2026-07-01T16:02:26.699+0000] {processor.py:914} INFO - Processing file /opt/airflow/dags/urban_data_streaming_dag.py for tasks to queue
[2026-07-01T16:02:26.702+0000] {logging_mixin.py:190} INFO - [2026-07-01T16:02:26.702+0000] {dagbag.py:588} INFO - Filling up the DagBag from /opt/airflow/dags/urban_data_streaming_dag.py
[2026-07-01T16:02:26.741+0000] {processor.py:925} INFO - DAG(s) 'urban_data_streaming_demo' retrieved from /opt/airflow/dags/urban_data_streaming_dag.py
[2026-07-01T16:02:26.781+0000] {logging_mixin.py:190} INFO - [2026-07-01T16:02:26.780+0000] {dag.py:3239} INFO - Sync 1 DAGs
[2026-07-01T16:02:26.795+0000] {logging_mixin.py:190} INFO - [2026-07-01T16:02:26.795+0000] {dag.py:4180} INFO - Setting next_dagrun for urban_data_streaming_demo to None, run_after=None
[2026-07-01T16:02:26.828+0000] {processor.py:208} INFO - Processing /opt/airflow/dags/urban_data_streaming_dag.py took 0.145 seconds
[2026-07-01T16:02:57.598+0000] {processor.py:186} INFO - Started process (PID=1629) to work on /opt/airflow/dags/urban_data_streaming_dag.py
[2026-07-01T16:02:57.600+0000] {processor.py:914} INFO - Processing file /opt/airflow/dags/urban_data_streaming_dag.py for tasks to queue
[2026-07-01T16:02:57.603+0000] {logging_mixin.py:190} INFO - [2026-07-01T16:02:57.603+0000] {dagbag.py:588} INFO - Filling up the DagBag from /opt/airflow/dags/urban_data_streaming_dag.py
[2026-07-01T16:02:57.679+0000] {processor.py:925} INFO - DAG(s) 'urban_data_streaming_demo' retrieved from /opt/airflow/dags/urban_data_streaming_dag.py
[2026-07-01T16:02:57.730+0000] {logging_mixin.py:190} INFO - [2026-07-01T16:02:57.729+0000] {dag.py:3239} INFO - Sync 1 DAGs
[2026-07-01T16:02:57.748+0000] {logging_mixin.py:190} INFO - [2026-07-01T16:02:57.748+0000] {dag.py:4180} INFO - Setting next_dagrun for urban_data_streaming_demo to None, run_after=None
[2026-07-01T16:02:57.784+0000] {processor.py:208} INFO - Processing /opt/airflow/dags/urban_data_streaming_dag.py took 0.193 seconds
[2026-07-01T16:03:28.552+0000] {processor.py:186} INFO - Started process (PID=1647) to work on /opt/airflow/dags/urban_data_streaming_dag.py
[2026-07-01T16:03:28.553+0000] {processor.py:914} INFO - Processing file /opt/airflow/dags/urban_data_streaming_dag.py for tasks to queue
[2026-07-01T16:03:28.557+0000] {logging_mixin.py:190} INFO - [2026-07-01T16:03:28.556+0000] {dagbag.py:588} INFO - Filling up the DagBag from /opt/airflow/dags/urban_data_streaming_dag.py
[2026-07-01T16:03:28.588+0000] {processor.py:925} INFO - DAG(s) 'urban_data_streaming_demo' retrieved from /opt/airflow/dags/urban_data_streaming_dag.py
[2026-07-01T16:03:28.631+0000] {logging_mixin.py:190} INFO - [2026-07-01T16:03:28.631+0000] {dag.py:3239} INFO - Sync 1 DAGs
[2026-07-01T16:03:28.648+0000] {logging_mixin.py:190} INFO - [2026-07-01T16:03:28.648+0000] {dag.py:4180} INFO - Setting next_dagrun for urban_data_streaming_demo to None, run_after=None
[2026-07-01T16:03:28.679+0000] {processor.py:208} INFO - Processing /opt/airflow/dags/urban_data_streaming_dag.py took 0.136 seconds
[2026-07-01T16:03:59.437+0000] {processor.py:186} INFO - Started process (PID=1665) to work on /opt/airflow/dags/urban_data_streaming_dag.py
[2026-07-01T16:03:59.439+0000] {processor.py:914} INFO - Processing file /opt/airflow/dags/urban_data_streaming_dag.py for tasks to queue
[2026-07-01T16:03:59.442+0000] {logging_mixin.py:190} INFO - [2026-07-01T16:03:59.442+0000] {dagbag.py:588} INFO - Filling up the DagBag from /opt/airflow/dags/urban_data_streaming_dag.py
[2026-07-01T16:03:59.511+0000] {processor.py:925} INFO - DAG(s) 'urban_data_streaming_demo' retrieved from /opt/airflow/dags/urban_data_streaming_dag.py
[2026-07-01T16:03:59.548+0000] {logging_mixin.py:190} INFO - [2026-07-01T16:03:59.548+0000] {dag.py:3239} INFO - Sync 1 DAGs
[2026-07-01T16:03:59.563+0000] {logging_mixin.py:190} INFO - [2026-07-01T16:03:59.563+0000] {dag.py:4180} INFO - Setting next_dagrun for urban_data_streaming_demo to None, run_after=None
[2026-07-01T16:03:59.594+0000] {processor.py:208} INFO - Processing /opt/airflow/dags/urban_data_streaming_dag.py took 0.165 seconds
[2026-07-01T16:04:29.846+0000] {processor.py:186} INFO - Started process (PID=1683) to work on /opt/airflow/dags/urban_data_streaming_dag.py
[2026-07-01T16:04:29.848+0000] {processor.py:914} INFO - Processing file /opt/airflow/dags/urban_data_streaming_dag.py for tasks to queue
[2026-07-01T16:04:29.851+0000] {logging_mixin.py:190} INFO - [2026-07-01T16:04:29.851+0000] {dagbag.py:588} INFO - Filling up the DagBag from /opt/airflow/dags/urban_data_streaming_dag.py
[2026-07-01T16:04:29.917+0000] {processor.py:925} INFO - DAG(s) 'urban_data_streaming_demo' retrieved from /opt/airflow/dags/urban_data_streaming_dag.py
[2026-07-01T16:04:29.955+0000] {logging_mixin.py:190} INFO - [2026-07-01T16:04:29.955+0000] {dag.py:3239} INFO - Sync 1 DAGs
[2026-07-01T16:04:29.982+0000] {logging_mixin.py:190} INFO - [2026-07-01T16:04:29.982+0000] {dag.py:4180} INFO - Setting next_dagrun for urban_data_streaming_demo to None, run_after=None
[2026-07-01T16:04:30.061+0000] {processor.py:208} INFO - Processing /opt/airflow/dags/urban_data_streaming_dag.py took 0.224 seconds
[2026-07-01T16:05:00.370+0000] {processor.py:186} INFO - Started process (PID=1701) to work on /opt/airflow/dags/urban_data_streaming_dag.py
[2026-07-01T16:05:00.373+0000] {processor.py:914} INFO - Processing file /opt/airflow/dags/urban_data_streaming_dag.py for tasks to queue
[2026-07-01T16:05:00.379+0000] {logging_mixin.py:190} INFO - [2026-07-01T16:05:00.378+0000] {dagbag.py:588} INFO - Filling up the DagBag from /opt/airflow/dags/urban_data_streaming_dag.py
[2026-07-01T16:05:00.492+0000] {processor.py:925} INFO - DAG(s) 'urban_data_streaming_demo' retrieved from /opt/airflow/dags/urban_data_streaming_dag.py
[2026-07-01T16:05:00.540+0000] {logging_mixin.py:190} INFO - [2026-07-01T16:05:00.539+0000] {dag.py:3239} INFO - Sync 1 DAGs
[2026-07-01T16:05:00.557+0000] {logging_mixin.py:190} INFO - [2026-07-01T16:05:00.557+0000] {dag.py:4180} INFO - Setting next_dagrun for urban_data_streaming_demo to None, run_after=None
[2026-07-01T16:05:00.596+0000] {processor.py:208} INFO - Processing /opt/airflow/dags/urban_data_streaming_dag.py took 0.248 seconds
[2026-07-01T16:05:31.399+0000] {processor.py:186} INFO - Started process (PID=1719) to work on /opt/airflow/dags/urban_data_streaming_dag.py
[2026-07-01T16:05:31.401+0000] {processor.py:914} INFO - Processing file /opt/airflow/dags/urban_data_streaming_dag.py for tasks to queue
[2026-07-01T16:05:31.404+0000] {logging_mixin.py:190} INFO - [2026-07-01T16:05:31.404+0000] {dagbag.py:588} INFO - Filling up the DagBag from /opt/airflow/dags/urban_data_streaming_dag.py
[2026-07-01T16:05:31.502+0000] {processor.py:925} INFO - DAG(s) 'urban_data_streaming_demo' retrieved from /opt/airflow/dags/urban_data_streaming_dag.py
[2026-07-01T16:05:31.542+0000] {logging_mixin.py:190} INFO - [2026-07-01T16:05:31.542+0000] {dag.py:3239} INFO - Sync 1 DAGs
[2026-07-01T16:05:31.559+0000] {logging_mixin.py:190} INFO - [2026-07-01T16:05:31.559+0000] {dag.py:4180} INFO - Setting next_dagrun for urban_data_streaming_demo to None, run_after=None
[2026-07-01T16:05:31.593+0000] {processor.py:208} INFO - Processing /opt/airflow/dags/urban_data_streaming_dag.py took 0.210 seconds
[2026-07-01T16:06:01.704+0000] {processor.py:186} INFO - Started process (PID=1736) to work on /opt/airflow/dags/urban_data_streaming_dag.py
[2026-07-01T16:06:01.705+0000] {processor.py:914} INFO - Processing file /opt/airflow/dags/urban_data_streaming_dag.py for tasks to queue
[2026-07-01T16:06:01.708+0000] {logging_mixin.py:190} INFO - [2026-07-01T16:06:01.707+0000] {dagbag.py:588} INFO - Filling up the DagBag from /opt/airflow/dags/urban_data_streaming_dag.py
[2026-07-01T16:06:01.738+0000] {processor.py:925} INFO - DAG(s) 'urban_data_streaming_demo' retrieved from /opt/airflow/dags/urban_data_streaming_dag.py
[2026-07-01T16:06:01.773+0000] {logging_mixin.py:190} INFO - [2026-07-01T16:06:01.773+0000] {dag.py:3239} INFO - Sync 1 DAGs
[2026-07-01T16:06:01.787+0000] {logging_mixin.py:190} INFO - [2026-07-01T16:06:01.787+0000] {dag.py:4180} INFO - Setting next_dagrun for urban_data_streaming_demo to None, run_after=None
[2026-07-01T16:06:01.815+0000] {processor.py:208} INFO - Processing /opt/airflow/dags/urban_data_streaming_dag.py took 0.117 seconds
[2026-07-01T16:06:32.591+0000] {processor.py:186} INFO - Started process (PID=1747) to work on /opt/airflow/dags/urban_data_streaming_dag.py
[2026-07-01T16:06:32.592+0000] {processor.py:914} INFO - Processing file /opt/airflow/dags/urban_data_streaming_dag.py for tasks to queue
[2026-07-01T16:06:32.595+0000] {logging_mixin.py:190} INFO - [2026-07-01T16:06:32.594+0000] {dagbag.py:588} INFO - Filling up the DagBag from /opt/airflow/dags/urban_data_streaming_dag.py
[2026-07-01T16:06:32.640+0000] {processor.py:925} INFO - DAG(s) 'urban_data_streaming_demo' retrieved from /opt/airflow/dags/urban_data_streaming_dag.py
[2026-07-01T16:06:32.678+0000] {logging_mixin.py:190} INFO - [2026-07-01T16:06:32.678+0000] {dag.py:3239} INFO - Sync 1 DAGs
[2026-07-01T16:06:32.693+0000] {logging_mixin.py:190} INFO - [2026-07-01T16:06:32.693+0000] {dag.py:4180} INFO - Setting next_dagrun for urban_data_streaming_demo to None, run_after=None
[2026-07-01T16:06:32.716+0000] {processor.py:208} INFO - Processing /opt/airflow/dags/urban_data_streaming_dag.py took 0.135 seconds
[2026-07-01T16:07:02.841+0000] {processor.py:186} INFO - Started process (PID=1765) to work on /opt/airflow/dags/urban_data_streaming_dag.py
[2026-07-01T16:07:02.844+0000] {processor.py:914} INFO - Processing file /opt/airflow/dags/urban_data_streaming_dag.py for tasks to queue
[2026-07-01T16:07:02.848+0000] {logging_mixin.py:190} INFO - [2026-07-01T16:07:02.848+0000] {dagbag.py:588} INFO - Filling up the DagBag from /opt/airflow/dags/urban_data_streaming_dag.py
[2026-07-01T16:07:02.905+0000] {processor.py:925} INFO - DAG(s) 'urban_data_streaming_demo' retrieved from /opt/airflow/dags/urban_data_streaming_dag.py
[2026-07-01T16:07:02.943+0000] {logging_mixin.py:190} INFO - [2026-07-01T16:07:02.942+0000] {dag.py:3239} INFO - Sync 1 DAGs
[2026-07-01T16:07:02.961+0000] {logging_mixin.py:190} INFO - [2026-07-01T16:07:02.961+0000] {dag.py:4180} INFO - Setting next_dagrun for urban_data_streaming_demo to None, run_after=None
[2026-07-01T16:07:02.986+0000] {processor.py:208} INFO - Processing /opt/airflow/dags/urban_data_streaming_dag.py took 0.152 seconds
[2026-07-01T16:07:33.786+0000] {processor.py:186} INFO - Started process (PID=1783) to work on /opt/airflow/dags/urban_data_streaming_dag.py
[2026-07-01T16:07:33.788+0000] {processor.py:914} INFO - Processing file /opt/airflow/dags/urban_data_streaming_dag.py for tasks to queue
[2026-07-01T16:07:33.793+0000] {logging_mixin.py:190} INFO - [2026-07-01T16:07:33.792+0000] {dagbag.py:588} INFO - Filling up the DagBag from /opt/airflow/dags/urban_data_streaming_dag.py
[2026-07-01T16:07:33.820+0000] {processor.py:925} INFO - DAG(s) 'urban_data_streaming_demo' retrieved from /opt/airflow/dags/urban_data_streaming_dag.py
[2026-07-01T16:07:33.854+0000] {logging_mixin.py:190} INFO - [2026-07-01T16:07:33.854+0000] {dag.py:3239} INFO - Sync 1 DAGs
[2026-07-01T16:07:33.870+0000] {logging_mixin.py:190} INFO - [2026-07-01T16:07:33.870+0000] {dag.py:4180} INFO - Setting next_dagrun for urban_data_streaming_demo to None, run_after=None
[2026-07-01T16:07:33.895+0000] {processor.py:208} INFO - Processing /opt/airflow/dags/urban_data_streaming_dag.py took 0.123 seconds
[2026-07-01T16:08:03.956+0000] {processor.py:186} INFO - Started process (PID=1801) to work on /opt/airflow/dags/urban_data_streaming_dag.py
[2026-07-01T16:08:03.957+0000] {processor.py:914} INFO - Processing file /opt/airflow/dags/urban_data_streaming_dag.py for tasks to queue
[2026-07-01T16:08:03.960+0000] {logging_mixin.py:190} INFO - [2026-07-01T16:08:03.960+0000] {dagbag.py:588} INFO - Filling up the DagBag from /opt/airflow/dags/urban_data_streaming_dag.py
[2026-07-01T16:08:03.994+0000] {processor.py:925} INFO - DAG(s) 'urban_data_streaming_demo' retrieved from /opt/airflow/dags/urban_data_streaming_dag.py
[2026-07-01T16:08:04.031+0000] {logging_mixin.py:190} INFO - [2026-07-01T16:08:04.031+0000] {dag.py:3239} INFO - Sync 1 DAGs
[2026-07-01T16:08:04.050+0000] {logging_mixin.py:190} INFO - [2026-07-01T16:08:04.050+0000] {dag.py:4180} INFO - Setting next_dagrun for urban_data_streaming_demo to None, run_after=None
[2026-07-01T16:08:04.088+0000] {processor.py:208} INFO - Processing /opt/airflow/dags/urban_data_streaming_dag.py took 0.139 seconds
[2026-07-01T16:08:34.713+0000] {processor.py:186} INFO - Started process (PID=1814) to work on /opt/airflow/dags/urban_data_streaming_dag.py
[2026-07-01T16:08:34.714+0000] {processor.py:914} INFO - Processing file /opt/airflow/dags/urban_data_streaming_dag.py for tasks to queue
[2026-07-01T16:08:34.718+0000] {logging_mixin.py:190} INFO - [2026-07-01T16:08:34.718+0000] {dagbag.py:588} INFO - Filling up the DagBag from /opt/airflow/dags/urban_data_streaming_dag.py
[2026-07-01T16:08:34.748+0000] {processor.py:925} INFO - DAG(s) 'urban_data_streaming_demo' retrieved from /opt/airflow/dags/urban_data_streaming_dag.py
[2026-07-01T16:08:34.785+0000] {logging_mixin.py:190} INFO - [2026-07-01T16:08:34.785+0000] {dag.py:3239} INFO - Sync 1 DAGs
[2026-07-01T16:08:34.799+0000] {logging_mixin.py:190} INFO - [2026-07-01T16:08:34.799+0000] {dag.py:4180} INFO - Setting next_dagrun for urban_data_streaming_demo to None, run_after=None
[2026-07-01T16:08:34.829+0000] {processor.py:208} INFO - Processing /opt/airflow/dags/urban_data_streaming_dag.py took 0.125 seconds
[2026-07-01T16:09:05.695+0000] {processor.py:186} INFO - Started process (PID=1832) to work on /opt/airflow/dags/urban_data_streaming_dag.py
[2026-07-01T16:09:05.699+0000] {processor.py:914} INFO - Processing file /opt/airflow/dags/urban_data_streaming_dag.py for tasks to queue
[2026-07-01T16:09:05.710+0000] {logging_mixin.py:190} INFO - [2026-07-01T16:09:05.708+0000] {dagbag.py:588} INFO - Filling up the DagBag from /opt/airflow/dags/urban_data_streaming_dag.py
[2026-07-01T16:09:05.757+0000] {processor.py:925} INFO - DAG(s) 'urban_data_streaming_demo' retrieved from /opt/airflow/dags/urban_data_streaming_dag.py
[2026-07-01T16:09:05.797+0000] {logging_mixin.py:190} INFO - [2026-07-01T16:09:05.797+0000] {dag.py:3239} INFO - Sync 1 DAGs
[2026-07-01T16:09:05.817+0000] {logging_mixin.py:190} INFO - [2026-07-01T16:09:05.816+0000] {dag.py:4180} INFO - Setting next_dagrun for urban_data_streaming_demo to None, run_after=None
[2026-07-01T16:09:05.844+0000] {processor.py:208} INFO - Processing /opt/airflow/dags/urban_data_streaming_dag.py took 0.179 seconds
[2026-07-01T16:09:36.620+0000] {processor.py:186} INFO - Started process (PID=1850) to work on /opt/airflow/dags/urban_data_streaming_dag.py
[2026-07-01T16:09:36.621+0000] {processor.py:914} INFO - Processing file /opt/airflow/dags/urban_data_streaming_dag.py for tasks to queue
[2026-07-01T16:09:36.627+0000] {logging_mixin.py:190} INFO - [2026-07-01T16:09:36.626+0000] {dagbag.py:588} INFO - Filling up the DagBag from /opt/airflow/dags/urban_data_streaming_dag.py
[2026-07-01T16:09:36.665+0000] {processor.py:925} INFO - DAG(s) 'urban_data_streaming_demo' retrieved from /opt/airflow/dags/urban_data_streaming_dag.py
[2026-07-01T16:09:36.701+0000] {logging_mixin.py:190} INFO - [2026-07-01T16:09:36.701+0000] {dag.py:3239} INFO - Sync 1 DAGs
[2026-07-01T16:09:36.715+0000] {logging_mixin.py:190} INFO - [2026-07-01T16:09:36.715+0000] {dag.py:4180} INFO - Setting next_dagrun for urban_data_streaming_demo to None, run_after=None
[2026-07-01T16:09:36.741+0000] {processor.py:208} INFO - Processing /opt/airflow/dags/urban_data_streaming_dag.py took 0.129 seconds
[2026-07-01T16:10:07.487+0000] {processor.py:186} INFO - Started process (PID=1868) to work on /opt/airflow/dags/urban_data_streaming_dag.py
[2026-07-01T16:10:07.488+0000] {processor.py:914} INFO - Processing file /opt/airflow/dags/urban_data_streaming_dag.py for tasks to queue
[2026-07-01T16:10:07.491+0000] {logging_mixin.py:190} INFO - [2026-07-01T16:10:07.491+0000] {dagbag.py:588} INFO - Filling up the DagBag from /opt/airflow/dags/urban_data_streaming_dag.py
[2026-07-01T16:10:07.518+0000] {processor.py:925} INFO - DAG(s) 'urban_data_streaming_demo' retrieved from /opt/airflow/dags/urban_data_streaming_dag.py
[2026-07-01T16:10:07.564+0000] {logging_mixin.py:190} INFO - [2026-07-01T16:10:07.564+0000] {dag.py:3239} INFO - Sync 1 DAGs
[2026-07-01T16:10:07.578+0000] {logging_mixin.py:190} INFO - [2026-07-01T16:10:07.578+0000] {dag.py:4180} INFO - Setting next_dagrun for urban_data_streaming_demo to None, run_after=None
[2026-07-01T16:10:07.603+0000] {processor.py:208} INFO - Processing /opt/airflow/dags/urban_data_streaming_dag.py took 0.124 seconds
[2026-07-01T16:10:38.477+0000] {processor.py:186} INFO - Started process (PID=1887) to work on /opt/airflow/dags/urban_data_streaming_dag.py
[2026-07-01T16:10:38.481+0000] {processor.py:914} INFO - Processing file /opt/airflow/dags/urban_data_streaming_dag.py for tasks to queue
[2026-07-01T16:10:38.488+0000] {logging_mixin.py:190} INFO - [2026-07-01T16:10:38.487+0000] {dagbag.py:588} INFO - Filling up the DagBag from /opt/airflow/dags/urban_data_streaming_dag.py
[2026-07-01T16:10:38.538+0000] {processor.py:925} INFO - DAG(s) 'urban_data_streaming_demo' retrieved from /opt/airflow/dags/urban_data_streaming_dag.py
[2026-07-01T16:10:38.573+0000] {logging_mixin.py:190} INFO - [2026-07-01T16:10:38.573+0000] {dag.py:3239} INFO - Sync 1 DAGs
[2026-07-01T16:10:38.589+0000] {logging_mixin.py:190} INFO - [2026-07-01T16:10:38.588+0000] {dag.py:4180} INFO - Setting next_dagrun for urban_data_streaming_demo to None, run_after=None
[2026-07-01T16:10:38.611+0000] {processor.py:208} INFO - Processing /opt/airflow/dags/urban_data_streaming_dag.py took 0.157 seconds
[2026-07-01T16:11:09.601+0000] {processor.py:186} INFO - Started process (PID=1905) to work on /opt/airflow/dags/urban_data_streaming_dag.py
[2026-07-01T16:11:09.602+0000] {processor.py:914} INFO - Processing file /opt/airflow/dags/urban_data_streaming_dag.py for tasks to queue
[2026-07-01T16:11:09.605+0000] {logging_mixin.py:190} INFO - [2026-07-01T16:11:09.604+0000] {dagbag.py:588} INFO - Filling up the DagBag from /opt/airflow/dags/urban_data_streaming_dag.py
[2026-07-01T16:11:09.654+0000] {processor.py:925} INFO - DAG(s) 'urban_data_streaming_demo' retrieved from /opt/airflow/dags/urban_data_streaming_dag.py
[2026-07-01T16:11:09.701+0000] {logging_mixin.py:190} INFO - [2026-07-01T16:11:09.701+0000] {dag.py:3239} INFO - Sync 1 DAGs
[2026-07-01T16:11:09.720+0000] {logging_mixin.py:190} INFO - [2026-07-01T16:11:09.719+0000] {dag.py:4180} INFO - Setting next_dagrun for urban_data_streaming_demo to None, run_after=None
[2026-07-01T16:11:09.755+0000] {processor.py:208} INFO - Processing /opt/airflow/dags/urban_data_streaming_dag.py took 0.163 seconds
[2026-07-01T16:11:40.465+0000] {processor.py:186} INFO - Started process (PID=1923) to work on /opt/airflow/dags/urban_data_streaming_dag.py
[2026-07-01T16:11:40.466+0000] {processor.py:914} INFO - Processing file /opt/airflow/dags/urban_data_streaming_dag.py for tasks to queue
[2026-07-01T16:11:40.469+0000] {logging_mixin.py:190} INFO - [2026-07-01T16:11:40.469+0000] {dagbag.py:588} INFO - Filling up the DagBag from /opt/airflow/dags/urban_data_streaming_dag.py
[2026-07-01T16:11:40.497+0000] {processor.py:925} INFO - DAG(s) 'urban_data_streaming_demo' retrieved from /opt/airflow/dags/urban_data_streaming_dag.py
[2026-07-01T16:11:40.534+0000] {logging_mixin.py:190} INFO - [2026-07-01T16:11:40.533+0000] {dag.py:3239} INFO - Sync 1 DAGs
[2026-07-01T16:11:40.551+0000] {logging_mixin.py:190} INFO - [2026-07-01T16:11:40.551+0000] {dag.py:4180} INFO - Setting next_dagrun for urban_data_streaming_demo to None, run_after=None
[2026-07-01T16:11:40.572+0000] {processor.py:208} INFO - Processing /opt/airflow/dags/urban_data_streaming_dag.py took 0.115 seconds
[2026-07-01T16:12:11.327+0000] {processor.py:186} INFO - Started process (PID=1940) to work on /opt/airflow/dags/urban_data_streaming_dag.py
[2026-07-01T16:12:11.328+0000] {processor.py:914} INFO - Processing file /opt/airflow/dags/urban_data_streaming_dag.py for tasks to queue
[2026-07-01T16:12:11.331+0000] {logging_mixin.py:190} INFO - [2026-07-01T16:12:11.331+0000] {dagbag.py:588} INFO - Filling up the DagBag from /opt/airflow/dags/urban_data_streaming_dag.py
[2026-07-01T16:12:11.371+0000] {processor.py:925} INFO - DAG(s) 'urban_data_streaming_demo' retrieved from /opt/airflow/dags/urban_data_streaming_dag.py
[2026-07-01T16:12:11.409+0000] {logging_mixin.py:190} INFO - [2026-07-01T16:12:11.408+0000] {dag.py:3239} INFO - Sync 1 DAGs
[2026-07-01T16:12:11.424+0000] {logging_mixin.py:190} INFO - [2026-07-01T16:12:11.424+0000] {dag.py:4180} INFO - Setting next_dagrun for urban_data_streaming_demo to None, run_after=None
[2026-07-01T16:12:11.448+0000] {processor.py:208} INFO - Processing /opt/airflow/dags/urban_data_streaming_dag.py took 0.134 seconds
[2026-07-01T16:12:42.152+0000] {processor.py:186} INFO - Started process (PID=1951) to work on /opt/airflow/dags/urban_data_streaming_dag.py
[2026-07-01T16:12:42.154+0000] {processor.py:914} INFO - Processing file /opt/airflow/dags/urban_data_streaming_dag.py for tasks to queue
[2026-07-01T16:12:42.158+0000] {logging_mixin.py:190} INFO - [2026-07-01T16:12:42.158+0000] {dagbag.py:588} INFO - Filling up the DagBag from /opt/airflow/dags/urban_data_streaming_dag.py
[2026-07-01T16:12:42.193+0000] {processor.py:925} INFO - DAG(s) 'urban_data_streaming_demo' retrieved from /opt/airflow/dags/urban_data_streaming_dag.py
[2026-07-01T16:12:42.226+0000] {logging_mixin.py:190} INFO - [2026-07-01T16:12:42.226+0000] {dag.py:3239} INFO - Sync 1 DAGs
[2026-07-01T16:12:42.242+0000] {logging_mixin.py:190} INFO - [2026-07-01T16:12:42.241+0000] {dag.py:4180} INFO - Setting next_dagrun for urban_data_streaming_demo to None, run_after=None
[2026-07-01T16:12:42.285+0000] {processor.py:208} INFO - Processing /opt/airflow/dags/urban_data_streaming_dag.py took 0.142 seconds
[2026-07-01T16:13:13.096+0000] {processor.py:186} INFO - Started process (PID=1969) to work on /opt/airflow/dags/urban_data_streaming_dag.py
[2026-07-01T16:13:13.099+0000] {processor.py:914} INFO - Processing file /opt/airflow/dags/urban_data_streaming_dag.py for tasks to queue
[2026-07-01T16:13:13.107+0000] {logging_mixin.py:190} INFO - [2026-07-01T16:13:13.106+0000] {dagbag.py:588} INFO - Filling up the DagBag from /opt/airflow/dags/urban_data_streaming_dag.py
[2026-07-01T16:13:13.164+0000] {processor.py:925} INFO - DAG(s) 'urban_data_streaming_demo' retrieved from /opt/airflow/dags/urban_data_streaming_dag.py
[2026-07-01T16:13:13.224+0000] {logging_mixin.py:190} INFO - [2026-07-01T16:13:13.223+0000] {dag.py:3239} INFO - Sync 1 DAGs
[2026-07-01T16:13:13.250+0000] {logging_mixin.py:190} INFO - [2026-07-01T16:13:13.250+0000] {dag.py:4180} INFO - Setting next_dagrun for urban_data_streaming_demo to None, run_after=None
[2026-07-01T16:13:13.284+0000] {processor.py:208} INFO - Processing /opt/airflow/dags/urban_data_streaming_dag.py took 0.202 seconds
[2026-07-01T16:13:44.093+0000] {processor.py:186} INFO - Started process (PID=1987) to work on /opt/airflow/dags/urban_data_streaming_dag.py
[2026-07-01T16:13:44.094+0000] {processor.py:914} INFO - Processing file /opt/airflow/dags/urban_data_streaming_dag.py for tasks to queue
[2026-07-01T16:13:44.096+0000] {logging_mixin.py:190} INFO - [2026-07-01T16:13:44.096+0000] {dagbag.py:588} INFO - Filling up the DagBag from /opt/airflow/dags/urban_data_streaming_dag.py
[2026-07-01T16:13:44.120+0000] {processor.py:925} INFO - DAG(s) 'urban_data_streaming_demo' retrieved from /opt/airflow/dags/urban_data_streaming_dag.py
[2026-07-01T16:13:44.157+0000] {logging_mixin.py:190} INFO - [2026-07-01T16:13:44.157+0000] {dag.py:3239} INFO - Sync 1 DAGs
[2026-07-01T16:13:44.173+0000] {logging_mixin.py:190} INFO - [2026-07-01T16:13:44.173+0000] {dag.py:4180} INFO - Setting next_dagrun for urban_data_streaming_demo to None, run_after=None
[2026-07-01T16:13:44.194+0000] {processor.py:208} INFO - Processing /opt/airflow/dags/urban_data_streaming_dag.py took 0.108 seconds
[2026-07-01T16:14:14.917+0000] {processor.py:186} INFO - Started process (PID=2005) to work on /opt/airflow/dags/urban_data_streaming_dag.py
[2026-07-01T16:14:14.918+0000] {processor.py:914} INFO - Processing file /opt/airflow/dags/urban_data_streaming_dag.py for tasks to queue
[2026-07-01T16:14:14.921+0000] {logging_mixin.py:190} INFO - [2026-07-01T16:14:14.920+0000] {dagbag.py:588} INFO - Filling up the DagBag from /opt/airflow/dags/urban_data_streaming_dag.py
[2026-07-01T16:14:14.951+0000] {processor.py:925} INFO - DAG(s) 'urban_data_streaming_demo' retrieved from /opt/airflow/dags/urban_data_streaming_dag.py
[2026-07-01T16:14:15.015+0000] {logging_mixin.py:190} INFO - [2026-07-01T16:14:15.015+0000] {dag.py:3239} INFO - Sync 1 DAGs
[2026-07-01T16:14:15.034+0000] {logging_mixin.py:190} INFO - [2026-07-01T16:14:15.034+0000] {dag.py:4180} INFO - Setting next_dagrun for urban_data_streaming_demo to None, run_after=None
[2026-07-01T16:14:15.056+0000] {processor.py:208} INFO - Processing /opt/airflow/dags/urban_data_streaming_dag.py took 0.146 seconds
[2026-07-01T16:14:45.817+0000] {processor.py:186} INFO - Started process (PID=2023) to work on /opt/airflow/dags/urban_data_streaming_dag.py
[2026-07-01T16:14:45.820+0000] {processor.py:914} INFO - Processing file /opt/airflow/dags/urban_data_streaming_dag.py for tasks to queue
[2026-07-01T16:14:45.831+0000] {logging_mixin.py:190} INFO - [2026-07-01T16:14:45.831+0000] {dagbag.py:588} INFO - Filling up the DagBag from /opt/airflow/dags/urban_data_streaming_dag.py
[2026-07-01T16:14:45.880+0000] {processor.py:925} INFO - DAG(s) 'urban_data_streaming_demo' retrieved from /opt/airflow/dags/urban_data_streaming_dag.py
[2026-07-01T16:14:45.922+0000] {logging_mixin.py:190} INFO - [2026-07-01T16:14:45.921+0000] {dag.py:3239} INFO - Sync 1 DAGs
[2026-07-01T16:14:45.938+0000] {logging_mixin.py:190} INFO - [2026-07-01T16:14:45.938+0000] {dag.py:4180} INFO - Setting next_dagrun for urban_data_streaming_demo to None, run_after=None
[2026-07-01T16:14:45.962+0000] {processor.py:208} INFO - Processing /opt/airflow/dags/urban_data_streaming_dag.py took 0.170 seconds
[2026-07-01T16:15:16.638+0000] {processor.py:186} INFO - Started process (PID=2041) to work on /opt/airflow/dags/urban_data_streaming_dag.py
[2026-07-01T16:15:16.641+0000] {processor.py:914} INFO - Processing file /opt/airflow/dags/urban_data_streaming_dag.py for tasks to queue
[2026-07-01T16:15:16.645+0000] {logging_mixin.py:190} INFO - [2026-07-01T16:15:16.644+0000] {dagbag.py:588} INFO - Filling up the DagBag from /opt/airflow/dags/urban_data_streaming_dag.py
[2026-07-01T16:15:16.680+0000] {processor.py:925} INFO - DAG(s) 'urban_data_streaming_demo' retrieved from /opt/airflow/dags/urban_data_streaming_dag.py
[2026-07-01T16:15:16.728+0000] {logging_mixin.py:190} INFO - [2026-07-01T16:15:16.727+0000] {dag.py:3239} INFO - Sync 1 DAGs
[2026-07-01T16:15:16.752+0000] {logging_mixin.py:190} INFO - [2026-07-01T16:15:16.752+0000] {dag.py:4180} INFO - Setting next_dagrun for urban_data_streaming_demo to None, run_after=None
[2026-07-01T16:15:16.777+0000] {processor.py:208} INFO - Processing /opt/airflow/dags/urban_data_streaming_dag.py took 0.151 seconds
[2026-07-01T16:15:47.461+0000] {processor.py:186} INFO - Started process (PID=2059) to work on /opt/airflow/dags/urban_data_streaming_dag.py
[2026-07-01T16:15:47.463+0000] {processor.py:914} INFO - Processing file /opt/airflow/dags/urban_data_streaming_dag.py for tasks to queue
[2026-07-01T16:15:47.466+0000] {logging_mixin.py:190} INFO - [2026-07-01T16:15:47.465+0000] {dagbag.py:588} INFO - Filling up the DagBag from /opt/airflow/dags/urban_data_streaming_dag.py
[2026-07-01T16:15:47.512+0000] {processor.py:925} INFO - DAG(s) 'urban_data_streaming_demo' retrieved from /opt/airflow/dags/urban_data_streaming_dag.py
[2026-07-01T16:15:47.550+0000] {logging_mixin.py:190} INFO - [2026-07-01T16:15:47.550+0000] {dag.py:3239} INFO - Sync 1 DAGs
[2026-07-01T16:15:47.570+0000] {logging_mixin.py:190} INFO - [2026-07-01T16:15:47.569+0000] {dag.py:4180} INFO - Setting next_dagrun for urban_data_streaming_demo to None, run_after=None
[2026-07-01T16:15:47.600+0000] {processor.py:208} INFO - Processing /opt/airflow/dags/urban_data_streaming_dag.py took 0.148 seconds
[2026-07-01T16:16:18.425+0000] {processor.py:186} INFO - Started process (PID=2077) to work on /opt/airflow/dags/urban_data_streaming_dag.py
[2026-07-01T16:16:18.427+0000] {processor.py:914} INFO - Processing file /opt/airflow/dags/urban_data_streaming_dag.py for tasks to queue
[2026-07-01T16:16:18.435+0000] {logging_mixin.py:190} INFO - [2026-07-01T16:16:18.434+0000] {dagbag.py:588} INFO - Filling up the DagBag from /opt/airflow/dags/urban_data_streaming_dag.py
[2026-07-01T16:16:18.470+0000] {processor.py:925} INFO - DAG(s) 'urban_data_streaming_demo' retrieved from /opt/airflow/dags/urban_data_streaming_dag.py
[2026-07-01T16:16:18.516+0000] {logging_mixin.py:190} INFO - [2026-07-01T16:16:18.516+0000] {dag.py:3239} INFO - Sync 1 DAGs
[2026-07-01T16:16:18.534+0000] {logging_mixin.py:190} INFO - [2026-07-01T16:16:18.534+0000] {dag.py:4180} INFO - Setting next_dagrun for urban_data_streaming_demo to None, run_after=None
[2026-07-01T16:16:18.559+0000] {processor.py:208} INFO - Processing /opt/airflow/dags/urban_data_streaming_dag.py took 0.147 seconds
[2026-07-01T16:16:49.269+0000] {processor.py:186} INFO - Started process (PID=2095) to work on /opt/airflow/dags/urban_data_streaming_dag.py
[2026-07-01T16:16:49.273+0000] {processor.py:914} INFO - Processing file /opt/airflow/dags/urban_data_streaming_dag.py for tasks to queue
[2026-07-01T16:16:49.277+0000] {logging_mixin.py:190} INFO - [2026-07-01T16:16:49.276+0000] {dagbag.py:588} INFO - Filling up the DagBag from /opt/airflow/dags/urban_data_streaming_dag.py
[2026-07-01T16:16:49.320+0000] {processor.py:925} INFO - DAG(s) 'urban_data_streaming_demo' retrieved from /opt/airflow/dags/urban_data_streaming_dag.py
[2026-07-01T16:16:49.360+0000] {logging_mixin.py:190} INFO - [2026-07-01T16:16:49.360+0000] {dag.py:3239} INFO - Sync 1 DAGs
[2026-07-01T16:16:49.375+0000] {logging_mixin.py:190} INFO - [2026-07-01T16:16:49.374+0000] {dag.py:4180} INFO - Setting next_dagrun for urban_data_streaming_demo to None, run_after=None
[2026-07-01T16:16:49.412+0000] {processor.py:208} INFO - Processing /opt/airflow/dags/urban_data_streaming_dag.py took 0.163 seconds
[2026-07-01T16:17:20.172+0000] {processor.py:186} INFO - Started process (PID=2113) to work on /opt/airflow/dags/urban_data_streaming_dag.py
[2026-07-01T16:17:20.174+0000] {processor.py:914} INFO - Processing file /opt/airflow/dags/urban_data_streaming_dag.py for tasks to queue
[2026-07-01T16:17:20.178+0000] {logging_mixin.py:190} INFO - [2026-07-01T16:17:20.178+0000] {dagbag.py:588} INFO - Filling up the DagBag from /opt/airflow/dags/urban_data_streaming_dag.py
[2026-07-01T16:17:20.224+0000] {processor.py:925} INFO - DAG(s) 'urban_data_streaming_demo' retrieved from /opt/airflow/dags/urban_data_streaming_dag.py
[2026-07-01T16:17:20.262+0000] {logging_mixin.py:190} INFO - [2026-07-01T16:17:20.261+0000] {dag.py:3239} INFO - Sync 1 DAGs
[2026-07-01T16:17:20.279+0000] {logging_mixin.py:190} INFO - [2026-07-01T16:17:20.278+0000] {dag.py:4180} INFO - Setting next_dagrun for urban_data_streaming_demo to None, run_after=None
[2026-07-01T16:17:20.305+0000] {processor.py:208} INFO - Processing /opt/airflow/dags/urban_data_streaming_dag.py took 0.140 seconds
[2026-07-01T16:17:51.219+0000] {processor.py:186} INFO - Started process (PID=2130) to work on /opt/airflow/dags/urban_data_streaming_dag.py
[2026-07-01T16:17:51.224+0000] {processor.py:914} INFO - Processing file /opt/airflow/dags/urban_data_streaming_dag.py for tasks to queue
[2026-07-01T16:17:51.231+0000] {logging_mixin.py:190} INFO - [2026-07-01T16:17:51.231+0000] {dagbag.py:588} INFO - Filling up the DagBag from /opt/airflow/dags/urban_data_streaming_dag.py
[2026-07-01T16:17:51.339+0000] {processor.py:925} INFO - DAG(s) 'urban_data_streaming_demo' retrieved from /opt/airflow/dags/urban_data_streaming_dag.py
[2026-07-01T16:17:51.404+0000] {logging_mixin.py:190} INFO - [2026-07-01T16:17:51.404+0000] {dag.py:3239} INFO - Sync 1 DAGs
[2026-07-01T16:17:51.420+0000] {logging_mixin.py:190} INFO - [2026-07-01T16:17:51.419+0000] {dag.py:4180} INFO - Setting next_dagrun for urban_data_streaming_demo to None, run_after=None
[2026-07-01T16:17:51.445+0000] {processor.py:208} INFO - Processing /opt/airflow/dags/urban_data_streaming_dag.py took 0.244 seconds
[2026-07-01T16:18:22.221+0000] {processor.py:186} INFO - Started process (PID=2141) to work on /opt/airflow/dags/urban_data_streaming_dag.py
[2026-07-01T16:18:22.222+0000] {processor.py:914} INFO - Processing file /opt/airflow/dags/urban_data_streaming_dag.py for tasks to queue
[2026-07-01T16:18:22.226+0000] {logging_mixin.py:190} INFO - [2026-07-01T16:18:22.226+0000] {dagbag.py:588} INFO - Filling up the DagBag from /opt/airflow/dags/urban_data_streaming_dag.py
[2026-07-01T16:18:22.259+0000] {processor.py:925} INFO - DAG(s) 'urban_data_streaming_demo' retrieved from /opt/airflow/dags/urban_data_streaming_dag.py
[2026-07-01T16:18:22.295+0000] {logging_mixin.py:190} INFO - [2026-07-01T16:18:22.294+0000] {dag.py:3239} INFO - Sync 1 DAGs
[2026-07-01T16:18:22.309+0000] {logging_mixin.py:190} INFO - [2026-07-01T16:18:22.309+0000] {dag.py:4180} INFO - Setting next_dagrun for urban_data_streaming_demo to None, run_after=None
[2026-07-01T16:18:22.333+0000] {processor.py:208} INFO - Processing /opt/airflow/dags/urban_data_streaming_dag.py took 0.119 seconds
[2026-07-01T16:18:53.269+0000] {processor.py:186} INFO - Started process (PID=2159) to work on /opt/airflow/dags/urban_data_streaming_dag.py
[2026-07-01T16:18:53.274+0000] {processor.py:914} INFO - Processing file /opt/airflow/dags/urban_data_streaming_dag.py for tasks to queue
[2026-07-01T16:18:53.283+0000] {logging_mixin.py:190} INFO - [2026-07-01T16:18:53.282+0000] {dagbag.py:588} INFO - Filling up the DagBag from /opt/airflow/dags/urban_data_streaming_dag.py
[2026-07-01T16:18:53.357+0000] {processor.py:925} INFO - DAG(s) 'urban_data_streaming_demo' retrieved from /opt/airflow/dags/urban_data_streaming_dag.py
[2026-07-01T16:18:53.408+0000] {logging_mixin.py:190} INFO - [2026-07-01T16:18:53.407+0000] {dag.py:3239} INFO - Sync 1 DAGs
[2026-07-01T16:18:53.424+0000] {logging_mixin.py:190} INFO - [2026-07-01T16:18:53.423+0000] {dag.py:4180} INFO - Setting next_dagrun for urban_data_streaming_demo to None, run_after=None
[2026-07-01T16:18:53.456+0000] {processor.py:208} INFO - Processing /opt/airflow/dags/urban_data_streaming_dag.py took 0.207 seconds
[2026-07-01T16:19:23.622+0000] {processor.py:186} INFO - Started process (PID=2177) to work on /opt/airflow/dags/urban_data_streaming_dag.py
[2026-07-01T16:19:23.624+0000] {processor.py:914} INFO - Processing file /opt/airflow/dags/urban_data_streaming_dag.py for tasks to queue
[2026-07-01T16:19:23.628+0000] {logging_mixin.py:190} INFO - [2026-07-01T16:19:23.627+0000] {dagbag.py:588} INFO - Filling up the DagBag from /opt/airflow/dags/urban_data_streaming_dag.py
[2026-07-01T16:19:23.676+0000] {processor.py:925} INFO - DAG(s) 'urban_data_streaming_demo' retrieved from /opt/airflow/dags/urban_data_streaming_dag.py
[2026-07-01T16:19:23.714+0000] {logging_mixin.py:190} INFO - [2026-07-01T16:19:23.714+0000] {dag.py:3239} INFO - Sync 1 DAGs
[2026-07-01T16:19:23.730+0000] {logging_mixin.py:190} INFO - [2026-07-01T16:19:23.730+0000] {dag.py:4180} INFO - Setting next_dagrun for urban_data_streaming_demo to None, run_after=None
[2026-07-01T16:19:23.756+0000] {processor.py:208} INFO - Processing /opt/airflow/dags/urban_data_streaming_dag.py took 0.145 seconds
[2026-07-01T16:19:54.585+0000] {processor.py:186} INFO - Started process (PID=2195) to work on /opt/airflow/dags/urban_data_streaming_dag.py
[2026-07-01T16:19:54.589+0000] {processor.py:914} INFO - Processing file /opt/airflow/dags/urban_data_streaming_dag.py for tasks to queue
[2026-07-01T16:19:54.596+0000] {logging_mixin.py:190} INFO - [2026-07-01T16:19:54.595+0000] {dagbag.py:588} INFO - Filling up the DagBag from /opt/airflow/dags/urban_data_streaming_dag.py
[2026-07-01T16:19:54.635+0000] {processor.py:925} INFO - DAG(s) 'urban_data_streaming_demo' retrieved from /opt/airflow/dags/urban_data_streaming_dag.py
[2026-07-01T16:19:54.666+0000] {logging_mixin.py:190} INFO - [2026-07-01T16:19:54.666+0000] {dag.py:3239} INFO - Sync 1 DAGs
[2026-07-01T16:19:54.683+0000] {logging_mixin.py:190} INFO - [2026-07-01T16:19:54.682+0000] {dag.py:4180} INFO - Setting next_dagrun for urban_data_streaming_demo to None, run_after=None
[2026-07-01T16:19:54.708+0000] {processor.py:208} INFO - Processing /opt/airflow/dags/urban_data_streaming_dag.py took 0.143 seconds
[2026-07-01T16:20:25.271+0000] {processor.py:186} INFO - Started process (PID=2214) to work on /opt/airflow/dags/urban_data_streaming_dag.py
[2026-07-01T16:20:25.272+0000] {processor.py:914} INFO - Processing file /opt/airflow/dags/urban_data_streaming_dag.py for tasks to queue
[2026-07-01T16:20:25.276+0000] {logging_mixin.py:190} INFO - [2026-07-01T16:20:25.275+0000] {dagbag.py:588} INFO - Filling up the DagBag from /opt/airflow/dags/urban_data_streaming_dag.py
[2026-07-01T16:20:25.309+0000] {processor.py:925} INFO - DAG(s) 'urban_data_streaming_demo' retrieved from /opt/airflow/dags/urban_data_streaming_dag.py
[2026-07-01T16:20:25.347+0000] {logging_mixin.py:190} INFO - [2026-07-01T16:20:25.347+0000] {dag.py:3239} INFO - Sync 1 DAGs
[2026-07-01T16:20:25.363+0000] {logging_mixin.py:190} INFO - [2026-07-01T16:20:25.363+0000] {dag.py:4180} INFO - Setting next_dagrun for urban_data_streaming_demo to None, run_after=None
[2026-07-01T16:20:25.389+0000] {processor.py:208} INFO - Processing /opt/airflow/dags/urban_data_streaming_dag.py took 0.125 seconds
[2026-07-01T16:20:55.750+0000] {processor.py:186} INFO - Started process (PID=2232) to work on /opt/airflow/dags/urban_data_streaming_dag.py
[2026-07-01T16:20:55.755+0000] {processor.py:914} INFO - Processing file /opt/airflow/dags/urban_data_streaming_dag.py for tasks to queue
[2026-07-01T16:20:55.761+0000] {logging_mixin.py:190} INFO - [2026-07-01T16:20:55.760+0000] {dagbag.py:588} INFO - Filling up the DagBag from /opt/airflow/dags/urban_data_streaming_dag.py
[2026-07-01T16:20:55.796+0000] {processor.py:925} INFO - DAG(s) 'urban_data_streaming_demo' retrieved from /opt/airflow/dags/urban_data_streaming_dag.py
[2026-07-01T16:20:55.839+0000] {logging_mixin.py:190} INFO - [2026-07-01T16:20:55.839+0000] {dag.py:3239} INFO - Sync 1 DAGs
[2026-07-01T16:20:55.858+0000] {logging_mixin.py:190} INFO - [2026-07-01T16:20:55.858+0000] {dag.py:4180} INFO - Setting next_dagrun for urban_data_streaming_demo to None, run_after=None
[2026-07-01T16:20:55.901+0000] {processor.py:208} INFO - Processing /opt/airflow/dags/urban_data_streaming_dag.py took 0.158 seconds
[2026-07-01T16:21:26.721+0000] {processor.py:186} INFO - Started process (PID=2250) to work on /opt/airflow/dags/urban_data_streaming_dag.py
[2026-07-01T16:21:26.723+0000] {processor.py:914} INFO - Processing file /opt/airflow/dags/urban_data_streaming_dag.py for tasks to queue
[2026-07-01T16:21:26.727+0000] {logging_mixin.py:190} INFO - [2026-07-01T16:21:26.726+0000] {dagbag.py:588} INFO - Filling up the DagBag from /opt/airflow/dags/urban_data_streaming_dag.py
[2026-07-01T16:21:26.761+0000] {processor.py:925} INFO - DAG(s) 'urban_data_streaming_demo' retrieved from /opt/airflow/dags/urban_data_streaming_dag.py
[2026-07-01T16:21:26.793+0000] {logging_mixin.py:190} INFO - [2026-07-01T16:21:26.792+0000] {dag.py:3239} INFO - Sync 1 DAGs
[2026-07-01T16:21:26.809+0000] {logging_mixin.py:190} INFO - [2026-07-01T16:21:26.808+0000] {dag.py:4180} INFO - Setting next_dagrun for urban_data_streaming_demo to None, run_after=None
[2026-07-01T16:21:26.834+0000] {processor.py:208} INFO - Processing /opt/airflow/dags/urban_data_streaming_dag.py took 0.135 seconds
[2026-07-01T16:21:57.509+0000] {processor.py:186} INFO - Started process (PID=2268) to work on /opt/airflow/dags/urban_data_streaming_dag.py
[2026-07-01T16:21:57.512+0000] {processor.py:914} INFO - Processing file /opt/airflow/dags/urban_data_streaming_dag.py for tasks to queue
[2026-07-01T16:21:57.517+0000] {logging_mixin.py:190} INFO - [2026-07-01T16:21:57.516+0000] {dagbag.py:588} INFO - Filling up the DagBag from /opt/airflow/dags/urban_data_streaming_dag.py
[2026-07-01T16:21:57.579+0000] {processor.py:925} INFO - DAG(s) 'urban_data_streaming_demo' retrieved from /opt/airflow/dags/urban_data_streaming_dag.py
[2026-07-01T16:21:57.638+0000] {logging_mixin.py:190} INFO - [2026-07-01T16:21:57.637+0000] {dag.py:3239} INFO - Sync 1 DAGs
[2026-07-01T16:21:57.658+0000] {logging_mixin.py:190} INFO - [2026-07-01T16:21:57.658+0000] {dag.py:4180} INFO - Setting next_dagrun for urban_data_streaming_demo to None, run_after=None
[2026-07-01T16:21:57.697+0000] {processor.py:208} INFO - Processing /opt/airflow/dags/urban_data_streaming_dag.py took 0.204 seconds
[2026-07-01T16:22:27.913+0000] {processor.py:186} INFO - Started process (PID=2286) to work on /opt/airflow/dags/urban_data_streaming_dag.py
[2026-07-01T16:22:27.915+0000] {processor.py:914} INFO - Processing file /opt/airflow/dags/urban_data_streaming_dag.py for tasks to queue
[2026-07-01T16:22:27.918+0000] {logging_mixin.py:190} INFO - [2026-07-01T16:22:27.918+0000] {dagbag.py:588} INFO - Filling up the DagBag from /opt/airflow/dags/urban_data_streaming_dag.py
[2026-07-01T16:22:27.962+0000] {processor.py:925} INFO - DAG(s) 'urban_data_streaming_demo' retrieved from /opt/airflow/dags/urban_data_streaming_dag.py
[2026-07-01T16:22:28.001+0000] {logging_mixin.py:190} INFO - [2026-07-01T16:22:28.000+0000] {dag.py:3239} INFO - Sync 1 DAGs
[2026-07-01T16:22:28.015+0000] {logging_mixin.py:190} INFO - [2026-07-01T16:22:28.015+0000] {dag.py:4180} INFO - Setting next_dagrun for urban_data_streaming_demo to None, run_after=None
[2026-07-01T16:22:28.050+0000] {processor.py:208} INFO - Processing /opt/airflow/dags/urban_data_streaming_dag.py took 0.151 seconds
[2026-07-01T16:22:58.552+0000] {processor.py:186} INFO - Started process (PID=2303) to work on /opt/airflow/dags/urban_data_streaming_dag.py
[2026-07-01T16:22:58.558+0000] {processor.py:914} INFO - Processing file /opt/airflow/dags/urban_data_streaming_dag.py for tasks to queue
[2026-07-01T16:22:58.571+0000] {logging_mixin.py:190} INFO - [2026-07-01T16:22:58.570+0000] {dagbag.py:588} INFO - Filling up the DagBag from /opt/airflow/dags/urban_data_streaming_dag.py
[2026-07-01T16:22:58.664+0000] {processor.py:925} INFO - DAG(s) 'urban_data_streaming_demo' retrieved from /opt/airflow/dags/urban_data_streaming_dag.py
[2026-07-01T16:22:58.725+0000] {logging_mixin.py:190} INFO - [2026-07-01T16:22:58.725+0000] {dag.py:3239} INFO - Sync 1 DAGs
[2026-07-01T16:22:58.741+0000] {logging_mixin.py:190} INFO - [2026-07-01T16:22:58.741+0000] {dag.py:4180} INFO - Setting next_dagrun for urban_data_streaming_demo to None, run_after=None
[2026-07-01T16:22:58.767+0000] {processor.py:208} INFO - Processing /opt/airflow/dags/urban_data_streaming_dag.py took 0.255 seconds
[2026-07-01T16:23:29.129+0000] {processor.py:186} INFO - Started process (PID=2314) to work on /opt/airflow/dags/urban_data_streaming_dag.py
[2026-07-01T16:23:29.131+0000] {processor.py:914} INFO - Processing file /opt/airflow/dags/urban_data_streaming_dag.py for tasks to queue
[2026-07-01T16:23:29.135+0000] {logging_mixin.py:190} INFO - [2026-07-01T16:23:29.134+0000] {dagbag.py:588} INFO - Filling up the DagBag from /opt/airflow/dags/urban_data_streaming_dag.py
[2026-07-01T16:23:29.178+0000] {processor.py:925} INFO - DAG(s) 'urban_data_streaming_demo' retrieved from /opt/airflow/dags/urban_data_streaming_dag.py
[2026-07-01T16:23:29.217+0000] {logging_mixin.py:190} INFO - [2026-07-01T16:23:29.217+0000] {dag.py:3239} INFO - Sync 1 DAGs
[2026-07-01T16:23:29.232+0000] {logging_mixin.py:190} INFO - [2026-07-01T16:23:29.232+0000] {dag.py:4180} INFO - Setting next_dagrun for urban_data_streaming_demo to None, run_after=None
[2026-07-01T16:23:29.261+0000] {processor.py:208} INFO - Processing /opt/airflow/dags/urban_data_streaming_dag.py took 0.142 seconds
[2026-07-01T16:24:00.051+0000] {processor.py:186} INFO - Started process (PID=2332) to work on /opt/airflow/dags/urban_data_streaming_dag.py
[2026-07-01T16:24:00.052+0000] {processor.py:914} INFO - Processing file /opt/airflow/dags/urban_data_streaming_dag.py for tasks to queue
[2026-07-01T16:24:00.058+0000] {logging_mixin.py:190} INFO - [2026-07-01T16:24:00.057+0000] {dagbag.py:588} INFO - Filling up the DagBag from /opt/airflow/dags/urban_data_streaming_dag.py
[2026-07-01T16:24:00.085+0000] {processor.py:925} INFO - DAG(s) 'urban_data_streaming_demo' retrieved from /opt/airflow/dags/urban_data_streaming_dag.py
[2026-07-01T16:24:00.117+0000] {logging_mixin.py:190} INFO - [2026-07-01T16:24:00.117+0000] {dag.py:3239} INFO - Sync 1 DAGs
[2026-07-01T16:24:00.134+0000] {logging_mixin.py:190} INFO - [2026-07-01T16:24:00.134+0000] {dag.py:4180} INFO - Setting next_dagrun for urban_data_streaming_demo to None, run_after=None
[2026-07-01T16:24:00.166+0000] {processor.py:208} INFO - Processing /opt/airflow/dags/urban_data_streaming_dag.py took 0.123 seconds
[2026-07-01T16:24:30.284+0000] {processor.py:186} INFO - Started process (PID=2350) to work on /opt/airflow/dags/urban_data_streaming_dag.py
[2026-07-01T16:24:30.285+0000] {processor.py:914} INFO - Processing file /opt/airflow/dags/urban_data_streaming_dag.py for tasks to queue
[2026-07-01T16:24:30.289+0000] {logging_mixin.py:190} INFO - [2026-07-01T16:24:30.289+0000] {dagbag.py:588} INFO - Filling up the DagBag from /opt/airflow/dags/urban_data_streaming_dag.py
[2026-07-01T16:24:30.332+0000] {processor.py:925} INFO - DAG(s) 'urban_data_streaming_demo' retrieved from /opt/airflow/dags/urban_data_streaming_dag.py
[2026-07-01T16:24:30.368+0000] {logging_mixin.py:190} INFO - [2026-07-01T16:24:30.368+0000] {dag.py:3239} INFO - Sync 1 DAGs
[2026-07-01T16:24:30.385+0000] {logging_mixin.py:190} INFO - [2026-07-01T16:24:30.384+0000] {dag.py:4180} INFO - Setting next_dagrun for urban_data_streaming_demo to None, run_after=None
[2026-07-01T16:24:30.413+0000] {processor.py:208} INFO - Processing /opt/airflow/dags/urban_data_streaming_dag.py took 0.137 seconds
[2026-07-01T16:25:01.191+0000] {processor.py:186} INFO - Started process (PID=2368) to work on /opt/airflow/dags/urban_data_streaming_dag.py
[2026-07-01T16:25:01.193+0000] {processor.py:914} INFO - Processing file /opt/airflow/dags/urban_data_streaming_dag.py for tasks to queue
[2026-07-01T16:25:01.196+0000] {logging_mixin.py:190} INFO - [2026-07-01T16:25:01.196+0000] {dagbag.py:588} INFO - Filling up the DagBag from /opt/airflow/dags/urban_data_streaming_dag.py
[2026-07-01T16:25:01.223+0000] {processor.py:925} INFO - DAG(s) 'urban_data_streaming_demo' retrieved from /opt/airflow/dags/urban_data_streaming_dag.py
[2026-07-01T16:25:01.260+0000] {logging_mixin.py:190} INFO - [2026-07-01T16:25:01.260+0000] {dag.py:3239} INFO - Sync 1 DAGs
[2026-07-01T16:25:01.280+0000] {logging_mixin.py:190} INFO - [2026-07-01T16:25:01.279+0000] {dag.py:4180} INFO - Setting next_dagrun for urban_data_streaming_demo to None, run_after=None
[2026-07-01T16:25:01.314+0000] {processor.py:208} INFO - Processing /opt/airflow/dags/urban_data_streaming_dag.py took 0.131 seconds
[2026-07-01T16:25:31.533+0000] {processor.py:186} INFO - Started process (PID=2386) to work on /opt/airflow/dags/urban_data_streaming_dag.py
[2026-07-01T16:25:31.535+0000] {processor.py:914} INFO - Processing file /opt/airflow/dags/urban_data_streaming_dag.py for tasks to queue
[2026-07-01T16:25:31.540+0000] {logging_mixin.py:190} INFO - [2026-07-01T16:25:31.539+0000] {dagbag.py:588} INFO - Filling up the DagBag from /opt/airflow/dags/urban_data_streaming_dag.py
[2026-07-01T16:25:31.581+0000] {processor.py:925} INFO - DAG(s) 'urban_data_streaming_demo' retrieved from /opt/airflow/dags/urban_data_streaming_dag.py
[2026-07-01T16:25:31.616+0000] {logging_mixin.py:190} INFO - [2026-07-01T16:25:31.616+0000] {dag.py:3239} INFO - Sync 1 DAGs
[2026-07-01T16:25:31.634+0000] {logging_mixin.py:190} INFO - [2026-07-01T16:25:31.633+0000] {dag.py:4180} INFO - Setting next_dagrun for urban_data_streaming_demo to None, run_after=None
[2026-07-01T16:25:31.667+0000] {processor.py:208} INFO - Processing /opt/airflow/dags/urban_data_streaming_dag.py took 0.162 seconds
[2026-07-01T16:26:02.029+0000] {processor.py:186} INFO - Started process (PID=2404) to work on /opt/airflow/dags/urban_data_streaming_dag.py
[2026-07-01T16:26:02.032+0000] {processor.py:914} INFO - Processing file /opt/airflow/dags/urban_data_streaming_dag.py for tasks to queue
[2026-07-01T16:26:02.041+0000] {logging_mixin.py:190} INFO - [2026-07-01T16:26:02.040+0000] {dagbag.py:588} INFO - Filling up the DagBag from /opt/airflow/dags/urban_data_streaming_dag.py
[2026-07-01T16:26:02.118+0000] {processor.py:925} INFO - DAG(s) 'urban_data_streaming_demo' retrieved from /opt/airflow/dags/urban_data_streaming_dag.py
[2026-07-01T16:26:02.192+0000] {logging_mixin.py:190} INFO - [2026-07-01T16:26:02.192+0000] {dag.py:3239} INFO - Sync 1 DAGs
[2026-07-01T16:26:02.218+0000] {logging_mixin.py:190} INFO - [2026-07-01T16:26:02.217+0000] {dag.py:4180} INFO - Setting next_dagrun for urban_data_streaming_demo to None, run_after=None
[2026-07-01T16:26:02.268+0000] {processor.py:208} INFO - Processing /opt/airflow/dags/urban_data_streaming_dag.py took 0.271 seconds
[2026-07-01T16:26:32.754+0000] {processor.py:186} INFO - Started process (PID=2422) to work on /opt/airflow/dags/urban_data_streaming_dag.py
[2026-07-01T16:26:32.756+0000] {processor.py:914} INFO - Processing file /opt/airflow/dags/urban_data_streaming_dag.py for tasks to queue
[2026-07-01T16:26:32.759+0000] {logging_mixin.py:190} INFO - [2026-07-01T16:26:32.759+0000] {dagbag.py:588} INFO - Filling up the DagBag from /opt/airflow/dags/urban_data_streaming_dag.py
[2026-07-01T16:26:32.791+0000] {processor.py:925} INFO - DAG(s) 'urban_data_streaming_demo' retrieved from /opt/airflow/dags/urban_data_streaming_dag.py
[2026-07-01T16:26:32.828+0000] {logging_mixin.py:190} INFO - [2026-07-01T16:26:32.828+0000] {dag.py:3239} INFO - Sync 1 DAGs
[2026-07-01T16:26:32.842+0000] {logging_mixin.py:190} INFO - [2026-07-01T16:26:32.842+0000] {dag.py:4180} INFO - Setting next_dagrun for urban_data_streaming_demo to None, run_after=None
[2026-07-01T16:26:32.866+0000] {processor.py:208} INFO - Processing /opt/airflow/dags/urban_data_streaming_dag.py took 0.124 seconds
[2026-07-01T16:27:03.627+0000] {processor.py:186} INFO - Started process (PID=2440) to work on /opt/airflow/dags/urban_data_streaming_dag.py
[2026-07-01T16:27:03.629+0000] {processor.py:914} INFO - Processing file /opt/airflow/dags/urban_data_streaming_dag.py for tasks to queue
[2026-07-01T16:27:03.634+0000] {logging_mixin.py:190} INFO - [2026-07-01T16:27:03.634+0000] {dagbag.py:588} INFO - Filling up the DagBag from /opt/airflow/dags/urban_data_streaming_dag.py
[2026-07-01T16:27:03.670+0000] {processor.py:925} INFO - DAG(s) 'urban_data_streaming_demo' retrieved from /opt/airflow/dags/urban_data_streaming_dag.py
[2026-07-01T16:27:03.712+0000] {logging_mixin.py:190} INFO - [2026-07-01T16:27:03.712+0000] {dag.py:3239} INFO - Sync 1 DAGs
[2026-07-01T16:27:03.731+0000] {logging_mixin.py:190} INFO - [2026-07-01T16:27:03.731+0000] {dag.py:4180} INFO - Setting next_dagrun for urban_data_streaming_demo to None, run_after=None
[2026-07-01T16:27:03.794+0000] {processor.py:208} INFO - Processing /opt/airflow/dags/urban_data_streaming_dag.py took 0.183 seconds
[2026-07-01T16:27:34.781+0000] {processor.py:186} INFO - Started process (PID=2458) to work on /opt/airflow/dags/urban_data_streaming_dag.py
[2026-07-01T16:27:34.782+0000] {processor.py:914} INFO - Processing file /opt/airflow/dags/urban_data_streaming_dag.py for tasks to queue
[2026-07-01T16:27:34.785+0000] {logging_mixin.py:190} INFO - [2026-07-01T16:27:34.784+0000] {dagbag.py:588} INFO - Filling up the DagBag from /opt/airflow/dags/urban_data_streaming_dag.py
[2026-07-01T16:27:34.817+0000] {processor.py:925} INFO - DAG(s) 'urban_data_streaming_demo' retrieved from /opt/airflow/dags/urban_data_streaming_dag.py
[2026-07-01T16:27:34.880+0000] {logging_mixin.py:190} INFO - [2026-07-01T16:27:34.880+0000] {dag.py:3239} INFO - Sync 1 DAGs
[2026-07-01T16:27:34.914+0000] {logging_mixin.py:190} INFO - [2026-07-01T16:27:34.913+0000] {dag.py:4180} INFO - Setting next_dagrun for urban_data_streaming_demo to None, run_after=None
[2026-07-01T16:27:34.943+0000] {processor.py:208} INFO - Processing /opt/airflow/dags/urban_data_streaming_dag.py took 0.169 seconds
[2026-07-01T16:28:05.114+0000] {processor.py:186} INFO - Started process (PID=2475) to work on /opt/airflow/dags/urban_data_streaming_dag.py
[2026-07-01T16:28:05.116+0000] {processor.py:914} INFO - Processing file /opt/airflow/dags/urban_data_streaming_dag.py for tasks to queue
[2026-07-01T16:28:05.119+0000] {logging_mixin.py:190} INFO - [2026-07-01T16:28:05.119+0000] {dagbag.py:588} INFO - Filling up the DagBag from /opt/airflow/dags/urban_data_streaming_dag.py
[2026-07-01T16:28:05.192+0000] {processor.py:925} INFO - DAG(s) 'urban_data_streaming_demo' retrieved from /opt/airflow/dags/urban_data_streaming_dag.py
[2026-07-01T16:28:05.237+0000] {logging_mixin.py:190} INFO - [2026-07-01T16:28:05.236+0000] {dag.py:3239} INFO - Sync 1 DAGs
[2026-07-01T16:28:05.254+0000] {logging_mixin.py:190} INFO - [2026-07-01T16:28:05.254+0000] {dag.py:4180} INFO - Setting next_dagrun for urban_data_streaming_demo to None, run_after=None
[2026-07-01T16:28:05.278+0000] {processor.py:208} INFO - Processing /opt/airflow/dags/urban_data_streaming_dag.py took 0.175 seconds
[2026-07-01T16:28:36.303+0000] {processor.py:186} INFO - Started process (PID=2492) to work on /opt/airflow/dags/urban_data_streaming_dag.py
[2026-07-01T16:28:36.304+0000] {processor.py:914} INFO - Processing file /opt/airflow/dags/urban_data_streaming_dag.py for tasks to queue
[2026-07-01T16:28:36.307+0000] {logging_mixin.py:190} INFO - [2026-07-01T16:28:36.307+0000] {dagbag.py:588} INFO - Filling up the DagBag from /opt/airflow/dags/urban_data_streaming_dag.py
[2026-07-01T16:28:36.333+0000] {processor.py:925} INFO - DAG(s) 'urban_data_streaming_demo' retrieved from /opt/airflow/dags/urban_data_streaming_dag.py
[2026-07-01T16:28:36.377+0000] {logging_mixin.py:190} INFO - [2026-07-01T16:28:36.377+0000] {dag.py:3239} INFO - Sync 1 DAGs
[2026-07-01T16:28:36.396+0000] {logging_mixin.py:190} INFO - [2026-07-01T16:28:36.396+0000] {dag.py:4180} INFO - Setting next_dagrun for urban_data_streaming_demo to None, run_after=None
[2026-07-01T16:28:36.427+0000] {processor.py:208} INFO - Processing /opt/airflow/dags/urban_data_streaming_dag.py took 0.133 seconds
[2026-07-01T16:29:06.970+0000] {processor.py:186} INFO - Started process (PID=2504) to work on /opt/airflow/dags/urban_data_streaming_dag.py
[2026-07-01T16:29:06.973+0000] {processor.py:914} INFO - Processing file /opt/airflow/dags/urban_data_streaming_dag.py for tasks to queue
[2026-07-01T16:29:06.982+0000] {logging_mixin.py:190} INFO - [2026-07-01T16:29:06.981+0000] {dagbag.py:588} INFO - Filling up the DagBag from /opt/airflow/dags/urban_data_streaming_dag.py
[2026-07-01T16:29:07.070+0000] {processor.py:925} INFO - DAG(s) 'urban_data_streaming_demo' retrieved from /opt/airflow/dags/urban_data_streaming_dag.py
[2026-07-01T16:29:07.116+0000] {logging_mixin.py:190} INFO - [2026-07-01T16:29:07.115+0000] {dag.py:3239} INFO - Sync 1 DAGs
[2026-07-01T16:29:07.135+0000] {logging_mixin.py:190} INFO - [2026-07-01T16:29:07.134+0000] {dag.py:4180} INFO - Setting next_dagrun for urban_data_streaming_demo to None, run_after=None
[2026-07-01T16:29:07.162+0000] {processor.py:208} INFO - Processing /opt/airflow/dags/urban_data_streaming_dag.py took 0.206 seconds
[2026-07-01T16:29:37.438+0000] {processor.py:186} INFO - Started process (PID=2522) to work on /opt/airflow/dags/urban_data_streaming_dag.py
[2026-07-01T16:29:37.441+0000] {processor.py:914} INFO - Processing file /opt/airflow/dags/urban_data_streaming_dag.py for tasks to queue
[2026-07-01T16:29:37.445+0000] {logging_mixin.py:190} INFO - [2026-07-01T16:29:37.445+0000] {dagbag.py:588} INFO - Filling up the DagBag from /opt/airflow/dags/urban_data_streaming_dag.py
[2026-07-01T16:29:37.488+0000] {processor.py:925} INFO - DAG(s) 'urban_data_streaming_demo' retrieved from /opt/airflow/dags/urban_data_streaming_dag.py
[2026-07-01T16:29:37.534+0000] {logging_mixin.py:190} INFO - [2026-07-01T16:29:37.534+0000] {dag.py:3239} INFO - Sync 1 DAGs
[2026-07-01T16:29:37.558+0000] {logging_mixin.py:190} INFO - [2026-07-01T16:29:37.558+0000] {dag.py:4180} INFO - Setting next_dagrun for urban_data_streaming_demo to None, run_after=None
[2026-07-01T16:29:37.593+0000] {processor.py:208} INFO - Processing /opt/airflow/dags/urban_data_streaming_dag.py took 0.175 seconds
[2026-07-01T16:30:07.815+0000] {processor.py:186} INFO - Started process (PID=2540) to work on /opt/airflow/dags/urban_data_streaming_dag.py
[2026-07-01T16:30:07.818+0000] {processor.py:914} INFO - Processing file /opt/airflow/dags/urban_data_streaming_dag.py for tasks to queue
[2026-07-01T16:30:07.823+0000] {logging_mixin.py:190} INFO - [2026-07-01T16:30:07.823+0000] {dagbag.py:588} INFO - Filling up the DagBag from /opt/airflow/dags/urban_data_streaming_dag.py
[2026-07-01T16:30:07.854+0000] {processor.py:925} INFO - DAG(s) 'urban_data_streaming_demo' retrieved from /opt/airflow/dags/urban_data_streaming_dag.py
[2026-07-01T16:30:07.894+0000] {logging_mixin.py:190} INFO - [2026-07-01T16:30:07.894+0000] {dag.py:3239} INFO - Sync 1 DAGs
[2026-07-01T16:30:07.911+0000] {logging_mixin.py:190} INFO - [2026-07-01T16:30:07.911+0000] {dag.py:4180} INFO - Setting next_dagrun for urban_data_streaming_demo to None, run_after=None
[2026-07-01T16:30:07.938+0000] {processor.py:208} INFO - Processing /opt/airflow/dags/urban_data_streaming_dag.py took 0.136 seconds
[2026-07-01T16:30:38.360+0000] {processor.py:186} INFO - Started process (PID=2558) to work on /opt/airflow/dags/urban_data_streaming_dag.py
[2026-07-01T16:30:38.362+0000] {processor.py:914} INFO - Processing file /opt/airflow/dags/urban_data_streaming_dag.py for tasks to queue
[2026-07-01T16:30:38.365+0000] {logging_mixin.py:190} INFO - [2026-07-01T16:30:38.364+0000] {dagbag.py:588} INFO - Filling up the DagBag from /opt/airflow/dags/urban_data_streaming_dag.py
[2026-07-01T16:30:38.402+0000] {processor.py:925} INFO - DAG(s) 'urban_data_streaming_demo' retrieved from /opt/airflow/dags/urban_data_streaming_dag.py
[2026-07-01T16:30:38.452+0000] {logging_mixin.py:190} INFO - [2026-07-01T16:30:38.452+0000] {dag.py:3239} INFO - Sync 1 DAGs
[2026-07-01T16:30:38.469+0000] {logging_mixin.py:190} INFO - [2026-07-01T16:30:38.469+0000] {dag.py:4180} INFO - Setting next_dagrun for urban_data_streaming_demo to None, run_after=None
[2026-07-01T16:30:38.505+0000] {processor.py:208} INFO - Processing /opt/airflow/dags/urban_data_streaming_dag.py took 0.152 seconds
[2026-07-01T16:31:08.935+0000] {processor.py:186} INFO - Started process (PID=2576) to work on /opt/airflow/dags/urban_data_streaming_dag.py
[2026-07-01T16:31:08.938+0000] {processor.py:914} INFO - Processing file /opt/airflow/dags/urban_data_streaming_dag.py for tasks to queue
[2026-07-01T16:31:08.947+0000] {logging_mixin.py:190} INFO - [2026-07-01T16:31:08.944+0000] {dagbag.py:588} INFO - Filling up the DagBag from /opt/airflow/dags/urban_data_streaming_dag.py
[2026-07-01T16:31:09.022+0000] {processor.py:925} INFO - DAG(s) 'urban_data_streaming_demo' retrieved from /opt/airflow/dags/urban_data_streaming_dag.py
[2026-07-01T16:31:09.106+0000] {logging_mixin.py:190} INFO - [2026-07-01T16:31:09.105+0000] {dag.py:3239} INFO - Sync 1 DAGs
[2026-07-01T16:31:09.158+0000] {logging_mixin.py:190} INFO - [2026-07-01T16:31:09.157+0000] {dag.py:4180} INFO - Setting next_dagrun for urban_data_streaming_demo to None, run_after=None
[2026-07-01T16:31:09.224+0000] {processor.py:208} INFO - Processing /opt/airflow/dags/urban_data_streaming_dag.py took 0.295 seconds
[2026-07-01T16:31:40.222+0000] {processor.py:186} INFO - Started process (PID=2594) to work on /opt/airflow/dags/urban_data_streaming_dag.py
[2026-07-01T16:31:40.226+0000] {processor.py:914} INFO - Processing file /opt/airflow/dags/urban_data_streaming_dag.py for tasks to queue
[2026-07-01T16:31:40.233+0000] {logging_mixin.py:190} INFO - [2026-07-01T16:31:40.232+0000] {dagbag.py:588} INFO - Filling up the DagBag from /opt/airflow/dags/urban_data_streaming_dag.py
[2026-07-01T16:31:40.330+0000] {processor.py:925} INFO - DAG(s) 'urban_data_streaming_demo' retrieved from /opt/airflow/dags/urban_data_streaming_dag.py
[2026-07-01T16:31:40.383+0000] {logging_mixin.py:190} INFO - [2026-07-01T16:31:40.383+0000] {dag.py:3239} INFO - Sync 1 DAGs
[2026-07-01T16:31:40.397+0000] {logging_mixin.py:190} INFO - [2026-07-01T16:31:40.397+0000] {dag.py:4180} INFO - Setting next_dagrun for urban_data_streaming_demo to None, run_after=None
[2026-07-01T16:31:40.428+0000] {processor.py:208} INFO - Processing /opt/airflow/dags/urban_data_streaming_dag.py took 0.228 seconds
[2026-07-01T16:32:10.884+0000] {processor.py:186} INFO - Started process (PID=2612) to work on /opt/airflow/dags/urban_data_streaming_dag.py
[2026-07-01T16:32:10.885+0000] {processor.py:914} INFO - Processing file /opt/airflow/dags/urban_data_streaming_dag.py for tasks to queue
[2026-07-01T16:32:10.888+0000] {logging_mixin.py:190} INFO - [2026-07-01T16:32:10.888+0000] {dagbag.py:588} INFO - Filling up the DagBag from /opt/airflow/dags/urban_data_streaming_dag.py
[2026-07-01T16:32:10.914+0000] {processor.py:925} INFO - DAG(s) 'urban_data_streaming_demo' retrieved from /opt/airflow/dags/urban_data_streaming_dag.py
[2026-07-01T16:32:10.952+0000] {logging_mixin.py:190} INFO - [2026-07-01T16:32:10.952+0000] {dag.py:3239} INFO - Sync 1 DAGs
[2026-07-01T16:32:10.967+0000] {logging_mixin.py:190} INFO - [2026-07-01T16:32:10.966+0000] {dag.py:4180} INFO - Setting next_dagrun for urban_data_streaming_demo to None, run_after=None
[2026-07-01T16:32:10.993+0000] {processor.py:208} INFO - Processing /opt/airflow/dags/urban_data_streaming_dag.py took 0.116 seconds
[2026-07-01T16:32:41.182+0000] {processor.py:186} INFO - Started process (PID=2629) to work on /opt/airflow/dags/urban_data_streaming_dag.py
[2026-07-01T16:32:41.184+0000] {processor.py:914} INFO - Processing file /opt/airflow/dags/urban_data_streaming_dag.py for tasks to queue
[2026-07-01T16:32:41.188+0000] {logging_mixin.py:190} INFO - [2026-07-01T16:32:41.187+0000] {dagbag.py:588} INFO - Filling up the DagBag from /opt/airflow/dags/urban_data_streaming_dag.py
[2026-07-01T16:32:41.224+0000] {processor.py:925} INFO - DAG(s) 'urban_data_streaming_demo' retrieved from /opt/airflow/dags/urban_data_streaming_dag.py
[2026-07-01T16:32:41.269+0000] {logging_mixin.py:190} INFO - [2026-07-01T16:32:41.269+0000] {dag.py:3239} INFO - Sync 1 DAGs
[2026-07-01T16:32:41.290+0000] {logging_mixin.py:190} INFO - [2026-07-01T16:32:41.290+0000] {dag.py:4180} INFO - Setting next_dagrun for urban_data_streaming_demo to None, run_after=None
[2026-07-01T16:32:41.320+0000] {processor.py:208} INFO - Processing /opt/airflow/dags/urban_data_streaming_dag.py took 0.147 seconds
[2026-07-01T16:33:12.116+0000] {processor.py:186} INFO - Started process (PID=2640) to work on /opt/airflow/dags/urban_data_streaming_dag.py
[2026-07-01T16:33:12.118+0000] {processor.py:914} INFO - Processing file /opt/airflow/dags/urban_data_streaming_dag.py for tasks to queue
[2026-07-01T16:33:12.123+0000] {logging_mixin.py:190} INFO - [2026-07-01T16:33:12.122+0000] {dagbag.py:588} INFO - Filling up the DagBag from /opt/airflow/dags/urban_data_streaming_dag.py
[2026-07-01T16:33:12.172+0000] {processor.py:925} INFO - DAG(s) 'urban_data_streaming_demo' retrieved from /opt/airflow/dags/urban_data_streaming_dag.py
[2026-07-01T16:33:12.205+0000] {logging_mixin.py:190} INFO - [2026-07-01T16:33:12.205+0000] {dag.py:3239} INFO - Sync 1 DAGs
[2026-07-01T16:33:12.221+0000] {logging_mixin.py:190} INFO - [2026-07-01T16:33:12.220+0000] {dag.py:4180} INFO - Setting next_dagrun for urban_data_streaming_demo to None, run_after=None
[2026-07-01T16:33:12.253+0000] {processor.py:208} INFO - Processing /opt/airflow/dags/urban_data_streaming_dag.py took 0.157 seconds
[2026-07-01T16:33:42.394+0000] {processor.py:186} INFO - Started process (PID=2658) to work on /opt/airflow/dags/urban_data_streaming_dag.py
[2026-07-01T16:33:42.396+0000] {processor.py:914} INFO - Processing file /opt/airflow/dags/urban_data_streaming_dag.py for tasks to queue
[2026-07-01T16:33:42.401+0000] {logging_mixin.py:190} INFO - [2026-07-01T16:33:42.400+0000] {dagbag.py:588} INFO - Filling up the DagBag from /opt/airflow/dags/urban_data_streaming_dag.py
[2026-07-01T16:33:42.450+0000] {processor.py:925} INFO - DAG(s) 'urban_data_streaming_demo' retrieved from /opt/airflow/dags/urban_data_streaming_dag.py
[2026-07-01T16:33:42.505+0000] {logging_mixin.py:190} INFO - [2026-07-01T16:33:42.505+0000] {dag.py:3239} INFO - Sync 1 DAGs
[2026-07-01T16:33:42.544+0000] {logging_mixin.py:190} INFO - [2026-07-01T16:33:42.544+0000] {dag.py:4180} INFO - Setting next_dagrun for urban_data_streaming_demo to None, run_after=None
[2026-07-01T16:33:42.584+0000] {processor.py:208} INFO - Processing /opt/airflow/dags/urban_data_streaming_dag.py took 0.202 seconds
[2026-07-01T16:34:13.235+0000] {processor.py:186} INFO - Started process (PID=2676) to work on /opt/airflow/dags/urban_data_streaming_dag.py
[2026-07-01T16:34:13.236+0000] {processor.py:914} INFO - Processing file /opt/airflow/dags/urban_data_streaming_dag.py for tasks to queue
[2026-07-01T16:34:13.240+0000] {logging_mixin.py:190} INFO - [2026-07-01T16:34:13.239+0000] {dagbag.py:588} INFO - Filling up the DagBag from /opt/airflow/dags/urban_data_streaming_dag.py
[2026-07-01T16:34:13.268+0000] {processor.py:925} INFO - DAG(s) 'urban_data_streaming_demo' retrieved from /opt/airflow/dags/urban_data_streaming_dag.py
[2026-07-01T16:34:13.314+0000] {logging_mixin.py:190} INFO - [2026-07-01T16:34:13.313+0000] {dag.py:3239} INFO - Sync 1 DAGs
[2026-07-01T16:34:13.332+0000] {logging_mixin.py:190} INFO - [2026-07-01T16:34:13.331+0000] {dag.py:4180} INFO - Setting next_dagrun for urban_data_streaming_demo to None, run_after=None
[2026-07-01T16:34:13.418+0000] {processor.py:208} INFO - Processing /opt/airflow/dags/urban_data_streaming_dag.py took 0.189 seconds
[2026-07-01T16:34:43.692+0000] {processor.py:186} INFO - Started process (PID=2694) to work on /opt/airflow/dags/urban_data_streaming_dag.py
[2026-07-01T16:34:43.695+0000] {processor.py:914} INFO - Processing file /opt/airflow/dags/urban_data_streaming_dag.py for tasks to queue
[2026-07-01T16:34:43.700+0000] {logging_mixin.py:190} INFO - [2026-07-01T16:34:43.699+0000] {dagbag.py:588} INFO - Filling up the DagBag from /opt/airflow/dags/urban_data_streaming_dag.py
[2026-07-01T16:34:43.879+0000] {processor.py:925} INFO - DAG(s) 'urban_data_streaming_demo' retrieved from /opt/airflow/dags/urban_data_streaming_dag.py
[2026-07-01T16:34:43.951+0000] {logging_mixin.py:190} INFO - [2026-07-01T16:34:43.951+0000] {dag.py:3239} INFO - Sync 1 DAGs
[2026-07-01T16:34:43.966+0000] {logging_mixin.py:190} INFO - [2026-07-01T16:34:43.966+0000] {dag.py:4180} INFO - Setting next_dagrun for urban_data_streaming_demo to None, run_after=None
[2026-07-01T16:34:43.989+0000] {processor.py:208} INFO - Processing /opt/airflow/dags/urban_data_streaming_dag.py took 0.313 seconds
[2026-07-01T16:35:14.352+0000] {processor.py:186} INFO - Started process (PID=2712) to work on /opt/airflow/dags/urban_data_streaming_dag.py
[2026-07-01T16:35:14.353+0000] {processor.py:914} INFO - Processing file /opt/airflow/dags/urban_data_streaming_dag.py for tasks to queue
[2026-07-01T16:35:14.357+0000] {logging_mixin.py:190} INFO - [2026-07-01T16:35:14.357+0000] {dagbag.py:588} INFO - Filling up the DagBag from /opt/airflow/dags/urban_data_streaming_dag.py
[2026-07-01T16:35:14.382+0000] {processor.py:925} INFO - DAG(s) 'urban_data_streaming_demo' retrieved from /opt/airflow/dags/urban_data_streaming_dag.py
[2026-07-01T16:35:14.417+0000] {logging_mixin.py:190} INFO - [2026-07-01T16:35:14.417+0000] {dag.py:3239} INFO - Sync 1 DAGs
[2026-07-01T16:35:14.435+0000] {logging_mixin.py:190} INFO - [2026-07-01T16:35:14.435+0000] {dag.py:4180} INFO - Setting next_dagrun for urban_data_streaming_demo to None, run_after=None
[2026-07-01T16:35:14.464+0000] {processor.py:208} INFO - Processing /opt/airflow/dags/urban_data_streaming_dag.py took 0.118 seconds
[2026-07-01T16:35:45.039+0000] {processor.py:186} INFO - Started process (PID=2730) to work on /opt/airflow/dags/urban_data_streaming_dag.py
[2026-07-01T16:35:45.041+0000] {processor.py:914} INFO - Processing file /opt/airflow/dags/urban_data_streaming_dag.py for tasks to queue
[2026-07-01T16:35:45.046+0000] {logging_mixin.py:190} INFO - [2026-07-01T16:35:45.046+0000] {dagbag.py:588} INFO - Filling up the DagBag from /opt/airflow/dags/urban_data_streaming_dag.py
[2026-07-01T16:35:45.088+0000] {processor.py:925} INFO - DAG(s) 'urban_data_streaming_demo' retrieved from /opt/airflow/dags/urban_data_streaming_dag.py
[2026-07-01T16:35:45.120+0000] {logging_mixin.py:190} INFO - [2026-07-01T16:35:45.120+0000] {dag.py:3239} INFO - Sync 1 DAGs
[2026-07-01T16:35:45.134+0000] {logging_mixin.py:190} INFO - [2026-07-01T16:35:45.134+0000] {dag.py:4180} INFO - Setting next_dagrun for urban_data_streaming_demo to None, run_after=None
[2026-07-01T16:35:45.160+0000] {processor.py:208} INFO - Processing /opt/airflow/dags/urban_data_streaming_dag.py took 0.136 seconds
[2026-07-01T16:36:16.236+0000] {processor.py:186} INFO - Started process (PID=2748) to work on /opt/airflow/dags/urban_data_streaming_dag.py
[2026-07-01T16:36:16.238+0000] {processor.py:914} INFO - Processing file /opt/airflow/dags/urban_data_streaming_dag.py for tasks to queue
[2026-07-01T16:36:16.242+0000] {logging_mixin.py:190} INFO - [2026-07-01T16:36:16.241+0000] {dagbag.py:588} INFO - Filling up the DagBag from /opt/airflow/dags/urban_data_streaming_dag.py
[2026-07-01T16:36:16.282+0000] {processor.py:925} INFO - DAG(s) 'urban_data_streaming_demo' retrieved from /opt/airflow/dags/urban_data_streaming_dag.py
[2026-07-01T16:36:16.341+0000] {logging_mixin.py:190} INFO - [2026-07-01T16:36:16.340+0000] {dag.py:3239} INFO - Sync 1 DAGs
[2026-07-01T16:36:16.357+0000] {logging_mixin.py:190} INFO - [2026-07-01T16:36:16.357+0000] {dag.py:4180} INFO - Setting next_dagrun for urban_data_streaming_demo to None, run_after=None
[2026-07-01T16:36:16.383+0000] {processor.py:208} INFO - Processing /opt/airflow/dags/urban_data_streaming_dag.py took 0.157 seconds
[2026-07-01T16:36:47.040+0000] {processor.py:186} INFO - Started process (PID=2766) to work on /opt/airflow/dags/urban_data_streaming_dag.py
[2026-07-01T16:36:47.042+0000] {processor.py:914} INFO - Processing file /opt/airflow/dags/urban_data_streaming_dag.py for tasks to queue
[2026-07-01T16:36:47.045+0000] {logging_mixin.py:190} INFO - [2026-07-01T16:36:47.045+0000] {dagbag.py:588} INFO - Filling up the DagBag from /opt/airflow/dags/urban_data_streaming_dag.py
[2026-07-01T16:36:47.082+0000] {processor.py:925} INFO - DAG(s) 'urban_data_streaming_demo' retrieved from /opt/airflow/dags/urban_data_streaming_dag.py
[2026-07-01T16:36:47.126+0000] {logging_mixin.py:190} INFO - [2026-07-01T16:36:47.126+0000] {dag.py:3239} INFO - Sync 1 DAGs
[2026-07-01T16:36:47.144+0000] {logging_mixin.py:190} INFO - [2026-07-01T16:36:47.143+0000] {dag.py:4180} INFO - Setting next_dagrun for urban_data_streaming_demo to None, run_after=None
[2026-07-01T16:36:47.183+0000] {processor.py:208} INFO - Processing /opt/airflow/dags/urban_data_streaming_dag.py took 0.150 seconds
[2026-07-01T16:37:17.796+0000] {processor.py:186} INFO - Started process (PID=2784) to work on /opt/airflow/dags/urban_data_streaming_dag.py
[2026-07-01T16:37:17.797+0000] {processor.py:914} INFO - Processing file /opt/airflow/dags/urban_data_streaming_dag.py for tasks to queue
[2026-07-01T16:37:17.804+0000] {logging_mixin.py:190} INFO - [2026-07-01T16:37:17.803+0000] {dagbag.py:588} INFO - Filling up the DagBag from /opt/airflow/dags/urban_data_streaming_dag.py
[2026-07-01T16:37:17.848+0000] {processor.py:925} INFO - DAG(s) 'urban_data_streaming_demo' retrieved from /opt/airflow/dags/urban_data_streaming_dag.py
[2026-07-01T16:37:17.887+0000] {logging_mixin.py:190} INFO - [2026-07-01T16:37:17.887+0000] {dag.py:3239} INFO - Sync 1 DAGs
[2026-07-01T16:37:17.902+0000] {logging_mixin.py:190} INFO - [2026-07-01T16:37:17.902+0000] {dag.py:4180} INFO - Setting next_dagrun for urban_data_streaming_demo to None, run_after=None
[2026-07-01T16:37:17.926+0000] {processor.py:208} INFO - Processing /opt/airflow/dags/urban_data_streaming_dag.py took 0.141 seconds
[2026-07-01T16:37:48.464+0000] {processor.py:186} INFO - Started process (PID=2801) to work on /opt/airflow/dags/urban_data_streaming_dag.py
[2026-07-01T16:37:48.466+0000] {processor.py:914} INFO - Processing file /opt/airflow/dags/urban_data_streaming_dag.py for tasks to queue
[2026-07-01T16:37:48.479+0000] {logging_mixin.py:190} INFO - [2026-07-01T16:37:48.478+0000] {dagbag.py:588} INFO - Filling up the DagBag from /opt/airflow/dags/urban_data_streaming_dag.py
[2026-07-01T16:37:48.522+0000] {processor.py:925} INFO - DAG(s) 'urban_data_streaming_demo' retrieved from /opt/airflow/dags/urban_data_streaming_dag.py
[2026-07-01T16:37:48.560+0000] {logging_mixin.py:190} INFO - [2026-07-01T16:37:48.559+0000] {dag.py:3239} INFO - Sync 1 DAGs
[2026-07-01T16:37:48.577+0000] {logging_mixin.py:190} INFO - [2026-07-01T16:37:48.576+0000] {dag.py:4180} INFO - Setting next_dagrun for urban_data_streaming_demo to None, run_after=None
[2026-07-01T16:37:48.605+0000] {processor.py:208} INFO - Processing /opt/airflow/dags/urban_data_streaming_dag.py took 0.148 seconds
[2026-07-01T16:38:18.990+0000] {processor.py:186} INFO - Started process (PID=2812) to work on /opt/airflow/dags/urban_data_streaming_dag.py
[2026-07-01T16:38:18.992+0000] {processor.py:914} INFO - Processing file /opt/airflow/dags/urban_data_streaming_dag.py for tasks to queue
[2026-07-01T16:38:19.003+0000] {logging_mixin.py:190} INFO - [2026-07-01T16:38:19.002+0000] {dagbag.py:588} INFO - Filling up the DagBag from /opt/airflow/dags/urban_data_streaming_dag.py
[2026-07-01T16:38:19.050+0000] {processor.py:925} INFO - DAG(s) 'urban_data_streaming_demo' retrieved from /opt/airflow/dags/urban_data_streaming_dag.py
[2026-07-01T16:38:19.088+0000] {logging_mixin.py:190} INFO - [2026-07-01T16:38:19.088+0000] {dag.py:3239} INFO - Sync 1 DAGs
[2026-07-01T16:38:19.104+0000] {logging_mixin.py:190} INFO - [2026-07-01T16:38:19.104+0000] {dag.py:4180} INFO - Setting next_dagrun for urban_data_streaming_demo to None, run_after=None
[2026-07-01T16:38:19.131+0000] {processor.py:208} INFO - Processing /opt/airflow/dags/urban_data_streaming_dag.py took 0.172 seconds
[2026-07-01T16:38:49.824+0000] {processor.py:186} INFO - Started process (PID=2830) to work on /opt/airflow/dags/urban_data_streaming_dag.py
[2026-07-01T16:38:49.826+0000] {processor.py:914} INFO - Processing file /opt/airflow/dags/urban_data_streaming_dag.py for tasks to queue
[2026-07-01T16:38:49.832+0000] {logging_mixin.py:190} INFO - [2026-07-01T16:38:49.831+0000] {dagbag.py:588} INFO - Filling up the DagBag from /opt/airflow/dags/urban_data_streaming_dag.py
[2026-07-01T16:38:49.860+0000] {processor.py:925} INFO - DAG(s) 'urban_data_streaming_demo' retrieved from /opt/airflow/dags/urban_data_streaming_dag.py
[2026-07-01T16:38:49.906+0000] {logging_mixin.py:190} INFO - [2026-07-01T16:38:49.906+0000] {dag.py:3239} INFO - Sync 1 DAGs
[2026-07-01T16:38:49.926+0000] {logging_mixin.py:190} INFO - [2026-07-01T16:38:49.926+0000] {dag.py:4180} INFO - Setting next_dagrun for urban_data_streaming_demo to None, run_after=None
[2026-07-01T16:38:49.967+0000] {processor.py:208} INFO - Processing /opt/airflow/dags/urban_data_streaming_dag.py took 0.150 seconds
[2026-07-01T16:39:20.174+0000] {processor.py:186} INFO - Started process (PID=2848) to work on /opt/airflow/dags/urban_data_streaming_dag.py
[2026-07-01T16:39:20.176+0000] {processor.py:914} INFO - Processing file /opt/airflow/dags/urban_data_streaming_dag.py for tasks to queue
[2026-07-01T16:39:20.179+0000] {logging_mixin.py:190} INFO - [2026-07-01T16:39:20.178+0000] {dagbag.py:588} INFO - Filling up the DagBag from /opt/airflow/dags/urban_data_streaming_dag.py
[2026-07-01T16:39:20.213+0000] {processor.py:925} INFO - DAG(s) 'urban_data_streaming_demo' retrieved from /opt/airflow/dags/urban_data_streaming_dag.py
[2026-07-01T16:39:20.247+0000] {logging_mixin.py:190} INFO - [2026-07-01T16:39:20.247+0000] {dag.py:3239} INFO - Sync 1 DAGs
[2026-07-01T16:39:20.264+0000] {logging_mixin.py:190} INFO - [2026-07-01T16:39:20.264+0000] {dag.py:4180} INFO - Setting next_dagrun for urban_data_streaming_demo to None, run_after=None
[2026-07-01T16:39:20.290+0000] {processor.py:208} INFO - Processing /opt/airflow/dags/urban_data_streaming_dag.py took 0.125 seconds
[2026-07-01T16:39:50.780+0000] {processor.py:186} INFO - Started process (PID=2866) to work on /opt/airflow/dags/urban_data_streaming_dag.py
[2026-07-01T16:39:50.782+0000] {processor.py:914} INFO - Processing file /opt/airflow/dags/urban_data_streaming_dag.py for tasks to queue
[2026-07-01T16:39:50.785+0000] {logging_mixin.py:190} INFO - [2026-07-01T16:39:50.785+0000] {dagbag.py:588} INFO - Filling up the DagBag from /opt/airflow/dags/urban_data_streaming_dag.py
[2026-07-01T16:39:50.839+0000] {processor.py:925} INFO - DAG(s) 'urban_data_streaming_demo' retrieved from /opt/airflow/dags/urban_data_streaming_dag.py
[2026-07-01T16:39:50.902+0000] {logging_mixin.py:190} INFO - [2026-07-01T16:39:50.902+0000] {dag.py:3239} INFO - Sync 1 DAGs
[2026-07-01T16:39:50.920+0000] {logging_mixin.py:190} INFO - [2026-07-01T16:39:50.919+0000] {dag.py:4180} INFO - Setting next_dagrun for urban_data_streaming_demo to None, run_after=None
[2026-07-01T16:39:50.951+0000] {processor.py:208} INFO - Processing /opt/airflow/dags/urban_data_streaming_dag.py took 0.185 seconds
[2026-07-01T16:40:21.279+0000] {processor.py:186} INFO - Started process (PID=2884) to work on /opt/airflow/dags/urban_data_streaming_dag.py
[2026-07-01T16:40:21.284+0000] {processor.py:914} INFO - Processing file /opt/airflow/dags/urban_data_streaming_dag.py for tasks to queue
[2026-07-01T16:40:21.297+0000] {logging_mixin.py:190} INFO - [2026-07-01T16:40:21.296+0000] {dagbag.py:588} INFO - Filling up the DagBag from /opt/airflow/dags/urban_data_streaming_dag.py
[2026-07-01T16:40:21.336+0000] {processor.py:925} INFO - DAG(s) 'urban_data_streaming_demo' retrieved from /opt/airflow/dags/urban_data_streaming_dag.py
[2026-07-01T16:40:21.373+0000] {logging_mixin.py:190} INFO - [2026-07-01T16:40:21.373+0000] {dag.py:3239} INFO - Sync 1 DAGs
[2026-07-01T16:40:21.391+0000] {logging_mixin.py:190} INFO - [2026-07-01T16:40:21.391+0000] {dag.py:4180} INFO - Setting next_dagrun for urban_data_streaming_demo to None, run_after=None
[2026-07-01T16:40:21.469+0000] {processor.py:208} INFO - Processing /opt/airflow/dags/urban_data_streaming_dag.py took 0.206 seconds
[2026-07-01T16:40:52.441+0000] {processor.py:186} INFO - Started process (PID=2902) to work on /opt/airflow/dags/urban_data_streaming_dag.py
[2026-07-01T16:40:52.442+0000] {processor.py:914} INFO - Processing file /opt/airflow/dags/urban_data_streaming_dag.py for tasks to queue
[2026-07-01T16:40:52.445+0000] {logging_mixin.py:190} INFO - [2026-07-01T16:40:52.444+0000] {dagbag.py:588} INFO - Filling up the DagBag from /opt/airflow/dags/urban_data_streaming_dag.py
[2026-07-01T16:40:52.472+0000] {processor.py:925} INFO - DAG(s) 'urban_data_streaming_demo' retrieved from /opt/airflow/dags/urban_data_streaming_dag.py
[2026-07-01T16:40:52.512+0000] {logging_mixin.py:190} INFO - [2026-07-01T16:40:52.512+0000] {dag.py:3239} INFO - Sync 1 DAGs
[2026-07-01T16:40:52.530+0000] {logging_mixin.py:190} INFO - [2026-07-01T16:40:52.529+0000] {dag.py:4180} INFO - Setting next_dagrun for urban_data_streaming_demo to None, run_after=None
[2026-07-01T16:40:52.562+0000] {processor.py:208} INFO - Processing /opt/airflow/dags/urban_data_streaming_dag.py took 0.129 seconds
[2026-07-01T16:41:22.810+0000] {processor.py:186} INFO - Started process (PID=2920) to work on /opt/airflow/dags/urban_data_streaming_dag.py
[2026-07-01T16:41:22.811+0000] {processor.py:914} INFO - Processing file /opt/airflow/dags/urban_data_streaming_dag.py for tasks to queue
[2026-07-01T16:41:22.816+0000] {logging_mixin.py:190} INFO - [2026-07-01T16:41:22.816+0000] {dagbag.py:588} INFO - Filling up the DagBag from /opt/airflow/dags/urban_data_streaming_dag.py
[2026-07-01T16:41:22.845+0000] {processor.py:925} INFO - DAG(s) 'urban_data_streaming_demo' retrieved from /opt/airflow/dags/urban_data_streaming_dag.py
[2026-07-01T16:41:22.883+0000] {logging_mixin.py:190} INFO - [2026-07-01T16:41:22.882+0000] {dag.py:3239} INFO - Sync 1 DAGs
[2026-07-01T16:41:22.898+0000] {logging_mixin.py:190} INFO - [2026-07-01T16:41:22.898+0000] {dag.py:4180} INFO - Setting next_dagrun for urban_data_streaming_demo to None, run_after=None
[2026-07-01T16:41:22.924+0000] {processor.py:208} INFO - Processing /opt/airflow/dags/urban_data_streaming_dag.py took 0.125 seconds
[2026-07-01T16:41:53.186+0000] {processor.py:186} INFO - Started process (PID=2943) to work on /opt/airflow/dags/urban_data_streaming_dag.py
[2026-07-01T16:41:53.188+0000] {processor.py:914} INFO - Processing file /opt/airflow/dags/urban_data_streaming_dag.py for tasks to queue
[2026-07-01T16:41:53.191+0000] {logging_mixin.py:190} INFO - [2026-07-01T16:41:53.191+0000] {dagbag.py:588} INFO - Filling up the DagBag from /opt/airflow/dags/urban_data_streaming_dag.py
[2026-07-01T16:41:53.243+0000] {processor.py:925} INFO - DAG(s) 'urban_data_streaming_demo' retrieved from /opt/airflow/dags/urban_data_streaming_dag.py
[2026-07-01T16:41:53.311+0000] {logging_mixin.py:190} INFO - [2026-07-01T16:41:53.311+0000] {dag.py:3239} INFO - Sync 1 DAGs
[2026-07-01T16:41:53.331+0000] {logging_mixin.py:190} INFO - [2026-07-01T16:41:53.331+0000] {dag.py:4180} INFO - Setting next_dagrun for urban_data_streaming_demo to None, run_after=None
[2026-07-01T16:41:53.399+0000] {processor.py:208} INFO - Processing /opt/airflow/dags/urban_data_streaming_dag.py took 0.223 seconds
[2026-07-01T16:42:13.064+0000] {processor.py:186} INFO - Started process (PID=2953) to work on /opt/airflow/dags/urban_data_streaming_dag.py
[2026-07-01T16:42:13.066+0000] {processor.py:914} INFO - Processing file /opt/airflow/dags/urban_data_streaming_dag.py for tasks to queue
[2026-07-01T16:42:13.069+0000] {logging_mixin.py:190} INFO - [2026-07-01T16:42:13.069+0000] {dagbag.py:588} INFO - Filling up the DagBag from /opt/airflow/dags/urban_data_streaming_dag.py
[2026-07-01T16:42:13.241+0000] {processor.py:925} INFO - DAG(s) 'urban_data_streaming_demo' retrieved from /opt/airflow/dags/urban_data_streaming_dag.py
[2026-07-01T16:42:13.481+0000] {logging_mixin.py:190} INFO - [2026-07-01T16:42:13.481+0000] {dag.py:3239} INFO - Sync 1 DAGs
[2026-07-01T16:42:13.495+0000] {logging_mixin.py:190} INFO - [2026-07-01T16:42:13.494+0000] {dag.py:4180} INFO - Setting next_dagrun for urban_data_streaming_demo to None, run_after=None
[2026-07-01T16:42:13.585+0000] {processor.py:208} INFO - Processing /opt/airflow/dags/urban_data_streaming_dag.py took 0.535 seconds
[2026-07-01T16:42:43.884+0000] {processor.py:186} INFO - Started process (PID=3000) to work on /opt/airflow/dags/urban_data_streaming_dag.py
[2026-07-01T16:42:43.888+0000] {processor.py:914} INFO - Processing file /opt/airflow/dags/urban_data_streaming_dag.py for tasks to queue
[2026-07-01T16:42:43.893+0000] {logging_mixin.py:190} INFO - [2026-07-01T16:42:43.892+0000] {dagbag.py:588} INFO - Filling up the DagBag from /opt/airflow/dags/urban_data_streaming_dag.py
[2026-07-01T16:42:43.937+0000] {processor.py:925} INFO - DAG(s) 'urban_data_streaming_demo' retrieved from /opt/airflow/dags/urban_data_streaming_dag.py
[2026-07-01T16:42:43.979+0000] {logging_mixin.py:190} INFO - [2026-07-01T16:42:43.978+0000] {dag.py:3239} INFO - Sync 1 DAGs
[2026-07-01T16:42:44.010+0000] {logging_mixin.py:190} INFO - [2026-07-01T16:42:44.009+0000] {dag.py:4180} INFO - Setting next_dagrun for urban_data_streaming_demo to None, run_after=None
[2026-07-01T16:42:44.069+0000] {processor.py:208} INFO - Processing /opt/airflow/dags/urban_data_streaming_dag.py took 0.202 seconds
[2026-07-01T16:43:14.841+0000] {processor.py:186} INFO - Started process (PID=3074) to work on /opt/airflow/dags/urban_data_streaming_dag.py
[2026-07-01T16:43:14.843+0000] {processor.py:914} INFO - Processing file /opt/airflow/dags/urban_data_streaming_dag.py for tasks to queue
[2026-07-01T16:43:14.846+0000] {logging_mixin.py:190} INFO - [2026-07-01T16:43:14.846+0000] {dagbag.py:588} INFO - Filling up the DagBag from /opt/airflow/dags/urban_data_streaming_dag.py
[2026-07-01T16:43:14.871+0000] {processor.py:925} INFO - DAG(s) 'urban_data_streaming_demo' retrieved from /opt/airflow/dags/urban_data_streaming_dag.py
[2026-07-01T16:43:14.916+0000] {logging_mixin.py:190} INFO - [2026-07-01T16:43:14.916+0000] {dag.py:3239} INFO - Sync 1 DAGs
[2026-07-01T16:43:14.935+0000] {logging_mixin.py:190} INFO - [2026-07-01T16:43:14.935+0000] {dag.py:4180} INFO - Setting next_dagrun for urban_data_streaming_demo to None, run_after=None
[2026-07-01T16:43:14.976+0000] {processor.py:208} INFO - Processing /opt/airflow/dags/urban_data_streaming_dag.py took 0.142 seconds
[2026-07-01T16:43:45.266+0000] {processor.py:186} INFO - Started process (PID=3092) to work on /opt/airflow/dags/urban_data_streaming_dag.py
[2026-07-01T16:43:45.271+0000] {processor.py:914} INFO - Processing file /opt/airflow/dags/urban_data_streaming_dag.py for tasks to queue
[2026-07-01T16:43:45.280+0000] {logging_mixin.py:190} INFO - [2026-07-01T16:43:45.280+0000] {dagbag.py:588} INFO - Filling up the DagBag from /opt/airflow/dags/urban_data_streaming_dag.py
[2026-07-01T16:43:45.316+0000] {processor.py:925} INFO - DAG(s) 'urban_data_streaming_demo' retrieved from /opt/airflow/dags/urban_data_streaming_dag.py
[2026-07-01T16:43:45.366+0000] {logging_mixin.py:190} INFO - [2026-07-01T16:43:45.366+0000] {dag.py:3239} INFO - Sync 1 DAGs
[2026-07-01T16:43:45.386+0000] {logging_mixin.py:190} INFO - [2026-07-01T16:43:45.386+0000] {dag.py:4180} INFO - Setting next_dagrun for urban_data_streaming_demo to None, run_after=None
[2026-07-01T16:43:45.437+0000] {processor.py:208} INFO - Processing /opt/airflow/dags/urban_data_streaming_dag.py took 0.189 seconds
[2026-07-01T16:44:15.823+0000] {processor.py:186} INFO - Started process (PID=3110) to work on /opt/airflow/dags/urban_data_streaming_dag.py
[2026-07-01T16:44:15.826+0000] {processor.py:914} INFO - Processing file /opt/airflow/dags/urban_data_streaming_dag.py for tasks to queue
[2026-07-01T16:44:15.829+0000] {logging_mixin.py:190} INFO - [2026-07-01T16:44:15.829+0000] {dagbag.py:588} INFO - Filling up the DagBag from /opt/airflow/dags/urban_data_streaming_dag.py
[2026-07-01T16:44:15.862+0000] {processor.py:925} INFO - DAG(s) 'urban_data_streaming_demo' retrieved from /opt/airflow/dags/urban_data_streaming_dag.py
[2026-07-01T16:44:15.941+0000] {logging_mixin.py:190} INFO - [2026-07-01T16:44:15.941+0000] {dag.py:3239} INFO - Sync 1 DAGs
[2026-07-01T16:44:15.988+0000] {logging_mixin.py:190} INFO - [2026-07-01T16:44:15.987+0000] {dag.py:4180} INFO - Setting next_dagrun for urban_data_streaming_demo to None, run_after=None
[2026-07-01T16:44:16.049+0000] {processor.py:208} INFO - Processing /opt/airflow/dags/urban_data_streaming_dag.py took 0.242 seconds
[2026-07-01T16:44:46.134+0000] {processor.py:186} INFO - Started process (PID=3128) to work on /opt/airflow/dags/urban_data_streaming_dag.py
[2026-07-01T16:44:46.135+0000] {processor.py:914} INFO - Processing file /opt/airflow/dags/urban_data_streaming_dag.py for tasks to queue
[2026-07-01T16:44:46.138+0000] {logging_mixin.py:190} INFO - [2026-07-01T16:44:46.138+0000] {dagbag.py:588} INFO - Filling up the DagBag from /opt/airflow/dags/urban_data_streaming_dag.py
[2026-07-01T16:44:46.163+0000] {processor.py:925} INFO - DAG(s) 'urban_data_streaming_demo' retrieved from /opt/airflow/dags/urban_data_streaming_dag.py
[2026-07-01T16:44:46.208+0000] {logging_mixin.py:190} INFO - [2026-07-01T16:44:46.208+0000] {dag.py:3239} INFO - Sync 1 DAGs
[2026-07-01T16:44:46.226+0000] {logging_mixin.py:190} INFO - [2026-07-01T16:44:46.226+0000] {dag.py:4180} INFO - Setting next_dagrun for urban_data_streaming_demo to None, run_after=None
[2026-07-01T16:44:46.292+0000] {processor.py:208} INFO - Processing /opt/airflow/dags/urban_data_streaming_dag.py took 0.166 seconds
[2026-07-01T16:45:17.111+0000] {processor.py:186} INFO - Started process (PID=3146) to work on /opt/airflow/dags/urban_data_streaming_dag.py
[2026-07-01T16:45:17.113+0000] {processor.py:914} INFO - Processing file /opt/airflow/dags/urban_data_streaming_dag.py for tasks to queue
[2026-07-01T16:45:17.116+0000] {logging_mixin.py:190} INFO - [2026-07-01T16:45:17.116+0000] {dagbag.py:588} INFO - Filling up the DagBag from /opt/airflow/dags/urban_data_streaming_dag.py
[2026-07-01T16:45:17.155+0000] {processor.py:925} INFO - DAG(s) 'urban_data_streaming_demo' retrieved from /opt/airflow/dags/urban_data_streaming_dag.py
[2026-07-01T16:45:17.188+0000] {logging_mixin.py:190} INFO - [2026-07-01T16:45:17.188+0000] {dag.py:3239} INFO - Sync 1 DAGs
[2026-07-01T16:45:17.204+0000] {logging_mixin.py:190} INFO - [2026-07-01T16:45:17.204+0000] {dag.py:4180} INFO - Setting next_dagrun for urban_data_streaming_demo to None, run_after=None
[2026-07-01T16:45:17.252+0000] {processor.py:208} INFO - Processing /opt/airflow/dags/urban_data_streaming_dag.py took 0.150 seconds
[2026-07-01T16:45:47.906+0000] {processor.py:186} INFO - Started process (PID=3163) to work on /opt/airflow/dags/urban_data_streaming_dag.py
[2026-07-01T16:45:47.907+0000] {processor.py:914} INFO - Processing file /opt/airflow/dags/urban_data_streaming_dag.py for tasks to queue
[2026-07-01T16:45:47.910+0000] {logging_mixin.py:190} INFO - [2026-07-01T16:45:47.910+0000] {dagbag.py:588} INFO - Filling up the DagBag from /opt/airflow/dags/urban_data_streaming_dag.py
[2026-07-01T16:45:47.946+0000] {processor.py:925} INFO - DAG(s) 'urban_data_streaming_demo' retrieved from /opt/airflow/dags/urban_data_streaming_dag.py
[2026-07-01T16:45:47.982+0000] {logging_mixin.py:190} INFO - [2026-07-01T16:45:47.982+0000] {dag.py:3239} INFO - Sync 1 DAGs
[2026-07-01T16:45:48.002+0000] {logging_mixin.py:190} INFO - [2026-07-01T16:45:48.002+0000] {dag.py:4180} INFO - Setting next_dagrun for urban_data_streaming_demo to None, run_after=None
[2026-07-01T16:45:48.038+0000] {processor.py:208} INFO - Processing /opt/airflow/dags/urban_data_streaming_dag.py took 0.140 seconds
[2026-07-01T16:46:18.274+0000] {processor.py:186} INFO - Started process (PID=3174) to work on /opt/airflow/dags/urban_data_streaming_dag.py
[2026-07-01T16:46:18.278+0000] {processor.py:914} INFO - Processing file /opt/airflow/dags/urban_data_streaming_dag.py for tasks to queue
[2026-07-01T16:46:18.286+0000] {logging_mixin.py:190} INFO - [2026-07-01T16:46:18.284+0000] {dagbag.py:588} INFO - Filling up the DagBag from /opt/airflow/dags/urban_data_streaming_dag.py
[2026-07-01T16:46:18.382+0000] {processor.py:925} INFO - DAG(s) 'urban_data_streaming_demo' retrieved from /opt/airflow/dags/urban_data_streaming_dag.py
[2026-07-01T16:46:18.419+0000] {logging_mixin.py:190} INFO - [2026-07-01T16:46:18.419+0000] {dag.py:3239} INFO - Sync 1 DAGs
[2026-07-01T16:46:18.435+0000] {logging_mixin.py:190} INFO - [2026-07-01T16:46:18.435+0000] {dag.py:4180} INFO - Setting next_dagrun for urban_data_streaming_demo to None, run_after=None
[2026-07-01T16:46:18.470+0000] {processor.py:208} INFO - Processing /opt/airflow/dags/urban_data_streaming_dag.py took 0.223 seconds
[2026-07-01T16:46:48.727+0000] {processor.py:186} INFO - Started process (PID=3221) to work on /opt/airflow/dags/urban_data_streaming_dag.py
[2026-07-01T16:46:48.733+0000] {processor.py:914} INFO - Processing file /opt/airflow/dags/urban_data_streaming_dag.py for tasks to queue
[2026-07-01T16:46:48.738+0000] {logging_mixin.py:190} INFO - [2026-07-01T16:46:48.738+0000] {dagbag.py:588} INFO - Filling up the DagBag from /opt/airflow/dags/urban_data_streaming_dag.py
[2026-07-01T16:46:48.795+0000] {processor.py:925} INFO - DAG(s) 'urban_data_streaming_demo' retrieved from /opt/airflow/dags/urban_data_streaming_dag.py
[2026-07-01T16:46:48.842+0000] {logging_mixin.py:190} INFO - [2026-07-01T16:46:48.841+0000] {dag.py:3239} INFO - Sync 1 DAGs
[2026-07-01T16:46:48.861+0000] {logging_mixin.py:190} INFO - [2026-07-01T16:46:48.861+0000] {dag.py:4180} INFO - Setting next_dagrun for urban_data_streaming_demo to None, run_after=None
[2026-07-01T16:46:48.894+0000] {processor.py:208} INFO - Processing /opt/airflow/dags/urban_data_streaming_dag.py took 0.186 seconds
[2026-07-01T16:47:19.649+0000] {processor.py:186} INFO - Started process (PID=3273) to work on /opt/airflow/dags/urban_data_streaming_dag.py
[2026-07-01T16:47:19.651+0000] {processor.py:914} INFO - Processing file /opt/airflow/dags/urban_data_streaming_dag.py for tasks to queue
[2026-07-01T16:47:19.656+0000] {logging_mixin.py:190} INFO - [2026-07-01T16:47:19.655+0000] {dagbag.py:588} INFO - Filling up the DagBag from /opt/airflow/dags/urban_data_streaming_dag.py
[2026-07-01T16:47:19.689+0000] {processor.py:925} INFO - DAG(s) 'urban_data_streaming_demo' retrieved from /opt/airflow/dags/urban_data_streaming_dag.py
[2026-07-01T16:47:19.724+0000] {logging_mixin.py:190} INFO - [2026-07-01T16:47:19.724+0000] {dag.py:3239} INFO - Sync 1 DAGs
[2026-07-01T16:47:19.740+0000] {logging_mixin.py:190} INFO - [2026-07-01T16:47:19.740+0000] {dag.py:4180} INFO - Setting next_dagrun for urban_data_streaming_demo to None, run_after=None
[2026-07-01T16:47:19.767+0000] {processor.py:208} INFO - Processing /opt/airflow/dags/urban_data_streaming_dag.py took 0.136 seconds
[2026-07-01T16:47:50.530+0000] {processor.py:186} INFO - Started process (PID=3297) to work on /opt/airflow/dags/urban_data_streaming_dag.py
[2026-07-01T16:47:50.531+0000] {processor.py:914} INFO - Processing file /opt/airflow/dags/urban_data_streaming_dag.py for tasks to queue
[2026-07-01T16:47:50.536+0000] {logging_mixin.py:190} INFO - [2026-07-01T16:47:50.535+0000] {dagbag.py:588} INFO - Filling up the DagBag from /opt/airflow/dags/urban_data_streaming_dag.py
[2026-07-01T16:47:50.561+0000] {processor.py:925} INFO - DAG(s) 'urban_data_streaming_demo' retrieved from /opt/airflow/dags/urban_data_streaming_dag.py
[2026-07-01T16:47:50.601+0000] {logging_mixin.py:190} INFO - [2026-07-01T16:47:50.600+0000] {dag.py:3239} INFO - Sync 1 DAGs
[2026-07-01T16:47:50.619+0000] {logging_mixin.py:190} INFO - [2026-07-01T16:47:50.619+0000] {dag.py:4180} INFO - Setting next_dagrun for urban_data_streaming_demo to None, run_after=None
[2026-07-01T16:47:50.648+0000] {processor.py:208} INFO - Processing /opt/airflow/dags/urban_data_streaming_dag.py took 0.127 seconds
[2026-07-01T16:48:20.964+0000] {processor.py:186} INFO - Started process (PID=3315) to work on /opt/airflow/dags/urban_data_streaming_dag.py
[2026-07-01T16:48:20.965+0000] {processor.py:914} INFO - Processing file /opt/airflow/dags/urban_data_streaming_dag.py for tasks to queue
[2026-07-01T16:48:20.969+0000] {logging_mixin.py:190} INFO - [2026-07-01T16:48:20.968+0000] {dagbag.py:588} INFO - Filling up the DagBag from /opt/airflow/dags/urban_data_streaming_dag.py
[2026-07-01T16:48:21.028+0000] {processor.py:925} INFO - DAG(s) 'urban_data_streaming_demo' retrieved from /opt/airflow/dags/urban_data_streaming_dag.py
[2026-07-01T16:48:21.061+0000] {logging_mixin.py:190} INFO - [2026-07-01T16:48:21.060+0000] {dag.py:3239} INFO - Sync 1 DAGs
[2026-07-01T16:48:21.080+0000] {logging_mixin.py:190} INFO - [2026-07-01T16:48:21.080+0000] {dag.py:4180} INFO - Setting next_dagrun for urban_data_streaming_demo to None, run_after=None
[2026-07-01T16:48:21.112+0000] {processor.py:208} INFO - Processing /opt/airflow/dags/urban_data_streaming_dag.py took 0.169 seconds
[2026-07-01T16:48:51.751+0000] {processor.py:186} INFO - Started process (PID=3333) to work on /opt/airflow/dags/urban_data_streaming_dag.py
[2026-07-01T16:48:51.753+0000] {processor.py:914} INFO - Processing file /opt/airflow/dags/urban_data_streaming_dag.py for tasks to queue
[2026-07-01T16:48:51.756+0000] {logging_mixin.py:190} INFO - [2026-07-01T16:48:51.756+0000] {dagbag.py:588} INFO - Filling up the DagBag from /opt/airflow/dags/urban_data_streaming_dag.py
[2026-07-01T16:48:51.781+0000] {processor.py:925} INFO - DAG(s) 'urban_data_streaming_demo' retrieved from /opt/airflow/dags/urban_data_streaming_dag.py
[2026-07-01T16:48:51.821+0000] {logging_mixin.py:190} INFO - [2026-07-01T16:48:51.821+0000] {dag.py:3239} INFO - Sync 1 DAGs
[2026-07-01T16:48:51.842+0000] {logging_mixin.py:190} INFO - [2026-07-01T16:48:51.842+0000] {dag.py:4180} INFO - Setting next_dagrun for urban_data_streaming_demo to None, run_after=None
[2026-07-01T16:48:51.872+0000] {processor.py:208} INFO - Processing /opt/airflow/dags/urban_data_streaming_dag.py took 0.128 seconds
[2026-07-01T16:49:22.633+0000] {processor.py:186} INFO - Started process (PID=3351) to work on /opt/airflow/dags/urban_data_streaming_dag.py
[2026-07-01T16:49:22.635+0000] {processor.py:914} INFO - Processing file /opt/airflow/dags/urban_data_streaming_dag.py for tasks to queue
[2026-07-01T16:49:22.641+0000] {logging_mixin.py:190} INFO - [2026-07-01T16:49:22.640+0000] {dagbag.py:588} INFO - Filling up the DagBag from /opt/airflow/dags/urban_data_streaming_dag.py
[2026-07-01T16:49:22.680+0000] {processor.py:925} INFO - DAG(s) 'urban_data_streaming_demo' retrieved from /opt/airflow/dags/urban_data_streaming_dag.py
[2026-07-01T16:49:22.720+0000] {logging_mixin.py:190} INFO - [2026-07-01T16:49:22.720+0000] {dag.py:3239} INFO - Sync 1 DAGs
[2026-07-01T16:49:22.750+0000] {logging_mixin.py:190} INFO - [2026-07-01T16:49:22.749+0000] {dag.py:4180} INFO - Setting next_dagrun for urban_data_streaming_demo to None, run_after=None
[2026-07-01T16:49:22.795+0000] {processor.py:208} INFO - Processing /opt/airflow/dags/urban_data_streaming_dag.py took 0.169 seconds
[2026-07-01T16:49:53.880+0000] {processor.py:186} INFO - Started process (PID=3369) to work on /opt/airflow/dags/urban_data_streaming_dag.py
[2026-07-01T16:49:53.881+0000] {processor.py:914} INFO - Processing file /opt/airflow/dags/urban_data_streaming_dag.py for tasks to queue
[2026-07-01T16:49:53.886+0000] {logging_mixin.py:190} INFO - [2026-07-01T16:49:53.884+0000] {dagbag.py:588} INFO - Filling up the DagBag from /opt/airflow/dags/urban_data_streaming_dag.py
[2026-07-01T16:49:53.922+0000] {processor.py:925} INFO - DAG(s) 'urban_data_streaming_demo' retrieved from /opt/airflow/dags/urban_data_streaming_dag.py
[2026-07-01T16:49:53.958+0000] {logging_mixin.py:190} INFO - [2026-07-01T16:49:53.958+0000] {dag.py:3239} INFO - Sync 1 DAGs
[2026-07-01T16:49:53.973+0000] {logging_mixin.py:190} INFO - [2026-07-01T16:49:53.973+0000] {dag.py:4180} INFO - Setting next_dagrun for urban_data_streaming_demo to None, run_after=None
[2026-07-01T16:49:54.005+0000] {processor.py:208} INFO - Processing /opt/airflow/dags/urban_data_streaming_dag.py took 0.137 seconds
[2026-07-01T16:50:24.666+0000] {processor.py:186} INFO - Started process (PID=3387) to work on /opt/airflow/dags/urban_data_streaming_dag.py
[2026-07-01T16:50:24.670+0000] {processor.py:914} INFO - Processing file /opt/airflow/dags/urban_data_streaming_dag.py for tasks to queue
[2026-07-01T16:50:24.674+0000] {logging_mixin.py:190} INFO - [2026-07-01T16:50:24.673+0000] {dagbag.py:588} INFO - Filling up the DagBag from /opt/airflow/dags/urban_data_streaming_dag.py
[2026-07-01T16:50:24.708+0000] {processor.py:925} INFO - DAG(s) 'urban_data_streaming_demo' retrieved from /opt/airflow/dags/urban_data_streaming_dag.py
[2026-07-01T16:50:24.763+0000] {logging_mixin.py:190} INFO - [2026-07-01T16:50:24.763+0000] {dag.py:3239} INFO - Sync 1 DAGs
[2026-07-01T16:50:24.778+0000] {logging_mixin.py:190} INFO - [2026-07-01T16:50:24.778+0000] {dag.py:4180} INFO - Setting next_dagrun for urban_data_streaming_demo to None, run_after=None
[2026-07-01T16:50:24.811+0000] {processor.py:208} INFO - Processing /opt/airflow/dags/urban_data_streaming_dag.py took 0.154 seconds
[2026-07-01T16:50:55.154+0000] {processor.py:186} INFO - Started process (PID=3404) to work on /opt/airflow/dags/urban_data_streaming_dag.py
[2026-07-01T16:50:55.157+0000] {processor.py:914} INFO - Processing file /opt/airflow/dags/urban_data_streaming_dag.py for tasks to queue
[2026-07-01T16:50:55.160+0000] {logging_mixin.py:190} INFO - [2026-07-01T16:50:55.159+0000] {dagbag.py:588} INFO - Filling up the DagBag from /opt/airflow/dags/urban_data_streaming_dag.py
[2026-07-01T16:50:55.193+0000] {processor.py:925} INFO - DAG(s) 'urban_data_streaming_demo' retrieved from /opt/airflow/dags/urban_data_streaming_dag.py
[2026-07-01T16:50:55.231+0000] {logging_mixin.py:190} INFO - [2026-07-01T16:50:55.231+0000] {dag.py:3239} INFO - Sync 1 DAGs
[2026-07-01T16:50:55.258+0000] {logging_mixin.py:190} INFO - [2026-07-01T16:50:55.257+0000] {dag.py:4180} INFO - Setting next_dagrun for urban_data_streaming_demo to None, run_after=None
[2026-07-01T16:50:55.294+0000] {processor.py:208} INFO - Processing /opt/airflow/dags/urban_data_streaming_dag.py took 0.146 seconds
[2026-07-01T16:51:25.866+0000] {processor.py:186} INFO - Started process (PID=3415) to work on /opt/airflow/dags/urban_data_streaming_dag.py
[2026-07-01T16:51:25.868+0000] {processor.py:914} INFO - Processing file /opt/airflow/dags/urban_data_streaming_dag.py for tasks to queue
[2026-07-01T16:51:25.873+0000] {logging_mixin.py:190} INFO - [2026-07-01T16:51:25.872+0000] {dagbag.py:588} INFO - Filling up the DagBag from /opt/airflow/dags/urban_data_streaming_dag.py
[2026-07-01T16:51:25.905+0000] {processor.py:925} INFO - DAG(s) 'urban_data_streaming_demo' retrieved from /opt/airflow/dags/urban_data_streaming_dag.py
[2026-07-01T16:51:25.959+0000] {logging_mixin.py:190} INFO - [2026-07-01T16:51:25.959+0000] {dag.py:3239} INFO - Sync 1 DAGs
[2026-07-01T16:51:25.976+0000] {logging_mixin.py:190} INFO - [2026-07-01T16:51:25.975+0000] {dag.py:4180} INFO - Setting next_dagrun for urban_data_streaming_demo to None, run_after=None
[2026-07-01T16:51:26.023+0000] {processor.py:208} INFO - Processing /opt/airflow/dags/urban_data_streaming_dag.py took 0.166 seconds
[2026-07-01T16:51:56.615+0000] {processor.py:186} INFO - Started process (PID=3433) to work on /opt/airflow/dags/urban_data_streaming_dag.py
[2026-07-01T16:51:56.617+0000] {processor.py:914} INFO - Processing file /opt/airflow/dags/urban_data_streaming_dag.py for tasks to queue
[2026-07-01T16:51:56.621+0000] {logging_mixin.py:190} INFO - [2026-07-01T16:51:56.620+0000] {dagbag.py:588} INFO - Filling up the DagBag from /opt/airflow/dags/urban_data_streaming_dag.py
[2026-07-01T16:51:56.643+0000] {processor.py:925} INFO - DAG(s) 'urban_data_streaming_demo' retrieved from /opt/airflow/dags/urban_data_streaming_dag.py
[2026-07-01T16:51:56.674+0000] {logging_mixin.py:190} INFO - [2026-07-01T16:51:56.674+0000] {dag.py:3239} INFO - Sync 1 DAGs
[2026-07-01T16:51:56.690+0000] {logging_mixin.py:190} INFO - [2026-07-01T16:51:56.690+0000] {dag.py:4180} INFO - Setting next_dagrun for urban_data_streaming_demo to None, run_after=None
[2026-07-01T16:51:56.714+0000] {processor.py:208} INFO - Processing /opt/airflow/dags/urban_data_streaming_dag.py took 0.106 seconds
[2026-07-01T16:52:26.845+0000] {processor.py:186} INFO - Started process (PID=3451) to work on /opt/airflow/dags/urban_data_streaming_dag.py
[2026-07-01T16:52:26.847+0000] {processor.py:914} INFO - Processing file /opt/airflow/dags/urban_data_streaming_dag.py for tasks to queue
[2026-07-01T16:52:26.853+0000] {logging_mixin.py:190} INFO - [2026-07-01T16:52:26.852+0000] {dagbag.py:588} INFO - Filling up the DagBag from /opt/airflow/dags/urban_data_streaming_dag.py
[2026-07-01T16:52:26.893+0000] {processor.py:925} INFO - DAG(s) 'urban_data_streaming_demo' retrieved from /opt/airflow/dags/urban_data_streaming_dag.py
[2026-07-01T16:52:26.933+0000] {logging_mixin.py:190} INFO - [2026-07-01T16:52:26.933+0000] {dag.py:3239} INFO - Sync 1 DAGs
[2026-07-01T16:52:26.957+0000] {logging_mixin.py:190} INFO - [2026-07-01T16:52:26.956+0000] {dag.py:4180} INFO - Setting next_dagrun for urban_data_streaming_demo to None, run_after=None
[2026-07-01T16:52:26.998+0000] {processor.py:208} INFO - Processing /opt/airflow/dags/urban_data_streaming_dag.py took 0.160 seconds
[2026-07-01T16:52:57.691+0000] {processor.py:186} INFO - Started process (PID=3470) to work on /opt/airflow/dags/urban_data_streaming_dag.py
[2026-07-01T16:52:57.693+0000] {processor.py:914} INFO - Processing file /opt/airflow/dags/urban_data_streaming_dag.py for tasks to queue
[2026-07-01T16:52:57.697+0000] {logging_mixin.py:190} INFO - [2026-07-01T16:52:57.697+0000] {dagbag.py:588} INFO - Filling up the DagBag from /opt/airflow/dags/urban_data_streaming_dag.py
[2026-07-01T16:52:57.750+0000] {processor.py:925} INFO - DAG(s) 'urban_data_streaming_demo' retrieved from /opt/airflow/dags/urban_data_streaming_dag.py
[2026-07-01T16:52:57.801+0000] {logging_mixin.py:190} INFO - [2026-07-01T16:52:57.801+0000] {dag.py:3239} INFO - Sync 1 DAGs
[2026-07-01T16:52:57.821+0000] {logging_mixin.py:190} INFO - [2026-07-01T16:52:57.821+0000] {dag.py:4180} INFO - Setting next_dagrun for urban_data_streaming_demo to None, run_after=None
[2026-07-01T16:52:57.886+0000] {processor.py:208} INFO - Processing /opt/airflow/dags/urban_data_streaming_dag.py took 0.205 seconds
[2026-07-01T16:53:28.169+0000] {processor.py:186} INFO - Started process (PID=3488) to work on /opt/airflow/dags/urban_data_streaming_dag.py
[2026-07-01T16:53:28.172+0000] {processor.py:914} INFO - Processing file /opt/airflow/dags/urban_data_streaming_dag.py for tasks to queue
[2026-07-01T16:53:28.179+0000] {logging_mixin.py:190} INFO - [2026-07-01T16:53:28.178+0000] {dagbag.py:588} INFO - Filling up the DagBag from /opt/airflow/dags/urban_data_streaming_dag.py
[2026-07-01T16:53:28.232+0000] {processor.py:925} INFO - DAG(s) 'urban_data_streaming_demo' retrieved from /opt/airflow/dags/urban_data_streaming_dag.py
[2026-07-01T16:53:28.281+0000] {logging_mixin.py:190} INFO - [2026-07-01T16:53:28.281+0000] {dag.py:3239} INFO - Sync 1 DAGs
[2026-07-01T16:53:28.304+0000] {logging_mixin.py:190} INFO - [2026-07-01T16:53:28.304+0000] {dag.py:4180} INFO - Setting next_dagrun for urban_data_streaming_demo to None, run_after=None
[2026-07-01T16:53:28.343+0000] {processor.py:208} INFO - Processing /opt/airflow/dags/urban_data_streaming_dag.py took 0.196 seconds
[2026-07-01T16:53:58.568+0000] {processor.py:186} INFO - Started process (PID=3506) to work on /opt/airflow/dags/urban_data_streaming_dag.py
[2026-07-01T16:53:58.570+0000] {processor.py:914} INFO - Processing file /opt/airflow/dags/urban_data_streaming_dag.py for tasks to queue
[2026-07-01T16:53:58.573+0000] {logging_mixin.py:190} INFO - [2026-07-01T16:53:58.573+0000] {dagbag.py:588} INFO - Filling up the DagBag from /opt/airflow/dags/urban_data_streaming_dag.py
[2026-07-01T16:53:58.603+0000] {processor.py:925} INFO - DAG(s) 'urban_data_streaming_demo' retrieved from /opt/airflow/dags/urban_data_streaming_dag.py
[2026-07-01T16:53:58.637+0000] {logging_mixin.py:190} INFO - [2026-07-01T16:53:58.637+0000] {dag.py:3239} INFO - Sync 1 DAGs
[2026-07-01T16:53:58.655+0000] {logging_mixin.py:190} INFO - [2026-07-01T16:53:58.655+0000] {dag.py:4180} INFO - Setting next_dagrun for urban_data_streaming_demo to None, run_after=None
[2026-07-01T16:53:58.690+0000] {processor.py:208} INFO - Processing /opt/airflow/dags/urban_data_streaming_dag.py took 0.128 seconds
[2026-07-01T16:54:29.513+0000] {processor.py:186} INFO - Started process (PID=3524) to work on /opt/airflow/dags/urban_data_streaming_dag.py
[2026-07-01T16:54:29.515+0000] {processor.py:914} INFO - Processing file /opt/airflow/dags/urban_data_streaming_dag.py for tasks to queue
[2026-07-01T16:54:29.521+0000] {logging_mixin.py:190} INFO - [2026-07-01T16:54:29.520+0000] {dagbag.py:588} INFO - Filling up the DagBag from /opt/airflow/dags/urban_data_streaming_dag.py
[2026-07-01T16:54:29.669+0000] {processor.py:925} INFO - DAG(s) 'urban_data_streaming_demo' retrieved from /opt/airflow/dags/urban_data_streaming_dag.py
[2026-07-01T16:54:29.725+0000] {logging_mixin.py:190} INFO - [2026-07-01T16:54:29.725+0000] {dag.py:3239} INFO - Sync 1 DAGs
[2026-07-01T16:54:29.746+0000] {logging_mixin.py:190} INFO - [2026-07-01T16:54:29.745+0000] {dag.py:4180} INFO - Setting next_dagrun for urban_data_streaming_demo to None, run_after=None
[2026-07-01T16:54:29.771+0000] {processor.py:208} INFO - Processing /opt/airflow/dags/urban_data_streaming_dag.py took 0.275 seconds
[2026-07-01T16:55:00.257+0000] {processor.py:186} INFO - Started process (PID=3542) to work on /opt/airflow/dags/urban_data_streaming_dag.py
[2026-07-01T16:55:00.259+0000] {processor.py:914} INFO - Processing file /opt/airflow/dags/urban_data_streaming_dag.py for tasks to queue
[2026-07-01T16:55:00.265+0000] {logging_mixin.py:190} INFO - [2026-07-01T16:55:00.264+0000] {dagbag.py:588} INFO - Filling up the DagBag from /opt/airflow/dags/urban_data_streaming_dag.py
[2026-07-01T16:55:00.304+0000] {processor.py:925} INFO - DAG(s) 'urban_data_streaming_demo' retrieved from /opt/airflow/dags/urban_data_streaming_dag.py
[2026-07-01T16:55:00.350+0000] {logging_mixin.py:190} INFO - [2026-07-01T16:55:00.350+0000] {dag.py:3239} INFO - Sync 1 DAGs
[2026-07-01T16:55:00.366+0000] {logging_mixin.py:190} INFO - [2026-07-01T16:55:00.366+0000] {dag.py:4180} INFO - Setting next_dagrun for urban_data_streaming_demo to None, run_after=None
[2026-07-01T16:55:00.396+0000] {processor.py:208} INFO - Processing /opt/airflow/dags/urban_data_streaming_dag.py took 0.145 seconds
[2026-07-01T16:55:31.089+0000] {processor.py:186} INFO - Started process (PID=3566) to work on /opt/airflow/dags/urban_data_streaming_dag.py
[2026-07-01T16:55:31.092+0000] {processor.py:914} INFO - Processing file /opt/airflow/dags/urban_data_streaming_dag.py for tasks to queue
[2026-07-01T16:55:31.097+0000] {logging_mixin.py:190} INFO - [2026-07-01T16:55:31.096+0000] {dagbag.py:588} INFO - Filling up the DagBag from /opt/airflow/dags/urban_data_streaming_dag.py
[2026-07-01T16:55:31.130+0000] {processor.py:925} INFO - DAG(s) 'urban_data_streaming_demo' retrieved from /opt/airflow/dags/urban_data_streaming_dag.py
[2026-07-01T16:55:31.170+0000] {logging_mixin.py:190} INFO - [2026-07-01T16:55:31.170+0000] {dag.py:3239} INFO - Sync 1 DAGs
[2026-07-01T16:55:31.190+0000] {logging_mixin.py:190} INFO - [2026-07-01T16:55:31.190+0000] {dag.py:4180} INFO - Setting next_dagrun for urban_data_streaming_demo to None, run_after=None
[2026-07-01T16:55:31.221+0000] {processor.py:208} INFO - Processing /opt/airflow/dags/urban_data_streaming_dag.py took 0.144 seconds
[2026-07-01T16:56:01.564+0000] {processor.py:186} INFO - Started process (PID=3577) to work on /opt/airflow/dags/urban_data_streaming_dag.py
[2026-07-01T16:56:01.566+0000] {processor.py:914} INFO - Processing file /opt/airflow/dags/urban_data_streaming_dag.py for tasks to queue
[2026-07-01T16:56:01.570+0000] {logging_mixin.py:190} INFO - [2026-07-01T16:56:01.569+0000] {dagbag.py:588} INFO - Filling up the DagBag from /opt/airflow/dags/urban_data_streaming_dag.py
[2026-07-01T16:56:01.624+0000] {processor.py:925} INFO - DAG(s) 'urban_data_streaming_demo' retrieved from /opt/airflow/dags/urban_data_streaming_dag.py
[2026-07-01T16:56:01.659+0000] {logging_mixin.py:190} INFO - [2026-07-01T16:56:01.658+0000] {dag.py:3239} INFO - Sync 1 DAGs
[2026-07-01T16:56:01.676+0000] {logging_mixin.py:190} INFO - [2026-07-01T16:56:01.676+0000] {dag.py:4180} INFO - Setting next_dagrun for urban_data_streaming_demo to None, run_after=None
[2026-07-01T16:56:01.700+0000] {processor.py:208} INFO - Processing /opt/airflow/dags/urban_data_streaming_dag.py took 0.149 seconds
[2026-07-01T16:56:32.481+0000] {processor.py:186} INFO - Started process (PID=3599) to work on /opt/airflow/dags/urban_data_streaming_dag.py
[2026-07-01T16:56:32.483+0000] {processor.py:914} INFO - Processing file /opt/airflow/dags/urban_data_streaming_dag.py for tasks to queue
[2026-07-01T16:56:32.487+0000] {logging_mixin.py:190} INFO - [2026-07-01T16:56:32.486+0000] {dagbag.py:588} INFO - Filling up the DagBag from /opt/airflow/dags/urban_data_streaming_dag.py
[2026-07-01T16:56:32.514+0000] {processor.py:925} INFO - DAG(s) 'urban_data_streaming_demo' retrieved from /opt/airflow/dags/urban_data_streaming_dag.py
[2026-07-01T16:56:32.551+0000] {logging_mixin.py:190} INFO - [2026-07-01T16:56:32.551+0000] {dag.py:3239} INFO - Sync 1 DAGs
[2026-07-01T16:56:32.567+0000] {logging_mixin.py:190} INFO - [2026-07-01T16:56:32.567+0000] {dag.py:4180} INFO - Setting next_dagrun for urban_data_streaming_demo to None, run_after=None
[2026-07-01T16:56:32.598+0000] {processor.py:208} INFO - Processing /opt/airflow/dags/urban_data_streaming_dag.py took 0.124 seconds
[2026-07-01T16:57:02.775+0000] {processor.py:186} INFO - Started process (PID=3617) to work on /opt/airflow/dags/urban_data_streaming_dag.py
[2026-07-01T16:57:02.777+0000] {processor.py:914} INFO - Processing file /opt/airflow/dags/urban_data_streaming_dag.py for tasks to queue
[2026-07-01T16:57:02.780+0000] {logging_mixin.py:190} INFO - [2026-07-01T16:57:02.779+0000] {dagbag.py:588} INFO - Filling up the DagBag from /opt/airflow/dags/urban_data_streaming_dag.py
[2026-07-01T16:57:02.834+0000] {processor.py:925} INFO - DAG(s) 'urban_data_streaming_demo' retrieved from /opt/airflow/dags/urban_data_streaming_dag.py
[2026-07-01T16:57:02.865+0000] {logging_mixin.py:190} INFO - [2026-07-01T16:57:02.865+0000] {dag.py:3239} INFO - Sync 1 DAGs
[2026-07-01T16:57:02.882+0000] {logging_mixin.py:190} INFO - [2026-07-01T16:57:02.882+0000] {dag.py:4180} INFO - Setting next_dagrun for urban_data_streaming_demo to None, run_after=None
[2026-07-01T16:57:02.911+0000] {processor.py:208} INFO - Processing /opt/airflow/dags/urban_data_streaming_dag.py took 0.143 seconds
[2026-07-01T16:57:33.061+0000] {processor.py:186} INFO - Started process (PID=3635) to work on /opt/airflow/dags/urban_data_streaming_dag.py
[2026-07-01T16:57:33.063+0000] {processor.py:914} INFO - Processing file /opt/airflow/dags/urban_data_streaming_dag.py for tasks to queue
[2026-07-01T16:57:33.067+0000] {logging_mixin.py:190} INFO - [2026-07-01T16:57:33.066+0000] {dagbag.py:588} INFO - Filling up the DagBag from /opt/airflow/dags/urban_data_streaming_dag.py
[2026-07-01T16:57:33.092+0000] {processor.py:925} INFO - DAG(s) 'urban_data_streaming_demo' retrieved from /opt/airflow/dags/urban_data_streaming_dag.py
[2026-07-01T16:57:33.125+0000] {logging_mixin.py:190} INFO - [2026-07-01T16:57:33.125+0000] {dag.py:3239} INFO - Sync 1 DAGs
[2026-07-01T16:57:33.141+0000] {logging_mixin.py:190} INFO - [2026-07-01T16:57:33.141+0000] {dag.py:4180} INFO - Setting next_dagrun for urban_data_streaming_demo to None, run_after=None
[2026-07-01T16:57:33.164+0000] {processor.py:208} INFO - Processing /opt/airflow/dags/urban_data_streaming_dag.py took 0.110 seconds
[2026-07-01T16:58:03.366+0000] {processor.py:186} INFO - Started process (PID=3653) to work on /opt/airflow/dags/urban_data_streaming_dag.py
[2026-07-01T16:58:03.369+0000] {processor.py:914} INFO - Processing file /opt/airflow/dags/urban_data_streaming_dag.py for tasks to queue
[2026-07-01T16:58:03.376+0000] {logging_mixin.py:190} INFO - [2026-07-01T16:58:03.375+0000] {dagbag.py:588} INFO - Filling up the DagBag from /opt/airflow/dags/urban_data_streaming_dag.py
[2026-07-01T16:58:03.435+0000] {processor.py:925} INFO - DAG(s) 'urban_data_streaming_demo' retrieved from /opt/airflow/dags/urban_data_streaming_dag.py
[2026-07-01T16:58:03.524+0000] {logging_mixin.py:190} INFO - [2026-07-01T16:58:03.523+0000] {dag.py:3239} INFO - Sync 1 DAGs
[2026-07-01T16:58:03.579+0000] {logging_mixin.py:190} INFO - [2026-07-01T16:58:03.579+0000] {dag.py:4180} INFO - Setting next_dagrun for urban_data_streaming_demo to None, run_after=None
[2026-07-01T16:58:03.627+0000] {processor.py:208} INFO - Processing /opt/airflow/dags/urban_data_streaming_dag.py took 0.283 seconds
[2026-07-01T16:58:34.350+0000] {processor.py:186} INFO - Started process (PID=3676) to work on /opt/airflow/dags/urban_data_streaming_dag.py
[2026-07-01T16:58:34.352+0000] {processor.py:914} INFO - Processing file /opt/airflow/dags/urban_data_streaming_dag.py for tasks to queue
[2026-07-01T16:58:34.356+0000] {logging_mixin.py:190} INFO - [2026-07-01T16:58:34.355+0000] {dagbag.py:588} INFO - Filling up the DagBag from /opt/airflow/dags/urban_data_streaming_dag.py
[2026-07-01T16:58:34.412+0000] {processor.py:925} INFO - DAG(s) 'urban_data_streaming_demo' retrieved from /opt/airflow/dags/urban_data_streaming_dag.py
[2026-07-01T16:58:34.448+0000] {logging_mixin.py:190} INFO - [2026-07-01T16:58:34.448+0000] {dag.py:3239} INFO - Sync 1 DAGs
[2026-07-01T16:58:34.466+0000] {logging_mixin.py:190} INFO - [2026-07-01T16:58:34.466+0000] {dag.py:4180} INFO - Setting next_dagrun for urban_data_streaming_demo to None, run_after=None
[2026-07-01T16:58:34.509+0000] {processor.py:208} INFO - Processing /opt/airflow/dags/urban_data_streaming_dag.py took 0.178 seconds
[2026-07-01T16:59:04.969+0000] {processor.py:186} INFO - Started process (PID=3694) to work on /opt/airflow/dags/urban_data_streaming_dag.py
[2026-07-01T16:59:04.973+0000] {processor.py:914} INFO - Processing file /opt/airflow/dags/urban_data_streaming_dag.py for tasks to queue
[2026-07-01T16:59:04.979+0000] {logging_mixin.py:190} INFO - [2026-07-01T16:59:04.978+0000] {dagbag.py:588} INFO - Filling up the DagBag from /opt/airflow/dags/urban_data_streaming_dag.py
[2026-07-01T16:59:05.069+0000] {processor.py:925} INFO - DAG(s) 'urban_data_streaming_demo' retrieved from /opt/airflow/dags/urban_data_streaming_dag.py
[2026-07-01T16:59:05.116+0000] {logging_mixin.py:190} INFO - [2026-07-01T16:59:05.115+0000] {dag.py:3239} INFO - Sync 1 DAGs
[2026-07-01T16:59:05.133+0000] {logging_mixin.py:190} INFO - [2026-07-01T16:59:05.133+0000] {dag.py:4180} INFO - Setting next_dagrun for urban_data_streaming_demo to None, run_after=None
[2026-07-01T16:59:05.174+0000] {processor.py:208} INFO - Processing /opt/airflow/dags/urban_data_streaming_dag.py took 0.241 seconds
[2026-07-01T16:59:35.697+0000] {processor.py:186} INFO - Started process (PID=3712) to work on /opt/airflow/dags/urban_data_streaming_dag.py
[2026-07-01T16:59:35.698+0000] {processor.py:914} INFO - Processing file /opt/airflow/dags/urban_data_streaming_dag.py for tasks to queue
[2026-07-01T16:59:35.701+0000] {logging_mixin.py:190} INFO - [2026-07-01T16:59:35.701+0000] {dagbag.py:588} INFO - Filling up the DagBag from /opt/airflow/dags/urban_data_streaming_dag.py
[2026-07-01T16:59:35.726+0000] {processor.py:925} INFO - DAG(s) 'urban_data_streaming_demo' retrieved from /opt/airflow/dags/urban_data_streaming_dag.py
[2026-07-01T16:59:35.764+0000] {logging_mixin.py:190} INFO - [2026-07-01T16:59:35.764+0000] {dag.py:3239} INFO - Sync 1 DAGs
[2026-07-01T16:59:35.783+0000] {logging_mixin.py:190} INFO - [2026-07-01T16:59:35.782+0000] {dag.py:4180} INFO - Setting next_dagrun for urban_data_streaming_demo to None, run_after=None
[2026-07-01T16:59:35.856+0000] {processor.py:208} INFO - Processing /opt/airflow/dags/urban_data_streaming_dag.py took 0.168 seconds
[2026-07-01T17:00:06.097+0000] {processor.py:186} INFO - Started process (PID=3730) to work on /opt/airflow/dags/urban_data_streaming_dag.py
[2026-07-01T17:00:06.099+0000] {processor.py:914} INFO - Processing file /opt/airflow/dags/urban_data_streaming_dag.py for tasks to queue
[2026-07-01T17:00:06.104+0000] {logging_mixin.py:190} INFO - [2026-07-01T17:00:06.104+0000] {dagbag.py:588} INFO - Filling up the DagBag from /opt/airflow/dags/urban_data_streaming_dag.py
[2026-07-01T17:00:06.166+0000] {processor.py:925} INFO - DAG(s) 'urban_data_streaming_demo' retrieved from /opt/airflow/dags/urban_data_streaming_dag.py
[2026-07-01T17:00:06.212+0000] {logging_mixin.py:190} INFO - [2026-07-01T17:00:06.211+0000] {dag.py:3239} INFO - Sync 1 DAGs
[2026-07-01T17:00:06.233+0000] {logging_mixin.py:190} INFO - [2026-07-01T17:00:06.232+0000] {dag.py:4180} INFO - Setting next_dagrun for urban_data_streaming_demo to None, run_after=None
[2026-07-01T17:00:06.284+0000] {processor.py:208} INFO - Processing /opt/airflow/dags/urban_data_streaming_dag.py took 0.197 seconds
[2026-07-01T17:00:36.719+0000] {processor.py:186} INFO - Started process (PID=3748) to work on /opt/airflow/dags/urban_data_streaming_dag.py
[2026-07-01T17:00:36.721+0000] {processor.py:914} INFO - Processing file /opt/airflow/dags/urban_data_streaming_dag.py for tasks to queue
[2026-07-01T17:00:36.724+0000] {logging_mixin.py:190} INFO - [2026-07-01T17:00:36.723+0000] {dagbag.py:588} INFO - Filling up the DagBag from /opt/airflow/dags/urban_data_streaming_dag.py
[2026-07-01T17:00:36.828+0000] {processor.py:925} INFO - DAG(s) 'urban_data_streaming_demo' retrieved from /opt/airflow/dags/urban_data_streaming_dag.py
[2026-07-01T17:00:36.950+0000] {logging_mixin.py:190} INFO - [2026-07-01T17:00:36.950+0000] {dag.py:3239} INFO - Sync 1 DAGs
[2026-07-01T17:00:37.000+0000] {logging_mixin.py:190} INFO - [2026-07-01T17:00:36.999+0000] {dag.py:4180} INFO - Setting next_dagrun for urban_data_streaming_demo to None, run_after=None
[2026-07-01T17:00:37.040+0000] {processor.py:208} INFO - Processing /opt/airflow/dags/urban_data_streaming_dag.py took 0.329 seconds
[2026-07-01T17:01:07.264+0000] {processor.py:186} INFO - Started process (PID=3759) to work on /opt/airflow/dags/urban_data_streaming_dag.py
[2026-07-01T17:01:07.269+0000] {processor.py:914} INFO - Processing file /opt/airflow/dags/urban_data_streaming_dag.py for tasks to queue
[2026-07-01T17:01:07.272+0000] {logging_mixin.py:190} INFO - [2026-07-01T17:01:07.271+0000] {dagbag.py:588} INFO - Filling up the DagBag from /opt/airflow/dags/urban_data_streaming_dag.py
[2026-07-01T17:01:07.294+0000] {processor.py:925} INFO - DAG(s) 'urban_data_streaming_demo' retrieved from /opt/airflow/dags/urban_data_streaming_dag.py
[2026-07-01T17:01:07.333+0000] {logging_mixin.py:190} INFO - [2026-07-01T17:01:07.333+0000] {dag.py:3239} INFO - Sync 1 DAGs
[2026-07-01T17:01:07.352+0000] {logging_mixin.py:190} INFO - [2026-07-01T17:01:07.351+0000] {dag.py:4180} INFO - Setting next_dagrun for urban_data_streaming_demo to None, run_after=None
[2026-07-01T17:01:07.379+0000] {processor.py:208} INFO - Processing /opt/airflow/dags/urban_data_streaming_dag.py took 0.123 seconds
[2026-07-01T17:01:37.974+0000] {processor.py:186} INFO - Started process (PID=3796) to work on /opt/airflow/dags/urban_data_streaming_dag.py
[2026-07-01T17:01:37.975+0000] {processor.py:914} INFO - Processing file /opt/airflow/dags/urban_data_streaming_dag.py for tasks to queue
[2026-07-01T17:01:37.979+0000] {logging_mixin.py:190} INFO - [2026-07-01T17:01:37.978+0000] {dagbag.py:588} INFO - Filling up the DagBag from /opt/airflow/dags/urban_data_streaming_dag.py
[2026-07-01T17:01:38.012+0000] {processor.py:925} INFO - DAG(s) 'urban_data_streaming_demo' retrieved from /opt/airflow/dags/urban_data_streaming_dag.py
[2026-07-01T17:01:38.060+0000] {logging_mixin.py:190} INFO - [2026-07-01T17:01:38.059+0000] {dag.py:3239} INFO - Sync 1 DAGs
[2026-07-01T17:01:38.083+0000] {logging_mixin.py:190} INFO - [2026-07-01T17:01:38.082+0000] {dag.py:4180} INFO - Setting next_dagrun for urban_data_streaming_demo to None, run_after=None
[2026-07-01T17:01:38.109+0000] {processor.py:208} INFO - Processing /opt/airflow/dags/urban_data_streaming_dag.py took 0.142 seconds
[2026-07-01T17:02:08.745+0000] {processor.py:186} INFO - Started process (PID=3821) to work on /opt/airflow/dags/urban_data_streaming_dag.py
[2026-07-01T17:02:08.746+0000] {processor.py:914} INFO - Processing file /opt/airflow/dags/urban_data_streaming_dag.py for tasks to queue
[2026-07-01T17:02:08.750+0000] {logging_mixin.py:190} INFO - [2026-07-01T17:02:08.749+0000] {dagbag.py:588} INFO - Filling up the DagBag from /opt/airflow/dags/urban_data_streaming_dag.py
[2026-07-01T17:02:08.774+0000] {processor.py:925} INFO - DAG(s) 'urban_data_streaming_demo' retrieved from /opt/airflow/dags/urban_data_streaming_dag.py
[2026-07-01T17:02:08.806+0000] {logging_mixin.py:190} INFO - [2026-07-01T17:02:08.806+0000] {dag.py:3239} INFO - Sync 1 DAGs
[2026-07-01T17:02:08.823+0000] {logging_mixin.py:190} INFO - [2026-07-01T17:02:08.823+0000] {dag.py:4180} INFO - Setting next_dagrun for urban_data_streaming_demo to None, run_after=None
[2026-07-01T17:02:08.848+0000] {processor.py:208} INFO - Processing /opt/airflow/dags/urban_data_streaming_dag.py took 0.112 seconds
[2026-07-01T17:02:39.503+0000] {processor.py:186} INFO - Started process (PID=3845) to work on /opt/airflow/dags/urban_data_streaming_dag.py
[2026-07-01T17:02:39.505+0000] {processor.py:914} INFO - Processing file /opt/airflow/dags/urban_data_streaming_dag.py for tasks to queue
[2026-07-01T17:02:39.508+0000] {logging_mixin.py:190} INFO - [2026-07-01T17:02:39.507+0000] {dagbag.py:588} INFO - Filling up the DagBag from /opt/airflow/dags/urban_data_streaming_dag.py
[2026-07-01T17:02:39.538+0000] {processor.py:925} INFO - DAG(s) 'urban_data_streaming_demo' retrieved from /opt/airflow/dags/urban_data_streaming_dag.py
[2026-07-01T17:02:39.568+0000] {logging_mixin.py:190} INFO - [2026-07-01T17:02:39.568+0000] {dag.py:3239} INFO - Sync 1 DAGs
[2026-07-01T17:02:39.587+0000] {logging_mixin.py:190} INFO - [2026-07-01T17:02:39.586+0000] {dag.py:4180} INFO - Setting next_dagrun for urban_data_streaming_demo to None, run_after=None
[2026-07-01T17:02:39.628+0000] {processor.py:208} INFO - Processing /opt/airflow/dags/urban_data_streaming_dag.py took 0.133 seconds
[2026-07-01T17:03:10.636+0000] {processor.py:186} INFO - Started process (PID=3863) to work on /opt/airflow/dags/urban_data_streaming_dag.py
[2026-07-01T17:03:10.637+0000] {processor.py:914} INFO - Processing file /opt/airflow/dags/urban_data_streaming_dag.py for tasks to queue
[2026-07-01T17:03:10.641+0000] {logging_mixin.py:190} INFO - [2026-07-01T17:03:10.641+0000] {dagbag.py:588} INFO - Filling up the DagBag from /opt/airflow/dags/urban_data_streaming_dag.py
[2026-07-01T17:03:10.684+0000] {processor.py:925} INFO - DAG(s) 'urban_data_streaming_demo' retrieved from /opt/airflow/dags/urban_data_streaming_dag.py
[2026-07-01T17:03:10.734+0000] {logging_mixin.py:190} INFO - [2026-07-01T17:03:10.734+0000] {dag.py:3239} INFO - Sync 1 DAGs
[2026-07-01T17:03:10.749+0000] {logging_mixin.py:190} INFO - [2026-07-01T17:03:10.749+0000] {dag.py:4180} INFO - Setting next_dagrun for urban_data_streaming_demo to None, run_after=None
[2026-07-01T17:03:10.778+0000] {processor.py:208} INFO - Processing /opt/airflow/dags/urban_data_streaming_dag.py took 0.151 seconds
[2026-07-01T17:03:41.288+0000] {processor.py:186} INFO - Started process (PID=3881) to work on /opt/airflow/dags/urban_data_streaming_dag.py
[2026-07-01T17:03:41.290+0000] {processor.py:914} INFO - Processing file /opt/airflow/dags/urban_data_streaming_dag.py for tasks to queue
[2026-07-01T17:03:41.294+0000] {logging_mixin.py:190} INFO - [2026-07-01T17:03:41.293+0000] {dagbag.py:588} INFO - Filling up the DagBag from /opt/airflow/dags/urban_data_streaming_dag.py
[2026-07-01T17:03:41.333+0000] {processor.py:925} INFO - DAG(s) 'urban_data_streaming_demo' retrieved from /opt/airflow/dags/urban_data_streaming_dag.py
[2026-07-01T17:03:41.373+0000] {logging_mixin.py:190} INFO - [2026-07-01T17:03:41.373+0000] {dag.py:3239} INFO - Sync 1 DAGs
[2026-07-01T17:03:41.390+0000] {logging_mixin.py:190} INFO - [2026-07-01T17:03:41.390+0000] {dag.py:4180} INFO - Setting next_dagrun for urban_data_streaming_demo to None, run_after=None
[2026-07-01T17:03:41.424+0000] {processor.py:208} INFO - Processing /opt/airflow/dags/urban_data_streaming_dag.py took 0.147 seconds
[2026-07-01T17:04:11.732+0000] {processor.py:186} INFO - Started process (PID=3894) to work on /opt/airflow/dags/urban_data_streaming_dag.py
[2026-07-01T17:04:11.737+0000] {processor.py:914} INFO - Processing file /opt/airflow/dags/urban_data_streaming_dag.py for tasks to queue
[2026-07-01T17:04:11.745+0000] {logging_mixin.py:190} INFO - [2026-07-01T17:04:11.743+0000] {dagbag.py:588} INFO - Filling up the DagBag from /opt/airflow/dags/urban_data_streaming_dag.py
[2026-07-01T17:04:11.771+0000] {processor.py:925} INFO - DAG(s) 'urban_data_streaming_demo' retrieved from /opt/airflow/dags/urban_data_streaming_dag.py
[2026-07-01T17:04:11.802+0000] {logging_mixin.py:190} INFO - [2026-07-01T17:04:11.801+0000] {dag.py:3239} INFO - Sync 1 DAGs
[2026-07-01T17:04:11.818+0000] {logging_mixin.py:190} INFO - [2026-07-01T17:04:11.818+0000] {dag.py:4180} INFO - Setting next_dagrun for urban_data_streaming_demo to None, run_after=None
[2026-07-01T17:04:11.847+0000] {processor.py:208} INFO - Processing /opt/airflow/dags/urban_data_streaming_dag.py took 0.125 seconds
[2026-07-01T17:04:42.807+0000] {processor.py:186} INFO - Started process (PID=3912) to work on /opt/airflow/dags/urban_data_streaming_dag.py
[2026-07-01T17:04:42.808+0000] {processor.py:914} INFO - Processing file /opt/airflow/dags/urban_data_streaming_dag.py for tasks to queue
[2026-07-01T17:04:42.811+0000] {logging_mixin.py:190} INFO - [2026-07-01T17:04:42.811+0000] {dagbag.py:588} INFO - Filling up the DagBag from /opt/airflow/dags/urban_data_streaming_dag.py
[2026-07-01T17:04:42.839+0000] {processor.py:925} INFO - DAG(s) 'urban_data_streaming_demo' retrieved from /opt/airflow/dags/urban_data_streaming_dag.py
[2026-07-01T17:04:42.872+0000] {logging_mixin.py:190} INFO - [2026-07-01T17:04:42.872+0000] {dag.py:3239} INFO - Sync 1 DAGs
[2026-07-01T17:04:42.888+0000] {logging_mixin.py:190} INFO - [2026-07-01T17:04:42.888+0000] {dag.py:4180} INFO - Setting next_dagrun for urban_data_streaming_demo to None, run_after=None
[2026-07-01T17:04:42.914+0000] {processor.py:208} INFO - Processing /opt/airflow/dags/urban_data_streaming_dag.py took 0.114 seconds
[2026-07-01T17:05:13.793+0000] {processor.py:186} INFO - Started process (PID=3929) to work on /opt/airflow/dags/urban_data_streaming_dag.py
[2026-07-01T17:05:13.806+0000] {processor.py:914} INFO - Processing file /opt/airflow/dags/urban_data_streaming_dag.py for tasks to queue
[2026-07-01T17:05:13.835+0000] {logging_mixin.py:190} INFO - [2026-07-01T17:05:13.833+0000] {dagbag.py:588} INFO - Filling up the DagBag from /opt/airflow/dags/urban_data_streaming_dag.py
[2026-07-01T17:05:13.939+0000] {processor.py:925} INFO - DAG(s) 'urban_data_streaming_demo' retrieved from /opt/airflow/dags/urban_data_streaming_dag.py
[2026-07-01T17:05:13.973+0000] {logging_mixin.py:190} INFO - [2026-07-01T17:05:13.973+0000] {dag.py:3239} INFO - Sync 1 DAGs
[2026-07-01T17:05:13.999+0000] {logging_mixin.py:190} INFO - [2026-07-01T17:05:13.999+0000] {dag.py:4180} INFO - Setting next_dagrun for urban_data_streaming_demo to None, run_after=None
[2026-07-01T17:05:14.029+0000] {processor.py:208} INFO - Processing /opt/airflow/dags/urban_data_streaming_dag.py took 0.264 seconds
[2026-07-01T17:05:44.872+0000] {processor.py:186} INFO - Started process (PID=3940) to work on /opt/airflow/dags/urban_data_streaming_dag.py
[2026-07-01T17:05:44.873+0000] {processor.py:914} INFO - Processing file /opt/airflow/dags/urban_data_streaming_dag.py for tasks to queue
[2026-07-01T17:05:44.877+0000] {logging_mixin.py:190} INFO - [2026-07-01T17:05:44.876+0000] {dagbag.py:588} INFO - Filling up the DagBag from /opt/airflow/dags/urban_data_streaming_dag.py
[2026-07-01T17:05:44.913+0000] {processor.py:925} INFO - DAG(s) 'urban_data_streaming_demo' retrieved from /opt/airflow/dags/urban_data_streaming_dag.py
[2026-07-01T17:05:44.954+0000] {logging_mixin.py:190} INFO - [2026-07-01T17:05:44.954+0000] {dag.py:3239} INFO - Sync 1 DAGs
[2026-07-01T17:05:44.973+0000] {logging_mixin.py:190} INFO - [2026-07-01T17:05:44.973+0000] {dag.py:4180} INFO - Setting next_dagrun for urban_data_streaming_demo to None, run_after=None
[2026-07-01T17:05:45.000+0000] {processor.py:208} INFO - Processing /opt/airflow/dags/urban_data_streaming_dag.py took 0.135 seconds
[2026-07-01T17:06:15.867+0000] {processor.py:186} INFO - Started process (PID=3958) to work on /opt/airflow/dags/urban_data_streaming_dag.py
[2026-07-01T17:06:15.869+0000] {processor.py:914} INFO - Processing file /opt/airflow/dags/urban_data_streaming_dag.py for tasks to queue
[2026-07-01T17:06:15.872+0000] {logging_mixin.py:190} INFO - [2026-07-01T17:06:15.872+0000] {dagbag.py:588} INFO - Filling up the DagBag from /opt/airflow/dags/urban_data_streaming_dag.py
[2026-07-01T17:06:15.901+0000] {processor.py:925} INFO - DAG(s) 'urban_data_streaming_demo' retrieved from /opt/airflow/dags/urban_data_streaming_dag.py
[2026-07-01T17:06:15.939+0000] {logging_mixin.py:190} INFO - [2026-07-01T17:06:15.939+0000] {dag.py:3239} INFO - Sync 1 DAGs
[2026-07-01T17:06:15.957+0000] {logging_mixin.py:190} INFO - [2026-07-01T17:06:15.956+0000] {dag.py:4180} INFO - Setting next_dagrun for urban_data_streaming_demo to None, run_after=None
[2026-07-01T17:06:15.983+0000] {processor.py:208} INFO - Processing /opt/airflow/dags/urban_data_streaming_dag.py took 0.130 seconds
[2026-07-01T17:06:46.157+0000] {processor.py:186} INFO - Started process (PID=3976) to work on /opt/airflow/dags/urban_data_streaming_dag.py
[2026-07-01T17:06:46.159+0000] {processor.py:914} INFO - Processing file /opt/airflow/dags/urban_data_streaming_dag.py for tasks to queue
[2026-07-01T17:06:46.164+0000] {logging_mixin.py:190} INFO - [2026-07-01T17:06:46.163+0000] {dagbag.py:588} INFO - Filling up the DagBag from /opt/airflow/dags/urban_data_streaming_dag.py
[2026-07-01T17:06:46.213+0000] {processor.py:925} INFO - DAG(s) 'urban_data_streaming_demo' retrieved from /opt/airflow/dags/urban_data_streaming_dag.py
[2026-07-01T17:06:46.254+0000] {logging_mixin.py:190} INFO - [2026-07-01T17:06:46.254+0000] {dag.py:3239} INFO - Sync 1 DAGs
[2026-07-01T17:06:46.283+0000] {logging_mixin.py:190} INFO - [2026-07-01T17:06:46.283+0000] {dag.py:4180} INFO - Setting next_dagrun for urban_data_streaming_demo to None, run_after=None
[2026-07-01T17:06:46.310+0000] {processor.py:208} INFO - Processing /opt/airflow/dags/urban_data_streaming_dag.py took 0.161 seconds
[2026-07-01T17:07:16.721+0000] {processor.py:186} INFO - Started process (PID=3994) to work on /opt/airflow/dags/urban_data_streaming_dag.py
[2026-07-01T17:07:16.723+0000] {processor.py:914} INFO - Processing file /opt/airflow/dags/urban_data_streaming_dag.py for tasks to queue
[2026-07-01T17:07:16.733+0000] {logging_mixin.py:190} INFO - [2026-07-01T17:07:16.732+0000] {dagbag.py:588} INFO - Filling up the DagBag from /opt/airflow/dags/urban_data_streaming_dag.py
[2026-07-01T17:07:16.790+0000] {processor.py:925} INFO - DAG(s) 'urban_data_streaming_demo' retrieved from /opt/airflow/dags/urban_data_streaming_dag.py
[2026-07-01T17:07:16.892+0000] {logging_mixin.py:190} INFO - [2026-07-01T17:07:16.892+0000] {dag.py:3239} INFO - Sync 1 DAGs
[2026-07-01T17:07:16.912+0000] {logging_mixin.py:190} INFO - [2026-07-01T17:07:16.912+0000] {dag.py:4180} INFO - Setting next_dagrun for urban_data_streaming_demo to None, run_after=None
[2026-07-01T17:07:16.960+0000] {processor.py:208} INFO - Processing /opt/airflow/dags/urban_data_streaming_dag.py took 0.245 seconds
[2026-07-01T17:07:47.551+0000] {processor.py:186} INFO - Started process (PID=4012) to work on /opt/airflow/dags/urban_data_streaming_dag.py
[2026-07-01T17:07:47.552+0000] {processor.py:914} INFO - Processing file /opt/airflow/dags/urban_data_streaming_dag.py for tasks to queue
[2026-07-01T17:07:47.556+0000] {logging_mixin.py:190} INFO - [2026-07-01T17:07:47.555+0000] {dagbag.py:588} INFO - Filling up the DagBag from /opt/airflow/dags/urban_data_streaming_dag.py
[2026-07-01T17:07:47.583+0000] {processor.py:925} INFO - DAG(s) 'urban_data_streaming_demo' retrieved from /opt/airflow/dags/urban_data_streaming_dag.py
[2026-07-01T17:07:47.623+0000] {logging_mixin.py:190} INFO - [2026-07-01T17:07:47.623+0000] {dag.py:3239} INFO - Sync 1 DAGs
[2026-07-01T17:07:47.641+0000] {logging_mixin.py:190} INFO - [2026-07-01T17:07:47.641+0000] {dag.py:4180} INFO - Setting next_dagrun for urban_data_streaming_demo to None, run_after=None
[2026-07-01T17:07:47.667+0000] {processor.py:208} INFO - Processing /opt/airflow/dags/urban_data_streaming_dag.py took 0.124 seconds
[2026-07-01T17:08:17.820+0000] {processor.py:186} INFO - Started process (PID=4030) to work on /opt/airflow/dags/urban_data_streaming_dag.py
[2026-07-01T17:08:17.822+0000] {processor.py:914} INFO - Processing file /opt/airflow/dags/urban_data_streaming_dag.py for tasks to queue
[2026-07-01T17:08:17.825+0000] {logging_mixin.py:190} INFO - [2026-07-01T17:08:17.824+0000] {dagbag.py:588} INFO - Filling up the DagBag from /opt/airflow/dags/urban_data_streaming_dag.py
[2026-07-01T17:08:17.858+0000] {processor.py:925} INFO - DAG(s) 'urban_data_streaming_demo' retrieved from /opt/airflow/dags/urban_data_streaming_dag.py
[2026-07-01T17:08:17.903+0000] {logging_mixin.py:190} INFO - [2026-07-01T17:08:17.903+0000] {dag.py:3239} INFO - Sync 1 DAGs
[2026-07-01T17:08:17.933+0000] {logging_mixin.py:190} INFO - [2026-07-01T17:08:17.933+0000] {dag.py:4180} INFO - Setting next_dagrun for urban_data_streaming_demo to None, run_after=None
[2026-07-01T17:08:17.977+0000] {processor.py:208} INFO - Processing /opt/airflow/dags/urban_data_streaming_dag.py took 0.169 seconds
[2026-07-01T17:08:48.934+0000] {processor.py:186} INFO - Started process (PID=4048) to work on /opt/airflow/dags/urban_data_streaming_dag.py
[2026-07-01T17:08:48.939+0000] {processor.py:914} INFO - Processing file /opt/airflow/dags/urban_data_streaming_dag.py for tasks to queue
[2026-07-01T17:08:48.948+0000] {logging_mixin.py:190} INFO - [2026-07-01T17:08:48.947+0000] {dagbag.py:588} INFO - Filling up the DagBag from /opt/airflow/dags/urban_data_streaming_dag.py
[2026-07-01T17:08:49.146+0000] {processor.py:925} INFO - DAG(s) 'urban_data_streaming_demo' retrieved from /opt/airflow/dags/urban_data_streaming_dag.py
[2026-07-01T17:08:49.177+0000] {logging_mixin.py:190} INFO - [2026-07-01T17:08:49.177+0000] {dag.py:3239} INFO - Sync 1 DAGs
[2026-07-01T17:08:49.194+0000] {logging_mixin.py:190} INFO - [2026-07-01T17:08:49.194+0000] {dag.py:4180} INFO - Setting next_dagrun for urban_data_streaming_demo to None, run_after=None
[2026-07-01T17:08:49.217+0000] {processor.py:208} INFO - Processing /opt/airflow/dags/urban_data_streaming_dag.py took 0.312 seconds
[2026-07-01T17:09:20.145+0000] {processor.py:186} INFO - Started process (PID=4066) to work on /opt/airflow/dags/urban_data_streaming_dag.py
[2026-07-01T17:09:20.146+0000] {processor.py:914} INFO - Processing file /opt/airflow/dags/urban_data_streaming_dag.py for tasks to queue
[2026-07-01T17:09:20.149+0000] {logging_mixin.py:190} INFO - [2026-07-01T17:09:20.149+0000] {dagbag.py:588} INFO - Filling up the DagBag from /opt/airflow/dags/urban_data_streaming_dag.py
[2026-07-01T17:09:20.182+0000] {processor.py:925} INFO - DAG(s) 'urban_data_streaming_demo' retrieved from /opt/airflow/dags/urban_data_streaming_dag.py
[2026-07-01T17:09:20.222+0000] {logging_mixin.py:190} INFO - [2026-07-01T17:09:20.222+0000] {dag.py:3239} INFO - Sync 1 DAGs
[2026-07-01T17:09:20.241+0000] {logging_mixin.py:190} INFO - [2026-07-01T17:09:20.240+0000] {dag.py:4180} INFO - Setting next_dagrun for urban_data_streaming_demo to None, run_after=None
[2026-07-01T17:09:20.271+0000] {processor.py:208} INFO - Processing /opt/airflow/dags/urban_data_streaming_dag.py took 0.133 seconds
[2026-07-01T17:09:50.469+0000] {processor.py:186} INFO - Started process (PID=4083) to work on /opt/airflow/dags/urban_data_streaming_dag.py
[2026-07-01T17:09:50.471+0000] {processor.py:914} INFO - Processing file /opt/airflow/dags/urban_data_streaming_dag.py for tasks to queue
[2026-07-01T17:09:50.481+0000] {logging_mixin.py:190} INFO - [2026-07-01T17:09:50.479+0000] {dagbag.py:588} INFO - Filling up the DagBag from /opt/airflow/dags/urban_data_streaming_dag.py
[2026-07-01T17:09:50.513+0000] {processor.py:925} INFO - DAG(s) 'urban_data_streaming_demo' retrieved from /opt/airflow/dags/urban_data_streaming_dag.py
[2026-07-01T17:09:50.551+0000] {logging_mixin.py:190} INFO - [2026-07-01T17:09:50.550+0000] {dag.py:3239} INFO - Sync 1 DAGs
[2026-07-01T17:09:50.570+0000] {logging_mixin.py:190} INFO - [2026-07-01T17:09:50.570+0000] {dag.py:4180} INFO - Setting next_dagrun for urban_data_streaming_demo to None, run_after=None
[2026-07-01T17:09:50.628+0000] {processor.py:208} INFO - Processing /opt/airflow/dags/urban_data_streaming_dag.py took 0.174 seconds
[2026-07-01T17:10:21.036+0000] {processor.py:186} INFO - Started process (PID=4094) to work on /opt/airflow/dags/urban_data_streaming_dag.py
[2026-07-01T17:10:21.038+0000] {processor.py:914} INFO - Processing file /opt/airflow/dags/urban_data_streaming_dag.py for tasks to queue
[2026-07-01T17:10:21.042+0000] {logging_mixin.py:190} INFO - [2026-07-01T17:10:21.042+0000] {dagbag.py:588} INFO - Filling up the DagBag from /opt/airflow/dags/urban_data_streaming_dag.py
[2026-07-01T17:10:21.114+0000] {processor.py:925} INFO - DAG(s) 'urban_data_streaming_demo' retrieved from /opt/airflow/dags/urban_data_streaming_dag.py
[2026-07-01T17:10:21.160+0000] {logging_mixin.py:190} INFO - [2026-07-01T17:10:21.160+0000] {dag.py:3239} INFO - Sync 1 DAGs
[2026-07-01T17:10:21.176+0000] {logging_mixin.py:190} INFO - [2026-07-01T17:10:21.175+0000] {dag.py:4180} INFO - Setting next_dagrun for urban_data_streaming_demo to None, run_after=None
[2026-07-01T17:10:21.208+0000] {processor.py:208} INFO - Processing /opt/airflow/dags/urban_data_streaming_dag.py took 0.184 seconds
[2026-07-01T17:10:51.492+0000] {processor.py:186} INFO - Started process (PID=4112) to work on /opt/airflow/dags/urban_data_streaming_dag.py
[2026-07-01T17:10:51.495+0000] {processor.py:914} INFO - Processing file /opt/airflow/dags/urban_data_streaming_dag.py for tasks to queue
[2026-07-01T17:10:51.500+0000] {logging_mixin.py:190} INFO - [2026-07-01T17:10:51.500+0000] {dagbag.py:588} INFO - Filling up the DagBag from /opt/airflow/dags/urban_data_streaming_dag.py
[2026-07-01T17:10:51.552+0000] {processor.py:925} INFO - DAG(s) 'urban_data_streaming_demo' retrieved from /opt/airflow/dags/urban_data_streaming_dag.py
[2026-07-01T17:10:51.594+0000] {logging_mixin.py:190} INFO - [2026-07-01T17:10:51.594+0000] {dag.py:3239} INFO - Sync 1 DAGs
[2026-07-01T17:10:51.610+0000] {logging_mixin.py:190} INFO - [2026-07-01T17:10:51.610+0000] {dag.py:4180} INFO - Setting next_dagrun for urban_data_streaming_demo to None, run_after=None
[2026-07-01T17:10:51.638+0000] {processor.py:208} INFO - Processing /opt/airflow/dags/urban_data_streaming_dag.py took 0.164 seconds
[2026-07-01T17:11:22.524+0000] {processor.py:186} INFO - Started process (PID=4130) to work on /opt/airflow/dags/urban_data_streaming_dag.py
[2026-07-01T17:11:22.527+0000] {processor.py:914} INFO - Processing file /opt/airflow/dags/urban_data_streaming_dag.py for tasks to queue
[2026-07-01T17:11:22.533+0000] {logging_mixin.py:190} INFO - [2026-07-01T17:11:22.532+0000] {dagbag.py:588} INFO - Filling up the DagBag from /opt/airflow/dags/urban_data_streaming_dag.py
[2026-07-01T17:11:22.571+0000] {processor.py:925} INFO - DAG(s) 'urban_data_streaming_demo' retrieved from /opt/airflow/dags/urban_data_streaming_dag.py
[2026-07-01T17:11:22.617+0000] {logging_mixin.py:190} INFO - [2026-07-01T17:11:22.617+0000] {dag.py:3239} INFO - Sync 1 DAGs
[2026-07-01T17:11:22.633+0000] {logging_mixin.py:190} INFO - [2026-07-01T17:11:22.633+0000] {dag.py:4180} INFO - Setting next_dagrun for urban_data_streaming_demo to None, run_after=None
[2026-07-01T17:11:22.664+0000] {processor.py:208} INFO - Processing /opt/airflow/dags/urban_data_streaming_dag.py took 0.151 seconds
[2026-07-01T17:11:53.239+0000] {processor.py:186} INFO - Started process (PID=4148) to work on /opt/airflow/dags/urban_data_streaming_dag.py
[2026-07-01T17:11:53.241+0000] {processor.py:914} INFO - Processing file /opt/airflow/dags/urban_data_streaming_dag.py for tasks to queue
[2026-07-01T17:11:53.247+0000] {logging_mixin.py:190} INFO - [2026-07-01T17:11:53.246+0000] {dagbag.py:588} INFO - Filling up the DagBag from /opt/airflow/dags/urban_data_streaming_dag.py
[2026-07-01T17:11:53.305+0000] {processor.py:925} INFO - DAG(s) 'urban_data_streaming_demo' retrieved from /opt/airflow/dags/urban_data_streaming_dag.py
[2026-07-01T17:11:53.380+0000] {logging_mixin.py:190} INFO - [2026-07-01T17:11:53.379+0000] {dag.py:3239} INFO - Sync 1 DAGs
[2026-07-01T17:11:53.400+0000] {logging_mixin.py:190} INFO - [2026-07-01T17:11:53.400+0000] {dag.py:4180} INFO - Setting next_dagrun for urban_data_streaming_demo to None, run_after=None
[2026-07-01T17:11:53.433+0000] {processor.py:208} INFO - Processing /opt/airflow/dags/urban_data_streaming_dag.py took 0.206 seconds
[2026-07-01T17:12:24.019+0000] {processor.py:186} INFO - Started process (PID=4166) to work on /opt/airflow/dags/urban_data_streaming_dag.py
[2026-07-01T17:12:24.021+0000] {processor.py:914} INFO - Processing file /opt/airflow/dags/urban_data_streaming_dag.py for tasks to queue
[2026-07-01T17:12:24.026+0000] {logging_mixin.py:190} INFO - [2026-07-01T17:12:24.026+0000] {dagbag.py:588} INFO - Filling up the DagBag from /opt/airflow/dags/urban_data_streaming_dag.py
[2026-07-01T17:12:24.083+0000] {processor.py:925} INFO - DAG(s) 'urban_data_streaming_demo' retrieved from /opt/airflow/dags/urban_data_streaming_dag.py
[2026-07-01T17:12:24.123+0000] {logging_mixin.py:190} INFO - [2026-07-01T17:12:24.123+0000] {dag.py:3239} INFO - Sync 1 DAGs
[2026-07-01T17:12:24.139+0000] {logging_mixin.py:190} INFO - [2026-07-01T17:12:24.139+0000] {dag.py:4180} INFO - Setting next_dagrun for urban_data_streaming_demo to None, run_after=None
[2026-07-01T17:12:24.165+0000] {processor.py:208} INFO - Processing /opt/airflow/dags/urban_data_streaming_dag.py took 0.170 seconds
[2026-07-01T17:12:54.518+0000] {processor.py:186} INFO - Started process (PID=4184) to work on /opt/airflow/dags/urban_data_streaming_dag.py
[2026-07-01T17:12:54.519+0000] {processor.py:914} INFO - Processing file /opt/airflow/dags/urban_data_streaming_dag.py for tasks to queue
[2026-07-01T17:12:54.523+0000] {logging_mixin.py:190} INFO - [2026-07-01T17:12:54.522+0000] {dagbag.py:588} INFO - Filling up the DagBag from /opt/airflow/dags/urban_data_streaming_dag.py
[2026-07-01T17:12:54.553+0000] {processor.py:925} INFO - DAG(s) 'urban_data_streaming_demo' retrieved from /opt/airflow/dags/urban_data_streaming_dag.py
[2026-07-01T17:12:54.587+0000] {logging_mixin.py:190} INFO - [2026-07-01T17:12:54.586+0000] {dag.py:3239} INFO - Sync 1 DAGs
[2026-07-01T17:12:54.605+0000] {logging_mixin.py:190} INFO - [2026-07-01T17:12:54.605+0000] {dag.py:4180} INFO - Setting next_dagrun for urban_data_streaming_demo to None, run_after=None
[2026-07-01T17:12:54.632+0000] {processor.py:208} INFO - Processing /opt/airflow/dags/urban_data_streaming_dag.py took 0.123 seconds
[2026-07-01T17:13:25.303+0000] {processor.py:186} INFO - Started process (PID=4202) to work on /opt/airflow/dags/urban_data_streaming_dag.py
[2026-07-01T17:13:25.304+0000] {processor.py:914} INFO - Processing file /opt/airflow/dags/urban_data_streaming_dag.py for tasks to queue
[2026-07-01T17:13:25.307+0000] {logging_mixin.py:190} INFO - [2026-07-01T17:13:25.307+0000] {dagbag.py:588} INFO - Filling up the DagBag from /opt/airflow/dags/urban_data_streaming_dag.py
[2026-07-01T17:13:25.350+0000] {processor.py:925} INFO - DAG(s) 'urban_data_streaming_demo' retrieved from /opt/airflow/dags/urban_data_streaming_dag.py
[2026-07-01T17:13:25.384+0000] {logging_mixin.py:190} INFO - [2026-07-01T17:13:25.384+0000] {dag.py:3239} INFO - Sync 1 DAGs
[2026-07-01T17:13:25.415+0000] {logging_mixin.py:190} INFO - [2026-07-01T17:13:25.414+0000] {dag.py:4180} INFO - Setting next_dagrun for urban_data_streaming_demo to None, run_after=None
[2026-07-01T17:13:25.451+0000] {processor.py:208} INFO - Processing /opt/airflow/dags/urban_data_streaming_dag.py took 0.156 seconds
[2026-07-01T17:13:55.799+0000] {processor.py:186} INFO - Started process (PID=4220) to work on /opt/airflow/dags/urban_data_streaming_dag.py
[2026-07-01T17:13:55.802+0000] {processor.py:914} INFO - Processing file /opt/airflow/dags/urban_data_streaming_dag.py for tasks to queue
[2026-07-01T17:13:55.808+0000] {logging_mixin.py:190} INFO - [2026-07-01T17:13:55.807+0000] {dagbag.py:588} INFO - Filling up the DagBag from /opt/airflow/dags/urban_data_streaming_dag.py
[2026-07-01T17:13:55.889+0000] {processor.py:925} INFO - DAG(s) 'urban_data_streaming_demo' retrieved from /opt/airflow/dags/urban_data_streaming_dag.py
[2026-07-01T17:13:55.935+0000] {logging_mixin.py:190} INFO - [2026-07-01T17:13:55.934+0000] {dag.py:3239} INFO - Sync 1 DAGs
[2026-07-01T17:13:55.959+0000] {logging_mixin.py:190} INFO - [2026-07-01T17:13:55.959+0000] {dag.py:4180} INFO - Setting next_dagrun for urban_data_streaming_demo to None, run_after=None
[2026-07-01T17:13:56.006+0000] {processor.py:208} INFO - Processing /opt/airflow/dags/urban_data_streaming_dag.py took 0.225 seconds
[2026-07-01T17:14:26.748+0000] {processor.py:186} INFO - Started process (PID=4237) to work on /opt/airflow/dags/urban_data_streaming_dag.py
[2026-07-01T17:14:26.750+0000] {processor.py:914} INFO - Processing file /opt/airflow/dags/urban_data_streaming_dag.py for tasks to queue
[2026-07-01T17:14:26.754+0000] {logging_mixin.py:190} INFO - [2026-07-01T17:14:26.754+0000] {dagbag.py:588} INFO - Filling up the DagBag from /opt/airflow/dags/urban_data_streaming_dag.py
[2026-07-01T17:14:26.791+0000] {processor.py:925} INFO - DAG(s) 'urban_data_streaming_demo' retrieved from /opt/airflow/dags/urban_data_streaming_dag.py
[2026-07-01T17:14:26.859+0000] {logging_mixin.py:190} INFO - [2026-07-01T17:14:26.858+0000] {dag.py:3239} INFO - Sync 1 DAGs
[2026-07-01T17:14:26.894+0000] {logging_mixin.py:190} INFO - [2026-07-01T17:14:26.894+0000] {dag.py:4180} INFO - Setting next_dagrun for urban_data_streaming_demo to None, run_after=None
[2026-07-01T17:14:26.921+0000] {processor.py:208} INFO - Processing /opt/airflow/dags/urban_data_streaming_dag.py took 0.181 seconds
[2026-07-01T17:14:57.822+0000] {processor.py:186} INFO - Started process (PID=4248) to work on /opt/airflow/dags/urban_data_streaming_dag.py
[2026-07-01T17:14:57.824+0000] {processor.py:914} INFO - Processing file /opt/airflow/dags/urban_data_streaming_dag.py for tasks to queue
[2026-07-01T17:14:57.834+0000] {logging_mixin.py:190} INFO - [2026-07-01T17:14:57.832+0000] {dagbag.py:588} INFO - Filling up the DagBag from /opt/airflow/dags/urban_data_streaming_dag.py
[2026-07-01T17:14:57.902+0000] {processor.py:925} INFO - DAG(s) 'urban_data_streaming_demo' retrieved from /opt/airflow/dags/urban_data_streaming_dag.py
[2026-07-01T17:14:57.951+0000] {logging_mixin.py:190} INFO - [2026-07-01T17:14:57.950+0000] {dag.py:3239} INFO - Sync 1 DAGs
[2026-07-01T17:14:57.966+0000] {logging_mixin.py:190} INFO - [2026-07-01T17:14:57.965+0000] {dag.py:4180} INFO - Setting next_dagrun for urban_data_streaming_demo to None, run_after=None
[2026-07-01T17:14:57.992+0000] {processor.py:208} INFO - Processing /opt/airflow/dags/urban_data_streaming_dag.py took 0.190 seconds
[2026-07-01T17:15:28.703+0000] {processor.py:186} INFO - Started process (PID=4266) to work on /opt/airflow/dags/urban_data_streaming_dag.py
[2026-07-01T17:15:28.705+0000] {processor.py:914} INFO - Processing file /opt/airflow/dags/urban_data_streaming_dag.py for tasks to queue
[2026-07-01T17:15:28.709+0000] {logging_mixin.py:190} INFO - [2026-07-01T17:15:28.708+0000] {dagbag.py:588} INFO - Filling up the DagBag from /opt/airflow/dags/urban_data_streaming_dag.py
[2026-07-01T17:15:28.747+0000] {processor.py:925} INFO - DAG(s) 'urban_data_streaming_demo' retrieved from /opt/airflow/dags/urban_data_streaming_dag.py
[2026-07-01T17:15:28.784+0000] {logging_mixin.py:190} INFO - [2026-07-01T17:15:28.783+0000] {dag.py:3239} INFO - Sync 1 DAGs
[2026-07-01T17:15:28.800+0000] {logging_mixin.py:190} INFO - [2026-07-01T17:15:28.800+0000] {dag.py:4180} INFO - Setting next_dagrun for urban_data_streaming_demo to None, run_after=None
[2026-07-01T17:15:28.831+0000] {processor.py:208} INFO - Processing /opt/airflow/dags/urban_data_streaming_dag.py took 0.146 seconds
[2026-07-01T17:15:59.233+0000] {processor.py:186} INFO - Started process (PID=4284) to work on /opt/airflow/dags/urban_data_streaming_dag.py
[2026-07-01T17:15:59.236+0000] {processor.py:914} INFO - Processing file /opt/airflow/dags/urban_data_streaming_dag.py for tasks to queue
[2026-07-01T17:15:59.242+0000] {logging_mixin.py:190} INFO - [2026-07-01T17:15:59.242+0000] {dagbag.py:588} INFO - Filling up the DagBag from /opt/airflow/dags/urban_data_streaming_dag.py
[2026-07-01T17:15:59.311+0000] {processor.py:925} INFO - DAG(s) 'urban_data_streaming_demo' retrieved from /opt/airflow/dags/urban_data_streaming_dag.py
[2026-07-01T17:15:59.352+0000] {logging_mixin.py:190} INFO - [2026-07-01T17:15:59.351+0000] {dag.py:3239} INFO - Sync 1 DAGs
[2026-07-01T17:15:59.370+0000] {logging_mixin.py:190} INFO - [2026-07-01T17:15:59.370+0000] {dag.py:4180} INFO - Setting next_dagrun for urban_data_streaming_demo to None, run_after=None
[2026-07-01T17:15:59.438+0000] {processor.py:208} INFO - Processing /opt/airflow/dags/urban_data_streaming_dag.py took 0.223 seconds
[2026-07-01T17:16:29.688+0000] {processor.py:186} INFO - Started process (PID=4302) to work on /opt/airflow/dags/urban_data_streaming_dag.py
[2026-07-01T17:16:29.690+0000] {processor.py:914} INFO - Processing file /opt/airflow/dags/urban_data_streaming_dag.py for tasks to queue
[2026-07-01T17:16:29.694+0000] {logging_mixin.py:190} INFO - [2026-07-01T17:16:29.694+0000] {dagbag.py:588} INFO - Filling up the DagBag from /opt/airflow/dags/urban_data_streaming_dag.py
[2026-07-01T17:16:29.827+0000] {processor.py:925} INFO - DAG(s) 'urban_data_streaming_demo' retrieved from /opt/airflow/dags/urban_data_streaming_dag.py
[2026-07-01T17:16:29.916+0000] {logging_mixin.py:190} INFO - [2026-07-01T17:16:29.915+0000] {dag.py:3239} INFO - Sync 1 DAGs
[2026-07-01T17:16:29.948+0000] {logging_mixin.py:190} INFO - [2026-07-01T17:16:29.948+0000] {dag.py:4180} INFO - Setting next_dagrun for urban_data_streaming_demo to None, run_after=None
[2026-07-01T17:16:29.997+0000] {processor.py:208} INFO - Processing /opt/airflow/dags/urban_data_streaming_dag.py took 0.319 seconds
[2026-07-01T17:17:00.471+0000] {processor.py:186} INFO - Started process (PID=4320) to work on /opt/airflow/dags/urban_data_streaming_dag.py
[2026-07-01T17:17:00.474+0000] {processor.py:914} INFO - Processing file /opt/airflow/dags/urban_data_streaming_dag.py for tasks to queue
[2026-07-01T17:17:00.487+0000] {logging_mixin.py:190} INFO - [2026-07-01T17:17:00.485+0000] {dagbag.py:588} INFO - Filling up the DagBag from /opt/airflow/dags/urban_data_streaming_dag.py
[2026-07-01T17:17:00.546+0000] {processor.py:925} INFO - DAG(s) 'urban_data_streaming_demo' retrieved from /opt/airflow/dags/urban_data_streaming_dag.py
[2026-07-01T17:17:00.582+0000] {logging_mixin.py:190} INFO - [2026-07-01T17:17:00.582+0000] {dag.py:3239} INFO - Sync 1 DAGs
[2026-07-01T17:17:00.602+0000] {logging_mixin.py:190} INFO - [2026-07-01T17:17:00.601+0000] {dag.py:4180} INFO - Setting next_dagrun for urban_data_streaming_demo to None, run_after=None
[2026-07-01T17:17:00.625+0000] {processor.py:208} INFO - Processing /opt/airflow/dags/urban_data_streaming_dag.py took 0.182 seconds
[2026-07-01T17:17:30.960+0000] {processor.py:186} INFO - Started process (PID=4338) to work on /opt/airflow/dags/urban_data_streaming_dag.py
[2026-07-01T17:17:30.964+0000] {processor.py:914} INFO - Processing file /opt/airflow/dags/urban_data_streaming_dag.py for tasks to queue
[2026-07-01T17:17:30.972+0000] {logging_mixin.py:190} INFO - [2026-07-01T17:17:30.971+0000] {dagbag.py:588} INFO - Filling up the DagBag from /opt/airflow/dags/urban_data_streaming_dag.py
[2026-07-01T17:17:31.045+0000] {processor.py:925} INFO - DAG(s) 'urban_data_streaming_demo' retrieved from /opt/airflow/dags/urban_data_streaming_dag.py
[2026-07-01T17:17:31.138+0000] {logging_mixin.py:190} INFO - [2026-07-01T17:17:31.138+0000] {dag.py:3239} INFO - Sync 1 DAGs
[2026-07-01T17:17:31.168+0000] {logging_mixin.py:190} INFO - [2026-07-01T17:17:31.168+0000] {dag.py:4180} INFO - Setting next_dagrun for urban_data_streaming_demo to None, run_after=None
[2026-07-01T17:17:31.207+0000] {processor.py:208} INFO - Processing /opt/airflow/dags/urban_data_streaming_dag.py took 0.264 seconds
[2026-07-01T17:18:02.248+0000] {processor.py:186} INFO - Started process (PID=4356) to work on /opt/airflow/dags/urban_data_streaming_dag.py
[2026-07-01T17:18:02.251+0000] {processor.py:914} INFO - Processing file /opt/airflow/dags/urban_data_streaming_dag.py for tasks to queue
[2026-07-01T17:18:02.258+0000] {logging_mixin.py:190} INFO - [2026-07-01T17:18:02.257+0000] {dagbag.py:588} INFO - Filling up the DagBag from /opt/airflow/dags/urban_data_streaming_dag.py
[2026-07-01T17:18:02.301+0000] {processor.py:925} INFO - DAG(s) 'urban_data_streaming_demo' retrieved from /opt/airflow/dags/urban_data_streaming_dag.py
[2026-07-01T17:18:02.389+0000] {logging_mixin.py:190} INFO - [2026-07-01T17:18:02.388+0000] {dag.py:3239} INFO - Sync 1 DAGs
[2026-07-01T17:18:02.415+0000] {logging_mixin.py:190} INFO - [2026-07-01T17:18:02.415+0000] {dag.py:4180} INFO - Setting next_dagrun for urban_data_streaming_demo to None, run_after=None
[2026-07-01T17:18:02.444+0000] {processor.py:208} INFO - Processing /opt/airflow/dags/urban_data_streaming_dag.py took 0.205 seconds
[2026-07-01T17:18:32.724+0000] {processor.py:186} INFO - Started process (PID=4374) to work on /opt/airflow/dags/urban_data_streaming_dag.py
[2026-07-01T17:18:32.732+0000] {processor.py:914} INFO - Processing file /opt/airflow/dags/urban_data_streaming_dag.py for tasks to queue
[2026-07-01T17:18:32.741+0000] {logging_mixin.py:190} INFO - [2026-07-01T17:18:32.741+0000] {dagbag.py:588} INFO - Filling up the DagBag from /opt/airflow/dags/urban_data_streaming_dag.py
[2026-07-01T17:18:32.819+0000] {processor.py:925} INFO - DAG(s) 'urban_data_streaming_demo' retrieved from /opt/airflow/dags/urban_data_streaming_dag.py
[2026-07-01T17:18:32.855+0000] {logging_mixin.py:190} INFO - [2026-07-01T17:18:32.854+0000] {dag.py:3239} INFO - Sync 1 DAGs
[2026-07-01T17:18:32.882+0000] {logging_mixin.py:190} INFO - [2026-07-01T17:18:32.882+0000] {dag.py:4180} INFO - Setting next_dagrun for urban_data_streaming_demo to None, run_after=None
[2026-07-01T17:18:32.961+0000] {processor.py:208} INFO - Processing /opt/airflow/dags/urban_data_streaming_dag.py took 0.266 seconds
[2026-07-01T17:19:03.563+0000] {processor.py:186} INFO - Started process (PID=4392) to work on /opt/airflow/dags/urban_data_streaming_dag.py
[2026-07-01T17:19:03.565+0000] {processor.py:914} INFO - Processing file /opt/airflow/dags/urban_data_streaming_dag.py for tasks to queue
[2026-07-01T17:19:03.569+0000] {logging_mixin.py:190} INFO - [2026-07-01T17:19:03.569+0000] {dagbag.py:588} INFO - Filling up the DagBag from /opt/airflow/dags/urban_data_streaming_dag.py
[2026-07-01T17:19:03.612+0000] {processor.py:925} INFO - DAG(s) 'urban_data_streaming_demo' retrieved from /opt/airflow/dags/urban_data_streaming_dag.py
[2026-07-01T17:19:03.652+0000] {logging_mixin.py:190} INFO - [2026-07-01T17:19:03.651+0000] {dag.py:3239} INFO - Sync 1 DAGs
[2026-07-01T17:19:03.676+0000] {logging_mixin.py:190} INFO - [2026-07-01T17:19:03.676+0000] {dag.py:4180} INFO - Setting next_dagrun for urban_data_streaming_demo to None, run_after=None
[2026-07-01T17:19:03.701+0000] {processor.py:208} INFO - Processing /opt/airflow/dags/urban_data_streaming_dag.py took 0.149 seconds
[2026-07-01T17:19:33.922+0000] {processor.py:186} INFO - Started process (PID=4409) to work on /opt/airflow/dags/urban_data_streaming_dag.py
[2026-07-01T17:19:33.926+0000] {processor.py:914} INFO - Processing file /opt/airflow/dags/urban_data_streaming_dag.py for tasks to queue
[2026-07-01T17:19:33.931+0000] {logging_mixin.py:190} INFO - [2026-07-01T17:19:33.930+0000] {dagbag.py:588} INFO - Filling up the DagBag from /opt/airflow/dags/urban_data_streaming_dag.py
[2026-07-01T17:19:33.963+0000] {processor.py:925} INFO - DAG(s) 'urban_data_streaming_demo' retrieved from /opt/airflow/dags/urban_data_streaming_dag.py
[2026-07-01T17:19:33.996+0000] {logging_mixin.py:190} INFO - [2026-07-01T17:19:33.995+0000] {dag.py:3239} INFO - Sync 1 DAGs
[2026-07-01T17:19:34.012+0000] {logging_mixin.py:190} INFO - [2026-07-01T17:19:34.011+0000] {dag.py:4180} INFO - Setting next_dagrun for urban_data_streaming_demo to None, run_after=None
[2026-07-01T17:19:34.037+0000] {processor.py:208} INFO - Processing /opt/airflow/dags/urban_data_streaming_dag.py took 0.128 seconds
[2026-07-01T17:20:04.829+0000] {processor.py:186} INFO - Started process (PID=4420) to work on /opt/airflow/dags/urban_data_streaming_dag.py
[2026-07-01T17:20:04.831+0000] {processor.py:914} INFO - Processing file /opt/airflow/dags/urban_data_streaming_dag.py for tasks to queue
[2026-07-01T17:20:04.836+0000] {logging_mixin.py:190} INFO - [2026-07-01T17:20:04.836+0000] {dagbag.py:588} INFO - Filling up the DagBag from /opt/airflow/dags/urban_data_streaming_dag.py
[2026-07-01T17:20:04.868+0000] {processor.py:925} INFO - DAG(s) 'urban_data_streaming_demo' retrieved from /opt/airflow/dags/urban_data_streaming_dag.py
[2026-07-01T17:20:04.900+0000] {logging_mixin.py:190} INFO - [2026-07-01T17:20:04.900+0000] {dag.py:3239} INFO - Sync 1 DAGs
[2026-07-01T17:20:04.917+0000] {logging_mixin.py:190} INFO - [2026-07-01T17:20:04.917+0000] {dag.py:4180} INFO - Setting next_dagrun for urban_data_streaming_demo to None, run_after=None
[2026-07-01T17:20:04.940+0000] {processor.py:208} INFO - Processing /opt/airflow/dags/urban_data_streaming_dag.py took 0.122 seconds
[2026-07-01T17:20:35.104+0000] {processor.py:186} INFO - Started process (PID=4438) to work on /opt/airflow/dags/urban_data_streaming_dag.py
[2026-07-01T17:20:35.106+0000] {processor.py:914} INFO - Processing file /opt/airflow/dags/urban_data_streaming_dag.py for tasks to queue
[2026-07-01T17:20:35.112+0000] {logging_mixin.py:190} INFO - [2026-07-01T17:20:35.112+0000] {dagbag.py:588} INFO - Filling up the DagBag from /opt/airflow/dags/urban_data_streaming_dag.py
[2026-07-01T17:20:35.156+0000] {processor.py:925} INFO - DAG(s) 'urban_data_streaming_demo' retrieved from /opt/airflow/dags/urban_data_streaming_dag.py
[2026-07-01T17:20:35.220+0000] {logging_mixin.py:190} INFO - [2026-07-01T17:20:35.220+0000] {dag.py:3239} INFO - Sync 1 DAGs
[2026-07-01T17:20:35.242+0000] {logging_mixin.py:190} INFO - [2026-07-01T17:20:35.242+0000] {dag.py:4180} INFO - Setting next_dagrun for urban_data_streaming_demo to None, run_after=None
[2026-07-01T17:20:35.285+0000] {processor.py:208} INFO - Processing /opt/airflow/dags/urban_data_streaming_dag.py took 0.197 seconds
[2026-07-01T17:21:06.111+0000] {processor.py:186} INFO - Started process (PID=4456) to work on /opt/airflow/dags/urban_data_streaming_dag.py
[2026-07-01T17:21:06.112+0000] {processor.py:914} INFO - Processing file /opt/airflow/dags/urban_data_streaming_dag.py for tasks to queue
[2026-07-01T17:21:06.115+0000] {logging_mixin.py:190} INFO - [2026-07-01T17:21:06.114+0000] {dagbag.py:588} INFO - Filling up the DagBag from /opt/airflow/dags/urban_data_streaming_dag.py
[2026-07-01T17:21:06.139+0000] {processor.py:925} INFO - DAG(s) 'urban_data_streaming_demo' retrieved from /opt/airflow/dags/urban_data_streaming_dag.py
[2026-07-01T17:21:06.169+0000] {logging_mixin.py:190} INFO - [2026-07-01T17:21:06.169+0000] {dag.py:3239} INFO - Sync 1 DAGs
[2026-07-01T17:21:06.184+0000] {logging_mixin.py:190} INFO - [2026-07-01T17:21:06.184+0000] {dag.py:4180} INFO - Setting next_dagrun for urban_data_streaming_demo to None, run_after=None
[2026-07-01T17:21:06.211+0000] {processor.py:208} INFO - Processing /opt/airflow/dags/urban_data_streaming_dag.py took 0.108 seconds
[2026-07-01T17:21:37.019+0000] {processor.py:186} INFO - Started process (PID=4474) to work on /opt/airflow/dags/urban_data_streaming_dag.py
[2026-07-01T17:21:37.021+0000] {processor.py:914} INFO - Processing file /opt/airflow/dags/urban_data_streaming_dag.py for tasks to queue
[2026-07-01T17:21:37.026+0000] {logging_mixin.py:190} INFO - [2026-07-01T17:21:37.026+0000] {dagbag.py:588} INFO - Filling up the DagBag from /opt/airflow/dags/urban_data_streaming_dag.py
[2026-07-01T17:21:37.052+0000] {processor.py:925} INFO - DAG(s) 'urban_data_streaming_demo' retrieved from /opt/airflow/dags/urban_data_streaming_dag.py
[2026-07-01T17:21:37.084+0000] {logging_mixin.py:190} INFO - [2026-07-01T17:21:37.083+0000] {dag.py:3239} INFO - Sync 1 DAGs
[2026-07-01T17:21:37.099+0000] {logging_mixin.py:190} INFO - [2026-07-01T17:21:37.098+0000] {dag.py:4180} INFO - Setting next_dagrun for urban_data_streaming_demo to None, run_after=None
[2026-07-01T17:21:37.125+0000] {processor.py:208} INFO - Processing /opt/airflow/dags/urban_data_streaming_dag.py took 0.127 seconds
[2026-07-01T17:22:08.091+0000] {processor.py:186} INFO - Started process (PID=4492) to work on /opt/airflow/dags/urban_data_streaming_dag.py
[2026-07-01T17:22:08.095+0000] {processor.py:914} INFO - Processing file /opt/airflow/dags/urban_data_streaming_dag.py for tasks to queue
[2026-07-01T17:22:08.109+0000] {logging_mixin.py:190} INFO - [2026-07-01T17:22:08.107+0000] {dagbag.py:588} INFO - Filling up the DagBag from /opt/airflow/dags/urban_data_streaming_dag.py
[2026-07-01T17:22:08.226+0000] {processor.py:925} INFO - DAG(s) 'urban_data_streaming_demo' retrieved from /opt/airflow/dags/urban_data_streaming_dag.py
[2026-07-01T17:22:08.309+0000] {logging_mixin.py:190} INFO - [2026-07-01T17:22:08.309+0000] {dag.py:3239} INFO - Sync 1 DAGs
[2026-07-01T17:22:08.339+0000] {logging_mixin.py:190} INFO - [2026-07-01T17:22:08.339+0000] {dag.py:4180} INFO - Setting next_dagrun for urban_data_streaming_demo to None, run_after=None
[2026-07-01T17:22:08.375+0000] {processor.py:208} INFO - Processing /opt/airflow/dags/urban_data_streaming_dag.py took 0.302 seconds
[2026-07-01T17:22:38.516+0000] {processor.py:186} INFO - Started process (PID=4510) to work on /opt/airflow/dags/urban_data_streaming_dag.py
[2026-07-01T17:22:38.519+0000] {processor.py:914} INFO - Processing file /opt/airflow/dags/urban_data_streaming_dag.py for tasks to queue
[2026-07-01T17:22:38.523+0000] {logging_mixin.py:190} INFO - [2026-07-01T17:22:38.523+0000] {dagbag.py:588} INFO - Filling up the DagBag from /opt/airflow/dags/urban_data_streaming_dag.py
[2026-07-01T17:22:38.547+0000] {processor.py:925} INFO - DAG(s) 'urban_data_streaming_demo' retrieved from /opt/airflow/dags/urban_data_streaming_dag.py
[2026-07-01T17:22:38.579+0000] {logging_mixin.py:190} INFO - [2026-07-01T17:22:38.579+0000] {dag.py:3239} INFO - Sync 1 DAGs
[2026-07-01T17:22:38.596+0000] {logging_mixin.py:190} INFO - [2026-07-01T17:22:38.596+0000] {dag.py:4180} INFO - Setting next_dagrun for urban_data_streaming_demo to None, run_after=None
[2026-07-01T17:22:38.622+0000] {processor.py:208} INFO - Processing /opt/airflow/dags/urban_data_streaming_dag.py took 0.112 seconds
[2026-07-01T17:23:08.689+0000] {processor.py:186} INFO - Started process (PID=4528) to work on /opt/airflow/dags/urban_data_streaming_dag.py
[2026-07-01T17:23:08.691+0000] {processor.py:914} INFO - Processing file /opt/airflow/dags/urban_data_streaming_dag.py for tasks to queue
[2026-07-01T17:23:08.695+0000] {logging_mixin.py:190} INFO - [2026-07-01T17:23:08.694+0000] {dagbag.py:588} INFO - Filling up the DagBag from /opt/airflow/dags/urban_data_streaming_dag.py
[2026-07-01T17:23:08.718+0000] {processor.py:925} INFO - DAG(s) 'urban_data_streaming_demo' retrieved from /opt/airflow/dags/urban_data_streaming_dag.py
[2026-07-01T17:23:08.750+0000] {logging_mixin.py:190} INFO - [2026-07-01T17:23:08.750+0000] {dag.py:3239} INFO - Sync 1 DAGs
[2026-07-01T17:23:08.766+0000] {logging_mixin.py:190} INFO - [2026-07-01T17:23:08.766+0000] {dag.py:4180} INFO - Setting next_dagrun for urban_data_streaming_demo to None, run_after=None
[2026-07-01T17:23:08.793+0000] {processor.py:208} INFO - Processing /opt/airflow/dags/urban_data_streaming_dag.py took 0.111 seconds
[2026-07-01T17:23:39.075+0000] {processor.py:186} INFO - Started process (PID=4546) to work on /opt/airflow/dags/urban_data_streaming_dag.py
[2026-07-01T17:23:39.078+0000] {processor.py:914} INFO - Processing file /opt/airflow/dags/urban_data_streaming_dag.py for tasks to queue
[2026-07-01T17:23:39.084+0000] {logging_mixin.py:190} INFO - [2026-07-01T17:23:39.083+0000] {dagbag.py:588} INFO - Filling up the DagBag from /opt/airflow/dags/urban_data_streaming_dag.py
[2026-07-01T17:23:39.193+0000] {processor.py:925} INFO - DAG(s) 'urban_data_streaming_demo' retrieved from /opt/airflow/dags/urban_data_streaming_dag.py
[2026-07-01T17:23:39.238+0000] {logging_mixin.py:190} INFO - [2026-07-01T17:23:39.238+0000] {dag.py:3239} INFO - Sync 1 DAGs
[2026-07-01T17:23:39.255+0000] {logging_mixin.py:190} INFO - [2026-07-01T17:23:39.254+0000] {dag.py:4180} INFO - Setting next_dagrun for urban_data_streaming_demo to None, run_after=None
[2026-07-01T17:23:39.280+0000] {processor.py:208} INFO - Processing /opt/airflow/dags/urban_data_streaming_dag.py took 0.220 seconds
[2026-07-01T17:24:09.971+0000] {processor.py:186} INFO - Started process (PID=4564) to work on /opt/airflow/dags/urban_data_streaming_dag.py
[2026-07-01T17:24:09.973+0000] {processor.py:914} INFO - Processing file /opt/airflow/dags/urban_data_streaming_dag.py for tasks to queue
[2026-07-01T17:24:09.978+0000] {logging_mixin.py:190} INFO - [2026-07-01T17:24:09.977+0000] {dagbag.py:588} INFO - Filling up the DagBag from /opt/airflow/dags/urban_data_streaming_dag.py
[2026-07-01T17:24:10.006+0000] {processor.py:925} INFO - DAG(s) 'urban_data_streaming_demo' retrieved from /opt/airflow/dags/urban_data_streaming_dag.py
[2026-07-01T17:24:10.042+0000] {logging_mixin.py:190} INFO - [2026-07-01T17:24:10.041+0000] {dag.py:3239} INFO - Sync 1 DAGs
[2026-07-01T17:24:10.062+0000] {logging_mixin.py:190} INFO - [2026-07-01T17:24:10.062+0000] {dag.py:4180} INFO - Setting next_dagrun for urban_data_streaming_demo to None, run_after=None
[2026-07-01T17:24:10.090+0000] {processor.py:208} INFO - Processing /opt/airflow/dags/urban_data_streaming_dag.py took 0.126 seconds
[2026-07-01T17:24:40.388+0000] {processor.py:186} INFO - Started process (PID=4581) to work on /opt/airflow/dags/urban_data_streaming_dag.py
[2026-07-01T17:24:40.390+0000] {processor.py:914} INFO - Processing file /opt/airflow/dags/urban_data_streaming_dag.py for tasks to queue
[2026-07-01T17:24:40.394+0000] {logging_mixin.py:190} INFO - [2026-07-01T17:24:40.393+0000] {dagbag.py:588} INFO - Filling up the DagBag from /opt/airflow/dags/urban_data_streaming_dag.py
[2026-07-01T17:24:40.419+0000] {processor.py:925} INFO - DAG(s) 'urban_data_streaming_demo' retrieved from /opt/airflow/dags/urban_data_streaming_dag.py
[2026-07-01T17:24:40.462+0000] {logging_mixin.py:190} INFO - [2026-07-01T17:24:40.462+0000] {dag.py:3239} INFO - Sync 1 DAGs
[2026-07-01T17:24:40.481+0000] {logging_mixin.py:190} INFO - [2026-07-01T17:24:40.481+0000] {dag.py:4180} INFO - Setting next_dagrun for urban_data_streaming_demo to None, run_after=None
[2026-07-01T17:24:40.508+0000] {processor.py:208} INFO - Processing /opt/airflow/dags/urban_data_streaming_dag.py took 0.128 seconds
[2026-07-01T17:25:11.341+0000] {processor.py:186} INFO - Started process (PID=4592) to work on /opt/airflow/dags/urban_data_streaming_dag.py
[2026-07-01T17:25:11.342+0000] {processor.py:914} INFO - Processing file /opt/airflow/dags/urban_data_streaming_dag.py for tasks to queue
[2026-07-01T17:25:11.345+0000] {logging_mixin.py:190} INFO - [2026-07-01T17:25:11.345+0000] {dagbag.py:588} INFO - Filling up the DagBag from /opt/airflow/dags/urban_data_streaming_dag.py
[2026-07-01T17:25:11.366+0000] {processor.py:925} INFO - DAG(s) 'urban_data_streaming_demo' retrieved from /opt/airflow/dags/urban_data_streaming_dag.py
[2026-07-01T17:25:11.402+0000] {logging_mixin.py:190} INFO - [2026-07-01T17:25:11.402+0000] {dag.py:3239} INFO - Sync 1 DAGs
[2026-07-01T17:25:11.417+0000] {logging_mixin.py:190} INFO - [2026-07-01T17:25:11.417+0000] {dag.py:4180} INFO - Setting next_dagrun for urban_data_streaming_demo to None, run_after=None
[2026-07-01T17:25:11.454+0000] {processor.py:208} INFO - Processing /opt/airflow/dags/urban_data_streaming_dag.py took 0.119 seconds
[2026-07-01T17:25:42.161+0000] {processor.py:186} INFO - Started process (PID=4610) to work on /opt/airflow/dags/urban_data_streaming_dag.py
[2026-07-01T17:25:42.163+0000] {processor.py:914} INFO - Processing file /opt/airflow/dags/urban_data_streaming_dag.py for tasks to queue
[2026-07-01T17:25:42.166+0000] {logging_mixin.py:190} INFO - [2026-07-01T17:25:42.166+0000] {dagbag.py:588} INFO - Filling up the DagBag from /opt/airflow/dags/urban_data_streaming_dag.py
[2026-07-01T17:25:42.216+0000] {processor.py:925} INFO - DAG(s) 'urban_data_streaming_demo' retrieved from /opt/airflow/dags/urban_data_streaming_dag.py
[2026-07-01T17:25:42.277+0000] {logging_mixin.py:190} INFO - [2026-07-01T17:25:42.277+0000] {dag.py:3239} INFO - Sync 1 DAGs
[2026-07-01T17:25:42.298+0000] {logging_mixin.py:190} INFO - [2026-07-01T17:25:42.297+0000] {dag.py:4180} INFO - Setting next_dagrun for urban_data_streaming_demo to None, run_after=None
[2026-07-01T17:25:42.359+0000] {processor.py:208} INFO - Processing /opt/airflow/dags/urban_data_streaming_dag.py took 0.206 seconds
[2026-07-01T17:26:12.905+0000] {processor.py:186} INFO - Started process (PID=4628) to work on /opt/airflow/dags/urban_data_streaming_dag.py
[2026-07-01T17:26:12.910+0000] {processor.py:914} INFO - Processing file /opt/airflow/dags/urban_data_streaming_dag.py for tasks to queue
[2026-07-01T17:26:12.914+0000] {logging_mixin.py:190} INFO - [2026-07-01T17:26:12.914+0000] {dagbag.py:588} INFO - Filling up the DagBag from /opt/airflow/dags/urban_data_streaming_dag.py
[2026-07-01T17:26:12.945+0000] {processor.py:925} INFO - DAG(s) 'urban_data_streaming_demo' retrieved from /opt/airflow/dags/urban_data_streaming_dag.py
[2026-07-01T17:26:12.981+0000] {logging_mixin.py:190} INFO - [2026-07-01T17:26:12.981+0000] {dag.py:3239} INFO - Sync 1 DAGs
[2026-07-01T17:26:12.996+0000] {logging_mixin.py:190} INFO - [2026-07-01T17:26:12.996+0000] {dag.py:4180} INFO - Setting next_dagrun for urban_data_streaming_demo to None, run_after=None
[2026-07-01T17:26:13.024+0000] {processor.py:208} INFO - Processing /opt/airflow/dags/urban_data_streaming_dag.py took 0.148 seconds
[2026-07-01T17:26:43.415+0000] {processor.py:186} INFO - Started process (PID=4646) to work on /opt/airflow/dags/urban_data_streaming_dag.py
[2026-07-01T17:26:43.417+0000] {processor.py:914} INFO - Processing file /opt/airflow/dags/urban_data_streaming_dag.py for tasks to queue
[2026-07-01T17:26:43.423+0000] {logging_mixin.py:190} INFO - [2026-07-01T17:26:43.422+0000] {dagbag.py:588} INFO - Filling up the DagBag from /opt/airflow/dags/urban_data_streaming_dag.py
[2026-07-01T17:26:43.462+0000] {processor.py:925} INFO - DAG(s) 'urban_data_streaming_demo' retrieved from /opt/airflow/dags/urban_data_streaming_dag.py
[2026-07-01T17:26:43.492+0000] {logging_mixin.py:190} INFO - [2026-07-01T17:26:43.492+0000] {dag.py:3239} INFO - Sync 1 DAGs
[2026-07-01T17:26:43.507+0000] {logging_mixin.py:190} INFO - [2026-07-01T17:26:43.506+0000] {dag.py:4180} INFO - Setting next_dagrun for urban_data_streaming_demo to None, run_after=None
[2026-07-01T17:26:43.536+0000] {processor.py:208} INFO - Processing /opt/airflow/dags/urban_data_streaming_dag.py took 0.138 seconds
[2026-07-01T17:27:14.447+0000] {processor.py:186} INFO - Started process (PID=4665) to work on /opt/airflow/dags/urban_data_streaming_dag.py
[2026-07-01T17:27:14.451+0000] {processor.py:914} INFO - Processing file /opt/airflow/dags/urban_data_streaming_dag.py for tasks to queue
[2026-07-01T17:27:14.457+0000] {logging_mixin.py:190} INFO - [2026-07-01T17:27:14.456+0000] {dagbag.py:588} INFO - Filling up the DagBag from /opt/airflow/dags/urban_data_streaming_dag.py
[2026-07-01T17:27:14.483+0000] {processor.py:925} INFO - DAG(s) 'urban_data_streaming_demo' retrieved from /opt/airflow/dags/urban_data_streaming_dag.py
[2026-07-01T17:27:14.520+0000] {logging_mixin.py:190} INFO - [2026-07-01T17:27:14.520+0000] {dag.py:3239} INFO - Sync 1 DAGs
[2026-07-01T17:27:14.534+0000] {logging_mixin.py:190} INFO - [2026-07-01T17:27:14.534+0000] {dag.py:4180} INFO - Setting next_dagrun for urban_data_streaming_demo to None, run_after=None
[2026-07-01T17:27:14.558+0000] {processor.py:208} INFO - Processing /opt/airflow/dags/urban_data_streaming_dag.py took 0.138 seconds
[2026-07-01T17:27:44.723+0000] {processor.py:186} INFO - Started process (PID=4683) to work on /opt/airflow/dags/urban_data_streaming_dag.py
[2026-07-01T17:27:44.725+0000] {processor.py:914} INFO - Processing file /opt/airflow/dags/urban_data_streaming_dag.py for tasks to queue
[2026-07-01T17:27:44.728+0000] {logging_mixin.py:190} INFO - [2026-07-01T17:27:44.728+0000] {dagbag.py:588} INFO - Filling up the DagBag from /opt/airflow/dags/urban_data_streaming_dag.py
[2026-07-01T17:27:44.754+0000] {processor.py:925} INFO - DAG(s) 'urban_data_streaming_demo' retrieved from /opt/airflow/dags/urban_data_streaming_dag.py
[2026-07-01T17:27:44.784+0000] {logging_mixin.py:190} INFO - [2026-07-01T17:27:44.784+0000] {dag.py:3239} INFO - Sync 1 DAGs
[2026-07-01T17:27:44.799+0000] {logging_mixin.py:190} INFO - [2026-07-01T17:27:44.799+0000] {dag.py:4180} INFO - Setting next_dagrun for urban_data_streaming_demo to None, run_after=None
[2026-07-01T17:27:44.821+0000] {processor.py:208} INFO - Processing /opt/airflow/dags/urban_data_streaming_dag.py took 0.107 seconds
[2026-07-01T17:28:15.662+0000] {processor.py:186} INFO - Started process (PID=4701) to work on /opt/airflow/dags/urban_data_streaming_dag.py
[2026-07-01T17:28:15.664+0000] {processor.py:914} INFO - Processing file /opt/airflow/dags/urban_data_streaming_dag.py for tasks to queue
[2026-07-01T17:28:15.666+0000] {logging_mixin.py:190} INFO - [2026-07-01T17:28:15.666+0000] {dagbag.py:588} INFO - Filling up the DagBag from /opt/airflow/dags/urban_data_streaming_dag.py
[2026-07-01T17:28:15.713+0000] {processor.py:925} INFO - DAG(s) 'urban_data_streaming_demo' retrieved from /opt/airflow/dags/urban_data_streaming_dag.py
[2026-07-01T17:28:15.748+0000] {logging_mixin.py:190} INFO - [2026-07-01T17:28:15.748+0000] {dag.py:3239} INFO - Sync 1 DAGs
[2026-07-01T17:28:15.764+0000] {logging_mixin.py:190} INFO - [2026-07-01T17:28:15.763+0000] {dag.py:4180} INFO - Setting next_dagrun for urban_data_streaming_demo to None, run_after=None
[2026-07-01T17:28:15.786+0000] {processor.py:208} INFO - Processing /opt/airflow/dags/urban_data_streaming_dag.py took 0.130 seconds
[2026-07-01T17:28:45.913+0000] {processor.py:186} INFO - Started process (PID=4719) to work on /opt/airflow/dags/urban_data_streaming_dag.py
[2026-07-01T17:28:45.916+0000] {processor.py:914} INFO - Processing file /opt/airflow/dags/urban_data_streaming_dag.py for tasks to queue
[2026-07-01T17:28:45.919+0000] {logging_mixin.py:190} INFO - [2026-07-01T17:28:45.919+0000] {dagbag.py:588} INFO - Filling up the DagBag from /opt/airflow/dags/urban_data_streaming_dag.py
[2026-07-01T17:28:45.944+0000] {processor.py:925} INFO - DAG(s) 'urban_data_streaming_demo' retrieved from /opt/airflow/dags/urban_data_streaming_dag.py
[2026-07-01T17:28:45.971+0000] {logging_mixin.py:190} INFO - [2026-07-01T17:28:45.970+0000] {dag.py:3239} INFO - Sync 1 DAGs
[2026-07-01T17:28:45.986+0000] {logging_mixin.py:190} INFO - [2026-07-01T17:28:45.986+0000] {dag.py:4180} INFO - Setting next_dagrun for urban_data_streaming_demo to None, run_after=None
[2026-07-01T17:28:46.007+0000] {processor.py:208} INFO - Processing /opt/airflow/dags/urban_data_streaming_dag.py took 0.103 seconds
[2026-07-01T17:29:16.139+0000] {processor.py:186} INFO - Started process (PID=4737) to work on /opt/airflow/dags/urban_data_streaming_dag.py
[2026-07-01T17:29:16.141+0000] {processor.py:914} INFO - Processing file /opt/airflow/dags/urban_data_streaming_dag.py for tasks to queue
[2026-07-01T17:29:16.145+0000] {logging_mixin.py:190} INFO - [2026-07-01T17:29:16.145+0000] {dagbag.py:588} INFO - Filling up the DagBag from /opt/airflow/dags/urban_data_streaming_dag.py
[2026-07-01T17:29:16.226+0000] {processor.py:925} INFO - DAG(s) 'urban_data_streaming_demo' retrieved from /opt/airflow/dags/urban_data_streaming_dag.py
[2026-07-01T17:29:16.289+0000] {logging_mixin.py:190} INFO - [2026-07-01T17:29:16.289+0000] {dag.py:3239} INFO - Sync 1 DAGs
[2026-07-01T17:29:16.316+0000] {logging_mixin.py:190} INFO - [2026-07-01T17:29:16.316+0000] {dag.py:4180} INFO - Setting next_dagrun for urban_data_streaming_demo to None, run_after=None
[2026-07-01T17:29:16.347+0000] {processor.py:208} INFO - Processing /opt/airflow/dags/urban_data_streaming_dag.py took 0.221 seconds
[2026-07-01T17:29:46.550+0000] {processor.py:186} INFO - Started process (PID=4754) to work on /opt/airflow/dags/urban_data_streaming_dag.py
[2026-07-01T17:29:46.552+0000] {processor.py:914} INFO - Processing file /opt/airflow/dags/urban_data_streaming_dag.py for tasks to queue
[2026-07-01T17:29:46.558+0000] {logging_mixin.py:190} INFO - [2026-07-01T17:29:46.557+0000] {dagbag.py:588} INFO - Filling up the DagBag from /opt/airflow/dags/urban_data_streaming_dag.py
[2026-07-01T17:29:46.601+0000] {processor.py:925} INFO - DAG(s) 'urban_data_streaming_demo' retrieved from /opt/airflow/dags/urban_data_streaming_dag.py
[2026-07-01T17:29:46.632+0000] {logging_mixin.py:190} INFO - [2026-07-01T17:29:46.632+0000] {dag.py:3239} INFO - Sync 1 DAGs
[2026-07-01T17:29:46.650+0000] {logging_mixin.py:190} INFO - [2026-07-01T17:29:46.650+0000] {dag.py:4180} INFO - Setting next_dagrun for urban_data_streaming_demo to None, run_after=None
[2026-07-01T17:29:46.679+0000] {processor.py:208} INFO - Processing /opt/airflow/dags/urban_data_streaming_dag.py took 0.138 seconds
[2026-07-01T17:30:17.350+0000] {processor.py:186} INFO - Started process (PID=4765) to work on /opt/airflow/dags/urban_data_streaming_dag.py
[2026-07-01T17:30:17.351+0000] {processor.py:914} INFO - Processing file /opt/airflow/dags/urban_data_streaming_dag.py for tasks to queue
[2026-07-01T17:30:17.354+0000] {logging_mixin.py:190} INFO - [2026-07-01T17:30:17.353+0000] {dagbag.py:588} INFO - Filling up the DagBag from /opt/airflow/dags/urban_data_streaming_dag.py
[2026-07-01T17:30:17.392+0000] {processor.py:925} INFO - DAG(s) 'urban_data_streaming_demo' retrieved from /opt/airflow/dags/urban_data_streaming_dag.py
[2026-07-01T17:30:17.437+0000] {logging_mixin.py:190} INFO - [2026-07-01T17:30:17.437+0000] {dag.py:3239} INFO - Sync 1 DAGs
[2026-07-01T17:30:17.456+0000] {logging_mixin.py:190} INFO - [2026-07-01T17:30:17.456+0000] {dag.py:4180} INFO - Setting next_dagrun for urban_data_streaming_demo to None, run_after=None
[2026-07-01T17:30:17.481+0000] {processor.py:208} INFO - Processing /opt/airflow/dags/urban_data_streaming_dag.py took 0.140 seconds
[2026-07-01T17:30:48.363+0000] {processor.py:186} INFO - Started process (PID=4783) to work on /opt/airflow/dags/urban_data_streaming_dag.py
[2026-07-01T17:30:48.366+0000] {processor.py:914} INFO - Processing file /opt/airflow/dags/urban_data_streaming_dag.py for tasks to queue
[2026-07-01T17:30:48.372+0000] {logging_mixin.py:190} INFO - [2026-07-01T17:30:48.371+0000] {dagbag.py:588} INFO - Filling up the DagBag from /opt/airflow/dags/urban_data_streaming_dag.py
[2026-07-01T17:30:48.480+0000] {processor.py:925} INFO - DAG(s) 'urban_data_streaming_demo' retrieved from /opt/airflow/dags/urban_data_streaming_dag.py
[2026-07-01T17:30:48.536+0000] {logging_mixin.py:190} INFO - [2026-07-01T17:30:48.536+0000] {dag.py:3239} INFO - Sync 1 DAGs
[2026-07-01T17:30:48.553+0000] {logging_mixin.py:190} INFO - [2026-07-01T17:30:48.553+0000] {dag.py:4180} INFO - Setting next_dagrun for urban_data_streaming_demo to None, run_after=None
[2026-07-01T17:30:48.583+0000] {processor.py:208} INFO - Processing /opt/airflow/dags/urban_data_streaming_dag.py took 0.243 seconds
[2026-07-01T17:31:18.892+0000] {processor.py:186} INFO - Started process (PID=4801) to work on /opt/airflow/dags/urban_data_streaming_dag.py
[2026-07-01T17:31:18.894+0000] {processor.py:914} INFO - Processing file /opt/airflow/dags/urban_data_streaming_dag.py for tasks to queue
[2026-07-01T17:31:18.899+0000] {logging_mixin.py:190} INFO - [2026-07-01T17:31:18.899+0000] {dagbag.py:588} INFO - Filling up the DagBag from /opt/airflow/dags/urban_data_streaming_dag.py
[2026-07-01T17:31:18.928+0000] {processor.py:925} INFO - DAG(s) 'urban_data_streaming_demo' retrieved from /opt/airflow/dags/urban_data_streaming_dag.py
[2026-07-01T17:31:18.957+0000] {logging_mixin.py:190} INFO - [2026-07-01T17:31:18.957+0000] {dag.py:3239} INFO - Sync 1 DAGs
[2026-07-01T17:31:18.972+0000] {logging_mixin.py:190} INFO - [2026-07-01T17:31:18.972+0000] {dag.py:4180} INFO - Setting next_dagrun for urban_data_streaming_demo to None, run_after=None
[2026-07-01T17:31:18.998+0000] {processor.py:208} INFO - Processing /opt/airflow/dags/urban_data_streaming_dag.py took 0.117 seconds
[2026-07-01T17:31:49.313+0000] {processor.py:186} INFO - Started process (PID=4819) to work on /opt/airflow/dags/urban_data_streaming_dag.py
[2026-07-01T17:31:49.315+0000] {processor.py:914} INFO - Processing file /opt/airflow/dags/urban_data_streaming_dag.py for tasks to queue
[2026-07-01T17:31:49.317+0000] {logging_mixin.py:190} INFO - [2026-07-01T17:31:49.317+0000] {dagbag.py:588} INFO - Filling up the DagBag from /opt/airflow/dags/urban_data_streaming_dag.py
[2026-07-01T17:31:49.359+0000] {processor.py:925} INFO - DAG(s) 'urban_data_streaming_demo' retrieved from /opt/airflow/dags/urban_data_streaming_dag.py
[2026-07-01T17:31:49.392+0000] {logging_mixin.py:190} INFO - [2026-07-01T17:31:49.392+0000] {dag.py:3239} INFO - Sync 1 DAGs
[2026-07-01T17:31:49.408+0000] {logging_mixin.py:190} INFO - [2026-07-01T17:31:49.407+0000] {dag.py:4180} INFO - Setting next_dagrun for urban_data_streaming_demo to None, run_after=None
[2026-07-01T17:31:49.431+0000] {processor.py:208} INFO - Processing /opt/airflow/dags/urban_data_streaming_dag.py took 0.126 seconds
[2026-07-01T17:32:19.638+0000] {processor.py:186} INFO - Started process (PID=4837) to work on /opt/airflow/dags/urban_data_streaming_dag.py
[2026-07-01T17:32:19.640+0000] {processor.py:914} INFO - Processing file /opt/airflow/dags/urban_data_streaming_dag.py for tasks to queue
[2026-07-01T17:32:19.643+0000] {logging_mixin.py:190} INFO - [2026-07-01T17:32:19.642+0000] {dagbag.py:588} INFO - Filling up the DagBag from /opt/airflow/dags/urban_data_streaming_dag.py
[2026-07-01T17:32:19.676+0000] {processor.py:925} INFO - DAG(s) 'urban_data_streaming_demo' retrieved from /opt/airflow/dags/urban_data_streaming_dag.py
[2026-07-01T17:32:19.710+0000] {logging_mixin.py:190} INFO - [2026-07-01T17:32:19.710+0000] {dag.py:3239} INFO - Sync 1 DAGs
[2026-07-01T17:32:19.725+0000] {logging_mixin.py:190} INFO - [2026-07-01T17:32:19.725+0000] {dag.py:4180} INFO - Setting next_dagrun for urban_data_streaming_demo to None, run_after=None
[2026-07-01T17:32:19.748+0000] {processor.py:208} INFO - Processing /opt/airflow/dags/urban_data_streaming_dag.py took 0.121 seconds
[2026-07-01T17:32:50.186+0000] {processor.py:186} INFO - Started process (PID=4855) to work on /opt/airflow/dags/urban_data_streaming_dag.py
[2026-07-01T17:32:50.188+0000] {processor.py:914} INFO - Processing file /opt/airflow/dags/urban_data_streaming_dag.py for tasks to queue
[2026-07-01T17:32:50.192+0000] {logging_mixin.py:190} INFO - [2026-07-01T17:32:50.192+0000] {dagbag.py:588} INFO - Filling up the DagBag from /opt/airflow/dags/urban_data_streaming_dag.py
[2026-07-01T17:32:50.241+0000] {processor.py:925} INFO - DAG(s) 'urban_data_streaming_demo' retrieved from /opt/airflow/dags/urban_data_streaming_dag.py
[2026-07-01T17:32:50.274+0000] {logging_mixin.py:190} INFO - [2026-07-01T17:32:50.273+0000] {dag.py:3239} INFO - Sync 1 DAGs
[2026-07-01T17:32:50.297+0000] {logging_mixin.py:190} INFO - [2026-07-01T17:32:50.297+0000] {dag.py:4180} INFO - Setting next_dagrun for urban_data_streaming_demo to None, run_after=None
[2026-07-01T17:32:50.326+0000] {processor.py:208} INFO - Processing /opt/airflow/dags/urban_data_streaming_dag.py took 0.148 seconds
[2026-07-01T17:33:20.555+0000] {processor.py:186} INFO - Started process (PID=4873) to work on /opt/airflow/dags/urban_data_streaming_dag.py
[2026-07-01T17:33:20.560+0000] {processor.py:914} INFO - Processing file /opt/airflow/dags/urban_data_streaming_dag.py for tasks to queue
[2026-07-01T17:33:20.572+0000] {logging_mixin.py:190} INFO - [2026-07-01T17:33:20.570+0000] {dagbag.py:588} INFO - Filling up the DagBag from /opt/airflow/dags/urban_data_streaming_dag.py
[2026-07-01T17:33:20.678+0000] {processor.py:925} INFO - DAG(s) 'urban_data_streaming_demo' retrieved from /opt/airflow/dags/urban_data_streaming_dag.py
[2026-07-01T17:33:20.737+0000] {logging_mixin.py:190} INFO - [2026-07-01T17:33:20.736+0000] {dag.py:3239} INFO - Sync 1 DAGs
[2026-07-01T17:33:20.751+0000] {logging_mixin.py:190} INFO - [2026-07-01T17:33:20.751+0000] {dag.py:4180} INFO - Setting next_dagrun for urban_data_streaming_demo to None, run_after=None
[2026-07-01T17:33:20.782+0000] {processor.py:208} INFO - Processing /opt/airflow/dags/urban_data_streaming_dag.py took 0.247 seconds
[2026-07-01T17:33:51.433+0000] {processor.py:186} INFO - Started process (PID=4890) to work on /opt/airflow/dags/urban_data_streaming_dag.py
[2026-07-01T17:33:51.434+0000] {processor.py:914} INFO - Processing file /opt/airflow/dags/urban_data_streaming_dag.py for tasks to queue
[2026-07-01T17:33:51.437+0000] {logging_mixin.py:190} INFO - [2026-07-01T17:33:51.437+0000] {dagbag.py:588} INFO - Filling up the DagBag from /opt/airflow/dags/urban_data_streaming_dag.py
[2026-07-01T17:33:51.463+0000] {processor.py:925} INFO - DAG(s) 'urban_data_streaming_demo' retrieved from /opt/airflow/dags/urban_data_streaming_dag.py
[2026-07-01T17:33:51.493+0000] {logging_mixin.py:190} INFO - [2026-07-01T17:33:51.493+0000] {dag.py:3239} INFO - Sync 1 DAGs
[2026-07-01T17:33:51.512+0000] {logging_mixin.py:190} INFO - [2026-07-01T17:33:51.511+0000] {dag.py:4180} INFO - Setting next_dagrun for urban_data_streaming_demo to None, run_after=None
[2026-07-01T17:33:51.540+0000] {processor.py:208} INFO - Processing /opt/airflow/dags/urban_data_streaming_dag.py took 0.122 seconds
[2026-07-01T17:34:22.541+0000] {processor.py:186} INFO - Started process (PID=4901) to work on /opt/airflow/dags/urban_data_streaming_dag.py
[2026-07-01T17:34:22.543+0000] {processor.py:914} INFO - Processing file /opt/airflow/dags/urban_data_streaming_dag.py for tasks to queue
[2026-07-01T17:34:22.546+0000] {logging_mixin.py:190} INFO - [2026-07-01T17:34:22.545+0000] {dagbag.py:588} INFO - Filling up the DagBag from /opt/airflow/dags/urban_data_streaming_dag.py
[2026-07-01T17:34:22.585+0000] {processor.py:925} INFO - DAG(s) 'urban_data_streaming_demo' retrieved from /opt/airflow/dags/urban_data_streaming_dag.py
[2026-07-01T17:34:22.619+0000] {logging_mixin.py:190} INFO - [2026-07-01T17:34:22.619+0000] {dag.py:3239} INFO - Sync 1 DAGs
[2026-07-01T17:34:22.634+0000] {logging_mixin.py:190} INFO - [2026-07-01T17:34:22.634+0000] {dag.py:4180} INFO - Setting next_dagrun for urban_data_streaming_demo to None, run_after=None
[2026-07-01T17:34:22.658+0000] {processor.py:208} INFO - Processing /opt/airflow/dags/urban_data_streaming_dag.py took 0.140 seconds
[2026-07-01T17:34:52.891+0000] {processor.py:186} INFO - Started process (PID=4919) to work on /opt/airflow/dags/urban_data_streaming_dag.py
[2026-07-01T17:34:52.893+0000] {processor.py:914} INFO - Processing file /opt/airflow/dags/urban_data_streaming_dag.py for tasks to queue
[2026-07-01T17:34:52.898+0000] {logging_mixin.py:190} INFO - [2026-07-01T17:34:52.898+0000] {dagbag.py:588} INFO - Filling up the DagBag from /opt/airflow/dags/urban_data_streaming_dag.py
[2026-07-01T17:34:52.938+0000] {processor.py:925} INFO - DAG(s) 'urban_data_streaming_demo' retrieved from /opt/airflow/dags/urban_data_streaming_dag.py
[2026-07-01T17:34:52.968+0000] {logging_mixin.py:190} INFO - [2026-07-01T17:34:52.968+0000] {dag.py:3239} INFO - Sync 1 DAGs
[2026-07-01T17:34:52.984+0000] {logging_mixin.py:190} INFO - [2026-07-01T17:34:52.984+0000] {dag.py:4180} INFO - Setting next_dagrun for urban_data_streaming_demo to None, run_after=None
[2026-07-01T17:34:53.008+0000] {processor.py:208} INFO - Processing /opt/airflow/dags/urban_data_streaming_dag.py took 0.135 seconds
[2026-07-01T17:35:23.355+0000] {processor.py:186} INFO - Started process (PID=4937) to work on /opt/airflow/dags/urban_data_streaming_dag.py
[2026-07-01T17:35:23.357+0000] {processor.py:914} INFO - Processing file /opt/airflow/dags/urban_data_streaming_dag.py for tasks to queue
[2026-07-01T17:35:23.362+0000] {logging_mixin.py:190} INFO - [2026-07-01T17:35:23.361+0000] {dagbag.py:588} INFO - Filling up the DagBag from /opt/airflow/dags/urban_data_streaming_dag.py
[2026-07-01T17:35:23.414+0000] {processor.py:925} INFO - DAG(s) 'urban_data_streaming_demo' retrieved from /opt/airflow/dags/urban_data_streaming_dag.py
[2026-07-01T17:35:23.484+0000] {logging_mixin.py:190} INFO - [2026-07-01T17:35:23.484+0000] {dag.py:3239} INFO - Sync 1 DAGs
[2026-07-01T17:35:23.498+0000] {logging_mixin.py:190} INFO - [2026-07-01T17:35:23.498+0000] {dag.py:4180} INFO - Setting next_dagrun for urban_data_streaming_demo to None, run_after=None
[2026-07-01T17:35:23.529+0000] {processor.py:208} INFO - Processing /opt/airflow/dags/urban_data_streaming_dag.py took 0.203 seconds
[2026-07-01T17:35:54.362+0000] {processor.py:186} INFO - Started process (PID=4955) to work on /opt/airflow/dags/urban_data_streaming_dag.py
[2026-07-01T17:35:54.365+0000] {processor.py:914} INFO - Processing file /opt/airflow/dags/urban_data_streaming_dag.py for tasks to queue
[2026-07-01T17:35:54.369+0000] {logging_mixin.py:190} INFO - [2026-07-01T17:35:54.368+0000] {dagbag.py:588} INFO - Filling up the DagBag from /opt/airflow/dags/urban_data_streaming_dag.py
[2026-07-01T17:35:54.462+0000] {processor.py:925} INFO - DAG(s) 'urban_data_streaming_demo' retrieved from /opt/airflow/dags/urban_data_streaming_dag.py
[2026-07-01T17:35:54.496+0000] {logging_mixin.py:190} INFO - [2026-07-01T17:35:54.496+0000] {dag.py:3239} INFO - Sync 1 DAGs
[2026-07-01T17:35:54.512+0000] {logging_mixin.py:190} INFO - [2026-07-01T17:35:54.512+0000] {dag.py:4180} INFO - Setting next_dagrun for urban_data_streaming_demo to None, run_after=None
[2026-07-01T17:35:54.543+0000] {processor.py:208} INFO - Processing /opt/airflow/dags/urban_data_streaming_dag.py took 0.200 seconds
[2026-07-01T17:36:25.135+0000] {processor.py:186} INFO - Started process (PID=4973) to work on /opt/airflow/dags/urban_data_streaming_dag.py
[2026-07-01T17:36:25.137+0000] {processor.py:914} INFO - Processing file /opt/airflow/dags/urban_data_streaming_dag.py for tasks to queue
[2026-07-01T17:36:25.143+0000] {logging_mixin.py:190} INFO - [2026-07-01T17:36:25.143+0000] {dagbag.py:588} INFO - Filling up the DagBag from /opt/airflow/dags/urban_data_streaming_dag.py
[2026-07-01T17:36:25.183+0000] {processor.py:925} INFO - DAG(s) 'urban_data_streaming_demo' retrieved from /opt/airflow/dags/urban_data_streaming_dag.py
[2026-07-01T17:36:25.225+0000] {logging_mixin.py:190} INFO - [2026-07-01T17:36:25.224+0000] {dag.py:3239} INFO - Sync 1 DAGs
[2026-07-01T17:36:25.251+0000] {logging_mixin.py:190} INFO - [2026-07-01T17:36:25.250+0000] {dag.py:4180} INFO - Setting next_dagrun for urban_data_streaming_demo to None, run_after=None
[2026-07-01T17:36:25.315+0000] {processor.py:208} INFO - Processing /opt/airflow/dags/urban_data_streaming_dag.py took 0.191 seconds
[2026-07-01T17:36:55.988+0000] {processor.py:186} INFO - Started process (PID=4991) to work on /opt/airflow/dags/urban_data_streaming_dag.py
[2026-07-01T17:36:55.990+0000] {processor.py:914} INFO - Processing file /opt/airflow/dags/urban_data_streaming_dag.py for tasks to queue
[2026-07-01T17:36:55.998+0000] {logging_mixin.py:190} INFO - [2026-07-01T17:36:55.997+0000] {dagbag.py:588} INFO - Filling up the DagBag from /opt/airflow/dags/urban_data_streaming_dag.py
[2026-07-01T17:36:56.040+0000] {processor.py:925} INFO - DAG(s) 'urban_data_streaming_demo' retrieved from /opt/airflow/dags/urban_data_streaming_dag.py
[2026-07-01T17:36:56.075+0000] {logging_mixin.py:190} INFO - [2026-07-01T17:36:56.075+0000] {dag.py:3239} INFO - Sync 1 DAGs
[2026-07-01T17:36:56.090+0000] {logging_mixin.py:190} INFO - [2026-07-01T17:36:56.090+0000] {dag.py:4180} INFO - Setting next_dagrun for urban_data_streaming_demo to None, run_after=None
[2026-07-01T17:36:56.114+0000] {processor.py:208} INFO - Processing /opt/airflow/dags/urban_data_streaming_dag.py took 0.153 seconds
[2026-07-01T17:37:26.538+0000] {processor.py:186} INFO - Started process (PID=5009) to work on /opt/airflow/dags/urban_data_streaming_dag.py
[2026-07-01T17:37:26.544+0000] {processor.py:914} INFO - Processing file /opt/airflow/dags/urban_data_streaming_dag.py for tasks to queue
[2026-07-01T17:37:26.557+0000] {logging_mixin.py:190} INFO - [2026-07-01T17:37:26.555+0000] {dagbag.py:588} INFO - Filling up the DagBag from /opt/airflow/dags/urban_data_streaming_dag.py
[2026-07-01T17:37:26.682+0000] {processor.py:925} INFO - DAG(s) 'urban_data_streaming_demo' retrieved from /opt/airflow/dags/urban_data_streaming_dag.py
[2026-07-01T17:37:26.725+0000] {logging_mixin.py:190} INFO - [2026-07-01T17:37:26.724+0000] {dag.py:3239} INFO - Sync 1 DAGs
[2026-07-01T17:37:26.741+0000] {logging_mixin.py:190} INFO - [2026-07-01T17:37:26.740+0000] {dag.py:4180} INFO - Setting next_dagrun for urban_data_streaming_demo to None, run_after=None
[2026-07-01T17:37:26.775+0000] {processor.py:208} INFO - Processing /opt/airflow/dags/urban_data_streaming_dag.py took 0.277 seconds
[2026-07-01T17:37:57.026+0000] {processor.py:186} INFO - Started process (PID=5027) to work on /opt/airflow/dags/urban_data_streaming_dag.py
[2026-07-01T17:37:57.027+0000] {processor.py:914} INFO - Processing file /opt/airflow/dags/urban_data_streaming_dag.py for tasks to queue
[2026-07-01T17:37:57.031+0000] {logging_mixin.py:190} INFO - [2026-07-01T17:37:57.030+0000] {dagbag.py:588} INFO - Filling up the DagBag from /opt/airflow/dags/urban_data_streaming_dag.py
[2026-07-01T17:37:57.070+0000] {processor.py:925} INFO - DAG(s) 'urban_data_streaming_demo' retrieved from /opt/airflow/dags/urban_data_streaming_dag.py
[2026-07-01T17:37:57.102+0000] {logging_mixin.py:190} INFO - [2026-07-01T17:37:57.101+0000] {dag.py:3239} INFO - Sync 1 DAGs
[2026-07-01T17:37:57.119+0000] {logging_mixin.py:190} INFO - [2026-07-01T17:37:57.119+0000] {dag.py:4180} INFO - Setting next_dagrun for urban_data_streaming_demo to None, run_after=None
[2026-07-01T17:37:57.145+0000] {processor.py:208} INFO - Processing /opt/airflow/dags/urban_data_streaming_dag.py took 0.127 seconds
[2026-07-01T17:38:27.308+0000] {processor.py:186} INFO - Started process (PID=5045) to work on /opt/airflow/dags/urban_data_streaming_dag.py
[2026-07-01T17:38:27.315+0000] {processor.py:914} INFO - Processing file /opt/airflow/dags/urban_data_streaming_dag.py for tasks to queue
[2026-07-01T17:38:27.322+0000] {logging_mixin.py:190} INFO - [2026-07-01T17:38:27.321+0000] {dagbag.py:588} INFO - Filling up the DagBag from /opt/airflow/dags/urban_data_streaming_dag.py
[2026-07-01T17:38:27.441+0000] {processor.py:925} INFO - DAG(s) 'urban_data_streaming_demo' retrieved from /opt/airflow/dags/urban_data_streaming_dag.py
[2026-07-01T17:38:27.514+0000] {logging_mixin.py:190} INFO - [2026-07-01T17:38:27.514+0000] {dag.py:3239} INFO - Sync 1 DAGs
[2026-07-01T17:38:27.542+0000] {logging_mixin.py:190} INFO - [2026-07-01T17:38:27.542+0000] {dag.py:4180} INFO - Setting next_dagrun for urban_data_streaming_demo to None, run_after=None
[2026-07-01T17:38:27.592+0000] {processor.py:208} INFO - Processing /opt/airflow/dags/urban_data_streaming_dag.py took 0.300 seconds
[2026-07-01T17:38:57.841+0000] {processor.py:186} INFO - Started process (PID=5063) to work on /opt/airflow/dags/urban_data_streaming_dag.py
[2026-07-01T17:38:57.850+0000] {processor.py:914} INFO - Processing file /opt/airflow/dags/urban_data_streaming_dag.py for tasks to queue
[2026-07-01T17:38:57.863+0000] {logging_mixin.py:190} INFO - [2026-07-01T17:38:57.862+0000] {dagbag.py:588} INFO - Filling up the DagBag from /opt/airflow/dags/urban_data_streaming_dag.py
[2026-07-01T17:38:57.976+0000] {processor.py:925} INFO - DAG(s) 'urban_data_streaming_demo' retrieved from /opt/airflow/dags/urban_data_streaming_dag.py
[2026-07-01T17:38:58.108+0000] {logging_mixin.py:190} INFO - [2026-07-01T17:38:58.107+0000] {dag.py:3239} INFO - Sync 1 DAGs
[2026-07-01T17:38:58.137+0000] {logging_mixin.py:190} INFO - [2026-07-01T17:38:58.137+0000] {dag.py:4180} INFO - Setting next_dagrun for urban_data_streaming_demo to None, run_after=None
[2026-07-01T17:38:58.166+0000] {processor.py:208} INFO - Processing /opt/airflow/dags/urban_data_streaming_dag.py took 0.349 seconds
[2026-07-01T17:39:28.346+0000] {processor.py:186} INFO - Started process (PID=5080) to work on /opt/airflow/dags/urban_data_streaming_dag.py
[2026-07-01T17:39:28.347+0000] {processor.py:914} INFO - Processing file /opt/airflow/dags/urban_data_streaming_dag.py for tasks to queue
[2026-07-01T17:39:28.352+0000] {logging_mixin.py:190} INFO - [2026-07-01T17:39:28.351+0000] {dagbag.py:588} INFO - Filling up the DagBag from /opt/airflow/dags/urban_data_streaming_dag.py
[2026-07-01T17:39:28.376+0000] {processor.py:925} INFO - DAG(s) 'urban_data_streaming_demo' retrieved from /opt/airflow/dags/urban_data_streaming_dag.py
[2026-07-01T17:39:28.410+0000] {logging_mixin.py:190} INFO - [2026-07-01T17:39:28.410+0000] {dag.py:3239} INFO - Sync 1 DAGs
[2026-07-01T17:39:28.427+0000] {logging_mixin.py:190} INFO - [2026-07-01T17:39:28.427+0000] {dag.py:4180} INFO - Setting next_dagrun for urban_data_streaming_demo to None, run_after=None
[2026-07-01T17:39:28.457+0000] {processor.py:208} INFO - Processing /opt/airflow/dags/urban_data_streaming_dag.py took 0.120 seconds
[2026-07-01T17:39:59.212+0000] {processor.py:186} INFO - Started process (PID=5091) to work on /opt/airflow/dags/urban_data_streaming_dag.py
[2026-07-01T17:39:59.213+0000] {processor.py:914} INFO - Processing file /opt/airflow/dags/urban_data_streaming_dag.py for tasks to queue
[2026-07-01T17:39:59.223+0000] {logging_mixin.py:190} INFO - [2026-07-01T17:39:59.222+0000] {dagbag.py:588} INFO - Filling up the DagBag from /opt/airflow/dags/urban_data_streaming_dag.py
[2026-07-01T17:39:59.261+0000] {processor.py:925} INFO - DAG(s) 'urban_data_streaming_demo' retrieved from /opt/airflow/dags/urban_data_streaming_dag.py
[2026-07-01T17:39:59.292+0000] {logging_mixin.py:190} INFO - [2026-07-01T17:39:59.291+0000] {dag.py:3239} INFO - Sync 1 DAGs
[2026-07-01T17:39:59.309+0000] {logging_mixin.py:190} INFO - [2026-07-01T17:39:59.309+0000] {dag.py:4180} INFO - Setting next_dagrun for urban_data_streaming_demo to None, run_after=None
[2026-07-01T17:39:59.338+0000] {processor.py:208} INFO - Processing /opt/airflow/dags/urban_data_streaming_dag.py took 0.151 seconds
[2026-07-01T17:40:29.519+0000] {processor.py:186} INFO - Started process (PID=5109) to work on /opt/airflow/dags/urban_data_streaming_dag.py
[2026-07-01T17:40:29.521+0000] {processor.py:914} INFO - Processing file /opt/airflow/dags/urban_data_streaming_dag.py for tasks to queue
[2026-07-01T17:40:29.527+0000] {logging_mixin.py:190} INFO - [2026-07-01T17:40:29.527+0000] {dagbag.py:588} INFO - Filling up the DagBag from /opt/airflow/dags/urban_data_streaming_dag.py
[2026-07-01T17:40:29.567+0000] {processor.py:925} INFO - DAG(s) 'urban_data_streaming_demo' retrieved from /opt/airflow/dags/urban_data_streaming_dag.py
[2026-07-01T17:40:29.613+0000] {logging_mixin.py:190} INFO - [2026-07-01T17:40:29.612+0000] {dag.py:3239} INFO - Sync 1 DAGs
[2026-07-01T17:40:29.633+0000] {logging_mixin.py:190} INFO - [2026-07-01T17:40:29.632+0000] {dag.py:4180} INFO - Setting next_dagrun for urban_data_streaming_demo to None, run_after=None
[2026-07-01T17:40:29.664+0000] {processor.py:208} INFO - Processing /opt/airflow/dags/urban_data_streaming_dag.py took 0.154 seconds
[2026-07-01T17:41:00.574+0000] {processor.py:186} INFO - Started process (PID=5127) to work on /opt/airflow/dags/urban_data_streaming_dag.py
[2026-07-01T17:41:00.578+0000] {processor.py:914} INFO - Processing file /opt/airflow/dags/urban_data_streaming_dag.py for tasks to queue
[2026-07-01T17:41:00.582+0000] {logging_mixin.py:190} INFO - [2026-07-01T17:41:00.582+0000] {dagbag.py:588} INFO - Filling up the DagBag from /opt/airflow/dags/urban_data_streaming_dag.py
[2026-07-01T17:41:00.645+0000] {processor.py:925} INFO - DAG(s) 'urban_data_streaming_demo' retrieved from /opt/airflow/dags/urban_data_streaming_dag.py
[2026-07-01T17:41:00.699+0000] {logging_mixin.py:190} INFO - [2026-07-01T17:41:00.699+0000] {dag.py:3239} INFO - Sync 1 DAGs
[2026-07-01T17:41:00.718+0000] {logging_mixin.py:190} INFO - [2026-07-01T17:41:00.717+0000] {dag.py:4180} INFO - Setting next_dagrun for urban_data_streaming_demo to None, run_after=None
[2026-07-01T17:41:00.753+0000] {processor.py:208} INFO - Processing /opt/airflow/dags/urban_data_streaming_dag.py took 0.214 seconds
[2026-07-01T17:41:30.915+0000] {processor.py:186} INFO - Started process (PID=5145) to work on /opt/airflow/dags/urban_data_streaming_dag.py
[2026-07-01T17:41:30.916+0000] {processor.py:914} INFO - Processing file /opt/airflow/dags/urban_data_streaming_dag.py for tasks to queue
[2026-07-01T17:41:30.922+0000] {logging_mixin.py:190} INFO - [2026-07-01T17:41:30.921+0000] {dagbag.py:588} INFO - Filling up the DagBag from /opt/airflow/dags/urban_data_streaming_dag.py
[2026-07-01T17:41:30.970+0000] {processor.py:925} INFO - DAG(s) 'urban_data_streaming_demo' retrieved from /opt/airflow/dags/urban_data_streaming_dag.py
[2026-07-01T17:41:31.012+0000] {logging_mixin.py:190} INFO - [2026-07-01T17:41:31.011+0000] {dag.py:3239} INFO - Sync 1 DAGs
[2026-07-01T17:41:31.030+0000] {logging_mixin.py:190} INFO - [2026-07-01T17:41:31.030+0000] {dag.py:4180} INFO - Setting next_dagrun for urban_data_streaming_demo to None, run_after=None
[2026-07-01T17:41:31.059+0000] {processor.py:208} INFO - Processing /opt/airflow/dags/urban_data_streaming_dag.py took 0.152 seconds
[2026-07-01T17:42:01.378+0000] {processor.py:186} INFO - Started process (PID=5163) to work on /opt/airflow/dags/urban_data_streaming_dag.py
[2026-07-01T17:42:01.381+0000] {processor.py:914} INFO - Processing file /opt/airflow/dags/urban_data_streaming_dag.py for tasks to queue
[2026-07-01T17:42:01.392+0000] {logging_mixin.py:190} INFO - [2026-07-01T17:42:01.392+0000] {dagbag.py:588} INFO - Filling up the DagBag from /opt/airflow/dags/urban_data_streaming_dag.py
[2026-07-01T17:42:01.457+0000] {processor.py:925} INFO - DAG(s) 'urban_data_streaming_demo' retrieved from /opt/airflow/dags/urban_data_streaming_dag.py
[2026-07-01T17:42:01.546+0000] {logging_mixin.py:190} INFO - [2026-07-01T17:42:01.545+0000] {dag.py:3239} INFO - Sync 1 DAGs
[2026-07-01T17:42:01.571+0000] {logging_mixin.py:190} INFO - [2026-07-01T17:42:01.570+0000] {dag.py:4180} INFO - Setting next_dagrun for urban_data_streaming_demo to None, run_after=None
[2026-07-01T17:42:01.612+0000] {processor.py:208} INFO - Processing /opt/airflow/dags/urban_data_streaming_dag.py took 0.247 seconds
[2026-07-01T17:42:31.775+0000] {processor.py:186} INFO - Started process (PID=5181) to work on /opt/airflow/dags/urban_data_streaming_dag.py
[2026-07-01T17:42:31.777+0000] {processor.py:914} INFO - Processing file /opt/airflow/dags/urban_data_streaming_dag.py for tasks to queue
[2026-07-01T17:42:31.787+0000] {logging_mixin.py:190} INFO - [2026-07-01T17:42:31.785+0000] {dagbag.py:588} INFO - Filling up the DagBag from /opt/airflow/dags/urban_data_streaming_dag.py
[2026-07-01T17:42:31.851+0000] {processor.py:925} INFO - DAG(s) 'urban_data_streaming_demo' retrieved from /opt/airflow/dags/urban_data_streaming_dag.py
[2026-07-01T17:42:31.911+0000] {logging_mixin.py:190} INFO - [2026-07-01T17:42:31.910+0000] {dag.py:3239} INFO - Sync 1 DAGs
[2026-07-01T17:42:31.933+0000] {logging_mixin.py:190} INFO - [2026-07-01T17:42:31.932+0000] {dag.py:4180} INFO - Setting next_dagrun for urban_data_streaming_demo to None, run_after=None
[2026-07-01T17:42:31.961+0000] {processor.py:208} INFO - Processing /opt/airflow/dags/urban_data_streaming_dag.py took 0.194 seconds
[2026-07-01T17:43:02.134+0000] {processor.py:186} INFO - Started process (PID=5199) to work on /opt/airflow/dags/urban_data_streaming_dag.py
[2026-07-01T17:43:02.137+0000] {processor.py:914} INFO - Processing file /opt/airflow/dags/urban_data_streaming_dag.py for tasks to queue
[2026-07-01T17:43:02.145+0000] {logging_mixin.py:190} INFO - [2026-07-01T17:43:02.142+0000] {dagbag.py:588} INFO - Filling up the DagBag from /opt/airflow/dags/urban_data_streaming_dag.py
[2026-07-01T17:43:02.214+0000] {processor.py:925} INFO - DAG(s) 'urban_data_streaming_demo' retrieved from /opt/airflow/dags/urban_data_streaming_dag.py
[2026-07-01T17:43:02.255+0000] {logging_mixin.py:190} INFO - [2026-07-01T17:43:02.254+0000] {dag.py:3239} INFO - Sync 1 DAGs
[2026-07-01T17:43:02.270+0000] {logging_mixin.py:190} INFO - [2026-07-01T17:43:02.270+0000] {dag.py:4180} INFO - Setting next_dagrun for urban_data_streaming_demo to None, run_after=None
[2026-07-01T17:43:02.297+0000] {processor.py:208} INFO - Processing /opt/airflow/dags/urban_data_streaming_dag.py took 0.185 seconds
[2026-07-01T17:43:33.201+0000] {processor.py:186} INFO - Started process (PID=5217) to work on /opt/airflow/dags/urban_data_streaming_dag.py
[2026-07-01T17:43:33.203+0000] {processor.py:914} INFO - Processing file /opt/airflow/dags/urban_data_streaming_dag.py for tasks to queue
[2026-07-01T17:43:33.207+0000] {logging_mixin.py:190} INFO - [2026-07-01T17:43:33.207+0000] {dagbag.py:588} INFO - Filling up the DagBag from /opt/airflow/dags/urban_data_streaming_dag.py
[2026-07-01T17:43:33.235+0000] {processor.py:925} INFO - DAG(s) 'urban_data_streaming_demo' retrieved from /opt/airflow/dags/urban_data_streaming_dag.py
[2026-07-01T17:43:33.275+0000] {logging_mixin.py:190} INFO - [2026-07-01T17:43:33.275+0000] {dag.py:3239} INFO - Sync 1 DAGs
[2026-07-01T17:43:33.294+0000] {logging_mixin.py:190} INFO - [2026-07-01T17:43:33.293+0000] {dag.py:4180} INFO - Setting next_dagrun for urban_data_streaming_demo to None, run_after=None
[2026-07-01T17:43:33.336+0000] {processor.py:208} INFO - Processing /opt/airflow/dags/urban_data_streaming_dag.py took 0.147 seconds
[2026-07-01T17:44:04.191+0000] {processor.py:186} INFO - Started process (PID=5235) to work on /opt/airflow/dags/urban_data_streaming_dag.py
[2026-07-01T17:44:04.193+0000] {processor.py:914} INFO - Processing file /opt/airflow/dags/urban_data_streaming_dag.py for tasks to queue
[2026-07-01T17:44:04.198+0000] {logging_mixin.py:190} INFO - [2026-07-01T17:44:04.198+0000] {dagbag.py:588} INFO - Filling up the DagBag from /opt/airflow/dags/urban_data_streaming_dag.py
[2026-07-01T17:44:04.281+0000] {processor.py:925} INFO - DAG(s) 'urban_data_streaming_demo' retrieved from /opt/airflow/dags/urban_data_streaming_dag.py
[2026-07-01T17:44:04.340+0000] {logging_mixin.py:190} INFO - [2026-07-01T17:44:04.339+0000] {dag.py:3239} INFO - Sync 1 DAGs
[2026-07-01T17:44:04.373+0000] {logging_mixin.py:190} INFO - [2026-07-01T17:44:04.372+0000] {dag.py:4180} INFO - Setting next_dagrun for urban_data_streaming_demo to None, run_after=None
[2026-07-01T17:44:04.408+0000] {processor.py:208} INFO - Processing /opt/airflow/dags/urban_data_streaming_dag.py took 0.234 seconds
[2026-07-01T17:44:34.545+0000] {processor.py:186} INFO - Started process (PID=5252) to work on /opt/airflow/dags/urban_data_streaming_dag.py
[2026-07-01T17:44:34.547+0000] {processor.py:914} INFO - Processing file /opt/airflow/dags/urban_data_streaming_dag.py for tasks to queue
[2026-07-01T17:44:34.551+0000] {logging_mixin.py:190} INFO - [2026-07-01T17:44:34.550+0000] {dagbag.py:588} INFO - Filling up the DagBag from /opt/airflow/dags/urban_data_streaming_dag.py
[2026-07-01T17:44:34.590+0000] {processor.py:925} INFO - DAG(s) 'urban_data_streaming_demo' retrieved from /opt/airflow/dags/urban_data_streaming_dag.py
[2026-07-01T17:44:34.639+0000] {logging_mixin.py:190} INFO - [2026-07-01T17:44:34.638+0000] {dag.py:3239} INFO - Sync 1 DAGs
[2026-07-01T17:44:34.655+0000] {logging_mixin.py:190} INFO - [2026-07-01T17:44:34.655+0000] {dag.py:4180} INFO - Setting next_dagrun for urban_data_streaming_demo to None, run_after=None
[2026-07-01T17:44:34.679+0000] {processor.py:208} INFO - Processing /opt/airflow/dags/urban_data_streaming_dag.py took 0.147 seconds
[2026-07-01T17:45:05.613+0000] {processor.py:186} INFO - Started process (PID=5263) to work on /opt/airflow/dags/urban_data_streaming_dag.py
[2026-07-01T17:45:05.615+0000] {processor.py:914} INFO - Processing file /opt/airflow/dags/urban_data_streaming_dag.py for tasks to queue
[2026-07-01T17:45:05.621+0000] {logging_mixin.py:190} INFO - [2026-07-01T17:45:05.620+0000] {dagbag.py:588} INFO - Filling up the DagBag from /opt/airflow/dags/urban_data_streaming_dag.py
[2026-07-01T17:45:05.690+0000] {processor.py:925} INFO - DAG(s) 'urban_data_streaming_demo' retrieved from /opt/airflow/dags/urban_data_streaming_dag.py
[2026-07-01T17:45:05.741+0000] {logging_mixin.py:190} INFO - [2026-07-01T17:45:05.741+0000] {dag.py:3239} INFO - Sync 1 DAGs
[2026-07-01T17:45:05.756+0000] {logging_mixin.py:190} INFO - [2026-07-01T17:45:05.756+0000] {dag.py:4180} INFO - Setting next_dagrun for urban_data_streaming_demo to None, run_after=None
[2026-07-01T17:45:05.803+0000] {processor.py:208} INFO - Processing /opt/airflow/dags/urban_data_streaming_dag.py took 0.202 seconds
[2026-07-01T17:45:35.971+0000] {processor.py:186} INFO - Started process (PID=5281) to work on /opt/airflow/dags/urban_data_streaming_dag.py
[2026-07-01T17:45:35.977+0000] {processor.py:914} INFO - Processing file /opt/airflow/dags/urban_data_streaming_dag.py for tasks to queue
[2026-07-01T17:45:35.983+0000] {logging_mixin.py:190} INFO - [2026-07-01T17:45:35.982+0000] {dagbag.py:588} INFO - Filling up the DagBag from /opt/airflow/dags/urban_data_streaming_dag.py
[2026-07-01T17:45:36.043+0000] {processor.py:925} INFO - DAG(s) 'urban_data_streaming_demo' retrieved from /opt/airflow/dags/urban_data_streaming_dag.py
[2026-07-01T17:45:36.082+0000] {logging_mixin.py:190} INFO - [2026-07-01T17:45:36.081+0000] {dag.py:3239} INFO - Sync 1 DAGs
[2026-07-01T17:45:36.100+0000] {logging_mixin.py:190} INFO - [2026-07-01T17:45:36.099+0000] {dag.py:4180} INFO - Setting next_dagrun for urban_data_streaming_demo to None, run_after=None
[2026-07-01T17:45:36.127+0000] {processor.py:208} INFO - Processing /opt/airflow/dags/urban_data_streaming_dag.py took 0.169 seconds
[2026-07-01T17:46:06.645+0000] {processor.py:186} INFO - Started process (PID=5299) to work on /opt/airflow/dags/urban_data_streaming_dag.py
[2026-07-01T17:46:06.646+0000] {processor.py:914} INFO - Processing file /opt/airflow/dags/urban_data_streaming_dag.py for tasks to queue
[2026-07-01T17:46:06.651+0000] {logging_mixin.py:190} INFO - [2026-07-01T17:46:06.649+0000] {dagbag.py:588} INFO - Filling up the DagBag from /opt/airflow/dags/urban_data_streaming_dag.py
[2026-07-01T17:46:06.706+0000] {processor.py:925} INFO - DAG(s) 'urban_data_streaming_demo' retrieved from /opt/airflow/dags/urban_data_streaming_dag.py
[2026-07-01T17:46:06.753+0000] {logging_mixin.py:190} INFO - [2026-07-01T17:46:06.752+0000] {dag.py:3239} INFO - Sync 1 DAGs
[2026-07-01T17:46:06.772+0000] {logging_mixin.py:190} INFO - [2026-07-01T17:46:06.772+0000] {dag.py:4180} INFO - Setting next_dagrun for urban_data_streaming_demo to None, run_after=None
[2026-07-01T17:46:06.801+0000] {processor.py:208} INFO - Processing /opt/airflow/dags/urban_data_streaming_dag.py took 0.178 seconds
[2026-07-01T17:46:37.085+0000] {processor.py:186} INFO - Started process (PID=5317) to work on /opt/airflow/dags/urban_data_streaming_dag.py
[2026-07-01T17:46:37.086+0000] {processor.py:914} INFO - Processing file /opt/airflow/dags/urban_data_streaming_dag.py for tasks to queue
[2026-07-01T17:46:37.090+0000] {logging_mixin.py:190} INFO - [2026-07-01T17:46:37.090+0000] {dagbag.py:588} INFO - Filling up the DagBag from /opt/airflow/dags/urban_data_streaming_dag.py
[2026-07-01T17:46:37.114+0000] {processor.py:925} INFO - DAG(s) 'urban_data_streaming_demo' retrieved from /opt/airflow/dags/urban_data_streaming_dag.py
[2026-07-01T17:46:37.141+0000] {logging_mixin.py:190} INFO - [2026-07-01T17:46:37.141+0000] {dag.py:3239} INFO - Sync 1 DAGs
[2026-07-01T17:46:37.156+0000] {logging_mixin.py:190} INFO - [2026-07-01T17:46:37.155+0000] {dag.py:4180} INFO - Setting next_dagrun for urban_data_streaming_demo to None, run_after=None
[2026-07-01T17:46:37.184+0000] {processor.py:208} INFO - Processing /opt/airflow/dags/urban_data_streaming_dag.py took 0.111 seconds
[2026-07-01T17:47:07.251+0000] {processor.py:186} INFO - Started process (PID=5335) to work on /opt/airflow/dags/urban_data_streaming_dag.py
[2026-07-01T17:47:07.253+0000] {processor.py:914} INFO - Processing file /opt/airflow/dags/urban_data_streaming_dag.py for tasks to queue
[2026-07-01T17:47:07.256+0000] {logging_mixin.py:190} INFO - [2026-07-01T17:47:07.255+0000] {dagbag.py:588} INFO - Filling up the DagBag from /opt/airflow/dags/urban_data_streaming_dag.py
[2026-07-01T17:47:07.310+0000] {processor.py:925} INFO - DAG(s) 'urban_data_streaming_demo' retrieved from /opt/airflow/dags/urban_data_streaming_dag.py
[2026-07-01T17:47:07.361+0000] {logging_mixin.py:190} INFO - [2026-07-01T17:47:07.360+0000] {dag.py:3239} INFO - Sync 1 DAGs
[2026-07-01T17:47:07.386+0000] {logging_mixin.py:190} INFO - [2026-07-01T17:47:07.386+0000] {dag.py:4180} INFO - Setting next_dagrun for urban_data_streaming_demo to None, run_after=None
[2026-07-01T17:47:07.416+0000] {processor.py:208} INFO - Processing /opt/airflow/dags/urban_data_streaming_dag.py took 0.174 seconds
[2026-07-01T17:47:38.153+0000] {processor.py:186} INFO - Started process (PID=5353) to work on /opt/airflow/dags/urban_data_streaming_dag.py
[2026-07-01T17:47:38.156+0000] {processor.py:914} INFO - Processing file /opt/airflow/dags/urban_data_streaming_dag.py for tasks to queue
[2026-07-01T17:47:38.162+0000] {logging_mixin.py:190} INFO - [2026-07-01T17:47:38.161+0000] {dagbag.py:588} INFO - Filling up the DagBag from /opt/airflow/dags/urban_data_streaming_dag.py
[2026-07-01T17:47:38.211+0000] {processor.py:925} INFO - DAG(s) 'urban_data_streaming_demo' retrieved from /opt/airflow/dags/urban_data_streaming_dag.py
[2026-07-01T17:47:38.251+0000] {logging_mixin.py:190} INFO - [2026-07-01T17:47:38.251+0000] {dag.py:3239} INFO - Sync 1 DAGs
[2026-07-01T17:47:38.268+0000] {logging_mixin.py:190} INFO - [2026-07-01T17:47:38.268+0000] {dag.py:4180} INFO - Setting next_dagrun for urban_data_streaming_demo to None, run_after=None
[2026-07-01T17:47:38.289+0000] {processor.py:208} INFO - Processing /opt/airflow/dags/urban_data_streaming_dag.py took 0.155 seconds
[2026-07-01T17:48:09.118+0000] {processor.py:186} INFO - Started process (PID=5371) to work on /opt/airflow/dags/urban_data_streaming_dag.py
[2026-07-01T17:48:09.119+0000] {processor.py:914} INFO - Processing file /opt/airflow/dags/urban_data_streaming_dag.py for tasks to queue
[2026-07-01T17:48:09.123+0000] {logging_mixin.py:190} INFO - [2026-07-01T17:48:09.122+0000] {dagbag.py:588} INFO - Filling up the DagBag from /opt/airflow/dags/urban_data_streaming_dag.py
[2026-07-01T17:48:09.149+0000] {processor.py:925} INFO - DAG(s) 'urban_data_streaming_demo' retrieved from /opt/airflow/dags/urban_data_streaming_dag.py
[2026-07-01T17:48:09.182+0000] {logging_mixin.py:190} INFO - [2026-07-01T17:48:09.181+0000] {dag.py:3239} INFO - Sync 1 DAGs
[2026-07-01T17:48:09.197+0000] {logging_mixin.py:190} INFO - [2026-07-01T17:48:09.197+0000] {dag.py:4180} INFO - Setting next_dagrun for urban_data_streaming_demo to None, run_after=None
[2026-07-01T17:48:09.224+0000] {processor.py:208} INFO - Processing /opt/airflow/dags/urban_data_streaming_dag.py took 0.117 seconds
[2026-07-01T17:48:39.953+0000] {processor.py:186} INFO - Started process (PID=5389) to work on /opt/airflow/dags/urban_data_streaming_dag.py
[2026-07-01T17:48:39.955+0000] {processor.py:914} INFO - Processing file /opt/airflow/dags/urban_data_streaming_dag.py for tasks to queue
[2026-07-01T17:48:39.958+0000] {logging_mixin.py:190} INFO - [2026-07-01T17:48:39.958+0000] {dagbag.py:588} INFO - Filling up the DagBag from /opt/airflow/dags/urban_data_streaming_dag.py
[2026-07-01T17:48:39.990+0000] {processor.py:925} INFO - DAG(s) 'urban_data_streaming_demo' retrieved from /opt/airflow/dags/urban_data_streaming_dag.py
[2026-07-01T17:48:40.021+0000] {logging_mixin.py:190} INFO - [2026-07-01T17:48:40.021+0000] {dag.py:3239} INFO - Sync 1 DAGs
[2026-07-01T17:48:40.040+0000] {logging_mixin.py:190} INFO - [2026-07-01T17:48:40.039+0000] {dag.py:4180} INFO - Setting next_dagrun for urban_data_streaming_demo to None, run_after=None
[2026-07-01T17:48:40.065+0000] {processor.py:208} INFO - Processing /opt/airflow/dags/urban_data_streaming_dag.py took 0.125 seconds
[2026-07-01T17:49:10.291+0000] {processor.py:186} INFO - Started process (PID=5406) to work on /opt/airflow/dags/urban_data_streaming_dag.py
[2026-07-01T17:49:10.292+0000] {processor.py:914} INFO - Processing file /opt/airflow/dags/urban_data_streaming_dag.py for tasks to queue
[2026-07-01T17:49:10.295+0000] {logging_mixin.py:190} INFO - [2026-07-01T17:49:10.295+0000] {dagbag.py:588} INFO - Filling up the DagBag from /opt/airflow/dags/urban_data_streaming_dag.py
[2026-07-01T17:49:10.318+0000] {processor.py:925} INFO - DAG(s) 'urban_data_streaming_demo' retrieved from /opt/airflow/dags/urban_data_streaming_dag.py
[2026-07-01T17:49:10.349+0000] {logging_mixin.py:190} INFO - [2026-07-01T17:49:10.348+0000] {dag.py:3239} INFO - Sync 1 DAGs
[2026-07-01T17:49:10.367+0000] {logging_mixin.py:190} INFO - [2026-07-01T17:49:10.367+0000] {dag.py:4180} INFO - Setting next_dagrun for urban_data_streaming_demo to None, run_after=None
[2026-07-01T17:49:10.399+0000] {processor.py:208} INFO - Processing /opt/airflow/dags/urban_data_streaming_dag.py took 0.115 seconds
[2026-07-01T17:49:41.067+0000] {processor.py:186} INFO - Started process (PID=5412) to work on /opt/airflow/dags/urban_data_streaming_dag.py
[2026-07-01T17:49:41.068+0000] {processor.py:914} INFO - Processing file /opt/airflow/dags/urban_data_streaming_dag.py for tasks to queue
[2026-07-01T17:49:41.071+0000] {logging_mixin.py:190} INFO - [2026-07-01T17:49:41.070+0000] {dagbag.py:588} INFO - Filling up the DagBag from /opt/airflow/dags/urban_data_streaming_dag.py
[2026-07-01T17:49:41.105+0000] {processor.py:925} INFO - DAG(s) 'urban_data_streaming_demo' retrieved from /opt/airflow/dags/urban_data_streaming_dag.py
[2026-07-01T17:49:41.138+0000] {logging_mixin.py:190} INFO - [2026-07-01T17:49:41.138+0000] {dag.py:3239} INFO - Sync 1 DAGs
[2026-07-01T17:49:41.160+0000] {logging_mixin.py:190} INFO - [2026-07-01T17:49:41.160+0000] {dag.py:4180} INFO - Setting next_dagrun for urban_data_streaming_demo to None, run_after=None
[2026-07-01T17:49:41.191+0000] {processor.py:208} INFO - Processing /opt/airflow/dags/urban_data_streaming_dag.py took 0.131 seconds
[2026-07-01T17:50:12.162+0000] {processor.py:186} INFO - Started process (PID=5430) to work on /opt/airflow/dags/urban_data_streaming_dag.py
[2026-07-01T17:50:12.163+0000] {processor.py:914} INFO - Processing file /opt/airflow/dags/urban_data_streaming_dag.py for tasks to queue
[2026-07-01T17:50:12.172+0000] {logging_mixin.py:190} INFO - [2026-07-01T17:50:12.171+0000] {dagbag.py:588} INFO - Filling up the DagBag from /opt/airflow/dags/urban_data_streaming_dag.py
[2026-07-01T17:50:12.220+0000] {processor.py:925} INFO - DAG(s) 'urban_data_streaming_demo' retrieved from /opt/airflow/dags/urban_data_streaming_dag.py
[2026-07-01T17:50:12.257+0000] {logging_mixin.py:190} INFO - [2026-07-01T17:50:12.257+0000] {dag.py:3239} INFO - Sync 1 DAGs
[2026-07-01T17:50:12.275+0000] {logging_mixin.py:190} INFO - [2026-07-01T17:50:12.275+0000] {dag.py:4180} INFO - Setting next_dagrun for urban_data_streaming_demo to None, run_after=None
[2026-07-01T17:50:12.300+0000] {processor.py:208} INFO - Processing /opt/airflow/dags/urban_data_streaming_dag.py took 0.150 seconds
[2026-07-01T17:50:43.119+0000] {processor.py:186} INFO - Started process (PID=5448) to work on /opt/airflow/dags/urban_data_streaming_dag.py
[2026-07-01T17:50:43.121+0000] {processor.py:914} INFO - Processing file /opt/airflow/dags/urban_data_streaming_dag.py for tasks to queue
[2026-07-01T17:50:43.126+0000] {logging_mixin.py:190} INFO - [2026-07-01T17:50:43.125+0000] {dagbag.py:588} INFO - Filling up the DagBag from /opt/airflow/dags/urban_data_streaming_dag.py
[2026-07-01T17:50:43.169+0000] {processor.py:925} INFO - DAG(s) 'urban_data_streaming_demo' retrieved from /opt/airflow/dags/urban_data_streaming_dag.py
[2026-07-01T17:50:43.206+0000] {logging_mixin.py:190} INFO - [2026-07-01T17:50:43.205+0000] {dag.py:3239} INFO - Sync 1 DAGs
[2026-07-01T17:50:43.225+0000] {logging_mixin.py:190} INFO - [2026-07-01T17:50:43.225+0000] {dag.py:4180} INFO - Setting next_dagrun for urban_data_streaming_demo to None, run_after=None
[2026-07-01T17:50:43.254+0000] {processor.py:208} INFO - Processing /opt/airflow/dags/urban_data_streaming_dag.py took 0.142 seconds
[2026-07-01T17:51:13.503+0000] {processor.py:186} INFO - Started process (PID=5466) to work on /opt/airflow/dags/urban_data_streaming_dag.py
[2026-07-01T17:51:13.505+0000] {processor.py:914} INFO - Processing file /opt/airflow/dags/urban_data_streaming_dag.py for tasks to queue
[2026-07-01T17:51:13.507+0000] {logging_mixin.py:190} INFO - [2026-07-01T17:51:13.507+0000] {dagbag.py:588} INFO - Filling up the DagBag from /opt/airflow/dags/urban_data_streaming_dag.py
[2026-07-01T17:51:13.533+0000] {processor.py:925} INFO - DAG(s) 'urban_data_streaming_demo' retrieved from /opt/airflow/dags/urban_data_streaming_dag.py
[2026-07-01T17:51:13.569+0000] {logging_mixin.py:190} INFO - [2026-07-01T17:51:13.569+0000] {dag.py:3239} INFO - Sync 1 DAGs
[2026-07-01T17:51:13.588+0000] {logging_mixin.py:190} INFO - [2026-07-01T17:51:13.587+0000] {dag.py:4180} INFO - Setting next_dagrun for urban_data_streaming_demo to None, run_after=None
[2026-07-01T17:51:13.617+0000] {processor.py:208} INFO - Processing /opt/airflow/dags/urban_data_streaming_dag.py took 0.119 seconds
[2026-07-01T17:51:44.525+0000] {processor.py:186} INFO - Started process (PID=5484) to work on /opt/airflow/dags/urban_data_streaming_dag.py
[2026-07-01T17:51:44.527+0000] {processor.py:914} INFO - Processing file /opt/airflow/dags/urban_data_streaming_dag.py for tasks to queue
[2026-07-01T17:51:44.531+0000] {logging_mixin.py:190} INFO - [2026-07-01T17:51:44.530+0000] {dagbag.py:588} INFO - Filling up the DagBag from /opt/airflow/dags/urban_data_streaming_dag.py
[2026-07-01T17:51:44.577+0000] {processor.py:925} INFO - DAG(s) 'urban_data_streaming_demo' retrieved from /opt/airflow/dags/urban_data_streaming_dag.py
[2026-07-01T17:51:44.627+0000] {logging_mixin.py:190} INFO - [2026-07-01T17:51:44.627+0000] {dag.py:3239} INFO - Sync 1 DAGs
[2026-07-01T17:51:44.659+0000] {logging_mixin.py:190} INFO - [2026-07-01T17:51:44.658+0000] {dag.py:4180} INFO - Setting next_dagrun for urban_data_streaming_demo to None, run_after=None
[2026-07-01T17:51:44.690+0000] {processor.py:208} INFO - Processing /opt/airflow/dags/urban_data_streaming_dag.py took 0.171 seconds
[2026-07-01T17:52:15.629+0000] {processor.py:186} INFO - Started process (PID=5502) to work on /opt/airflow/dags/urban_data_streaming_dag.py
[2026-07-01T17:52:15.631+0000] {processor.py:914} INFO - Processing file /opt/airflow/dags/urban_data_streaming_dag.py for tasks to queue
[2026-07-01T17:52:15.636+0000] {logging_mixin.py:190} INFO - [2026-07-01T17:52:15.635+0000] {dagbag.py:588} INFO - Filling up the DagBag from /opt/airflow/dags/urban_data_streaming_dag.py
[2026-07-01T17:52:15.726+0000] {processor.py:925} INFO - DAG(s) 'urban_data_streaming_demo' retrieved from /opt/airflow/dags/urban_data_streaming_dag.py
[2026-07-01T17:52:15.768+0000] {logging_mixin.py:190} INFO - [2026-07-01T17:52:15.767+0000] {dag.py:3239} INFO - Sync 1 DAGs
[2026-07-01T17:52:15.788+0000] {logging_mixin.py:190} INFO - [2026-07-01T17:52:15.787+0000] {dag.py:4180} INFO - Setting next_dagrun for urban_data_streaming_demo to None, run_after=None
[2026-07-01T17:52:15.865+0000] {processor.py:208} INFO - Processing /opt/airflow/dags/urban_data_streaming_dag.py took 0.250 seconds
[2026-07-01T17:52:46.627+0000] {processor.py:186} INFO - Started process (PID=5520) to work on /opt/airflow/dags/urban_data_streaming_dag.py
[2026-07-01T17:52:46.629+0000] {processor.py:914} INFO - Processing file /opt/airflow/dags/urban_data_streaming_dag.py for tasks to queue
[2026-07-01T17:52:46.633+0000] {logging_mixin.py:190} INFO - [2026-07-01T17:52:46.632+0000] {dagbag.py:588} INFO - Filling up the DagBag from /opt/airflow/dags/urban_data_streaming_dag.py
[2026-07-01T17:52:46.675+0000] {processor.py:925} INFO - DAG(s) 'urban_data_streaming_demo' retrieved from /opt/airflow/dags/urban_data_streaming_dag.py
[2026-07-01T17:52:46.716+0000] {logging_mixin.py:190} INFO - [2026-07-01T17:52:46.715+0000] {dag.py:3239} INFO - Sync 1 DAGs
[2026-07-01T17:52:46.735+0000] {logging_mixin.py:190} INFO - [2026-07-01T17:52:46.734+0000] {dag.py:4180} INFO - Setting next_dagrun for urban_data_streaming_demo to None, run_after=None
[2026-07-01T17:52:46.766+0000] {processor.py:208} INFO - Processing /opt/airflow/dags/urban_data_streaming_dag.py took 0.147 seconds
[2026-07-01T17:53:17.057+0000] {processor.py:186} INFO - Started process (PID=5538) to work on /opt/airflow/dags/urban_data_streaming_dag.py
[2026-07-01T17:53:17.059+0000] {processor.py:914} INFO - Processing file /opt/airflow/dags/urban_data_streaming_dag.py for tasks to queue
[2026-07-01T17:53:17.064+0000] {logging_mixin.py:190} INFO - [2026-07-01T17:53:17.063+0000] {dagbag.py:588} INFO - Filling up the DagBag from /opt/airflow/dags/urban_data_streaming_dag.py
[2026-07-01T17:53:17.163+0000] {processor.py:925} INFO - DAG(s) 'urban_data_streaming_demo' retrieved from /opt/airflow/dags/urban_data_streaming_dag.py
[2026-07-01T17:53:17.197+0000] {logging_mixin.py:190} INFO - [2026-07-01T17:53:17.197+0000] {dag.py:3239} INFO - Sync 1 DAGs
[2026-07-01T17:53:17.222+0000] {logging_mixin.py:190} INFO - [2026-07-01T17:53:17.222+0000] {dag.py:4180} INFO - Setting next_dagrun for urban_data_streaming_demo to None, run_after=None
[2026-07-01T17:53:17.261+0000] {processor.py:208} INFO - Processing /opt/airflow/dags/urban_data_streaming_dag.py took 0.216 seconds
[2026-07-01T17:53:47.594+0000] {processor.py:186} INFO - Started process (PID=5555) to work on /opt/airflow/dags/urban_data_streaming_dag.py
[2026-07-01T17:53:47.596+0000] {processor.py:914} INFO - Processing file /opt/airflow/dags/urban_data_streaming_dag.py for tasks to queue
[2026-07-01T17:53:47.599+0000] {logging_mixin.py:190} INFO - [2026-07-01T17:53:47.599+0000] {dagbag.py:588} INFO - Filling up the DagBag from /opt/airflow/dags/urban_data_streaming_dag.py
[2026-07-01T17:53:47.625+0000] {processor.py:925} INFO - DAG(s) 'urban_data_streaming_demo' retrieved from /opt/airflow/dags/urban_data_streaming_dag.py
[2026-07-01T17:53:47.658+0000] {logging_mixin.py:190} INFO - [2026-07-01T17:53:47.658+0000] {dag.py:3239} INFO - Sync 1 DAGs
[2026-07-01T17:53:47.680+0000] {logging_mixin.py:190} INFO - [2026-07-01T17:53:47.679+0000] {dag.py:4180} INFO - Setting next_dagrun for urban_data_streaming_demo to None, run_after=None
[2026-07-01T17:53:47.704+0000] {processor.py:208} INFO - Processing /opt/airflow/dags/urban_data_streaming_dag.py took 0.119 seconds
[2026-07-01T17:54:18.735+0000] {processor.py:186} INFO - Started process (PID=5566) to work on /opt/airflow/dags/urban_data_streaming_dag.py
[2026-07-01T17:54:18.736+0000] {processor.py:914} INFO - Processing file /opt/airflow/dags/urban_data_streaming_dag.py for tasks to queue
[2026-07-01T17:54:18.739+0000] {logging_mixin.py:190} INFO - [2026-07-01T17:54:18.739+0000] {dagbag.py:588} INFO - Filling up the DagBag from /opt/airflow/dags/urban_data_streaming_dag.py
[2026-07-01T17:54:18.777+0000] {processor.py:925} INFO - DAG(s) 'urban_data_streaming_demo' retrieved from /opt/airflow/dags/urban_data_streaming_dag.py
[2026-07-01T17:54:18.811+0000] {logging_mixin.py:190} INFO - [2026-07-01T17:54:18.811+0000] {dag.py:3239} INFO - Sync 1 DAGs
[2026-07-01T17:54:18.831+0000] {logging_mixin.py:190} INFO - [2026-07-01T17:54:18.831+0000] {dag.py:4180} INFO - Setting next_dagrun for urban_data_streaming_demo to None, run_after=None
[2026-07-01T17:54:18.855+0000] {processor.py:208} INFO - Processing /opt/airflow/dags/urban_data_streaming_dag.py took 0.126 seconds
[2026-07-01T17:54:48.993+0000] {processor.py:186} INFO - Started process (PID=5584) to work on /opt/airflow/dags/urban_data_streaming_dag.py
[2026-07-01T17:54:48.998+0000] {processor.py:914} INFO - Processing file /opt/airflow/dags/urban_data_streaming_dag.py for tasks to queue
[2026-07-01T17:54:49.013+0000] {logging_mixin.py:190} INFO - [2026-07-01T17:54:49.010+0000] {dagbag.py:588} INFO - Filling up the DagBag from /opt/airflow/dags/urban_data_streaming_dag.py
[2026-07-01T17:54:49.093+0000] {processor.py:925} INFO - DAG(s) 'urban_data_streaming_demo' retrieved from /opt/airflow/dags/urban_data_streaming_dag.py
[2026-07-01T17:54:49.135+0000] {logging_mixin.py:190} INFO - [2026-07-01T17:54:49.134+0000] {dag.py:3239} INFO - Sync 1 DAGs
[2026-07-01T17:54:49.158+0000] {logging_mixin.py:190} INFO - [2026-07-01T17:54:49.158+0000] {dag.py:4180} INFO - Setting next_dagrun for urban_data_streaming_demo to None, run_after=None
[2026-07-01T17:54:49.205+0000] {processor.py:208} INFO - Processing /opt/airflow/dags/urban_data_streaming_dag.py took 0.230 seconds
[2026-07-01T17:55:19.658+0000] {processor.py:186} INFO - Started process (PID=5602) to work on /opt/airflow/dags/urban_data_streaming_dag.py
[2026-07-01T17:55:19.661+0000] {processor.py:914} INFO - Processing file /opt/airflow/dags/urban_data_streaming_dag.py for tasks to queue
[2026-07-01T17:55:19.668+0000] {logging_mixin.py:190} INFO - [2026-07-01T17:55:19.667+0000] {dagbag.py:588} INFO - Filling up the DagBag from /opt/airflow/dags/urban_data_streaming_dag.py
[2026-07-01T17:55:19.777+0000] {processor.py:925} INFO - DAG(s) 'urban_data_streaming_demo' retrieved from /opt/airflow/dags/urban_data_streaming_dag.py
[2026-07-01T17:55:19.824+0000] {logging_mixin.py:190} INFO - [2026-07-01T17:55:19.824+0000] {dag.py:3239} INFO - Sync 1 DAGs
[2026-07-01T17:55:19.840+0000] {logging_mixin.py:190} INFO - [2026-07-01T17:55:19.840+0000] {dag.py:4180} INFO - Setting next_dagrun for urban_data_streaming_demo to None, run_after=None
[2026-07-01T17:55:19.879+0000] {processor.py:208} INFO - Processing /opt/airflow/dags/urban_data_streaming_dag.py took 0.244 seconds
[2026-07-01T17:55:50.644+0000] {processor.py:186} INFO - Started process (PID=5620) to work on /opt/airflow/dags/urban_data_streaming_dag.py
[2026-07-01T17:55:50.646+0000] {processor.py:914} INFO - Processing file /opt/airflow/dags/urban_data_streaming_dag.py for tasks to queue
[2026-07-01T17:55:50.649+0000] {logging_mixin.py:190} INFO - [2026-07-01T17:55:50.648+0000] {dagbag.py:588} INFO - Filling up the DagBag from /opt/airflow/dags/urban_data_streaming_dag.py
[2026-07-01T17:55:50.688+0000] {processor.py:925} INFO - DAG(s) 'urban_data_streaming_demo' retrieved from /opt/airflow/dags/urban_data_streaming_dag.py
[2026-07-01T17:55:50.725+0000] {logging_mixin.py:190} INFO - [2026-07-01T17:55:50.725+0000] {dag.py:3239} INFO - Sync 1 DAGs
[2026-07-01T17:55:50.742+0000] {logging_mixin.py:190} INFO - [2026-07-01T17:55:50.742+0000] {dag.py:4180} INFO - Setting next_dagrun for urban_data_streaming_demo to None, run_after=None
[2026-07-01T17:55:50.770+0000] {processor.py:208} INFO - Processing /opt/airflow/dags/urban_data_streaming_dag.py took 0.134 seconds
[2026-07-01T17:56:21.737+0000] {processor.py:186} INFO - Started process (PID=5638) to work on /opt/airflow/dags/urban_data_streaming_dag.py
[2026-07-01T17:56:21.739+0000] {processor.py:914} INFO - Processing file /opt/airflow/dags/urban_data_streaming_dag.py for tasks to queue
[2026-07-01T17:56:21.748+0000] {logging_mixin.py:190} INFO - [2026-07-01T17:56:21.746+0000] {dagbag.py:588} INFO - Filling up the DagBag from /opt/airflow/dags/urban_data_streaming_dag.py
[2026-07-01T17:56:21.867+0000] {processor.py:925} INFO - DAG(s) 'urban_data_streaming_demo' retrieved from /opt/airflow/dags/urban_data_streaming_dag.py
[2026-07-01T17:56:21.937+0000] {logging_mixin.py:190} INFO - [2026-07-01T17:56:21.937+0000] {dag.py:3239} INFO - Sync 1 DAGs
[2026-07-01T17:56:21.963+0000] {logging_mixin.py:190} INFO - [2026-07-01T17:56:21.963+0000] {dag.py:4180} INFO - Setting next_dagrun for urban_data_streaming_demo to None, run_after=None
[2026-07-01T17:56:21.994+0000] {processor.py:208} INFO - Processing /opt/airflow/dags/urban_data_streaming_dag.py took 0.276 seconds
[2026-07-01T17:56:52.807+0000] {processor.py:186} INFO - Started process (PID=5656) to work on /opt/airflow/dags/urban_data_streaming_dag.py
[2026-07-01T17:56:52.808+0000] {processor.py:914} INFO - Processing file /opt/airflow/dags/urban_data_streaming_dag.py for tasks to queue
[2026-07-01T17:56:52.812+0000] {logging_mixin.py:190} INFO - [2026-07-01T17:56:52.812+0000] {dagbag.py:588} INFO - Filling up the DagBag from /opt/airflow/dags/urban_data_streaming_dag.py
[2026-07-01T17:56:52.842+0000] {processor.py:925} INFO - DAG(s) 'urban_data_streaming_demo' retrieved from /opt/airflow/dags/urban_data_streaming_dag.py
[2026-07-01T17:56:52.884+0000] {logging_mixin.py:190} INFO - [2026-07-01T17:56:52.884+0000] {dag.py:3239} INFO - Sync 1 DAGs
[2026-07-01T17:56:52.903+0000] {logging_mixin.py:190} INFO - [2026-07-01T17:56:52.903+0000] {dag.py:4180} INFO - Setting next_dagrun for urban_data_streaming_demo to None, run_after=None
[2026-07-01T17:56:52.930+0000] {processor.py:208} INFO - Processing /opt/airflow/dags/urban_data_streaming_dag.py took 0.131 seconds
[2026-07-01T17:57:23.745+0000] {processor.py:186} INFO - Started process (PID=5674) to work on /opt/airflow/dags/urban_data_streaming_dag.py
[2026-07-01T17:57:23.747+0000] {processor.py:914} INFO - Processing file /opt/airflow/dags/urban_data_streaming_dag.py for tasks to queue
[2026-07-01T17:57:23.750+0000] {logging_mixin.py:190} INFO - [2026-07-01T17:57:23.750+0000] {dagbag.py:588} INFO - Filling up the DagBag from /opt/airflow/dags/urban_data_streaming_dag.py
[2026-07-01T17:57:23.784+0000] {processor.py:925} INFO - DAG(s) 'urban_data_streaming_demo' retrieved from /opt/airflow/dags/urban_data_streaming_dag.py
[2026-07-01T17:57:23.824+0000] {logging_mixin.py:190} INFO - [2026-07-01T17:57:23.824+0000] {dag.py:3239} INFO - Sync 1 DAGs
[2026-07-01T17:57:23.839+0000] {logging_mixin.py:190} INFO - [2026-07-01T17:57:23.838+0000] {dag.py:4180} INFO - Setting next_dagrun for urban_data_streaming_demo to None, run_after=None
[2026-07-01T17:57:23.880+0000] {processor.py:208} INFO - Processing /opt/airflow/dags/urban_data_streaming_dag.py took 0.142 seconds
[2026-07-01T17:57:54.805+0000] {processor.py:186} INFO - Started process (PID=5692) to work on /opt/airflow/dags/urban_data_streaming_dag.py
[2026-07-01T17:57:54.807+0000] {processor.py:914} INFO - Processing file /opt/airflow/dags/urban_data_streaming_dag.py for tasks to queue
[2026-07-01T17:57:54.811+0000] {logging_mixin.py:190} INFO - [2026-07-01T17:57:54.810+0000] {dagbag.py:588} INFO - Filling up the DagBag from /opt/airflow/dags/urban_data_streaming_dag.py
[2026-07-01T17:57:54.842+0000] {processor.py:925} INFO - DAG(s) 'urban_data_streaming_demo' retrieved from /opt/airflow/dags/urban_data_streaming_dag.py
[2026-07-01T17:57:54.896+0000] {logging_mixin.py:190} INFO - [2026-07-01T17:57:54.896+0000] {dag.py:3239} INFO - Sync 1 DAGs
[2026-07-01T17:57:54.912+0000] {logging_mixin.py:190} INFO - [2026-07-01T17:57:54.911+0000] {dag.py:4180} INFO - Setting next_dagrun for urban_data_streaming_demo to None, run_after=None
[2026-07-01T17:57:54.930+0000] {processor.py:208} INFO - Processing /opt/airflow/dags/urban_data_streaming_dag.py took 0.133 seconds
[2026-07-01T17:58:25.641+0000] {processor.py:186} INFO - Started process (PID=5710) to work on /opt/airflow/dags/urban_data_streaming_dag.py
[2026-07-01T17:58:25.642+0000] {processor.py:914} INFO - Processing file /opt/airflow/dags/urban_data_streaming_dag.py for tasks to queue
[2026-07-01T17:58:25.648+0000] {logging_mixin.py:190} INFO - [2026-07-01T17:58:25.648+0000] {dagbag.py:588} INFO - Filling up the DagBag from /opt/airflow/dags/urban_data_streaming_dag.py
[2026-07-01T17:58:25.717+0000] {processor.py:925} INFO - DAG(s) 'urban_data_streaming_demo' retrieved from /opt/airflow/dags/urban_data_streaming_dag.py
[2026-07-01T17:58:25.789+0000] {logging_mixin.py:190} INFO - [2026-07-01T17:58:25.788+0000] {dag.py:3239} INFO - Sync 1 DAGs
[2026-07-01T17:58:25.818+0000] {logging_mixin.py:190} INFO - [2026-07-01T17:58:25.818+0000] {dag.py:4180} INFO - Setting next_dagrun for urban_data_streaming_demo to None, run_after=None
[2026-07-01T17:58:25.859+0000] {processor.py:208} INFO - Processing /opt/airflow/dags/urban_data_streaming_dag.py took 0.235 seconds
[2026-07-01T17:58:56.488+0000] {processor.py:186} INFO - Started process (PID=5728) to work on /opt/airflow/dags/urban_data_streaming_dag.py
[2026-07-01T17:58:56.490+0000] {processor.py:914} INFO - Processing file /opt/airflow/dags/urban_data_streaming_dag.py for tasks to queue
[2026-07-01T17:58:56.493+0000] {logging_mixin.py:190} INFO - [2026-07-01T17:58:56.492+0000] {dagbag.py:588} INFO - Filling up the DagBag from /opt/airflow/dags/urban_data_streaming_dag.py
[2026-07-01T17:58:56.518+0000] {processor.py:925} INFO - DAG(s) 'urban_data_streaming_demo' retrieved from /opt/airflow/dags/urban_data_streaming_dag.py
[2026-07-01T17:58:56.552+0000] {logging_mixin.py:190} INFO - [2026-07-01T17:58:56.551+0000] {dag.py:3239} INFO - Sync 1 DAGs
[2026-07-01T17:58:56.569+0000] {logging_mixin.py:190} INFO - [2026-07-01T17:58:56.569+0000] {dag.py:4180} INFO - Setting next_dagrun for urban_data_streaming_demo to None, run_after=None
[2026-07-01T17:58:56.592+0000] {processor.py:208} INFO - Processing /opt/airflow/dags/urban_data_streaming_dag.py took 0.110 seconds
[2026-07-01T17:59:27.307+0000] {processor.py:186} INFO - Started process (PID=5745) to work on /opt/airflow/dags/urban_data_streaming_dag.py
[2026-07-01T17:59:27.308+0000] {processor.py:914} INFO - Processing file /opt/airflow/dags/urban_data_streaming_dag.py for tasks to queue
[2026-07-01T17:59:27.311+0000] {logging_mixin.py:190} INFO - [2026-07-01T17:59:27.310+0000] {dagbag.py:588} INFO - Filling up the DagBag from /opt/airflow/dags/urban_data_streaming_dag.py
[2026-07-01T17:59:27.332+0000] {processor.py:925} INFO - DAG(s) 'urban_data_streaming_demo' retrieved from /opt/airflow/dags/urban_data_streaming_dag.py
[2026-07-01T17:59:27.367+0000] {logging_mixin.py:190} INFO - [2026-07-01T17:59:27.367+0000] {dag.py:3239} INFO - Sync 1 DAGs
[2026-07-01T17:59:27.384+0000] {logging_mixin.py:190} INFO - [2026-07-01T17:59:27.384+0000] {dag.py:4180} INFO - Setting next_dagrun for urban_data_streaming_demo to None, run_after=None
[2026-07-01T17:59:27.407+0000] {processor.py:208} INFO - Processing /opt/airflow/dags/urban_data_streaming_dag.py took 0.106 seconds
[2026-07-01T17:59:58.117+0000] {processor.py:186} INFO - Started process (PID=5756) to work on /opt/airflow/dags/urban_data_streaming_dag.py
[2026-07-01T17:59:58.118+0000] {processor.py:914} INFO - Processing file /opt/airflow/dags/urban_data_streaming_dag.py for tasks to queue
[2026-07-01T17:59:58.122+0000] {logging_mixin.py:190} INFO - [2026-07-01T17:59:58.122+0000] {dagbag.py:588} INFO - Filling up the DagBag from /opt/airflow/dags/urban_data_streaming_dag.py
[2026-07-01T17:59:58.206+0000] {processor.py:925} INFO - DAG(s) 'urban_data_streaming_demo' retrieved from /opt/airflow/dags/urban_data_streaming_dag.py
[2026-07-01T17:59:58.255+0000] {logging_mixin.py:190} INFO - [2026-07-01T17:59:58.255+0000] {dag.py:3239} INFO - Sync 1 DAGs
[2026-07-01T17:59:58.270+0000] {logging_mixin.py:190} INFO - [2026-07-01T17:59:58.270+0000] {dag.py:4180} INFO - Setting next_dagrun for urban_data_streaming_demo to None, run_after=None
[2026-07-01T17:59:58.301+0000] {processor.py:208} INFO - Processing /opt/airflow/dags/urban_data_streaming_dag.py took 0.196 seconds
[2026-07-01T18:00:28.466+0000] {processor.py:186} INFO - Started process (PID=5774) to work on /opt/airflow/dags/urban_data_streaming_dag.py
[2026-07-01T18:00:28.468+0000] {processor.py:914} INFO - Processing file /opt/airflow/dags/urban_data_streaming_dag.py for tasks to queue
[2026-07-01T18:00:28.475+0000] {logging_mixin.py:190} INFO - [2026-07-01T18:00:28.474+0000] {dagbag.py:588} INFO - Filling up the DagBag from /opt/airflow/dags/urban_data_streaming_dag.py
[2026-07-01T18:00:28.522+0000] {processor.py:925} INFO - DAG(s) 'urban_data_streaming_demo' retrieved from /opt/airflow/dags/urban_data_streaming_dag.py
[2026-07-01T18:00:28.564+0000] {logging_mixin.py:190} INFO - [2026-07-01T18:00:28.564+0000] {dag.py:3239} INFO - Sync 1 DAGs
[2026-07-01T18:00:28.588+0000] {logging_mixin.py:190} INFO - [2026-07-01T18:00:28.588+0000] {dag.py:4180} INFO - Setting next_dagrun for urban_data_streaming_demo to None, run_after=None
[2026-07-01T18:00:28.657+0000] {processor.py:208} INFO - Processing /opt/airflow/dags/urban_data_streaming_dag.py took 0.201 seconds
[2026-07-01T18:00:59.498+0000] {processor.py:186} INFO - Started process (PID=5792) to work on /opt/airflow/dags/urban_data_streaming_dag.py
[2026-07-01T18:00:59.502+0000] {processor.py:914} INFO - Processing file /opt/airflow/dags/urban_data_streaming_dag.py for tasks to queue
[2026-07-01T18:00:59.508+0000] {logging_mixin.py:190} INFO - [2026-07-01T18:00:59.508+0000] {dagbag.py:588} INFO - Filling up the DagBag from /opt/airflow/dags/urban_data_streaming_dag.py
[2026-07-01T18:00:59.607+0000] {processor.py:925} INFO - DAG(s) 'urban_data_streaming_demo' retrieved from /opt/airflow/dags/urban_data_streaming_dag.py
[2026-07-01T18:00:59.643+0000] {logging_mixin.py:190} INFO - [2026-07-01T18:00:59.643+0000] {dag.py:3239} INFO - Sync 1 DAGs
[2026-07-01T18:00:59.657+0000] {logging_mixin.py:190} INFO - [2026-07-01T18:00:59.657+0000] {dag.py:4180} INFO - Setting next_dagrun for urban_data_streaming_demo to None, run_after=None
[2026-07-01T18:00:59.684+0000] {processor.py:208} INFO - Processing /opt/airflow/dags/urban_data_streaming_dag.py took 0.214 seconds
[2026-07-01T18:01:30.364+0000] {processor.py:186} INFO - Started process (PID=5810) to work on /opt/airflow/dags/urban_data_streaming_dag.py
[2026-07-01T18:01:30.368+0000] {processor.py:914} INFO - Processing file /opt/airflow/dags/urban_data_streaming_dag.py for tasks to queue
[2026-07-01T18:01:30.376+0000] {logging_mixin.py:190} INFO - [2026-07-01T18:01:30.375+0000] {dagbag.py:588} INFO - Filling up the DagBag from /opt/airflow/dags/urban_data_streaming_dag.py
[2026-07-01T18:01:30.461+0000] {processor.py:925} INFO - DAG(s) 'urban_data_streaming_demo' retrieved from /opt/airflow/dags/urban_data_streaming_dag.py
[2026-07-01T18:01:30.513+0000] {logging_mixin.py:190} INFO - [2026-07-01T18:01:30.513+0000] {dag.py:3239} INFO - Sync 1 DAGs
[2026-07-01T18:01:30.540+0000] {logging_mixin.py:190} INFO - [2026-07-01T18:01:30.539+0000] {dag.py:4180} INFO - Setting next_dagrun for urban_data_streaming_demo to None, run_after=None
[2026-07-01T18:01:30.591+0000] {processor.py:208} INFO - Processing /opt/airflow/dags/urban_data_streaming_dag.py took 0.260 seconds
[2026-07-01T18:02:00.883+0000] {processor.py:186} INFO - Started process (PID=5828) to work on /opt/airflow/dags/urban_data_streaming_dag.py
[2026-07-01T18:02:00.885+0000] {processor.py:914} INFO - Processing file /opt/airflow/dags/urban_data_streaming_dag.py for tasks to queue
[2026-07-01T18:02:00.888+0000] {logging_mixin.py:190} INFO - [2026-07-01T18:02:00.887+0000] {dagbag.py:588} INFO - Filling up the DagBag from /opt/airflow/dags/urban_data_streaming_dag.py
[2026-07-01T18:02:00.920+0000] {processor.py:925} INFO - DAG(s) 'urban_data_streaming_demo' retrieved from /opt/airflow/dags/urban_data_streaming_dag.py
[2026-07-01T18:02:00.995+0000] {logging_mixin.py:190} INFO - [2026-07-01T18:02:00.995+0000] {dag.py:3239} INFO - Sync 1 DAGs
[2026-07-01T18:02:01.066+0000] {logging_mixin.py:190} INFO - [2026-07-01T18:02:01.065+0000] {dag.py:4180} INFO - Setting next_dagrun for urban_data_streaming_demo to None, run_after=None
[2026-07-01T18:02:01.139+0000] {processor.py:208} INFO - Processing /opt/airflow/dags/urban_data_streaming_dag.py took 0.263 seconds
[2026-07-01T18:02:31.930+0000] {processor.py:186} INFO - Started process (PID=5846) to work on /opt/airflow/dags/urban_data_streaming_dag.py
[2026-07-01T18:02:31.931+0000] {processor.py:914} INFO - Processing file /opt/airflow/dags/urban_data_streaming_dag.py for tasks to queue
[2026-07-01T18:02:31.935+0000] {logging_mixin.py:190} INFO - [2026-07-01T18:02:31.935+0000] {dagbag.py:588} INFO - Filling up the DagBag from /opt/airflow/dags/urban_data_streaming_dag.py
[2026-07-01T18:02:31.971+0000] {processor.py:925} INFO - DAG(s) 'urban_data_streaming_demo' retrieved from /opt/airflow/dags/urban_data_streaming_dag.py
[2026-07-01T18:02:32.014+0000] {logging_mixin.py:190} INFO - [2026-07-01T18:02:32.013+0000] {dag.py:3239} INFO - Sync 1 DAGs
[2026-07-01T18:02:32.064+0000] {logging_mixin.py:190} INFO - [2026-07-01T18:02:32.064+0000] {dag.py:4180} INFO - Setting next_dagrun for urban_data_streaming_demo to None, run_after=None
[2026-07-01T18:02:32.162+0000] {processor.py:208} INFO - Processing /opt/airflow/dags/urban_data_streaming_dag.py took 0.241 seconds
[2026-07-01T18:03:03.157+0000] {processor.py:186} INFO - Started process (PID=5864) to work on /opt/airflow/dags/urban_data_streaming_dag.py
[2026-07-01T18:03:03.164+0000] {processor.py:914} INFO - Processing file /opt/airflow/dags/urban_data_streaming_dag.py for tasks to queue
[2026-07-01T18:03:03.174+0000] {logging_mixin.py:190} INFO - [2026-07-01T18:03:03.174+0000] {dagbag.py:588} INFO - Filling up the DagBag from /opt/airflow/dags/urban_data_streaming_dag.py
[2026-07-01T18:03:03.241+0000] {processor.py:925} INFO - DAG(s) 'urban_data_streaming_demo' retrieved from /opt/airflow/dags/urban_data_streaming_dag.py
[2026-07-01T18:03:03.280+0000] {logging_mixin.py:190} INFO - [2026-07-01T18:03:03.280+0000] {dag.py:3239} INFO - Sync 1 DAGs
[2026-07-01T18:03:03.301+0000] {logging_mixin.py:190} INFO - [2026-07-01T18:03:03.301+0000] {dag.py:4180} INFO - Setting next_dagrun for urban_data_streaming_demo to None, run_after=None
[2026-07-01T18:03:03.333+0000] {processor.py:208} INFO - Processing /opt/airflow/dags/urban_data_streaming_dag.py took 0.202 seconds
[2026-07-01T18:03:33.557+0000] {processor.py:186} INFO - Started process (PID=5882) to work on /opt/airflow/dags/urban_data_streaming_dag.py
[2026-07-01T18:03:33.558+0000] {processor.py:914} INFO - Processing file /opt/airflow/dags/urban_data_streaming_dag.py for tasks to queue
[2026-07-01T18:03:33.562+0000] {logging_mixin.py:190} INFO - [2026-07-01T18:03:33.561+0000] {dagbag.py:588} INFO - Filling up the DagBag from /opt/airflow/dags/urban_data_streaming_dag.py
[2026-07-01T18:03:33.595+0000] {processor.py:925} INFO - DAG(s) 'urban_data_streaming_demo' retrieved from /opt/airflow/dags/urban_data_streaming_dag.py
[2026-07-01T18:03:33.645+0000] {logging_mixin.py:190} INFO - [2026-07-01T18:03:33.644+0000] {dag.py:3239} INFO - Sync 1 DAGs
[2026-07-01T18:03:33.660+0000] {logging_mixin.py:190} INFO - [2026-07-01T18:03:33.660+0000] {dag.py:4180} INFO - Setting next_dagrun for urban_data_streaming_demo to None, run_after=None
[2026-07-01T18:03:33.707+0000] {processor.py:208} INFO - Processing /opt/airflow/dags/urban_data_streaming_dag.py took 0.162 seconds
[2026-07-01T18:04:03.978+0000] {processor.py:186} INFO - Started process (PID=5900) to work on /opt/airflow/dags/urban_data_streaming_dag.py
[2026-07-01T18:04:03.980+0000] {processor.py:914} INFO - Processing file /opt/airflow/dags/urban_data_streaming_dag.py for tasks to queue
[2026-07-01T18:04:03.983+0000] {logging_mixin.py:190} INFO - [2026-07-01T18:04:03.983+0000] {dagbag.py:588} INFO - Filling up the DagBag from /opt/airflow/dags/urban_data_streaming_dag.py
[2026-07-01T18:04:04.023+0000] {processor.py:925} INFO - DAG(s) 'urban_data_streaming_demo' retrieved from /opt/airflow/dags/urban_data_streaming_dag.py
[2026-07-01T18:04:04.073+0000] {logging_mixin.py:190} INFO - [2026-07-01T18:04:04.072+0000] {dag.py:3239} INFO - Sync 1 DAGs
[2026-07-01T18:04:04.110+0000] {logging_mixin.py:190} INFO - [2026-07-01T18:04:04.110+0000] {dag.py:4180} INFO - Setting next_dagrun for urban_data_streaming_demo to None, run_after=None
[2026-07-01T18:04:04.158+0000] {processor.py:208} INFO - Processing /opt/airflow/dags/urban_data_streaming_dag.py took 0.188 seconds
[2026-07-01T18:04:35.043+0000] {processor.py:186} INFO - Started process (PID=5917) to work on /opt/airflow/dags/urban_data_streaming_dag.py
[2026-07-01T18:04:35.045+0000] {processor.py:914} INFO - Processing file /opt/airflow/dags/urban_data_streaming_dag.py for tasks to queue
[2026-07-01T18:04:35.049+0000] {logging_mixin.py:190} INFO - [2026-07-01T18:04:35.049+0000] {dagbag.py:588} INFO - Filling up the DagBag from /opt/airflow/dags/urban_data_streaming_dag.py
[2026-07-01T18:04:35.088+0000] {processor.py:925} INFO - DAG(s) 'urban_data_streaming_demo' retrieved from /opt/airflow/dags/urban_data_streaming_dag.py
[2026-07-01T18:04:35.128+0000] {logging_mixin.py:190} INFO - [2026-07-01T18:04:35.128+0000] {dag.py:3239} INFO - Sync 1 DAGs
[2026-07-01T18:04:35.149+0000] {logging_mixin.py:190} INFO - [2026-07-01T18:04:35.149+0000] {dag.py:4180} INFO - Setting next_dagrun for urban_data_streaming_demo to None, run_after=None
[2026-07-01T18:04:35.178+0000] {processor.py:208} INFO - Processing /opt/airflow/dags/urban_data_streaming_dag.py took 0.147 seconds
[2026-07-01T18:05:05.479+0000] {processor.py:186} INFO - Started process (PID=5928) to work on /opt/airflow/dags/urban_data_streaming_dag.py
[2026-07-01T18:05:05.481+0000] {processor.py:914} INFO - Processing file /opt/airflow/dags/urban_data_streaming_dag.py for tasks to queue
[2026-07-01T18:05:05.484+0000] {logging_mixin.py:190} INFO - [2026-07-01T18:05:05.483+0000] {dagbag.py:588} INFO - Filling up the DagBag from /opt/airflow/dags/urban_data_streaming_dag.py
[2026-07-01T18:05:05.518+0000] {processor.py:925} INFO - DAG(s) 'urban_data_streaming_demo' retrieved from /opt/airflow/dags/urban_data_streaming_dag.py
[2026-07-01T18:05:05.554+0000] {logging_mixin.py:190} INFO - [2026-07-01T18:05:05.554+0000] {dag.py:3239} INFO - Sync 1 DAGs
[2026-07-01T18:05:05.569+0000] {logging_mixin.py:190} INFO - [2026-07-01T18:05:05.568+0000] {dag.py:4180} INFO - Setting next_dagrun for urban_data_streaming_demo to None, run_after=None
[2026-07-01T18:05:05.589+0000] {processor.py:208} INFO - Processing /opt/airflow/dags/urban_data_streaming_dag.py took 0.123 seconds
[2026-07-01T18:05:36.421+0000] {processor.py:186} INFO - Started process (PID=5946) to work on /opt/airflow/dags/urban_data_streaming_dag.py
[2026-07-01T18:05:36.423+0000] {processor.py:914} INFO - Processing file /opt/airflow/dags/urban_data_streaming_dag.py for tasks to queue
[2026-07-01T18:05:36.426+0000] {logging_mixin.py:190} INFO - [2026-07-01T18:05:36.426+0000] {dagbag.py:588} INFO - Filling up the DagBag from /opt/airflow/dags/urban_data_streaming_dag.py
[2026-07-01T18:05:36.468+0000] {processor.py:925} INFO - DAG(s) 'urban_data_streaming_demo' retrieved from /opt/airflow/dags/urban_data_streaming_dag.py
[2026-07-01T18:05:36.513+0000] {logging_mixin.py:190} INFO - [2026-07-01T18:05:36.513+0000] {dag.py:3239} INFO - Sync 1 DAGs
[2026-07-01T18:05:36.528+0000] {logging_mixin.py:190} INFO - [2026-07-01T18:05:36.528+0000] {dag.py:4180} INFO - Setting next_dagrun for urban_data_streaming_demo to None, run_after=None
[2026-07-01T18:05:36.562+0000] {processor.py:208} INFO - Processing /opt/airflow/dags/urban_data_streaming_dag.py took 0.150 seconds
[2026-07-01T18:06:07.353+0000] {processor.py:186} INFO - Started process (PID=5964) to work on /opt/airflow/dags/urban_data_streaming_dag.py
[2026-07-01T18:06:07.354+0000] {processor.py:914} INFO - Processing file /opt/airflow/dags/urban_data_streaming_dag.py for tasks to queue
[2026-07-01T18:06:07.358+0000] {logging_mixin.py:190} INFO - [2026-07-01T18:06:07.357+0000] {dagbag.py:588} INFO - Filling up the DagBag from /opt/airflow/dags/urban_data_streaming_dag.py
[2026-07-01T18:06:07.385+0000] {processor.py:925} INFO - DAG(s) 'urban_data_streaming_demo' retrieved from /opt/airflow/dags/urban_data_streaming_dag.py
[2026-07-01T18:06:07.419+0000] {logging_mixin.py:190} INFO - [2026-07-01T18:06:07.419+0000] {dag.py:3239} INFO - Sync 1 DAGs
[2026-07-01T18:06:07.439+0000] {logging_mixin.py:190} INFO - [2026-07-01T18:06:07.439+0000] {dag.py:4180} INFO - Setting next_dagrun for urban_data_streaming_demo to None, run_after=None
[2026-07-01T18:06:07.468+0000] {processor.py:208} INFO - Processing /opt/airflow/dags/urban_data_streaming_dag.py took 0.123 seconds
[2026-07-01T18:06:38.297+0000] {processor.py:186} INFO - Started process (PID=5982) to work on /opt/airflow/dags/urban_data_streaming_dag.py
[2026-07-01T18:06:38.299+0000] {processor.py:914} INFO - Processing file /opt/airflow/dags/urban_data_streaming_dag.py for tasks to queue
[2026-07-01T18:06:38.303+0000] {logging_mixin.py:190} INFO - [2026-07-01T18:06:38.302+0000] {dagbag.py:588} INFO - Filling up the DagBag from /opt/airflow/dags/urban_data_streaming_dag.py
[2026-07-01T18:06:38.347+0000] {processor.py:925} INFO - DAG(s) 'urban_data_streaming_demo' retrieved from /opt/airflow/dags/urban_data_streaming_dag.py
[2026-07-01T18:06:38.399+0000] {logging_mixin.py:190} INFO - [2026-07-01T18:06:38.399+0000] {dag.py:3239} INFO - Sync 1 DAGs
[2026-07-01T18:06:38.422+0000] {logging_mixin.py:190} INFO - [2026-07-01T18:06:38.421+0000] {dag.py:4180} INFO - Setting next_dagrun for urban_data_streaming_demo to None, run_after=None
[2026-07-01T18:06:38.466+0000] {processor.py:208} INFO - Processing /opt/airflow/dags/urban_data_streaming_dag.py took 0.177 seconds
[2026-07-01T18:07:08.810+0000] {processor.py:186} INFO - Started process (PID=6000) to work on /opt/airflow/dags/urban_data_streaming_dag.py
[2026-07-01T18:07:08.812+0000] {processor.py:914} INFO - Processing file /opt/airflow/dags/urban_data_streaming_dag.py for tasks to queue
[2026-07-01T18:07:08.817+0000] {logging_mixin.py:190} INFO - [2026-07-01T18:07:08.816+0000] {dagbag.py:588} INFO - Filling up the DagBag from /opt/airflow/dags/urban_data_streaming_dag.py
[2026-07-01T18:07:08.846+0000] {processor.py:925} INFO - DAG(s) 'urban_data_streaming_demo' retrieved from /opt/airflow/dags/urban_data_streaming_dag.py
[2026-07-01T18:07:08.879+0000] {logging_mixin.py:190} INFO - [2026-07-01T18:07:08.879+0000] {dag.py:3239} INFO - Sync 1 DAGs
[2026-07-01T18:07:08.894+0000] {logging_mixin.py:190} INFO - [2026-07-01T18:07:08.894+0000] {dag.py:4180} INFO - Setting next_dagrun for urban_data_streaming_demo to None, run_after=None
[2026-07-01T18:07:08.921+0000] {processor.py:208} INFO - Processing /opt/airflow/dags/urban_data_streaming_dag.py took 0.122 seconds
[2026-07-01T18:07:39.827+0000] {processor.py:186} INFO - Started process (PID=6018) to work on /opt/airflow/dags/urban_data_streaming_dag.py
[2026-07-01T18:07:39.829+0000] {processor.py:914} INFO - Processing file /opt/airflow/dags/urban_data_streaming_dag.py for tasks to queue
[2026-07-01T18:07:39.831+0000] {logging_mixin.py:190} INFO - [2026-07-01T18:07:39.831+0000] {dagbag.py:588} INFO - Filling up the DagBag from /opt/airflow/dags/urban_data_streaming_dag.py
[2026-07-01T18:07:39.864+0000] {processor.py:925} INFO - DAG(s) 'urban_data_streaming_demo' retrieved from /opt/airflow/dags/urban_data_streaming_dag.py
[2026-07-01T18:07:39.898+0000] {logging_mixin.py:190} INFO - [2026-07-01T18:07:39.897+0000] {dag.py:3239} INFO - Sync 1 DAGs
[2026-07-01T18:07:39.913+0000] {logging_mixin.py:190} INFO - [2026-07-01T18:07:39.913+0000] {dag.py:4180} INFO - Setting next_dagrun for urban_data_streaming_demo to None, run_after=None
[2026-07-01T18:07:39.961+0000] {processor.py:208} INFO - Processing /opt/airflow/dags/urban_data_streaming_dag.py took 0.140 seconds
[2026-07-01T18:08:10.807+0000] {processor.py:186} INFO - Started process (PID=6036) to work on /opt/airflow/dags/urban_data_streaming_dag.py
[2026-07-01T18:08:10.809+0000] {processor.py:914} INFO - Processing file /opt/airflow/dags/urban_data_streaming_dag.py for tasks to queue
[2026-07-01T18:08:10.813+0000] {logging_mixin.py:190} INFO - [2026-07-01T18:08:10.813+0000] {dagbag.py:588} INFO - Filling up the DagBag from /opt/airflow/dags/urban_data_streaming_dag.py
[2026-07-01T18:08:10.840+0000] {processor.py:925} INFO - DAG(s) 'urban_data_streaming_demo' retrieved from /opt/airflow/dags/urban_data_streaming_dag.py
[2026-07-01T18:08:10.901+0000] {logging_mixin.py:190} INFO - [2026-07-01T18:08:10.900+0000] {dag.py:3239} INFO - Sync 1 DAGs
[2026-07-01T18:08:10.928+0000] {logging_mixin.py:190} INFO - [2026-07-01T18:08:10.928+0000] {dag.py:4180} INFO - Setting next_dagrun for urban_data_streaming_demo to None, run_after=None
[2026-07-01T18:08:10.957+0000] {processor.py:208} INFO - Processing /opt/airflow/dags/urban_data_streaming_dag.py took 0.159 seconds
[2026-07-01T18:08:41.858+0000] {processor.py:186} INFO - Started process (PID=6054) to work on /opt/airflow/dags/urban_data_streaming_dag.py
[2026-07-01T18:08:41.859+0000] {processor.py:914} INFO - Processing file /opt/airflow/dags/urban_data_streaming_dag.py for tasks to queue
[2026-07-01T18:08:41.863+0000] {logging_mixin.py:190} INFO - [2026-07-01T18:08:41.862+0000] {dagbag.py:588} INFO - Filling up the DagBag from /opt/airflow/dags/urban_data_streaming_dag.py
[2026-07-01T18:08:41.900+0000] {processor.py:925} INFO - DAG(s) 'urban_data_streaming_demo' retrieved from /opt/airflow/dags/urban_data_streaming_dag.py
[2026-07-01T18:08:41.929+0000] {logging_mixin.py:190} INFO - [2026-07-01T18:08:41.929+0000] {dag.py:3239} INFO - Sync 1 DAGs
[2026-07-01T18:08:41.945+0000] {logging_mixin.py:190} INFO - [2026-07-01T18:08:41.944+0000] {dag.py:4180} INFO - Setting next_dagrun for urban_data_streaming_demo to None, run_after=None
[2026-07-01T18:08:41.969+0000] {processor.py:208} INFO - Processing /opt/airflow/dags/urban_data_streaming_dag.py took 0.119 seconds
[2026-07-01T18:09:12.101+0000] {processor.py:186} INFO - Started process (PID=6071) to work on /opt/airflow/dags/urban_data_streaming_dag.py
[2026-07-01T18:09:12.106+0000] {processor.py:914} INFO - Processing file /opt/airflow/dags/urban_data_streaming_dag.py for tasks to queue
[2026-07-01T18:09:12.111+0000] {logging_mixin.py:190} INFO - [2026-07-01T18:09:12.111+0000] {dagbag.py:588} INFO - Filling up the DagBag from /opt/airflow/dags/urban_data_streaming_dag.py
[2026-07-01T18:09:12.163+0000] {processor.py:925} INFO - DAG(s) 'urban_data_streaming_demo' retrieved from /opt/airflow/dags/urban_data_streaming_dag.py
[2026-07-01T18:09:12.192+0000] {logging_mixin.py:190} INFO - [2026-07-01T18:09:12.192+0000] {dag.py:3239} INFO - Sync 1 DAGs
[2026-07-01T18:09:12.207+0000] {logging_mixin.py:190} INFO - [2026-07-01T18:09:12.207+0000] {dag.py:4180} INFO - Setting next_dagrun for urban_data_streaming_demo to None, run_after=None
[2026-07-01T18:09:12.227+0000] {processor.py:208} INFO - Processing /opt/airflow/dags/urban_data_streaming_dag.py took 0.137 seconds
[2026-07-01T18:09:43.116+0000] {processor.py:186} INFO - Started process (PID=6089) to work on /opt/airflow/dags/urban_data_streaming_dag.py
[2026-07-01T18:09:43.119+0000] {processor.py:914} INFO - Processing file /opt/airflow/dags/urban_data_streaming_dag.py for tasks to queue
[2026-07-01T18:09:43.123+0000] {logging_mixin.py:190} INFO - [2026-07-01T18:09:43.123+0000] {dagbag.py:588} INFO - Filling up the DagBag from /opt/airflow/dags/urban_data_streaming_dag.py
[2026-07-01T18:09:43.204+0000] {processor.py:925} INFO - DAG(s) 'urban_data_streaming_demo' retrieved from /opt/airflow/dags/urban_data_streaming_dag.py
[2026-07-01T18:09:43.250+0000] {logging_mixin.py:190} INFO - [2026-07-01T18:09:43.250+0000] {dag.py:3239} INFO - Sync 1 DAGs
[2026-07-01T18:09:43.268+0000] {logging_mixin.py:190} INFO - [2026-07-01T18:09:43.268+0000] {dag.py:4180} INFO - Setting next_dagrun for urban_data_streaming_demo to None, run_after=None
[2026-07-01T18:09:43.292+0000] {processor.py:208} INFO - Processing /opt/airflow/dags/urban_data_streaming_dag.py took 0.193 seconds
[2026-07-01T18:10:13.804+0000] {processor.py:186} INFO - Started process (PID=6100) to work on /opt/airflow/dags/urban_data_streaming_dag.py
[2026-07-01T18:10:13.806+0000] {processor.py:914} INFO - Processing file /opt/airflow/dags/urban_data_streaming_dag.py for tasks to queue
[2026-07-01T18:10:13.809+0000] {logging_mixin.py:190} INFO - [2026-07-01T18:10:13.809+0000] {dagbag.py:588} INFO - Filling up the DagBag from /opt/airflow/dags/urban_data_streaming_dag.py
[2026-07-01T18:10:13.838+0000] {processor.py:925} INFO - DAG(s) 'urban_data_streaming_demo' retrieved from /opt/airflow/dags/urban_data_streaming_dag.py
[2026-07-01T18:10:13.881+0000] {logging_mixin.py:190} INFO - [2026-07-01T18:10:13.881+0000] {dag.py:3239} INFO - Sync 1 DAGs
[2026-07-01T18:10:13.901+0000] {logging_mixin.py:190} INFO - [2026-07-01T18:10:13.901+0000] {dag.py:4180} INFO - Setting next_dagrun for urban_data_streaming_demo to None, run_after=None
[2026-07-01T18:10:13.925+0000] {processor.py:208} INFO - Processing /opt/airflow/dags/urban_data_streaming_dag.py took 0.130 seconds
[2026-07-01T18:10:44.704+0000] {processor.py:186} INFO - Started process (PID=6118) to work on /opt/airflow/dags/urban_data_streaming_dag.py
[2026-07-01T18:10:44.706+0000] {processor.py:914} INFO - Processing file /opt/airflow/dags/urban_data_streaming_dag.py for tasks to queue
[2026-07-01T18:10:44.709+0000] {logging_mixin.py:190} INFO - [2026-07-01T18:10:44.709+0000] {dagbag.py:588} INFO - Filling up the DagBag from /opt/airflow/dags/urban_data_streaming_dag.py
[2026-07-01T18:10:44.743+0000] {processor.py:925} INFO - DAG(s) 'urban_data_streaming_demo' retrieved from /opt/airflow/dags/urban_data_streaming_dag.py
[2026-07-01T18:10:44.776+0000] {logging_mixin.py:190} INFO - [2026-07-01T18:10:44.776+0000] {dag.py:3239} INFO - Sync 1 DAGs
[2026-07-01T18:10:44.792+0000] {logging_mixin.py:190} INFO - [2026-07-01T18:10:44.791+0000] {dag.py:4180} INFO - Setting next_dagrun for urban_data_streaming_demo to None, run_after=None
[2026-07-01T18:10:44.827+0000] {processor.py:208} INFO - Processing /opt/airflow/dags/urban_data_streaming_dag.py took 0.130 seconds
[2026-07-01T18:11:15.311+0000] {processor.py:186} INFO - Started process (PID=6136) to work on /opt/airflow/dags/urban_data_streaming_dag.py
[2026-07-01T18:11:15.313+0000] {processor.py:914} INFO - Processing file /opt/airflow/dags/urban_data_streaming_dag.py for tasks to queue
[2026-07-01T18:11:15.317+0000] {logging_mixin.py:190} INFO - [2026-07-01T18:11:15.316+0000] {dagbag.py:588} INFO - Filling up the DagBag from /opt/airflow/dags/urban_data_streaming_dag.py
[2026-07-01T18:11:15.440+0000] {processor.py:925} INFO - DAG(s) 'urban_data_streaming_demo' retrieved from /opt/airflow/dags/urban_data_streaming_dag.py
[2026-07-01T18:11:15.483+0000] {logging_mixin.py:190} INFO - [2026-07-01T18:11:15.483+0000] {dag.py:3239} INFO - Sync 1 DAGs
[2026-07-01T18:11:15.498+0000] {logging_mixin.py:190} INFO - [2026-07-01T18:11:15.497+0000] {dag.py:4180} INFO - Setting next_dagrun for urban_data_streaming_demo to None, run_after=None
[2026-07-01T18:11:15.527+0000] {processor.py:208} INFO - Processing /opt/airflow/dags/urban_data_streaming_dag.py took 0.229 seconds
[2026-07-01T18:11:46.366+0000] {processor.py:186} INFO - Started process (PID=6154) to work on /opt/airflow/dags/urban_data_streaming_dag.py
[2026-07-01T18:11:46.368+0000] {processor.py:914} INFO - Processing file /opt/airflow/dags/urban_data_streaming_dag.py for tasks to queue
[2026-07-01T18:11:46.372+0000] {logging_mixin.py:190} INFO - [2026-07-01T18:11:46.372+0000] {dagbag.py:588} INFO - Filling up the DagBag from /opt/airflow/dags/urban_data_streaming_dag.py
[2026-07-01T18:11:46.453+0000] {processor.py:925} INFO - DAG(s) 'urban_data_streaming_demo' retrieved from /opt/airflow/dags/urban_data_streaming_dag.py
[2026-07-01T18:11:46.486+0000] {logging_mixin.py:190} INFO - [2026-07-01T18:11:46.485+0000] {dag.py:3239} INFO - Sync 1 DAGs
[2026-07-01T18:11:46.501+0000] {logging_mixin.py:190} INFO - [2026-07-01T18:11:46.501+0000] {dag.py:4180} INFO - Setting next_dagrun for urban_data_streaming_demo to None, run_after=None
[2026-07-01T18:11:46.526+0000] {processor.py:208} INFO - Processing /opt/airflow/dags/urban_data_streaming_dag.py took 0.167 seconds
[2026-07-01T18:12:16.700+0000] {processor.py:186} INFO - Started process (PID=6172) to work on /opt/airflow/dags/urban_data_streaming_dag.py
[2026-07-01T18:12:16.702+0000] {processor.py:914} INFO - Processing file /opt/airflow/dags/urban_data_streaming_dag.py for tasks to queue
[2026-07-01T18:12:16.705+0000] {logging_mixin.py:190} INFO - [2026-07-01T18:12:16.705+0000] {dagbag.py:588} INFO - Filling up the DagBag from /opt/airflow/dags/urban_data_streaming_dag.py
[2026-07-01T18:12:16.749+0000] {processor.py:925} INFO - DAG(s) 'urban_data_streaming_demo' retrieved from /opt/airflow/dags/urban_data_streaming_dag.py
[2026-07-01T18:12:16.781+0000] {logging_mixin.py:190} INFO - [2026-07-01T18:12:16.781+0000] {dag.py:3239} INFO - Sync 1 DAGs
[2026-07-01T18:12:16.796+0000] {logging_mixin.py:190} INFO - [2026-07-01T18:12:16.796+0000] {dag.py:4180} INFO - Setting next_dagrun for urban_data_streaming_demo to None, run_after=None
[2026-07-01T18:12:16.827+0000] {processor.py:208} INFO - Processing /opt/airflow/dags/urban_data_streaming_dag.py took 0.133 seconds
[2026-07-01T18:12:47.840+0000] {processor.py:186} INFO - Started process (PID=6190) to work on /opt/airflow/dags/urban_data_streaming_dag.py
[2026-07-01T18:12:47.841+0000] {processor.py:914} INFO - Processing file /opt/airflow/dags/urban_data_streaming_dag.py for tasks to queue
[2026-07-01T18:12:47.847+0000] {logging_mixin.py:190} INFO - [2026-07-01T18:12:47.846+0000] {dagbag.py:588} INFO - Filling up the DagBag from /opt/airflow/dags/urban_data_streaming_dag.py
[2026-07-01T18:12:47.903+0000] {processor.py:925} INFO - DAG(s) 'urban_data_streaming_demo' retrieved from /opt/airflow/dags/urban_data_streaming_dag.py
[2026-07-01T18:12:47.969+0000] {logging_mixin.py:190} INFO - [2026-07-01T18:12:47.969+0000] {dag.py:3239} INFO - Sync 1 DAGs
[2026-07-01T18:12:47.986+0000] {logging_mixin.py:190} INFO - [2026-07-01T18:12:47.986+0000] {dag.py:4180} INFO - Setting next_dagrun for urban_data_streaming_demo to None, run_after=None
[2026-07-01T18:12:48.037+0000] {processor.py:208} INFO - Processing /opt/airflow/dags/urban_data_streaming_dag.py took 0.207 seconds
[2026-07-01T18:13:18.317+0000] {processor.py:186} INFO - Started process (PID=6208) to work on /opt/airflow/dags/urban_data_streaming_dag.py
[2026-07-01T18:13:18.319+0000] {processor.py:914} INFO - Processing file /opt/airflow/dags/urban_data_streaming_dag.py for tasks to queue
[2026-07-01T18:13:18.327+0000] {logging_mixin.py:190} INFO - [2026-07-01T18:13:18.326+0000] {dagbag.py:588} INFO - Filling up the DagBag from /opt/airflow/dags/urban_data_streaming_dag.py
[2026-07-01T18:13:18.456+0000] {processor.py:925} INFO - DAG(s) 'urban_data_streaming_demo' retrieved from /opt/airflow/dags/urban_data_streaming_dag.py
[2026-07-01T18:13:18.498+0000] {logging_mixin.py:190} INFO - [2026-07-01T18:13:18.498+0000] {dag.py:3239} INFO - Sync 1 DAGs
[2026-07-01T18:13:18.513+0000] {logging_mixin.py:190} INFO - [2026-07-01T18:13:18.513+0000] {dag.py:4180} INFO - Setting next_dagrun for urban_data_streaming_demo to None, run_after=None
[2026-07-01T18:13:18.546+0000] {processor.py:208} INFO - Processing /opt/airflow/dags/urban_data_streaming_dag.py took 0.248 seconds
[2026-07-01T18:13:49.044+0000] {processor.py:186} INFO - Started process (PID=6226) to work on /opt/airflow/dags/urban_data_streaming_dag.py
[2026-07-01T18:13:49.049+0000] {processor.py:914} INFO - Processing file /opt/airflow/dags/urban_data_streaming_dag.py for tasks to queue
[2026-07-01T18:13:49.061+0000] {logging_mixin.py:190} INFO - [2026-07-01T18:13:49.060+0000] {dagbag.py:588} INFO - Filling up the DagBag from /opt/airflow/dags/urban_data_streaming_dag.py
[2026-07-01T18:13:49.130+0000] {processor.py:925} INFO - DAG(s) 'urban_data_streaming_demo' retrieved from /opt/airflow/dags/urban_data_streaming_dag.py
[2026-07-01T18:13:49.163+0000] {logging_mixin.py:190} INFO - [2026-07-01T18:13:49.163+0000] {dag.py:3239} INFO - Sync 1 DAGs
[2026-07-01T18:13:49.177+0000] {logging_mixin.py:190} INFO - [2026-07-01T18:13:49.177+0000] {dag.py:4180} INFO - Setting next_dagrun for urban_data_streaming_demo to None, run_after=None
[2026-07-01T18:13:49.209+0000] {processor.py:208} INFO - Processing /opt/airflow/dags/urban_data_streaming_dag.py took 0.201 seconds
[2026-07-01T18:14:20.255+0000] {processor.py:186} INFO - Started process (PID=6244) to work on /opt/airflow/dags/urban_data_streaming_dag.py
[2026-07-01T18:14:20.257+0000] {processor.py:914} INFO - Processing file /opt/airflow/dags/urban_data_streaming_dag.py for tasks to queue
[2026-07-01T18:14:20.260+0000] {logging_mixin.py:190} INFO - [2026-07-01T18:14:20.259+0000] {dagbag.py:588} INFO - Filling up the DagBag from /opt/airflow/dags/urban_data_streaming_dag.py
[2026-07-01T18:14:20.294+0000] {processor.py:925} INFO - DAG(s) 'urban_data_streaming_demo' retrieved from /opt/airflow/dags/urban_data_streaming_dag.py
[2026-07-01T18:14:20.325+0000] {logging_mixin.py:190} INFO - [2026-07-01T18:14:20.324+0000] {dag.py:3239} INFO - Sync 1 DAGs
[2026-07-01T18:14:20.353+0000] {logging_mixin.py:190} INFO - [2026-07-01T18:14:20.353+0000] {dag.py:4180} INFO - Setting next_dagrun for urban_data_streaming_demo to None, run_after=None
[2026-07-01T18:14:20.384+0000] {processor.py:208} INFO - Processing /opt/airflow/dags/urban_data_streaming_dag.py took 0.139 seconds
[2026-07-01T18:14:51.334+0000] {processor.py:186} INFO - Started process (PID=6255) to work on /opt/airflow/dags/urban_data_streaming_dag.py
[2026-07-01T18:14:51.340+0000] {processor.py:914} INFO - Processing file /opt/airflow/dags/urban_data_streaming_dag.py for tasks to queue
[2026-07-01T18:14:51.356+0000] {logging_mixin.py:190} INFO - [2026-07-01T18:14:51.355+0000] {dagbag.py:588} INFO - Filling up the DagBag from /opt/airflow/dags/urban_data_streaming_dag.py
[2026-07-01T18:14:51.430+0000] {processor.py:925} INFO - DAG(s) 'urban_data_streaming_demo' retrieved from /opt/airflow/dags/urban_data_streaming_dag.py
[2026-07-01T18:14:51.459+0000] {logging_mixin.py:190} INFO - [2026-07-01T18:14:51.459+0000] {dag.py:3239} INFO - Sync 1 DAGs
[2026-07-01T18:14:51.474+0000] {logging_mixin.py:190} INFO - [2026-07-01T18:14:51.474+0000] {dag.py:4180} INFO - Setting next_dagrun for urban_data_streaming_demo to None, run_after=None
[2026-07-01T18:14:51.501+0000] {processor.py:208} INFO - Processing /opt/airflow/dags/urban_data_streaming_dag.py took 0.196 seconds
[2026-07-01T18:15:22.423+0000] {processor.py:186} INFO - Started process (PID=6273) to work on /opt/airflow/dags/urban_data_streaming_dag.py
[2026-07-01T18:15:22.427+0000] {processor.py:914} INFO - Processing file /opt/airflow/dags/urban_data_streaming_dag.py for tasks to queue
[2026-07-01T18:15:22.438+0000] {logging_mixin.py:190} INFO - [2026-07-01T18:15:22.437+0000] {dagbag.py:588} INFO - Filling up the DagBag from /opt/airflow/dags/urban_data_streaming_dag.py
[2026-07-01T18:15:22.555+0000] {processor.py:925} INFO - DAG(s) 'urban_data_streaming_demo' retrieved from /opt/airflow/dags/urban_data_streaming_dag.py
[2026-07-01T18:15:22.593+0000] {logging_mixin.py:190} INFO - [2026-07-01T18:15:22.593+0000] {dag.py:3239} INFO - Sync 1 DAGs
[2026-07-01T18:15:22.611+0000] {logging_mixin.py:190} INFO - [2026-07-01T18:15:22.610+0000] {dag.py:4180} INFO - Setting next_dagrun for urban_data_streaming_demo to None, run_after=None
[2026-07-01T18:15:22.641+0000] {processor.py:208} INFO - Processing /opt/airflow/dags/urban_data_streaming_dag.py took 0.257 seconds
[2026-07-01T18:15:53.368+0000] {processor.py:186} INFO - Started process (PID=6291) to work on /opt/airflow/dags/urban_data_streaming_dag.py
[2026-07-01T18:15:53.370+0000] {processor.py:914} INFO - Processing file /opt/airflow/dags/urban_data_streaming_dag.py for tasks to queue
[2026-07-01T18:15:53.375+0000] {logging_mixin.py:190} INFO - [2026-07-01T18:15:53.374+0000] {dagbag.py:588} INFO - Filling up the DagBag from /opt/airflow/dags/urban_data_streaming_dag.py
[2026-07-01T18:15:53.441+0000] {processor.py:925} INFO - DAG(s) 'urban_data_streaming_demo' retrieved from /opt/airflow/dags/urban_data_streaming_dag.py
[2026-07-01T18:15:53.505+0000] {logging_mixin.py:190} INFO - [2026-07-01T18:15:53.505+0000] {dag.py:3239} INFO - Sync 1 DAGs
[2026-07-01T18:15:53.531+0000] {logging_mixin.py:190} INFO - [2026-07-01T18:15:53.531+0000] {dag.py:4180} INFO - Setting next_dagrun for urban_data_streaming_demo to None, run_after=None
[2026-07-01T18:15:53.601+0000] {processor.py:208} INFO - Processing /opt/airflow/dags/urban_data_streaming_dag.py took 0.249 seconds
[2026-07-01T18:16:23.858+0000] {processor.py:186} INFO - Started process (PID=6309) to work on /opt/airflow/dags/urban_data_streaming_dag.py
[2026-07-01T18:16:23.860+0000] {processor.py:914} INFO - Processing file /opt/airflow/dags/urban_data_streaming_dag.py for tasks to queue
[2026-07-01T18:16:23.863+0000] {logging_mixin.py:190} INFO - [2026-07-01T18:16:23.862+0000] {dagbag.py:588} INFO - Filling up the DagBag from /opt/airflow/dags/urban_data_streaming_dag.py
[2026-07-01T18:16:23.887+0000] {processor.py:925} INFO - DAG(s) 'urban_data_streaming_demo' retrieved from /opt/airflow/dags/urban_data_streaming_dag.py
[2026-07-01T18:16:23.916+0000] {logging_mixin.py:190} INFO - [2026-07-01T18:16:23.916+0000] {dag.py:3239} INFO - Sync 1 DAGs
[2026-07-01T18:16:23.933+0000] {logging_mixin.py:190} INFO - [2026-07-01T18:16:23.933+0000] {dag.py:4180} INFO - Setting next_dagrun for urban_data_streaming_demo to None, run_after=None
[2026-07-01T18:16:23.961+0000] {processor.py:208} INFO - Processing /opt/airflow/dags/urban_data_streaming_dag.py took 0.109 seconds
[2026-07-01T18:16:54.421+0000] {processor.py:186} INFO - Started process (PID=6327) to work on /opt/airflow/dags/urban_data_streaming_dag.py
[2026-07-01T18:16:54.425+0000] {processor.py:914} INFO - Processing file /opt/airflow/dags/urban_data_streaming_dag.py for tasks to queue
[2026-07-01T18:16:54.437+0000] {logging_mixin.py:190} INFO - [2026-07-01T18:16:54.435+0000] {dagbag.py:588} INFO - Filling up the DagBag from /opt/airflow/dags/urban_data_streaming_dag.py
[2026-07-01T18:16:54.553+0000] {processor.py:925} INFO - DAG(s) 'urban_data_streaming_demo' retrieved from /opt/airflow/dags/urban_data_streaming_dag.py
[2026-07-01T18:16:54.586+0000] {logging_mixin.py:190} INFO - [2026-07-01T18:16:54.586+0000] {dag.py:3239} INFO - Sync 1 DAGs
[2026-07-01T18:16:54.602+0000] {logging_mixin.py:190} INFO - [2026-07-01T18:16:54.602+0000] {dag.py:4180} INFO - Setting next_dagrun for urban_data_streaming_demo to None, run_after=None
[2026-07-01T18:16:54.630+0000] {processor.py:208} INFO - Processing /opt/airflow/dags/urban_data_streaming_dag.py took 0.240 seconds
[2026-07-01T18:17:24.988+0000] {processor.py:186} INFO - Started process (PID=6345) to work on /opt/airflow/dags/urban_data_streaming_dag.py
[2026-07-01T18:17:24.989+0000] {processor.py:914} INFO - Processing file /opt/airflow/dags/urban_data_streaming_dag.py for tasks to queue
[2026-07-01T18:17:24.994+0000] {logging_mixin.py:190} INFO - [2026-07-01T18:17:24.994+0000] {dagbag.py:588} INFO - Filling up the DagBag from /opt/airflow/dags/urban_data_streaming_dag.py
[2026-07-01T18:17:25.026+0000] {processor.py:925} INFO - DAG(s) 'urban_data_streaming_demo' retrieved from /opt/airflow/dags/urban_data_streaming_dag.py
[2026-07-01T18:17:25.064+0000] {logging_mixin.py:190} INFO - [2026-07-01T18:17:25.063+0000] {dag.py:3239} INFO - Sync 1 DAGs
[2026-07-01T18:17:25.098+0000] {logging_mixin.py:190} INFO - [2026-07-01T18:17:25.098+0000] {dag.py:4180} INFO - Setting next_dagrun for urban_data_streaming_demo to None, run_after=None
[2026-07-01T18:17:25.124+0000] {processor.py:208} INFO - Processing /opt/airflow/dags/urban_data_streaming_dag.py took 0.144 seconds
[2026-07-01T18:17:55.552+0000] {processor.py:186} INFO - Started process (PID=6363) to work on /opt/airflow/dags/urban_data_streaming_dag.py
[2026-07-01T18:17:55.554+0000] {processor.py:914} INFO - Processing file /opt/airflow/dags/urban_data_streaming_dag.py for tasks to queue
[2026-07-01T18:17:55.563+0000] {logging_mixin.py:190} INFO - [2026-07-01T18:17:55.562+0000] {dagbag.py:588} INFO - Filling up the DagBag from /opt/airflow/dags/urban_data_streaming_dag.py
[2026-07-01T18:17:55.614+0000] {processor.py:925} INFO - DAG(s) 'urban_data_streaming_demo' retrieved from /opt/airflow/dags/urban_data_streaming_dag.py
[2026-07-01T18:17:55.651+0000] {logging_mixin.py:190} INFO - [2026-07-01T18:17:55.651+0000] {dag.py:3239} INFO - Sync 1 DAGs
[2026-07-01T18:17:55.666+0000] {logging_mixin.py:190} INFO - [2026-07-01T18:17:55.665+0000] {dag.py:4180} INFO - Setting next_dagrun for urban_data_streaming_demo to None, run_after=None
[2026-07-01T18:17:55.692+0000] {processor.py:208} INFO - Processing /opt/airflow/dags/urban_data_streaming_dag.py took 0.151 seconds
[2026-07-01T18:18:26.419+0000] {processor.py:186} INFO - Started process (PID=6381) to work on /opt/airflow/dags/urban_data_streaming_dag.py
[2026-07-01T18:18:26.420+0000] {processor.py:914} INFO - Processing file /opt/airflow/dags/urban_data_streaming_dag.py for tasks to queue
[2026-07-01T18:18:26.424+0000] {logging_mixin.py:190} INFO - [2026-07-01T18:18:26.423+0000] {dagbag.py:588} INFO - Filling up the DagBag from /opt/airflow/dags/urban_data_streaming_dag.py
[2026-07-01T18:18:26.449+0000] {processor.py:925} INFO - DAG(s) 'urban_data_streaming_demo' retrieved from /opt/airflow/dags/urban_data_streaming_dag.py
[2026-07-01T18:18:26.502+0000] {logging_mixin.py:190} INFO - [2026-07-01T18:18:26.501+0000] {dag.py:3239} INFO - Sync 1 DAGs
[2026-07-01T18:18:26.525+0000] {logging_mixin.py:190} INFO - [2026-07-01T18:18:26.525+0000] {dag.py:4180} INFO - Setting next_dagrun for urban_data_streaming_demo to None, run_after=None
[2026-07-01T18:18:26.563+0000] {processor.py:208} INFO - Processing /opt/airflow/dags/urban_data_streaming_dag.py took 0.151 seconds
[2026-07-01T18:18:57.370+0000] {processor.py:186} INFO - Started process (PID=6399) to work on /opt/airflow/dags/urban_data_streaming_dag.py
[2026-07-01T18:18:57.372+0000] {processor.py:914} INFO - Processing file /opt/airflow/dags/urban_data_streaming_dag.py for tasks to queue
[2026-07-01T18:18:57.378+0000] {logging_mixin.py:190} INFO - [2026-07-01T18:18:57.378+0000] {dagbag.py:588} INFO - Filling up the DagBag from /opt/airflow/dags/urban_data_streaming_dag.py
[2026-07-01T18:18:57.413+0000] {processor.py:925} INFO - DAG(s) 'urban_data_streaming_demo' retrieved from /opt/airflow/dags/urban_data_streaming_dag.py
[2026-07-01T18:18:57.449+0000] {logging_mixin.py:190} INFO - [2026-07-01T18:18:57.448+0000] {dag.py:3239} INFO - Sync 1 DAGs
[2026-07-01T18:18:57.465+0000] {logging_mixin.py:190} INFO - [2026-07-01T18:18:57.464+0000] {dag.py:4180} INFO - Setting next_dagrun for urban_data_streaming_demo to None, run_after=None
[2026-07-01T18:18:57.509+0000] {processor.py:208} INFO - Processing /opt/airflow/dags/urban_data_streaming_dag.py took 0.145 seconds
[2026-07-01T18:19:28.331+0000] {processor.py:186} INFO - Started process (PID=6416) to work on /opt/airflow/dags/urban_data_streaming_dag.py
[2026-07-01T18:19:28.334+0000] {processor.py:914} INFO - Processing file /opt/airflow/dags/urban_data_streaming_dag.py for tasks to queue
[2026-07-01T18:19:28.340+0000] {logging_mixin.py:190} INFO - [2026-07-01T18:19:28.339+0000] {dagbag.py:588} INFO - Filling up the DagBag from /opt/airflow/dags/urban_data_streaming_dag.py
[2026-07-01T18:19:28.371+0000] {processor.py:925} INFO - DAG(s) 'urban_data_streaming_demo' retrieved from /opt/airflow/dags/urban_data_streaming_dag.py
[2026-07-01T18:19:28.406+0000] {logging_mixin.py:190} INFO - [2026-07-01T18:19:28.405+0000] {dag.py:3239} INFO - Sync 1 DAGs
[2026-07-01T18:19:28.422+0000] {logging_mixin.py:190} INFO - [2026-07-01T18:19:28.422+0000] {dag.py:4180} INFO - Setting next_dagrun for urban_data_streaming_demo to None, run_after=None
[2026-07-01T18:19:28.444+0000] {processor.py:208} INFO - Processing /opt/airflow/dags/urban_data_streaming_dag.py took 0.126 seconds
[2026-07-01T18:19:58.682+0000] {processor.py:186} INFO - Started process (PID=6427) to work on /opt/airflow/dags/urban_data_streaming_dag.py
[2026-07-01T18:19:58.684+0000] {processor.py:914} INFO - Processing file /opt/airflow/dags/urban_data_streaming_dag.py for tasks to queue
[2026-07-01T18:19:58.689+0000] {logging_mixin.py:190} INFO - [2026-07-01T18:19:58.688+0000] {dagbag.py:588} INFO - Filling up the DagBag from /opt/airflow/dags/urban_data_streaming_dag.py
[2026-07-01T18:19:58.718+0000] {processor.py:925} INFO - DAG(s) 'urban_data_streaming_demo' retrieved from /opt/airflow/dags/urban_data_streaming_dag.py
[2026-07-01T18:19:58.754+0000] {logging_mixin.py:190} INFO - [2026-07-01T18:19:58.754+0000] {dag.py:3239} INFO - Sync 1 DAGs
[2026-07-01T18:19:58.770+0000] {logging_mixin.py:190} INFO - [2026-07-01T18:19:58.769+0000] {dag.py:4180} INFO - Setting next_dagrun for urban_data_streaming_demo to None, run_after=None
[2026-07-01T18:19:58.798+0000] {processor.py:208} INFO - Processing /opt/airflow/dags/urban_data_streaming_dag.py took 0.122 seconds
[2026-07-01T18:20:28.970+0000] {processor.py:186} INFO - Started process (PID=6445) to work on /opt/airflow/dags/urban_data_streaming_dag.py
[2026-07-01T18:20:28.971+0000] {processor.py:914} INFO - Processing file /opt/airflow/dags/urban_data_streaming_dag.py for tasks to queue
[2026-07-01T18:20:28.975+0000] {logging_mixin.py:190} INFO - [2026-07-01T18:20:28.974+0000] {dagbag.py:588} INFO - Filling up the DagBag from /opt/airflow/dags/urban_data_streaming_dag.py
[2026-07-01T18:20:29.003+0000] {processor.py:925} INFO - DAG(s) 'urban_data_streaming_demo' retrieved from /opt/airflow/dags/urban_data_streaming_dag.py
[2026-07-01T18:20:29.034+0000] {logging_mixin.py:190} INFO - [2026-07-01T18:20:29.034+0000] {dag.py:3239} INFO - Sync 1 DAGs
[2026-07-01T18:20:29.050+0000] {logging_mixin.py:190} INFO - [2026-07-01T18:20:29.050+0000] {dag.py:4180} INFO - Setting next_dagrun for urban_data_streaming_demo to None, run_after=None
[2026-07-01T18:20:29.076+0000] {processor.py:208} INFO - Processing /opt/airflow/dags/urban_data_streaming_dag.py took 0.114 seconds
[2026-07-01T18:20:59.212+0000] {processor.py:186} INFO - Started process (PID=6463) to work on /opt/airflow/dags/urban_data_streaming_dag.py
[2026-07-01T18:20:59.214+0000] {processor.py:914} INFO - Processing file /opt/airflow/dags/urban_data_streaming_dag.py for tasks to queue
[2026-07-01T18:20:59.218+0000] {logging_mixin.py:190} INFO - [2026-07-01T18:20:59.217+0000] {dagbag.py:588} INFO - Filling up the DagBag from /opt/airflow/dags/urban_data_streaming_dag.py
[2026-07-01T18:20:59.242+0000] {processor.py:925} INFO - DAG(s) 'urban_data_streaming_demo' retrieved from /opt/airflow/dags/urban_data_streaming_dag.py
[2026-07-01T18:20:59.283+0000] {logging_mixin.py:190} INFO - [2026-07-01T18:20:59.282+0000] {dag.py:3239} INFO - Sync 1 DAGs
[2026-07-01T18:20:59.299+0000] {logging_mixin.py:190} INFO - [2026-07-01T18:20:59.298+0000] {dag.py:4180} INFO - Setting next_dagrun for urban_data_streaming_demo to None, run_after=None
[2026-07-01T18:20:59.329+0000] {processor.py:208} INFO - Processing /opt/airflow/dags/urban_data_streaming_dag.py took 0.132 seconds
[2026-07-01T18:21:30.281+0000] {processor.py:186} INFO - Started process (PID=6481) to work on /opt/airflow/dags/urban_data_streaming_dag.py
[2026-07-01T18:21:30.291+0000] {processor.py:914} INFO - Processing file /opt/airflow/dags/urban_data_streaming_dag.py for tasks to queue
[2026-07-01T18:21:30.300+0000] {logging_mixin.py:190} INFO - [2026-07-01T18:21:30.299+0000] {dagbag.py:588} INFO - Filling up the DagBag from /opt/airflow/dags/urban_data_streaming_dag.py
[2026-07-01T18:21:30.323+0000] {processor.py:925} INFO - DAG(s) 'urban_data_streaming_demo' retrieved from /opt/airflow/dags/urban_data_streaming_dag.py
[2026-07-01T18:21:30.358+0000] {logging_mixin.py:190} INFO - [2026-07-01T18:21:30.357+0000] {dag.py:3239} INFO - Sync 1 DAGs
[2026-07-01T18:21:30.383+0000] {logging_mixin.py:190} INFO - [2026-07-01T18:21:30.382+0000] {dag.py:4180} INFO - Setting next_dagrun for urban_data_streaming_demo to None, run_after=None
[2026-07-01T18:21:30.434+0000] {processor.py:208} INFO - Processing /opt/airflow/dags/urban_data_streaming_dag.py took 0.163 seconds
[2026-07-01T18:22:01.408+0000] {processor.py:186} INFO - Started process (PID=6499) to work on /opt/airflow/dags/urban_data_streaming_dag.py
[2026-07-01T18:22:01.411+0000] {processor.py:914} INFO - Processing file /opt/airflow/dags/urban_data_streaming_dag.py for tasks to queue
[2026-07-01T18:22:01.419+0000] {logging_mixin.py:190} INFO - [2026-07-01T18:22:01.418+0000] {dagbag.py:588} INFO - Filling up the DagBag from /opt/airflow/dags/urban_data_streaming_dag.py
[2026-07-01T18:22:01.575+0000] {processor.py:925} INFO - DAG(s) 'urban_data_streaming_demo' retrieved from /opt/airflow/dags/urban_data_streaming_dag.py
[2026-07-01T18:22:01.620+0000] {logging_mixin.py:190} INFO - [2026-07-01T18:22:01.619+0000] {dag.py:3239} INFO - Sync 1 DAGs
[2026-07-01T18:22:01.635+0000] {logging_mixin.py:190} INFO - [2026-07-01T18:22:01.635+0000] {dag.py:4180} INFO - Setting next_dagrun for urban_data_streaming_demo to None, run_after=None
[2026-07-01T18:22:01.661+0000] {processor.py:208} INFO - Processing /opt/airflow/dags/urban_data_streaming_dag.py took 0.284 seconds
[2026-07-01T18:22:32.107+0000] {processor.py:186} INFO - Started process (PID=6517) to work on /opt/airflow/dags/urban_data_streaming_dag.py
[2026-07-01T18:22:32.109+0000] {processor.py:914} INFO - Processing file /opt/airflow/dags/urban_data_streaming_dag.py for tasks to queue
[2026-07-01T18:22:32.113+0000] {logging_mixin.py:190} INFO - [2026-07-01T18:22:32.112+0000] {dagbag.py:588} INFO - Filling up the DagBag from /opt/airflow/dags/urban_data_streaming_dag.py
[2026-07-01T18:22:32.141+0000] {processor.py:925} INFO - DAG(s) 'urban_data_streaming_demo' retrieved from /opt/airflow/dags/urban_data_streaming_dag.py
[2026-07-01T18:22:32.174+0000] {logging_mixin.py:190} INFO - [2026-07-01T18:22:32.174+0000] {dag.py:3239} INFO - Sync 1 DAGs
[2026-07-01T18:22:32.192+0000] {logging_mixin.py:190} INFO - [2026-07-01T18:22:32.191+0000] {dag.py:4180} INFO - Setting next_dagrun for urban_data_streaming_demo to None, run_after=None
[2026-07-01T18:22:32.219+0000] {processor.py:208} INFO - Processing /opt/airflow/dags/urban_data_streaming_dag.py took 0.118 seconds
[2026-07-01T18:23:02.583+0000] {processor.py:186} INFO - Started process (PID=6535) to work on /opt/airflow/dags/urban_data_streaming_dag.py
[2026-07-01T18:23:02.585+0000] {processor.py:914} INFO - Processing file /opt/airflow/dags/urban_data_streaming_dag.py for tasks to queue
[2026-07-01T18:23:02.591+0000] {logging_mixin.py:190} INFO - [2026-07-01T18:23:02.590+0000] {dagbag.py:588} INFO - Filling up the DagBag from /opt/airflow/dags/urban_data_streaming_dag.py
[2026-07-01T18:23:02.618+0000] {processor.py:925} INFO - DAG(s) 'urban_data_streaming_demo' retrieved from /opt/airflow/dags/urban_data_streaming_dag.py
[2026-07-01T18:23:02.648+0000] {logging_mixin.py:190} INFO - [2026-07-01T18:23:02.648+0000] {dag.py:3239} INFO - Sync 1 DAGs
[2026-07-01T18:23:02.663+0000] {logging_mixin.py:190} INFO - [2026-07-01T18:23:02.663+0000] {dag.py:4180} INFO - Setting next_dagrun for urban_data_streaming_demo to None, run_after=None
[2026-07-01T18:23:02.685+0000] {processor.py:208} INFO - Processing /opt/airflow/dags/urban_data_streaming_dag.py took 0.110 seconds
[2026-07-01T18:23:32.978+0000] {processor.py:186} INFO - Started process (PID=6553) to work on /opt/airflow/dags/urban_data_streaming_dag.py
[2026-07-01T18:23:32.979+0000] {processor.py:914} INFO - Processing file /opt/airflow/dags/urban_data_streaming_dag.py for tasks to queue
[2026-07-01T18:23:32.982+0000] {logging_mixin.py:190} INFO - [2026-07-01T18:23:32.982+0000] {dagbag.py:588} INFO - Filling up the DagBag from /opt/airflow/dags/urban_data_streaming_dag.py
[2026-07-01T18:23:33.005+0000] {processor.py:925} INFO - DAG(s) 'urban_data_streaming_demo' retrieved from /opt/airflow/dags/urban_data_streaming_dag.py
[2026-07-01T18:23:33.035+0000] {logging_mixin.py:190} INFO - [2026-07-01T18:23:33.034+0000] {dag.py:3239} INFO - Sync 1 DAGs
[2026-07-01T18:23:33.049+0000] {logging_mixin.py:190} INFO - [2026-07-01T18:23:33.049+0000] {dag.py:4180} INFO - Setting next_dagrun for urban_data_streaming_demo to None, run_after=None
[2026-07-01T18:23:33.074+0000] {processor.py:208} INFO - Processing /opt/airflow/dags/urban_data_streaming_dag.py took 0.102 seconds
[2026-07-01T18:24:03.983+0000] {processor.py:186} INFO - Started process (PID=6570) to work on /opt/airflow/dags/urban_data_streaming_dag.py
[2026-07-01T18:24:03.985+0000] {processor.py:914} INFO - Processing file /opt/airflow/dags/urban_data_streaming_dag.py for tasks to queue
[2026-07-01T18:24:03.988+0000] {logging_mixin.py:190} INFO - [2026-07-01T18:24:03.987+0000] {dagbag.py:588} INFO - Filling up the DagBag from /opt/airflow/dags/urban_data_streaming_dag.py
[2026-07-01T18:24:04.015+0000] {processor.py:925} INFO - DAG(s) 'urban_data_streaming_demo' retrieved from /opt/airflow/dags/urban_data_streaming_dag.py
[2026-07-01T18:24:04.056+0000] {logging_mixin.py:190} INFO - [2026-07-01T18:24:04.056+0000] {dag.py:3239} INFO - Sync 1 DAGs
[2026-07-01T18:24:04.078+0000] {logging_mixin.py:190} INFO - [2026-07-01T18:24:04.077+0000] {dag.py:4180} INFO - Setting next_dagrun for urban_data_streaming_demo to None, run_after=None
[2026-07-01T18:24:04.103+0000] {processor.py:208} INFO - Processing /opt/airflow/dags/urban_data_streaming_dag.py took 0.127 seconds
[2026-07-01T18:24:34.923+0000] {processor.py:186} INFO - Started process (PID=6581) to work on /opt/airflow/dags/urban_data_streaming_dag.py
[2026-07-01T18:24:34.927+0000] {processor.py:914} INFO - Processing file /opt/airflow/dags/urban_data_streaming_dag.py for tasks to queue
[2026-07-01T18:24:34.933+0000] {logging_mixin.py:190} INFO - [2026-07-01T18:24:34.932+0000] {dagbag.py:588} INFO - Filling up the DagBag from /opt/airflow/dags/urban_data_streaming_dag.py
[2026-07-01T18:24:35.033+0000] {processor.py:925} INFO - DAG(s) 'urban_data_streaming_demo' retrieved from /opt/airflow/dags/urban_data_streaming_dag.py
[2026-07-01T18:24:35.094+0000] {logging_mixin.py:190} INFO - [2026-07-01T18:24:35.094+0000] {dag.py:3239} INFO - Sync 1 DAGs
[2026-07-01T18:24:35.118+0000] {logging_mixin.py:190} INFO - [2026-07-01T18:24:35.118+0000] {dag.py:4180} INFO - Setting next_dagrun for urban_data_streaming_demo to None, run_after=None
[2026-07-01T18:24:35.157+0000] {processor.py:208} INFO - Processing /opt/airflow/dags/urban_data_streaming_dag.py took 0.253 seconds
[2026-07-01T18:25:05.367+0000] {processor.py:186} INFO - Started process (PID=6599) to work on /opt/airflow/dags/urban_data_streaming_dag.py
[2026-07-01T18:25:05.371+0000] {processor.py:914} INFO - Processing file /opt/airflow/dags/urban_data_streaming_dag.py for tasks to queue
[2026-07-01T18:25:05.378+0000] {logging_mixin.py:190} INFO - [2026-07-01T18:25:05.377+0000] {dagbag.py:588} INFO - Filling up the DagBag from /opt/airflow/dags/urban_data_streaming_dag.py
[2026-07-01T18:25:05.487+0000] {processor.py:925} INFO - DAG(s) 'urban_data_streaming_demo' retrieved from /opt/airflow/dags/urban_data_streaming_dag.py
[2026-07-01T18:25:05.531+0000] {logging_mixin.py:190} INFO - [2026-07-01T18:25:05.531+0000] {dag.py:3239} INFO - Sync 1 DAGs
[2026-07-01T18:25:05.593+0000] {logging_mixin.py:190} INFO - [2026-07-01T18:25:05.592+0000] {dag.py:4180} INFO - Setting next_dagrun for urban_data_streaming_demo to None, run_after=None
[2026-07-01T18:25:05.649+0000] {processor.py:208} INFO - Processing /opt/airflow/dags/urban_data_streaming_dag.py took 0.296 seconds
[2026-07-01T18:25:35.923+0000] {processor.py:186} INFO - Started process (PID=6617) to work on /opt/airflow/dags/urban_data_streaming_dag.py
[2026-07-01T18:25:35.924+0000] {processor.py:914} INFO - Processing file /opt/airflow/dags/urban_data_streaming_dag.py for tasks to queue
[2026-07-01T18:25:35.928+0000] {logging_mixin.py:190} INFO - [2026-07-01T18:25:35.927+0000] {dagbag.py:588} INFO - Filling up the DagBag from /opt/airflow/dags/urban_data_streaming_dag.py
[2026-07-01T18:25:35.965+0000] {processor.py:925} INFO - DAG(s) 'urban_data_streaming_demo' retrieved from /opt/airflow/dags/urban_data_streaming_dag.py
[2026-07-01T18:25:36.028+0000] {logging_mixin.py:190} INFO - [2026-07-01T18:25:36.028+0000] {dag.py:3239} INFO - Sync 1 DAGs
[2026-07-01T18:25:36.047+0000] {logging_mixin.py:190} INFO - [2026-07-01T18:25:36.047+0000] {dag.py:4180} INFO - Setting next_dagrun for urban_data_streaming_demo to None, run_after=None
[2026-07-01T18:25:36.087+0000] {processor.py:208} INFO - Processing /opt/airflow/dags/urban_data_streaming_dag.py took 0.180 seconds
[2026-07-01T18:26:06.913+0000] {processor.py:186} INFO - Started process (PID=6635) to work on /opt/airflow/dags/urban_data_streaming_dag.py
[2026-07-01T18:26:06.916+0000] {processor.py:914} INFO - Processing file /opt/airflow/dags/urban_data_streaming_dag.py for tasks to queue
[2026-07-01T18:26:06.925+0000] {logging_mixin.py:190} INFO - [2026-07-01T18:26:06.924+0000] {dagbag.py:588} INFO - Filling up the DagBag from /opt/airflow/dags/urban_data_streaming_dag.py
[2026-07-01T18:26:07.026+0000] {processor.py:925} INFO - DAG(s) 'urban_data_streaming_demo' retrieved from /opt/airflow/dags/urban_data_streaming_dag.py
[2026-07-01T18:26:07.073+0000] {logging_mixin.py:190} INFO - [2026-07-01T18:26:07.073+0000] {dag.py:3239} INFO - Sync 1 DAGs
[2026-07-01T18:26:07.093+0000] {logging_mixin.py:190} INFO - [2026-07-01T18:26:07.093+0000] {dag.py:4180} INFO - Setting next_dagrun for urban_data_streaming_demo to None, run_after=None
[2026-07-01T18:26:07.149+0000] {processor.py:208} INFO - Processing /opt/airflow/dags/urban_data_streaming_dag.py took 0.254 seconds
[2026-07-01T18:26:37.879+0000] {processor.py:186} INFO - Started process (PID=6653) to work on /opt/airflow/dags/urban_data_streaming_dag.py
[2026-07-01T18:26:37.882+0000] {processor.py:914} INFO - Processing file /opt/airflow/dags/urban_data_streaming_dag.py for tasks to queue
[2026-07-01T18:26:37.886+0000] {logging_mixin.py:190} INFO - [2026-07-01T18:26:37.886+0000] {dagbag.py:588} INFO - Filling up the DagBag from /opt/airflow/dags/urban_data_streaming_dag.py
[2026-07-01T18:26:37.979+0000] {processor.py:925} INFO - DAG(s) 'urban_data_streaming_demo' retrieved from /opt/airflow/dags/urban_data_streaming_dag.py
[2026-07-01T18:26:38.016+0000] {logging_mixin.py:190} INFO - [2026-07-01T18:26:38.016+0000] {dag.py:3239} INFO - Sync 1 DAGs
[2026-07-01T18:26:38.032+0000] {logging_mixin.py:190} INFO - [2026-07-01T18:26:38.031+0000] {dag.py:4180} INFO - Setting next_dagrun for urban_data_streaming_demo to None, run_after=None
[2026-07-01T18:26:38.061+0000] {processor.py:208} INFO - Processing /opt/airflow/dags/urban_data_streaming_dag.py took 0.198 seconds
[2026-07-01T18:27:08.775+0000] {processor.py:186} INFO - Started process (PID=6671) to work on /opt/airflow/dags/urban_data_streaming_dag.py
[2026-07-01T18:27:08.778+0000] {processor.py:914} INFO - Processing file /opt/airflow/dags/urban_data_streaming_dag.py for tasks to queue
[2026-07-01T18:27:08.789+0000] {logging_mixin.py:190} INFO - [2026-07-01T18:27:08.786+0000] {dagbag.py:588} INFO - Filling up the DagBag from /opt/airflow/dags/urban_data_streaming_dag.py
[2026-07-01T18:27:08.832+0000] {processor.py:925} INFO - DAG(s) 'urban_data_streaming_demo' retrieved from /opt/airflow/dags/urban_data_streaming_dag.py
[2026-07-01T18:27:08.864+0000] {logging_mixin.py:190} INFO - [2026-07-01T18:27:08.864+0000] {dag.py:3239} INFO - Sync 1 DAGs
[2026-07-01T18:27:08.881+0000] {logging_mixin.py:190} INFO - [2026-07-01T18:27:08.881+0000] {dag.py:4180} INFO - Setting next_dagrun for urban_data_streaming_demo to None, run_after=None
[2026-07-01T18:27:08.915+0000] {processor.py:208} INFO - Processing /opt/airflow/dags/urban_data_streaming_dag.py took 0.168 seconds
[2026-07-01T18:27:39.486+0000] {processor.py:186} INFO - Started process (PID=6689) to work on /opt/airflow/dags/urban_data_streaming_dag.py
[2026-07-01T18:27:39.487+0000] {processor.py:914} INFO - Processing file /opt/airflow/dags/urban_data_streaming_dag.py for tasks to queue
[2026-07-01T18:27:39.490+0000] {logging_mixin.py:190} INFO - [2026-07-01T18:27:39.490+0000] {dagbag.py:588} INFO - Filling up the DagBag from /opt/airflow/dags/urban_data_streaming_dag.py
[2026-07-01T18:27:39.525+0000] {processor.py:925} INFO - DAG(s) 'urban_data_streaming_demo' retrieved from /opt/airflow/dags/urban_data_streaming_dag.py
[2026-07-01T18:27:39.561+0000] {logging_mixin.py:190} INFO - [2026-07-01T18:27:39.561+0000] {dag.py:3239} INFO - Sync 1 DAGs
[2026-07-01T18:27:39.575+0000] {logging_mixin.py:190} INFO - [2026-07-01T18:27:39.575+0000] {dag.py:4180} INFO - Setting next_dagrun for urban_data_streaming_demo to None, run_after=None
[2026-07-01T18:27:39.607+0000] {processor.py:208} INFO - Processing /opt/airflow/dags/urban_data_streaming_dag.py took 0.135 seconds
[2026-07-01T18:28:10.318+0000] {processor.py:186} INFO - Started process (PID=6707) to work on /opt/airflow/dags/urban_data_streaming_dag.py
[2026-07-01T18:28:10.326+0000] {processor.py:914} INFO - Processing file /opt/airflow/dags/urban_data_streaming_dag.py for tasks to queue
[2026-07-01T18:28:10.337+0000] {logging_mixin.py:190} INFO - [2026-07-01T18:28:10.335+0000] {dagbag.py:588} INFO - Filling up the DagBag from /opt/airflow/dags/urban_data_streaming_dag.py
[2026-07-01T18:28:10.396+0000] {processor.py:925} INFO - DAG(s) 'urban_data_streaming_demo' retrieved from /opt/airflow/dags/urban_data_streaming_dag.py
[2026-07-01T18:28:10.437+0000] {logging_mixin.py:190} INFO - [2026-07-01T18:28:10.436+0000] {dag.py:3239} INFO - Sync 1 DAGs
[2026-07-01T18:28:10.455+0000] {logging_mixin.py:190} INFO - [2026-07-01T18:28:10.455+0000] {dag.py:4180} INFO - Setting next_dagrun for urban_data_streaming_demo to None, run_after=None
[2026-07-01T18:28:10.477+0000] {processor.py:208} INFO - Processing /opt/airflow/dags/urban_data_streaming_dag.py took 0.204 seconds
[2026-07-01T18:28:41.183+0000] {processor.py:186} INFO - Started process (PID=6724) to work on /opt/airflow/dags/urban_data_streaming_dag.py
[2026-07-01T18:28:41.186+0000] {processor.py:914} INFO - Processing file /opt/airflow/dags/urban_data_streaming_dag.py for tasks to queue
[2026-07-01T18:28:41.190+0000] {logging_mixin.py:190} INFO - [2026-07-01T18:28:41.189+0000] {dagbag.py:588} INFO - Filling up the DagBag from /opt/airflow/dags/urban_data_streaming_dag.py
[2026-07-01T18:28:41.241+0000] {processor.py:925} INFO - DAG(s) 'urban_data_streaming_demo' retrieved from /opt/airflow/dags/urban_data_streaming_dag.py
[2026-07-01T18:28:41.273+0000] {logging_mixin.py:190} INFO - [2026-07-01T18:28:41.273+0000] {dag.py:3239} INFO - Sync 1 DAGs
[2026-07-01T18:28:41.290+0000] {logging_mixin.py:190} INFO - [2026-07-01T18:28:41.290+0000] {dag.py:4180} INFO - Setting next_dagrun for urban_data_streaming_demo to None, run_after=None
[2026-07-01T18:28:41.334+0000] {processor.py:208} INFO - Processing /opt/airflow/dags/urban_data_streaming_dag.py took 0.159 seconds
[2026-07-01T18:29:11.720+0000] {processor.py:186} INFO - Started process (PID=6735) to work on /opt/airflow/dags/urban_data_streaming_dag.py
[2026-07-01T18:29:11.727+0000] {processor.py:914} INFO - Processing file /opt/airflow/dags/urban_data_streaming_dag.py for tasks to queue
[2026-07-01T18:29:11.733+0000] {logging_mixin.py:190} INFO - [2026-07-01T18:29:11.732+0000] {dagbag.py:588} INFO - Filling up the DagBag from /opt/airflow/dags/urban_data_streaming_dag.py
[2026-07-01T18:29:11.831+0000] {processor.py:925} INFO - DAG(s) 'urban_data_streaming_demo' retrieved from /opt/airflow/dags/urban_data_streaming_dag.py
[2026-07-01T18:29:11.890+0000] {logging_mixin.py:190} INFO - [2026-07-01T18:29:11.890+0000] {dag.py:3239} INFO - Sync 1 DAGs
[2026-07-01T18:29:11.913+0000] {logging_mixin.py:190} INFO - [2026-07-01T18:29:11.913+0000] {dag.py:4180} INFO - Setting next_dagrun for urban_data_streaming_demo to None, run_after=None
[2026-07-01T18:29:11.966+0000] {processor.py:208} INFO - Processing /opt/airflow/dags/urban_data_streaming_dag.py took 0.271 seconds
[2026-07-01T18:29:43.129+0000] {processor.py:186} INFO - Started process (PID=6753) to work on /opt/airflow/dags/urban_data_streaming_dag.py
[2026-07-01T18:29:43.135+0000] {processor.py:914} INFO - Processing file /opt/airflow/dags/urban_data_streaming_dag.py for tasks to queue
[2026-07-01T18:29:43.145+0000] {logging_mixin.py:190} INFO - [2026-07-01T18:29:43.145+0000] {dagbag.py:588} INFO - Filling up the DagBag from /opt/airflow/dags/urban_data_streaming_dag.py
[2026-07-01T18:29:43.325+0000] {processor.py:925} INFO - DAG(s) 'urban_data_streaming_demo' retrieved from /opt/airflow/dags/urban_data_streaming_dag.py
[2026-07-01T18:29:43.382+0000] {logging_mixin.py:190} INFO - [2026-07-01T18:29:43.381+0000] {dag.py:3239} INFO - Sync 1 DAGs
[2026-07-01T18:29:43.497+0000] {logging_mixin.py:190} INFO - [2026-07-01T18:29:43.497+0000] {dag.py:4180} INFO - Setting next_dagrun for urban_data_streaming_demo to None, run_after=None
[2026-07-01T18:29:43.792+0000] {processor.py:208} INFO - Processing /opt/airflow/dags/urban_data_streaming_dag.py took 0.679 seconds
[2026-07-01T18:30:14.645+0000] {processor.py:186} INFO - Started process (PID=6771) to work on /opt/airflow/dags/urban_data_streaming_dag.py
[2026-07-01T18:30:14.648+0000] {processor.py:914} INFO - Processing file /opt/airflow/dags/urban_data_streaming_dag.py for tasks to queue
[2026-07-01T18:30:14.654+0000] {logging_mixin.py:190} INFO - [2026-07-01T18:30:14.653+0000] {dagbag.py:588} INFO - Filling up the DagBag from /opt/airflow/dags/urban_data_streaming_dag.py
[2026-07-01T18:30:14.756+0000] {processor.py:925} INFO - DAG(s) 'urban_data_streaming_demo' retrieved from /opt/airflow/dags/urban_data_streaming_dag.py
[2026-07-01T18:30:14.822+0000] {logging_mixin.py:190} INFO - [2026-07-01T18:30:14.822+0000] {dag.py:3239} INFO - Sync 1 DAGs
[2026-07-01T18:30:14.838+0000] {logging_mixin.py:190} INFO - [2026-07-01T18:30:14.838+0000] {dag.py:4180} INFO - Setting next_dagrun for urban_data_streaming_demo to None, run_after=None
[2026-07-01T18:30:14.864+0000] {processor.py:208} INFO - Processing /opt/airflow/dags/urban_data_streaming_dag.py took 0.242 seconds
[2026-07-01T18:30:45.259+0000] {processor.py:186} INFO - Started process (PID=6789) to work on /opt/airflow/dags/urban_data_streaming_dag.py
[2026-07-01T18:30:45.261+0000] {processor.py:914} INFO - Processing file /opt/airflow/dags/urban_data_streaming_dag.py for tasks to queue
[2026-07-01T18:30:45.264+0000] {logging_mixin.py:190} INFO - [2026-07-01T18:30:45.264+0000] {dagbag.py:588} INFO - Filling up the DagBag from /opt/airflow/dags/urban_data_streaming_dag.py
[2026-07-01T18:30:45.354+0000] {processor.py:925} INFO - DAG(s) 'urban_data_streaming_demo' retrieved from /opt/airflow/dags/urban_data_streaming_dag.py
[2026-07-01T18:30:45.396+0000] {logging_mixin.py:190} INFO - [2026-07-01T18:30:45.396+0000] {dag.py:3239} INFO - Sync 1 DAGs
[2026-07-01T18:30:45.411+0000] {logging_mixin.py:190} INFO - [2026-07-01T18:30:45.411+0000] {dag.py:4180} INFO - Setting next_dagrun for urban_data_streaming_demo to None, run_after=None
[2026-07-01T18:30:45.439+0000] {processor.py:208} INFO - Processing /opt/airflow/dags/urban_data_streaming_dag.py took 0.187 seconds
[2026-07-01T18:31:15.872+0000] {processor.py:186} INFO - Started process (PID=6807) to work on /opt/airflow/dags/urban_data_streaming_dag.py
[2026-07-01T18:31:15.874+0000] {processor.py:914} INFO - Processing file /opt/airflow/dags/urban_data_streaming_dag.py for tasks to queue
[2026-07-01T18:31:15.877+0000] {logging_mixin.py:190} INFO - [2026-07-01T18:31:15.876+0000] {dagbag.py:588} INFO - Filling up the DagBag from /opt/airflow/dags/urban_data_streaming_dag.py
[2026-07-01T18:31:15.904+0000] {processor.py:925} INFO - DAG(s) 'urban_data_streaming_demo' retrieved from /opt/airflow/dags/urban_data_streaming_dag.py
[2026-07-01T18:31:15.935+0000] {logging_mixin.py:190} INFO - [2026-07-01T18:31:15.935+0000] {dag.py:3239} INFO - Sync 1 DAGs
[2026-07-01T18:31:15.949+0000] {logging_mixin.py:190} INFO - [2026-07-01T18:31:15.949+0000] {dag.py:4180} INFO - Setting next_dagrun for urban_data_streaming_demo to None, run_after=None
[2026-07-01T18:31:15.976+0000] {processor.py:208} INFO - Processing /opt/airflow/dags/urban_data_streaming_dag.py took 0.120 seconds
[2026-07-01T18:31:46.597+0000] {processor.py:186} INFO - Started process (PID=6825) to work on /opt/airflow/dags/urban_data_streaming_dag.py
[2026-07-01T18:31:46.601+0000] {processor.py:914} INFO - Processing file /opt/airflow/dags/urban_data_streaming_dag.py for tasks to queue
[2026-07-01T18:31:46.607+0000] {logging_mixin.py:190} INFO - [2026-07-01T18:31:46.606+0000] {dagbag.py:588} INFO - Filling up the DagBag from /opt/airflow/dags/urban_data_streaming_dag.py
[2026-07-01T18:31:46.655+0000] {processor.py:925} INFO - DAG(s) 'urban_data_streaming_demo' retrieved from /opt/airflow/dags/urban_data_streaming_dag.py
[2026-07-01T18:31:46.706+0000] {logging_mixin.py:190} INFO - [2026-07-01T18:31:46.706+0000] {dag.py:3239} INFO - Sync 1 DAGs
[2026-07-01T18:31:46.729+0000] {logging_mixin.py:190} INFO - [2026-07-01T18:31:46.728+0000] {dag.py:4180} INFO - Setting next_dagrun for urban_data_streaming_demo to None, run_after=None
[2026-07-01T18:31:46.766+0000] {processor.py:208} INFO - Processing /opt/airflow/dags/urban_data_streaming_dag.py took 0.190 seconds
[2026-07-01T18:32:17.280+0000] {processor.py:186} INFO - Started process (PID=6843) to work on /opt/airflow/dags/urban_data_streaming_dag.py
[2026-07-01T18:32:17.282+0000] {processor.py:914} INFO - Processing file /opt/airflow/dags/urban_data_streaming_dag.py for tasks to queue
[2026-07-01T18:32:17.286+0000] {logging_mixin.py:190} INFO - [2026-07-01T18:32:17.286+0000] {dagbag.py:588} INFO - Filling up the DagBag from /opt/airflow/dags/urban_data_streaming_dag.py
[2026-07-01T18:32:17.345+0000] {processor.py:925} INFO - DAG(s) 'urban_data_streaming_demo' retrieved from /opt/airflow/dags/urban_data_streaming_dag.py
[2026-07-01T18:32:17.398+0000] {logging_mixin.py:190} INFO - [2026-07-01T18:32:17.398+0000] {dag.py:3239} INFO - Sync 1 DAGs
[2026-07-01T18:32:17.412+0000] {logging_mixin.py:190} INFO - [2026-07-01T18:32:17.412+0000] {dag.py:4180} INFO - Setting next_dagrun for urban_data_streaming_demo to None, run_after=None
[2026-07-01T18:32:17.437+0000] {processor.py:208} INFO - Processing /opt/airflow/dags/urban_data_streaming_dag.py took 0.184 seconds
[2026-07-01T18:32:48.146+0000] {processor.py:186} INFO - Started process (PID=6860) to work on /opt/airflow/dags/urban_data_streaming_dag.py
[2026-07-01T18:32:48.148+0000] {processor.py:914} INFO - Processing file /opt/airflow/dags/urban_data_streaming_dag.py for tasks to queue
[2026-07-01T18:32:48.150+0000] {logging_mixin.py:190} INFO - [2026-07-01T18:32:48.150+0000] {dagbag.py:588} INFO - Filling up the DagBag from /opt/airflow/dags/urban_data_streaming_dag.py
[2026-07-01T18:32:48.173+0000] {processor.py:925} INFO - DAG(s) 'urban_data_streaming_demo' retrieved from /opt/airflow/dags/urban_data_streaming_dag.py
[2026-07-01T18:32:48.201+0000] {logging_mixin.py:190} INFO - [2026-07-01T18:32:48.201+0000] {dag.py:3239} INFO - Sync 1 DAGs
[2026-07-01T18:32:48.216+0000] {logging_mixin.py:190} INFO - [2026-07-01T18:32:48.216+0000] {dag.py:4180} INFO - Setting next_dagrun for urban_data_streaming_demo to None, run_after=None
[2026-07-01T18:32:48.242+0000] {processor.py:208} INFO - Processing /opt/airflow/dags/urban_data_streaming_dag.py took 0.105 seconds
[2026-07-01T18:33:19.015+0000] {processor.py:186} INFO - Started process (PID=6871) to work on /opt/airflow/dags/urban_data_streaming_dag.py
[2026-07-01T18:33:19.022+0000] {processor.py:914} INFO - Processing file /opt/airflow/dags/urban_data_streaming_dag.py for tasks to queue
[2026-07-01T18:33:19.038+0000] {logging_mixin.py:190} INFO - [2026-07-01T18:33:19.036+0000] {dagbag.py:588} INFO - Filling up the DagBag from /opt/airflow/dags/urban_data_streaming_dag.py
[2026-07-01T18:33:19.118+0000] {processor.py:925} INFO - DAG(s) 'urban_data_streaming_demo' retrieved from /opt/airflow/dags/urban_data_streaming_dag.py
[2026-07-01T18:33:19.161+0000] {logging_mixin.py:190} INFO - [2026-07-01T18:33:19.161+0000] {dag.py:3239} INFO - Sync 1 DAGs
[2026-07-01T18:33:19.177+0000] {logging_mixin.py:190} INFO - [2026-07-01T18:33:19.177+0000] {dag.py:4180} INFO - Setting next_dagrun for urban_data_streaming_demo to None, run_after=None
[2026-07-01T18:33:19.204+0000] {processor.py:208} INFO - Processing /opt/airflow/dags/urban_data_streaming_dag.py took 0.236 seconds
[2026-07-01T18:33:50.031+0000] {processor.py:186} INFO - Started process (PID=6889) to work on /opt/airflow/dags/urban_data_streaming_dag.py
[2026-07-01T18:33:50.033+0000] {processor.py:914} INFO - Processing file /opt/airflow/dags/urban_data_streaming_dag.py for tasks to queue
[2026-07-01T18:33:50.038+0000] {logging_mixin.py:190} INFO - [2026-07-01T18:33:50.038+0000] {dagbag.py:588} INFO - Filling up the DagBag from /opt/airflow/dags/urban_data_streaming_dag.py
[2026-07-01T18:33:50.071+0000] {processor.py:925} INFO - DAG(s) 'urban_data_streaming_demo' retrieved from /opt/airflow/dags/urban_data_streaming_dag.py
[2026-07-01T18:33:50.102+0000] {logging_mixin.py:190} INFO - [2026-07-01T18:33:50.102+0000] {dag.py:3239} INFO - Sync 1 DAGs
[2026-07-01T18:33:50.118+0000] {logging_mixin.py:190} INFO - [2026-07-01T18:33:50.118+0000] {dag.py:4180} INFO - Setting next_dagrun for urban_data_streaming_demo to None, run_after=None
[2026-07-01T18:33:50.145+0000] {processor.py:208} INFO - Processing /opt/airflow/dags/urban_data_streaming_dag.py took 0.123 seconds
[2026-07-01T18:34:21.013+0000] {processor.py:186} INFO - Started process (PID=6907) to work on /opt/airflow/dags/urban_data_streaming_dag.py
[2026-07-01T18:34:21.014+0000] {processor.py:914} INFO - Processing file /opt/airflow/dags/urban_data_streaming_dag.py for tasks to queue
[2026-07-01T18:34:21.017+0000] {logging_mixin.py:190} INFO - [2026-07-01T18:34:21.017+0000] {dagbag.py:588} INFO - Filling up the DagBag from /opt/airflow/dags/urban_data_streaming_dag.py
[2026-07-01T18:34:21.040+0000] {processor.py:925} INFO - DAG(s) 'urban_data_streaming_demo' retrieved from /opt/airflow/dags/urban_data_streaming_dag.py
[2026-07-01T18:34:21.070+0000] {logging_mixin.py:190} INFO - [2026-07-01T18:34:21.070+0000] {dag.py:3239} INFO - Sync 1 DAGs
[2026-07-01T18:34:21.087+0000] {logging_mixin.py:190} INFO - [2026-07-01T18:34:21.087+0000] {dag.py:4180} INFO - Setting next_dagrun for urban_data_streaming_demo to None, run_after=None
[2026-07-01T18:34:21.119+0000] {processor.py:208} INFO - Processing /opt/airflow/dags/urban_data_streaming_dag.py took 0.113 seconds
[2026-07-01T18:34:51.385+0000] {processor.py:186} INFO - Started process (PID=6925) to work on /opt/airflow/dags/urban_data_streaming_dag.py
[2026-07-01T18:34:51.392+0000] {processor.py:914} INFO - Processing file /opt/airflow/dags/urban_data_streaming_dag.py for tasks to queue
[2026-07-01T18:34:51.404+0000] {logging_mixin.py:190} INFO - [2026-07-01T18:34:51.403+0000] {dagbag.py:588} INFO - Filling up the DagBag from /opt/airflow/dags/urban_data_streaming_dag.py
[2026-07-01T18:34:51.489+0000] {processor.py:925} INFO - DAG(s) 'urban_data_streaming_demo' retrieved from /opt/airflow/dags/urban_data_streaming_dag.py
[2026-07-01T18:34:51.530+0000] {logging_mixin.py:190} INFO - [2026-07-01T18:34:51.530+0000] {dag.py:3239} INFO - Sync 1 DAGs
[2026-07-01T18:34:51.551+0000] {logging_mixin.py:190} INFO - [2026-07-01T18:34:51.551+0000] {dag.py:4180} INFO - Setting next_dagrun for urban_data_streaming_demo to None, run_after=None
[2026-07-01T18:34:51.597+0000] {processor.py:208} INFO - Processing /opt/airflow/dags/urban_data_streaming_dag.py took 0.245 seconds
[2026-07-01T18:35:22.279+0000] {processor.py:186} INFO - Started process (PID=6943) to work on /opt/airflow/dags/urban_data_streaming_dag.py
[2026-07-01T18:35:22.282+0000] {processor.py:914} INFO - Processing file /opt/airflow/dags/urban_data_streaming_dag.py for tasks to queue
[2026-07-01T18:35:22.288+0000] {logging_mixin.py:190} INFO - [2026-07-01T18:35:22.287+0000] {dagbag.py:588} INFO - Filling up the DagBag from /opt/airflow/dags/urban_data_streaming_dag.py
[2026-07-01T18:35:22.390+0000] {processor.py:925} INFO - DAG(s) 'urban_data_streaming_demo' retrieved from /opt/airflow/dags/urban_data_streaming_dag.py
[2026-07-01T18:35:22.435+0000] {logging_mixin.py:190} INFO - [2026-07-01T18:35:22.435+0000] {dag.py:3239} INFO - Sync 1 DAGs
[2026-07-01T18:35:22.452+0000] {logging_mixin.py:190} INFO - [2026-07-01T18:35:22.452+0000] {dag.py:4180} INFO - Setting next_dagrun for urban_data_streaming_demo to None, run_after=None
[2026-07-01T18:35:22.486+0000] {processor.py:208} INFO - Processing /opt/airflow/dags/urban_data_streaming_dag.py took 0.246 seconds
[2026-07-01T18:35:52.778+0000] {processor.py:186} INFO - Started process (PID=6961) to work on /opt/airflow/dags/urban_data_streaming_dag.py
[2026-07-01T18:35:52.780+0000] {processor.py:914} INFO - Processing file /opt/airflow/dags/urban_data_streaming_dag.py for tasks to queue
[2026-07-01T18:35:52.783+0000] {logging_mixin.py:190} INFO - [2026-07-01T18:35:52.782+0000] {dagbag.py:588} INFO - Filling up the DagBag from /opt/airflow/dags/urban_data_streaming_dag.py
[2026-07-01T18:35:52.822+0000] {processor.py:925} INFO - DAG(s) 'urban_data_streaming_demo' retrieved from /opt/airflow/dags/urban_data_streaming_dag.py
[2026-07-01T18:35:52.888+0000] {logging_mixin.py:190} INFO - [2026-07-01T18:35:52.888+0000] {dag.py:3239} INFO - Sync 1 DAGs
[2026-07-01T18:35:52.904+0000] {logging_mixin.py:190} INFO - [2026-07-01T18:35:52.903+0000] {dag.py:4180} INFO - Setting next_dagrun for urban_data_streaming_demo to None, run_after=None
[2026-07-01T18:35:52.929+0000] {processor.py:208} INFO - Processing /opt/airflow/dags/urban_data_streaming_dag.py took 0.164 seconds
[2026-07-01T18:36:23.187+0000] {processor.py:186} INFO - Started process (PID=6979) to work on /opt/airflow/dags/urban_data_streaming_dag.py
[2026-07-01T18:36:23.189+0000] {processor.py:914} INFO - Processing file /opt/airflow/dags/urban_data_streaming_dag.py for tasks to queue
[2026-07-01T18:36:23.194+0000] {logging_mixin.py:190} INFO - [2026-07-01T18:36:23.194+0000] {dagbag.py:588} INFO - Filling up the DagBag from /opt/airflow/dags/urban_data_streaming_dag.py
[2026-07-01T18:36:23.223+0000] {processor.py:925} INFO - DAG(s) 'urban_data_streaming_demo' retrieved from /opt/airflow/dags/urban_data_streaming_dag.py
[2026-07-01T18:36:23.271+0000] {logging_mixin.py:190} INFO - [2026-07-01T18:36:23.270+0000] {dag.py:3239} INFO - Sync 1 DAGs
[2026-07-01T18:36:23.287+0000] {logging_mixin.py:190} INFO - [2026-07-01T18:36:23.286+0000] {dag.py:4180} INFO - Setting next_dagrun for urban_data_streaming_demo to None, run_after=None
[2026-07-01T18:36:23.318+0000] {processor.py:208} INFO - Processing /opt/airflow/dags/urban_data_streaming_dag.py took 0.138 seconds
[2026-07-01T18:36:54.171+0000] {processor.py:186} INFO - Started process (PID=6997) to work on /opt/airflow/dags/urban_data_streaming_dag.py
[2026-07-01T18:36:54.173+0000] {processor.py:914} INFO - Processing file /opt/airflow/dags/urban_data_streaming_dag.py for tasks to queue
[2026-07-01T18:36:54.175+0000] {logging_mixin.py:190} INFO - [2026-07-01T18:36:54.175+0000] {dagbag.py:588} INFO - Filling up the DagBag from /opt/airflow/dags/urban_data_streaming_dag.py
[2026-07-01T18:36:54.205+0000] {processor.py:925} INFO - DAG(s) 'urban_data_streaming_demo' retrieved from /opt/airflow/dags/urban_data_streaming_dag.py
[2026-07-01T18:36:54.238+0000] {logging_mixin.py:190} INFO - [2026-07-01T18:36:54.238+0000] {dag.py:3239} INFO - Sync 1 DAGs
[2026-07-01T18:36:54.254+0000] {logging_mixin.py:190} INFO - [2026-07-01T18:36:54.253+0000] {dag.py:4180} INFO - Setting next_dagrun for urban_data_streaming_demo to None, run_after=None
[2026-07-01T18:36:54.285+0000] {processor.py:208} INFO - Processing /opt/airflow/dags/urban_data_streaming_dag.py took 0.121 seconds
[2026-07-01T18:37:24.503+0000] {processor.py:186} INFO - Started process (PID=7015) to work on /opt/airflow/dags/urban_data_streaming_dag.py
[2026-07-01T18:37:24.504+0000] {processor.py:914} INFO - Processing file /opt/airflow/dags/urban_data_streaming_dag.py for tasks to queue
[2026-07-01T18:37:24.508+0000] {logging_mixin.py:190} INFO - [2026-07-01T18:37:24.507+0000] {dagbag.py:588} INFO - Filling up the DagBag from /opt/airflow/dags/urban_data_streaming_dag.py
[2026-07-01T18:37:24.551+0000] {processor.py:925} INFO - DAG(s) 'urban_data_streaming_demo' retrieved from /opt/airflow/dags/urban_data_streaming_dag.py
[2026-07-01T18:37:24.589+0000] {logging_mixin.py:190} INFO - [2026-07-01T18:37:24.589+0000] {dag.py:3239} INFO - Sync 1 DAGs
[2026-07-01T18:37:24.611+0000] {logging_mixin.py:190} INFO - [2026-07-01T18:37:24.610+0000] {dag.py:4180} INFO - Setting next_dagrun for urban_data_streaming_demo to None, run_after=None
[2026-07-01T18:37:24.651+0000] {processor.py:208} INFO - Processing /opt/airflow/dags/urban_data_streaming_dag.py took 0.160 seconds
[2026-07-01T18:37:55.016+0000] {processor.py:186} INFO - Started process (PID=7025) to work on /opt/airflow/dags/urban_data_streaming_dag.py
[2026-07-01T18:37:55.018+0000] {processor.py:914} INFO - Processing file /opt/airflow/dags/urban_data_streaming_dag.py for tasks to queue
[2026-07-01T18:37:55.022+0000] {logging_mixin.py:190} INFO - [2026-07-01T18:37:55.021+0000] {dagbag.py:588} INFO - Filling up the DagBag from /opt/airflow/dags/urban_data_streaming_dag.py
[2026-07-01T18:37:55.052+0000] {processor.py:925} INFO - DAG(s) 'urban_data_streaming_demo' retrieved from /opt/airflow/dags/urban_data_streaming_dag.py
[2026-07-01T18:37:55.091+0000] {logging_mixin.py:190} INFO - [2026-07-01T18:37:55.090+0000] {dag.py:3239} INFO - Sync 1 DAGs
[2026-07-01T18:37:55.107+0000] {logging_mixin.py:190} INFO - [2026-07-01T18:37:55.106+0000] {dag.py:4180} INFO - Setting next_dagrun for urban_data_streaming_demo to None, run_after=None
[2026-07-01T18:37:55.144+0000] {processor.py:208} INFO - Processing /opt/airflow/dags/urban_data_streaming_dag.py took 0.141 seconds
[2026-07-01T18:38:25.749+0000] {processor.py:186} INFO - Started process (PID=7043) to work on /opt/airflow/dags/urban_data_streaming_dag.py
[2026-07-01T18:38:25.751+0000] {processor.py:914} INFO - Processing file /opt/airflow/dags/urban_data_streaming_dag.py for tasks to queue
[2026-07-01T18:38:25.754+0000] {logging_mixin.py:190} INFO - [2026-07-01T18:38:25.754+0000] {dagbag.py:588} INFO - Filling up the DagBag from /opt/airflow/dags/urban_data_streaming_dag.py
[2026-07-01T18:38:25.814+0000] {processor.py:925} INFO - DAG(s) 'urban_data_streaming_demo' retrieved from /opt/airflow/dags/urban_data_streaming_dag.py
[2026-07-01T18:38:25.853+0000] {logging_mixin.py:190} INFO - [2026-07-01T18:38:25.853+0000] {dag.py:3239} INFO - Sync 1 DAGs
[2026-07-01T18:38:25.871+0000] {logging_mixin.py:190} INFO - [2026-07-01T18:38:25.871+0000] {dag.py:4180} INFO - Setting next_dagrun for urban_data_streaming_demo to None, run_after=None
[2026-07-01T18:38:25.904+0000] {processor.py:208} INFO - Processing /opt/airflow/dags/urban_data_streaming_dag.py took 0.161 seconds
[2026-07-01T18:38:56.406+0000] {processor.py:186} INFO - Started process (PID=7061) to work on /opt/airflow/dags/urban_data_streaming_dag.py
[2026-07-01T18:38:56.408+0000] {processor.py:914} INFO - Processing file /opt/airflow/dags/urban_data_streaming_dag.py for tasks to queue
[2026-07-01T18:38:56.411+0000] {logging_mixin.py:190} INFO - [2026-07-01T18:38:56.410+0000] {dagbag.py:588} INFO - Filling up the DagBag from /opt/airflow/dags/urban_data_streaming_dag.py
[2026-07-01T18:38:56.439+0000] {processor.py:925} INFO - DAG(s) 'urban_data_streaming_demo' retrieved from /opt/airflow/dags/urban_data_streaming_dag.py
[2026-07-01T18:38:56.474+0000] {logging_mixin.py:190} INFO - [2026-07-01T18:38:56.474+0000] {dag.py:3239} INFO - Sync 1 DAGs
[2026-07-01T18:38:56.492+0000] {logging_mixin.py:190} INFO - [2026-07-01T18:38:56.492+0000] {dag.py:4180} INFO - Setting next_dagrun for urban_data_streaming_demo to None, run_after=None
[2026-07-01T18:38:56.518+0000] {processor.py:208} INFO - Processing /opt/airflow/dags/urban_data_streaming_dag.py took 0.120 seconds
[2026-07-01T18:39:26.736+0000] {processor.py:186} INFO - Started process (PID=7079) to work on /opt/airflow/dags/urban_data_streaming_dag.py
[2026-07-01T18:39:26.738+0000] {processor.py:914} INFO - Processing file /opt/airflow/dags/urban_data_streaming_dag.py for tasks to queue
[2026-07-01T18:39:26.742+0000] {logging_mixin.py:190} INFO - [2026-07-01T18:39:26.742+0000] {dagbag.py:588} INFO - Filling up the DagBag from /opt/airflow/dags/urban_data_streaming_dag.py
[2026-07-01T18:39:26.882+0000] {processor.py:925} INFO - DAG(s) 'urban_data_streaming_demo' retrieved from /opt/airflow/dags/urban_data_streaming_dag.py
[2026-07-01T18:39:26.988+0000] {logging_mixin.py:190} INFO - [2026-07-01T18:39:26.988+0000] {dag.py:3239} INFO - Sync 1 DAGs
[2026-07-01T18:39:27.021+0000] {logging_mixin.py:190} INFO - [2026-07-01T18:39:27.020+0000] {dag.py:4180} INFO - Setting next_dagrun for urban_data_streaming_demo to None, run_after=None
[2026-07-01T18:39:27.054+0000] {processor.py:208} INFO - Processing /opt/airflow/dags/urban_data_streaming_dag.py took 0.329 seconds
[2026-07-01T18:39:57.275+0000] {processor.py:186} INFO - Started process (PID=7097) to work on /opt/airflow/dags/urban_data_streaming_dag.py
[2026-07-01T18:39:57.278+0000] {processor.py:914} INFO - Processing file /opt/airflow/dags/urban_data_streaming_dag.py for tasks to queue
[2026-07-01T18:39:57.284+0000] {logging_mixin.py:190} INFO - [2026-07-01T18:39:57.283+0000] {dagbag.py:588} INFO - Filling up the DagBag from /opt/airflow/dags/urban_data_streaming_dag.py
[2026-07-01T18:39:57.334+0000] {processor.py:925} INFO - DAG(s) 'urban_data_streaming_demo' retrieved from /opt/airflow/dags/urban_data_streaming_dag.py
[2026-07-01T18:39:57.374+0000] {logging_mixin.py:190} INFO - [2026-07-01T18:39:57.374+0000] {dag.py:3239} INFO - Sync 1 DAGs
[2026-07-01T18:39:57.394+0000] {logging_mixin.py:190} INFO - [2026-07-01T18:39:57.394+0000] {dag.py:4180} INFO - Setting next_dagrun for urban_data_streaming_demo to None, run_after=None
[2026-07-01T18:39:57.428+0000] {processor.py:208} INFO - Processing /opt/airflow/dags/urban_data_streaming_dag.py took 0.169 seconds
[2026-07-01T18:40:27.688+0000] {processor.py:186} INFO - Started process (PID=7115) to work on /opt/airflow/dags/urban_data_streaming_dag.py
[2026-07-01T18:40:27.690+0000] {processor.py:914} INFO - Processing file /opt/airflow/dags/urban_data_streaming_dag.py for tasks to queue
[2026-07-01T18:40:27.693+0000] {logging_mixin.py:190} INFO - [2026-07-01T18:40:27.693+0000] {dagbag.py:588} INFO - Filling up the DagBag from /opt/airflow/dags/urban_data_streaming_dag.py
[2026-07-01T18:40:27.731+0000] {processor.py:925} INFO - DAG(s) 'urban_data_streaming_demo' retrieved from /opt/airflow/dags/urban_data_streaming_dag.py
[2026-07-01T18:40:27.780+0000] {logging_mixin.py:190} INFO - [2026-07-01T18:40:27.780+0000] {dag.py:3239} INFO - Sync 1 DAGs
[2026-07-01T18:40:27.805+0000] {logging_mixin.py:190} INFO - [2026-07-01T18:40:27.804+0000] {dag.py:4180} INFO - Setting next_dagrun for urban_data_streaming_demo to None, run_after=None
[2026-07-01T18:40:27.830+0000] {processor.py:208} INFO - Processing /opt/airflow/dags/urban_data_streaming_dag.py took 0.155 seconds
[2026-07-01T18:40:58.132+0000] {processor.py:186} INFO - Started process (PID=7133) to work on /opt/airflow/dags/urban_data_streaming_dag.py
[2026-07-01T18:40:58.134+0000] {processor.py:914} INFO - Processing file /opt/airflow/dags/urban_data_streaming_dag.py for tasks to queue
[2026-07-01T18:40:58.137+0000] {logging_mixin.py:190} INFO - [2026-07-01T18:40:58.137+0000] {dagbag.py:588} INFO - Filling up the DagBag from /opt/airflow/dags/urban_data_streaming_dag.py
[2026-07-01T18:40:58.178+0000] {processor.py:925} INFO - DAG(s) 'urban_data_streaming_demo' retrieved from /opt/airflow/dags/urban_data_streaming_dag.py
[2026-07-01T18:40:58.224+0000] {logging_mixin.py:190} INFO - [2026-07-01T18:40:58.224+0000] {dag.py:3239} INFO - Sync 1 DAGs
[2026-07-01T18:40:58.240+0000] {logging_mixin.py:190} INFO - [2026-07-01T18:40:58.240+0000] {dag.py:4180} INFO - Setting next_dagrun for urban_data_streaming_demo to None, run_after=None
[2026-07-01T18:40:58.280+0000] {processor.py:208} INFO - Processing /opt/airflow/dags/urban_data_streaming_dag.py took 0.162 seconds
[2026-07-01T18:41:29.172+0000] {processor.py:186} INFO - Started process (PID=7151) to work on /opt/airflow/dags/urban_data_streaming_dag.py
[2026-07-01T18:41:29.174+0000] {processor.py:914} INFO - Processing file /opt/airflow/dags/urban_data_streaming_dag.py for tasks to queue
[2026-07-01T18:41:29.177+0000] {logging_mixin.py:190} INFO - [2026-07-01T18:41:29.177+0000] {dagbag.py:588} INFO - Filling up the DagBag from /opt/airflow/dags/urban_data_streaming_dag.py
[2026-07-01T18:41:29.219+0000] {processor.py:925} INFO - DAG(s) 'urban_data_streaming_demo' retrieved from /opt/airflow/dags/urban_data_streaming_dag.py
[2026-07-01T18:41:29.257+0000] {logging_mixin.py:190} INFO - [2026-07-01T18:41:29.256+0000] {dag.py:3239} INFO - Sync 1 DAGs
[2026-07-01T18:41:29.279+0000] {logging_mixin.py:190} INFO - [2026-07-01T18:41:29.279+0000] {dag.py:4180} INFO - Setting next_dagrun for urban_data_streaming_demo to None, run_after=None
[2026-07-01T18:41:29.308+0000] {processor.py:208} INFO - Processing /opt/airflow/dags/urban_data_streaming_dag.py took 0.146 seconds
[2026-07-01T18:41:59.475+0000] {processor.py:186} INFO - Started process (PID=7169) to work on /opt/airflow/dags/urban_data_streaming_dag.py
[2026-07-01T18:41:59.476+0000] {processor.py:914} INFO - Processing file /opt/airflow/dags/urban_data_streaming_dag.py for tasks to queue
[2026-07-01T18:41:59.479+0000] {logging_mixin.py:190} INFO - [2026-07-01T18:41:59.479+0000] {dagbag.py:588} INFO - Filling up the DagBag from /opt/airflow/dags/urban_data_streaming_dag.py
[2026-07-01T18:41:59.506+0000] {processor.py:925} INFO - DAG(s) 'urban_data_streaming_demo' retrieved from /opt/airflow/dags/urban_data_streaming_dag.py
[2026-07-01T18:41:59.541+0000] {logging_mixin.py:190} INFO - [2026-07-01T18:41:59.540+0000] {dag.py:3239} INFO - Sync 1 DAGs
[2026-07-01T18:41:59.556+0000] {logging_mixin.py:190} INFO - [2026-07-01T18:41:59.555+0000] {dag.py:4180} INFO - Setting next_dagrun for urban_data_streaming_demo to None, run_after=None
[2026-07-01T18:41:59.580+0000] {processor.py:208} INFO - Processing /opt/airflow/dags/urban_data_streaming_dag.py took 0.115 seconds
[2026-07-01T18:42:29.968+0000] {processor.py:186} INFO - Started process (PID=7186) to work on /opt/airflow/dags/urban_data_streaming_dag.py
[2026-07-01T18:42:29.969+0000] {processor.py:914} INFO - Processing file /opt/airflow/dags/urban_data_streaming_dag.py for tasks to queue
[2026-07-01T18:42:29.972+0000] {logging_mixin.py:190} INFO - [2026-07-01T18:42:29.972+0000] {dagbag.py:588} INFO - Filling up the DagBag from /opt/airflow/dags/urban_data_streaming_dag.py
[2026-07-01T18:42:30.008+0000] {processor.py:925} INFO - DAG(s) 'urban_data_streaming_demo' retrieved from /opt/airflow/dags/urban_data_streaming_dag.py
[2026-07-01T18:42:30.040+0000] {logging_mixin.py:190} INFO - [2026-07-01T18:42:30.040+0000] {dag.py:3239} INFO - Sync 1 DAGs
[2026-07-01T18:42:30.069+0000] {logging_mixin.py:190} INFO - [2026-07-01T18:42:30.068+0000] {dag.py:4180} INFO - Setting next_dagrun for urban_data_streaming_demo to None, run_after=None
[2026-07-01T18:42:30.094+0000] {processor.py:208} INFO - Processing /opt/airflow/dags/urban_data_streaming_dag.py took 0.134 seconds
[2026-07-01T18:43:00.940+0000] {processor.py:186} INFO - Started process (PID=7197) to work on /opt/airflow/dags/urban_data_streaming_dag.py
[2026-07-01T18:43:00.943+0000] {processor.py:914} INFO - Processing file /opt/airflow/dags/urban_data_streaming_dag.py for tasks to queue
[2026-07-01T18:43:00.949+0000] {logging_mixin.py:190} INFO - [2026-07-01T18:43:00.948+0000] {dagbag.py:588} INFO - Filling up the DagBag from /opt/airflow/dags/urban_data_streaming_dag.py
[2026-07-01T18:43:01.007+0000] {processor.py:925} INFO - DAG(s) 'urban_data_streaming_demo' retrieved from /opt/airflow/dags/urban_data_streaming_dag.py
[2026-07-01T18:43:01.062+0000] {logging_mixin.py:190} INFO - [2026-07-01T18:43:01.061+0000] {dag.py:3239} INFO - Sync 1 DAGs
[2026-07-01T18:43:01.081+0000] {logging_mixin.py:190} INFO - [2026-07-01T18:43:01.081+0000] {dag.py:4180} INFO - Setting next_dagrun for urban_data_streaming_demo to None, run_after=None
[2026-07-01T18:43:01.120+0000] {processor.py:208} INFO - Processing /opt/airflow/dags/urban_data_streaming_dag.py took 0.190 seconds
[2026-07-01T18:43:31.838+0000] {processor.py:186} INFO - Started process (PID=7215) to work on /opt/airflow/dags/urban_data_streaming_dag.py
[2026-07-01T18:43:31.840+0000] {processor.py:914} INFO - Processing file /opt/airflow/dags/urban_data_streaming_dag.py for tasks to queue
[2026-07-01T18:43:31.843+0000] {logging_mixin.py:190} INFO - [2026-07-01T18:43:31.842+0000] {dagbag.py:588} INFO - Filling up the DagBag from /opt/airflow/dags/urban_data_streaming_dag.py
[2026-07-01T18:43:31.874+0000] {processor.py:925} INFO - DAG(s) 'urban_data_streaming_demo' retrieved from /opt/airflow/dags/urban_data_streaming_dag.py
[2026-07-01T18:43:31.902+0000] {logging_mixin.py:190} INFO - [2026-07-01T18:43:31.902+0000] {dag.py:3239} INFO - Sync 1 DAGs
[2026-07-01T18:43:31.917+0000] {logging_mixin.py:190} INFO - [2026-07-01T18:43:31.917+0000] {dag.py:4180} INFO - Setting next_dagrun for urban_data_streaming_demo to None, run_after=None
[2026-07-01T18:43:31.942+0000] {processor.py:208} INFO - Processing /opt/airflow/dags/urban_data_streaming_dag.py took 0.112 seconds
[2026-07-01T18:44:02.845+0000] {processor.py:186} INFO - Started process (PID=7233) to work on /opt/airflow/dags/urban_data_streaming_dag.py
[2026-07-01T18:44:02.848+0000] {processor.py:914} INFO - Processing file /opt/airflow/dags/urban_data_streaming_dag.py for tasks to queue
[2026-07-01T18:44:02.854+0000] {logging_mixin.py:190} INFO - [2026-07-01T18:44:02.853+0000] {dagbag.py:588} INFO - Filling up the DagBag from /opt/airflow/dags/urban_data_streaming_dag.py
[2026-07-01T18:44:02.893+0000] {processor.py:925} INFO - DAG(s) 'urban_data_streaming_demo' retrieved from /opt/airflow/dags/urban_data_streaming_dag.py
[2026-07-01T18:44:02.947+0000] {logging_mixin.py:190} INFO - [2026-07-01T18:44:02.947+0000] {dag.py:3239} INFO - Sync 1 DAGs
[2026-07-01T18:44:02.975+0000] {logging_mixin.py:190} INFO - [2026-07-01T18:44:02.974+0000] {dag.py:4180} INFO - Setting next_dagrun for urban_data_streaming_demo to None, run_after=None
[2026-07-01T18:44:03.027+0000] {processor.py:208} INFO - Processing /opt/airflow/dags/urban_data_streaming_dag.py took 0.213 seconds
[2026-07-01T18:44:33.277+0000] {processor.py:186} INFO - Started process (PID=7251) to work on /opt/airflow/dags/urban_data_streaming_dag.py
[2026-07-01T18:44:33.279+0000] {processor.py:914} INFO - Processing file /opt/airflow/dags/urban_data_streaming_dag.py for tasks to queue
[2026-07-01T18:44:33.283+0000] {logging_mixin.py:190} INFO - [2026-07-01T18:44:33.282+0000] {dagbag.py:588} INFO - Filling up the DagBag from /opt/airflow/dags/urban_data_streaming_dag.py
[2026-07-01T18:44:33.330+0000] {processor.py:925} INFO - DAG(s) 'urban_data_streaming_demo' retrieved from /opt/airflow/dags/urban_data_streaming_dag.py
[2026-07-01T18:44:33.364+0000] {logging_mixin.py:190} INFO - [2026-07-01T18:44:33.364+0000] {dag.py:3239} INFO - Sync 1 DAGs
[2026-07-01T18:44:33.381+0000] {logging_mixin.py:190} INFO - [2026-07-01T18:44:33.381+0000] {dag.py:4180} INFO - Setting next_dagrun for urban_data_streaming_demo to None, run_after=None
[2026-07-01T18:44:33.418+0000] {processor.py:208} INFO - Processing /opt/airflow/dags/urban_data_streaming_dag.py took 0.154 seconds
[2026-07-01T18:45:03.833+0000] {processor.py:186} INFO - Started process (PID=7269) to work on /opt/airflow/dags/urban_data_streaming_dag.py
[2026-07-01T18:45:03.835+0000] {processor.py:914} INFO - Processing file /opt/airflow/dags/urban_data_streaming_dag.py for tasks to queue
[2026-07-01T18:45:03.838+0000] {logging_mixin.py:190} INFO - [2026-07-01T18:45:03.837+0000] {dagbag.py:588} INFO - Filling up the DagBag from /opt/airflow/dags/urban_data_streaming_dag.py
[2026-07-01T18:45:03.876+0000] {processor.py:925} INFO - DAG(s) 'urban_data_streaming_demo' retrieved from /opt/airflow/dags/urban_data_streaming_dag.py
[2026-07-01T18:45:03.916+0000] {logging_mixin.py:190} INFO - [2026-07-01T18:45:03.915+0000] {dag.py:3239} INFO - Sync 1 DAGs
[2026-07-01T18:45:03.935+0000] {logging_mixin.py:190} INFO - [2026-07-01T18:45:03.935+0000] {dag.py:4180} INFO - Setting next_dagrun for urban_data_streaming_demo to None, run_after=None
[2026-07-01T18:45:03.971+0000] {processor.py:208} INFO - Processing /opt/airflow/dags/urban_data_streaming_dag.py took 0.145 seconds
[2026-07-01T18:45:34.706+0000] {processor.py:186} INFO - Started process (PID=7287) to work on /opt/airflow/dags/urban_data_streaming_dag.py
[2026-07-01T18:45:34.708+0000] {processor.py:914} INFO - Processing file /opt/airflow/dags/urban_data_streaming_dag.py for tasks to queue
[2026-07-01T18:45:34.711+0000] {logging_mixin.py:190} INFO - [2026-07-01T18:45:34.710+0000] {dagbag.py:588} INFO - Filling up the DagBag from /opt/airflow/dags/urban_data_streaming_dag.py
[2026-07-01T18:45:34.738+0000] {processor.py:925} INFO - DAG(s) 'urban_data_streaming_demo' retrieved from /opt/airflow/dags/urban_data_streaming_dag.py
[2026-07-01T18:45:34.768+0000] {logging_mixin.py:190} INFO - [2026-07-01T18:45:34.768+0000] {dag.py:3239} INFO - Sync 1 DAGs
[2026-07-01T18:45:34.787+0000] {logging_mixin.py:190} INFO - [2026-07-01T18:45:34.786+0000] {dag.py:4180} INFO - Setting next_dagrun for urban_data_streaming_demo to None, run_after=None
[2026-07-01T18:45:34.815+0000] {processor.py:208} INFO - Processing /opt/airflow/dags/urban_data_streaming_dag.py took 0.116 seconds
[2026-07-01T18:46:05.479+0000] {processor.py:186} INFO - Started process (PID=7305) to work on /opt/airflow/dags/urban_data_streaming_dag.py
[2026-07-01T18:46:05.480+0000] {processor.py:914} INFO - Processing file /opt/airflow/dags/urban_data_streaming_dag.py for tasks to queue
[2026-07-01T18:46:05.483+0000] {logging_mixin.py:190} INFO - [2026-07-01T18:46:05.483+0000] {dagbag.py:588} INFO - Filling up the DagBag from /opt/airflow/dags/urban_data_streaming_dag.py
[2026-07-01T18:46:05.508+0000] {processor.py:925} INFO - DAG(s) 'urban_data_streaming_demo' retrieved from /opt/airflow/dags/urban_data_streaming_dag.py
[2026-07-01T18:46:05.545+0000] {logging_mixin.py:190} INFO - [2026-07-01T18:46:05.545+0000] {dag.py:3239} INFO - Sync 1 DAGs
[2026-07-01T18:46:05.562+0000] {logging_mixin.py:190} INFO - [2026-07-01T18:46:05.562+0000] {dag.py:4180} INFO - Setting next_dagrun for urban_data_streaming_demo to None, run_after=None
[2026-07-01T18:46:05.587+0000] {processor.py:208} INFO - Processing /opt/airflow/dags/urban_data_streaming_dag.py took 0.115 seconds
[2026-07-01T18:46:35.778+0000] {processor.py:186} INFO - Started process (PID=7323) to work on /opt/airflow/dags/urban_data_streaming_dag.py
[2026-07-01T18:46:35.780+0000] {processor.py:914} INFO - Processing file /opt/airflow/dags/urban_data_streaming_dag.py for tasks to queue
[2026-07-01T18:46:35.785+0000] {logging_mixin.py:190} INFO - [2026-07-01T18:46:35.784+0000] {dagbag.py:588} INFO - Filling up the DagBag from /opt/airflow/dags/urban_data_streaming_dag.py
[2026-07-01T18:46:35.818+0000] {processor.py:925} INFO - DAG(s) 'urban_data_streaming_demo' retrieved from /opt/airflow/dags/urban_data_streaming_dag.py
[2026-07-01T18:46:35.851+0000] {logging_mixin.py:190} INFO - [2026-07-01T18:46:35.850+0000] {dag.py:3239} INFO - Sync 1 DAGs
[2026-07-01T18:46:35.872+0000] {logging_mixin.py:190} INFO - [2026-07-01T18:46:35.871+0000] {dag.py:4180} INFO - Setting next_dagrun for urban_data_streaming_demo to None, run_after=None
[2026-07-01T18:46:35.901+0000] {processor.py:208} INFO - Processing /opt/airflow/dags/urban_data_streaming_dag.py took 0.131 seconds
[2026-07-01T18:47:06.250+0000] {processor.py:186} INFO - Started process (PID=7340) to work on /opt/airflow/dags/urban_data_streaming_dag.py
[2026-07-01T18:47:06.253+0000] {processor.py:914} INFO - Processing file /opt/airflow/dags/urban_data_streaming_dag.py for tasks to queue
[2026-07-01T18:47:06.258+0000] {logging_mixin.py:190} INFO - [2026-07-01T18:47:06.257+0000] {dagbag.py:588} INFO - Filling up the DagBag from /opt/airflow/dags/urban_data_streaming_dag.py
[2026-07-01T18:47:06.282+0000] {processor.py:925} INFO - DAG(s) 'urban_data_streaming_demo' retrieved from /opt/airflow/dags/urban_data_streaming_dag.py
[2026-07-01T18:47:06.315+0000] {logging_mixin.py:190} INFO - [2026-07-01T18:47:06.314+0000] {dag.py:3239} INFO - Sync 1 DAGs
[2026-07-01T18:47:06.331+0000] {logging_mixin.py:190} INFO - [2026-07-01T18:47:06.331+0000] {dag.py:4180} INFO - Setting next_dagrun for urban_data_streaming_demo to None, run_after=None
[2026-07-01T18:47:06.357+0000] {processor.py:208} INFO - Processing /opt/airflow/dags/urban_data_streaming_dag.py took 0.122 seconds
[2026-07-01T18:47:37.083+0000] {processor.py:186} INFO - Started process (PID=7351) to work on /opt/airflow/dags/urban_data_streaming_dag.py
[2026-07-01T18:47:37.085+0000] {processor.py:914} INFO - Processing file /opt/airflow/dags/urban_data_streaming_dag.py for tasks to queue
[2026-07-01T18:47:37.095+0000] {logging_mixin.py:190} INFO - [2026-07-01T18:47:37.094+0000] {dagbag.py:588} INFO - Filling up the DagBag from /opt/airflow/dags/urban_data_streaming_dag.py
[2026-07-01T18:47:37.191+0000] {processor.py:925} INFO - DAG(s) 'urban_data_streaming_demo' retrieved from /opt/airflow/dags/urban_data_streaming_dag.py
[2026-07-01T18:47:37.264+0000] {logging_mixin.py:190} INFO - [2026-07-01T18:47:37.263+0000] {dag.py:3239} INFO - Sync 1 DAGs
[2026-07-01T18:47:37.305+0000] {logging_mixin.py:190} INFO - [2026-07-01T18:47:37.305+0000] {dag.py:4180} INFO - Setting next_dagrun for urban_data_streaming_demo to None, run_after=None
[2026-07-01T18:47:37.367+0000] {processor.py:208} INFO - Processing /opt/airflow/dags/urban_data_streaming_dag.py took 0.301 seconds
[2026-07-01T18:48:07.900+0000] {processor.py:186} INFO - Started process (PID=7369) to work on /opt/airflow/dags/urban_data_streaming_dag.py
[2026-07-01T18:48:07.902+0000] {processor.py:914} INFO - Processing file /opt/airflow/dags/urban_data_streaming_dag.py for tasks to queue
[2026-07-01T18:48:07.910+0000] {logging_mixin.py:190} INFO - [2026-07-01T18:48:07.909+0000] {dagbag.py:588} INFO - Filling up the DagBag from /opt/airflow/dags/urban_data_streaming_dag.py
[2026-07-01T18:48:07.953+0000] {processor.py:925} INFO - DAG(s) 'urban_data_streaming_demo' retrieved from /opt/airflow/dags/urban_data_streaming_dag.py
[2026-07-01T18:48:08.001+0000] {logging_mixin.py:190} INFO - [2026-07-01T18:48:08.001+0000] {dag.py:3239} INFO - Sync 1 DAGs
[2026-07-01T18:48:08.020+0000] {logging_mixin.py:190} INFO - [2026-07-01T18:48:08.019+0000] {dag.py:4180} INFO - Setting next_dagrun for urban_data_streaming_demo to None, run_after=None
[2026-07-01T18:48:08.046+0000] {processor.py:208} INFO - Processing /opt/airflow/dags/urban_data_streaming_dag.py took 0.156 seconds
[2026-07-01T18:48:38.481+0000] {processor.py:186} INFO - Started process (PID=7387) to work on /opt/airflow/dags/urban_data_streaming_dag.py
[2026-07-01T18:48:38.482+0000] {processor.py:914} INFO - Processing file /opt/airflow/dags/urban_data_streaming_dag.py for tasks to queue
[2026-07-01T18:48:38.486+0000] {logging_mixin.py:190} INFO - [2026-07-01T18:48:38.485+0000] {dagbag.py:588} INFO - Filling up the DagBag from /opt/airflow/dags/urban_data_streaming_dag.py
[2026-07-01T18:48:38.533+0000] {processor.py:925} INFO - DAG(s) 'urban_data_streaming_demo' retrieved from /opt/airflow/dags/urban_data_streaming_dag.py
[2026-07-01T18:48:38.575+0000] {logging_mixin.py:190} INFO - [2026-07-01T18:48:38.575+0000] {dag.py:3239} INFO - Sync 1 DAGs
[2026-07-01T18:48:38.598+0000] {logging_mixin.py:190} INFO - [2026-07-01T18:48:38.597+0000] {dag.py:4180} INFO - Setting next_dagrun for urban_data_streaming_demo to None, run_after=None
[2026-07-01T18:48:38.634+0000] {processor.py:208} INFO - Processing /opt/airflow/dags/urban_data_streaming_dag.py took 0.168 seconds
[2026-07-01T18:49:09.057+0000] {processor.py:186} INFO - Started process (PID=7405) to work on /opt/airflow/dags/urban_data_streaming_dag.py
[2026-07-01T18:49:09.058+0000] {processor.py:914} INFO - Processing file /opt/airflow/dags/urban_data_streaming_dag.py for tasks to queue
[2026-07-01T18:49:09.061+0000] {logging_mixin.py:190} INFO - [2026-07-01T18:49:09.061+0000] {dagbag.py:588} INFO - Filling up the DagBag from /opt/airflow/dags/urban_data_streaming_dag.py
[2026-07-01T18:49:09.093+0000] {processor.py:925} INFO - DAG(s) 'urban_data_streaming_demo' retrieved from /opt/airflow/dags/urban_data_streaming_dag.py
[2026-07-01T18:49:09.130+0000] {logging_mixin.py:190} INFO - [2026-07-01T18:49:09.129+0000] {dag.py:3239} INFO - Sync 1 DAGs
[2026-07-01T18:49:09.148+0000] {logging_mixin.py:190} INFO - [2026-07-01T18:49:09.147+0000] {dag.py:4180} INFO - Setting next_dagrun for urban_data_streaming_demo to None, run_after=None
[2026-07-01T18:49:09.177+0000] {processor.py:208} INFO - Processing /opt/airflow/dags/urban_data_streaming_dag.py took 0.139 seconds
[2026-07-01T18:49:40.014+0000] {processor.py:186} INFO - Started process (PID=7423) to work on /opt/airflow/dags/urban_data_streaming_dag.py
[2026-07-01T18:49:40.016+0000] {processor.py:914} INFO - Processing file /opt/airflow/dags/urban_data_streaming_dag.py for tasks to queue
[2026-07-01T18:49:40.022+0000] {logging_mixin.py:190} INFO - [2026-07-01T18:49:40.021+0000] {dagbag.py:588} INFO - Filling up the DagBag from /opt/airflow/dags/urban_data_streaming_dag.py
[2026-07-01T18:49:40.119+0000] {processor.py:925} INFO - DAG(s) 'urban_data_streaming_demo' retrieved from /opt/airflow/dags/urban_data_streaming_dag.py
[2026-07-01T18:49:40.169+0000] {logging_mixin.py:190} INFO - [2026-07-01T18:49:40.169+0000] {dag.py:3239} INFO - Sync 1 DAGs
[2026-07-01T18:49:40.189+0000] {logging_mixin.py:190} INFO - [2026-07-01T18:49:40.189+0000] {dag.py:4180} INFO - Setting next_dagrun for urban_data_streaming_demo to None, run_after=None
[2026-07-01T18:49:40.218+0000] {processor.py:208} INFO - Processing /opt/airflow/dags/urban_data_streaming_dag.py took 0.215 seconds
[2026-07-01T18:50:10.364+0000] {processor.py:186} INFO - Started process (PID=7441) to work on /opt/airflow/dags/urban_data_streaming_dag.py
[2026-07-01T18:50:10.365+0000] {processor.py:914} INFO - Processing file /opt/airflow/dags/urban_data_streaming_dag.py for tasks to queue
[2026-07-01T18:50:10.368+0000] {logging_mixin.py:190} INFO - [2026-07-01T18:50:10.368+0000] {dagbag.py:588} INFO - Filling up the DagBag from /opt/airflow/dags/urban_data_streaming_dag.py
[2026-07-01T18:50:10.424+0000] {processor.py:925} INFO - DAG(s) 'urban_data_streaming_demo' retrieved from /opt/airflow/dags/urban_data_streaming_dag.py
[2026-07-01T18:50:10.506+0000] {logging_mixin.py:190} INFO - [2026-07-01T18:50:10.506+0000] {dag.py:3239} INFO - Sync 1 DAGs
[2026-07-01T18:50:10.542+0000] {logging_mixin.py:190} INFO - [2026-07-01T18:50:10.542+0000] {dag.py:4180} INFO - Setting next_dagrun for urban_data_streaming_demo to None, run_after=None
[2026-07-01T18:50:10.575+0000] {processor.py:208} INFO - Processing /opt/airflow/dags/urban_data_streaming_dag.py took 0.218 seconds
[2026-07-01T18:50:40.790+0000] {processor.py:186} INFO - Started process (PID=7459) to work on /opt/airflow/dags/urban_data_streaming_dag.py
[2026-07-01T18:50:40.792+0000] {processor.py:914} INFO - Processing file /opt/airflow/dags/urban_data_streaming_dag.py for tasks to queue
[2026-07-01T18:50:40.795+0000] {logging_mixin.py:190} INFO - [2026-07-01T18:50:40.794+0000] {dagbag.py:588} INFO - Filling up the DagBag from /opt/airflow/dags/urban_data_streaming_dag.py
[2026-07-01T18:50:40.823+0000] {processor.py:925} INFO - DAG(s) 'urban_data_streaming_demo' retrieved from /opt/airflow/dags/urban_data_streaming_dag.py
[2026-07-01T18:50:40.862+0000] {logging_mixin.py:190} INFO - [2026-07-01T18:50:40.862+0000] {dag.py:3239} INFO - Sync 1 DAGs
[2026-07-01T18:50:40.885+0000] {logging_mixin.py:190} INFO - [2026-07-01T18:50:40.885+0000] {dag.py:4180} INFO - Setting next_dagrun for urban_data_streaming_demo to None, run_after=None
[2026-07-01T18:50:40.918+0000] {processor.py:208} INFO - Processing /opt/airflow/dags/urban_data_streaming_dag.py took 0.139 seconds
[2026-07-01T18:51:11.121+0000] {processor.py:186} INFO - Started process (PID=7477) to work on /opt/airflow/dags/urban_data_streaming_dag.py
[2026-07-01T18:51:11.123+0000] {processor.py:914} INFO - Processing file /opt/airflow/dags/urban_data_streaming_dag.py for tasks to queue
[2026-07-01T18:51:11.125+0000] {logging_mixin.py:190} INFO - [2026-07-01T18:51:11.125+0000] {dagbag.py:588} INFO - Filling up the DagBag from /opt/airflow/dags/urban_data_streaming_dag.py
[2026-07-01T18:51:11.147+0000] {processor.py:925} INFO - DAG(s) 'urban_data_streaming_demo' retrieved from /opt/airflow/dags/urban_data_streaming_dag.py
[2026-07-01T18:51:11.178+0000] {logging_mixin.py:190} INFO - [2026-07-01T18:51:11.178+0000] {dag.py:3239} INFO - Sync 1 DAGs
[2026-07-01T18:51:11.198+0000] {logging_mixin.py:190} INFO - [2026-07-01T18:51:11.198+0000] {dag.py:4180} INFO - Setting next_dagrun for urban_data_streaming_demo to None, run_after=None
[2026-07-01T18:51:11.220+0000] {processor.py:208} INFO - Processing /opt/airflow/dags/urban_data_streaming_dag.py took 0.108 seconds
[2026-07-01T18:51:41.362+0000] {processor.py:186} INFO - Started process (PID=7494) to work on /opt/airflow/dags/urban_data_streaming_dag.py
[2026-07-01T18:51:41.364+0000] {processor.py:914} INFO - Processing file /opt/airflow/dags/urban_data_streaming_dag.py for tasks to queue
[2026-07-01T18:51:41.369+0000] {logging_mixin.py:190} INFO - [2026-07-01T18:51:41.368+0000] {dagbag.py:588} INFO - Filling up the DagBag from /opt/airflow/dags/urban_data_streaming_dag.py
[2026-07-01T18:51:41.405+0000] {processor.py:925} INFO - DAG(s) 'urban_data_streaming_demo' retrieved from /opt/airflow/dags/urban_data_streaming_dag.py
[2026-07-01T18:51:41.435+0000] {logging_mixin.py:190} INFO - [2026-07-01T18:51:41.435+0000] {dag.py:3239} INFO - Sync 1 DAGs
[2026-07-01T18:51:41.454+0000] {logging_mixin.py:190} INFO - [2026-07-01T18:51:41.454+0000] {dag.py:4180} INFO - Setting next_dagrun for urban_data_streaming_demo to None, run_after=None
[2026-07-01T18:51:41.478+0000] {processor.py:208} INFO - Processing /opt/airflow/dags/urban_data_streaming_dag.py took 0.129 seconds
[2026-07-01T18:52:11.828+0000] {processor.py:186} INFO - Started process (PID=7505) to work on /opt/airflow/dags/urban_data_streaming_dag.py
[2026-07-01T18:52:11.830+0000] {processor.py:914} INFO - Processing file /opt/airflow/dags/urban_data_streaming_dag.py for tasks to queue
[2026-07-01T18:52:11.836+0000] {logging_mixin.py:190} INFO - [2026-07-01T18:52:11.836+0000] {dagbag.py:588} INFO - Filling up the DagBag from /opt/airflow/dags/urban_data_streaming_dag.py
[2026-07-01T18:52:11.864+0000] {processor.py:925} INFO - DAG(s) 'urban_data_streaming_demo' retrieved from /opt/airflow/dags/urban_data_streaming_dag.py
[2026-07-01T18:52:11.896+0000] {logging_mixin.py:190} INFO - [2026-07-01T18:52:11.896+0000] {dag.py:3239} INFO - Sync 1 DAGs
[2026-07-01T18:52:11.911+0000] {logging_mixin.py:190} INFO - [2026-07-01T18:52:11.911+0000] {dag.py:4180} INFO - Setting next_dagrun for urban_data_streaming_demo to None, run_after=None
[2026-07-01T18:52:11.934+0000] {processor.py:208} INFO - Processing /opt/airflow/dags/urban_data_streaming_dag.py took 0.117 seconds
[2026-07-01T18:52:42.297+0000] {processor.py:186} INFO - Started process (PID=7523) to work on /opt/airflow/dags/urban_data_streaming_dag.py
[2026-07-01T18:52:42.299+0000] {processor.py:914} INFO - Processing file /opt/airflow/dags/urban_data_streaming_dag.py for tasks to queue
[2026-07-01T18:52:42.305+0000] {logging_mixin.py:190} INFO - [2026-07-01T18:52:42.304+0000] {dagbag.py:588} INFO - Filling up the DagBag from /opt/airflow/dags/urban_data_streaming_dag.py
[2026-07-01T18:52:42.340+0000] {processor.py:925} INFO - DAG(s) 'urban_data_streaming_demo' retrieved from /opt/airflow/dags/urban_data_streaming_dag.py
[2026-07-01T18:52:42.392+0000] {logging_mixin.py:190} INFO - [2026-07-01T18:52:42.391+0000] {dag.py:3239} INFO - Sync 1 DAGs
[2026-07-01T18:52:42.412+0000] {logging_mixin.py:190} INFO - [2026-07-01T18:52:42.411+0000] {dag.py:4180} INFO - Setting next_dagrun for urban_data_streaming_demo to None, run_after=None
[2026-07-01T18:52:42.444+0000] {processor.py:208} INFO - Processing /opt/airflow/dags/urban_data_streaming_dag.py took 0.161 seconds
[2026-07-01T18:53:12.806+0000] {processor.py:186} INFO - Started process (PID=7541) to work on /opt/airflow/dags/urban_data_streaming_dag.py
[2026-07-01T18:53:12.808+0000] {processor.py:914} INFO - Processing file /opt/airflow/dags/urban_data_streaming_dag.py for tasks to queue
[2026-07-01T18:53:12.811+0000] {logging_mixin.py:190} INFO - [2026-07-01T18:53:12.811+0000] {dagbag.py:588} INFO - Filling up the DagBag from /opt/airflow/dags/urban_data_streaming_dag.py
[2026-07-01T18:53:12.842+0000] {processor.py:925} INFO - DAG(s) 'urban_data_streaming_demo' retrieved from /opt/airflow/dags/urban_data_streaming_dag.py
[2026-07-01T18:53:12.885+0000] {logging_mixin.py:190} INFO - [2026-07-01T18:53:12.884+0000] {dag.py:3239} INFO - Sync 1 DAGs
[2026-07-01T18:53:12.901+0000] {logging_mixin.py:190} INFO - [2026-07-01T18:53:12.900+0000] {dag.py:4180} INFO - Setting next_dagrun for urban_data_streaming_demo to None, run_after=None
[2026-07-01T18:53:12.973+0000] {processor.py:208} INFO - Processing /opt/airflow/dags/urban_data_streaming_dag.py took 0.175 seconds
[2026-07-01T18:53:43.530+0000] {processor.py:186} INFO - Started process (PID=7559) to work on /opt/airflow/dags/urban_data_streaming_dag.py
[2026-07-01T18:53:43.533+0000] {processor.py:914} INFO - Processing file /opt/airflow/dags/urban_data_streaming_dag.py for tasks to queue
[2026-07-01T18:53:43.540+0000] {logging_mixin.py:190} INFO - [2026-07-01T18:53:43.539+0000] {dagbag.py:588} INFO - Filling up the DagBag from /opt/airflow/dags/urban_data_streaming_dag.py
[2026-07-01T18:53:43.680+0000] {processor.py:925} INFO - DAG(s) 'urban_data_streaming_demo' retrieved from /opt/airflow/dags/urban_data_streaming_dag.py
[2026-07-01T18:53:43.783+0000] {logging_mixin.py:190} INFO - [2026-07-01T18:53:43.783+0000] {dag.py:3239} INFO - Sync 1 DAGs
[2026-07-01T18:53:43.809+0000] {logging_mixin.py:190} INFO - [2026-07-01T18:53:43.809+0000] {dag.py:4180} INFO - Setting next_dagrun for urban_data_streaming_demo to None, run_after=None
[2026-07-01T18:53:43.840+0000] {processor.py:208} INFO - Processing /opt/airflow/dags/urban_data_streaming_dag.py took 0.319 seconds
[2026-07-01T18:54:14.378+0000] {processor.py:186} INFO - Started process (PID=7577) to work on /opt/airflow/dags/urban_data_streaming_dag.py
[2026-07-01T18:54:14.380+0000] {processor.py:914} INFO - Processing file /opt/airflow/dags/urban_data_streaming_dag.py for tasks to queue
[2026-07-01T18:54:14.385+0000] {logging_mixin.py:190} INFO - [2026-07-01T18:54:14.385+0000] {dagbag.py:588} INFO - Filling up the DagBag from /opt/airflow/dags/urban_data_streaming_dag.py
[2026-07-01T18:54:14.465+0000] {processor.py:925} INFO - DAG(s) 'urban_data_streaming_demo' retrieved from /opt/airflow/dags/urban_data_streaming_dag.py
[2026-07-01T18:54:14.576+0000] {logging_mixin.py:190} INFO - [2026-07-01T18:54:14.576+0000] {dag.py:3239} INFO - Sync 1 DAGs
[2026-07-01T18:54:14.621+0000] {logging_mixin.py:190} INFO - [2026-07-01T18:54:14.621+0000] {dag.py:4180} INFO - Setting next_dagrun for urban_data_streaming_demo to None, run_after=None
[2026-07-01T18:54:14.678+0000] {processor.py:208} INFO - Processing /opt/airflow/dags/urban_data_streaming_dag.py took 0.316 seconds
[2026-07-01T18:54:45.308+0000] {processor.py:186} INFO - Started process (PID=7595) to work on /opt/airflow/dags/urban_data_streaming_dag.py
[2026-07-01T18:54:45.309+0000] {processor.py:914} INFO - Processing file /opt/airflow/dags/urban_data_streaming_dag.py for tasks to queue
[2026-07-01T18:54:45.313+0000] {logging_mixin.py:190} INFO - [2026-07-01T18:54:45.312+0000] {dagbag.py:588} INFO - Filling up the DagBag from /opt/airflow/dags/urban_data_streaming_dag.py
[2026-07-01T18:54:45.340+0000] {processor.py:925} INFO - DAG(s) 'urban_data_streaming_demo' retrieved from /opt/airflow/dags/urban_data_streaming_dag.py
[2026-07-01T18:54:45.369+0000] {logging_mixin.py:190} INFO - [2026-07-01T18:54:45.369+0000] {dag.py:3239} INFO - Sync 1 DAGs
[2026-07-01T18:54:45.386+0000] {logging_mixin.py:190} INFO - [2026-07-01T18:54:45.386+0000] {dag.py:4180} INFO - Setting next_dagrun for urban_data_streaming_demo to None, run_after=None
[2026-07-01T18:54:45.409+0000] {processor.py:208} INFO - Processing /opt/airflow/dags/urban_data_streaming_dag.py took 0.108 seconds
[2026-07-01T18:55:15.538+0000] {processor.py:186} INFO - Started process (PID=7613) to work on /opt/airflow/dags/urban_data_streaming_dag.py
[2026-07-01T18:55:15.541+0000] {processor.py:914} INFO - Processing file /opt/airflow/dags/urban_data_streaming_dag.py for tasks to queue
[2026-07-01T18:55:15.547+0000] {logging_mixin.py:190} INFO - [2026-07-01T18:55:15.547+0000] {dagbag.py:588} INFO - Filling up the DagBag from /opt/airflow/dags/urban_data_streaming_dag.py
[2026-07-01T18:55:15.597+0000] {processor.py:925} INFO - DAG(s) 'urban_data_streaming_demo' retrieved from /opt/airflow/dags/urban_data_streaming_dag.py
[2026-07-01T18:55:15.640+0000] {logging_mixin.py:190} INFO - [2026-07-01T18:55:15.639+0000] {dag.py:3239} INFO - Sync 1 DAGs
[2026-07-01T18:55:15.657+0000] {logging_mixin.py:190} INFO - [2026-07-01T18:55:15.657+0000] {dag.py:4180} INFO - Setting next_dagrun for urban_data_streaming_demo to None, run_after=None
[2026-07-01T18:55:15.684+0000] {processor.py:208} INFO - Processing /opt/airflow/dags/urban_data_streaming_dag.py took 0.157 seconds
[2026-07-01T18:55:46.516+0000] {processor.py:186} INFO - Started process (PID=7631) to work on /opt/airflow/dags/urban_data_streaming_dag.py
[2026-07-01T18:55:46.519+0000] {processor.py:914} INFO - Processing file /opt/airflow/dags/urban_data_streaming_dag.py for tasks to queue
[2026-07-01T18:55:46.529+0000] {logging_mixin.py:190} INFO - [2026-07-01T18:55:46.527+0000] {dagbag.py:588} INFO - Filling up the DagBag from /opt/airflow/dags/urban_data_streaming_dag.py
[2026-07-01T18:55:46.610+0000] {processor.py:925} INFO - DAG(s) 'urban_data_streaming_demo' retrieved from /opt/airflow/dags/urban_data_streaming_dag.py
[2026-07-01T18:55:46.668+0000] {logging_mixin.py:190} INFO - [2026-07-01T18:55:46.667+0000] {dag.py:3239} INFO - Sync 1 DAGs
[2026-07-01T18:55:46.686+0000] {logging_mixin.py:190} INFO - [2026-07-01T18:55:46.686+0000] {dag.py:4180} INFO - Setting next_dagrun for urban_data_streaming_demo to None, run_after=None
[2026-07-01T18:55:46.713+0000] {processor.py:208} INFO - Processing /opt/airflow/dags/urban_data_streaming_dag.py took 0.211 seconds
[2026-07-01T18:56:16.960+0000] {processor.py:186} INFO - Started process (PID=7649) to work on /opt/airflow/dags/urban_data_streaming_dag.py
[2026-07-01T18:56:16.963+0000] {processor.py:914} INFO - Processing file /opt/airflow/dags/urban_data_streaming_dag.py for tasks to queue
[2026-07-01T18:56:16.967+0000] {logging_mixin.py:190} INFO - [2026-07-01T18:56:16.966+0000] {dagbag.py:588} INFO - Filling up the DagBag from /opt/airflow/dags/urban_data_streaming_dag.py
[2026-07-01T18:56:17.017+0000] {processor.py:925} INFO - DAG(s) 'urban_data_streaming_demo' retrieved from /opt/airflow/dags/urban_data_streaming_dag.py
[2026-07-01T18:56:17.079+0000] {logging_mixin.py:190} INFO - [2026-07-01T18:56:17.078+0000] {dag.py:3239} INFO - Sync 1 DAGs
[2026-07-01T18:56:17.097+0000] {logging_mixin.py:190} INFO - [2026-07-01T18:56:17.096+0000] {dag.py:4180} INFO - Setting next_dagrun for urban_data_streaming_demo to None, run_after=None
[2026-07-01T18:56:17.151+0000] {processor.py:208} INFO - Processing /opt/airflow/dags/urban_data_streaming_dag.py took 0.217 seconds
[2026-07-01T18:56:47.385+0000] {processor.py:186} INFO - Started process (PID=7666) to work on /opt/airflow/dags/urban_data_streaming_dag.py
[2026-07-01T18:56:47.387+0000] {processor.py:914} INFO - Processing file /opt/airflow/dags/urban_data_streaming_dag.py for tasks to queue
[2026-07-01T18:56:47.390+0000] {logging_mixin.py:190} INFO - [2026-07-01T18:56:47.390+0000] {dagbag.py:588} INFO - Filling up the DagBag from /opt/airflow/dags/urban_data_streaming_dag.py
[2026-07-01T18:56:47.417+0000] {processor.py:925} INFO - DAG(s) 'urban_data_streaming_demo' retrieved from /opt/airflow/dags/urban_data_streaming_dag.py
[2026-07-01T18:56:47.461+0000] {logging_mixin.py:190} INFO - [2026-07-01T18:56:47.460+0000] {dag.py:3239} INFO - Sync 1 DAGs
[2026-07-01T18:56:47.480+0000] {logging_mixin.py:190} INFO - [2026-07-01T18:56:47.480+0000] {dag.py:4180} INFO - Setting next_dagrun for urban_data_streaming_demo to None, run_after=None
[2026-07-01T18:56:47.512+0000] {processor.py:208} INFO - Processing /opt/airflow/dags/urban_data_streaming_dag.py took 0.134 seconds
[2026-07-01T18:57:17.832+0000] {processor.py:186} INFO - Started process (PID=7677) to work on /opt/airflow/dags/urban_data_streaming_dag.py
[2026-07-01T18:57:17.833+0000] {processor.py:914} INFO - Processing file /opt/airflow/dags/urban_data_streaming_dag.py for tasks to queue
[2026-07-01T18:57:17.843+0000] {logging_mixin.py:190} INFO - [2026-07-01T18:57:17.840+0000] {dagbag.py:588} INFO - Filling up the DagBag from /opt/airflow/dags/urban_data_streaming_dag.py
[2026-07-01T18:57:17.879+0000] {processor.py:925} INFO - DAG(s) 'urban_data_streaming_demo' retrieved from /opt/airflow/dags/urban_data_streaming_dag.py
[2026-07-01T18:57:17.938+0000] {logging_mixin.py:190} INFO - [2026-07-01T18:57:17.938+0000] {dag.py:3239} INFO - Sync 1 DAGs
[2026-07-01T18:57:17.964+0000] {logging_mixin.py:190} INFO - [2026-07-01T18:57:17.964+0000] {dag.py:4180} INFO - Setting next_dagrun for urban_data_streaming_demo to None, run_after=None
[2026-07-01T18:57:18.003+0000] {processor.py:208} INFO - Processing /opt/airflow/dags/urban_data_streaming_dag.py took 0.184 seconds
[2026-07-01T18:57:48.138+0000] {processor.py:186} INFO - Started process (PID=7695) to work on /opt/airflow/dags/urban_data_streaming_dag.py
[2026-07-01T18:57:48.139+0000] {processor.py:914} INFO - Processing file /opt/airflow/dags/urban_data_streaming_dag.py for tasks to queue
[2026-07-01T18:57:48.142+0000] {logging_mixin.py:190} INFO - [2026-07-01T18:57:48.142+0000] {dagbag.py:588} INFO - Filling up the DagBag from /opt/airflow/dags/urban_data_streaming_dag.py
[2026-07-01T18:57:48.219+0000] {processor.py:925} INFO - DAG(s) 'urban_data_streaming_demo' retrieved from /opt/airflow/dags/urban_data_streaming_dag.py
[2026-07-01T18:57:48.285+0000] {logging_mixin.py:190} INFO - [2026-07-01T18:57:48.285+0000] {dag.py:3239} INFO - Sync 1 DAGs
[2026-07-01T18:57:48.303+0000] {logging_mixin.py:190} INFO - [2026-07-01T18:57:48.303+0000] {dag.py:4180} INFO - Setting next_dagrun for urban_data_streaming_demo to None, run_after=None
[2026-07-01T18:57:48.352+0000] {processor.py:208} INFO - Processing /opt/airflow/dags/urban_data_streaming_dag.py took 0.222 seconds
[2026-07-01T18:58:19.075+0000] {processor.py:186} INFO - Started process (PID=7714) to work on /opt/airflow/dags/urban_data_streaming_dag.py
[2026-07-01T18:58:19.077+0000] {processor.py:914} INFO - Processing file /opt/airflow/dags/urban_data_streaming_dag.py for tasks to queue
[2026-07-01T18:58:19.080+0000] {logging_mixin.py:190} INFO - [2026-07-01T18:58:19.080+0000] {dagbag.py:588} INFO - Filling up the DagBag from /opt/airflow/dags/urban_data_streaming_dag.py
[2026-07-01T18:58:19.152+0000] {processor.py:925} INFO - DAG(s) 'urban_data_streaming_demo' retrieved from /opt/airflow/dags/urban_data_streaming_dag.py
[2026-07-01T18:58:19.198+0000] {logging_mixin.py:190} INFO - [2026-07-01T18:58:19.197+0000] {dag.py:3239} INFO - Sync 1 DAGs
[2026-07-01T18:58:19.212+0000] {logging_mixin.py:190} INFO - [2026-07-01T18:58:19.212+0000] {dag.py:4180} INFO - Setting next_dagrun for urban_data_streaming_demo to None, run_after=None
[2026-07-01T18:58:19.254+0000] {processor.py:208} INFO - Processing /opt/airflow/dags/urban_data_streaming_dag.py took 0.193 seconds
[2026-07-01T18:58:50.296+0000] {processor.py:186} INFO - Started process (PID=7732) to work on /opt/airflow/dags/urban_data_streaming_dag.py
[2026-07-01T18:58:50.299+0000] {processor.py:914} INFO - Processing file /opt/airflow/dags/urban_data_streaming_dag.py for tasks to queue
[2026-07-01T18:58:50.303+0000] {logging_mixin.py:190} INFO - [2026-07-01T18:58:50.302+0000] {dagbag.py:588} INFO - Filling up the DagBag from /opt/airflow/dags/urban_data_streaming_dag.py
[2026-07-01T18:58:50.343+0000] {processor.py:925} INFO - DAG(s) 'urban_data_streaming_demo' retrieved from /opt/airflow/dags/urban_data_streaming_dag.py
[2026-07-01T18:58:50.379+0000] {logging_mixin.py:190} INFO - [2026-07-01T18:58:50.379+0000] {dag.py:3239} INFO - Sync 1 DAGs
[2026-07-01T18:58:50.415+0000] {logging_mixin.py:190} INFO - [2026-07-01T18:58:50.414+0000] {dag.py:4180} INFO - Setting next_dagrun for urban_data_streaming_demo to None, run_after=None
[2026-07-01T18:58:50.451+0000] {processor.py:208} INFO - Processing /opt/airflow/dags/urban_data_streaming_dag.py took 0.166 seconds
[2026-07-01T18:59:20.627+0000] {processor.py:186} INFO - Started process (PID=7751) to work on /opt/airflow/dags/urban_data_streaming_dag.py
[2026-07-01T18:59:20.628+0000] {processor.py:914} INFO - Processing file /opt/airflow/dags/urban_data_streaming_dag.py for tasks to queue
[2026-07-01T18:59:20.633+0000] {logging_mixin.py:190} INFO - [2026-07-01T18:59:20.632+0000] {dagbag.py:588} INFO - Filling up the DagBag from /opt/airflow/dags/urban_data_streaming_dag.py
[2026-07-01T18:59:20.679+0000] {processor.py:925} INFO - DAG(s) 'urban_data_streaming_demo' retrieved from /opt/airflow/dags/urban_data_streaming_dag.py
[2026-07-01T18:59:20.743+0000] {logging_mixin.py:190} INFO - [2026-07-01T18:59:20.743+0000] {dag.py:3239} INFO - Sync 1 DAGs
[2026-07-01T18:59:20.766+0000] {logging_mixin.py:190} INFO - [2026-07-01T18:59:20.766+0000] {dag.py:4180} INFO - Setting next_dagrun for urban_data_streaming_demo to None, run_after=None
[2026-07-01T18:59:20.834+0000] {processor.py:208} INFO - Processing /opt/airflow/dags/urban_data_streaming_dag.py took 0.221 seconds
[2026-07-01T18:59:51.099+0000] {processor.py:186} INFO - Started process (PID=7769) to work on /opt/airflow/dags/urban_data_streaming_dag.py
[2026-07-01T18:59:51.109+0000] {processor.py:914} INFO - Processing file /opt/airflow/dags/urban_data_streaming_dag.py for tasks to queue
[2026-07-01T18:59:51.120+0000] {logging_mixin.py:190} INFO - [2026-07-01T18:59:51.119+0000] {dagbag.py:588} INFO - Filling up the DagBag from /opt/airflow/dags/urban_data_streaming_dag.py
[2026-07-01T18:59:51.245+0000] {processor.py:925} INFO - DAG(s) 'urban_data_streaming_demo' retrieved from /opt/airflow/dags/urban_data_streaming_dag.py
[2026-07-01T18:59:51.289+0000] {logging_mixin.py:190} INFO - [2026-07-01T18:59:51.289+0000] {dag.py:3239} INFO - Sync 1 DAGs
[2026-07-01T18:59:51.322+0000] {logging_mixin.py:190} INFO - [2026-07-01T18:59:51.322+0000] {dag.py:4180} INFO - Setting next_dagrun for urban_data_streaming_demo to None, run_after=None
[2026-07-01T18:59:51.349+0000] {processor.py:208} INFO - Processing /opt/airflow/dags/urban_data_streaming_dag.py took 0.266 seconds
[2026-07-01T19:00:21.618+0000] {processor.py:186} INFO - Started process (PID=7787) to work on /opt/airflow/dags/urban_data_streaming_dag.py
[2026-07-01T19:00:21.620+0000] {processor.py:914} INFO - Processing file /opt/airflow/dags/urban_data_streaming_dag.py for tasks to queue
[2026-07-01T19:00:21.625+0000] {logging_mixin.py:190} INFO - [2026-07-01T19:00:21.624+0000] {dagbag.py:588} INFO - Filling up the DagBag from /opt/airflow/dags/urban_data_streaming_dag.py
[2026-07-01T19:00:21.668+0000] {processor.py:925} INFO - DAG(s) 'urban_data_streaming_demo' retrieved from /opt/airflow/dags/urban_data_streaming_dag.py
[2026-07-01T19:00:21.698+0000] {logging_mixin.py:190} INFO - [2026-07-01T19:00:21.697+0000] {dag.py:3239} INFO - Sync 1 DAGs
[2026-07-01T19:00:21.740+0000] {logging_mixin.py:190} INFO - [2026-07-01T19:00:21.739+0000] {dag.py:4180} INFO - Setting next_dagrun for urban_data_streaming_demo to None, run_after=None
[2026-07-01T19:00:21.817+0000] {processor.py:208} INFO - Processing /opt/airflow/dags/urban_data_streaming_dag.py took 0.213 seconds
[2026-07-01T19:00:52.218+0000] {processor.py:186} INFO - Started process (PID=7805) to work on /opt/airflow/dags/urban_data_streaming_dag.py
[2026-07-01T19:00:52.220+0000] {processor.py:914} INFO - Processing file /opt/airflow/dags/urban_data_streaming_dag.py for tasks to queue
[2026-07-01T19:00:52.226+0000] {logging_mixin.py:190} INFO - [2026-07-01T19:00:52.225+0000] {dagbag.py:588} INFO - Filling up the DagBag from /opt/airflow/dags/urban_data_streaming_dag.py
[2026-07-01T19:00:52.284+0000] {processor.py:925} INFO - DAG(s) 'urban_data_streaming_demo' retrieved from /opt/airflow/dags/urban_data_streaming_dag.py
[2026-07-01T19:00:52.316+0000] {logging_mixin.py:190} INFO - [2026-07-01T19:00:52.316+0000] {dag.py:3239} INFO - Sync 1 DAGs
[2026-07-01T19:00:52.333+0000] {logging_mixin.py:190} INFO - [2026-07-01T19:00:52.332+0000] {dag.py:4180} INFO - Setting next_dagrun for urban_data_streaming_demo to None, run_after=None
[2026-07-01T19:00:52.361+0000] {processor.py:208} INFO - Processing /opt/airflow/dags/urban_data_streaming_dag.py took 0.161 seconds
[2026-07-01T19:01:22.820+0000] {processor.py:186} INFO - Started process (PID=7823) to work on /opt/airflow/dags/urban_data_streaming_dag.py
[2026-07-01T19:01:22.824+0000] {processor.py:914} INFO - Processing file /opt/airflow/dags/urban_data_streaming_dag.py for tasks to queue
[2026-07-01T19:01:22.837+0000] {logging_mixin.py:190} INFO - [2026-07-01T19:01:22.836+0000] {dagbag.py:588} INFO - Filling up the DagBag from /opt/airflow/dags/urban_data_streaming_dag.py
[2026-07-01T19:01:22.894+0000] {processor.py:925} INFO - DAG(s) 'urban_data_streaming_demo' retrieved from /opt/airflow/dags/urban_data_streaming_dag.py
[2026-07-01T19:01:22.928+0000] {logging_mixin.py:190} INFO - [2026-07-01T19:01:22.928+0000] {dag.py:3239} INFO - Sync 1 DAGs
[2026-07-01T19:01:22.943+0000] {logging_mixin.py:190} INFO - [2026-07-01T19:01:22.943+0000] {dag.py:4180} INFO - Setting next_dagrun for urban_data_streaming_demo to None, run_after=None
[2026-07-01T19:01:23.001+0000] {processor.py:208} INFO - Processing /opt/airflow/dags/urban_data_streaming_dag.py took 0.190 seconds
[2026-07-01T19:01:53.561+0000] {processor.py:186} INFO - Started process (PID=7840) to work on /opt/airflow/dags/urban_data_streaming_dag.py
[2026-07-01T19:01:53.563+0000] {processor.py:914} INFO - Processing file /opt/airflow/dags/urban_data_streaming_dag.py for tasks to queue
[2026-07-01T19:01:53.566+0000] {logging_mixin.py:190} INFO - [2026-07-01T19:01:53.566+0000] {dagbag.py:588} INFO - Filling up the DagBag from /opt/airflow/dags/urban_data_streaming_dag.py
[2026-07-01T19:01:53.593+0000] {processor.py:925} INFO - DAG(s) 'urban_data_streaming_demo' retrieved from /opt/airflow/dags/urban_data_streaming_dag.py
[2026-07-01T19:01:53.620+0000] {logging_mixin.py:190} INFO - [2026-07-01T19:01:53.620+0000] {dag.py:3239} INFO - Sync 1 DAGs
[2026-07-01T19:01:53.635+0000] {logging_mixin.py:190} INFO - [2026-07-01T19:01:53.635+0000] {dag.py:4180} INFO - Setting next_dagrun for urban_data_streaming_demo to None, run_after=None
[2026-07-01T19:01:53.660+0000] {processor.py:208} INFO - Processing /opt/airflow/dags/urban_data_streaming_dag.py took 0.105 seconds
[2026-07-01T19:02:23.753+0000] {processor.py:186} INFO - Started process (PID=7851) to work on /opt/airflow/dags/urban_data_streaming_dag.py
[2026-07-01T19:02:23.755+0000] {processor.py:914} INFO - Processing file /opt/airflow/dags/urban_data_streaming_dag.py for tasks to queue
[2026-07-01T19:02:23.758+0000] {logging_mixin.py:190} INFO - [2026-07-01T19:02:23.757+0000] {dagbag.py:588} INFO - Filling up the DagBag from /opt/airflow/dags/urban_data_streaming_dag.py
[2026-07-01T19:02:23.787+0000] {processor.py:925} INFO - DAG(s) 'urban_data_streaming_demo' retrieved from /opt/airflow/dags/urban_data_streaming_dag.py
[2026-07-01T19:02:23.819+0000] {logging_mixin.py:190} INFO - [2026-07-01T19:02:23.819+0000] {dag.py:3239} INFO - Sync 1 DAGs
[2026-07-01T19:02:23.834+0000] {logging_mixin.py:190} INFO - [2026-07-01T19:02:23.833+0000] {dag.py:4180} INFO - Setting next_dagrun for urban_data_streaming_demo to None, run_after=None
[2026-07-01T19:02:23.858+0000] {processor.py:208} INFO - Processing /opt/airflow/dags/urban_data_streaming_dag.py took 0.112 seconds
[2026-07-01T19:02:54.602+0000] {processor.py:186} INFO - Started process (PID=7869) to work on /opt/airflow/dags/urban_data_streaming_dag.py
[2026-07-01T19:02:54.605+0000] {processor.py:914} INFO - Processing file /opt/airflow/dags/urban_data_streaming_dag.py for tasks to queue
[2026-07-01T19:02:54.612+0000] {logging_mixin.py:190} INFO - [2026-07-01T19:02:54.611+0000] {dagbag.py:588} INFO - Filling up the DagBag from /opt/airflow/dags/urban_data_streaming_dag.py
[2026-07-01T19:02:54.656+0000] {processor.py:925} INFO - DAG(s) 'urban_data_streaming_demo' retrieved from /opt/airflow/dags/urban_data_streaming_dag.py
[2026-07-01T19:02:54.700+0000] {logging_mixin.py:190} INFO - [2026-07-01T19:02:54.699+0000] {dag.py:3239} INFO - Sync 1 DAGs
[2026-07-01T19:02:54.719+0000] {logging_mixin.py:190} INFO - [2026-07-01T19:02:54.718+0000] {dag.py:4180} INFO - Setting next_dagrun for urban_data_streaming_demo to None, run_after=None
[2026-07-01T19:02:54.742+0000] {processor.py:208} INFO - Processing /opt/airflow/dags/urban_data_streaming_dag.py took 0.156 seconds
[2026-07-01T19:03:24.930+0000] {processor.py:186} INFO - Started process (PID=7887) to work on /opt/airflow/dags/urban_data_streaming_dag.py
[2026-07-01T19:03:24.932+0000] {processor.py:914} INFO - Processing file /opt/airflow/dags/urban_data_streaming_dag.py for tasks to queue
[2026-07-01T19:03:24.939+0000] {logging_mixin.py:190} INFO - [2026-07-01T19:03:24.939+0000] {dagbag.py:588} INFO - Filling up the DagBag from /opt/airflow/dags/urban_data_streaming_dag.py
[2026-07-01T19:03:24.971+0000] {processor.py:925} INFO - DAG(s) 'urban_data_streaming_demo' retrieved from /opt/airflow/dags/urban_data_streaming_dag.py
[2026-07-01T19:03:25.003+0000] {logging_mixin.py:190} INFO - [2026-07-01T19:03:25.003+0000] {dag.py:3239} INFO - Sync 1 DAGs
[2026-07-01T19:03:25.019+0000] {logging_mixin.py:190} INFO - [2026-07-01T19:03:25.019+0000] {dag.py:4180} INFO - Setting next_dagrun for urban_data_streaming_demo to None, run_after=None
[2026-07-01T19:03:25.044+0000] {processor.py:208} INFO - Processing /opt/airflow/dags/urban_data_streaming_dag.py took 0.121 seconds
[2026-07-01T19:03:55.312+0000] {processor.py:186} INFO - Started process (PID=7905) to work on /opt/airflow/dags/urban_data_streaming_dag.py
[2026-07-01T19:03:55.314+0000] {processor.py:914} INFO - Processing file /opt/airflow/dags/urban_data_streaming_dag.py for tasks to queue
[2026-07-01T19:03:55.318+0000] {logging_mixin.py:190} INFO - [2026-07-01T19:03:55.317+0000] {dagbag.py:588} INFO - Filling up the DagBag from /opt/airflow/dags/urban_data_streaming_dag.py
[2026-07-01T19:03:55.344+0000] {processor.py:925} INFO - DAG(s) 'urban_data_streaming_demo' retrieved from /opt/airflow/dags/urban_data_streaming_dag.py
[2026-07-01T19:03:55.377+0000] {logging_mixin.py:190} INFO - [2026-07-01T19:03:55.377+0000] {dag.py:3239} INFO - Sync 1 DAGs
[2026-07-01T19:03:55.394+0000] {logging_mixin.py:190} INFO - [2026-07-01T19:03:55.394+0000] {dag.py:4180} INFO - Setting next_dagrun for urban_data_streaming_demo to None, run_after=None
[2026-07-01T19:03:55.418+0000] {processor.py:208} INFO - Processing /opt/airflow/dags/urban_data_streaming_dag.py took 0.115 seconds
[2026-07-01T19:04:26.016+0000] {processor.py:186} INFO - Started process (PID=7918) to work on /opt/airflow/dags/urban_data_streaming_dag.py
[2026-07-01T19:04:26.018+0000] {processor.py:914} INFO - Processing file /opt/airflow/dags/urban_data_streaming_dag.py for tasks to queue
[2026-07-01T19:04:26.020+0000] {logging_mixin.py:190} INFO - [2026-07-01T19:04:26.020+0000] {dagbag.py:588} INFO - Filling up the DagBag from /opt/airflow/dags/urban_data_streaming_dag.py
[2026-07-01T19:04:26.048+0000] {processor.py:925} INFO - DAG(s) 'urban_data_streaming_demo' retrieved from /opt/airflow/dags/urban_data_streaming_dag.py
[2026-07-01T19:04:26.079+0000] {logging_mixin.py:190} INFO - [2026-07-01T19:04:26.078+0000] {dag.py:3239} INFO - Sync 1 DAGs
[2026-07-01T19:04:26.096+0000] {logging_mixin.py:190} INFO - [2026-07-01T19:04:26.096+0000] {dag.py:4180} INFO - Setting next_dagrun for urban_data_streaming_demo to None, run_after=None
[2026-07-01T19:04:26.125+0000] {processor.py:208} INFO - Processing /opt/airflow/dags/urban_data_streaming_dag.py took 0.116 seconds
[2026-07-01T19:04:56.802+0000] {processor.py:186} INFO - Started process (PID=7936) to work on /opt/airflow/dags/urban_data_streaming_dag.py
[2026-07-01T19:04:56.803+0000] {processor.py:914} INFO - Processing file /opt/airflow/dags/urban_data_streaming_dag.py for tasks to queue
[2026-07-01T19:04:56.810+0000] {logging_mixin.py:190} INFO - [2026-07-01T19:04:56.809+0000] {dagbag.py:588} INFO - Filling up the DagBag from /opt/airflow/dags/urban_data_streaming_dag.py
[2026-07-01T19:04:56.853+0000] {processor.py:925} INFO - DAG(s) 'urban_data_streaming_demo' retrieved from /opt/airflow/dags/urban_data_streaming_dag.py
[2026-07-01T19:04:56.890+0000] {logging_mixin.py:190} INFO - [2026-07-01T19:04:56.889+0000] {dag.py:3239} INFO - Sync 1 DAGs
[2026-07-01T19:04:56.915+0000] {logging_mixin.py:190} INFO - [2026-07-01T19:04:56.914+0000] {dag.py:4180} INFO - Setting next_dagrun for urban_data_streaming_demo to None, run_after=None
[2026-07-01T19:04:56.943+0000] {processor.py:208} INFO - Processing /opt/airflow/dags/urban_data_streaming_dag.py took 0.147 seconds
[2026-07-01T19:05:27.684+0000] {processor.py:186} INFO - Started process (PID=7954) to work on /opt/airflow/dags/urban_data_streaming_dag.py
[2026-07-01T19:05:27.685+0000] {processor.py:914} INFO - Processing file /opt/airflow/dags/urban_data_streaming_dag.py for tasks to queue
[2026-07-01T19:05:27.688+0000] {logging_mixin.py:190} INFO - [2026-07-01T19:05:27.688+0000] {dagbag.py:588} INFO - Filling up the DagBag from /opt/airflow/dags/urban_data_streaming_dag.py
[2026-07-01T19:05:27.733+0000] {processor.py:925} INFO - DAG(s) 'urban_data_streaming_demo' retrieved from /opt/airflow/dags/urban_data_streaming_dag.py
[2026-07-01T19:05:27.767+0000] {logging_mixin.py:190} INFO - [2026-07-01T19:05:27.767+0000] {dag.py:3239} INFO - Sync 1 DAGs
[2026-07-01T19:05:27.786+0000] {logging_mixin.py:190} INFO - [2026-07-01T19:05:27.786+0000] {dag.py:4180} INFO - Setting next_dagrun for urban_data_streaming_demo to None, run_after=None
[2026-07-01T19:05:27.814+0000] {processor.py:208} INFO - Processing /opt/airflow/dags/urban_data_streaming_dag.py took 0.136 seconds
[2026-07-01T19:05:58.562+0000] {processor.py:186} INFO - Started process (PID=7972) to work on /opt/airflow/dags/urban_data_streaming_dag.py
[2026-07-01T19:05:58.564+0000] {processor.py:914} INFO - Processing file /opt/airflow/dags/urban_data_streaming_dag.py for tasks to queue
[2026-07-01T19:05:58.570+0000] {logging_mixin.py:190} INFO - [2026-07-01T19:05:58.569+0000] {dagbag.py:588} INFO - Filling up the DagBag from /opt/airflow/dags/urban_data_streaming_dag.py
[2026-07-01T19:05:58.630+0000] {processor.py:925} INFO - DAG(s) 'urban_data_streaming_demo' retrieved from /opt/airflow/dags/urban_data_streaming_dag.py
[2026-07-01T19:05:58.690+0000] {logging_mixin.py:190} INFO - [2026-07-01T19:05:58.690+0000] {dag.py:3239} INFO - Sync 1 DAGs
[2026-07-01T19:05:58.717+0000] {logging_mixin.py:190} INFO - [2026-07-01T19:05:58.717+0000] {dag.py:4180} INFO - Setting next_dagrun for urban_data_streaming_demo to None, run_after=None
[2026-07-01T19:05:58.747+0000] {processor.py:208} INFO - Processing /opt/airflow/dags/urban_data_streaming_dag.py took 0.192 seconds
[2026-07-01T19:06:29.605+0000] {processor.py:186} INFO - Started process (PID=7989) to work on /opt/airflow/dags/urban_data_streaming_dag.py
[2026-07-01T19:06:29.607+0000] {processor.py:914} INFO - Processing file /opt/airflow/dags/urban_data_streaming_dag.py for tasks to queue
[2026-07-01T19:06:29.611+0000] {logging_mixin.py:190} INFO - [2026-07-01T19:06:29.610+0000] {dagbag.py:588} INFO - Filling up the DagBag from /opt/airflow/dags/urban_data_streaming_dag.py
[2026-07-01T19:06:29.645+0000] {processor.py:925} INFO - DAG(s) 'urban_data_streaming_demo' retrieved from /opt/airflow/dags/urban_data_streaming_dag.py
[2026-07-01T19:06:29.675+0000] {logging_mixin.py:190} INFO - [2026-07-01T19:06:29.675+0000] {dag.py:3239} INFO - Sync 1 DAGs
[2026-07-01T19:06:29.691+0000] {logging_mixin.py:190} INFO - [2026-07-01T19:06:29.691+0000] {dag.py:4180} INFO - Setting next_dagrun for urban_data_streaming_demo to None, run_after=None
[2026-07-01T19:06:29.720+0000] {processor.py:208} INFO - Processing /opt/airflow/dags/urban_data_streaming_dag.py took 0.124 seconds
[2026-07-01T19:07:00.483+0000] {processor.py:186} INFO - Started process (PID=8000) to work on /opt/airflow/dags/urban_data_streaming_dag.py
[2026-07-01T19:07:00.484+0000] {processor.py:914} INFO - Processing file /opt/airflow/dags/urban_data_streaming_dag.py for tasks to queue
[2026-07-01T19:07:00.487+0000] {logging_mixin.py:190} INFO - [2026-07-01T19:07:00.487+0000] {dagbag.py:588} INFO - Filling up the DagBag from /opt/airflow/dags/urban_data_streaming_dag.py
[2026-07-01T19:07:00.520+0000] {processor.py:925} INFO - DAG(s) 'urban_data_streaming_demo' retrieved from /opt/airflow/dags/urban_data_streaming_dag.py
[2026-07-01T19:07:00.557+0000] {logging_mixin.py:190} INFO - [2026-07-01T19:07:00.556+0000] {dag.py:3239} INFO - Sync 1 DAGs
[2026-07-01T19:07:00.574+0000] {logging_mixin.py:190} INFO - [2026-07-01T19:07:00.574+0000] {dag.py:4180} INFO - Setting next_dagrun for urban_data_streaming_demo to None, run_after=None
[2026-07-01T19:07:00.604+0000] {processor.py:208} INFO - Processing /opt/airflow/dags/urban_data_streaming_dag.py took 0.128 seconds
[2026-07-01T19:07:31.458+0000] {processor.py:186} INFO - Started process (PID=8018) to work on /opt/airflow/dags/urban_data_streaming_dag.py
[2026-07-01T19:07:31.459+0000] {processor.py:914} INFO - Processing file /opt/airflow/dags/urban_data_streaming_dag.py for tasks to queue
[2026-07-01T19:07:31.463+0000] {logging_mixin.py:190} INFO - [2026-07-01T19:07:31.462+0000] {dagbag.py:588} INFO - Filling up the DagBag from /opt/airflow/dags/urban_data_streaming_dag.py
[2026-07-01T19:07:31.490+0000] {processor.py:925} INFO - DAG(s) 'urban_data_streaming_demo' retrieved from /opt/airflow/dags/urban_data_streaming_dag.py
[2026-07-01T19:07:31.528+0000] {logging_mixin.py:190} INFO - [2026-07-01T19:07:31.528+0000] {dag.py:3239} INFO - Sync 1 DAGs
[2026-07-01T19:07:31.546+0000] {logging_mixin.py:190} INFO - [2026-07-01T19:07:31.545+0000] {dag.py:4180} INFO - Setting next_dagrun for urban_data_streaming_demo to None, run_after=None
[2026-07-01T19:07:31.569+0000] {processor.py:208} INFO - Processing /opt/airflow/dags/urban_data_streaming_dag.py took 0.119 seconds
[2026-07-01T19:08:02.407+0000] {processor.py:186} INFO - Started process (PID=8036) to work on /opt/airflow/dags/urban_data_streaming_dag.py
[2026-07-01T19:08:02.408+0000] {processor.py:914} INFO - Processing file /opt/airflow/dags/urban_data_streaming_dag.py for tasks to queue
[2026-07-01T19:08:02.412+0000] {logging_mixin.py:190} INFO - [2026-07-01T19:08:02.412+0000] {dagbag.py:588} INFO - Filling up the DagBag from /opt/airflow/dags/urban_data_streaming_dag.py
[2026-07-01T19:08:02.464+0000] {processor.py:925} INFO - DAG(s) 'urban_data_streaming_demo' retrieved from /opt/airflow/dags/urban_data_streaming_dag.py
[2026-07-01T19:08:02.511+0000] {logging_mixin.py:190} INFO - [2026-07-01T19:08:02.511+0000] {dag.py:3239} INFO - Sync 1 DAGs
[2026-07-01T19:08:02.532+0000] {logging_mixin.py:190} INFO - [2026-07-01T19:08:02.532+0000] {dag.py:4180} INFO - Setting next_dagrun for urban_data_streaming_demo to None, run_after=None
[2026-07-01T19:08:02.568+0000] {processor.py:208} INFO - Processing /opt/airflow/dags/urban_data_streaming_dag.py took 0.169 seconds
[2026-07-01T19:08:33.307+0000] {processor.py:186} INFO - Started process (PID=8054) to work on /opt/airflow/dags/urban_data_streaming_dag.py
[2026-07-01T19:08:33.309+0000] {processor.py:914} INFO - Processing file /opt/airflow/dags/urban_data_streaming_dag.py for tasks to queue
[2026-07-01T19:08:33.313+0000] {logging_mixin.py:190} INFO - [2026-07-01T19:08:33.313+0000] {dagbag.py:588} INFO - Filling up the DagBag from /opt/airflow/dags/urban_data_streaming_dag.py
[2026-07-01T19:08:33.383+0000] {processor.py:925} INFO - DAG(s) 'urban_data_streaming_demo' retrieved from /opt/airflow/dags/urban_data_streaming_dag.py
[2026-07-01T19:08:33.500+0000] {logging_mixin.py:190} INFO - [2026-07-01T19:08:33.499+0000] {dag.py:3239} INFO - Sync 1 DAGs
[2026-07-01T19:08:33.538+0000] {logging_mixin.py:190} INFO - [2026-07-01T19:08:33.538+0000] {dag.py:4180} INFO - Setting next_dagrun for urban_data_streaming_demo to None, run_after=None
[2026-07-01T19:08:33.570+0000] {processor.py:208} INFO - Processing /opt/airflow/dags/urban_data_streaming_dag.py took 0.272 seconds
[2026-07-01T19:09:04.027+0000] {processor.py:186} INFO - Started process (PID=8072) to work on /opt/airflow/dags/urban_data_streaming_dag.py
[2026-07-01T19:09:04.028+0000] {processor.py:914} INFO - Processing file /opt/airflow/dags/urban_data_streaming_dag.py for tasks to queue
[2026-07-01T19:09:04.031+0000] {logging_mixin.py:190} INFO - [2026-07-01T19:09:04.031+0000] {dagbag.py:588} INFO - Filling up the DagBag from /opt/airflow/dags/urban_data_streaming_dag.py
[2026-07-01T19:09:04.063+0000] {processor.py:925} INFO - DAG(s) 'urban_data_streaming_demo' retrieved from /opt/airflow/dags/urban_data_streaming_dag.py
[2026-07-01T19:09:04.096+0000] {logging_mixin.py:190} INFO - [2026-07-01T19:09:04.096+0000] {dag.py:3239} INFO - Sync 1 DAGs
[2026-07-01T19:09:04.116+0000] {logging_mixin.py:190} INFO - [2026-07-01T19:09:04.116+0000] {dag.py:4180} INFO - Setting next_dagrun for urban_data_streaming_demo to None, run_after=None
[2026-07-01T19:09:04.137+0000] {processor.py:208} INFO - Processing /opt/airflow/dags/urban_data_streaming_dag.py took 0.116 seconds
[2026-07-01T19:09:34.480+0000] {processor.py:186} INFO - Started process (PID=8090) to work on /opt/airflow/dags/urban_data_streaming_dag.py
[2026-07-01T19:09:34.484+0000] {processor.py:914} INFO - Processing file /opt/airflow/dags/urban_data_streaming_dag.py for tasks to queue
[2026-07-01T19:09:34.489+0000] {logging_mixin.py:190} INFO - [2026-07-01T19:09:34.488+0000] {dagbag.py:588} INFO - Filling up the DagBag from /opt/airflow/dags/urban_data_streaming_dag.py
[2026-07-01T19:09:34.680+0000] {processor.py:925} INFO - DAG(s) 'urban_data_streaming_demo' retrieved from /opt/airflow/dags/urban_data_streaming_dag.py
[2026-07-01T19:09:34.743+0000] {logging_mixin.py:190} INFO - [2026-07-01T19:09:34.742+0000] {dag.py:3239} INFO - Sync 1 DAGs
[2026-07-01T19:09:34.766+0000] {logging_mixin.py:190} INFO - [2026-07-01T19:09:34.766+0000] {dag.py:4180} INFO - Setting next_dagrun for urban_data_streaming_demo to None, run_after=None
[2026-07-01T19:09:34.794+0000] {processor.py:208} INFO - Processing /opt/airflow/dags/urban_data_streaming_dag.py took 0.323 seconds
[2026-07-01T19:10:05.268+0000] {processor.py:186} INFO - Started process (PID=8108) to work on /opt/airflow/dags/urban_data_streaming_dag.py
[2026-07-01T19:10:05.270+0000] {processor.py:914} INFO - Processing file /opt/airflow/dags/urban_data_streaming_dag.py for tasks to queue
[2026-07-01T19:10:05.274+0000] {logging_mixin.py:190} INFO - [2026-07-01T19:10:05.274+0000] {dagbag.py:588} INFO - Filling up the DagBag from /opt/airflow/dags/urban_data_streaming_dag.py
[2026-07-01T19:10:05.310+0000] {processor.py:925} INFO - DAG(s) 'urban_data_streaming_demo' retrieved from /opt/airflow/dags/urban_data_streaming_dag.py
[2026-07-01T19:10:05.344+0000] {logging_mixin.py:190} INFO - [2026-07-01T19:10:05.344+0000] {dag.py:3239} INFO - Sync 1 DAGs
[2026-07-01T19:10:05.366+0000] {logging_mixin.py:190} INFO - [2026-07-01T19:10:05.365+0000] {dag.py:4180} INFO - Setting next_dagrun for urban_data_streaming_demo to None, run_after=None
[2026-07-01T19:10:05.458+0000] {processor.py:208} INFO - Processing /opt/airflow/dags/urban_data_streaming_dag.py took 0.208 seconds
[2026-07-01T19:10:35.956+0000] {processor.py:186} INFO - Started process (PID=8126) to work on /opt/airflow/dags/urban_data_streaming_dag.py
[2026-07-01T19:10:35.958+0000] {processor.py:914} INFO - Processing file /opt/airflow/dags/urban_data_streaming_dag.py for tasks to queue
[2026-07-01T19:10:35.961+0000] {logging_mixin.py:190} INFO - [2026-07-01T19:10:35.960+0000] {dagbag.py:588} INFO - Filling up the DagBag from /opt/airflow/dags/urban_data_streaming_dag.py
[2026-07-01T19:10:35.994+0000] {processor.py:925} INFO - DAG(s) 'urban_data_streaming_demo' retrieved from /opt/airflow/dags/urban_data_streaming_dag.py
[2026-07-01T19:10:36.039+0000] {logging_mixin.py:190} INFO - [2026-07-01T19:10:36.039+0000] {dag.py:3239} INFO - Sync 1 DAGs
[2026-07-01T19:10:36.063+0000] {logging_mixin.py:190} INFO - [2026-07-01T19:10:36.062+0000] {dag.py:4180} INFO - Setting next_dagrun for urban_data_streaming_demo to None, run_after=None
[2026-07-01T19:10:36.125+0000] {processor.py:208} INFO - Processing /opt/airflow/dags/urban_data_streaming_dag.py took 0.177 seconds
[2026-07-01T19:11:06.430+0000] {processor.py:186} INFO - Started process (PID=8144) to work on /opt/airflow/dags/urban_data_streaming_dag.py
[2026-07-01T19:11:06.431+0000] {processor.py:914} INFO - Processing file /opt/airflow/dags/urban_data_streaming_dag.py for tasks to queue
[2026-07-01T19:11:06.434+0000] {logging_mixin.py:190} INFO - [2026-07-01T19:11:06.433+0000] {dagbag.py:588} INFO - Filling up the DagBag from /opt/airflow/dags/urban_data_streaming_dag.py
[2026-07-01T19:11:06.460+0000] {processor.py:925} INFO - DAG(s) 'urban_data_streaming_demo' retrieved from /opt/airflow/dags/urban_data_streaming_dag.py
[2026-07-01T19:11:06.491+0000] {logging_mixin.py:190} INFO - [2026-07-01T19:11:06.491+0000] {dag.py:3239} INFO - Sync 1 DAGs
[2026-07-01T19:11:06.508+0000] {logging_mixin.py:190} INFO - [2026-07-01T19:11:06.508+0000] {dag.py:4180} INFO - Setting next_dagrun for urban_data_streaming_demo to None, run_after=None
[2026-07-01T19:11:06.532+0000] {processor.py:208} INFO - Processing /opt/airflow/dags/urban_data_streaming_dag.py took 0.109 seconds
[2026-07-01T19:11:36.822+0000] {processor.py:186} INFO - Started process (PID=8161) to work on /opt/airflow/dags/urban_data_streaming_dag.py
[2026-07-01T19:11:36.824+0000] {processor.py:914} INFO - Processing file /opt/airflow/dags/urban_data_streaming_dag.py for tasks to queue
[2026-07-01T19:11:36.826+0000] {logging_mixin.py:190} INFO - [2026-07-01T19:11:36.826+0000] {dagbag.py:588} INFO - Filling up the DagBag from /opt/airflow/dags/urban_data_streaming_dag.py
[2026-07-01T19:11:36.886+0000] {processor.py:925} INFO - DAG(s) 'urban_data_streaming_demo' retrieved from /opt/airflow/dags/urban_data_streaming_dag.py
[2026-07-01T19:11:36.930+0000] {logging_mixin.py:190} INFO - [2026-07-01T19:11:36.930+0000] {dag.py:3239} INFO - Sync 1 DAGs
[2026-07-01T19:11:36.948+0000] {logging_mixin.py:190} INFO - [2026-07-01T19:11:36.947+0000] {dag.py:4180} INFO - Setting next_dagrun for urban_data_streaming_demo to None, run_after=None
[2026-07-01T19:11:36.986+0000] {processor.py:208} INFO - Processing /opt/airflow/dags/urban_data_streaming_dag.py took 0.173 seconds
[2026-07-01T19:12:07.919+0000] {processor.py:186} INFO - Started process (PID=8172) to work on /opt/airflow/dags/urban_data_streaming_dag.py
[2026-07-01T19:12:07.920+0000] {processor.py:914} INFO - Processing file /opt/airflow/dags/urban_data_streaming_dag.py for tasks to queue
[2026-07-01T19:12:07.926+0000] {logging_mixin.py:190} INFO - [2026-07-01T19:12:07.925+0000] {dagbag.py:588} INFO - Filling up the DagBag from /opt/airflow/dags/urban_data_streaming_dag.py
[2026-07-01T19:12:07.965+0000] {processor.py:925} INFO - DAG(s) 'urban_data_streaming_demo' retrieved from /opt/airflow/dags/urban_data_streaming_dag.py
[2026-07-01T19:12:07.999+0000] {logging_mixin.py:190} INFO - [2026-07-01T19:12:07.998+0000] {dag.py:3239} INFO - Sync 1 DAGs
[2026-07-01T19:12:08.016+0000] {logging_mixin.py:190} INFO - [2026-07-01T19:12:08.016+0000] {dag.py:4180} INFO - Setting next_dagrun for urban_data_streaming_demo to None, run_after=None
[2026-07-01T19:12:08.046+0000] {processor.py:208} INFO - Processing /opt/airflow/dags/urban_data_streaming_dag.py took 0.135 seconds
[2026-07-01T19:12:38.751+0000] {processor.py:186} INFO - Started process (PID=8190) to work on /opt/airflow/dags/urban_data_streaming_dag.py
[2026-07-01T19:12:38.754+0000] {processor.py:914} INFO - Processing file /opt/airflow/dags/urban_data_streaming_dag.py for tasks to queue
[2026-07-01T19:12:38.762+0000] {logging_mixin.py:190} INFO - [2026-07-01T19:12:38.761+0000] {dagbag.py:588} INFO - Filling up the DagBag from /opt/airflow/dags/urban_data_streaming_dag.py
[2026-07-01T19:12:38.792+0000] {processor.py:925} INFO - DAG(s) 'urban_data_streaming_demo' retrieved from /opt/airflow/dags/urban_data_streaming_dag.py
[2026-07-01T19:12:38.830+0000] {logging_mixin.py:190} INFO - [2026-07-01T19:12:38.830+0000] {dag.py:3239} INFO - Sync 1 DAGs
[2026-07-01T19:12:38.856+0000] {logging_mixin.py:190} INFO - [2026-07-01T19:12:38.856+0000] {dag.py:4180} INFO - Setting next_dagrun for urban_data_streaming_demo to None, run_after=None
[2026-07-01T19:12:38.887+0000] {processor.py:208} INFO - Processing /opt/airflow/dags/urban_data_streaming_dag.py took 0.145 seconds
[2026-07-01T19:13:09.382+0000] {processor.py:186} INFO - Started process (PID=8208) to work on /opt/airflow/dags/urban_data_streaming_dag.py
[2026-07-01T19:13:09.384+0000] {processor.py:914} INFO - Processing file /opt/airflow/dags/urban_data_streaming_dag.py for tasks to queue
[2026-07-01T19:13:09.389+0000] {logging_mixin.py:190} INFO - [2026-07-01T19:13:09.388+0000] {dagbag.py:588} INFO - Filling up the DagBag from /opt/airflow/dags/urban_data_streaming_dag.py
[2026-07-01T19:13:09.443+0000] {processor.py:925} INFO - DAG(s) 'urban_data_streaming_demo' retrieved from /opt/airflow/dags/urban_data_streaming_dag.py
[2026-07-01T19:13:09.495+0000] {logging_mixin.py:190} INFO - [2026-07-01T19:13:09.495+0000] {dag.py:3239} INFO - Sync 1 DAGs
[2026-07-01T19:13:09.514+0000] {logging_mixin.py:190} INFO - [2026-07-01T19:13:09.514+0000] {dag.py:4180} INFO - Setting next_dagrun for urban_data_streaming_demo to None, run_after=None
[2026-07-01T19:13:09.562+0000] {processor.py:208} INFO - Processing /opt/airflow/dags/urban_data_streaming_dag.py took 0.187 seconds
[2026-07-01T19:13:39.706+0000] {processor.py:186} INFO - Started process (PID=8226) to work on /opt/airflow/dags/urban_data_streaming_dag.py
[2026-07-01T19:13:39.708+0000] {processor.py:914} INFO - Processing file /opt/airflow/dags/urban_data_streaming_dag.py for tasks to queue
[2026-07-01T19:13:39.714+0000] {logging_mixin.py:190} INFO - [2026-07-01T19:13:39.713+0000] {dagbag.py:588} INFO - Filling up the DagBag from /opt/airflow/dags/urban_data_streaming_dag.py
[2026-07-01T19:13:39.761+0000] {processor.py:925} INFO - DAG(s) 'urban_data_streaming_demo' retrieved from /opt/airflow/dags/urban_data_streaming_dag.py
[2026-07-01T19:13:39.801+0000] {logging_mixin.py:190} INFO - [2026-07-01T19:13:39.800+0000] {dag.py:3239} INFO - Sync 1 DAGs
[2026-07-01T19:13:39.818+0000] {logging_mixin.py:190} INFO - [2026-07-01T19:13:39.817+0000] {dag.py:4180} INFO - Setting next_dagrun for urban_data_streaming_demo to None, run_after=None
[2026-07-01T19:13:39.874+0000] {processor.py:208} INFO - Processing /opt/airflow/dags/urban_data_streaming_dag.py took 0.180 seconds
[2026-07-01T19:14:10.130+0000] {processor.py:186} INFO - Started process (PID=8244) to work on /opt/airflow/dags/urban_data_streaming_dag.py
[2026-07-01T19:14:10.132+0000] {processor.py:914} INFO - Processing file /opt/airflow/dags/urban_data_streaming_dag.py for tasks to queue
[2026-07-01T19:14:10.135+0000] {logging_mixin.py:190} INFO - [2026-07-01T19:14:10.134+0000] {dagbag.py:588} INFO - Filling up the DagBag from /opt/airflow/dags/urban_data_streaming_dag.py
[2026-07-01T19:14:10.175+0000] {processor.py:925} INFO - DAG(s) 'urban_data_streaming_demo' retrieved from /opt/airflow/dags/urban_data_streaming_dag.py
[2026-07-01T19:14:10.223+0000] {logging_mixin.py:190} INFO - [2026-07-01T19:14:10.222+0000] {dag.py:3239} INFO - Sync 1 DAGs
[2026-07-01T19:14:10.257+0000] {logging_mixin.py:190} INFO - [2026-07-01T19:14:10.256+0000] {dag.py:4180} INFO - Setting next_dagrun for urban_data_streaming_demo to None, run_after=None
[2026-07-01T19:14:10.297+0000] {processor.py:208} INFO - Processing /opt/airflow/dags/urban_data_streaming_dag.py took 0.182 seconds
[2026-07-01T19:14:41.257+0000] {processor.py:186} INFO - Started process (PID=8262) to work on /opt/airflow/dags/urban_data_streaming_dag.py
[2026-07-01T19:14:41.258+0000] {processor.py:914} INFO - Processing file /opt/airflow/dags/urban_data_streaming_dag.py for tasks to queue
[2026-07-01T19:14:41.262+0000] {logging_mixin.py:190} INFO - [2026-07-01T19:14:41.261+0000] {dagbag.py:588} INFO - Filling up the DagBag from /opt/airflow/dags/urban_data_streaming_dag.py
[2026-07-01T19:14:41.290+0000] {processor.py:925} INFO - DAG(s) 'urban_data_streaming_demo' retrieved from /opt/airflow/dags/urban_data_streaming_dag.py
[2026-07-01T19:14:41.350+0000] {logging_mixin.py:190} INFO - [2026-07-01T19:14:41.350+0000] {dag.py:3239} INFO - Sync 1 DAGs
[2026-07-01T19:14:41.379+0000] {logging_mixin.py:190} INFO - [2026-07-01T19:14:41.379+0000] {dag.py:4180} INFO - Setting next_dagrun for urban_data_streaming_demo to None, run_after=None
[2026-07-01T19:14:41.419+0000] {processor.py:208} INFO - Processing /opt/airflow/dags/urban_data_streaming_dag.py took 0.170 seconds
[2026-07-01T19:15:11.662+0000] {processor.py:186} INFO - Started process (PID=8280) to work on /opt/airflow/dags/urban_data_streaming_dag.py
[2026-07-01T19:15:11.664+0000] {processor.py:914} INFO - Processing file /opt/airflow/dags/urban_data_streaming_dag.py for tasks to queue
[2026-07-01T19:15:11.669+0000] {logging_mixin.py:190} INFO - [2026-07-01T19:15:11.668+0000] {dagbag.py:588} INFO - Filling up the DagBag from /opt/airflow/dags/urban_data_streaming_dag.py
[2026-07-01T19:15:11.696+0000] {processor.py:925} INFO - DAG(s) 'urban_data_streaming_demo' retrieved from /opt/airflow/dags/urban_data_streaming_dag.py
[2026-07-01T19:15:11.733+0000] {logging_mixin.py:190} INFO - [2026-07-01T19:15:11.733+0000] {dag.py:3239} INFO - Sync 1 DAGs
[2026-07-01T19:15:11.749+0000] {logging_mixin.py:190} INFO - [2026-07-01T19:15:11.749+0000] {dag.py:4180} INFO - Setting next_dagrun for urban_data_streaming_demo to None, run_after=None
[2026-07-01T19:15:11.797+0000] {processor.py:208} INFO - Processing /opt/airflow/dags/urban_data_streaming_dag.py took 0.148 seconds
[2026-07-01T19:15:42.434+0000] {processor.py:186} INFO - Started process (PID=8298) to work on /opt/airflow/dags/urban_data_streaming_dag.py
[2026-07-01T19:15:42.437+0000] {processor.py:914} INFO - Processing file /opt/airflow/dags/urban_data_streaming_dag.py for tasks to queue
[2026-07-01T19:15:42.441+0000] {logging_mixin.py:190} INFO - [2026-07-01T19:15:42.440+0000] {dagbag.py:588} INFO - Filling up the DagBag from /opt/airflow/dags/urban_data_streaming_dag.py
[2026-07-01T19:15:42.481+0000] {processor.py:925} INFO - DAG(s) 'urban_data_streaming_demo' retrieved from /opt/airflow/dags/urban_data_streaming_dag.py
[2026-07-01T19:15:42.532+0000] {logging_mixin.py:190} INFO - [2026-07-01T19:15:42.531+0000] {dag.py:3239} INFO - Sync 1 DAGs
[2026-07-01T19:15:42.552+0000] {logging_mixin.py:190} INFO - [2026-07-01T19:15:42.552+0000] {dag.py:4180} INFO - Setting next_dagrun for urban_data_streaming_demo to None, run_after=None
[2026-07-01T19:15:42.584+0000] {processor.py:208} INFO - Processing /opt/airflow/dags/urban_data_streaming_dag.py took 0.158 seconds
[2026-07-01T19:16:12.820+0000] {processor.py:186} INFO - Started process (PID=8315) to work on /opt/airflow/dags/urban_data_streaming_dag.py
[2026-07-01T19:16:12.822+0000] {processor.py:914} INFO - Processing file /opt/airflow/dags/urban_data_streaming_dag.py for tasks to queue
[2026-07-01T19:16:12.833+0000] {logging_mixin.py:190} INFO - [2026-07-01T19:16:12.831+0000] {dagbag.py:588} INFO - Filling up the DagBag from /opt/airflow/dags/urban_data_streaming_dag.py
[2026-07-01T19:16:12.882+0000] {processor.py:925} INFO - DAG(s) 'urban_data_streaming_demo' retrieved from /opt/airflow/dags/urban_data_streaming_dag.py
[2026-07-01T19:16:12.920+0000] {logging_mixin.py:190} INFO - [2026-07-01T19:16:12.920+0000] {dag.py:3239} INFO - Sync 1 DAGs
[2026-07-01T19:16:12.941+0000] {logging_mixin.py:190} INFO - [2026-07-01T19:16:12.941+0000] {dag.py:4180} INFO - Setting next_dagrun for urban_data_streaming_demo to None, run_after=None
[2026-07-01T19:16:12.977+0000] {processor.py:208} INFO - Processing /opt/airflow/dags/urban_data_streaming_dag.py took 0.170 seconds
[2026-07-01T19:16:43.313+0000] {processor.py:186} INFO - Started process (PID=8326) to work on /opt/airflow/dags/urban_data_streaming_dag.py
[2026-07-01T19:16:43.314+0000] {processor.py:914} INFO - Processing file /opt/airflow/dags/urban_data_streaming_dag.py for tasks to queue
[2026-07-01T19:16:43.318+0000] {logging_mixin.py:190} INFO - [2026-07-01T19:16:43.318+0000] {dagbag.py:588} INFO - Filling up the DagBag from /opt/airflow/dags/urban_data_streaming_dag.py
[2026-07-01T19:16:43.342+0000] {processor.py:925} INFO - DAG(s) 'urban_data_streaming_demo' retrieved from /opt/airflow/dags/urban_data_streaming_dag.py
[2026-07-01T19:16:43.376+0000] {logging_mixin.py:190} INFO - [2026-07-01T19:16:43.376+0000] {dag.py:3239} INFO - Sync 1 DAGs
[2026-07-01T19:16:43.393+0000] {logging_mixin.py:190} INFO - [2026-07-01T19:16:43.393+0000] {dag.py:4180} INFO - Setting next_dagrun for urban_data_streaming_demo to None, run_after=None
[2026-07-01T19:16:43.445+0000] {processor.py:208} INFO - Processing /opt/airflow/dags/urban_data_streaming_dag.py took 0.140 seconds
[2026-07-01T19:17:14.140+0000] {processor.py:186} INFO - Started process (PID=8344) to work on /opt/airflow/dags/urban_data_streaming_dag.py
[2026-07-01T19:17:14.141+0000] {processor.py:914} INFO - Processing file /opt/airflow/dags/urban_data_streaming_dag.py for tasks to queue
[2026-07-01T19:17:14.144+0000] {logging_mixin.py:190} INFO - [2026-07-01T19:17:14.143+0000] {dagbag.py:588} INFO - Filling up the DagBag from /opt/airflow/dags/urban_data_streaming_dag.py
[2026-07-01T19:17:14.174+0000] {processor.py:925} INFO - DAG(s) 'urban_data_streaming_demo' retrieved from /opt/airflow/dags/urban_data_streaming_dag.py
[2026-07-01T19:17:14.219+0000] {logging_mixin.py:190} INFO - [2026-07-01T19:17:14.219+0000] {dag.py:3239} INFO - Sync 1 DAGs
[2026-07-01T19:17:14.242+0000] {logging_mixin.py:190} INFO - [2026-07-01T19:17:14.242+0000] {dag.py:4180} INFO - Setting next_dagrun for urban_data_streaming_demo to None, run_after=None
[2026-07-01T19:17:14.265+0000] {processor.py:208} INFO - Processing /opt/airflow/dags/urban_data_streaming_dag.py took 0.135 seconds
[2026-07-01T19:17:44.950+0000] {processor.py:186} INFO - Started process (PID=8362) to work on /opt/airflow/dags/urban_data_streaming_dag.py
[2026-07-01T19:17:44.951+0000] {processor.py:914} INFO - Processing file /opt/airflow/dags/urban_data_streaming_dag.py for tasks to queue
[2026-07-01T19:17:44.955+0000] {logging_mixin.py:190} INFO - [2026-07-01T19:17:44.955+0000] {dagbag.py:588} INFO - Filling up the DagBag from /opt/airflow/dags/urban_data_streaming_dag.py
[2026-07-01T19:17:44.994+0000] {processor.py:925} INFO - DAG(s) 'urban_data_streaming_demo' retrieved from /opt/airflow/dags/urban_data_streaming_dag.py
[2026-07-01T19:17:45.037+0000] {logging_mixin.py:190} INFO - [2026-07-01T19:17:45.036+0000] {dag.py:3239} INFO - Sync 1 DAGs
[2026-07-01T19:17:45.057+0000] {logging_mixin.py:190} INFO - [2026-07-01T19:17:45.057+0000] {dag.py:4180} INFO - Setting next_dagrun for urban_data_streaming_demo to None, run_after=None
[2026-07-01T19:17:45.098+0000] {processor.py:208} INFO - Processing /opt/airflow/dags/urban_data_streaming_dag.py took 0.159 seconds
[2026-07-01T19:18:15.775+0000] {processor.py:186} INFO - Started process (PID=8381) to work on /opt/airflow/dags/urban_data_streaming_dag.py
[2026-07-01T19:18:15.776+0000] {processor.py:914} INFO - Processing file /opt/airflow/dags/urban_data_streaming_dag.py for tasks to queue
[2026-07-01T19:18:15.779+0000] {logging_mixin.py:190} INFO - [2026-07-01T19:18:15.779+0000] {dagbag.py:588} INFO - Filling up the DagBag from /opt/airflow/dags/urban_data_streaming_dag.py
[2026-07-01T19:18:15.802+0000] {processor.py:925} INFO - DAG(s) 'urban_data_streaming_demo' retrieved from /opt/airflow/dags/urban_data_streaming_dag.py
[2026-07-01T19:18:15.836+0000] {logging_mixin.py:190} INFO - [2026-07-01T19:18:15.835+0000] {dag.py:3239} INFO - Sync 1 DAGs
[2026-07-01T19:18:15.852+0000] {logging_mixin.py:190} INFO - [2026-07-01T19:18:15.852+0000] {dag.py:4180} INFO - Setting next_dagrun for urban_data_streaming_demo to None, run_after=None
[2026-07-01T19:18:15.877+0000] {processor.py:208} INFO - Processing /opt/airflow/dags/urban_data_streaming_dag.py took 0.112 seconds
[2026-07-01T19:18:46.777+0000] {processor.py:186} INFO - Started process (PID=8399) to work on /opt/airflow/dags/urban_data_streaming_dag.py
[2026-07-01T19:18:46.786+0000] {processor.py:914} INFO - Processing file /opt/airflow/dags/urban_data_streaming_dag.py for tasks to queue
[2026-07-01T19:18:46.795+0000] {logging_mixin.py:190} INFO - [2026-07-01T19:18:46.794+0000] {dagbag.py:588} INFO - Filling up the DagBag from /opt/airflow/dags/urban_data_streaming_dag.py
[2026-07-01T19:18:46.819+0000] {processor.py:925} INFO - DAG(s) 'urban_data_streaming_demo' retrieved from /opt/airflow/dags/urban_data_streaming_dag.py
[2026-07-01T19:18:46.855+0000] {logging_mixin.py:190} INFO - [2026-07-01T19:18:46.854+0000] {dag.py:3239} INFO - Sync 1 DAGs
[2026-07-01T19:18:46.873+0000] {logging_mixin.py:190} INFO - [2026-07-01T19:18:46.873+0000] {dag.py:4180} INFO - Setting next_dagrun for urban_data_streaming_demo to None, run_after=None
[2026-07-01T19:18:46.904+0000] {processor.py:208} INFO - Processing /opt/airflow/dags/urban_data_streaming_dag.py took 0.154 seconds
[2026-07-01T19:19:17.720+0000] {processor.py:186} INFO - Started process (PID=8417) to work on /opt/airflow/dags/urban_data_streaming_dag.py
[2026-07-01T19:19:17.722+0000] {processor.py:914} INFO - Processing file /opt/airflow/dags/urban_data_streaming_dag.py for tasks to queue
[2026-07-01T19:19:17.729+0000] {logging_mixin.py:190} INFO - [2026-07-01T19:19:17.728+0000] {dagbag.py:588} INFO - Filling up the DagBag from /opt/airflow/dags/urban_data_streaming_dag.py
[2026-07-01T19:19:17.763+0000] {processor.py:925} INFO - DAG(s) 'urban_data_streaming_demo' retrieved from /opt/airflow/dags/urban_data_streaming_dag.py
[2026-07-01T19:19:17.797+0000] {logging_mixin.py:190} INFO - [2026-07-01T19:19:17.796+0000] {dag.py:3239} INFO - Sync 1 DAGs
[2026-07-01T19:19:17.814+0000] {logging_mixin.py:190} INFO - [2026-07-01T19:19:17.814+0000] {dag.py:4180} INFO - Setting next_dagrun for urban_data_streaming_demo to None, run_after=None
[2026-07-01T19:19:17.850+0000] {processor.py:208} INFO - Processing /opt/airflow/dags/urban_data_streaming_dag.py took 0.150 seconds
[2026-07-01T19:19:48.386+0000] {processor.py:186} INFO - Started process (PID=8435) to work on /opt/airflow/dags/urban_data_streaming_dag.py
[2026-07-01T19:19:48.388+0000] {processor.py:914} INFO - Processing file /opt/airflow/dags/urban_data_streaming_dag.py for tasks to queue
[2026-07-01T19:19:48.394+0000] {logging_mixin.py:190} INFO - [2026-07-01T19:19:48.394+0000] {dagbag.py:588} INFO - Filling up the DagBag from /opt/airflow/dags/urban_data_streaming_dag.py
[2026-07-01T19:19:48.437+0000] {processor.py:925} INFO - DAG(s) 'urban_data_streaming_demo' retrieved from /opt/airflow/dags/urban_data_streaming_dag.py
[2026-07-01T19:19:48.497+0000] {logging_mixin.py:190} INFO - [2026-07-01T19:19:48.497+0000] {dag.py:3239} INFO - Sync 1 DAGs
[2026-07-01T19:19:48.529+0000] {logging_mixin.py:190} INFO - [2026-07-01T19:19:48.529+0000] {dag.py:4180} INFO - Setting next_dagrun for urban_data_streaming_demo to None, run_after=None
[2026-07-01T19:19:48.557+0000] {processor.py:208} INFO - Processing /opt/airflow/dags/urban_data_streaming_dag.py took 0.189 seconds
[2026-07-01T19:20:19.246+0000] {processor.py:186} INFO - Started process (PID=8453) to work on /opt/airflow/dags/urban_data_streaming_dag.py
[2026-07-01T19:20:19.247+0000] {processor.py:914} INFO - Processing file /opt/airflow/dags/urban_data_streaming_dag.py for tasks to queue
[2026-07-01T19:20:19.250+0000] {logging_mixin.py:190} INFO - [2026-07-01T19:20:19.250+0000] {dagbag.py:588} INFO - Filling up the DagBag from /opt/airflow/dags/urban_data_streaming_dag.py
[2026-07-01T19:20:19.272+0000] {processor.py:925} INFO - DAG(s) 'urban_data_streaming_demo' retrieved from /opt/airflow/dags/urban_data_streaming_dag.py
[2026-07-01T19:20:19.307+0000] {logging_mixin.py:190} INFO - [2026-07-01T19:20:19.307+0000] {dag.py:3239} INFO - Sync 1 DAGs
[2026-07-01T19:20:19.324+0000] {logging_mixin.py:190} INFO - [2026-07-01T19:20:19.323+0000] {dag.py:4180} INFO - Setting next_dagrun for urban_data_streaming_demo to None, run_after=None
[2026-07-01T19:20:19.350+0000] {processor.py:208} INFO - Processing /opt/airflow/dags/urban_data_streaming_dag.py took 0.113 seconds
[2026-07-01T19:20:50.004+0000] {processor.py:186} INFO - Started process (PID=8471) to work on /opt/airflow/dags/urban_data_streaming_dag.py
[2026-07-01T19:20:50.007+0000] {processor.py:914} INFO - Processing file /opt/airflow/dags/urban_data_streaming_dag.py for tasks to queue
[2026-07-01T19:20:50.010+0000] {logging_mixin.py:190} INFO - [2026-07-01T19:20:50.010+0000] {dagbag.py:588} INFO - Filling up the DagBag from /opt/airflow/dags/urban_data_streaming_dag.py
[2026-07-01T19:20:50.040+0000] {processor.py:925} INFO - DAG(s) 'urban_data_streaming_demo' retrieved from /opt/airflow/dags/urban_data_streaming_dag.py
[2026-07-01T19:20:50.075+0000] {logging_mixin.py:190} INFO - [2026-07-01T19:20:50.075+0000] {dag.py:3239} INFO - Sync 1 DAGs
[2026-07-01T19:20:50.090+0000] {logging_mixin.py:190} INFO - [2026-07-01T19:20:50.090+0000] {dag.py:4180} INFO - Setting next_dagrun for urban_data_streaming_demo to None, run_after=None
[2026-07-01T19:20:50.123+0000] {processor.py:208} INFO - Processing /opt/airflow/dags/urban_data_streaming_dag.py took 0.135 seconds
[2026-07-01T19:21:20.419+0000] {processor.py:186} INFO - Started process (PID=8489) to work on /opt/airflow/dags/urban_data_streaming_dag.py
[2026-07-01T19:21:20.421+0000] {processor.py:914} INFO - Processing file /opt/airflow/dags/urban_data_streaming_dag.py for tasks to queue
[2026-07-01T19:21:20.424+0000] {logging_mixin.py:190} INFO - [2026-07-01T19:21:20.424+0000] {dagbag.py:588} INFO - Filling up the DagBag from /opt/airflow/dags/urban_data_streaming_dag.py
[2026-07-01T19:21:20.455+0000] {processor.py:925} INFO - DAG(s) 'urban_data_streaming_demo' retrieved from /opt/airflow/dags/urban_data_streaming_dag.py
[2026-07-01T19:21:20.489+0000] {logging_mixin.py:190} INFO - [2026-07-01T19:21:20.488+0000] {dag.py:3239} INFO - Sync 1 DAGs
[2026-07-01T19:21:20.506+0000] {logging_mixin.py:190} INFO - [2026-07-01T19:21:20.505+0000] {dag.py:4180} INFO - Setting next_dagrun for urban_data_streaming_demo to None, run_after=None
[2026-07-01T19:21:20.534+0000] {processor.py:208} INFO - Processing /opt/airflow/dags/urban_data_streaming_dag.py took 0.126 seconds
[2026-07-01T19:21:51.269+0000] {processor.py:186} INFO - Started process (PID=8506) to work on /opt/airflow/dags/urban_data_streaming_dag.py
[2026-07-01T19:21:51.271+0000] {processor.py:914} INFO - Processing file /opt/airflow/dags/urban_data_streaming_dag.py for tasks to queue
[2026-07-01T19:21:51.274+0000] {logging_mixin.py:190} INFO - [2026-07-01T19:21:51.274+0000] {dagbag.py:588} INFO - Filling up the DagBag from /opt/airflow/dags/urban_data_streaming_dag.py
[2026-07-01T19:21:51.312+0000] {processor.py:925} INFO - DAG(s) 'urban_data_streaming_demo' retrieved from /opt/airflow/dags/urban_data_streaming_dag.py
[2026-07-01T19:21:51.345+0000] {logging_mixin.py:190} INFO - [2026-07-01T19:21:51.345+0000] {dag.py:3239} INFO - Sync 1 DAGs
[2026-07-01T19:21:51.363+0000] {logging_mixin.py:190} INFO - [2026-07-01T19:21:51.363+0000] {dag.py:4180} INFO - Setting next_dagrun for urban_data_streaming_demo to None, run_after=None
[2026-07-01T19:21:51.390+0000] {processor.py:208} INFO - Processing /opt/airflow/dags/urban_data_streaming_dag.py took 0.130 seconds
[2026-07-01T19:22:22.046+0000] {processor.py:186} INFO - Started process (PID=8517) to work on /opt/airflow/dags/urban_data_streaming_dag.py
[2026-07-01T19:22:22.048+0000] {processor.py:914} INFO - Processing file /opt/airflow/dags/urban_data_streaming_dag.py for tasks to queue
[2026-07-01T19:22:22.053+0000] {logging_mixin.py:190} INFO - [2026-07-01T19:22:22.052+0000] {dagbag.py:588} INFO - Filling up the DagBag from /opt/airflow/dags/urban_data_streaming_dag.py
[2026-07-01T19:22:22.142+0000] {processor.py:925} INFO - DAG(s) 'urban_data_streaming_demo' retrieved from /opt/airflow/dags/urban_data_streaming_dag.py
[2026-07-01T19:22:22.248+0000] {logging_mixin.py:190} INFO - [2026-07-01T19:22:22.247+0000] {dag.py:3239} INFO - Sync 1 DAGs
[2026-07-01T19:22:22.269+0000] {logging_mixin.py:190} INFO - [2026-07-01T19:22:22.269+0000] {dag.py:4180} INFO - Setting next_dagrun for urban_data_streaming_demo to None, run_after=None
[2026-07-01T19:22:22.301+0000] {processor.py:208} INFO - Processing /opt/airflow/dags/urban_data_streaming_dag.py took 0.266 seconds
[2026-07-01T19:22:53.198+0000] {processor.py:186} INFO - Started process (PID=8535) to work on /opt/airflow/dags/urban_data_streaming_dag.py
[2026-07-01T19:22:53.200+0000] {processor.py:914} INFO - Processing file /opt/airflow/dags/urban_data_streaming_dag.py for tasks to queue
[2026-07-01T19:22:53.205+0000] {logging_mixin.py:190} INFO - [2026-07-01T19:22:53.204+0000] {dagbag.py:588} INFO - Filling up the DagBag from /opt/airflow/dags/urban_data_streaming_dag.py
[2026-07-01T19:22:53.236+0000] {processor.py:925} INFO - DAG(s) 'urban_data_streaming_demo' retrieved from /opt/airflow/dags/urban_data_streaming_dag.py
[2026-07-01T19:22:53.267+0000] {logging_mixin.py:190} INFO - [2026-07-01T19:22:53.267+0000] {dag.py:3239} INFO - Sync 1 DAGs
[2026-07-01T19:22:53.283+0000] {logging_mixin.py:190} INFO - [2026-07-01T19:22:53.283+0000] {dag.py:4180} INFO - Setting next_dagrun for urban_data_streaming_demo to None, run_after=None
[2026-07-01T19:22:53.310+0000] {processor.py:208} INFO - Processing /opt/airflow/dags/urban_data_streaming_dag.py took 0.128 seconds
[2026-07-01T19:23:23.903+0000] {processor.py:186} INFO - Started process (PID=8553) to work on /opt/airflow/dags/urban_data_streaming_dag.py
[2026-07-01T19:23:23.905+0000] {processor.py:914} INFO - Processing file /opt/airflow/dags/urban_data_streaming_dag.py for tasks to queue
[2026-07-01T19:23:23.908+0000] {logging_mixin.py:190} INFO - [2026-07-01T19:23:23.907+0000] {dagbag.py:588} INFO - Filling up the DagBag from /opt/airflow/dags/urban_data_streaming_dag.py
[2026-07-01T19:23:23.933+0000] {processor.py:925} INFO - DAG(s) 'urban_data_streaming_demo' retrieved from /opt/airflow/dags/urban_data_streaming_dag.py
[2026-07-01T19:23:23.974+0000] {logging_mixin.py:190} INFO - [2026-07-01T19:23:23.974+0000] {dag.py:3239} INFO - Sync 1 DAGs
[2026-07-01T19:23:23.993+0000] {logging_mixin.py:190} INFO - [2026-07-01T19:23:23.993+0000] {dag.py:4180} INFO - Setting next_dagrun for urban_data_streaming_demo to None, run_after=None
[2026-07-01T19:23:24.019+0000] {processor.py:208} INFO - Processing /opt/airflow/dags/urban_data_streaming_dag.py took 0.128 seconds
[2026-07-01T19:23:54.756+0000] {processor.py:186} INFO - Started process (PID=8571) to work on /opt/airflow/dags/urban_data_streaming_dag.py
[2026-07-01T19:23:54.759+0000] {processor.py:914} INFO - Processing file /opt/airflow/dags/urban_data_streaming_dag.py for tasks to queue
[2026-07-01T19:23:54.761+0000] {logging_mixin.py:190} INFO - [2026-07-01T19:23:54.761+0000] {dagbag.py:588} INFO - Filling up the DagBag from /opt/airflow/dags/urban_data_streaming_dag.py
[2026-07-01T19:23:54.790+0000] {processor.py:925} INFO - DAG(s) 'urban_data_streaming_demo' retrieved from /opt/airflow/dags/urban_data_streaming_dag.py
[2026-07-01T19:23:54.827+0000] {logging_mixin.py:190} INFO - [2026-07-01T19:23:54.826+0000] {dag.py:3239} INFO - Sync 1 DAGs
[2026-07-01T19:23:54.853+0000] {logging_mixin.py:190} INFO - [2026-07-01T19:23:54.852+0000] {dag.py:4180} INFO - Setting next_dagrun for urban_data_streaming_demo to None, run_after=None
[2026-07-01T19:23:54.914+0000] {processor.py:208} INFO - Processing /opt/airflow/dags/urban_data_streaming_dag.py took 0.171 seconds
[2026-07-01T19:24:25.471+0000] {processor.py:186} INFO - Started process (PID=8589) to work on /opt/airflow/dags/urban_data_streaming_dag.py
[2026-07-01T19:24:25.473+0000] {processor.py:914} INFO - Processing file /opt/airflow/dags/urban_data_streaming_dag.py for tasks to queue
[2026-07-01T19:24:25.477+0000] {logging_mixin.py:190} INFO - [2026-07-01T19:24:25.476+0000] {dagbag.py:588} INFO - Filling up the DagBag from /opt/airflow/dags/urban_data_streaming_dag.py
[2026-07-01T19:24:25.520+0000] {processor.py:925} INFO - DAG(s) 'urban_data_streaming_demo' retrieved from /opt/airflow/dags/urban_data_streaming_dag.py
[2026-07-01T19:24:25.551+0000] {logging_mixin.py:190} INFO - [2026-07-01T19:24:25.551+0000] {dag.py:3239} INFO - Sync 1 DAGs
[2026-07-01T19:24:25.568+0000] {logging_mixin.py:190} INFO - [2026-07-01T19:24:25.567+0000] {dag.py:4180} INFO - Setting next_dagrun for urban_data_streaming_demo to None, run_after=None
[2026-07-01T19:24:25.592+0000] {processor.py:208} INFO - Processing /opt/airflow/dags/urban_data_streaming_dag.py took 0.130 seconds
[2026-07-01T19:24:56.358+0000] {processor.py:186} INFO - Started process (PID=8607) to work on /opt/airflow/dags/urban_data_streaming_dag.py
[2026-07-01T19:24:56.361+0000] {processor.py:914} INFO - Processing file /opt/airflow/dags/urban_data_streaming_dag.py for tasks to queue
[2026-07-01T19:24:56.366+0000] {logging_mixin.py:190} INFO - [2026-07-01T19:24:56.366+0000] {dagbag.py:588} INFO - Filling up the DagBag from /opt/airflow/dags/urban_data_streaming_dag.py
[2026-07-01T19:24:56.394+0000] {processor.py:925} INFO - DAG(s) 'urban_data_streaming_demo' retrieved from /opt/airflow/dags/urban_data_streaming_dag.py
[2026-07-01T19:24:56.429+0000] {logging_mixin.py:190} INFO - [2026-07-01T19:24:56.428+0000] {dag.py:3239} INFO - Sync 1 DAGs
[2026-07-01T19:24:56.465+0000] {logging_mixin.py:190} INFO - [2026-07-01T19:24:56.465+0000] {dag.py:4180} INFO - Setting next_dagrun for urban_data_streaming_demo to None, run_after=None
[2026-07-01T19:24:56.547+0000] {processor.py:208} INFO - Processing /opt/airflow/dags/urban_data_streaming_dag.py took 0.207 seconds
[2026-07-01T19:25:27.335+0000] {processor.py:186} INFO - Started process (PID=8625) to work on /opt/airflow/dags/urban_data_streaming_dag.py
[2026-07-01T19:25:27.336+0000] {processor.py:914} INFO - Processing file /opt/airflow/dags/urban_data_streaming_dag.py for tasks to queue
[2026-07-01T19:25:27.339+0000] {logging_mixin.py:190} INFO - [2026-07-01T19:25:27.339+0000] {dagbag.py:588} INFO - Filling up the DagBag from /opt/airflow/dags/urban_data_streaming_dag.py
[2026-07-01T19:25:27.369+0000] {processor.py:925} INFO - DAG(s) 'urban_data_streaming_demo' retrieved from /opt/airflow/dags/urban_data_streaming_dag.py
[2026-07-01T19:25:27.413+0000] {logging_mixin.py:190} INFO - [2026-07-01T19:25:27.413+0000] {dag.py:3239} INFO - Sync 1 DAGs
[2026-07-01T19:25:27.466+0000] {logging_mixin.py:190} INFO - [2026-07-01T19:25:27.465+0000] {dag.py:4180} INFO - Setting next_dagrun for urban_data_streaming_demo to None, run_after=None
[2026-07-01T19:25:27.540+0000] {processor.py:208} INFO - Processing /opt/airflow/dags/urban_data_streaming_dag.py took 0.213 seconds
[2026-07-01T19:25:57.921+0000] {processor.py:186} INFO - Started process (PID=8643) to work on /opt/airflow/dags/urban_data_streaming_dag.py
[2026-07-01T19:25:57.924+0000] {processor.py:914} INFO - Processing file /opt/airflow/dags/urban_data_streaming_dag.py for tasks to queue
[2026-07-01T19:25:57.932+0000] {logging_mixin.py:190} INFO - [2026-07-01T19:25:57.931+0000] {dagbag.py:588} INFO - Filling up the DagBag from /opt/airflow/dags/urban_data_streaming_dag.py
[2026-07-01T19:25:57.984+0000] {processor.py:925} INFO - DAG(s) 'urban_data_streaming_demo' retrieved from /opt/airflow/dags/urban_data_streaming_dag.py
[2026-07-01T19:25:58.048+0000] {logging_mixin.py:190} INFO - [2026-07-01T19:25:58.048+0000] {dag.py:3239} INFO - Sync 1 DAGs
[2026-07-01T19:25:58.071+0000] {logging_mixin.py:190} INFO - [2026-07-01T19:25:58.071+0000] {dag.py:4180} INFO - Setting next_dagrun for urban_data_streaming_demo to None, run_after=None
[2026-07-01T19:25:58.123+0000] {processor.py:208} INFO - Processing /opt/airflow/dags/urban_data_streaming_dag.py took 0.213 seconds
[2026-07-01T19:26:28.796+0000] {processor.py:186} INFO - Started process (PID=8661) to work on /opt/airflow/dags/urban_data_streaming_dag.py
[2026-07-01T19:26:28.797+0000] {processor.py:914} INFO - Processing file /opt/airflow/dags/urban_data_streaming_dag.py for tasks to queue
[2026-07-01T19:26:28.801+0000] {logging_mixin.py:190} INFO - [2026-07-01T19:26:28.800+0000] {dagbag.py:588} INFO - Filling up the DagBag from /opt/airflow/dags/urban_data_streaming_dag.py
[2026-07-01T19:26:28.828+0000] {processor.py:925} INFO - DAG(s) 'urban_data_streaming_demo' retrieved from /opt/airflow/dags/urban_data_streaming_dag.py
[2026-07-01T19:26:28.865+0000] {logging_mixin.py:190} INFO - [2026-07-01T19:26:28.865+0000] {dag.py:3239} INFO - Sync 1 DAGs
[2026-07-01T19:26:28.887+0000] {logging_mixin.py:190} INFO - [2026-07-01T19:26:28.887+0000] {dag.py:4180} INFO - Setting next_dagrun for urban_data_streaming_demo to None, run_after=None
[2026-07-01T19:26:28.924+0000] {processor.py:208} INFO - Processing /opt/airflow/dags/urban_data_streaming_dag.py took 0.136 seconds
[2026-07-01T19:26:59.221+0000] {processor.py:186} INFO - Started process (PID=8671) to work on /opt/airflow/dags/urban_data_streaming_dag.py
[2026-07-01T19:26:59.227+0000] {processor.py:914} INFO - Processing file /opt/airflow/dags/urban_data_streaming_dag.py for tasks to queue
[2026-07-01T19:26:59.236+0000] {logging_mixin.py:190} INFO - [2026-07-01T19:26:59.235+0000] {dagbag.py:588} INFO - Filling up the DagBag from /opt/airflow/dags/urban_data_streaming_dag.py
[2026-07-01T19:26:59.264+0000] {processor.py:925} INFO - DAG(s) 'urban_data_streaming_demo' retrieved from /opt/airflow/dags/urban_data_streaming_dag.py
[2026-07-01T19:26:59.299+0000] {logging_mixin.py:190} INFO - [2026-07-01T19:26:59.297+0000] {dag.py:3239} INFO - Sync 1 DAGs
[2026-07-01T19:26:59.316+0000] {logging_mixin.py:190} INFO - [2026-07-01T19:26:59.315+0000] {dag.py:4180} INFO - Setting next_dagrun for urban_data_streaming_demo to None, run_after=None
[2026-07-01T19:26:59.341+0000] {processor.py:208} INFO - Processing /opt/airflow/dags/urban_data_streaming_dag.py took 0.133 seconds
[2026-07-01T19:27:30.070+0000] {processor.py:186} INFO - Started process (PID=8689) to work on /opt/airflow/dags/urban_data_streaming_dag.py
[2026-07-01T19:27:30.072+0000] {processor.py:914} INFO - Processing file /opt/airflow/dags/urban_data_streaming_dag.py for tasks to queue
[2026-07-01T19:27:30.078+0000] {logging_mixin.py:190} INFO - [2026-07-01T19:27:30.077+0000] {dagbag.py:588} INFO - Filling up the DagBag from /opt/airflow/dags/urban_data_streaming_dag.py
[2026-07-01T19:27:30.105+0000] {processor.py:925} INFO - DAG(s) 'urban_data_streaming_demo' retrieved from /opt/airflow/dags/urban_data_streaming_dag.py
[2026-07-01T19:27:30.137+0000] {logging_mixin.py:190} INFO - [2026-07-01T19:27:30.136+0000] {dag.py:3239} INFO - Sync 1 DAGs
[2026-07-01T19:27:30.161+0000] {logging_mixin.py:190} INFO - [2026-07-01T19:27:30.161+0000] {dag.py:4180} INFO - Setting next_dagrun for urban_data_streaming_demo to None, run_after=None
[2026-07-01T19:27:30.211+0000] {processor.py:208} INFO - Processing /opt/airflow/dags/urban_data_streaming_dag.py took 0.149 seconds
[2026-07-01T19:28:01.043+0000] {processor.py:186} INFO - Started process (PID=8707) to work on /opt/airflow/dags/urban_data_streaming_dag.py
[2026-07-01T19:28:01.044+0000] {processor.py:914} INFO - Processing file /opt/airflow/dags/urban_data_streaming_dag.py for tasks to queue
[2026-07-01T19:28:01.048+0000] {logging_mixin.py:190} INFO - [2026-07-01T19:28:01.048+0000] {dagbag.py:588} INFO - Filling up the DagBag from /opt/airflow/dags/urban_data_streaming_dag.py
[2026-07-01T19:28:01.073+0000] {processor.py:925} INFO - DAG(s) 'urban_data_streaming_demo' retrieved from /opt/airflow/dags/urban_data_streaming_dag.py
[2026-07-01T19:28:01.106+0000] {logging_mixin.py:190} INFO - [2026-07-01T19:28:01.105+0000] {dag.py:3239} INFO - Sync 1 DAGs
[2026-07-01T19:28:01.121+0000] {logging_mixin.py:190} INFO - [2026-07-01T19:28:01.121+0000] {dag.py:4180} INFO - Setting next_dagrun for urban_data_streaming_demo to None, run_after=None
[2026-07-01T19:28:01.146+0000] {processor.py:208} INFO - Processing /opt/airflow/dags/urban_data_streaming_dag.py took 0.112 seconds
[2026-07-01T19:28:31.818+0000] {processor.py:186} INFO - Started process (PID=8725) to work on /opt/airflow/dags/urban_data_streaming_dag.py
[2026-07-01T19:28:31.824+0000] {processor.py:914} INFO - Processing file /opt/airflow/dags/urban_data_streaming_dag.py for tasks to queue
[2026-07-01T19:28:31.846+0000] {logging_mixin.py:190} INFO - [2026-07-01T19:28:31.845+0000] {dagbag.py:588} INFO - Filling up the DagBag from /opt/airflow/dags/urban_data_streaming_dag.py
[2026-07-01T19:28:31.980+0000] {processor.py:925} INFO - DAG(s) 'urban_data_streaming_demo' retrieved from /opt/airflow/dags/urban_data_streaming_dag.py
[2026-07-01T19:28:32.027+0000] {logging_mixin.py:190} INFO - [2026-07-01T19:28:32.027+0000] {dag.py:3239} INFO - Sync 1 DAGs
[2026-07-01T19:28:32.045+0000] {logging_mixin.py:190} INFO - [2026-07-01T19:28:32.045+0000] {dag.py:4180} INFO - Setting next_dagrun for urban_data_streaming_demo to None, run_after=None
[2026-07-01T19:28:32.116+0000] {processor.py:208} INFO - Processing /opt/airflow/dags/urban_data_streaming_dag.py took 0.318 seconds
[2026-07-01T19:29:02.407+0000] {processor.py:186} INFO - Started process (PID=8743) to work on /opt/airflow/dags/urban_data_streaming_dag.py
[2026-07-01T19:29:02.411+0000] {processor.py:914} INFO - Processing file /opt/airflow/dags/urban_data_streaming_dag.py for tasks to queue
[2026-07-01T19:29:02.416+0000] {logging_mixin.py:190} INFO - [2026-07-01T19:29:02.415+0000] {dagbag.py:588} INFO - Filling up the DagBag from /opt/airflow/dags/urban_data_streaming_dag.py
[2026-07-01T19:29:02.494+0000] {processor.py:925} INFO - DAG(s) 'urban_data_streaming_demo' retrieved from /opt/airflow/dags/urban_data_streaming_dag.py
[2026-07-01T19:29:02.526+0000] {logging_mixin.py:190} INFO - [2026-07-01T19:29:02.525+0000] {dag.py:3239} INFO - Sync 1 DAGs
[2026-07-01T19:29:02.540+0000] {logging_mixin.py:190} INFO - [2026-07-01T19:29:02.540+0000] {dag.py:4180} INFO - Setting next_dagrun for urban_data_streaming_demo to None, run_after=None
[2026-07-01T19:29:02.569+0000] {processor.py:208} INFO - Processing /opt/airflow/dags/urban_data_streaming_dag.py took 0.198 seconds
[2026-07-01T19:29:32.656+0000] {processor.py:186} INFO - Started process (PID=8761) to work on /opt/airflow/dags/urban_data_streaming_dag.py
[2026-07-01T19:29:32.657+0000] {processor.py:914} INFO - Processing file /opt/airflow/dags/urban_data_streaming_dag.py for tasks to queue
[2026-07-01T19:29:32.661+0000] {logging_mixin.py:190} INFO - [2026-07-01T19:29:32.661+0000] {dagbag.py:588} INFO - Filling up the DagBag from /opt/airflow/dags/urban_data_streaming_dag.py
[2026-07-01T19:29:32.687+0000] {processor.py:925} INFO - DAG(s) 'urban_data_streaming_demo' retrieved from /opt/airflow/dags/urban_data_streaming_dag.py
[2026-07-01T19:29:32.717+0000] {logging_mixin.py:190} INFO - [2026-07-01T19:29:32.717+0000] {dag.py:3239} INFO - Sync 1 DAGs
[2026-07-01T19:29:32.735+0000] {logging_mixin.py:190} INFO - [2026-07-01T19:29:32.735+0000] {dag.py:4180} INFO - Setting next_dagrun for urban_data_streaming_demo to None, run_after=None
[2026-07-01T19:29:32.769+0000] {processor.py:208} INFO - Processing /opt/airflow/dags/urban_data_streaming_dag.py took 0.121 seconds
[2026-07-01T19:30:03.500+0000] {processor.py:186} INFO - Started process (PID=8779) to work on /opt/airflow/dags/urban_data_streaming_dag.py
[2026-07-01T19:30:03.503+0000] {processor.py:914} INFO - Processing file /opt/airflow/dags/urban_data_streaming_dag.py for tasks to queue
[2026-07-01T19:30:03.508+0000] {logging_mixin.py:190} INFO - [2026-07-01T19:30:03.508+0000] {dagbag.py:588} INFO - Filling up the DagBag from /opt/airflow/dags/urban_data_streaming_dag.py
[2026-07-01T19:30:03.536+0000] {processor.py:925} INFO - DAG(s) 'urban_data_streaming_demo' retrieved from /opt/airflow/dags/urban_data_streaming_dag.py
[2026-07-01T19:30:03.576+0000] {logging_mixin.py:190} INFO - [2026-07-01T19:30:03.576+0000] {dag.py:3239} INFO - Sync 1 DAGs
[2026-07-01T19:30:03.594+0000] {logging_mixin.py:190} INFO - [2026-07-01T19:30:03.594+0000] {dag.py:4180} INFO - Setting next_dagrun for urban_data_streaming_demo to None, run_after=None
[2026-07-01T19:30:03.651+0000] {processor.py:208} INFO - Processing /opt/airflow/dags/urban_data_streaming_dag.py took 0.163 seconds
[2026-07-01T19:30:33.837+0000] {processor.py:186} INFO - Started process (PID=8797) to work on /opt/airflow/dags/urban_data_streaming_dag.py
[2026-07-01T19:30:33.839+0000] {processor.py:914} INFO - Processing file /opt/airflow/dags/urban_data_streaming_dag.py for tasks to queue
[2026-07-01T19:30:33.844+0000] {logging_mixin.py:190} INFO - [2026-07-01T19:30:33.843+0000] {dagbag.py:588} INFO - Filling up the DagBag from /opt/airflow/dags/urban_data_streaming_dag.py
[2026-07-01T19:30:33.871+0000] {processor.py:925} INFO - DAG(s) 'urban_data_streaming_demo' retrieved from /opt/airflow/dags/urban_data_streaming_dag.py
[2026-07-01T19:30:33.909+0000] {logging_mixin.py:190} INFO - [2026-07-01T19:30:33.909+0000] {dag.py:3239} INFO - Sync 1 DAGs
[2026-07-01T19:30:33.928+0000] {logging_mixin.py:190} INFO - [2026-07-01T19:30:33.928+0000] {dag.py:4180} INFO - Setting next_dagrun for urban_data_streaming_demo to None, run_after=None
[2026-07-01T19:30:33.962+0000] {processor.py:208} INFO - Processing /opt/airflow/dags/urban_data_streaming_dag.py took 0.133 seconds
[2026-07-01T19:31:04.086+0000] {processor.py:186} INFO - Started process (PID=8815) to work on /opt/airflow/dags/urban_data_streaming_dag.py
[2026-07-01T19:31:04.088+0000] {processor.py:914} INFO - Processing file /opt/airflow/dags/urban_data_streaming_dag.py for tasks to queue
[2026-07-01T19:31:04.095+0000] {logging_mixin.py:190} INFO - [2026-07-01T19:31:04.095+0000] {dagbag.py:588} INFO - Filling up the DagBag from /opt/airflow/dags/urban_data_streaming_dag.py
[2026-07-01T19:31:04.127+0000] {processor.py:925} INFO - DAG(s) 'urban_data_streaming_demo' retrieved from /opt/airflow/dags/urban_data_streaming_dag.py
[2026-07-01T19:31:04.170+0000] {logging_mixin.py:190} INFO - [2026-07-01T19:31:04.170+0000] {dag.py:3239} INFO - Sync 1 DAGs
[2026-07-01T19:31:04.188+0000] {logging_mixin.py:190} INFO - [2026-07-01T19:31:04.188+0000] {dag.py:4180} INFO - Setting next_dagrun for urban_data_streaming_demo to None, run_after=None
[2026-07-01T19:31:04.235+0000] {processor.py:208} INFO - Processing /opt/airflow/dags/urban_data_streaming_dag.py took 0.156 seconds
[2026-07-01T19:31:34.413+0000] {processor.py:186} INFO - Started process (PID=8825) to work on /opt/airflow/dags/urban_data_streaming_dag.py
[2026-07-01T19:31:34.416+0000] {processor.py:914} INFO - Processing file /opt/airflow/dags/urban_data_streaming_dag.py for tasks to queue
[2026-07-01T19:31:34.427+0000] {logging_mixin.py:190} INFO - [2026-07-01T19:31:34.425+0000] {dagbag.py:588} INFO - Filling up the DagBag from /opt/airflow/dags/urban_data_streaming_dag.py
[2026-07-01T19:31:34.559+0000] {processor.py:925} INFO - DAG(s) 'urban_data_streaming_demo' retrieved from /opt/airflow/dags/urban_data_streaming_dag.py
[2026-07-01T19:31:34.663+0000] {logging_mixin.py:190} INFO - [2026-07-01T19:31:34.662+0000] {dag.py:3239} INFO - Sync 1 DAGs
[2026-07-01T19:31:34.711+0000] {logging_mixin.py:190} INFO - [2026-07-01T19:31:34.710+0000] {dag.py:4180} INFO - Setting next_dagrun for urban_data_streaming_demo to None, run_after=None
[2026-07-01T19:31:34.740+0000] {processor.py:208} INFO - Processing /opt/airflow/dags/urban_data_streaming_dag.py took 0.335 seconds
[2026-07-01T19:32:05.665+0000] {processor.py:186} INFO - Started process (PID=8843) to work on /opt/airflow/dags/urban_data_streaming_dag.py
[2026-07-01T19:32:05.669+0000] {processor.py:914} INFO - Processing file /opt/airflow/dags/urban_data_streaming_dag.py for tasks to queue
[2026-07-01T19:32:05.677+0000] {logging_mixin.py:190} INFO - [2026-07-01T19:32:05.676+0000] {dagbag.py:588} INFO - Filling up the DagBag from /opt/airflow/dags/urban_data_streaming_dag.py
[2026-07-01T19:32:05.720+0000] {processor.py:925} INFO - DAG(s) 'urban_data_streaming_demo' retrieved from /opt/airflow/dags/urban_data_streaming_dag.py
[2026-07-01T19:32:05.753+0000] {logging_mixin.py:190} INFO - [2026-07-01T19:32:05.753+0000] {dag.py:3239} INFO - Sync 1 DAGs
[2026-07-01T19:32:05.768+0000] {logging_mixin.py:190} INFO - [2026-07-01T19:32:05.768+0000] {dag.py:4180} INFO - Setting next_dagrun for urban_data_streaming_demo to None, run_after=None
[2026-07-01T19:32:05.794+0000] {processor.py:208} INFO - Processing /opt/airflow/dags/urban_data_streaming_dag.py took 0.148 seconds
[2026-07-01T19:32:36.080+0000] {processor.py:186} INFO - Started process (PID=8861) to work on /opt/airflow/dags/urban_data_streaming_dag.py
[2026-07-01T19:32:36.084+0000] {processor.py:914} INFO - Processing file /opt/airflow/dags/urban_data_streaming_dag.py for tasks to queue
[2026-07-01T19:32:36.091+0000] {logging_mixin.py:190} INFO - [2026-07-01T19:32:36.089+0000] {dagbag.py:588} INFO - Filling up the DagBag from /opt/airflow/dags/urban_data_streaming_dag.py
[2026-07-01T19:32:36.348+0000] {processor.py:925} INFO - DAG(s) 'urban_data_streaming_demo' retrieved from /opt/airflow/dags/urban_data_streaming_dag.py
[2026-07-01T19:32:36.390+0000] {logging_mixin.py:190} INFO - [2026-07-01T19:32:36.390+0000] {dag.py:3239} INFO - Sync 1 DAGs
[2026-07-01T19:32:36.406+0000] {logging_mixin.py:190} INFO - [2026-07-01T19:32:36.405+0000] {dag.py:4180} INFO - Setting next_dagrun for urban_data_streaming_demo to None, run_after=None
[2026-07-01T19:32:36.432+0000] {processor.py:208} INFO - Processing /opt/airflow/dags/urban_data_streaming_dag.py took 0.368 seconds
[2026-07-01T19:33:07.171+0000] {processor.py:186} INFO - Started process (PID=8879) to work on /opt/airflow/dags/urban_data_streaming_dag.py
[2026-07-01T19:33:07.173+0000] {processor.py:914} INFO - Processing file /opt/airflow/dags/urban_data_streaming_dag.py for tasks to queue
[2026-07-01T19:33:07.179+0000] {logging_mixin.py:190} INFO - [2026-07-01T19:33:07.179+0000] {dagbag.py:588} INFO - Filling up the DagBag from /opt/airflow/dags/urban_data_streaming_dag.py
[2026-07-01T19:33:07.213+0000] {processor.py:925} INFO - DAG(s) 'urban_data_streaming_demo' retrieved from /opt/airflow/dags/urban_data_streaming_dag.py
[2026-07-01T19:33:07.263+0000] {logging_mixin.py:190} INFO - [2026-07-01T19:33:07.262+0000] {dag.py:3239} INFO - Sync 1 DAGs
[2026-07-01T19:33:07.283+0000] {logging_mixin.py:190} INFO - [2026-07-01T19:33:07.283+0000] {dag.py:4180} INFO - Setting next_dagrun for urban_data_streaming_demo to None, run_after=None
[2026-07-01T19:33:07.324+0000] {processor.py:208} INFO - Processing /opt/airflow/dags/urban_data_streaming_dag.py took 0.170 seconds
[2026-07-01T19:33:38.103+0000] {processor.py:186} INFO - Started process (PID=8898) to work on /opt/airflow/dags/urban_data_streaming_dag.py
[2026-07-01T19:33:38.105+0000] {processor.py:914} INFO - Processing file /opt/airflow/dags/urban_data_streaming_dag.py for tasks to queue
[2026-07-01T19:33:38.114+0000] {logging_mixin.py:190} INFO - [2026-07-01T19:33:38.114+0000] {dagbag.py:588} INFO - Filling up the DagBag from /opt/airflow/dags/urban_data_streaming_dag.py
[2026-07-01T19:33:38.277+0000] {processor.py:925} INFO - DAG(s) 'urban_data_streaming_demo' retrieved from /opt/airflow/dags/urban_data_streaming_dag.py
[2026-07-01T19:33:38.328+0000] {logging_mixin.py:190} INFO - [2026-07-01T19:33:38.327+0000] {dag.py:3239} INFO - Sync 1 DAGs
[2026-07-01T19:33:38.347+0000] {logging_mixin.py:190} INFO - [2026-07-01T19:33:38.347+0000] {dag.py:4180} INFO - Setting next_dagrun for urban_data_streaming_demo to None, run_after=None
[2026-07-01T19:33:38.383+0000] {processor.py:208} INFO - Processing /opt/airflow/dags/urban_data_streaming_dag.py took 0.290 seconds
[2026-07-01T19:34:08.591+0000] {processor.py:186} INFO - Started process (PID=8916) to work on /opt/airflow/dags/urban_data_streaming_dag.py
[2026-07-01T19:34:08.592+0000] {processor.py:914} INFO - Processing file /opt/airflow/dags/urban_data_streaming_dag.py for tasks to queue
[2026-07-01T19:34:08.597+0000] {logging_mixin.py:190} INFO - [2026-07-01T19:34:08.596+0000] {dagbag.py:588} INFO - Filling up the DagBag from /opt/airflow/dags/urban_data_streaming_dag.py
[2026-07-01T19:34:08.632+0000] {processor.py:925} INFO - DAG(s) 'urban_data_streaming_demo' retrieved from /opt/airflow/dags/urban_data_streaming_dag.py
[2026-07-01T19:34:08.666+0000] {logging_mixin.py:190} INFO - [2026-07-01T19:34:08.666+0000] {dag.py:3239} INFO - Sync 1 DAGs
[2026-07-01T19:34:08.686+0000] {logging_mixin.py:190} INFO - [2026-07-01T19:34:08.685+0000] {dag.py:4180} INFO - Setting next_dagrun for urban_data_streaming_demo to None, run_after=None
[2026-07-01T19:34:08.717+0000] {processor.py:208} INFO - Processing /opt/airflow/dags/urban_data_streaming_dag.py took 0.133 seconds
[2026-07-01T19:34:39.589+0000] {processor.py:186} INFO - Started process (PID=8934) to work on /opt/airflow/dags/urban_data_streaming_dag.py
[2026-07-01T19:34:39.591+0000] {processor.py:914} INFO - Processing file /opt/airflow/dags/urban_data_streaming_dag.py for tasks to queue
[2026-07-01T19:34:39.594+0000] {logging_mixin.py:190} INFO - [2026-07-01T19:34:39.593+0000] {dagbag.py:588} INFO - Filling up the DagBag from /opt/airflow/dags/urban_data_streaming_dag.py
[2026-07-01T19:34:39.675+0000] {processor.py:925} INFO - DAG(s) 'urban_data_streaming_demo' retrieved from /opt/airflow/dags/urban_data_streaming_dag.py
[2026-07-01T19:34:39.726+0000] {logging_mixin.py:190} INFO - [2026-07-01T19:34:39.726+0000] {dag.py:3239} INFO - Sync 1 DAGs
[2026-07-01T19:34:39.741+0000] {logging_mixin.py:190} INFO - [2026-07-01T19:34:39.741+0000] {dag.py:4180} INFO - Setting next_dagrun for urban_data_streaming_demo to None, run_after=None
[2026-07-01T19:34:39.778+0000] {processor.py:208} INFO - Processing /opt/airflow/dags/urban_data_streaming_dag.py took 0.198 seconds
[2026-07-01T19:35:10.012+0000] {processor.py:186} INFO - Started process (PID=8952) to work on /opt/airflow/dags/urban_data_streaming_dag.py
[2026-07-01T19:35:10.014+0000] {processor.py:914} INFO - Processing file /opt/airflow/dags/urban_data_streaming_dag.py for tasks to queue
[2026-07-01T19:35:10.019+0000] {logging_mixin.py:190} INFO - [2026-07-01T19:35:10.018+0000] {dagbag.py:588} INFO - Filling up the DagBag from /opt/airflow/dags/urban_data_streaming_dag.py
[2026-07-01T19:35:10.059+0000] {processor.py:925} INFO - DAG(s) 'urban_data_streaming_demo' retrieved from /opt/airflow/dags/urban_data_streaming_dag.py
[2026-07-01T19:35:10.105+0000] {logging_mixin.py:190} INFO - [2026-07-01T19:35:10.104+0000] {dag.py:3239} INFO - Sync 1 DAGs
[2026-07-01T19:35:10.125+0000] {logging_mixin.py:190} INFO - [2026-07-01T19:35:10.124+0000] {dag.py:4180} INFO - Setting next_dagrun for urban_data_streaming_demo to None, run_after=None
[2026-07-01T19:35:10.160+0000] {processor.py:208} INFO - Processing /opt/airflow/dags/urban_data_streaming_dag.py took 0.157 seconds
[2026-07-01T19:35:40.926+0000] {processor.py:186} INFO - Started process (PID=8969) to work on /opt/airflow/dags/urban_data_streaming_dag.py
[2026-07-01T19:35:40.930+0000] {processor.py:914} INFO - Processing file /opt/airflow/dags/urban_data_streaming_dag.py for tasks to queue
[2026-07-01T19:35:40.934+0000] {logging_mixin.py:190} INFO - [2026-07-01T19:35:40.934+0000] {dagbag.py:588} INFO - Filling up the DagBag from /opt/airflow/dags/urban_data_streaming_dag.py
[2026-07-01T19:35:40.984+0000] {processor.py:925} INFO - DAG(s) 'urban_data_streaming_demo' retrieved from /opt/airflow/dags/urban_data_streaming_dag.py
[2026-07-01T19:35:41.044+0000] {logging_mixin.py:190} INFO - [2026-07-01T19:35:41.044+0000] {dag.py:3239} INFO - Sync 1 DAGs
[2026-07-01T19:35:41.062+0000] {logging_mixin.py:190} INFO - [2026-07-01T19:35:41.062+0000] {dag.py:4180} INFO - Setting next_dagrun for urban_data_streaming_demo to None, run_after=None
[2026-07-01T19:35:41.090+0000] {processor.py:208} INFO - Processing /opt/airflow/dags/urban_data_streaming_dag.py took 0.177 seconds
[2026-07-01T19:36:11.587+0000] {processor.py:186} INFO - Started process (PID=8980) to work on /opt/airflow/dags/urban_data_streaming_dag.py
[2026-07-01T19:36:11.590+0000] {processor.py:914} INFO - Processing file /opt/airflow/dags/urban_data_streaming_dag.py for tasks to queue
[2026-07-01T19:36:11.597+0000] {logging_mixin.py:190} INFO - [2026-07-01T19:36:11.595+0000] {dagbag.py:588} INFO - Filling up the DagBag from /opt/airflow/dags/urban_data_streaming_dag.py
[2026-07-01T19:36:11.685+0000] {processor.py:925} INFO - DAG(s) 'urban_data_streaming_demo' retrieved from /opt/airflow/dags/urban_data_streaming_dag.py
[2026-07-01T19:36:11.808+0000] {logging_mixin.py:190} INFO - [2026-07-01T19:36:11.808+0000] {dag.py:3239} INFO - Sync 1 DAGs
[2026-07-01T19:36:11.848+0000] {logging_mixin.py:190} INFO - [2026-07-01T19:36:11.847+0000] {dag.py:4180} INFO - Setting next_dagrun for urban_data_streaming_demo to None, run_after=None
[2026-07-01T19:36:11.897+0000] {processor.py:208} INFO - Processing /opt/airflow/dags/urban_data_streaming_dag.py took 0.320 seconds
[2026-07-01T19:36:42.377+0000] {processor.py:186} INFO - Started process (PID=8998) to work on /opt/airflow/dags/urban_data_streaming_dag.py
[2026-07-01T19:36:42.378+0000] {processor.py:914} INFO - Processing file /opt/airflow/dags/urban_data_streaming_dag.py for tasks to queue
[2026-07-01T19:36:42.386+0000] {logging_mixin.py:190} INFO - [2026-07-01T19:36:42.384+0000] {dagbag.py:588} INFO - Filling up the DagBag from /opt/airflow/dags/urban_data_streaming_dag.py
[2026-07-01T19:36:42.439+0000] {processor.py:925} INFO - DAG(s) 'urban_data_streaming_demo' retrieved from /opt/airflow/dags/urban_data_streaming_dag.py
[2026-07-01T19:36:42.470+0000] {logging_mixin.py:190} INFO - [2026-07-01T19:36:42.469+0000] {dag.py:3239} INFO - Sync 1 DAGs
[2026-07-01T19:36:42.488+0000] {logging_mixin.py:190} INFO - [2026-07-01T19:36:42.487+0000] {dag.py:4180} INFO - Setting next_dagrun for urban_data_streaming_demo to None, run_after=None
[2026-07-01T19:36:42.516+0000] {processor.py:208} INFO - Processing /opt/airflow/dags/urban_data_streaming_dag.py took 0.149 seconds
[2026-07-01T19:37:13.114+0000] {processor.py:186} INFO - Started process (PID=9016) to work on /opt/airflow/dags/urban_data_streaming_dag.py
[2026-07-01T19:37:13.116+0000] {processor.py:914} INFO - Processing file /opt/airflow/dags/urban_data_streaming_dag.py for tasks to queue
[2026-07-01T19:37:13.119+0000] {logging_mixin.py:190} INFO - [2026-07-01T19:37:13.118+0000] {dagbag.py:588} INFO - Filling up the DagBag from /opt/airflow/dags/urban_data_streaming_dag.py
[2026-07-01T19:37:13.148+0000] {processor.py:925} INFO - DAG(s) 'urban_data_streaming_demo' retrieved from /opt/airflow/dags/urban_data_streaming_dag.py
[2026-07-01T19:37:13.200+0000] {logging_mixin.py:190} INFO - [2026-07-01T19:37:13.200+0000] {dag.py:3239} INFO - Sync 1 DAGs
[2026-07-01T19:37:13.218+0000] {logging_mixin.py:190} INFO - [2026-07-01T19:37:13.218+0000] {dag.py:4180} INFO - Setting next_dagrun for urban_data_streaming_demo to None, run_after=None
[2026-07-01T19:37:13.247+0000] {processor.py:208} INFO - Processing /opt/airflow/dags/urban_data_streaming_dag.py took 0.142 seconds
[2026-07-01T19:37:43.673+0000] {processor.py:186} INFO - Started process (PID=9034) to work on /opt/airflow/dags/urban_data_streaming_dag.py
[2026-07-01T19:37:43.675+0000] {processor.py:914} INFO - Processing file /opt/airflow/dags/urban_data_streaming_dag.py for tasks to queue
[2026-07-01T19:37:43.678+0000] {logging_mixin.py:190} INFO - [2026-07-01T19:37:43.678+0000] {dagbag.py:588} INFO - Filling up the DagBag from /opt/airflow/dags/urban_data_streaming_dag.py
[2026-07-01T19:37:43.710+0000] {processor.py:925} INFO - DAG(s) 'urban_data_streaming_demo' retrieved from /opt/airflow/dags/urban_data_streaming_dag.py
[2026-07-01T19:37:43.745+0000] {logging_mixin.py:190} INFO - [2026-07-01T19:37:43.745+0000] {dag.py:3239} INFO - Sync 1 DAGs
[2026-07-01T19:37:43.769+0000] {logging_mixin.py:190} INFO - [2026-07-01T19:37:43.768+0000] {dag.py:4180} INFO - Setting next_dagrun for urban_data_streaming_demo to None, run_after=None
[2026-07-01T19:37:43.806+0000] {processor.py:208} INFO - Processing /opt/airflow/dags/urban_data_streaming_dag.py took 0.142 seconds
[2026-07-01T19:38:14.009+0000] {processor.py:186} INFO - Started process (PID=9053) to work on /opt/airflow/dags/urban_data_streaming_dag.py
[2026-07-01T19:38:14.011+0000] {processor.py:914} INFO - Processing file /opt/airflow/dags/urban_data_streaming_dag.py for tasks to queue
[2026-07-01T19:38:14.014+0000] {logging_mixin.py:190} INFO - [2026-07-01T19:38:14.013+0000] {dagbag.py:588} INFO - Filling up the DagBag from /opt/airflow/dags/urban_data_streaming_dag.py
[2026-07-01T19:38:14.046+0000] {processor.py:925} INFO - DAG(s) 'urban_data_streaming_demo' retrieved from /opt/airflow/dags/urban_data_streaming_dag.py
[2026-07-01T19:38:14.078+0000] {logging_mixin.py:190} INFO - [2026-07-01T19:38:14.078+0000] {dag.py:3239} INFO - Sync 1 DAGs
[2026-07-01T19:38:14.093+0000] {logging_mixin.py:190} INFO - [2026-07-01T19:38:14.093+0000] {dag.py:4180} INFO - Setting next_dagrun for urban_data_streaming_demo to None, run_after=None
[2026-07-01T19:38:14.115+0000] {processor.py:208} INFO - Processing /opt/airflow/dags/urban_data_streaming_dag.py took 0.113 seconds
[2026-07-01T19:38:44.636+0000] {processor.py:186} INFO - Started process (PID=9071) to work on /opt/airflow/dags/urban_data_streaming_dag.py
[2026-07-01T19:38:44.638+0000] {processor.py:914} INFO - Processing file /opt/airflow/dags/urban_data_streaming_dag.py for tasks to queue
[2026-07-01T19:38:44.642+0000] {logging_mixin.py:190} INFO - [2026-07-01T19:38:44.642+0000] {dagbag.py:588} INFO - Filling up the DagBag from /opt/airflow/dags/urban_data_streaming_dag.py
[2026-07-01T19:38:44.671+0000] {processor.py:925} INFO - DAG(s) 'urban_data_streaming_demo' retrieved from /opt/airflow/dags/urban_data_streaming_dag.py
[2026-07-01T19:38:44.718+0000] {logging_mixin.py:190} INFO - [2026-07-01T19:38:44.718+0000] {dag.py:3239} INFO - Sync 1 DAGs
[2026-07-01T19:38:44.737+0000] {logging_mixin.py:190} INFO - [2026-07-01T19:38:44.737+0000] {dag.py:4180} INFO - Setting next_dagrun for urban_data_streaming_demo to None, run_after=None
[2026-07-01T19:38:44.766+0000] {processor.py:208} INFO - Processing /opt/airflow/dags/urban_data_streaming_dag.py took 0.143 seconds
[2026-07-01T19:39:15.008+0000] {processor.py:186} INFO - Started process (PID=9089) to work on /opt/airflow/dags/urban_data_streaming_dag.py
[2026-07-01T19:39:15.011+0000] {processor.py:914} INFO - Processing file /opt/airflow/dags/urban_data_streaming_dag.py for tasks to queue
[2026-07-01T19:39:15.016+0000] {logging_mixin.py:190} INFO - [2026-07-01T19:39:15.016+0000] {dagbag.py:588} INFO - Filling up the DagBag from /opt/airflow/dags/urban_data_streaming_dag.py
[2026-07-01T19:39:15.050+0000] {processor.py:925} INFO - DAG(s) 'urban_data_streaming_demo' retrieved from /opt/airflow/dags/urban_data_streaming_dag.py
[2026-07-01T19:39:15.086+0000] {logging_mixin.py:190} INFO - [2026-07-01T19:39:15.086+0000] {dag.py:3239} INFO - Sync 1 DAGs
[2026-07-01T19:39:15.107+0000] {logging_mixin.py:190} INFO - [2026-07-01T19:39:15.107+0000] {dag.py:4180} INFO - Setting next_dagrun for urban_data_streaming_demo to None, run_after=None
[2026-07-01T19:39:15.145+0000] {processor.py:208} INFO - Processing /opt/airflow/dags/urban_data_streaming_dag.py took 0.145 seconds
[2026-07-01T19:39:45.861+0000] {processor.py:186} INFO - Started process (PID=9107) to work on /opt/airflow/dags/urban_data_streaming_dag.py
[2026-07-01T19:39:45.863+0000] {processor.py:914} INFO - Processing file /opt/airflow/dags/urban_data_streaming_dag.py for tasks to queue
[2026-07-01T19:39:45.867+0000] {logging_mixin.py:190} INFO - [2026-07-01T19:39:45.866+0000] {dagbag.py:588} INFO - Filling up the DagBag from /opt/airflow/dags/urban_data_streaming_dag.py
[2026-07-01T19:39:45.902+0000] {processor.py:925} INFO - DAG(s) 'urban_data_streaming_demo' retrieved from /opt/airflow/dags/urban_data_streaming_dag.py
[2026-07-01T19:39:45.944+0000] {logging_mixin.py:190} INFO - [2026-07-01T19:39:45.943+0000] {dag.py:3239} INFO - Sync 1 DAGs
[2026-07-01T19:39:45.965+0000] {logging_mixin.py:190} INFO - [2026-07-01T19:39:45.965+0000] {dag.py:4180} INFO - Setting next_dagrun for urban_data_streaming_demo to None, run_after=None
[2026-07-01T19:39:45.998+0000] {processor.py:208} INFO - Processing /opt/airflow/dags/urban_data_streaming_dag.py took 0.145 seconds
[2026-07-01T19:40:16.572+0000] {processor.py:186} INFO - Started process (PID=9125) to work on /opt/airflow/dags/urban_data_streaming_dag.py
[2026-07-01T19:40:16.573+0000] {processor.py:914} INFO - Processing file /opt/airflow/dags/urban_data_streaming_dag.py for tasks to queue
[2026-07-01T19:40:16.576+0000] {logging_mixin.py:190} INFO - [2026-07-01T19:40:16.576+0000] {dagbag.py:588} INFO - Filling up the DagBag from /opt/airflow/dags/urban_data_streaming_dag.py
[2026-07-01T19:40:16.608+0000] {processor.py:925} INFO - DAG(s) 'urban_data_streaming_demo' retrieved from /opt/airflow/dags/urban_data_streaming_dag.py
[2026-07-01T19:40:16.637+0000] {logging_mixin.py:190} INFO - [2026-07-01T19:40:16.636+0000] {dag.py:3239} INFO - Sync 1 DAGs
[2026-07-01T19:40:16.652+0000] {logging_mixin.py:190} INFO - [2026-07-01T19:40:16.652+0000] {dag.py:4180} INFO - Setting next_dagrun for urban_data_streaming_demo to None, run_after=None
[2026-07-01T19:40:16.679+0000] {processor.py:208} INFO - Processing /opt/airflow/dags/urban_data_streaming_dag.py took 0.115 seconds
[2026-07-01T19:40:47.054+0000] {processor.py:186} INFO - Started process (PID=9142) to work on /opt/airflow/dags/urban_data_streaming_dag.py
[2026-07-01T19:40:47.056+0000] {processor.py:914} INFO - Processing file /opt/airflow/dags/urban_data_streaming_dag.py for tasks to queue
[2026-07-01T19:40:47.060+0000] {logging_mixin.py:190} INFO - [2026-07-01T19:40:47.059+0000] {dagbag.py:588} INFO - Filling up the DagBag from /opt/airflow/dags/urban_data_streaming_dag.py
[2026-07-01T19:40:47.106+0000] {processor.py:925} INFO - DAG(s) 'urban_data_streaming_demo' retrieved from /opt/airflow/dags/urban_data_streaming_dag.py
[2026-07-01T19:40:47.144+0000] {logging_mixin.py:190} INFO - [2026-07-01T19:40:47.144+0000] {dag.py:3239} INFO - Sync 1 DAGs
[2026-07-01T19:40:47.161+0000] {logging_mixin.py:190} INFO - [2026-07-01T19:40:47.161+0000] {dag.py:4180} INFO - Setting next_dagrun for urban_data_streaming_demo to None, run_after=None
[2026-07-01T19:40:47.194+0000] {processor.py:208} INFO - Processing /opt/airflow/dags/urban_data_streaming_dag.py took 0.150 seconds
[2026-07-01T19:41:17.775+0000] {processor.py:186} INFO - Started process (PID=9153) to work on /opt/airflow/dags/urban_data_streaming_dag.py
[2026-07-01T19:41:17.777+0000] {processor.py:914} INFO - Processing file /opt/airflow/dags/urban_data_streaming_dag.py for tasks to queue
[2026-07-01T19:41:17.781+0000] {logging_mixin.py:190} INFO - [2026-07-01T19:41:17.781+0000] {dagbag.py:588} INFO - Filling up the DagBag from /opt/airflow/dags/urban_data_streaming_dag.py
[2026-07-01T19:41:17.825+0000] {processor.py:925} INFO - DAG(s) 'urban_data_streaming_demo' retrieved from /opt/airflow/dags/urban_data_streaming_dag.py
[2026-07-01T19:41:17.901+0000] {logging_mixin.py:190} INFO - [2026-07-01T19:41:17.900+0000] {dag.py:3239} INFO - Sync 1 DAGs
[2026-07-01T19:41:17.938+0000] {logging_mixin.py:190} INFO - [2026-07-01T19:41:17.937+0000] {dag.py:4180} INFO - Setting next_dagrun for urban_data_streaming_demo to None, run_after=None
[2026-07-01T19:41:17.982+0000] {processor.py:208} INFO - Processing /opt/airflow/dags/urban_data_streaming_dag.py took 0.217 seconds
[2026-07-01T19:41:48.777+0000] {processor.py:186} INFO - Started process (PID=9171) to work on /opt/airflow/dags/urban_data_streaming_dag.py
[2026-07-01T19:41:48.780+0000] {processor.py:914} INFO - Processing file /opt/airflow/dags/urban_data_streaming_dag.py for tasks to queue
[2026-07-01T19:41:48.786+0000] {logging_mixin.py:190} INFO - [2026-07-01T19:41:48.785+0000] {dagbag.py:588} INFO - Filling up the DagBag from /opt/airflow/dags/urban_data_streaming_dag.py
[2026-07-01T19:41:48.932+0000] {processor.py:925} INFO - DAG(s) 'urban_data_streaming_demo' retrieved from /opt/airflow/dags/urban_data_streaming_dag.py
[2026-07-01T19:41:49.045+0000] {logging_mixin.py:190} INFO - [2026-07-01T19:41:49.045+0000] {dag.py:3239} INFO - Sync 1 DAGs
[2026-07-01T19:41:49.066+0000] {logging_mixin.py:190} INFO - [2026-07-01T19:41:49.066+0000] {dag.py:4180} INFO - Setting next_dagrun for urban_data_streaming_demo to None, run_after=None
[2026-07-01T19:41:49.100+0000] {processor.py:208} INFO - Processing /opt/airflow/dags/urban_data_streaming_dag.py took 0.338 seconds
[2026-07-01T19:42:19.314+0000] {processor.py:186} INFO - Started process (PID=9189) to work on /opt/airflow/dags/urban_data_streaming_dag.py
[2026-07-01T19:42:19.316+0000] {processor.py:914} INFO - Processing file /opt/airflow/dags/urban_data_streaming_dag.py for tasks to queue
[2026-07-01T19:42:19.319+0000] {logging_mixin.py:190} INFO - [2026-07-01T19:42:19.319+0000] {dagbag.py:588} INFO - Filling up the DagBag from /opt/airflow/dags/urban_data_streaming_dag.py
[2026-07-01T19:42:19.355+0000] {processor.py:925} INFO - DAG(s) 'urban_data_streaming_demo' retrieved from /opt/airflow/dags/urban_data_streaming_dag.py
[2026-07-01T19:42:19.391+0000] {logging_mixin.py:190} INFO - [2026-07-01T19:42:19.390+0000] {dag.py:3239} INFO - Sync 1 DAGs
[2026-07-01T19:42:19.405+0000] {logging_mixin.py:190} INFO - [2026-07-01T19:42:19.405+0000] {dag.py:4180} INFO - Setting next_dagrun for urban_data_streaming_demo to None, run_after=None
[2026-07-01T19:42:19.439+0000] {processor.py:208} INFO - Processing /opt/airflow/dags/urban_data_streaming_dag.py took 0.137 seconds
[2026-07-01T19:42:49.560+0000] {processor.py:186} INFO - Started process (PID=9207) to work on /opt/airflow/dags/urban_data_streaming_dag.py
[2026-07-01T19:42:49.562+0000] {processor.py:914} INFO - Processing file /opt/airflow/dags/urban_data_streaming_dag.py for tasks to queue
[2026-07-01T19:42:49.565+0000] {logging_mixin.py:190} INFO - [2026-07-01T19:42:49.565+0000] {dagbag.py:588} INFO - Filling up the DagBag from /opt/airflow/dags/urban_data_streaming_dag.py
[2026-07-01T19:42:49.590+0000] {processor.py:925} INFO - DAG(s) 'urban_data_streaming_demo' retrieved from /opt/airflow/dags/urban_data_streaming_dag.py
[2026-07-01T19:42:49.625+0000] {logging_mixin.py:190} INFO - [2026-07-01T19:42:49.625+0000] {dag.py:3239} INFO - Sync 1 DAGs
[2026-07-01T19:42:49.641+0000] {logging_mixin.py:190} INFO - [2026-07-01T19:42:49.641+0000] {dag.py:4180} INFO - Setting next_dagrun for urban_data_streaming_demo to None, run_after=None
[2026-07-01T19:42:49.666+0000] {processor.py:208} INFO - Processing /opt/airflow/dags/urban_data_streaming_dag.py took 0.113 seconds
[2026-07-01T19:43:19.888+0000] {processor.py:186} INFO - Started process (PID=9225) to work on /opt/airflow/dags/urban_data_streaming_dag.py
[2026-07-01T19:43:19.889+0000] {processor.py:914} INFO - Processing file /opt/airflow/dags/urban_data_streaming_dag.py for tasks to queue
[2026-07-01T19:43:19.892+0000] {logging_mixin.py:190} INFO - [2026-07-01T19:43:19.892+0000] {dagbag.py:588} INFO - Filling up the DagBag from /opt/airflow/dags/urban_data_streaming_dag.py
[2026-07-01T19:43:19.920+0000] {processor.py:925} INFO - DAG(s) 'urban_data_streaming_demo' retrieved from /opt/airflow/dags/urban_data_streaming_dag.py
[2026-07-01T19:43:19.958+0000] {logging_mixin.py:190} INFO - [2026-07-01T19:43:19.958+0000] {dag.py:3239} INFO - Sync 1 DAGs
[2026-07-01T19:43:19.974+0000] {logging_mixin.py:190} INFO - [2026-07-01T19:43:19.974+0000] {dag.py:4180} INFO - Setting next_dagrun for urban_data_streaming_demo to None, run_after=None
[2026-07-01T19:43:19.997+0000] {processor.py:208} INFO - Processing /opt/airflow/dags/urban_data_streaming_dag.py took 0.118 seconds
