idu,id_adr,type_lien,nb_adr,nb_parc
75104000AG0099,75104_8548_00046,GEO,1,1
75104000AH0037,75104_8548_00014,GEO,1,1
75101000AY0054,75101_6034_00006,GEO,1,1
75104000AH0014,75104_9783_00046,GEO,3,1
75101000AK0027,75101_6kk03p_00013,GEO,1,1
75104000AN0011,75104_8953_00011,GEO,1,1
75101000AZ0003,75101_6033_00029,GEO,6,1
75101000AZ0030,75101_6033_00019,GEO,1,1
75101000AZ0003,75101_2543_00033,GEO,6,1
75104000AN0024,75104_8953_00032,GEO,3,1
75101000AO0154,75101_7525_00003,GEO,3,1
75101000AN0019,75101_2762_00001,GEO,2,1
75101000AZ0087,75101_6033_00018,GEO,1,1
75104000AF0067,75104_8549_00011_a,GEO,1,1
75104000AI0010,75104_2751_00014,GEO,4,1
75104000AN0015,75104_8953_00015,GEO,1,1
75104000AI0010,75104_4659_00012,GEO,4,1
75101000AO0154,75101_7525_00001,GEO,3,1
75104000AN0050,75104_4831_00010,GEO,2,1
75101000AZ0003,75101_2543_00031,GEO,6,1
75103000AN0001,75103_7061_00003,GEO,2,1
75104000AN0048,75104_8953_00016,GEO,1,1
75102000AO0047,75102_6828_00003,GEO,1,1
75103000AD0021,75103_9504_00051,GEO,2,1
75104000AN0024,75104_8953_00034,GEO,3,1
75101000AZ0003,75101_9653_00022,GEO,6,1
75104000AJ0004,75104_8548_00023,GEO,1,1
75101000AL0033,75101_6920_00074,GEO,2,1
75102000AO0048,75102_6828_00001,GEO,2,1
75101000AV0024,75101_0773_00083,GEO,4,1
75104000AH0014,75104_6021_00005,GEO,3,1
75104000AJ0034,75104_6618_00012,GEO,2,1
75104000AH0034,75104_8548_00008,GEO,1,1
75101000AY0053,75101_6034_00004,GEO,1,1
75101000AN0047,75101_4905_00013,GEO,2,1
75101000AZ0029,75101_6033_00017,GEO,1,1
75104000AN0019,75104_8953_00017,GEO,1,1
75104000AH0014,75104_6021_00003,GEO,3,1
75101000AN0019,75101_8590_00017,GEO,2,1
75101000AL0033,75101_4592_00029,GEO,2,1
75104000AN0024,75104_3820_00021,GEO,3,1
75104000AN0043,75104_8953_00026,GEO,1,1
75101000AV0024,75101_0773_00084,GEO,4,1
75102000AO0207,75102_5850_00025,GEO,3,1
75101000AV0024,75101_0776_00015,GEO,4,1
75104000AN0050,75104_8953_00014,GEO,2,1
75101000AV0024,75101_0773_00085,GEO,4,1
75104000AF0068,75104_8549_00011,GEO,1,1
75101000AN0047,75101_8590_00013,GEO,2,1
75104000AF0025,75104_8548_00039,GEO,1,1
75103000AN0006,75103_8953_00044,GEO,1,1
75104000AN0046,75104_8953_00020,GEO,1,1
75101000AZ0003,75101_4228_00003_b,GEO,6,1
75101000AZ0003,75101_9653_00024,GEO,6,1
75101000AZ0023,75101_6034_00005,GEO,1,1
75101000BC0011,75101_1993_00006,GEO,1,1
75104000AI0010,75104_3820_00045,GEO,4,1
75101000AZ0026,75101_6034_00011,GEO,1,1
75102000AO0046,75102_6828_00005,GEO,1,1
75102000AO0207,75102_6828_00007,GEO,3,1
75104000AG0097,75104_8548_00038,GEO,1,1
75103000AD0021,75103_8073_00031,GEO,2,1
75101000AZ0024,75101_6034_00007,GEO,1,1
75104000AG0096,75104_8548_00036,GEO,1,1
75101000AZ0085,75101_6033_00022,GEO,1,1
75103000AN0001,75103_8953_00054,GEO,2,1
75104000AJ0034,75104_8548_00019,GEO,2,1
75104000AG0102,75104_8548_00052,GEO,1,1
75101000AO0154,75101_8590_00025,GEO,3,1
75104000AH0056,75104_8548_00022_b,GEO,1,1
75102000AO0048,75102_0789_00019,GEO,2,1
75104000AJ0066,75104_8548_00005,GEO,1,1
75104000AI0010,75104_3820_00043_b,GEO,4,1
75103000AN0009,75103_8953_00038,GEO,1,1
75102000AO0207,75102_5850_00027,GEO,3,1
75101000AN0042,75101_8590_00007,GEO,1,1
75101000AN0043,75101_8590_00009,GEO,1,1
75104000AV0076,75104_8678_00043,GEO,1,1
75104000AV0052,75104_8678_00046,GEO,1,1
75104000AU0005,75104_8678_00025,GEO,1,1
75105000AC0097,75105_6448_00003,GEO,1,1
75104000AN0094,75104_6944_00015,GEO,2,1
75104000AW0085,75104_8678_00090,GEO,1,1
75104000AW0078,75104_8678_00076,GEO,1,1
75104000AV0118,75104_8678_00071,GEO,1,1
75105000AK0103,75105_4108_00055,GEO,2,1
75105000AM0004,75105_4108_00030,GEO,2,1
75104000AV0130,75104_8678_00081,GEO,1,1
75104000AV0134,75104_8678_00053,GEO,2,1
75105000AD0037,75105_3747_00028,GEO,1,1
75104000AU0004,75104_8678_00027,GEO,1,1
75104000AU0026,75104_8678_00008,GEO,2,1
75104000AV0040,75104_8678_00020,GEO,2,1
75105000AM0004,75105_4108_00030_b,GEO,2,1
75105000AK0103,75105_4108_00057,GEO,2,1
75104000AV0013,75104_8678_00056,GEO,1,1
75104000AU0020,75104_8678_00014,GEO,1,1
75104000AV0042,75104_8678_00026,GEO,1,1
75104000AU0059,75104_8678_00003,GEO,2,1
75105000AD0029,75105_3747_00020,GEO,1,1
75104000AV0041,75104_8678_00024,GEO,1,1
75104000AU0026,75104_8678_00006,GEO,2,1
75104000AV0007,75104_8678_00064,GEO,2,1
75104000AU0022,75104_8678_00010,GEO,1,1
75104000AV0047,75104_8678_00036,GEO,1,1
75104000AV0120,75104_8678_00073,GEO,1,1
75104000AY0010,75104_sc0dix_00004,GEO,1,1
75104000AV0007,75104_8678_00066,GEO,2,1
75105000AH0002,75105_3747_00044,GEO,1,1
75104000AV0098,75104_8678_00057,GEO,1,1
75104000AU0003,75104_8678_00029,GEO,1,1
75105000AC0088,75105_6448_00011,GEO,1,1
75105000AD0030,75105_3747_00022,GEO,1,1
75104000AU0042,75104_8678_00011,GEO,1,1
75104000AV0044,75104_8678_00030,GEO,1,1
75105000AR0001,75105_4108_00024,GEO,1,1
75105000AK0109,75105_4108_00051,GEO,1,1
75105000AM0021,75105_4108_00034_b,GEO,2,1
75104000AW0082,75104_8678_00084_a,GEO,1,1
75104000AV0119,75104_8678_00069,GEO,1,1
75105000AK0112,75105_4108_00049,GEO,1,1
75104000AV0040,75104_8678_00022,GEO,2,1
75104000AV0051,75104_8678_00044,GEO,1,1
75104000AV0134,75104_8678_00051,GEO,2,1
75105000AM0021,75105_4108_00034,GEO,2,1
75104000AV0105,75104_8678_00067,GEO,1,1
75104000AU0059,75104_4583_00007,GEO,2,1
75104000AV0097,75104_8678_00055,GEO,1,1
75104000AW0079,75104_8678_00078,GEO,1,1
75104000AN0094,75104_8953_00006,GEO,2,1
75104000AV0046,75104_8678_00034,GEO,1,1
75104000AV0012,75104_8678_00058,GEO,1,1
75104000AV0006,75104_8678_00068,GEO,1,1
75104000AV0055,75104_8678_00037,GEO,1,1
75104000AV0050,75104_8678_00042,GEO,1,1
75105000AK0108,75105_4108_00053,GEO,1,1
75105000BL0022,75105_6448_00036,GEO,2,1
75105000BL0010,75105_2137_00011,GEO,3,1
75105000AR0068,75105_4108_00012,GEO,1,1
75105000BL0020,75105_6448_00030,GEO,1,1
75105000BL0050,75105_5340_00002,GEO,2,1
75107000AE0072,75107_8631_00032,GEO,2,1
75107000AE0039,75107_8631_00031,GEO,1,1
75106000AP0019,75106_1562_00005,GEO,1,1
75105000BI0069,75105_3749_00018,GEO,1,1
75105000BL0027,75105_6448_00050,GEO,1,1
75107000AD0043,75107_8631_00014,GEO,2,1
75105000BL0010,75105_6448_00034,GEO,3,1
75106000BC0052,75106_8653_00010,GEO,2,1
75105000AT0026,75105_1642_00004,GEO,7,1
75107000AE0072,75107_8631_00034,GEO,2,1
75105000AS0035,75105_3751_00004,GEO,3,1
75107000AL0048,75107_8762_00013,GEO,1,1
75105000BI0046,75105_3749_00004,GEO,1,1
75105000AT0026,75105_4108_00037,GEO,7,1
75105000BI0082,75105_9517_00010,GEO,3,1
75106000AG0033,75106_8619_00103,GEO,2,1
75105000BL0023,75105_6448_00040,GEO,4,1
75105000BL0072,75105_6448_00062,GEO,1,1
75105000BJ0040,75105_3749_00005,GEO,2,1
75105000BK0035,75105_3749_00021,GEO,2,1
75107000AF0039,75107_8079_00001,GEO,2,1
75105000BL0069,75105_6448_00064,GEO,2,1
75105000AR0089,75105_4108_00015,GEO,4,1
75105000AR0069,75105_4108_00006,GEO,3,1
75105000AT0026,75105_4108_00035,GEO,7,1
75106000BL0018,75106_2758_00008,GEO,1,1
75105000BL0095,75105_8596_00016,GEO,6,1
75105000BL0095,75105_6448_00047_b,GEO,6,1
75106000BC0058,75106_8653_00004,GEO,3,1
75106000BC0051,75106_8653_00012,GEO,1,1
75105000AS0035,75105_3751_00002,GEO,3,1
75105000BK0036,75105_2143_00005,GEO,2,1
75105000BI0056,75105_3749_00016,GEO,1,1
75105000AR0069,75105_4108_00008,GEO,3,1
75105000BK0036,75105_3749_00017,GEO,2,1
75105000AR0089,75105_3751_00003,GEO,4,1
75105000AR0083,75105_3751_00013,GEO,1,1
75105000BL0069,75105_6448_00066,GEO,2,1
75106000AP0014,75106_1562_00004,GEO,1,1
75105000BI0075,75105_3749_00024,GEO,1,1
75105000AS0009,75105_3751_00012,GEO,2,1
75105000BL0021,75105_6448_00032,GEO,1,1
75105000BL0095,75105_8596_00014,GEO,6,1
75106000AG0033,75106_6871_00001,GEO,2,1
75106000AG0030,75106_6871_00006,GEO,2,1
75106000BC0057,75106_8653_00006,GEO,1,1
75105000BL0023,75105_1053_00010,GEO,4,1
75107000AD0073,75107_8631_00013,GEO,2,1
75105000AS0035,75105_3573_00001,GEO,3,1
75105000BJ0038,75105_3749_00009,GEO,1,1
75105000AR0089,75105_7576_00047,GEO,4,1
75107000AF0031,75107_8079_00008,GEO,1,1
75107000AE0029,75107_8619_00185,GEO,2,1
75105000BI0082,75105_9517_00008,GEO,3,1
75105000BJ0039,75105_3749_00003,GEO,1,1
75105000AT0026,75105_1642_00002,GEO,7,1
75105000BL0095,75105_6448_00049,GEO,6,1
75105000AS0009,75105_3751_00014,GEO,2,1
75105000BL0050,75105_6448_00058,GEO,2,1
75105000BL0095,75105_8596_00010,GEO,6,1
75105000AR0085,75105_3751_00007,GEO,2,1
75106000BC0052,75106_8653_00008,GEO,2,1
75107000AE0029,75107_8631_00019,GEO,2,1
75105000AR0088,75105_3751_00005,GEO,1,1
75106000BC0058,75106_8955_00119,GEO,3,1
75105000BL0023,75105_6448_00042,GEO,4,1
75107000AF0039,75107_8955_00014,GEO,2,1
75106000AG0030,75106_7940_00002,GEO,2,1
75106000BC0058,75106_8653_00002,GEO,3,1
75105000BL0095,75105_8596_00012,GEO,6,1
75105000AR0089,75105_3751_00001,GEO,4,1
75105000AR0069,75105_4108_00010,GEO,3,1
75107000AD0043,75107_7792_00020,GEO,2,1
75105000AT0026,75105_2580_00001,GEO,7,1
75105000BI0082,75105_3377_00027,GEO,3,1
75105000AT0026,75105_2580_00003,GEO,7,1
75105000BI0054,75105_3749_00012,GEO,1,1
75106000AG0034,75106_6871_00003,GEO,1,1
75105000BL0022,75105_1053_00011,GEO,2,1
75107000AD0073,75107_7294_00009,GEO,2,1
75105000BL0023,75105_6448_00038,GEO,4,1
75105000AT0026,75105_1642_00006,GEO,7,1
75105000BK0035,75105_3749_00019,GEO,2,1
75105000BJ0040,75105_3749_00007,GEO,2,1
75105000AR0085,75105_3751_00009,GEO,2,1
75106000AG0039,75106_6871_00015,GEO,1,1
75105000BL0010,75105_1053_00007,GEO,3,1
75105000AR0105,,,,
75107000BI0013,75107_4015_00026,GEO,1,1
75107000AU0011,75107_8529_00046,GEO,1,1
75107000AM0032,75107_8619_00215,GEO,3,1
75107000CD0008,75107_8529_00145,GEO,1,1
75107000CF0020,75107_9114_00053,GEO,2,1
75107000BR0024,75107_9393_00009,GEO,10,1
75107000CD0066,75107_8904_00003,GEO,7,1
75107000CD0125,75107_8529_00117,GEO,1,1
75107000CD0126,75107_8529_00115,GEO,1,1
75107000CD0001,75107_4042_00003,GEO,3,1
75107000BR0024,75107_5827_00001,GEO,10,1
75107000AM0036,75107_8762_00003,GEO,3,1
75107000BR0024,75107_5827_00001_b,GEO,10,1
75107000BJ0018,75107_4015_00009,GEO,22,1
75107000BZ0041,75107_8529_00091,GEO,2,1
75107000CI0049,75107_5202_00033,GEO,2,1
75107000AX0052,75107_8529_00011_b,GEO,2,1
75107000BJ0018,75107_3076_00007,GEO,22,1
75107000AR0010,75107_8529_00030,GEO,1,1
75107000AM0032,75107_8762_00002,GEO,3,1
75107000AM0036,75107_7170_00008,GEO,3,1
75107000BI0019,75107_6200_00008,GEO,5,1
75107000BZ0016,75107_8529_00099,GEO,1,1
75107000AM0003,75107_0825_00025,GEO,6,1
75107000AR0022,75107_1202_00008,GEO,2,1
75107000BR0024,75107_0991_00005,GEO,10,1
75107000CD0066,75107_8904_00004,GEO,7,1
75107000CD0066,75107_8529_00133,GEO,7,1
75107000BJ0018,75107_4015_00011,GEO,22,1
75107000BZ0112,75107_8529_00105,GEO,1,1
75107000CD0066,75107_8904_00002,GEO,7,1
75107000AR0006,75107_8529_00034,GEO,1,1
75107000BJ0018,75107_3045_00016,GEO,22,1
75107000BJ0018,75107_3045_00014,GEO,22,1
75107000BI0019,75107_6200_00006,GEO,5,1
75107000BI0019,75107_4015_00019_t,GEO,5,1
75107000CG0017,75107_9114_00025,GEO,2,1
75107000BJ0018,75107_4015_00013,GEO,22,1
75107000BR0024,75107_0991_00003,GEO,10,1
75107000AM0003,75107_0825_00023,GEO,6,1
75107000BJ0016,75107_4015_00006,GEO,1,1
75107000BZ0060,75107_8529_00083,GEO,1,1
75107000BZ0042,75107_8529_00089,GEO,2,1
75107000BJ0018,75107_4015_00005,GEO,22,1
75107000BI0014,75107_4015_00022,GEO,2,1
75107000AX0052,75107_8529_00013,GEO,2,1
75107000BR0024,75107_0991_00007,GEO,10,1
75107000BJ0018,75107_6160_00006,GEO,22,1
75107000BI0011,75107_4015_00032,GEO,2,1
75107000BJ0014,75107_4015_00010,GEO,1,1
75107000CD0001,75107_5202_00047,GEO,3,1
75107000CI0049,75107_4022_00012,GEO,2,1
75107000BI0011,75107_4015_00030,GEO,2,1
75107000CD0066,75107_8904_00005,GEO,7,1
75107000BZ0015,75107_8529_00103,GEO,1,1
75107000AM0003,75107_0825_00021,GEO,6,1
75107000BJ0018,75107_4015_00007,GEO,22,1
75107000CD0078,75107_8529_00131,GEO,1,1
75107000BJ0018,75107_4015_00003,GEO,22,1
75107000CI0045,75107_4022_00008,GEO,2,1
75107000BZ0082,75107_8529_00075,GEO,4,1
75107000AM0003,75107_0825_00027,GEO,6,1
75107000BR0024,75107_8909_00002,GEO,10,1
75107000BI0019,75107_4015_00019,GEO,5,1
75107000AX0040,75107_8529_00027,GEO,1,1
75107000BJ0018,75107_4015_00001,GEO,22,1
75107000BJ0018,75107_6160_00002,GEO,22,1
75107000BZ0042,75107_4934_00002,GEO,2,1
75107000BJ0018,75107_6160_00012,GEO,22,1
75107000BJ0018,75107_3045_00010,GEO,22,1
75107000BJ0018,75107_3076_00011,GEO,22,1
75107000BJ0013,75107_4015_00012,GEO,1,1
75107000BZ0003,75107_8529_00109_b,GEO,1,1
75107000CD0066,75107_8904_00001,GEO,7,1
75107000CG0017,75107_4051_00005,GEO,2,1
75107000AM0036,75107_7170_00006,GEO,3,1
75107000BJ0018,75107_3076_00013,GEO,22,1
75107000BJ0018,75107_3076_00009,GEO,22,1
75107000CD0001,75107_8529_00149,GEO,3,1
75107000BI0019,75107_4015_00019_b,GEO,5,1
75107000BJ0018,75107_6160_00004,GEO,22,1
75107000AL0049,75107_8762_00011,GEO,1,1
75107000CD0066,75107_8904_00006,GEO,7,1
75107000CJ0014,75107_8529_00122,GEO,1,1
75107000BJ0018,75107_6160_00014,GEO,22,1
75107000BJ0018,75107_6160_00008,GEO,22,1
75107000AL0050,75107_8762_00009,GEO,1,1
75107000BR0024,75107_9611_00009,GEO,10,1
75107000BZ0082,75107_2223_00001,GEO,4,1
75107000CI0048,75107_4022_00010,GEO,1,1
75107000BJ0018,75107_6160_00010,GEO,22,1
75107000BZ0082,75107_8529_00073,GEO,4,1
75107000CJ0015,75107_8529_00120,GEO,1,1
75107000AM0003,75107_8529_00007,GEO,6,1
75107000AV0003,75107_8529_00067,GEO,1,1
75107000CD0106,75107_8529_00125,GEO,1,1
75107000BJ0015,75107_4015_00008,GEO,1,1
75107000BJ0018,75107_3045_00012,GEO,22,1
75107000BZ0017,75107_8529_00097,GEO,1,1
75107000BZ0041,75107_0268_00001,GEO,2,1
75107000BR0024,75107_9611_00011,GEO,10,1
75107000AR0022,75107_8529_00022,GEO,2,1
75107000BI0025,75107_4015_00029,GEO,1,1
75107000BZ0059,75107_8529_00085,GEO,1,1
75107000BI0014,75107_4015_00020_b,GEO,2,1
75107000AX0045,75107_8529_00021,GEO,1,1
75107000BZ0014,75107_8529_00101,GEO,1,1
75107000CF0020,75107_4033_00006,GEO,2,1
75107000AM0032,75107_8762_00004,GEO,3,1
75107000AM0018,75107_8762_00012,GEO,1,1
75107000CI0045,75107_4022_00006,GEO,2,1
75107000BZ0082,75107_2223_00003,GEO,4,1
75107000BR0024,75107_0991_00001,GEO,10,1
75107000AM0003,75107_0825_00027_b,GEO,6,1
75108000AX0039,75108_3518_00233,GEO,5,1
75107000CL0029,75107_4935_00019,GEO,4,1
75108000AR0065,75108_jjathb_00050,GEO,1,1
75108000AM0012,75108_jjathb_00016,GEO,5,1
75108000AM0012,75108_0746_00013,GEO,5,1
75108000AU0036,75108_9942_00021,GEO,1,1
75108000AX0039,75108_9936_00003_b,GEO,5,1
75108000AK0042,75108_cqomj4_00040,GEO,2,1
75107000CS0004,75107_6866_00002,GEO,2,1
75107000CK0033,75107_8529_00102,GEO,4,1
75108000AU0011,75108_9942_00007,GEO,2,1
75107000CK0033,75107_5317_00018,GEO,4,1
75107000CK0052,75107_8529_00100,GEO,2,1
75107000CL0029,75107_4935_00017,GEO,4,1
75107000CL0029,75107_8529_00072,GEO,4,1
75107000CL0058,75107_8529_00056,GEO,1,1
75108000AL0005,75108_cqomj4_00014,GEO,1,1
75108000BF0023,75108_9942_00028,GEO,2,1
75107000CL0077,75107_8529_00080,GEO,3,1
75107000CL0059,75107_9127_00028,GEO,5,1
75107000CJ0036,75107_8529_00112,GEO,3,1
75108000AX0039,75108_9936_00003,GEO,5,1
75107000CK0090,75107_8529_00096,GEO,3,1
75107000CK0053,75107_8529_00094,GEO,3,1
75108000AP0056,75108_kj8t0g_00040,GEO,1,1
75108000AU0016,75108_9942_00015,GEO,1,1
75108000AL0001,75108_0746_00010,GEO,4,1
75108000AU0013,75108_1914_00005,GEO,3,1
75107000CL0059,75107_s6zv5o_00001,GEO,5,1
75108000AU0011,75108_9942_00005,GEO,2,1
75107000CL0059,75107_8529_00054,GEO,5,1
75107000CS0004,75107_5532_00020,GEO,2,1
75107000CJ0038,75107_8529_00108,GEO,1,1
75108000AL0001,75108_jjathb_00007,GEO,4,1
75108000AM0012,75108_jjathb_00014,GEO,5,1
75108000AL0001,75108_0746_00012,GEO,4,1
75107000CL0030,75107_8529_00070,GEO,1,1
75108000AU0037,75108_9942_00023,GEO,1,1
75108000BF0023,75108_9942_00026,GEO,2,1
75108000AK0032,75108_cqomj4_00030,GEO,1,1
75108000AN0029,75108_5388_00021,GEO,2,1
75108000AL0001,75108_9584bm_00009,GEO,4,1
75108000AM0012,75108_0746_00015,GEO,5,1
75108000AP0085,75108_kj8t0g_00032,GEO,2,1
75108000AL0007,75108_cqomj4_00008,GEO,2,1
75108000AU0010,75108_9942_00003,GEO,1,1
75108000BF0024,75108_9942_00030,GEO,1,1
75108000BF0025,75108_9942_00032,GEO,3,1
75108000AL0007,75108_jjathb_00003,GEO,2,1
75107000CL0012,75107_8529_00086,GEO,1,1
75108000AR0013,75108_jjathb_00062,GEO,1,1
75107000CK0029,75107_1119_00035,GEO,2,1
75107000CK0033,75107_5317_00020,GEO,4,1
75107000CL0077,75107_8529_00082,GEO,3,1
75108000BF0015,75108_9942_00022,GEO,2,1
75108000AP0085,75108_2841_00002,GEO,2,1
75107000CK0053,75107_7480_00003,GEO,3,1
75107000CL0077,75107_8529_00084,GEO,3,1
75108000AU0013,75108_9942_00013,GEO,3,1
75107000CK0033,75107_5317_00016,GEO,4,1
75107000CJ0033,75107_8529_00116,GEO,1,1
75108000AK0042,75108_4897_00039,GEO,2,1
75107000CL0025,75107_8529_00078,GEO,1,1
75108000AU0054,75108_9942_00035,GEO,1,1
75108000BF0015,75108_9942_00024,GEO,2,1
75107000CK0052,75107_5317_00017,GEO,2,1
75108000AP0057,75108_kj8t0g_00038,GEO,1,1
75108000AU0013,75108_1914_00011,GEO,3,1
75107000CJ0016,75107_8529_00118,GEO,1,1
75108000AX0039,75108_9936_00001,GEO,5,1
75108000BQ0035,75108_1993_00011,GEO,1,1
75107000CL0029,75107_4935_00015,GEO,4,1
75108000BF0025,75108_6877_00008,GEO,3,1
75107000CK0053,75107_7480_00001,GEO,3,1
75107000CL0059,75107_9127_00030,GEO,5,1
75107000CJ0035,75107_8903_00016,GEO,2,1
75107000CK0090,75107_5317_00015,GEO,3,1
75108000BE0013,75108_8728_00008,GEO,1,1
75108000AM0012,75108_9584bm_00002,GEO,5,1
75108000BF0006,75108_9942_00010,GEO,1,1
75108000AX0029,75108_9936_00023,GEO,1,1
75107000CJ0036,75107_8903_00011_b,GEO,3,1
75107000CL0059,75107_s6zv5o_00003,GEO,5,1
75108000AU0035,75108_9942_00019,GEO,2,1
75107000CL0042,75107_8529_00064,GEO,1,1
75108000BF0025,75108_9942_00034,GEO,3,1
75108000AU0038,75108_9942_00021_a,GEO,1,1
75107000CJ0036,75107_8903_00013,GEO,3,1
75108000AN0029,75108_jjathb_00029,GEO,2,1
75107000CK0029,75107_8529_00104,GEO,2,1
75107000CJ0035,75107_8529_00114,GEO,2,1
75107000CK0090,75107_8529_00098,GEO,3,1
75108000AU0045,75108_9942_00033,GEO,1,1
75108000AU0035,75108_1914_00002,GEO,2,1
75108000AX0039,75108_9936_00005,GEO,5,1
75109000AF0121,75109_1602_00038,GEO,1,1
75108000CG0048,75108_2386_00005,GEO,3,1
75109000AI0052,75109_9369_00004,GEO,9,1
75109000AU0048,75109_9663_00031,GEO,25,1
75109000AI0052,75109_1602_00009,GEO,9,1
75109000AU0059,75109_3510_00017,GEO,1,1
75109000AU0048,75109_9663_00009,GEO,25,1
75109000AU0048,75109_9663_00007,GEO,25,1
75109000AI0052,75109_1602_00017,GEO,9,1
75109000AU0061,75109_3510_00013,GEO,1,1
75109000AU0040,75109_4295_00012,GEO,1,1
75109000AU0048,75109_9663_00024,GEO,25,1
75109000AB0076,75109_1547_00004,GEO,1,1
75109000AI0046,75109_5211_00025,GEO,2,1
75109000AU0057,75109_4295_00005,GEO,1,1
75109000AH0007,75109_3374_00006,GEO,1,1
75109000AU0048,75109_9663_00034,GEO,25,1
75109000AF0125,75109_1602_00046,GEO,1,1
75109000AH0022,75109_8673_00052,GEO,4,1
75109000AH0045,75109_1602_00032,GEO,2,1
75109000AU0062,75109_3510_00011,GEO,1,1
75109000AU0042,75109_3510_00035,GEO,2,1
75109000AH0040,75109_0572_00029,GEO,2,1
75109000AU0048,75109_9663_00012,GEO,25,1
75109000AU0048,75109_9663_00020,GEO,25,1
75109000AI0052,75109_9369_00006,GEO,9,1
75109000AU0055,75109_4295_00001,GEO,2,1
75109000AU0042,75109_7866_00001,GEO,2,1
75109000AF0012,75109_1602_00056,GEO,1,1
75109000AU0048,75109_9663_00005,GEO,25,1
75109000AP0082,75109_1949_00048,GEO,1,1
75109000AH0040,75109_1602_00024,GEO,2,1
75109000AU0048,75109_9663_00029,GEO,25,1
75109000AP0010,75109_1949_00033,GEO,3,1
75109000AU0048,75109_9663_00018,GEO,25,1
75109000AU0048,75109_9663_00013_b,GEO,25,1
75109000AI0052,75109_9369_00002,GEO,9,1
75109000AF0006,75109_1602_00066,GEO,1,1
75109000AI0046,75109_1602_00031,GEO,2,1
75109000AB0032,75109_2116_00056_b,GEO,2,1
75109000AF0009,75109_1602_00060,GEO,2,1
75109000AH0008,75109_3374_00004,GEO,4,1
75109000AB0072,75109_1547_00012,GEO,1,1
75109000AP0011,75109_5026_00001,GEO,2,1
75109000AU0043,75109_3510_00033,GEO,1,1
75109000AH0022,75109_1602_00004,GEO,4,1
75109000AI0052,75109_1602_00019,GEO,9,1
75109000AH0008,75109_8673_00066,GEO,4,1
75109000AC0098,75109_5211_00026,GEO,2,1
75109000AU0055,75109_3510_00019,GEO,2,1
75109000AF0008,75109_1602_00062,GEO,1,1
75109000AU0038,75109_4295_00016,GEO,1,1
75109000AC0081,75109_1602_00053,GEO,3,1
75109000AF0130,75109_1602_00050,GEO,1,1
75109000AB0046,75109_1547_00007,GEO,1,1
75109000AU0048,75109_3510_00031_b,GEO,25,1
75109000AU0048,75109_9663_00017,GEO,25,1
75109000AF0009,75109_1602_00058,GEO,2,1
75109000AB0032,75109_1547_00001,GEO,2,1
75109000AB0075,75109_1547_00006,GEO,1,1
75109000AU0048,75109_9663_00011,GEO,25,1
75109000AU0044,75109_4295_00010,GEO,1,1
75109000AU0048,75109_9663_00027,GEO,25,1
75109000AC0084,75109_1602_00047,GEO,1,1
75109000AH0045,75109_5211_00023,GEO,2,1
75109000AU0048,75109_9663_00026,GEO,25,1
75109000AU0048,75109_9663_00019,GEO,25,1
75108000CG0048,75108_7855_00005,GEO,3,1
75109000AC0097,75109_1602_00035,GEO,1,1
75109000AH0008,75109_8673_00064,GEO,4,1
75109000AH0043,75109_1602_00028,GEO,1,1
75109000AF0005,75109_1602_00066_a,GEO,1,1
75109000AF0007,75109_1602_00064,GEO,1,1
75109000AU0048,75109_9663_00008,GEO,25,1
75109000AU0048,75109_9663_00014,GEO,25,1
75109000AU0048,75109_9663_00013,GEO,25,1
75109000AH0008,75109_3374_00002_b,GEO,4,1
75109000AU0048,75109_9663_00022,GEO,25,1
75109000AC0098,75109_1602_00033,GEO,2,1
75109000AU0048,75109_9663_00015,GEO,25,1
75109000AU0048,75109_9663_00016,GEO,25,1
75109000AP0010,75109_7866_00070,GEO,3,1
75109000AC0081,75109_7484_00050,GEO,3,1
75109000AU0048,75109_9663_00010,GEO,25,1
75109000AU0056,75109_4295_00003,GEO,1,1
75109000AC0081,75109_6832_00064,GEO,3,1
75109000AH0022,75109_1602_00002,GEO,4,1
75109000AU0045,75109_4295_00008,GEO,1,1
75109000AH0022,75109_8673_00050,GEO,4,1
75108000CG0048,75108_7855_00003,GEO,3,1
75109000AI0052,75109_1602_00015,GEO,9,1
75109000AP0010,75109_7866_00072,GEO,3,1
75109000AM0037,75109_1949_00068,GEO,1,1
75109000AP0038,75109_1949_00058,GEO,1,1
75109000AP0081,75109_1949_00050,GEO,1,1
75109000AI0052,75109_1602_00011,GEO,9,1
75109000AU0051,75109_3510_00027,GEO,1,1
75109000AU0039,75109_4295_00014,GEO,1,1
75109000AP0011,75109_1949_00035,GEO,2,1
75109000AI0052,75109_1602_00013,GEO,9,1
75109000AU0048,75109_9663_00028,GEO,25,1
75109000AU0065,75109_3510_00007,GEO,1,1
75109000AB0048,75109_1547_00011,GEO,1,1
75109000AY0013,75109_3510_00068,GEO,2,1
75109000AZ0034,75109_8299_00007,GEO,1,1
75109000AY0164,75109_3510_00057,GEO,1,1
75109000AZ0048,75109_8299_00011,GEO,1,1
75109000AW0006,75109_3510_00028,GEO,1,1
75109000AZ0066,75109_8299_00024_a,GEO,1,1
75109000AZ0067,75109_8299_00026,GEO,2,1
75109000AU0096,75109_4295_00017,GEO,1,1
75109000AZ0072,75109_8299_00036,GEO,2,1
75109000BA0011,75109_5381_00046,GEO,1,1
75109000AZ0109,75109_1290_00002,GEO,4,1
75109000AZ0083,75109_8289_00039,GEO,1,1
75109000AZ0092,75109_8289_00021,GEO,1,1
75109000AZ0166,75109_8289_00035,GEO,3,1
75109000AZ0111,75109_1290_00001_z,GEO,7,1
75109000AZ0070,75109_8299_00032,GEO,1,1
75109000AZ0105,75109_1290_00008,GEO,2,1
75109000AZ0064,75109_4pprby_00003,GEO,1,1
75109000AZ0052,75109_8299_00012,GEO,2,1
75109000BA0008,75109_5381_00048,GEO,1,1
75109000AY0017,75109_3510_00062,GEO,1,1
75109000AY0008,75109_3510_00063,GEO,1,1
75109000AZ0109,75109_1290_00006,GEO,4,1
75109000AZ0067,75109_8299_00028,GEO,2,1
75109000AZ0105,75109_8289_00011,GEO,2,1
75109000AZ0111,75109_1290_00003,GEO,7,1
75109000AZ0106,75109_8289_00015,GEO,1,1
75109000AY0089,75109_3510_00054,GEO,1,1
75109000AW0002,75109_3510_00032,GEO,1,1
75109000AU0094,75109_4295_00013,GEO,1,1
75109000AY0090,75109_3510_00052,GEO,1,1
75109000AZ0109,75109_1290_00004,GEO,4,1
75109000AZ0151,75109_8299_00024,GEO,2,1
75109000AZ0053,75109_8299_00006,GEO,1,1
75109000AZ0111,75109_8289_00005_b,GEO,7,1
75109000AZ0078,75109_5381_00013,GEO,1,1
75109000AZ0079,75109_5381_00011,GEO,1,1
75109000AY0013,75109_3510_00066_b,GEO,2,1
75109000AZ0109,75109_8289_00009,GEO,4,1
75109000BA0015,75109_5381_00042,GEO,1,1
75109000AY0098,75109_3510_00041,GEO,1,1
75109000AZ0151,75109_8299_00022,GEO,2,1
75109000AZ0082,75109_5381_00003,GEO,2,1
75109000AZ0111,75109_1290_00005,GEO,7,1
75109000AZ0065,75109_8299_00020,GEO,1,1
75109000AZ0166,75109_8289_00037,GEO,3,1
75109000AZ0077,75109_5381_00015,GEO,1,1
75109000AZ0075,75109_5381_00019,GEO,1,1
75109000AW0026,75109_3510_00026,GEO,2,1
75109000AY0015,75109_3510_00066,GEO,1,1
75109000AZ0113,75109_8289_00003,GEO,1,1
75109000AZ0111,75109_1290_00007,GEO,7,1
75109000AZ0072,75109_5381_00025,GEO,2,1
75109000AZ0166,75109_6183_00033,GEO,3,1
75109000AY0016,75109_3510_00064,GEO,1,1
75109000AZ0052,75109_8299_00010,GEO,2,1
75109000AZ0074,75109_5381_00021,GEO,1,1
75109000AZ0071,75109_8299_00034,GEO,1,1
75109000AW0026,75109_3510_00024,GEO,2,1
75109000AZ0111,75109_8289_00007,GEO,7,1
75109000BA0004,75109_5381_00052,GEO,1,1
75109000AZ0049,75109_0090_00001,GEO,2,1
75109000AZ0049,75109_8299_00013,GEO,2,1
75109000AY0097,75109_3510_00043,GEO,1,1
75109000AW0005,75109_3510_00030,GEO,1,1
75109000AZ0051,75109_8299_00014,GEO,1,1
75109000AZ0111,75109_1290_00001,GEO,7,1
75109000AZ0081,75109_5381_00005,GEO,1,1
75109000AZ0082,75109_8289_00041,GEO,2,1
75109000AZ0084,,,,
75109000BA0075,75109_5381_00024,GEO,1,1
75109000BC0058,75109_8288_00011,GEO,1,1
75109000BA0058,75109_8289_00051,GEO,1,1
75109000BA0057,75109_9508_00001,GEO,2,1
75109000BB0001,75109_8288_00063,GEO,3,1
75109000BD0007,75109_8299_00070,GEO,1,1
75109000BC0019,75109_8288_00025,GEO,1,1
75109000BC0098,75109_8289_00082,GEO,2,1
75109000BC0060,75109_8288_00009,GEO,1,1
75109000BA0100,75109_5381_00039,GEO,1,1
75109000BA0084,75109_8299_00021,GEO,1,1
75109000BA0159,75109_5382_00003,GEO,1,1
75109000BA0074,75109_5381_00022,GEO,1,1
75109000BA0037,75109_8299_00041,GEO,1,1
75109000BA0080,75109_8299_00029,GEO,1,1
75109000BA0085,75109_8299_00019,GEO,1,1
75109000BC0040,75109_8289_00087,GEO,1,1
75109000BC0015,75109_8288_00029,GEO,1,1
75109000BA0061,75109_8289_00045,GEO,1,1
75109000BA0157,75109_5382_00005,GEO,1,1
75109000BC0062,75109_8288_00007,GEO,1,1
75109000BC0098,75109_2685_00021,GEO,2,1
75109000BA0161,75109_5381_00036,GEO,2,1
75109000BA0161,75109_5382_00001,GEO,2,1
75109000BA0059,75109_8289_00049,GEO,1,1
75109000BC0059,75109_8288_00009_b,GEO,1,1
75109000BA0077,75109_5381_00028,GEO,2,1
75109000BA0016,75109_5381_00040,GEO,1,1
75109000BC0101,75109_8289_00078,GEO,1,1
75109000BA0060,75109_8289_00047,GEO,1,1
75109000BC0061,75109_8288_00007_b,GEO,1,1
75109000BA0076,75109_5381_00026,GEO,1,1
75109000BA0062,75109_5381_00006,GEO,3,1
75109000BC0038,75109_8289_00083,GEO,1,1
75109000BC0052,75109_8289_00092,GEO,1,1
75109000BB0046,75109_8288_00049,GEO,1,1
75109000BA0165,75109_5382_00004,GEO,1,1
75109000BA0062,75109_5381_00008,GEO,3,1
75109000BB0060,75109_8299_00053_b,GEO,1,1
75109000BA0062,75109_8289_00043,GEO,3,1
75109000BB0001,75109_6147_00072_t,GEO,3,1
75109000BC0037,75109_8289_00081,GEO,1,1
75109000BB0058,75109_8299_00055,GEO,1,1
75109000BC0041,75109_2685_00026,GEO,2,1
75109000BA0032,75109_8299_00037,GEO,1,1
75109000BA0077,75109_8299_00038,GEO,2,1
75109000BB0057,75109_8299_00057,GEO,1,1
75109000BA0065,75109_5381_00016,GEO,1,1
75109000BA0057,75109_8289_00053,GEO,2,1
75109000BC0036,75109_2990_00068,GEO,2,1
75109000BC0036,75109_8289_00079,GEO,2,1
75109000BC0041,75109_8289_00084,GEO,2,1
75109000BA0020,75109_5381_00038_b,GEO,2,1
75109000BC0016,75109_8288_00027,GEO,1,1
75109000BA0020,75109_5381_00038,GEO,2,1
75109000BB0064,75109_8299_00051,GEO,1,1
75109000BB0001,75109_9872_00013,GEO,3,1
75109000BC0128,75109_8288_00017,GEO,1,1
75109000BA0079,75109_5381_00029,GEO,1,1
75109000BC0064,75109_8288_00003,GEO,1,1
75109000BC0057,75109_8288_00013,GEO,1,1
75109000BF0017,75109_6125_00031,GEO,1,1
75109000BD0109,75109_8289_00058,GEO,5,1
75109000BF0002,75109_6125_00037,GEO,1,1
75110000AB0042,75110_8782_00025,GEO,2,1
75109000BF0043,75109_6125_00001,GEO,3,1
75109000BE0056,75109_3512_00107,GEO,2,1
75109000BF0026,75109_6125_00021,GEO,2,1
75109000BE0008,75109_8289_00040,GEO,1,1
75109000BF0065,75109_8289_00006,GEO,1,1
75109000BF0021,75109_6125_00027,GEO,1,1
75109000BD0109,75109_8289_00058_b,GEO,5,1
75110000AB0048,75110_8782_00020,GEO,1,1
75109000BE0058,75109_6125_00008,GEO,1,1
75110000AB0031,75110_8782_00023,GEO,2,1
75109000BF0043,75109_3512_00105,GEO,3,1
75109000BF0037,75109_6125_00013,GEO,1,1
75109000BD0141,75109_8289_00067,GEO,1,1
75109000BD0011,75109_8299_00066,GEO,2,1
75109000BE0057,75109_6125_00004,GEO,2,1
75109000BE0098,75109_6125_00026,GEO,2,1
75109000BE0108,75109_6125_00038,GEO,1,1
75109000BE0059,75109_6125_00012,GEO,2,1
75109000BF0001,75109_6125_00041,GEO,3,1
75109000BD0125,75109_8289_00048,GEO,1,1
75109000BF0036,75109_6125_00015,GEO,1,1
75110000AA0022,75110_3512_00164,GEO,1,1
75110000AB0012,75110_8295_00029_b,GEO,1,1
75110000AB0042,75110_0262_00007,GEO,2,1
75109000BE0002,75109_8289_00036,GEO,1,1
75109000BE0060,75109_6125_00014,GEO,1,1
75109000BF0041,75109_6125_00009,GEO,2,1
75109000BD0036,75109_9508_00012,GEO,4,1
75110000AB0013,75110_8295_00029,GEO,1,1
75109000BF0001,75109_6125_00039,GEO,3,1
75109000BF0023,75109_6125_00023,GEO,1,1
75109000BD0033,75109_8289_00059,GEO,1,1
75109000BD0049,75109_8289_00075,GEO,1,1
75109000BE0098,75109_6125_00028,GEO,2,1
75109000BD0109,75109_8289_00060,GEO,5,1
75109000BF0026,75109_7479_00003,GEO,2,1
75109000BD0030,75109_8289_00057,GEO,1,1
75109000BF0003,75109_6125_00035,GEO,1,1
75109000BD0036,75109_8289_00065,GEO,4,1
75109000BD0112,75109_8289_00056,GEO,1,1
75109000BE0062,75109_6125_00018_b,GEO,2,1
75109000BD0034,75109_8289_00059_b,GEO,1,1
75109000BF0018,75109_6125_00029,GEO,1,1
75110000AB0028,75110_8782_00019,GEO,1,1
75109000BE0099,75109_6125_00030,GEO,1,1
75109000BE0001,75109_5381_00004,GEO,2,1
75109000BE0059,75109_6125_00010,GEO,2,1
75109000BF0066,75109_8289_00008,GEO,1,1
75109000BD0011,75109_8299_00068,GEO,2,1
75109000BD0109,75109_7359_00025,GEO,5,1
75109000BD0036,75109_8289_00063,GEO,4,1
75110000AB0031,75110_8782_00021,GEO,2,1
75109000BE0001,75109_8289_00034,GEO,2,1
75109000BD0149,75109_8289_00069_a,GEO,1,1
75109000BD0036,75109_8289_00061,GEO,4,1
75109000BD0061,75109_8289_00066,GEO,1,1
75109000BE0106,75109_6125_00036,GEO,1,1
75110000AB0047,75110_8782_00022,GEO,1,1
75109000BF0038,75109_6125_00011,GEO,1,1
75109000BE0062,75109_6125_00018,GEO,2,1
75110000AB0051,75110_8782_00018,GEO,1,1
75109000BF0043,75109_6125_00003,GEO,3,1
75109000BF0041,75109_6125_00007,GEO,2,1
75109000BF0001,75109_8289_00026,GEO,3,1
75109000BE0057,75109_6125_00006,GEO,2,1
75109000BE0056,75109_6125_00002,GEO,2,1
75109000BD0109,75109_8289_00060_b,GEO,5,1
75109000BE0105,75109_6125_00034,GEO,1,1
75110000AB0095,75110_8295_00023,GEO,1,1
75110000AD0013,75110_3516_00191,GEO,1,1
75110000AC0006,75110_3516_00187,GEO,1,1
75110000AF0027,75110_3522_00259,GEO,3,1
75110000AF0025,75110_0398_00084,GEO,5,1
75110000AH0017,75110_3516_00210,GEO,1,1
75110000AF0025,75110_3522_00265,GEO,5,1
75110000AF0026,75110_0398_00080,GEO,3,1
75110000AF0025,75110_3522_00263,GEO,5,1
75110000AG0025,75110_3522_00219,GEO,1,1
75110000AF0064,75110_3522_00229,GEO,1,1
75110000AG0027,75110_3522_00215,GEO,1,1
75110000AD0009,75110_3516_00199,GEO,1,1
75110000AF0026,75110_0398_00082,GEO,3,1
75110000AD0012,75110_3516_00193,GEO,1,1
75110000AF0025,75110_0693_00001,GEO,5,1
75110000AG0026,75110_3522_00217,GEO,3,1
75110000AE0080,75110_3516_00230,GEO,2,1
75110000AC0007,75110_3516_00189,GEO,1,1
75110000AB0090,75110_3512_00132,GEO,1,1
75110000AE0068,75110_3516_00220,GEO,1,1
75110000AB0091,75110_8295_00019,GEO,1,1
75110000AG0042,75110_3522_00195,GEO,1,1
75110000AG0043,75110_3522_00193,GEO,1,1
75110000AG0045,75110_3522_00189,GEO,1,1
75110000AB0089,75110_3512_00130,GEO,1,1
75110000AF0027,75110_3522_00257,GEO,3,1
75110000AB0084,75110_3512_00126,GEO,2,1
75110000AG0046,75110_3522_00187,GEO,3,1
75110000AE0078,75110_3516_00228,GEO,1,1
75110000AB0058,75110_8295_00024,GEO,1,1
75110000AG0037,75110_3522_00205,GEO,1,1
75110000AB0092,75110_8295_00021,GEO,1,1
75110000AB0052,75110_8782_00016,GEO,1,1
75110000AB0094,75110_3512_00136,GEO,1,1
75110000AG0026,75110_5240_00202,GEO,3,1
75110000AG0038,75110_3522_00203,GEO,1,1
75110000AF0027,75110_0398_00078,GEO,3,1
75110000AI0002,75110_3516_00186,GEO,1,1
75110000AD0008,75110_3516_00201,GEO,1,1
75110000AF0028,75110_3522_00255,GEO,1,1
75110000AF0026,75110_3522_00261,GEO,3,1
75110000AD0010,75110_3516_00197,GEO,1,1
75110000AF0025,75110_0693_00002,GEO,5,1
75110000AE0080,75110_5764_00075,GEO,2,1
75110000AG0046,75110_1924_00002,GEO,3,1
75110000AF0034,75110_3522_00247,GEO,1,1
75110000AB0096,75110_8295_00025,GEO,2,1
75110000AG0046,75110_3522_00185,GEO,3,1
75110000AB0084,75110_6183_00067,GEO,2,1
75110000AF0063,75110_3522_00231,GEO,1,1
75110000AG0026,75110_5240_00200,GEO,3,1
75110000AD0006,75110_3516_00205,GEO,1,1
75110000AE0069,75110_3516_00222,GEO,1,1
75110000AF0059,75110_3522_00235,GEO,1,1
75110000AE0076,75110_3516_00226,GEO,1,1
75110000AB0096,75110_2990_00041,GEO,2,1
75110000AB0067,75110_8782_00007,GEO,1,1
75110000AF0057,75110_3522_00239,GEO,1,1
75110000AG0034,75110_3522_00207,GEO,1,1
75110000AB0068,75110_8782_00005,GEO,1,1
75110000AF0058,75110_3522_00237,GEO,1,1
75110000AD0007,75110_3516_00203,GEO,1,1
75110000AF0033,,,,
75110000AF0040,,,,
75110000AK0010,75110_2659_00012,GEO,16,1
75110000AQ0044,75110_3516_00102,GEO,1,1
75110000AK0031,75110_3516_00144,GEO,12,1
75110000AP0053,75110_3516_00105,GEO,1,1
75110000AK0010,75110_2659_00001,GEO,16,1
75110000AM0005,75110_8782_00006,GEO,1,1
75110000AK0031,75110_0249_00011,GEO,12,1
75110000AN0083,75110_3512_00112,GEO,2,1
75110000AL0036,75110_9549_00011,GEO,1,1
75110000AK0010,75110_2659_00008,GEO,16,1
75110000AO0019,75110_3512_00080,GEO,3,1
75110000AR0017,75110_3516_00077,GEO,1,1
75110000AK0031,75110_0249_00015,GEO,12,1
75110000AK0010,75110_2659_00011,GEO,16,1
75110000AK0010,75110_2659_00009,GEO,16,1
75110000AN0016,75110_8295_00002,GEO,2,1
75110000AK0010,75110_0249_00025,GEO,16,1
75110000AK0031,75110_0249_00007,GEO,12,1
75110000AI0029,75110_0398_00009,GEO,2,1
75110000AK0010,75110_2659_00003,GEO,16,1
75110000AK0010,75110_2659_00014,GEO,16,1
75110000AK0015,75110_3516_00140,GEO,1,1
75110000AN0067,75110_3512_00094,GEO,1,1
75110000AL0044,75110_3516_00139,GEO,1,1
75110000AK0031,75110_3516_00144_b,GEO,12,1
75110000AQ0043,75110_3516_00106,GEO,2,1
75110000AO0043,75110_3512_00070,GEO,1,1
75110000AQ0063,75110_4833_00012,GEO,2,1
75110000AK0010,75110_3516_00148,GEO,16,1
75110000AO0019,75110_6290_00022,GEO,3,1
75110000AK0031,75110_0249_00013,GEO,12,1
75110000AI0018,75110_3516_00170,GEO,1,1
75110000AK0016,75110_3516_00132,GEO,1,1
75110000AP0054,75110_3516_00103,GEO,1,1
75110000AN0082,75110_0022_00015,GEO,2,1
75110000AK0010,75110_2659_00002,GEO,16,1
75110000AQ0043,75110_3516_00104,GEO,2,1
75110000AJ0027,75110_3516_00162_p,GEO,1,1
75110000AI0013,75110_3516_00176,GEO,1,1
75110000AK0010,75110_2659_00005,GEO,16,1
75110000AO0019,75110_6290_00024,GEO,3,1
75110000AN0004,75110_3512_00116,GEO,1,1
75110000AP0056,75110_3516_00099,GEO,1,1
75110000AP0045,75110_3598_00007,GEO,1,1
75110000AQ0033,75110_3516_00110,GEO,1,1
75110000AM0003,75110_8782_00010,GEO,1,1
75110000AN0016,75110_0022_00008,GEO,2,1
75110000AK0031,75110_0249_00009,GEO,12,1
75110000AK0010,75110_2659_00006,GEO,16,1
75110000AP0080,75110_4496_00006,GEO,1,1
75110000AN0079,75110_3512_00104,GEO,1,1
75110000AM0086,75110_3516_00157,GEO,2,1
75110000AL0037,75110_9549_00009,GEO,1,1
75110000AK0031,75110_0249_00017,GEO,12,1
75110000AL0054,75110_3516_00129,GEO,1,1
75110000AN0013,75110_8295_00005,GEO,1,1
75110000AN0082,75110_3512_00110,GEO,2,1
75110000AP0046,75110_3598_00007_b,GEO,1,1
75110000AI0011,75110_3516_00180,GEO,1,1
75110000AK0010,75110_2659_00010,GEO,16,1
75110000AN0068,75110_3512_00096,GEO,1,1
75110000AK0010,75110_2659_00004,GEO,16,1
75110000AM0004,75110_8782_00008,GEO,1,1
75110000AN0083,75110_0022_00017,GEO,2,1
75110000AL0052,75110_3516_00131,GEO,1,1
75110000AP0055,75110_3516_00101,GEO,1,1
75110000AI0029,75110_3516_00178_a,GEO,2,1
75110000AK0031,75110_0249_00019,GEO,12,1
75110000AQ0063,75110_3516_00092,GEO,2,1
75110000AL0049,75110_3516_00137,GEO,1,1
75110000AM0089,75110_3516_00155,GEO,1,1
75110000AN0061,75110_3512_00090,GEO,1,1
75110000AN0012,75110_8295_00007,GEO,1,1
75110000AN0024,75110_8295_00004,GEO,1,1
75110000AK0031,75110_0249_00021,GEO,12,1
75110000AP0044,75110_3598_00005,GEO,1,1
75110000AM0094,75110_3516_00153,GEO,1,1
75110000AK0031,75110_3516_00146_a,GEO,12,1
75110000AL0050,75110_3516_00135,GEO,1,1
75110000AP0033,75110_3598_00010,GEO,1,1
75110000AK0010,75110_2659_00007,GEO,16,1
75110000AK0014,75110_3516_00142,GEO,1,1
75110000AK0031,75110_0249_00023,GEO,12,1
75110000AK0010,75110_2659_00013,GEO,16,1
75110000AM0086,75110_5240_00156,GEO,2,1
75110000AR0050,75110_9100_00053,GEO,2,1
75110000AW0037,75110_4708_00017,GEO,1,1
75110000AU0045,75110_3516_00051,GEO,2,1
75110000AW0052,75110_3516_00022_a,GEO,1,1
75110000AW0056,75110_3516_00016,GEO,2,1
75110000AU0035,75110_7328_00011_z,GEO,3,1
75110000AR0031,75110_4833_00013,GEO,2,1
75110000AW0056,75110_3516_00016_b,GEO,2,1
75110000AW0034,75110_3516_00044,GEO,1,1
75110000AV0036,75110_6226_00015,GEO,1,1
75110000AW0055,75110_3516_00018,GEO,1,1
75110000AV0059,75110_3512_00002,GEO,4,1
75110000AR0040,75110_2738_00034,GEO,13,1
75110000AU0035,75110_7328_00011,GEO,3,1
75110000AV0059,75110_1097_00044,GEO,4,1
75110000AS0089,75110_3512_00058,GEO,2,1
75110000AR0040,75110_2738_00035,GEO,13,1
75110000AV0073,75110_3084_00047,GEO,2,1
75110000AR0040,75110_2738_00033,GEO,13,1
75110000AW0035,75110_4708_00022,GEO,3,1
75110000AW0041,75110_3516_00038,GEO,2,1
75110000AW0051,75110_3516_00020,GEO,1,1
75110000AV0073,75110_3512_00014,GEO,2,1
75110000AV0084,75110_3084_00013,GEO,4,1
75110000AR0040,75110_2738_00040,GEO,13,1
75110000AS0012,75110_3512_00054,GEO,1,1
75110000AV0038,75110_6226_00011,GEO,1,1
75110000AR0050,75110_3516_00074,GEO,2,1
75110000AV0084,75110_3084_00011,GEO,4,1
75110000AT0035,75110_3512_00024,GEO,1,1
75110000AV0084,75110_6226_00019,GEO,4,1
75110000AV0063,75110_3512_00008,GEO,1,1
75110000AW0030,75110_4708_00014,GEO,1,1
75110000AR0040,75110_9100_00061,GEO,13,1
75110000AU0073,75110_3516_00066,GEO,1,1
75110000AW0072,75110_3516_00010,GEO,1,1
75110000AV0061,75110_3512_00004,GEO,1,1
75110000AW0033,75110_4708_00020,GEO,1,1
75110000AU0045,75110_3516_00053,GEO,2,1
75110000AU0082,75110_3516_00060,GEO,1,1
75110000AR0029,75110_3516_00093,GEO,1,1
75110000AR0032,75110_3516_00088,GEO,1,1
75110000AW0035,75110_3516_00042,GEO,3,1
75110000AR0039,75110_3516_00086,GEO,1,1
75110000AS0005,75110_3512_00062,GEO,1,1
75110000AU0081,75110_3516_00062,GEO,1,1
75110000AR0021,75110_3516_00085,GEO,1,1
75110000AV0072,75110_3512_00012,GEO,1,1
75110000AR0020,75110_3516_00083,GEO,1,1
75110000AV0059,75110_1097_00042,GEO,4,1
75110000AW0041,75110_9100_00025,GEO,2,1
75110000AR0031,75110_3516_00090,GEO,2,1
75110000AW0035,75110_4708_00019,GEO,3,1
75110000AS0013,75110_3512_00052,GEO,1,1
75110000AW0066,75110_8522_00016,GEO,1,1
75110000AU0048,75110_3516_00059,GEO,1,1
75110000AR0040,75110_9100_00065,GEO,13,1
75110000AW0013,75110_3516_00041,GEO,1,1
75110000AU0035,75110_7328_00013,GEO,3,1
75110000AR0040,75110_9100_00063,GEO,13,1
75110000AR0040,75110_2738_00036,GEO,13,1
75110000AS0089,75110_7042_00011,GEO,2,1
75110000AR0040,75110_2738_00037,GEO,13,1
75110000AV0039,75110_6226_00009,GEO,1,1
75110000AW0039,75110_4708_00013,GEO,1,1
75110000AU0049,75110_3516_00061,GEO,1,1
75110000AS0001,75110_3512_00064,GEO,2,1
75110000AV0059,75110_1097_00042_b,GEO,4,1
75110000AR0040,75110_2738_00038,GEO,13,1
75110000AW0036,75110_3516_00040,GEO,1,1
75110000AR0040,75110_2738_00039,GEO,13,1
75110000AR0040,75110_2738_00032,GEO,13,1
75110000AR0047,75110_3516_00078,GEO,1,1
75110000AV0084,75110_6226_00017,GEO,4,1
75110000AT0004,75110_3512_00040,GEO,1,1
75110000AU0044,75110_3516_00049,GEO,1,1
75110000AU0065,75110_3516_00067,GEO,1,1
75110000AW0074,75110_3516_00006,GEO,1,1
75110000AS0001,75110_7043_00059,GEO,2,1
75110000AR0040,75110_3516_00084,GEO,13,1
75110000AX0021,75110_6144_00003,GEO,4,1
75110000AX0021,75110_9100_00008,GEO,4,1
75110000AZ0012,75110_3522_00051,GEO,3,1
75110000AW0075,75110_8522_00022,GEO,1,1
75110000AZ0013,75110_3522_00053,GEO,2,1
75110000AZ0012,75110_7912_00002,GEO,3,1
75110000AW0124,75110_3516_00037,GEO,2,1
75110000AW0129,75110_3516_00017,GEO,1,1
75110000AW0078,75110_3516_00002,GEO,2,1
75110000AX0022,75110_9100_00006,GEO,2,1
75110000AX0036,75110_3522_00007,GEO,1,1
75110000AW0108,75110_3516_00027,GEO,2,1
75110000AX0034,75110_3522_00003,GEO,1,1
75110000AW0102,75110_3516_00019,GEO,1,1
75110000AZ0016,75110_1916_00047,GEO,2,1
75110000AX0077,75110_3522_00008,GEO,1,1
75110000AX0061,75110_3522_00032,GEO,1,1
75110000AX0048,75110_3522_00039,GEO,1,1
75110000AZ0066,75110_3522_00064,GEO,1,1
75110000AZ0013,75110_3522_00055,GEO,2,1
75110000AW0098,75110_6226_00012,GEO,1,1
75110000AX0051,75110_3522_00046,GEO,1,1
75110000AW0084,75110_3516_00009,GEO,1,1
75110000AW0083,75110_3516_00007,GEO,1,1
75110000AX0060,75110_3522_00034,GEO,1,1
75110000AW0101,75110_6226_00016,GEO,1,1
75110000AX0021,75110_3522_00019,GEO,4,1
75110000AW0106,75110_3516_00023,GEO,1,1
75110000AX0053,75110_3522_00038,GEO,4,1
75110000AZ0008,75110_7912_00004,GEO,2,1
75110000AX0068,75110_3522_00018,GEO,1,1
75110000AX0078,75110_3522_00006,GEO,1,1
75110000AX0067,75110_3522_00020,GEO,1,1
75110000AW0104,75110_6226_00018,GEO,1,1
75110000AX0042,75110_3522_00027,GEO,2,1
75110000AW0078,75110_8522_00028,GEO,2,1
75110000AW0113,75110_3084_00009,GEO,2,1
75110000AX0022,75110_3522_00013,GEO,2,1
75110000AW0128,75110_3516_00036,GEO,1,1
75110000AZ0062,75110_1916_00039,GEO,2,1
75110000AZ0061,75110_3522_00068,GEO,1,1
75110000AZ0008,75110_7912_00006,GEO,2,1
75110000AZ0062,75110_3522_00066,GEO,2,1
75110000AW0124,75110_3084_00006,GEO,2,1
75110000AZ0059,75110_1916_00043,GEO,2,1
75110000AZ0010,75110_3522_00045,GEO,1,1
75110000AW0077,75110_8522_00026,GEO,1,1
75110000AX0053,75110_3522_00044,GEO,4,1
75110000AX0021,75110_3522_00017,GEO,4,1
75110000AW0113,75110_6226_00022,GEO,2,1
75110000AX0049,75110_3522_00041,GEO,1,1
75110000AW0105,75110_6226_00020,GEO,1,1
75110000AZ0012,75110_3522_00049,GEO,3,1
75110000AX0054,75110_3522_00036,GEO,1,1
75110000AX0063,75110_3522_00030_a,GEO,1,1
75110000AX0042,75110_6144_00006,GEO,2,1
75110000AX0043,75110_3522_00029,GEO,1,1
75110000AZ0023,75110_3522_00084,GEO,1,1
75110000AZ0015,75110_3522_00059,GEO,1,1
75110000AW0103,75110_3516_00021,GEO,1,1
75110000AW0096,75110_6226_00008,GEO,1,1
75110000AZ0014,75110_3522_00057,GEO,1,1
75110000AW0093,75110_1097_00016,GEO,2,1
75110000AZ0016,75110_3522_00061,GEO,2,1
75110000AX0053,75110_3522_00040,GEO,4,1
75110000AX0080,75110_3522_00004,GEO,1,1
75110000AX0053,75110_3522_00042,GEO,4,1
75110000AW0108,75110_3516_00029,GEO,2,1
75110000AZ0059,75110_3522_00070,GEO,2,1
75110000AW0093,75110_6226_00002,GEO,2,1
75110000BA0035,75110_2738_00012,GEO,20,1
75110000BA0035,75110_2738_00006,GEO,20,1
75110000BA0035,75110_2738_00003,GEO,20,1
75110000BA0027,75110_3522_00069,GEO,1,1
75110000BJ0004,75110_3508_00053,GEO,2,1
75110000BI0041,75110_3508_00031,GEO,1,1
75110000BA0052,75110_6664_00018,GEO,2,1
75110000BH0020,75110_3508_00013,GEO,2,1
75110000BA0016,75110_3522_00081,GEO,3,1
75110000AZ0080,75110_3522_00048,GEO,1,1
75110000BA0035,75110_2738_00016,GEO,20,1
75110000BA0045,75110_3522_00096,GEO,3,1
75110000BC0059,75110_4293_00004,GEO,1,1
75110000BC0060,75110_4293_00006,GEO,1,1
75110000BI0035,75110_3508_00041,GEO,1,1
75110000BB0033,75110_3522_00132,GEO,1,1
75110000BF0046,75110_szr96z_00006,GEO,1,1
75110000BJ0029,75110_3508_00059,GEO,1,1
75110000BC0062,75110_0952_00065,GEO,3,1
75110000BA0052,75110_3522_00088,GEO,2,1
75110000BJ0028,75110_3508_00057,GEO,2,1
75110000BA0016,75110_9100_00046,GEO,3,1
75110000BA0035,75110_2738_00019,GEO,20,1
75110000BI0036,75110_3508_00039,GEO,1,1
75110000BA0028,75110_3522_00071,GEO,2,1
75110000BA0035,75110_2738_00004,GEO,20,1
75110000BB0028,75110_3522_00138,GEO,1,1
75110000BJ0101,75110_3508_00101,GEO,1,1
75110000BA0030,75110_3522_00077,GEO,1,1
75110000BC0062,75110_4293_00010,GEO,3,1
75110000BJ0100,75110_3508_00103,GEO,1,1
75110000BJ0098,75110_1379_00004,GEO,3,1
75110000BA0035,75110_2738_00018,GEO,20,1
75110000BA0035,75110_2738_00013,GEO,20,1
75110000BB0035,75110_3522_00128,GEO,1,1
75110000BA0035,75110_2738_00015,GEO,20,1
75110000BA0035,75110_3522_00089,GEO,20,1
75110000BJ0004,75110_0106_00001,GEO,2,1
75110000BJ0028,75110_0106_00002,GEO,2,1
75110000BH0020,75110_3508_00011,GEO,2,1
75110000BJ0030,75110_3508_00061,GEO,1,1
75110000BA0032,75110_3522_00083,GEO,1,1
75110000BA0045,75110_8693_00001,GEO,3,1
75110000AZ0073,75110_3522_00058,GEO,1,1
75110000AZ0077,75110_3522_00052,GEO,1,1
75110000BA0035,75110_2738_00005,GEO,20,1
75110000BC0065,75110_4293_00003,GEO,1,1
75110000BA0035,75110_2738_00011,GEO,20,1
75110000BA0035,75110_2738_00010,GEO,20,1
75110000BA0016,75110_9100_00048,GEO,3,1
75110000BA0035,75110_2738_00007,GEO,20,1
75110000BA0037,75110_3522_00093,GEO,1,1
75110000BA0035,75110_2738_00001,GEO,20,1
75110000BA0035,75110_2738_00008,GEO,20,1
75110000BA0044,75110_3522_00098,GEO,1,1
75110000BJ0103,75110_3508_00095,GEO,1,1
75110000BB0170,75110_3522_00142,GEO,1,1
75110000BA0035,75110_2738_00009,GEO,20,1
75110000BH0037,75110_3508_00023,GEO,1,1
75110000BF0050,75110_szr96z_00005,GEO,1,1
75110000BA0008,75110_3522_00101,GEO,1,1
75110000BA0029,75110_3522_00075,GEO,1,1
75110000BB0036,75110_3522_00126,GEO,2,1
75110000BH0038,75110_3508_00025,GEO,1,1
75110000BB0019,75110_3522_00123,GEO,2,1
75110000BH0032,75110_3508_00017,GEO,1,1
75110000BJ0003,75110_3508_00051,GEO,1,1
75110000BB0031,75110_3522_00134,GEO,1,1
75110000BA0031,75110_3522_00079,GEO,1,1
75110000BH0034,75110_3508_00021,GEO,1,1
75110000BA0028,75110_3522_00073,GEO,2,1
75110000BC0061,75110_4293_00008,GEO,1,1
75110000BB0019,75110_3522_00125,GEO,2,1
75110000BA0035,75110_2738_00002,GEO,20,1
75110000AZ0079,75110_3522_00050,GEO,1,1
75110000BA0035,75110_2738_00014,GEO,20,1
75110000BJ0098,75110_1379_00006,GEO,3,1
75110000BA0045,75110_8693_00001_t,GEO,3,1
75110000BC0062,75110_0952_00067,GEO,3,1
75110000BA0035,75110_2738_00017,GEO,20,1
75110000BB0036,75110_8081_00001_p2,GEO,2,1
75110000BI0039,75110_3508_00033,GEO,1,1
75110000BJ0032,75110_3508_00065,GEO,1,1
75110000BJ0098,75110_3508_00099,GEO,3,1
75110000BL0063,75110_1686_00002,GEO,5,1
75110000BP0045,75110_4964_00110,GEO,4,1
75110000BP0042,75110_1953_00002,GEO,3,1
75110000BP0009,75110_4293_00023_b,GEO,3,1
75110000BL0109,75110_4514_00014,GEO,6,1
75110000BL0109,75110_1378_00011,GEO,6,1
75110000BU0009,75110_4293_00022_b,GEO,1,1
75110000BL0109,75110_4514_00016,GEO,6,1
75110000BL0063,75110_1379_00029,GEO,5,1
75110000BW0003,75110_3522_00230,GEO,1,1
75110000BL0063,75110_1379_00027,GEO,5,1
75110000BS0011,75110_3522_00186_b,GEO,4,1
75110000BP0045,75110_0952_00054,GEO,4,1
75110000BL0063,75110_1686_00004,GEO,5,1
75110000BK0022,75110_9838_00001,GEO,4,1
75110000BK0022,75110_9838_00005,GEO,4,1
75110000BW0055,75110_3522_00212,GEO,1,1
75110000BP0028,75110_0952_00044,GEO,3,1
75110000BJ0124,75110_3508_00079,GEO,1,1
75110000BJ0125,75110_3508_00077,GEO,1,1
75110000BP0009,75110_4653_00002,GEO,3,1
75110000BJ0123,75110_3508_00081,GEO,2,1
75110000BP0026,75110_4293_00015,GEO,1,1
75110000BS0011,75110_3522_00184_b,GEO,4,1
75110000BK0002,75110_3508_00107_a,GEO,1,1
75110000BT0011,75110_4293_00037_b,GEO,3,1
75110000BT0012,75110_4293_00039_a,GEO,1,1
75110000BP0008,75110_4293_00027,GEO,3,1
75110000BL0063,75110_1686_00006,GEO,5,1
75110000BK0017,75110_1379_00024,GEO,1,1
75110000BK0022,75110_3508_00137,GEO,4,1
75110000BW0054,75110_3522_00210,GEO,1,1
75110000BU0011,75110_4293_00024,GEO,1,1
75110000BK0012,75110_3508_00121,GEO,1,1
75110000BK0021,75110_3508_00135,GEO,1,1
75110000BW0064,75110_3522_00218_a,GEO,1,1
75110000BK0018,75110_1379_00028,GEO,2,1
75110000BP0015,75110_4653_00013,GEO,1,1
75110000BP0037,75110_4964_00122,GEO,4,1
75110000BP0042,75110_1953_00003,GEO,3,1
75110000BK0047,75110_1379_00008,GEO,3,1
75110000BP0009,75110_4293_00023,GEO,3,1
75110000BW0056,75110_3522_00216,GEO,2,1
75110000BK0010,75110_1379_00016_b,GEO,2,1
75110000BK0016,75110_1379_00022,GEO,1,1
75110000BP0008,75110_4293_00025,GEO,3,1
75110000BP0045,75110_4653_00011,GEO,4,1
75110000BS0011,75110_3522_00186,GEO,4,1
75110000BK0013,75110_3508_00123,GEO,1,1
75110000BU0008,75110_4293_00020_b,GEO,3,1
75110000BP0037,75110_4653_00017,GEO,4,1
75110000BK0033,75110_1379_00032,GEO,2,1
75110000BU0008,75110_4293_00022,GEO,3,1
75110000BT0014,75110_4293_00035,GEO,1,1
75110000BW0052,75110_3522_00208,GEO,1,1
75110000BT0013,75110_4293_00037,GEO,1,1
75110000BT0011,75110_4293_00039,GEO,3,1
75110000BP0024,75110_4293_00021,GEO,2,1
75110000BJ0137,75110_3508_00083_a,GEO,1,1
75110000BU0008,75110_9737_00001,GEO,3,1
75110000BW0056,75110_3522_00214,GEO,2,1
75110000BS0009,75110_3522_00190,GEO,1,1
75110000BW0063,75110_3522_00218,GEO,1,1
75110000BP0028,75110_4293_00009,GEO,3,1
75110000BL0109,75110_4514_00018,GEO,6,1
75110000BJ0123,75110_3508_00083,GEO,2,1
75110000BK0047,75110_1379_00008_b,GEO,3,1
75110000BW0058,75110_3522_00220,GEO,1,1
75110000BP0045,75110_4964_00108,GEO,4,1
75110000BS0011,75110_3522_00184_t,GEO,4,1
75110000BS0061,75110_3522_00188,GEO,2,1
75110000BP0025,75110_4293_00017,GEO,2,1
75110000BK0022,75110_9838_00003,GEO,4,1
75110000BP0008,75110_4293_00027_b,GEO,3,1
75110000BK0018,75110_1379_00026,GEO,2,1
75110000BP0042,75110_4293_00029,GEO,3,1
75110000BP0037,75110_4653_00015,GEO,4,1
75110000BK0046,75110_3508_00109,GEO,1,1
75110000BL0109,75110_1378_00015,GEO,6,1
75110000BK0033,75110_2059_00018,GEO,2,1
75110000BT0011,75110_4293_00039_b,GEO,3,1
75110000BP0028,75110_4293_00011,GEO,3,1
75110000BP0025,75110_4293_00019,GEO,2,1
75110000BS0061,75110_3442_00019_a,GEO,2,1
75110000BK0010,75110_1379_00016,GEO,2,1
75110000BJ0111,75110_3508_00087,GEO,1,1
75110000BK0047,75110_1379_00010,GEO,3,1
75110000BP0024,75110_4653_00001,GEO,2,1
75110000BL0062,75110_1379_00031,GEO,1,1
75110000BL0084,75110_1379_00003,GEO,1,1
75110000BL0109,75110_1378_00013,GEO,6,1
75110000BP0011,75110_4653_00006,GEO,1,1
75110000BP0037,75110_4964_00124,GEO,4,1
75111000BD0001,75111_3642_00016,GEO,3,1
75111000CC0084,75111_3514_00011,GEO,1,1
75111000BX0119,75111_0701_00026,GEO,11,1
75111000CC0073,75111_3514_00029,GEO,2,1
75111000BX0119,75111_htso40_00010,GEO,11,1
75110000BY0002,75110_3522_00244,GEO,2,1
75111000BX0119,75111_0701_00028,GEO,11,1
75111000BE0061,75111_8536_00015,GEO,3,1
75111000AZ0088,75111_8642_00004,GEO,2,1
75111000AP0016,75111_8733_00007_b,GEO,5,1
75111000BV0032,75111_3797_00003,GEO,1,1
75111000BE0061,75111_8536_00013,GEO,3,1
75111000AP0020,75111_8733_00011,GEO,1,1
75111000AP0002,75111_0272_00111,GEO,2,1
75111000AP0016,75111_8733_00007,GEO,5,1
75111000CC0066,75111_8676_00007,GEO,9,1
75111000AP0016,75111_8733_00007_t,GEO,5,1
75111000BX0119,75111_0701_00036,GEO,11,1
75111000BX0112,75111_htso40_00001_s1,GEO,1,1
75111000AP0016,75111_6858_00014_b,GEO,5,1
75111000AK0025,75111_6553_00015,GEO,1,1
75110000BY0021,75110_3522_00270,GEO,1,1
75111000AK0024,75111_6553_00025,GEO,5,1
75111000AP0005,75111_0272_00117,GEO,3,1
75111000CC0073,75111_3514_00027,GEO,2,1
75111000AZ0088,75111_7067_00023,GEO,2,1
75110000BY0003,75110_3522_00246,GEO,1,1
75111000CC0066,75111_8676_00006,GEO,9,1
75111000BT0034,75111_5407_00006,GEO,1,1
75111000AK0024,75111_6553_00021,GEO,5,1
75111000BT0005,75111_5407_00014,GEO,1,1
75111000CE0008,75111_3514_00067,GEO,1,1
75111000AP0005,75111_3642_00026,GEO,3,1
75111000CC0061,75111_3514_00055,GEO,1,1
75111000CE0012,75111_y0ng7z_00001,GEO,3,1
75111000AP0040,75111_8733_00004,GEO,1,1
75111000BT0007,75111_5407_00018,GEO,1,1
75110000BY0002,75110_5240_00229,GEO,2,1
75110000BY0024,75110_0723_00005,GEO,1,1
75111000CC0066,75111_8676_00008,GEO,9,1
75111000BT0035,75111_5915_00002,GEO,2,1
75111000BX0119,75111_0701_00032,GEO,11,1
75110000BY0006,75110_3522_00248,GEO,1,1
75111000CC0066,75111_8676_00003,GEO,9,1
75111000BR0055,75111_6507_00007,GEO,1,1
75111000BX0119,75111_htso40_00018,GEO,11,1
75111000BD0001,75111_1857_00002,GEO,3,1
75111000CC0066,75111_8676_00005,GEO,9,1
75111000CC0082,75111_3514_00017,GEO,2,1
75111000BD0001,75111_0272_00107,GEO,3,1
75111000AP0005,75111_6858_00002,GEO,3,1
75111000BX0119,75111_0701_00034,GEO,11,1
75110000BY0016,75110_3522_00260,GEO,2,1
75110000BY0007,75110_5240_00233,GEO,3,1
75111000AK0024,75111_6553_00023,GEO,5,1
75111000BT0035,75111_5407_00008,GEO,2,1
75111000CC0066,75111_8676_00004,GEO,9,1
75110000BY0007,75110_3522_00252,GEO,3,1
75110000BY0020,75110_3522_00268,GEO,1,1
75111000CE0010,75111_3514_00071,GEO,1,1
75111000CC0065,75111_3514_00047,GEO,3,1
75111000CC0065,75111_6810_00002,GEO,3,1
75111000BD0003,75111_0272_00103,GEO,2,1
75111000BP0018,75111_8j4pt2_00003,GEO,1,1
75111000CC0066,75111_8676_00001,GEO,9,1
75111000CC0063,75111_3514_00051,GEO,1,1
75111000BD0005,75111_0272_00099,GEO,2,1
75111000CC0082,75111_3514_00015,GEO,2,1
75111000AK0022,75111_6553_00029,GEO,2,1
75110000BY0007,75110_3522_00250,GEO,3,1
75111000AI0023,75111_6858_00135,GEO,2,1
75110000BX0002,75110_3522_00234,GEO,1,1
75111000BD0003,75111_3642_00012,GEO,2,1
75110000BY0017,75110_3522_00264,GEO,1,1
75111000BX0119,75111_htso40_00012,GEO,11,1
75111000CC0065,75111_6810_00001,GEO,3,1
75111000BE0061,75111_8208_00045,GEO,3,1
75111000AP0032,75111_8733_00018,GEO,2,1
75111000BD0002,75111_0272_00105,GEO,2,1
75110000BY0016,75110_3522_00262,GEO,2,1
75111000AP0002,75111_3642_00020,GEO,2,1
75111000AI0023,75111_6553_00002,GEO,2,1
75111000AK0024,75111_6553_00017,GEO,5,1
75111000BD0002,75111_3642_00014,GEO,2,1
75111000AK0024,75111_6553_00019,GEO,5,1
75111000BD0005,75111_3642_00008,GEO,2,1
75110000BY0012,75110_3522_00258,GEO,1,1
75111000BX0119,75111_htso40_00016,GEO,11,1
75111000CC0066,75111_8676_00002,GEO,9,1
75111000AI0031,75111_6553_00018,GEO,1,1
75111000AP0032,75111_9907_00054,GEO,2,1
75111000AK0022,75111_4939_00102,GEO,2,1
75111000BV0039,75111_3797_00009,GEO,1,1
75111000CC0066,75111_3514_00045,GEO,9,1
75111000CC0071,75111_3514_00033,GEO,1,1
75111000CE0012,75111_3514_00075,GEO,3,1
75111000BV0031,75111_3797_00001,GEO,2,1
75111000BV0031,75111_8209_00034,GEO,2,1
75111000BX0119,75111_0701_00030,GEO,11,1
75111000CE0012,75111_y0ng7z_00002,GEO,3,1
75111000AP0016,75111_6858_00014,GEO,5,1
75111000BX0119,75111_htso40_00014,GEO,11,1
75111000CP0101,75111_4700_00005,GEO,12,1
75111000CP0101,75111_4700_00013,GEO,12,1
75111000CT0037,75111_3485_00010,GEO,4,1
75111000CE0015,75111_3514_00081,GEO,2,1
75111000CE0080,75111_3514_00129,GEO,1,1
75111000CP0101,75111_4700_00001,GEO,12,1
75111000CE0137,75111_6982_00002,GEO,10,1
75111000CV0042,75111_3514_00151,GEO,1,1
75111000CE0077,75111_3514_00125,GEO,1,1
75111000CS0034,75111_3514_00265,GEO,2,1
75111000CP0101,75111_4700_00015,GEO,12,1
75111000CS0008,75111_6530_00020,GEO,4,1
75111000CP0003,75111_4233_00006,GEO,1,1
75111000CE0137,75111_6982_00001,GEO,10,1
75111000CP0101,75111_4700_00017,GEO,12,1
75111000CE0015,75111_3514_00083,GEO,2,1
75111000CT0037,75111_g0cxz3_00003,GEO,4,1
75111000CP0101,75111_4700_00011,GEO,12,1
75111000CS0022,75111_3514_00257,GEO,1,1
75111000CS0021,75111_3514_00255,GEO,2,1
75111000CE0137,75111_6982_00006,GEO,10,1
75111000CS0045,75111_3514_00279,GEO,1,1
75111000CP0101,75111_6530_00076,GEO,12,1
75111000CS0009,75111_6530_00026,GEO,3,1
75111000CP0010,75111_3514_00293,GEO,1,1
75111000CM0035,75111_1uzdgb_00049,GEO,1,1
75111000CS0023,75111_3514_00259,GEO,1,1
75111000CM0061,75111_0155_00054_a,GEO,2,1
75111000CS0003,75111_6530_00014,GEO,2,1
75111000CP0101,75111_4700_00009,GEO,12,1
75111000CS0006,75111_3514_00241,GEO,1,1
75111000CS0049,75111_3514_00283,GEO,1,1
75111000CP0013,75111_3514_00299,GEO,3,1
75111000CE0137,75111_6982_00005,GEO,10,1
75111000CV0068,75111_3514_00181,GEO,1,1
75111000CP0101,75111_4700_00007,GEO,12,1
75111000CE0084,75111_3514_00139,GEO,1,1
75111000CS0034,75111_3514_00267,GEO,2,1
75111000CS0040,75111_3514_00273,GEO,1,1
75111000CM0008,75111_0155_00046,GEO,2,1
75111000CP0101,75111_3514_00307,GEO,12,1
75111000CV0147,75111_3514_00201,GEO,1,1
75111000CP0058,75111_3514_00315,GEO,1,1
75111000CE0137,75111_6982_00007,GEO,10,1
75111000CM0008,75111_1uzdgb_00046,GEO,2,1
75111000CT0037,75111_7123_00002,GEO,4,1
75111000CS0009,75111_6530_00028,GEO,3,1
75111000CM0036,75111_0155_00050,GEO,2,1
75111000CS0003,75111_3514_00237,GEO,2,1
75111000CS0038,75111_3514_00269,GEO,2,1
75111000CS0009,75111_3514_00245,GEO,3,1
75111000CP0066,75111_3514_00321,GEO,1,1
75111000CM0036,75111_1uzdgb_00047,GEO,2,1
75111000CS0008,75111_3514_00243,GEO,4,1
75111000CE0137,75111_6982_00004,GEO,10,1
75111000CE0137,75111_6982_00003,GEO,10,1
75111000CP0009,75111_3514_00291,GEO,1,1
75111000CP0101,75111_4700_00003,GEO,12,1
75111000CV0061,75111_3514_00171,GEO,1,1
75111000CM0034,75111_1uzdgb_00051,GEO,1,1
75111000CP0013,75111_3514_00301,GEO,3,1
75111000CE0131,75111_3514_00079,GEO,1,1
75111000CV0134,75111_3514_00223,GEO,1,1
75111000CE0075,75111_3514_00121,GEO,1,1
75111000CV0064,75111_3514_00173,GEO,1,1
75111000CP0013,75111_1170_00001,GEO,3,1
75111000CT0037,75111_g0cxz3_00005,GEO,4,1
75111000CE0137,75111_3514_00095,GEO,10,1
75111000CV0060,75111_3514_00169,GEO,2,1
75111000CV0043,75111_3514_00153,GEO,1,1
75111000CM0010,75111_1uzdgb_00050,GEO,1,1
75111000CS0008,75111_6530_00022,GEO,4,1
75111000CE0137,75111_6982_00008,GEO,10,1
75111000CS0021,75111_3514_00255_b,GEO,2,1
75111000CM0061,75111_1uzdgb_00055,GEO,2,1
75111000CM0009,75111_1uzdgb_00048,GEO,1,1
75111000CS0038,75111_3514_00269_b,GEO,2,1
75111000CS0008,75111_6530_00024,GEO,4,1
75111000CE0137,75111_6982_00010,GEO,10,1
75111000CS0011,75111_3514_00247,GEO,1,1
75111000CS0005,75111_3514_00239,GEO,1,1
75111000CP0101,75111_9907_00262,GEO,12,1
75111000CS0039,75111_3514_00271,GEO,1,1
75111000CV0065,75111_3514_00175,GEO,1,1
75111000CV0060,75111_3737_00010_c,GEO,2,1
75111000CV0141,75111_3514_00211,GEO,1,1
75111000CP0011,75111_3514_00295,GEO,1,1
75111000CP0006,75111_4233_00002,GEO,1,1
75111000CS0048,75111_3514_00281,GEO,1,1
75112000AD0046,75112_8465_00011,GEO,20,1
75112000AD0024,75112_2816_00015,GEO,2,1
75112000AI0013,75112_9924_00001,GEO,4,1
75112000AD0046,75112_8465_00027,GEO,20,1
75112000AR0021,75112_4075_00103_b,GEO,1,1
75112000AD0020,75112_x642_00006,GEO,2,1
75112000AD0046,75112_2816_00005,GEO,20,1
75112000AB0024,75112_2816_00083,GEO,1,1
75112000AS0028,75112_4075_00093,GEO,3,1
75112000AC0021,75112_2816_00053,GEO,1,1
75112000AD0068,75112_2816_00013_a,GEO,4,1
75112000AB0090,75112_8136_00007,GEO,2,1
75112000AD0046,75112_8465_00021,GEO,20,1
75112000AR0019,75112_4075_00114,GEO,2,1
75112000AD0046,75112_8968_00004,GEO,20,1
75112000AE0046,75112_8005_00010,GEO,3,1
75112000AP0002,75112_4075_00120,GEO,1,1
75112000AC0065,75112_2816_00049,GEO,3,1
75112000AR0010,75112_4075_00115,GEO,14,1
75112000AH0001,75112_2816_00052,GEO,3,1
75111000CV0222,75111_3514_00199,GEO,1,1
75112000AD0068,75112_2816_00013_e,GEO,4,1
75112000AR0022,75112_4075_00105,GEO,1,1
75112000AC0029,75112_2816_00035,GEO,1,1
75112000AD0046,75112_8968_00002,GEO,20,1
75112000AB0053,75112_2816_00061,GEO,1,1
75112000AI0007,75112_2816_00076,GEO,6,1
75112000AD0046,75112_8465_00031,GEO,20,1
75112000AB0026,75112_jh0wsj_00001,GEO,4,1
75112000AI0013,75112_2816_00056,GEO,4,1
75112000AI0007,75112_2816_00072,GEO,6,1
75112000AS0025,75112_4075_00087,GEO,1,1
75112000AB0026,75112_2816_00079,GEO,4,1
75112000AE0046,75112_7135_00002,GEO,3,1
75112000AB0054,75112_2816_00059,GEO,2,1
75112000AD0025,75112_2816_00017_a,GEO,1,1
75112000AR0010,75112_6292_00004,GEO,14,1
75112000AP0003,75112_4075_00118_b,GEO,2,1
75112000AR0025,75112_4075_00111,GEO,2,1
75112000AI0006,75112_2816_00078,GEO,2,1
75112000AI0006,75112_2816_00080,GEO,2,1
75112000AD0068,75112_2816_00013_d,GEO,4,1
75112000AR0010,75112_6292_00002,GEO,14,1
75112000AD0046,75112_8465_00029_b,GEO,20,1
75112000AR0010,75112_6292_00014,GEO,14,1
75112000AD0046,75112_8465_00023,GEO,20,1
75112000AR0010,75112_9353_00036,GEO,14,1
75112000AI0007,75112_9924_00019,GEO,6,1
75112000AR0017,75112_4075_00116,GEO,5,1
75112000AB0026,75112_jh0wsj_00005,GEO,4,1
75112000AR0010,75112_6292_00008,GEO,14,1
75112000AE0053,75112_8005_00004,GEO,4,1
75112000AB0094,75112_2816_00071,GEO,2,1
75112000AD0046,75112_2816_00001,GEO,20,1
75112000AR0019,75112_9639_00031,GEO,2,1
75112000AR0026,75112_5772_00040,GEO,2,1
75112000AE0046,75112_8465_00043,GEO,3,1
75112000AI0013,75112_2816_00054,GEO,4,1
75112000AR0017,75112_9981_00002,GEO,5,1
75112000AI0003,75112_2816_00088,GEO,2,1
75112000AD0046,75112_2816_00003,GEO,20,1
75112000AH0001,75112_8682_00086,GEO,3,1
75112000AI0007,75112_2816_00074,GEO,6,1
75112000AH0001,75112_2816_00050,GEO,3,1
75112000AI0008,75112_2816_00070,GEO,1,1
75112000AD0046,75112_8465_00019,GEO,20,1
75112000AE0052,75112_8465_00033,GEO,2,1
75112000AD0020,75112_x642_00007,GEO,2,1
75111000CV0207,75111_3514_00159_b,GEO,1,1
75112000AR0024,75112_4075_00109,GEO,2,1
75112000AE0002,75112_2816_00032,GEO,1,1
75112000AI0013,75112_9924_00003,GEO,4,1
75111000CV0149,75111_3514_00197,GEO,1,1
75112000AR0010,75112_6292_00010,GEO,14,1
75112000AB0054,75112_8137_00002,GEO,2,1
75112000AD0046,75112_8465_00017,GEO,20,1
75112000AD0046,75112_8968_00010,GEO,20,1
75112000AR0018,75112_9639_00031_b,GEO,2,1
75112000AR0017,75112_9639_00035,GEO,5,1
75112000AB0048,75112_2816_00065,GEO,1,1
75112000AD0067,75112_2816_00011,GEO,2,1
75112000AR0017,75112_9639_00033,GEO,5,1
75112000AD0068,75112_2816_00013_c,GEO,4,1
75112000AI0007,75112_9924_00021,GEO,6,1
75112000AS0031,75112_4075_00095,GEO,1,1
75112000AE0053,75112_2816_00004,GEO,4,1
75112000AE0052,75112_2816_00002,GEO,2,1
75112000AB0026,75112_jh0wsj_00003,GEO,4,1
75112000AP0003,75112_6477_00001,GEO,2,1
75112000AR0010,75112_6292_00016,GEO,14,1
75112000AR0026,75112_4075_00113,GEO,2,1
75112000AS0034,75112_4075_00097,GEO,1,1
75112000AR0010,75112_5772_00039,GEO,14,1
75112000AD0046,75112_8465_00013,GEO,20,1
75112000AD0046,75112_8465_00025,GEO,20,1
75112000AB0047,75112_2816_00067,GEO,1,1
75112000AD0024,75112_2816_00017,GEO,2,1
75112000AC0065,75112_2816_00047,GEO,3,1
75112000AD0046,75112_8465_00029,GEO,20,1
75112000AR0020,75112_9639_00029_b,GEO,2,1
75111000CV0156,75111_3514_00187,GEO,1,1
75112000AR0010,75112_4075_00117,GEO,14,1
75112000AS0028,75112_4075_00089,GEO,3,1
75112000AD0067,75112_2816_00013,GEO,2,1
75112000AB0090,75112_8136_00005,GEO,2,1
75112000AD0046,75112_8968_00006,GEO,20,1
75112000AE0053,75112_2816_00006,GEO,4,1
75112000AR0010,75112_5772_00035,GEO,14,1
75112000AR0017,75112_4075_00118,GEO,5,1
75112000AB0094,75112_8136_00010,GEO,2,1
75112000AR0010,75112_6292_00012,GEO,14,1
75112000AR0025,75112_5772_00038,GEO,2,1
75112000AS0028,75112_4075_00091,GEO,3,1
75112000AD0046,75112_8465_00015,GEO,20,1
75111000CV0151,75111_3514_00193,GEO,1,1
75112000AC0065,75112_1804_00001,GEO,3,1
75112000AR0018,75112_4075_00114_b,GEO,2,1
75112000AI0003,75112_2816_00086,GEO,2,1
75112000AI0007,75112_9924_00023,GEO,6,1
75112000AE0053,75112_8005_00002,GEO,4,1
75112000AR0020,75112_4075_00112_b,GEO,2,1
75112000AR0010,75112_9353_00034,GEO,14,1
75112000AR0024,75112_4075_00107,GEO,2,1
75112000AR0010,75112_6292_00006,GEO,14,1
75111000CV0167,75111_3514_00179_a,GEO,1,1
75112000AD0046,75112_8968_00008,GEO,20,1
75111000CV0212,,,,
75112000CN0001,75112_3514_00276,GEO,1,1
75112000AS0041,75112_9639_00029,GEO,6,1
75112000AS0039,75112_4075_00101,GEO,2,1
75112000BN0009,75112_4075_00024_b,GEO,4,1
75112000BR0038,75112_6304_00008,GEO,2,1
75112000BO0013,75112_4075_00072,GEO,4,1
75112000CP0020,75112_8514_00027,GEO,34,1
75112000BO0013,75112_4075_00074,GEO,4,1
75112000AS0064,75112_8378_00002,GEO,3,1
75112000CP0020,75112_2792_00146,GEO,34,1
75112000CP0020,75112_8514_00035,GEO,34,1
75112000CP0020,75112_8175_00051,GEO,34,1
75112000CO0021,75112_vx29ix_00011,GEO,7,1
75112000BN0021,75112_4075_00044,GEO,1,1
75112000CP0020,75112_8175_00047,GEO,34,1
75112000AX0003,75112_7402_00135,GEO,2,1
75112000CO0021,75112_vx29ix_00006,GEO,7,1
75112000BN0015,75112_4075_00036,GEO,1,1
75112000CO0021,75112_vx29ix_00009,GEO,7,1
75112000AS0064,75112_4075_00094,GEO,3,1
75112000CP0020,75112_8514_00031,GEO,34,1
75112000BN0009,75112_6304_00004,GEO,4,1
75112000AS0042,75112_4075_00108,GEO,2,1
75112000BO0013,75112_7402_00138,GEO,4,1
75112000BR0023,75112_9951_00003_b,GEO,3,1
75112000CP0020,75112_8514_00025,GEO,34,1
75112000BR0022,75112_4075_00037,GEO,1,1
75112000CO0021,75112_vx29ix_00005,GEO,7,1
75112000AS0041,75112_4075_00112,GEO,6,1
75112000BR0034,75112_4075_00031,GEO,1,1
75112000AS0047,75112_4075_00102_b,GEO,1,1
75112000BO0004,75112_4075_00054,GEO,1,1
75112000AS0041,75112_4075_00110,GEO,6,1
75112000CP0020,75112_8514_00033,GEO,34,1
75112000CP0013,75112_8575_00008,GEO,2,1
75112000BR0036,75112_4075_00027,GEO,1,1
75112000CP0020,75112_8514_00003,GEO,34,1
75112000AS0048,75112_4075_00102,GEO,1,1
75112000CP0020,75112_8514_00019,GEO,34,1
75112000BN0007,75112_4075_00018,GEO,4,1
75112000BN0019,75112_4075_00042,GEO,1,1
75112000CS0006,75112_3514_00206,GEO,1,1
75112000CP0020,75112_8514_00005,GEO,34,1
75112000AS0072,75112_4075_00084,GEO,2,1
75112000AS0042,75112_9639_00023,GEO,2,1
75112000BP0050,75112_4075_00053,GEO,1,1
75112000AS0072,75112_4075_00086,GEO,2,1
75112000BR0023,75112_9951_00001,GEO,3,1
75112000AX0003,75112_4075_00073,GEO,2,1
75112000BP0046,75112_4075_00047,GEO,1,1
75112000AS0050,75112_4075_00098,GEO,1,1
75112000AS0041,75112_4075_00110_b,GEO,6,1
75112000CP0020,75112_8514_00021,GEO,34,1
75112000CR0073,75112_3514_00248,GEO,1,1
75112000CP0020,75112_8514_00023,GEO,34,1
75112000AS0049,75112_4075_00100,GEO,1,1
75112000CP0020,75112_8175_00055,GEO,34,1
75112000CP0020,75112_7411_00025,GEO,34,1
75112000AS0035,75112_4075_00099,GEO,1,1
75112000CP0020,75112_8175_00049,GEO,34,1
75112000CP0020,75112_8514_00009,GEO,34,1
75112000CP0020,75112_7411_00017,GEO,34,1
75112000CP0020,75112_8514_00045,GEO,34,1
75112000CP0020,75112_8514_00043,GEO,34,1
75112000BO0001,75112_2076_00018,GEO,2,1
75112000BP0053,75112_4075_00059,GEO,1,1
75112000BP0049,75112_4075_00051,GEO,1,1
75112000AS0041,75112_9639_00027,GEO,6,1
75112000BN0007,75112_4075_00016,GEO,4,1
75112000CP0020,75112_8514_00011,GEO,34,1
75112000BR0038,75112_4075_00025,GEO,2,1
75112000CP0013,75112_8575_00006,GEO,2,1
75112000BN0007,75112_6304_00003,GEO,4,1
75112000BN0009,75112_4075_00024,GEO,4,1
75112000BN0009,75112_4075_00022,GEO,4,1
75112000BR0021,75112_4075_00039,GEO,1,1
75112000CP0020,75112_8514_00037,GEO,34,1
75112000BN0007,75112_4075_00020,GEO,4,1
75112000AS0041,75112_9639_00025,GEO,6,1
75112000CR0061,75112_7402_00001,GEO,2,1
75112000CR0056,75112_3514_00272,GEO,2,1
75112000BN0013,75112_4075_00032,GEO,1,1
75112000BR0058,75112_9951_00006,GEO,3,1
75112000CP0020,75112_8514_00017,GEO,34,1
75112000BR0035,75112_4075_00029,GEO,1,1
75112000AS0064,75112_8378_00004,GEO,3,1
75112000BN0010,75112_4075_00026,GEO,1,1
75112000BP0054,75112_4075_00061,GEO,1,1
75112000AS0039,75112_4075_00101_b,GEO,2,1
75112000CP0020,75112_2792_00150,GEO,34,1
75112000AS0051,75112_8378_00001,GEO,2,1
75112000CR0056,75112_3514_00270,GEO,2,1
75112000BR0058,75112_9951_00005,GEO,3,1
75112000CP0020,75112_8514_00029,GEO,34,1
75112000CP0020,75112_8514_00001,GEO,34,1
75112000CP0020,75112_8514_00015,GEO,34,1
75112000BN0014,75112_4075_00034,GEO,1,1
75112000CP0020,75112_8514_00041,GEO,34,1
75112000BR0023,75112_9951_00003,GEO,3,1
75112000BP0051,75112_4075_00055,GEO,1,1
75112000CO0021,75112_vx29ix_00007,GEO,7,1
75112000CP0020,75112_8514_00013,GEO,34,1
75112000BN0012,75112_4075_00030,GEO,1,1
75112000CP0020,75112_8175_00053,GEO,34,1
75112000CO0021,75112_vx29ix_00003,GEO,7,1
75112000BO0013,75112_7402_00136,GEO,4,1
75112000CP0020,75112_8514_00039,GEO,34,1
75112000BO0010,75112_4075_00066,GEO,1,1
75112000CR0061,75112_3514_00264,GEO,2,1
75112000CP0020,75112_8175_00045,GEO,34,1
75112000BR0058,75112_9951_00008,GEO,3,1
75112000AS0051,75112_4075_00096,GEO,2,1
75112000BP0052,75112_4075_00057,GEO,1,1
75112000BR0019,75112_4075_00041,GEO,1,1
75112000BO0001,75112_4075_00050,GEO,2,1
75112000CP0020,75112_8514_00007,GEO,34,1
75112000BN0020,75112_4075_00042_b,GEO,1,1
75112000CP0020,75112_7411_00023,GEO,34,1
75112000CO0021,75112_vx29ix_00008,GEO,7,1
75112000CS0021,75112_3514_00224,GEO,4,1
75112000ET0019,75112_5467_00083_t,GEO,3,1
75113000BS0053,75113_0232_00007,GEO,7,1
75112000DD0034,75112_2336_00053,GEO,3,1
75114000CS0020,75114_3888_00005,GEO,1,1
75114000CF0006,75114_7681_00006,GEO,17,1
75114000CF0006,75114_0130_00009,GEO,17,1
75114000CF0006,75114_3354_00029,GEO,17,1
75112000CS0021,75112_3514_00226,GEO,4,1
75112000ER0128,75112_0810_00001,GEO,4,1
75112000DD0034,75112_2336_00057,GEO,3,1
75112000CS0011,75112_3514_00212,GEO,1,1
75114000CS0014,75114_3888_00012,GEO,1,1
75114000CS0011,75114_3888_00006,GEO,1,1
75114000CS0018,75114_4808_00006,GEO,2,1
75113000CU0136,75113_3855_00016,GEO,7,1
75113000BJ0061,75113_1786_00020,GEO,10,1
75114000BU0085,75114_5730_00009,GEO,6,1
75112000ET0013,75112_3514_00082,GEO,3,1
75113000BS0053,75113_0232_00003,GEO,7,1
75113000BS0053,75113_0232_00009,GEO,7,1
75114000CF0006,75114_0130_00005,GEO,17,1
75112000ET0013,75112_8714_00024,GEO,3,1
75113000BS0053,75113_2085_00034,GEO,7,1
75114000CI0066,75114_4928_00003,GEO,6,1
75114000CF0006,75114_1333_00124,GEO,17,1
75114000BU0085,75114_5780_00003,GEO,6,1
75113000BJ0061,75113_9847_00003,GEO,10,1
75114000CS0012,75114_3888_00008,GEO,1,1
75112000ET0033,75112_3514_00104,GEO,1,1
75112000ER0128,75112_3514_00056,GEO,4,1
75114000CQ0111,75114_0738_00007,GEO,1,1
75112000EY0055,75112_3514_00192,GEO,1,1
75114000CH0029,75114_1933_00016,GEO,1,1
75113000DQ0015,75113_2858_00014,GEO,1,1
75114000BM0033,75114_0360_00008,GEO,1,1
75112000CS0030,75112_2086_00041,GEO,2,1
75114000CF0006,75114_1333_00126,GEO,17,1
75112000EY0007,75112_3514_00152,GEO,1,1
75114000BU0085,75114_5730_00007_b,GEO,6,1
75113000DQ0030,75113_2858_00009,GEO,1,1
75112000ER0128,75112_0810_00002,GEO,4,1
75114000CH0037,75114_1933_00005,GEO,1,1
75113000BJ0061,75113_9847_00007,GEO,10,1
75113000BJ0061,75113_3365_00003,GEO,10,1
75112000CS0014,75112_3514_00214,GEO,1,1
75114000BK0079,75114_6668_00013,GEO,2,1
75114000CS0140,75114_2794_00077,GEO,2,1
75113000CU0136,75113_0736_00093,GEO,7,1
75113000DQ0011,75113_2876_00002,GEO,2,1
75113000BS0053,75113_0232_00001,GEO,7,1
75114000BU0085,75114_5780_00001,GEO,6,1
75112000EY0094,75112_3514_00156,GEO,1,1
75113000DQ0013,75113_2858_00020,GEO,1,1
75114000CI0066,75114_4063_00098,GEO,6,1
75114000CI0066,75114_4063_00096,GEO,6,1
75112000ER0128,75112_1752_00005,GEO,4,1
75114000CF0006,75114_0130_00007,GEO,17,1
75112000CS0076,75112_3514_00234,GEO,2,1
75113000CU0136,75113_3855_00014,GEO,7,1
75113000CU0136,75113_0736_00095,GEO,7,1
75113000ED0166,75113_pdsxw3_00004,GEO,6,1
75112000CS0021,75112_3514_00228_b,GEO,4,1
75114000CS0140,75114_4808_00011,GEO,2,1
75113000BS0053,75113_0232_00005,GEO,7,1
75112000EY0069,75112_3514_00168,GEO,1,1
75112000ET0019,75112_5467_00085,GEO,3,1
75114000CI0066,75114_4928_00007,GEO,6,1
75112000EN0047,75112_2430_00011_b,GEO,1,1
75114000CF0006,75114_7681_00004,GEO,17,1
75114000CI0066,75114_4928_00009,GEO,6,1
75114000BU0085,75114_5730_00007,GEO,6,1
75114000CF0006,75114_7681_00002,GEO,17,1
75113000DQ0021,75113_2858_00008,GEO,1,1
75112000ET0019,75112_3514_00094,GEO,3,1
75113000BS0053,75113_3796_00149_b,GEO,7,1
75112000CS0021,75112_3514_00228,GEO,4,1
75112000ER0068,75112_3514_00076,GEO,2,1
75113000ED0166,75113_1385_00005,GEO,6,1
75113000BJ0061,75113_9847_00001,GEO,10,1
75114000CS0010,75114_3888_00004,GEO,1,1
75112000EY0100,75112_3514_00154,GEO,1,1
75114000CS0023,75114_3888_00003,GEO,1,1
75114000CF0006,75114_7681_00012,GEO,17,1
75114000BU0085,75114_5780_00002,GEO,6,1
75114000CI0066,75114_4928_00005,GEO,6,1
75112000ER0068,75112_3514_00078,GEO,2,1
75112000EY0004,75112_3514_00146,GEO,1,1
75114000CF0006,75114_0130_00011,GEO,17,1
75113000CU0136,75113_3855_00010,GEO,7,1
75112000EY0003,75112_3514_00144,GEO,1,1
75114000CF0006,75114_0130_00013,GEO,17,1
75113000DQ0034,75113_2858_00013,GEO,1,1
75112000DD0034,75112_2336_00055,GEO,3,1
75112000CS0030,75112_3514_00238_b,GEO,2,1
75112000EY0006,75112_3514_00150,GEO,1,1
75113000CU0136,75113_3855_00012,GEO,7,1
75114000CF0006,75114_7681_00008,GEO,17,1
75113000BJ0061,75113_3365_00001,GEO,10,1
75113000ED0166,75113_1385_00007,GEO,6,1
75114000CF0006,75114_7681_00010,GEO,17,1
75114000BK0079,75114_3223_00014,GEO,2,1
75114000CF0006,75114_3354_00031,GEO,17,1
75114000CF0006,75114_0130_00001,GEO,17,1
75113000CU0136,75113_0736_00091,GEO,7,1
75112000ER0051,75112_3514_00060,GEO,1,1
75114000CF0006,75114_0130_00003,GEO,17,1
75112000CS0076,75112_2086_00015_a,GEO,2,1
75113000BJ0061,75113_7437_00009,GEO,10,1
75113000ED0166,75113_pdsxw3_00005,GEO,6,1
75113000ED0166,75113_pdsxw3_00003,GEO,6,1
75112000ET0013,75112_8714_00022,GEO,3,1
75114000CS0018,75114_3888_00018,GEO,2,1
75112000EY0002,75112_3514_00142,GEO,1,1
75113000BJ0061,75113_9847_00009,GEO,10,1
75113000BJ0061,75113_9847_00005,GEO,10,1
75113000ED0166,75113_1083_00006,GEO,6,1
75113000DQ0011,75113_2858_00022,GEO,2,1
75114000CS0016,75114_3888_00016,GEO,1,1
75113000BJ0061,75113_1786_00018,GEO,10,1
75112000CS0062,75112_3514_00230_a,GEO,1,1
75115000AD0001,75115_5346_00042,GEO,13,1
75115000CY0096,75115_7132_00001,GEO,24,1
75114000DT0003,75114_6398_00020,GEO,27,1
75114000DT0003,75114_6398_00012,GEO,27,1
75115000CT0012,75115_9624_00172,GEO,2,1
75114000DT0003,75114_2236_00008,GEO,27,1
75115000BU0063,75115_4017_00026,GEO,1,1
75114000DS0005,75114_2236_00035,GEO,6,1
75115000CY0096,75115_2460_00027,GEO,24,1
75115000AD0001,75115_5346_00038,GEO,13,1
75115000BU0058,75115_4017_00003,GEO,3,1
75115000CY0096,75115_2460_00023,GEO,24,1
75115000CT0013,75115_9066_00024,GEO,1,1
75115000CY0096,75115_1454_00028,GEO,24,1
75115000BU0087,75115_4017_00032,GEO,2,1
75115000CR0040,75115_0507_00004,GEO,4,1
75114000DT0003,75114_2236_00018,GEO,27,1
75115000CR0140,75115_6539_00002_b,GEO,3,1
75115000DH0021,75115_0110_00014,GEO,2,1
75115000CY0096,75115_1454_00032,GEO,24,1
75115000CY0096,75115_2460_00017,GEO,24,1
75115000AB0057,75115_5346_00026,GEO,3,1
75115000DH0056,75115_4028_00009,GEO,1,1
75115000CR0028,75115_6539_00010,GEO,1,1
75115000CY0096,75115_2460_00025,GEO,24,1
75114000DT0003,75114_2236_00010,GEO,27,1
75115000AD0035,75115_5346_00039,GEO,4,1
75115000CE0008,75115_4016_00003,GEO,2,1
75115000AB0057,75115_8557_00009,GEO,3,1
75115000CE0008,75115_4016_00001,GEO,2,1
75115000CT0019,75115_5456_00017,GEO,4,1
75114000DT0003,75114_6398_00022,GEO,27,1
75115000CT0014,75115_9066_00022,GEO,1,1
75115000BU0062,75115_4017_00020,GEO,1,1
75115000CY0096,75115_7132_00005,GEO,24,1
75114000DT0003,75114_2236_00022,GEO,27,1
75115000BX0039,75115_0291_00011,GEO,9,1
75114000DT0003,75114_6398_00024,GEO,27,1
75115000BO0065,75115_2233_00010,GEO,1,1
75115000BX0033,75115_2460_00004,GEO,3,1
75114000DT0003,75114_2236_00020,GEO,27,1
75115000AD0035,75115_5346_00037,GEO,4,1
75114000DT0003,75114_2236_00016,GEO,27,1
75115000CT0012,75115_9066_00026,GEO,2,1
75114000DS0005,75114_9661_00024,GEO,6,1
75114000DT0003,75114_6398_00004,GEO,27,1
75115000BU0058,75115_4017_00001,GEO,3,1
75114000DT0003,75114_6398_00010,GEO,27,1
75115000CY0008,75115_2460_00005,GEO,2,1
75115000BX0039,75115_2460_00010,GEO,9,1
75115000BX0039,75115_2460_00016,GEO,9,1
75114000DT0003,75114_6398_00028,GEO,27,1
75114000CW0038,75114_7445_00006,GEO,1,1
75115000CY0096,75115_2460_00009,GEO,24,1
75114000DS0005,75114_9661_00026,GEO,6,1
75115000CR0037,75115_6539_00014,GEO,1,1
75115000AD0001,75115_5346_00048,GEO,13,1
75115000CY0096,75115_2460_00011,GEO,24,1
75115000DH0047,75115_4028_00007_b,GEO,1,1
75115000AD0001,75115_3536_00018,GEO,13,1
75115000BU0067,75115_4017_00038,GEO,2,1
75114000DT0003,75114_6398_00008,GEO,27,1
75115000BX0033,75115_2460_00002,GEO,3,1
75115000AD0036,75115_5346_00033,GEO,3,1
75115000AD0001,75115_5346_00044,GEO,13,1
75115000BU0036,75115_1454_00094,GEO,3,1
75115000AD0001,75115_5346_00036,GEO,13,1
75115000BU0087,75115_4017_00030,GEO,2,1
75115000CY0096,75115_7132_00009,GEO,24,1
75115000CY0096,75115_7132_00003,GEO,24,1
75115000CT0019,75115_9066_00004,GEO,4,1
75115000AB0057,75115_5346_00024,GEO,3,1
75115000BX0035,75115_2460_00008,GEO,1,1
75115000AD0036,75115_3536_00022,GEO,3,1
75115000CR0140,75115_6539_00004,GEO,3,1
75115000DE0046,75115_4027_00004,GEO,1,1
75115000CY0096,75115_8194_00011,GEO,24,1
75115000DE0051,75115_4027_00007,GEO,1,1
75114000DT0003,75114_6398_00026,GEO,27,1
75115000CY0010,75115_2459_00031,GEO,3,1
75115000CY0096,75115_1454_00030,GEO,24,1
75115000BU0086,75115_4017_00028,GEO,1,1
75115000CR0040,75115_0507_00006,GEO,4,1
75115000AD0035,75115_5346_00043,GEO,4,1
75115000CY0096,75115_2460_00013,GEO,24,1
75115000BO0062,75115_2233_00004,GEO,1,1
75114000DT0003,75114_6398_00016,GEO,27,1
75114000DT0003,75114_6398_00018,GEO,27,1
75115000BX0039,75115_2460_00014,GEO,9,1
75115000BX0039,75115_0291_00015,GEO,9,1
75114000DS0005,75114_1604_00022,GEO,6,1
75115000CY0096,75115_2460_00021,GEO,24,1
75115000CY0096,75115_2460_00019,GEO,24,1
75115000BU0067,75115_4017_00040,GEO,2,1
75114000DT0003,75114_6398_00030,GEO,27,1
75115000CR0140,75115_6539_00002,GEO,3,1
75114000DT0003,75114_6398_00002,GEO,27,1
75115000AD0001,75115_5346_00034,GEO,13,1
75115000CR0040,75115_6539_00011,GEO,4,1
75115000AD0001,75115_3536_00020,GEO,13,1
75115000DH0045,75115_4028_00005,GEO,1,1
75115000CY0096,75115_7132_00007,GEO,24,1
75115000BU0058,75115_4017_00005,GEO,3,1
75114000CU0017,75114_4808_00015,GEO,1,1
75115000AD0035,75115_5346_00041,GEO,4,1
75115000DH0048,75115_4028_00007_t,GEO,1,1
75115000CR0049,75115_0507_00001_b,GEO,1,1
75115000BU0056,75115_4017_00011,GEO,2,1
75115000DE0053,75115_4027_00003,GEO,1,1
75114000DT0003,75114_2236_00028,GEO,27,1
75114000DT0003,75114_2236_00012,GEO,27,1
75115000BX0039,75115_0291_00017,GEO,9,1
75114000DT0003,75114_2236_00024,GEO,27,1
75115000BU0056,75115_4017_00009,GEO,2,1
75115000AD0001,75115_5346_00040,GEO,13,1
75115000AD0036,75115_5346_00035,GEO,3,1
75115000CE0005,75115_4016_00005,GEO,2,1
75115000CT0016,75115_9066_00018,GEO,1,1
75115000CT0019,75115_9066_00002,GEO,4,1
75114000DT0003,75114_6398_00014,GEO,27,1
75115000CY0010,75115_8194_00002,GEO,3,1
75114000DT0003,75114_6398_00006,GEO,27,1
75114000DT0003,75114_2236_00014,GEO,27,1
75115000CY0096,75115_2460_00029,GEO,24,1
75114000DS0005,75114_1604_00024,GEO,6,1
75115000CY0096,75115_1454_00026,GEO,24,1
75115000DH0021,75115_4028_00006,GEO,2,1
75115000BU0036,75115_4016_00009,GEO,3,1
75115000BO0063,75115_2233_00006,GEO,1,1
75115000AD0001,75115_5346_00046,GEO,13,1
75115000AD0001,75115_0212_00031,GEO,13,1
75115000BX0039,75115_2460_00018,GEO,9,1
75114000DT0003,75114_2236_00006,GEO,27,1
75114000DS0005,75114_2236_00033,GEO,6,1
75115000CY0010,75115_2460_00001,GEO,3,1
75114000DT0003,75114_2236_00026,GEO,27,1
75115000BU0036,75115_1454_00092,GEO,3,1
75115000AD0001,75115_5346_00032,GEO,13,1
75115000BU0061,75115_4017_00018,GEO,1,1
75115000CY0096,75115_1454_00034,GEO,24,1
75115000DH0020,75115_4028_00008,GEO,1,1
75115000CY0008,75115_8194_00006,GEO,2,1
75115000BX0039,75115_0291_00013,GEO,9,1
75115000CT0019,75115_9066_00002_b,GEO,4,1
75115000CY0096,75115_8194_00009,GEO,24,1
75115000BU0033,75115_4016_00004,GEO,1,1
75115000CY0096,75115_2460_00015,GEO,24,1
75114000CU0018,75114_4808_00025,GEO,1,1
75115000BX0033,75115_2459_00035,GEO,3,1
75115000CR0052,75115_0507_00007,GEO,1,1
75115000AD0001,75115_4628_00009,GEO,13,1
75115000CY0096,75115_2460_00031,GEO,24,1
75115000CR0040,75115_6539_00009,GEO,4,1
75115000CE0005,75115_1019_00070,GEO,2,1
75115000BX0039,75115_2460_00012,GEO,9,1
75116000BP0001,75116_9107_00126,GEO,21,1
75115000FT0068,75115_6449_00010,GEO,20,1
75116000AY0004,75116_4083_00033,GEO,5,1
75115000ER0032,75115_8512_00158,GEO,3,1
75116000AO0002,75116_3465_00106,GEO,16,1
75116000AV0033,75116_9603_00008,GEO,3,1
75116000BN0012,75116_2817_00030,GEO,15,1
75116000AY0064,75116_4029_00009,GEO,1,1
75116000BO0001,75116_9107_00108,GEO,16,1
75116000AV0037,75116_4029_00019,GEO,4,1
75116000AY0051,75116_4029_00014,GEO,2,1
75115000FW0019,75115_8892_00007,GEO,11,1
75115000FT0068,75115_1612_00008,GEO,20,1
75116000AV0027,75116_4029_00038,GEO,2,1
75115000FW0019,75115_7616_00007,GEO,11,1
75116000AV0037,75116_4029_00021_s,GEO,4,1
75116000BO0001,75116_6049_00001,GEO,16,1
75115000FW0019,75115_2300_00004,GEO,11,1
75116000AV0037,75116_4029_00023,GEO,4,1
75116000BN0012,75116_2817_00026,GEO,15,1
75116000BP0001,75116_6049_00033,GEO,21,1
75115000FW0019,75115_8892_00013,GEO,11,1
75115000FT0068,75115_6449_00002,GEO,20,1
75116000BM0003,75116_6043_00017,GEO,2,1
75116000BO0001,75116_8280_00001,GEO,16,1
75115000DH0086,75115_6975_00015,GEO,4,1
75116000BN0012,75116_2817_00032,GEO,15,1
75115000FW0019,75115_0568_00012,GEO,11,1
75116000BO0001,75116_9339_00001,GEO,16,1
75115000FT0068,75115_6453_00005_b,GEO,20,1
75116000BP0001,75116_6049_00027,GEO,21,1
75116000BO0001,75116_0172_00002,GEO,16,1
75116000AO0002,75116_4012_00001,GEO,16,1
75116000AO0002,75116_6411_00043,GEO,16,1
75116000BO0001,75116_8280_00002,GEO,16,1
75115000FT0068,75115_1612_00006_b,GEO,20,1
75116000BO0001,75116_9107_00100,GEO,16,1
75115000DH0086,75115_4028_00011,GEO,4,1
75116000AS0043,75116_4624ae_00005,GEO,1,1
75116000BO0001,75116_0202_00001,GEO,16,1
75116000BN0012,75116_2817_00034,GEO,15,1
75116000BM0001,75116_6043_00021,GEO,3,1
75116000BN0009,75116_2817_00004,GEO,5,1
75115000FT0068,75115_6453_00007,GEO,20,1
75115000EM0012,75115_4038_00006,GEO,2,1
75116000AO0002,75116_4012_00005,GEO,16,1
75116000AV0037,75116_4029_00021,GEO,4,1
75116000BP0001,75116_7984_00002,GEO,21,1
75116000AY0004,75116_7995_00010,GEO,5,1
75116000AO0002,75116_3465_00108,GEO,16,1
75115000FT0068,75115_6453_00013,GEO,20,1
75115000FT0068,75115_6449_00008,GEO,20,1
75116000AO0002,75116_4012_00006,GEO,16,1
75115000FW0019,75115_8892_00009,GEO,11,1
75115000FT0068,75115_6453_00009,GEO,20,1
75115000FT0068,75115_1612_00010,GEO,20,1
75116000AV0035,75116_4029_00029,GEO,1,1
75116000AY0004,75116_6282_00009,GEO,5,1
75115000EM0012,75115_5230_00006,GEO,2,1
75116000BN0009,75116_0503_00089,GEO,5,1
75116000BM0002,75116_6043_00019,GEO,1,1
75116000AS0003,75116_4029_00041,GEO,1,1
75115000FW0019,75115_2300_00012,GEO,11,1
75116000AV0003,75116_4029_00054,GEO,3,1
75115000FT0068,75115_1612_00004,GEO,20,1
75116000AS0011,75116_4029_00049,GEO,2,1
75116000BN0012,75116_2817_00040,GEO,15,1
75116000AY0004,75116_4083_00035,GEO,5,1
75115000FT0068,75115_6453_00005,GEO,20,1
75116000AV0034,75116_4029_00031,GEO,2,1
75116000BP0001,75116_9107_00132,GEO,21,1
75116000AS0008,75116_4029_00047,GEO,1,1
75116000BP0001,75116_5960_00001,GEO,21,1
75115000FT0068,75115_6449_00006,GEO,20,1
75116000AO0002,75116_3320_00040,GEO,16,1
75115000DM0015,75115_1512_00003,GEO,2,1
75116000AO0002,75116_3465_00104,GEO,16,1
75115000ER0032,75115_1663_00058,GEO,3,1
75116000BN0009,75116_0503_00091,GEO,5,1
75116000BP0001,75116_6049_00041,GEO,21,1
75116000BP0001,75116_9529_00001,GEO,21,1
75116000AO0002,75116_4012_00002,GEO,16,1
75115000FT0068,75115_1612_00006,GEO,20,1
75116000BP0001,75116_7644_00002,GEO,21,1
75116000AI0028,75116_9810_00005,GEO,1,1
75116000BN0012,75116_6516_00013,GEO,15,1
75116000AS0029,75116_4624ae_00016,GEO,1,1
75116000AO0002,75116_3320_00042,GEO,16,1
75115000FT0068,75115_1612_00012,GEO,20,1
75116000BN0012,75116_6516_00017,GEO,15,1
75116000AP0004,75116_1057_00018_b,GEO,1,1
75116000BN0012,75116_6516_00019_b,GEO,15,1
75115000FW0019,75115_8892_00005,GEO,11,1
75115000FT0068,75115_6449_00004,GEO,20,1
75116000BP0001,75116_9107_00118,GEO,21,1
75116000BO0001,75116_6992_00001,GEO,16,1
75116000AO0002,75116_4012_00004,GEO,16,1
75116000AY0004,75116_4083_00031,GEO,5,1
75116000BO0001,75116_6049_00025,GEO,16,1
75116000AV0003,75116_4029_00056,GEO,3,1
75116000BO0001,75116_6049_00017,GEO,16,1
75116000BN0012,75116_2817_00036,GEO,15,1
75116000AV0033,75116_4029_00037,GEO,3,1
75116000BP0001,75116_5960_00003,GEO,21,1
75116000BO0001,75116_6992_00002,GEO,16,1
75116000BO0001,75116_9107_00092,GEO,16,1
75116000AV0039,75116_4029_00011,GEO,1,1
75116000BO0001,75116_6049_00009,GEO,16,1
75116000BO0001,75116_9107_00116,GEO,16,1
75115000FW0019,75115_0639_00001,GEO,11,1
75116000AV0003,75116_6639_00093,GEO,3,1
75116000AY0051,75116_4029_00016,GEO,2,1
75116000AS0012,75116_4029_00053,GEO,2,1
75116000AP0058,75116_1057_00001_b,GEO,1,1
75116000BP0001,75116_0172_00001,GEO,21,1
75116000AO0002,75116_3320_00044,GEO,16,1
75116000BN0012,75116_6516_00021,GEO,15,1
75116000AV0027,75116_9603_00010,GEO,2,1
75116000BM0004,75116_6043_00013,GEO,1,1
75116000AI0037,75116_1790_00039,GEO,2,1
75116000BP0001,75116_7984_00001,GEO,21,1
75116000BN0012,75116_2817_00038,GEO,15,1
75116000AS0004,75116_4029_00043,GEO,1,1
75116000BP0001,75116_9529_00002,GEO,21,1
75116000AY0067,75116_4029_00003,GEO,1,1
75116000AV0006,75116_4029_00052,GEO,1,1
75116000AY0061,75116_4029_00008,GEO,2,1
75116000BM0001,75116_9107_00062,GEO,3,1
75116000AP0035,75116_1057_00034,GEO,1,1
75116000BO0001,75116_0202_00002,GEO,16,1
75115000DH0086,75115_6975_00019,GEO,4,1
75116000BP0001,75116_9107_00144,GEO,21,1
75115000FT0068,75115_6453_00011,GEO,20,1
75115000FW0019,75115_2300_00002,GEO,11,1
75116000BP0001,75116_9107_00134,GEO,21,1
75115000EM0017,75115_4843_00078,GEO,2,1
75116000AS0011,75116_4029_00051,GEO,2,1
75116000AY0066,75116_4029_00005,GEO,1,1
75116000BP0001,75116_6049_00053,GEO,21,1
75116000AO0002,75116_6411_00047,GEO,16,1
75116000BN0012,75116_2817_00028,GEO,15,1
75116000BP0001,75116_9107_00138,GEO,21,1
75115000FT0068,75115_6453_00003,GEO,20,1
75115000EM0017,75115_4038_00005,GEO,2,1
75116000AS0012,75116_4029_00053_b,GEO,2,1
75116000BO0005,75116_5419_00003,GEO,1,1
75116000BN0009,75116_2817_00006,GEO,5,1
75116000AY0061,75116_4029_00006,GEO,2,1
75115000FW0019,75115_0568_00014,GEO,11,1
75116000AV0036,75116_4029_00027,GEO,2,1
75116000BP0001,75116_6049_00047,GEO,21,1
75116000AO0002,75116_6411_00045,GEO,16,1
75116000BN0012,75116_6516_00023,GEO,15,1
75116000AV0033,75116_4029_00035,GEO,3,1
75116000AV0034,75116_4029_00033,GEO,2,1
75116000AV0036,75116_4029_00025,GEO,2,1
75116000AV0023,75116_4029_00030,GEO,1,1
75115000DM0015,75115_1512_00005,GEO,2,1
75115000ER0032,75115_1663_00060,GEO,3,1
75115000FT0068,75115_6449_00012,GEO,20,1
75116000BN0009,75116_0503_00093,GEO,5,1
75116000BP0001,75116_5960_00002,GEO,21,1
75116000AV0026,75116_4029_00036,GEO,1,1
75116000BM0003,75116_6043_00015,GEO,2,1
75115000DH0086,75115_6975_00017,GEO,4,1
75115000DM0019,75115_1512_00001,GEO,1,1
75115000FT0068,75115_6453_00001,GEO,20,1
75116000AO0002,75116_4012_00003,GEO,16,1
75116000BN0012,75116_6516_00015,GEO,15,1
75116000AY0065,75116_4029_00007,GEO,1,1
75116000AS0037,75116_4624ae_00017,GEO,1,1
75116000BN0012,75116_6516_00019,GEO,15,1
75116000BM0001,75116_4602_00004,GEO,3,1
75116000AI0037,75116_9810_00010,GEO,2,1
75116000BP0001,75116_9107_00136,GEO,21,1
75116000AO0002,75116_4012_00008,GEO,16,1
75115000FX0003,75115_1508_00014,GEO,1,1
75116000BU0001,75116_5584_00018,GEO,14,1
75116000BU0001,75116_3209_00002,GEO,14,1
75116000BU0010,75116_8084_00022,GEO,4,1
75116000BS0016,75116_9990_00021,GEO,6,1
75116000BU0001,75116_5584_00022,GEO,14,1
75116000CE0021,75116_5294_00009,GEO,2,1
75116000BU0001,75116_8084_00023,GEO,14,1
75116000BS0016,75116_2817_00047,GEO,6,1
75116000BU0012,75116_6362_00001,GEO,2,1
75116000BS0015,75116_4563_00026,GEO,4,1
75116000CG0027,75116_7801_00014,GEO,1,1
75116000BS0101,75116_7998_00034,GEO,4,1
75116000BU0058,75116_8084_00020,GEO,2,1
75116000BS0101,75116_2817_00057,GEO,4,1
75116000BU0049,75116_8084_00009,GEO,10,1
75116000BU0012,75116_0503_00021,GEO,2,1
75116000BW0004,75116_7439_00028,GEO,3,1
75116000BU0001,75116_8084_00019,GEO,14,1
75116000CG0020,75116_7801_00006,GEO,2,1
75116000BU0035,75116_gctyoi_00003_b,GEO,2,1
75116000BU0007,75116_0503_00023,GEO,2,1
75116000CG0026,75116_7801_00012,GEO,1,1
75116000BU0049,75116_5584_00014,GEO,10,1
75116000BW0005,75116_1510_00001,GEO,3,1
75116000CD0030,75116_2832_00009,GEO,7,1
75116000BU0049,75116_5584_00008,GEO,10,1
75116000BT0019,75116_2817_00013,GEO,5,1
75116000BU0010,75116_6362_00005,GEO,4,1
75116000BS0015,75116_2817_00049,GEO,4,1
75116000BT0019,75116_2817_00017,GEO,5,1
75116000BW0009,75116_1510_00006,GEO,1,1
75116000BX0018,75116_5249_00067,GEO,3,1
75116000CD0030,75116_2832_00007,GEO,7,1
75116000BU0001,75116_8084_00017,GEO,14,1
75116000BT0018,75116_2817_00021,GEO,1,1
75116000BS0017,75116_2817_00033,GEO,6,1
75116000BU0001,75116_5584_00020,GEO,14,1
75116000BW0004,75116_6390_00002,GEO,3,1
75116000BS0101,75116_2817_00059,GEO,4,1
75116000CF0011,75116_7053_00002,GEO,2,1
75116000CG0003,75116_6127_00006,GEO,1,1
75116000BS0008,75116_2817_00048,GEO,1,1
75116000BX0018,75116_7246_00019,GEO,3,1
75116000CG0021,75116_7801_00010,GEO,2,1
75116000CG0029,75116_6127_00004,GEO,2,1
75116000CD0030,75116_2832_00017,GEO,7,1
75116000BX0018,75116_4059_00001,GEO,3,1
75116000BS0017,75116_2817_00035,GEO,6,1
75116000CE0027,75116_4069_00018,GEO,2,1
75116000CG0021,75116_7801_00008,GEO,2,1
75116000CF0009,75116_3856_00003,GEO,2,1
75116000BU0049,75116_5584_00010,GEO,10,1
75116000BU0049,75116_5584_00016,GEO,10,1
75116000CG0029,75116_0137_00020,GEO,2,1
75116000CG0002,75116_6127_00008,GEO,1,1
75116000BS0016,75116_2817_00041,GEO,6,1
75116000BU0049,75116_8084_00011,GEO,10,1
75116000BT0019,75116_3405_00007,GEO,5,1
75116000BU0001,75116_3209_00004,GEO,14,1
75116000BS0016,75116_2817_00045,GEO,6,1
75116000BU0001,75116_8084_00015,GEO,14,1
75116000BS0101,75116_2818_00002,GEO,4,1
75116000BW0005,75116_6626_00128,GEO,3,1
75116000BS0015,75116_4563_00024,GEO,4,1
75116000BW0004,75116_1510_00003,GEO,3,1
75116000BT0019,75116_2817_00015,GEO,5,1
75116000CD0030,75116_2832_00011,GEO,7,1
75116000BU0049,75116_5584_00012,GEO,10,1
75116000BS0006,75116_2817_00054,GEO,2,1
75116000CG0020,75116_7801_00004,GEO,2,1
75116000BU0058,75116_8084_00018,GEO,2,1
75116000BS0017,75116_2817_00031,GEO,6,1
75116000BT0035,75116_2817_00005,GEO,1,1
75116000CE0021,75116_4069_00006,GEO,2,1
75116000BS0017,75116_9990_00031,GEO,6,1
75116000BW0005,75116_7439_00026,GEO,3,1
75116000BT0078,75116_4037_00002,GEO,2,1
75116000CF0012,75116_7801_00042,GEO,2,1
75116000BU0049,75116_3209_00003,GEO,10,1
75116000BU0049,75116_3209_00001,GEO,10,1
75116000BU0049,75116_8084_00013,GEO,10,1
75116000BU0030,75116_gctyoi_00004,GEO,1,1
75116000CF0011,75116_7801_00034,GEO,2,1
75116000BS0015,75116_8141_00012,GEO,4,1
75116000BT0034,75116_5964_00008,GEO,2,1
75116000BS0016,75116_2817_00039,GEO,6,1
75116000BW0007,75116_1510_00002,GEO,2,1
75116000CG0030,75116_7801_00016,GEO,2,1
75116000BQ0173,75116_kdeo8h_00039,GEO,1,1
75116000CD0030,75116_2832_00013,GEO,7,1
75116000BT0096,75116_3405_00009,GEO,1,1
75116000BU0010,75116_6362_00007,GEO,4,1
75116000CG0030,75116_6127_00002,GEO,2,1
75116000BU0011,75116_6362_00003,GEO,1,1
75116000BW0007,75116_6626_00126,GEO,2,1
75116000CE0026,75116_4069_00016,GEO,1,1
75116000BU0001,75116_8084_00021,GEO,14,1
75116000CF0012,75116_7053_00001,GEO,2,1
75116000BS0017,75116_2817_00029,GEO,6,1
75116000BU0035,75116_gctyoi_00003,GEO,2,1
75116000CF0009,75116_7801_00028,GEO,2,1
75116000BS0016,75116_2817_00043,GEO,6,1
75116000BU0008,75116_6362_00002_b,GEO,2,1
75116000BU0010,75116_6362_00009,GEO,4,1
75116000BU0001,75116_5584_00026,GEO,14,1
75116000CE0023,75116_4069_00010,GEO,1,1
75116000CD0030,75116_2832_00019,GEO,7,1
75116000BU0002,75116_8084_00024,GEO,2,1
75116000BT0078,75116_0503_00025,GEO,2,1
75116000CE0024,75116_4069_00012,GEO,1,1
75116000CE0027,75116_2832_00016,GEO,2,1
75116000BU0001,75116_3209_00006,GEO,14,1
75116000CD0030,75116_2832_00015,GEO,7,1
75116000BU0001,75116_8302_00003,GEO,14,1
75116000BU0008,75116_6362_00004,GEO,2,1
75116000BU0026,75116_fw8dmn_00005,GEO,1,1
75116000BT0019,75116_2817_00019,GEO,5,1
75116000BT0034,75116_2817_00007,GEO,2,1
75116000BS0017,75116_9990_00029,GEO,6,1
75116000BU0007,75116_6362_00002,GEO,2,1
75116000BS0006,75116_2817_00052,GEO,2,1
75116000CE0031,75116_2832_00024,GEO,1,1
75116000BU0001,75116_5584_00024,GEO,14,1
75116000BU0002,75116_6362_00008,GEO,2,1
75116000BT0087,75116_3405_00009_a,GEO,1,1
75116000BU0031,75116_gctyoi_00006,GEO,1,1
75116000CJ0019,75116_8989_00009_b,GEO,2,1
75116000CJ0017,75116_8989_00013,GEO,4,1
75116000DL0056,75116_2722_00011,GEO,2,1
75116000CQ0007,75116_6051_00025,GEO,2,1
75116000DD0001,75116_6051_00001,GEO,14,1
75116000CJ0014,75116_2199_00011_b,GEO,2,1
75116000DP0003,75116_fc8ewv_00006_b,GEO,3,1
75116000DL0054,75116_2722_00015,GEO,1,1
75116000CJ0011,75116_2199_00007,GEO,1,1
75116000DN0029,75116_6631_00002,GEO,3,1
75116000DM0079,75116_2722_00019,GEO,3,1
75116000DM0097,75116_2722_00040,GEO,2,1
75116000CM0023,75116_6631_00015,GEO,3,1
75116000DM0079,75116_6771_00055,GEO,3,1
75116000CJ0009,75116_2199_00003,GEO,1,1
75116000CJ0013,75116_2199_00011,GEO,1,1
75116000DM0067,75116_2722_00048,GEO,1,1
75116000DX0041,75116_z7tmzi_00007,GEO,1,1
75116000CJ0024,75116_8989_00003,GEO,2,1
75116000CG0041,75116_6127_00005,GEO,1,1
75116000DD0001,75116_6051_00003,GEO,14,1
75116000CQ0007,75116_sm71g3_00007,GEO,2,1
75116000DX0036,75116_z7tmzi_00011,GEO,3,1
75116000DD0001,75116_6051_00007,GEO,14,1
75116000DN0015,75116_3207_00004,GEO,3,1
75116000DD0001,75116_9107_00002,GEO,14,1
75116000DM0099,75116_ai2rw8_00002,GEO,2,1
75116000CG0054,75116_7801_00022,GEO,1,1
75116000DL0056,75116_2722_00009,GEO,2,1
75116000DD0001,75116_3337_00004,GEO,14,1
75116000DT0009,75116_2240_00004,GEO,4,1
75116000DN0028,75116_6631_00004,GEO,2,1
75116000CQ0004,75116_6051_00033,GEO,2,1
75116000DD0001,75116_6051_00005,GEO,14,1
75116000CJ0023,75116_2199_00006,GEO,2,1
75116000DD0001,75116_2198_00003,GEO,14,1
75116000DD0001,75116_6051_00009,GEO,14,1
75116000DD0001,75116_3337_00002,GEO,14,1
75116000DD0001,75116_9107_00008,GEO,14,1
75116000DT0009,75116_2240_00006,GEO,4,1
75116000DN0029,75116_7149_00102,GEO,3,1
75116000CJ0017,75116_2199_00018,GEO,4,1
75116000DM0077,75116_2722_00023,GEO,1,1
75116000DL0055,75116_2722_00011_b,GEO,1,1
75116000DL0057,75116_2722_00007,GEO,2,1
75116000DL0044,75116_2722_00014,GEO,1,1
75116000DM0078,75116_2722_00021,GEO,1,1
75116000DD0001,75116_9107_00006,GEO,14,1
75116000DN0015,75116_6631_00008_b,GEO,3,1
75116000DN0015,75116_6631_00008,GEO,3,1
75116000DJ0090,75116_8872_00065,GEO,2,1
75116000DN0028,75116_3811_00001,GEO,2,1
75116000DD0001,75116_2198_00001,GEO,14,1
75116000CJ0012,75116_2199_00009,GEO,1,1
75116000DN0029,75116_3811_00002,GEO,3,1
75116000DM0070,75116_3530_00008,GEO,2,1
75116000DJ0093,75116_4053_00003,GEO,1,1
75116000CJ0023,75116_8989_00005,GEO,2,1
75116000DM0099,75116_2722_00038,GEO,2,1
75116000DD0001,75116_9107_00010,GEO,14,1
75116000DE0005,75116_sm71g3_00008,GEO,2,1
75116000DM0097,75116_2722_00042,GEO,2,1
75116000DX0036,75116_4025_00009_b,GEO,3,1
75116000DM0070,75116_2722_00050,GEO,2,1
75116000DT0009,75116_2240_00010,GEO,4,1
75116000DE0006,75116_6051_00019,GEO,1,1
75116000CJ0021,75116_8989_00007_b,GEO,2,1
75116000CJ0024,75116_2199_00004,GEO,2,1
75116000CM0023,75116_6631_00013,GEO,3,1
75116000CJ0010,75116_2199_00005,GEO,1,1
75116000DE0005,75116_6051_00021,GEO,2,1
75116000CJ0017,75116_0170_00012,GEO,4,1
75116000DL0048,75116_2722_00022,GEO,1,1
75116000CQ0004,75116_6051_00031,GEO,2,1
75116000DD0001,75116_6051_00005_b,GEO,14,1
75116000DJ0090,75116_8872_00063,GEO,2,1
75116000DP0003,75116_fc8ewv_00004_t,GEO,3,1
75116000CJ0019,75116_2199_00014,GEO,2,1
75116000DM0079,75116_6771_00057,GEO,3,1
75116000DX0038,75116_z7tmzi_00009,GEO,2,1
75116000DE0010,75116_6051_00015,GEO,1,1
75116000DX0032,75116_4025_00009,GEO,1,1
75116000CG0053,75116_7801_00020,GEO,1,1
75116000DT0009,75116_2240_00008,GEO,4,1
75116000CJ0020,75116_2199_00012,GEO,2,1
75116000DM0059,75116_2722_00034,GEO,1,1
75116000CJ0017,75116_2018_00001,GEO,4,1
75116000CJ0021,75116_2199_00010,GEO,2,1
75116000CJ0020,75116_8989_00009,GEO,2,1
75116000DX0036,75116_4025_00011,GEO,3,1
75116000DP0003,75116_fc8ewv_00006,GEO,3,1
75116000DL0057,75116_2722_00005,GEO,2,1
75116000CI0103,75116_4385_00003,GEO,1,1
75116000DM0066,75116_2722_00046,GEO,1,1
75116000CL0033,75116_1153_00029,GEO,1,1
75116000DX0038,75116_4025_00010,GEO,2,1
75116000CM0023,75116_6626_00006,GEO,3,1
75116000CJ0014,75116_2199_00013,GEO,2,1
75116000FB0011,75116_8426_00006,GEO,2,1
75116000FA0042,75116_1065_00011_b,GEO,2,1
75116000FP0030,75116_58iofz_00025,GEO,2,1
75116000FA0095,75116_4271_00029,GEO,1,1
75116000DZ0016,75116_z7tmzi_00055,GEO,1,1
75116000FR0013,75116_7804_00048,GEO,1,1
75116000FK0113,75116_8059_00058_b,GEO,12,1
75116000DZ0017,75116_z7tmzi_00051,GEO,2,1
75116000DY0012,75116_z7tmzi_00019,GEO,4,1
75116000EW0058,75116_5940_00005,GEO,3,1
75116000FQ0015,75116_7804_00021,GEO,1,1
75116000FQ0008,75116_7804_00024,GEO,4,1
75116000ES0003,75116_z7tmzi_00042,GEO,4,1
75116000FP0030,75116_1680_00012,GEO,2,1
75116000FQ0003,75116_7804_00030,GEO,2,1
75116000EW0093,75116_2235_00009,GEO,1,1
75116000FK0113,75116_8637_00004,GEO,12,1
75116000EE0013,75116_4006_00020,GEO,2,1
75116000EE0014,75116_4006_00018,GEO,1,1
75116000FM0050,75116_0285_00019,GEO,1,1
75116000FA0044,75116_1065_00006,GEO,1,1
75116000FQ0003,75116_5832_00037,GEO,2,1
75116000FR0011,75116_7804_00050,GEO,1,1
75116000FQ0001,75116_5832_00041,GEO,2,1
75116000FQ0018,75116_7804_00015,GEO,5,1
75116000FP0034,75116_4123_00011,GEO,2,1
75116000FQ0011,75116_5744_00007,GEO,2,1
75116000FM0046,75116_0285_00015,GEO,1,1
75116000FP0034,75116_58iofz_00027,GEO,2,1
75116000FK0113,75116_8637_00005,GEO,12,1
75116000FP0079,75116_7804_00014,GEO,1,1
75116000FR0016,75116_7804_00046,GEO,1,1
75116000FQ0008,75116_5744_00013,GEO,4,1
75116000FP0046,75116_58iofz_00020,GEO,2,1
75116000FK0113,75116_8637_00003,GEO,12,1
75116000ES0003,75116_z7tmzi_00044,GEO,4,1
75116000FP0082,75116_58iofz_00008,GEO,2,1
75116000EE0064,75116_3488_00005,GEO,1,1
75116000FK0113,75116_8637_00008,GEO,12,1
75116000EW0058,75116_2235_00010,GEO,3,1
75116000FP0036,75116_58iofz_00026,GEO,1,1
75116000FQ0008,75116_7804_00024_b,GEO,4,1
75116000FQ0018,75116_5983_00009,GEO,5,1
75116000FA0093,75116_4271_00037,GEO,1,1
75116000DY0003,75116_z7tmzi_00035,GEO,4,1
75116000FO0061,75116_4123_00010,GEO,2,1
75116000EG0002,75116_6041_00043,GEO,1,1
75116000FP0005,75116_58iofz_00007,GEO,1,1
75116000FK0113,75116_8637_00002,GEO,12,1
75116000FQ0017,75116_7804_00017,GEO,1,1
75116000DY0031,75116_0830_00068,GEO,3,1
75116000ES0003,75116_z7tmzi_00040,GEO,4,1
75116000DY0013,75116_7587_00167,GEO,2,1
75116000EE0056,75116_4899_00005,GEO,2,1
75116000FQ0007,75116_7804_00026,GEO,1,1
75116000ES0040,75116_z7tmzi_00018,GEO,2,1
75116000FA0042,75116_3039_00028,GEO,2,1
75116000FA0088,75116_4271_00053,GEO,1,1
75116000DY0003,75116_z7tmzi_00033,GEO,4,1
75116000EE0038,75116_4006_00007,GEO,1,1
75116000DY0012,75116_z7tmzi_00021,GEO,4,1
75116000EW0058,75116_2235_00012,GEO,3,1
75116000DY0031,75116_0830_00070,GEO,3,1
75116000FP0046,75116_58iofz_00018,GEO,2,1
75116000FK0113,75116_8637_00001,GEO,12,1
75116000FK0113,75116_8059_00058,GEO,12,1
75116000FA0041,75116_1065_00011,GEO,2,1
75116000DZ0017,75116_9059_00014,GEO,2,1
75116000FM0043,75116_0285_00011,GEO,1,1
75116000FQ0018,75116_3862_00002,GEO,5,1
75116000DY0031,75116_0830_00072,GEO,3,1
75116000FA0043,75116_1065_00009,GEO,1,1
75116000FK0113,75116_8637_00009,GEO,12,1
75116000FQ0018,75116_5983_00011,GEO,5,1
75116000FP0082,75116_6123_00005,GEO,2,1
75116000DY0012,75116_2907_00006,GEO,4,1
75116000FA0041,75116_3039_00026,GEO,2,1
75116000FO0061,75116_58iofz_00029,GEO,2,1
75116000FK0113,75116_8637_00006,GEO,12,1
75116000ES0040,75116_7587_00169,GEO,2,1
75116000EE0013,75116_4006_00022,GEO,2,1
75116000FQ0018,75116_7804_00015_b,GEO,5,1
75116000FQ0008,75116_5832_00031,GEO,4,1
75116000FQ0011,75116_7804_00018,GEO,2,1
75116000FK0113,75116_8637_00007,GEO,12,1
75116000DY0013,75116_z7tmzi_00017,GEO,2,1
75116000FO0057,75116_58iofz_00033,GEO,2,1
75116000DY0012,75116_2907_00004,GEO,4,1
75116000FO0057,75116_5997_00029,GEO,2,1
75116000DY0003,75116_z7tmzi_00037,GEO,4,1
75116000EE0056,75116_4006_00019,GEO,2,1
75116000FB0019,75116_4271_00005,GEO,1,1
75116000FB0011,75116_4271_00011,GEO,2,1
75116000FQ0005,75116_7804_00028,GEO,1,1
75116000DY0003,75116_z7tmzi_00031,GEO,4,1
75116000ES0003,75116_z7tmzi_00038,GEO,4,1
75116000FQ0001,75116_7804_00034,GEO,2,1
75116000FK0113,75116_8637_00003_b,GEO,12,1
75117000AR0001,75117_7298_00007,GEO,14,1
75117000BP0018,75117_4024_00006,GEO,2,1
75117000AR0051,75117_4253_00001,GEO,6,1
75117000CF0042,75117_8847_00116_q,GEO,16,1
75117000CD0064,75117_8847_00139_b,GEO,3,1
75117000CD0064,75117_8847_00139,GEO,3,1
75116000FU0003,75116_3975_00008,GEO,2,1
75117000CF0042,75117_8847_00116_b,GEO,16,1
75117000CF0042,75117_4143_00009,GEO,16,1
75117000AR0051,75117_4253_00003,GEO,6,1
75116000FR0021,75116_7804_00038,GEO,1,1
75117000BF0046,75117_6048_00012,GEO,2,1
75117000AR0001,75117_7701_00001,GEO,14,1
75117000CD0007,75117_8847_00143,GEO,1,1
75117000CD0013,75117_8847_00121,GEO,3,1
75117000AR0002,75117_8434_00010,GEO,4,1
75117000CG0161,75117_8847_00085,GEO,2,1
75117000BG0011,75117_6048_00007,GEO,3,1
75117000BX0013,75117_7640_00013,GEO,10,1
75117000CF0042,75117_8847_00118_b,GEO,16,1
75117000BG0057,75117_9841_00105,GEO,3,1
75117000AR0002,75117_0371_00002,GEO,4,1
75117000BX0013,75117_8688_00012,GEO,10,1
75117000BX0013,75117_7640_00009,GEO,10,1
75117000AX0006,75117_4252_00015_t,GEO,3,1
75117000AR0001,75117_7298_00003,GEO,14,1
75117000AS0036,75117_7709_00011,GEO,6,1
75117000AW0001,75117_4376_00046,GEO,3,1
75117000AR0001,75117_4050_00002,GEO,14,1
75117000AS0037,75117_7709_00001,GEO,2,1
75117000CD0003,75117_9330_00146,GEO,2,1
75117000BO0042,75117_4024_00007,GEO,1,1
75116000FU0006,75116_3975_00006,GEO,1,1
75117000AS0037,75117_4252_00036,GEO,2,1
75117000BX0013,75117_8089_00003,GEO,10,1
75117000AS0036,75117_7709_00003,GEO,6,1
75117000AX0006,75117_4252_00015_b,GEO,3,1
75117000BX0013,75117_7640_00015,GEO,10,1
75117000AR0001,75117_4050_00008,GEO,14,1
75117000CF0042,75117_8847_00116,GEO,16,1
75117000AR0001,75117_4050_00006,GEO,14,1
75117000CD0064,75117_8847_00137,GEO,3,1
75117000BG0057,75117_2387_00186,GEO,3,1
75117000BX0013,75117_8688_00014,GEO,10,1
75117000BF0046,75117_9841_00114,GEO,2,1
75117000AR0004,75117_4252_00053,GEO,1,1
75116000FU0003,75116_7804_00009,GEO,2,1
75117000AR0010,75117_4252_00047,GEO,2,1
75117000CF0042,75117_4143_00015,GEO,16,1
75117000CD0003,75117_8847_00149,GEO,2,1
75116000FU0007,75116_3975_00004,GEO,1,1
75117000CF0042,75117_6273_00005,GEO,16,1
75117000CF0042,75117_6273_00003,GEO,16,1
75117000AX0065,75117_4252_00003,GEO,1,1
75117000AR0001,75117_7298_00005,GEO,14,1
75117000BX0013,75117_1341_00001,GEO,10,1
75117000CC0008,75117_8847_00154,GEO,2,1
75116000FU0010,75116_3975_00002,GEO,1,1
75117000CD0045,75117_8847_00141_b,GEO,2,1
75117000CD0013,75117_8847_00119,GEO,3,1
75117000CD0045,75117_8847_00141_t,GEO,2,1
75117000AG0001,75117_1337_00032,GEO,2,1
75117000CG0135,75117_8847_00100,GEO,1,1
75117000AW0001,75117_4252_00035,GEO,3,1
75117000CD0002,75117_8847_00151,GEO,4,1
75117000AR0051,75117_4252_00043,GEO,6,1
75117000CF0042,75117_8947_00024,GEO,16,1
75117000BG0011,75117_6773_00099,GEO,3,1
75117000CG0065,75117_8847_00107,GEO,4,1
75117000AX0037,75117_4252_00005,GEO,1,1
75117000CD0002,75117_9330_00148,GEO,4,1
75117000CD0002,75117_9330_00150,GEO,4,1
75117000AY0004,75117_7650_00010,GEO,1,1
75117000CF0042,75117_8947_00022,GEO,16,1
75117000CG0138,75117_8847_00108,GEO,1,1
75117000CG0161,75117_5031_00009,GEO,2,1
75117000AR0002,75117_8434_00008,GEO,4,1
75116000FU0019,75116_3860_00006,GEO,2,1
75117000CF0042,75117_4143_00017,GEO,16,1
75117000CF0042,75117_4143_00011,GEO,16,1
75117000BX0013,75117_8089_00001,GEO,10,1
75117000AR0051,75117_4252_00045,GEO,6,1
75117000AS0036,75117_7709_00009,GEO,6,1
75117000BX0013,75117_7640_00011,GEO,10,1
75117000CD0002,75117_8847_00153,GEO,4,1
75117000CG0137,75117_8847_00106,GEO,1,1
75117000BX0013,75117_8993_00007,GEO,10,1
75117000CG0065,75117_3549_00038,GEO,4,1
75117000AR0051,75117_4253_00002,GEO,6,1
75117000AR0001,75117_7701_00003,GEO,14,1
75117000CF0042,75117_8847_00116_t,GEO,16,1
75117000AR0002,75117_4252_00055,GEO,4,1
75117000CC0008,75117_8847_00152,GEO,2,1
75117000CF0042,75117_6273_00007,GEO,16,1
75117000CF0042,75117_8847_00118,GEO,16,1
75117000AR0001,75117_4050_00004,GEO,14,1
75117000CD0013,75117_8847_00123,GEO,3,1
75116000FU0004,75116_2628_00007,GEO,2,1
75117000AR0008,75117_4252_00049,GEO,2,1
75117000AX0002,75117_4252_00013,GEO,2,1
75117000BG0011,75117_7258_00125,GEO,3,1
75117000AS0036,75117_7709_00007,GEO,6,1
75117000CD0006,75117_8847_00145,GEO,1,1
75117000AR0001,75117_4252_00052,GEO,14,1
75117000CG0158,75117_8847_00084,GEO,1,1
75117000CF0042,75117_4143_00013,GEO,16,1
75117000AR0051,75117_4253_00004,GEO,6,1
75117000AW0001,75117_4252_00033,GEO,3,1
75117000AR0010,75117_8434_00001,GEO,2,1
75117000AX0006,75117_4252_00015,GEO,3,1
75117000CG0160,75117_8847_00083,GEO,2,1
75117000AY0006,75117_7650_00004,GEO,1,1
75117000CG0065,75117_3549_00040,GEO,4,1
75117000AS0036,75117_2809_00001,GEO,6,1
75116000FU0018,75116_7804_00003,GEO,2,1
75117000AS0036,75117_7709_00005,GEO,6,1
75117000AS0038,75117_4252_00038,GEO,1,1
75116000FU0004,75116_7804_00007,GEO,2,1
75117000AX0002,75117_4252_00011,GEO,2,1
75117000AG0001,75117_8605_00031,GEO,2,1
75116000FU0019,75116_7804_00001,GEO,2,1
75117000AR0001,75117_4252_00046,GEO,14,1
75117000BG0057,75117_6048_00001,GEO,3,1
75117000AR0008,75117_8434_00002,GEO,2,1
75117000AR0001,75117_4252_00050,GEO,14,1
75117000AR0001,75117_7298_00001,GEO,14,1
75117000CG0160,75117_1550_00133,GEO,2,1
75117000CG0134,75117_8847_00098,GEO,1,1
75117000CG0065,75117_8847_00105,GEO,4,1
75117000AR0001,75117_4252_00048,GEO,14,1
75117000AS0040,75117_4252_00042,GEO,1,1
75117000BP0018,75117_9841_00031,GEO,2,1
75116000FU0018,75116_3860_00003,GEO,2,1
75117000BP0002,75117_4024_00004,GEO,1,1
75117000CH0016,75117_8847_00075,GEO,1,1
75117000CI0057,75117_8847_00058,GEO,1,1
75117000CP0001,75117_2828_00068,GEO,2,1
75117000CR0050,75117_2828_00074,GEO,1,1
75117000CK0026,75117_8847_00003,GEO,1,1
75117000CQ0001,75117_2828_00065,GEO,5,1
75117000CJ0063,75117_8847_00038,GEO,2,1
75117000CJ0073,75117_8847_00016,GEO,1,1
75117000CI0040,75117_8847_00072,GEO,1,1
75117000CP0001,75117_5473_00076,GEO,2,1
75117000CJ0051,75117_8847_00023,GEO,1,1
75117000CQ0001,75117_2828_00067,GEO,5,1
75117000CR0056,75117_1214_00078,GEO,2,1
75117000CI0078,75117_8847_00051,GEO,1,1
75117000CI0073,75117_8847_00045,GEO,1,1
75117000CI0076,75117_8847_00049,GEO,2,1
75117000CI0046,75117_8847_00068,GEO,1,1
75117000CJ0049,75117_8847_00019,GEO,1,1
75117000CI0045,75117_8847_00070,GEO,1,1
75117000CI0097,75117_8847_00064,GEO,1,1
75117000CI0047,75117_8847_00066,GEO,1,1
75117000CI0079,75117_8847_00053,GEO,2,1
75117000CK0027,75117_2523_00096,GEO,2,1
75117000CH0015,75117_8847_00077,GEO,1,1
75117000CH0017,75117_8847_00073,GEO,2,1
75117000CJ0055,75117_8847_00031,GEO,1,1
75117000CJ0048,75117_8847_00015,GEO,2,1
75117000CI0076,75117_8792_00012,GEO,2,1
75117000CJ0097,75117_x367_00004,GEO,1,1
75117000CI0079,75117_8792_00016,GEO,2,1
75117000CI0098,75117_8847_00064_a,GEO,1,1
75117000CJ0048,75117_5429_00002,GEO,2,1
75117000CJ0066,75117_8847_00030,GEO,2,1
75117000CI0058,75117_8847_00056,GEO,1,1
75117000CK0027,75117_8847_00001,GEO,2,1
75117000CJ0066,75117_8847_00030_b,GEO,2,1
75117000CJ0080,75117_2523_00094,GEO,2,1
75117000CI0056,75117_8847_00060,GEO,1,1
75117000CJ0072,75117_8847_00018,GEO,1,1
75117000CJ0069,75117_8847_00024,GEO,1,1
75117000CQ0001,75117_2828_00063,GEO,5,1
75117000CK0022,75117_8847_00011,GEO,1,1
75117000CR0051,75117_2828_00076,GEO,1,1
75117000CJ0077,75117_8847_00008,GEO,1,1
75117000CR0058,75117_2828_00075,GEO,3,1
75117000CR0056,75117_2828_00071,GEO,2,1
75117000CJ0074,75117_8847_00014,GEO,1,1
75117000CJ0078,75117_8847_00006,GEO,1,1
75117000CI0059,75117_8847_00052,GEO,2,1
75117000CJ0095,75117_x367_00003,GEO,1,1
75117000CJ0063,75117_8847_00036,GEO,2,1
75117000CJ0080,75117_8847_00002,GEO,2,1
75117000CJ0071,75117_8847_00020,GEO,1,1
75117000CJ0075,75117_8847_00012,GEO,1,1
75117000CQ0001,75117_5473_00074,GEO,5,1
75117000CJ0079,75117_8847_00004,GEO,1,1
75117000CK0025,75117_8847_00005,GEO,1,1
75117000CR0058,75117_1830_00001,GEO,3,1
75117000CJ0065,75117_8847_00032,GEO,1,1
75117000CR0058,75117_1214_00082,GEO,3,1
75117000CP0002,75117_2828_00066,GEO,1,1
75117000CR0052,75117_2828_00080,GEO,1,1
75117000CI0059,75117_8847_00054,GEO,2,1
75117000CI0039,75117_8847_00074,GEO,2,1
75117000CJ0070,75117_8847_00022,GEO,1,1
75117000CH0017,75117_8847_00071,GEO,2,1
75117000CQ0001,75117_0720_00065,GEO,5,1
75117000CI0039,75117_9176_00002,GEO,2,1
75118000AL0229,75118_1504_00017,GEO,1,1
75118000AX0110,75118_4350_00012,GEO,2,1
75118000BF0084,75118_2118_00135_b,GEO,10,1
75118000BD0095,75118_3361_00021,GEO,4,1
75118000AU0026,75118_2291_00002,GEO,2,1
75118000BH0052,75118_8569_00021,GEO,1,1
75118000BH0056,75118_9708_00007,GEO,2,1
75118000AI0017,75118_9064_00002_b,GEO,4,1
75117000DD0219,75117_1160_00004_b,GEO,2,1
75118000AV0066,75118_3721_00008,GEO,2,1
75117000DD0100,75117_2866_00017,GEO,1,1
75118000AV0073,75118_3721_00020,GEO,1,1
75117000DD0223,75117_2866_00009,GEO,3,1
75118000AI0017,75118_3407_00057,GEO,4,1
75118000BD0095,75118_3361_00017,GEO,4,1
75118000BF0061,75118_1722_00030,GEO,2,1
75118000AL0235,75118_1504_00011,GEO,1,1
75118000AL0221,75118_1504_00008,GEO,1,1
75118000AL0217,75118_1504_00004,GEO,1,1
75118000BH0040,75118_8569_00005,GEO,1,1
75118000AX0129,75118_4350_00004,GEO,1,1
75118000BH0042,75118_8569_00011,GEO,1,1
75118000AL0245,75118_1504_00001,GEO,2,1
75118000AI0016,75118_9064_00004,GEO,1,1
75118000BD0080,75118_8614_00003,GEO,2,1
75118000BF0084,75118_2118_00135,GEO,10,1
75118000BD0095,75118_3361_00019,GEO,4,1
75118000BF0084,75118_5169_00013,GEO,10,1
75118000AV0067,75118_8834_00049,GEO,2,1
75118000AV0082,75118_3721_00009,GEO,1,1
75118000BF0084,75118_6722_00006,GEO,10,1
75118000BH0056,75118_8569_00020,GEO,2,1
75118000AI0081,75118_9064_00007,GEO,2,1
75118000AL0245,75118_8718_00052,GEO,2,1
75118000AL0231,75118_1504_00015,GEO,1,1
75118000AX0122,75118_4350_00010,GEO,2,1
75118000BF0084,75118_6722_00008,GEO,10,1
75118000AV0067,75118_3721_00010,GEO,2,1
75118000AU0056,75118_8780_00047,GEO,1,1
75118000AL0215,75118_8718_00050,GEO,2,1
75118000BD0080,75118_8614_00001,GEO,2,1
75118000BF0084,75118_6722_00004,GEO,10,1
75118000BF0065,75118_6722_00012,GEO,1,1
75118000AL0215,75118_1504_00002,GEO,2,1
75118000AV0068,75118_3721_00012,GEO,1,1
75117000DD0223,75117_1160_00004_z,GEO,3,1
75118000AI0083,75118_9064_00011,GEO,1,1
75118000AV0066,75118_2578_00008,GEO,2,1
75118000AX0110,75118_4350_00014,GEO,2,1
75117000DD0104,75117_2866_00013,GEO,1,1
75118000AV0070,75118_3721_00016,GEO,1,1
75118000BF0066,75118_6722_00014,GEO,1,1
75118000AI0014,75118_9064_00010,GEO,2,1
75118000AU0028,75118_2291_00006,GEO,1,1
75117000DD0223,75117_1160_00004,GEO,3,1
75118000AI0014,75118_9064_00008,GEO,2,1
75118000BF0084,75118_6722_00010,GEO,10,1
75117000DD0101,75117_2866_00015,GEO,1,1
75118000AU0060,75118_x138_00003,GEO,1,1
75118000BF0061,75118_6722_00013,GEO,2,1
75118000BH0041,75118_8569_00007,GEO,1,1
75118000BF0084,75118_5169_00003,GEO,10,1
75118000AX0122,75118_8252_00011_b,GEO,2,1
75118000BE0071,75118_x508_00003,GEO,1,1
75118000AI0076,75118_9064_00003,GEO,1,1
75118000AL0241,75118_1504_00005,GEO,1,1
75118000AI0017,75118_3407_00055,GEO,4,1
75118000BF0067,75118_1723_00041_b,GEO,2,1
75118000AI0013,75118_9064_00012,GEO,1,1
75117000DD0219,75117_2866_00011,GEO,2,1
75118000AU0026,75118_8780_00042,GEO,2,1
75118000BF0084,75118_5169_00005,GEO,10,1
75118000BD0095,75118_8567_00009,GEO,4,1
75118000AT0099,75118_x248_00006,GEO,1,1
75118000AI0017,75118_9064_00002,GEO,4,1
75118000BH0048,75118_8569_00017,GEO,1,1
75118000BF0067,75118_6722_00016,GEO,2,1
75118000BF0084,75118_8986_00046,GEO,10,1
75118000AI0081,75118_9064_00009,GEO,2,1
75118000AU0050,75118_8780_00037,GEO,1,1
75118000AV0072,75118_3721_00018,GEO,1,1
75118000BQ0055,75118_8288_00084,GEO,1,1
75118000BL0026,75118_1992_00014,GEO,2,1
75118000CA0002,75118_7699_00042,GEO,9,1
75118000BL0128,75118_1992_00007,GEO,1,1
75118000BH0071,75118_8569_00012,GEO,2,1
75119000CX0053,75119_9015_00023,GEO,2,1
75118000CG0097,75118_9092_00021,GEO,2,1
75119000DI0110,75119_5661_00023,GEO,2,1
75118000BL0026,75118_2369_00011,GEO,2,1
75118000BL0119,75118_1992_00019,GEO,1,1
75118000BL0032,75118_1992_00010,GEO,2,1
75118000BR0061,75118_8951_00001,GEO,3,1
75118000BN0002,75118_8745_00018,GEO,5,1
75118000BN0002,75118_8834_00002,GEO,5,1
75118000BO0211,75118_0911_00061,GEO,2,1
75118000BL0118,75118_1992_00021,GEO,1,1
75118000BH0069,75118_8569_00014,GEO,1,1
75118000BQ0078,75118_8288_00108,GEO,1,1
75118000BR0046,75118_8288_00048,GEO,1,1
75118000BN0057,75118_8745_00005,GEO,4,1
75118000BQ0079,75118_8288_00110,GEO,1,1
75118000BQ0097,75118_8288_00112,GEO,1,1
75118000BH0076,75118_8569_00008,GEO,1,1
75118000BO0211,75118_3235_00016,GEO,2,1
75118000BR0048,75118_8288_00052,GEO,3,1
75118000BN0057,75118_6823_00010_b,GEO,4,1
75118000BR0043,75118_8288_00042,GEO,1,1
75118000BR0062,75118_8288_00060,GEO,1,1
75118000BN0090,75118_3905_00038,GEO,3,1
75118000BR0061,75118_8951_00003,GEO,3,1
75118000BR0035,75118_8288_00028,GEO,1,1
75118000CA0002,75118_7699_00058,GEO,9,1
75118000BM0051,75118_8780_00011_b,GEO,4,1
75118000BL0033,75118_1992_00008,GEO,2,1
75118000BH0080,75118_8569_00004,GEO,1,1
75119000DI0113,75119_5661_00017,GEO,2,1
75118000CA0002,75118_7699_00054,GEO,9,1
75118000BR0021,75118_8288_00026,GEO,1,1
75118000BM0051,75118_8780_00011,GEO,4,1
75118000BL0181,75118_1992_00016,GEO,2,1
75119000DE0030,75119_0253_00005,GEO,1,1
75118000BR0048,75118_1411_00002,GEO,3,1
75119000DI0113,75119_u8ycjj_00014,GEO,2,1
75118000BH0071,75118_8569_00012_b,GEO,2,1
75118000CA0002,75118_7699_00048,GEO,9,1
75118000BL0032,75118_p0lwv3_00004,GEO,2,1
75118000CG0097,75118_8696_00002,GEO,2,1
75118000BL0108,75118_1992_00023,GEO,1,1
75118000CA0002,75118_7699_00056,GEO,9,1
75119000BY0029,75119_1792_00004,GEO,2,1
75118000BN0094,75118_4849_00006,GEO,1,1
75118000BQ0073,75118_8288_00102,GEO,1,1
75118000BN0057,75118_8745_00003,GEO,4,1
75119000BY0029,75119_2334_00019,GEO,2,1
75118000BR0061,75118_8288_00058,GEO,3,1
75118000CA0002,75118_7699_00052,GEO,9,1
75118000BR0066,75118_1303_00001,GEO,3,1
75118000BL0127,75118_1992_00009,GEO,2,1
75118000BN0057,75118_6823_00012,GEO,4,1
75118000CA0002,75118_7699_00046,GEO,9,1
75118000BH0079,75118_8569_00006,GEO,1,1
75118000BL0033,75118_2369_00005,GEO,2,1
75118000BN0002,75118_8834_00008,GEO,5,1
75118000BR0045,75118_8288_00046,GEO,1,1
75118000BR0066,75118_8288_00068,GEO,3,1
75118000BM0051,75118_6467_00022,GEO,4,1
75119000DI0443,75119_2467_00005,GEO,1,1
75118000CA0002,75118_7699_00044,GEO,9,1
75118000BN0090,75118_4849_00002,GEO,3,1
75118000CG0093,75118_8696_00006,GEO,2,1
75118000BQ0077,75118_8288_00106,GEO,2,1
75118000BR0048,75118_1411_00004,GEO,3,1
75118000BN0090,75118_3905_00036,GEO,3,1
75118000BL0181,75118_2369_00013,GEO,2,1
75119000DI0103,75119_u8ycjj_00024,GEO,1,1
75119000DI0110,75119_u8ycjj_00017,GEO,2,1
75118000BN0002,75118_8834_00004,GEO,5,1
75119000CX0053,75119_9015_00021,GEO,2,1
75118000CG0094,75118_8696_00004,GEO,1,1
75118000BM0051,75118_6467_00024,GEO,4,1
75118000BR0066,75118_1303_00003,GEO,3,1
75118000BL0129,75118_1992_00005,GEO,1,1
75118000BL0127,75118_1992_00011,GEO,2,1
75118000BL0023,75118_1992_00022,GEO,1,1
75118000CG0093,75118_0086_00018,GEO,2,1
75118000BN0002,75118_8834_00006,GEO,5,1
75119000DI0115,75119_u8ycjj_00010,GEO,1,1
75118000BL0044,75118_1992_00004_b,GEO,1,1
75118000CA0002,75118_7699_00050,GEO,9,1
75118000BQ0077,75118_2539_00012,GEO,2,1
75119000ED0019,75119_0sg7em_00001,GEO,12,1
75119000ED0018,75119_5100_00008,GEO,16,1
75120000CC0041,75120_9844_00015_b,GEO,8,1
75120000BV0134,75120_9844_00073_b,GEO,7,1
75119000DX0025,75119_7796_00009,GEO,3,1
75119000ED0018,75119_5100_00016,GEO,16,1
75120000CD0064,75120_9844_00126,GEO,1,1
75119000EA0030,75119_7011_00009,GEO,1,1
75120000CC0034,75120_0355_00022_t,GEO,6,1
75120000CC0034,75120_9844_00041,GEO,6,1
75119000ED0019,75119_0833_00035,GEO,12,1
75120000BV0134,75120_9844_00075,GEO,7,1
75120000AW0023,75120_1112_00054,GEO,8,1
75120000CC0084,75120_9844_00046,GEO,6,1
75120000AM0234,75120_7020_00001,GEO,3,1
75119000DX0025,75119_7796_00011,GEO,3,1
75120000CC0041,75120_9844_00017,GEO,8,1
75120000BV0071,75120_9844_00061_b,GEO,4,1
75119000ED0018,75119_5100_00010,GEO,16,1
75120000BT0013,75120_7228_00085,GEO,5,1
75120000BS0047,75120_4510_00031,GEO,2,1
75120000CC0058,75120_9844_00058,GEO,1,1
75119000DX0027,75119_7796_00013,GEO,4,1
75120000BV0071,75120_7904_00242,GEO,4,1
75120000CC0033,75120_9844_00049,GEO,1,1
75119000ED0019,75119_0sg7em_00009,GEO,12,1
75119000ED0018,75119_0sg7em_00011,GEO,16,1
75119000DX0027,75119_7340_00005,GEO,4,1
75120000AZ0090,75120_3913_00001,GEO,7,1
75120000CC0088,75120_x083_00005,GEO,1,1
75120000CC0032,75120_9844_00051,GEO,1,1
75120000CC0041,75120_0355_00008_b,GEO,8,1
75120000AZ0090,75120_3913_00005,GEO,7,1
75120000CC0109,75120_9844_00026,GEO,1,1
75119000ED0019,75119_0sg7em_00005,GEO,12,1
75120000CD0009,75120_9844_00066,GEO,1,1
75120000BP0017,75120_8580_00001,GEO,2,1
75120000BT0013,75120_7228_00083,GEO,5,1
75119000EA0032,75119_7011_00003_t,GEO,3,1
75120000CC0041,75120_9844_00019,GEO,8,1
75120000BV0038,75120_dr6pbp_00014,GEO,2,1
75120000AZ0090,75120_3913_00003,GEO,7,1
75119000ED0018,75119_0sg7em_00015,GEO,16,1
75120000AO0005,75120_3192_00007,GEO,1,1
75120000CC0084,75120_9844_00048,GEO,6,1
75120000CC0041,75120_0355_00006,GEO,8,1
75120000AO0006,75120_3192_00009,GEO,1,1
75120000AZ0090,75120_4510_00102,GEO,7,1
75119000EA0032,75119_7011_00003_b,GEO,3,1
75119000ED0018,75119_0sg7em_00013,GEO,16,1
75119000ED0018,75119_0sg7em_00017,GEO,16,1
75120000AO0003,75120_3192_00003,GEO,1,1
75120000AZ0090,75120_4510_00104,GEO,7,1
75120000CC0084,75120_9844_00042,GEO,6,1
75120000BT0026,75120_9844_00091,GEO,2,1
75119000DX0027,75119_7340_00003,GEO,4,1
75120000CC0044,75120_9844_00018,GEO,3,1
75120000BV0134,75120_9844_00071,GEO,7,1
75119000EA0032,75119_7011_00007_b,GEO,3,1
75120000CC0084,75120_9844_00050,GEO,6,1
75120000AW0023,75120_1112_00052,GEO,8,1
75120000CC0090,75120_9844_00036,GEO,1,1
75120000BT0026,75120_9844_00093,GEO,2,1
75120000BV0134,75120_9049_00016,GEO,7,1
75119000ED0019,75119_0sg7em_00007,GEO,12,1
75120000CC0041,75120_0355_00010,GEO,8,1
75119000ED0018,75119_2788_00011,GEO,16,1
75119000ED0019,75119_8016_00001,GEO,12,1
75119000ED0019,75119_0sg7em_00003,GEO,12,1
75120000AO0004,75120_3192_00005,GEO,1,1
75120000BX0045,75120_7032_00031,GEO,3,1
75120000CD0008,75120_6924_00049,GEO,2,1
75120000BS0047,75120_4352_00044,GEO,2,1
75119000ED0018,75119_0sg7em_00019,GEO,16,1
75120000BV0134,75120_9844_00077,GEO,7,1
75120000CC0034,75120_0355_00024,GEO,6,1
75120000AZ0090,75120_3913_00007,GEO,7,1
75119000EM0052,75119_6313_00002,GEO,2,1
75120000BV0085,75120_9844_00079,GEO,1,1
75120000CC0041,75120_0355_00008,GEO,8,1
75120000AZ0090,75120_3679_00004,GEO,7,1
75120000CC0044,75120_6924_00005,GEO,3,1
75120000BV0038,75120_dr6pbp_00012,GEO,2,1
75119000ED0018,75119_5100_00014,GEO,16,1
75120000CC0084,75120_9844_00044,GEO,6,1
75119000ED0018,75119_2788_00010,GEO,16,1
75120000AM0234,75120_0832_00076,GEO,3,1
75120000AT0011,75120_5ioktn_00004,GEO,1,1
75120000BT0013,75120_9844_00113,GEO,5,1
75120000BV0071,75120_9844_00059,GEO,4,1
75119000DX0027,75119_7796_00015,GEO,4,1
75119000DX0025,75119_3628_00006,GEO,3,1
75119000ED0018,75119_2788_00006,GEO,16,1
75119000DY0023,75119_7796_00045,GEO,1,1
75120000AO0008,75120_3192_00006,GEO,1,1
75120000AM0234,75120_7020_00003,GEO,3,1
75120000AW0023,75120_1112_00050,GEO,8,1
75120000CD0012,75120_9844_00072,GEO,2,1
75120000CD0012,75120_9844_00072_b,GEO,2,1
75120000AP0029,75120_x590_00005,GEO,1,1
75120000CC0084,75120_9844_00052,GEO,6,1
75120000CC0057,75120_9844_00056,GEO,1,1
75119000EA0038,75119_7011_00010,GEO,1,1
75120000CD0008,75120_9844_00064,GEO,2,1
75120000CC0034,75120_9844_00047,GEO,6,1
75120000BV0079,75120_9844_00069,GEO,1,1
75120000AW0023,75120_1112_00046,GEO,8,1
75120000BT0014,75120_9844_00109,GEO,1,1
75120000BV0071,75120_9844_00061,GEO,4,1
75119000ED0018,75119_2788_00008,GEO,16,1
75120000CD0063,75120_9844_00124,GEO,1,1
75120000CC0044,75120_9844_00016,GEO,3,1
75120000AW0023,75120_1112_00048,GEO,8,1
75120000BT0027,75120_9844_00089,GEO,1,1
75120000BX0045,75120_7032_00037,GEO,3,1
75119000ED0018,75119_2788_00004,GEO,16,1
75119000ED0019,75119_0833_00031,GEO,12,1
75119000ED0019,75119_0833_00029,GEO,12,1
75120000BT0013,75120_9844_00115,GEO,5,1
75120000BV0134,75120_9844_00073,GEO,7,1
75119000ED0018,75119_0sg7em_00021,GEO,16,1
75120000AW0023,75120_x350_00008,GEO,8,1
75119000ED0019,75119_8016_00003,GEO,12,1
75120000CC0102,75120_9844_00054,GEO,1,1
75119000ED0019,75119_0833_00033,GEO,12,1
75120000AW0023,75120_x350_00006,GEO,8,1
75120000BT0028,75120_9844_00087,GEO,1,1
75119000EM0052,75119_0450_00004,GEO,2,1
75120000BX0045,75120_7032_00029,GEO,3,1
75120000CC0041,75120_0355_00004,GEO,8,1
75120000CC0034,75120_9844_00043,GEO,6,1
75120000BP0017,75120_0055_00009,GEO,2,1
75120000CC0034,75120_9844_00045,GEO,6,1
75119000ED0019,75119_0833_00027,GEO,12,1
75119000ED0018,75119_5100_00012,GEO,16,1
75120000BT0025,75120_9844_00095,GEO,1,1
75120000AW0023,75120_x350_00010,GEO,8,1
75120000BV0134,75120_9049_00014,GEO,7,1
75120000BT0013,75120_9844_00111,GEO,5,1
75120000CI0091,75120_2391_00014,GEO,1,1
75120000CI0067,75120_2391_00021,GEO,1,1
75120000CI0015,75120_3460_00006,GEO,2,1
75120000CW0064,75120_8179_00066,GEO,3,1
75120000CI0055,75120_2391_00009,GEO,1,1
75120000CT0050,75120_x027_00004,GEO,1,1
75120000CI0075,75120_2391_00029,GEO,2,1
75120000CI0080,75120_2391_00035,GEO,1,1
75120000CD0106,75120_9844_00090,GEO,3,1
75120000CI0075,75120_2391_00027,GEO,2,1
75120000CK0011,75120_2391_00028,GEO,2,1
75120000CD0106,75120_9844_00088,GEO,3,1
75120000CI0034,75120_2391_00001,GEO,4,1
75120000DM0009,75120_2464_00034,GEO,1,1
75120000CD0114,75120_9844_00078_ba,GEO,2,1
75120000CI0015,75120_2391_00010,GEO,2,1
75120000CD0106,75120_9844_00086,GEO,3,1
75120000CK0011,75120_1972_00001,GEO,2,1
75120000CI0056,75120_2391_00011,GEO,1,1
75120000CI0061,75120_2391_00013,GEO,2,1
75120000CI0061,75120_2391_00013_b,GEO,2,1
75120000CI0034,75120_4704_00007,GEO,4,1
75120000CI0014,75120_2391_00012_b,GEO,2,1
75120000CW0064,75120_9802_00071,GEO,3,1
75120000CI0014,75120_2391_00012,GEO,2,1
75120000CI0005,75120_2391_00020,GEO,1,1
75120000CI0034,75120_4704_00009,GEO,4,1
75120000CI0084,75120_2391_00039,GEO,1,1
75120000CD0111,75120_9844_00078_b,GEO,1,1
75120000CD0114,75120_9844_00080,GEO,2,1
75120000CI0034,75120_2391_00003,GEO,4,1
75120000CW0064,75120_7550_00001,GEO,3,1
