Geo Shape;DEP;INSEE_COM;NOM_COM;IRIS;CODE_IRIS;NOM_IRIS;TYP_IRIS;Geo Point;ID
"{""coordinates"": [[[2.367251725976692, 48.86099057751031], [2.367327839507425, 48.86067171197265], [2.367612199287384, 48.85947888224859], [2.36783451579174, 48.85856811824061], [2.367246641546234, 48.85849126466816], [2.367145069191267, 48.85843766599865], [2.367376053927299, 48.85771131434333], [2.364478437925173, 48.858155527917035], [2.36460738071791, 48.861329110520714], [2.366969473802648, 48.860998977625066], [2.367251725976692, 48.86099057751031]]], ""type"": ""Polygon""}";75;75103;Paris 3e Arrondissement;1101;751031101;Les Archives 1;H;48.85951568433941, 2.3660194604031526;IRIS____0000000751031101
"{""coordinates"": [[[2.352304484939423, 48.843784203340405], [2.35239820236455, 48.84446642651274], [2.351704637798709, 48.84643766511975], [2.351985864738388, 48.846396019459604], [2.352814342194144, 48.84595891849874], [2.353635974294777, 48.845743017255984], [2.354347550324824, 48.84605084317006], [2.354544687713377, 48.84608698193486], [2.354921400212138, 48.84383521679328], [2.355006649983132, 48.84366299908139], [2.35301558898725, 48.843688222097505], [2.352304484939423, 48.843784203340405]]], ""type"": ""Polygon""}";75;75105;Paris 5e Arrondissement;1702;751051702;Saint-Victor 2;H;48.84487388805265, 2.3534321105693463;IRIS____0000000751051702
"{""coordinates"": [[[2.323287262396386, 48.849819285566745], [2.324162209437006, 48.850235238196596], [2.326867309541756, 48.851395370785916], [2.326969194686432, 48.85131500173384], [2.327918332944669, 48.84809613470846], [2.326857913979301, 48.84695338092175], [2.32666283214302, 48.84697027036828], [2.325415764865039, 48.84898680681743], [2.324605350047455, 48.84853435336278], [2.323287262396386, 48.849819285566745]]], ""type"": ""Polygon""}";75;75106;Paris 6e Arrondissement;2309;751062309;Notre-Dame des Champs 9;H;48.84934139933366, 2.326038103330665;IRIS____0000000751062309
"{""coordinates"": [[[2.324162209437006, 48.850235238196596], [2.323287262396386, 48.849819285566745], [2.320555394566371, 48.84842508368592], [2.319565907300404, 48.850523962850126], [2.319020489890948, 48.85169452303179], [2.319099675496175, 48.85272653718763], [2.319955112133921, 48.854951913299644], [2.323846304121677, 48.85399636514559], [2.323516200569286, 48.85170923333956], [2.324162209437006, 48.850235238196596]]], ""type"": ""Polygon""}";75;75107;Paris 7e Arrondissement;2503;751072503;Saint-Thomas d'Aquin 3;H;48.85187160779236, 2.321464758953715;IRIS____0000000751072503
"{""coordinates"": [[[2.365149111645989, 48.82917629928159], [2.365049157845663, 48.82910651700313], [2.364796354308916, 48.829171728105486], [2.362214053972254, 48.83024802376572], [2.360692523930334, 48.8292406978641], [2.360341690156636, 48.829412400821774], [2.360088824053962, 48.829482098521865], [2.359933931512251, 48.82956041441793], [2.358846555037387, 48.83058347148346], [2.358033245550308, 48.83158280695349], [2.361895693761864, 48.83288597790049], [2.362174183267848, 48.83272737558683], [2.363677050117795, 48.83159138221554], [2.363875364181231, 48.831192217316726], [2.365149111645989, 48.82917629928159]]], ""type"": ""Polygon""}";75;75113;Paris 13e Arrondissement;5029;751135029;Gare 29;H;48.83098237587135, 2.3614785807113283;IRIS____0000000751135029
"{""coordinates"": [[[2.358512373800332, 48.822204901562465], [2.358340152561356, 48.822807460219096], [2.361867929752779, 48.82369153871465], [2.363153433085811, 48.82204263803201], [2.363324937964329, 48.82182859994813], [2.360890616340624, 48.82108262042645], [2.360580236481662, 48.82251367091356], [2.358512373800332, 48.822204901562465]]], ""type"": ""Polygon""}";75;75113;Paris 13e Arrondissement;5104;751135104;Maison Blanche 4;H;48.82247484829129, 2.3611136079145343;IRIS____0000000751135104
"{""coordinates"": [[[2.341263603808228, 48.83309250131337], [2.341671904722567, 48.83538904274122], [2.342085567254399, 48.83834304472089], [2.345521063609997, 48.837632504590125], [2.344849273518455, 48.834172553624974], [2.344365019492123, 48.83400531542676], [2.342302165308337, 48.8334867450011], [2.341263603808228, 48.83309250131337]]], ""type"": ""Polygon""}";75;75113;Paris 13e Arrondissement;5206;751135206;Croulebarbe 6;H;48.83583777358334, 2.3433325184335247;IRIS____0000000751135206
"{""coordinates"": [[[2.329426131735775, 48.830784582036536], [2.327348407954735, 48.82837787808344], [2.326770977882546, 48.82783949990355], [2.326805222574929, 48.828035756791515], [2.326759742712344, 48.82818209915244], [2.326205769067125, 48.82941292326983], [2.325209198349687, 48.83189407547592], [2.329426131735775, 48.830784582036536]]], ""type"": ""Polygon""}";75;75114;Paris 14e Arrondissement;5512;751145512;Petit Montrouge 12;H;48.830178359234864, 2.327166459307388;IRIS____0000000751145512
"{""coordinates"": [[[2.340179357627927, 48.88969061258283], [2.342936951153016, 48.88979930602385], [2.34185891051005, 48.88833917594531], [2.341393947321576, 48.88714680998111], [2.341185057505752, 48.88662674880287], [2.340653400900846, 48.88671915102022], [2.340470387099836, 48.886848545584705], [2.340216930649176, 48.88694067928431], [2.339696303631185, 48.88702324542593], [2.339803989954437, 48.88853290985176], [2.340179357627927, 48.88969061258283]]], ""type"": ""Polygon""}";75;75118;Paris 18e Arrondissement;7008;751187008;Clignancourt 8;H;48.88841512225471, 2.340976933867294;IRIS____0000000751187008
"{""coordinates"": [[[2.349597519721272, 48.8915650688925], [2.35163297670859, 48.89118849905594], [2.351459240576514, 48.890464502252286], [2.351636332329081, 48.889057119561464], [2.351531212328244, 48.88829931857893], [2.350742358501664, 48.88670683380024], [2.350105123933055, 48.885972223732665], [2.349517533212377, 48.88541324837127], [2.349571472218448, 48.887427134855926], [2.349597519721272, 48.8915650688925]]], ""type"": ""Polygon""}";75;75118;Paris 18e Arrondissement;7017;751187017;Clignancourt 17;H;48.88892305702538, 2.350452026851966;IRIS____0000000751187017
"{""coordinates"": [[[2.360228167915682, 48.890165435121794], [2.359897064492201, 48.89025179927595], [2.359865298142864, 48.89083888724711], [2.360891497675062, 48.89112315868235], [2.361255138844055, 48.89127528576901], [2.361273461804951, 48.89156046856482], [2.361609439143673, 48.89196695493677], [2.363418722126686, 48.89312771750112], [2.363528881894562, 48.893153484021], [2.363095091927302, 48.88992621007417], [2.362541259226524, 48.889936752818585], [2.360228167915682, 48.890165435121794]]], ""type"": ""Polygon""}";75;75118;Paris 18e Arrondissement;7204;751187204;Chapelle 4;H;48.89114745227903, 2.3620469156409762;IRIS____0000000751187204
"{""coordinates"": [[[2.382260962414133, 48.88587084770205], [2.381650410261317, 48.885723804153734], [2.379571800399088, 48.88518065074329], [2.379427066824247, 48.88519608852413], [2.378794938463289, 48.885030032572004], [2.378397255857409, 48.88567278487665], [2.377003837880309, 48.88644795534784], [2.379980946910398, 48.88792570911088], [2.380825822745767, 48.88717734738884], [2.382130851787533, 48.88603295408986], [2.382260962414133, 48.88587084770205]]], ""type"": ""Polygon""}";75;75119;Paris 19e Arrondissement;7304;751197304;Villette 4;H;48.88637965440317, 2.379661600507197;IRIS____0000000751197304
"{""coordinates"": [[[2.368718249261116, 48.88394759759013], [2.36827567111368, 48.884122430704736], [2.367546742687418, 48.884183333992574], [2.364713572113417, 48.88436618656631], [2.366703703181201, 48.88656299205413], [2.367059831028409, 48.887331999449096], [2.369089471270378, 48.88662325130224], [2.369242206453674, 48.88651074103128], [2.36778045849548, 48.88515044541909], [2.367828851094818, 48.88498342620027], [2.368023320451274, 48.88491520468254], [2.36811591356031, 48.88481406946891], [2.368245595499213, 48.88480306255833], [2.368973699319359, 48.88447325194225], [2.368829257748348, 48.884351980764855], [2.369031107867244, 48.884237031489874], [2.368718249261116, 48.88394759759013]]], ""type"": ""Polygon""}";75;75119;Paris 19e Arrondissement;7307;751197307;Villette 7;H;48.88547083977251, 2.3671874267392337;IRIS____0000000751197307
"{""coordinates"": [[[2.385385602057697, 48.873934843071225], [2.385691787589019, 48.87409919422547], [2.386813394433954, 48.87460137707343], [2.387452080744171, 48.874664902348734], [2.388496636417807, 48.87476467289009], [2.389645129763283, 48.87530293933719], [2.39045749316421, 48.87543928047542], [2.392068801131714, 48.875460964288344], [2.392192854440722, 48.87546249355748], [2.392917473509907, 48.87447150876254], [2.392039683760879, 48.873984111898764], [2.391464502483207, 48.87373657051217], [2.390933250048385, 48.873347155032455], [2.389660859192769, 48.873844301142995], [2.389570744656291, 48.8738555329762], [2.389524557612176, 48.87372489403299], [2.388088038626023, 48.873800298028264], [2.385385602057697, 48.873934843071225]]], ""type"": ""Polygon""}";75;75120;Paris 20e Arrondissement;7712;751207712;Belleville 12;H;48.87444844587384, 2.38983721149877;IRIS____0000000751207712
"{""coordinates"": [[[2.401427664849187, 48.86831165399571], [2.400697307722229, 48.8691120065035], [2.399253480440672, 48.87077933232703], [2.400340389186634, 48.87110314715999], [2.40081222847616, 48.87120983291191], [2.40185663737929, 48.871555904367156], [2.402368502791478, 48.871620515192994], [2.404344603720993, 48.87168252656971], [2.401427664849187, 48.86831165399571]]], ""type"": ""Polygon""}";75;75120;Paris 20e Arrondissement;7808;751207808;Saint-Fargeau 8;H;48.87036598955096, 2.4016939187047206;IRIS____0000000751207808
"{""coordinates"": [[[2.374862841776404, 48.83805386177874], [2.378358228919763, 48.83502323087473], [2.384304749063455, 48.83031072411668], [2.388512315585047, 48.82674382241241], [2.390072014511326, 48.82569232681119], [2.38944542518818, 48.825344669615745], [2.388799862307387, 48.82510573617926], [2.388307584496006, 48.825501641441754], [2.386310179599062, 48.82693669966275], [2.385764151156596, 48.827382682973564], [2.384636513556204, 48.82828615047883], [2.383836638696328, 48.82900062938211], [2.381740916427732, 48.8306635414205], [2.379770123552832, 48.83223442794216], [2.379065570042804, 48.8327128335902], [2.3755349388416, 48.83551756555337], [2.374334535958598, 48.83677849867463], [2.373758191986649, 48.83746259740228], [2.374862841776404, 48.83805386177874]]], ""type"": ""Polygon""}";75;75113;Paris 13e Arrondissement;5099;751135099;Seine et Berges 2;D;48.831617276409126, 2.381585507101785;IRIS____0000000751135099
"{""coordinates"": [[[2.386471597678369, 48.83590692844734], [2.38898715950574, 48.83388004449495], [2.388124652403376, 48.83342865017489], [2.387190388876279, 48.83421530947637], [2.38624145286584, 48.83358448486305], [2.382483831064524, 48.8366023018989], [2.383181882686851, 48.8370205105527], [2.385348012386388, 48.83529678661284], [2.386471597678369, 48.83590692844734]]], ""type"": ""Polygon""}";75;75112;Paris 12e Arrondissement;4701;751124701;Bercy 1;H;48.83500636958479, 2.3858739099242756;IRIS____0000000751124701
"{""coordinates"": [[[2.300943427277512, 48.83265318352605], [2.300984642684219, 48.83272897194913], [2.300910732437361, 48.832957880668566], [2.302785476257626, 48.83538814005281], [2.305181201936135, 48.83472575228014], [2.302978871039827, 48.83213263262614], [2.300943427277512, 48.83265318352605]]], ""type"": ""Polygon""}";75;75115;Paris 15e Arrondissement;5717;751155717;Saint-Lambert 17;H;48.83376130700365, 2.3029375623439376;IRIS____0000000751155717
"{""coordinates"": [[[2.306836825732683, 48.831318634505784], [2.305259242419301, 48.83183471650902], [2.306458638868808, 48.8343509325155], [2.309152846264511, 48.83356878003995], [2.308376790229764, 48.83281421685468], [2.307409464314496, 48.83200008115328], [2.306836825732683, 48.831318634505784]]], ""type"": ""Polygon""}";75;75115;Paris 15e Arrondissement;5719;751155719;Saint-Lambert 19;H;48.832879526341834, 2.3069965985975673;IRIS____0000000751155719
"{""coordinates"": [[[2.29279191214039, 48.84375747283628], [2.293005571501262, 48.843676893285625], [2.295087301479307, 48.842895036344785], [2.29491638439052, 48.84273753907669], [2.294161303213127, 48.8423508547878], [2.29099977836997, 48.84077535070226], [2.29036206765706, 48.83997832470024], [2.28790923678531, 48.84109875396025], [2.290368875481471, 48.84208019230367], [2.291961771660643, 48.842777647760634], [2.29279191214039, 48.84375747283628]]], ""type"": ""Polygon""}";75;75115;Paris 15e Arrondissement;6020;751156020;Javel 20;H;48.84187714153213, 2.2915498341016307;IRIS____0000000751156020
"{""coordinates"": [[[2.260212044802476, 48.84317730440609], [2.263871413629093, 48.84765445281404], [2.264097005692033, 48.847987707088535], [2.264298657942584, 48.84798984664049], [2.265133287022167, 48.84784747992577], [2.266306586651004, 48.8475569904984], [2.264778987203619, 48.84591525999596], [2.26365033501958, 48.84449451010622], [2.263107738511429, 48.8432608304902], [2.26273078556247, 48.84187797277273], [2.261993017057446, 48.84221068800834], [2.261551427726167, 48.84250745370084], [2.260637933106529, 48.842931710883676], [2.260212044802476, 48.84317730440609]]], ""type"": ""Polygon""}";75;75116;Paris 16e Arrondissement;6112;751166112;Auteuil 12;H;48.845071375991644, 2.263104944366998;IRIS____0000000751166112
"{""coordinates"": [[[2.269170179502924, 48.86296797158689], [2.269131587192275, 48.863095444206515], [2.268540967654812, 48.86312331321923], [2.26784895287961, 48.863285462183676], [2.267568093769202, 48.86348340024559], [2.267365768701056, 48.8637186919223], [2.268480476271051, 48.86500439088565], [2.270299123954402, 48.86742395637349], [2.271994723224788, 48.869393065275645], [2.272177926960022, 48.869550666106946], [2.272230229750601, 48.86971016882574], [2.272552907235919, 48.87003319771384], [2.273103048111278, 48.87046912632973], [2.273880774489039, 48.87100985796287], [2.274340555807917, 48.8712788530166], [2.274090042186813, 48.87154803742626], [2.274066959108322, 48.871834789017704], [2.274142808317271, 48.871968352275715], [2.274411886299738, 48.87212826863319], [2.274738048253775, 48.87220309235865], [2.275083259893058, 48.87218269986688], [2.275424144192397, 48.87208133903158], [2.275620862409817, 48.87195482250972], [2.275799919855559, 48.87172567331544], [2.276472440580136, 48.87179539262796], [2.276393970134996, 48.871555692129455], [2.275984987410801, 48.87096594554099], [2.27417341658566, 48.86859778237231], [2.273306171509257, 48.867440453068646], [2.272816547799509, 48.86657770009491], [2.272626339068927, 48.865946099066456], [2.272485449414137, 48.86519968009192], [2.272423009000724, 48.8640094570416], [2.271303460032531, 48.863649199748274], [2.269996989501621, 48.86310792094144], [2.269331012747269, 48.862968953641776], [2.269170179502924, 48.86296797158689]]], ""type"": ""Polygon""}";75;75116;Paris 16e Arrondissement;6305;751166305;Porte Dauphine 5;H;48.86707979723943, 2.2718234514284146;IRIS____0000000751166305
"{""coordinates"": [[[2.327445936834116, 48.89303990326642], [2.327449877193466, 48.89305161660641], [2.328293236097557, 48.89555197070422], [2.32979097922808, 48.89564849567032], [2.331033073476502, 48.89579123808643], [2.332611780707779, 48.89414799244308], [2.327474495108444, 48.89304635892301], [2.327445936834116, 48.89303990326642]]], ""type"": ""Polygon""}";75;75118;Paris 18e Arrondissement;6923;751186923;Grandes Carrières 23;H;48.89450483664991, 2.329795776546784;IRIS____0000000751186923
"{""coordinates"": [[[2.349576074370292, 48.89546530897446], [2.348958778110976, 48.892801763539765], [2.348747197224184, 48.892707083556694], [2.346125982198739, 48.8958440202739], [2.349576074370292, 48.89546530897446]]], ""type"": ""Polygon""}";75;75118;Paris 18e Arrondissement;7020;751187020;Clignancourt 20;H;48.8946225761896, 2.348195900349711;IRIS____0000000751187020
"{""coordinates"": [[[2.408707815938089, 48.87054941441073], [2.40912576101482, 48.87060094172201], [2.410319569693864, 48.870639205002085], [2.410593911649782, 48.870610878187584], [2.410742023834637, 48.87065387615277], [2.410874618083768, 48.86917602189136], [2.409993080982839, 48.86913300828826], [2.410080532927751, 48.86791124127379], [2.409011359408513, 48.867947336307004], [2.409011171766067, 48.86808403457824], [2.40882401769707, 48.86907957504004], [2.408707815938089, 48.87054941441073]]], ""type"": ""Polygon""}";75;75120;Paris 20e Arrondissement;7804;751207804;Saint-Fargeau 4;H;48.86946673017054, 2.4096949886722787;IRIS____0000000751207804
"{""coordinates"": [[[2.393112671240337, 48.88884374525179], [2.392276479538899, 48.88862726434653], [2.387938565734403, 48.89266919707163], [2.384347471652021, 48.89601603438356], [2.384225110636494, 48.89621325480638], [2.384042565436251, 48.89630944216615], [2.38415184859026, 48.896410727572146], [2.385479381251078, 48.897648709423535], [2.385685683139599, 48.89762009044487], [2.387761513737168, 48.897635217017864], [2.389345656336302, 48.897589346092346], [2.389371092850935, 48.897513933380694], [2.390601212550663, 48.89741497935183], [2.391438931251159, 48.8972789460982], [2.392295520527572, 48.89704497746671], [2.392752301779153, 48.89682426445469], [2.393184402024995, 48.8964973054644], [2.393601366232128, 48.896064149010776], [2.394148079315813, 48.89526382732585], [2.394311444429797, 48.89482129089778], [2.394796701839086, 48.89285244145658], [2.395411089476537, 48.8900955354098], [2.395642936300904, 48.88997799555433], [2.395790439826638, 48.88948950972452], [2.395477831440868, 48.88939799985747], [2.395358677524186, 48.8894414649466], [2.393112671240337, 48.88884374525179]]], ""type"": ""Polygon""}";75;75119;Paris 19e Arrondissement;7412;751197412;Pont de Flandre 12;A;48.893775301270935, 2.390595681195478;IRIS____0000000751197412
"{""coordinates"": [[[2.323113019201412, 48.858512373567834], [2.324584325774488, 48.86003969181426], [2.328758729688885, 48.85881218192131], [2.327438807115302, 48.85695390344882], [2.325861353776846, 48.856046572586486], [2.324486487684712, 48.85707307593058], [2.323113019201412, 48.858512373567834]]], ""type"": ""Polygon""}";75;75107;Paris 7e Arrondissement;2505;751072505;Saint-Thomas d'Aquin 5;H;48.858173246378925, 2.3258399637755476;IRIS____0000000751072505
"{""coordinates"": [[[2.363153433085811, 48.82204263803201], [2.361867929752779, 48.82369153871465], [2.360037329287836, 48.82602013366371], [2.359987902492018, 48.826162869780546], [2.36358252566266, 48.82438150393367], [2.365686225577288, 48.823321523960956], [2.363153433085811, 48.82204263803201]]], ""type"": ""Polygon""}";75;75113;Paris 13e Arrondissement;5005;751135005;Gare 5;H;48.82386064392233, 2.362913619637077;IRIS____0000000751135005
"{""coordinates"": [[[2.302678019934995, 48.842605858739105], [2.299142474201095, 48.84156801216531], [2.299035880943969, 48.84179402844631], [2.298538900346322, 48.84369147899663], [2.302452505238275, 48.842759235144406], [2.302678019934995, 48.842605858739105]]], ""type"": ""Polygon""}";75;75115;Paris 15e Arrondissement;5728;751155728;Saint-Lambert 28;H;48.842636936691434, 2.3001570802499733;IRIS____0000000751155728
"{""coordinates"": [[[2.270200744147877, 48.855568953749156], [2.273048288735067, 48.857297767518396], [2.274697084838497, 48.85644438832217], [2.27535142271564, 48.854867278621526], [2.275517458140636, 48.85419826050449], [2.270200744147877, 48.855568953749156]]], ""type"": ""Polygon""}";75;75116;Paris 16e Arrondissement;6204;751166204;Muette 4;H;48.85573657742616, 2.2732232588652788;IRIS____0000000751166204
"{""coordinates"": [[[2.341185057505752, 48.88662674880287], [2.341393947321576, 48.88714680998111], [2.342194777023466, 48.88701361520724], [2.342412844911312, 48.88702380631321], [2.342526867893601, 48.887065801531044], [2.342703563054758, 48.88722055659502], [2.342976576672163, 48.88730749108326], [2.343229213376785, 48.887280098641455], [2.343507325023255, 48.88717910052708], [2.344539139920955, 48.88754628277013], [2.345173537053745, 48.8876342906098], [2.345183801664949, 48.88768560835785], [2.347082387640792, 48.887883036163885], [2.347668519384837, 48.88692575015482], [2.345065268542444, 48.88637553986596], [2.343955117086725, 48.88616621417527], [2.343814272211695, 48.88598018080999], [2.34368003449672, 48.885919190072826], [2.343077672546192, 48.88588800750005], [2.342539251965593, 48.88576094488951], [2.342225873585222, 48.88573943846081], [2.341408393225164, 48.88589682376776], [2.34137031336762, 48.88599643974292], [2.34139042000076, 48.886563126998354], [2.341310624647357, 48.88661844637039], [2.341185057505752, 48.88662674880287]]], ""type"": ""Polygon""}";75;75118;Paris 18e Arrondissement;7007;751187007;Clignancourt 7;H;48.88682368015321, 2.344273443247167;IRIS____0000000751187007
"{""coordinates"": [[[2.323192682554711, 48.84409071568286], [2.324298358087334, 48.84372912594842], [2.324641767064501, 48.84362134267156], [2.324244459914423, 48.84326205137007], [2.321548817535348, 48.84109820923621], [2.321409748537894, 48.84120984124701], [2.321117251972847, 48.84232609374611], [2.322806503826385, 48.843714394755764], [2.322805463835921, 48.84379443229647], [2.323192682554711, 48.84409071568286]]], ""type"": ""Polygon""}";75;75115;Paris 15e Arrondissement;5819;751155819;Necker 19;A;48.84274448924981, 2.3226610197642237;IRIS____0000000751155819
"{""coordinates"": [[[2.28007305872698, 48.85028925017699], [2.288074160462674, 48.85595722857159], [2.288513487011697, 48.857021083425956], [2.289695682973307, 48.85818288038586], [2.291053303527222, 48.85747504370887], [2.29059284384569, 48.85715843936608], [2.290272774183568, 48.85684176652147], [2.290042064231392, 48.85646896340608], [2.289550947557499, 48.85530317882025], [2.289296959550602, 48.85493922905495], [2.288763139097098, 48.85450796240439], [2.286536515568673, 48.85289114780891], [2.282349821338439, 48.84992519552932], [2.28161378364365, 48.849342487499804], [2.28007305872698, 48.85028925017699]]], ""type"": ""Polygon""}";75;75115;Paris 15e Arrondissement;5999;751155999;Seine et Berges;D;48.85351921109242, 2.2857802772781795;IRIS____0000000751155999
"{""coordinates"": [[[2.341300888196201, 48.84210886614583], [2.341363653141145, 48.84296450646731], [2.341548163883287, 48.84335134891915], [2.342952432262412, 48.84609762604633], [2.343858857736384, 48.845860672746284], [2.344543535754267, 48.84548579502852], [2.344576740504233, 48.84533758239297], [2.345329471683235, 48.84453407749879], [2.344621183102341, 48.843103810944626], [2.343601021437416, 48.841232038178674], [2.341300888196201, 48.84210886614583]]], ""type"": ""Polygon""}";75;75105;Paris 5e Arrondissement;1906;751051906;Val de Grâce 6;H;48.84364629912816, 2.343263993132145;IRIS____0000000751051906
"{""coordinates"": [[[2.310667722025074, 48.83305678287722], [2.312769261334383, 48.83474980508804], [2.313101831719507, 48.83463479701822], [2.314338147037387, 48.83396376354628], [2.314972186135517, 48.83371467272677], [2.312863780270742, 48.83223030330679], [2.311519119428562, 48.83275140270192], [2.310667722025074, 48.83305678287722]]], ""type"": ""Polygon""}";75;75114;Paris 14e Arrondissement;5617;751145617;Plaisance 17;H;48.83345821988106, 2.3128133391737884;IRIS____0000000751145617
"{""coordinates"": [[[2.295944920540705, 48.84709023315178], [2.296804939288734, 48.848088188835824], [2.297917369232447, 48.8490660339977], [2.301573793863481, 48.84793355226076], [2.298702024731089, 48.84594804503906], [2.295993680015029, 48.847011376019836], [2.295944920540705, 48.84709023315178]]], ""type"": ""Polygon""}";75;75115;Paris 15e Arrondissement;5912;751155912;Grenelle 12;H;48.847530965284044, 2.2985646923630654;IRIS____0000000751155912
"{""coordinates"": [[[2.268132861856877, 48.84753939653118], [2.269134567334944, 48.847531130182226], [2.270190724822141, 48.84849989938226], [2.270622862349556, 48.84809961866387], [2.272573463593892, 48.847669905642675], [2.273728440136387, 48.847419703741146], [2.271590027580726, 48.845298586036805], [2.2705410819018, 48.84654321553719], [2.268842834578004, 48.847247845816185], [2.26852419092668, 48.847425771435375], [2.268132861856877, 48.84753939653118]]], ""type"": ""Polygon""}";75;75116;Paris 16e Arrondissement;6117;751166117;Auteuil 17;H;48.84706123850782, 2.271233863159745;IRIS____0000000751166117
"{""coordinates"": [[[2.331033073476502, 48.89579123808643], [2.332974623410611, 48.89606107243005], [2.33847222722269, 48.89674807059308], [2.33847040214832, 48.89667701425167], [2.337599491444616, 48.89533760879045], [2.332680401893353, 48.89422121996759], [2.332611780707779, 48.89414799244308], [2.331033073476502, 48.89579123808643]]], ""type"": ""Polygon""}";75;75118;Paris 18e Arrondissement;6922;751186922;Grandes Carrières 22;H;48.895537583209176, 2.334716480823976;IRIS____0000000751186922
"{""coordinates"": [[[2.33162836870543, 48.881506953730224], [2.331455461221692, 48.88063633307698], [2.331410603085138, 48.880413047815914], [2.331428002040406, 48.87916396966463], [2.332344100089861, 48.876838903579944], [2.33231989081264, 48.87670656606744], [2.331981356987917, 48.876524810059784], [2.331784443110096, 48.876463455479225], [2.331323755700404, 48.87645099033804], [2.330945020229402, 48.87653341186706], [2.330352282848558, 48.87777747737515], [2.329348897696476, 48.879354690887936], [2.328262701850954, 48.881744426783165], [2.328862553595927, 48.88217767198687], [2.33162836870543, 48.881506953730224]]], ""type"": ""Polygon""}";75;75109;Paris 9e Arrondissement;3304;751093304;Saint-Georges 4;H;48.87959927196545, 2.330445901087531;IRIS____0000000751093304
"{""coordinates"": [[[2.349835975240238, 48.88109729612057], [2.349852552535392, 48.88064322366406], [2.349530386371681, 48.87968998015834], [2.348712674963569, 48.879439117237254], [2.345962245202235, 48.87967143925176], [2.346351496709719, 48.88048925985814], [2.34659694089027, 48.88201047016754], [2.349835975240238, 48.88109729612057]]], ""type"": ""Polygon""}";75;75109;Paris 9e Arrondissement;3607;751093607;Rochechouart 7;H;48.880561751906136, 2.347917859968245;IRIS____0000000751093607
"{""coordinates"": [[[2.340448225981834, 48.88041551404347], [2.340229594150713, 48.88077494180995], [2.344442415487426, 48.8815805030788], [2.344462059048349, 48.8815365433909], [2.3450197897013, 48.881643019076584], [2.344997374338638, 48.88169056101055], [2.34659694089027, 48.88201047016754], [2.346351496709719, 48.88048925985814], [2.345962245202235, 48.87967143925176], [2.343755111431963, 48.880178276060825], [2.340448225981834, 48.88041551404347]]], ""type"": ""Polygon""}";75;75109;Paris 9e Arrondissement;3608;751093608;Rochechouart 8;H;48.88080190701437, 2.3441357825787854;IRIS____0000000751093608
"{""coordinates"": [[[2.388113048382447, 48.838943493183294], [2.385048153265529, 48.84200628955503], [2.384864065484768, 48.84213395156611], [2.384339362246377, 48.842374978851225], [2.384997104972153, 48.842637377647044], [2.38658237380528, 48.84189095419175], [2.387363161953784, 48.841538808782595], [2.387258529583018, 48.841398872054505], [2.387276443655293, 48.84126585848587], [2.388813186253551, 48.839538852631016], [2.389233868012838, 48.838985195708524], [2.388395293782851, 48.83892515064454], [2.388113048382447, 48.838943493183294]]], ""type"": ""Polygon""}";75;75112;Paris 12e Arrondissement;4704;751124704;Bercy 4;H;48.84076689365123, 2.386965959101906;IRIS____0000000751124704
"{""coordinates"": [[[2.37142394218614, 48.84800345115536], [2.369407462934894, 48.84685065651184], [2.367807742468948, 48.847969108508266], [2.367638254286907, 48.84801138192295], [2.369524877005135, 48.85212599428855], [2.369755646772411, 48.851750381013666], [2.37142394218614, 48.84800345115536]]], ""type"": ""Polygon""}";75;75112;Paris 12e Arrondissement;4804;751124804;Quinze-Vingts 4;H;48.84902236282726, 2.369536409040233;IRIS____0000000751124804
"{""coordinates"": [[[2.367671665594188, 48.830321072326775], [2.367850892037422, 48.83036968643391], [2.368125665627689, 48.83051503778036], [2.368214456692495, 48.83049482132711], [2.369294656078823, 48.829711774302496], [2.368882483238519, 48.82966373203132], [2.368790695292898, 48.82948157460132], [2.369904262246926, 48.828640238442304], [2.371385789304215, 48.827668618362395], [2.367354069799373, 48.82831649184438], [2.367253459790525, 48.82830067024659], [2.366757003540581, 48.82857594867877], [2.365365154755947, 48.828997571481594], [2.365371849533786, 48.82911902224729], [2.365299011027644, 48.82917169866519], [2.365419548901539, 48.82945294234904], [2.365575280631409, 48.829416894315706], [2.367196138951924, 48.829992984895924], [2.367538841656067, 48.83015308699549], [2.367671665594188, 48.830321072326775]]], ""type"": ""Polygon""}";75;75113;Paris 13e Arrondissement;5025;751135025;Gare 25;H;48.82903273300357, 2.368043845296174;IRIS____0000000751135025
"{""coordinates"": [[[2.288835406563423, 48.85210889934797], [2.28994643643084, 48.85168470384791], [2.288382518115266, 48.84994503993539], [2.287627304688546, 48.84906546531229], [2.285651360534702, 48.846776492441215], [2.284115206178607, 48.847699052891755], [2.286031494014869, 48.84946606278233], [2.286160078021255, 48.849629614797756], [2.28627000904506, 48.84966264771091], [2.288835406563423, 48.85210889934797]]], ""type"": ""Polygon""}";75;75115;Paris 15e Arrondissement;5907;751155907;Grenelle 7;H;48.84937870765469, 2.2869605137200644;IRIS____0000000751155907
"{""coordinates"": [[[2.277516523186474, 48.85795347965202], [2.277880093580307, 48.856208221357626], [2.277498468832317, 48.85591362606692], [2.276608781433164, 48.85540101213954], [2.274697084838497, 48.85644438832217], [2.273048288735067, 48.857297767518396], [2.274404500817552, 48.85817387924402], [2.274700880177464, 48.85822783872872], [2.274939456369508, 48.85832191833792], [2.275195502846893, 48.858140000544346], [2.277516523186474, 48.85795347965202]]], ""type"": ""Polygon""}";75;75116;Paris 16e Arrondissement;6211;751166211;Muette 11;H;48.85701134334518, 2.2758401366859724;IRIS____0000000751166211
"{""coordinates"": [[[2.35163297670859, 48.89118849905594], [2.349597519721272, 48.8915650688925], [2.349552127066426, 48.891705116699654], [2.349782393706239, 48.89183227244239], [2.351028509996089, 48.89361879020235], [2.352771445892002, 48.89494572745603], [2.352909865219315, 48.89511195032028], [2.35287447067146, 48.89422862675915], [2.35261089831294, 48.89315880894264], [2.351680703136595, 48.891408192261736], [2.35163297670859, 48.89118849905594]]], ""type"": ""Polygon""}";75;75118;Paris 18e Arrondissement;7018;751187018;Clignancourt 18;H;48.89281672279788, 2.3514689240283326;IRIS____0000000751187018
"{""coordinates"": [[[2.344312723525916, 48.89253089905847], [2.345371587274689, 48.89433533579804], [2.346125982198739, 48.8958440202739], [2.348747197224184, 48.892707083556694], [2.349098837243547, 48.89228991128892], [2.348832459927789, 48.892214718631735], [2.348729533622137, 48.89172043074552], [2.344312723525916, 48.89253089905847]]], ""type"": ""Polygon""}";75;75118;Paris 18e Arrondissement;7021;751187021;Clignancourt 21;H;48.89334964921559, 2.3466420710625324;IRIS____0000000751187021
"{""coordinates"": [[[2.291574191963458, 48.86898533381962], [2.294646361782479, 48.87326007770977], [2.295124259748336, 48.873207133542124], [2.295736813039051, 48.86954770822174], [2.295726387838315, 48.86820132485305], [2.295560106466161, 48.86789636688587], [2.295341994041001, 48.86789598230987], [2.294776953107804, 48.86804554341782], [2.291574191963458, 48.86898533381962]]], ""type"": ""Polygon""}";75;75116;Paris 16e Arrondissement;6412;751166412;Chaillot 12;A;48.87016581676556, 2.294165450679811;IRIS____0000000751166412
"{""coordinates"": [[[2.349069026043048, 48.83707267227053], [2.347007359776022, 48.83731595609234], [2.345521063609997, 48.837632504590125], [2.345999825576988, 48.84030354205142], [2.349814478843176, 48.838803510212266], [2.34900177774623, 48.83711187845116], [2.349069026043048, 48.83707267227053]]], ""type"": ""Polygon""}";75;75105;Paris 5e Arrondissement;1901;751051901;Val de Grâce 1;H;48.838496477909004, 2.3474761678974363;IRIS____0000000751051901
"{""coordinates"": [[[2.29790844777493, 48.877745383278764], [2.298154863077949, 48.878076885658906], [2.300837245802401, 48.8786582655758], [2.303141823521401, 48.87915015041041], [2.305141532790596, 48.87806997778563], [2.305182666865955, 48.87795060454004], [2.305373529654847, 48.87795261150079], [2.306660268334812, 48.87736830611166], [2.307934033117392, 48.87632165138272], [2.309198637543141, 48.875036604377065], [2.305643307046338, 48.87489912008019], [2.305479841578351, 48.874888279030806], [2.305229787641235, 48.87503162184733], [2.304375818509014, 48.87537290854282], [2.300140622029627, 48.87722784362911], [2.298745885791634, 48.877625283626585], [2.29842793923117, 48.87764410552626], [2.29790844777493, 48.877745383278764]]], ""type"": ""Polygon""}";75;75108;Paris 8e Arrondissement;3002;751083002;Faubourg du Roule 2;H;48.87698326429679, 2.303907018688656;IRIS____0000000751083002
"{""coordinates"": [[[2.397455429907357, 48.84271786415418], [2.395662543607725, 48.844929334178595], [2.395171331992444, 48.84545657277364], [2.395380681161972, 48.84561681702532], [2.398383534568902, 48.845297394824016], [2.401845352463756, 48.84499548203783], [2.40225665474387, 48.84501372619253], [2.40153186483667, 48.842985650221806], [2.400366597146495, 48.839930088485154], [2.400109892149316, 48.839741734455], [2.397455429907357, 48.84271786415418]]], ""type"": ""Polygon""}";75;75112;Paris 12e Arrondissement;4615;751124615;Picpus 15;H;48.84337910984765, 2.399169400749445;IRIS____0000000751124615
"{""coordinates"": [[[[2.363500766590118, 48.83342156060563], [2.363408178936664, 48.833528992107134], [2.359290607549596, 48.8365720517397], [2.361558982191758, 48.835684813930065], [2.363794449704822, 48.83447358536866], [2.3661717584707, 48.83536938552717], [2.366319104056581, 48.83535217889295], [2.366997037181104, 48.834722614054904], [2.367211688631553, 48.834659894762424], [2.364947168507532, 48.83390051815324], [2.363500766590118, 48.83342156060563]]], [[[2.371356407079589, 48.837109139563935], [2.371336304005304, 48.83719447359435], [2.3714441629449, 48.837288574383386], [2.370858428813947, 48.83784400058377], [2.370838096680206, 48.837948219930205], [2.370961935555411, 48.838072983527006], [2.372389708934393, 48.83864438455523], [2.37316415500658, 48.83803058231791], [2.373758191986649, 48.83746259740228], [2.371972995041218, 48.83659254534896], [2.371356407079589, 48.837109139563935]]]], ""type"": ""MultiPolygon""}";75;75113;Paris 13e Arrondissement;4901;751134901;Salpêtrière 1;H;48.835724017873076, 2.3666761041014186;IRIS____0000000751134901
"{""coordinates"": [[[2.334862059021432, 48.84024662796662], [2.336656991547952, 48.83967110757372], [2.337552480490955, 48.83943054303642], [2.336618165732024, 48.838546683808545], [2.336319064042516, 48.83838943412532], [2.335471336422248, 48.837556409905204], [2.333480822733185, 48.83553164751284], [2.332627719106447, 48.83448721840909], [2.332355112302094, 48.83471053975142], [2.332127716804929, 48.83512657818082], [2.330828474909787, 48.83869880546567], [2.331020880862344, 48.83878172412139], [2.332503044015414, 48.839755024890074], [2.333317950384403, 48.83921185499776], [2.334826123273169, 48.84017987505972], [2.334862059021432, 48.84024662796662]]], ""type"": ""Polygon""}";75;75114;Paris 14e Arrondissement;5310;751145310;Montparnasse 10;H;48.83789615246645, 2.3336832639823655;IRIS____0000000751145310
"{""coordinates"": [[[2.298680086446092, 48.83350333374699], [2.297600558090852, 48.832533767793], [2.295802341201252, 48.830111064570374], [2.295563416803572, 48.82984793848977], [2.292293004228809, 48.83092767088427], [2.293372406521513, 48.83209784718189], [2.295665648295162, 48.83448122836445], [2.298680086446092, 48.83350333374699]]], ""type"": ""Polygon""}";75;75115;Paris 15e Arrondissement;5705;751155705;Saint-Lambert 5;H;48.832166967991206, 2.2954679870578185;IRIS____0000000751155705
"{""coordinates"": [[[2.290498510749712, 48.84466844266976], [2.287983400498691, 48.845643702699974], [2.286857273830996, 48.846083980201236], [2.286473271330692, 48.84626336251175], [2.286025257619379, 48.846539493095136], [2.288910770129512, 48.84668618719016], [2.292421147026032, 48.84687877901845], [2.290498510749712, 48.84466844266976]]], ""type"": ""Polygon""}";75;75115;Paris 15e Arrondissement;5904;751155904;Grenelle 4;H;48.8460179378488, 2.2895793035911995;IRIS____0000000751155904
"{""coordinates"": [[[2.283612791359058, 48.836863140121864], [2.283416771313687, 48.837049035712795], [2.281774242820146, 48.83789808613751], [2.281302804550013, 48.838295475523736], [2.282149121148167, 48.838773627475305], [2.284161090063844, 48.83959691819993], [2.285319383840067, 48.83888884357493], [2.285520508653041, 48.838926919309834], [2.285883227541166, 48.839203393680286], [2.287682797781301, 48.838126782692164], [2.285019644040932, 48.83739859058591], [2.283612791359058, 48.836863140121864]]], ""type"": ""Polygon""}";75;75115;Paris 15e Arrondissement;6003;751156003;Javel 3;H;48.83824899808442, 2.2842870528601336;IRIS____0000000751156003
"{""coordinates"": [[[2.278981615819666, 48.87106047848948], [2.277488291551287, 48.87139052746064], [2.284692009848246, 48.872192841196366], [2.285318302054727, 48.869869974065594], [2.285120154521912, 48.86980493713479], [2.285049239286669, 48.86970738407917], [2.282806455738843, 48.870215587783456], [2.278981615819666, 48.87106047848948]]], ""type"": ""Polygon""}";75;75116;Paris 16e Arrondissement;6309;751166309;Porte Dauphine 9;H;48.87108073487393, 2.282510564357013;IRIS____0000000751166309
"{""coordinates"": [[[2.374100549488138, 48.88837265585101], [2.372577534299786, 48.88891327217672], [2.371447220151226, 48.88923110038662], [2.371265566232746, 48.889253529087874], [2.37224700626142, 48.89132981668623], [2.376404608033659, 48.890594312041515], [2.376900051935309, 48.89056271695597], [2.374100549488138, 48.88837265585101]]], ""type"": ""Polygon""}";75;75119;Paris 19e Arrondissement;7310;751197310;Villette 10;H;48.889935416371834, 2.373748513344378;IRIS____0000000751197310
"{""coordinates"": [[[2.387452080744171, 48.874664902348734], [2.386813394433954, 48.87460137707343], [2.385691787589019, 48.87409919422547], [2.38392454264863, 48.87539234683916], [2.383561387447425, 48.87577898910847], [2.38358251122729, 48.876067783649034], [2.38387820939328, 48.87677348301237], [2.385174500074866, 48.876803530316], [2.3853036596205, 48.87683477087889], [2.385372316469916, 48.876793754142575], [2.385773190415271, 48.87679221434223], [2.387602881567588, 48.87633393587681], [2.387531458878229, 48.87626252325536], [2.387392432532162, 48.87579505847408], [2.387452080744171, 48.874664902348734]]], ""type"": ""Polygon""}";75;75119;Paris 19e Arrondissement;7601;751197601;Combat 1;H;48.875644068409436, 2.3856361185986703;IRIS____0000000751197601
"{""coordinates"": [[[2.278472474385233, 48.85132286977129], [2.278329459308403, 48.851415540969], [2.27607095138068, 48.85261693590466], [2.275939805638895, 48.85273755621539], [2.27741728572838, 48.85370880447998], [2.280205024118522, 48.85296924442277], [2.280355632775107, 48.85291888675747], [2.280736337170161, 48.85268734194921], [2.278472474385233, 48.85132286977129]]], ""type"": ""Polygon""}";75;75116;Paris 16e Arrondissement;6222;751166222;Muette 22;A;48.85259691966285, 2.27826756072307;IRIS____0000000751166222
"{""coordinates"": [[[2.360370346209623, 48.85239038147351], [2.360228635036609, 48.85216658406354], [2.360488866117872, 48.8520609520986], [2.360132817972416, 48.85175686554033], [2.359285883973073, 48.85214085434423], [2.352389817334616, 48.85457155498758], [2.35260331445759, 48.855267909766], [2.353116521049305, 48.8550971103196], [2.355747570835209, 48.85405096852729], [2.360370346209623, 48.85239038147351]]], ""type"": ""Polygon""}";75;75104;Paris 4e Arrondissement;1499;751041499;Seine et Berges 2;D;48.85353612531102, 2.356288414897917;IRIS____0000000751041499
"{""coordinates"": [[[2.344281403902505, 48.853756649383996], [2.344634297019093, 48.854088645680854], [2.346673612596327, 48.85339920106394], [2.349023837979599, 48.8523633631955], [2.349933698541125, 48.852076019570276], [2.349827843926795, 48.85204036956527], [2.349565391348728, 48.851776331411365], [2.348262117941535, 48.85235561913913], [2.346818181207789, 48.85306453114882], [2.346713936006374, 48.85311792330493], [2.344281403902505, 48.853756649383996]]], ""type"": ""Polygon""}";75;75105;Paris 5e Arrondissement;2099;751052099;Seine et Berges 3;D;48.85300120819494, 2.347075359727803;IRIS____0000000751052099
"{""coordinates"": [[[2.314959943070394, 48.86097696962883], [2.315189660196816, 48.862892102030614], [2.31784768507661, 48.86289379194555], [2.318446419937379, 48.86276409950895], [2.319039006863441, 48.86258310617697], [2.319284615584906, 48.86245949386547], [2.319667988850566, 48.86211992100518], [2.318815117735038, 48.86073276787883], [2.318022271013671, 48.86080289840895], [2.314959943070394, 48.86097696962883]]], ""type"": ""Polygon""}";75;75107;Paris 7e Arrondissement;2605;751072605;Invalides 5;A;48.861854850618144, 2.3171803057702935;IRIS____0000000751072605
"{""coordinates"": [[[2.229615132438551, 48.86685422675553], [2.230658982743392, 48.86807956691848], [2.23173635974686, 48.8690685816018], [2.233702274504686, 48.86989779648331], [2.23557581105711, 48.87052313464571], [2.23922505676246, 48.87157344354983], [2.240945304504728, 48.872341617504404], [2.241856061513682, 48.87290138868821], [2.243010273208006, 48.873784659113376], [2.245703788405577, 48.876459232468], [2.246397777702424, 48.87617761137763], [2.254817140668557, 48.87408088136047], [2.255410336689475, 48.87426354266786], [2.255372343622852, 48.87406005399717], [2.25527110043386, 48.87398927511185], [2.257130272574751, 48.872495320302065], [2.258555250856573, 48.871231577796074], [2.258619193641574, 48.87124096735208], [2.259420116648559, 48.87061997869362], [2.259323867066573, 48.87058161047349], [2.260152022263815, 48.86996168452448], [2.260941508566404, 48.86918322825475], [2.261570322673538, 48.86867807712177], [2.261830504761444, 48.868596042446256], [2.261865207304824, 48.86864841878947], [2.262011458348955, 48.86862144077553], [2.262414858110575, 48.86853399235093], [2.262676719506016, 48.868429482424105], [2.262851468086776, 48.86841167244001], [2.263176072310012, 48.86840108027979], [2.264580512288909, 48.86847716922983], [2.265378271096425, 48.86836245473054], [2.265531747353871, 48.868402968039796], [2.265710995841868, 48.8682592724619], [2.265778555594994, 48.86810859605605], [2.265661452103338, 48.86771216336558], [2.265151060786728, 48.86707408892596], [2.264993305517249, 48.86675744786235], [2.265019994385034, 48.866315130674174], [2.265427765466335, 48.86562603224113], [2.266396460208992, 48.86459861746303], [2.266977738668456, 48.86407335932315], [2.267123370260566, 48.86399241003502], [2.267365768701056, 48.8637186919223], [2.265509503523281, 48.86263258541527], [2.265182668633359, 48.86222407055538], [2.265137260520648, 48.862061008415644], [2.26519563044399, 48.861498370190375], [2.265096429427575, 48.861090352754], [2.263008187497581, 48.85781643939175], [2.261219855679922, 48.85830455626079], [2.260306384732779, 48.85841942734806], [2.25878801637461, 48.85841902573782], [2.257478851178914, 48.85846756918269], [2.252825764884465, 48.85797993289341], [2.249883890583766, 48.85782932190883], [2.24845750026865, 48.857878830481155], [2.247399480560434, 48.857997192105934], [2.246107986670096, 48.858237286128016], [2.245387086234557, 48.858417111178575], [2.244169728143889, 48.85880694561576], [2.243211105130076, 48.8592118945999], [2.242005276229948, 48.85983741214158], [2.240759631476477, 48.860574185314256], [2.239744212371298, 48.86122427089672], [2.238228775522986, 48.862322643733336], [2.237563916897985, 48.86323125801165], [2.237258205229996, 48.863535990854345], [2.236993900768341, 48.863712378792165], [2.236479464725529, 48.863934836529964], [2.23586717709639, 48.86413688145991], [2.23577542795679, 48.864351241900565], [2.233372747027018, 48.86561026338172], [2.232823802909863, 48.86585946487335], [2.231887420843955, 48.86622039610265], [2.229615132438551, 48.86685422675553]]], ""type"": ""Polygon""}";75;75116;Paris 16e Arrondissement;6277;751166277;Bois de Boulogne 2;D;48.86612277739057, 2.2498014541236;IRIS____0000000751166277
"{""coordinates"": [[[2.403457625643953, 48.847707892342555], [2.406296268896808, 48.847454904426925], [2.405742823690529, 48.84472351405217], [2.402993159631136, 48.84495354953598], [2.402543644553275, 48.84494051321804], [2.40225665474387, 48.84501372619253], [2.402509665090365, 48.84505186366638], [2.403151483043819, 48.84576375961958], [2.403457625643953, 48.847707892342555]]], ""type"": ""Polygon""}";75;75112;Paris 12e Arrondissement;4513;751124513;Bel-Air 13;H;48.8461872613465, 2.4045735138499036;IRIS____0000000751124513
"{""coordinates"": [[[2.395171331992444, 48.84545657277364], [2.395662543607725, 48.844929334178595], [2.397455429907357, 48.84271786415418], [2.394075567251052, 48.841020789614525], [2.393653848642818, 48.841432358302164], [2.390269527823669, 48.844210363655], [2.394234387215511, 48.84611285902846], [2.394468346088699, 48.84626603454286], [2.395171331992444, 48.84545657277364]]], ""type"": ""Polygon""}";75;75112;Paris 12e Arrondissement;4616;751124616;Picpus 16;H;48.84361576014107, 2.3940286949387017;IRIS____0000000751124616
"{""coordinates"": [[[2.393684108140836, 48.84714702836407], [2.394468346088699, 48.84626603454286], [2.394234387215511, 48.84611285902846], [2.390269527823669, 48.844210363655], [2.389935024524506, 48.84450005019922], [2.388353912031366, 48.84581852868905], [2.391172220802084, 48.847187334059655], [2.391858235583918, 48.84655318011296], [2.392208210356241, 48.8464560294591], [2.393684108140836, 48.84714702836407]]], ""type"": ""Polygon""}";75;75112;Paris 12e Arrondissement;4617;751124617;Picpus 17;H;48.84583429969164, 2.3912796300412853;IRIS____0000000751124617
"{""coordinates"": [[[2.308348319891004, 48.82356304703147], [2.306959037060226, 48.82386798842242], [2.306863399755384, 48.823889918666666], [2.304066717016068, 48.82452662685995], [2.302099583430173, 48.82495316163085], [2.301315418488453, 48.8251257608331], [2.304587550274392, 48.8278582631663], [2.305454963957734, 48.827676233089946], [2.308860946739049, 48.826917103075026], [2.308518569992197, 48.82643935215773], [2.308569836315154, 48.826373993857686], [2.30828360553917, 48.82577155276422], [2.309734393575901, 48.82555688931418], [2.311189644642543, 48.82510659633591], [2.308348319891004, 48.82356304703147]]], ""type"": ""Polygon""}";75;75114;Paris 14e Arrondissement;5603;751145603;Plaisance 3;H;48.82561793092384, 2.30615928250215;IRIS____0000000751145603
"{""coordinates"": [[[2.317964994326271, 48.829672898879366], [2.319203474920097, 48.8304911921394], [2.319301291536066, 48.830511535162294], [2.322662561028742, 48.829312864215765], [2.322309899404642, 48.828881863936374], [2.321717024771174, 48.82827771930325], [2.319229134519357, 48.829256495128085], [2.317964994326271, 48.829672898879366]]], ""type"": ""Polygon""}";75;75114;Paris 14e Arrondissement;5612;751145612;Plaisance 12;H;48.829439372963265, 2.3204269808385174;IRIS____0000000751145612
"{""coordinates"": [[[2.266089165293541, 48.855544705895234], [2.267414067143334, 48.855243444641715], [2.268709868555201, 48.854878136266], [2.269361263966532, 48.85468875294475], [2.268971975465904, 48.853973181766506], [2.268135138089223, 48.85242296179038], [2.265577599504768, 48.85393440851394], [2.265428551914775, 48.853969468067696], [2.265779002560887, 48.8551165061242], [2.266089165293541, 48.855544705895234]]], ""type"": ""Polygon""}";75;75116;Paris 16e Arrondissement;6124;751166124;Auteuil 24;H;48.854155864396134, 2.2673468799775924;IRIS____0000000751166124
"{""coordinates"": [[[2.282036553744908, 48.85653991353277], [2.28165264856612, 48.85621114243183], [2.280545558686127, 48.85693027331728], [2.280228092114496, 48.85692296801551], [2.279948129781754, 48.85775229021586], [2.280781824406636, 48.85788321389835], [2.282149308212602, 48.858149540505906], [2.284290537111376, 48.85844836158936], [2.284564813485908, 48.85852464826887], [2.284356342246002, 48.85822211732469], [2.283668928176612, 48.85756237319421], [2.282941131971011, 48.857065166379705], [2.282036553744908, 48.85653991353277]]], ""type"": ""Polygon""}";75;75116;Paris 16e Arrondissement;6214;751166214;Muette 14;H;48.85746922723154, 2.28204179623763;IRIS____0000000751166214
"{""coordinates"": [[[2.27417341658566, 48.86859778237231], [2.277012952217638, 48.86762478473107], [2.275930250708042, 48.865782665243266], [2.275792930862973, 48.86575665255915], [2.275828620202027, 48.86564085218802], [2.275733768308282, 48.86559980741147], [2.275737394359416, 48.86543704673328], [2.274963579027397, 48.8642281289441], [2.273859664807846, 48.864211543292676], [2.272423009000724, 48.8640094570416], [2.272485449414137, 48.86519968009192], [2.272626339068927, 48.865946099066456], [2.272816547799509, 48.86657770009491], [2.273306171509257, 48.867440453068646], [2.27417341658566, 48.86859778237231]]], ""type"": ""Polygon""}";75;75116;Paris 16e Arrondissement;6304;751166304;Porte Dauphine 4;H;48.86625281519086, 2.2744507112121632;IRIS____0000000751166304
"{""coordinates"": [[[2.323512376444969, 48.8842304142431], [2.32164354731573, 48.88574330708925], [2.319369538736749, 48.887154940525825], [2.320193711188951, 48.887640763768566], [2.322375766065829, 48.886378783018806], [2.324776146911893, 48.884782542756916], [2.324081048275772, 48.88433345177924], [2.323512376444969, 48.8842304142431]]], ""type"": ""Polygon""}";75;75117;Paris 17e Arrondissement;6704;751176704;Batignolles 4;H;48.88588709788354, 2.3221690949145186;IRIS____0000000751176704
"{""coordinates"": [[[2.334305301397213, 48.89055742575379], [2.333049846733483, 48.8884855867869], [2.332733605551421, 48.88794153054444], [2.331854243881448, 48.88855896134808], [2.331779280305524, 48.88876808621365], [2.329279191498852, 48.8900608295933], [2.328885047596284, 48.8902726607936], [2.329430326284705, 48.891139068164975], [2.331007399190336, 48.890995903434074], [2.331076521346659, 48.8908173238697], [2.331417005202968, 48.89096041948026], [2.334305301397213, 48.89055742575379]]], ""type"": ""Polygon""}";75;75118;Paris 18e Arrondissement;6907;751186907;Grandes Carrières 7;H;48.889904234109096, 2.3317330789363653;IRIS____0000000751186907
"{""coordinates"": [[[2.371469387835914, 48.88310141535459], [2.370585676531636, 48.88288273276236], [2.371166674972592, 48.88355218762361], [2.377003837880309, 48.88644795534784], [2.378397255857409, 48.88567278487665], [2.378794938463289, 48.885030032572004], [2.371469387835914, 48.88310141535459]]], ""type"": ""Polygon""}";75;75119;Paris 19e Arrondissement;7303;751197303;Villette 3;H;48.88475081369582, 2.3752268347128567;IRIS____0000000751197303
"{""coordinates"": [[[2.399253480440672, 48.87077933232703], [2.398117166803824, 48.87048493712234], [2.397595847380182, 48.87029615203325], [2.396793004598115, 48.87016710106152], [2.395751001263628, 48.87008899906956], [2.395358096967792, 48.870700362143104], [2.396105086800405, 48.872590038675995], [2.396219924120066, 48.87256273861942], [2.397106637946304, 48.87275157148137], [2.397805542455445, 48.87232250987781], [2.39785551514834, 48.87236323131516], [2.399270342146977, 48.87274536242337], [2.400340389186634, 48.87110314715999], [2.399253480440672, 48.87077933232703]]], ""type"": ""Polygon""}";75;75120;Paris 20e Arrondissement;7815;751207815;Saint-Fargeau 15;H;48.87143234690987, 2.3976299653954314;IRIS____0000000751207815
"{""coordinates"": [[[2.397107548950103, 48.86666576614554], [2.396395315363083, 48.86754532687433], [2.394800957780773, 48.869605752183865], [2.394589572838516, 48.86996441783685], [2.395751001263628, 48.87008899906956], [2.396648806436069, 48.869316501300474], [2.398076962198158, 48.86818333234471], [2.39942460256381, 48.86858940784275], [2.400697307722229, 48.8691120065035], [2.401427664849187, 48.86831165399571], [2.400496852037755, 48.86816939675663], [2.400007692924548, 48.8680302463529], [2.397107548950103, 48.86666576614554]]], ""type"": ""Polygon""}";75;75120;Paris 20e Arrondissement;7915;751207915;Père Lachaise 15;H;48.868362500700705, 2.3975555332934952;IRIS____0000000751207915
"{""coordinates"": [[[2.311235573297421, 48.84750930524246], [2.310494899377192, 48.84797630476867], [2.31032513277025, 48.84793305623784], [2.307822266261913, 48.84954195023315], [2.31006476189126, 48.85174844184859], [2.310569194256409, 48.85142488208413], [2.310697758377781, 48.85149307476534], [2.312140748461883, 48.851612899697386], [2.312006227196465, 48.85044745565215], [2.31170425542156, 48.84761902664662], [2.311235573297421, 48.84750930524246]]], ""type"": ""Polygon""}";75;75107;Paris 7e Arrondissement;2704;751072704;École Militaire 4;H;48.849749939529, 2.3103940277388597;IRIS____0000000751072704
"{""coordinates"": [[[2.367546742687418, 48.884183333992574], [2.36827567111368, 48.884122430704736], [2.368718249261116, 48.88394759759013], [2.365146153015036, 48.881097622574664], [2.364722017717484, 48.881326500532836], [2.364530528635915, 48.88148646432346], [2.363355980554886, 48.88208547304841], [2.363476233607797, 48.8821760453846], [2.366997431911758, 48.88382699534439], [2.367231906251648, 48.88394514737193], [2.367546742687418, 48.884183333992574]]], ""type"": ""Polygon""}";75;75110;Paris 10e Arrondissement;3701;751103701;Saint-Vincent de Paul 1;H;48.882666063499684, 2.3659810712739358;IRIS____0000000751103701
"{""coordinates"": [[[2.376485763911548, 48.86263358279005], [2.374441168290868, 48.86172266903628], [2.375031933557569, 48.861107905482726], [2.374764639068146, 48.86100578259674], [2.372857818669, 48.86213167817052], [2.373703748869704, 48.86240321350795], [2.37313723896149, 48.86292546455609], [2.374079202895809, 48.86337377132062], [2.375524060269174, 48.863945207491106], [2.376485763911548, 48.86263358279005]]], ""type"": ""Polygon""}";75;75111;Paris 11e Arrondissement;4211;751114211;Saint-Ambroise 11;H;48.86261178972729, 2.3746869018956547;IRIS____0000000751114211
"{""coordinates"": [[[2.377805079911062, 48.85089045855837], [2.378555472483217, 48.8507036954642], [2.37938717089219, 48.85055512227326], [2.378287547753774, 48.84917340149118], [2.378669560353891, 48.84902159627762], [2.378786875316454, 48.84889719512336], [2.378767142149449, 48.84872351714113], [2.378595695775716, 48.84858772352643], [2.379353801839459, 48.846491662319345], [2.37894965176909, 48.84644459717674], [2.377723805841794, 48.84731150276132], [2.376005242892854, 48.84835389899318], [2.37604947255091, 48.84852950400285], [2.376166303620851, 48.84855979196477], [2.377805079911062, 48.85089045855837]]], ""type"": ""Polygon""}";75;75112;Paris 12e Arrondissement;4809;751124809;Quinze-Vingts 9;H;48.84876435877563, 2.377878312082063;IRIS____0000000751124809
"{""coordinates"": [[[2.341795702304383, 48.826448159147766], [2.342540342080222, 48.82821233339814], [2.342839906440678, 48.82854584916146], [2.345621393075712, 48.827904557337654], [2.345214189407726, 48.82594528694181], [2.341795702304383, 48.826448159147766]]], ""type"": ""Polygon""}";75;75113;Paris 13e Arrondissement;5117;751135117;Maison Blanche 17;H;48.82719778993605, 2.343797107007949;IRIS____0000000751135117
"{""coordinates"": [[[2.336683328732611, 48.827216759698985], [2.334862978507669, 48.82746926710533], [2.332560563847581, 48.82781529069604], [2.333273264403075, 48.828965070751906], [2.333860637688012, 48.82979756743866], [2.333948579064678, 48.829844824700125], [2.333923221792163, 48.82991033781412], [2.334081289073534, 48.8301198728778], [2.334038758907653, 48.83025004532004], [2.334182491900374, 48.830302109907606], [2.334668011083779, 48.83100542400692], [2.335970030170846, 48.830601646320616], [2.336736090756597, 48.83088560228266], [2.336704518211412, 48.830369186756094], [2.336514501431962, 48.8278525814317], [2.336683328732611, 48.827216759698985]]], ""type"": ""Polygon""}";75;75114;Paris 14e Arrondissement;5405;751145405;Parc de Montsouris 5;H;48.82898475566049, 2.335037590534172;IRIS____0000000751145405
"{""coordinates"": [[[2.294161303213127, 48.8423508547878], [2.29491638439052, 48.84273753907669], [2.295087301479307, 48.842895036344785], [2.295773986133571, 48.84360508412936], [2.298538900346322, 48.84369147899663], [2.299035880943969, 48.84179402844631], [2.299142474201095, 48.84156801216531], [2.297003932258324, 48.84091331437314], [2.295733492582607, 48.84045076060895], [2.294161303213127, 48.8423508547878]]], ""type"": ""Polygon""}";75;75115;Paris 15e Arrondissement;5727;751155727;Saint-Lambert 27;H;48.84222866036611, 2.2967684092651717;IRIS____0000000751155727
"{""coordinates"": [[[2.344680380683292, 48.88932682191093], [2.346155105749846, 48.88950665482451], [2.345312320037714, 48.89080517099957], [2.345552295907666, 48.890701261897235], [2.346834883910514, 48.89032785081429], [2.3474117606829, 48.89032919748177], [2.348463372364844, 48.89042935307116], [2.348012971212918, 48.888387232813415], [2.344680380683292, 48.88932682191093]]], ""type"": ""Polygon""}";75;75118;Paris 18e Arrondissement;7010;751187010;Clignancourt 10;H;48.88957445917064, 2.346967353678953;IRIS____0000000751187010
"{""coordinates"": [[[2.340734897417728, 48.89482341198171], [2.341355864305613, 48.89576392100421], [2.343406649874401, 48.89581205464753], [2.34299149231826, 48.89358305899562], [2.342706283586775, 48.89337914641853], [2.341962977832427, 48.89380943671614], [2.340734897417728, 48.89482341198171]]], ""type"": ""Polygon""}";75;75118;Paris 18e Arrondissement;7023;751187023;Clignancourt 23;H;48.894804895119734, 2.342217933150247;IRIS____0000000751187023
"{""coordinates"": [[[2.376900051935309, 48.89056271695597], [2.375069750569467, 48.8921584663216], [2.376795542220676, 48.893483164585426], [2.378890650931359, 48.89244004761147], [2.378993020335705, 48.89243338398033], [2.379132113379148, 48.89232079096476], [2.376900051935309, 48.89056271695597]]], ""type"": ""Polygon""}";75;75119;Paris 19e Arrondissement;7315;751197315;Villette 15;H;48.892098796712574, 2.37702057217036;IRIS____0000000751197315
"{""coordinates"": [[[2.377576857922787, 48.896465767869294], [2.37893821626942, 48.8961131090361], [2.379518815342009, 48.89592186625288], [2.379697364795716, 48.89593268369933], [2.380284962993162, 48.89606972398734], [2.381439404727287, 48.89591021817924], [2.383334325137472, 48.89599283533938], [2.383450808285767, 48.895946670647966], [2.383548825232754, 48.895847351127934], [2.382755312962015, 48.895131005063995], [2.381722983902039, 48.894312696823974], [2.379278887245152, 48.89568230397044], [2.377681096442605, 48.8942494926202], [2.376255352311974, 48.894970522521696], [2.376873687304559, 48.89550074153986], [2.377576857922787, 48.896465767869294]]], ""type"": ""Polygon""}";75;75119;Paris 19e Arrondissement;7407;751197407;Pont de Flandre 7;H;48.89540456591317, 2.3797403603418856;IRIS____0000000751197407
"{""coordinates"": [[[2.370083654434945, 48.88278746169843], [2.369301392563939, 48.883313047613335], [2.368718249261116, 48.88394759759013], [2.369031107867244, 48.884237031489874], [2.369193003643534, 48.88438087757173], [2.369458657562747, 48.884289646228424], [2.369962132727194, 48.88437863207057], [2.377256109748699, 48.888045567646394], [2.378879096548861, 48.88883550914323], [2.37891906179551, 48.8888006428701], [2.378967746922651, 48.88883506964079], [2.379191022962058, 48.88863837650413], [2.379325028232195, 48.88860849423493], [2.382635743979179, 48.890261475818306], [2.38307523656935, 48.88988692538952], [2.379681635990917, 48.88820924425778], [2.379646759091794, 48.88816050013012], [2.379706739116685, 48.88816260951283], [2.379980946910398, 48.88792570911088], [2.377003837880309, 48.88644795534784], [2.371166674972592, 48.88355218762361], [2.370585676531636, 48.88288273276236], [2.37027577042271, 48.882800163602326], [2.370083654434945, 48.88278746169843]]], ""type"": ""Polygon""}";75;75119;Paris 19e Arrondissement;7388;751197388;Bassin de la Villette;D;48.88620303830878, 2.3750565003806883;IRIS____0000000751197388
"{""coordinates"": [[[2.339550582183016, 48.8820617395515], [2.33980196854301, 48.882023555463356], [2.34195931462228, 48.88244462818822], [2.346909326916857, 48.88341423076614], [2.346895040745081, 48.883139857199225], [2.34659694089027, 48.88201047016754], [2.344997374338638, 48.88169056101055], [2.3450197897013, 48.881643019076584], [2.344462059048349, 48.8815365433909], [2.344442415487426, 48.8815805030788], [2.340229594150713, 48.88077494180995], [2.339677883166918, 48.88191585067113], [2.339550582183016, 48.8820617395515]]], ""type"": ""Polygon""}";75;75109;Paris 9e Arrondissement;3609;751093609;Rochechouart 9;H;48.8820619587475, 2.3433621944593113;IRIS____0000000751093609
"{""coordinates"": [[[2.376788065116468, 48.856391893631375], [2.377876540341711, 48.85677618344926], [2.380429043008459, 48.85358954031269], [2.37944462916089, 48.85339737393362], [2.378734180132954, 48.853317242403584], [2.37816153035812, 48.854366508430964], [2.37796722049732, 48.85443205041641], [2.378067357824907, 48.854606145579005], [2.377599385489332, 48.855333085303464], [2.376788065116468, 48.856391893631375]]], ""type"": ""Polygon""}";75;75111;Paris 11e Arrondissement;4308;751114308;Roquette 8;H;48.854925045991855, 2.3785699416669766;IRIS____0000000751114308
"{""coordinates"": [[[2.370255132996807, 48.85327111850522], [2.369123881441926, 48.85316623056484], [2.368965669064553, 48.85385160195325], [2.368490886682737, 48.85580518576208], [2.368229037863571, 48.85694327984872], [2.368856528930018, 48.85712376290967], [2.369213107591719, 48.855927709347924], [2.36931794709619, 48.855936356112316], [2.36989302370352, 48.85549150930362], [2.370940564914427, 48.857793059935744], [2.371628732683426, 48.858029606761235], [2.370486303715527, 48.855456859235005], [2.371646049684404, 48.8556895911593], [2.372015382041862, 48.85535157563415], [2.37245730767693, 48.85554905309734], [2.373053369344487, 48.85494331741775], [2.372740165014653, 48.85480857207771], [2.371333196014023, 48.8542831620882], [2.370255132996807, 48.85327111850522]]], ""type"": ""Polygon""}";75;75111;Paris 11e Arrondissement;4312;751114312;Roquette 12;H;48.85515444245855, 2.3702544480198746;IRIS____0000000751114312
"{""coordinates"": [[[2.28989979465482, 48.83370605073991], [2.290466754096316, 48.83408985127006], [2.29209520140321, 48.83285386511032], [2.292268636326009, 48.83292324408591], [2.293372406521513, 48.83209784718189], [2.292293004228809, 48.83092767088427], [2.289418008309464, 48.83217155139712], [2.288705116119979, 48.83240115186268], [2.28825427640857, 48.83259453397144], [2.28989979465482, 48.83370605073991]]], ""type"": ""Polygon""}";75;75115;Paris 15e Arrondissement;5706;751155706;Saint-Lambert 6;H;48.832475578596956, 2.290968093015285;IRIS____0000000751155706
"{""coordinates"": [[[2.320120502008693, 48.84509677174833], [2.323192682554711, 48.84409071568286], [2.322805463835921, 48.84379443229647], [2.322806503826385, 48.843714394755764], [2.321117251972847, 48.84232609374611], [2.321000423422722, 48.842403675500805], [2.320733752160807, 48.843105465306834], [2.32059145870983, 48.84325485122678], [2.31843659968305, 48.84288464637657], [2.316656641636476, 48.84312541511875], [2.317824721147548, 48.844452349246254], [2.318827026315493, 48.84470538557875], [2.320120502008693, 48.84509677174833]]], ""type"": ""Polygon""}";75;75115;Paris 15e Arrondissement;5817;751155817;Necker 17;H;48.843818583869684, 2.319968700814592;IRIS____0000000751155817
"{""coordinates"": [[[2.328992045900743, 48.89763241990423], [2.328293236097557, 48.89555197070422], [2.327449877193466, 48.89305161660641], [2.325365926885522, 48.89346707317598], [2.326625744099785, 48.895609155961296], [2.327467635470061, 48.89706179387126], [2.3278848991935, 48.89759923193028], [2.328992045900743, 48.89763241990423]]], ""type"": ""Polygon""}";75;75117;Paris 17e Arrondissement;6809;751176809;Épinettes 9;H;48.895201871703634, 2.3273055294759;IRIS____0000000751176809
"{""coordinates"": [[[2.398394619444394, 48.8513015359851], [2.397079060811191, 48.85299108950569], [2.397173808357269, 48.85304732659128], [2.398467089915238, 48.853405481017546], [2.399444651161781, 48.853725163745764], [2.399930323257634, 48.854036976451184], [2.401477080349513, 48.85523096381348], [2.40262688022139, 48.853965031045725], [2.401538963550453, 48.853402897666335], [2.400782298457655, 48.852953932720006], [2.399364756298522, 48.85190717640635], [2.399538003488761, 48.85153751341263], [2.398394619444394, 48.8513015359851]]], ""type"": ""Polygon""}";75;75120;Paris 20e Arrondissement;8015;751208015;Charonne 15;H;48.8531916895257, 2.3998071931056066;IRIS____0000000751208015
"{""coordinates"": [[[2.325888016639641, 48.869576523696324], [2.327999372502886, 48.869921153098], [2.330284399564853, 48.86831784067884], [2.333660618265889, 48.8675065901699], [2.331943434473313, 48.86491859479835], [2.328541015134628, 48.866610110383455], [2.326976410522479, 48.86721647455357], [2.325876347626611, 48.867528651742404], [2.324584010884946, 48.86794945398466], [2.325318661731757, 48.8690121254261], [2.325166186173741, 48.86941686977054], [2.325888016639641, 48.869576523696324]]], ""type"": ""Polygon""}";75;75101;Paris 1er Arrondissement;0402;751010402;Place Vendôme 2;A;48.86763523178163, 2.329159586866743;IRIS____0000000751010402
"{""coordinates"": [[[2.325166186173741, 48.86941686977054], [2.325318661731757, 48.8690121254261], [2.324584010884946, 48.86794945398466], [2.32326699985772, 48.86837909616755], [2.321846624927704, 48.86878835264131], [2.320607596325154, 48.86908890175728], [2.319664455143062, 48.86938392549646], [2.318737954295472, 48.86976087677873], [2.317679392698118, 48.87033132626939], [2.317492584396859, 48.87043818241677], [2.318171075485341, 48.871200195343775], [2.317761565634636, 48.87134355544352], [2.318110535861716, 48.87145076702784], [2.318413003079088, 48.871673727931174], [2.318458646868268, 48.87172794835714], [2.318333272852198, 48.871932284417944], [2.319266689908278, 48.87186385042995], [2.3195628953548, 48.87340160949795], [2.320818321807196, 48.873524754214856], [2.323464947465683, 48.86982725932393], [2.323732364096601, 48.86939079032736], [2.323927206456595, 48.86929386259368], [2.324272496149329, 48.8692643354171], [2.325166186173741, 48.86941686977054]]], ""type"": ""Polygon""}";75;75108;Paris 8e Arrondissement;3105;751083105;Madeleine 5;A;48.870568971253654, 2.321096782552304;IRIS____0000000751083105
"{""coordinates"": [[[2.336991541368246, 48.852894467540835], [2.338791828206612, 48.85246644339326], [2.338720751583931, 48.85226819230481], [2.338681488291885, 48.85181829723529], [2.338477001503275, 48.851823462336235], [2.338259828069483, 48.85153986349919], [2.33705734899499, 48.85147115134665], [2.335665184107105, 48.851315935122464], [2.334863745017782, 48.85132497291184], [2.333910982318862, 48.85123153564396], [2.333689938016989, 48.85125278880951], [2.332911200691662, 48.85119179006597], [2.332894841014901, 48.85129872237556], [2.332049034555354, 48.851366851517966], [2.331919393606271, 48.851380517433405], [2.331968526798255, 48.85222528796094], [2.331795739795058, 48.85230886266007], [2.331884480427239, 48.852402891286815], [2.332302667700387, 48.85252484004945], [2.333139273620726, 48.852644623261334], [2.333624452708371, 48.85264372891538], [2.335059049631388, 48.8528936367104], [2.335641784779895, 48.85304436802934], [2.335843194540951, 48.853174094003144], [2.336991541368246, 48.852894467540835]]], ""type"": ""Polygon""}";75;75106;Paris 6e Arrondissement;2203;751062203;Odéon 3;H;48.85208348792433, 2.335254693298612;IRIS____0000000751062203
"{""coordinates"": [[[2.343220081108162, 48.879246330846236], [2.342412940707686, 48.877729219756496], [2.342221574302251, 48.877011398245365], [2.34190989631775, 48.8768594962075], [2.340570744277619, 48.87709314890055], [2.34132644084698, 48.87879165611394], [2.34098814538413, 48.8792340653277], [2.341228977053831, 48.87970574228645], [2.343220081108162, 48.879246330846236]]], ""type"": ""Polygon""}";75;75109;Paris 9e Arrondissement;3603;751093603;Rochechouart 3;H;48.878292334714864, 2.3418295000977465;IRIS____0000000751093603
"{""coordinates"": [[[2.391289970832807, 48.83722303269086], [2.391822868990754, 48.836973022269284], [2.393175681745038, 48.83662734246849], [2.393034816026528, 48.83643956010532], [2.394201918089931, 48.835894166683545], [2.395987890270697, 48.8349633630322], [2.396799708049057, 48.83462300313173], [2.394908266072776, 48.8336097576286], [2.393996543006685, 48.834223905337595], [2.392799057409491, 48.835275485592575], [2.391289970832807, 48.83722303269086]]], ""type"": ""Polygon""}";75;75112;Paris 12e Arrondissement;4604;751124604;Picpus 4;H;48.83521801060163, 2.3940978790164804;IRIS____0000000751124604
"{""coordinates"": [[[2.317385766077479, 48.838433081829365], [2.319877474643327, 48.84053920526567], [2.321394340274794, 48.839777062013354], [2.321832824389552, 48.84010961659215], [2.321987887400871, 48.84002505567958], [2.322067100027841, 48.83990588875285], [2.322609178636038, 48.83855810889314], [2.322672738681215, 48.838175337742626], [2.322807457453753, 48.83797823934086], [2.322888270117602, 48.837630640964605], [2.322470020286642, 48.83762917201052], [2.322236861459915, 48.83743358732694], [2.319067586829267, 48.835992783677966], [2.318464145168007, 48.83692289360167], [2.318148075144674, 48.836921991656425], [2.318020720467377, 48.83697163035023], [2.317911555447738, 48.83708882540093], [2.317897517488317, 48.83722455024321], [2.317955965445234, 48.83733910352321], [2.3181466894595, 48.837444517788896], [2.317740395443661, 48.837882892252686], [2.317652256906603, 48.83816299277993], [2.317385766077479, 48.838433081829365]]], ""type"": ""Polygon""}";75;75114;Paris 14e Arrondissement;5624;751145624;Plaisance 24;H;48.83830936066021, 2.3201363624790075;IRIS____0000000751145624
"{""coordinates"": [[[2.29195460484494, 48.837387678549604], [2.29368782679046, 48.8359652244385], [2.293218743979368, 48.836096460221334], [2.290622945370706, 48.8360271311867], [2.290418870833005, 48.83600613449199], [2.289684554811676, 48.83580481310074], [2.289240405463619, 48.83840316161121], [2.289408125099051, 48.83859302617875], [2.290153390498658, 48.8387935141433], [2.29195460484494, 48.837387678549604]]], ""type"": ""Polygon""}";75;75115;Paris 15e Arrondissement;5711;751155711;Saint-Lambert 11;H;48.83710107084492, 2.2908472074072552;IRIS____0000000751155711
"{""coordinates"": [[[2.266089165293541, 48.855544705895234], [2.26477508712834, 48.85585051579885], [2.263846361806377, 48.85608403570026], [2.264671959215745, 48.8573635048039], [2.265805059403078, 48.857039498117274], [2.266191477152929, 48.85698970554008], [2.266497938181906, 48.85700417550338], [2.267628031717616, 48.858638037088326], [2.268210699006369, 48.859755006156945], [2.270385105391239, 48.858365285792004], [2.27263261526818, 48.85827194447616], [2.272587105054974, 48.858017149579254], [2.271943507455408, 48.857841458179095], [2.269298609554265, 48.85731000444926], [2.26913390017098, 48.85583764650697], [2.269250154977867, 48.85580867764114], [2.268709868555201, 48.854878136266], [2.267414067143334, 48.855243444641715], [2.266089165293541, 48.855544705895234]]], ""type"": ""Polygon""}";75;75116;Paris 16e Arrondissement;6206;751166206;Muette 6;H;48.85709857782842, 2.267904411456431;IRIS____0000000751166206
"{""coordinates"": [[[2.344128257927195, 48.90132792693599], [2.347714950134087, 48.901399674653774], [2.351983536160429, 48.90148489870388], [2.352480838184435, 48.89835257349593], [2.347285926781517, 48.89819127446665], [2.346622405137974, 48.89813099934988], [2.346175678593629, 48.89818611767605], [2.34434112397427, 48.89807356585633], [2.344147548723893, 48.89806441207042], [2.34410782937208, 48.89818560248478], [2.344176089120841, 48.89861405158036], [2.344124071433594, 48.900685792615256], [2.344299105447523, 48.90119306576214], [2.344128257927195, 48.90132792693599]]], ""type"": ""Polygon""}";75;75118;Paris 18e Arrondissement;7027;751187027;Clignancourt 27;H;48.89979504700338, 2.3481768127768503;IRIS____0000000751187027
"{""coordinates"": [[[2.318003311320483, 48.85923162297991], [2.322424507946866, 48.85779439096126], [2.321122372687714, 48.85647305502748], [2.319955112133921, 48.854951913299644], [2.319099675496175, 48.85272653718763], [2.319020489890948, 48.85169452303179], [2.317122577682769, 48.851761950309154], [2.318051621270251, 48.855436625055866], [2.316888279157803, 48.85570429277944], [2.317534446881506, 48.85756604619991], [2.318003311320483, 48.85923162297991]]], ""type"": ""Polygon""}";75;75107;Paris 7e Arrondissement;2601;751072601;Invalides 1;H;48.8558952651837, 2.319060698043576;IRIS____0000000751072601
"{""coordinates"": [[[2.310425452304362, 48.86259583985278], [2.310425375149164, 48.86291061198091], [2.310604922045545, 48.86293952624372], [2.310760756068919, 48.86290624851936], [2.311653413177552, 48.86291948031222], [2.311660374183708, 48.862805302900234], [2.311605743581254, 48.86188495318888], [2.311131024366234, 48.858098646092], [2.309960180724663, 48.85727888389078], [2.310034400241005, 48.85805545467844], [2.310145897002358, 48.85992855103759], [2.310264920542005, 48.861130771417734], [2.310425452304362, 48.86259583985278]]], ""type"": ""Polygon""}";75;75107;Paris 7e Arrondissement;2603;751072603;Invalides 3;H;48.86035898989198, 2.3107948468303396;IRIS____0000000751072603
"{""coordinates"": [[[2.340249721970249, 48.879939572400595], [2.340448225981834, 48.88041551404347], [2.343755111431963, 48.880178276060825], [2.345962245202235, 48.87967143925176], [2.345313621251593, 48.8787703591865], [2.343220081108162, 48.879246330846236], [2.341228977053831, 48.87970574228645], [2.340249721970249, 48.879939572400595]]], ""type"": ""Polygon""}";75;75109;Paris 9e Arrondissement;3605;751093605;Rochechouart 5;H;48.879701468249735, 2.343294692570316;IRIS____0000000751093605
"{""coordinates"": [[[2.3706615022269, 48.86600171469897], [2.371234641388896, 48.86617740067852], [2.36978363460064, 48.86847927630359], [2.3716923596333, 48.868237496097194], [2.372443888785873, 48.86809214843293], [2.373503695311074, 48.86668393732084], [2.374556866721297, 48.865255895132435], [2.3706615022269, 48.86600171469897]]], ""type"": ""Polygon""}";75;75111;Paris 11e Arrondissement;4108;751114108;Folie Méricourt 8;H;48.86688500364244, 2.3720709167768517;IRIS____0000000751114108
"{""coordinates"": [[[2.378555472483217, 48.8507036954642], [2.377805079911062, 48.85089045855837], [2.373812582082283, 48.85187420791966], [2.37457801211835, 48.8529349505175], [2.374702208524999, 48.85303362899323], [2.375085839006644, 48.85320471134979], [2.37554393392166, 48.85330333359297], [2.376840388761047, 48.85327052109499], [2.378214175614867, 48.853266875689016], [2.378520495385053, 48.85329364893751], [2.378462999947351, 48.85274384642871], [2.378274608854456, 48.85265652989578], [2.377924680464208, 48.85171668658822], [2.377943243870643, 48.851645734229606], [2.37878973445011, 48.851515229190525], [2.378555472483217, 48.8507036954642]]], ""type"": ""Polygon""}";75;75111;Paris 11e Arrondissement;4404;751114404;Sainte-Marguerite 4;H;48.85219567751936, 2.3765206278500246;IRIS____0000000751114404
"{""coordinates"": [[[2.33274232791497, 48.883748906402325], [2.332303072703811, 48.88386786723006], [2.329637790197905, 48.884558948482976], [2.330797897021441, 48.885436889150405], [2.332435890898639, 48.886484758191116], [2.332601737320709, 48.88663227330587], [2.33477071493555, 48.8858331490881], [2.334311325230097, 48.88539262250227], [2.332843365292479, 48.88395181889308], [2.33274232791497, 48.883748906402325]]], ""type"": ""Polygon""}";75;75118;Paris 18e Arrondissement;6903;751186903;Grandes Carrières 3;H;48.88516440599518, 2.3323305250082376;IRIS____0000000751186903
"{""coordinates"": [[[2.405873145987859, 48.86185855914141], [2.40633232848506, 48.862351878528855], [2.408203742670079, 48.864279441008755], [2.408540563596726, 48.86438812748717], [2.408506533214124, 48.864503974135836], [2.408742229271848, 48.86451503150666], [2.40873391082897, 48.86392682209372], [2.409336114962119, 48.86070655602768], [2.409230865022706, 48.86061250485154], [2.409052940513529, 48.86055676646759], [2.408482880456408, 48.86010427855883], [2.407263890793875, 48.85954515070536], [2.407235908003843, 48.85972847823172], [2.407011235920174, 48.860187829038736], [2.406793885493401, 48.86048263576517], [2.406464740544948, 48.86113842341524], [2.405873145987859, 48.86185855914141]]], ""type"": ""Polygon""}";75;75120;Paris 20e Arrondissement;8022;751208022;Charonne 22;H;48.86185292221491, 2.40781845034887;IRIS____0000000751208022
"{""coordinates"": [[[2.264992745234484, 48.83423731299125], [2.262791524526515, 48.8339233735154], [2.266032384682759, 48.836838399151155], [2.275463566410293, 48.84670443553734], [2.278021048066483, 48.84888826705852], [2.28007305872698, 48.85028925017699], [2.28161378364365, 48.849342487499804], [2.280748139378365, 48.848771586558854], [2.277580103176082, 48.846486996925535], [2.277093634490729, 48.846191764185804], [2.276938462777419, 48.84608110367132], [2.276334743510678, 48.845496462009194], [2.276210389214069, 48.84542376031401], [2.275529934778163, 48.84467496483546], [2.274575681409002, 48.84362771305677], [2.274542307685573, 48.84357804536223], [2.274596295854887, 48.84351721562513], [2.271826406986788, 48.840474004417615], [2.271595614941618, 48.84041414010738], [2.271539939963403, 48.84030317828619], [2.271564269667202, 48.84021968481389], [2.271501046243499, 48.84025887218382], [2.271330494782831, 48.840275820848774], [2.271077754878386, 48.84022661429312], [2.27089645140567, 48.84013557212211], [2.270058583012988, 48.83925447302202], [2.26999462289835, 48.839054421807674], [2.269825710922084, 48.838857327414495], [2.269694594939013, 48.838782778339834], [2.269581644984088, 48.838773094955506], [2.269596061211816, 48.83861939005809], [2.268925364970497, 48.838062177682], [2.268493696208355, 48.83746325319407], [2.267949559187465, 48.83682136785154], [2.266979838236231, 48.836023078897455], [2.267358974471845, 48.835898589716585], [2.26711620674588, 48.83562639016067], [2.266883606129789, 48.83540641620083], [2.266012444379083, 48.83496487562586], [2.265680463404331, 48.834643558976474], [2.265174518060606, 48.83438952535263], [2.264992745234484, 48.83423731299125]]], ""type"": ""Polygon""}";75;75115;Paris 15e Arrondissement;6099;751156099;Seine et Berges;D;48.84242886669105, 2.2725324124908286;IRIS____0000000751156099
"{""coordinates"": [[[2.31006476189126, 48.85174844184859], [2.306404286884797, 48.85410068579017], [2.309533972282797, 48.8539578014511], [2.314733979598688, 48.85369990068377], [2.314504083135025, 48.85180273736721], [2.313857057135992, 48.851779242798145], [2.312140748461883, 48.851612899697386], [2.310697758377781, 48.85149307476534], [2.310569194256409, 48.85142488208413], [2.31006476189126, 48.85174844184859]]], ""type"": ""Polygon""}";75;75107;Paris 7e Arrondissement;2705;751072705;École Militaire 5;H;48.85288914297755, 2.3112671942437895;IRIS____0000000751072705
"{""coordinates"": [[[2.304313934252559, 48.85714096688927], [2.303513461474096, 48.85880371424131], [2.304439290814594, 48.859083402127524], [2.30684783723581, 48.85958662565469], [2.307834155714321, 48.85972723755251], [2.310145897002358, 48.85992855103759], [2.310034400241005, 48.85805545467844], [2.306844614340581, 48.857882331489414], [2.305939473100609, 48.85768732120615], [2.304313934252559, 48.85714096688927]]], ""type"": ""Polygon""}";75;75107;Paris 7e Arrondissement;2804;751072804;Gros Caillou 4;H;48.858658766777914, 2.3069968050065164;IRIS____0000000751072804
"{""coordinates"": [[[2.374927686642078, 48.86843340465385], [2.376305131785451, 48.868840796242814], [2.377485174690476, 48.86922735975161], [2.37838805421536, 48.86805122007987], [2.37856472569805, 48.86798288835835], [2.375903755434975, 48.86729633649345], [2.373503695311074, 48.86668393732084], [2.372443888785873, 48.86809214843293], [2.37299351686979, 48.86807164613999], [2.373368024086121, 48.86810328566616], [2.374927686642078, 48.86843340465385]]], ""type"": ""Polygon""}";75;75111;Paris 11e Arrondissement;4109;751114109;Folie Méricourt 9;H;48.867924792127816, 2.375510598973659;IRIS____0000000751114109
"{""coordinates"": [[[2.332560563847581, 48.82781529069604], [2.332474170153048, 48.827647524514], [2.332114903684734, 48.82762033612121], [2.329369969401909, 48.82636113632374], [2.328371379449176, 48.8269005550853], [2.328989882703274, 48.82784657406601], [2.330344187663523, 48.82782358633558], [2.332560563847581, 48.82781529069604]]], ""type"": ""Polygon""}";75;75114;Paris 14e Arrondissement;5509;751145509;Petit Montrouge 9;H;48.82728207553238, 2.330047033910659;IRIS____0000000751145509
"{""coordinates"": [[[2.285538947611852, 48.84215397146996], [2.286189136802628, 48.84283237969668], [2.286321791320419, 48.84329454723945], [2.286367162385165, 48.84376248936428], [2.289308835301459, 48.842677375861754], [2.289920526291206, 48.842385115983554], [2.290368875481471, 48.84208019230367], [2.28790923678531, 48.84109875396025], [2.285538947611852, 48.84215397146996]]], ""type"": ""Polygon""}";75;75115;Paris 15e Arrondissement;6018;751156018;Javel 18;H;48.842322046152205, 2.28774684738189;IRIS____0000000751156018
"{""coordinates"": [[[2.390172173853585, 48.88001182248449], [2.38949664739242, 48.8795955875765], [2.388404757730405, 48.880499235895755], [2.385563724495346, 48.88299021550157], [2.387906393986489, 48.88322434885693], [2.388421691857729, 48.88172780436635], [2.388617093353922, 48.88157681603144], [2.389199798881476, 48.88095655617773], [2.389793162228743, 48.88024011938396], [2.390172173853585, 48.88001182248449]]], ""type"": ""Polygon""}";75;75119;Paris 19e Arrondissement;7515;751197515;Amérique 15;H;48.88169046530161, 2.3878981425977694;IRIS____0000000751197515
"{""coordinates"": [[[2.399135844391524, 48.864076873942096], [2.399846336824713, 48.86416857431466], [2.401726017301952, 48.863462110140006], [2.402223055500569, 48.86326763808205], [2.402712891373313, 48.862987690564495], [2.403244642273883, 48.86261801584252], [2.403451595142563, 48.862400507560736], [2.401740920193409, 48.86157086858434], [2.401242200075708, 48.86203153581988], [2.400203065380946, 48.86171785781965], [2.400020128241349, 48.86257131606762], [2.399772017890336, 48.86316543622159], [2.399135844391524, 48.864076873942096]]], ""type"": ""Polygon""}";75;75120;Paris 20e Arrondissement;7903;751207903;Père Lachaise 3;H;48.8628257488002, 2.4011868601805637;IRIS____0000000751207903
"{""coordinates"": [[[2.327009342363597, 48.87965093305815], [2.326964471590538, 48.87784751300613], [2.326852281656523, 48.87587283724522], [2.326665657478284, 48.87554352926906], [2.326208871652408, 48.87554635507734], [2.324216630223158, 48.87525183319696], [2.323944238531564, 48.8755443788629], [2.322649176402915, 48.878045310399905], [2.322235002454951, 48.87875344192396], [2.322298415945034, 48.87880506307381], [2.323217327490231, 48.87902250471334], [2.323322646194269, 48.879102241598915], [2.323454968430309, 48.87909759344616], [2.323501768733678, 48.879063683164], [2.325500631334763, 48.87938433314838], [2.326565989209845, 48.87956120443747], [2.326656630228852, 48.87961657370844], [2.326894604275168, 48.879666476028746], [2.327009342363597, 48.87965093305815]]], ""type"": ""Polygon""}";75;75108;Paris 8e Arrondissement;3208;751083208;Europe 8;A;48.87751983753348, 2.3250223286124;IRIS____0000000751083208
"{""coordinates"": [[[2.309198637543141, 48.875036604377065], [2.307934033117392, 48.87632165138272], [2.306660268334812, 48.87736830611166], [2.310099799351292, 48.877511386977844], [2.310441233962838, 48.87757181116328], [2.314506148170518, 48.87567956564457], [2.315791681613924, 48.87527862018343], [2.309198637543141, 48.875036604377065]]], ""type"": ""Polygon""}";75;75108;Paris 8e Arrondissement;3210;751083210;Europe 10;A;48.876207493221735, 2.3106591644773373;IRIS____0000000751083210
"{""coordinates"": [[[2.365379762440006, 48.8467088454848], [2.3644554356846, 48.846185908476926], [2.362491745042108, 48.84764231366469], [2.361057893168452, 48.84855560653459], [2.360964217661425, 48.849193649418915], [2.360750525705026, 48.84961700399311], [2.360626325078553, 48.850076810534055], [2.360535902384848, 48.850560180538814], [2.360518693591279, 48.85118514030931], [2.360393494785548, 48.85150374200425], [2.360132817972416, 48.85175686554033], [2.360488866117872, 48.8520609520986], [2.360228635036609, 48.85216658406354], [2.360370346209623, 48.85239038147351], [2.360489345244739, 48.85235504340187], [2.360921197017555, 48.85214600260942], [2.361291991654455, 48.851803529909255], [2.361388249225371, 48.85151085419841], [2.36143214331549, 48.85082038405245], [2.361458130696986, 48.849922966108835], [2.361641718566177, 48.84950934271267], [2.364792498568988, 48.84737575041389], [2.365379762440006, 48.8467088454848]]], ""type"": ""Polygon""}";75;75104;Paris 4e Arrondissement;1599;751041599;Seine et Berges 3;D;48.84884662811452, 2.362377390061156;IRIS____0000000751041599
"{""coordinates"": [[[2.296440566400928, 48.837226179672065], [2.297295426266, 48.83697848119488], [2.298061364406122, 48.836757235981295], [2.297236007385006, 48.83613092302536], [2.295665648295162, 48.83448122836445], [2.293996845754154, 48.83608396735799], [2.296440566400928, 48.837226179672065]]], ""type"": ""Polygon""}";75;75115;Paris 15e Arrondissement;5714;751155714;Saint-Lambert 14;H;48.8360408826379, 2.295943561648289;IRIS____0000000751155714
"{""coordinates"": [[[2.302785476257626, 48.83538814005281], [2.300910732437361, 48.832957880668566], [2.300984642684219, 48.83272897194913], [2.300943427277512, 48.83265318352605], [2.300479636218673, 48.83279976820066], [2.298680086446092, 48.83350333374699], [2.299627797437959, 48.83434980220296], [2.300345425567571, 48.835085193118644], [2.300697983732754, 48.835513557853126], [2.300855619337567, 48.835949775892786], [2.302785476257626, 48.83538814005281]]], ""type"": ""Polygon""}";75;75115;Paris 15e Arrondissement;5716;751155716;Saint-Lambert 16;H;48.83431601274973, 2.300799441513416;IRIS____0000000751155716
"{""coordinates"": [[[2.337322572266892, 48.88001693614514], [2.340030432239695, 48.879382575580024], [2.339841571125351, 48.878899491256924], [2.3392441529549, 48.876765670439724], [2.339088757525873, 48.87687003492268], [2.33761141446188, 48.878319692337925], [2.337431273298469, 48.878332185487814], [2.337401829458697, 48.87839587530023], [2.337452758059866, 48.878465405951395], [2.337004727377975, 48.87884963943867], [2.336836546602751, 48.878993500767756], [2.337322572266892, 48.88001693614514]]], ""type"": ""Polygon""}";75;75109;Paris 9e Arrondissement;3301;751093301;Saint-Georges 1;H;48.878680463293705, 2.3385188831993657;IRIS____0000000751093301
"{""coordinates"": [[[2.373300707155033, 48.87528503825158], [2.374534258323927, 48.87417811391576], [2.374140742902159, 48.874363118752804], [2.374006510433697, 48.87430126209851], [2.373369879361163, 48.87452186550493], [2.373186892614124, 48.874546088840034], [2.370600749757913, 48.87339935650138], [2.370315630307815, 48.87375219526312], [2.370328293473015, 48.87405803592462], [2.370318304415444, 48.8752226219976], [2.371427311420273, 48.87483813932202], [2.372490184245429, 48.874660251475106], [2.373175302318366, 48.875282582988405], [2.373300707155033, 48.87528503825158]]], ""type"": ""Polygon""}";75;75110;Paris 10e Arrondissement;4005;751104005;Hôpital Saint-Louis 5;H;48.87443398374865, 2.3717827342122417;IRIS____0000000751104005
"{""coordinates"": [[[2.325811529445446, 48.83356401033445], [2.326854569661756, 48.83497470355675], [2.330544969672668, 48.833615780207545], [2.331518616659901, 48.83322370354495], [2.3306706578561, 48.832208965959495], [2.328197604262222, 48.83298654862237], [2.3281144333373, 48.83288625108238], [2.325811529445446, 48.83356401033445]]], ""type"": ""Polygon""}";75;75114;Paris 14e Arrondissement;5516;751145516;Petit Montrouge 16;H;48.833547750835606, 2.3285910323692014;IRIS____0000000751145516
"{""coordinates"": [[[2.289684554811676, 48.83580481310074], [2.288549217738851, 48.83593836784297], [2.287716612943344, 48.83595140008859], [2.286706818975998, 48.835770903914714], [2.285916352044325, 48.83549277752859], [2.284917690190383, 48.83499845064132], [2.284137925185969, 48.83453780292022], [2.28399176199377, 48.83436784539568], [2.282661159778433, 48.83483204488671], [2.281028901187046, 48.8353357879274], [2.281324430294158, 48.835936547770594], [2.283612791359058, 48.836863140121864], [2.285019644040932, 48.83739859058591], [2.287682797781301, 48.838126782692164], [2.289408125099051, 48.83859302617875], [2.289240405463619, 48.83840316161121], [2.289684554811676, 48.83580481310074]]], ""type"": ""Polygon""}";75;75115;Paris 15e Arrondissement;5710;751155710;Saint-Lambert 10;H;48.836403825020014, 2.285729303711454;IRIS____0000000751155710
"{""coordinates"": [[[2.290989841683732, 48.88537505104215], [2.290947884546867, 48.885251593847585], [2.29106166921609, 48.88510747487994], [2.292980414555692, 48.883598046272425], [2.293733238452664, 48.88288751807635], [2.291972126487449, 48.88193371262417], [2.289225941953491, 48.884223337394545], [2.289511812921232, 48.88445976051522], [2.290989841683732, 48.88537505104215]]], ""type"": ""Polygon""}";75;75117;Paris 17e Arrondissement;6513;751176513;Ternes 13;H;48.88359969378556, 2.2914605780627437;IRIS____0000000751176513
"{""coordinates"": [[[2.40633232848506, 48.862351878528855], [2.405873145987859, 48.86185855914141], [2.40581523510449, 48.86179711636377], [2.405627923231294, 48.86172783620733], [2.404972971325987, 48.86107165886124], [2.404875022851394, 48.86105498363987], [2.404590624485529, 48.86137103699348], [2.403914964507958, 48.86193066185743], [2.403451595142563, 48.862400507560736], [2.403244642273883, 48.86261801584252], [2.402712891373313, 48.862987690564495], [2.402223055500569, 48.86326763808205], [2.401726017301952, 48.863462110140006], [2.399846336824713, 48.86416857431466], [2.399135844391524, 48.864076873942096], [2.398598803677341, 48.864782856902714], [2.398680787744251, 48.86488399495823], [2.404139752967521, 48.864681966279385], [2.40434376249077, 48.86436461542675], [2.404070041519558, 48.863745405892026], [2.404003366346003, 48.863496855803824], [2.404060536342712, 48.86338472287386], [2.404611785313311, 48.8629782663347], [2.405007873604681, 48.862789575829154], [2.40633232848506, 48.862351878528855]]], ""type"": ""Polygon""}";75;75120;Paris 20e Arrondissement;7901;751207901;Père Lachaise 1;H;48.86346485649478, 2.402885907465874;IRIS____0000000751207901
"{""coordinates"": [[[2.404139752967521, 48.864681966279385], [2.398680787744251, 48.86488399495823], [2.398598803677341, 48.864782856902714], [2.398469801031147, 48.86473993959728], [2.398319584134768, 48.86476346669157], [2.398222173243538, 48.86481783669788], [2.398191095092454, 48.86491211116198], [2.398220074825646, 48.86499949288345], [2.398309330854922, 48.8650610967739], [2.398491722266154, 48.865084497090564], [2.398605230631115, 48.86505269126996], [2.401427664849187, 48.86831165399571], [2.402261946337978, 48.86724381291822], [2.404139752967521, 48.864681966279385]]], ""type"": ""Polygon""}";75;75120;Paris 20e Arrondissement;7917;751207917;Père Lachaise 17;A;48.86595570817486, 2.4013213813486947;IRIS____0000000751207917
"{""coordinates"": [[[2.280781824406636, 48.85788321389835], [2.279948129781754, 48.85775229021586], [2.27891227006515, 48.85775234817338], [2.277516523186474, 48.85795347965202], [2.275195502846893, 48.858140000544346], [2.274939456369508, 48.85832191833792], [2.278032220167486, 48.8594917941146], [2.279006186823759, 48.859731498719704], [2.280622091023436, 48.85849471582133], [2.280781824406636, 48.85788321389835]]], ""type"": ""Polygon""}";75;75116;Paris 16e Arrondissement;6216;751166216;Muette 16;H;48.8585636523563, 2.278274568634722;IRIS____0000000751166216
"{""coordinates"": [[[2.380350078692644, 48.902058592479264], [2.384530045616337, 48.90214759334483], [2.384871915446142, 48.90207650542663], [2.38933240090448, 48.901161349307074], [2.390837239618765, 48.90090731295101], [2.395518094601829, 48.89826456845759], [2.39598519344668, 48.897507005219026], [2.397667826349162, 48.89460619613036], [2.398236114786815, 48.89264044858267], [2.398772315958186, 48.89026084701179], [2.395790439826638, 48.88948950972452], [2.395642936300904, 48.88997799555433], [2.395411089476537, 48.8900955354098], [2.394796701839086, 48.89285244145658], [2.394311444429797, 48.89482129089778], [2.394148079315813, 48.89526382732585], [2.393601366232128, 48.896064149010776], [2.393184402024995, 48.8964973054644], [2.392752301779153, 48.89682426445469], [2.392295520527572, 48.89704497746671], [2.391438931251159, 48.8972789460982], [2.390601212550663, 48.89741497935183], [2.389371092850935, 48.897513933380694], [2.389345656336302, 48.897589346092346], [2.387761513737168, 48.897635217017864], [2.385685683139599, 48.89762009044487], [2.385479381251078, 48.897648709423535], [2.38415184859026, 48.896410727572146], [2.383977634860831, 48.89649436724341], [2.383005925213963, 48.89803798568638], [2.382906081291781, 48.89806085344284], [2.382459119845706, 48.898714149696204], [2.380350078692644, 48.902058592479264]]], ""type"": ""Polygon""}";75;75119;Paris 19e Arrondissement;7401;751197401;Pont de Flandre 1;H;48.89748292898886, 2.3903609352860817;IRIS____0000000751197401
"{""coordinates"": [[[2.380067325039471, 48.89304149427563], [2.379132113379148, 48.89232079096476], [2.378993020335705, 48.89243338398033], [2.378890650931359, 48.89244004761147], [2.376795542220676, 48.893483164585426], [2.377681096442605, 48.8942494926202], [2.379278887245152, 48.89568230397044], [2.381722983902039, 48.894312696823974], [2.380067325039471, 48.89304149427563]]], ""type"": ""Polygon""}";75;75119;Paris 19e Arrondissement;7406;751197406;Pont de Flandre 6;H;48.89397001150567, 2.379246332035395;IRIS____0000000751197406
"{""coordinates"": [[[2.337122942617793, 48.87149011595013], [2.336996437232553, 48.8714678311321], [2.334154842936358, 48.87096821235778], [2.333835289676816, 48.87164993345592], [2.333763757952938, 48.871913042124646], [2.333241963178149, 48.87294977386665], [2.33545308179015, 48.87264909963027], [2.337436054654422, 48.872383095580645], [2.337122942617793, 48.87149011595013]]], ""type"": ""Polygon""}";75;75109;Paris 9e Arrondissement;3401;751093401;Chaussée d'Antin 1;A;48.87198081513313, 2.3352656998682675;IRIS____0000000751093401
"{""coordinates"": [[[2.368363752628901, 48.84526857583136], [2.371144417032808, 48.84553324626022], [2.37119066166518, 48.84542736504109], [2.372233475676607, 48.844489414278584], [2.372703594396802, 48.84414832505843], [2.376423328262026, 48.84211273463144], [2.373759343887263, 48.84076866293859], [2.372656489007036, 48.841722503247695], [2.372492936845889, 48.84195278127146], [2.371492039666276, 48.842809114562264], [2.368363752628901, 48.84526857583136]]], ""type"": ""Polygon""}";75;75112;Paris 12e Arrondissement;4812;751124812;Quinze-Vingts 12;A;48.84324286310878, 2.3725141729686388;IRIS____0000000751124812
"{""coordinates"": [[[2.352661345726701, 48.86968474583187], [2.35425267163513, 48.869323712694474], [2.351510758459, 48.86442725524994], [2.350955108041352, 48.86340168750283], [2.349017869621773, 48.86385882548901], [2.350116100857816, 48.86411301347977], [2.350147798560179, 48.864303846780025], [2.350268409776785, 48.86490706267888], [2.350602259256734, 48.86568231069045], [2.351130156664375, 48.86652965746955], [2.351546743072213, 48.867340424461005], [2.352196531709301, 48.86891239529327], [2.352661345726701, 48.86968474583187]]], ""type"": ""Polygon""}";75;75102;Paris 2e Arrondissement;0801;751020801;Bonne Nouvelle 1;H;48.86663249889703, 2.3519271224003444;IRIS____0000000751020801
"{""coordinates"": [[[2.361726760156752, 48.88261909395732], [2.361340826436205, 48.88206574694433], [2.361774535049148, 48.881947549594955], [2.362022701538581, 48.88061246762994], [2.35867105205127, 48.87972850387455], [2.357597146978918, 48.87946193985753], [2.357207790070614, 48.879522803174204], [2.358185093672873, 48.88143193071113], [2.359041559167698, 48.88286105738535], [2.361726760156752, 48.88261909395732]]], ""type"": ""Polygon""}";75;75110;Paris 10e Arrondissement;3707;751103707;Saint-Vincent de Paul 7;H;48.881211573872385, 2.3597479927454263;IRIS____0000000751103707
"{""coordinates"": [[[2.368363752628901, 48.84526857583136], [2.366876572963144, 48.84643527691966], [2.366989172337878, 48.84658876359691], [2.367638254286907, 48.84801138192295], [2.367807742468948, 48.847969108508266], [2.369407462934894, 48.84685065651184], [2.37142394218614, 48.84800345115536], [2.372019223395208, 48.84666473678712], [2.372354184383441, 48.845893946302304], [2.372508231507561, 48.84577513976387], [2.372668127257938, 48.845736406557464], [2.3726824131703, 48.84568162062396], [2.371144417032808, 48.84553324626022], [2.368363752628901, 48.84526857583136]]], ""type"": ""Polygon""}";75;75112;Paris 12e Arrondissement;4803;751124803;Quinze-Vingts 3;H;48.8464821445744, 2.369652251890084;IRIS____0000000751124803
"{""coordinates"": [[[2.333860637688012, 48.82979756743866], [2.331031146608963, 48.8297017297515], [2.330973672630527, 48.83014659872612], [2.331354085391636, 48.83065057697542], [2.329791274923713, 48.83120393828178], [2.3306706578561, 48.832208965959495], [2.331518616659901, 48.83322370354495], [2.332627719106447, 48.83448721840909], [2.333327451258235, 48.8341016929928], [2.333629243975902, 48.834045815003215], [2.33366958832967, 48.833980385673875], [2.333788597912888, 48.83394237565461], [2.335836860366602, 48.83335568505722], [2.335895928890432, 48.83331734007275], [2.335900051107848, 48.8332076396339], [2.33607229860163, 48.83316092920669], [2.334668011083779, 48.83100542400692], [2.334182491900374, 48.830302109907606], [2.334038758907653, 48.83025004532004], [2.334081289073534, 48.8301198728778], [2.333923221792163, 48.82991033781412], [2.333948579064678, 48.829844824700125], [2.333860637688012, 48.82979756743866]]], ""type"": ""Polygon""}";75;75114;Paris 14e Arrondissement;5515;751145515;Petit Montrouge 15;H;48.8319456595474, 2.332965253906913;IRIS____0000000751145515
"{""coordinates"": [[[2.294248654029473, 48.87403566518709], [2.295032069299386, 48.87377317673729], [2.295542880656993, 48.87330312959988], [2.295124259748336, 48.873207133542124], [2.294646361782479, 48.87326007770977], [2.291574191963458, 48.86898533381962], [2.287222724804209, 48.8724669490372], [2.291423669698328, 48.87293526738996], [2.29247875335417, 48.87354946457891], [2.294162796152447, 48.87373118108801], [2.294153020019566, 48.873848937357636], [2.294248654029473, 48.87403566518709]]], ""type"": ""Polygon""}";75;75116;Paris 16e Arrondissement;6409;751166409;Chaillot 9;H;48.87178436056469, 2.2914338798772413;IRIS____0000000751166409
"{""coordinates"": [[[2.348729533622137, 48.89172043074552], [2.348541591455928, 48.89158990592343], [2.345567666042087, 48.89078048640971], [2.345493425338403, 48.89082774481005], [2.345312320037714, 48.89080517099957], [2.344415802251318, 48.89106017064471], [2.343639293338842, 48.89120700326115], [2.344312723525916, 48.89253089905847], [2.348729533622137, 48.89172043074552]]], ""type"": ""Polygon""}";75;75118;Paris 18e Arrondissement;7015;751187015;Clignancourt 15;H;48.891620639032425, 2.3457484439874734;IRIS____0000000751187015
"{""coordinates"": [[[2.411068913600706, 48.847046803365934], [2.406296268896808, 48.847454904426925], [2.406577751785357, 48.84882331770375], [2.406402014759188, 48.850493441820106], [2.406284300667074, 48.85149563396618], [2.40701698160548, 48.85165935171985], [2.407506034121397, 48.85035771586905], [2.408934985572614, 48.850529364758906], [2.409264351938471, 48.84900389237803], [2.411242379537772, 48.84906130808352], [2.411360533943849, 48.849096964178855], [2.411068913600706, 48.847046803365934]]], ""type"": ""Polygon""}";75;75120;Paris 20e Arrondissement;8002;751208002;Charonne 2;H;48.84880388780364, 2.408446802537435;IRIS____0000000751208002
"{""coordinates"": [[[2.362918106019649, 48.86716226804502], [2.362838639050925, 48.86708360230209], [2.362146665643204, 48.86681730872113], [2.36201050901712, 48.86680399222721], [2.360324904611943, 48.866416372123055], [2.360192611411073, 48.86653257950509], [2.356808071278973, 48.86728427589825], [2.355122569099152, 48.867661024017266], [2.354886413632751, 48.86768673164428], [2.355022569051761, 48.86792039496533], [2.358539079586513, 48.867416775521406], [2.358725668684623, 48.86798436056819], [2.362918106019649, 48.86716226804502]]], ""type"": ""Polygon""}";75;75103;Paris 3e Arrondissement;0902;751030902;Arts et Métiers 2;H;48.86723685452176, 2.359434282006851;IRIS____0000000751030902
"{""coordinates"": [[[2.291779590675396, 48.88947348424853], [2.292747623772231, 48.8895934208229], [2.295013183223064, 48.889874781252956], [2.295579536585645, 48.8901497118619], [2.297326658916109, 48.891053909942926], [2.299608319530779, 48.89217255104883], [2.300588268146194, 48.89262884151677], [2.302600977070498, 48.89102808642731], [2.302343713454047, 48.89099061471059], [2.301697772045237, 48.890646903512916], [2.29786381142184, 48.888843811435585], [2.295417466861364, 48.88771427101358], [2.295158300890571, 48.88761741655007], [2.294716018325001, 48.88754826164345], [2.294350930655012, 48.887317680344445], [2.294083330835753, 48.887239659761306], [2.293782885067186, 48.88706971297677], [2.293037954235556, 48.887395371764875], [2.292562571291224, 48.88785571982666], [2.291740765329334, 48.88942019411557], [2.291779590675396, 48.88947348424853]]], ""type"": ""Polygon""}";75;75117;Paris 17e Arrondissement;6616;751176616;Plaine Monceau 16;H;48.889773169689676, 2.297007554937625;IRIS____0000000751176616
"{""coordinates"": [[[2.348444771796439, 48.862379879643505], [2.347747960057199, 48.860986592099664], [2.347661823737401, 48.86100770695118], [2.345431886084228, 48.861549529085345], [2.344852766340415, 48.86164348968897], [2.342298098201258, 48.86220595897982], [2.342215626500065, 48.86226036590974], [2.34232332511183, 48.862259159121606], [2.34244383634635, 48.86232277565425], [2.342554649228628, 48.86250685132512], [2.34237634772353, 48.86259400771698], [2.34230843703951, 48.8626826698998], [2.342274010730002, 48.862818282116564], [2.342202555599268, 48.862863756087535], [2.34224101537026, 48.862948506090774], [2.342310801707241, 48.86303522692828], [2.342650180331437, 48.863145912474096], [2.34297580348559, 48.8631584927347], [2.343149856392409, 48.86351648873322], [2.343871841076282, 48.863336982471886], [2.344285208026899, 48.86330956958759], [2.34502471284832, 48.86314544125812], [2.345536078757462, 48.86312935251068], [2.345881928302091, 48.86294238053768], [2.348444771796439, 48.862379879643505]]], ""type"": ""Polygon""}";75;75101;Paris 1er Arrondissement;0205;751010205;Les Halles 5;A;48.862297570166575, 2.34534858519305;IRIS____0000000751010205
"{""coordinates"": [[[2.339143935838259, 48.86220567061473], [2.339469249651607, 48.86213461940564], [2.339130016712214, 48.861476222399816], [2.332106845826641, 48.863762047513646], [2.332703105123855, 48.86456849034233], [2.33557160770686, 48.86314369603922], [2.339143935838259, 48.86220567061473]]], ""type"": ""Polygon""}";75;75101;Paris 1er Arrondissement;0303;751010303;Palais Royal 3;A;48.862970884171986, 2.335627404567633;IRIS____0000000751010303
"{""coordinates"": [[[2.339130016712214, 48.861476222399816], [2.339469249651607, 48.86213461940564], [2.341222108678749, 48.86170809752117], [2.342515009519736, 48.86143551041561], [2.344951434937346, 48.86105945360548], [2.345238876132772, 48.86096389701015], [2.345854613214823, 48.860666881952184], [2.346437695420342, 48.860038724996585], [2.346827633369763, 48.85959477682072], [2.346883310051467, 48.85961126898616], [2.347359059174241, 48.85906256334891], [2.347445158584181, 48.85893532523184], [2.347440461622229, 48.85876622185833], [2.343980671322331, 48.85989037867111], [2.340845071494255, 48.86091189676878], [2.339130016712214, 48.861476222399816]]], ""type"": ""Polygon""}";75;75101;Paris 1er Arrondissement;0202;751010202;Les Halles 2;H;48.86061629120426, 2.3434885252566655;IRIS____0000000751010202
"{""coordinates"": [[[2.305447988318348, 48.85427231213614], [2.304297076922184, 48.85350386980891], [2.300697412030575, 48.85586618414308], [2.300010182468253, 48.856295655843375], [2.299267694254462, 48.856678033394], [2.298893901097704, 48.857007706317475], [2.296376714033232, 48.85860907362299], [2.296847882082604, 48.85894370502889], [2.294874995127961, 48.86019838719828], [2.295479578280877, 48.86064622870233], [2.29772035531875, 48.859235722490574], [2.300173235411874, 48.85765193893099], [2.305447988318348, 48.85427231213614]]], ""type"": ""Polygon""}";75;75107;Paris 7e Arrondissement;2806;751072806;Gros Caillou 6;H;48.8568588510091, 2.300321112376555;IRIS____0000000751072806
"{""coordinates"": [[[2.303659545504421, 48.849505204207276], [2.306041515788186, 48.84797933604919], [2.307354149221545, 48.84713344727705], [2.308354716919094, 48.84649079491005], [2.308731403509099, 48.84634367765722], [2.309478835129796, 48.845880324867416], [2.309969209518155, 48.84537951033646], [2.30861912149676, 48.845768335299454], [2.30842615675235, 48.845933602343855], [2.306163740503661, 48.84657793776834], [2.301573793863481, 48.84793355226076], [2.301781441113648, 48.84799682031393], [2.301840034398582, 48.84809879026362], [2.302446212633794, 48.8485232277989], [2.302321094421135, 48.84860613896449], [2.303659545504421, 48.849505204207276]]], ""type"": ""Polygon""}";75;75115;Paris 15e Arrondissement;5812;751155812;Necker 12;H;48.84760093972943, 2.3051520649834285;IRIS____0000000751155812
"{""coordinates"": [[[2.345312320037714, 48.89080517099957], [2.345493425338403, 48.89082774481005], [2.345567666042087, 48.89078048640971], [2.348541591455928, 48.89158990592343], [2.348729533622137, 48.89172043074552], [2.348463372364844, 48.89042935307116], [2.3474117606829, 48.89032919748177], [2.346834883910514, 48.89032785081429], [2.345552295907666, 48.890701261897235], [2.345312320037714, 48.89080517099957]]], ""type"": ""Polygon""}";75;75118;Paris 18e Arrondissement;7014;751187014;Clignancourt 14;H;48.89085345884862, 2.34741695977682;IRIS____0000000751187014
"{""coordinates"": [[[2.363528881894562, 48.893153484021], [2.363418722126686, 48.89312771750112], [2.361609439143673, 48.89196695493677], [2.361273461804951, 48.89156046856482], [2.361255138844055, 48.89127528576901], [2.360891497675062, 48.89112315868235], [2.359865298142864, 48.89083888724711], [2.359777399771881, 48.892219775914725], [2.359338723783384, 48.89506197989604], [2.359453143125942, 48.89507428310956], [2.359604754755904, 48.89516772382305], [2.363528881894562, 48.893153484021]]], ""type"": ""Polygon""}";75;75118;Paris 18e Arrondissement;7205;751187205;Chapelle 5;H;48.893033264269356, 2.360916013256356;IRIS____0000000751187205
"{""coordinates"": [[[2.38387820939328, 48.87677348301237], [2.382989951048308, 48.876943378451365], [2.382594229711585, 48.877085231273206], [2.381261727985528, 48.87769259503413], [2.381549871104849, 48.87811407161672], [2.382078628941012, 48.87859704467061], [2.382471749342143, 48.87879063054076], [2.383150766814982, 48.87902166173295], [2.384693178622003, 48.87934436467756], [2.385585064325801, 48.87944787162257], [2.386778846676934, 48.87950435487744], [2.388367174253939, 48.87951967478087], [2.388195522918005, 48.87857809888732], [2.387931040115699, 48.87764683928699], [2.387778352602073, 48.87671704939274], [2.387602881567588, 48.87633393587681], [2.385773190415271, 48.87679221434223], [2.385372316469916, 48.876793754142575], [2.3853036596205, 48.87683477087889], [2.385174500074866, 48.876803530316], [2.38387820939328, 48.87677348301237]]], ""type"": ""Polygon""}";75;75119;Paris 19e Arrondissement;7602;751197602;Combat 2;H;48.87805136203758, 2.385234578333636;IRIS____0000000751197602
"{""coordinates"": [[[2.406009625624646, 48.858854530641125], [2.406331947592201, 48.85855754769394], [2.407576243059744, 48.85772732336209], [2.405876594422222, 48.85629703079072], [2.405776226383778, 48.85625426312633], [2.405862311786862, 48.85611529184677], [2.405667877861965, 48.85607475503255], [2.404940183560651, 48.856185355554324], [2.404552172541353, 48.856864230723815], [2.403920665249356, 48.85762013468], [2.405836085349028, 48.85889324027819], [2.405896627500643, 48.85884317756836], [2.406009625624646, 48.858854530641125]]], ""type"": ""Polygon""}";75;75120;Paris 20e Arrondissement;8018;751208018;Charonne 18;H;48.857484493162254, 2.4056814250490994;IRIS____0000000751208018
"{""coordinates"": [[[2.362852384078874, 48.87431885555867], [2.362883773804858, 48.874204806981524], [2.361407075180575, 48.87455037726109], [2.359605672477486, 48.87513341592907], [2.359219281070431, 48.875399350158844], [2.359522045044485, 48.875946866779564], [2.360302051376702, 48.87582602999005], [2.360376317433804, 48.87588488359033], [2.360559204081269, 48.876091808279334], [2.36191121753853, 48.87835994702114], [2.362323078973102, 48.878909834952786], [2.362523952222605, 48.87898554931479], [2.362897221751404, 48.87923575195707], [2.364449010179692, 48.878445393388766], [2.36540997531333, 48.87768695790409], [2.36310382420215, 48.875052252693166], [2.362824633087458, 48.874469796248], [2.362852384078874, 48.87431885555867]]], ""type"": ""Polygon""}";75;75110;Paris 10e Arrondissement;4008;751104008;Hôpital Saint-Louis 8;H;48.87664469540642, 2.3625123445656913;IRIS____0000000751104008
"{""coordinates"": [[[2.353566491291557, 48.888474900295236], [2.356051141857808, 48.88870592500722], [2.356320375513379, 48.887335901704745], [2.353448493588996, 48.887104590235495], [2.353566491291557, 48.888474900295236]]], ""type"": ""Polygon""}";75;75118;Paris 18e Arrondissement;7105;751187105;Goutte d'Or 5;H;48.8878893620279, 2.3548529043905506;IRIS____0000000751187105
"{""coordinates"": [[[2.393377685449765, 48.88225034616646], [2.393224928319992, 48.88213625691642], [2.393282677820898, 48.88209518055682], [2.393263503359809, 48.88198536552162], [2.392886408831161, 48.88193219224745], [2.392812129329454, 48.881987573819785], [2.392835707915432, 48.88207043146428], [2.388350167059152, 48.883057543458584], [2.387906393986489, 48.88322434885693], [2.388410207199004, 48.88328627904311], [2.388838467303234, 48.88339548573239], [2.39044302083763, 48.88401520708665], [2.391280565030458, 48.88434232598225], [2.393377685449765, 48.88225034616646]]], ""type"": ""Polygon""}";75;75119;Paris 19e Arrondissement;7516;751197516;Amérique 16;H;48.88311817204084, 2.390998865504365;IRIS____0000000751197516
"{""coordinates"": [[[2.366041558191069, 48.847082889533745], [2.366443514943608, 48.847309858160784], [2.368972404780255, 48.85284526230501], [2.3690939611782, 48.852823419492964], [2.369370826071828, 48.85224299771633], [2.369524877005135, 48.85212599428855], [2.367638254286907, 48.84801138192295], [2.366989172337878, 48.84658876359691], [2.366876572963144, 48.84643527691966], [2.366041558191069, 48.847082889533745]]], ""type"": ""Polygon""}";75;75112;Paris 12e Arrondissement;4888;751124888;Bassin de l'Arsenal;D;48.849560105290344, 2.3678994394406887;IRIS____0000000751124888
"{""coordinates"": [[[2.364313790337467, 48.856457580934034], [2.36176775751168, 48.85724355060798], [2.35934459162322, 48.85833949995604], [2.356864255095606, 48.860083522494975], [2.358185780973168, 48.86123908390814], [2.360775052391848, 48.859948888988264], [2.362140326559012, 48.85920791650802], [2.362214324263666, 48.85895289601339], [2.362279052129947, 48.85889838072318], [2.364478437925173, 48.858155527917035], [2.364426987805623, 48.856674925592124], [2.364313790337467, 48.856457580934034]]], ""type"": ""Polygon""}";75;75103;Paris 3e Arrondissement;1103;751031103;Les Archives 3;H;48.85881203033157, 2.3608232523710764;IRIS____0000000751031103
"{""coordinates"": [[[2.366041558191069, 48.847082889533745], [2.365379762440006, 48.8467088454848], [2.364792498568988, 48.84737575041389], [2.361641718566177, 48.84950934271267], [2.361458130696986, 48.849922966108835], [2.36143214331549, 48.85082038405245], [2.363691017126329, 48.85154021043741], [2.367437184344751, 48.85267617182033], [2.368427590997666, 48.85293142373155], [2.368069441282612, 48.8525715903303], [2.365910083547912, 48.847808873487644], [2.365754450416901, 48.8476083912618], [2.365540866630258, 48.84746695907303], [2.366041558191069, 48.847082889533745]]], ""type"": ""Polygon""}";75;75104;Paris 4e Arrondissement;1501;751041501;Arsenal 1;H;48.850059886154476, 2.3647978042443243;IRIS____0000000751041501
"{""coordinates"": [[[2.37938717089219, 48.85055512227326], [2.378555472483217, 48.8507036954642], [2.37878973445011, 48.851515229190525], [2.377943243870643, 48.851645734229606], [2.377924680464208, 48.85171668658822], [2.378274608854456, 48.85265652989578], [2.378462999947351, 48.85274384642871], [2.378520495385053, 48.85329364893751], [2.378734180132954, 48.853317242403584], [2.37944462916089, 48.85339737393362], [2.380429043008459, 48.85358954031269], [2.381142850605098, 48.85258416203692], [2.380311179551233, 48.85112380603904], [2.380114712394509, 48.85045546816843], [2.37938717089219, 48.85055512227326]]], ""type"": ""Polygon""}";75;75111;Paris 11e Arrondissement;4405;751114405;Sainte-Marguerite 5;H;48.85210509651107, 2.3795578050225474;IRIS____0000000751114405
"{""coordinates"": [[[2.375760973479089, 48.820055838816664], [2.366927252430261, 48.81724829821878], [2.364739130615731, 48.82000588551363], [2.367299044707828, 48.82084059108198], [2.36924928619377, 48.82152722662581], [2.37099195031927, 48.82215068093739], [2.373153176978775, 48.82285634864482], [2.37308630139134, 48.82264104707839], [2.372476995748057, 48.82154870552784], [2.373240798366478, 48.8216858192425], [2.374923507465811, 48.822088554322306], [2.375730090553787, 48.82070143110605], [2.375760973479089, 48.820055838816664]]], ""type"": ""Polygon""}";75;75113;Paris 13e Arrondissement;5002;751135002;Gare 2;H;48.820034151538735, 2.370295514758357;IRIS____0000000751135002
"{""coordinates"": [[[2.326770977882546, 48.82783949990355], [2.327010240305244, 48.82787682162707], [2.327254413283661, 48.827850314747536], [2.328989882703274, 48.82784657406601], [2.328371379449176, 48.8269005550853], [2.329369969401909, 48.82636113632374], [2.326338547570053, 48.82493567147464], [2.32593554271024, 48.824816481248334], [2.326225560232882, 48.82608983716053], [2.326797426509169, 48.8277955793271], [2.326770977882546, 48.82783949990355]]], ""type"": ""Polygon""}";75;75114;Paris 14e Arrondissement;5507;751145507;Petit Montrouge 7;H;48.82653145220473, 2.327463616762087;IRIS____0000000751145507
"{""coordinates"": [[[2.291053303527222, 48.85747504370887], [2.295381342134141, 48.85470720373928], [2.293738295842928, 48.853456401799605], [2.291685482242497, 48.851777752699654], [2.29141049192706, 48.85165561008493], [2.290578527072672, 48.852504173573024], [2.290652228151814, 48.85259634529688], [2.288763139097098, 48.85450796240439], [2.289296959550602, 48.85493922905495], [2.289550947557499, 48.85530317882025], [2.290042064231392, 48.85646896340608], [2.290272774183568, 48.85684176652147], [2.29059284384569, 48.85715843936608], [2.291053303527222, 48.85747504370887]]], ""type"": ""Polygon""}";75;75115;Paris 15e Arrondissement;5918;751155918;Grenelle 18;H;48.854610286998664, 2.291800723347649;IRIS____0000000751155918
"{""coordinates"": [[[2.268022869567307, 48.84227291815508], [2.265113145932603, 48.840772014117114], [2.26404223201743, 48.84125199087088], [2.263797573616275, 48.8414024793445], [2.264832282252683, 48.84310325860279], [2.264984072980655, 48.843257983715], [2.265152342428365, 48.84321045145092], [2.265576231130999, 48.84329849473862], [2.265840374633654, 48.843312707257105], [2.26624609445349, 48.84323964933518], [2.266857415323368, 48.84298347926605], [2.268022869567307, 48.84227291815508]]], ""type"": ""Polygon""}";75;75116;Paris 16e Arrondissement;6114;751166114;Auteuil 14;H;48.842118938536785, 2.2656994346453496;IRIS____0000000751166114
"{""coordinates"": [[[2.277488291551287, 48.87139052746064], [2.278981615819666, 48.87106047848948], [2.277012952217638, 48.86762478473107], [2.27417341658566, 48.86859778237231], [2.275984987410801, 48.87096594554099], [2.276393970134996, 48.871555692129455], [2.276472440580136, 48.87179539262796], [2.276660749041536, 48.871586983026624], [2.277488291551287, 48.87139052746064]]], ""type"": ""Polygon""}";75;75116;Paris 16e Arrondissement;6306;751166306;Porte Dauphine 6;H;48.86967478867889, 2.2766455833050214;IRIS____0000000751166306
"{""coordinates"": [[[2.335776810386216, 48.890347960652655], [2.335715985268521, 48.89009131551458], [2.335743829098689, 48.889512304242686], [2.335800022885391, 48.8889559330834], [2.335573161595067, 48.88877930580057], [2.335474349545335, 48.888614180687085], [2.335567725733217, 48.88835029679805], [2.334762060232704, 48.88768481789462], [2.334558405126486, 48.88772055867202], [2.334301767188754, 48.887633696001735], [2.333920521647332, 48.88779975003742], [2.333732504457795, 48.88789223403243], [2.333049846733483, 48.8884855867869], [2.334305301397213, 48.89055742575379], [2.335776810386216, 48.890347960652655]]], ""type"": ""Polygon""}";75;75118;Paris 18e Arrondissement;6910;751186910;Grandes Carrières 10;H;48.88908279624232, 2.3345744057181195;IRIS____0000000751186910
"{""coordinates"": [[[2.368127524696543, 48.889701061344496], [2.367560990457849, 48.888624278490404], [2.367059831028409, 48.887331999449096], [2.366703703181201, 48.88656299205413], [2.364713572113417, 48.88436618656631], [2.361500301513613, 48.88440665064679], [2.361051654450446, 48.88651857465163], [2.363095091927302, 48.88992621007417], [2.364715644387823, 48.889897047219236], [2.368127524696543, 48.889701061344496]]], ""type"": ""Polygon""}";75;75118;Paris 18e Arrondissement;7201;751187201;Chapelle 1;H;48.88724932894922, 2.364282979621731;IRIS____0000000751187201
"{""coordinates"": [[[2.332410427598088, 48.84485840210807], [2.332901946019859, 48.844356601446265], [2.33485581208284, 48.84233761726313], [2.334078641216557, 48.841951063625324], [2.333041752554997, 48.84131123473097], [2.332238796012576, 48.841876053384254], [2.331758107665112, 48.84270348277682], [2.331526435126236, 48.843131185149325], [2.331244437951255, 48.84344528578561], [2.33060536884278, 48.84397683291889], [2.332410427598088, 48.84485840210807]]], ""type"": ""Polygon""}";75;75106;Paris 6e Arrondissement;2302;751062302;Notre-Dame des Champs 2;H;48.84307916133519, 2.332738974113347;IRIS____0000000751062302
"{""coordinates"": [[[2.373490399967642, 48.85645471563446], [2.376994524397442, 48.85793265324636], [2.377876540341711, 48.85677618344926], [2.376788065116468, 48.856391893631375], [2.375096027589469, 48.855764316876844], [2.374432393863394, 48.85552881704823], [2.373053369344487, 48.85494331741775], [2.37245730767693, 48.85554905309734], [2.372015382041862, 48.85535157563415], [2.371646049684404, 48.8556895911593], [2.373490399967642, 48.85645471563446]]], ""type"": ""Polygon""}";75;75111;Paris 11e Arrondissement;4314;751114314;Roquette 14;H;48.85639751675806, 2.3749646156730364;IRIS____0000000751114314
"{""coordinates"": [[[2.341202420510689, 48.86574425589485], [2.343082571546486, 48.86528513241342], [2.344974968231859, 48.864825147064664], [2.342742145050975, 48.86363566209494], [2.34237553907866, 48.863845893913926], [2.340446294578857, 48.864740918828645], [2.341202420510689, 48.86574425589485]]], ""type"": ""Polygon""}";75;75101;Paris 1er Arrondissement;0206;751010206;Les Halles 6;A;48.864730943241646, 2.3424883934245875;IRIS____0000000751010206
"{""coordinates"": [[[2.29620959727898, 48.87249404502659], [2.295542880656993, 48.87330312959988], [2.295032069299386, 48.87377317673729], [2.295831483384342, 48.873536858206016], [2.302317878867886, 48.871442497344425], [2.302598242105828, 48.87137668038139], [2.301875738249315, 48.87055856193585], [2.299985844285945, 48.87139650543074], [2.296749111943913, 48.872420771749084], [2.296666075414799, 48.872411290431586], [2.29651257822012, 48.872470644438614], [2.296421085544766, 48.872582524649516], [2.29620959727898, 48.87249404502659]]], ""type"": ""Polygon""}";75;75108;Paris 8e Arrondissement;2906;751082906;Champs Élysées 6;A;48.87209604914555, 2.2990269888172534;IRIS____0000000751082906
"{""coordinates"": [[[2.40793407929123, 48.877572070594084], [2.406582644292136, 48.877113915763175], [2.406265713642774, 48.877526035862694], [2.405946350295659, 48.877672840833405], [2.402409911105074, 48.878349521845976], [2.401615730880795, 48.87864143404563], [2.401848504399149, 48.87867497314944], [2.401926880752494, 48.878736519080555], [2.401788647826085, 48.87913782827969], [2.401707399295686, 48.87920756987349], [2.401499730199983, 48.87971824956603], [2.401444652202698, 48.880120873048064], [2.401489675246744, 48.880474533833414], [2.401714367924265, 48.88109349460179], [2.402113645317621, 48.88159011886114], [2.4026566859311, 48.88132303161781], [2.40325926098218, 48.881095809007846], [2.405270232449559, 48.880523951261196], [2.405883499666547, 48.88031385571057], [2.40648788385428, 48.88004525669621], [2.406994574426885, 48.87973390233579], [2.407707695095333, 48.87913488303796], [2.40797320239622, 48.87868833096696], [2.408190687759291, 48.87850774198484], [2.408574564198052, 48.87796284730583], [2.408206593470386, 48.877827928172465], [2.40793407929123, 48.877572070594084]]], ""type"": ""Polygon""}";75;75119;Paris 19e Arrondissement;7525;751197525;Amérique 25;A;48.879253230047844, 2.4046614618641584;IRIS____0000000751197525
"{""coordinates"": [[[2.314733979598688, 48.85369990068377], [2.309533972282797, 48.8539578014511], [2.309960180724663, 48.85727888389078], [2.311131024366234, 48.858098646092], [2.311605743581254, 48.86188495318888], [2.311660374183708, 48.862805302900234], [2.315189660196816, 48.862892102030614], [2.314959943070394, 48.86097696962883], [2.314614421860583, 48.858126742239264], [2.314751844700716, 48.85804119131121], [2.315220125272401, 48.85798181655476], [2.314733979598688, 48.85369990068377]]], ""type"": ""Polygon""}";75;75107;Paris 7e Arrondissement;2606;751072606;Invalides 6;D;48.857885544455826, 2.3127607822281555;IRIS____0000000751072606
"{""coordinates"": [[[2.348666116138794, 48.87662035094149], [2.348226627388438, 48.87578517413156], [2.347901065991873, 48.87401890250044], [2.342420045613149, 48.87403478477912], [2.342325138032629, 48.87410081438143], [2.343716350013831, 48.875896331850754], [2.344345027656415, 48.87653560736398], [2.346113046254506, 48.87656596253306], [2.346171470209418, 48.87647365008513], [2.347291451837626, 48.87675315989834], [2.347392397357358, 48.876640394005676], [2.347478627239634, 48.87661388400302], [2.348666116138794, 48.87662035094149]]], ""type"": ""Polygon""}";75;75109;Paris 9e Arrondissement;3503;751093503;Faubourg Montmartre 3;H;48.87524831515766, 2.3457185180376188;IRIS____0000000751093503
"{""coordinates"": [[[2.369358394801617, 48.869485196117736], [2.367835860204891, 48.86890428519592], [2.367610590375759, 48.86881945659566], [2.365941513214639, 48.87098522833163], [2.367915850728346, 48.87174931555088], [2.369358394801617, 48.869485196117736]]], ""type"": ""Polygon""}";75;75110;Paris 10e Arrondissement;3901;751103901;Porte Saint-Martin 1;H;48.87028292992357, 2.367691088145625;IRIS____0000000751103901
"{""coordinates"": [[[2.365419787037786, 48.86815314168972], [2.364355998683669, 48.86774459219242], [2.363007879381323, 48.868516254137035], [2.361193015183021, 48.870548982458665], [2.361399398810129, 48.87083967085307], [2.362098900132801, 48.87149721980518], [2.362573626334262, 48.871250632122404], [2.362852153883509, 48.87110552289867], [2.364379719953636, 48.86915218593217], [2.365419787037786, 48.86815314168972]]], ""type"": ""Polygon""}";75;75110;Paris 10e Arrondissement;3903;751103903;Porte Saint-Martin 3;H;48.86956750379725, 2.363147789363629;IRIS____0000000751103903
"{""coordinates"": [[[2.358772776773313, 48.87091286440675], [2.357202716507911, 48.87175881491236], [2.358324516207395, 48.87376855775715], [2.358762779267228, 48.87327537170595], [2.3608253595125, 48.87095801760523], [2.360026021256045, 48.87021718778725], [2.358772776773313, 48.87091286440675]]], ""type"": ""Polygon""}";75;75110;Paris 10e Arrondissement;3907;751103907;Porte Saint-Martin 7;H;48.871822001932934, 2.358948822689452;IRIS____0000000751103907
"{""coordinates"": [[[2.387201100440798, 48.863086439453454], [2.387377786989925, 48.86289848204552], [2.385960779441364, 48.86250000578943], [2.385213475632737, 48.86229741425865], [2.38413512046826, 48.86208052400511], [2.382570821152097, 48.86157782439884], [2.381176964404017, 48.863941294557385], [2.381199356234151, 48.864007062341095], [2.383384090239231, 48.86357586198632], [2.38684981562326, 48.862937147993385], [2.38707044154386, 48.86306958218561], [2.387201100440798, 48.863086439453454]]], ""type"": ""Polygon""}";75;75111;Paris 11e Arrondissement;4202;751114202;Saint-Ambroise 2;H;48.8628272383418, 2.3836836418773215;IRIS____0000000751114202
"{""coordinates"": [[[2.372740165014653, 48.85480857207771], [2.373053369344487, 48.85494331741775], [2.374432393863394, 48.85552881704823], [2.375096027589469, 48.855764316876844], [2.376899787834004, 48.853431814355815], [2.376928150635784, 48.853339328846914], [2.376840388761047, 48.85327052109499], [2.37554393392166, 48.85330333359297], [2.375085839006644, 48.85320471134979], [2.372899808767227, 48.85456658412348], [2.372740165014653, 48.85480857207771]]], ""type"": ""Polygon""}";75;75111;Paris 11e Arrondissement;4310;751114310;Roquette 10;H;48.85438063230773, 2.374891724737412;IRIS____0000000751114310
"{""coordinates"": [[[2.405366512610043, 48.843310553745056], [2.405742823690529, 48.84472351405217], [2.410317615612648, 48.84431805763486], [2.409469404333803, 48.84173181969256], [2.409223794839457, 48.841762983891705], [2.408324796410201, 48.841738754929096], [2.408831867848419, 48.84388263144527], [2.408315908253652, 48.843961922115554], [2.407908074081701, 48.84291934848341], [2.406545524589437, 48.843157222116005], [2.405366512610043, 48.843310553745056]]], ""type"": ""Polygon""}";75;75112;Paris 12e Arrondissement;4508;751124508;Bel-Air 8;H;48.84354859804463, 2.4080018457033248;IRIS____0000000751124508
"{""coordinates"": [[[2.352592803347363, 48.83044635478153], [2.35000495068944, 48.82964806527949], [2.349249486225979, 48.82971141002398], [2.348503017659699, 48.82992679305772], [2.347192129267711, 48.83028658911767], [2.348164253234285, 48.83098171002637], [2.349906519600861, 48.83207943252525], [2.350391779829904, 48.83172861623857], [2.350567103545684, 48.83165222242473], [2.350715559535296, 48.831654827184956], [2.351111579572839, 48.831906102254386], [2.35163250323861, 48.832082505941585], [2.351756642231344, 48.832068788899], [2.352752007422498, 48.83166766388267], [2.352647579374336, 48.83064271440462], [2.354380231862905, 48.83120339495848], [2.354457189508793, 48.83103922537587], [2.352592803347363, 48.83044635478153]]], ""type"": ""Polygon""}";75;75113;Paris 13e Arrondissement;5202;751135202;Croulebarbe 2;H;48.83083210563762, 2.3504168713395197;IRIS____0000000751135202
"{""coordinates"": [[[2.321717024771174, 48.82827771930325], [2.322309899404642, 48.828881863936374], [2.322662561028742, 48.829312864215765], [2.326375906345679, 48.827947898593706], [2.326770977882546, 48.82783949990355], [2.321690307149265, 48.82561990585049], [2.321022593752589, 48.825849955195956], [2.319585359343969, 48.82617725478254], [2.321717024771174, 48.82827771930325]]], ""type"": ""Polygon""}";75;75114;Paris 14e Arrondissement;5505;751145505;Petit Montrouge 5;H;48.82740034694655, 2.322920844613483;IRIS____0000000751145505
"{""coordinates"": [[[2.276938462777419, 48.84608110367132], [2.277093634490729, 48.846191764185804], [2.277319731509496, 48.8461994257416], [2.277439321278395, 48.84612460125427], [2.279514487025339, 48.846236046893125], [2.280786799428666, 48.84557547280351], [2.281345482778386, 48.84606988446658], [2.283084989086776, 48.845124294085224], [2.283904798450421, 48.84476406092941], [2.283612318287055, 48.8444313425675], [2.282748401287394, 48.84344225723042], [2.276938462777419, 48.84608110367132]]], ""type"": ""Polygon""}";75;75115;Paris 15e Arrondissement;6013;751156013;Javel 13;H;48.84506331779039, 2.280947742503299;IRIS____0000000751156013
"{""coordinates"": [[[2.262968728815043, 48.83969756047757], [2.265113145932603, 48.840772014117114], [2.267321835933157, 48.8398007492918], [2.266299807339982, 48.838746714605016], [2.265566419655938, 48.83809646310859], [2.263777517997083, 48.83635956421378], [2.263731650692439, 48.83652027024083], [2.26360898293759, 48.836620245236844], [2.26292631783592, 48.83672306626253], [2.263538505390378, 48.837269160713184], [2.263574287100548, 48.837436664866765], [2.262760016321318, 48.83778870097369], [2.263186039101238, 48.83810790600278], [2.262001399226032, 48.83853949796551], [2.263336493895025, 48.839608989120094], [2.262968728815043, 48.83969756047757]]], ""type"": ""Polygon""}";75;75116;Paris 16e Arrondissement;6102;751166102;Auteuil 2;H;48.83885990311753, 2.264589273992136;IRIS____0000000751166102
"{""coordinates"": [[[2.26477508712834, 48.85585051579885], [2.266089165293541, 48.855544705895234], [2.265779002560887, 48.8551165061242], [2.265428551914775, 48.853969468067696], [2.265266695663362, 48.85365639566164], [2.264252326268591, 48.85214013226264], [2.265242753563979, 48.85139165226354], [2.265845993563717, 48.8503619855175], [2.264707574324919, 48.84991430579379], [2.264023049830794, 48.850522564663734], [2.263828973232032, 48.85075520554073], [2.263537578209002, 48.851220182480624], [2.263398787396548, 48.8516869974932], [2.263261716617855, 48.8517428134926], [2.26297232667504, 48.8516798744759], [2.26234209857242, 48.8517227576047], [2.262483114343872, 48.85273631039764], [2.262864499960759, 48.85361823747576], [2.263668750730886, 48.8548607114066], [2.264368830967435, 48.85556831777736], [2.26477508712834, 48.85585051579885]]], ""type"": ""Polygon""}";75;75116;Paris 16e Arrondissement;6122;751166122;Auteuil 22;H;48.85299600941211, 2.2642348491157067;IRIS____0000000751166122
"{""coordinates"": [[[2.290989841683732, 48.88537505104215], [2.292294981671087, 48.88617148787432], [2.293235148221276, 48.8855268234024], [2.293121436942136, 48.885464997444764], [2.293431532300591, 48.88542545847782], [2.293548049838734, 48.88528045400249], [2.294498693185075, 48.88446406828656], [2.29439705979349, 48.88441670399122], [2.296391833554372, 48.88292295723751], [2.295544291092836, 48.88126319517103], [2.295215767554543, 48.88155804269443], [2.293733238452664, 48.88288751807635], [2.292980414555692, 48.883598046272425], [2.29106166921609, 48.88510747487994], [2.290947884546867, 48.885251593847585], [2.290989841683732, 48.88537505104215]]], ""type"": ""Polygon""}";75;75117;Paris 17e Arrondissement;6512;751176512;Ternes 12;H;48.883886502946446, 2.2938087444166264;IRIS____0000000751176512
"{""coordinates"": [[[2.349464985893749, 48.88372492298443], [2.346909326916857, 48.88341423076614], [2.347201265819183, 48.88460113895447], [2.347668519384837, 48.88692575015482], [2.348012971212918, 48.888387232813415], [2.349238382988341, 48.88745410343138], [2.349339686127108, 48.887423177546594], [2.349571472218448, 48.887427134855926], [2.349517533212377, 48.88541324837127], [2.349515408276586, 48.885255854421864], [2.349464985893749, 48.88372492298443]]], ""type"": ""Polygon""}";75;75118;Paris 18e Arrondissement;7001;751187001;Clignancourt 1;H;48.885579676826445, 2.3484104936658854;IRIS____0000000751187001
"{""coordinates"": [[[2.340634393877524, 48.846971642199556], [2.338983319797129, 48.84392448829842], [2.33758382732685, 48.844254008281716], [2.33618640246817, 48.84431281525346], [2.332901946019859, 48.844356601446265], [2.332410427598088, 48.84485840210807], [2.332467319796465, 48.84488480108271], [2.332689731891833, 48.848692137436075], [2.335444971336735, 48.84924169233262], [2.337327563408002, 48.84929800154224], [2.337782915892257, 48.849282535565386], [2.338409626378566, 48.84918707327104], [2.338716479064962, 48.84906106076431], [2.339119028758465, 48.84880337038798], [2.340448017284769, 48.847270101734985], [2.340508193802032, 48.847037499247065], [2.340634393877524, 48.846971642199556]]], ""type"": ""Polygon""}";75;75106;Paris 6e Arrondissement;2205;751062205;Jardin du Luxembourg;D;48.84667950448285, 2.3363083185419518;IRIS____0000000751062205
"{""coordinates"": [[[2.269581644984088, 48.838773094955506], [2.269694594939013, 48.838782778339834], [2.269825710922084, 48.838857327414495], [2.26999462289835, 48.839054421807674], [2.270058583012988, 48.83925447302202], [2.27089645140567, 48.84013557212211], [2.271077754878386, 48.84022661429312], [2.271330494782831, 48.840275820848774], [2.271501046243499, 48.84025887218382], [2.271564269667202, 48.84021968481389], [2.271672753733497, 48.840159188053526], [2.271882525265871, 48.8401631632003], [2.271957501662176, 48.840062889832254], [2.272783856747753, 48.83972165793446], [2.27372622713859, 48.83975616315022], [2.274569014456409, 48.83940782371242], [2.274743899428386, 48.8393729092601], [2.275458797612983, 48.83940242399533], [2.27610136274536, 48.83914639560173], [2.276160706562346, 48.83909189297645], [2.276226207973513, 48.838692068344464], [2.275197558806427, 48.8377109188369], [2.276290583971738, 48.837391963537904], [2.277255703124276, 48.83715856539704], [2.278635890551241, 48.836860210299605], [2.278251504157705, 48.83608622802547], [2.274882508877436, 48.836852804955655], [2.274054978834914, 48.83708701915716], [2.271473418585961, 48.8379464151502], [2.269581644984088, 48.838773094955506]]], ""type"": ""Polygon""}";75;75115;Paris 15e Arrondissement;6021;751156021;Javel 21;A;48.83832232638021, 2.2737631997537324;IRIS____0000000751156021
"{""coordinates"": [[[2.331664464160617, 48.84841210989608], [2.328124944017282, 48.84739669324167], [2.327918332944669, 48.84809613470846], [2.331795739795058, 48.85230886266007], [2.331968526798255, 48.85222528796094], [2.331919393606271, 48.851380517433405], [2.332049034555354, 48.851366851517966], [2.331807007886084, 48.85026108877884], [2.331664464160617, 48.84841210989608]]], ""type"": ""Polygon""}";75;75106;Paris 6e Arrondissement;2311;751062311;Notre-Dame des Champs 11;H;48.84942905959199, 2.330342623504634;IRIS____0000000751062311
"{""coordinates"": [[[2.370287299693743, 48.87846365520372], [2.370290292159463, 48.87799062235578], [2.370575635491561, 48.87773401462413], [2.370388704563797, 48.87763230641181], [2.370066291358343, 48.87768457023517], [2.369906879654463, 48.877562321417145], [2.368540047514563, 48.876152159653735], [2.367496908969274, 48.875375023866184], [2.364940407814287, 48.87370491279751], [2.363568710929424, 48.874051066766434], [2.363464640293878, 48.87442283842665], [2.363623512586339, 48.87481039738383], [2.365125917128676, 48.87649383514614], [2.36616440868004, 48.877763800683944], [2.366345821086678, 48.877646049141816], [2.366737716049669, 48.87759865955089], [2.36759920298462, 48.87773001949651], [2.367851090617975, 48.87798406228178], [2.368101738693612, 48.87789095567439], [2.36814444009706, 48.87796762431362], [2.368293868815913, 48.87801337953029], [2.368474372210645, 48.87797026459623], [2.368509514906253, 48.877883214744344], [2.369360330211489, 48.8778832031354], [2.369452069884059, 48.8778513104154], [2.369527832316281, 48.87790027338701], [2.369884444537364, 48.87795161423268], [2.369869769376923, 48.878150289382525], [2.369927474565631, 48.87833945281441], [2.370086823436324, 48.87846709716587], [2.370287299693743, 48.87846365520372]]], ""type"": ""Polygon""}";75;75110;Paris 10e Arrondissement;4007;751104007;Hôpital Saint-Louis 7;H;48.87608250988757, 2.3665931514485212;IRIS____0000000751104007
"{""coordinates"": [[[2.402124399648174, 48.83718144537357], [2.402262573372123, 48.837131771636436], [2.39962789946511, 48.8358100033501], [2.398440315253286, 48.83671868918203], [2.396689824827094, 48.838231594390365], [2.396245705554503, 48.83869882046581], [2.395869603988531, 48.83917448252495], [2.395820481763189, 48.83929834628036], [2.396786887937495, 48.839144935932396], [2.402124399648174, 48.83718144537357]]], ""type"": ""Polygon""}";75;75112;Paris 12e Arrondissement;4606;751124606;Picpus 6;H;48.83751128429799, 2.3990300144029826;IRIS____0000000751124606
"{""coordinates"": [[[2.393471824398542, 48.836935527416586], [2.394375562304404, 48.83783407324897], [2.396245705554503, 48.83869882046581], [2.396689824827094, 48.838231594390365], [2.398440315253286, 48.83671868918203], [2.397087820161141, 48.83562634775133], [2.393175681745038, 48.83662734246849], [2.393471824398542, 48.836935527416586]]], ""type"": ""Polygon""}";75;75112;Paris 12e Arrondissement;4609;751124609;Picpus 9;H;48.83703736972298, 2.395938237455285;IRIS____0000000751124609
"{""coordinates"": [[[2.37894965176909, 48.84644459717674], [2.379353801839459, 48.846491662319345], [2.381735242846989, 48.846763007526114], [2.383781818978646, 48.84700649951057], [2.383371114568672, 48.84486391387809], [2.382949239234958, 48.84481856948429], [2.381649777473593, 48.84431901172487], [2.377753407608502, 48.84620185045067], [2.377479991029247, 48.846275974072924], [2.37894965176909, 48.84644459717674]]], ""type"": ""Polygon""}";75;75112;Paris 12e Arrondissement;4801;751124801;Quinze-Vingts 1;H;48.84579027147606, 2.3813500643010217;IRIS____0000000751124801
"{""coordinates"": [[[2.358512373800332, 48.822204901562465], [2.359505194420751, 48.81899764003965], [2.358445880310158, 48.81908549664871], [2.35772149139755, 48.819292962272954], [2.357225081678092, 48.8195673040214], [2.356272322211855, 48.820289777244184], [2.356486826628531, 48.822111275455526], [2.358512373800332, 48.822204901562465]]], ""type"": ""Polygon""}";75;75113;Paris 13e Arrondissement;5107;751135107;Maison Blanche 7;H;48.82065120440696, 2.357812800119749;IRIS____0000000751135107
"{""coordinates"": [[[2.344586816272369, 48.819398866537306], [2.34412923088539, 48.817772072680455], [2.343902504744145, 48.81576700128829], [2.343013285918382, 48.81608499757647], [2.341683722695742, 48.81633041153942], [2.337275148209404, 48.816557884730955], [2.333711090278114, 48.81677101755972], [2.331898060637624, 48.817010929633305], [2.332461042459754, 48.81824713007446], [2.329296396286016, 48.81895072634918], [2.329666246403047, 48.81931525188769], [2.329590511485611, 48.819379582882725], [2.329535201696916, 48.81955015557139], [2.329676222897364, 48.8201283500342], [2.329907115232437, 48.82102632830822], [2.330366344273001, 48.82217471282096], [2.340707234627335, 48.81988658862134], [2.341410067315188, 48.81977444151638], [2.344586816272369, 48.819398866537306]]], ""type"": ""Polygon""}";75;75114;Paris 14e Arrondissement;5401;751145401;Parc de Montsouris 1;H;48.81879159423876, 2.3368133589884916;IRIS____0000000751145401
"{""coordinates"": [[[2.303141823521401, 48.87915015041041], [2.300837245802401, 48.8786582655758], [2.300834264679148, 48.87877875948045], [2.298870024360766, 48.880051526069835], [2.299652387819338, 48.88048059251963], [2.298558551115799, 48.88130967237339], [2.300550624107416, 48.881725129131546], [2.300705544724492, 48.88156145567126], [2.302196663476955, 48.8800835531007], [2.303141823521401, 48.87915015041041]]], ""type"": ""Polygon""}";75;75117;Paris 17e Arrondissement;6606;751176606;Plaine Monceau 6;H;48.88013437120798, 2.3007513584577652;IRIS____0000000751176606
"{""coordinates"": [[[2.327164725373034, 48.88345508676888], [2.327423135703934, 48.883507800603795], [2.327547689061339, 48.88336640582736], [2.328262701850954, 48.881744426783165], [2.329348897696476, 48.879354690887936], [2.330352282848558, 48.87777747737515], [2.330945020229402, 48.87653341186706], [2.326964471590538, 48.87784751300613], [2.327009342363597, 48.87965093305815], [2.327164725373034, 48.88345508676888]]], ""type"": ""Polygon""}";75;75109;Paris 9e Arrondissement;3305;751093305;Saint-Georges 5;H;48.87941935283376, 2.3283424757070255;IRIS____0000000751093305
"{""coordinates"": [[[2.382570821152097, 48.86157782439884], [2.381123531616011, 48.861095494711364], [2.379307603204893, 48.86307004344441], [2.378006637977999, 48.86460206485266], [2.381131044124968, 48.86402019925386], [2.381199356234151, 48.864007062341095], [2.381176964404017, 48.863941294557385], [2.382570821152097, 48.86157782439884]]], ""type"": ""Polygon""}";75;75111;Paris 11e Arrondissement;4203;751114203;Saint-Ambroise 3;H;48.86292079216711, 2.380551279350351;IRIS____0000000751114203
"{""coordinates"": [[[2.382053239328937, 48.86016677870216], [2.381123531616011, 48.861095494711364], [2.382570821152097, 48.86157782439884], [2.38413512046826, 48.86208052400511], [2.385213475632737, 48.86229741425865], [2.385960779441364, 48.86250000578943], [2.386575118932972, 48.86137717796015], [2.385823782355374, 48.86117097191572], [2.382053239328937, 48.86016677870216]]], ""type"": ""Polygon""}";75;75111;Paris 11e Arrondissement;4320;751114320;Roquette 20;H;48.86132243203961, 2.383940010802865;IRIS____0000000751114320
"{""coordinates"": [[[2.352733308504167, 48.82812673259062], [2.352358308678247, 48.82804915499158], [2.349412718127939, 48.827656329289496], [2.351088190277999, 48.82907924815571], [2.352371556596598, 48.830053030570845], [2.352592803347363, 48.83044635478153], [2.354457189508793, 48.83103922537587], [2.354510310561758, 48.830929788748875], [2.354849214773231, 48.830733755583154], [2.352733308504167, 48.82812673259062]]], ""type"": ""Polygon""}";75;75113;Paris 13e Arrondissement;5123;751135123;Maison Blanche 23;H;48.829227424535, 2.3524221037919566;IRIS____0000000751135123
"{""coordinates"": [[[2.298538900346322, 48.84369147899663], [2.295773986133571, 48.84360508412936], [2.296451771076443, 48.84426920737797], [2.296902032493154, 48.844628902946766], [2.29766787153482, 48.84523237913688], [2.298702024731089, 48.84594804503906], [2.301573793863481, 48.84793355226076], [2.302067245330966, 48.84537864044642], [2.302565484557094, 48.84286961665836], [2.302678019934995, 48.842605858739105], [2.302452505238275, 48.842759235144406], [2.298538900346322, 48.84369147899663]]], ""type"": ""Polygon""}";75;75115;Paris 15e Arrondissement;5810;751155810;Necker 10;H;48.844911843917195, 2.2999948942138495;IRIS____0000000751155810
"{""coordinates"": [[[2.281133964683096, 48.87819712434835], [2.279949332567544, 48.87857312397344], [2.279959643017463, 48.878616354327534], [2.280668770180328, 48.88176830399662], [2.280897352279332, 48.8827922236949], [2.281108010153241, 48.88304080639861], [2.284538198303594, 48.885574096660555], [2.284459571754662, 48.885639278193224], [2.285641616380019, 48.88655466355169], [2.287114077093995, 48.8872784091866], [2.288688176989797, 48.88805220308612], [2.290529215249999, 48.88895616173625], [2.291147763745907, 48.88930157076667], [2.291779590675396, 48.88947348424853], [2.291740765329334, 48.88942019411557], [2.292562571291224, 48.88785571982666], [2.291828267986531, 48.8874988410499], [2.29046910854387, 48.88666161017284], [2.290284612633047, 48.88659036876717], [2.29005714637053, 48.886570134263906], [2.289836496072265, 48.88645011379889], [2.289095301907298, 48.88600144470107], [2.288696086238142, 48.885576386899956], [2.286247052525839, 48.8840716149476], [2.284127453291696, 48.88271715081406], [2.28390113091185, 48.88221846406618], [2.283345101047087, 48.88189767094784], [2.283997629386336, 48.88115062830081], [2.284302812521025, 48.88087185964618], [2.284089304891198, 48.88083011286714], [2.283892053719351, 48.88059780322616], [2.28180323667103, 48.879003352861766], [2.281204077406524, 48.87835313126182], [2.281133964683096, 48.87819712434835]]], ""type"": ""Polygon""}";75;75117;Paris 17e Arrondissement;6505;751176505;Ternes 5;H;48.88417426942031, 2.285332402444633;IRIS____0000000751176505
"{""coordinates"": [[[2.37566620790366, 48.88279422017029], [2.378703133373125, 48.88449535668217], [2.37902310291788, 48.884650801372565], [2.37966810262834, 48.884880775007815], [2.381701791751513, 48.882544951861895], [2.380341910539156, 48.88257569300011], [2.37566620790366, 48.88279422017029]]], ""type"": ""Polygon""}";75;75119;Paris 19e Arrondissement;7614;751197614;Combat 14;H;48.883422251225035, 2.3789816176659806;IRIS____0000000751197614
"{""coordinates"": [[[2.295542880656993, 48.87330312959988], [2.29620959727898, 48.87249404502659], [2.297501223263732, 48.870938572106695], [2.29617100050129, 48.86980117970457], [2.295736813039051, 48.86954770822174], [2.295124259748336, 48.873207133542124], [2.295542880656993, 48.87330312959988]]], ""type"": ""Polygon""}";75;75116;Paris 16e Arrondissement;6411;751166411;Chaillot 11;A;48.871380349816135, 2.296118003770666;IRIS____0000000751166411
"{""coordinates"": [[[2.351870772035156, 48.83680458562331], [2.349069026043048, 48.83707267227053], [2.34900177774623, 48.83711187845116], [2.349814478843176, 48.838803510212266], [2.350010715856558, 48.839237171528865], [2.349940538812956, 48.83929255083496], [2.34980492576018, 48.83967854082886], [2.349763831372898, 48.84024221920564], [2.349641713322218, 48.840856720571345], [2.349632899644473, 48.84145385027221], [2.350016760939392, 48.84148381686538], [2.350071600830936, 48.84134741155246], [2.350746920560862, 48.841168507856246], [2.350714551344258, 48.84103252823299], [2.351880439414871, 48.84084818550789], [2.351573695892749, 48.84020527650553], [2.350812482921404, 48.83885839577883], [2.350696015187118, 48.83847373444637], [2.351870772035156, 48.83680458562331]]], ""type"": ""Polygon""}";75;75105;Paris 5e Arrondissement;1803;751051803;Jardin des Plantes 3;H;48.839016189598865, 2.3504493955921557;IRIS____0000000751051803
"{""coordinates"": [[[2.342046610267817, 48.82210914088646], [2.34173011598054, 48.82268839831459], [2.341488633272006, 48.82358285035315], [2.341542263379834, 48.824621028276304], [2.341785214650722, 48.826415723872294], [2.344559626359092, 48.82405390815901], [2.344062426888319, 48.82275787544741], [2.343959231177429, 48.822624201213], [2.343635874990009, 48.8227762206331], [2.342046610267817, 48.82210914088646]]], ""type"": ""Polygon""}";75;75113;Paris 13e Arrondissement;5116;751135116;Maison Blanche 16;H;48.824016043797705, 2.3427499831150986;IRIS____0000000751135116
"{""coordinates"": [[[2.316841348596852, 48.83475154759734], [2.317785334755146, 48.83528216871992], [2.318915514938742, 48.834389237610665], [2.320317441110988, 48.83511581048149], [2.321777658252051, 48.83440190376904], [2.322071063810083, 48.8342587682316], [2.321567820456864, 48.83377654938081], [2.321068634424758, 48.83319272203582], [2.320548400233449, 48.83244778479361], [2.316841348596852, 48.83475154759734]]], ""type"": ""Polygon""}";75;75114;Paris 14e Arrondissement;5619;751145619;Plaisance 19;H;48.83403956520408, 2.3197270086690525;IRIS____0000000751145619
"{""coordinates"": [[[2.326846459419326, 48.8833912438694], [2.324273217775089, 48.88287042423978], [2.320493681357567, 48.88210618368964], [2.319257783067969, 48.8832898797878], [2.321179805878397, 48.8837621501122], [2.322424197643719, 48.88401921326011], [2.323512376444969, 48.8842304142431], [2.324081048275772, 48.88433345177924], [2.324776146911893, 48.884782542756916], [2.325323873449662, 48.8851345707438], [2.326783278406845, 48.88363730550308], [2.326846459419326, 48.8833912438694]]], ""type"": ""Polygon""}";75;75117;Paris 17e Arrondissement;6702;751176702;Batignolles 2;H;48.88345072460879, 2.3232092344095014;IRIS____0000000751176702
"{""coordinates"": [[[2.34434112397427, 48.89807356585633], [2.344721432446994, 48.89766016231766], [2.344672461855145, 48.89754118432913], [2.346125982198739, 48.8958440202739], [2.343406649874401, 48.89581205464753], [2.341355864305613, 48.89576392100421], [2.34229468805647, 48.897242166172525], [2.342752709025277, 48.898020792630405], [2.344147548723893, 48.89806441207042], [2.34434112397427, 48.89807356585633]]], ""type"": ""Polygon""}";75;75118;Paris 18e Arrondissement;7025;751187025;Clignancourt 25;H;48.89674020772519, 2.3436541466141625;IRIS____0000000751187025
"{""coordinates"": [[[2.371344110693875, 48.89573803974827], [2.371791555807094, 48.89539325117097], [2.370457176828816, 48.89452739500733], [2.370035221900147, 48.894005369771655], [2.369541154621306, 48.89290649917105], [2.368127524696543, 48.889701061344496], [2.364715644387823, 48.889897047219236], [2.363095091927302, 48.88992621007417], [2.363528881894562, 48.893153484021], [2.36357119335832, 48.89326252665215], [2.365977709304824, 48.89433199271943], [2.36649673341854, 48.89449571763391], [2.371057747098439, 48.895619624866974], [2.371344110693875, 48.89573803974827]]], ""type"": ""Polygon""}";75;75118;Paris 18e Arrondissement;7207;751187207;Chapelle 7;H;48.89241901823545, 2.36679070086785;IRIS____0000000751187207
"{""coordinates"": [[[2.302598242105828, 48.87137668038139], [2.302317878867886, 48.871442497344425], [2.304109999984468, 48.87240983107116], [2.308863143921958, 48.87093366811186], [2.311971204590482, 48.86992362405012], [2.31030550472077, 48.86908214370909], [2.310074320765618, 48.8691419668069], [2.309888782873916, 48.869049163985785], [2.309195995284706, 48.86927360119911], [2.302598242105828, 48.87137668038139]]], ""type"": ""Polygon""}";75;75108;Paris 8e Arrondissement;3003;751083003;Faubourg du Roule 3;A;48.8706995597116, 2.3071448348155608;IRIS____0000000751083003
"{""coordinates"": [[[2.339130016712214, 48.861476222399816], [2.340845071494255, 48.86091189676878], [2.339860690568445, 48.85899625215788], [2.336388456215045, 48.8593709629332], [2.334768505532421, 48.859745991287824], [2.333352924835915, 48.860125733776655], [2.330694738835292, 48.86067838621491], [2.330141936118199, 48.860844370971236], [2.330081294199133, 48.861002317074], [2.331489536803284, 48.86300404823298], [2.331967861218245, 48.86365155142647], [2.332106845826641, 48.863762047513646], [2.339130016712214, 48.861476222399816]]], ""type"": ""Polygon""}";75;75101;Paris 1er Arrondissement;0104;751010104;Saint-Germain l'Auxerrois 4;A;48.86114837132678, 2.3353374626590875;IRIS____0000000751010104
"{""coordinates"": [[[2.343050733348993, 48.87148502459552], [2.346736617803734, 48.87087565960235], [2.345852416994523, 48.869200754679895], [2.344595184850581, 48.86955001622307], [2.342794933935584, 48.86993225785883], [2.342631945605392, 48.87020835989357], [2.343050733348993, 48.87148502459552]]], ""type"": ""Polygon""}";75;75102;Paris 2e Arrondissement;0704;751020704;Mail 4;A;48.87040183463324, 2.344609488104904;IRIS____0000000751020704
"{""coordinates"": [[[2.326713242090503, 48.87312817186225], [2.32646984849174, 48.87276167041418], [2.326608386325244, 48.872696798001236], [2.326613754960452, 48.872597900740296], [2.325888016639641, 48.869576523696324], [2.325166186173741, 48.86941686977054], [2.324272496149329, 48.8692643354171], [2.323927206456595, 48.86929386259368], [2.323732364096601, 48.86939079032736], [2.323464947465683, 48.86982725932393], [2.320818321807196, 48.873524754214856], [2.326713242090503, 48.87312817186225]]], ""type"": ""Polygon""}";75;75108;Paris 8e Arrondissement;3106;751083106;Madeleine 6;A;48.87166253907342, 2.324181696729644;IRIS____0000000751083106
"{""coordinates"": [[[2.351242871583771, 48.88385867731402], [2.355830240363881, 48.88418382234298], [2.35559859583435, 48.884059367811524], [2.354331706681674, 48.881864473713904], [2.354224971422981, 48.881784756959064], [2.354015059535257, 48.88177822854084], [2.351177172606257, 48.88212711145739], [2.351127302001508, 48.882189794313625], [2.351242871583771, 48.88385867731402]]], ""type"": ""Polygon""}";75;75110;Paris 10e Arrondissement;3711;751103711;Saint-Vincent de Paul 11;A;48.883026257817164, 2.3532006014575315;IRIS____0000000751103711
"{""coordinates"": [[[2.356039827496007, 48.849370500834766], [2.355971521517203, 48.84927390200607], [2.355339542637769, 48.84880643027407], [2.353105939214732, 48.84738687911612], [2.352834413540317, 48.847415089495506], [2.352574145454497, 48.84752430244543], [2.350519228279287, 48.84806896823668], [2.350468138947337, 48.84812265237636], [2.348520001074306, 48.8486246942536], [2.34906156786516, 48.8498885410515], [2.348992277508322, 48.84998079781026], [2.35037412586041, 48.84965194918175], [2.356039827496007, 48.849370500834766]]], ""type"": ""Polygon""}";75;75105;Paris 5e Arrondissement;1704;751051704;Saint-Victor 4;H;48.848769931674795, 2.3520335997993;IRIS____0000000751051704
"{""coordinates"": [[[2.346909326916857, 48.88341423076614], [2.349464985893749, 48.88372492298443], [2.349600316361947, 48.883480141287656], [2.349835975240238, 48.88109729612057], [2.34659694089027, 48.88201047016754], [2.346895040745081, 48.883139857199225], [2.346909326916857, 48.88341423076614]]], ""type"": ""Polygon""}";75;75109;Paris 9e Arrondissement;3610;751093610;Rochechouart 10;H;48.882512565281, 2.3483780560421503;IRIS____0000000751093610
"{""coordinates"": [[[2.396799708049057, 48.83462300313173], [2.395987890270697, 48.8349633630322], [2.394201918089931, 48.835894166683545], [2.393034816026528, 48.83643956010532], [2.393175681745038, 48.83662734246849], [2.397087820161141, 48.83562634775133], [2.398440315253286, 48.83671868918203], [2.39962789946511, 48.8358100033501], [2.398593444532919, 48.8350187624062], [2.397716294054253, 48.8341752414597], [2.396799708049057, 48.83462300313173]]], ""type"": ""Polygon""}";75;75112;Paris 12e Arrondissement;4605;751124605;Picpus 5;H;48.83553871018598, 2.3969702399737023;IRIS____0000000751124605
"{""coordinates"": [[[2.374365376483435, 48.83103080268054], [2.371565400307206, 48.82960591006374], [2.367661409860491, 48.832177318157015], [2.369696702132229, 48.83330147992997], [2.370375900417239, 48.83357666644993], [2.371044176599122, 48.832838203623744], [2.371031807229639, 48.83262139072414], [2.374365376483435, 48.83103080268054]]], ""type"": ""Polygon""}";75;75113;Paris 13e Arrondissement;5020;751135020;Gare 20;H;48.83153990164185, 2.3709006193224953;IRIS____0000000751135020
"{""coordinates"": [[[2.30154349045158, 48.88659272335892], [2.303118845465809, 48.88535093187863], [2.303496349557963, 48.88526679259049], [2.303503110507873, 48.88506718007559], [2.304939286273978, 48.88392707774566], [2.303003869007504, 48.882835725969414], [2.298381988502345, 48.88479985576731], [2.297907969054281, 48.884860929732525], [2.297878799587306, 48.88510267935163], [2.298767312167128, 48.88555305630108], [2.299667438303912, 48.885952232368304], [2.300394691313012, 48.88622718297392], [2.30154349045158, 48.88659272335892]]], ""type"": ""Polygon""}";75;75117;Paris 17e Arrondissement;6609;751176609;Plaine Monceau 9;H;48.88472355133126, 2.30156911149793;IRIS____0000000751176609
"{""coordinates"": [[[2.354396114240612, 48.8728193186646], [2.354107629153282, 48.87288521271323], [2.352029320501816, 48.87358715513899], [2.351563142024459, 48.87368895386577], [2.350506276296961, 48.873818124712905], [2.351408855459954, 48.87710109798889], [2.355675430595575, 48.87652698007375], [2.355960586568175, 48.876180472001515], [2.356200455489989, 48.875967720544175], [2.35604784271356, 48.87584998612053], [2.356247439355908, 48.87569637399853], [2.354396114240612, 48.8728193186646]]], ""type"": ""Polygon""}";75;75110;Paris 10e Arrondissement;3806;751103806;Porte Saint-Denis 6;H;48.87509948138698, 2.353300707251709;IRIS____0000000751103806
"{""coordinates"": [[[2.394345091773725, 48.856519817242365], [2.396012785487526, 48.85433113890084], [2.393207640646957, 48.85366042139388], [2.392700281911386, 48.853576006568716], [2.388617320008402, 48.852752093990674], [2.388440270056142, 48.852858211961504], [2.388008418629598, 48.85377244217844], [2.390858110556406, 48.85435807040085], [2.390262152072816, 48.85532273472037], [2.390163702926788, 48.85558304412921], [2.391329663195242, 48.8557580581682], [2.392171771409601, 48.85588914681579], [2.394345091773725, 48.856519817242365]]], ""type"": ""Polygon""}";75;75111;Paris 11e Arrondissement;4411;751114411;Sainte-Marguerite 11;H;48.854573185666595, 2.3922563562623482;IRIS____0000000751114411
"{""coordinates"": [[[2.371565400307206, 48.82960591006374], [2.374365376483435, 48.83103080268054], [2.374715772819213, 48.830779012814], [2.375233462038177, 48.83020792011647], [2.375398241194171, 48.829984837555756], [2.375290707024127, 48.82997798031587], [2.375391910848665, 48.82983101213013], [2.372929070063349, 48.828466369191304], [2.371385789304215, 48.827668618362395], [2.369904262246926, 48.828640238442304], [2.371565400307206, 48.82960591006374]]], ""type"": ""Polygon""}";75;75113;Paris 13e Arrondissement;5019;751135019;Gare 19;H;48.82932434518767, 2.3727736926177725;IRIS____0000000751135019
"{""coordinates"": [[[2.295944920540705, 48.84709023315178], [2.295993680015029, 48.847011376019836], [2.298702024731089, 48.84594804503906], [2.29766787153482, 48.84523237913688], [2.296902032493154, 48.844628902946766], [2.296221693681495, 48.844960366142644], [2.29463947967619, 48.84557880527211], [2.295944920540705, 48.84709023315178]]], ""type"": ""Polygon""}";75;75115;Paris 15e Arrondissement;5902;751155902;Grenelle 2;H;48.84583227390934, 2.29656629206268;IRIS____0000000751155902
"{""coordinates"": [[[2.293410148801553, 48.84800703088014], [2.295637500803242, 48.847150479776275], [2.295757212284712, 48.8470648455306], [2.292421147026032, 48.84687877901845], [2.288910770129512, 48.84668618719016], [2.290168353797952, 48.848099362281886], [2.290919177827438, 48.849003178252694], [2.293410148801553, 48.84800703088014]]], ""type"": ""Polygon""}";75;75115;Paris 15e Arrondissement;5905;751155905;Grenelle 5;H;48.8475817428021, 2.2918908333477557;IRIS____0000000751155905
"{""coordinates"": [[[2.329973073724776, 48.87026497450746], [2.327999372502886, 48.869921153098], [2.325888016639641, 48.869576523696324], [2.326613754960452, 48.872597900740296], [2.326608386325244, 48.872696798001236], [2.32646984849174, 48.87276167041418], [2.326713242090503, 48.87312817186225], [2.327025197965383, 48.873781048188626], [2.33114155587778, 48.87322674382388], [2.331069994052096, 48.87285401725], [2.329917977234682, 48.870414856210886], [2.329973073724776, 48.87026497450746]]], ""type"": ""Polygon""}";75;75109;Paris 9e Arrondissement;3403;751093403;Chaussée d'Antin 3;A;48.87175867867706, 2.328360277601192;IRIS____0000000751093403
"{""coordinates"": [[[2.362323078973102, 48.878909834952786], [2.36191121753853, 48.87835994702114], [2.360559204081269, 48.876091808279334], [2.360376317433804, 48.87588488359033], [2.360302051376702, 48.87582602999005], [2.359522045044485, 48.875946866779564], [2.35786625420636, 48.87621499144379], [2.357505607809469, 48.87627151310601], [2.357554364827759, 48.8765190917908], [2.358313221212522, 48.8778946460504], [2.358571144921019, 48.87876208588758], [2.358720123582632, 48.87961904826235], [2.35867105205127, 48.87972850387455], [2.362022701538581, 48.88061246762994], [2.362271468765044, 48.880006744642465], [2.362369694194268, 48.87922305076512], [2.362323078973102, 48.878909834952786]]], ""type"": ""Polygon""}";75;75110;Paris 10e Arrondissement;3710;751103710;Saint-Vincent de Paul 10;A;48.87817726461972, 2.3600699484401635;IRIS____0000000751103710
"{""coordinates"": [[[2.373812582082283, 48.85187420791966], [2.371718734832672, 48.85248738246926], [2.370255132996807, 48.85327111850522], [2.371333196014023, 48.8542831620882], [2.372740165014653, 48.85480857207771], [2.372899808767227, 48.85456658412348], [2.375085839006644, 48.85320471134979], [2.374702208524999, 48.85303362899323], [2.37457801211835, 48.8529349505175], [2.373812582082283, 48.85187420791966]]], ""type"": ""Polygon""}";75;75111;Paris 11e Arrondissement;4311;751114311;Roquette 11;H;48.8533143330722, 2.372679057748682;IRIS____0000000751114311
"{""coordinates"": [[[2.321205803228831, 48.891706068597536], [2.322337380101312, 48.89194810095505], [2.323019514383693, 48.89172263136733], [2.321244570955876, 48.889987675936375], [2.32075138630636, 48.89026187198445], [2.319059527615839, 48.891255911226374], [2.321205803228831, 48.891706068597536]]], ""type"": ""Polygon""}";75;75117;Paris 17e Arrondissement;6805;751176805;Épinettes 5;H;48.8910949567376, 2.3211661580402683;IRIS____0000000751176805
"{""coordinates"": [[[2.403654858139889, 48.881676946370305], [2.40457585141299, 48.88126873960683], [2.408440118802962, 48.8804362337036], [2.409359835767223, 48.880255513376156], [2.410820319151064, 48.87843617580173], [2.40793407929123, 48.877572070594084], [2.408206593470386, 48.877827928172465], [2.408574564198052, 48.87796284730583], [2.408190687759291, 48.87850774198484], [2.40797320239622, 48.87868833096696], [2.407707695095333, 48.87913488303796], [2.406994574426885, 48.87973390233579], [2.40648788385428, 48.88004525669621], [2.405883499666547, 48.88031385571057], [2.405270232449559, 48.880523951261196], [2.40325926098218, 48.881095809007846], [2.4026566859311, 48.88132303161781], [2.402113645317621, 48.88159011886114], [2.401714367924265, 48.88109349460179], [2.401489675246744, 48.880474533833414], [2.401444652202698, 48.880120873048064], [2.401499730199983, 48.87971824956603], [2.401707399295686, 48.87920756987349], [2.401788647826085, 48.87913782827969], [2.401926880752494, 48.878736519080555], [2.401848504399149, 48.87867497314944], [2.401615730880795, 48.87864143404563], [2.401603790242936, 48.87873130723793], [2.40122007436059, 48.87913678448017], [2.401245462701772, 48.87918187788183], [2.400031219602414, 48.88066418643625], [2.39995701781123, 48.880831988747936], [2.399967782553681, 48.881081156295444], [2.400481843308716, 48.88167368991541], [2.400552152531873, 48.88184401465294], [2.400512408229371, 48.882098324957475], [2.400398798533832, 48.88225423875774], [2.400065070690988, 48.8824603112013], [2.399635276158721, 48.88260114954657], [2.398317301819056, 48.88278249234407], [2.397770277524385, 48.88291913749005], [2.397215485366279, 48.883255391286255], [2.396969650013668, 48.88364176252595], [2.396601736585706, 48.88479554110905], [2.396276801602114, 48.88682817265712], [2.396158421004613, 48.88704071513651], [2.395844689030623, 48.88822264022846], [2.396003226159205, 48.88878101920572], [2.395790439826638, 48.88948950972452], [2.398772315958186, 48.89026084701179], [2.398941654577955, 48.889532348753995], [2.399135941386647, 48.888532380103804], [2.399251617609397, 48.88536195037682], [2.399893615779398, 48.88420414266108], [2.400106665255306, 48.88382119874125], [2.401507160545184, 48.88263120604081], [2.403654858139889, 48.881676946370305]]], ""type"": ""Polygon""}";75;75119;Paris 19e Arrondissement;7519;751197519;Amérique 19;H;48.88390383186068, 2.4008582140682675;IRIS____0000000751197519
"{""coordinates"": [[[2.383085559974287, 48.87347604226992], [2.384835909396155, 48.87372517256792], [2.385385602057697, 48.873934843071225], [2.388088038626023, 48.873800298028264], [2.389478824041325, 48.872857702593635], [2.38931565338573, 48.872820896866486], [2.388343026225912, 48.87240403544606], [2.387840935260281, 48.87232052859134], [2.387312416497505, 48.872165836858194], [2.386045711571463, 48.871601758347815], [2.38603216816495, 48.87147847985435], [2.385707538321824, 48.87149210299872], [2.384934452232139, 48.871961183691404], [2.383085559974287, 48.87347604226992]]], ""type"": ""Polygon""}";75;75120;Paris 20e Arrondissement;7711;751207711;Belleville 11;H;48.87291464766355, 2.3862569259256627;IRIS____0000000751207711
"{""coordinates"": [[[2.292191836480192, 48.82714158492682], [2.289407656009721, 48.82833384157577], [2.28468371260374, 48.830306799902004], [2.282670920956136, 48.831152751898394], [2.280391323890181, 48.83197907722494], [2.280773971177616, 48.83208930424618], [2.283656714714783, 48.83406364890663], [2.28399176199377, 48.83436784539568], [2.286596568061979, 48.83337431037775], [2.287659664228569, 48.83284102077162], [2.28825427640857, 48.83259453397144], [2.288705116119979, 48.83240115186268], [2.289418008309464, 48.83217155139712], [2.292293004228809, 48.83092767088427], [2.292300534702637, 48.82806499249756], [2.292413395204925, 48.82777875804621], [2.292217456807131, 48.82766247790418], [2.292143995788717, 48.82755501684798], [2.292161127580686, 48.82739682727996], [2.292259690050741, 48.82726070475998], [2.292191836480192, 48.82714158492682]]], ""type"": ""Polygon""}";75;75115;Paris 15e Arrondissement;5732;751155732;Saint-Lambert 32;A;48.831021357772826, 2.287260703130421;IRIS____0000000751155732
"{""coordinates"": [[[2.346788831496143, 48.856710348238984], [2.347114738902888, 48.85724094544617], [2.347329473251235, 48.85718096097124], [2.348925891243126, 48.85671210207063], [2.351172606954423, 48.855897801195695], [2.351976531089452, 48.85558468636004], [2.352057909980124, 48.855506883418265], [2.35260331445759, 48.855267909766], [2.352389817334616, 48.85457155498758], [2.350941215622133, 48.85532635708737], [2.34935244395922, 48.85595177195856], [2.346788831496143, 48.856710348238984]]], ""type"": ""Polygon""}";75;75104;Paris 4e Arrondissement;1399;751041399;Seine et Berges 1;D;48.856016395182934, 2.349831565359227;IRIS____0000000751041399
"{""coordinates"": [[[2.349933698541125, 48.852076019570276], [2.351597982626872, 48.8516146873884], [2.354597116127077, 48.850986064894464], [2.358614111953559, 48.849697304645474], [2.361057893168452, 48.84855560653459], [2.362491745042108, 48.84764231366469], [2.362366660315122, 48.847619163143634], [2.360987538112927, 48.846847350804296], [2.35771717562445, 48.84905394993582], [2.357464664102291, 48.84919739054551], [2.356790270839716, 48.84940511570138], [2.350870532181007, 48.85126359179247], [2.349565391348728, 48.851776331411365], [2.349827843926795, 48.85204036956527], [2.349933698541125, 48.852076019570276]]], ""type"": ""Polygon""}";75;75105;Paris 5e Arrondissement;1799;751051799;Seine et Berges 1;D;48.849505555078466, 2.357023223433762;IRIS____0000000751051799
"{""coordinates"": [[[2.402262573372123, 48.837131771636436], [2.402910572654273, 48.83622485299264], [2.404451000840054, 48.834235945170306], [2.402175894369019, 48.833404374494116], [2.40151186135711, 48.83392988040068], [2.39962789946511, 48.8358100033501], [2.402262573372123, 48.837131771636436]]], ""type"": ""Polygon""}";75;75112;Paris 12e Arrondissement;4601;751124601;Picpus 1;H;48.83518960776936, 2.402081059032992;IRIS____0000000751124601
"{""coordinates"": [[[2.376489672645889, 48.828480488679475], [2.378082532433298, 48.82912733605644], [2.381740916427732, 48.8306635414205], [2.383836638696328, 48.82900062938211], [2.384636513556204, 48.82828615047883], [2.385764151156596, 48.827382682973564], [2.383986846320186, 48.826548817089744], [2.381858478088978, 48.82580394647653], [2.381101561877695, 48.82622723389387], [2.380878640036189, 48.82630252672295], [2.378820057453803, 48.82850790483668], [2.376964434064137, 48.82773648428232], [2.376489672645889, 48.828480488679475]]], ""type"": ""Polygon""}";75;75113;Paris 13e Arrondissement;5016;751135016;Gare 16;H;48.82820022954949, 2.381547636032478;IRIS____0000000751135016
"{""coordinates"": [[[2.267365768701056, 48.8637186919223], [2.267568093769202, 48.86348340024559], [2.26784895287961, 48.863285462183676], [2.268540967654812, 48.86312331321923], [2.268177267375315, 48.862717279619346], [2.267771250907375, 48.862024990919146], [2.268210699006369, 48.859755006156945], [2.267628031717616, 48.858638037088326], [2.266497938181906, 48.85700417550338], [2.266191477152929, 48.85698970554008], [2.265805059403078, 48.857039498117274], [2.264671959215745, 48.8573635048039], [2.263008187497581, 48.85781643939175], [2.265096429427575, 48.861090352754], [2.26519563044399, 48.861498370190375], [2.265137260520648, 48.862061008415644], [2.265182668633359, 48.86222407055538], [2.265509503523281, 48.86263258541527], [2.267365768701056, 48.8637186919223]]], ""type"": ""Polygon""}";75;75116;Paris 16e Arrondissement;6207;751166207;Muette 7;H;48.86001881015645, 2.2661117645105118;IRIS____0000000751166207
"{""coordinates"": [[[2.356790270839716, 48.84940511570138], [2.356039827496007, 48.849370500834766], [2.35037412586041, 48.84965194918175], [2.348992277508322, 48.84998079781026], [2.348664053922537, 48.85040080974088], [2.34883470611569, 48.85048537876987], [2.349565391348728, 48.851776331411365], [2.350870532181007, 48.85126359179247], [2.356790270839716, 48.84940511570138]]], ""type"": ""Polygon""}";75;75105;Paris 5e Arrondissement;1705;751051705;Saint-Victor 5;H;48.85028551889859, 2.3517434846795777;IRIS____0000000751051705
"{""coordinates"": [[[2.323516200569286, 48.85170923333956], [2.323846304121677, 48.85399636514559], [2.323906109274668, 48.85421884398434], [2.324259991812644, 48.85467501757694], [2.324885437425606, 48.85531529141855], [2.325593610370405, 48.855883180122106], [2.325711067472614, 48.855758831804955], [2.326669609860954, 48.85245729881231], [2.326768856571145, 48.85173747212977], [2.323516200569286, 48.85170923333956]]], ""type"": ""Polygon""}";75;75107;Paris 7e Arrondissement;2502;751072502;Saint-Thomas d'Aquin 2;H;48.85333347481164, 2.325125391558352;IRIS____0000000751072502
"{""coordinates"": [[[2.300911619863719, 48.851176381130784], [2.299300737605958, 48.8521940275825], [2.295381342134141, 48.85470720373928], [2.291053303527222, 48.85747504370887], [2.291635918576814, 48.85792997080845], [2.293559723463235, 48.856675949124245], [2.294072896899644, 48.85702612928534], [2.301984924088163, 48.85193181446314], [2.300911619863719, 48.851176381130784]]], ""type"": ""Polygon""}";75;75107;Paris 7e Arrondissement;2807;751072807;Gros Caillou 7;H;48.85445996619177, 2.296851929211487;IRIS____0000000751072807
"{""coordinates"": [[[2.337004727377975, 48.87884963943867], [2.334798448690135, 48.87928526911312], [2.334968179295068, 48.879661234459014], [2.335730553870706, 48.880931728541015], [2.336163312001624, 48.881212922084636], [2.337211542390125, 48.88199125619143], [2.337748850120729, 48.880915030758096], [2.337322572266892, 48.88001693614514], [2.336836546602751, 48.878993500767756], [2.337004727377975, 48.87884963943867]]], ""type"": ""Polygon""}";75;75109;Paris 9e Arrondissement;3309;751093309;Saint-Georges 9;H;48.88026198219666, 2.3364174200836265;IRIS____0000000751093309
"{""coordinates"": [[[2.394935902460187, 48.83979661801987], [2.395010547897826, 48.83993909457208], [2.395208395329717, 48.840031829814066], [2.395371227550664, 48.84008931267643], [2.395520867499654, 48.83999203862569], [2.396463430552899, 48.83978095134233], [2.396470223505794, 48.839664968071816], [2.397119902702166, 48.83956661637934], [2.399643654114834, 48.83964676127533], [2.400109892149316, 48.839741734455], [2.40132796588075, 48.83855438492879], [2.402120056859216, 48.83756005515493], [2.402203364610364, 48.83730505267389], [2.402124399648174, 48.83718144537357], [2.396786887937495, 48.839144935932396], [2.395820481763189, 48.83929834628036], [2.395243997178425, 48.83942943800206], [2.394963594064842, 48.83940643539776], [2.394935270847784, 48.839498926335665], [2.394864180615933, 48.83963706833157], [2.394935902460187, 48.83979661801987]]], ""type"": ""Polygon""}";75;75112;Paris 12e Arrondissement;4608;751124608;Picpus 8;H;48.83885988148477, 2.3990460482294487;IRIS____0000000751124608
"{""coordinates"": [[[2.363500766590118, 48.83342156060563], [2.361895693761864, 48.83288597790049], [2.36166105139427, 48.83324627227717], [2.361463461912265, 48.83325061378899], [2.361367323532157, 48.83331395570663], [2.361354817060337, 48.83344519680909], [2.357815050043902, 48.83458732882656], [2.358826900994468, 48.835947205061295], [2.359290607549596, 48.8365720517397], [2.363408178936664, 48.833528992107134], [2.363500766590118, 48.83342156060563]]], ""type"": ""Polygon""}";75;75113;Paris 13e Arrondissement;4902;751134902;Salpêtrière 2;H;48.83459650137187, 2.3604616269010763;IRIS____0000000751134902
"{""coordinates"": [[[2.35625222864776, 48.830852837639604], [2.356126583101295, 48.8309888657546], [2.356134130054802, 48.83114989386186], [2.355577096100367, 48.83146976807077], [2.35578459552453, 48.83187560283565], [2.356824681381366, 48.83325723681437], [2.357815050043902, 48.83458732882656], [2.361354817060337, 48.83344519680909], [2.361367323532157, 48.83331395570663], [2.361463461912265, 48.83325061378899], [2.36166105139427, 48.83324627227717], [2.361895693761864, 48.83288597790049], [2.358033245550308, 48.83158280695349], [2.356999275254022, 48.83125168029832], [2.357082292482382, 48.8311477995297], [2.356982190400396, 48.83109060099576], [2.35625222864776, 48.830852837639604]]], ""type"": ""Polygon""}";75;75113;Paris 13e Arrondissement;4903;751134903;Salpêtrière 3;H;48.83278406352888, 2.358418621140543;IRIS____0000000751134903
"{""coordinates"": [[[2.358512373800332, 48.822204901562465], [2.360580236481662, 48.82251367091356], [2.360890616340624, 48.82108262042645], [2.362022923797809, 48.81926202708311], [2.359505194420751, 48.81899764003965], [2.358512373800332, 48.822204901562465]]], ""type"": ""Polygon""}";75;75113;Paris 13e Arrondissement;5103;751135103;Maison Blanche 3;H;48.8206780211002, 2.360107215195793;IRIS____0000000751135103
"{""coordinates"": [[[2.352572643735507, 48.82088138134332], [2.352556833105211, 48.82171591995898], [2.352683536226451, 48.82215190536277], [2.353227565543836, 48.82364242066696], [2.353086623443537, 48.823694721565786], [2.353011090105722, 48.82385440212465], [2.353109991175247, 48.82400693195389], [2.353390092204959, 48.82404622068513], [2.35389677142033, 48.825476270061245], [2.353647942278496, 48.82599026782112], [2.355157554530081, 48.826070367500684], [2.35522744727865, 48.82592594489286], [2.35537554348876, 48.82485468707365], [2.355329780026784, 48.82481037093096], [2.355409632685512, 48.82474154938944], [2.355452949703176, 48.82410232597973], [2.3554342262545, 48.82297260693423], [2.355246844318858, 48.82083287393947], [2.354836131970672, 48.820893615252004], [2.352572643735507, 48.82088138134332]]], ""type"": ""Polygon""}";75;75113;Paris 13e Arrondissement;5109;751135109;Maison Blanche 9;H;48.82315500623692, 2.354213648621422;IRIS____0000000751135109
"{""coordinates"": [[[2.346586811033202, 48.825760328073294], [2.347360445737356, 48.825655728063424], [2.350390521254306, 48.825817025649364], [2.348558907064612, 48.82403708818563], [2.346796651590053, 48.82227548564591], [2.346586811033202, 48.825760328073294]]], ""type"": ""Polygon""}";75;75113;Paris 13e Arrondissement;5113;751135113;Maison Blanche 13;H;48.824582585695346, 2.3479135041094823;IRIS____0000000751135113
"{""coordinates"": [[[2.312863780270742, 48.83223030330679], [2.314972186135517, 48.83371467272677], [2.316180297261201, 48.83300928218634], [2.317813184978519, 48.83180085442597], [2.319301291536066, 48.830511535162294], [2.31716374243846, 48.83114869914078], [2.314153916589927, 48.83181320353586], [2.313723549390992, 48.83190786734188], [2.312863780270742, 48.83223030330679]]], ""type"": ""Polygon""}";75;75114;Paris 14e Arrondissement;5616;751145616;Plaisance 16;H;48.83217200375046, 2.3157616344828407;IRIS____0000000751145616
"{""coordinates"": [[[2.307354149221545, 48.84713344727705], [2.308218200598362, 48.84743343761236], [2.31032513277025, 48.84793305623784], [2.310494899377192, 48.84797630476867], [2.311235573297421, 48.84750930524246], [2.311972122446195, 48.847044076016104], [2.311791507657064, 48.84534593830952], [2.310884887003179, 48.8450718095077], [2.310792289142616, 48.8451702061774], [2.309969209518155, 48.84537951033646], [2.309478835129796, 48.845880324867416], [2.308731403509099, 48.84634367765722], [2.308354716919094, 48.84649079491005], [2.307354149221545, 48.84713344727705]]], ""type"": ""Polygon""}";75;75115;Paris 15e Arrondissement;5813;751155813;Necker 13;H;48.84662135460231, 2.3101487040737223;IRIS____0000000751155813
"{""coordinates"": [[[2.269170179502924, 48.86296797158689], [2.269331012747269, 48.862968953641776], [2.269996989501621, 48.86310792094144], [2.271303460032531, 48.863649199748274], [2.272423009000724, 48.8640094570416], [2.272448735052947, 48.863533855562224], [2.272623868492572, 48.86299890533642], [2.272783247080246, 48.86261584974763], [2.273071822089488, 48.86215623417834], [2.273656332123021, 48.861294603875464], [2.273861213903194, 48.860873150227455], [2.273900874248932, 48.86017908823655], [2.27386741257713, 48.859841626640154], [2.273705469410605, 48.859334306160505], [2.273490356390603, 48.85902362162341], [2.273202887694381, 48.85872149073692], [2.272739736965036, 48.85840929791295], [2.27263261526818, 48.85827194447616], [2.270942506441548, 48.85992816837448], [2.271800837483668, 48.86034529966257], [2.271655298785152, 48.86042085923133], [2.269170179502924, 48.86296797158689]]], ""type"": ""Polygon""}";75;75116;Paris 16e Arrondissement;6208;751166208;Muette 8;H;48.86130731502027, 2.2720183876596067;IRIS____0000000751166208
"{""coordinates"": [[[2.370847578422197, 48.88569720391992], [2.374100549488138, 48.88837265585101], [2.375965974838252, 48.888275372855794], [2.377256109748699, 48.888045567646394], [2.369962132727194, 48.88437863207057], [2.369458657562747, 48.884289646228424], [2.369193003643534, 48.88438087757173], [2.370847578422197, 48.88569720391992]]], ""type"": ""Polygon""}";75;75119;Paris 19e Arrondissement;7305;751197305;Villette 5;H;48.88673325129678, 2.3733314368422613;IRIS____0000000751197305
"{""coordinates"": [[[2.406582644292136, 48.877113915763175], [2.406011141106451, 48.87701305448544], [2.402562321487233, 48.87599853480826], [2.401839610537372, 48.877549867860495], [2.401615730880795, 48.87864143404563], [2.402409911105074, 48.878349521845976], [2.405946350295659, 48.877672840833405], [2.406265713642774, 48.877526035862694], [2.406582644292136, 48.877113915763175]]], ""type"": ""Polygon""}";75;75119;Paris 19e Arrondissement;7501;751197501;Amérique 1;H;48.87730645276739, 2.4036889040132676;IRIS____0000000751197501
"{""coordinates"": [[[2.37509243793508, 48.87367740156003], [2.374534258323927, 48.87417811391576], [2.373300707155033, 48.87528503825158], [2.372341359986538, 48.87614876838918], [2.372450276597757, 48.87616193007927], [2.372141589686493, 48.876433708785], [2.372822315208191, 48.87674305037495], [2.373111393772803, 48.87651433530473], [2.373211211512271, 48.8764905759892], [2.373806278807457, 48.876780577416945], [2.374144909731753, 48.877193343270854], [2.374263260537919, 48.87698891414702], [2.374599433815376, 48.8766983877595], [2.374949316028007, 48.87651495257091], [2.375327071311311, 48.876394615102484], [2.375706764682187, 48.87633993785387], [2.376074914794408, 48.876338259884015], [2.376852403142539, 48.87642504824311], [2.37663754796351, 48.87580788647362], [2.376155579207456, 48.874726175160674], [2.376005301009472, 48.874523941001364], [2.375547047223963, 48.87408177671427], [2.375136232899866, 48.87389077260196], [2.375147469739401, 48.87374963565249], [2.37509243793508, 48.87367740156003]]], ""type"": ""Polygon""}";75;75119;Paris 19e Arrondissement;7608;751197608;Combat 8;H;48.875570595937596, 2.3746736823573062;IRIS____0000000751197608
"{""coordinates"": [[[2.385828681331946, 48.8689646882214], [2.38532350599028, 48.869607819542864], [2.384538805679048, 48.87013889298091], [2.38449291690774, 48.8702151006776], [2.386784949520759, 48.87041662513852], [2.388157825229574, 48.87052887307487], [2.388262390986245, 48.870563582322404], [2.389163190113552, 48.87024352219909], [2.388772437534571, 48.86961918622022], [2.388530645655272, 48.869545104915645], [2.38858191732084, 48.86947431917969], [2.388259137466535, 48.86921545937685], [2.388292719613256, 48.86914188531882], [2.388252817182714, 48.86905714363598], [2.386298342169244, 48.86855789837931], [2.386230968415872, 48.868491001867774], [2.385828681331946, 48.8689646882214]]], ""type"": ""Polygon""}";75;75120;Paris 20e Arrondissement;7705;751207705;Belleville 5;H;48.869691762615815, 2.386970896628741;IRIS____0000000751207705
"{""coordinates"": [[[2.407263890793875, 48.85954515070536], [2.406224247127948, 48.859038162677116], [2.406009625624646, 48.858854530641125], [2.405896627500643, 48.85884317756836], [2.405836085349028, 48.85889324027819], [2.403920665249356, 48.85762013468], [2.402143560963579, 48.859148250300876], [2.404316060619388, 48.86034981563991], [2.404805785747011, 48.8607920311681], [2.404875022851394, 48.86105498363987], [2.404972971325987, 48.86107165886124], [2.405627923231294, 48.86172783620733], [2.40581523510449, 48.86179711636377], [2.405873145987859, 48.86185855914141], [2.406464740544948, 48.86113842341524], [2.406793885493401, 48.86048263576517], [2.407011235920174, 48.860187829038736], [2.407235908003843, 48.85972847823172], [2.407263890793875, 48.85954515070536]]], ""type"": ""Polygon""}";75;75120;Paris 20e Arrondissement;8023;751208023;Charonne 23;H;48.85961147167527, 2.4049083998151843;IRIS____0000000751208023
"{""coordinates"": [[[2.344281403902505, 48.853756649383996], [2.343821016117944, 48.85276213734537], [2.343242719131723, 48.852906458774875], [2.343266038350776, 48.853110740334124], [2.343062730499531, 48.85323823201466], [2.342310810884491, 48.85331684201082], [2.340187184155759, 48.85344904722465], [2.339148770185848, 48.853550339792086], [2.338389466855206, 48.8536729527896], [2.338485686290563, 48.853715754456516], [2.34047303674055, 48.85606054779992], [2.34228876504118, 48.85473949914884], [2.344281403902505, 48.853756649383996]]], ""type"": ""Polygon""}";75;75106;Paris 6e Arrondissement;2103;751062103;Monnaie 3;H;48.85422205607318, 2.3412998998837624;IRIS____0000000751062103
"{""coordinates"": [[[2.325305164582824, 48.86079201778232], [2.324584325774488, 48.86003969181426], [2.323113019201412, 48.858512373567834], [2.322424507946866, 48.85779439096126], [2.318003311320483, 48.85923162297991], [2.318286080569324, 48.860329544064804], [2.318121728366433, 48.86038976359906], [2.31803020914161, 48.86050885581761], [2.318022271013671, 48.86080289840895], [2.318815117735038, 48.86073276787883], [2.319667988850566, 48.86211992100518], [2.319284615584906, 48.86245949386547], [2.319039006863441, 48.86258310617697], [2.319373444915552, 48.86254633664857], [2.320047781808954, 48.862367601923964], [2.325305164582824, 48.86079201778232]]], ""type"": ""Polygon""}";75;75107;Paris 7e Arrondissement;2604;751072604;Invalides 4;H;48.86013051977458, 2.321351501243657;IRIS____0000000751072604
"{""coordinates"": [[[2.305939473100609, 48.85768732120615], [2.306503345232669, 48.856590679030106], [2.307090211309687, 48.85673527757802], [2.307641030819356, 48.85569521315879], [2.305807622160315, 48.854489345551066], [2.305472215633465, 48.85470414431562], [2.304313934252559, 48.85714096688927], [2.305939473100609, 48.85768732120615]]], ""type"": ""Polygon""}";75;75107;Paris 7e Arrondissement;2803;751072803;Gros Caillou 3;H;48.85612679731969, 2.3059205176498927;IRIS____0000000751072803
"{""coordinates"": [[[2.295032069299386, 48.87377317673729], [2.29790844777493, 48.877745383278764], [2.29842793923117, 48.87764410552626], [2.298745885791634, 48.877625283626585], [2.300140622029627, 48.87722784362911], [2.304375818509014, 48.87537290854282], [2.305229787641235, 48.87503162184733], [2.305479841578351, 48.874888279030806], [2.29590385159428, 48.873831368991134], [2.295831483384342, 48.873536858206016], [2.295032069299386, 48.87377317673729]]], ""type"": ""Polygon""}";75;75108;Paris 8e Arrondissement;3001;751083001;Faubourg du Roule 1;H;48.8755217246413, 2.2995485906030195;IRIS____0000000751083001
"{""coordinates"": [[[2.358762779267228, 48.87327537170595], [2.358324516207395, 48.87376855775715], [2.35729874083073, 48.87491510441117], [2.357485202610192, 48.87516252335926], [2.35786625420636, 48.87621499144379], [2.359522045044485, 48.875946866779564], [2.359219281070431, 48.875399350158844], [2.359605672477486, 48.87513341592907], [2.361407075180575, 48.87455037726109], [2.362883773804858, 48.874204806981524], [2.363044040047265, 48.8738090526932], [2.363550894477858, 48.873166025121755], [2.363344072465032, 48.87313254915843], [2.360806358749873, 48.87317298516271], [2.358762779267228, 48.87327537170595]]], ""type"": ""Polygon""}";75;75110;Paris 10e Arrondissement;3910;751103910;Porte Saint-Martin 10;H;48.87432644630603, 2.359970193070126;IRIS____0000000751103910
"{""coordinates"": [[[2.367612199287384, 48.85947888224859], [2.367327839507425, 48.86067171197265], [2.370086502856326, 48.86135807589459], [2.372154088982339, 48.86193732717635], [2.372275312864598, 48.861152834630495], [2.372230428981989, 48.86080545172178], [2.372043610083812, 48.86024687695205], [2.371899257951376, 48.860236226585876], [2.368657130968081, 48.85940705573549], [2.368541916323989, 48.85957912252029], [2.367612199287384, 48.85947888224859]]], ""type"": ""Polygon""}";75;75111;Paris 11e Arrondissement;4208;751114208;Saint-Ambroise 8;H;48.860567197617584, 2.369922812685426;IRIS____0000000751114208
"{""coordinates"": [[[2.38445763880411, 48.85012714198339], [2.384707528580461, 48.85008435900436], [2.389496724149868, 48.849346240378125], [2.389429866358586, 48.849237077410706], [2.388718310293541, 48.848674045866986], [2.387347233595588, 48.847646265190605], [2.387208312346908, 48.847524140763085], [2.387143183870971, 48.84738440707564], [2.386774405168532, 48.84734114708204], [2.383781818978646, 48.84700649951057], [2.384327031867612, 48.8499933656594], [2.38445763880411, 48.85012714198339]]], ""type"": ""Polygon""}";75;75112;Paris 12e Arrondissement;4621;751124621;Picpus 21;H;48.848599813281574, 2.386116537342656;IRIS____0000000751124621
"{""coordinates"": [[[2.357052208076732, 48.838446910980025], [2.361745287380767, 48.83994070614375], [2.36158933374917, 48.83965837304608], [2.359290607549596, 48.8365720517397], [2.358826900994468, 48.835947205061295], [2.358616309995961, 48.83601083045685], [2.358316783003711, 48.83643732267558], [2.357749723967437, 48.83723561490649], [2.357266338944612, 48.837986687221075], [2.357052208076732, 48.838446910980025]]], ""type"": ""Polygon""}";75;75113;Paris 13e Arrondissement;4907;751134907;Salpêtrière 7;H;48.838069749884355, 2.3591742821912605;IRIS____0000000751134907
"{""coordinates"": [[[[2.376961069554161, 48.8245985529117], [2.377117815978486, 48.824703696913545], [2.377830080564656, 48.824941242098255], [2.37809125462591, 48.82508470175271], [2.378333608279481, 48.82509315686066], [2.379359291259948, 48.82543485029336], [2.379169339446934, 48.825601147834256], [2.378546120486892, 48.82600532703686], [2.378034720253083, 48.82628417225506], [2.378022772413977, 48.826372248688216], [2.376964434064137, 48.82773648428232], [2.378820057453803, 48.82850790483668], [2.380878640036189, 48.82630252672295], [2.381101561877695, 48.82622723389387], [2.381858478088978, 48.82580394647653], [2.376885196186394, 48.824108897655556], [2.376414418302487, 48.82440863364979], [2.376961069554161, 48.8245985529117]]], [[[2.376489672645889, 48.828480488679475], [2.375575288982088, 48.82976091941608], [2.375506767812694, 48.82968141702272], [2.375391910848665, 48.82983101213013], [2.375290707024127, 48.82997798031587], [2.375398241194171, 48.829984837555756], [2.375233462038177, 48.83020792011647], [2.374715772819213, 48.830779012814], [2.374365376483435, 48.83103080268054], [2.371031807229639, 48.83262139072414], [2.371044176599122, 48.832838203623744], [2.370375900417239, 48.83357666644993], [2.369587783610617, 48.834422417678844], [2.368962134088856, 48.83523754262038], [2.369696041087631, 48.83549683243023], [2.370743706752402, 48.835948434311874], [2.371416714981113, 48.83628833583443], [2.371489795810153, 48.83621587123081], [2.371455904810645, 48.83608888255327], [2.37672369027673, 48.83055475808761], [2.378082532433298, 48.82912733605644], [2.376489672645889, 48.828480488679475]]]], ""type"": ""MultiPolygon""}";75;75113;Paris 13e Arrondissement;5015;751135015;Gare 15;H;48.83073260064842, 2.3750441620630256;IRIS____0000000751135015
"{""coordinates"": [[[2.321832824389552, 48.84010961659215], [2.321471529354066, 48.840964664601124], [2.321548817535348, 48.84109820923621], [2.324244459914423, 48.84326205137007], [2.324883219147755, 48.84128615471936], [2.324844512348838, 48.84122388000075], [2.322609178636038, 48.83855810889314], [2.322067100027841, 48.83990588875285], [2.321987887400871, 48.84002505567958], [2.321832824389552, 48.84010961659215]]], ""type"": ""Polygon""}";75;75114;Paris 14e Arrondissement;5306;751145306;Montparnasse 6;H;48.84099230717285, 2.3232305260194073;IRIS____0000000751145306
"{""coordinates"": [[[2.325916740470621, 48.824690462159374], [2.32593554271024, 48.824816481248334], [2.326338547570053, 48.82493567147464], [2.329369969401909, 48.82636113632374], [2.332114903684734, 48.82762033612121], [2.332474170153048, 48.827647524514], [2.33167468296513, 48.82593873968641], [2.330971302464853, 48.82396246929185], [2.328292383513634, 48.82446819236285], [2.325916740470621, 48.824690462159374]]], ""type"": ""Polygon""}";75;75114;Paris 14e Arrondissement;5508;751145508;Petit Montrouge 8;H;48.825518566248626, 2.329775115956987;IRIS____0000000751145508
"{""coordinates"": [[[2.298061364406122, 48.836757235981295], [2.299137724772397, 48.83644966664044], [2.300855619337567, 48.835949775892786], [2.300697983732754, 48.835513557853126], [2.300345425567571, 48.835085193118644], [2.299627797437959, 48.83434980220296], [2.298680086446092, 48.83350333374699], [2.295665648295162, 48.83448122836445], [2.297236007385006, 48.83613092302536], [2.298061364406122, 48.836757235981295]]], ""type"": ""Polygon""}";75;75115;Paris 15e Arrondissement;5715;751155715;Saint-Lambert 15;H;48.835151228424685, 2.2983502818632586;IRIS____0000000751155715
"{""coordinates"": [[[2.295381342134141, 48.85470720373928], [2.299300737605958, 48.8521940275825], [2.299142291617383, 48.85211935207182], [2.29654966910788, 48.85135137283141], [2.295975057235893, 48.85171852976652], [2.295875092108045, 48.85165318755853], [2.295419417153861, 48.8519922621072], [2.295647357020559, 48.85216808005814], [2.295623376390573, 48.852228196024555], [2.293738295842928, 48.853456401799605], [2.295381342134141, 48.85470720373928]]], ""type"": ""Polygon""}";75;75115;Paris 15e Arrondissement;5917;751155917;Grenelle 17;H;48.852909888539116, 2.2963530168296913;IRIS____0000000751155917
"{""coordinates"": [[[2.320493681357567, 48.88210618368964], [2.32044880312552, 48.88209693563314], [2.316479725210513, 48.88134138386315], [2.316420292824783, 48.88140219927536], [2.316029438991886, 48.88146831637163], [2.316170916329887, 48.88159772936232], [2.316146851369608, 48.8816650419751], [2.31565016897788, 48.88210557560216], [2.316529746997419, 48.882517098960065], [2.317052199166696, 48.88271073902909], [2.317654246216639, 48.88286615909932], [2.319257783067969, 48.8832898797878], [2.320493681357567, 48.88210618368964]]], ""type"": ""Polygon""}";75;75117;Paris 17e Arrondissement;6707;751176707;Batignolles 7;H;48.88226531364914, 2.3180454665313457;IRIS____0000000751176707
"{""coordinates"": [[[2.329637790197905, 48.884558948482976], [2.329540571639998, 48.8845898806861], [2.328121477639861, 48.88370687651579], [2.327423135703934, 48.883507800603795], [2.32638169139828, 48.885797937163254], [2.328600599230267, 48.88726551468481], [2.328559917332305, 48.88735342074406], [2.327613695365872, 48.88818178806187], [2.327504084541049, 48.888326863585995], [2.327883873308931, 48.8888038409195], [2.328719734798455, 48.88976631284986], [2.329279191498852, 48.8900608295933], [2.331779280305524, 48.88876808621365], [2.331854243881448, 48.88855896134808], [2.332733605551421, 48.88794153054444], [2.332503228962511, 48.88687004622745], [2.332601737320709, 48.88663227330587], [2.332435890898639, 48.886484758191116], [2.330797897021441, 48.885436889150405], [2.329637790197905, 48.884558948482976]]], ""type"": ""Polygon""}";75;75118;Paris 18e Arrondissement;6904;751186904;Grandes Carrières 4;H;48.88685776264623, 2.3295229132825943;IRIS____0000000751186904
"{""coordinates"": [[[2.346909326916857, 48.88341423076614], [2.34195931462228, 48.88244462818822], [2.341729818687769, 48.883447918996076], [2.341443412595287, 48.883990438675134], [2.341588198700319, 48.884079369301396], [2.34264339038566, 48.88431719443754], [2.344841268818521, 48.88445244959236], [2.3448938663817, 48.88482416028643], [2.347201265819183, 48.88460113895447], [2.346909326916857, 48.88341423076614]]], ""type"": ""Polygon""}";75;75118;Paris 18e Arrondissement;7002;751187002;Clignancourt 2;H;48.88371162724629, 2.344281003625233;IRIS____0000000751187002
"{""coordinates"": [[[2.346476434928995, 48.85618971651663], [2.345836666383353, 48.855257189622726], [2.344918495507247, 48.85435641064299], [2.343376823687082, 48.85502607310906], [2.341288823638047, 48.85686276684986], [2.341545478906287, 48.85715287133798], [2.343995773891932, 48.85685065675643], [2.345144661828362, 48.85663930647614], [2.346476434928995, 48.85618971651663]]], ""type"": ""Polygon""}";75;75101;Paris 1er Arrondissement;0102;751010102;Saint-Germain l'Auxerrois 2;A;48.85592540321666, 2.344034880659889;IRIS____0000000751010102
"{""coordinates"": [[[2.465712037823177, 48.82617380194599], [2.465319736172734, 48.82497948863114], [2.465189202930903, 48.82495732012879], [2.465299394785839, 48.82470509071623], [2.465044244672473, 48.82408428540837], [2.462867047647515, 48.8201775581231], [2.462696960503023, 48.819369158490005], [2.462529348017551, 48.81924609064782], [2.462696062752353, 48.819059770555434], [2.461205214252255, 48.81835514914517], [2.459115403967742, 48.81736539728903], [2.45941357657735, 48.81684780709372], [2.459119228635603, 48.81699667137066], [2.458717081488417, 48.817034423974484], [2.454202941109536, 48.81711643188403], [2.453283089776461, 48.81717158815042], [2.450806758669985, 48.8177286440949], [2.449670555127019, 48.81789340167715], [2.447786272701002, 48.81796565791642], [2.44418090156304, 48.81787520403581], [2.442325672531203, 48.81790433933475], [2.439853739221728, 48.81829120755354], [2.437328614686424, 48.818176822850575], [2.437442471570391, 48.819110909067035], [2.436924916588069, 48.819364794525875], [2.436027653556641, 48.8195926043231], [2.434901851098009, 48.81966913214735], [2.434144075250625, 48.8192158615971], [2.434287751289356, 48.820158185680555], [2.43248024229773, 48.82142583086496], [2.432890021773651, 48.82169308981481], [2.432634430984658, 48.8219005317194], [2.432194835497048, 48.821619639785595], [2.43037098941349, 48.82287728126197], [2.430628080921096, 48.82315731075681], [2.429226897097741, 48.8236219015022], [2.42698299602774, 48.824047365182864], [2.425131776070185, 48.82418597710651], [2.422878161027141, 48.824130153710485], [2.421718495045437, 48.824056199253725], [2.419962519541093, 48.8240800722377], [2.418914650479385, 48.82424136871397], [2.41787247039753, 48.82450251391699], [2.415976094429698, 48.824777468846776], [2.413110929286841, 48.8247175739153], [2.411931955241783, 48.82478553053197], [2.410907282795905, 48.824939676030404], [2.409955145964196, 48.825183208437146], [2.409175132460023, 48.82550223156436], [2.407706677790518, 48.82635026935758], [2.40514539528833, 48.82830178073496], [2.403814047852145, 48.82905961496712], [2.402237349716065, 48.82958956719767], [2.401508451268692, 48.829361979067485], [2.401026650227233, 48.82920667435123], [2.40126552536419, 48.82951995141085], [2.397794614081284, 48.831759039052116], [2.399923697264006, 48.83260075485792], [2.402175894369019, 48.833404374494116], [2.403894202061208, 48.83229503915268], [2.404584298728419, 48.83234614300572], [2.405091390765795, 48.83231808790611], [2.406247243241077, 48.83214305895757], [2.407078934789162, 48.831961915461356], [2.407761514383435, 48.831715273544596], [2.408349050623672, 48.83144027722474], [2.408806188529885, 48.83113135692287], [2.409253799429012, 48.83070097322671], [2.410763053288084, 48.829867510142414], [2.411456209381473, 48.82952466666784], [2.411568057102007, 48.82951172650801], [2.412174780526696, 48.82922241559132], [2.413507749712774, 48.8286731503778], [2.414974872999408, 48.82818388482352], [2.416086487334754, 48.82793389675379], [2.417228594794478, 48.82775779517464], [2.418206498286686, 48.827769751403395], [2.419344928851367, 48.82804509469526], [2.419341132877242, 48.828141308661394], [2.419584580413113, 48.828542709159905], [2.419687621979228, 48.828831006854145], [2.420254941054463, 48.82975291153366], [2.421230349485718, 48.82950221563137], [2.421726916775437, 48.82943716513288], [2.425194231552602, 48.829269509773894], [2.426250780625248, 48.82906952747313], [2.426836006727276, 48.828869076684384], [2.428140735629803, 48.83063088517699], [2.428575919683188, 48.831319180768], [2.429367873135682, 48.832270891947125], [2.429369817403646, 48.832591074763876], [2.429466300876155, 48.83298635565723], [2.429646969351135, 48.833407219964506], [2.430129360051478, 48.834267511307615], [2.430421542305488, 48.8345827804441], [2.431130201876727, 48.83506011664378], [2.431250289180747, 48.83504180112615], [2.431318971075696, 48.835114975978364], [2.431422554034394, 48.8351109716035], [2.431461116476914, 48.83544751607656], [2.43748618838643, 48.834752916445716], [2.437569293335748, 48.83462649729464], [2.437745696301247, 48.834565270709255], [2.437920067468489, 48.83456609025708], [2.437932322931125, 48.83469295780759], [2.438107223117105, 48.83477112463956], [2.444197833292716, 48.83404681623563], [2.444653988107251, 48.83394011232225], [2.444966153617301, 48.83379406603503], [2.445116693866445, 48.83385771981851], [2.445196307791905, 48.833801429363234], [2.445563250383537, 48.83401268207416], [2.447119302375739, 48.834243825842094], [2.448181177005851, 48.8344429914813], [2.449988663626005, 48.834862324395004], [2.451732596216349, 48.835368576301846], [2.45315947447118, 48.83584187575106], [2.453753556979027, 48.83518356109175], [2.454482997997905, 48.834477295134214], [2.455512556914362, 48.83359971370111], [2.456805506747497, 48.832673854491354], [2.459053475242967, 48.831211787251966], [2.462422820237065, 48.82891831385412], [2.463773960708556, 48.82787392193182], [2.464400055728802, 48.82725976315618], [2.464492557559454, 48.82727186914261], [2.464598001665879, 48.827217479972525], [2.465712037823177, 48.82617380194599]]], ""type"": ""Polygon""}";75;75112;Paris 12e Arrondissement;4677;751124677;Bois de Vincennes 2;D;48.826535204912055, 2.44019056923811;IRIS____0000000751124677
"{""coordinates"": [[[2.348223210390838, 48.85851687106066], [2.347573942712776, 48.85735856692166], [2.347329473251235, 48.85718096097124], [2.347114738902888, 48.85724094544617], [2.342671643109269, 48.85841995308013], [2.343212327141845, 48.859101931293715], [2.343980671322331, 48.85989037867111], [2.347440461622229, 48.85876622185833], [2.348223210390838, 48.85851687106066]]], ""type"": ""Polygon""}";75;75101;Paris 1er Arrondissement;0101;751010101;Saint-Germain l'Auxerrois 1;H;48.858506789011386, 2.345499697782322;IRIS____0000000751010101
"{""coordinates"": [[[2.383069142721887, 48.86703490416877], [2.383583978668193, 48.866266822289155], [2.383913130241849, 48.86598342611392], [2.387201100440798, 48.863086439453454], [2.38707044154386, 48.86306958218561], [2.38684981562326, 48.862937147993385], [2.383384090239231, 48.86357586198632], [2.383740978739396, 48.86440329646456], [2.383356226129605, 48.86431767587387], [2.383146050888182, 48.86433907633207], [2.382955936641662, 48.86473830345687], [2.382680479082472, 48.865092122908756], [2.382205861531277, 48.865342388845754], [2.381296519905058, 48.86661475552748], [2.383069142721887, 48.86703490416877]]], ""type"": ""Polygon""}";75;75111;Paris 11e Arrondissement;4201;751114201;Saint-Ambroise 1;H;48.864877205169726, 2.3840148547186506;IRIS____0000000751114201
"{""coordinates"": [[[2.302978871039827, 48.83213263262614], [2.305181201936135, 48.83472575228014], [2.306458638868808, 48.8343509325155], [2.305259242419301, 48.83183471650902], [2.304775877502427, 48.831918247840676], [2.303791417538286, 48.83198447137082], [2.302978871039827, 48.83213263262614]]], ""type"": ""Polygon""}";75;75115;Paris 15e Arrondissement;5718;751155718;Saint-Lambert 18;H;48.83315756821602, 2.3048815767053243;IRIS____0000000751155718
"{""coordinates"": [[[2.290168353797952, 48.848099362281886], [2.287627304688546, 48.84906546531229], [2.288382518115266, 48.84994503993539], [2.292407257810392, 48.85071178336349], [2.290919177827438, 48.849003178252694], [2.290168353797952, 48.848099362281886]]], ""type"": ""Polygon""}";75;75115;Paris 15e Arrondissement;5909;751155909;Grenelle 9;H;48.84944801061874, 2.2899111671843166;IRIS____0000000751155909
"{""coordinates"": [[[2.302600977070498, 48.89102808642731], [2.303665846592256, 48.890233881521326], [2.303696552986489, 48.890079375576214], [2.303841360441795, 48.889857184038625], [2.3018126312167, 48.88889568031705], [2.30154407062418, 48.88878619448546], [2.301326860271836, 48.88881370582164], [2.299699415408158, 48.88803617054184], [2.299567173956726, 48.88813432340485], [2.29786381142184, 48.888843811435585], [2.301697772045237, 48.890646903512916], [2.302343713454047, 48.89099061471059], [2.302600977070498, 48.89102808642731]]], ""type"": ""Polygon""}";75;75117;Paris 17e Arrondissement;6615;751176615;Plaine Monceau 15;H;48.88949990096305, 2.301067890833034;IRIS____0000000751176615
"{""coordinates"": [[[2.341355864305613, 48.89576392100421], [2.340734897417728, 48.89482341198171], [2.340207117089097, 48.89309650532556], [2.336378560901363, 48.89364102361873], [2.337599491444616, 48.89533760879045], [2.339530947373315, 48.89575926618824], [2.341355864305613, 48.89576392100421]]], ""type"": ""Polygon""}";75;75118;Paris 18e Arrondissement;6919;751186919;Grandes Carrières 19;H;48.89447826953981, 2.338971011290657;IRIS____0000000751186919
"{""coordinates"": [[[2.356039827496007, 48.849370500834766], [2.356790270839716, 48.84940511570138], [2.357464664102291, 48.84919739054551], [2.35771717562445, 48.84905394993582], [2.360987538112927, 48.846847350804296], [2.356980360073035, 48.84482300710536], [2.355251330835264, 48.84602334032646], [2.355209085356635, 48.84613373385356], [2.354961541597278, 48.846316768097886], [2.354540002228952, 48.84657530872944], [2.354445906390378, 48.84658109654752], [2.353400158815481, 48.847286842089744], [2.353105939214732, 48.84738687911612], [2.355339542637769, 48.84880643027407], [2.355971521517203, 48.84927390200607], [2.356039827496007, 48.849370500834766]]], ""type"": ""Polygon""}";75;75105;Paris 5e Arrondissement;1706;751051706;Saint-Victor 6;A;48.84720317417118, 2.357017391052685;IRIS____0000000751051706
"{""coordinates"": [[[2.306041515788186, 48.84797933604919], [2.303659545504421, 48.849505204207276], [2.301227956943836, 48.85106221151431], [2.300911619863719, 48.851176381130784], [2.301984924088163, 48.85193181446314], [2.304297076922184, 48.85350386980891], [2.305447988318348, 48.85427231213614], [2.306404286884797, 48.85410068579017], [2.31006476189126, 48.85174844184859], [2.307822266261913, 48.84954195023315], [2.307577348034486, 48.849513552223904], [2.306041515788186, 48.84797933604919]]], ""type"": ""Polygon""}";75;75107;Paris 7e Arrondissement;2707;751072707;École Militaire 7;A;48.85130529145217, 2.3056548233608485;IRIS____0000000751072707
"{""coordinates"": [[[2.301364284995865, 48.87016796011218], [2.301875738249315, 48.87055856193585], [2.302598242105828, 48.87137668038139], [2.309195995284706, 48.86927360119911], [2.309074273264559, 48.869097526318996], [2.309063758269867, 48.86896526186962], [2.309155846019595, 48.86870318457054], [2.309289860188996, 48.8685690561833], [2.306296267634072, 48.86702555221593], [2.301424301036425, 48.87006398636712], [2.301364284995865, 48.87016796011218]]], ""type"": ""Polygon""}";75;75108;Paris 8e Arrondissement;2903;751082903;Champs Élysées 3;A;48.86924419795879, 2.3053774139207293;IRIS____0000000751082903
"{""coordinates"": [[[2.364901763858922, 48.844112557522166], [2.365127018289573, 48.8444132399945], [2.36608772597324, 48.84496784313141], [2.372451617071186, 48.84017902294758], [2.373550475260092, 48.83932858919707], [2.374862841776404, 48.83805386177874], [2.373758191986649, 48.83746259740228], [2.37316415500658, 48.83803058231791], [2.372389708934393, 48.83864438455523], [2.36733288487547, 48.84229703900185], [2.366292919904114, 48.84310905371654], [2.365437782584103, 48.84362255251421], [2.365074656836947, 48.844013646274206], [2.364901763858922, 48.844112557522166]]], ""type"": ""Polygon""}";75;75113;Paris 13e Arrondissement;4999;751134999;Seine et Berges 1;D;48.841320453275046, 2.369802993982352;IRIS____0000000751134999
"{""coordinates"": [[[2.352047532032926, 48.86982172168083], [2.352661345726701, 48.86968474583187], [2.352196531709301, 48.86891239529327], [2.351546743072213, 48.867340424461005], [2.351130156664375, 48.86652965746955], [2.347320440740974, 48.867367815440396], [2.347395716170074, 48.867888045970375], [2.34972901579938, 48.86858694345506], [2.349461356431441, 48.86895152099044], [2.351983206689687, 48.86973233873453], [2.352047532032926, 48.86982172168083]]], ""type"": ""Polygon""}";75;75102;Paris 2e Arrondissement;0804;751020804;Bonne Nouvelle 4;H;48.86805532080525, 2.3502428161220568;IRIS____0000000751020804
"{""coordinates"": [[[2.320555394566371, 48.84842508368592], [2.319420835184011, 48.84785833316254], [2.316712552321028, 48.84686349107318], [2.316221343794524, 48.84743177967202], [2.315132046689788, 48.849440118415835], [2.318545876253237, 48.85036706519313], [2.319565907300404, 48.850523962850126], [2.320555394566371, 48.84842508368592]]], ""type"": ""Polygon""}";75;75107;Paris 7e Arrondissement;2701;751072701;École Militaire 1;H;48.84878999810427, 2.3178860383228366;IRIS____0000000751072701
"{""coordinates"": [[[2.415299092607447, 48.843849661228454], [2.414849601173434, 48.84237881433559], [2.414046530133938, 48.839759549813245], [2.413897865914286, 48.839773211255036], [2.413913294575755, 48.83985512853868], [2.413738936446429, 48.83985157606865], [2.413061986188211, 48.8399543808468], [2.413205669796642, 48.84038318064393], [2.413285448698135, 48.84092138840892], [2.413195154412282, 48.841196149151344], [2.413118482817416, 48.84122904927751], [2.41253512888999, 48.84112545779899], [2.412511065174265, 48.84120538250775], [2.412058821669267, 48.84107455241068], [2.411449678279635, 48.84108324865882], [2.410762875386304, 48.84085053120802], [2.410391866433805, 48.84076596214124], [2.409149653603645, 48.84073105354393], [2.409469404333803, 48.84173181969256], [2.410317615612648, 48.84431805763486], [2.411675207458999, 48.844158360810475], [2.415299092607447, 48.843849661228454]]], ""type"": ""Polygon""}";75;75112;Paris 12e Arrondissement;4510;751124510;Bel-Air 10;H;48.84237082932603, 2.4122994434922496;IRIS____0000000751124510
"{""coordinates"": [[[2.378082532433298, 48.82912733605644], [2.37672369027673, 48.83055475808761], [2.379770123552832, 48.83223442794216], [2.381740916427732, 48.8306635414205], [2.378082532433298, 48.82912733605644]]], ""type"": ""Polygon""}";75;75113;Paris 13e Arrondissement;5017;751135017;Gare 17;H;48.83065949392346, 2.379144668658641;IRIS____0000000751135017
"{""coordinates"": [[[2.287983400498691, 48.845643702699974], [2.290498510749712, 48.84466844266976], [2.29279191214039, 48.84375747283628], [2.291961771660643, 48.842777647760634], [2.290368875481471, 48.84208019230367], [2.289920526291206, 48.842385115983554], [2.289308835301459, 48.842677375861754], [2.286367162385165, 48.84376248936428], [2.287046997850775, 48.844566980036994], [2.287983400498691, 48.845643702699974]]], ""type"": ""Polygon""}";75;75115;Paris 15e Arrondissement;6019;751156019;Javel 19;H;48.84381951190882, 2.2895372430455536;IRIS____0000000751156019
"{""coordinates"": [[[2.281032911144368, 48.860232042399105], [2.279310158549797, 48.861208272305376], [2.280971420657105, 48.862811020798006], [2.28156570156823, 48.863505292790045], [2.286065577853984, 48.86299260989803], [2.28703205351499, 48.8629902773629], [2.287403125588103, 48.86276854867658], [2.28682262494913, 48.8624566127674], [2.286802393022545, 48.862341375028905], [2.286590884339555, 48.86205951620901], [2.281032911144368, 48.860232042399105]]], ""type"": ""Polygon""}";75;75116;Paris 16e Arrondissement;6219;751166219;Muette 19;H;48.86202600796207, 2.282939247016075;IRIS____0000000751166219
"{""coordinates"": [[[2.325595877207139, 48.88750763507372], [2.32638169139828, 48.885797937163254], [2.327423135703934, 48.883507800603795], [2.327164725373034, 48.88345508676888], [2.326846459419326, 48.8833912438694], [2.326783278406845, 48.88363730550308], [2.325323873449662, 48.8851345707438], [2.325398020044976, 48.885200639658784], [2.324322767830115, 48.88609300734672], [2.32304446148902, 48.886971626398505], [2.324645318907248, 48.88803557909916], [2.325595877207139, 48.88750763507372]]], ""type"": ""Polygon""}";75;75117;Paris 17e Arrondissement;6701;751176701;Batignolles 1;H;48.88606087940819, 2.325344323218304;IRIS____0000000751176701
"{""coordinates"": [[[2.335171130235882, 48.90114724146603], [2.343755951427352, 48.90132049166951], [2.344128257927195, 48.90132792693599], [2.344299105447523, 48.90119306576214], [2.344124071433594, 48.900685792615256], [2.344176089120841, 48.89861405158036], [2.34410782937208, 48.89818560248478], [2.344147548723893, 48.89806441207042], [2.342752709025277, 48.898020792630405], [2.341689236272465, 48.89798437477586], [2.341530829004644, 48.89789087412908], [2.340847642339006, 48.89787632406873], [2.340799123939089, 48.89923042994473], [2.336296290611516, 48.89913181694765], [2.335461468688544, 48.9005229283778], [2.335171130235882, 48.90114724146603]]], ""type"": ""Polygon""}";75;75118;Paris 18e Arrondissement;6926;751186926;Grandes Carrières 26;H;48.8999305372167, 2.3404264306922276;IRIS____0000000751186926
"{""coordinates"": [[[2.370255132996807, 48.85327111850522], [2.371718734832672, 48.85248738246926], [2.373812582082283, 48.85187420791966], [2.377805079911062, 48.85089045855837], [2.376166303620851, 48.84855979196477], [2.37604947255091, 48.84852950400285], [2.376005242892854, 48.84835389899318], [2.374993965266114, 48.84893410083106], [2.374405207636675, 48.849506611034755], [2.373180933102544, 48.85057043524601], [2.370907837370998, 48.85260183633928], [2.370255132996807, 48.85327111850522]]], ""type"": ""Polygon""}";75;75112;Paris 12e Arrondissement;4807;751124807;Quinze-Vingts 7;H;48.85064136173009, 2.3747455732551153;IRIS____0000000751124807
"{""coordinates"": [[[2.306664295736605, 48.841115393256274], [2.304978756311315, 48.84061095943101], [2.304249816844202, 48.84040616275527], [2.302678019934995, 48.842605858739105], [2.30639400856899, 48.84371299718561], [2.307929039491067, 48.84150225016743], [2.306664295736605, 48.841115393256274]]], ""type"": ""Polygon""}";75;75115;Paris 15e Arrondissement;5806;751155806;Necker 6;H;48.84205514988578, 2.305313243484704;IRIS____0000000751155806
"{""coordinates"": [[[2.293005571501262, 48.843676893285625], [2.29279191214039, 48.84375747283628], [2.290498510749712, 48.84466844266976], [2.292421147026032, 48.84687877901845], [2.295757212284712, 48.8470648455306], [2.295944920540705, 48.84709023315178], [2.29463947967619, 48.84557880527211], [2.293005571501262, 48.843676893285625]]], ""type"": ""Polygon""}";75;75115;Paris 15e Arrondissement;5903;751155903;Grenelle 3;H;48.845558527548185, 2.2930675254351627;IRIS____0000000751155903
"{""coordinates"": [[[2.278329459308403, 48.851415540969], [2.278472474385233, 48.85132286977129], [2.279094183296905, 48.850909312957015], [2.277388117982124, 48.849719056215235], [2.277082213876474, 48.84986380461848], [2.275761599821298, 48.84849777717515], [2.275051161893156, 48.84872641010804], [2.276001404479274, 48.849677396432206], [2.274922507181276, 48.85013763293049], [2.275974462864286, 48.85122413893593], [2.278329459308403, 48.851415540969]]], ""type"": ""Polygon""}";75;75116;Paris 16e Arrondissement;6130;751166130;Auteuil 30;H;48.85031443940636, 2.2767885109436943;IRIS____0000000751166130
"{""coordinates"": [[[2.286938101143589, 48.86348076390615], [2.28703205351499, 48.8629902773629], [2.286065577853984, 48.86299260989803], [2.28156570156823, 48.863505292790045], [2.283234113182187, 48.86539134415788], [2.283434111795638, 48.865419522286494], [2.283467322449845, 48.86548267567415], [2.283387312339141, 48.86555144663584], [2.284277395216464, 48.86684644076976], [2.286222674448747, 48.86625099678703], [2.286938101143589, 48.86348076390615]]], ""type"": ""Polygon""}";75;75116;Paris 16e Arrondissement;6301;751166301;Porte Dauphine 1;H;48.86461315262411, 2.2846933420734175;IRIS____0000000751166301
"{""coordinates"": [[[2.310760422032143, 48.87282243582147], [2.311534305425408, 48.8730670136299], [2.312293022004734, 48.87332498932566], [2.319436336965455, 48.87453136064785], [2.319823751205422, 48.874619899216185], [2.319973798425609, 48.87471877972011], [2.320818321807196, 48.873524754214856], [2.3195628953548, 48.87340160949795], [2.3179261947046, 48.873243004015755], [2.315990914912003, 48.872877620449806], [2.312863474050309, 48.87214563078187], [2.312461150100196, 48.87225933570759], [2.310760422032143, 48.87282243582147]]], ""type"": ""Polygon""}";75;75108;Paris 8e Arrondissement;3103;751083103;Madeleine 3;A;48.87338124288464, 2.3159620607897553;IRIS____0000000751083103
"{""coordinates"": [[[2.333660618265889, 48.8675065901699], [2.335874392590844, 48.866979288015116], [2.338668944584592, 48.86633644197966], [2.338554390577688, 48.866125362299854], [2.339244791200289, 48.8659681931512], [2.338157156657303, 48.86391527269193], [2.339770386093293, 48.863541061564035], [2.339143935838259, 48.86220567061473], [2.33557160770686, 48.86314369603922], [2.332703105123855, 48.86456849034233], [2.332106845826641, 48.863762047513646], [2.331355590927084, 48.863988085514926], [2.331943434473313, 48.86491859479835], [2.333660618265889, 48.8675065901699]]], ""type"": ""Polygon""}";75;75101;Paris 1er Arrondissement;0301;751010301;Palais Royal 1;H;48.86494525985156, 2.3358497129083333;IRIS____0000000751010301
"{""coordinates"": [[[2.338389466855206, 48.8536729527896], [2.337365200479902, 48.853839961030786], [2.336965692875883, 48.85385483568239], [2.336523267265558, 48.85713322502779], [2.33642981442429, 48.85740790858532], [2.336111156211742, 48.85760040112994], [2.336260337146086, 48.85787283291314], [2.336485519998964, 48.8578497992199], [2.338160587760303, 48.85742199047574], [2.339912242503876, 48.85643338497396], [2.34047303674055, 48.85606054779992], [2.338485686290563, 48.853715754456516], [2.338389466855206, 48.8536729527896]]], ""type"": ""Polygon""}";75;75106;Paris 6e Arrondissement;2102;751062102;Monnaie 2;H;48.85576720313488, 2.338097350587212;IRIS____0000000751062102
"{""coordinates"": [[[2.3298321288791, 48.84190756326686], [2.329574854219896, 48.841994259476934], [2.329363592327736, 48.84242297176526], [2.328452918789027, 48.84552696310511], [2.328644226905967, 48.845590992185166], [2.329992827290823, 48.84625958351416], [2.331026714777416, 48.84628875257192], [2.33139536593779, 48.845913081505635], [2.332410427598088, 48.84485840210807], [2.33060536884278, 48.84397683291889], [2.331244437951255, 48.84344528578561], [2.331526435126236, 48.843131185149325], [2.331758107665112, 48.84270348277682], [2.329884570747136, 48.841961818952164], [2.3298321288791, 48.84190756326686]]], ""type"": ""Polygon""}";75;75106;Paris 6e Arrondissement;2303;751062303;Notre-Dame des Champs 3;H;48.844322705792806, 2.3302480230375644;IRIS____0000000751062303
"{""coordinates"": [[[2.388617320008402, 48.852752093990674], [2.392700281911386, 48.853576006568716], [2.394489227175594, 48.85068466601622], [2.392516492310897, 48.85040306176172], [2.388617320008402, 48.852752093990674]]], ""type"": ""Polygon""}";75;75111;Paris 11e Arrondissement;4409;751114409;Sainte-Marguerite 9;H;48.85201869890751, 2.3919171383224156;IRIS____0000000751114409
"{""coordinates"": [[[2.403808001155794, 48.837688095236174], [2.404380849332338, 48.83977926508219], [2.404464919623959, 48.840053089080165], [2.406405909203875, 48.84010230828536], [2.407886821420527, 48.84035247477506], [2.409040568835738, 48.84037796595307], [2.408564026055103, 48.838907855568436], [2.408152009854913, 48.83883656697003], [2.403808001155794, 48.837688095236174]]], ""type"": ""Polygon""}";75;75112;Paris 12e Arrondissement;4503;751124503;Bel-Air 3;H;48.83922927459663, 2.4062919450923332;IRIS____0000000751124503
"{""coordinates"": [[[2.277609209822092, 48.842421128348114], [2.277897831988111, 48.84086516103711], [2.277640783893343, 48.840831231733816], [2.277061438321012, 48.841047178468365], [2.276977108015083, 48.84113480716485], [2.276888213281365, 48.841649609365426], [2.276824555389137, 48.841720274831495], [2.27506661455752, 48.84242373478691], [2.274977640840199, 48.84255090614869], [2.274828359277623, 48.843291082091575], [2.27487976931784, 48.84341550671429], [2.277609209822092, 48.842421128348114]]], ""type"": ""Polygon""}";75;75115;Paris 15e Arrondissement;6009;751156009;Javel 9;H;48.84221280677991, 2.276499922339376;IRIS____0000000751156009
"{""coordinates"": [[[2.290469331971723, 48.863926245392456], [2.287951533093834, 48.86323497926873], [2.287403125588103, 48.86276854867658], [2.28703205351499, 48.8629902773629], [2.286938101143589, 48.86348076390615], [2.287245870689378, 48.86350238299973], [2.287579170809924, 48.86345130577586], [2.291512868977213, 48.868883344624905], [2.291574191963458, 48.86898533381962], [2.294776953107804, 48.86804554341782], [2.295341994041001, 48.86789598230987], [2.295560106466161, 48.86789636688587], [2.295118866003599, 48.86735955651684], [2.292657817185421, 48.865684839058765], [2.290322239066214, 48.864017107071454], [2.290469331971723, 48.863926245392456]]], ""type"": ""Polygon""}";75;75116;Paris 16e Arrondissement;6403;751166403;Chaillot 3;H;48.86622599938871, 2.291335429218824;IRIS____0000000751166403
"{""coordinates"": [[[2.34229468805647, 48.897242166172525], [2.33847222722269, 48.89674807059308], [2.332974623410611, 48.89606107243005], [2.333994496854079, 48.89758300227804], [2.334037745859674, 48.897720838652596], [2.337428941130424, 48.89780709723703], [2.340847642339006, 48.89787632406873], [2.341530829004644, 48.89789087412908], [2.341689236272465, 48.89798437477586], [2.342752709025277, 48.898020792630405], [2.34229468805647, 48.897242166172525]]], ""type"": ""Polygon""}";75;75118;Paris 18e Arrondissement;6925;751186925;Grandes Carrières 25;H;48.8971946141609, 2.3374373505082264;IRIS____0000000751186925
"{""coordinates"": [[[2.342936951153016, 48.88979930602385], [2.340179357627927, 48.88969061258283], [2.340647601406855, 48.891269707983], [2.341947284936658, 48.89127415940056], [2.343639293338842, 48.89120700326115], [2.3435230644636, 48.89069015414367], [2.343372864089697, 48.89037996302293], [2.342936951153016, 48.88979930602385]]], ""type"": ""Polygon""}";75;75118;Paris 18e Arrondissement;7012;751187012;Clignancourt 12;H;48.890512669850864, 2.341872987571096;IRIS____0000000751187012
"{""coordinates"": [[[2.355803643593266, 48.890412409965556], [2.355942792620035, 48.889196373422614], [2.356051141857808, 48.88870592500722], [2.353566491291557, 48.888474900295236], [2.353593179941821, 48.88896157913483], [2.353366459226208, 48.889757156378224], [2.353317908638677, 48.890372031662416], [2.353199548367455, 48.89089749654585], [2.355803643593266, 48.890412409965556]]], ""type"": ""Polygon""}";75;75118;Paris 18e Arrondissement;7108;751187108;Goutte d'Or 8;H;48.88963246511678, 2.354591326034498;IRIS____0000000751187108
"{""coordinates"": [[[2.409011359408513, 48.867947336307004], [2.408887644498474, 48.86635579726916], [2.408742229271848, 48.86451503150666], [2.408506533214124, 48.864503974135836], [2.408540563596726, 48.86438812748717], [2.408203742670079, 48.864279441008755], [2.40633232848506, 48.862351878528855], [2.405007873604681, 48.862789575829154], [2.404611785313311, 48.8629782663347], [2.404060536342712, 48.86338472287386], [2.404003366346003, 48.863496855803824], [2.404070041519558, 48.863745405892026], [2.40434376249077, 48.86436461542675], [2.404139752967521, 48.864681966279385], [2.404637454149556, 48.86466825503547], [2.405913316696164, 48.86610544378764], [2.406320308386401, 48.866397050293685], [2.407746253345779, 48.86735111770604], [2.407823777869464, 48.86736679003307], [2.407830031257993, 48.867416284531494], [2.408553965860712, 48.86789021741674], [2.40866373726753, 48.86794741802942], [2.40880003125866, 48.86794988999746], [2.409011171766067, 48.86808403457824], [2.409011359408513, 48.867947336307004]]], ""type"": ""Polygon""}";75;75120;Paris 20e Arrondissement;7802;751207802;Saint-Fargeau 2;H;48.86492811122753, 2.40675594072262;IRIS____0000000751207802
"{""coordinates"": [[[2.3392441529549, 48.876765670439724], [2.339333376289233, 48.87671849807752], [2.339054043433574, 48.87595252023138], [2.338748368957355, 48.87597331553632], [2.338078921927349, 48.87414935663082], [2.337433556433499, 48.87418715580534], [2.33718071550728, 48.87412819840096], [2.337045028093485, 48.874184105316516], [2.335266404872028, 48.874243490638335], [2.335196967962632, 48.875197302700826], [2.335444774564567, 48.876826478593934], [2.33666918036661, 48.87671815441098], [2.33706459019299, 48.87671764677186], [2.338296869279737, 48.87684767363591], [2.3392441529549, 48.876765670439724]]], ""type"": ""Polygon""}";75;75109;Paris 9e Arrondissement;3407;751093407;Chaussée d'Antin 7;A;48.87556007768346, 2.337012128656599;IRIS____0000000751093407
"{""coordinates"": [[[2.364901763858922, 48.844112557522166], [2.364158198814394, 48.843184964533684], [2.363859582915653, 48.84320226357165], [2.363170745123504, 48.843039411734374], [2.355959769422451, 48.84118319611195], [2.355829501320546, 48.84158091256212], [2.355072973725997, 48.84358870965491], [2.355006649983132, 48.84366299908139], [2.354921400212138, 48.84383521679328], [2.355247144501433, 48.843938600648144], [2.356980360073035, 48.84482300710536], [2.360987538112927, 48.846847350804296], [2.364244645637394, 48.84458752672374], [2.364550243609042, 48.844445252779344], [2.364901763858922, 48.844112557522166]]], ""type"": ""Polygon""}";75;75105;Paris 5e Arrondissement;1809;751051809;Jardin des Plantes;D;48.84391659241697, 2.3596909140411486;IRIS____0000000751051809
"{""coordinates"": [[[2.345521063609997, 48.837632504590125], [2.342085567254399, 48.83834304472089], [2.339694669367677, 48.838864094489885], [2.34097485372677, 48.84084616151718], [2.341132482308175, 48.84109525450613], [2.341222625397031, 48.84140153492686], [2.341300888196201, 48.84210886614583], [2.343601021437416, 48.841232038178674], [2.345999825576988, 48.84030354205142], [2.345521063609997, 48.837632504590125]]], ""type"": ""Polygon""}";75;75105;Paris 5e Arrondissement;1902;751051902;Val de Grâce 2;H;48.83968664738416, 2.3430701558473346;IRIS____0000000751051902
"{""coordinates"": [[[2.346818181207789, 48.85306453114882], [2.348262117941535, 48.85235561913913], [2.349565391348728, 48.851776331411365], [2.34883470611569, 48.85048537876987], [2.348664053922537, 48.85040080974088], [2.348992277508322, 48.84998079781026], [2.34906156786516, 48.8498885410515], [2.348520001074306, 48.8486246942536], [2.346648201339913, 48.84912172513394], [2.34488577406675, 48.849587848108385], [2.346818181207789, 48.85306453114882]]], ""type"": ""Polygon""}";75;75105;Paris 5e Arrondissement;2004;751052004;Sorbonne 4;H;48.85071012409413, 2.347340797944554;IRIS____0000000751052004
"{""coordinates"": [[[2.334798448690135, 48.87928526911312], [2.334517433643311, 48.878655072404776], [2.334347193916698, 48.87799940991629], [2.334196248382113, 48.876901380676486], [2.332870486189496, 48.87683194551344], [2.33231989081264, 48.87670656606744], [2.332344100089861, 48.876838903579944], [2.331428002040406, 48.87916396966463], [2.331410603085138, 48.880413047815914], [2.331455461221692, 48.88063633307698], [2.333085496121793, 48.88037832245675], [2.332804795443196, 48.879724741333476], [2.334798448690135, 48.87928526911312]]], ""type"": ""Polygon""}";75;75109;Paris 9e Arrondissement;3303;751093303;Saint-Georges 3;H;48.87862182404698, 2.3329274631842694;IRIS____0000000751093303
"{""coordinates"": [[[2.349835975240238, 48.88109729612057], [2.349600316361947, 48.883480141287656], [2.349464985893749, 48.88372492298443], [2.351242871583771, 48.88385867731402], [2.351127302001508, 48.882189794313625], [2.351177172606257, 48.88212711145739], [2.354015059535257, 48.88177822854084], [2.354224971422981, 48.881784756959064], [2.354331706681674, 48.881864473713904], [2.354151046355446, 48.88114853134391], [2.353694420700493, 48.88025572903953], [2.352430191226313, 48.88049261630062], [2.352283026510915, 48.880484625532446], [2.352323415990171, 48.88052621330351], [2.352287205339626, 48.88058717195387], [2.352169522072761, 48.88062070980253], [2.349835975240238, 48.88109729612057]]], ""type"": ""Polygon""}";75;75110;Paris 10e Arrondissement;3706;751103706;Saint-Vincent de Paul 6;H;48.881838775465425, 2.351562657254579;IRIS____0000000751103706
"{""coordinates"": [[[2.365941513214639, 48.87098522833163], [2.363568710929424, 48.874051066766434], [2.364940407814287, 48.87370491279751], [2.366584228994269, 48.87272974850652], [2.366767098845457, 48.87249059312187], [2.367915850728346, 48.87174931555088], [2.365941513214639, 48.87098522833163]]], ""type"": ""Polygon""}";75;75110;Paris 10e Arrondissement;3909;751103909;Porte Saint-Martin 9;H;48.872430611591994, 2.3657551035954514;IRIS____0000000751103909
"{""coordinates"": [[[2.371543710704607, 48.87016310015744], [2.372896637378593, 48.87057040149708], [2.374927686642078, 48.86843340465385], [2.373368024086121, 48.86810328566616], [2.37299351686979, 48.86807164613999], [2.372443888785873, 48.86809214843293], [2.372050327699393, 48.86862339276902], [2.372659125251294, 48.86889728639673], [2.371543710704607, 48.87016310015744]]], ""type"": ""Polygon""}";75;75111;Paris 11e Arrondissement;4114;751114114;Folie Méricourt 14;H;48.86918426139656, 2.3731281256886696;IRIS____0000000751114114
"{""coordinates"": [[[[2.36989302370352, 48.85549150930362], [2.36931794709619, 48.855936356112316], [2.369213107591719, 48.855927709347924], [2.368856528930018, 48.85712376290967], [2.370940564914427, 48.857793059935744], [2.36989302370352, 48.85549150930362]]], [[[2.371983110989935, 48.85814208692265], [2.373490399967642, 48.85645471563446], [2.371646049684404, 48.8556895911593], [2.370486303715527, 48.855456859235005], [2.371628732683426, 48.858029606761235], [2.371983110989935, 48.85814208692265]]]], ""type"": ""MultiPolygon""}";75;75111;Paris 11e Arrondissement;4313;751114313;Roquette 13;H;48.85670341544696, 2.371130092170162;IRIS____0000000751114313
"{""coordinates"": [[[2.379416709202369, 48.85825911146045], [2.380178795981218, 48.85847260907766], [2.38084436968245, 48.85889425090192], [2.381254332531607, 48.85903397136176], [2.38069922313631, 48.859753274947536], [2.382053239328937, 48.86016677870216], [2.383633346303203, 48.85852282877561], [2.381077338571579, 48.85787020037088], [2.38047580254254, 48.85779513983363], [2.38039420719264, 48.85766521130861], [2.380237701639324, 48.85764551454072], [2.380089933818601, 48.8576933139144], [2.379772841670193, 48.85753878170226], [2.37970582243895, 48.857444002786195], [2.379332165029978, 48.85814805325933], [2.379416709202369, 48.85825911146045]]], ""type"": ""Polygon""}";75;75111;Paris 11e Arrondissement;4318;751114318;Roquette 18;H;48.85876374546057, 2.3815296798617775;IRIS____0000000751114318
"{""coordinates"": [[[2.381649777473593, 48.84431901172487], [2.382949239234958, 48.84481856948429], [2.383371114568672, 48.84486391387809], [2.385344179877231, 48.84324712824281], [2.385912574333361, 48.84265197346853], [2.38658237380528, 48.84189095419175], [2.384997104972153, 48.842637377647044], [2.384339362246377, 48.842374978851225], [2.384864065484768, 48.84213395156611], [2.385048153265529, 48.84200628955503], [2.388113048382447, 48.838943493183294], [2.379702850641926, 48.84040660898344], [2.379611043993065, 48.84045020161576], [2.379246752768189, 48.8404923805013], [2.379022778154241, 48.84042196718047], [2.378774529399029, 48.8405591799447], [2.37769147979107, 48.84134588803512], [2.377536127347511, 48.8414619967141], [2.377532758023189, 48.841515940845184], [2.376423328262026, 48.84211273463144], [2.376759979361294, 48.84233213425601], [2.378716719530493, 48.843237175632176], [2.379800729009935, 48.843631323599226], [2.381649777473593, 48.84431901172487]]], ""type"": ""Polygon""}";75;75112;Paris 12e Arrondissement;4705;751124705;Bercy 5;H;48.841864221675046, 2.382286011406196;IRIS____0000000751124705
"{""coordinates"": [[[2.265113145932603, 48.840772014117114], [2.262968728815043, 48.83969756047757], [2.262519254907065, 48.83949422986593], [2.262346551007155, 48.83947068063789], [2.261458080050399, 48.839190889323966], [2.26136757608869, 48.83932793476896], [2.261666696803588, 48.83975698406631], [2.26112047883665, 48.8399388824045], [2.261681777385288, 48.840808444645646], [2.261350684279005, 48.840904432321466], [2.261451602734805, 48.841090326235424], [2.258998484432697, 48.84170381728228], [2.260212044802476, 48.84317730440609], [2.260637933106529, 48.842931710883676], [2.261551427726167, 48.84250745370084], [2.261993017057446, 48.84221068800834], [2.26273078556247, 48.84187797277273], [2.263797573616275, 48.8414024793445], [2.26404223201743, 48.84125199087088], [2.265113145932603, 48.840772014117114]]], ""type"": ""Polygon""}";75;75116;Paris 16e Arrondissement;6106;751166106;Auteuil 6;H;48.84118999067953, 2.261956267149803;IRIS____0000000751166106
"{""coordinates"": [[[2.327445936834116, 48.89303990326642], [2.326876013741736, 48.89133787689818], [2.326633338808739, 48.89059277023016], [2.325209307275804, 48.8910290208238], [2.323019514383693, 48.89172263136733], [2.322337380101312, 48.89194810095505], [2.323086115564257, 48.89205485887134], [2.327445936834116, 48.89303990326642]]], ""type"": ""Polygon""}";75;75117;Paris 17e Arrondissement;6804;751176804;Épinettes 4;H;48.891845023899585, 2.325491706476978;IRIS____0000000751176804
"{""coordinates"": [[[2.326876013741736, 48.89133787689818], [2.327445936834116, 48.89303990326642], [2.327474495108444, 48.89304635892301], [2.33026386861958, 48.89249901518801], [2.329430326284705, 48.891139068164975], [2.326876013741736, 48.89133787689818]]], ""type"": ""Polygon""}";75;75118;Paris 18e Arrondissement;6915;751186915;Grandes Carrières 15;H;48.892031732262666, 2.328470301021415;IRIS____0000000751186915
"{""coordinates"": [[[2.38603216816495, 48.87147847985435], [2.386045711571463, 48.871601758347815], [2.387312416497505, 48.872165836858194], [2.387840935260281, 48.87232052859134], [2.388343026225912, 48.87240403544606], [2.38931565338573, 48.872820896866486], [2.389478824041325, 48.872857702593635], [2.389920392744331, 48.871939934329134], [2.390194484628659, 48.87158519418004], [2.389995174773563, 48.87125861910014], [2.389163190113552, 48.87024352219909], [2.388262390986245, 48.870563582322404], [2.388157825229574, 48.87052887307487], [2.386784949520759, 48.87041662513852], [2.386724253848522, 48.87070859859575], [2.386045741031186, 48.871367931138856], [2.38603216816495, 48.87147847985435]]], ""type"": ""Polygon""}";75;75120;Paris 20e Arrondissement;7704;751207704;Belleville 4;H;48.87145497905735, 2.388263928059359;IRIS____0000000751207704
"{""coordinates"": [[[2.327025197965383, 48.873781048188626], [2.326936889585467, 48.87417895906112], [2.331318074108991, 48.874238587323276], [2.33114155587778, 48.87322674382388], [2.327025197965383, 48.873781048188626]]], ""type"": ""Polygon""}";75;75109;Paris 9e Arrondissement;3404;751093404;Chaussée d'Antin 4;A;48.87384111723254, 2.3294206033248828;IRIS____0000000751093404
"{""coordinates"": [[[2.348072533679408, 48.84441595152129], [2.349245824803476, 48.84451857117394], [2.349785027701892, 48.842365732232714], [2.349632899644473, 48.84145385027221], [2.349641713322218, 48.840856720571345], [2.349763831372898, 48.84024221920564], [2.34980492576018, 48.83967854082886], [2.349940538812956, 48.83929255083496], [2.350010715856558, 48.839237171528865], [2.349814478843176, 48.838803510212266], [2.345999825576988, 48.84030354205142], [2.348200004956771, 48.841523396757246], [2.348244562476955, 48.84166483962271], [2.348195689317331, 48.84284903458104], [2.348072533679408, 48.84441595152129]]], ""type"": ""Polygon""}";75;75105;Paris 5e Arrondissement;1908;751051908;Val de Grâce 8;H;48.8413864175857, 2.3486156361467803;IRIS____0000000751051908
"{""coordinates"": [[[2.342631736794723, 48.85034803295929], [2.343821016117944, 48.85276213734537], [2.344281403902505, 48.853756649383996], [2.346713936006374, 48.85311792330493], [2.346818181207789, 48.85306453114882], [2.34488577406675, 48.849587848108385], [2.343653661173407, 48.84992734798526], [2.342631736794723, 48.85034803295929]]], ""type"": ""Polygon""}";75;75105;Paris 5e Arrondissement;2003;751052003;Sorbonne 3;H;48.85169999550233, 2.3446750321255956;IRIS____0000000751052003
"{""coordinates"": [[[2.303141823521401, 48.87915015041041], [2.308778523051354, 48.88039243620689], [2.312550891398833, 48.880851234363746], [2.316297353435521, 48.877783468862084], [2.310691244692598, 48.87753457946199], [2.310441233962838, 48.87757181116328], [2.310099799351292, 48.877511386977844], [2.306660268334812, 48.87736830611166], [2.305373529654847, 48.87795261150079], [2.305182666865955, 48.87795060454004], [2.305141532790596, 48.87806997778563], [2.303141823521401, 48.87915015041041]]], ""type"": ""Polygon""}";75;75108;Paris 8e Arrondissement;3203;751083203;Europe 3;H;48.87890318567666, 2.3098932531359058;IRIS____0000000751083203
"{""coordinates"": [[[2.347901065991873, 48.87401890250044], [2.348226627388438, 48.87578517413156], [2.348666116138794, 48.87662035094149], [2.348995549228066, 48.87720760996743], [2.349544512178655, 48.87735808490816], [2.351408855459954, 48.87710109798889], [2.350506276296961, 48.873818124712905], [2.347901065991873, 48.87401890250044]]], ""type"": ""Polygon""}";75;75110;Paris 10e Arrondissement;3805;751103805;Porte Saint-Denis 5;H;48.87556198919458, 2.3496401996224825;IRIS____0000000751103805
"{""coordinates"": [[[2.374534258323927, 48.87417811391576], [2.37509243793508, 48.87367740156003], [2.3750178670539, 48.87364283750287], [2.374424863032743, 48.872842928547485], [2.372933053946734, 48.87207518359592], [2.371956110488844, 48.87180205931118], [2.370600749757913, 48.87339935650138], [2.373186892614124, 48.874546088840034], [2.373369879361163, 48.87452186550493], [2.374006510433697, 48.87430126209851], [2.374140742902159, 48.874363118752804], [2.374534258323927, 48.87417811391576]]], ""type"": ""Polygon""}";75;75110;Paris 10e Arrondissement;4002;751104002;Hôpital Saint-Louis 2;H;48.87325263582544, 2.3728698601369094;IRIS____0000000751104002
"{""coordinates"": [[[2.364858189028701, 48.866248055796426], [2.364306784904801, 48.86730904968624], [2.363872116727157, 48.867516286784095], [2.364355998683669, 48.86774459219242], [2.365419787037786, 48.86815314168972], [2.367064435257618, 48.868665480627904], [2.367610590375759, 48.86881945659566], [2.367835860204891, 48.86890428519592], [2.36812198358397, 48.8686926525145], [2.368234187908139, 48.868658170560174], [2.36978363460064, 48.86847927630359], [2.371234641388896, 48.86617740067852], [2.3706615022269, 48.86600171469897], [2.368851063636991, 48.86635101856382], [2.365503634753936, 48.86697724813199], [2.365164572995695, 48.866722735178556], [2.364950748000027, 48.86659479362745], [2.364877509683401, 48.86645230897823], [2.364858189028701, 48.866248055796426]]], ""type"": ""Polygon""}";75;75111;Paris 11e Arrondissement;4107;751114107;Folie Méricourt 7;H;48.86743582866377, 2.367828538102044;IRIS____0000000751114107
"{""coordinates"": [[[2.41543707679171, 48.85438623951103], [2.416341130298895, 48.849233783543355], [2.414338843982989, 48.849272564077864], [2.413070580540313, 48.84911256005414], [2.413053651359118, 48.84916374005651], [2.411497826578455, 48.84912731818197], [2.411360533943849, 48.849096964178855], [2.411359133528384, 48.84934158099543], [2.410660653408498, 48.85350573105726], [2.413001537722837, 48.85391115224279], [2.413183936029361, 48.85368900859452], [2.413430571221354, 48.85357150394198], [2.413826583446288, 48.85350149675342], [2.414067510022021, 48.853527858526924], [2.414386668842344, 48.8536265505677], [2.414529909937257, 48.85373517328733], [2.414663964752124, 48.85393368566524], [2.414671200917188, 48.854138772335745], [2.41543707679171, 48.85438623951103]]], ""type"": ""Polygon""}";75;75120;Paris 20e Arrondissement;8008;751208008;Charonne 8;H;48.85148983815448, 2.4135035280397217;IRIS____0000000751208008
"{""coordinates"": [[[2.362491745042108, 48.84764231366469], [2.3644554356846, 48.846185908476926], [2.36608772597324, 48.84496784313141], [2.365127018289573, 48.8444132399945], [2.364901763858922, 48.844112557522166], [2.364550243609042, 48.844445252779344], [2.364244645637394, 48.84458752672374], [2.360987538112927, 48.846847350804296], [2.362366660315122, 48.847619163143634], [2.362491745042108, 48.84764231366469]]], ""type"": ""Polygon""}";75;75105;Paris 5e Arrondissement;1899;751051899;Seine et Berges 2;D;48.84594451536387, 2.3635499199828978;IRIS____0000000751051899
"{""coordinates"": [[[2.333270093392226, 48.85829059658666], [2.332451956624262, 48.85853065908503], [2.332915970801085, 48.859335467833546], [2.336388411505671, 48.85862540093857], [2.336485519998964, 48.8578497992199], [2.336260337146086, 48.85787283291314], [2.335182857488519, 48.857823682763446], [2.334887869343846, 48.85786970918829], [2.333270093392226, 48.85829059658666]]], ""type"": ""Polygon""}";75;75106;Paris 6e Arrondissement;2499;751062499;Seine et Berges 2;D;48.85851042558454, 2.334517993893897;IRIS____0000000751062499
"{""coordinates"": [[[2.381878469681223, 48.87558684715348], [2.381317569390016, 48.87597605873431], [2.380166514056972, 48.876231810110006], [2.37956394812326, 48.876454421100874], [2.379113634779876, 48.876714691433634], [2.378806460724793, 48.876976602217326], [2.378433852677564, 48.87746570340851], [2.378276966453676, 48.87792984317809], [2.37826549028825, 48.87820587829448], [2.378339522931847, 48.878628948346744], [2.378470090168877, 48.878885036221796], [2.378955135925083, 48.87960162172247], [2.379619197435999, 48.88040097148013], [2.380884316497096, 48.881569453284534], [2.3815063665913, 48.88200704388179], [2.381945443159235, 48.882236841264316], [2.382448715710705, 48.88245797484218], [2.383646667206071, 48.88274383875789], [2.3845286285767, 48.882884174274004], [2.385563724495346, 48.88299021550157], [2.388404757730405, 48.880499235895755], [2.38949664739242, 48.8795955875765], [2.38931611044032, 48.87952631777212], [2.388367174253939, 48.87951967478087], [2.386778846676934, 48.87950435487744], [2.385585064325801, 48.87944787162257], [2.384693178622003, 48.87934436467756], [2.383150766814982, 48.87902166173295], [2.382471749342143, 48.87879063054076], [2.382078628941012, 48.87859704467061], [2.381549871104849, 48.87811407161672], [2.381261727985528, 48.87769259503413], [2.381170436147411, 48.8773431825269], [2.381151468634745, 48.8769887477449], [2.381241970243945, 48.87648648889035], [2.381388690955328, 48.876186870130546], [2.381878469681223, 48.87558684715348]]], ""type"": ""Polygon""}";75;75119;Paris 19e Arrondissement;7617;751197617;Buttes Chaumont;D;48.879992173249896, 2.382966218236146;IRIS____0000000751197617
"{""coordinates"": [[[2.33705734899499, 48.85147115134665], [2.337327563408002, 48.84929800154224], [2.335444971336735, 48.84924169233262], [2.332689731891833, 48.848692137436075], [2.331664464160617, 48.84841210989608], [2.331807007886084, 48.85026108877884], [2.332049034555354, 48.851366851517966], [2.332894841014901, 48.85129872237556], [2.332911200691662, 48.85119179006597], [2.333689938016989, 48.85125278880951], [2.333910982318862, 48.85123153564396], [2.334863745017782, 48.85132497291184], [2.335665184107105, 48.851315935122464], [2.33705734899499, 48.85147115134665]]], ""type"": ""Polygon""}";75;75106;Paris 6e Arrondissement;2202;751062202;Odéon 2;H;48.85011832574413, 2.334357219755482;IRIS____0000000751062202
"{""coordinates"": [[[2.322782446683642, 48.84755813535734], [2.324605350047455, 48.84853435336278], [2.325415764865039, 48.84898680681743], [2.32666283214302, 48.84697027036828], [2.326857913979301, 48.84695338092175], [2.325614154392971, 48.84566118814232], [2.324531019632446, 48.84575310811823], [2.324191944741678, 48.846261131685345], [2.324110470757471, 48.84623908673137], [2.322782446683642, 48.84755813535734]]], ""type"": ""Polygon""}";75;75106;Paris 6e Arrondissement;2307;751062307;Notre-Dame des Champs 7;H;48.847211705540424, 2.3249379680918314;IRIS____0000000751062307
"{""coordinates"": [[[2.35425267163513, 48.869323712694474], [2.352661345726701, 48.86968474583187], [2.352641244160752, 48.8697664770975], [2.353638498974924, 48.87157774049351], [2.354396114240612, 48.8728193186646], [2.354557414017715, 48.872785114348964], [2.355905648706567, 48.872243780502124], [2.35425267163513, 48.869323712694474]]], ""type"": ""Polygon""}";75;75110;Paris 10e Arrondissement;3802;751103802;Porte Saint-Denis 2;H;48.871031041730895, 2.3542726173178723;IRIS____0000000751103802
"{""coordinates"": [[[2.374663502121221, 48.871248752414104], [2.375886726070378, 48.87167602635467], [2.376719401215189, 48.871132668901474], [2.376519830689572, 48.87026556753733], [2.376765784513629, 48.87033250009538], [2.377485174690476, 48.86922735975161], [2.376305131785451, 48.868840796242814], [2.375420905086264, 48.86993427790051], [2.375573032756615, 48.86998093787264], [2.374663502121221, 48.871248752414104]]], ""type"": ""Polygon""}";75;75111;Paris 11e Arrondissement;4112;751114112;Folie Méricourt 12;H;48.870300876786494, 2.3760956881877453;IRIS____0000000751114112
"{""coordinates"": [[[2.386230177793193, 48.85293862934246], [2.38771844602672, 48.853281712094365], [2.388440270056142, 48.852858211961504], [2.388617320008402, 48.852752093990674], [2.392516492310897, 48.85040306176172], [2.390577831984812, 48.85047234595318], [2.3865551465213, 48.85045538624872], [2.386230177793193, 48.85293862934246]]], ""type"": ""Polygon""}";75;75111;Paris 11e Arrondissement;4408;751114408;Sainte-Marguerite 8;H;48.85155350782424, 2.388526964188931;IRIS____0000000751114408
"{""coordinates"": [[[2.357268829114893, 48.82618336263139], [2.355157554530081, 48.826070367500684], [2.353647942278496, 48.82599026782112], [2.352936415335568, 48.827566622134505], [2.352733308504167, 48.82812673259062], [2.353339111559984, 48.82760747338113], [2.353716941381906, 48.82745662213598], [2.353984724685533, 48.827502138305775], [2.355140177104091, 48.82791579078073], [2.356234123940003, 48.82823736466817], [2.35661051518468, 48.82831313880137], [2.356766837421886, 48.82778784603599], [2.357357085258662, 48.82786386853147], [2.358450899942885, 48.82808649029135], [2.35972980944877, 48.82643759633401], [2.359987902492018, 48.826162869780546], [2.357268829114893, 48.82618336263139]]], ""type"": ""Polygon""}";75;75113;Paris 13e Arrondissement;5125;751135125;Maison Blanche 25;H;48.82700139550465, 2.356306328873035;IRIS____0000000751135125
"{""coordinates"": [[[2.317385766077479, 48.838433081829365], [2.314830537930849, 48.836303153885005], [2.312900037568412, 48.83485398425226], [2.312219147237678, 48.83514146758646], [2.311284108390557, 48.83569099992344], [2.310091461265694, 48.83635056130378], [2.310231445355416, 48.836376551032245], [2.311500456510372, 48.838496483710955], [2.314545916717449, 48.83867675990723], [2.314701592917188, 48.83864977143635], [2.315703124586235, 48.83874454260163], [2.316074460867092, 48.838791634764036], [2.316571549408641, 48.83901572060109], [2.3167769715992, 48.838831624095576], [2.317021118609606, 48.83881143347959], [2.317385766077479, 48.838433081829365]]], ""type"": ""Polygon""}";75;75115;Paris 15e Arrondissement;5801;751155801;Necker 1;H;48.837168366845695, 2.3134541373357993;IRIS____0000000751155801
"{""coordinates"": [[[2.258950587565175, 48.84440163494573], [2.258787497537317, 48.84475497646106], [2.25869488562401, 48.84513483611699], [2.258716732895638, 48.845993869319464], [2.259014580154068, 48.84670531643791], [2.259660899179801, 48.847731899170164], [2.259731885987998, 48.84791491002762], [2.260211495101523, 48.8479196753617], [2.262188460543758, 48.84794357526027], [2.261861515243065, 48.84735876847037], [2.259464055968265, 48.84374737459511], [2.259266484721686, 48.843938616771474], [2.258950587565175, 48.84440163494573]]], ""type"": ""Polygon""}";75;75116;Paris 16e Arrondissement;6110;751166110;Auteuil 10;H;48.84626543140409, 2.2600860290531974;IRIS____0000000751166110
"{""coordinates"": [[[2.279591750358576, 48.85484161960625], [2.277880093580307, 48.856208221357626], [2.277516523186474, 48.85795347965202], [2.27891227006515, 48.85775234817338], [2.279948129781754, 48.85775229021586], [2.280228092114496, 48.85692296801551], [2.280545558686127, 48.85693027331728], [2.28165264856612, 48.85621114243183], [2.280473014046091, 48.855176087695185], [2.279591750358576, 48.85484161960625]]], ""type"": ""Polygon""}";75;75116;Paris 16e Arrondissement;6212;751166212;Muette 12;H;48.856470003872744, 2.279398900732313;IRIS____0000000751166212
"{""coordinates"": [[[2.277371989292505, 48.86395220436881], [2.279184945785309, 48.865430879523856], [2.279751739590083, 48.866043152389004], [2.280123504224159, 48.86656431424454], [2.280992495285019, 48.86780254615224], [2.281065681888142, 48.867833563655324], [2.284277395216464, 48.86684644076976], [2.283387312339141, 48.86555144663584], [2.283467322449845, 48.86548267567415], [2.283434111795638, 48.865419522286494], [2.283234113182187, 48.86539134415788], [2.28156570156823, 48.863505292790045], [2.278861049238432, 48.86381639038467], [2.277371989292505, 48.86395220436881]]], ""type"": ""Polygon""}";75;75116;Paris 16e Arrondissement;6302;751166302;Porte Dauphine 2;H;48.86549847241328, 2.281129358149452;IRIS____0000000751166302
"{""coordinates"": [[[2.29798895871581, 48.88724913232073], [2.299699415408158, 48.88803617054184], [2.301326860271836, 48.88881370582164], [2.30154407062418, 48.88878619448546], [2.3018126312167, 48.88889568031705], [2.303841360441795, 48.889857184038625], [2.303997141729791, 48.889732183594674], [2.304633561975761, 48.887623355796826], [2.304491412292265, 48.88754518775109], [2.304415546646642, 48.88740535079559], [2.304424250806499, 48.88726420643004], [2.304530487801546, 48.8871721924659], [2.302659347082793, 48.88687352351047], [2.30154349045158, 48.88659272335892], [2.300394691313012, 48.88622718297392], [2.299667438303912, 48.885952232368304], [2.298767312167128, 48.88555305630108], [2.297878799587306, 48.88510267935163], [2.297659407346951, 48.88529295056054], [2.297266894205698, 48.885376983408314], [2.297256735536936, 48.885826590238594], [2.297311426304989, 48.88611919431871], [2.297469854014443, 48.88650593755795], [2.297638491464375, 48.88674255190515], [2.297991213702221, 48.88708186987245], [2.29798895871581, 48.88724913232073]]], ""type"": ""Polygon""}";75;75117;Paris 17e Arrondissement;6612;751176612;Plaine Monceau 12;H;48.887447305615375, 2.301099974270022;IRIS____0000000751176612
"{""coordinates"": [[[2.332303072703811, 48.88386786723006], [2.33274232791497, 48.883748906402325], [2.336109461079046, 48.882763071905075], [2.337773141701888, 48.882328915307575], [2.337528460428007, 48.88205416480559], [2.337409170065508, 48.88199864542357], [2.337211542390125, 48.88199125619143], [2.336163312001624, 48.881212922084636], [2.332056441468493, 48.882789991958134], [2.332404476312233, 48.88361662002848], [2.332254593167777, 48.88371381126943], [2.332303072703811, 48.88386786723006]]], ""type"": ""Polygon""}";75;75109;Paris 9e Arrondissement;3308;751093308;Saint-Georges 8;H;48.882513467629735, 2.3347460223489587;IRIS____0000000751093308
"{""coordinates"": [[[2.349530386371681, 48.87968998015834], [2.349252958934487, 48.878867381437395], [2.34909503783491, 48.87742938727238], [2.346846497318008, 48.87787759954401], [2.347294431719909, 48.87901769997156], [2.345964494553653, 48.87862372810792], [2.345313621251593, 48.8787703591865], [2.345962245202235, 48.87967143925176], [2.348712674963569, 48.879439117237254], [2.349530386371681, 48.87968998015834]]], ""type"": ""Polygon""}";75;75109;Paris 9e Arrondissement;3606;751093606;Rochechouart 6;H;48.8787198849807, 2.3477433474509115;IRIS____0000000751093606
"{""coordinates"": [[[2.366888855469114, 48.86247347801284], [2.366686433327767, 48.86320267494105], [2.365426063659955, 48.86528787220735], [2.364858189028701, 48.866248055796426], [2.364877509683401, 48.86645230897823], [2.364950748000027, 48.86659479362745], [2.365164572995695, 48.866722735178556], [2.370124128220065, 48.863770316365475], [2.366888855469114, 48.86247347801284]]], ""type"": ""Polygon""}";75;75111;Paris 11e Arrondissement;4106;751114106;Folie Méricourt 6;H;48.86444674530314, 2.367217952919142;IRIS____0000000751114106
"{""coordinates"": [[[2.384707528580461, 48.85008435900436], [2.38445763880411, 48.85012714198339], [2.381426253806176, 48.8504082947867], [2.380114712394509, 48.85045546816843], [2.380311179551233, 48.85112380603904], [2.381142850605098, 48.85258416203692], [2.380429043008459, 48.85358954031269], [2.382030497854425, 48.85392518557574], [2.382405600140141, 48.85401345988036], [2.383247845297332, 48.85251678722406], [2.384449460955181, 48.85047335094119], [2.384707528580461, 48.85008435900436]]], ""type"": ""Polygon""}";75;75111;Paris 11e Arrondissement;4406;751114406;Sainte-Marguerite 6;H;48.85179107406794, 2.3821817606643467;IRIS____0000000751114406
"{""coordinates"": [[[2.361867929752779, 48.82369153871465], [2.358340152561356, 48.822807460219096], [2.357268829114893, 48.82618336263139], [2.359987902492018, 48.826162869780546], [2.360037329287836, 48.82602013366371], [2.361867929752779, 48.82369153871465]]], ""type"": ""Polygon""}";75;75113;Paris 13e Arrondissement;5105;751135105;Maison Blanche 5;H;48.82460479106278, 2.359337111556977;IRIS____0000000751135105
"{""coordinates"": [[[2.350390521254306, 48.825817025649364], [2.347360445737356, 48.825655728063424], [2.346586811033202, 48.825760328073294], [2.346584559236159, 48.82648341427278], [2.347272796269908, 48.82786951258897], [2.348732244462202, 48.82738910869325], [2.349012962128545, 48.82759839269229], [2.349412718127939, 48.827656329289496], [2.352358308678247, 48.82804915499158], [2.352733308504167, 48.82812673259062], [2.352936415335568, 48.827566622134505], [2.353647942278496, 48.82599026782112], [2.350390521254306, 48.825817025649364]]], ""type"": ""Polygon""}";75;75113;Paris 13e Arrondissement;5122;751135122;Maison Blanche 22;H;48.82675947595826, 2.350036100649457;IRIS____0000000751135122
"{""coordinates"": [[[2.312769261334383, 48.83474980508804], [2.312900037568412, 48.83485398425226], [2.314830537930849, 48.836303153885005], [2.317385766077479, 48.838433081829365], [2.317652256906603, 48.83816299277993], [2.317740395443661, 48.837882892252686], [2.3181466894595, 48.837444517788896], [2.317955965445234, 48.83733910352321], [2.317897517488317, 48.83722455024321], [2.317911555447738, 48.83708882540093], [2.318020720467377, 48.83697163035023], [2.318148075144674, 48.836921991656425], [2.318464145168007, 48.83692289360167], [2.319067586829267, 48.835992783677966], [2.317785334755146, 48.83528216871992], [2.316841348596852, 48.83475154759734], [2.31595539190578, 48.83426442044075], [2.314972186135517, 48.83371467272677], [2.314338147037387, 48.83396376354628], [2.313101831719507, 48.83463479701822], [2.312769261334383, 48.83474980508804]]], ""type"": ""Polygon""}";75;75114;Paris 14e Arrondissement;5618;751145618;Plaisance 18;H;48.835825533587006, 2.3161306269271775;IRIS____0000000751145618
"{""coordinates"": [[[2.287627304688546, 48.84906546531229], [2.290168353797952, 48.848099362281886], [2.288910770129512, 48.84668618719016], [2.286025257619379, 48.846539493095136], [2.285651360534702, 48.846776492441215], [2.287627304688546, 48.84906546531229]]], ""type"": ""Polygon""}";75;75115;Paris 15e Arrondissement;5906;751155906;Grenelle 6;H;48.84762294604004, 2.287915419589716;IRIS____0000000751155906
"{""coordinates"": [[[2.316825161615583, 48.885672743009984], [2.319257783067969, 48.8832898797878], [2.317654246216639, 48.88286615909932], [2.315485546026093, 48.884878176876896], [2.316825161615583, 48.885672743009984]]], ""type"": ""Polygon""}";75;75117;Paris 17e Arrondissement;6708;751176708;Batignolles 8;H;48.884195271713224, 2.317313073985491;IRIS____0000000751176708
"{""coordinates"": [[[2.319369538736749, 48.887154940525825], [2.318446308098672, 48.886632574288804], [2.318517041415517, 48.88654214457098], [2.318457079224413, 48.886434782993454], [2.318340279180124, 48.88639814488477], [2.318106700734094, 48.88642739208451], [2.316825161615583, 48.885672743009984], [2.316413852128923, 48.88604811434514], [2.315683897256829, 48.8865952341836], [2.314645603873406, 48.88715137683596], [2.314086552445337, 48.88735232344321], [2.314268297117372, 48.88742800881135], [2.314973681957161, 48.887921281718775], [2.316682333758613, 48.88969822507248], [2.317968817087746, 48.888937533698034], [2.317259593882593, 48.888421774031016], [2.319369538736749, 48.887154940525825]]], ""type"": ""Polygon""}";75;75117;Paris 17e Arrondissement;6712;751176712;Batignolles 12;H;48.8875544994064, 2.316767013407349;IRIS____0000000751176712
"{""coordinates"": [[[2.337800457656781, 48.882325469070736], [2.337773141701888, 48.882328915307575], [2.336109461079046, 48.882763071905075], [2.33676637561633, 48.88386119848073], [2.336948202277596, 48.884360434519415], [2.334311325230097, 48.88539262250227], [2.33477071493555, 48.8858331490881], [2.336130103028415, 48.885422506099914], [2.337457050622775, 48.884880366028646], [2.337725798612813, 48.88476494004218], [2.338444416374844, 48.884231113667816], [2.339127258581009, 48.883936307179845], [2.337800457656781, 48.882325469070736]]], ""type"": ""Polygon""}";75;75118;Paris 18e Arrondissement;6901;751186901;Grandes Carrières 1;H;48.8840180727183, 2.337064671802912;IRIS____0000000751186901
"{""coordinates"": [[[2.353199548367455, 48.89089749654585], [2.353317908638677, 48.890372031662416], [2.353366459226208, 48.889757156378224], [2.353593179941821, 48.88896157913483], [2.353566491291557, 48.888474900295236], [2.351531212328244, 48.88829931857893], [2.351636332329081, 48.889057119561464], [2.351459240576514, 48.890464502252286], [2.35163297670859, 48.89118849905594], [2.353199548367455, 48.89089749654585]]], ""type"": ""Polygon""}";75;75118;Paris 18e Arrondissement;7107;751187107;Goutte d'Or 7;H;48.889675895276056, 2.352461409594282;IRIS____0000000751187107
"{""coordinates"": [[[2.300991315923401, 48.86474091944901], [2.300297979606477, 48.865007572139895], [2.299841599006072, 48.86498691611407], [2.29983829121079, 48.86553729849254], [2.298906435388405, 48.86853476596776], [2.301008892315762, 48.86993295479943], [2.301448889881984, 48.86497742192373], [2.301361074980032, 48.864715198657905], [2.300991315923401, 48.86474091944901]]], ""type"": ""Polygon""}";75;75108;Paris 8e Arrondissement;2904;751082904;Champs Élysées 4;A;48.867231258002064, 2.300361761646304;IRIS____0000000751082904
"{""coordinates"": [[[2.34128286098483, 48.83027487399309], [2.341600018072802, 48.82835285906384], [2.341592211729773, 48.82649020905758], [2.336683328732611, 48.827216759698985], [2.336514501431962, 48.8278525814317], [2.336704518211412, 48.830369186756094], [2.34128286098483, 48.83027487399309]]], ""type"": ""Polygon""}";75;75114;Paris 14e Arrondissement;5407;751145407;Parc de Montsouris 7;A;48.8285584302197, 2.3391373802901136;IRIS____0000000751145407
"{""coordinates"": [[[2.261492487377966, 48.83407005279487], [2.255144238417505, 48.834809549360955], [2.255072103122054, 48.83489993734611], [2.253546694861461, 48.836675692426276], [2.252304927925927, 48.83814201508771], [2.251930255061035, 48.83861634177484], [2.251709308946856, 48.838821816226], [2.251308552889278, 48.84205975445579], [2.251216230486769, 48.84289019703325], [2.252477551164904, 48.845485576360986], [2.255873395884249, 48.84538263371415], [2.255833377597784, 48.84513146055963], [2.255299469687428, 48.84416041552644], [2.254669029950221, 48.842699507382804], [2.254757217625165, 48.842630805136736], [2.254733773561864, 48.84255511181366], [2.254633350415072, 48.842526605602465], [2.254631422904379, 48.84247083250605], [2.254845654795527, 48.84140101414671], [2.254664480046929, 48.84111208597531], [2.254500593095844, 48.840948278123484], [2.254453874527906, 48.84078520032222], [2.254706908516026, 48.83928841943274], [2.255357206318943, 48.8385936548796], [2.255140283347635, 48.83832788788105], [2.25643607833931, 48.83822622600498], [2.256369382940588, 48.83803064686716], [2.256436825427354, 48.83779183214456], [2.256525656669833, 48.83767726418241], [2.256811457641323, 48.8375081587918], [2.256597394746443, 48.83713718492372], [2.256629843837478, 48.83705914083522], [2.256495913743323, 48.836610418810615], [2.256857789277253, 48.83636084210122], [2.25700314123815, 48.836295191169704], [2.258872355769027, 48.83620066111265], [2.258990517206156, 48.83622657574902], [2.259241917524775, 48.83646376966459], [2.26128588756636, 48.8356705688222], [2.261574882607577, 48.83556262928875], [2.261755861499594, 48.83557813647484], [2.26292631783592, 48.83672306626253], [2.26360898293759, 48.836620245236844], [2.263731650692439, 48.83652027024083], [2.263777517997083, 48.83635956421378], [2.26197760835464, 48.83463875601391], [2.261492487377966, 48.83407005279487]]], ""type"": ""Polygon""}";75;75116;Paris 16e Arrondissement;6131;751166131;Auteuil 31;A;48.83915012457528, 2.255278583113491;IRIS____0000000751166131
"{""coordinates"": [[[2.364158198814394, 48.843184964533684], [2.361966407324183, 48.840242273187656], [2.361659982190581, 48.840342266479865], [2.359329519527566, 48.840278544063516], [2.358339298223169, 48.84003130769126], [2.356600687483709, 48.839705392806614], [2.356354712068096, 48.84009529299736], [2.355959769422451, 48.84118319611195], [2.363170745123504, 48.843039411734374], [2.363859582915653, 48.84320226357165], [2.364158198814394, 48.843184964533684]]], ""type"": ""Polygon""}";75;75105;Paris 5e Arrondissement;1805;751051805;Jardin des Plantes 5;H;48.84130158805783, 2.3599985301606714;IRIS____0000000751051805
"{""coordinates"": [[[2.396012785487526, 48.85433113890084], [2.397079060811191, 48.85299108950569], [2.398394619444394, 48.8513015359851], [2.39516854179008, 48.850745660473905], [2.394489227175594, 48.85068466601622], [2.392700281911386, 48.853576006568716], [2.393207640646957, 48.85366042139388], [2.396012785487526, 48.85433113890084]]], ""type"": ""Polygon""}";75;75111;Paris 11e Arrondissement;4410;751114410;Sainte-Marguerite 10;H;48.852431011525894, 2.3954559966501545;IRIS____0000000751114410
"{""coordinates"": [[[2.371972995041218, 48.83659254534896], [2.373758191986649, 48.83746259740228], [2.374334535958598, 48.83677849867463], [2.3755349388416, 48.83551756555337], [2.379065570042804, 48.8327128335902], [2.379770123552832, 48.83223442794216], [2.37672369027673, 48.83055475808761], [2.371455904810645, 48.83608888255327], [2.371489795810153, 48.83621587123081], [2.371416714981113, 48.83628833583443], [2.371972995041218, 48.83659254534896]]], ""type"": ""Polygon""}";75;75113;Paris 13e Arrondissement;5018;751135018;Gare 18;H;48.833946671759136, 2.3754457982552997;IRIS____0000000751135018
"{""coordinates"": [[[2.312326034472715, 48.83096359055444], [2.31334337002551, 48.83015729925403], [2.313827927603143, 48.830394817455606], [2.314289867066489, 48.830695160242406], [2.316139261464687, 48.829802775881696], [2.317300691114629, 48.829221219206225], [2.315631834522735, 48.82809015769784], [2.311745323330049, 48.83068324241682], [2.312326034472715, 48.83096359055444]]], ""type"": ""Polygon""}";75;75114;Paris 14e Arrondissement;5608;751145608;Plaisance 8;H;48.8295520498994, 2.3148051179320763;IRIS____0000000751145608
"{""coordinates"": [[[2.295081656302675, 48.84996131359703], [2.292407257810392, 48.85071178336349], [2.292377071320709, 48.850726893987066], [2.291527898791559, 48.851540287747696], [2.29192859317464, 48.85153816288143], [2.293045464345683, 48.851383781560735], [2.294772936406392, 48.851123268309316], [2.294941848961062, 48.851028032139105], [2.295875092108045, 48.85165318755853], [2.295975057235893, 48.85171852976652], [2.29654966910788, 48.85135137283141], [2.296449971083751, 48.851266246712626], [2.297031412297062, 48.850897328799], [2.296990414931585, 48.85070372525285], [2.297407618020578, 48.85028527472587], [2.298549053881686, 48.849517621565], [2.297917369232447, 48.8490660339977], [2.295081656302675, 48.84996131359703]]], ""type"": ""Polygon""}";75;75115;Paris 15e Arrondissement;5915;751155915;Grenelle 15;H;48.850507017087764, 2.2953778839415513;IRIS____0000000751155915
"{""coordinates"": [[[2.279310158549797, 48.861208272305376], [2.281032911144368, 48.860232042399105], [2.279006186823759, 48.859731498719704], [2.278032220167486, 48.8594917941146], [2.274939456369508, 48.85832191833792], [2.275230714503894, 48.859625951474484], [2.275026157273521, 48.860417045070704], [2.275450775788483, 48.861247922956395], [2.277041219337135, 48.86057852853679], [2.278338979918758, 48.86174922727811], [2.279310158549797, 48.861208272305376]]], ""type"": ""Polygon""}";75;75116;Paris 16e Arrondissement;6217;751166217;Muette 17;H;48.86015193309652, 2.2774268356173537;IRIS____0000000751166217
"{""coordinates"": [[[2.298906435388405, 48.86853476596776], [2.29983829121079, 48.86553729849254], [2.299841599006072, 48.86498691611407], [2.300297979606477, 48.865007572139895], [2.300991315923401, 48.86474091944901], [2.301395548741394, 48.864584094856504], [2.301635346720621, 48.8644910626629], [2.301662484441652, 48.864195334932994], [2.301533177377724, 48.86418109010012], [2.301398659771062, 48.864250454255206], [2.301213528653392, 48.86423138645611], [2.301175303334416, 48.86433728654699], [2.300884144988763, 48.864296014691625], [2.300930850739201, 48.86416768047241], [2.298916125008466, 48.863864505639164], [2.29637884617477, 48.86329561506039], [2.294025532827251, 48.86253349541154], [2.293269894112597, 48.862066768376444], [2.292554712310976, 48.86253650147966], [2.294128996691088, 48.863348018991516], [2.295824849538258, 48.86434639580732], [2.295536099367136, 48.86493377086893], [2.295875364911576, 48.86494566020865], [2.295787739288439, 48.8656799132704], [2.296012477455542, 48.865794553415434], [2.296656577250507, 48.86655199463225], [2.297619062697003, 48.86745699494891], [2.298906435388405, 48.86853476596776]]], ""type"": ""Polygon""}";75;75116;Paris 16e Arrondissement;6401;751166401;Chaillot 1;H;48.865049248672385, 2.2975398893440273;IRIS____0000000751166401
"{""coordinates"": [[[2.325365926885522, 48.89346707317598], [2.324801429436822, 48.89356011928668], [2.323423080593999, 48.89351726607593], [2.322712932858676, 48.89358789559307], [2.324500281294131, 48.89585169391235], [2.326625744099785, 48.895609155961296], [2.325365926885522, 48.89346707317598]]], ""type"": ""Polygon""}";75;75117;Paris 17e Arrondissement;6810;751176810;Épinettes 10;H;48.89460272683629, 2.3247596142810365;IRIS____0000000751176810
"{""coordinates"": [[[2.32638169139828, 48.885797937163254], [2.325595877207139, 48.88750763507372], [2.326283724581081, 48.88957546423563], [2.327883873308931, 48.8888038409195], [2.327504084541049, 48.888326863585995], [2.327613695365872, 48.88818178806187], [2.328559917332305, 48.88735342074406], [2.328600599230267, 48.88726551468481], [2.32638169139828, 48.885797937163254]]], ""type"": ""Polygon""}";75;75118;Paris 18e Arrondissement;6905;751186905;Grandes Carrières 5;H;48.88767478485884, 2.3268721022580885;IRIS____0000000751186905
"{""coordinates"": [[[2.398970827290457, 48.879916022987125], [2.398873970014467, 48.87992003332934], [2.398222169718561, 48.88015867797509], [2.39741687420879, 48.880346184208044], [2.397110864196961, 48.88039590526063], [2.396753520922193, 48.88040399780574], [2.396866196749146, 48.880800269658295], [2.397114911491462, 48.88098858247803], [2.396655798938534, 48.881306430098014], [2.395854177247425, 48.881410306844515], [2.393263503359809, 48.88198536552162], [2.393282677820898, 48.88209518055682], [2.393224928319992, 48.88213625691642], [2.393377685449765, 48.88225034616646], [2.394674035407399, 48.88310856937509], [2.394974933596798, 48.883265673657526], [2.395163787200536, 48.88332508402303], [2.396969650013668, 48.88364176252595], [2.397215485366279, 48.883255391286255], [2.397770277524385, 48.88291913749005], [2.398317301819056, 48.88278249234407], [2.399635276158721, 48.88260114954657], [2.400065070690988, 48.8824603112013], [2.400398798533832, 48.88225423875774], [2.400512408229371, 48.882098324957475], [2.400552152531873, 48.88184401465294], [2.400481843308716, 48.88167368991541], [2.399967782553681, 48.881081156295444], [2.39995701781123, 48.880831988747936], [2.400031219602414, 48.88066418643625], [2.398584892235462, 48.8801569033721], [2.398970827290457, 48.879916022987125]]], ""type"": ""Polygon""}";75;75119;Paris 19e Arrondissement;7513;751197513;Amérique 13;H;48.88192511558656, 2.397272388273964;IRIS____0000000751197513
"{""coordinates"": [[[2.394335991389593, 48.88684894801374], [2.394311078812686, 48.88652866305529], [2.394366753535669, 48.88643181779229], [2.39430092958036, 48.886346049130935], [2.394359358815732, 48.88612960779608], [2.394451443250671, 48.88489530195323], [2.394974933596798, 48.883265673657526], [2.394674035407399, 48.88310856937509], [2.393377685449765, 48.88225034616646], [2.391280565030458, 48.88434232598225], [2.392097403604606, 48.88469181685904], [2.392750140027894, 48.88508183873438], [2.393469517994006, 48.88572220649557], [2.393991114892208, 48.88636786386751], [2.393970485665803, 48.88649995995069], [2.394335991389593, 48.88684894801374]]], ""type"": ""Polygon""}";75;75119;Paris 19e Arrondissement;7517;751197517;Amérique 17;H;48.88419319003367, 2.3934317236552616;IRIS____0000000751197517
"{""coordinates"": [[[2.405419679407623, 48.86922549200099], [2.406831569565314, 48.86998254331241], [2.407004142761939, 48.870031962517515], [2.407995305756252, 48.870506321785996], [2.40815466860156, 48.870518801228116], [2.408323404977569, 48.87066622701055], [2.408697804628777, 48.87083085670916], [2.408707815938089, 48.87054941441073], [2.40882401769707, 48.86907957504004], [2.409011171766067, 48.86808403457824], [2.40880003125866, 48.86794988999746], [2.40866373726753, 48.86794741802942], [2.408553965860712, 48.86789021741674], [2.407830031257993, 48.867416284531494], [2.407823777869464, 48.86736679003307], [2.407746253345779, 48.86735111770604], [2.406320308386401, 48.866397050293685], [2.405709143644482, 48.86751279360032], [2.405500254252798, 48.86897407808554], [2.405419679407623, 48.86922549200099]]], ""type"": ""Polygon""}";75;75120;Paris 20e Arrondissement;7805;751207805;Saint-Fargeau 5;H;48.868637763635014, 2.4072402737422722;IRIS____0000000751207805
"{""coordinates"": [[[2.467319402317011, 48.839099389262024], [2.467913269660948, 48.83844820072529], [2.469472533957363, 48.837047633652084], [2.469803238423912, 48.83654725866266], [2.469834017515896, 48.8357982301586], [2.469496032469829, 48.834471077153125], [2.468618156780551, 48.833587606722695], [2.466938823254061, 48.8327491252132], [2.466273218864984, 48.832295577079314], [2.465627464284061, 48.83163436117731], [2.465272790705598, 48.83101761246408], [2.464702177139617, 48.829276591461515], [2.464646704073335, 48.82778070050183], [2.464661941154306, 48.82762337985874], [2.465094593138125, 48.82754077546693], [2.465232235297584, 48.82766730210743], [2.466178324692475, 48.827327971465536], [2.465730572119004, 48.82622604797663], [2.465712037823177, 48.82617380194599], [2.464598001665879, 48.827217479972525], [2.464492557559454, 48.82727186914261], [2.464400055728802, 48.82725976315618], [2.463773960708556, 48.82787392193182], [2.462422820237065, 48.82891831385412], [2.459053475242967, 48.831211787251966], [2.456805506747497, 48.832673854491354], [2.455512556914362, 48.83359971370111], [2.454482997997905, 48.834477295134214], [2.453753556979027, 48.83518356109175], [2.45315947447118, 48.83584187575106], [2.451732596216349, 48.835368576301846], [2.449988663626005, 48.834862324395004], [2.448181177005851, 48.8344429914813], [2.447119302375739, 48.834243825842094], [2.445563250383537, 48.83401268207416], [2.445196307791905, 48.833801429363234], [2.445116693866445, 48.83385771981851], [2.444966153617301, 48.83379406603503], [2.444653988107251, 48.83394011232225], [2.444197833292716, 48.83404681623563], [2.438107223117105, 48.83477112463956], [2.437932322931125, 48.83469295780759], [2.437920067468489, 48.83456609025708], [2.437745696301247, 48.834565270709255], [2.437569293335748, 48.83462649729464], [2.43748618838643, 48.834752916445716], [2.431461116476914, 48.83544751607656], [2.431422554034394, 48.8351109716035], [2.431318971075696, 48.835114975978364], [2.431250289180747, 48.83504180112615], [2.431130201876727, 48.83506011664378], [2.430421542305488, 48.8345827804441], [2.430129360051478, 48.834267511307615], [2.429646969351135, 48.833407219964506], [2.429466300876155, 48.83298635565723], [2.429369817403646, 48.832591074763876], [2.429367873135682, 48.832270891947125], [2.428575919683188, 48.831319180768], [2.428140735629803, 48.83063088517699], [2.426836006727276, 48.828869076684384], [2.426250780625248, 48.82906952747313], [2.425194231552602, 48.829269509773894], [2.421726916775437, 48.82943716513288], [2.421230349485718, 48.82950221563137], [2.420254941054463, 48.82975291153366], [2.419687621979228, 48.828831006854145], [2.419584580413113, 48.828542709159905], [2.419341132877242, 48.828141308661394], [2.419344928851367, 48.82804509469526], [2.418206498286686, 48.827769751403395], [2.417228594794478, 48.82775779517464], [2.416086487334754, 48.82793389675379], [2.414974872999408, 48.82818388482352], [2.413507749712774, 48.8286731503778], [2.412174780526696, 48.82922241559132], [2.411568057102007, 48.82951172650801], [2.411456209381473, 48.82952466666784], [2.410763053288084, 48.829867510142414], [2.409253799429012, 48.83070097322671], [2.408806188529885, 48.83113135692287], [2.408349050623672, 48.83144027722474], [2.407761514383435, 48.831715273544596], [2.407078934789162, 48.831961915461356], [2.406247243241077, 48.83214305895757], [2.405091390765795, 48.83231808790611], [2.404584298728419, 48.83234614300572], [2.403894202061208, 48.83229503915268], [2.404177933082124, 48.832500609019576], [2.404435713882528, 48.83295067640842], [2.405530408694009, 48.83324212051136], [2.407250314698875, 48.83414192690322], [2.407560248455296, 48.83432153658171], [2.407781085115324, 48.834549269962224], [2.407979003756543, 48.83487581945846], [2.408170135527091, 48.83496040615011], [2.409774435716869, 48.834408029855595], [2.409829812222219, 48.834330058440905], [2.410270628702279, 48.834140668155115], [2.410880016072129, 48.833982685013616], [2.411471874927621, 48.833928938764416], [2.413505425613419, 48.83372308014708], [2.415470466512807, 48.83379385633145], [2.417337888379132, 48.834188794954976], [2.419796237439636, 48.834983191073405], [2.422138636243513, 48.835797660946675], [2.421475736306939, 48.83709583237338], [2.421062063196677, 48.83889075238744], [2.420772547136299, 48.83968708233438], [2.420393582068758, 48.84043980849446], [2.419538952900591, 48.84144924084109], [2.419356954364107, 48.84249790724947], [2.419848924917877, 48.84310196350685], [2.419859968239215, 48.84345636330148], [2.421847988927573, 48.844437291181855], [2.422435387811295, 48.844057902616576], [2.423491922523837, 48.842655507256126], [2.42394800402987, 48.84219633453237], [2.424347225006843, 48.84195003385901], [2.424919695918368, 48.84180799083186], [2.427575156761254, 48.8415707057858], [2.431532950269272, 48.84122803747784], [2.433544643445916, 48.841046017299234], [2.43366970903699, 48.84119770134942], [2.437184204443509, 48.8408932178286], [2.437958319623622, 48.8446642548822], [2.440519707011923, 48.84443973100867], [2.440615688866212, 48.84489165510538], [2.440801139730464, 48.84487903179578], [2.44086390998716, 48.84525165723013], [2.440681366302255, 48.84524720653057], [2.44075815339398, 48.84596434932025], [2.446646486889991, 48.845801966169354], [2.446497282929874, 48.84496757660238], [2.44785282741999, 48.844863220162665], [2.457843527623447, 48.84354999192107], [2.459873497765622, 48.84318144620543], [2.461793922353881, 48.84273053214358], [2.463741475493356, 48.84202339313839], [2.465258517101661, 48.84117399934276], [2.466164109594403, 48.84042258648524], [2.467319402317011, 48.839099389262024]]], ""type"": ""Polygon""}";75;75112;Paris 12e Arrondissement;4577;751124577;Bois de Vincennes 1;D;48.83699980656304, 2.4409402582936366;IRIS____0000000751124577
"{""coordinates"": [[[2.367327839507425, 48.86067171197265], [2.367251725976692, 48.86099057751031], [2.366888855469114, 48.86247347801284], [2.370124128220065, 48.863770316365475], [2.371433996086778, 48.862986679791085], [2.371867846923835, 48.86250241235734], [2.372154088982339, 48.86193732717635], [2.370086502856326, 48.86135807589459], [2.367327839507425, 48.86067171197265]]], ""type"": ""Polygon""}";75;75111;Paris 11e Arrondissement;4209;751114209;Saint-Ambroise 9;H;48.86221447468674, 2.369344660543198;IRIS____0000000751114209
"{""coordinates"": [[[2.397515647030773, 48.8482348175889], [2.39912112864224, 48.8480980956213], [2.399022916678645, 48.8475157202516], [2.399094141439523, 48.84736588582986], [2.40230113504029, 48.845174933144506], [2.40225665474387, 48.84501372619253], [2.401845352463756, 48.84499548203783], [2.398383534568902, 48.845297394824016], [2.398116063222968, 48.84556765500349], [2.397104688301196, 48.84700692739036], [2.396706816189449, 48.84747528425737], [2.396980574725568, 48.84760527207497], [2.397273712919334, 48.84782709100832], [2.397429956675641, 48.8479852649998], [2.397515647030773, 48.8482348175889]]], ""type"": ""Polygon""}";75;75112;Paris 12e Arrondissement;4624;751124624;Picpus 24;H;48.84643723488086, 2.3991185615200195;IRIS____0000000751124624
"{""coordinates"": [[[2.351870772035156, 48.83680458562331], [2.353043375796223, 48.83716888165571], [2.353578425801318, 48.83643069593469], [2.353253903363424, 48.83623287959204], [2.354154738833008, 48.83554973072436], [2.354669150629862, 48.835925744828074], [2.354863360409535, 48.83630542616635], [2.35510422835905, 48.83621768768847], [2.357749723967437, 48.83723561490649], [2.358316783003711, 48.83643732267558], [2.355787300111544, 48.835404742748466], [2.354725892085356, 48.83486389728746], [2.356824681381366, 48.83325723681437], [2.35578459552453, 48.83187560283565], [2.355577096100367, 48.83146976807077], [2.353209114962895, 48.834901572705625], [2.352866303142902, 48.83529993741681], [2.351870772035156, 48.83680458562331]]], ""type"": ""Polygon""}";75;75113;Paris 13e Arrondissement;4905;751134905;Salpêtrière 5;H;48.834892735809, 2.3550088239213216;IRIS____0000000751134905
"{""coordinates"": [[[2.285401567061637, 48.86946486565538], [2.285318302054727, 48.869869974065594], [2.284692009848246, 48.872192841196366], [2.287222724804209, 48.8724669490372], [2.291574191963458, 48.86898533381962], [2.291512868977213, 48.868883344624905], [2.289813883882471, 48.86910980406469], [2.285645993948298, 48.869634502633104], [2.285564197283978, 48.86953508623401], [2.285401567061637, 48.86946486565538]]], ""type"": ""Polygon""}";75;75116;Paris 16e Arrondissement;6406;751166406;Chaillot 6;H;48.87061454052353, 2.2875021768903485;IRIS____0000000751166406
"{""coordinates"": [[[2.309534485272158, 48.89670343665838], [2.312451445254302, 48.8977823179703], [2.315106047800934, 48.89859432690846], [2.318520205834404, 48.89963812813332], [2.319887174744135, 48.90045978208204], [2.320434138736961, 48.900775849598595], [2.323269608756061, 48.9008125888644], [2.325836365736297, 48.900953868187216], [2.329737986512133, 48.90103602068722], [2.330147116964155, 48.90104370551039], [2.329466545990975, 48.89902272720422], [2.324053140068832, 48.89887988134478], [2.323889805695574, 48.89885287910869], [2.323809499329294, 48.89873461487315], [2.323333590059561, 48.898723833033664], [2.323038897602212, 48.898728462881934], [2.322093559252767, 48.89894254959778], [2.321654219424423, 48.89874221164615], [2.314667226411478, 48.896077313542484], [2.314552732589429, 48.896071262336356], [2.313664904744496, 48.896476268476306], [2.312556524858906, 48.89560925923628], [2.311979102604343, 48.8952318246817], [2.310652716999357, 48.89600031296037], [2.310584780172664, 48.89608355892], [2.310449542959178, 48.89609896812267], [2.310189925225794, 48.89623686803623], [2.30999978701664, 48.89627804084856], [2.309534485272158, 48.89670343665838]]], ""type"": ""Polygon""}";75;75117;Paris 17e Arrondissement;6817;751176817;Épinettes 17;H;48.898741384639976, 2.3200351481068084;IRIS____0000000751176817
"{""coordinates"": [[[2.359897064492201, 48.89025179927595], [2.359880513172222, 48.889046617266075], [2.356051141857808, 48.88870592500722], [2.355942792620035, 48.889196373422614], [2.355803643593266, 48.890412409965556], [2.356343015337533, 48.89035865310572], [2.359897064492201, 48.89025179927595]]], ""type"": ""Polygon""}";75;75118;Paris 18e Arrondissement;7109;751187109;Goutte d'Or 9;H;48.88959898376084, 2.3577876011791656;IRIS____0000000751187109
"{""coordinates"": [[[2.395790439826638, 48.88948950972452], [2.396003226159205, 48.88878101920572], [2.395844689030623, 48.88822264022846], [2.395528922361719, 48.88816888592117], [2.395382857080945, 48.88806382714876], [2.394335991389593, 48.88684894801374], [2.393970485665803, 48.88649995995069], [2.393991114892208, 48.88636786386751], [2.393469517994006, 48.88572220649557], [2.392750140027894, 48.88508183873438], [2.392097403604606, 48.88469181685904], [2.391280565030458, 48.88434232598225], [2.39044302083763, 48.88401520708665], [2.390225603536289, 48.884299186096534], [2.38999362212768, 48.88547701909882], [2.389806440214849, 48.886089404268304], [2.393457455983595, 48.886406530535545], [2.393712534083305, 48.88722081024845], [2.393112671240337, 48.88884374525179], [2.395358677524186, 48.8894414649466], [2.395477831440868, 48.88939799985747], [2.395790439826638, 48.88948950972452]]], ""type"": ""Polygon""}";75;75119;Paris 19e Arrondissement;7520;751197520;Amérique 20;H;48.88670468301631, 2.392927417568261;IRIS____0000000751197520
"{""coordinates"": [[[2.350955108041352, 48.86340168750283], [2.351510758459, 48.86442725524994], [2.353317310341061, 48.8648345406996], [2.355157799621591, 48.86426439420452], [2.354297676479053, 48.86272367482045], [2.354246941428445, 48.86263796319967], [2.350955108041352, 48.86340168750283]]], ""type"": ""Polygon""}";75;75103;Paris 3e Arrondissement;1204;751031204;Sainte-Avoye 4;H;48.86379433715285, 2.3531351531943003;IRIS____0000000751031204
"{""coordinates"": [[[2.370575635491561, 48.87773401462413], [2.372341359986538, 48.87614876838918], [2.373300707155033, 48.87528503825158], [2.373175302318366, 48.875282582988405], [2.372490184245429, 48.874660251475106], [2.371427311420273, 48.87483813932202], [2.370318304415444, 48.8752226219976], [2.370328293473015, 48.87405803592462], [2.3700560834056, 48.87413214789047], [2.368540047514563, 48.876152159653735], [2.369906879654463, 48.877562321417145], [2.370066291358343, 48.87768457023517], [2.370388704563797, 48.87763230641181], [2.370575635491561, 48.87773401462413]]], ""type"": ""Polygon""}";75;75110;Paris 10e Arrondissement;4006;751104006;Hôpital Saint-Louis 6;H;48.875942725565785, 2.37071363146706;IRIS____0000000751104006
"{""coordinates"": [[[2.37856472569805, 48.86798288835835], [2.379930174547179, 48.8666508529091], [2.380197020361616, 48.866335667200836], [2.379214351165468, 48.866091349637934], [2.377337092336681, 48.86564901469399], [2.375903755434975, 48.86729633649345], [2.37856472569805, 48.86798288835835]]], ""type"": ""Polygon""}";75;75111;Paris 11e Arrondissement;4102;751114102;Folie Méricourt 2;H;48.86680886444709, 2.3780259238830235;IRIS____0000000751114102
"{""coordinates"": [[[2.378734180132954, 48.853317242403584], [2.378520495385053, 48.85329364893751], [2.378214175614867, 48.853266875689016], [2.376840388761047, 48.85327052109499], [2.376928150635784, 48.853339328846914], [2.376899787834004, 48.853431814355815], [2.375096027589469, 48.855764316876844], [2.376788065116468, 48.856391893631375], [2.377599385489332, 48.855333085303464], [2.378067357824907, 48.854606145579005], [2.37796722049732, 48.85443205041641], [2.37816153035812, 48.854366508430964], [2.378734180132954, 48.853317242403584]]], ""type"": ""Polygon""}";75;75111;Paris 11e Arrondissement;4309;751114309;Roquette 9;H;48.854737235203324, 2.376945451033225;IRIS____0000000751114309
"{""coordinates"": [[[2.391973134719696, 48.84896853151506], [2.395957776088524, 48.848378053898536], [2.397515647030773, 48.8482348175889], [2.397429956675641, 48.8479852649998], [2.397273712919334, 48.84782709100832], [2.396980574725568, 48.84760527207497], [2.396706816189449, 48.84747528425737], [2.397104688301196, 48.84700692739036], [2.398116063222968, 48.84556765500349], [2.398383534568902, 48.845297394824016], [2.395380681161972, 48.84561681702532], [2.395171331992444, 48.84545657277364], [2.394468346088699, 48.84626603454286], [2.393684108140836, 48.84714702836407], [2.392842540255944, 48.84803402103886], [2.391973134719696, 48.84896853151506]]], ""type"": ""Polygon""}";75;75112;Paris 12e Arrondissement;4623;751124623;Picpus 23;H;48.84716839651352, 2.3953977751816455;IRIS____0000000751124623
"{""coordinates"": [[[2.386471597678369, 48.83590692844734], [2.385348012386388, 48.83529678661284], [2.383181882686851, 48.8370205105527], [2.382037472971983, 48.83793825041155], [2.381796138188216, 48.83818342897268], [2.381096812182529, 48.83867536182267], [2.379593457083153, 48.83986732386837], [2.379022778154241, 48.84042196718047], [2.379246752768189, 48.8404923805013], [2.379611043993065, 48.84045020161576], [2.379702850641926, 48.84040660898344], [2.388113048382447, 48.838943493183294], [2.390022187145195, 48.83705289021721], [2.387680116776006, 48.836479720783], [2.387639216111589, 48.83636619150659], [2.387059878174761, 48.836045748531554], [2.386915759237294, 48.836020727081134], [2.386774849221255, 48.83607036917073], [2.386471597678369, 48.83590692844734]]], ""type"": ""Polygon""}";75;75112;Paris 12e Arrondissement;4702;751124702;Bercy 2;H;48.8380343685198, 2.3849006354305793;IRIS____0000000751124702
"{""coordinates"": [[[2.377479991029247, 48.846275974072924], [2.377753407608502, 48.84620185045067], [2.381649777473593, 48.84431901172487], [2.379800729009935, 48.843631323599226], [2.379530581239957, 48.84377561894657], [2.379427855174725, 48.84370583546365], [2.377145286181244, 48.844523182101035], [2.375994620958154, 48.845144038640406], [2.375782802108333, 48.8449675587446], [2.375599031795129, 48.84495221000621], [2.374416999932121, 48.84557288756595], [2.374202542789599, 48.845843372062646], [2.37438805855137, 48.84594057360501], [2.377479991029247, 48.846275974072924]]], ""type"": ""Polygon""}";75;75112;Paris 12e Arrondissement;4802;751124802;Quinze-Vingts 2;H;48.84505304084271, 2.3779814072886416;IRIS____0000000751124802
"{""coordinates"": [[[2.378034720253083, 48.82628417225506], [2.378546120486892, 48.82600532703686], [2.379169339446934, 48.825601147834256], [2.379359291259948, 48.82543485029336], [2.378333608279481, 48.82509315686066], [2.37809125462591, 48.82508470175271], [2.377830080564656, 48.824941242098255], [2.377117815978486, 48.824703696913545], [2.376961069554161, 48.8245985529117], [2.376414418302487, 48.82440863364979], [2.374577842234723, 48.825584418231436], [2.374778905288389, 48.82562863954267], [2.374769912062466, 48.82603780763968], [2.374272547162447, 48.827074881882446], [2.377357392506092, 48.82642724549438], [2.377495389510754, 48.82639198896887], [2.377577500729408, 48.82624581852034], [2.378034720253083, 48.82628417225506]]], ""type"": ""Polygon""}";75;75113;Paris 13e Arrondissement;5013;751135013;Gare 13;H;48.82573107336519, 2.376566544800558;IRIS____0000000751135013
"{""coordinates"": [[[2.324961138116501, 48.832534828304276], [2.324711543959752, 48.83203156898608], [2.322695796183503, 48.83262634865977], [2.323223029604873, 48.833254397410094], [2.321567820456864, 48.83377654938081], [2.322071063810083, 48.8342587682316], [2.321777658252051, 48.83440190376904], [2.322991641308254, 48.83544125975602], [2.323738880860291, 48.835495851642484], [2.324876785146561, 48.83273671113781], [2.324961138116501, 48.832534828304276]]], ""type"": ""Polygon""}";75;75114;Paris 14e Arrondissement;5621;751145621;Plaisance 21;H;48.83378805910506, 2.323425083769856;IRIS____0000000751145621
"{""coordinates"": [[[2.29368782679046, 48.8359652244385], [2.29195460484494, 48.837387678549604], [2.293846191315286, 48.83825416337007], [2.293941809684255, 48.83833657062836], [2.296440566400928, 48.837226179672065], [2.293996845754154, 48.83608396735799], [2.29368782679046, 48.8359652244385]]], ""type"": ""Polygon""}";75;75115;Paris 15e Arrondissement;5713;751155713;Saint-Lambert 13;H;48.83718854321213, 2.294073338823648;IRIS____0000000751155713
"{""coordinates"": [[[2.307817477684345, 48.83769367555879], [2.306624218230099, 48.83644653148468], [2.306490544741886, 48.8364583477339], [2.306415021447854, 48.83640035003027], [2.303258710663185, 48.836778629341616], [2.302833960489426, 48.8368561985505], [2.302735804481591, 48.83696265166236], [2.304668074544008, 48.83836612617829], [2.306259231304784, 48.83909755905829], [2.306900091285562, 48.83844563336566], [2.307817477684345, 48.83769367555879]]], ""type"": ""Polygon""}";75;75115;Paris 15e Arrondissement;5731;751155731;Saint-Lambert 31;H;48.83755015592068, 2.30552977510703;IRIS____0000000751155731
"{""coordinates"": [[[2.288393384418162, 48.879985214218166], [2.289956549348125, 48.88084616851841], [2.291972126487449, 48.88193371262417], [2.293733238452664, 48.88288751807635], [2.295215767554543, 48.88155804269443], [2.29071595596527, 48.87945219942579], [2.288393384418162, 48.879985214218166]]], ""type"": ""Polygon""}";75;75117;Paris 17e Arrondissement;6508;751176508;Ternes 8;H;48.88103069362227, 2.292050893357257;IRIS____0000000751176508
"{""coordinates"": [[[2.326283724581081, 48.88957546423563], [2.326633338808739, 48.89059277023016], [2.326876013741736, 48.89133787689818], [2.329430326284705, 48.891139068164975], [2.328885047596284, 48.8902726607936], [2.329279191498852, 48.8900608295933], [2.328719734798455, 48.88976631284986], [2.327883873308931, 48.8888038409195], [2.326283724581081, 48.88957546423563]]], ""type"": ""Polygon""}";75;75118;Paris 18e Arrondissement;6906;751186906;Grandes Carrières 6;H;48.89022500142137, 2.3277616730973993;IRIS____0000000751186906
"{""coordinates"": [[[2.403920665249356, 48.85762013468], [2.404552172541353, 48.856864230723815], [2.404940183560651, 48.856185355554324], [2.404751804008241, 48.85621139902244], [2.404403101385761, 48.85595514873922], [2.403854609840538, 48.85505486870403], [2.403058493102383, 48.854595829649135], [2.402880858814554, 48.85427927206606], [2.40262688022139, 48.853965031045725], [2.401477080349513, 48.85523096381348], [2.401210967879583, 48.85549853742826], [2.40105194208619, 48.85546086828582], [2.400877408530245, 48.85546808867103], [2.400740485622769, 48.85552316259113], [2.400637105333197, 48.855624271097945], [2.400638493845277, 48.85585900775182], [2.400804828808559, 48.85597225920238], [2.401072903116679, 48.856008675814586], [2.401305514327803, 48.855928898602166], [2.402229135252558, 48.85656036099421], [2.403920665249356, 48.85762013468]]], ""type"": ""Polygon""}";75;75120;Paris 20e Arrondissement;8017;751208017;Charonne 17;H;48.85586320378379, 2.402953758285178;IRIS____0000000751208017
"{""coordinates"": [[[2.305643307046338, 48.87489912008019], [2.305936313981697, 48.87480638853584], [2.30646216149301, 48.8745315399598], [2.307449598277331, 48.874199104606994], [2.304109999984468, 48.87240983107116], [2.302317878867886, 48.871442497344425], [2.295831483384342, 48.873536858206016], [2.29590385159428, 48.873831368991134], [2.305479841578351, 48.874888279030806], [2.305643307046338, 48.87489912008019]]], ""type"": ""Polygon""}";75;75108;Paris 8e Arrondissement;3005;751083005;Faubourg du Roule 5;A;48.87339465324593, 2.301924491877464;IRIS____0000000751083005
"{""coordinates"": [[[2.326936889585467, 48.87417895906112], [2.326665657478284, 48.87554352926906], [2.330200772127392, 48.87598784891965], [2.331077945959758, 48.876162728481276], [2.331403913315548, 48.87509253900266], [2.331318074108991, 48.874238587323276], [2.326936889585467, 48.87417895906112]]], ""type"": ""Polygon""}";75;75109;Paris 9e Arrondissement;3409;751093409;Chaussée d'Antin 9;A;48.87503387399413, 2.3291725129305703;IRIS____0000000751093409
"{""coordinates"": [[[2.255410336689475, 48.87426354266786], [2.256057163140736, 48.87555992447693], [2.258467171114177, 48.88038726307743], [2.261542031184246, 48.880001565755244], [2.270750115672039, 48.878834007579485], [2.277487029813821, 48.8779683208442], [2.279469949480847, 48.87853156800035], [2.279949332567544, 48.87857312397344], [2.281133964683096, 48.87819712434835], [2.283618245332463, 48.87740620719218], [2.283468964612196, 48.877256023147446], [2.283280767998161, 48.87715956637943], [2.283193894249968, 48.87703223910336], [2.282626632436582, 48.87664032552984], [2.282353725320339, 48.87635899446703], [2.282094218864152, 48.876193758202255], [2.281703771659364, 48.87603223242588], [2.280704677387683, 48.875713262075756], [2.279517206015767, 48.87521418029], [2.279242220059844, 48.875084818148494], [2.279112810795909, 48.87497791637259], [2.27880643369808, 48.87485106217184], [2.278542114264928, 48.874837777953616], [2.277445267219834, 48.873804111239636], [2.277144304266616, 48.87368088264375], [2.276197181450735, 48.8728648494535], [2.275971329942978, 48.87263504978257], [2.275822197042067, 48.87237873341945], [2.275424144192397, 48.87208133903158], [2.275083259893058, 48.87218269986688], [2.274738048253775, 48.87220309235865], [2.274411886299738, 48.87212826863319], [2.274142808317271, 48.871968352275715], [2.274066959108322, 48.871834789017704], [2.274090042186813, 48.87154803742626], [2.274340555807917, 48.8712788530166], [2.273880774489039, 48.87100985796287], [2.273103048111278, 48.87046912632973], [2.272552907235919, 48.87003319771384], [2.272230229750601, 48.86971016882574], [2.272177926960022, 48.869550666106946], [2.271994723224788, 48.869393065275645], [2.270299123954402, 48.86742395637349], [2.268480476271051, 48.86500439088565], [2.267365768701056, 48.8637186919223], [2.267123370260566, 48.86399241003502], [2.266977738668456, 48.86407335932315], [2.266396460208992, 48.86459861746303], [2.265427765466335, 48.86562603224113], [2.265019994385034, 48.866315130674174], [2.264993305517249, 48.86675744786235], [2.265151060786728, 48.86707408892596], [2.265661452103338, 48.86771216336558], [2.265778555594994, 48.86810859605605], [2.265710995841868, 48.8682592724619], [2.265531747353871, 48.868402968039796], [2.265378271096425, 48.86836245473054], [2.264580512288909, 48.86847716922983], [2.263176072310012, 48.86840108027979], [2.262851468086776, 48.86841167244001], [2.262676719506016, 48.868429482424105], [2.262414858110575, 48.86853399235093], [2.262011458348955, 48.86862144077553], [2.261865207304824, 48.86864841878947], [2.261830504761444, 48.868596042446256], [2.261570322673538, 48.86867807712177], [2.260941508566404, 48.86918322825475], [2.260152022263815, 48.86996168452448], [2.259323867066573, 48.87058161047349], [2.259420116648559, 48.87061997869362], [2.258619193641574, 48.87124096735208], [2.258555250856573, 48.871231577796074], [2.257130272574751, 48.872495320302065], [2.25527110043386, 48.87398927511185], [2.255372343622852, 48.87406005399717], [2.255410336689475, 48.87426354266786]]], ""type"": ""Polygon""}";75;75116;Paris 16e Arrondissement;6377;751166377;Bois de Boulogne 3;D;48.87398275230219, 2.2673349025845133;IRIS____0000000751166377
"{""coordinates"": [[[2.350164450262719, 48.8619854230763], [2.350955108041352, 48.86340168750283], [2.354246941428445, 48.86263796319967], [2.353499932088789, 48.861212962299895], [2.351651737500054, 48.861642744497885], [2.350164450262719, 48.8619854230763]]], ""type"": ""Polygon""}";75;75103;Paris 3e Arrondissement;1203;751031203;Sainte-Avoye 3;H;48.86230841366125, 2.3522157842766815;IRIS____0000000751031203
"{""coordinates"": [[[2.349245824803476, 48.84451857117394], [2.348072533679408, 48.84441595152129], [2.345584560386708, 48.845054404645175], [2.345035911523967, 48.84523217377958], [2.344543535754267, 48.84548579502852], [2.344870147416263, 48.84606137609021], [2.344472904267324, 48.846551150163236], [2.345426593069087, 48.846890933724545], [2.345521917524655, 48.84689595203003], [2.346393840855248, 48.84669386596297], [2.347071213444796, 48.8480978667702], [2.346566432858769, 48.848361321029714], [2.346270738771676, 48.84857735041766], [2.346648201339913, 48.84912172513394], [2.348520001074306, 48.8486246942536], [2.348514865232174, 48.84750946185488], [2.348616234809366, 48.847358022151305], [2.348641714458518, 48.847172892909775], [2.348853688651341, 48.84700316854277], [2.348981152341465, 48.84661713767415], [2.34908902927981, 48.84616264863172], [2.349106186776724, 48.84533443120845], [2.349245824803476, 48.84451857117394]]], ""type"": ""Polygon""}";75;75105;Paris 5e Arrondissement;2001;751052001;Sorbonne 1;H;48.84639111097548, 2.3472292360909757;IRIS____0000000751052001
"{""coordinates"": [[[2.303513461474096, 48.85880371424131], [2.304313934252559, 48.85714096688927], [2.305472215633465, 48.85470414431562], [2.305807622160315, 48.854489345551066], [2.305447988318348, 48.85427231213614], [2.300173235411874, 48.85765193893099], [2.302590042825405, 48.85854831568263], [2.303513461474096, 48.85880371424131]]], ""type"": ""Polygon""}";75;75107;Paris 7e Arrondissement;2805;751072805;Gros Caillou 5;H;48.856856226593706, 2.3031456204452736;IRIS____0000000751072805
"{""coordinates"": [[[2.34115748484886, 48.83178782785168], [2.341249912243379, 48.83158867631544], [2.34128286098483, 48.83027487399309], [2.336704518211412, 48.830369186756094], [2.336736090756597, 48.83088560228266], [2.335970030170846, 48.830601646320616], [2.334668011083779, 48.83100542400692], [2.33607229860163, 48.83316092920669], [2.336457338796941, 48.83309291495559], [2.34115748484886, 48.83178782785168]]], ""type"": ""Polygon""}";75;75114;Paris 14e Arrondissement;5406;751145406;Parc de Montsouris 6;H;48.831478717238305, 2.3380385342960577;IRIS____0000000751145406
"{""coordinates"": [[[2.285401567061637, 48.86946486565538], [2.285564197283978, 48.86953508623401], [2.285645993948298, 48.869634502633104], [2.289813883882471, 48.86910980406469], [2.287683478228746, 48.86708800057716], [2.286468250961382, 48.86623627281441], [2.286222674448747, 48.86625099678703], [2.285401567061637, 48.86946486565538]]], ""type"": ""Polygon""}";75;75116;Paris 16e Arrondissement;6405;751166405;Chaillot 5;H;48.86825065715804, 2.2871873714164908;IRIS____0000000751166405
"{""coordinates"": [[[2.327025197965383, 48.873781048188626], [2.326713242090503, 48.87312817186225], [2.320818321807196, 48.873524754214856], [2.319973798425609, 48.87471877972011], [2.320427261801884, 48.874656602471035], [2.327025197965383, 48.873781048188626]]], ""type"": ""Polygon""}";75;75108;Paris 8e Arrondissement;3107;751083107;Madeleine 7;A;48.873825991071406, 2.323376097236205;IRIS____0000000751083107
"{""coordinates"": [[[2.352068212819877, 48.842183857944235], [2.352304484939423, 48.843784203340405], [2.35301558898725, 48.843688222097505], [2.355006649983132, 48.84366299908139], [2.355072973725997, 48.84358870965491], [2.355829501320546, 48.84158091256212], [2.354699311962403, 48.84141293592239], [2.354488032023899, 48.842410088749155], [2.353583653995173, 48.84238092251315], [2.353637078419256, 48.842248105522756], [2.352068212819877, 48.842183857944235]]], ""type"": ""Polygon""}";75;75105;Paris 5e Arrondissement;1808;751051808;Jardin des Plantes 8;H;48.84277779092005, 2.3539400483708506;IRIS____0000000751051808
"{""coordinates"": [[[2.322424507946866, 48.85779439096126], [2.323113019201412, 48.858512373567834], [2.324486487684712, 48.85707307593058], [2.325861353776846, 48.856046572586486], [2.325593610370405, 48.855883180122106], [2.324885437425606, 48.85531529141855], [2.324259991812644, 48.85467501757694], [2.323906109274668, 48.85421884398434], [2.323846304121677, 48.85399636514559], [2.319955112133921, 48.854951913299644], [2.321122372687714, 48.85647305502748], [2.322424507946866, 48.85779439096126]]], ""type"": ""Polygon""}";75;75107;Paris 7e Arrondissement;2504;751072504;Saint-Thomas d'Aquin 4;H;48.85597732397741, 2.3229467077785872;IRIS____0000000751072504
"{""coordinates"": [[[2.347901065991873, 48.87401890250044], [2.347883600185226, 48.872473744581946], [2.347918228212595, 48.87068784517278], [2.346736617803734, 48.87087565960235], [2.343050733348993, 48.87148502459552], [2.343195488538107, 48.872114457413666], [2.343173405342586, 48.87267642323075], [2.342885761161112, 48.87353910893727], [2.342420045613149, 48.87403478477912], [2.347901065991873, 48.87401890250044]]], ""type"": ""Polygon""}";75;75109;Paris 9e Arrondissement;3501;751093501;Faubourg Montmartre 1;H;48.87256789661631, 2.345560952450426;IRIS____0000000751093501
"{""coordinates"": [[[2.36924928619377, 48.82152722662581], [2.367299044707828, 48.82084059108198], [2.366556738164843, 48.822187526967234], [2.367482898890101, 48.822413676332374], [2.36924928619377, 48.82152722662581]]], ""type"": ""Polygon""}";75;75113;Paris 13e Arrondissement;5004;751135004;Gare 4;H;48.82166532974146, 2.3677188564514475;IRIS____0000000751135004
"{""coordinates"": [[[2.365607938858344, 48.824382372701926], [2.365138484433601, 48.82456785089132], [2.364829897095351, 48.824741590508935], [2.36358252566266, 48.82438150393367], [2.359987902492018, 48.826162869780546], [2.363685848982885, 48.82662959226657], [2.363394839722277, 48.82625480312268], [2.363862703865686, 48.8263130539963], [2.364520834084105, 48.82618344559138], [2.365607938858344, 48.824382372701926]]], ""type"": ""Polygon""}";75;75113;Paris 13e Arrondissement;5006;751135006;Gare 6;H;48.82556356563004, 2.363098262178055;IRIS____0000000751135006
"{""coordinates"": [[[2.259464055968265, 48.84374737459511], [2.259860084052212, 48.843398171401645], [2.260212044802476, 48.84317730440609], [2.258998484432697, 48.84170381728228], [2.258560855074399, 48.84105085907922], [2.258123755960461, 48.84026569417479], [2.257281133290105, 48.83829892922504], [2.256986869904, 48.83839243553841], [2.256976747193274, 48.838529077715215], [2.256314048671712, 48.83999903470431], [2.256630485307645, 48.8400711527593], [2.257597766996665, 48.84132189280212], [2.257147977185315, 48.84238395768461], [2.258605374476376, 48.84424300558952], [2.258737415945541, 48.844348150796314], [2.258950587565175, 48.84440163494573], [2.259266484721686, 48.843938616771474], [2.259464055968265, 48.84374737459511]]], ""type"": ""Polygon""}";75;75116;Paris 16e Arrondissement;6107;751166107;Auteuil 7;H;48.84167475225078, 2.258146234889127;IRIS____0000000751166107
"{""coordinates"": [[[2.260212044802476, 48.84317730440609], [2.259860084052212, 48.843398171401645], [2.259464055968265, 48.84374737459511], [2.261861515243065, 48.84735876847037], [2.262188460543758, 48.84794357526027], [2.263356274437162, 48.848042506807396], [2.264097005692033, 48.847987707088535], [2.263871413629093, 48.84765445281404], [2.260212044802476, 48.84317730440609]]], ""type"": ""Polygon""}";75;75116;Paris 16e Arrondissement;6111;751166111;Auteuil 11;H;48.84589856095394, 2.2616719462959396;IRIS____0000000751166111
"{""coordinates"": [[[2.285318302054727, 48.869869974065594], [2.285401567061637, 48.86946486565538], [2.286222674448747, 48.86625099678703], [2.284277395216464, 48.86684644076976], [2.281065681888142, 48.867833563655324], [2.282806455738843, 48.870215587783456], [2.285049239286669, 48.86970738407917], [2.285120154521912, 48.86980493713479], [2.285318302054727, 48.869869974065594]]], ""type"": ""Polygon""}";75;75116;Paris 16e Arrondissement;6308;751166308;Porte Dauphine 8;H;48.8683161215696, 2.283872397329721;IRIS____0000000751166308
"{""coordinates"": [[[2.31565016897788, 48.88210557560216], [2.313656051163419, 48.88380109524854], [2.315485546026093, 48.884878176876896], [2.317654246216639, 48.88286615909932], [2.317052199166696, 48.88271073902909], [2.316529746997419, 48.882517098960065], [2.31565016897788, 48.88210557560216]]], ""type"": ""Polygon""}";75;75117;Paris 17e Arrondissement;6709;751176709;Batignolles 9;H;48.88344897227425, 2.3156041635084548;IRIS____0000000751176709
"{""coordinates"": [[[2.327449877193466, 48.89305161660641], [2.327445936834116, 48.89303990326642], [2.323086115564257, 48.89205485887134], [2.322337380101312, 48.89194810095505], [2.321205803228831, 48.891706068597536], [2.322712932858676, 48.89358789559307], [2.323423080593999, 48.89351726607593], [2.324801429436822, 48.89356011928668], [2.325365926885522, 48.89346707317598], [2.327449877193466, 48.89305161660641]]], ""type"": ""Polygon""}";75;75117;Paris 17e Arrondissement;6808;751176808;Épinettes 8;H;48.89281885236533, 2.3239291883605917;IRIS____0000000751176808
"{""coordinates"": [[[2.376795542220676, 48.893483164585426], [2.375069750569467, 48.8921584663216], [2.376900051935309, 48.89056271695597], [2.376404608033659, 48.890594312041515], [2.37224700626142, 48.89132981668623], [2.372554532101347, 48.8920670727877], [2.373320668003488, 48.89379597970531], [2.37353286020371, 48.89373054035453], [2.376795542220676, 48.893483164585426]]], ""type"": ""Polygon""}";75;75119;Paris 19e Arrondissement;7316;751197316;Villette 16;H;48.892233674821846, 2.374420844628473;IRIS____0000000751197316
"{""coordinates"": [[[2.374250247140198, 48.87841248866242], [2.374394891737162, 48.87965162326861], [2.375697860063861, 48.88015395593431], [2.375762400662468, 48.88022983618429], [2.377910877477766, 48.881068402390525], [2.380884316497096, 48.881569453284534], [2.379619197435999, 48.88040097148013], [2.378955135925083, 48.87960162172247], [2.378470090168877, 48.878885036221796], [2.374250247140198, 48.87841248866242]]], ""type"": ""Polygon""}";75;75119;Paris 19e Arrondissement;7612;751197612;Combat 12;H;48.87984687060892, 2.3772601486349094;IRIS____0000000751197612
"{""coordinates"": [[[2.365426063659955, 48.86528787220735], [2.366686433327767, 48.86320267494105], [2.366888855469114, 48.86247347801284], [2.367251725976692, 48.86099057751031], [2.366969473802648, 48.860998977625066], [2.36460738071791, 48.861329110520714], [2.364615376028549, 48.861902935688235], [2.364767893333172, 48.86470970039189], [2.364727630039896, 48.86476974268821], [2.365426063659955, 48.86528787220735]]], ""type"": ""Polygon""}";75;75103;Paris 3e Arrondissement;1002;751031002;Enfants Rouges 2;H;48.86278643268437, 2.365714773611905;IRIS____0000000751031002
"{""coordinates"": [[[2.321860276779788, 48.89580349860193], [2.323199748668986, 48.89747751843805], [2.323296048261064, 48.897519431363776], [2.3278848991935, 48.89759923193028], [2.327467635470061, 48.89706179387126], [2.326625744099785, 48.895609155961296], [2.324500281294131, 48.89585169391235], [2.322983139721486, 48.89588359615308], [2.321860276779788, 48.89580349860193]]], ""type"": ""Polygon""}";75;75117;Paris 17e Arrondissement;6815;751176815;Épinettes 15;H;48.896666759072176, 2.324974862413396;IRIS____0000000751176815
"{""coordinates"": [[[2.37884759199913, 48.87261324734575], [2.376904765014236, 48.87204825942958], [2.37509243793508, 48.87367740156003], [2.375147469739401, 48.87374963565249], [2.375136232899866, 48.87389077260196], [2.375547047223963, 48.87408177671427], [2.377018787756291, 48.874141606616234], [2.378210678455333, 48.874459872721395], [2.378326055077787, 48.874274309763635], [2.378270116572019, 48.874049185611156], [2.378387059007904, 48.87373232778345], [2.378363399629173, 48.87354424391859], [2.378606243985806, 48.87307335383559], [2.378738823773745, 48.87293104767768], [2.37884759199913, 48.87261324734575]]], ""type"": ""Polygon""}";75;75119;Paris 19e Arrondissement;7606;751197606;Combat 6;H;48.87329329089565, 2.377103299836678;IRIS____0000000751197606
"{""coordinates"": [[[2.277897831988111, 48.84086516103711], [2.277609209822092, 48.842421128348114], [2.279139097999451, 48.84185026339341], [2.280860102096954, 48.84125084862889], [2.27985282424672, 48.84009359388168], [2.27835978543679, 48.838400970874304], [2.278068944174908, 48.83844688268183], [2.277025229920728, 48.83884439749165], [2.276978098678671, 48.83890257186052], [2.276886358238006, 48.839426351590035], [2.276916707349871, 48.83949758547299], [2.277678538041071, 48.84036828341182], [2.277995176359708, 48.84032972324531], [2.277897831988111, 48.84086516103711]]], ""type"": ""Polygon""}";75;75115;Paris 15e Arrondissement;6008;751156008;Javel 8;H;48.84037280671275, 2.2786464093852694;IRIS____0000000751156008
"{""coordinates"": [[[2.360228167915682, 48.890165435121794], [2.362541259226524, 48.889936752818585], [2.363095091927302, 48.88992621007417], [2.361051654450446, 48.88651857465163], [2.360413172707562, 48.8895377964416], [2.360228167915682, 48.890165435121794]]], ""type"": ""Polygon""}";75;75118;Paris 18e Arrondissement;7203;751187203;Chapelle 3;H;48.8888604629853, 2.361467338573813;IRIS____0000000751187203
"{""coordinates"": [[[2.40970310988235, 48.853338228911724], [2.410660653408498, 48.85350573105726], [2.411359133528384, 48.84934158099543], [2.411360533943849, 48.849096964178855], [2.411242379537772, 48.84906130808352], [2.409264351938471, 48.84900389237803], [2.408934985572614, 48.850529364758906], [2.407506034121397, 48.85035771586905], [2.40701698160548, 48.85165935171985], [2.406284300667074, 48.85149563396618], [2.406126037250999, 48.85270717231401], [2.40970310988235, 48.853338228911724]]], ""type"": ""Polygon""}";75;75120;Paris 20e Arrondissement;8007;751208007;Charonne 7;H;48.85140785654343, 2.4091571312428037;IRIS____0000000751208007
"{""coordinates"": [[[2.361745287380767, 48.83994070614375], [2.361966407324183, 48.840242273187656], [2.364158198814394, 48.843184964533684], [2.364901763858922, 48.844112557522166], [2.365074656836947, 48.844013646274206], [2.365437782584103, 48.84362255251421], [2.366292919904114, 48.84310905371654], [2.36733288487547, 48.84229703900185], [2.372389708934393, 48.83864438455523], [2.370961935555411, 48.838072983527006], [2.370838096680206, 48.837948219930205], [2.370858428813947, 48.83784400058377], [2.3714441629449, 48.837288574383386], [2.371336304005304, 48.83719447359435], [2.371356407079589, 48.837109139563935], [2.371972995041218, 48.83659254534896], [2.371416714981113, 48.83628833583443], [2.370743706752402, 48.835948434311874], [2.369696041087631, 48.83549683243023], [2.368962134088856, 48.83523754262038], [2.367211688631553, 48.834659894762424], [2.366997037181104, 48.834722614054904], [2.366319104056581, 48.83535217889295], [2.3661717584707, 48.83536938552717], [2.363794449704822, 48.83447358536866], [2.361558982191758, 48.835684813930065], [2.359290607549596, 48.8365720517397], [2.36158933374917, 48.83965837304608], [2.361745287380767, 48.83994070614375]]], ""type"": ""Polygon""}";75;75113;Paris 13e Arrondissement;4908;751134908;Salpêtrière 8;A;48.83851619647594, 2.36585185105733;IRIS____0000000751134908
"{""coordinates"": [[[2.268540967654812, 48.86312331321923], [2.269131587192275, 48.863095444206515], [2.269170179502924, 48.86296797158689], [2.271655298785152, 48.86042085923133], [2.271800837483668, 48.86034529966257], [2.270942506441548, 48.85992816837448], [2.27263261526818, 48.85827194447616], [2.270385105391239, 48.858365285792004], [2.268210699006369, 48.859755006156945], [2.267771250907375, 48.862024990919146], [2.268177267375315, 48.862717279619346], [2.268540967654812, 48.86312331321923]]], ""type"": ""Polygon""}";75;75116;Paris 16e Arrondissement;6223;751166223;Muette 23;A;48.86052061699523, 2.269749410768794;IRIS____0000000751166223
"{""coordinates"": [[[2.356864255095606, 48.860083522494975], [2.355146374700977, 48.860672344183726], [2.353499932088789, 48.861212962299895], [2.354246941428445, 48.86263796319967], [2.354297676479053, 48.86272367482045], [2.355844355687737, 48.86231741125271], [2.356926323704208, 48.86190143667442], [2.357502101993008, 48.86163472529928], [2.358185780973168, 48.86123908390814], [2.356864255095606, 48.860083522494975]]], ""type"": ""Polygon""}";75;75103;Paris 3e Arrondissement;1202;751031202;Sainte-Avoye 2;H;48.86139504682013, 2.355745326445157;IRIS____0000000751031202
"{""coordinates"": [[[2.355577096100367, 48.83146976807077], [2.356134130054802, 48.83114989386186], [2.356126583101295, 48.8309888657546], [2.35625222864776, 48.830852837639604], [2.358450899942885, 48.82808649029135], [2.357357085258662, 48.82786386853147], [2.356766837421886, 48.82778784603599], [2.35661051518468, 48.82831313880137], [2.356234123940003, 48.82823736466817], [2.355140177104091, 48.82791579078073], [2.353984724685533, 48.827502138305775], [2.353716941381906, 48.82745662213598], [2.353339111559984, 48.82760747338113], [2.352733308504167, 48.82812673259062], [2.354849214773231, 48.830733755583154], [2.354510310561758, 48.830929788748875], [2.354457189508793, 48.83103922537587], [2.355122017020266, 48.83125596295726], [2.355577096100367, 48.83146976807077]]], ""type"": ""Polygon""}";75;75113;Paris 13e Arrondissement;5124;751135124;Maison Blanche 24;H;48.82916051999376, 2.35547666013622;IRIS____0000000751135124
"{""coordinates"": [[[2.33847222722269, 48.89674807059308], [2.34229468805647, 48.897242166172525], [2.341355864305613, 48.89576392100421], [2.339530947373315, 48.89575926618824], [2.337599491444616, 48.89533760879045], [2.33847040214832, 48.89667701425167], [2.33847222722269, 48.89674807059308]]], ""type"": ""Polygon""}";75;75118;Paris 18e Arrondissement;6920;751186920;Grandes Carrières 20;H;48.89632922542047, 2.339993313193807;IRIS____0000000751186920
"{""coordinates"": [[[2.386203211347945, 48.891439938611455], [2.386487862366032, 48.89158888575821], [2.386373889819639, 48.8918859765026], [2.387938565734403, 48.89266919707163], [2.392276479538899, 48.88862726434653], [2.392311211815018, 48.88857258201165], [2.389294262737713, 48.88778471498386], [2.388581336804461, 48.88891961832115], [2.386258008779296, 48.88829529406179], [2.385089395267139, 48.890016895305834], [2.386902802055459, 48.890634134592794], [2.386723278982787, 48.89093898414696], [2.386203211347945, 48.891439938611455]]], ""type"": ""Polygon""}";75;75119;Paris 19e Arrondissement;7411;751197411;Pont de Flandre 11;H;48.889936754471705, 2.388459667847783;IRIS____0000000751197411
"{""coordinates"": [[[2.330463707347445, 48.854473360719666], [2.329335689720448, 48.85263865323799], [2.32865905955895, 48.852055672920045], [2.328657392915725, 48.85186769792212], [2.326814484762852, 48.85158124063641], [2.326768856571145, 48.85173747212977], [2.326669609860954, 48.85245729881231], [2.325711067472614, 48.855758831804955], [2.325593610370405, 48.855883180122106], [2.325861353776846, 48.856046572586486], [2.327642943605289, 48.85528764850287], [2.330463707347445, 48.854473360719666]]], ""type"": ""Polygon""}";75;75107;Paris 7e Arrondissement;2501;751072501;Saint-Thomas d'Aquin 1;H;48.85376899983302, 2.3278480396327237;IRIS____0000000751072501
"{""coordinates"": [[[2.324273217775089, 48.88287042423978], [2.326846459419326, 48.8833912438694], [2.327164725373034, 48.88345508676888], [2.327009342363597, 48.87965093305815], [2.326894604275168, 48.879666476028746], [2.326656630228852, 48.87961657370844], [2.326565989209845, 48.87956120443747], [2.325500631334763, 48.87938433314838], [2.324922240780162, 48.880455778109216], [2.324932180557051, 48.88063570101632], [2.324768972188438, 48.88070852601881], [2.324273217775089, 48.88287042423978]]], ""type"": ""Polygon""}";75;75108;Paris 8e Arrondissement;3207;751083207;Europe 7;H;48.88150758345223, 2.3259038876666427;IRIS____0000000751083207
"{""coordinates"": [[[2.396245705554503, 48.83869882046581], [2.394375562304404, 48.83783407324897], [2.393471824398542, 48.836935527416586], [2.391512885470039, 48.837501170715555], [2.394598158635749, 48.8394315673212], [2.394935270847784, 48.839498926335665], [2.394963594064842, 48.83940643539776], [2.395243997178425, 48.83942943800206], [2.395820481763189, 48.83929834628036], [2.395869603988531, 48.83917448252495], [2.396245705554503, 48.83869882046581]]], ""type"": ""Polygon""}";75;75112;Paris 12e Arrondissement;4610;751124610;Picpus 10;H;48.83824814760713, 2.3939856179130867;IRIS____0000000751124610
"{""coordinates"": [[[2.3298321288791, 48.84190756326686], [2.334862059021432, 48.84024662796662], [2.334826123273169, 48.84017987505972], [2.333317950384403, 48.83921185499776], [2.332503044015414, 48.839755024890074], [2.331020880862344, 48.83878172412139], [2.330828474909787, 48.83869880546567], [2.330591419751279, 48.839334231226935], [2.329645452249143, 48.84180219095963], [2.3298321288791, 48.84190756326686]]], ""type"": ""Polygon""}";75;75114;Paris 14e Arrondissement;5309;751145309;Montparnasse 9;H;48.840319856056475, 2.3318635255555766;IRIS____0000000751145309
"{""coordinates"": [[[2.314145699672971, 48.8222905354331], [2.308348319891004, 48.82356304703147], [2.311189644642543, 48.82510659633591], [2.312636903014953, 48.82608715346119], [2.318386835669022, 48.82481056785773], [2.319327980186944, 48.82460727234213], [2.315050845913013, 48.82275171029886], [2.314145699672971, 48.8222905354331]]], ""type"": ""Polygon""}";75;75114;Paris 14e Arrondissement;5601;751145601;Plaisance 1;H;48.82416267288659, 2.3136892177617803;IRIS____0000000751145601
"{""coordinates"": [[[2.309969209518155, 48.84537951033646], [2.310792289142616, 48.8451702061774], [2.310884887003179, 48.8450718095077], [2.30654194625015, 48.84375702438978], [2.304931221089949, 48.84611660458828], [2.30600824512573, 48.8463845720152], [2.306163740503661, 48.84657793776834], [2.30842615675235, 48.845933602343855], [2.30861912149676, 48.845768335299454], [2.309969209518155, 48.84537951033646]]], ""type"": ""Polygon""}";75;75115;Paris 15e Arrondissement;5808;751155808;Necker 8;H;48.84521107759329, 2.307455635763712;IRIS____0000000751155808
"{""coordinates"": [[[2.334196248382113, 48.876901380676486], [2.335444774564567, 48.876826478593934], [2.335196967962632, 48.875197302700826], [2.335266404872028, 48.874243490638335], [2.332704029933699, 48.87428679166122], [2.331318074108991, 48.874238587323276], [2.331403913315548, 48.87509253900266], [2.331077945959758, 48.876162728481276], [2.331035532791762, 48.876386426432205], [2.330945020229402, 48.87653341186706], [2.331323755700404, 48.87645099033804], [2.331784443110096, 48.876463455479225], [2.331981356987917, 48.876524810059784], [2.33231989081264, 48.87670656606744], [2.332870486189496, 48.87683194551344], [2.334196248382113, 48.876901380676486]]], ""type"": ""Polygon""}";75;75109;Paris 9e Arrondissement;3408;751093408;Chaussée d'Antin 8;A;48.875545546336994, 2.333333994557956;IRIS____0000000751093408
"{""coordinates"": [[[2.301737287583633, 48.863496076942155], [2.310390240755495, 48.863608304977085], [2.310425375149164, 48.86291061198091], [2.310425452304362, 48.86259583985278], [2.309211600523887, 48.86254567063758], [2.302865285553371, 48.862425230695074], [2.301946176124402, 48.86245404850697], [2.30017886987559, 48.86230612616712], [2.299398030477206, 48.862189138558215], [2.298657277739832, 48.8620310105631], [2.297925373850425, 48.8618234654759], [2.296975725606092, 48.86148962689112], [2.296237808460318, 48.861122850510704], [2.295479578280877, 48.86064622870233], [2.294874995127961, 48.86019838719828], [2.291635918576814, 48.85792997080845], [2.291053303527222, 48.85747504370887], [2.289695682973307, 48.85818288038586], [2.291838557830339, 48.859968209629415], [2.293689941916093, 48.861246340410425], [2.294864562062728, 48.861875619377464], [2.296870514172012, 48.86261949441181], [2.299222465550164, 48.863283520573155], [2.301737287583633, 48.863496076942155]]], ""type"": ""Polygon""}";75;75107;Paris 7e Arrondissement;2899;751072899;Seine et Berges 3;D;48.86165031446188, 2.2991648473085697;IRIS____0000000751072899
"{""coordinates"": [[[2.381426253806176, 48.8504082947867], [2.38445763880411, 48.85012714198339], [2.384327031867612, 48.8499933656594], [2.383781818978646, 48.84700649951057], [2.381735242846989, 48.846763007526114], [2.380625753723216, 48.84816206279845], [2.380790903767388, 48.84825465189559], [2.381426253806176, 48.8504082947867]]], ""type"": ""Polygon""}";75;75112;Paris 12e Arrondissement;4813;751124813;Quinze-Vingts 13;A;48.84863591285735, 2.3825506772459355;IRIS____0000000751124813
"{""coordinates"": [[[2.370168080363927, 48.88268448311569], [2.370220435118679, 48.88196349700564], [2.370066576526478, 48.88194470098561], [2.370054311706419, 48.88149317325051], [2.369822800760107, 48.8814685723136], [2.369666869863407, 48.88139580509315], [2.368061843346311, 48.87949335424488], [2.367667384541433, 48.8794139289258], [2.36616440868004, 48.877763800683944], [2.365125917128676, 48.87649383514614], [2.363623512586339, 48.87481039738383], [2.363464640293878, 48.87442283842665], [2.363568710929424, 48.874051066766434], [2.363204941311375, 48.87414176375607], [2.362852384078874, 48.87431885555867], [2.362824633087458, 48.874469796248], [2.36310382420215, 48.875052252693166], [2.36540997531333, 48.87768695790409], [2.367029781586508, 48.879594922361726], [2.367088639502728, 48.88002511371961], [2.369165374196715, 48.882496640336164], [2.369884750158154, 48.88265960973811], [2.370168080363927, 48.88268448311569]]], ""type"": ""Polygon""}";75;75110;Paris 10e Arrondissement;4088;751104088;Canal Saint-Martin 2;D;48.87906318586114, 2.366968244156867;IRIS____0000000751104088
"{""coordinates"": [[[2.371045328493689, 48.870002198791084], [2.369358394801617, 48.869485196117736], [2.367915850728346, 48.87174931555088], [2.369523432162596, 48.87206896446247], [2.371045328493689, 48.870002198791084]]], ""type"": ""Polygon""}";75;75110;Paris 10e Arrondissement;4004;751104004;Hôpital Saint-Louis 4;H;48.87080397592657, 2.3694648802156557;IRIS____0000000751104004
"{""coordinates"": [[[2.378006637977999, 48.86460206485266], [2.375341036870924, 48.8651124984091], [2.375413769065326, 48.86518572470855], [2.377337092336681, 48.86564901469399], [2.379214351165468, 48.866091349637934], [2.379724859510576, 48.865461759604656], [2.380703820202654, 48.86578789401884], [2.381801831365397, 48.864353724665975], [2.381195273555073, 48.86412125772477], [2.381131044124968, 48.86402019925386], [2.378006637977999, 48.86460206485266]]], ""type"": ""Polygon""}";75;75111;Paris 11e Arrondissement;4213;751114213;Saint-Ambroise 13;H;48.86504846730785, 2.379046808658709;IRIS____0000000751114213
"{""coordinates"": [[[2.357815050043902, 48.83458732882656], [2.356824681381366, 48.83325723681437], [2.354725892085356, 48.83486389728746], [2.355787300111544, 48.835404742748466], [2.358316783003711, 48.83643732267558], [2.358616309995961, 48.83601083045685], [2.358826900994468, 48.835947205061295], [2.357815050043902, 48.83458732882656]]], ""type"": ""Polygon""}";75;75113;Paris 13e Arrondissement;4904;751134904;Salpêtrière 4;H;48.834934856961915, 2.356879200989571;IRIS____0000000751134904
"{""coordinates"": [[[2.330344187663523, 48.82782358633558], [2.328989882703274, 48.82784657406601], [2.327254413283661, 48.827850314747536], [2.327010240305244, 48.82787682162707], [2.326770977882546, 48.82783949990355], [2.327348407954735, 48.82837787808344], [2.329426131735775, 48.830784582036536], [2.329791274923713, 48.83120393828178], [2.331354085391636, 48.83065057697542], [2.330973672630527, 48.83014659872612], [2.331031146608963, 48.8297017297515], [2.329834317165911, 48.82965725551762], [2.330344187663523, 48.82782358633558]]], ""type"": ""Polygon""}";75;75114;Paris 14e Arrondissement;5511;751145511;Petit Montrouge 11;H;48.82925474283693, 2.3292822407270135;IRIS____0000000751145511
"{""coordinates"": [[[2.295563416803572, 48.82984793848977], [2.295802341201252, 48.830111064570374], [2.297600558090852, 48.832533767793], [2.298680086446092, 48.83350333374699], [2.300479636218673, 48.83279976820066], [2.300943427277512, 48.83265318352605], [2.302978871039827, 48.83213263262614], [2.302056546396032, 48.83061000598545], [2.30139752335706, 48.828553777984204], [2.295563416803572, 48.82984793848977]]], ""type"": ""Polygon""}";75;75115;Paris 15e Arrondissement;5704;751155704;Saint-Lambert 4;H;48.83095313488121, 2.2994437887431967;IRIS____0000000751155704
"{""coordinates"": [[[2.283612318287055, 48.8444313425675], [2.283904798450421, 48.84476406092941], [2.285400147894983, 48.8465132767606], [2.286025257619379, 48.846539493095136], [2.286473271330692, 48.84626336251175], [2.286857273830996, 48.846083980201236], [2.287983400498691, 48.845643702699974], [2.287046997850775, 48.844566980036994], [2.286088026390241, 48.84494169351072], [2.285379427957517, 48.84414871756826], [2.284673665168448, 48.84444129095321], [2.284379868798909, 48.84410496904813], [2.283612318287055, 48.8444313425675]]], ""type"": ""Polygon""}";75;75115;Paris 15e Arrondissement;6016;751156016;Javel 16;H;48.84531243699874, 2.285772723545141;IRIS____0000000751156016
"{""coordinates"": [[[2.334953772079551, 48.89168068828455], [2.333503323157145, 48.89183989830976], [2.331899329854386, 48.89216640784584], [2.332065419519686, 48.89261519769323], [2.332802259720443, 48.892481708860764], [2.333598215878961, 48.89241779242699], [2.333723148599296, 48.89299315532727], [2.332611780707779, 48.89414799244308], [2.336378560901363, 48.89364102361873], [2.334953772079551, 48.89168068828455]]], ""type"": ""Polygon""}";75;75118;Paris 18e Arrondissement;6917;751186917;Grandes Carrières 17;H;48.89287910349357, 2.3342982376490204;IRIS____0000000751186917
"{""coordinates"": [[[2.376162680160673, 48.896444020490364], [2.376608074982524, 48.89661001536992], [2.376756599069387, 48.896622479519124], [2.377576857922787, 48.896465767869294], [2.376873687304559, 48.89550074153986], [2.376255352311974, 48.894970522521696], [2.377681096442605, 48.8942494926202], [2.376795542220676, 48.893483164585426], [2.37353286020371, 48.89373054035453], [2.373320668003488, 48.89379597970531], [2.374130668136945, 48.89460330724662], [2.375375460331769, 48.89566560533362], [2.376162680160673, 48.896444020490364]]], ""type"": ""Polygon""}";75;75119;Paris 19e Arrondissement;7408;751197408;Pont de Flandre 8;H;48.89475868130311, 2.3757821702889372;IRIS____0000000751197408
"{""coordinates"": [[[2.395844689030623, 48.88822264022846], [2.396158421004613, 48.88704071513651], [2.396276801602114, 48.88682817265712], [2.396601736585706, 48.88479554110905], [2.396969650013668, 48.88364176252595], [2.395163787200536, 48.88332508402303], [2.394974933596798, 48.883265673657526], [2.394451443250671, 48.88489530195323], [2.394359358815732, 48.88612960779608], [2.39430092958036, 48.886346049130935], [2.394366753535669, 48.88643181779229], [2.394311078812686, 48.88652866305529], [2.394335991389593, 48.88684894801374], [2.395382857080945, 48.88806382714876], [2.395528922361719, 48.88816888592117], [2.395844689030623, 48.88822264022846]]], ""type"": ""Polygon""}";75;75119;Paris 19e Arrondissement;7518;751197518;Amérique 18;H;48.88552737973089, 2.3955130077195013;IRIS____0000000751197518
"{""coordinates"": [[[2.339469249651607, 48.86213461940564], [2.339143935838259, 48.86220567061473], [2.339770386093293, 48.863541061564035], [2.340446294578857, 48.864740918828645], [2.34237553907866, 48.863845893913926], [2.342742145050975, 48.86363566209494], [2.343149856392409, 48.86351648873322], [2.34297580348559, 48.8631584927347], [2.342650180331437, 48.863145912474096], [2.342310801707241, 48.86303522692828], [2.34224101537026, 48.862948506090774], [2.342202555599268, 48.862863756087535], [2.342274010730002, 48.862818282116564], [2.34230843703951, 48.8626826698998], [2.34237634772353, 48.86259400771698], [2.342554649228628, 48.86250685132512], [2.34244383634635, 48.86232277565425], [2.34232332511183, 48.862259159121606], [2.342215626500065, 48.86226036590974], [2.342298098201258, 48.86220595897982], [2.344852766340415, 48.86164348968897], [2.345431886084228, 48.861549529085345], [2.347661823737401, 48.86100770695118], [2.347409271946518, 48.860494600860555], [2.346717133432157, 48.860580759338035], [2.346620793054828, 48.860546058137366], [2.346437695420342, 48.860038724996585], [2.345854613214823, 48.860666881952184], [2.345238876132772, 48.86096389701015], [2.344951434937346, 48.86105945360548], [2.342515009519736, 48.86143551041561], [2.341222108678749, 48.86170809752117], [2.339469249651607, 48.86213461940564]]], ""type"": ""Polygon""}";75;75101;Paris 1er Arrondissement;0203;751010203;Les Halles 3;H;48.86242701495219, 2.3423842343782004;IRIS____0000000751010203
"{""coordinates"": [[[2.340849163503854, 48.84733706641853], [2.342631736794723, 48.85034803295929], [2.343653661173407, 48.84992734798526], [2.342438862676042, 48.84781348114454], [2.343508441151609, 48.847392159264274], [2.344890804099697, 48.84712813009773], [2.345521917524655, 48.84689595203003], [2.345426593069087, 48.846890933724545], [2.344472904267324, 48.846551150163236], [2.344870147416263, 48.84606137609021], [2.344543535754267, 48.84548579502852], [2.343858857736384, 48.845860672746284], [2.342952432262412, 48.84609762604633], [2.34254362124708, 48.846422747343304], [2.341609860287623, 48.84666493637766], [2.341950515834955, 48.84709760402098], [2.340849163503854, 48.84733706641853]]], ""type"": ""Polygon""}";75;75105;Paris 5e Arrondissement;2002;751052002;Sorbonne 2;H;48.84764820903949, 2.3429112805318892;IRIS____0000000751052002
"{""coordinates"": [[[2.402262573372123, 48.837131771636436], [2.402124399648174, 48.83718144537357], [2.402203364610364, 48.83730505267389], [2.402120056859216, 48.83756005515493], [2.40132796588075, 48.83855438492879], [2.400109892149316, 48.839741734455], [2.402519058144565, 48.83971601877366], [2.404380849332338, 48.83977926508219], [2.403808001155794, 48.837688095236174], [2.403452280422746, 48.836627772347995], [2.402910572654273, 48.83622485299264], [2.402262573372123, 48.837131771636436]]], ""type"": ""Polygon""}";75;75112;Paris 12e Arrondissement;4504;751124504;Bel-Air 4;H;48.8384997502747, 2.402647264474602;IRIS____0000000751124504
"{""coordinates"": [[[2.376964434064137, 48.82773648428232], [2.378022772413977, 48.826372248688216], [2.378034720253083, 48.82628417225506], [2.377577500729408, 48.82624581852034], [2.377495389510754, 48.82639198896887], [2.377357392506092, 48.82642724549438], [2.374272547162447, 48.827074881882446], [2.374769912062466, 48.82603780763968], [2.374778905288389, 48.82562863954267], [2.374577842234723, 48.825584418231436], [2.371385789304215, 48.827668618362395], [2.372929070063349, 48.828466369191304], [2.375391910848665, 48.82983101213013], [2.375506767812694, 48.82968141702272], [2.375575288982088, 48.82976091941608], [2.376489672645889, 48.828480488679475], [2.376964434064137, 48.82773648428232]]], ""type"": ""Polygon""}";75;75113;Paris 13e Arrondissement;5014;751135014;Gare 14;H;48.82770418481857, 2.374722399516229;IRIS____0000000751135014
"{""coordinates"": [[[2.355577096100367, 48.83146976807077], [2.355122017020266, 48.83125596295726], [2.354457189508793, 48.83103922537587], [2.354380231862905, 48.83120339495848], [2.352647579374336, 48.83064271440462], [2.352752007422498, 48.83166766388267], [2.351756642231344, 48.832068788899], [2.35163250323861, 48.832082505941585], [2.351111579572839, 48.831906102254386], [2.350715559535296, 48.831654827184956], [2.350567103545684, 48.83165222242473], [2.350391779829904, 48.83172861623857], [2.349906519600861, 48.83207943252525], [2.350842900557854, 48.832587266807735], [2.351350056459516, 48.832994735047514], [2.351316434270385, 48.833069200432355], [2.351413731157806, 48.833132683999644], [2.351675935664617, 48.833738482146394], [2.351560380953934, 48.83415696191879], [2.351190782951538, 48.83462712643629], [2.35090299000836, 48.83487289143359], [2.350437302587933, 48.83518154491987], [2.34997383487008, 48.83563950374698], [2.349838546819545, 48.83578176800111], [2.349718667971721, 48.836108486304795], [2.351423387881988, 48.83662678401619], [2.351870772035156, 48.83680458562331], [2.352866303142902, 48.83529993741681], [2.353209114962895, 48.834901572705625], [2.355577096100367, 48.83146976807077]]], ""type"": ""Polygon""}";75;75113;Paris 13e Arrondissement;5201;751135201;Croulebarbe 1;H;48.83352111173382, 2.3525418875770194;IRIS____0000000751135201
"{""coordinates"": [[[2.268842834578004, 48.847247845816185], [2.2705410819018, 48.84654321553719], [2.271590027580726, 48.845298586036805], [2.269190873512392, 48.842933002437405], [2.268976385213552, 48.842778798942355], [2.268022869567307, 48.84227291815508], [2.266857415323368, 48.84298347926605], [2.26624609445349, 48.84323964933518], [2.265840374633654, 48.843312707257105], [2.265576231130999, 48.84329849473862], [2.265152342428365, 48.84321045145092], [2.264984072980655, 48.843257983715], [2.266503126550372, 48.84482411654196], [2.266745275965849, 48.84514307825347], [2.26716802591466, 48.845507214850905], [2.268842834578004, 48.847247845816185]]], ""type"": ""Polygon""}";75;75116;Paris 16e Arrondissement;6116;751166116;Auteuil 16;H;48.84469619617305, 2.268569229064172;IRIS____0000000751166116
"{""coordinates"": [[[2.288939867143469, 48.87571299849775], [2.287203460504203, 48.87626565962213], [2.285462926939731, 48.8768182708694], [2.285599608843125, 48.8769926594855], [2.287895696838573, 48.877890391664984], [2.287887367512574, 48.87800096095303], [2.288008658822323, 48.87810510649676], [2.28815018125312, 48.87812573359476], [2.288320384843241, 48.87804310693891], [2.289587327851017, 48.87852458407448], [2.2910625900004, 48.87662582921309], [2.289395555039572, 48.875990902965015], [2.289185196052344, 48.87601933232907], [2.288939867143469, 48.87571299849775]]], ""type"": ""Polygon""}";75;75117;Paris 17e Arrondissement;6502;751176502;Ternes 2;H;48.8770334923412, 2.28855517979673;IRIS____0000000751176502
"{""coordinates"": [[[2.294213394784396, 48.87864997485228], [2.294257830974438, 48.87838942851104], [2.29290042077006, 48.877438011264545], [2.292206943043186, 48.87709755984301], [2.2910625900004, 48.87662582921309], [2.289587327851017, 48.87852458407448], [2.290979263398433, 48.879040962673415], [2.291510652519806, 48.87926984270625], [2.294213394784396, 48.87864997485228]]], ""type"": ""Polygon""}";75;75117;Paris 17e Arrondissement;6503;751176503;Ternes 3;H;48.878107650982976, 2.291816610757071;IRIS____0000000751176503
"{""coordinates"": [[[2.290979263398433, 48.879040962673415], [2.29071595596527, 48.87945219942579], [2.295215767554543, 48.88155804269443], [2.295544291092836, 48.88126319517103], [2.294213394784396, 48.87864997485228], [2.291510652519806, 48.87926984270625], [2.290979263398433, 48.879040962673415]]], ""type"": ""Polygon""}";75;75117;Paris 17e Arrondissement;6509;751176509;Ternes 9;H;48.87993301126667, 2.293491110862339;IRIS____0000000751176509
"{""coordinates"": [[[2.405862311786862, 48.85611529184677], [2.405776226383778, 48.85625426312633], [2.405876594422222, 48.85629703079072], [2.407576243059744, 48.85772732336209], [2.409271396552414, 48.856677173782074], [2.408229868771051, 48.85573940532018], [2.408058872055885, 48.855795218398534], [2.405862311786862, 48.85611529184677]]], ""type"": ""Polygon""}";75;75120;Paris 20e Arrondissement;8011;751208011;Charonne 11;H;48.856607873504174, 2.4076004231283927;IRIS____0000000751208011
"{""coordinates"": [[[2.339694669367677, 48.838864094489885], [2.342085567254399, 48.83834304472089], [2.341671904722567, 48.83538904274122], [2.340537298758321, 48.83558425130331], [2.337747569394431, 48.83587192539691], [2.338918773073734, 48.837733801242365], [2.339694669367677, 48.838864094489885]]], ""type"": ""Polygon""}";75;75114;Paris 14e Arrondissement;5311;751145311;Montparnasse 11;A;48.837026935872856, 2.340225884074398;IRIS____0000000751145311
"{""coordinates"": [[[2.283618245332463, 48.87740620719218], [2.285462926939731, 48.8768182708694], [2.287203460504203, 48.87626565962213], [2.287040665487464, 48.87600657909584], [2.283966396279463, 48.875091585349814], [2.283494113855289, 48.87681549643073], [2.283280767998161, 48.87715956637943], [2.283468964612196, 48.877256023147446], [2.283618245332463, 48.87740620719218]]], ""type"": ""Polygon""}";75;75116;Paris 16e Arrondissement;6413;751166413;Chaillot 13;A;48.87624568315052, 2.2849185368005167;IRIS____0000000751166413
"{""coordinates"": [[[2.411068913600706, 48.847046803365934], [2.415971110769568, 48.846622956268604], [2.415663673457238, 48.84499632194934], [2.415299092607447, 48.843849661228454], [2.411675207458999, 48.844158360810475], [2.410317615612648, 48.84431805763486], [2.410767158553957, 48.845774530122256], [2.411068913600706, 48.847046803365934]]], ""type"": ""Polygon""}";75;75112;Paris 12e Arrondissement;4511;751124511;Bel-Air 11;H;48.845443337478436, 2.413197146817541;IRIS____0000000751124511
"{""coordinates"": [[[[2.36358252566266, 48.82438150393367], [2.364829897095351, 48.824741590508935], [2.365138484433601, 48.82456785089132], [2.365607938858344, 48.824382372701926], [2.36652738417331, 48.8238188411536], [2.366762688986237, 48.82317343572395], [2.366341281108117, 48.822993126825736], [2.365686225577288, 48.823321523960956], [2.36358252566266, 48.82438150393367]]], [[[2.366182945469721, 48.82537383530071], [2.366527992944477, 48.825450311694894], [2.366942200988907, 48.8246547592884], [2.365607938858344, 48.824382372701926], [2.364520834084105, 48.82618344559138], [2.363862703865686, 48.8263130539963], [2.363394839722277, 48.82625480312268], [2.363685848982885, 48.82662959226657], [2.365399316212476, 48.82686264113328], [2.366182945469721, 48.82537383530071]]]], ""type"": ""MultiPolygon""}";75;75113;Paris 13e Arrondissement;5007;751135007;Gare 7;H;48.82495884642057, 2.365387578243504;IRIS____0000000751135007
"{""coordinates"": [[[2.299137724772397, 48.83644966664044], [2.298061364406122, 48.836757235981295], [2.297295426266, 48.83697848119488], [2.296736852815271, 48.83738081529033], [2.298464068001147, 48.83831820982244], [2.300090893832972, 48.839126380965084], [2.301448188558509, 48.837988516757754], [2.301180916090593, 48.83759932657679], [2.301118104431841, 48.83740649409142], [2.300138750409583, 48.83718581809914], [2.299137724772397, 48.83644966664044]]], ""type"": ""Polygon""}";75;75115;Paris 15e Arrondissement;5723;751155723;Saint-Lambert 23;H;48.837708260126945, 2.299255466423254;IRIS____0000000751155723
"{""coordinates"": [[[2.402562321487233, 48.87599853480826], [2.399208122171167, 48.87553927679559], [2.400049285137642, 48.87732057303477], [2.400134484633523, 48.87738125510058], [2.400328921311166, 48.87742809507104], [2.4002982571138, 48.87807815679433], [2.400118354683499, 48.878544906631355], [2.40135154622277, 48.87873094546235], [2.401615730880795, 48.87864143404563], [2.401839610537372, 48.877549867860495], [2.402562321487233, 48.87599853480826]]], ""type"": ""Polygon""}";75;75119;Paris 19e Arrondissement;7502;751197502;Amérique 2;H;48.876966964994416, 2.400931892680247;IRIS____0000000751197502
"{""coordinates"": [[[2.394208089936547, 48.87275762207171], [2.392278202609563, 48.87165334905966], [2.390075355481285, 48.87337606220328], [2.389524557612176, 48.87372489403299], [2.389570744656291, 48.8738555329762], [2.389660859192769, 48.873844301142995], [2.390933250048385, 48.873347155032455], [2.391464502483207, 48.87373657051217], [2.392039683760879, 48.873984111898764], [2.392917473509907, 48.87447150876254], [2.393789472615968, 48.87323214983739], [2.393973564721435, 48.87311167191754], [2.394208089936547, 48.87275762207171]]], ""type"": ""Polygon""}";75;75120;Paris 20e Arrondissement;7713;751207713;Belleville 13;H;48.873052405541145, 2.392274274528009;IRIS____0000000751207713
"{""coordinates"": [[[2.326665657478284, 48.87554352926906], [2.326936889585467, 48.87417895906112], [2.327025197965383, 48.873781048188626], [2.320427261801884, 48.874656602471035], [2.320352188117462, 48.8747676943475], [2.320461914600719, 48.87492660101948], [2.321586442859528, 48.8750534908404], [2.324216630223158, 48.87525183319696], [2.326208871652408, 48.87554635507734], [2.326665657478284, 48.87554352926906]]], ""type"": ""Polygon""}";75;75108;Paris 8e Arrondissement;3108;751083108;Madeleine 8;A;48.87470830127962, 2.324425848416626;IRIS____0000000751083108
"{""coordinates"": [[[2.316479725210513, 48.88134138386315], [2.32044880312552, 48.88209693563314], [2.322235002454951, 48.87875344192396], [2.319828382724574, 48.87823256689645], [2.318234212021124, 48.87950055632734], [2.316479725210513, 48.88134138386315]]], ""type"": ""Polygon""}";75;75108;Paris 8e Arrondissement;3205;751083205;Europe 5;H;48.88021658520913, 2.319598943859973;IRIS____0000000751083205
"{""coordinates"": [[[2.389819086218175, 48.85835937160706], [2.392167384833463, 48.85766713435093], [2.394345091773725, 48.856519817242365], [2.392171771409601, 48.85588914681579], [2.391329663195242, 48.8557580581682], [2.390098264857279, 48.857796904542916], [2.389819086218175, 48.85835937160706]]], ""type"": ""Polygon""}";75;75111;Paris 11e Arrondissement;4301;751114301;Roquette 1;H;48.85693642407242, 2.3918644285076627;IRIS____0000000751114301
"{""coordinates"": [[[2.373863827758742, 48.84692892295864], [2.373826008099504, 48.84780829582039], [2.373985003085811, 48.84795842099121], [2.371986625689372, 48.84891745363569], [2.373180933102544, 48.85057043524601], [2.374405207636675, 48.849506611034755], [2.374993965266114, 48.84893410083106], [2.376005242892854, 48.84835389899318], [2.375168146884183, 48.84713629864061], [2.373863827758742, 48.84692892295864]]], ""type"": ""Polygon""}";75;75112;Paris 12e Arrondissement;4806;751124806;Quinze-Vingts 6;H;48.848649515830495, 2.374016035679435;IRIS____0000000751124806
"{""coordinates"": [[[2.37938717089219, 48.85055512227326], [2.380114712394509, 48.85045546816843], [2.381426253806176, 48.8504082947867], [2.380790903767388, 48.84825465189559], [2.380625753723216, 48.84816206279845], [2.381735242846989, 48.846763007526114], [2.379353801839459, 48.846491662319345], [2.378595695775716, 48.84858772352643], [2.378767142149449, 48.84872351714113], [2.378786875316454, 48.84889719512336], [2.378669560353891, 48.84902159627762], [2.378287547753774, 48.84917340149118], [2.37938717089219, 48.85055512227326]]], ""type"": ""Polygon""}";75;75112;Paris 12e Arrondissement;4810;751124810;Quinze-Vingts 10;H;48.84856935869256, 2.379985890612216;IRIS____0000000751124810
"{""coordinates"": [[[2.337552480490955, 48.83943054303642], [2.339694669367677, 48.838864094489885], [2.338918773073734, 48.837733801242365], [2.337747569394431, 48.83587192539691], [2.336969366020112, 48.834608496422256], [2.338222019610424, 48.834664899088224], [2.338046695555586, 48.833773552064045], [2.336653239124614, 48.83407791370105], [2.336334027807584, 48.83357609262255], [2.336531551793298, 48.833470163290485], [2.336457338796941, 48.83309291495559], [2.33607229860163, 48.83316092920669], [2.335900051107848, 48.8332076396339], [2.335895928890432, 48.83331734007275], [2.335836860366602, 48.83335568505722], [2.333788597912888, 48.83394237565461], [2.33366958832967, 48.833980385673875], [2.333629243975902, 48.834045815003215], [2.333327451258235, 48.8341016929928], [2.332627719106447, 48.83448721840909], [2.333480822733185, 48.83553164751284], [2.335471336422248, 48.837556409905204], [2.336319064042516, 48.83838943412532], [2.336618165732024, 48.838546683808545], [2.337552480490955, 48.83943054303642]]], ""type"": ""Polygon""}";75;75114;Paris 14e Arrondissement;5302;751145302;Montparnasse 2;H;48.83614353189155, 2.3362820604444674;IRIS____0000000751145302
"{""coordinates"": [[[2.295757212284712, 48.8470648455306], [2.295637500803242, 48.847150479776275], [2.293410148801553, 48.84800703088014], [2.295081656302675, 48.84996131359703], [2.297917369232447, 48.8490660339977], [2.296804939288734, 48.848088188835824], [2.295944920540705, 48.84709023315178], [2.295757212284712, 48.8470648455306]]], ""type"": ""Polygon""}";75;75115;Paris 15e Arrondissement;5911;751155911;Grenelle 11;H;48.848537025410636, 2.2955807183415216;IRIS____0000000751155911
"{""coordinates"": [[[2.286025257619379, 48.846539493095136], [2.285400147894983, 48.8465132767606], [2.279514487025339, 48.846236046893125], [2.277439321278395, 48.84612460125427], [2.277319731509496, 48.8461994257416], [2.277093634490729, 48.846191764185804], [2.277580103176082, 48.846486996925535], [2.280748139378365, 48.848771586558854], [2.28161378364365, 48.849342487499804], [2.284115206178607, 48.847699052891755], [2.285651360534702, 48.846776492441215], [2.286025257619379, 48.846539493095136]]], ""type"": ""Polygon""}";75;75115;Paris 15e Arrondissement;6014;751156014;Javel 14;H;48.84733513830192, 2.281536373004542;IRIS____0000000751156014
"{""coordinates"": [[[2.285400147894983, 48.8465132767606], [2.283904798450421, 48.84476406092941], [2.283084989086776, 48.845124294085224], [2.281345482778386, 48.84606988446658], [2.280786799428666, 48.84557547280351], [2.279514487025339, 48.846236046893125], [2.285400147894983, 48.8465132767606]]], ""type"": ""Polygon""}";75;75115;Paris 15e Arrondissement;6015;751156015;Javel 15;H;48.84587486792122, 2.282967005403683;IRIS____0000000751156015
"{""coordinates"": [[[2.270200744147877, 48.855568953749156], [2.269361263966532, 48.85468875294475], [2.268709868555201, 48.854878136266], [2.269250154977867, 48.85580867764114], [2.26913390017098, 48.85583764650697], [2.269298609554265, 48.85731000444926], [2.271943507455408, 48.857841458179095], [2.272587105054974, 48.858017149579254], [2.27263261526818, 48.85827194447616], [2.272820390277531, 48.85829467027647], [2.27363937974787, 48.85820880917699], [2.274404500817552, 48.85817387924402], [2.273048288735067, 48.857297767518396], [2.270200744147877, 48.855568953749156]]], ""type"": ""Polygon""}";75;75116;Paris 16e Arrondissement;6205;751166205;Muette 5;H;48.85679135451872, 2.270990187433542;IRIS____0000000751166205
"{""coordinates"": [[[2.300837245802401, 48.8786582655758], [2.298154863077949, 48.878076885658906], [2.29790844777493, 48.877745383278764], [2.29746787307063, 48.87785881333807], [2.297255249633726, 48.87795379466391], [2.294213394784396, 48.87864997485228], [2.295544291092836, 48.88126319517103], [2.296451138504033, 48.88045103055919], [2.297764007845977, 48.879457776069685], [2.298870024360766, 48.880051526069835], [2.300834264679148, 48.87877875948045], [2.300837245802401, 48.8786582655758]]], ""type"": ""Polygon""}";75;75117;Paris 17e Arrondissement;6510;751176510;Ternes 10;H;48.879176848913495, 2.2971369259489416;IRIS____0000000751176510
"{""coordinates"": [[[2.296391833554372, 48.88292295723751], [2.297193942721047, 48.884517691766646], [2.297435171874224, 48.88452810087574], [2.297652432187421, 48.884596825586904], [2.300550624107416, 48.881725129131546], [2.298558551115799, 48.88130967237339], [2.296391833554372, 48.88292295723751]]], ""type"": ""Polygon""}";75;75117;Paris 17e Arrondissement;6607;751176607;Plaine Monceau 7;H;48.88278650019338, 2.29823655892045;IRIS____0000000751176607
"{""coordinates"": [[[2.341202420510689, 48.86574425589485], [2.338668944584592, 48.86633644197966], [2.335874392590844, 48.866979288015116], [2.336692678508776, 48.86887784306047], [2.336779626833816, 48.86954383824858], [2.341881329123523, 48.86854584889402], [2.341896323983404, 48.86843801024406], [2.341018449844045, 48.86638627443719], [2.341258253559507, 48.86628776732804], [2.341440989682442, 48.86606663489159], [2.341451372545319, 48.86600014052741], [2.341202420510689, 48.86574425589485]]], ""type"": ""Polygon""}";75;75102;Paris 2e Arrondissement;0601;751020601;Vivienne 1;H;48.86768790040787, 2.3389461230504898;IRIS____0000000751020601
"{""coordinates"": [[[2.326854569661756, 48.83497470355675], [2.325811529445446, 48.83356401033445], [2.32517026605283, 48.83269159997589], [2.324876785146561, 48.83273671113781], [2.323738880860291, 48.835495851642484], [2.323472515249228, 48.83617966580445], [2.324184921132916, 48.83597953596427], [2.326854569661756, 48.83497470355675]]], ""type"": ""Polygon""}";75;75114;Paris 14e Arrondissement;5622;751145622;Plaisance 22;H;48.83457000819519, 2.325098255978182;IRIS____0000000751145622
"{""coordinates"": [[[2.298906435388405, 48.86853476596776], [2.297501223263732, 48.870938572106695], [2.29620959727898, 48.87249404502659], [2.296421085544766, 48.872582524649516], [2.29651257822012, 48.872470644438614], [2.296666075414799, 48.872411290431586], [2.296749111943913, 48.872420771749084], [2.299985844285945, 48.87139650543074], [2.301875738249315, 48.87055856193585], [2.301364284995865, 48.87016796011218], [2.300996333598208, 48.87005609175938], [2.301008892315762, 48.86993295479943], [2.298906435388405, 48.86853476596776]]], ""type"": ""Polygon""}";75;75108;Paris 8e Arrondissement;2905;751082905;Champs Élysées 5;A;48.87060873152996, 2.299071690803332;IRIS____0000000751082905
"{""coordinates"": [[[2.287403125588103, 48.86276854867658], [2.287951533093834, 48.86323497926873], [2.290469331971723, 48.863926245392456], [2.293587905610028, 48.86475051173656], [2.293631788639759, 48.86483171226837], [2.293855581996553, 48.864914873770736], [2.294014973351306, 48.86492210955715], [2.294128679084379, 48.864880510784], [2.295787739288439, 48.8656799132704], [2.295875364911576, 48.86494566020865], [2.295536099367136, 48.86493377086893], [2.295824849538258, 48.86434639580732], [2.294128996691088, 48.863348018991516], [2.292554712310976, 48.86253650147966], [2.293269894112597, 48.862066768376444], [2.291774114518664, 48.86089865961848], [2.291818657718074, 48.860830572345456], [2.291747742155963, 48.86073302246797], [2.291215662572836, 48.86036833198824], [2.287403125588103, 48.86276854867658]]], ""type"": ""Polygon""}";75;75116;Paris 16e Arrondissement;6410;751166410;Chaillot 10;A;48.86299018621817, 2.2916545068822023;IRIS____0000000751166410
"{""coordinates"": [[[2.272573463593892, 48.847669905642675], [2.270622862349556, 48.84809961866387], [2.270190724822141, 48.84849989938226], [2.271322801913912, 48.849499698988524], [2.271619842851447, 48.84969756924332], [2.275268991042383, 48.85119108822401], [2.275974462864286, 48.85122413893593], [2.274922507181276, 48.85013763293049], [2.273189136325368, 48.84837335413696], [2.272573463593892, 48.847669905642675]]], ""type"": ""Polygon""}";75;75116;Paris 16e Arrondissement;6128;751166128;Auteuil 28;H;48.8493177086148, 2.272847184327636;IRIS____0000000751166128
"{""coordinates"": [[[2.390172173853585, 48.88001182248449], [2.390736047654476, 48.87971611629886], [2.391310181451981, 48.87947531864868], [2.390869270814431, 48.87835161216024], [2.392600471492212, 48.87686931848375], [2.392513687902539, 48.87659458212004], [2.389563961293636, 48.87687725567521], [2.389223911393891, 48.87692408508268], [2.389490005499373, 48.87806849186411], [2.389814536618627, 48.87888134208275], [2.389793604741266, 48.879038618067824], [2.38996814969251, 48.87915372245567], [2.38949664739242, 48.8795955875765], [2.390172173853585, 48.88001182248449]]], ""type"": ""Polygon""}";75;75119;Paris 19e Arrondissement;7508;751197508;Amérique 8;H;48.87799967603019, 2.390607080816761;IRIS____0000000751197508
"{""coordinates"": [[[2.356864255095606, 48.860083522494975], [2.35934459162322, 48.85833949995604], [2.358468571694126, 48.85764500577237], [2.357863103035002, 48.857891777484376], [2.356819492106523, 48.85664327081421], [2.356613934271327, 48.85629231828257], [2.353892663363194, 48.85691259760038], [2.354238240218519, 48.85751163173159], [2.356864255095606, 48.860083522494975]]], ""type"": ""Polygon""}";75;75104;Paris 4e Arrondissement;1402;751041402;Saint-Gervais 2;H;48.858048640340755, 2.356554595395652;IRIS____0000000751041402
"{""coordinates"": [[[2.376847413080422, 48.85974856838756], [2.379416709202369, 48.85825911146045], [2.379332165029978, 48.85814805325933], [2.37970582243895, 48.857444002786195], [2.377876540341711, 48.85677618344926], [2.376994524397442, 48.85793265324636], [2.375876422775739, 48.85945122059926], [2.376847413080422, 48.85974856838756]]], ""type"": ""Polygon""}";75;75111;Paris 11e Arrondissement;4316;751114316;Roquette 16;H;48.85826096770828, 2.3778308744106638;IRIS____0000000751114316
"{""coordinates"": [[[2.350390521254306, 48.825817025649364], [2.353647942278496, 48.82599026782112], [2.35389677142033, 48.825476270061245], [2.353390092204959, 48.82404622068513], [2.353109991175247, 48.82400693195389], [2.353011090105722, 48.82385440212465], [2.348716063662335, 48.823995673452075], [2.348558907064612, 48.82403708818563], [2.350390521254306, 48.825817025649364]]], ""type"": ""Polygon""}";75;75113;Paris 13e Arrondissement;5112;751135112;Maison Blanche 12;H;48.82485988802426, 2.35156881660678;IRIS____0000000751135112
"{""coordinates"": [[[2.281032911144368, 48.860232042399105], [2.286590884339555, 48.86205951620901], [2.286669463155818, 48.861596817629945], [2.286585878773068, 48.86133011069807], [2.284786397538812, 48.85886503007619], [2.284767171471529, 48.8586769497541], [2.284568585599243, 48.858646983265096], [2.284564813485908, 48.85852464826887], [2.283128598535876, 48.859190570188694], [2.281032911144368, 48.860232042399105]]], ""type"": ""Polygon""}";75;75116;Paris 16e Arrondissement;6220;751166220;Muette 20;H;48.860303609900136, 2.2842150918408417;IRIS____0000000751166220
"{""coordinates"": [[[2.297652432187421, 48.884596825586904], [2.297810526189501, 48.88470477358903], [2.297907969054281, 48.884860929732525], [2.298381988502345, 48.88479985576731], [2.303003869007504, 48.882835725969414], [2.301623704716739, 48.88203536896963], [2.300705544724492, 48.88156145567126], [2.300550624107416, 48.881725129131546], [2.297652432187421, 48.884596825586904]]], ""type"": ""Polygon""}";75;75117;Paris 17e Arrondissement;6608;751176608;Plaine Monceau 8;H;48.88320106796558, 2.3003036746886596;IRIS____0000000751176608
"{""coordinates"": [[[2.284194397498972, 48.840643985550805], [2.282816772380452, 48.84134533752057], [2.28226844435918, 48.841684708943276], [2.283478003479964, 48.843100372462004], [2.285538947611852, 48.84215397146996], [2.284194397498972, 48.840643985550805]]], ""type"": ""Polygon""}";75;75115;Paris 15e Arrondissement;6022;751156022;Javel 22;A;48.841885083828615, 2.283876926745908;IRIS____0000000751156022
"{""coordinates"": [[[2.346736617803734, 48.87087565960235], [2.347918228212595, 48.87068784517278], [2.347695169251944, 48.868468854736506], [2.347395716170074, 48.867888045970375], [2.347320440740974, 48.867367815440396], [2.341881329123523, 48.86854584889402], [2.342631945605392, 48.87020835989357], [2.342794933935584, 48.86993225785883], [2.344595184850581, 48.86955001622307], [2.345852416994523, 48.869200754679895], [2.346736617803734, 48.87087565960235]]], ""type"": ""Polygon""}";75;75102;Paris 2e Arrondissement;0703;751020703;Mail 3;H;48.86897829320051, 2.3453958906460395;IRIS____0000000751020703
"{""coordinates"": [[[2.361966407324183, 48.840242273187656], [2.361745287380767, 48.83994070614375], [2.357052208076732, 48.838446910980025], [2.356600687483709, 48.839705392806614], [2.358339298223169, 48.84003130769126], [2.359329519527566, 48.840278544063516], [2.361659982190581, 48.840342266479865], [2.361966407324183, 48.840242273187656]]], ""type"": ""Polygon""}";75;75105;Paris 5e Arrondissement;1801;751051801;Jardin des Plantes 1;H;48.83958871418656, 2.3589209068887036;IRIS____0000000751051801
"{""coordinates"": [[[2.31032513277025, 48.84793305623784], [2.308218200598362, 48.84743343761236], [2.307354149221545, 48.84713344727705], [2.306041515788186, 48.84797933604919], [2.307577348034486, 48.849513552223904], [2.307822266261913, 48.84954195023315], [2.31032513277025, 48.84793305623784]]], ""type"": ""Polygon""}";75;75107;Paris 7e Arrondissement;2703;751072703;École Militaire 3;H;48.84824716494508, 2.3079699246209127;IRIS____0000000751072703
"{""coordinates"": [[[2.370398409301786, 48.82415586488402], [2.369039044611718, 48.82359378522308], [2.368996517033811, 48.82350632133038], [2.36847595799914, 48.82330211303881], [2.366491359892924, 48.82700783395005], [2.368525942163669, 48.827272217731704], [2.36869867357923, 48.82706897192134], [2.370398409301786, 48.82415586488402]]], ""type"": ""Polygon""}";75;75113;Paris 13e Arrondissement;5010;751135010;Gare 10;H;48.825411654815326, 2.3684665755445704;IRIS____0000000751135010
"{""coordinates"": [[[2.320033194165155, 48.83163182272101], [2.320481778860998, 48.83233318584439], [2.323993399441084, 48.83099772877806], [2.323631066664558, 48.83047044538774], [2.322662561028742, 48.829312864215765], [2.319301291536066, 48.830511535162294], [2.320033194165155, 48.83163182272101]]], ""type"": ""Polygon""}";75;75114;Paris 14e Arrondissement;5613;751145613;Plaisance 13;H;48.830797347299914, 2.321617269539618;IRIS____0000000751145613
"{""coordinates"": [[[2.310884887003179, 48.8450718095077], [2.312589163433696, 48.84293123225428], [2.307929039491067, 48.84150225016743], [2.30639400856899, 48.84371299718561], [2.30654194625015, 48.84375702438978], [2.310884887003179, 48.8450718095077]]], ""type"": ""Polygon""}";75;75115;Paris 15e Arrondissement;5807;751155807;Necker 7;H;48.843296489079876, 2.309452145893422;IRIS____0000000751155807
"{""coordinates"": [[[2.291527898791559, 48.851540287747696], [2.29141049192706, 48.85165561008493], [2.291685482242497, 48.851777752699654], [2.293738295842928, 48.853456401799605], [2.295623376390573, 48.852228196024555], [2.295647357020559, 48.85216808005814], [2.295419417153861, 48.8519922621072], [2.295875092108045, 48.85165318755853], [2.294941848961062, 48.851028032139105], [2.294772936406392, 48.851123268309316], [2.293045464345683, 48.851383781560735], [2.29192859317464, 48.85153816288143], [2.291527898791559, 48.851540287747696]]], ""type"": ""Polygon""}";75;75115;Paris 15e Arrondissement;5916;751155916;Grenelle 16;H;48.85208016659874, 2.2938523612647965;IRIS____0000000751155916
"{""coordinates"": [[[2.269361263966532, 48.85468875294475], [2.270213800857073, 48.85444213454433], [2.2709009406797, 48.85413244643644], [2.271595318582871, 48.853889351151444], [2.27323094104762, 48.85358362110283], [2.27581647363968, 48.85298233558035], [2.275836889188411, 48.85288622744059], [2.274132977210632, 48.85193337114697], [2.272288350796959, 48.85110734326453], [2.272054464280657, 48.85136313846257], [2.270994504241628, 48.85319228427102], [2.270800366181595, 48.85323606939435], [2.270750845368399, 48.85336617506959], [2.268971975465904, 48.853973181766506], [2.269361263966532, 48.85468875294475]]], ""type"": ""Polygon""}";75;75116;Paris 16e Arrondissement;6125;751166125;Auteuil 25;H;48.85291880232301, 2.2724619423248806;IRIS____0000000751166125
"{""coordinates"": [[[2.33881914493355, 48.88629354659986], [2.338187368489395, 48.886323331334935], [2.337918112866114, 48.886156366327455], [2.337866978851627, 48.88599510375689], [2.337983896691744, 48.88570166978326], [2.336804408631417, 48.88601440411894], [2.335610693053986, 48.88658605446619], [2.333901945260167, 48.88711975490289], [2.332733605551421, 48.88794153054444], [2.333049846733483, 48.8884855867869], [2.333732504457795, 48.88789223403243], [2.333920521647332, 48.88779975003742], [2.334301767188754, 48.887633696001735], [2.334558405126486, 48.88772055867202], [2.334762060232704, 48.88768481789462], [2.335673659041966, 48.887422778856426], [2.337209841817573, 48.88726761453807], [2.337550234774854, 48.88720294804052], [2.338571925360965, 48.88675353647926], [2.33881914493355, 48.88629354659986]]], ""type"": ""Polygon""}";75;75118;Paris 18e Arrondissement;6909;751186909;Grandes Carrières 9;H;48.88696151555185, 2.33598324987327;IRIS____0000000751186909
"{""coordinates"": [[[2.353448493588996, 48.887104590235495], [2.353435422542187, 48.88672950055839], [2.352755106303246, 48.886605315153204], [2.352991972563258, 48.886090381719015], [2.352951666550124, 48.88571244646597], [2.352526606287038, 48.88502126359036], [2.351743618444982, 48.885040409341855], [2.349515408276586, 48.885255854421864], [2.349517533212377, 48.88541324837127], [2.350105123933055, 48.885972223732665], [2.350742358501664, 48.88670683380024], [2.353448493588996, 48.887104590235495]]], ""type"": ""Polygon""}";75;75118;Paris 18e Arrondissement;7103;751187103;Goutte d'Or 3;H;48.885960153097614, 2.351584438579514;IRIS____0000000751187103
"{""coordinates"": [[[2.398965987022432, 48.87549129607515], [2.399208122171167, 48.87553927679559], [2.402562321487233, 48.87599853480826], [2.403179437201544, 48.874497031596206], [2.40341537537309, 48.87389565506834], [2.40129673231315, 48.87329871225815], [2.399270342146977, 48.87274536242337], [2.399202257032135, 48.87427478648341], [2.398965987022432, 48.87549129607515]]], ""type"": ""Polygon""}";75;75120;Paris 20e Arrondissement;7814;751207814;Saint-Fargeau 14;H;48.87448913125491, 2.4010221453688705;IRIS____0000000751207814
"{""coordinates"": [[[2.395367943655133, 48.8752546390823], [2.397921938826138, 48.87546266688875], [2.398965987022432, 48.87549129607515], [2.399202257032135, 48.87427478648341], [2.399270342146977, 48.87274536242337], [2.39785551514834, 48.87236323131516], [2.397805542455445, 48.87232250987781], [2.397106637946304, 48.87275157148137], [2.396219924120066, 48.87256273861942], [2.396105086800405, 48.872590038675995], [2.396204579509583, 48.872827964784975], [2.395968841613608, 48.87352285977076], [2.395851462024119, 48.874356848558904], [2.395367943655133, 48.8752546390823]]], ""type"": ""Polygon""}";75;75120;Paris 20e Arrondissement;7816;751207816;Saint-Fargeau 16;H;48.874023190113235, 2.3975425316985666;IRIS____0000000751207816
"{""coordinates"": [[[2.388799862307387, 48.82510573617926], [2.38694133817552, 48.824463063876095], [2.385225588159262, 48.82372935996094], [2.38330363397122, 48.82304493247868], [2.381524148119775, 48.82241067605338], [2.380767116748346, 48.82170074778887], [2.379083321889079, 48.82115778649213], [2.377208648593897, 48.82382727945449], [2.377020817998499, 48.824043949880526], [2.376885196186394, 48.824108897655556], [2.381858478088978, 48.82580394647653], [2.383986846320186, 48.826548817089744], [2.385764151156596, 48.827382682973564], [2.386310179599062, 48.82693669966275], [2.388307584496006, 48.825501641441754], [2.388799862307387, 48.82510573617926]]], ""type"": ""Polygon""}";75;75113;Paris 13e Arrondissement;5032;751135032;Gare 32;A;48.82437081916654, 2.382571797677279;IRIS____0000000751135032
"{""coordinates"": [[[2.344974968231859, 48.864825147064664], [2.346682599072114, 48.86442168142322], [2.349017869621773, 48.86385882548901], [2.349082366748565, 48.8637152809957], [2.348444771796439, 48.862379879643505], [2.345881928302091, 48.86294238053768], [2.345536078757462, 48.86312935251068], [2.34502471284832, 48.86314544125812], [2.344285208026899, 48.86330956958759], [2.343871841076282, 48.863336982471886], [2.343149856392409, 48.86351648873322], [2.342742145050975, 48.86363566209494], [2.344974968231859, 48.864825147064664]]], ""type"": ""Polygon""}";75;75101;Paris 1er Arrondissement;0204;751010204;Les Halles 4;H;48.86364366283224, 2.3462571638538225;IRIS____0000000751010204
"{""coordinates"": [[[[2.337755934595521, 48.84175473055807], [2.337256165772474, 48.840875082012545], [2.336936956657747, 48.84079776640613], [2.336701188621081, 48.840801855526], [2.336495817535277, 48.840879860745915], [2.336284251363046, 48.84112331444316], [2.33611218466298, 48.84104681295855], [2.33485581208284, 48.84233761726313], [2.332901946019859, 48.844356601446265], [2.33618640246817, 48.84431281525346], [2.33758382732685, 48.844254008281716], [2.338983319797129, 48.84392448829842], [2.337755934595521, 48.84175473055807]]], [[[2.332689731891833, 48.848692137436075], [2.332467319796465, 48.84488480108271], [2.332410427598088, 48.84485840210807], [2.33139536593779, 48.845913081505635], [2.331523413081935, 48.84602261981775], [2.331664464160617, 48.84841210989608], [2.332689731891833, 48.848692137436075]]]], ""type"": ""MultiPolygon""}";75;75106;Paris 6e Arrondissement;2201;751062201;Odéon 1;H;48.84382278815367, 2.3353696598938467;IRIS____0000000751062201
"{""coordinates"": [[[2.345947946061055, 48.830648534346814], [2.344236345114972, 48.83113021935095], [2.344849273518455, 48.834172553624974], [2.345470768507864, 48.83436842138167], [2.345686091829942, 48.834471228268384], [2.34596585678506, 48.834649934181996], [2.3462608067458, 48.83503018110158], [2.348314170990857, 48.835661950713686], [2.347070811383009, 48.83301192269465], [2.346857843955042, 48.83293881024911], [2.347007657038596, 48.83261585474646], [2.346862666594249, 48.83255390583635], [2.345947946061055, 48.830648534346814]]], ""type"": ""Polygon""}";75;75113;Paris 13e Arrondissement;5204;751135204;Croulebarbe 4;H;48.833118218191565, 2.3460133754446892;IRIS____0000000751135204
"{""coordinates"": [[[2.399208122171167, 48.87553927679559], [2.398965987022432, 48.87549129607515], [2.397921938826138, 48.87546266688875], [2.397933277937321, 48.878256044693444], [2.399530611724958, 48.878433141236215], [2.400118354683499, 48.878544906631355], [2.4002982571138, 48.87807815679433], [2.400328921311166, 48.87742809507104], [2.400134484633523, 48.87738125510058], [2.400049285137642, 48.87732057303477], [2.399208122171167, 48.87553927679559]]], ""type"": ""Polygon""}";75;75119;Paris 19e Arrondissement;7503;751197503;Amérique 3;H;48.877092910601164, 2.3989488625954176;IRIS____0000000751197503
"{""coordinates"": [[[2.387377786989925, 48.86289848204552], [2.387201100440798, 48.863086439453454], [2.383913130241849, 48.86598342611392], [2.385147200602995, 48.86641156287034], [2.385378450272829, 48.86645322093708], [2.385465269865747, 48.86637362547388], [2.385608936261677, 48.86632849670266], [2.387015362605851, 48.866708034898885], [2.387497181612758, 48.86572842215891], [2.387999470843238, 48.86486132904009], [2.38727612218495, 48.864588724894205], [2.388261156658704, 48.86323935486178], [2.388105127823723, 48.863177401919785], [2.388035645371652, 48.863058333419794], [2.387377786989925, 48.86289848204552]]], ""type"": ""Polygon""}";75;75120;Paris 20e Arrondissement;7906;751207906;Père Lachaise 6;H;48.865056646865646, 2.3863889043633235;IRIS____0000000751207906
"{""coordinates"": [[[2.386281238776363, 48.83032088275266], [2.385920084415329, 48.830681474717366], [2.384198844709466, 48.83201088520583], [2.384981469025795, 48.832531149268306], [2.386288626723776, 48.83351187822542], [2.38624145286584, 48.83358448486305], [2.387190388876279, 48.83421530947637], [2.388124652403376, 48.83342865017489], [2.38898715950574, 48.83388004449495], [2.390098169799876, 48.83300433583076], [2.390279304029062, 48.8330088568151], [2.390288655491092, 48.83290817540678], [2.388382755754442, 48.83186597072714], [2.386281238776363, 48.83032088275266]]], ""type"": ""Polygon""}";75;75112;Paris 12e Arrondissement;4706;751124706;Bercy 6;A;48.83238872565664, 2.3870918118587654;IRIS____0000000751124706
"{""coordinates"": [[[2.371144417032808, 48.84553324626022], [2.3726824131703, 48.84568162062396], [2.374202542789599, 48.845843372062646], [2.374416999932121, 48.84557288756595], [2.375599031795129, 48.84495221000621], [2.375782802108333, 48.8449675587446], [2.375994620958154, 48.845144038640406], [2.377145286181244, 48.844523182101035], [2.379427855174725, 48.84370583546365], [2.379530581239957, 48.84377561894657], [2.379800729009935, 48.843631323599226], [2.378716719530493, 48.843237175632176], [2.376759979361294, 48.84233213425601], [2.376423328262026, 48.84211273463144], [2.372703594396802, 48.84414832505843], [2.372233475676607, 48.844489414278584], [2.37119066166518, 48.84542736504109], [2.371144417032808, 48.84553324626022]]], ""type"": ""Polygon""}";75;75112;Paris 12e Arrondissement;4811;751124811;Quinze-Vingts 11;A;48.844104305775815, 2.3753123018512237;IRIS____0000000751124811
"{""coordinates"": [[[2.274596295854887, 48.84351721562513], [2.27487976931784, 48.84341550671429], [2.274828359277623, 48.843291082091575], [2.274977640840199, 48.84255090614869], [2.27506661455752, 48.84242373478691], [2.276824555389137, 48.841720274831495], [2.276888213281365, 48.841649609365426], [2.276977108015083, 48.84113480716485], [2.277061438321012, 48.841047178468365], [2.277640783893343, 48.840831231733816], [2.277897831988111, 48.84086516103711], [2.277995176359708, 48.84032972324531], [2.277678538041071, 48.84036828341182], [2.276916707349871, 48.83949758547299], [2.276886358238006, 48.839426351590035], [2.276978098678671, 48.83890257186052], [2.277025229920728, 48.83884439749165], [2.278068944174908, 48.83844688268183], [2.27835978543679, 48.838400970874304], [2.277255703124276, 48.83715856539704], [2.276290583971738, 48.837391963537904], [2.275197558806427, 48.8377109188369], [2.276226207973513, 48.838692068344464], [2.276160706562346, 48.83909189297645], [2.27610136274536, 48.83914639560173], [2.275458797612983, 48.83940242399533], [2.274743899428386, 48.8393729092601], [2.274569014456409, 48.83940782371242], [2.27372622713859, 48.83975616315022], [2.272783856747753, 48.83972165793446], [2.271957501662176, 48.840062889832254], [2.271882525265871, 48.8401631632003], [2.271672753733497, 48.840159188053526], [2.271564269667202, 48.84021968481389], [2.271539939963403, 48.84030317828619], [2.271595614941618, 48.84041414010738], [2.271826406986788, 48.840474004417615], [2.274596295854887, 48.84351721562513]]], ""type"": ""Polygon""}";75;75115;Paris 15e Arrondissement;6023;751156023;Jardin Citroën-Cévennes;D;48.840354178960965, 2.2752169001780462;IRIS____0000000751156023
"{""coordinates"": [[[2.311534305425408, 48.8730670136299], [2.310760422032143, 48.87282243582147], [2.309981106738858, 48.873091345914496], [2.308481149026303, 48.873829143596495], [2.307449598277331, 48.874199104606994], [2.30646216149301, 48.8745315399598], [2.305936313981697, 48.87480638853584], [2.305643307046338, 48.87489912008019], [2.309198637543141, 48.875036604377065], [2.309649491120863, 48.874555360142814], [2.310530397593467, 48.873926401889655], [2.311534305425408, 48.8730670136299]]], ""type"": ""Polygon""}";75;75108;Paris 8e Arrondissement;3006;751083006;Faubourg du Roule 6;A;48.874120601261225, 2.308949350470029;IRIS____0000000751083006
"{""coordinates"": [[[2.291635918576814, 48.85792997080845], [2.294874995127961, 48.86019838719828], [2.296847882082604, 48.85894370502889], [2.296376714033232, 48.85860907362299], [2.298893901097704, 48.857007706317475], [2.299267694254462, 48.856678033394], [2.300010182468253, 48.856295655843375], [2.300697412030575, 48.85586618414308], [2.304297076922184, 48.85350386980891], [2.301984924088163, 48.85193181446314], [2.294072896899644, 48.85702612928534], [2.293559723463235, 48.856675949124245], [2.291635918576814, 48.85792997080845]]], ""type"": ""Polygon""}";75;75107;Paris 7e Arrondissement;2812;751072812;Champ de Mars;D;48.85609158677385, 2.2979056002416494;IRIS____0000000751072812
"{""coordinates"": [[[2.367064435257618, 48.868665480627904], [2.365419787037786, 48.86815314168972], [2.364379719953636, 48.86915218593217], [2.362852153883509, 48.87110552289867], [2.362573626334262, 48.871250632122404], [2.364514005192331, 48.87188958671294], [2.367064435257618, 48.868665480627904]]], ""type"": ""Polygon""}";75;75110;Paris 10e Arrondissement;3902;751103902;Porte Saint-Martin 2;H;48.87001277527335, 2.36487060942211;IRIS____0000000751103902
"{""coordinates"": [[[2.370714091439697, 48.864018041352644], [2.368851063636991, 48.86635101856382], [2.3706615022269, 48.86600171469897], [2.374556866721297, 48.865255895132435], [2.375341036870924, 48.8651124984091], [2.374728467008199, 48.8650418489876], [2.371872301823469, 48.86450707297575], [2.370714091439697, 48.864018041352644]]], ""type"": ""Polygon""}";75;75111;Paris 11e Arrondissement;4104;751114104;Folie Méricourt 4;H;48.8652138494868, 2.371519955066699;IRIS____0000000751114104
"{""coordinates"": [[[2.360525816939211, 48.81606752047994], [2.358423747028375, 48.816013988362876], [2.356232015039089, 48.81594284824564], [2.355852301315164, 48.815922815484456], [2.353377706979411, 48.81779636367041], [2.352391840207208, 48.81855100592268], [2.351253779116588, 48.81796203702353], [2.348600538375941, 48.81678021266272], [2.346919974440822, 48.816018260690555], [2.346371448422839, 48.81599367806785], [2.345190828033564, 48.816092446054775], [2.344355599882103, 48.81601591814922], [2.344448463099662, 48.8155622380591], [2.34434443743991, 48.815603938742605], [2.343902504744145, 48.81576700128829], [2.34412923088539, 48.817772072680455], [2.344586816272369, 48.819398866537306], [2.345061412162758, 48.819348403475935], [2.345311746885524, 48.81936956078246], [2.350894775886659, 48.82087228499402], [2.352572643735507, 48.82088138134332], [2.354836131970672, 48.820893615252004], [2.355246844318858, 48.82083287393947], [2.355840910957955, 48.82059324314789], [2.356272322211855, 48.820289777244184], [2.357225081678092, 48.8195673040214], [2.35772149139755, 48.819292962272954], [2.358445880310158, 48.81908549664871], [2.359505194420751, 48.81899764003965], [2.36003691776729, 48.81728716555512], [2.360207889256328, 48.816561379600635], [2.360378468777388, 48.81608921689305], [2.360525816939211, 48.81606752047994]]], ""type"": ""Polygon""}";75;75113;Paris 13e Arrondissement;5108;751135108;Maison Blanche 8;H;48.818356579995054, 2.3520702599318577;IRIS____0000000751135108
"{""coordinates"": [[[2.28399176199377, 48.83436784539568], [2.284137925185969, 48.83453780292022], [2.284917690190383, 48.83499845064132], [2.285916352044325, 48.83549277752859], [2.286706818975998, 48.835770903914714], [2.287716612943344, 48.83595140008859], [2.288549217738851, 48.83593836784297], [2.289026111512763, 48.835135364038614], [2.288310212082972, 48.83458428652215], [2.28989979465482, 48.83370605073991], [2.28825427640857, 48.83259453397144], [2.287659664228569, 48.83284102077162], [2.286596568061979, 48.83337431037775], [2.28399176199377, 48.83436784539568]]], ""type"": ""Polygon""}";75;75115;Paris 15e Arrondissement;5708;751155708;Saint-Lambert 8;H;48.83438637905337, 2.28718019596769;IRIS____0000000751155708
"{""coordinates"": [[[2.318457079224413, 48.886434782993454], [2.322424197643719, 48.88401921326011], [2.321179805878397, 48.8837621501122], [2.319257783067969, 48.8832898797878], [2.316825161615583, 48.885672743009984], [2.318106700734094, 48.88642739208451], [2.318340279180124, 48.88639814488477], [2.318457079224413, 48.886434782993454]]], ""type"": ""Polygon""}";75;75117;Paris 17e Arrondissement;6706;751176706;Batignolles 6;H;48.8848023968104, 2.3193554007609376;IRIS____0000000751176706
"{""coordinates"": [[[2.369541154621306, 48.89290649917105], [2.370035221900147, 48.894005369771655], [2.370457176828816, 48.89452739500733], [2.372867047041114, 48.893862852529764], [2.373320668003488, 48.89379597970531], [2.372554532101347, 48.8920670727877], [2.369541154621306, 48.89290649917105]]], ""type"": ""Polygon""}";75;75119;Paris 19e Arrondissement;7317;751197317;Villette 17;H;48.89331314965873, 2.3714367958219564;IRIS____0000000751197317
"{""coordinates"": [[[2.378148691831774, 48.87645427235696], [2.378922726206753, 48.87465872473268], [2.378210678455333, 48.874459872721395], [2.377018787756291, 48.874141606616234], [2.375547047223963, 48.87408177671427], [2.376005301009472, 48.874523941001364], [2.376155579207456, 48.874726175160674], [2.37663754796351, 48.87580788647362], [2.376852403142539, 48.87642504824311], [2.377352283864145, 48.87646721996308], [2.378148691831774, 48.87645427235696]]], ""type"": ""Polygon""}";75;75119;Paris 19e Arrondissement;7607;751197607;Combat 7;H;48.87519992847214, 2.3773912609853602;IRIS____0000000751197607
"{""coordinates"": [[[2.40262688022139, 48.853965031045725], [2.404095562822753, 48.85233823664043], [2.404009957371654, 48.852316225868314], [2.399538003488761, 48.85153751341263], [2.399364756298522, 48.85190717640635], [2.400782298457655, 48.852953932720006], [2.401538963550453, 48.853402897666335], [2.40262688022139, 48.853965031045725]]], ""type"": ""Polygon""}";75;75120;Paris 20e Arrondissement;8014;751208014;Charonne 14;H;48.85261114071708, 2.401802497885874;IRIS____0000000751208014
"{""coordinates"": [[[2.348223210390838, 48.85851687106066], [2.350164450262719, 48.8619854230763], [2.351651737500054, 48.861642744497885], [2.350495456043918, 48.85937911073384], [2.350218111144884, 48.85899448233044], [2.350131844514845, 48.85902639045958], [2.34959327774872, 48.85805846212478], [2.348223210390838, 48.85851687106066]]], ""type"": ""Polygon""}";75;75104;Paris 4e Arrondissement;1303;751041303;Saint-Merri 3;H;48.86005660844501, 2.3499451330953978;IRIS____0000000751041303
"{""coordinates"": [[[2.319020489890948, 48.85169452303179], [2.319565907300404, 48.850523962850126], [2.318545876253237, 48.85036706519313], [2.315132046689788, 48.849440118415835], [2.313953923348575, 48.849183346513065], [2.313840219431152, 48.84912513537555], [2.313667402906635, 48.84941643640329], [2.312353309375655, 48.850273176374294], [2.312006227196465, 48.85044745565215], [2.312140748461883, 48.851612899697386], [2.313857057135992, 48.851779242798145], [2.314504083135025, 48.85180273736721], [2.317122577682769, 48.851761950309154], [2.319020489890948, 48.85169452303179]]], ""type"": ""Polygon""}";75;75107;Paris 7e Arrondissement;2706;751072706;École Militaire 6;H;48.85074627944529, 2.3154739954447923;IRIS____0000000751072706
"{""coordinates"": [[[2.30654194625015, 48.84375702438978], [2.30639400856899, 48.84371299718561], [2.302678019934995, 48.842605858739105], [2.302565484557094, 48.84286961665836], [2.302067245330966, 48.84537864044642], [2.304931221089949, 48.84611660458828], [2.30654194625015, 48.84375702438978]]], ""type"": ""Polygon""}";75;75115;Paris 15e Arrondissement;5809;751155809;Necker 9;H;48.844388100887244, 2.3040579834112282;IRIS____0000000751155809
"{""coordinates"": [[[2.29141049192706, 48.85165561008493], [2.291527898791559, 48.851540287747696], [2.292377071320709, 48.850726893987066], [2.291951476655282, 48.850957310843484], [2.28994643643084, 48.85168470384791], [2.288835406563423, 48.85210889934797], [2.286536515568673, 48.85289114780891], [2.288763139097098, 48.85450796240439], [2.290652228151814, 48.85259634529688], [2.290578527072672, 48.852504173573024], [2.29141049192706, 48.85165561008493]]], ""type"": ""Polygon""}";75;75115;Paris 15e Arrondissement;5919;751155919;Grenelle 19;H;48.85277252378505, 2.289169452329102;IRIS____0000000751155919
"{""coordinates"": [[[2.404940183560651, 48.856185355554324], [2.405271952043735, 48.855418063201874], [2.406126037250999, 48.85270717231401], [2.404095562822753, 48.85233823664043], [2.40262688022139, 48.853965031045725], [2.402880858814554, 48.85427927206606], [2.403058493102383, 48.854595829649135], [2.403854609840538, 48.85505486870403], [2.404403101385761, 48.85595514873922], [2.404751804008241, 48.85621139902244], [2.404940183560651, 48.856185355554324]]], ""type"": ""Polygon""}";75;75120;Paris 20e Arrondissement;8013;751208013;Charonne 13;H;48.85400571153966, 2.4044894869525337;IRIS____0000000751208013
"{""coordinates"": [[[2.359778751949743, 48.86260562919108], [2.358697403717627, 48.8631934075199], [2.358250912438201, 48.86336548709481], [2.358766306732989, 48.86390785658917], [2.359619565914243, 48.864688559320065], [2.359719455569066, 48.86465761672199], [2.361660800677746, 48.86330368163775], [2.364436518475491, 48.861927167632665], [2.364615376028549, 48.861902935688235], [2.36460738071791, 48.861329110520714], [2.361289710185954, 48.86177371371678], [2.359778751949743, 48.86260562919108]]], ""type"": ""Polygon""}";75;75103;Paris 3e Arrondissement;1003;751031003;Enfants Rouges 3;H;48.86281960462764, 2.361221492805798;IRIS____0000000751031003
"{""coordinates"": [[[2.355983100943926, 48.87976263821999], [2.357207790070614, 48.879522803174204], [2.357597146978918, 48.87946193985753], [2.35867105205127, 48.87972850387455], [2.358720123582632, 48.87961904826235], [2.358571144921019, 48.87876208588758], [2.358313221212522, 48.8778946460504], [2.357554364827759, 48.8765190917908], [2.357505607809469, 48.87627151310601], [2.356242070376606, 48.876461679176764], [2.356100388014313, 48.87656254198519], [2.355865115783879, 48.876513611528644], [2.355675430595575, 48.87652698007375], [2.355018189793621, 48.877302264329124], [2.355239485844312, 48.87737900048031], [2.355396302735432, 48.87748776505568], [2.355925229021529, 48.87970117230923], [2.355983100943926, 48.87976263821999]]], ""type"": ""Polygon""}";75;75110;Paris 10e Arrondissement;3703;751103703;Saint-Vincent de Paul 3;H;48.87808005862203, 2.3569193397250277;IRIS____0000000751103703
"{""coordinates"": [[[2.383384090239231, 48.86357586198632], [2.381199356234151, 48.864007062341095], [2.381131044124968, 48.86402019925386], [2.381195273555073, 48.86412125772477], [2.381801831365397, 48.864353724665975], [2.380703820202654, 48.86578789401884], [2.379724859510576, 48.865461759604656], [2.379214351165468, 48.866091349637934], [2.380197020361616, 48.866335667200836], [2.381296519905058, 48.86661475552748], [2.382205861531277, 48.865342388845754], [2.382680479082472, 48.865092122908756], [2.382955936641662, 48.86473830345687], [2.383146050888182, 48.86433907633207], [2.383356226129605, 48.86431767587387], [2.383740978739396, 48.86440329646456], [2.383384090239231, 48.86357586198632]]], ""type"": ""Polygon""}";75;75111;Paris 11e Arrondissement;4214;751114214;Saint-Ambroise 14;H;48.86510442644623, 2.3816549028288234;IRIS____0000000751114214
"{""coordinates"": [[[2.305259242419301, 48.83183471650902], [2.306836825732683, 48.831318634505784], [2.305854720567666, 48.830186019791284], [2.304656587339264, 48.82921852471114], [2.303930264732208, 48.828727736017775], [2.30324998628489, 48.82846205555149], [2.302866061073881, 48.82824216854792], [2.30139752335706, 48.828553777984204], [2.302056546396032, 48.83061000598545], [2.302978871039827, 48.83213263262614], [2.303791417538286, 48.83198447137082], [2.304775877502427, 48.831918247840676], [2.305259242419301, 48.83183471650902]]], ""type"": ""Polygon""}";75;75115;Paris 15e Arrondissement;5703;751155703;Saint-Lambert 3;H;48.830297169958776, 2.303813595659147;IRIS____0000000751155703
"{""coordinates"": [[[2.29195460484494, 48.837387678549604], [2.290153390498658, 48.8387935141433], [2.289408125099051, 48.83859302617875], [2.29036206765706, 48.83997832470024], [2.292008200033044, 48.83925958852002], [2.293941809684255, 48.83833657062836], [2.293846191315286, 48.83825416337007], [2.29195460484494, 48.837387678549604]]], ""type"": ""Polygon""}";75;75115;Paris 15e Arrondissement;5712;751155712;Saint-Lambert 12;H;48.838653872164606, 2.291616838973266;IRIS____0000000751155712
"{""coordinates"": [[[2.264984072980655, 48.843257983715], [2.264832282252683, 48.84310325860279], [2.263797573616275, 48.8414024793445], [2.26273078556247, 48.84187797277273], [2.263107738511429, 48.8432608304902], [2.26365033501958, 48.84449451010622], [2.264778987203619, 48.84591525999596], [2.266306586651004, 48.8475569904984], [2.266845910461357, 48.84748205177966], [2.268132861856877, 48.84753939653118], [2.26852419092668, 48.847425771435375], [2.268842834578004, 48.847247845816185], [2.26716802591466, 48.845507214850905], [2.266745275965849, 48.84514307825347], [2.266503126550372, 48.84482411654196], [2.264984072980655, 48.843257983715]]], ""type"": ""Polygon""}";75;75116;Paris 16e Arrondissement;6113;751166113;Auteuil 13;H;48.844922710323225, 2.2654262124241438;IRIS____0000000751166113
"{""coordinates"": [[[2.406582644292136, 48.877113915763175], [2.40793407929123, 48.877572070594084], [2.410820319151064, 48.87843617580173], [2.412208384325074, 48.876742368478865], [2.412453090020587, 48.876443193688495], [2.413431063629795, 48.87314025049789], [2.413649310091608, 48.87240386705803], [2.41393245838964, 48.86953368024], [2.413977335687163, 48.865181109176135], [2.413883736160339, 48.86526159131493], [2.411846232183755, 48.8651050035979], [2.411378545279628, 48.864995682997176], [2.410957601593311, 48.8649720278358], [2.409007739196652, 48.86454152441294], [2.408742229271848, 48.86451503150666], [2.408887644498474, 48.86635579726916], [2.410156143131021, 48.866410619751996], [2.411143255092168, 48.866516206277026], [2.410874618083768, 48.86917602189136], [2.410742023834637, 48.87065387615277], [2.410593911649782, 48.870610878187584], [2.410319569693864, 48.870639205002085], [2.40912576101482, 48.87060094172201], [2.408707815938089, 48.87054941441073], [2.408697804628777, 48.87083085670916], [2.408329230150583, 48.87339393467047], [2.408121019737999, 48.87407999517558], [2.407320229809146, 48.87580005115469], [2.406582644292136, 48.877113915763175]]], ""type"": ""Polygon""}";75;75120;Paris 20e Arrondissement;7801;751207801;Saint-Fargeau 1;H;48.871886287862615, 2.410989916497696;IRIS____0000000751207801
"{""coordinates"": [[[2.321548817535348, 48.84109820923621], [2.321471529354066, 48.840964664601124], [2.321832824389552, 48.84010961659215], [2.321394340274794, 48.839777062013354], [2.319877474643327, 48.84053920526567], [2.317385766077479, 48.838433081829365], [2.317021118609606, 48.83881143347959], [2.3167769715992, 48.838831624095576], [2.316571549408641, 48.83901572060109], [2.315385827252033, 48.84008098748554], [2.314862605613979, 48.84049709731838], [2.315222353555894, 48.840493761020696], [2.318673100420094, 48.841470391430235], [2.3206830314365, 48.84208349809075], [2.321117251972847, 48.84232609374611], [2.321409748537894, 48.84120984124701], [2.321548817535348, 48.84109820923621]]], ""type"": ""Polygon""}";75;75115;Paris 15e Arrondissement;5818;751155818;Necker 18;A;48.84044109065969, 2.3185562090197287;IRIS____0000000751155818
"{""coordinates"": [[[2.325904334762589, 48.86146810813408], [2.327980452922263, 48.86082056108744], [2.331211887811374, 48.85967940124927], [2.332915970801085, 48.859335467833546], [2.332451956624262, 48.85853065908503], [2.32929029412567, 48.859553529793885], [2.325305164582824, 48.86079201778232], [2.32594574723197, 48.86142787065671], [2.325904334762589, 48.86146810813408]]], ""type"": ""Polygon""}";75;75107;Paris 7e Arrondissement;2599;751072599;Seine et Berges 1;D;48.860011977178786, 2.3291129911755175;IRIS____0000000751072599
"{""coordinates"": [[[2.370220435118679, 48.88196349700564], [2.370287299693743, 48.87846365520372], [2.370086823436324, 48.87846709716587], [2.369927474565631, 48.87833945281441], [2.369869769376923, 48.878150289382525], [2.369884444537364, 48.87795161423268], [2.369527832316281, 48.87790027338701], [2.369452069884059, 48.8778513104154], [2.369360330211489, 48.8778832031354], [2.368509514906253, 48.877883214744344], [2.368474372210645, 48.87797026459623], [2.368293868815913, 48.87801337953029], [2.36814444009706, 48.87796762431362], [2.368101738693612, 48.87789095567439], [2.367851090617975, 48.87798406228178], [2.36759920298462, 48.87773001949651], [2.366737716049669, 48.87759865955089], [2.366345821086678, 48.877646049141816], [2.36616440868004, 48.877763800683944], [2.367667384541433, 48.8794139289258], [2.368061843346311, 48.87949335424488], [2.369666869863407, 48.88139580509315], [2.369822800760107, 48.8814685723136], [2.370054311706419, 48.88149317325051], [2.370066576526478, 48.88194470098561], [2.370220435118679, 48.88196349700564]]], ""type"": ""Polygon""}";75;75110;Paris 10e Arrondissement;4010;751104010;Hôpital Saint-Louis 10;H;48.87918703587568, 2.3688128444244434;IRIS____0000000751104010
"{""coordinates"": [[[2.317300691114629, 48.829221219206225], [2.317964994326271, 48.829672898879366], [2.319229134519357, 48.829256495128085], [2.321717024771174, 48.82827771930325], [2.319585359343969, 48.82617725478254], [2.31698039857716, 48.82673890696723], [2.315197033900256, 48.82779896849191], [2.315631834522735, 48.82809015769784], [2.317300691114629, 48.829221219206225]]], ""type"": ""Polygon""}";75;75114;Paris 14e Arrondissement;5607;751145607;Plaisance 7;H;48.82789251356387, 2.3185010894032803;IRIS____0000000751145607
"{""coordinates"": [[[2.292407257810392, 48.85071178336349], [2.295081656302675, 48.84996131359703], [2.293410148801553, 48.84800703088014], [2.290919177827438, 48.849003178252694], [2.292407257810392, 48.85071178336349]]], ""type"": ""Polygon""}";75;75115;Paris 15e Arrondissement;5910;751155910;Grenelle 10;H;48.84941005694845, 2.2929814302476887;IRIS____0000000751155910
"{""coordinates"": [[[2.40341537537309, 48.87389565506834], [2.403179437201544, 48.874497031596206], [2.404372771031356, 48.87470352631637], [2.404095297183348, 48.875480067088105], [2.40442732501899, 48.87553657866039], [2.404749670785394, 48.87477015296937], [2.405689869137902, 48.874937603520365], [2.404398475263162, 48.87174035202811], [2.40341537537309, 48.87389565506834]]], ""type"": ""Polygon""}";75;75120;Paris 20e Arrondissement;7811;751207811;Saint-Fargeau 11;H;48.873820439133624, 2.404414258046287;IRIS____0000000751207811
"{""coordinates"": [[[2.364940407814287, 48.87370491279751], [2.367496908969274, 48.875375023866184], [2.368540047514563, 48.876152159653735], [2.3700560834056, 48.87413214789047], [2.370328293473015, 48.87405803592462], [2.370315630307815, 48.87375219526312], [2.369673939291909, 48.872249624499325], [2.369523432162596, 48.87206896446247], [2.367915850728346, 48.87174931555088], [2.366767098845457, 48.87249059312187], [2.366584228994269, 48.87272974850652], [2.364940407814287, 48.87370491279751]]], ""type"": ""Polygon""}";75;75110;Paris 10e Arrondissement;4012;751104012;Hôpital Saint-Louis 12;A;48.873738191417644, 2.3680122571835294;IRIS____0000000751104012
"{""coordinates"": [[[2.310390240755495, 48.863608304977085], [2.318677870940691, 48.863723224069915], [2.320933472558735, 48.86301926290603], [2.325904334762589, 48.86146810813408], [2.32594574723197, 48.86142787065671], [2.325305164582824, 48.86079201778232], [2.320047781808954, 48.862367601923964], [2.319373444915552, 48.86254633664857], [2.319039006863441, 48.86258310617697], [2.318446419937379, 48.86276409950895], [2.31784768507661, 48.86289379194555], [2.315189660196816, 48.862892102030614], [2.311660374183708, 48.862805302900234], [2.311653413177552, 48.86291948031222], [2.310760756068919, 48.86290624851936], [2.310604922045545, 48.86293952624372], [2.310425375149164, 48.86291061198091], [2.310390240755495, 48.863608304977085]]], ""type"": ""Polygon""}";75;75107;Paris 7e Arrondissement;2699;751072699;Seine et Berges 2;D;48.8627506394566, 2.3182935164492746;IRIS____0000000751072699
"{""coordinates"": [[[2.360888418426915, 48.86581862168858], [2.360065153259049, 48.86503449200714], [2.359619565914243, 48.864688559320065], [2.356589028042991, 48.865372894328075], [2.355740164501207, 48.86545196682287], [2.355639992875577, 48.86550538817116], [2.356808071278973, 48.86728427589825], [2.360192611411073, 48.86653257950509], [2.360324904611943, 48.866416372123055], [2.36201050901712, 48.86680399222721], [2.361456628367953, 48.86639363646506], [2.360888418426915, 48.86581862168858]]], ""type"": ""Polygon""}";75;75103;Paris 3e Arrondissement;0903;751030903;Arts et Métiers 3;H;48.865983434989204, 2.3584702526594574;IRIS____0000000751030903
"{""coordinates"": [[[2.362763216124462, 48.85463894001703], [2.362934367486209, 48.85457419868422], [2.363703944324246, 48.8542761112852], [2.364753286412188, 48.8539462284635], [2.363346221561235, 48.852656273031506], [2.363827485056833, 48.85241780609365], [2.363109996906164, 48.85191304911915], [2.363691017126329, 48.85154021043741], [2.36143214331549, 48.85082038405245], [2.361388249225371, 48.85151085419841], [2.361291991654455, 48.851803529909255], [2.360921197017555, 48.85214600260942], [2.360489345244739, 48.85235504340187], [2.360667851909127, 48.8525790370697], [2.361847811420602, 48.85360070573629], [2.362493507911472, 48.85440457123532], [2.362763216124462, 48.85463894001703]]], ""type"": ""Polygon""}";75;75104;Paris 4e Arrondissement;1502;751041502;Arsenal 2;H;48.852774755342956, 2.3625478486308076;IRIS____0000000751041502
"{""coordinates"": [[[2.337773141701888, 48.882328915307575], [2.337800457656781, 48.882325469070736], [2.339550582183016, 48.8820617395515], [2.339677883166918, 48.88191585067113], [2.340229594150713, 48.88077494180995], [2.340448225981834, 48.88041551404347], [2.340249721970249, 48.879939572400595], [2.340030432239695, 48.879382575580024], [2.337322572266892, 48.88001693614514], [2.337748850120729, 48.880915030758096], [2.337211542390125, 48.88199125619143], [2.337409170065508, 48.88199864542357], [2.337528460428007, 48.88205416480559], [2.337773141701888, 48.882328915307575]]], ""type"": ""Polygon""}";75;75109;Paris 9e Arrondissement;3310;751093310;Saint-Georges 10;H;48.880868079513434, 2.3388380219510982;IRIS____0000000751093310
"{""coordinates"": [[[2.404464919623959, 48.840053089080165], [2.404696524648475, 48.84088974685405], [2.405271021661577, 48.84296202778885], [2.405366512610043, 48.843310553745056], [2.406545524589437, 48.843157222116005], [2.407908074081701, 48.84291934848341], [2.408315908253652, 48.843961922115554], [2.408831867848419, 48.84388263144527], [2.408324796410201, 48.841738754929096], [2.409223794839457, 48.841762983891705], [2.409469404333803, 48.84173181969256], [2.409149653603645, 48.84073105354393], [2.409040568835738, 48.84037796595307], [2.407886821420527, 48.84035247477506], [2.406405909203875, 48.84010230828536], [2.404464919623959, 48.840053089080165]]], ""type"": ""Polygon""}";75;75112;Paris 12e Arrondissement;4509;751124509;Bel-Air 9;H;48.84163386874697, 2.4068919431003124;IRIS____0000000751124509
"{""coordinates"": [[[2.3726824131703, 48.84568162062396], [2.372668127257938, 48.845736406557464], [2.372508231507561, 48.84577513976387], [2.372354184383441, 48.845893946302304], [2.372019223395208, 48.84666473678712], [2.373863827758742, 48.84692892295864], [2.375168146884183, 48.84713629864061], [2.376005242892854, 48.84835389899318], [2.377723805841794, 48.84731150276132], [2.37894965176909, 48.84644459717674], [2.377479991029247, 48.846275974072924], [2.37438805855137, 48.84594057360501], [2.374202542789599, 48.845843372062646], [2.3726824131703, 48.84568162062396]]], ""type"": ""Polygon""}";75;75112;Paris 12e Arrondissement;4808;751124808;Quinze-Vingts 8;H;48.84673611684632, 2.3754546298719608;IRIS____0000000751124808
"{""coordinates"": [[[2.311519119428562, 48.83275140270192], [2.312863780270742, 48.83223030330679], [2.313723549390992, 48.83190786734188], [2.314153916589927, 48.83181320353586], [2.312326034472715, 48.83096359055444], [2.311745323330049, 48.83068324241682], [2.310884127776358, 48.830289752893314], [2.30927786608701, 48.83143348706806], [2.311015353570606, 48.83242023010401], [2.311519119428562, 48.83275140270192]]], ""type"": ""Polygon""}";75;75114;Paris 14e Arrondissement;5609;751145609;Plaisance 9;H;48.83155390852648, 2.311522115523747;IRIS____0000000751145609
"{""coordinates"": [[[2.347201265819183, 48.88460113895447], [2.3448938663817, 48.88482416028643], [2.345065268542444, 48.88637553986596], [2.347668519384837, 48.88692575015482], [2.347201265819183, 48.88460113895447]]], ""type"": ""Polygon""}";75;75118;Paris 18e Arrondissement;7006;751187006;Clignancourt 6;H;48.88569820925595, 2.3462895143544644;IRIS____0000000751187006
"{""coordinates"": [[[2.345312320037714, 48.89080517099957], [2.346155105749846, 48.88950665482451], [2.344680380683292, 48.88932682191093], [2.342936951153016, 48.88979930602385], [2.343372864089697, 48.89037996302293], [2.3435230644636, 48.89069015414367], [2.343639293338842, 48.89120700326115], [2.344415802251318, 48.89106017064471], [2.345312320037714, 48.89080517099957]]], ""type"": ""Polygon""}";75;75118;Paris 18e Arrondissement;7011;751187011;Clignancourt 11;H;48.89016476019149, 2.3445192288428323;IRIS____0000000751187011
"{""coordinates"": [[[2.381650410261317, 48.885723804153734], [2.381648313084604, 48.8856707331603], [2.381540015085914, 48.88560362377129], [2.37966810262834, 48.884880775007815], [2.37902310291788, 48.884650801372565], [2.378703133373125, 48.88449535668217], [2.37566620790366, 48.88279422017029], [2.37179122901043, 48.882986191888676], [2.371519386767873, 48.88302613428636], [2.371469387835914, 48.88310141535459], [2.378794938463289, 48.885030032572004], [2.379427066824247, 48.88519608852413], [2.379571800399088, 48.88518065074329], [2.381650410261317, 48.885723804153734]]], ""type"": ""Polygon""}";75;75119;Paris 19e Arrondissement;7302;751197302;Villette 2;H;48.88383744513777, 2.376008856886851;IRIS____0000000751197302
"{""coordinates"": [[[2.38307523656935, 48.88988692538952], [2.386203211347945, 48.891439938611455], [2.386723278982787, 48.89093898414696], [2.386902802055459, 48.890634134592794], [2.385089395267139, 48.890016895305834], [2.386258008779296, 48.88829529406179], [2.388581336804461, 48.88891961832115], [2.389294262737713, 48.88778471498386], [2.386337299128583, 48.88700607159378], [2.38481594396273, 48.88661245490962], [2.384506168096813, 48.887899593142095], [2.384301179881741, 48.888281650678515], [2.383689712254297, 48.88936128867964], [2.38307523656935, 48.88988692538952]]], ""type"": ""Polygon""}";75;75119;Paris 19e Arrondissement;7402;751197402;Pont de Flandre 2;H;48.888727155017534, 2.385871951432249;IRIS____0000000751197402
"{""coordinates"": [[[2.403451595142563, 48.862400507560736], [2.403914964507958, 48.86193066185743], [2.404590624485529, 48.86137103699348], [2.404875022851394, 48.86105498363987], [2.404805785747011, 48.8607920311681], [2.404316060619388, 48.86034981563991], [2.402143560963579, 48.859148250300876], [2.401281336271271, 48.85981215247366], [2.400745444340595, 48.86042462142414], [2.400525225158789, 48.86084710928587], [2.400203065380946, 48.86171785781965], [2.401242200075708, 48.86203153581988], [2.401740920193409, 48.86157086858434], [2.403451595142563, 48.862400507560736]]], ""type"": ""Polygon""}";75;75120;Paris 20e Arrondissement;7902;751207902;Père Lachaise 2;H;48.860860115081344, 2.4025230013759047;IRIS____0000000751207902
"{""coordinates"": [[[2.387015362605851, 48.866708034898885], [2.388987424258246, 48.86732966951147], [2.388999605553974, 48.8672209116581], [2.389648666952411, 48.86639143496383], [2.389680364598988, 48.866012974475545], [2.389847076201049, 48.86551289193013], [2.389751545326594, 48.86494042414548], [2.389631914714663, 48.864679904518844], [2.389044504136973, 48.86385760712019], [2.388261156658704, 48.86323935486178], [2.38727612218495, 48.864588724894205], [2.387999470843238, 48.86486132904009], [2.387497181612758, 48.86572842215891], [2.387015362605851, 48.866708034898885]]], ""type"": ""Polygon""}";75;75120;Paris 20e Arrondissement;7908;751207908;Père Lachaise 8;H;48.86545033905669, 2.388533533830474;IRIS____0000000751207908
"{""coordinates"": [[[2.291838557830339, 48.859968209629415], [2.289695682973307, 48.85818288038586], [2.288513487011697, 48.857021083425956], [2.288074160462674, 48.85595722857159], [2.28007305872698, 48.85028925017699], [2.279094183296905, 48.850909312957015], [2.278472474385233, 48.85132286977129], [2.280736337170161, 48.85268734194921], [2.282936553317296, 48.85403070222509], [2.28360121141938, 48.85455721154611], [2.286467797519726, 48.85681464151034], [2.288628468571499, 48.85848232192729], [2.289331388407182, 48.8589100949768], [2.290540235355916, 48.859920947971474], [2.290686287880723, 48.85990562537427], [2.291215662572836, 48.86036833198824], [2.291838557830339, 48.859968209629415]]], ""type"": ""Polygon""}";75;75116;Paris 16e Arrondissement;6299;751166299;Seine et Berges 2;D;48.854749366106375, 2.2848280553957068;IRIS____0000000751166299
"{""coordinates"": [[[2.34909503783491, 48.87742938727238], [2.348995549228066, 48.87720760996743], [2.348666116138794, 48.87662035094149], [2.347478627239634, 48.87661388400302], [2.347392397357358, 48.876640394005676], [2.347291451837626, 48.87675315989834], [2.346171470209418, 48.87647365008513], [2.346113046254506, 48.87656596253306], [2.344345027656415, 48.87653560736398], [2.345008348839841, 48.87832441835731], [2.345313621251593, 48.8787703591865], [2.345964494553653, 48.87862372810792], [2.347294431719909, 48.87901769997156], [2.346846497318008, 48.87787759954401], [2.34909503783491, 48.87742938727238]]], ""type"": ""Polygon""}";75;75109;Paris 9e Arrondissement;3601;751093601;Rochechouart 1;H;48.877478971086084, 2.3464576480070773;IRIS____0000000751093601
"{""coordinates"": [[[2.389546437996217, 48.858480292155605], [2.389819086218175, 48.85835937160706], [2.390098264857279, 48.857796904542916], [2.391329663195242, 48.8557580581682], [2.390163702926788, 48.85558304412921], [2.387117621901007, 48.85511960543138], [2.385619938813296, 48.856611139355245], [2.387260101466105, 48.85702695373797], [2.386918955595862, 48.85752524359001], [2.387724663783847, 48.85773981601602], [2.387571227615817, 48.85803851336904], [2.389279012588646, 48.85838809366578], [2.389546437996217, 48.858480292155605]]], ""type"": ""Polygon""}";75;75111;Paris 11e Arrondissement;4302;751114302;Roquette 2;H;48.85664465215991, 2.3886031095870695;IRIS____0000000751114302
"{""coordinates"": [[[2.384449460955181, 48.85047335094119], [2.383247845297332, 48.85251678722406], [2.384881569417685, 48.85265740182431], [2.386230177793193, 48.85293862934246], [2.3865551465213, 48.85045538624872], [2.384449460955181, 48.85047335094119]]], ""type"": ""Polygon""}";75;75111;Paris 11e Arrondissement;4407;751114407;Sainte-Marguerite 7;H;48.851648640465285, 2.3851374802334826;IRIS____0000000751114407
"{""coordinates"": [[[2.288549217738851, 48.83593836784297], [2.289684554811676, 48.83580481310074], [2.290418870833005, 48.83600613449199], [2.290622945370706, 48.8360271311867], [2.293218743979368, 48.836096460221334], [2.29368782679046, 48.8359652244385], [2.292759591213424, 48.83549566267603], [2.290466754096316, 48.83408985127006], [2.28989979465482, 48.83370605073991], [2.288310212082972, 48.83458428652215], [2.289026111512763, 48.835135364038614], [2.288549217738851, 48.83593836784297]]], ""type"": ""Polygon""}";75;75115;Paris 15e Arrondissement;5709;751155709;Saint-Lambert 9;H;48.835155358213065, 2.2905747637097673;IRIS____0000000751155709
"{""coordinates"": [[[2.302735804481591, 48.83696265166236], [2.301448188558509, 48.837988516757754], [2.300090893832972, 48.839126380965084], [2.300398245761135, 48.839270279427524], [2.301317743503593, 48.839588634370116], [2.302193641908149, 48.8398059983727], [2.304249816844202, 48.84040616275527], [2.304978756311315, 48.84061095943101], [2.306259231304784, 48.83909755905829], [2.304668074544008, 48.83836612617829], [2.302735804481591, 48.83696265166236]]], ""type"": ""Polygon""}";75;75115;Paris 15e Arrondissement;5730;751155730;Saint-Lambert 30;H;48.838935618469165, 2.303260028820287;IRIS____0000000751155730
"{""coordinates"": [[[2.29790844777493, 48.877745383278764], [2.295032069299386, 48.87377317673729], [2.294248654029473, 48.87403566518709], [2.288939867143469, 48.87571299849775], [2.289185196052344, 48.87601933232907], [2.289395555039572, 48.875990902965015], [2.2910625900004, 48.87662582921309], [2.292206943043186, 48.87709755984301], [2.29290042077006, 48.877438011264545], [2.294257830974438, 48.87838942851104], [2.294213394784396, 48.87864997485228], [2.297255249633726, 48.87795379466391], [2.29746787307063, 48.87785881333807], [2.29790844777493, 48.877745383278764]]], ""type"": ""Polygon""}";75;75117;Paris 17e Arrondissement;6501;751176501;Ternes 1;H;48.87623621841539, 2.293969524009483;IRIS____0000000751176501
"{""coordinates"": [[[2.292294981671087, 48.88617148787432], [2.290989841683732, 48.88537505104215], [2.289511812921232, 48.88445976051522], [2.289225941953491, 48.884223337394545], [2.288697460422243, 48.88387845153188], [2.288665730358335, 48.88380541686478], [2.287486651347012, 48.88307264188502], [2.286247052525839, 48.8840716149476], [2.288696086238142, 48.885576386899956], [2.289095301907298, 48.88600144470107], [2.289836496072265, 48.88645011379889], [2.29005714637053, 48.886570134263906], [2.290284612633047, 48.88659036876717], [2.29046910854387, 48.88666161017284], [2.291828267986531, 48.8874988410499], [2.292562571291224, 48.88785571982666], [2.293037954235556, 48.887395371764875], [2.293782885067186, 48.88706971297677], [2.292294981671087, 48.88617148787432]]], ""type"": ""Polygon""}";75;75117;Paris 17e Arrondissement;6515;751176515;Ternes 15;H;48.88550052092584, 2.289895839303398;IRIS____0000000751176515
"{""coordinates"": [[[2.324645318907248, 48.88803557909916], [2.32304446148902, 48.886971626398505], [2.321056245659167, 48.888114207966815], [2.319545926285373, 48.88899776816167], [2.32075138630636, 48.89026187198445], [2.321244570955876, 48.889987675936375], [2.322749154759607, 48.88912564653331], [2.324645318907248, 48.88803557909916]]], ""type"": ""Polygon""}";75;75117;Paris 17e Arrondissement;6802;751176802;Épinettes 2;H;48.888574912786424, 2.3220119851026766;IRIS____0000000751176802
"{""coordinates"": [[[2.343406649874401, 48.89581205464753], [2.346125982198739, 48.8958440202739], [2.345371587274689, 48.89433533579804], [2.344419171110646, 48.89458373415144], [2.34299149231826, 48.89358305899562], [2.343406649874401, 48.89581205464753]]], ""type"": ""Polygon""}";75;75118;Paris 18e Arrondissement;7024;751187024;Clignancourt 24;H;48.89504169678778, 2.344415273471475;IRIS____0000000751187024
"{""coordinates"": [[[2.383913130241849, 48.86598342611392], [2.383583978668193, 48.866266822289155], [2.383069142721887, 48.86703490416877], [2.383347495835124, 48.86712807128577], [2.389647950671858, 48.86866316137758], [2.390665119756101, 48.86783106011152], [2.3903298718691, 48.867822158193306], [2.390714861884181, 48.86730789817094], [2.390470904617933, 48.867303058673315], [2.390339992360949, 48.86753981738755], [2.388987424258246, 48.86732966951147], [2.387015362605851, 48.866708034898885], [2.385608936261677, 48.86632849670266], [2.385465269865747, 48.86637362547388], [2.385378450272829, 48.86645322093708], [2.385147200602995, 48.86641156287034], [2.383913130241849, 48.86598342611392]]], ""type"": ""Polygon""}";75;75120;Paris 20e Arrondissement;7907;751207907;Père Lachaise 7;H;48.86733998898853, 2.386828632423411;IRIS____0000000751207907
"{""coordinates"": [[[2.371385789304215, 48.827668618362395], [2.374577842234723, 48.825584418231436], [2.376414418302487, 48.82440863364979], [2.375635569688338, 48.824159040346935], [2.373501496093153, 48.82379352507872], [2.370359022057563, 48.8275301097709], [2.371385789304215, 48.827668618362395]]], ""type"": ""Polygon""}";75;75113;Paris 13e Arrondissement;5012;751135012;Gare 12;H;48.825531546711005, 2.373280097421056;IRIS____0000000751135012
"{""coordinates"": [[[2.361895693761864, 48.83288597790049], [2.363500766590118, 48.83342156060563], [2.363675856252895, 48.833251612153546], [2.366367022663958, 48.831298078956515], [2.366012584368679, 48.8305344337605], [2.365091787250142, 48.83086321572447], [2.364113714148947, 48.83130770485218], [2.363677050117795, 48.83159138221554], [2.362174183267848, 48.83272737558683], [2.361895693761864, 48.83288597790049]]], ""type"": ""Polygon""}";75;75113;Paris 13e Arrondissement;5031;751135031;Gare 31;H;48.832019259888106, 2.364269301402628;IRIS____0000000751135031
"{""coordinates"": [[[2.279517206015767, 48.87521418029], [2.281756440235748, 48.87369605463902], [2.282064552648992, 48.87389485935219], [2.283745764476016, 48.87309102438455], [2.284132383021676, 48.87303398043326], [2.284526978165358, 48.872892444525306], [2.284692009848246, 48.872192841196366], [2.277488291551287, 48.87139052746064], [2.276660749041536, 48.871586983026624], [2.276472440580136, 48.87179539262796], [2.275799919855559, 48.87172567331544], [2.275620862409817, 48.87195482250972], [2.275424144192397, 48.87208133903158], [2.275822197042067, 48.87237873341945], [2.275971329942978, 48.87263504978257], [2.276197181450735, 48.8728648494535], [2.277144304266616, 48.87368088264375], [2.277445267219834, 48.873804111239636], [2.278542114264928, 48.874837777953616], [2.27880643369808, 48.87485106217184], [2.279112810795909, 48.87497791637259], [2.279242220059844, 48.875084818148494], [2.279517206015767, 48.87521418029]]], ""type"": ""Polygon""}";75;75116;Paris 16e Arrondissement;6310;751166310;Porte Dauphine 10;H;48.872941046766584, 2.279800441448069;IRIS____0000000751166310
"{""coordinates"": [[[2.32304446148902, 48.886971626398505], [2.324322767830115, 48.88609300734672], [2.325398020044976, 48.885200639658784], [2.325323873449662, 48.8851345707438], [2.324776146911893, 48.884782542756916], [2.322375766065829, 48.886378783018806], [2.320193711188951, 48.887640763768566], [2.321056245659167, 48.888114207966815], [2.32304446148902, 48.886971626398505]]], ""type"": ""Polygon""}";75;75117;Paris 17e Arrondissement;6703;751176703;Batignolles 3;H;48.886515303133294, 2.3228596657857548;IRIS____0000000751176703
"{""coordinates"": [[[2.387906393986489, 48.88322434885693], [2.385563724495346, 48.88299021550157], [2.384623974911253, 48.88381636658001], [2.384204832840808, 48.88443564570095], [2.384352579810896, 48.88451104952852], [2.384484488150389, 48.884657418450864], [2.384560107755297, 48.88483587358959], [2.384605682390683, 48.88524889804915], [2.386895867814034, 48.8856635446384], [2.387906393986489, 48.88322434885693]]], ""type"": ""Polygon""}";75;75119;Paris 19e Arrondissement;7523;751197523;Amérique 23;H;48.88426188952476, 2.3860684707088042;IRIS____0000000751197523
"{""coordinates"": [[[2.315631834522735, 48.82809015769784], [2.315197033900256, 48.82779896849191], [2.313028682163402, 48.82633313649117], [2.311331678815137, 48.82765625572942], [2.311391135056698, 48.82769257322887], [2.311369860482754, 48.82775630659274], [2.311464406455165, 48.82792053781088], [2.307636132656193, 48.82878072590344], [2.310884127776358, 48.830289752893314], [2.311745323330049, 48.83068324241682], [2.315631834522735, 48.82809015769784]]], ""type"": ""Polygon""}";75;75114;Paris 14e Arrondissement;5625;751145625;Plaisance 25;A;48.828614461070025, 2.3120551267621727;IRIS____0000000751145625
"{""coordinates"": [[[2.300173235411874, 48.85765193893099], [2.29772035531875, 48.859235722490574], [2.300675238533054, 48.859853795303785], [2.300858219382312, 48.85982878321793], [2.300819081807382, 48.859698148287144], [2.301037932087051, 48.85964096876146], [2.302746292260485, 48.859807422269235], [2.303012714028885, 48.859862036128376], [2.303513461474096, 48.85880371424131], [2.302590042825405, 48.85854831568263], [2.300173235411874, 48.85765193893099]]], ""type"": ""Polygon""}";75;75107;Paris 7e Arrondissement;2808;751072808;Gros Caillou 8;H;48.85892316482927, 2.3007830947822665;IRIS____0000000751072808
"{""coordinates"": [[[2.382405600140141, 48.85401345988036], [2.382030497854425, 48.85392518557574], [2.37970582243895, 48.857444002786195], [2.379772841670193, 48.85753878170226], [2.380089933818601, 48.8576933139144], [2.380237701639324, 48.85764551454072], [2.38039420719264, 48.85766521130861], [2.385327676682735, 48.85469762264105], [2.382405600140141, 48.85401345988036]]], ""type"": ""Polygon""}";75;75111;Paris 11e Arrondissement;4306;751114306;Roquette 6;H;48.855603561886404, 2.382238199088207;IRIS____0000000751114306
"{""coordinates"": [[[2.346796651590053, 48.82227548564591], [2.348558907064612, 48.82403708818563], [2.348716063662335, 48.823995673452075], [2.353011090105722, 48.82385440212465], [2.353086623443537, 48.823694721565786], [2.353227565543836, 48.82364242066696], [2.352683536226451, 48.82215190536277], [2.3504329522273, 48.822192764477236], [2.350097393811588, 48.82212348778452], [2.349872068503621, 48.82217082941906], [2.34725154046785, 48.82216914471991], [2.346796651590053, 48.82227548564591]]], ""type"": ""Polygon""}";75;75113;Paris 13e Arrondissement;5111;751135111;Maison Blanche 11;H;48.82301691151576, 2.3502349496309476;IRIS____0000000751135111
"{""coordinates"": [[[2.314862605613979, 48.84049709731838], [2.313892280714949, 48.84144486539215], [2.314927004013558, 48.84202459154652], [2.315954401748508, 48.8425413108113], [2.31622199919984, 48.84270832399419], [2.316656641636476, 48.84312541511875], [2.31843659968305, 48.84288464637657], [2.32059145870983, 48.84325485122678], [2.320733752160807, 48.843105465306834], [2.321000423422722, 48.842403675500805], [2.321117251972847, 48.84232609374611], [2.3206830314365, 48.84208349809075], [2.318673100420094, 48.841470391430235], [2.315222353555894, 48.840493761020696], [2.314862605613979, 48.84049709731838]]], ""type"": ""Polygon""}";75;75115;Paris 15e Arrondissement;5816;751155816;Necker 16;H;48.84197190251769, 2.317408420486762;IRIS____0000000751155816
"{""coordinates"": [[[2.308778523051354, 48.88039243620689], [2.303141823521401, 48.87915015041041], [2.302196663476955, 48.8800835531007], [2.303952404870802, 48.88093825083999], [2.302954071371843, 48.881767925369594], [2.304536942197272, 48.882196220876644], [2.308778523051354, 48.88039243620689]]], ""type"": ""Polygon""}";75;75117;Paris 17e Arrondissement;6604;751176604;Plaine Monceau 4;H;48.88060823300132, 2.3050381696445497;IRIS____0000000751176604
"{""coordinates"": [[[2.314086552445337, 48.88735232344321], [2.314645603873406, 48.88715137683596], [2.315683897256829, 48.8865952341836], [2.316413852128923, 48.88604811434514], [2.316825161615583, 48.885672743009984], [2.315485546026093, 48.884878176876896], [2.314209544581412, 48.886090368214546], [2.314093140593374, 48.886127473325914], [2.314009035306504, 48.88609371624574], [2.313929495943267, 48.88612743508059], [2.312636903775736, 48.88693841237079], [2.313819504406895, 48.887333706074706], [2.314086552445337, 48.88735232344321]]], ""type"": ""Polygon""}";75;75117;Paris 17e Arrondissement;6711;751176711;Batignolles 11;H;48.88624070188547, 2.3148761102775013;IRIS____0000000751176711
"{""coordinates"": [[[2.385385602057697, 48.873934843071225], [2.384835909396155, 48.87372517256792], [2.383085559974287, 48.87347604226992], [2.383028408513118, 48.87346675436694], [2.382874941706307, 48.87376184433584], [2.382177644302507, 48.87404333641757], [2.381133907250157, 48.874680069423555], [2.379564850809584, 48.87477627000613], [2.378922726206753, 48.87465872473268], [2.378148691831774, 48.87645427235696], [2.379392108354262, 48.87634381178471], [2.380166514056972, 48.876231810110006], [2.381317569390016, 48.87597605873431], [2.381878469681223, 48.87558684715348], [2.38317143735823, 48.87451341717247], [2.38366834046294, 48.8742299884653], [2.384281578163126, 48.87402359949553], [2.384756813831292, 48.87395769362035], [2.385385602057697, 48.873934843071225]]], ""type"": ""Polygon""}";75;75119;Paris 19e Arrondissement;7604;751197604;Combat 4;H;48.87506087046017, 2.381086162990018;IRIS____0000000751197604
"{""coordinates"": [[[2.404344603720993, 48.87168252656971], [2.402368502791478, 48.871620515192994], [2.40129673231315, 48.87329871225815], [2.40341537537309, 48.87389565506834], [2.404398475263162, 48.87174035202811], [2.404344603720993, 48.87168252656971]]], ""type"": ""Polygon""}";75;75120;Paris 20e Arrondissement;7812;751207812;Saint-Fargeau 12;H;48.87265720507726, 2.402905074300179;IRIS____0000000751207812
"{""coordinates"": [[[2.399270342146977, 48.87274536242337], [2.40129673231315, 48.87329871225815], [2.402368502791478, 48.871620515192994], [2.40185663737929, 48.871555904367156], [2.40081222847616, 48.87120983291191], [2.400340389186634, 48.87110314715999], [2.399270342146977, 48.87274536242337]]], ""type"": ""Polygon""}";75;75120;Paris 20e Arrondissement;7813;751207813;Saint-Fargeau 13;H;48.87220117770784, 2.400810539670427;IRIS____0000000751207813
"{""coordinates"": [[[2.341592211729773, 48.82649020905758], [2.341795702304383, 48.826448159147766], [2.341785214650722, 48.826415723872294], [2.341542263379834, 48.824621028276304], [2.339865923797953, 48.824589301821725], [2.339710211499435, 48.82462351790119], [2.336079828312775, 48.824226577935846], [2.335587784163029, 48.82553513867833], [2.335443420969069, 48.82553343714776], [2.335394936145569, 48.82559702352395], [2.335258561483487, 48.825609756211016], [2.335265738540065, 48.825581016017566], [2.334446162043602, 48.82565470340032], [2.334746030685388, 48.82724017501364], [2.334848816961573, 48.82719128103564], [2.334813216204175, 48.82731249884543], [2.334910941162816, 48.82734002365972], [2.334862978507669, 48.82746926710533], [2.336683328732611, 48.827216759698985], [2.341592211729773, 48.82649020905758]]], ""type"": ""Polygon""}";75;75114;Paris 14e Arrondissement;5403;751145403;Parc de Montsouris 3;H;48.82581147690505, 2.3380494457755074;IRIS____0000000751145403
"{""coordinates"": [[[2.302678019934995, 48.842605858739105], [2.304249816844202, 48.84040616275527], [2.302193641908149, 48.8398059983727], [2.301317743503593, 48.839588634370116], [2.300398245761135, 48.839270279427524], [2.299488027182196, 48.8404925922793], [2.299142474201095, 48.84156801216531], [2.302678019934995, 48.842605858739105]]], ""type"": ""Polygon""}";75;75115;Paris 15e Arrondissement;5729;751155729;Saint-Lambert 29;H;48.840939138287624, 2.3015733132297793;IRIS____0000000751155729
"{""coordinates"": [[[2.326814484762852, 48.85158124063641], [2.326867309541756, 48.851395370785916], [2.324162209437006, 48.850235238196596], [2.323516200569286, 48.85170923333956], [2.326768856571145, 48.85173747212977], [2.326814484762852, 48.85158124063641]]], ""type"": ""Polygon""}";75;75107;Paris 7e Arrondissement;2507;751072507;Saint-Thomas d'Aquin 7;A;48.8512087431538, 2.3250142633667514;IRIS____0000000751072507
"{""coordinates"": [[[2.373759343887263, 48.84076866293859], [2.376423328262026, 48.84211273463144], [2.377532758023189, 48.841515940845184], [2.377536127347511, 48.8414619967141], [2.37769147979107, 48.84134588803512], [2.378774529399029, 48.8405591799447], [2.379022778154241, 48.84042196718047], [2.375937291670181, 48.8387798624734], [2.375623147018991, 48.83907231493912], [2.375026141995332, 48.83875172201315], [2.374818276655015, 48.83892960912134], [2.375416601720509, 48.839253807374355], [2.373759343887263, 48.84076866293859]]], ""type"": ""Polygon""}";75;75112;Paris 12e Arrondissement;4707;751124707;Bercy 7;A;48.840475014885186, 2.376302085374577;IRIS____0000000751124707
"{""coordinates"": [[[2.323471663253651, 48.866371116066574], [2.321467800025973, 48.86375256463905], [2.321403511219162, 48.86366496333931], [2.318658766518133, 48.86455860984836], [2.318304975547325, 48.86451072844876], [2.317238138459753, 48.864472270505075], [2.310359051668653, 48.86431681245068], [2.310289833735882, 48.86470583159886], [2.310253543826957, 48.8668289825594], [2.310169876535014, 48.86830882440319], [2.309943571528039, 48.86830931857371], [2.309652305114131, 48.868376888579284], [2.309453636306253, 48.86845218691575], [2.309289860188996, 48.8685690561833], [2.309155846019595, 48.86870318457054], [2.309063758269867, 48.86896526186962], [2.309074273264559, 48.869097526318996], [2.309195995284706, 48.86927360119911], [2.309888782873916, 48.869049163985785], [2.310074320765618, 48.8691419668069], [2.31030550472077, 48.86908214370909], [2.311971204590482, 48.86992362405012], [2.314729848156716, 48.86904010533398], [2.314617531738895, 48.86887308345624], [2.314899861429948, 48.86855183499104], [2.315181257230982, 48.86840505341484], [2.315464195972031, 48.86834821451107], [2.315928006584508, 48.86832478525301], [2.31619668079404, 48.86841985241347], [2.320336088493567, 48.867120493062394], [2.32306965660918, 48.86636074890617], [2.323471663253651, 48.866371116066574]]], ""type"": ""Polygon""}";75;75108;Paris 8e Arrondissement;2907;751082907;Concorde Jardin Champs Élysées;D;48.866489183458256, 2.315526975748881;IRIS____0000000751082907
"{""coordinates"": [[[2.353173835569825, 48.853444409409036], [2.353290319428051, 48.85361231880071], [2.354002893669865, 48.85340841734318], [2.357963731740346, 48.852158949029025], [2.359477946485411, 48.851594175874894], [2.35981302191587, 48.851386419545946], [2.360079878103139, 48.851073972251044], [2.360049795917873, 48.850416382724426], [2.358970482074484, 48.85008413887125], [2.356540108963236, 48.85090299698494], [2.355630900700125, 48.85125244986349], [2.354168130572012, 48.85162229234835], [2.353383197730717, 48.852497621884915], [2.353343090548956, 48.85287423455497], [2.353173835569825, 48.853444409409036]]], ""type"": ""Polygon""}";75;75104;Paris 4e Arrondissement;1601;751041601;Notre-Dame 1;H;48.85174843202343, 2.3566334362031935;IRIS____0000000751041601
"{""coordinates"": [[[2.307641030819356, 48.85569521315879], [2.307090211309687, 48.85673527757802], [2.306503345232669, 48.856590679030106], [2.305939473100609, 48.85768732120615], [2.306844614340581, 48.857882331489414], [2.310034400241005, 48.85805545467844], [2.309960180724663, 48.85727888389078], [2.307641030819356, 48.85569521315879]]], ""type"": ""Polygon""}";75;75107;Paris 7e Arrondissement;2802;751072802;Gros Caillou 2;H;48.85717360703842, 2.3080360341328463;IRIS____0000000751072802
"{""coordinates"": [[[2.39912112864224, 48.8480980956213], [2.403457625643953, 48.847707892342555], [2.403151483043819, 48.84576375961958], [2.402509665090365, 48.84505186366638], [2.40225665474387, 48.84501372619253], [2.40230113504029, 48.845174933144506], [2.399094141439523, 48.84736588582986], [2.399022916678645, 48.8475157202516], [2.39912112864224, 48.8480980956213]]], ""type"": ""Polygon""}";75;75112;Paris 12e Arrondissement;4514;751124514;Bel-Air 14;H;48.84687622213633, 2.4015368775037866;IRIS____0000000751124514
"{""coordinates"": [[[2.353043375796223, 48.83716888165571], [2.357052208076732, 48.838446910980025], [2.357266338944612, 48.837986687221075], [2.357749723967437, 48.83723561490649], [2.35510422835905, 48.83621768768847], [2.354863360409535, 48.83630542616635], [2.354669150629862, 48.835925744828074], [2.354154738833008, 48.83554973072436], [2.353253903363424, 48.83623287959204], [2.353578425801318, 48.83643069593469], [2.353043375796223, 48.83716888165571]]], ""type"": ""Polygon""}";75;75113;Paris 13e Arrondissement;4906;751134906;Salpêtrière 6;H;48.83708637839914, 2.3553265480376324;IRIS____0000000751134906
"{""coordinates"": [[[2.308860946739049, 48.826917103075026], [2.312636903014953, 48.82608715346119], [2.311189644642543, 48.82510659633591], [2.309734393575901, 48.82555688931418], [2.30828360553917, 48.82577155276422], [2.308569836315154, 48.826373993857686], [2.308518569992197, 48.82643935215773], [2.308860946739049, 48.826917103075026]]], ""type"": ""Polygon""}";75;75114;Paris 14e Arrondissement;5602;751145602;Plaisance 2;H;48.8260167468472, 2.3102792333822126;IRIS____0000000751145602
"{""coordinates"": [[[2.283966396279463, 48.875091585349814], [2.284526978165358, 48.872892444525306], [2.284132383021676, 48.87303398043326], [2.283745764476016, 48.87309102438455], [2.282064552648992, 48.87389485935219], [2.281756440235748, 48.87369605463902], [2.279517206015767, 48.87521418029], [2.280704677387683, 48.875713262075756], [2.281703771659364, 48.87603223242588], [2.282094218864152, 48.876193758202255], [2.282353725320339, 48.87635899446703], [2.282626632436582, 48.87664032552984], [2.283193894249968, 48.87703223910336], [2.283280767998161, 48.87715956637943], [2.283494113855289, 48.87681549643073], [2.283966396279463, 48.875091585349814]]], ""type"": ""Polygon""}";75;75116;Paris 16e Arrondissement;6311;751166311;Porte Dauphine 11;H;48.87492457929893, 2.2824612674559335;IRIS____0000000751166311
"{""coordinates"": [[[2.392425028442681, 48.8791689146047], [2.392925556796823, 48.879275775972204], [2.39468822060873, 48.87954190936083], [2.39556892308408, 48.87955355373467], [2.39546845924848, 48.880338160051835], [2.396753520922193, 48.88040399780574], [2.396399672117661, 48.87928704723649], [2.395678121235474, 48.87825097713051], [2.395431739981518, 48.87762829616448], [2.395197862509798, 48.877573155005265], [2.393788960961443, 48.877493183016874], [2.393742723331602, 48.87759996918098], [2.392623146016629, 48.87878320830593], [2.392425028442681, 48.8791689146047]]], ""type"": ""Polygon""}";75;75119;Paris 19e Arrondissement;7510;751197510;Amérique 10;H;48.87882912480425, 2.394714264129867;IRIS____0000000751197510
"{""coordinates"": [[[2.386337299128583, 48.88700607159378], [2.389294262737713, 48.88778471498386], [2.38999288454292, 48.886587680206176], [2.389989505358162, 48.886410496281314], [2.389806440214849, 48.886089404268304], [2.38999362212768, 48.88547701909882], [2.390225603536289, 48.884299186096534], [2.39044302083763, 48.88401520708665], [2.388838467303234, 48.88339548573239], [2.388410207199004, 48.88328627904311], [2.387906393986489, 48.88322434885693], [2.386895867814034, 48.8856635446384], [2.386337299128583, 48.88700607159378]]], ""type"": ""Polygon""}";75;75119;Paris 19e Arrondissement;7522;751197522;Amérique 22;H;48.88555960025233, 2.3884966708653987;IRIS____0000000751197522
"{""coordinates"": [[[2.39143129021869, 48.869111118804845], [2.392580685583084, 48.86933010025637], [2.393175253810518, 48.86954805765831], [2.393995809112611, 48.868856127962516], [2.394526517220333, 48.86846940062606], [2.393210825672544, 48.868015766778875], [2.392477811254335, 48.867864556893956], [2.392959107005443, 48.86668796571571], [2.390665119756101, 48.86783106011152], [2.389647950671858, 48.86866316137758], [2.39143129021869, 48.869111118804845]]], ""type"": ""Polygon""}";75;75120;Paris 20e Arrondissement;7911;751207911;Père Lachaise 11;H;48.868367970308874, 2.392120363477787;IRIS____0000000751207911
"{""coordinates"": [[[2.310390240755495, 48.863608304977085], [2.301737287583633, 48.863496076942155], [2.301662484441652, 48.864195334932994], [2.302239265255709, 48.86428413732428], [2.302291395688624, 48.864157632919145], [2.310359051668653, 48.86431681245068], [2.317238138459753, 48.864472270505075], [2.318304975547325, 48.86451072844876], [2.318658766518133, 48.86455860984836], [2.321403511219162, 48.86366496333931], [2.320933472558735, 48.86301926290603], [2.318677870940691, 48.863723224069915], [2.310390240755495, 48.863608304977085]]], ""type"": ""Polygon""}";75;75108;Paris 8e Arrondissement;2999;751082999;Seine et Berges;D;48.86393932989358, 2.3117807450070553;IRIS____0000000751082999
"{""coordinates"": [[[2.305555497912215, 48.83516142387507], [2.306624218230099, 48.83644653148468], [2.306694557067667, 48.8363821844321], [2.30664538394328, 48.83628926409387], [2.30776500834658, 48.8351814266682], [2.307442626976679, 48.834733471485464], [2.306374704171815, 48.83502767387371], [2.305555497912215, 48.83516142387507]]], ""type"": ""Polygon""}";75;75115;Paris 15e Arrondissement;5733;751155733;Saint-Lambert 33;A;48.83544190821935, 2.3067132865092197;IRIS____0000000751155733
"{""coordinates"": [[[2.357052208076732, 48.838446910980025], [2.353043375796223, 48.83716888165571], [2.351870772035156, 48.83680458562331], [2.350696015187118, 48.83847373444637], [2.353000235079423, 48.8388882362701], [2.353963192630677, 48.83902294945898], [2.356600687483709, 48.839705392806614], [2.357052208076732, 48.838446910980025]]], ""type"": ""Polygon""}";75;75105;Paris 5e Arrondissement;1802;751051802;Jardin des Plantes 2;H;48.838292521198106, 2.3538839883454012;IRIS____0000000751051802
"{""coordinates"": [[[2.347883600185226, 48.872473744581946], [2.347901065991873, 48.87401890250044], [2.350506276296961, 48.873818124712905], [2.351563142024459, 48.87368895386577], [2.352029320501816, 48.87358715513899], [2.354107629153282, 48.87288521271323], [2.354396114240612, 48.8728193186646], [2.353638498974924, 48.87157774049351], [2.347883600185226, 48.872473744581946]]], ""type"": ""Polygon""}";75;75110;Paris 10e Arrondissement;3804;751103804;Porte Saint-Denis 4;H;48.872841392995, 2.3509364506706967;IRIS____0000000751103804
"{""coordinates"": [[[2.367835860204891, 48.86890428519592], [2.369358394801617, 48.869485196117736], [2.371045328493689, 48.870002198791084], [2.371543710704607, 48.87016310015744], [2.372659125251294, 48.86889728639673], [2.372050327699393, 48.86862339276902], [2.372443888785873, 48.86809214843293], [2.3716923596333, 48.868237496097194], [2.36978363460064, 48.86847927630359], [2.368234187908139, 48.868658170560174], [2.36812198358397, 48.8686926525145], [2.367835860204891, 48.86890428519592]]], ""type"": ""Polygon""}";75;75111;Paris 11e Arrondissement;4115;751114115;Folie Méricourt 15;H;48.869059178022624, 2.3706011653383903;IRIS____0000000751114115
"{""coordinates"": [[[2.385619938813296, 48.856611139355245], [2.383633346303203, 48.85852282877561], [2.385935147161944, 48.85912373433025], [2.386918955595862, 48.85752524359001], [2.387260101466105, 48.85702695373797], [2.385619938813296, 48.856611139355245]]], ""type"": ""Polygon""}";75;75111;Paris 11e Arrondissement;4304;751114304;Roquette 4;H;48.85787823673723, 2.3855595180686615;IRIS____0000000751114304
"{""coordinates"": [[[2.393175681745038, 48.83662734246849], [2.391822868990754, 48.836973022269284], [2.391289970832807, 48.83722303269086], [2.389566067953441, 48.83865682552336], [2.389233868012838, 48.838985195708524], [2.394598158635749, 48.8394315673212], [2.391512885470039, 48.837501170715555], [2.393471824398542, 48.836935527416586], [2.393175681745038, 48.83662734246849]]], ""type"": ""Polygon""}";75;75112;Paris 12e Arrondissement;4611;751124611;Picpus 11;H;48.83835937188116, 2.3917549484036402;IRIS____0000000751124611
"{""coordinates"": [[[2.32585204753316, 48.824426579287866], [2.325916740470621, 48.824690462159374], [2.328292383513634, 48.82446819236285], [2.330971302464853, 48.82396246929185], [2.330366344273001, 48.82217471282096], [2.327432309409142, 48.822824687743854], [2.32667815062198, 48.82289779042535], [2.325519815947002, 48.82315388176638], [2.32585204753316, 48.824426579287866]]], ""type"": ""Polygon""}";75;75114;Paris 14e Arrondissement;5502;751145502;Petit Montrouge 2;H;48.82352610723545, 2.328264707265905;IRIS____0000000751145502
"{""coordinates"": [[[2.332560563847581, 48.82781529069604], [2.330344187663523, 48.82782358633558], [2.329834317165911, 48.82965725551762], [2.331031146608963, 48.8297017297515], [2.333860637688012, 48.82979756743866], [2.333273264403075, 48.828965070751906], [2.332560563847581, 48.82781529069604]]], ""type"": ""Polygon""}";75;75114;Paris 14e Arrondissement;5510;751145510;Petit Montrouge 10;H;48.828865616949116, 2.3316730121298384;IRIS____0000000751145510
"{""coordinates"": [[[2.307817477684345, 48.83769367555879], [2.308746092449275, 48.83866137172439], [2.309541854639317, 48.83947809825279], [2.31060212764189, 48.838943692635254], [2.311524480086805, 48.838534395510855], [2.311500456510372, 48.838496483710955], [2.310231445355416, 48.836376551032245], [2.310091461265694, 48.83635056130378], [2.30808307121783, 48.83749465249317], [2.307817477684345, 48.83769367555879]]], ""type"": ""Polygon""}";75;75115;Paris 15e Arrondissement;5802;751155802;Necker 2;H;48.837943304937575, 2.309738333650133;IRIS____0000000751155802
"{""coordinates"": [[[2.275836889188411, 48.85288622744059], [2.275939805638895, 48.85273755621539], [2.27607095138068, 48.85261693590466], [2.278329459308403, 48.851415540969], [2.275974462864286, 48.85122413893593], [2.275268991042383, 48.85119108822401], [2.271619842851447, 48.84969756924332], [2.271322801913912, 48.849499698988524], [2.270190724822141, 48.84849989938226], [2.268622147006733, 48.84967028845376], [2.272288350796959, 48.85110734326453], [2.274132977210632, 48.85193337114697], [2.275836889188411, 48.85288622744059]]], ""type"": ""Polygon""}";75;75116;Paris 16e Arrondissement;6127;751166127;Auteuil 27;H;48.850821785070465, 2.273220056005664;IRIS____0000000751166127
"{""coordinates"": [[[2.300588268146194, 48.89262884151677], [2.303774362351612, 48.894153778940826], [2.307687317214231, 48.89601018635664], [2.308675362659435, 48.896381019352134], [2.309534485272158, 48.89670343665838], [2.30999978701664, 48.89627804084856], [2.310189925225794, 48.89623686803623], [2.310449542959178, 48.89609896812267], [2.310584780172664, 48.89608355892], [2.310652716999357, 48.89600031296037], [2.311979102604343, 48.8952318246817], [2.312970017680413, 48.89466284582219], [2.313332298581174, 48.89449585079828], [2.313697981093301, 48.89438103495823], [2.311655534073544, 48.89360488635463], [2.311761105542318, 48.893563224878136], [2.311994764331776, 48.89363381556751], [2.312147467671207, 48.893431445367824], [2.312085992425185, 48.89333576377926], [2.312480375753325, 48.89280293016786], [2.312619672927416, 48.892685918198914], [2.312698914516498, 48.89267558112915], [2.313007272247917, 48.89245971376493], [2.313139510718265, 48.89246406964641], [2.313628285664911, 48.892218658302866], [2.314055842155341, 48.89206462552307], [2.315411236101999, 48.89125669313758], [2.317260695137046, 48.89031396605903], [2.317189373357817, 48.89024071388662], [2.316682333758613, 48.88969822507248], [2.314973681957161, 48.887921281718775], [2.314268297117372, 48.88742800881135], [2.314086552445337, 48.88735232344321], [2.312560018631789, 48.887700602783674], [2.311788155282331, 48.88780228971434], [2.311195867194287, 48.88783395780326], [2.310216960767428, 48.88832834973232], [2.304607156724893, 48.890213271271115], [2.304195171894978, 48.89001752236613], [2.303841360441795, 48.889857184038625], [2.303696552986489, 48.890079375576214], [2.303665846592256, 48.890233881521326], [2.302600977070498, 48.89102808642731], [2.300588268146194, 48.89262884151677]]], ""type"": ""Polygon""}";75;75117;Paris 17e Arrondissement;6714;751176714;Batignolles 14;H;48.89182141906585, 2.3092214526359065;IRIS____0000000751176714
"{""coordinates"": [[[2.331899329854386, 48.89216640784584], [2.333503323157145, 48.89183989830976], [2.334953772079551, 48.89168068828455], [2.334305301397213, 48.89055742575379], [2.331417005202968, 48.89096041948026], [2.331076521346659, 48.8908173238697], [2.331007399190336, 48.890995903434074], [2.329430326284705, 48.891139068164975], [2.33026386861958, 48.89249901518801], [2.331899329854386, 48.89216640784584]]], ""type"": ""Polygon""}";75;75118;Paris 18e Arrondissement;6914;751186914;Grandes Carrières 14;H;48.89147117079799, 2.3321373052362415;IRIS____0000000751186914
"{""coordinates"": [[[2.376900051935309, 48.89056271695597], [2.378552618574477, 48.88910900782134], [2.378654874163868, 48.889111337124774], [2.378967746922651, 48.88883506964079], [2.37891906179551, 48.8888006428701], [2.378879096548861, 48.88883550914323], [2.377256109748699, 48.888045567646394], [2.375965974838252, 48.888275372855794], [2.374100549488138, 48.88837265585101], [2.376900051935309, 48.89056271695597]]], ""type"": ""Polygon""}";75;75119;Paris 19e Arrondissement;7311;751197311;Villette 11;H;48.889068450199396, 2.376685603637468;IRIS____0000000751197311
"{""coordinates"": [[[2.381650410261317, 48.885723804153734], [2.382260962414133, 48.88587084770205], [2.383277850419909, 48.88498575822547], [2.382691157338407, 48.884897298870804], [2.38126342479858, 48.88478021149032], [2.382452471272655, 48.88283121500823], [2.384233983976847, 48.88416150128867], [2.384623974911253, 48.88381636658001], [2.385563724495346, 48.88299021550157], [2.3845286285767, 48.882884174274004], [2.383646667206071, 48.88274383875789], [2.382448715710705, 48.88245797484218], [2.381945443159235, 48.882236841264316], [2.381701791751513, 48.882544951861895], [2.37966810262834, 48.884880775007815], [2.381540015085914, 48.88560362377129], [2.381648313084604, 48.8856707331603], [2.381650410261317, 48.885723804153734]]], ""type"": ""Polygon""}";75;75119;Paris 19e Arrondissement;7615;751197615;Combat 15;H;48.88396652191587, 2.382256280670123;IRIS____0000000751197615
"{""coordinates"": [[[2.405419679407623, 48.86922549200099], [2.404247854336167, 48.86857933755237], [2.403449933991261, 48.86802137167346], [2.40357915703031, 48.867807973374134], [2.402261946337978, 48.86724381291822], [2.401427664849187, 48.86831165399571], [2.404344603720993, 48.87168252656971], [2.405419679407623, 48.86922549200099]]], ""type"": ""Polygon""}";75;75120;Paris 20e Arrondissement;7807;751207807;Saint-Fargeau 7;H;48.86924746870646, 2.403492141696739;IRIS____0000000751207807
"{""coordinates"": [[[2.34488577406675, 48.849587848108385], [2.346648201339913, 48.84912172513394], [2.346270738771676, 48.84857735041766], [2.346566432858769, 48.848361321029714], [2.347071213444796, 48.8480978667702], [2.346393840855248, 48.84669386596297], [2.345521917524655, 48.84689595203003], [2.344890804099697, 48.84712813009773], [2.343508441151609, 48.847392159264274], [2.342438862676042, 48.84781348114454], [2.343653661173407, 48.84992734798526], [2.34488577406675, 48.849587848108385]]], ""type"": ""Polygon""}";75;75105;Paris 5e Arrondissement;2005;751052005;Sorbonne 5;A;48.848279633047184, 2.344825930219634;IRIS____0000000751052005
"{""coordinates"": [[[2.36176775751168, 48.85724355060798], [2.364313790337467, 48.856457580934034], [2.362934367486209, 48.85457419868422], [2.362763216124462, 48.85463894001703], [2.361675884140109, 48.85506393393534], [2.360090109857067, 48.85545657479447], [2.360597422427849, 48.8562084461013], [2.360854722511297, 48.85645444405345], [2.361393758858077, 48.856732523178415], [2.36176775751168, 48.85724355060798]]], ""type"": ""Polygon""}";75;75104;Paris 4e Arrondissement;1404;751041404;Saint-Gervais 4;H;48.855935713913134, 2.362247913320653;IRIS____0000000751041404
"{""coordinates"": [[[2.345999825576988, 48.84030354205142], [2.343601021437416, 48.841232038178674], [2.344621183102341, 48.843103810944626], [2.345329471683235, 48.84453407749879], [2.344576740504233, 48.84533758239297], [2.344543535754267, 48.84548579502852], [2.345035911523967, 48.84523217377958], [2.345584560386708, 48.845054404645175], [2.348072533679408, 48.84441595152129], [2.348195689317331, 48.84284903458104], [2.348244562476955, 48.84166483962271], [2.348200004956771, 48.841523396757246], [2.345999825576988, 48.84030354205142]]], ""type"": ""Polygon""}";75;75105;Paris 5e Arrondissement;1907;751051907;Val de Grâce 7;H;48.84264517792399, 2.3461834403791775;IRIS____0000000751051907
"{""coordinates"": [[[2.326867309541756, 48.851395370785916], [2.326814484762852, 48.85158124063641], [2.328657392915725, 48.85186769792212], [2.330193628398726, 48.85215870577217], [2.331884480427239, 48.852402891286815], [2.331795739795058, 48.85230886266007], [2.327918332944669, 48.84809613470846], [2.326969194686432, 48.85131500173384], [2.326867309541756, 48.851395370785916]]], ""type"": ""Polygon""}";75;75106;Paris 6e Arrondissement;2310;751062310;Notre-Dame des Champs 10;H;48.850703711258504, 2.3288997588793574;IRIS____0000000751062310
"{""coordinates"": [[[2.332451956624262, 48.85853065908503], [2.333270093392226, 48.85829059658666], [2.331347623117892, 48.85590018252388], [2.330732889977583, 48.855055849755345], [2.330463707347445, 48.854473360719666], [2.327642943605289, 48.85528764850287], [2.325861353776846, 48.856046572586486], [2.327438807115302, 48.85695390344882], [2.328758729688885, 48.85881218192131], [2.32929029412567, 48.859553529793885], [2.332451956624262, 48.85853065908503]]], ""type"": ""Polygon""}";75;75107;Paris 7e Arrondissement;2506;751072506;Saint-Thomas d'Aquin 6;H;48.85699300823247, 2.3297529115657993;IRIS____0000000751072506
"{""coordinates"": [[[2.373503695311074, 48.86668393732084], [2.375903755434975, 48.86729633649345], [2.377337092336681, 48.86564901469399], [2.375413769065326, 48.86518572470855], [2.375341036870924, 48.8651124984091], [2.374556866721297, 48.865255895132435], [2.373503695311074, 48.86668393732084]]], ""type"": ""Polygon""}";75;75111;Paris 11e Arrondissement;4103;751114103;Folie Méricourt 3;H;48.86616597971263, 2.375387848939761;IRIS____0000000751114103
"{""coordinates"": [[[2.31595539190578, 48.83426442044075], [2.316841348596852, 48.83475154759734], [2.320548400233449, 48.83244778479361], [2.320481778860998, 48.83233318584439], [2.320033194165155, 48.83163182272101], [2.318590270548683, 48.832277455702155], [2.317073156379583, 48.83338402609231], [2.317159714576957, 48.833432187074024], [2.31595539190578, 48.83426442044075]]], ""type"": ""Polygon""}";75;75114;Paris 14e Arrondissement;5614;751145614;Plaisance 14;H;48.83318100107548, 2.3183561490446047;IRIS____0000000751145614
"{""coordinates"": [[[2.283111907246656, 48.83970035836175], [2.283656712749932, 48.840111037388944], [2.284194397498972, 48.840643985550805], [2.285538947611852, 48.84215397146996], [2.28790923678531, 48.84109875396025], [2.284161090063844, 48.83959691819993], [2.282149121148167, 48.838773627475305], [2.282225438418315, 48.83897014862164], [2.283111907246656, 48.83970035836175]]], ""type"": ""Polygon""}";75;75115;Paris 15e Arrondissement;6006;751156006;Javel 6;H;48.84066691630109, 2.2852291113185585;IRIS____0000000751156006
"{""coordinates"": [[[2.33477071493555, 48.8858331490881], [2.332601737320709, 48.88663227330587], [2.332503228962511, 48.88687004622745], [2.332733605551421, 48.88794153054444], [2.333901945260167, 48.88711975490289], [2.335610693053986, 48.88658605446619], [2.336804408631417, 48.88601440411894], [2.337983896691744, 48.88570166978326], [2.337457050622775, 48.884880366028646], [2.336130103028415, 48.885422506099914], [2.33477071493555, 48.8858331490881]]], ""type"": ""Polygon""}";75;75118;Paris 18e Arrondissement;6908;751186908;Grandes Carrières 8;H;48.88628518709091, 2.335023031417353;IRIS____0000000751186908
"{""coordinates"": [[[2.400804828808559, 48.85597225920238], [2.399341796847571, 48.85756396278764], [2.399482260556796, 48.857675287333706], [2.402143560963579, 48.859148250300876], [2.403920665249356, 48.85762013468], [2.402229135252558, 48.85656036099421], [2.401305514327803, 48.855928898602166], [2.401072903116679, 48.856008675814586], [2.400804828808559, 48.85597225920238]]], ""type"": ""Polygon""}";75;75120;Paris 20e Arrondissement;8024;751208024;Charonne 24;H;48.857516451075625, 2.401590282596797;IRIS____0000000751208024
"{""coordinates"": [[[2.349017869621773, 48.86385882548901], [2.350955108041352, 48.86340168750283], [2.350164450262719, 48.8619854230763], [2.348223210390838, 48.85851687106066], [2.347440461622229, 48.85876622185833], [2.347445158584181, 48.85893532523184], [2.347359059174241, 48.85906256334891], [2.346883310051467, 48.85961126898616], [2.346827633369763, 48.85959477682072], [2.346437695420342, 48.860038724996585], [2.346620793054828, 48.860546058137366], [2.346717133432157, 48.860580759338035], [2.347409271946518, 48.860494600860555], [2.347661823737401, 48.86100770695118], [2.347747960057199, 48.860986592099664], [2.348444771796439, 48.862379879643505], [2.349082366748565, 48.8637152809957], [2.349017869621773, 48.86385882548901]]], ""type"": ""Polygon""}";75;75101;Paris 1er Arrondissement;0201;751010201;Les Halles 1;H;48.86122508391691, 2.348715048482588;IRIS____0000000751010201
"{""coordinates"": [[[2.351704637798709, 48.84643766511975], [2.35239820236455, 48.84446642651274], [2.352304484939423, 48.843784203340405], [2.349570067191699, 48.844414209859], [2.349245824803476, 48.84451857117394], [2.349106186776724, 48.84533443120845], [2.34908902927981, 48.84616264863172], [2.348981152341465, 48.84661713767415], [2.348853688651341, 48.84700316854277], [2.348641714458518, 48.847172892909775], [2.348616234809366, 48.847358022151305], [2.348514865232174, 48.84750946185488], [2.348520001074306, 48.8486246942536], [2.350468138947337, 48.84812265237636], [2.350519228279287, 48.84806896823668], [2.351628966567298, 48.846605435247945], [2.351704637798709, 48.84643766511975]]], ""type"": ""Polygon""}";75;75105;Paris 5e Arrondissement;1703;751051703;Saint-Victor 3;H;48.84609066647165, 2.3503647542908954;IRIS____0000000751051703
"{""coordinates"": [[[2.36540997531333, 48.87768695790409], [2.364449010179692, 48.878445393388766], [2.362897221751404, 48.87923575195707], [2.365146153015036, 48.881097622574664], [2.367088639502728, 48.88002511371961], [2.367029781586508, 48.879594922361726], [2.36540997531333, 48.87768695790409]]], ""type"": ""Polygon""}";75;75110;Paris 10e Arrondissement;4009;751104009;Hôpital Saint-Louis 9;H;48.87946953829976, 2.3651757272265894;IRIS____0000000751104009
"{""coordinates"": [[[2.368972404780255, 48.85284526230501], [2.369041481590489, 48.852993120408804], [2.369123881441926, 48.85316623056484], [2.370255132996807, 48.85327111850522], [2.370907837370998, 48.85260183633928], [2.373180933102544, 48.85057043524601], [2.371986625689372, 48.84891745363569], [2.373985003085811, 48.84795842099121], [2.373826008099504, 48.84780829582039], [2.373863827758742, 48.84692892295864], [2.372019223395208, 48.84666473678712], [2.37142394218614, 48.84800345115536], [2.369755646772411, 48.851750381013666], [2.369524877005135, 48.85212599428855], [2.369370826071828, 48.85224299771633], [2.3690939611782, 48.852823419492964], [2.368972404780255, 48.85284526230501]]], ""type"": ""Polygon""}";75;75112;Paris 12e Arrondissement;4805;751124805;Quinze-Vingts 5;H;48.849995170848004, 2.3715653968326724;IRIS____0000000751124805
"{""coordinates"": [[[2.322609178636038, 48.83855810889314], [2.324844512348838, 48.84122388000075], [2.330062396706929, 48.839469772123635], [2.330525413065713, 48.83938152828637], [2.330591419751279, 48.839334231226935], [2.330828474909787, 48.83869880546567], [2.332127716804929, 48.83512657818082], [2.332355112302094, 48.83471053975142], [2.332627719106447, 48.83448721840909], [2.332239959291349, 48.834447280642415], [2.331952165687977, 48.834473554077114], [2.327631253709622, 48.836020543175465], [2.323257958241445, 48.83748973337263], [2.322925127807629, 48.83752022717312], [2.322888270117602, 48.837630640964605], [2.322807457453753, 48.83797823934086], [2.322672738681215, 48.838175337742626], [2.322609178636038, 48.83855810889314]]], ""type"": ""Polygon""}";75;75114;Paris 14e Arrondissement;5305;751145305;Montparnasse 5;H;48.83798867848048, 2.327528378017022;IRIS____0000000751145305
"{""coordinates"": [[[2.281302804550013, 48.838295475523736], [2.278983292972378, 48.837058368488464], [2.278637930659282, 48.83690968819196], [2.278635890551241, 48.836860210299605], [2.277255703124276, 48.83715856539704], [2.27835978543679, 48.838400970874304], [2.27985282424672, 48.84009359388168], [2.280719466121861, 48.8397912230021], [2.282021053931259, 48.84045468411344], [2.283111907246656, 48.83970035836175], [2.282225438418315, 48.83897014862164], [2.282149121148167, 48.838773627475305], [2.281302804550013, 48.838295475523736]]], ""type"": ""Polygon""}";75;75115;Paris 15e Arrondissement;6007;751156007;Javel 7;H;48.83869384392364, 2.2801760073192106;IRIS____0000000751156007
"{""coordinates"": [[[2.368127524696543, 48.889701061344496], [2.369541154621306, 48.89290649917105], [2.372554532101347, 48.8920670727877], [2.37224700626142, 48.89132981668623], [2.371265566232746, 48.889253529087874], [2.368127524696543, 48.889701061344496]]], ""type"": ""Polygon""}";75;75119;Paris 19e Arrondissement;7309;751197309;Villette 9;H;48.89099221568091, 2.3703484014761838;IRIS____0000000751197309
"{""coordinates"": [[[2.351880439414871, 48.84084818550789], [2.352068212819877, 48.842183857944235], [2.353637078419256, 48.842248105522756], [2.353583653995173, 48.84238092251315], [2.354488032023899, 48.842410088749155], [2.354699311962403, 48.84141293592239], [2.355829501320546, 48.84158091256212], [2.355959769422451, 48.84118319611195], [2.353381886835851, 48.84052264687807], [2.353244226693132, 48.84052639950304], [2.351880439414871, 48.84084818550789]]], ""type"": ""Polygon""}";75;75105;Paris 5e Arrondissement;1806;751051806;Jardin des Plantes 6;H;48.841434863081545, 2.3535728843479036;IRIS____0000000751051806
"{""coordinates"": [[[2.388879258024644, 48.859816912023255], [2.389546437996217, 48.858480292155605], [2.389279012588646, 48.85838809366578], [2.387571227615817, 48.85803851336904], [2.387724663783847, 48.85773981601602], [2.386918955595862, 48.85752524359001], [2.385935147161944, 48.85912373433025], [2.386834885463864, 48.85934149283615], [2.388695241550911, 48.859817770851166], [2.388879258024644, 48.859816912023255]]], ""type"": ""Polygon""}";75;75111;Paris 11e Arrondissement;4303;751114303;Roquette 3;H;48.8587635664723, 2.3877479127883525;IRIS____0000000751114303
"{""coordinates"": [[[2.397515647030773, 48.8482348175889], [2.395957776088524, 48.848378053898536], [2.391973134719696, 48.84896853151506], [2.390577831984812, 48.85047234595318], [2.392516492310897, 48.85040306176172], [2.394489227175594, 48.85068466601622], [2.395330545401933, 48.8493506841154], [2.39571274257075, 48.84941377109043], [2.396141906760376, 48.84942223335976], [2.396611931436767, 48.84931488362397], [2.396911653864037, 48.84920397566501], [2.397219259703606, 48.84900047328711], [2.39746272490902, 48.84868692597141], [2.397524677236651, 48.84851456207308], [2.397515647030773, 48.8482348175889]]], ""type"": ""Polygon""}";75;75111;Paris 11e Arrondissement;4402;751114402;Sainte-Marguerite 2;H;48.84944524434469, 2.394025112985608;IRIS____0000000751114402
"{""coordinates"": [[[2.347192129267711, 48.83028658911767], [2.345947946061055, 48.830648534346814], [2.346862666594249, 48.83255390583635], [2.347007657038596, 48.83261585474646], [2.346857843955042, 48.83293881024911], [2.347070811383009, 48.83301192269465], [2.348314170990857, 48.835661950713686], [2.349718667971721, 48.836108486304795], [2.349838546819545, 48.83578176800111], [2.34997383487008, 48.83563950374698], [2.350437302587933, 48.83518154491987], [2.35090299000836, 48.83487289143359], [2.351190782951538, 48.83462712643629], [2.351560380953934, 48.83415696191879], [2.351675935664617, 48.833738482146394], [2.351413731157806, 48.833132683999644], [2.351316434270385, 48.833069200432355], [2.351350056459516, 48.832994735047514], [2.350842900557854, 48.832587266807735], [2.349906519600861, 48.83207943252525], [2.348164253234285, 48.83098171002637], [2.347192129267711, 48.83028658911767]]], ""type"": ""Polygon""}";75;75113;Paris 13e Arrondissement;5203;751135203;Croulebarbe 3;H;48.833212018512086, 2.348864406480001;IRIS____0000000751135203
"{""coordinates"": [[[2.323472515249228, 48.83617966580445], [2.322925127807629, 48.83752022717312], [2.323257958241445, 48.83748973337263], [2.327631253709622, 48.836020543175465], [2.326854569661756, 48.83497470355675], [2.324184921132916, 48.83597953596427], [2.323472515249228, 48.83617966580445]]], ""type"": ""Polygon""}";75;75114;Paris 14e Arrondissement;5304;751145304;Montparnasse 4;H;48.836229768124674, 2.3252489771088087;IRIS____0000000751145304
"{""coordinates"": [[[2.304587550274392, 48.8278582631663], [2.306931640548025, 48.829822621434054], [2.307135337599138, 48.83017815621568], [2.310667722025074, 48.83305678287722], [2.311519119428562, 48.83275140270192], [2.311015353570606, 48.83242023010401], [2.30927786608701, 48.83143348706806], [2.310884127776358, 48.830289752893314], [2.307636132656193, 48.82878072590344], [2.305697826222706, 48.8278512234249], [2.305515227127923, 48.82775392965145], [2.305454963957734, 48.827676233089946], [2.304587550274392, 48.8278582631663]]], ""type"": ""Polygon""}";75;75114;Paris 14e Arrondissement;5604;751145604;Plaisance 4;H;48.83008997397958, 2.308271900213376;IRIS____0000000751145604
"{""coordinates"": [[[2.258998484432697, 48.84170381728228], [2.261451602734805, 48.841090326235424], [2.261350684279005, 48.840904432321466], [2.261681777385288, 48.840808444645646], [2.26112047883665, 48.8399388824045], [2.261666696803588, 48.83975698406631], [2.26136757608869, 48.83932793476896], [2.261458080050399, 48.839190889323966], [2.257572789956844, 48.83800574462724], [2.257281133290105, 48.83829892922504], [2.258123755960461, 48.84026569417479], [2.258560855074399, 48.84105085907922], [2.258998484432697, 48.84170381728228]]], ""type"": ""Polygon""}";75;75116;Paris 16e Arrondissement;6105;751166105;Auteuil 5;H;48.83987406917189, 2.259505687043056;IRIS____0000000751166105
"{""coordinates"": [[[2.287486651347012, 48.88307264188502], [2.288665730358335, 48.88380541686478], [2.288697460422243, 48.88387845153188], [2.289225941953491, 48.884223337394545], [2.291972126487449, 48.88193371262417], [2.289956549348125, 48.88084616851841], [2.287486651347012, 48.88307264188502]]], ""type"": ""Polygon""}";75;75117;Paris 17e Arrondissement;6514;751176514;Ternes 14;H;48.88250844044698, 2.289689077461287;IRIS____0000000751176514
"{""coordinates"": [[[2.349576074370292, 48.89546530897446], [2.352909865219315, 48.89511195032028], [2.352771445892002, 48.89494572745603], [2.351028509996089, 48.89361879020235], [2.349782393706239, 48.89183227244239], [2.349552127066426, 48.891705116699654], [2.349597519721272, 48.8915650688925], [2.348729533622137, 48.89172043074552], [2.348832459927789, 48.892214718631735], [2.349098837243547, 48.89228991128892], [2.348747197224184, 48.892707083556694], [2.348958778110976, 48.892801763539765], [2.349576074370292, 48.89546530897446]]], ""type"": ""Polygon""}";75;75118;Paris 18e Arrondissement;7019;751187019;Clignancourt 19;H;48.8938714246454, 2.3503284510850393;IRIS____0000000751187019
"{""coordinates"": [[[2.393175253810518, 48.86954805765831], [2.392580685583084, 48.86933010025637], [2.39143129021869, 48.869111118804845], [2.390773059602196, 48.86990818035753], [2.391094104719126, 48.870899983416976], [2.391383285286012, 48.87135292073452], [2.391425592667707, 48.87158246640657], [2.391325737222616, 48.87172765100994], [2.391123532766342, 48.871881308287506], [2.390517527248624, 48.87217320609841], [2.389805125952917, 48.872701982853734], [2.389478824041325, 48.872857702593635], [2.388088038626023, 48.873800298028264], [2.389524557612176, 48.87372489403299], [2.390075355481285, 48.87337606220328], [2.392278202609563, 48.87165334905966], [2.394437745928335, 48.870007717291955], [2.393175253810518, 48.86954805765831]]], ""type"": ""Polygon""}";75;75120;Paris 20e Arrondissement;7702;751207702;Belleville 2;H;48.87108564805686, 2.3916552675748504;IRIS____0000000751207702
"{""coordinates"": [[[2.396012785487526, 48.85433113890084], [2.394345091773725, 48.856519817242365], [2.395390895547421, 48.85671666684832], [2.396250509121195, 48.85675068551648], [2.397128579397311, 48.85683875180751], [2.397878810600218, 48.85572374113679], [2.398055579112765, 48.8555231765803], [2.398669844126095, 48.855085584513105], [2.396012785487526, 48.85433113890084]]], ""type"": ""Polygon""}";75;75120;Paris 20e Arrondissement;8026;751208026;Charonne 26;H;48.85568068974821, 2.396436041007183;IRIS____0000000751208026
"{""coordinates"": [[[2.359086831752373, 48.86843506628351], [2.355742901188442, 48.86897830241318], [2.355826567453077, 48.869157721530534], [2.355718883326315, 48.86926686148782], [2.357202716507911, 48.87175881491236], [2.358772776773313, 48.87091286440675], [2.357696214103413, 48.86921813228528], [2.358422228560991, 48.869045755369896], [2.359232364533484, 48.86879468245225], [2.359086831752373, 48.86843506628351]]], ""type"": ""Polygon""}";75;75110;Paris 10e Arrondissement;3905;751103905;Porte Saint-Martin 5;H;48.86994313465154, 2.357366696716832;IRIS____0000000751103905
"{""coordinates"": [[[2.391973134719696, 48.84896853151506], [2.389496724149868, 48.849346240378125], [2.384707528580461, 48.85008435900436], [2.384449460955181, 48.85047335094119], [2.3865551465213, 48.85045538624872], [2.390577831984812, 48.85047234595318], [2.391973134719696, 48.84896853151506]]], ""type"": ""Polygon""}";75;75111;Paris 11e Arrondissement;4403;751114403;Sainte-Marguerite 3;H;48.84993785535565, 2.388590579907875;IRIS____0000000751114403
"{""coordinates"": [[[2.315197033900256, 48.82779896849191], [2.31698039857716, 48.82673890696723], [2.319585359343969, 48.82617725478254], [2.31901568969273, 48.825574126354034], [2.318386835669022, 48.82481056785773], [2.312636903014953, 48.82608715346119], [2.313028682163402, 48.82633313649117], [2.315197033900256, 48.82779896849191]]], ""type"": ""Polygon""}";75;75114;Paris 14e Arrondissement;5606;751145606;Plaisance 6;H;48.82618395712513, 2.3161891321893657;IRIS____0000000751145606
"{""coordinates"": [[[2.317964994326271, 48.829672898879366], [2.317300691114629, 48.829221219206225], [2.316139261464687, 48.829802775881696], [2.31716374243846, 48.83114869914078], [2.319301291536066, 48.830511535162294], [2.319203474920097, 48.8304911921394], [2.317964994326271, 48.829672898879366]]], ""type"": ""Polygon""}";75;75114;Paris 14e Arrondissement;5611;751145611;Plaisance 11;H;48.83021444090787, 2.317538122763718;IRIS____0000000751145611
"{""coordinates"": [[[2.304931221089949, 48.84611660458828], [2.302067245330966, 48.84537864044642], [2.301573793863481, 48.84793355226076], [2.306163740503661, 48.84657793776834], [2.30600824512573, 48.8463845720152], [2.304931221089949, 48.84611660458828]]], ""type"": ""Polygon""}";75;75115;Paris 15e Arrondissement;5811;751155811;Necker 11;H;48.84660474523896, 2.3033426848325282;IRIS____0000000751155811
"{""coordinates"": [[[2.325209307275804, 48.8910290208238], [2.322749154759607, 48.88912564653331], [2.321244570955876, 48.889987675936375], [2.323019514383693, 48.89172263136733], [2.325209307275804, 48.8910290208238]]], ""type"": ""Polygon""}";75;75117;Paris 17e Arrondissement;6803;751176803;Épinettes 3;H;48.89048225811412, 2.3231129436819278;IRIS____0000000751176803
"{""coordinates"": [[[2.337599491444616, 48.89533760879045], [2.336378560901363, 48.89364102361873], [2.332611780707779, 48.89414799244308], [2.332680401893353, 48.89422121996759], [2.337599491444616, 48.89533760879045]]], ""type"": ""Polygon""}";75;75118;Paris 18e Arrondissement;6921;751186921;Grandes Carrières 21;H;48.8943830621177, 2.335482008844808;IRIS____0000000751186921
"{""coordinates"": [[[2.397933277937321, 48.878256044693444], [2.395657103644794, 48.87771217244478], [2.395431739981518, 48.87762829616448], [2.395678121235474, 48.87825097713051], [2.396399672117661, 48.87928704723649], [2.396753520922193, 48.88040399780574], [2.397110864196961, 48.88039590526063], [2.39741687420879, 48.880346184208044], [2.398222169718561, 48.88015867797509], [2.398873970014467, 48.87992003332934], [2.398970827290457, 48.879916022987125], [2.399632517738496, 48.87964684668659], [2.39887219371282, 48.879365138895416], [2.398060159116477, 48.878957260137334], [2.397933277937321, 48.878256044693444]]], ""type"": ""Polygon""}";75;75119;Paris 19e Arrondissement;7511;751197511;Amérique 11;H;48.8791295672916, 2.397299164944303;IRIS____0000000751197511
"{""coordinates"": [[[2.337436054654422, 48.872383095580645], [2.33545308179015, 48.87264909963027], [2.335370148109408, 48.87284469521663], [2.335266404872028, 48.874243490638335], [2.337045028093485, 48.874184105316516], [2.33718071550728, 48.87412819840096], [2.337433556433499, 48.87418715580534], [2.338078921927349, 48.87414935663082], [2.337436054654422, 48.872383095580645]]], ""type"": ""Polygon""}";75;75109;Paris 9e Arrondissement;3406;751093406;Chaussée d'Antin 6;A;48.87339853853266, 2.3365784098796474;IRIS____0000000751093406
"{""coordinates"": [[[2.349017869621773, 48.86385882548901], [2.346682599072114, 48.86442168142322], [2.346991797809423, 48.86552776438187], [2.347160025912115, 48.866353380644235], [2.34899279018621, 48.86597484720035], [2.348377666800253, 48.86469353128462], [2.350147798560179, 48.864303846780025], [2.350116100857816, 48.86411301347977], [2.349017869621773, 48.86385882548901]]], ""type"": ""Polygon""}";75;75102;Paris 2e Arrondissement;0802;751020802;Bonne Nouvelle 2;H;48.86500772705563, 2.3480588626134202;IRIS____0000000751020802
"{""coordinates"": [[[2.327423135703934, 48.883507800603795], [2.328121477639861, 48.88370687651579], [2.329540571639998, 48.8845898806861], [2.329637790197905, 48.884558948482976], [2.332303072703811, 48.88386786723006], [2.332254593167777, 48.88371381126943], [2.332404476312233, 48.88361662002848], [2.332056441468493, 48.882789991958134], [2.331697519469299, 48.88185628085057], [2.33162836870543, 48.881506953730224], [2.328862553595927, 48.88217767198687], [2.328262701850954, 48.881744426783165], [2.327547689061339, 48.88336640582736], [2.327423135703934, 48.883507800603795]]], ""type"": ""Polygon""}";75;75109;Paris 9e Arrondissement;3306;751093306;Saint-Georges 6;H;48.883070822117816, 2.3300399654864203;IRIS____0000000751093306
"{""coordinates"": [[[2.375886726070378, 48.87167602635467], [2.376904765014236, 48.87204825942958], [2.378290113390531, 48.870774807326946], [2.379195650384537, 48.870062735353955], [2.377485174690476, 48.86922735975161], [2.376765784513629, 48.87033250009538], [2.376519830689572, 48.87026556753733], [2.376719401215189, 48.871132668901474], [2.375886726070378, 48.87167602635467]]], ""type"": ""Polygon""}";75;75111;Paris 11e Arrondissement;4111;751114111;Folie Méricourt 11;H;48.87060226632744, 2.3775043804056777;IRIS____0000000751114111
"{""coordinates"": [[[2.341542263379834, 48.824621028276304], [2.341488633272006, 48.82358285035315], [2.34173011598054, 48.82268839831459], [2.342046610267817, 48.82210914088646], [2.342505769343296, 48.82144882327404], [2.343809839510958, 48.82042529634148], [2.344591545649815, 48.819564378702395], [2.344586816272369, 48.819398866537306], [2.341410067315188, 48.81977444151638], [2.340707234627335, 48.81988658862134], [2.330366344273001, 48.82217471282096], [2.330971302464853, 48.82396246929185], [2.331964057103293, 48.82376565892887], [2.336079828312775, 48.824226577935846], [2.339710211499435, 48.82462351790119], [2.339865923797953, 48.824589301821725], [2.341542263379834, 48.824621028276304]]], ""type"": ""Polygon""}";75;75114;Paris 14e Arrondissement;5402;751145402;Parc de Montsouris 2;H;48.82228792290052, 2.3376536735827815;IRIS____0000000751145402
"{""coordinates"": [[[2.257572789956844, 48.83800574462724], [2.257596337643644, 48.83778734247158], [2.257539294513362, 48.83767906330905], [2.258103518735484, 48.83747570768279], [2.25851818386405, 48.83734607059156], [2.26016479503352, 48.837099044923086], [2.26128588756636, 48.8356705688222], [2.259241917524775, 48.83646376966459], [2.258990517206156, 48.83622657574902], [2.258872355769027, 48.83620066111265], [2.25700314123815, 48.836295191169704], [2.256857789277253, 48.83636084210122], [2.256495913743323, 48.836610418810615], [2.256629843837478, 48.83705914083522], [2.256597394746443, 48.83713718492372], [2.256811457641323, 48.8375081587918], [2.256525656669833, 48.83767726418241], [2.256436825427354, 48.83779183214456], [2.256369382940588, 48.83803064686716], [2.25643607833931, 48.83822622600498], [2.256675469128465, 48.83835002894292], [2.256986869904, 48.83839243553841], [2.257281133290105, 48.83829892922504], [2.257572789956844, 48.83800574462724]]], ""type"": ""Polygon""}";75;75116;Paris 16e Arrondissement;6104;751166104;Auteuil 4;H;48.83695086968605, 2.2583074081620507;IRIS____0000000751166104
"{""coordinates"": [[[2.267258443897536, 48.850803238362204], [2.267198704331449, 48.85069045194504], [2.268622147006733, 48.84967028845376], [2.267888312765771, 48.8496208320672], [2.266571594161469, 48.84906055726733], [2.266244264141074, 48.848983003506994], [2.266034994829953, 48.84884411690473], [2.264928556080749, 48.84835346507326], [2.264714858709437, 48.848915155260606], [2.264775458665366, 48.84906302370448], [2.264192894507258, 48.84978612986841], [2.264707574324919, 48.84991430579379], [2.265845993563717, 48.8503619855175], [2.267085017359883, 48.850828257705146], [2.267258443897536, 48.850803238362204]]], ""type"": ""Polygon""}";75;75116;Paris 16e Arrondissement;6119;751166119;Auteuil 19;H;48.84967270233052, 2.266204559983191;IRIS____0000000751166119
"{""coordinates"": [[[2.370290292159463, 48.87799062235578], [2.370287299693743, 48.87846365520372], [2.370220435118679, 48.88196349700564], [2.370168080363927, 48.88268448311569], [2.370083654434945, 48.88278746169843], [2.37027577042271, 48.882800163602326], [2.370585676531636, 48.88288273276236], [2.371469387835914, 48.88310141535459], [2.371519386767873, 48.88302613428636], [2.37179122901043, 48.882986191888676], [2.37566620790366, 48.88279422017029], [2.374209503438867, 48.88203028001404], [2.373221124162103, 48.881218411691435], [2.37299918042346, 48.88096543732591], [2.372678238898649, 48.88044124551655], [2.370679007386802, 48.8783191239165], [2.370290292159463, 48.87799062235578]]], ""type"": ""Polygon""}";75;75119;Paris 19e Arrondissement;7301;751197301;Villette 1;H;48.881296682442716, 2.371883760990179;IRIS____0000000751197301
"{""coordinates"": [[[2.388261156658704, 48.86323935486178], [2.389044504136973, 48.86385760712019], [2.38922049373156, 48.86384501527595], [2.389736398949831, 48.86390610428536], [2.391451757591644, 48.86444185294459], [2.391186101333957, 48.86512849771516], [2.392353349184037, 48.86509485871065], [2.393029329579326, 48.86557493926127], [2.393557974289527, 48.86559740457449], [2.394140034071517, 48.86571546800011], [2.394320466841067, 48.865790127118245], [2.395554336726714, 48.86495008586732], [2.391092644162676, 48.86379429917283], [2.388035645371652, 48.863058333419794], [2.388105127823723, 48.863177401919785], [2.388261156658704, 48.86323935486178]]], ""type"": ""Polygon""}";75;75120;Paris 20e Arrondissement;7909;751207909;Père Lachaise 9;H;48.86458773093654, 2.392330635644646;IRIS____0000000751207909
"{""coordinates"": [[[2.33545308179015, 48.87264909963027], [2.333241963178149, 48.87294977386665], [2.33114155587778, 48.87322674382388], [2.331318074108991, 48.874238587323276], [2.332704029933699, 48.87428679166122], [2.335266404872028, 48.874243490638335], [2.335370148109408, 48.87284469521663], [2.33545308179015, 48.87264909963027]]], ""type"": ""Polygon""}";75;75109;Paris 9e Arrondissement;3405;751093405;Chaussée d'Antin 5;A;48.87358538515158, 2.333419504872727;IRIS____0000000751093405
"{""coordinates"": [[[2.335874392590844, 48.866979288015116], [2.333660618265889, 48.8675065901699], [2.332460764805721, 48.870289666374674], [2.332659457141542, 48.87031685523609], [2.336779626833816, 48.86954383824858], [2.336692678508776, 48.86887784306047], [2.335874392590844, 48.866979288015116]]], ""type"": ""Polygon""}";75;75102;Paris 2e Arrondissement;0501;751020501;Gaillon 1;A;48.86873466706431, 2.3347316244420573;IRIS____0000000751020501
"{""coordinates"": [[[2.343050733348993, 48.87148502459552], [2.340041163195276, 48.87197209941964], [2.337122942617793, 48.87149011595013], [2.337436054654422, 48.872383095580645], [2.338078921927349, 48.87414935663082], [2.342420045613149, 48.87403478477912], [2.342885761161112, 48.87353910893727], [2.343173405342586, 48.87267642323075], [2.343195488538107, 48.872114457413666], [2.343050733348993, 48.87148502459552]]], ""type"": ""Polygon""}";75;75109;Paris 9e Arrondissement;3504;751093504;Faubourg Montmartre 4;A;48.87285016762826, 2.340302681152054;IRIS____0000000751093504
"{""coordinates"": [[[2.337755934595521, 48.84175473055807], [2.338983319797129, 48.84392448829842], [2.340373549664305, 48.84367944097095], [2.341548163883287, 48.84335134891915], [2.341363653141145, 48.84296450646731], [2.341300888196201, 48.84210886614583], [2.341222625397031, 48.84140153492686], [2.341132482308175, 48.84109525450613], [2.34097485372677, 48.84084616151718], [2.337755934595521, 48.84175473055807]]], ""type"": ""Polygon""}";75;75105;Paris 5e Arrondissement;1904;751051904;Val de Grâce 4;H;48.84241484425626, 2.3398271746840433;IRIS____0000000751051904
"{""coordinates"": [[[2.328124944017282, 48.84739669324167], [2.331664464160617, 48.84841210989608], [2.331523413081935, 48.84602261981775], [2.33139536593779, 48.845913081505635], [2.331026714777416, 48.84628875257192], [2.329992827290823, 48.84625958351416], [2.328644226905967, 48.845590992185166], [2.328124944017282, 48.84739669324167]]], ""type"": ""Polygon""}";75;75106;Paris 6e Arrondissement;2304;751062304;Notre-Dame des Champs 4;H;48.84702130848944, 2.3300287851502968;IRIS____0000000751062304
"{""coordinates"": [[[2.363355980554886, 48.88208547304841], [2.364530528635915, 48.88148646432346], [2.364722017717484, 48.881326500532836], [2.365146153015036, 48.881097622574664], [2.362897221751404, 48.87923575195707], [2.362523952222605, 48.87898554931479], [2.362323078973102, 48.878909834952786], [2.362369694194268, 48.87922305076512], [2.362271468765044, 48.880006744642465], [2.362022701538581, 48.88061246762994], [2.361774535049148, 48.881947549594955], [2.361340826436205, 48.88206574694433], [2.361726760156752, 48.88261909395732], [2.361760602606402, 48.8827505764151], [2.361652348289712, 48.88301620063051], [2.363355980554886, 48.88208547304841]]], ""type"": ""Polygon""}";75;75110;Paris 10e Arrondissement;3702;751103702;Saint-Vincent de Paul 2;H;48.88103067620165, 2.363033318355483;IRIS____0000000751103702
"{""coordinates"": [[[2.399923697264006, 48.83260075485792], [2.399216578589004, 48.83308106399352], [2.398182566725453, 48.83390867825068], [2.397716294054253, 48.8341752414597], [2.398593444532919, 48.8350187624062], [2.39962789946511, 48.8358100033501], [2.40151186135711, 48.83392988040068], [2.402175894369019, 48.833404374494116], [2.399923697264006, 48.83260075485792]]], ""type"": ""Polygon""}";75;75112;Paris 12e Arrondissement;4602;751124602;Picpus 2;H;48.83406493974585, 2.399847135207141;IRIS____0000000751124602
"{""coordinates"": [[[2.348463372364844, 48.89042935307116], [2.348729533622137, 48.89172043074552], [2.349597519721272, 48.8915650688925], [2.349571472218448, 48.887427134855926], [2.349339686127108, 48.887423177546594], [2.349238382988341, 48.88745410343138], [2.348012971212918, 48.888387232813415], [2.348463372364844, 48.89042935307116]]], ""type"": ""Polygon""}";75;75118;Paris 18e Arrondissement;7016;751187016;Clignancourt 16;H;48.8895240103949, 2.348973361105769;IRIS____0000000751187016
"{""coordinates"": [[[2.406296268896808, 48.847454904426925], [2.403457625643953, 48.847707892342555], [2.39912112864224, 48.8480980956213], [2.399247185197987, 48.84886587718335], [2.400791474319113, 48.84883764725668], [2.400994042976583, 48.848879132492804], [2.402743647546542, 48.848890577299315], [2.40243376853026, 48.849650781634125], [2.402265605828735, 48.84993593562417], [2.403886984782305, 48.8500807262848], [2.406402014759188, 48.850493441820106], [2.406577751785357, 48.84882331770375], [2.406296268896808, 48.847454904426925]]], ""type"": ""Polygon""}";75;75120;Paris 20e Arrondissement;8003;751208003;Charonne 3;H;48.84879933007514, 2.4037600337062215;IRIS____0000000751208003
"{""coordinates"": [[[2.36783451579174, 48.85856811824061], [2.368229037863571, 48.85694327984872], [2.368490886682737, 48.85580518576208], [2.36827851557945, 48.855785178422295], [2.36494121805568, 48.856306224187], [2.364313790337467, 48.856457580934034], [2.364426987805623, 48.856674925592124], [2.364478437925173, 48.858155527917035], [2.367376053927299, 48.85771131434333], [2.367145069191267, 48.85843766599865], [2.367246641546234, 48.85849126466816], [2.36783451579174, 48.85856811824061]]], ""type"": ""Polygon""}";75;75103;Paris 3e Arrondissement;1102;751031102;Les Archives 2;H;48.85704759582316, 2.3664699212713;IRIS____0000000751031102
"{""coordinates"": [[[2.358185780973168, 48.86123908390814], [2.359778751949743, 48.86260562919108], [2.361289710185954, 48.86177371371678], [2.36460738071791, 48.861329110520714], [2.364478437925173, 48.858155527917035], [2.362279052129947, 48.85889838072318], [2.362214324263666, 48.85895289601339], [2.362140326559012, 48.85920791650802], [2.360775052391848, 48.859948888988264], [2.358185780973168, 48.86123908390814]]], ""type"": ""Polygon""}";75;75103;Paris 3e Arrondissement;1104;751031104;Les Archives 4;H;48.86052986909108, 2.3619849039754293;IRIS____0000000751031104
"{""coordinates"": [[[2.353717716870589, 48.85695212364874], [2.353892663363194, 48.85691259760038], [2.356613934271327, 48.85629231828257], [2.357985309571888, 48.855938144834695], [2.360090109857067, 48.85545657479447], [2.361675884140109, 48.85506393393534], [2.362763216124462, 48.85463894001703], [2.362493507911472, 48.85440457123532], [2.361847811420602, 48.85360070573629], [2.360667851909127, 48.8525790370697], [2.360489345244739, 48.85235504340187], [2.360370346209623, 48.85239038147351], [2.355747570835209, 48.85405096852729], [2.353116521049305, 48.8550971103196], [2.35260331445759, 48.855267909766], [2.35300710809706, 48.85556687993126], [2.353717716870589, 48.85695212364874]]], ""type"": ""Polygon""}";75;75104;Paris 4e Arrondissement;1401;751041401;Saint-Gervais 1;H;48.85473806448967, 2.357764008585066;IRIS____0000000751041401
"{""coordinates"": [[[2.339333376289233, 48.87671849807752], [2.3392441529549, 48.876765670439724], [2.339841571125351, 48.878899491256924], [2.340030432239695, 48.879382575580024], [2.340249721970249, 48.879939572400595], [2.341228977053831, 48.87970574228645], [2.34098814538413, 48.8792340653277], [2.34132644084698, 48.87879165611394], [2.340570744277619, 48.87709314890055], [2.34190989631775, 48.8768594962075], [2.341297384443434, 48.87656114529056], [2.339447276857672, 48.87666066978501], [2.339333376289233, 48.87671849807752]]], ""type"": ""Polygon""}";75;75109;Paris 9e Arrondissement;3604;751093604;Rochechouart 4;H;48.878053079202914, 2.34038393544896;IRIS____0000000751093604
"{""coordinates"": [[[2.379195650384537, 48.870062735353955], [2.380575885891117, 48.86898078767623], [2.379286766326318, 48.868251040828746], [2.37856472569805, 48.86798288835835], [2.37838805421536, 48.86805122007987], [2.377485174690476, 48.86922735975161], [2.379195650384537, 48.870062735353955]]], ""type"": ""Polygon""}";75;75111;Paris 11e Arrondissement;4110;751114110;Folie Méricourt 10;H;48.86901657163611, 2.3789669961104307;IRIS____0000000751114110
"{""coordinates"": [[[2.383247845297332, 48.85251678722406], [2.382405600140141, 48.85401345988036], [2.385327676682735, 48.85469762264105], [2.38771844602672, 48.853281712094365], [2.386230177793193, 48.85293862934246], [2.384881569417685, 48.85265740182431], [2.383247845297332, 48.85251678722406]]], ""type"": ""Polygon""}";75;75111;Paris 11e Arrondissement;4413;751114413;Sainte-Marguerite 13;H;48.85355396713908, 2.384790923536833;IRIS____0000000751114413
"{""coordinates"": [[[2.368962134088856, 48.83523754262038], [2.369587783610617, 48.834422417678844], [2.370375900417239, 48.83357666644993], [2.369696702132229, 48.83330147992997], [2.367661409860491, 48.832177318157015], [2.365227885833062, 48.8337823922997], [2.364947168507532, 48.83390051815324], [2.367211688631553, 48.834659894762424], [2.368962134088856, 48.83523754262038]]], ""type"": ""Polygon""}";75;75113;Paris 13e Arrondissement;5021;751135021;Gare 21;H;48.83374024583604, 2.3678684909807686;IRIS____0000000751135021
"{""coordinates"": [[[2.262968728815043, 48.83969756047757], [2.263336493895025, 48.839608989120094], [2.262001399226032, 48.83853949796551], [2.261313597339424, 48.83794526244096], [2.26016479503352, 48.837099044923086], [2.25851818386405, 48.83734607059156], [2.258103518735484, 48.83747570768279], [2.257539294513362, 48.83767906330905], [2.257596337643644, 48.83778734247158], [2.257572789956844, 48.83800574462724], [2.261458080050399, 48.839190889323966], [2.262346551007155, 48.83947068063789], [2.262519254907065, 48.83949422986593], [2.262968728815043, 48.83969756047757]]], ""type"": ""Polygon""}";75;75116;Paris 16e Arrondissement;6103;751166103;Auteuil 3;H;48.83822895627917, 2.2602571445981137;IRIS____0000000751166103
"{""coordinates"": [[[2.265113145932603, 48.840772014117114], [2.268022869567307, 48.84227291815508], [2.268976385213552, 48.842778798942355], [2.269190873512392, 48.842933002437405], [2.271590027580726, 48.845298586036805], [2.273728440136387, 48.847419703741146], [2.274428754214008, 48.84713435697982], [2.267321835933157, 48.8398007492918], [2.265113145932603, 48.840772014117114]]], ""type"": ""Polygon""}";75;75116;Paris 16e Arrondissement;6115;751166115;Auteuil 15;H;48.84296031816734, 2.2695162569576666;IRIS____0000000751166115
"{""coordinates"": [[[2.268135138089223, 48.85242296179038], [2.268971975465904, 48.853973181766506], [2.270750845368399, 48.85336617506959], [2.270800366181595, 48.85323606939435], [2.270994504241628, 48.85319228427102], [2.272054464280657, 48.85136313846257], [2.272288350796959, 48.85110734326453], [2.268622147006733, 48.84967028845376], [2.267198704331449, 48.85069045194504], [2.267258443897536, 48.850803238362204], [2.268135138089223, 48.85242296179038]]], ""type"": ""Polygon""}";75;75116;Paris 16e Arrondissement;6126;751166126;Auteuil 26;H;48.85170733822532, 2.2696110951208905;IRIS____0000000751166126
"{""coordinates"": [[[2.319545926285373, 48.88899776816167], [2.317189373357817, 48.89024071388662], [2.317260695137046, 48.89031396605903], [2.315411236101999, 48.89125669313758], [2.314055842155341, 48.89206462552307], [2.313628285664911, 48.892218658302866], [2.313139510718265, 48.89246406964641], [2.313007272247917, 48.89245971376493], [2.312698914516498, 48.89267558112915], [2.312619672927416, 48.892685918198914], [2.312480375753325, 48.89280293016786], [2.312085992425185, 48.89333576377926], [2.312147467671207, 48.893431445367824], [2.311994764331776, 48.89363381556751], [2.311761105542318, 48.893563224878136], [2.311655534073544, 48.89360488635463], [2.313697981093301, 48.89438103495823], [2.313777592478265, 48.894342820249925], [2.313800278836947, 48.89427729958798], [2.317528886078588, 48.89211954343665], [2.317885517532491, 48.89186077101762], [2.318443464337473, 48.89153839202542], [2.319059527615839, 48.891255911226374], [2.32075138630636, 48.89026187198445], [2.319545926285373, 48.88899776816167]]], ""type"": ""Polygon""}";75;75117;Paris 17e Arrondissement;6806;751176806;Épinettes 6;H;48.89178196232291, 2.31629712069964;IRIS____0000000751176806
"{""coordinates"": [[[2.319059527615839, 48.891255911226374], [2.318443464337473, 48.89153839202542], [2.318573195569058, 48.89162996226085], [2.320610917313509, 48.89423339421539], [2.322712932858676, 48.89358789559307], [2.321205803228831, 48.891706068597536], [2.319059527615839, 48.891255911226374]]], ""type"": ""Polygon""}";75;75117;Paris 17e Arrondissement;6807;751176807;Épinettes 7;H;48.892688336050036, 2.3206117393438523;IRIS____0000000751176807
"{""coordinates"": [[[2.336109461079046, 48.882763071905075], [2.33274232791497, 48.883748906402325], [2.332843365292479, 48.88395181889308], [2.334311325230097, 48.88539262250227], [2.336948202277596, 48.884360434519415], [2.33676637561633, 48.88386119848073], [2.336109461079046, 48.882763071905075]]], ""type"": ""Polygon""}";75;75118;Paris 18e Arrondissement;6902;751186902;Grandes Carrières 2;H;48.884053095777276, 2.334969539691016;IRIS____0000000751186902
"{""coordinates"": [[[2.397921938826138, 48.87546266688875], [2.395367943655133, 48.8752546390823], [2.395223492956283, 48.8752485133918], [2.394777267713919, 48.876103321391376], [2.395124678412513, 48.87624357435185], [2.395362959297001, 48.87638867111442], [2.39546328048712, 48.876555554035505], [2.39553498194586, 48.87672139300445], [2.395657103644794, 48.87771217244478], [2.397933277937321, 48.878256044693444], [2.397921938826138, 48.87546266688875]]], ""type"": ""Polygon""}";75;75119;Paris 19e Arrondissement;7504;751197504;Amérique 4;H;48.87659519707612, 2.39663719288812;IRIS____0000000751197504
"{""coordinates"": [[[2.400118354683499, 48.878544906631355], [2.399530611724958, 48.878433141236215], [2.397933277937321, 48.878256044693444], [2.398060159116477, 48.878957260137334], [2.39887219371282, 48.879365138895416], [2.399632517738496, 48.87964684668659], [2.398970827290457, 48.879916022987125], [2.398584892235462, 48.8801569033721], [2.400031219602414, 48.88066418643625], [2.401245462701772, 48.87918187788183], [2.40122007436059, 48.87913678448017], [2.401603790242936, 48.87873130723793], [2.401615730880795, 48.87864143404563], [2.40135154622277, 48.87873094546235], [2.400118354683499, 48.878544906631355]]], ""type"": ""Polygon""}";75;75119;Paris 19e Arrondissement;7512;751197512;Amérique 12;H;48.87928217873538, 2.399709344113615;IRIS____0000000751197512
"{""coordinates"": [[[2.405419679407623, 48.86922549200099], [2.404344603720993, 48.87168252656971], [2.404398475263162, 48.87174035202811], [2.405689869137902, 48.874937603520365], [2.406458903984256, 48.87696491291149], [2.406582644292136, 48.877113915763175], [2.407320229809146, 48.87580005115469], [2.408121019737999, 48.87407999517558], [2.408329230150583, 48.87339393467047], [2.408697804628777, 48.87083085670916], [2.408323404977569, 48.87066622701055], [2.40815466860156, 48.870518801228116], [2.407995305756252, 48.870506321785996], [2.407004142761939, 48.870031962517515], [2.406831569565314, 48.86998254331241], [2.405419679407623, 48.86922549200099]]], ""type"": ""Polygon""}";75;75120;Paris 20e Arrondissement;7809;751207809;Saint-Fargeau 9;H;48.87265033911927, 2.4065700333992996;IRIS____0000000751207809
"{""coordinates"": [[[2.361057893168452, 48.84855560653459], [2.358614111953559, 48.849697304645474], [2.354597116127077, 48.850986064894464], [2.351597982626872, 48.8516146873884], [2.352173091532276, 48.85249107617343], [2.352196915137621, 48.85265758572709], [2.352042053963985, 48.85349404580837], [2.351765917992303, 48.85399978552939], [2.351236052392894, 48.85452393475588], [2.350282054202625, 48.85506916241583], [2.349533077968108, 48.85534748999062], [2.346476434928995, 48.85618971651663], [2.346788831496143, 48.856710348238984], [2.34935244395922, 48.85595177195856], [2.350941215622133, 48.85532635708737], [2.352389817334616, 48.85457155498758], [2.359285883973073, 48.85214085434423], [2.360132817972416, 48.85175686554033], [2.360393494785548, 48.85150374200425], [2.360518693591279, 48.85118514030931], [2.360535902384848, 48.850560180538814], [2.360626325078553, 48.850076810534055], [2.360750525705026, 48.84961700399311], [2.360964217661425, 48.849193649418915], [2.361057893168452, 48.84855560653459]], [[2.353173835569825, 48.853444409409036], [2.353343090548956, 48.85287423455497], [2.353383197730717, 48.852497621884915], [2.354168130572012, 48.85162229234835], [2.355630900700125, 48.85125244986349], [2.356540108963236, 48.85090299698494], [2.358970482074484, 48.85008413887125], [2.360049795917873, 48.850416382724426], [2.360079878103139, 48.851073972251044], [2.35981302191587, 48.851386419545946], [2.359477946485411, 48.851594175874894], [2.357963731740346, 48.852158949029025], [2.354002893669865, 48.85340841734318], [2.353290319428051, 48.85361231880071], [2.353173835569825, 48.853444409409036]]], ""type"": ""Polygon""}";75;75104;Paris 4e Arrondissement;1699;751041699;Seine et Berges 4;D;48.85249587321409, 2.354690615536013;IRIS____0000000751041699
"{""coordinates"": [[[2.379775917060788, 48.90204752681562], [2.380350078692644, 48.902058592479264], [2.382459119845706, 48.898714149696204], [2.382906081291781, 48.89806085344284], [2.383005925213963, 48.89803798568638], [2.383977634860831, 48.89649436724341], [2.38415184859026, 48.896410727572146], [2.384042565436251, 48.89630944216615], [2.384225110636494, 48.89621325480638], [2.384347471652021, 48.89601603438356], [2.387938565734403, 48.89266919707163], [2.386373889819639, 48.8918859765026], [2.386487862366032, 48.89158888575821], [2.386203211347945, 48.891439938611455], [2.38307523656935, 48.88988692538952], [2.382635743979179, 48.890261475818306], [2.383861411003948, 48.89087123289145], [2.385286262523423, 48.89159351524853], [2.38528470558269, 48.892071945199156], [2.385572271051431, 48.89255185877148], [2.384367989570092, 48.89451158300854], [2.383706104269717, 48.89558106365435], [2.383620204337066, 48.89580904793182], [2.383548825232754, 48.895847351127934], [2.383465503603943, 48.89620305139854], [2.383309925786995, 48.896325456641875], [2.382823633085557, 48.89707657802737], [2.382688549547481, 48.89754082775021], [2.381758619246172, 48.89900730924467], [2.380649509491296, 48.900624839218544], [2.380345116629615, 48.90098568768295], [2.380100157939259, 48.90139540576014], [2.380126206833207, 48.90149896146056], [2.379775917060788, 48.90204752681562]]], ""type"": ""Polygon""}";75;75119;Paris 19e Arrondissement;7488;751197488;Canal Saint-Denis;D;48.894788895576525, 2.3844495850572316;IRIS____0000000751197488
"{""coordinates"": [[[2.306404286884797, 48.85410068579017], [2.305447988318348, 48.85427231213614], [2.305807622160315, 48.854489345551066], [2.307641030819356, 48.85569521315879], [2.309960180724663, 48.85727888389078], [2.309533972282797, 48.8539578014511], [2.306404286884797, 48.85410068579017]]], ""type"": ""Polygon""}";75;75107;Paris 7e Arrondissement;2801;751072801;Gros Caillou 1;H;48.855132818449334, 2.308292932433824;IRIS____0000000751072801
"{""coordinates"": [[[2.368229037863571, 48.85694327984872], [2.36783451579174, 48.85856811824061], [2.367612199287384, 48.85947888224859], [2.368541916323989, 48.85957912252029], [2.368657130968081, 48.85940705573549], [2.371899257951376, 48.860236226585876], [2.372043610083812, 48.86024687695205], [2.370940564914427, 48.857793059935744], [2.368856528930018, 48.85712376290967], [2.368229037863571, 48.85694327984872]]], ""type"": ""Polygon""}";75;75111;Paris 11e Arrondissement;4207;751114207;Saint-Ambroise 7;H;48.85864830907404, 2.36966502961694;IRIS____0000000751114207
"{""coordinates"": [[[2.287046997850775, 48.844566980036994], [2.286367162385165, 48.84376248936428], [2.286321791320419, 48.84329454723945], [2.286189136802628, 48.84283237969668], [2.285538947611852, 48.84215397146996], [2.283478003479964, 48.843100372462004], [2.282748401287394, 48.84344225723042], [2.283612318287055, 48.8444313425675], [2.284379868798909, 48.84410496904813], [2.284673665168448, 48.84444129095321], [2.285379427957517, 48.84414871756826], [2.286088026390241, 48.84494169351072], [2.287046997850775, 48.844566980036994]]], ""type"": ""Polygon""}";75;75115;Paris 15e Arrondissement;6017;751156017;Javel 17;H;48.84357064384285, 2.2850099054529114;IRIS____0000000751156017
"{""coordinates"": [[[2.264298657942584, 48.84798984664049], [2.264097005692033, 48.847987707088535], [2.263356274437162, 48.848042506807396], [2.262188460543758, 48.84794357526027], [2.260211495101523, 48.8479196753617], [2.260845102187428, 48.84907657987032], [2.26163988951704, 48.850016827993976], [2.262038943108022, 48.850611072330196], [2.262266142003476, 48.85121594719114], [2.26234209857242, 48.8517227576047], [2.26297232667504, 48.8516798744759], [2.263261716617855, 48.8517428134926], [2.263398787396548, 48.8516869974932], [2.263537578209002, 48.851220182480624], [2.263828973232032, 48.85075520554073], [2.264023049830794, 48.850522564663734], [2.264707574324919, 48.84991430579379], [2.264192894507258, 48.84978612986841], [2.264775458665366, 48.84906302370448], [2.264714858709437, 48.848915155260606], [2.264928556080749, 48.84835346507326], [2.264359699961069, 48.84810624031245], [2.264298657942584, 48.84798984664049]]], ""type"": ""Polygon""}";75;75116;Paris 16e Arrondissement;6120;751166120;Auteuil 20;H;48.84941576140075, 2.262779100585281;IRIS____0000000751166120
"{""coordinates"": [[[2.286222674448747, 48.86625099678703], [2.286468250961382, 48.86623627281441], [2.287683478228746, 48.86708800057716], [2.289813883882471, 48.86910980406469], [2.291512868977213, 48.868883344624905], [2.287579170809924, 48.86345130577586], [2.287245870689378, 48.86350238299973], [2.286938101143589, 48.86348076390615], [2.286222674448747, 48.86625099678703]]], ""type"": ""Polygon""}";75;75116;Paris 16e Arrondissement;6404;751166404;Chaillot 4;H;48.8664418821991, 2.288543665041989;IRIS____0000000751166404
"{""coordinates"": [[[2.295544291092836, 48.88126319517103], [2.296391833554372, 48.88292295723751], [2.298558551115799, 48.88130967237339], [2.299652387819338, 48.88048059251963], [2.298870024360766, 48.880051526069835], [2.297764007845977, 48.879457776069685], [2.296451138504033, 48.88045103055919], [2.295544291092836, 48.88126319517103]]], ""type"": ""Polygon""}";75;75117;Paris 17e Arrondissement;6511;751176511;Ternes 11;H;48.88104929870838, 2.297386501472261;IRIS____0000000751176511
"{""coordinates"": [[[2.304530487801546, 48.8871721924659], [2.304718025918389, 48.88711932176316], [2.304904699355681, 48.8871311975724], [2.307208884250521, 48.88522357991429], [2.307022600748067, 48.88508040738131], [2.304939286273978, 48.88392707774566], [2.303503110507873, 48.88506718007559], [2.303496349557963, 48.88526679259049], [2.303118845465809, 48.88535093187863], [2.30154349045158, 48.88659272335892], [2.302659347082793, 48.88687352351047], [2.304530487801546, 48.8871721924659]]], ""type"": ""Polygon""}";75;75117;Paris 17e Arrondissement;6610;751176610;Plaine Monceau 10;H;48.885732274365104, 2.304538364590812;IRIS____0000000751176610
"{""coordinates"": [[[2.341443412595287, 48.883990438675134], [2.341729818687769, 48.883447918996076], [2.339741304759405, 48.88358176158681], [2.339742606627416, 48.88369418505869], [2.339127258581009, 48.883936307179845], [2.338444416374844, 48.884231113667816], [2.337725798612813, 48.88476494004218], [2.337457050622775, 48.884880366028646], [2.337983896691744, 48.88570166978326], [2.337866978851627, 48.88599510375689], [2.337918112866114, 48.886156366327455], [2.338494740645505, 48.88595900324419], [2.338565482395115, 48.885543004863145], [2.340829418028183, 48.884880094128924], [2.340973595226965, 48.884801746834675], [2.341072956117444, 48.884708763457525], [2.341443412595287, 48.883990438675134]]], ""type"": ""Polygon""}";75;75118;Paris 18e Arrondissement;7004;751187004;Clignancourt 4;H;48.88458021904947, 2.339528048892835;IRIS____0000000751187004
"{""coordinates"": [[[2.341393947321576, 48.88714680998111], [2.34185891051005, 48.88833917594531], [2.342936951153016, 48.88979930602385], [2.344680380683292, 48.88932682191093], [2.348012971212918, 48.888387232813415], [2.347668519384837, 48.88692575015482], [2.347082387640792, 48.887883036163885], [2.345183801664949, 48.88768560835785], [2.345173537053745, 48.8876342906098], [2.344539139920955, 48.88754628277013], [2.343507325023255, 48.88717910052708], [2.343229213376785, 48.887280098641455], [2.342976576672163, 48.88730749108326], [2.342703563054758, 48.88722055659502], [2.342526867893601, 48.887065801531044], [2.342412844911312, 48.88702380631321], [2.342194777023466, 48.88701361520724], [2.341393947321576, 48.88714680998111]]], ""type"": ""Polygon""}";75;75118;Paris 18e Arrondissement;7009;751187009;Clignancourt 9;H;48.888290924866844, 2.3443496626176326;IRIS____0000000751187009
"{""coordinates"": [[[2.391310181451981, 48.87947531864868], [2.392425028442681, 48.8791689146047], [2.392623146016629, 48.87878320830593], [2.393742723331602, 48.87759996918098], [2.393788960961443, 48.877493183016874], [2.392768262469615, 48.877329727773635], [2.392600471492212, 48.87686931848375], [2.390869270814431, 48.87835161216024], [2.391310181451981, 48.87947531864868]]], ""type"": ""Polygon""}";75;75119;Paris 19e Arrondissement;7509;751197509;Amérique 9;H;48.87822626142152, 2.392180371565514;IRIS____0000000751197509
"{""coordinates"": [[[2.332522410349862, 48.87069201592216], [2.334154842936358, 48.87096821235778], [2.336996437232553, 48.8714678311321], [2.336779626833816, 48.86954383824858], [2.332659457141542, 48.87031685523609], [2.332522410349862, 48.87069201592216]]], ""type"": ""Polygon""}";75;75102;Paris 2e Arrondissement;0503;751020503;Gaillon 3;A;48.87051032588163, 2.3352242178896674;IRIS____0000000751020503
"{""coordinates"": [[[2.352196915137621, 48.85265758572709], [2.349175941989934, 48.85360619902952], [2.350282054202625, 48.85506916241583], [2.351236052392894, 48.85452393475588], [2.351765917992303, 48.85399978552939], [2.352042053963985, 48.85349404580837], [2.352196915137621, 48.85265758572709]]], ""type"": ""Polygon""}";75;75104;Paris 4e Arrondissement;1602;751041602;Notre-Dame 2;H;48.85381835829734, 2.3507767425416173;IRIS____0000000751041602
"{""coordinates"": [[[2.292292946367538, 48.827118799412766], [2.292191836480192, 48.82714158492682], [2.292259690050741, 48.82726070475998], [2.292161127580686, 48.82739682727996], [2.292143995788717, 48.82755501684798], [2.292217456807131, 48.82766247790418], [2.292413395204925, 48.82777875804621], [2.292300534702637, 48.82806499249756], [2.292293004228809, 48.83092767088427], [2.295563416803572, 48.82984793848977], [2.30139752335706, 48.828553777984204], [2.302866061073881, 48.82824216854792], [2.304587550274392, 48.8278582631663], [2.301315418488453, 48.8251257608331], [2.296970964406, 48.82608422265273], [2.292292946367538, 48.827118799412766]]], ""type"": ""Polygon""}";75;75115;Paris 15e Arrondissement;5701;751155701;Saint-Lambert 1;H;48.82778720089417, 2.297593721339789;IRIS____0000000751155701
"{""coordinates"": [[[2.312589163433696, 48.84293123225428], [2.313190551548827, 48.842170225111715], [2.312806376710228, 48.841958466402346], [2.309541854639317, 48.83947809825279], [2.308746092449275, 48.83866137172439], [2.306664295736605, 48.841115393256274], [2.307929039491067, 48.84150225016743], [2.312589163433696, 48.84293123225428]]], ""type"": ""Polygon""}";75;75115;Paris 15e Arrondissement;5804;751155804;Necker 4;H;48.84101355988165, 2.309787669299288;IRIS____0000000751155804
"{""coordinates"": [[[2.397079060811191, 48.85299108950569], [2.396012785487526, 48.85433113890084], [2.398669844126095, 48.855085584513105], [2.399442596353639, 48.855322396537346], [2.400637105333197, 48.855624271097945], [2.400740485622769, 48.85552316259113], [2.400877408530245, 48.85546808867103], [2.40105194208619, 48.85546086828582], [2.401210967879583, 48.85549853742826], [2.401477080349513, 48.85523096381348], [2.399930323257634, 48.854036976451184], [2.399444651161781, 48.853725163745764], [2.398467089915238, 48.853405481017546], [2.397173808357269, 48.85304732659128], [2.397079060811191, 48.85299108950569]]], ""type"": ""Polygon""}";75;75120;Paris 20e Arrondissement;8016;751208016;Charonne 16;H;48.85435529105087, 2.398654443943073;IRIS____0000000751208016
"{""coordinates"": [[[2.366927252430261, 48.81724829821878], [2.36420428117288, 48.81639832398714], [2.363328923996345, 48.816148134579045], [2.360678292349533, 48.81607193340795], [2.360525816939211, 48.81606752047994], [2.360378468777388, 48.81608921689305], [2.360207889256328, 48.816561379600635], [2.36003691776729, 48.81728716555512], [2.359505194420751, 48.81899764003965], [2.362022923797809, 48.81926202708311], [2.363273764295258, 48.81955020035489], [2.364739130615731, 48.82000588551363], [2.366927252430261, 48.81724829821878]]], ""type"": ""Polygon""}";75;75113;Paris 13e Arrondissement;5101;751135101;Maison Blanche 1;H;48.817861440489544, 2.363002590512489;IRIS____0000000751135101
"{""coordinates"": [[[2.320033194165155, 48.83163182272101], [2.319301291536066, 48.830511535162294], [2.317813184978519, 48.83180085442597], [2.316180297261201, 48.83300928218634], [2.314972186135517, 48.83371467272677], [2.31595539190578, 48.83426442044075], [2.317159714576957, 48.833432187074024], [2.317073156379583, 48.83338402609231], [2.318590270548683, 48.832277455702155], [2.320033194165155, 48.83163182272101]]], ""type"": ""Polygon""}";75;75114;Paris 14e Arrondissement;5615;751145615;Plaisance 15;H;48.83245592438894, 2.317648512109004;IRIS____0000000751145615
"{""coordinates"": [[[2.285462926939731, 48.8768182708694], [2.283618245332463, 48.87740620719218], [2.283724832274666, 48.877686539999665], [2.283987459312771, 48.878121593242], [2.284138428783266, 48.878248403750355], [2.285148267132045, 48.880571135915865], [2.285286814950076, 48.88070956185934], [2.288393384418162, 48.879985214218166], [2.29071595596527, 48.87945219942579], [2.290979263398433, 48.879040962673415], [2.289587327851017, 48.87852458407448], [2.288320384843241, 48.87804310693891], [2.28815018125312, 48.87812573359476], [2.288008658822323, 48.87810510649676], [2.287887367512574, 48.87800096095303], [2.287895696838573, 48.877890391664984], [2.285599608843125, 48.8769926594855], [2.285462926939731, 48.8768182708694]]], ""type"": ""Polygon""}";75;75117;Paris 17e Arrondissement;6504;751176504;Ternes 4;H;48.8788196228958, 2.2867692782858895;IRIS____0000000751176504
"{""coordinates"": [[[2.324500281294131, 48.89585169391235], [2.322712932858676, 48.89358789559307], [2.320610917313509, 48.89423339421539], [2.321860276779788, 48.89580349860193], [2.322983139721486, 48.89588359615308], [2.324500281294131, 48.89585169391235]]], ""type"": ""Polygon""}";75;75117;Paris 17e Arrondissement;6811;751176811;Épinettes 11;H;48.894874719932965, 2.3225015588639057;IRIS____0000000751176811
"{""coordinates"": [[[2.372341359986538, 48.87614876838918], [2.370575635491561, 48.87773401462413], [2.370290292159463, 48.87799062235578], [2.370679007386802, 48.8783191239165], [2.370723245461924, 48.87804326156363], [2.374250247140198, 48.87841248866242], [2.374073436785447, 48.87769479696252], [2.374079827347687, 48.87738995678273], [2.374144909731753, 48.877193343270854], [2.373806278807457, 48.876780577416945], [2.373211211512271, 48.8764905759892], [2.373111393772803, 48.87651433530473], [2.372822315208191, 48.87674305037495], [2.372141589686493, 48.876433708785], [2.372450276597757, 48.87616193007927], [2.372341359986538, 48.87614876838918]]], ""type"": ""Polygon""}";75;75119;Paris 19e Arrondissement;7610;751197610;Combat 10;H;48.87748995429014, 2.3725360752571443;IRIS____0000000751197610
"{""coordinates"": [[[2.410660653408498, 48.85350573105726], [2.40970310988235, 48.853338228911724], [2.408982384506084, 48.85476103733461], [2.407868116774633, 48.855430938426096], [2.408229868771051, 48.85573940532018], [2.409271396552414, 48.856677173782074], [2.409714999732078, 48.85637898126821], [2.410127597396623, 48.856170568854395], [2.410660653408498, 48.85350573105726]]], ""type"": ""Polygon""}";75;75120;Paris 20e Arrondissement;8010;751208010;Charonne 10;H;48.85505912577392, 2.4095133631798498;IRIS____0000000751208010
"{""coordinates"": [[[2.347329473251235, 48.85718096097124], [2.347573942712776, 48.85735856692166], [2.348223210390838, 48.85851687106066], [2.34959327774872, 48.85805846212478], [2.352386110558266, 48.85728218093486], [2.353717716870589, 48.85695212364874], [2.35300710809706, 48.85556687993126], [2.35260331445759, 48.855267909766], [2.352057909980124, 48.855506883418265], [2.351976531089452, 48.85558468636004], [2.351172606954423, 48.855897801195695], [2.348925891243126, 48.85671210207063], [2.347329473251235, 48.85718096097124]]], ""type"": ""Polygon""}";75;75104;Paris 4e Arrondissement;1304;751041304;Saint-Merri 4;A;48.856932649257615, 2.350660503959319;IRIS____0000000751041304
"{""coordinates"": [[[2.355830240363881, 48.88418382234298], [2.359340232450158, 48.88440950100996], [2.359345706082686, 48.88429711430942], [2.359423006017881, 48.88422108502927], [2.359264727896314, 48.88400709733238], [2.359108418557588, 48.882968435468676], [2.359041559167698, 48.88286105738535], [2.358185093672873, 48.88143193071113], [2.357207790070614, 48.879522803174204], [2.355983100943926, 48.87976263821999], [2.354764455992748, 48.879953929398674], [2.353694420700493, 48.88025572903953], [2.354151046355446, 48.88114853134391], [2.354331706681674, 48.881864473713904], [2.35559859583435, 48.884059367811524], [2.355830240363881, 48.88418382234298]]], ""type"": ""Polygon""}";75;75110;Paris 10e Arrondissement;3712;751103712;Saint-Vincent de Paul 12;A;48.88206905320647, 2.3565945327720437;IRIS____0000000751103712
"{""coordinates"": [[[2.369242206453674, 48.88651074103128], [2.370847578422197, 48.88569720391992], [2.369193003643534, 48.88438087757173], [2.369031107867244, 48.884237031489874], [2.368829257748348, 48.884351980764855], [2.368973699319359, 48.88447325194225], [2.368245595499213, 48.88480306255833], [2.36811591356031, 48.88481406946891], [2.368023320451274, 48.88491520468254], [2.367828851094818, 48.88498342620027], [2.36778045849548, 48.88515044541909], [2.369242206453674, 48.88651074103128]]], ""type"": ""Polygon""}";75;75119;Paris 19e Arrondissement;7318;751197318;Villette 18;A;48.88541190599705, 2.369248456336613;IRIS____0000000751197318
"{""coordinates"": [[[2.316712552321028, 48.84686349107318], [2.313715867497841, 48.84594337804154], [2.311972122446195, 48.847044076016104], [2.311235573297421, 48.84750930524246], [2.31170425542156, 48.84761902664662], [2.312006227196465, 48.85044745565215], [2.312353309375655, 48.850273176374294], [2.313667402906635, 48.84941643640329], [2.313840219431152, 48.84912513537555], [2.313953923348575, 48.849183346513065], [2.315132046689788, 48.849440118415835], [2.316221343794524, 48.84743177967202], [2.316712552321028, 48.84686349107318]]], ""type"": ""Polygon""}";75;75107;Paris 7e Arrondissement;2702;751072702;École Militaire 2;H;48.847929344198, 2.3137975038165037;IRIS____0000000751072702
"{""coordinates"": [[[2.37509243793508, 48.87367740156003], [2.376904765014236, 48.87204825942958], [2.375886726070378, 48.87167602635467], [2.374663502121221, 48.871248752414104], [2.372896637378593, 48.87057040149708], [2.371956110488844, 48.87180205931118], [2.372933053946734, 48.87207518359592], [2.374424863032743, 48.872842928547485], [2.3750178670539, 48.87364283750287], [2.37509243793508, 48.87367740156003]]], ""type"": ""Polygon""}";75;75110;Paris 10e Arrondissement;4001;751104001;Hôpital Saint-Louis 1;H;48.87199901282831, 2.3744248346917796;IRIS____0000000751104001
"{""coordinates"": [[[2.368718249261116, 48.88394759759013], [2.369301392563939, 48.883313047613335], [2.370083654434945, 48.88278746169843], [2.370168080363927, 48.88268448311569], [2.369884750158154, 48.88265960973811], [2.369165374196715, 48.882496640336164], [2.367088639502728, 48.88002511371961], [2.365146153015036, 48.881097622574664], [2.368718249261116, 48.88394759759013]]], ""type"": ""Polygon""}";75;75110;Paris 10e Arrondissement;4011;751104011;Hôpital Saint-Louis 11;H;48.881940836190374, 2.367573101037749;IRIS____0000000751104011
"{""coordinates"": [[[2.344586816272369, 48.819398866537306], [2.344591545649815, 48.819564378702395], [2.343809839510958, 48.82042529634148], [2.342505769343296, 48.82144882327404], [2.342959188509231, 48.82156733559006], [2.343291135148605, 48.821597939236504], [2.346101345170311, 48.822111595965126], [2.346796651590053, 48.82227548564591], [2.34725154046785, 48.82216914471991], [2.349872068503621, 48.82217082941906], [2.350097393811588, 48.82212348778452], [2.3504329522273, 48.822192764477236], [2.352683536226451, 48.82215190536277], [2.352556833105211, 48.82171591995898], [2.352572643735507, 48.82088138134332], [2.350894775886659, 48.82087228499402], [2.345311746885524, 48.81936956078246], [2.345061412162758, 48.819348403475935], [2.344586816272369, 48.819398866537306]]], ""type"": ""Polygon""}";75;75113;Paris 13e Arrondissement;5110;751135110;Maison Blanche 10;H;48.82108713037896, 2.3474878831682426;IRIS____0000000751135110
"{""coordinates"": [[[2.277371989292505, 48.86395220436881], [2.276526690241316, 48.86317815059753], [2.275633173690355, 48.86156020391315], [2.274076080914222, 48.86266956580936], [2.273950422964381, 48.86268768996661], [2.273882038689886, 48.862606333210735], [2.273071822089488, 48.86215623417834], [2.272783247080246, 48.86261584974763], [2.272623868492572, 48.86299890533642], [2.272448735052947, 48.863533855562224], [2.272423009000724, 48.8640094570416], [2.273859664807846, 48.864211543292676], [2.274963579027397, 48.8642281289441], [2.277371989292505, 48.86395220436881]]], ""type"": ""Polygon""}";75;75116;Paris 16e Arrondissement;6209;751166209;Muette 9;H;48.86322968888134, 2.2746948405561023;IRIS____0000000751166209
"{""coordinates"": [[[2.351597982626872, 48.8516146873884], [2.349933698541125, 48.852076019570276], [2.349023837979599, 48.8523633631955], [2.346673612596327, 48.85339920106394], [2.344634297019093, 48.854088645680854], [2.344918495507247, 48.85435641064299], [2.345836666383353, 48.855257189622726], [2.346476434928995, 48.85618971651663], [2.349533077968108, 48.85534748999062], [2.350282054202625, 48.85506916241583], [2.349175941989934, 48.85360619902952], [2.352196915137621, 48.85265758572709], [2.352173091532276, 48.85249107617343], [2.351597982626872, 48.8516146873884]]], ""type"": ""Polygon""}";75;75104;Paris 4e Arrondissement;1603;751041603;Notre-Dame 3;A;48.853978426490336, 2.348301449217017;IRIS____0000000751041603
"{""coordinates"": [[[2.372451617071186, 48.84017902294758], [2.36608772597324, 48.84496784313141], [2.3644554356846, 48.846185908476926], [2.365379762440006, 48.8467088454848], [2.366041558191069, 48.847082889533745], [2.366876572963144, 48.84643527691966], [2.368363752628901, 48.84526857583136], [2.371492039666276, 48.842809114562264], [2.372492936845889, 48.84195278127146], [2.372656489007036, 48.841722503247695], [2.373759343887263, 48.84076866293859], [2.372451617071186, 48.84017902294758]]], ""type"": ""Polygon""}";75;75112;Paris 12e Arrondissement;4899;751124899;Seine et Berges;D;48.843695426838806, 2.36906285056027;IRIS____0000000751124899
"{""coordinates"": [[[2.402315594704845, 48.84284477181133], [2.402339825213677, 48.84334583503757], [2.405271021661577, 48.84296202778885], [2.404696524648475, 48.84088974685405], [2.402301757114098, 48.841081060674085], [2.402315594704845, 48.84284477181133]]], ""type"": ""Polygon""}";75;75112;Paris 12e Arrondissement;4506;751124506;Bel-Air 6;H;48.8421097640135, 2.4036400057462144;IRIS____0000000751124506
"{""coordinates"": [[[2.374100549488138, 48.88837265585101], [2.370847578422197, 48.88569720391992], [2.369242206453674, 48.88651074103128], [2.37013446186973, 48.887380588564845], [2.371265566232746, 48.889253529087874], [2.371447220151226, 48.88923110038662], [2.372577534299786, 48.88891327217672], [2.374100549488138, 48.88837265585101]]], ""type"": ""Polygon""}";75;75119;Paris 19e Arrondissement;7306;751197306;Villette 6;H;48.887558401374896, 2.3715461589966678;IRIS____0000000751197306
"{""coordinates"": [[[2.380067325039471, 48.89304149427563], [2.381722983902039, 48.894312696823974], [2.382755312962015, 48.895131005063995], [2.383548825232754, 48.895847351127934], [2.383620204337066, 48.89580904793182], [2.383706104269717, 48.89558106365435], [2.384367989570092, 48.89451158300854], [2.383565568832528, 48.89385724853451], [2.383234448184528, 48.89371614930567], [2.38307894136251, 48.89360293351756], [2.384114053373634, 48.89303359721291], [2.382398276781145, 48.89165509722858], [2.380067325039471, 48.89304149427563]]], ""type"": ""Polygon""}";75;75119;Paris 19e Arrondissement;7405;751197405;Pont de Flandre 5;H;48.893565594407995, 2.3824699380346943;IRIS____0000000751197405
"{""coordinates"": [[[2.378148691831774, 48.87645427235696], [2.377352283864145, 48.87646721996308], [2.376852403142539, 48.87642504824311], [2.376074914794408, 48.876338259884015], [2.375706764682187, 48.87633993785387], [2.375327071311311, 48.876394615102484], [2.374949316028007, 48.87651495257091], [2.374599433815376, 48.8766983877595], [2.374263260537919, 48.87698891414702], [2.374144909731753, 48.877193343270854], [2.374079827347687, 48.87738995678273], [2.374073436785447, 48.87769479696252], [2.374250247140198, 48.87841248866242], [2.378470090168877, 48.878885036221796], [2.378339522931847, 48.878628948346744], [2.37826549028825, 48.87820587829448], [2.378276966453676, 48.87792984317809], [2.378433852677564, 48.87746570340851], [2.378806460724793, 48.876976602217326], [2.379113634779876, 48.876714691433634], [2.37956394812326, 48.876454421100874], [2.380166514056972, 48.876231810110006], [2.379392108354262, 48.87634381178471], [2.378148691831774, 48.87645427235696]]], ""type"": ""Polygon""}";75;75119;Paris 19e Arrondissement;7609;751197609;Combat 9;H;48.87749625325658, 2.37653593449671;IRIS____0000000751197609
"{""coordinates"": [[[2.338668944584592, 48.86633644197966], [2.341202420510689, 48.86574425589485], [2.340446294578857, 48.864740918828645], [2.339770386093293, 48.863541061564035], [2.338157156657303, 48.86391527269193], [2.339244791200289, 48.8659681931512], [2.338554390577688, 48.866125362299854], [2.338668944584592, 48.86633644197966]]], ""type"": ""Polygon""}";75;75101;Paris 1er Arrondissement;0302;751010302;Palais Royal 2;A;48.86492135937723, 2.3395895294100835;IRIS____0000000751010302
"{""coordinates"": [[[2.324584325774488, 48.86003969181426], [2.325305164582824, 48.86079201778232], [2.32929029412567, 48.859553529793885], [2.328758729688885, 48.85881218192131], [2.324584325774488, 48.86003969181426]]], ""type"": ""Polygon""}";75;75107;Paris 7e Arrondissement;2508;751072508;Saint-Thomas d'Aquin 8;A;48.85980464765265, 2.3269580280882076;IRIS____0000000751072508
"{""coordinates"": [[[2.310441233962838, 48.87757181116328], [2.310691244692598, 48.87753457946199], [2.316297353435521, 48.877783468862084], [2.319009710987573, 48.875564973308556], [2.31876091431978, 48.875614820014746], [2.318350963280148, 48.87558100946869], [2.316351883419489, 48.87539513759043], [2.315791681613924, 48.87527862018343], [2.314506148170518, 48.87567956564457], [2.310441233962838, 48.87757181116328]]], ""type"": ""Polygon""}";75;75108;Paris 8e Arrondissement;3202;751083202;Europe 2;H;48.876634741669406, 2.3151173036452133;IRIS____0000000751083202
"{""coordinates"": [[[2.370359022057563, 48.8275301097709], [2.368525942163669, 48.827272217731704], [2.366491359892924, 48.82700783395005], [2.365373815512013, 48.828845623528096], [2.365323377933557, 48.82896047552447], [2.365365154755947, 48.828997571481594], [2.366757003540581, 48.82857594867877], [2.367253459790525, 48.82830067024659], [2.367354069799373, 48.82831649184438], [2.371385789304215, 48.827668618362395], [2.370359022057563, 48.8275301097709]]], ""type"": ""Polygon""}";75;75113;Paris 13e Arrondissement;5026;751135026;Gare 26;H;48.82783432489781, 2.367658080389979;IRIS____0000000751135026
"{""coordinates"": [[[2.365149111645989, 48.82917629928159], [2.365299011027644, 48.82917169866519], [2.365371849533786, 48.82911902224729], [2.365365154755947, 48.828997571481594], [2.365323377933557, 48.82896047552447], [2.365373815512013, 48.828845623528096], [2.366491359892924, 48.82700783395005], [2.365399316212476, 48.82686264113328], [2.363685848982885, 48.82662959226657], [2.363532727621237, 48.82667554490103], [2.360088824053962, 48.829482098521865], [2.360341690156636, 48.829412400821774], [2.360692523930334, 48.8292406978641], [2.362214053972254, 48.83024802376572], [2.364796354308916, 48.829171728105486], [2.365049157845663, 48.82910651700313], [2.365149111645989, 48.82917629928159]]], ""type"": ""Polygon""}";75;75113;Paris 13e Arrondissement;5027;751135027;Gare 27;H;48.828353052565056, 2.363543926722138;IRIS____0000000751135027
"{""coordinates"": [[[2.306624218230099, 48.83644653148468], [2.305555497912215, 48.83516142387507], [2.305181201936135, 48.83472575228014], [2.302785476257626, 48.83538814005281], [2.300855619337567, 48.835949775892786], [2.299137724772397, 48.83644966664044], [2.300138750409583, 48.83718581809914], [2.301118104431841, 48.83740649409142], [2.301180916090593, 48.83759932657679], [2.301448188558509, 48.837988516757754], [2.302735804481591, 48.83696265166236], [2.302833960489426, 48.8368561985505], [2.303258710663185, 48.836778629341616], [2.306415021447854, 48.83640035003027], [2.306490544741886, 48.8364583477339], [2.306624218230099, 48.83644653148468]]], ""type"": ""Polygon""}";75;75115;Paris 15e Arrondissement;5722;751155722;Saint-Lambert 22;H;48.83622896543313, 2.3029470761305766;IRIS____0000000751155722
"{""coordinates"": [[[2.307817477684345, 48.83769367555879], [2.306900091285562, 48.83844563336566], [2.306259231304784, 48.83909755905829], [2.304978756311315, 48.84061095943101], [2.306664295736605, 48.841115393256274], [2.308746092449275, 48.83866137172439], [2.307817477684345, 48.83769367555879]]], ""type"": ""Polygon""}";75;75115;Paris 15e Arrondissement;5805;751155805;Necker 5;H;48.83951256196091, 2.306961656864242;IRIS____0000000751155805
"{""coordinates"": [[[2.277880093580307, 48.856208221357626], [2.279591750358576, 48.85484161960625], [2.279037072455437, 48.854643117722055], [2.278358555685341, 48.854333245090736], [2.27741728572838, 48.85370880447998], [2.275517458140636, 48.85419826050449], [2.27535142271564, 48.854867278621526], [2.274697084838497, 48.85644438832217], [2.276608781433164, 48.85540101213954], [2.277498468832317, 48.85591362606692], [2.277880093580307, 48.856208221357626]]], ""type"": ""Polygon""}";75;75116;Paris 16e Arrondissement;6203;751166203;Muette 3;H;48.85497334336364, 2.2770638733906745;IRIS____0000000751166203
"{""coordinates"": [[[2.409352137182538, 48.86061580148735], [2.411203190393366, 48.860731045579165], [2.411569599793694, 48.858701231157994], [2.411481843788328, 48.857179108215455], [2.411465416649302, 48.85706481055053], [2.411179968187346, 48.85699685473171], [2.410402390883936, 48.85633650350295], [2.410127597396623, 48.856170568854395], [2.409352137182538, 48.86061580148735]]], ""type"": ""Polygon""}";75;75120;Paris 20e Arrondissement;8020;751208020;Charonne 20;H;48.858740411403765, 2.410545472062071;IRIS____0000000751208020
"{""coordinates"": [[[2.329014397884978, 48.89769729616935], [2.329466545990975, 48.89902272720422], [2.330147116964155, 48.90104370551039], [2.334742913679454, 48.90113856848505], [2.335171130235882, 48.90114724146603], [2.335461468688544, 48.9005229283778], [2.334714590017648, 48.90047291676925], [2.334770191006433, 48.89911075949193], [2.334429502481016, 48.899085484378546], [2.334202134818736, 48.89883870670257], [2.333385864430148, 48.897711815994526], [2.332211766200478, 48.89768728855709], [2.331897016239863, 48.897767371167184], [2.331444046614778, 48.89777653450669], [2.329125763549517, 48.897734792181524], [2.329014397884978, 48.89769729616935]]], ""type"": ""Polygon""}";75;75118;Paris 18e Arrondissement;6929;751186929;Grandes Carrières 29;A;48.8994599624661, 2.3320935465670107;IRIS____0000000751186929
"{""coordinates"": [[[2.347918228212595, 48.87068784517278], [2.352047532032926, 48.86982172168083], [2.351983206689687, 48.86973233873453], [2.349461356431441, 48.86895152099044], [2.34972901579938, 48.86858694345506], [2.347395716170074, 48.867888045970375], [2.347695169251944, 48.868468854736506], [2.347918228212595, 48.87068784517278]]], ""type"": ""Polygon""}";75;75102;Paris 2e Arrondissement;0805;751020805;Bonne Nouvelle 5;H;48.86944638524556, 2.349152500468154;IRIS____0000000751020805
"{""coordinates"": [[[2.381123531616011, 48.861095494711364], [2.382053239328937, 48.86016677870216], [2.38069922313631, 48.859753274947536], [2.381254332531607, 48.85903397136176], [2.38084436968245, 48.85889425090192], [2.380178795981218, 48.85847260907766], [2.379416709202369, 48.85825911146045], [2.376847413080422, 48.85974856838756], [2.378645309114921, 48.860312813480235], [2.381123531616011, 48.861095494711364]]], ""type"": ""Polygon""}";75;75111;Paris 11e Arrondissement;4317;751114317;Roquette 17;H;48.85967974344504, 2.3796405670621223;IRIS____0000000751114317
"{""coordinates"": [[[2.383781818978646, 48.84700649951057], [2.386774405168532, 48.84734114708204], [2.387132395641445, 48.8469112907487], [2.385880911723988, 48.84614851468688], [2.383371114568672, 48.84486391387809], [2.383781818978646, 48.84700649951057]]], ""type"": ""Polygon""}";75;75112;Paris 12e Arrondissement;4620;751124620;Picpus 20;H;48.84638075887103, 2.3849644261547622;IRIS____0000000751124620
"{""coordinates"": [[[2.295087301479307, 48.842895036344785], [2.293005571501262, 48.843676893285625], [2.29463947967619, 48.84557880527211], [2.296221693681495, 48.844960366142644], [2.296902032493154, 48.844628902946766], [2.296451771076443, 48.84426920737797], [2.295773986133571, 48.84360508412936], [2.295087301479307, 48.842895036344785]]], ""type"": ""Polygon""}";75;75115;Paris 15e Arrondissement;5901;751155901;Grenelle 1;H;48.84422774879198, 2.2949110953100025;IRIS____0000000751155901
"{""coordinates"": [[[2.344312723525916, 48.89253089905847], [2.340207117089097, 48.89309650532556], [2.340734897417728, 48.89482341198171], [2.341962977832427, 48.89380943671614], [2.342706283586775, 48.89337914641853], [2.34299149231826, 48.89358305899562], [2.344419171110646, 48.89458373415144], [2.345371587274689, 48.89433533579804], [2.344312723525916, 48.89253089905847]]], ""type"": ""Polygon""}";75;75118;Paris 18e Arrondissement;7022;751187022;Clignancourt 22;H;48.89352837267495, 2.3427848608582975;IRIS____0000000751187022
"{""coordinates"": [[[2.359338723783384, 48.89506197989604], [2.359317834262918, 48.89554030581962], [2.359530029044068, 48.89547668990489], [2.359636694175164, 48.895343261812954], [2.361545561774513, 48.89539662112928], [2.362179272506426, 48.89532805248041], [2.362536105492517, 48.89548193729343], [2.363335062596776, 48.89539625566655], [2.363567840128788, 48.895098919199725], [2.365644594223898, 48.894805968335945], [2.365749407407678, 48.894711195709284], [2.365977709304824, 48.89433199271943], [2.36357119335832, 48.89326252665215], [2.363528881894562, 48.893153484021], [2.359604754755904, 48.89516772382305], [2.359453143125942, 48.89507428310956], [2.359338723783384, 48.89506197989604]]], ""type"": ""Polygon""}";75;75118;Paris 18e Arrondissement;7206;751187206;Chapelle 6;H;48.89452776268756, 2.3629235336478365;IRIS____0000000751187206
"{""coordinates"": [[[2.340845071494255, 48.86091189676878], [2.343980671322331, 48.85989037867111], [2.343212327141845, 48.859101931293715], [2.342671643109269, 48.85841995308013], [2.34247309405207, 48.85849260902901], [2.339860690568445, 48.85899625215788], [2.340845071494255, 48.86091189676878]]], ""type"": ""Polygon""}";75;75101;Paris 1er Arrondissement;0103;751010103;Saint-Germain l'Auxerrois 3;A;48.859602783557975, 2.3418010125947526;IRIS____0000000751010103
"{""coordinates"": [[[2.301662484441652, 48.864195334932994], [2.301737287583633, 48.863496076942155], [2.299222465550164, 48.863283520573155], [2.296870514172012, 48.86261949441181], [2.294864562062728, 48.861875619377464], [2.293689941916093, 48.861246340410425], [2.291838557830339, 48.859968209629415], [2.291215662572836, 48.86036833198824], [2.291747742155963, 48.86073302246797], [2.291818657718074, 48.860830572345456], [2.291774114518664, 48.86089865961848], [2.293269894112597, 48.862066768376444], [2.294025532827251, 48.86253349541154], [2.29637884617477, 48.86329561506039], [2.298916125008466, 48.863864505639164], [2.300930850739201, 48.86416768047241], [2.300884144988763, 48.864296014691625], [2.301175303334416, 48.86433728654699], [2.301213528653392, 48.86423138645611], [2.301398659771062, 48.864250454255206], [2.301533177377724, 48.86418109010012], [2.301662484441652, 48.864195334932994]]], ""type"": ""Polygon""}";75;75116;Paris 16e Arrondissement;6499;751166499;Seine et Berges 3;D;48.86251955163686, 2.296180389837912;IRIS____0000000751166499
"{""coordinates"": [[[2.343082571546486, 48.86528513241342], [2.341202420510689, 48.86574425589485], [2.341451372545319, 48.86600014052741], [2.341440989682442, 48.86606663489159], [2.341258253559507, 48.86628776732804], [2.341018449844045, 48.86638627443719], [2.341896323983404, 48.86843801024406], [2.341881329123523, 48.86854584889402], [2.347320440740974, 48.867367815440396], [2.347160025912115, 48.866353380644235], [2.345052215973917, 48.86670430028185], [2.34427104492171, 48.86670901643399], [2.343986385041373, 48.86733879564227], [2.343865467149204, 48.866765251033435], [2.343082571546486, 48.86528513241342]]], ""type"": ""Polygon""}";75;75102;Paris 2e Arrondissement;0702;751020702;Mail 2;H;48.86702198675453, 2.343640649320024;IRIS____0000000751020702
"{""coordinates"": [[[2.339694669367677, 48.838864094489885], [2.337552480490955, 48.83943054303642], [2.336656991547952, 48.83967110757372], [2.336771393206437, 48.84074558476043], [2.337256165772474, 48.840875082012545], [2.337755934595521, 48.84175473055807], [2.34097485372677, 48.84084616151718], [2.339694669367677, 48.838864094489885]]], ""type"": ""Polygon""}";75;75105;Paris 5e Arrondissement;1903;751051903;Val de Grâce 3;H;48.84030300907306, 2.3387016241348637;IRIS____0000000751051903
"{""coordinates"": [[[2.406296268896808, 48.847454904426925], [2.411068913600706, 48.847046803365934], [2.410767158553957, 48.845774530122256], [2.410317615612648, 48.84431805763486], [2.405742823690529, 48.84472351405217], [2.406296268896808, 48.847454904426925]]], ""type"": ""Polygon""}";75;75112;Paris 12e Arrondissement;4512;751124512;Bel-Air 12;H;48.84589418696835, 2.4083726280547424;IRIS____0000000751124512
"{""coordinates"": [[[2.385912574333361, 48.84265197346853], [2.385344179877231, 48.84324712824281], [2.383371114568672, 48.84486391387809], [2.385880911723988, 48.84614851468688], [2.387132395641445, 48.8469112907487], [2.387453790398355, 48.84658017501534], [2.388353912031366, 48.84581852868905], [2.389935024524506, 48.84450005019922], [2.385912574333361, 48.84265197346853]]], ""type"": ""Polygon""}";75;75112;Paris 12e Arrondissement;4619;751124619;Picpus 19;H;48.84473509612198, 2.386637284315486;IRIS____0000000751124619
"{""coordinates"": [[[2.332474170153048, 48.827647524514], [2.332560563847581, 48.82781529069604], [2.334862978507669, 48.82746926710533], [2.334910941162816, 48.82734002365972], [2.334813216204175, 48.82731249884543], [2.334848816961573, 48.82719128103564], [2.334746030685388, 48.82724017501364], [2.334446162043602, 48.82565470340032], [2.335265738540065, 48.825581016017566], [2.335258561483487, 48.825609756211016], [2.335394936145569, 48.82559702352395], [2.335443420969069, 48.82553343714776], [2.335587784163029, 48.82553513867833], [2.336079828312775, 48.824226577935846], [2.331964057103293, 48.82376565892887], [2.330971302464853, 48.82396246929185], [2.33167468296513, 48.82593873968641], [2.332474170153048, 48.827647524514]]], ""type"": ""Polygon""}";75;75114;Paris 14e Arrondissement;5404;751145404;Parc de Montsouris 4;H;48.82552115411497, 2.3333747423010798;IRIS____0000000751145404
"{""coordinates"": [[[2.307496031726398, 48.88752393174784], [2.309563618593012, 48.88597013718156], [2.307208884250521, 48.88522357991429], [2.304904699355681, 48.8871311975724], [2.304718025918389, 48.88711932176316], [2.304530487801546, 48.8871721924659], [2.304424250806499, 48.88726420643004], [2.304415546646642, 48.88740535079559], [2.304491412292265, 48.88754518775109], [2.304633561975761, 48.887623355796826], [2.303997141729791, 48.889732183594674], [2.303841360441795, 48.889857184038625], [2.304195171894978, 48.89001752236613], [2.307496031726398, 48.88752393174784]]], ""type"": ""Polygon""}";75;75117;Paris 17e Arrondissement;6611;751176611;Plaine Monceau 11;H;48.88727065440537, 2.3064055975583835;IRIS____0000000751176611
"{""coordinates"": [[[2.317189373357817, 48.89024071388662], [2.319545926285373, 48.88899776816167], [2.321056245659167, 48.888114207966815], [2.320193711188951, 48.887640763768566], [2.319369538736749, 48.887154940525825], [2.317259593882593, 48.888421774031016], [2.317968817087746, 48.888937533698034], [2.316682333758613, 48.88969822507248], [2.317189373357817, 48.89024071388662]]], ""type"": ""Polygon""}";75;75117;Paris 17e Arrondissement;6713;751176713;Batignolles 13;H;48.88857863567913, 2.3187906609835958;IRIS____0000000751176713
"{""coordinates"": [[[2.326633338808739, 48.89059277023016], [2.326283724581081, 48.88957546423563], [2.325595877207139, 48.88750763507372], [2.324645318907248, 48.88803557909916], [2.322749154759607, 48.88912564653331], [2.325209307275804, 48.8910290208238], [2.326633338808739, 48.89059277023016]]], ""type"": ""Polygon""}";75;75117;Paris 17e Arrondissement;6801;751176801;Épinettes 1;H;48.88938452995865, 2.324955043827164;IRIS____0000000751176801
"{""coordinates"": [[[2.383028408513118, 48.87346675436694], [2.379834493735429, 48.87285578910707], [2.37884759199913, 48.87261324734575], [2.378738823773745, 48.87293104767768], [2.378606243985806, 48.87307335383559], [2.378363399629173, 48.87354424391859], [2.378387059007904, 48.87373232778345], [2.378270116572019, 48.874049185611156], [2.378326055077787, 48.874274309763635], [2.378210678455333, 48.874459872721395], [2.378922726206753, 48.87465872473268], [2.379564850809584, 48.87477627000613], [2.381133907250157, 48.874680069423555], [2.382177644302507, 48.87404333641757], [2.382874941706307, 48.87376184433584], [2.383028408513118, 48.87346675436694]]], ""type"": ""Polygon""}";75;75119;Paris 19e Arrondissement;7605;751197605;Combat 5;H;48.87378995841365, 2.380245600557207;IRIS____0000000751197605
"{""coordinates"": [[[2.382366809467288, 48.86763383951396], [2.380575885891117, 48.86898078767623], [2.381332389260353, 48.869333643574706], [2.38305784038469, 48.8699460052887], [2.384303719084926, 48.87018984551114], [2.38449291690774, 48.8702151006776], [2.384538805679048, 48.87013889298091], [2.38532350599028, 48.869607819542864], [2.385828681331946, 48.8689646882214], [2.382366809467288, 48.86763383951396]]], ""type"": ""Polygon""}";75;75120;Paris 20e Arrondissement;7707;751207707;Belleville 7;H;48.86899221853074, 2.383249176540459;IRIS____0000000751207707
"{""coordinates"": [[[2.378290113390531, 48.870774807326946], [2.376904765014236, 48.87204825942958], [2.37884759199913, 48.87261324734575], [2.379834493735429, 48.87285578910707], [2.381067173701594, 48.87157611895271], [2.378290113390531, 48.870774807326946]]], ""type"": ""Polygon""}";75;75120;Paris 20e Arrondissement;7709;751207709;Belleville 9;H;48.87182312186427, 2.379009677813782;IRIS____0000000751207709
"{""coordinates"": [[[2.398755968948561, 48.85033834800869], [2.398394619444394, 48.8513015359851], [2.399538003488761, 48.85153751341263], [2.404009957371654, 48.852316225868314], [2.404292249569254, 48.851226719603304], [2.4018112992578, 48.850930146797516], [2.400718068937876, 48.85071782530626], [2.400429842224438, 48.85136931037841], [2.39923201019382, 48.85053679795501], [2.399101405785528, 48.85039944061056], [2.39890254732522, 48.85039034756056], [2.398755968948561, 48.85033834800869]]], ""type"": ""Polygon""}";75;75120;Paris 20e Arrondissement;8005;751208005;Charonne 5;H;48.851392532096796, 2.401542899205503;IRIS____0000000751208005
"{""coordinates"": [[[2.359778751949743, 48.86260562919108], [2.358185780973168, 48.86123908390814], [2.357502101993008, 48.86163472529928], [2.356926323704208, 48.86190143667442], [2.355844355687737, 48.86231741125271], [2.354297676479053, 48.86272367482045], [2.355157799621591, 48.86426439420452], [2.356733430202267, 48.86383489252408], [2.358250912438201, 48.86336548709481], [2.358697403717627, 48.8631934075199], [2.359778751949743, 48.86260562919108]]], ""type"": ""Polygon""}";75;75103;Paris 3e Arrondissement;1201;751031201;Sainte-Avoye 1;H;48.862810358438594, 2.356978661628743;IRIS____0000000751031201
"{""coordinates"": [[[2.383633346303203, 48.85852282877561], [2.385619938813296, 48.856611139355245], [2.387117621901007, 48.85511960543138], [2.385327676682735, 48.85469762264105], [2.38039420719264, 48.85766521130861], [2.38047580254254, 48.85779513983363], [2.381077338571579, 48.85787020037088], [2.383633346303203, 48.85852282877561]]], ""type"": ""Polygon""}";75;75111;Paris 11e Arrondissement;4305;751114305;Roquette 5;H;48.85667114021691, 2.383898465135104;IRIS____0000000751114305
"{""coordinates"": [[[2.367299044707828, 48.82084059108198], [2.364739130615731, 48.82000588551363], [2.363324937964329, 48.82182859994813], [2.363153433085811, 48.82204263803201], [2.365686225577288, 48.823321523960956], [2.366341281108117, 48.822993126825736], [2.367482898890101, 48.822413676332374], [2.366556738164843, 48.822187526967234], [2.367299044707828, 48.82084059108198]]], ""type"": ""Polygon""}";75;75113;Paris 13e Arrondissement;5003;751135003;Gare 3;H;48.82167426782416, 2.3653688767198466;IRIS____0000000751135003
"{""coordinates"": [[[2.345521063609997, 48.837632504590125], [2.347007359776022, 48.83731595609234], [2.349069026043048, 48.83707267227053], [2.351870772035156, 48.83680458562331], [2.351423387881988, 48.83662678401619], [2.349718667971721, 48.836108486304795], [2.348314170990857, 48.835661950713686], [2.3462608067458, 48.83503018110158], [2.34596585678506, 48.834649934181996], [2.345686091829942, 48.834471228268384], [2.345470768507864, 48.83436842138167], [2.344849273518455, 48.834172553624974], [2.345521063609997, 48.837632504590125]]], ""type"": ""Polygon""}";75;75113;Paris 13e Arrondissement;5207;751135207;Croulebarbe 7;H;48.836225901009975, 2.3473333210709093;IRIS____0000000751135207
"{""coordinates"": [[[2.297501223263732, 48.870938572106695], [2.298906435388405, 48.86853476596776], [2.297619062697003, 48.86745699494891], [2.296656577250507, 48.86655199463225], [2.296012477455542, 48.865794553415434], [2.295787739288439, 48.8656799132704], [2.294128679084379, 48.864880510784], [2.294014973351306, 48.86492210955715], [2.293855581996553, 48.864914873770736], [2.293631788639759, 48.86483171226837], [2.293587905610028, 48.86475051173656], [2.290469331971723, 48.863926245392456], [2.290322239066214, 48.864017107071454], [2.292657817185421, 48.865684839058765], [2.295118866003599, 48.86735955651684], [2.295560106466161, 48.86789636688587], [2.295726387838315, 48.86820132485305], [2.295736813039051, 48.86954770822174], [2.29617100050129, 48.86980117970457], [2.297501223263732, 48.870938572106695]]], ""type"": ""Polygon""}";75;75116;Paris 16e Arrondissement;6402;751166402;Chaillot 2;H;48.867283761820346, 2.2956065981875455;IRIS____0000000751166402
"{""coordinates"": [[[2.304536942197272, 48.882196220876644], [2.302954071371843, 48.881767925369594], [2.303952404870802, 48.88093825083999], [2.302196663476955, 48.8800835531007], [2.300705544724492, 48.88156145567126], [2.301623704716739, 48.88203536896963], [2.303003869007504, 48.882835725969414], [2.304536942197272, 48.882196220876644]]], ""type"": ""Polygon""}";75;75117;Paris 17e Arrondissement;6605;751176605;Plaine Monceau 5;H;48.88149210499657, 2.3025305157349947;IRIS____0000000751176605
"{""coordinates"": [[[2.309563618593012, 48.88597013718156], [2.312636903775736, 48.88693841237079], [2.313929495943267, 48.88612743508059], [2.314009035306504, 48.88609371624574], [2.314093140593374, 48.886127473325914], [2.314209544581412, 48.886090368214546], [2.315485546026093, 48.884878176876896], [2.313656051163419, 48.88380109524854], [2.310882630543066, 48.885122471672844], [2.310734065119798, 48.885013696659755], [2.310323901867206, 48.885402544096834], [2.309563618593012, 48.88597013718156]]], ""type"": ""Polygon""}";75;75117;Paris 17e Arrondissement;6710;751176710;Batignolles 10;H;48.885426109518704, 2.3127086955085603;IRIS____0000000751176710
"{""coordinates"": [[[2.328293236097557, 48.89555197070422], [2.328992045900743, 48.89763241990423], [2.329014397884978, 48.89769729616935], [2.329125763549517, 48.897734792181524], [2.331444046614778, 48.89777653450669], [2.331897016239863, 48.897767371167184], [2.332211766200478, 48.89768728855709], [2.333385864430148, 48.897711815994526], [2.334037745859674, 48.897720838652596], [2.333994496854079, 48.89758300227804], [2.332974623410611, 48.89606107243005], [2.331033073476502, 48.89579123808643], [2.32979097922808, 48.89564849567032], [2.328293236097557, 48.89555197070422]]], ""type"": ""Polygon""}";75;75118;Paris 18e Arrondissement;6924;751186924;Grandes Carrières 24;H;48.896766577351116, 2.330970806489151;IRIS____0000000751186924
"{""coordinates"": [[[2.336996437232553, 48.8714678311321], [2.337122942617793, 48.87149011595013], [2.340041163195276, 48.87197209941964], [2.343050733348993, 48.87148502459552], [2.342631945605392, 48.87020835989357], [2.341881329123523, 48.86854584889402], [2.336779626833816, 48.86954383824858], [2.336996437232553, 48.8714678311321]]], ""type"": ""Polygon""}";75;75102;Paris 2e Arrondissement;0602;751020602;Vivienne 2;A;48.870397560175235, 2.3399242283149686;IRIS____0000000751020602
"{""coordinates"": [[[2.245514981559115, 48.84685567908157], [2.242362313011173, 48.84765777951164], [2.241956924168444, 48.847984380843975], [2.240499842470815, 48.84931609894749], [2.239770051491471, 48.849832198209576], [2.239179626559883, 48.85004249474416], [2.237778292862653, 48.85034925364772], [2.226594150345919, 48.85281189993373], [2.224219105880447, 48.85351691754841], [2.224407449942075, 48.85615417945289], [2.225670292256979, 48.85940456238791], [2.227181294011469, 48.86238491776157], [2.228248359287424, 48.86516182651197], [2.229615132438551, 48.86685422675553], [2.231887420843955, 48.86622039610265], [2.232823802909863, 48.86585946487335], [2.233372747027018, 48.86561026338172], [2.23577542795679, 48.864351241900565], [2.23586717709639, 48.86413688145991], [2.236479464725529, 48.863934836529964], [2.236993900768341, 48.863712378792165], [2.237258205229996, 48.863535990854345], [2.237563916897985, 48.86323125801165], [2.238228775522986, 48.862322643733336], [2.239744212371298, 48.86122427089672], [2.240759631476477, 48.860574185314256], [2.242005276229948, 48.85983741214158], [2.243211105130076, 48.8592118945999], [2.244169728143889, 48.85880694561576], [2.245387086234557, 48.858417111178575], [2.246107986670096, 48.858237286128016], [2.247399480560434, 48.857997192105934], [2.24845750026865, 48.857878830481155], [2.249883890583766, 48.85782932190883], [2.252825764884465, 48.85797993289341], [2.257478851178914, 48.85846756918269], [2.25878801637461, 48.85841902573782], [2.260306384732779, 48.85841942734806], [2.261219855679922, 48.85830455626079], [2.263008187497581, 48.85781643939175], [2.262675528784045, 48.857245095662236], [2.262574100863501, 48.856803784359926], [2.262572722433124, 48.85651598064174], [2.258449719988075, 48.85010682076561], [2.258046906955663, 48.84930118948932], [2.25787359907488, 48.848648073693816], [2.257395222329861, 48.84846073514223], [2.257345784264193, 48.84820051110454], [2.257119450751093, 48.84820899899778], [2.257019761300403, 48.847841437957754], [2.257095883531198, 48.84775916882329], [2.257065390033856, 48.847699621189406], [2.257157106745994, 48.84767051155319], [2.256968174090241, 48.847445395679166], [2.256549949635056, 48.84695893733556], [2.256178127119736, 48.845990703890436], [2.255873395884249, 48.84538263371415], [2.252477551164904, 48.845485576360986], [2.250515688787809, 48.84555514447556], [2.245514981559115, 48.84685567908157]]], ""type"": ""Polygon""}";75;75116;Paris 16e Arrondissement;6177;751166177;Bois de Boulogne 1;D;48.8550694000388, 2.242467466517941;IRIS____0000000751166177
"{""coordinates"": [[[2.329574854219896, 48.841994259476934], [2.324641767064501, 48.84362134267156], [2.324298358087334, 48.84372912594842], [2.324173954861266, 48.84418080334873], [2.325614154392971, 48.84566118814232], [2.326857913979301, 48.84695338092175], [2.327918332944669, 48.84809613470846], [2.328124944017282, 48.84739669324167], [2.328644226905967, 48.845590992185166], [2.328452918789027, 48.84552696310511], [2.329363592327736, 48.84242297176526], [2.329574854219896, 48.841994259476934]]], ""type"": ""Polygon""}";75;75106;Paris 6e Arrondissement;2305;751062305;Notre-Dame des Champs 5;H;48.84467498652515, 2.327099321713948;IRIS____0000000751062305
"{""coordinates"": [[[2.32044880312552, 48.88209693563314], [2.320493681357567, 48.88210618368964], [2.324273217775089, 48.88287042423978], [2.324768972188438, 48.88070852601881], [2.324932180557051, 48.88063570101632], [2.324922240780162, 48.880455778109216], [2.325500631334763, 48.87938433314838], [2.323501768733678, 48.879063683164], [2.323454968430309, 48.87909759344616], [2.323322646194269, 48.879102241598915], [2.323217327490231, 48.87902250471334], [2.322298415945034, 48.87880506307381], [2.322235002454951, 48.87875344192396], [2.32044880312552, 48.88209693563314]]], ""type"": ""Polygon""}";75;75108;Paris 8e Arrondissement;3206;751083206;Europe 6;H;48.880837754490294, 2.3230308574534373;IRIS____0000000751083206
"{""coordinates"": [[[2.378645309114921, 48.860312813480235], [2.376847413080422, 48.85974856838756], [2.374764639068146, 48.86100578259674], [2.375031933557569, 48.861107905482726], [2.374441168290868, 48.86172266903628], [2.376485763911548, 48.86263358279005], [2.37698550727793, 48.86199225491517], [2.378645309114921, 48.860312813480235]]], ""type"": ""Polygon""}";75;75111;Paris 11e Arrondissement;4205;751114205;Saint-Ambroise 5;H;48.86110998565866, 2.3764853732610227;IRIS____0000000751114205
"{""coordinates"": [[[2.369904262246926, 48.828640238442304], [2.368790695292898, 48.82948157460132], [2.368882483238519, 48.82966373203132], [2.369294656078823, 48.829711774302496], [2.368214456692495, 48.83049482132711], [2.368125665627689, 48.83051503778036], [2.367850892037422, 48.83036968643391], [2.367671665594188, 48.830321072326775], [2.366367022663958, 48.831298078956515], [2.366545788462931, 48.831496887339306], [2.367661409860491, 48.832177318157015], [2.371565400307206, 48.82960591006374], [2.369904262246926, 48.828640238442304]]], ""type"": ""Polygon""}";75;75113;Paris 13e Arrondissement;5024;751135024;Gare 24;H;48.83043846733392, 2.368961200241488;IRIS____0000000751135024
"{""coordinates"": [[[2.365299011027644, 48.82917169866519], [2.365149111645989, 48.82917629928159], [2.363875364181231, 48.831192217316726], [2.363677050117795, 48.83159138221554], [2.364113714148947, 48.83130770485218], [2.365091787250142, 48.83086321572447], [2.366012584368679, 48.8305344337605], [2.366367022663958, 48.831298078956515], [2.367671665594188, 48.830321072326775], [2.367538841656067, 48.83015308699549], [2.367196138951924, 48.829992984895924], [2.365575280631409, 48.829416894315706], [2.365419548901539, 48.82945294234904], [2.365299011027644, 48.82917169866519]]], ""type"": ""Polygon""}";75;75113;Paris 13e Arrondissement;5030;751135030;Gare 30;H;48.83032524617859, 2.3657084511222757;IRIS____0000000751135030
"{""coordinates"": [[[2.348503017659699, 48.82992679305772], [2.349249486225979, 48.82971141002398], [2.35000495068944, 48.82964806527949], [2.352592803347363, 48.83044635478153], [2.352371556596598, 48.830053030570845], [2.351088190277999, 48.82907924815571], [2.349412718127939, 48.827656329289496], [2.349012962128545, 48.82759839269229], [2.348732244462202, 48.82738910869325], [2.347272796269908, 48.82786951258897], [2.347657832014971, 48.82877728346341], [2.348503017659699, 48.82992679305772]]], ""type"": ""Polygon""}";75;75113;Paris 13e Arrondissement;5121;751135121;Maison Blanche 21;H;48.828873493111914, 2.349460221879322;IRIS____0000000751135121
"{""coordinates"": [[[2.326854569661756, 48.83497470355675], [2.327631253709622, 48.836020543175465], [2.331952165687977, 48.834473554077114], [2.332239959291349, 48.834447280642415], [2.332627719106447, 48.83448721840909], [2.331518616659901, 48.83322370354495], [2.330544969672668, 48.833615780207545], [2.326854569661756, 48.83497470355675]]], ""type"": ""Polygon""}";75;75114;Paris 14e Arrondissement;5303;751145303;Montparnasse 3;H;48.83462600034807, 2.329663287349321;IRIS____0000000751145303
"{""coordinates"": [[[2.311972122446195, 48.847044076016104], [2.313715867497841, 48.84594337804154], [2.316712552321028, 48.84686349107318], [2.316982623504709, 48.84663569578156], [2.319142060375021, 48.84551930427191], [2.320120502008693, 48.84509677174833], [2.318827026315493, 48.84470538557875], [2.317824721147548, 48.844452349246254], [2.317081392456234, 48.844297914421205], [2.312589163433696, 48.84293123225428], [2.310884887003179, 48.8450718095077], [2.311791507657064, 48.84534593830952], [2.311972122446195, 48.847044076016104]]], ""type"": ""Polygon""}";75;75115;Paris 15e Arrondissement;5814;751155814;Necker 14;H;48.845052405425456, 2.31489364839286;IRIS____0000000751155814
"{""coordinates"": [[[2.275450775788483, 48.861247922956395], [2.275633173690355, 48.86156020391315], [2.276526690241316, 48.86317815059753], [2.277371989292505, 48.86395220436881], [2.278861049238432, 48.86381639038467], [2.28156570156823, 48.863505292790045], [2.280971420657105, 48.862811020798006], [2.279310158549797, 48.861208272305376], [2.278338979918758, 48.86174922727811], [2.277041219337135, 48.86057852853679], [2.275450775788483, 48.861247922956395]]], ""type"": ""Polygon""}";75;75116;Paris 16e Arrondissement;6218;751166218;Muette 18;H;48.86247174044531, 2.278248638559257;IRIS____0000000751166218
"{""coordinates"": [[[2.287203460504203, 48.87626565962213], [2.288939867143469, 48.87571299849775], [2.294248654029473, 48.87403566518709], [2.294153020019566, 48.873848937357636], [2.294162796152447, 48.87373118108801], [2.29247875335417, 48.87354946457891], [2.291423669698328, 48.87293526738996], [2.287222724804209, 48.8724669490372], [2.284692009848246, 48.872192841196366], [2.284526978165358, 48.872892444525306], [2.283966396279463, 48.875091585349814], [2.287040665487464, 48.87600657909584], [2.287203460504203, 48.87626565962213]]], ""type"": ""Polygon""}";75;75116;Paris 16e Arrondissement;6407;751166407;Chaillot 7;H;48.874099230525886, 2.2881899185507915;IRIS____0000000751166407
"{""coordinates"": [[[2.351983536160429, 48.90148489870388], [2.358702843883925, 48.901618190998576], [2.358771575217329, 48.90068956743749], [2.359108968513678, 48.899543847387534], [2.359105002698788, 48.89920118691346], [2.359014373400118, 48.8986961856306], [2.359096014913042, 48.89782608414984], [2.359167957114923, 48.89774373197164], [2.359317834262918, 48.89554030581962], [2.359338723783384, 48.89506197989604], [2.359777399771881, 48.892219775914725], [2.359865298142864, 48.89083888724711], [2.359897064492201, 48.89025179927595], [2.356343015337533, 48.89035865310572], [2.355803643593266, 48.890412409965556], [2.353199548367455, 48.89089749654585], [2.35163297670859, 48.89118849905594], [2.351680703136595, 48.891408192261736], [2.35261089831294, 48.89315880894264], [2.35287447067146, 48.89422862675915], [2.352909865219315, 48.89511195032028], [2.352872350056534, 48.896154957959126], [2.352480838184435, 48.89835257349593], [2.351983536160429, 48.90148489870388]]], ""type"": ""Polygon""}";75;75118;Paris 18e Arrondissement;7110;751187110;Goutte d'Or 10;H;48.895879039780674, 2.355946923662211;IRIS____0000000751187110
"{""coordinates"": [[[2.402261946337978, 48.86724381291822], [2.40357915703031, 48.867807973374134], [2.403449933991261, 48.86802137167346], [2.404247854336167, 48.86857933755237], [2.405419679407623, 48.86922549200099], [2.405500254252798, 48.86897407808554], [2.405709143644482, 48.86751279360032], [2.406320308386401, 48.866397050293685], [2.405913316696164, 48.86610544378764], [2.404637454149556, 48.86466825503547], [2.404139752967521, 48.864681966279385], [2.402261946337978, 48.86724381291822]]], ""type"": ""Polygon""}";75;75120;Paris 20e Arrondissement;7806;751207806;Saint-Fargeau 6;H;48.8668566022726, 2.4044616275366066;IRIS____0000000751207806
"{""coordinates"": [[[2.394589572838516, 48.86996441783685], [2.394800957780773, 48.869605752183865], [2.396395315363083, 48.86754532687433], [2.395136806099618, 48.86639411504079], [2.394320466841067, 48.865790127118245], [2.392959107005443, 48.86668796571571], [2.392477811254335, 48.867864556893956], [2.393210825672544, 48.868015766778875], [2.394526517220333, 48.86846940062606], [2.393995809112611, 48.868856127962516], [2.393175253810518, 48.86954805765831], [2.394437745928335, 48.870007717291955], [2.394589572838516, 48.86996441783685]]], ""type"": ""Polygon""}";75;75120;Paris 20e Arrondissement;7912;751207912;Père Lachaise 12;H;48.86775732787245, 2.394430784858325;IRIS____0000000751207912
"{""coordinates"": [[[2.398669844126095, 48.855085584513105], [2.398055579112765, 48.8555231765803], [2.397878810600218, 48.85572374113679], [2.397128579397311, 48.85683875180751], [2.397817955136182, 48.85697982301769], [2.39885142576426, 48.85730248862434], [2.399341796847571, 48.85756396278764], [2.400804828808559, 48.85597225920238], [2.400638493845277, 48.85585900775182], [2.400637105333197, 48.855624271097945], [2.399442596353639, 48.855322396537346], [2.398669844126095, 48.855085584513105]]], ""type"": ""Polygon""}";75;75120;Paris 20e Arrondissement;8025;751208025;Charonne 25;H;48.85627087854406, 2.3989990047279157;IRIS____0000000751208025
"{""coordinates"": [[[2.37698550727793, 48.86199225491517], [2.379307603204893, 48.86307004344441], [2.381123531616011, 48.861095494711364], [2.378645309114921, 48.860312813480235], [2.37698550727793, 48.86199225491517]]], ""type"": ""Polygon""}";75;75111;Paris 11e Arrondissement;4204;751114204;Saint-Ambroise 4;H;48.86163445022947, 2.379038440549299;IRIS____0000000751114204
"{""coordinates"": [[[2.381945443159235, 48.882236841264316], [2.3815063665913, 48.88200704388179], [2.380884316497096, 48.881569453284534], [2.377910877477766, 48.881068402390525], [2.375762400662468, 48.88022983618429], [2.375697860063861, 48.88015395593431], [2.374394891737162, 48.87965162326861], [2.374289396178209, 48.88014750220122], [2.374050635069351, 48.88061300625249], [2.373632300938161, 48.88104339576627], [2.373221124162103, 48.881218411691435], [2.374209503438867, 48.88203028001404], [2.37566620790366, 48.88279422017029], [2.380341910539156, 48.88257569300011], [2.381701791751513, 48.882544951861895], [2.381945443159235, 48.882236841264316]]], ""type"": ""Polygon""}";75;75119;Paris 19e Arrondissement;7613;751197613;Combat 13;H;48.881621183320625, 2.3770319098147548;IRIS____0000000751197613
"{""coordinates"": [[[2.394589572838516, 48.86996441783685], [2.394437745928335, 48.870007717291955], [2.392278202609563, 48.87165334905966], [2.394208089936547, 48.87275762207171], [2.394793882799594, 48.872678745848084], [2.396105086800405, 48.872590038675995], [2.395358096967792, 48.870700362143104], [2.395751001263628, 48.87008899906956], [2.394589572838516, 48.86996441783685]]], ""type"": ""Polygon""}";75;75120;Paris 20e Arrondissement;7701;751207701;Belleville 1;H;48.87147213131377, 2.394416785835297;IRIS____0000000751207701
"{""coordinates"": [[[2.361500301513613, 48.88440665064679], [2.364713572113417, 48.88436618656631], [2.367546742687418, 48.884183333992574], [2.367231906251648, 48.88394514737193], [2.366997431911758, 48.88382699534439], [2.363476233607797, 48.8821760453846], [2.363355980554886, 48.88208547304841], [2.361652348289712, 48.88301620063051], [2.361500301513613, 48.88440665064679]]], ""type"": ""Polygon""}";75;75110;Paris 10e Arrondissement;3709;751103709;Saint-Vincent de Paul 9;H;48.88353064159683, 2.3639207883429827;IRIS____0000000751103709
"{""coordinates"": [[[2.394908266072776, 48.8336097576286], [2.396799708049057, 48.83462300313173], [2.397716294054253, 48.8341752414597], [2.398182566725453, 48.83390867825068], [2.399216578589004, 48.83308106399352], [2.399923697264006, 48.83260075485792], [2.397794614081284, 48.831759039052116], [2.394908266072776, 48.8336097576286]]], ""type"": ""Polygon""}";75;75112;Paris 12e Arrondissement;4603;751124603;Picpus 3;H;48.83318111431134, 2.3973960853958287;IRIS____0000000751124603
"{""coordinates"": [[[2.312900037568412, 48.83485398425226], [2.312769261334383, 48.83474980508804], [2.310667722025074, 48.83305678287722], [2.307135337599138, 48.83017815621568], [2.306931640548025, 48.829822621434054], [2.304587550274392, 48.8278582631663], [2.302866061073881, 48.82824216854792], [2.30324998628489, 48.82846205555149], [2.303930264732208, 48.828727736017775], [2.304656587339264, 48.82921852471114], [2.305854720567666, 48.830186019791284], [2.306836825732683, 48.831318634505784], [2.307409464314496, 48.83200008115328], [2.308376790229764, 48.83281421685468], [2.309152846264511, 48.83356878003995], [2.311284108390557, 48.83569099992344], [2.312219147237678, 48.83514146758646], [2.312900037568412, 48.83485398425226]]], ""type"": ""Polygon""}";75;75115;Paris 15e Arrondissement;5702;751155702;Saint-Lambert 2;H;48.83192019452453, 2.308340250350181;IRIS____0000000751155702
"{""coordinates"": [[[2.270190724822141, 48.84849989938226], [2.269134567334944, 48.847531130182226], [2.268132861856877, 48.84753939653118], [2.266845910461357, 48.84748205177966], [2.266306586651004, 48.8475569904984], [2.265133287022167, 48.84784747992577], [2.264298657942584, 48.84798984664049], [2.264359699961069, 48.84810624031245], [2.264928556080749, 48.84835346507326], [2.266034994829953, 48.84884411690473], [2.266244264141074, 48.848983003506994], [2.266571594161469, 48.84906055726733], [2.267888312765771, 48.8496208320672], [2.268622147006733, 48.84967028845376], [2.270190724822141, 48.84849989938226]]], ""type"": ""Polygon""}";75;75116;Paris 16e Arrondissement;6118;751166118;Auteuil 18;H;48.84842129590278, 2.267579674278975;IRIS____0000000751166118
"{""coordinates"": [[[2.286247052525839, 48.8840716149476], [2.287486651347012, 48.88307264188502], [2.286167280371848, 48.88223109780853], [2.286036433649752, 48.88222672023274], [2.285595682864928, 48.88195069257816], [2.285558936156576, 48.881846150190746], [2.284394893970828, 48.881117030017656], [2.284417347794841, 48.880971471481324], [2.284302812521025, 48.88087185964618], [2.283997629386336, 48.88115062830081], [2.283345101047087, 48.88189767094784], [2.28390113091185, 48.88221846406618], [2.284127453291696, 48.88271715081406], [2.286247052525839, 48.8840716149476]]], ""type"": ""Polygon""}";75;75117;Paris 17e Arrondissement;6506;751176506;Ternes 6;H;48.88255799771313, 2.285343843126512;IRIS____0000000751176506
"{""coordinates"": [[[2.307496031726398, 48.88752393174784], [2.304195171894978, 48.89001752236613], [2.304607156724893, 48.890213271271115], [2.310216960767428, 48.88832834973232], [2.311195867194287, 48.88783395780326], [2.310347676376551, 48.88782907544527], [2.309174742469526, 48.88773417956643], [2.307496031726398, 48.88752393174784]]], ""type"": ""Polygon""}";75;75117;Paris 17e Arrondissement;6716;751176716;Batignolles 16;H;48.88865592179572, 2.3074888088422902;IRIS____0000000751176716
"{""coordinates"": [[[2.334953772079551, 48.89168068828455], [2.336378560901363, 48.89364102361873], [2.340207117089097, 48.89309650532556], [2.339639410853863, 48.891186810466074], [2.334953772079551, 48.89168068828455]]], ""type"": ""Polygon""}";75;75118;Paris 18e Arrondissement;6918;751186918;Grandes Carrières 18;H;48.89237490406435, 2.3377526989910673;IRIS____0000000751186918
"{""coordinates"": [[[2.380575885891117, 48.86898078767623], [2.379195650384537, 48.870062735353955], [2.378290113390531, 48.870774807326946], [2.381067173701594, 48.87157611895271], [2.381482619112556, 48.870918153346594], [2.382126461291367, 48.87100241890219], [2.382921653937748, 48.87143010852825], [2.383379271691892, 48.87100798000692], [2.384015313629876, 48.87059935867905], [2.384303719084926, 48.87018984551114], [2.38305784038469, 48.8699460052887], [2.381332389260353, 48.869333643574706], [2.380575885891117, 48.86898078767623]]], ""type"": ""Polygon""}";75;75120;Paris 20e Arrondissement;7708;751207708;Belleville 8;H;48.870381126797646, 2.3812339097561717;IRIS____0000000751207708
"{""coordinates"": [[[2.35729874083073, 48.87491510441117], [2.357146086163084, 48.874690350067326], [2.356921750111235, 48.8746396816222], [2.357087521212046, 48.87457492052576], [2.357124210450315, 48.87447439192251], [2.355905648706567, 48.872243780502124], [2.354557414017715, 48.872785114348964], [2.354396114240612, 48.8728193186646], [2.356247439355908, 48.87569637399853], [2.35604784271356, 48.87584998612053], [2.356200455489989, 48.875967720544175], [2.355960586568175, 48.876180472001515], [2.355675430595575, 48.87652698007375], [2.355865115783879, 48.876513611528644], [2.356100388014313, 48.87656254198519], [2.356242070376606, 48.876461679176764], [2.357505607809469, 48.87627151310601], [2.35786625420636, 48.87621499144379], [2.357485202610192, 48.87516252335926], [2.35729874083073, 48.87491510441117]]], ""type"": ""Polygon""}";75;75110;Paris 10e Arrondissement;3801;751103801;Porte Saint-Denis 1;H;48.874427462595776, 2.3561996940137764;IRIS____0000000751103801
"{""coordinates"": [[[2.313190551548827, 48.842170225111715], [2.312589163433696, 48.84293123225428], [2.317081392456234, 48.844297914421205], [2.317824721147548, 48.844452349246254], [2.316656641636476, 48.84312541511875], [2.31622199919984, 48.84270832399419], [2.315954401748508, 48.8425413108113], [2.314927004013558, 48.84202459154652], [2.313892280714949, 48.84144486539215], [2.313190551548827, 48.842170225111715]]], ""type"": ""Polygon""}";75;75115;Paris 15e Arrondissement;5815;751155815;Necker 15;H;48.84295460280127, 2.3150020883912683;IRIS____0000000751155815
"{""coordinates"": [[[2.286590884339555, 48.86205951620901], [2.286802393022545, 48.862341375028905], [2.28682262494913, 48.8624566127674], [2.287403125588103, 48.86276854867658], [2.291215662572836, 48.86036833198824], [2.290686287880723, 48.85990562537427], [2.290540235355916, 48.859920947971474], [2.289331388407182, 48.8589100949768], [2.288628468571499, 48.85848232192729], [2.286467797519726, 48.85681464151034], [2.285977188234691, 48.85730816027516], [2.28586521814727, 48.85722385188844], [2.285400851304846, 48.857691443425], [2.285504607487061, 48.85777840123582], [2.284787382616662, 48.85849540060293], [2.284670335529572, 48.85848300935282], [2.284564813485908, 48.85852464826887], [2.284568585599243, 48.858646983265096], [2.284767171471529, 48.8586769497541], [2.284786397538812, 48.85886503007619], [2.286585878773068, 48.86133011069807], [2.286669463155818, 48.861596817629945], [2.286590884339555, 48.86205951620901]]], ""type"": ""Polygon""}";75;75116;Paris 16e Arrondissement;6221;751166221;Muette 21;H;48.85980874635298, 2.2876243156612777;IRIS____0000000751166221
"{""coordinates"": [[[2.416341130298895, 48.849233783543355], [2.416349838517878, 48.84869961114743], [2.41598393039775, 48.846694967131526], [2.415971110769568, 48.846622956268604], [2.411068913600706, 48.847046803365934], [2.411360533943849, 48.849096964178855], [2.411497826578455, 48.84912731818197], [2.413053651359118, 48.84916374005651], [2.413070580540313, 48.84911256005414], [2.414338843982989, 48.849272564077864], [2.416341130298895, 48.849233783543355]]], ""type"": ""Polygon""}";75;75120;Paris 20e Arrondissement;8001;751208001;Charonne 1;H;48.8480164386682, 2.4138128080632613;IRIS____0000000751208001
"{""coordinates"": [[[2.372896637378593, 48.87057040149708], [2.374663502121221, 48.871248752414104], [2.375573032756615, 48.86998093787264], [2.375420905086264, 48.86993427790051], [2.376305131785451, 48.868840796242814], [2.374927686642078, 48.86843340465385], [2.372896637378593, 48.87057040149708]]], ""type"": ""Polygon""}";75;75111;Paris 11e Arrondissement;4113;751114113;Folie Méricourt 13;H;48.869840735611575, 2.374642944766014;IRIS____0000000751114113
"{""coordinates"": [[[2.289956549348125, 48.88084616851841], [2.288393384418162, 48.879985214218166], [2.285286814950076, 48.88070956185934], [2.28510975026409, 48.880695014595666], [2.284302812521025, 48.88087185964618], [2.284417347794841, 48.880971471481324], [2.284394893970828, 48.881117030017656], [2.285558936156576, 48.881846150190746], [2.285595682864928, 48.88195069257816], [2.286036433649752, 48.88222672023274], [2.286167280371848, 48.88223109780853], [2.287486651347012, 48.88307264188502], [2.289956549348125, 48.88084616851841]]], ""type"": ""Polygon""}";75;75117;Paris 17e Arrondissement;6507;751176507;Ternes 7;H;48.881330014818424, 2.287279098386447;IRIS____0000000751176507
"{""coordinates"": [[[2.332611780707779, 48.89414799244308], [2.333723148599296, 48.89299315532727], [2.333598215878961, 48.89241779242699], [2.332802259720443, 48.892481708860764], [2.332065419519686, 48.89261519769323], [2.331899329854386, 48.89216640784584], [2.33026386861958, 48.89249901518801], [2.327474495108444, 48.89304635892301], [2.332611780707779, 48.89414799244308]]], ""type"": ""Polygon""}";75;75118;Paris 18e Arrondissement;6916;751186916;Grandes Carrières 16;H;48.89311115350663, 2.3312455049156178;IRIS____0000000751186916
"{""coordinates"": [[[2.367059831028409, 48.887331999449096], [2.367560990457849, 48.888624278490404], [2.368127524696543, 48.889701061344496], [2.371265566232746, 48.889253529087874], [2.37013446186973, 48.887380588564845], [2.369242206453674, 48.88651074103128], [2.369089471270378, 48.88662325130224], [2.367059831028409, 48.887331999449096]]], ""type"": ""Polygon""}";75;75119;Paris 19e Arrondissement;7308;751197308;Villette 8;H;48.88823154940872, 2.3690386091111706;IRIS____0000000751197308
"{""coordinates"": [[[2.395223492956283, 48.8752485133918], [2.392192854440722, 48.87546249355748], [2.392068801131714, 48.875460964288344], [2.39201934957138, 48.87584292927323], [2.392122089639205, 48.87626883494311], [2.392513687902539, 48.87659458212004], [2.392600471492212, 48.87686931848375], [2.392768262469615, 48.877329727773635], [2.393788960961443, 48.877493183016874], [2.395197862509798, 48.877573155005265], [2.395431739981518, 48.87762829616448], [2.395657103644794, 48.87771217244478], [2.39553498194586, 48.87672139300445], [2.39546328048712, 48.876555554035505], [2.395362959297001, 48.87638867111442], [2.395124678412513, 48.87624357435185], [2.394777267713919, 48.876103321391376], [2.395223492956283, 48.8752485133918]]], ""type"": ""Polygon""}";75;75119;Paris 19e Arrondissement;7505;751197505;Amérique 5;H;48.87642853192463, 2.393881287652926;IRIS____0000000751197505
"{""coordinates"": [[[2.392068801131714, 48.875460964288344], [2.39045749316421, 48.87543928047542], [2.389645129763283, 48.87530293933719], [2.388496636417807, 48.87476467289009], [2.387452080744171, 48.874664902348734], [2.387392432532162, 48.87579505847408], [2.387531458878229, 48.87626252325536], [2.387602881567588, 48.87633393587681], [2.388828749934016, 48.876090186494096], [2.38952809814851, 48.876098251615176], [2.389563961293636, 48.87687725567521], [2.392513687902539, 48.87659458212004], [2.392122089639205, 48.87626883494311], [2.39201934957138, 48.87584292927323], [2.392068801131714, 48.875460964288344]]], ""type"": ""Polygon""}";75;75119;Paris 19e Arrondissement;7506;751197506;Amérique 6;H;48.875836164310115, 2.389709382727199;IRIS____0000000751197506
"{""coordinates"": [[[2.283618245332463, 48.87740620719218], [2.281133964683096, 48.87819712434835], [2.281204077406524, 48.87835313126182], [2.28180323667103, 48.879003352861766], [2.283892053719351, 48.88059780322616], [2.284089304891198, 48.88083011286714], [2.284302812521025, 48.88087185964618], [2.28510975026409, 48.880695014595666], [2.285286814950076, 48.88070956185934], [2.285148267132045, 48.880571135915865], [2.284138428783266, 48.878248403750355], [2.283987459312771, 48.878121593242], [2.283724832274666, 48.877686539999665], [2.283618245332463, 48.87740620719218]]], ""type"": ""Polygon""}";75;75117;Paris 17e Arrondissement;6516;751176516;Ternes 16;A;48.87907021996819, 2.283336437387051;IRIS____0000000751176516
"{""coordinates"": [[[2.369041481590489, 48.852993120408804], [2.368972404780255, 48.85284526230501], [2.366443514943608, 48.847309858160784], [2.366041558191069, 48.847082889533745], [2.365540866630258, 48.84746695907303], [2.365754450416901, 48.8476083912618], [2.365910083547912, 48.847808873487644], [2.368069441282612, 48.8525715903303], [2.368427590997666, 48.85293142373155], [2.368826002984624, 48.85289305516257], [2.369041481590489, 48.852993120408804]]], ""type"": ""Polygon""}";75;75104;Paris 4e Arrondissement;1588;751041588;Bassin de l'Arsenal;D;48.8500326161415, 2.367302462286426;IRIS____0000000751041588
"{""coordinates"": [[[2.346682599072114, 48.86442168142322], [2.344974968231859, 48.864825147064664], [2.343082571546486, 48.86528513241342], [2.343865467149204, 48.866765251033435], [2.343986385041373, 48.86733879564227], [2.34427104492171, 48.86670901643399], [2.345052215973917, 48.86670430028185], [2.347160025912115, 48.866353380644235], [2.346991797809423, 48.86552776438187], [2.346682599072114, 48.86442168142322]]], ""type"": ""Polygon""}";75;75102;Paris 2e Arrondissement;0701;751020701;Mail 1;H;48.86571396452604, 2.345244525870409;IRIS____0000000751020701
"{""coordinates"": [[[2.386774405168532, 48.84734114708204], [2.387143183870971, 48.84738440707564], [2.392842540255944, 48.84803402103886], [2.393684108140836, 48.84714702836407], [2.392208210356241, 48.8464560294591], [2.391858235583918, 48.84655318011296], [2.391172220802084, 48.847187334059655], [2.388353912031366, 48.84581852868905], [2.387453790398355, 48.84658017501534], [2.387132395641445, 48.8469112907487], [2.386774405168532, 48.84734114708204]]], ""type"": ""Polygon""}";75;75112;Paris 12e Arrondissement;4618;751124618;Picpus 18;H;48.847097137073085, 2.3901855002837764;IRIS____0000000751124618
"{""coordinates"": [[[2.323964127671358, 48.820124072850206], [2.321039743668691, 48.82076765079], [2.314615601049386, 48.82218710253411], [2.314145699672971, 48.8222905354331], [2.315050845913013, 48.82275171029886], [2.319327980186944, 48.82460727234213], [2.323815362158869, 48.82361373258855], [2.324914638926295, 48.82329166958592], [2.325519815947002, 48.82315388176638], [2.325453090143177, 48.822942150918514], [2.325342887644922, 48.82282730785178], [2.325226492117192, 48.82234907973048], [2.324976211246943, 48.821692017971834], [2.32419957428496, 48.820558006996656], [2.323964127671358, 48.820124072850206]]], ""type"": ""Polygon""}";75;75114;Paris 14e Arrondissement;5503;751145503;Petit Montrouge 3;H;48.82245545011366, 2.320624469572867;IRIS____0000000751145503
"{""coordinates"": [[[2.356320375513379, 48.887335901704745], [2.356731124296173, 48.88543783223724], [2.356777000106079, 48.88492546204004], [2.355368849162839, 48.88499343231375], [2.352526606287038, 48.88502126359036], [2.352951666550124, 48.88571244646597], [2.352991972563258, 48.886090381719015], [2.352755106303246, 48.886605315153204], [2.353435422542187, 48.88672950055839], [2.353448493588996, 48.887104590235495], [2.356320375513379, 48.887335901704745]]], ""type"": ""Polygon""}";75;75118;Paris 18e Arrondissement;7104;751187104;Goutte d'Or 4;H;48.88604043895072, 2.3548084136694754;IRIS____0000000751187104
"{""coordinates"": [[[2.414777613619788, 48.858254699802664], [2.415286455935682, 48.85517782832002], [2.41543707679171, 48.85438623951103], [2.414671200917188, 48.854138772335745], [2.414663964752124, 48.85393368566524], [2.414529909937257, 48.85373517328733], [2.414386668842344, 48.8536265505677], [2.414067510022021, 48.853527858526924], [2.413826583446288, 48.85350149675342], [2.413430571221354, 48.85357150394198], [2.413183936029361, 48.85368900859452], [2.413001537722837, 48.85391115224279], [2.410660653408498, 48.85350573105726], [2.410127597396623, 48.856170568854395], [2.410402390883936, 48.85633650350295], [2.411179968187346, 48.85699685473171], [2.411465416649302, 48.85706481055053], [2.411481843788328, 48.857179108215455], [2.413469988661504, 48.85781841108334], [2.413765308573701, 48.85785763068367], [2.414432070595024, 48.85783301557768], [2.414471033849807, 48.8582469046859], [2.414633672540043, 48.858207229875724], [2.414777613619788, 48.858254699802664]]], ""type"": ""Polygon""}";75;75120;Paris 20e Arrondissement;8009;751208009;Charonne 9;H;48.85560743452435, 2.412888783539012;IRIS____0000000751208009
"{""coordinates"": [[[2.355146374700977, 48.860672344183726], [2.356864255095606, 48.860083522494975], [2.354238240218519, 48.85751163173159], [2.353015452158459, 48.85796819209832], [2.35406728438636, 48.8595378426783], [2.355146374700977, 48.860672344183726]]], ""type"": ""Polygon""}";75;75104;Paris 4e Arrondissement;1301;751041301;Saint-Merri 1;H;48.85914027116262, 2.3548428836559263;IRIS____0000000751041301
"{""coordinates"": [[[2.355742901188442, 48.86897830241318], [2.35425267163513, 48.869323712694474], [2.355905648706567, 48.872243780502124], [2.357124210450315, 48.87447439192251], [2.357087521212046, 48.87457492052576], [2.356921750111235, 48.8746396816222], [2.357146086163084, 48.874690350067326], [2.35729874083073, 48.87491510441117], [2.358324516207395, 48.87376855775715], [2.357202716507911, 48.87175881491236], [2.355718883326315, 48.86926686148782], [2.355826567453077, 48.869157721530534], [2.355742901188442, 48.86897830241318]]], ""type"": ""Polygon""}";75;75110;Paris 10e Arrondissement;3906;751103906;Porte Saint-Martin 6;H;48.87178190528015, 2.3563910841758444;IRIS____0000000751103906
"{""coordinates"": [[[2.395208395329717, 48.840031829814066], [2.395010547897826, 48.83993909457208], [2.394935902460187, 48.83979661801987], [2.388866655704539, 48.84113729026], [2.387363161953784, 48.841538808782595], [2.38658237380528, 48.84189095419175], [2.385912574333361, 48.84265197346853], [2.389935024524506, 48.84450005019922], [2.390269527823669, 48.844210363655], [2.393653848642818, 48.841432358302164], [2.394075567251052, 48.841020789614525], [2.395208395329717, 48.840031829814066]]], ""type"": ""Polygon""}";75;75112;Paris 12e Arrondissement;4613;751124613;Picpus 13;H;48.84208283489343, 2.3903176554735315;IRIS____0000000751124613
"{""coordinates"": [[[2.389496724149868, 48.849346240378125], [2.391973134719696, 48.84896853151506], [2.392842540255944, 48.84803402103886], [2.387143183870971, 48.84738440707564], [2.387208312346908, 48.847524140763085], [2.387347233595588, 48.847646265190605], [2.388718310293541, 48.848674045866986], [2.389429866358586, 48.849237077410706], [2.389496724149868, 48.849346240378125]]], ""type"": ""Polygon""}";75;75112;Paris 12e Arrondissement;4622;751124622;Picpus 22;H;48.84833541247471, 2.390079981406265;IRIS____0000000751124622
"{""coordinates"": [[[2.342505769343296, 48.82144882327404], [2.342046610267817, 48.82210914088646], [2.343635874990009, 48.8227762206331], [2.343959231177429, 48.822624201213], [2.344062426888319, 48.82275787544741], [2.344559626359092, 48.82405390815901], [2.346472854946136, 48.82246348548942], [2.346796651590053, 48.82227548564591], [2.346101345170311, 48.822111595965126], [2.343291135148605, 48.821597939236504], [2.342959188509231, 48.82156733559006], [2.342505769343296, 48.82144882327404]]], ""type"": ""Polygon""}";75;75113;Paris 13e Arrondissement;5115;751135115;Maison Blanche 15;H;48.82247888143012, 2.3444115466169113;IRIS____0000000751135115
"{""coordinates"": [[[2.341072060968536, 48.831971728544545], [2.341263603808228, 48.83309250131337], [2.342302165308337, 48.8334867450011], [2.344365019492123, 48.83400531542676], [2.344849273518455, 48.834172553624974], [2.344236345114972, 48.83113021935095], [2.341072060968536, 48.831971728544545]]], ""type"": ""Polygon""}";75;75113;Paris 13e Arrondissement;5205;751135205;Croulebarbe 5;H;48.83261521104031, 2.3431040137156836;IRIS____0000000751135205
"{""coordinates"": [[[2.300398245761135, 48.839270279427524], [2.300090893832972, 48.839126380965084], [2.298464068001147, 48.83831820982244], [2.296530453870625, 48.839651413249165], [2.295733492582607, 48.84045076060895], [2.297003932258324, 48.84091331437314], [2.299142474201095, 48.84156801216531], [2.299488027182196, 48.8404925922793], [2.300398245761135, 48.839270279427524]]], ""type"": ""Polygon""}";75;75115;Paris 15e Arrondissement;5724;751155724;Saint-Lambert 24;H;48.839952703542124, 2.298228552900269;IRIS____0000000751155724
"{""coordinates"": [[[2.313892280714949, 48.84144486539215], [2.314862605613979, 48.84049709731838], [2.315385827252033, 48.84008098748554], [2.316571549408641, 48.83901572060109], [2.316074460867092, 48.838791634764036], [2.315703124586235, 48.83874454260163], [2.314701592917188, 48.83864977143635], [2.314545916717449, 48.83867675990723], [2.311500456510372, 48.838496483710955], [2.311524480086805, 48.838534395510855], [2.31060212764189, 48.838943692635254], [2.309541854639317, 48.83947809825279], [2.312806376710228, 48.841958466402346], [2.313190551548827, 48.842170225111715], [2.313892280714949, 48.84144486539215]]], ""type"": ""Polygon""}";75;75115;Paris 15e Arrondissement;5803;751155803;Necker 3;H;48.83990423143876, 2.313008461403271;IRIS____0000000751155803
"{""coordinates"": [[[2.27487976931784, 48.84341550671429], [2.274596295854887, 48.84351721562513], [2.274542307685573, 48.84357804536223], [2.274575681409002, 48.84362771305677], [2.275529934778163, 48.84467496483546], [2.277302795593445, 48.843981482259636], [2.277098694649628, 48.84523756595954], [2.279255046037304, 48.84420551095137], [2.278524351015219, 48.84344203924901], [2.280034654437691, 48.84281078737668], [2.279139097999451, 48.84185026339341], [2.277609209822092, 48.842421128348114], [2.27487976931784, 48.84341550671429]]], ""type"": ""Polygon""}";75;75115;Paris 15e Arrondissement;6010;751156010;Javel 10;H;48.84348382762557, 2.27742967223906;IRIS____0000000751156010
"{""coordinates"": [[[2.258465202376581, 48.8471992632526], [2.258394737494244, 48.847458743851675], [2.256968174090241, 48.847445395679166], [2.257157106745994, 48.84767051155319], [2.257065390033856, 48.847699621189406], [2.257095883531198, 48.84775916882329], [2.257019761300403, 48.847841437957754], [2.257119450751093, 48.84820899899778], [2.257345784264193, 48.84820051110454], [2.257395222329861, 48.84846073514223], [2.25787359907488, 48.848648073693816], [2.258046906955663, 48.84930118948932], [2.258449719988075, 48.85010682076561], [2.262572722433124, 48.85651598064174], [2.262574100863501, 48.856803784359926], [2.262675528784045, 48.857245095662236], [2.263008187497581, 48.85781643939175], [2.264671959215745, 48.8573635048039], [2.263846361806377, 48.85608403570026], [2.26477508712834, 48.85585051579885], [2.264368830967435, 48.85556831777736], [2.263668750730886, 48.8548607114066], [2.262864499960759, 48.85361823747576], [2.262483114343872, 48.85273631039764], [2.26234209857242, 48.8517227576047], [2.262266142003476, 48.85121594719114], [2.262038943108022, 48.850611072330196], [2.26163988951704, 48.850016827993976], [2.260845102187428, 48.84907657987032], [2.260211495101523, 48.8479196753617], [2.259731885987998, 48.84791491002762], [2.258930550350099, 48.84791894278916], [2.258708689011429, 48.84751734970587], [2.258465202376581, 48.8471992632526]]], ""type"": ""Polygon""}";75;75116;Paris 16e Arrondissement;6121;751166121;Auteuil 21;H;48.852095564489495, 2.261037779647442;IRIS____0000000751166121
"{""coordinates"": [[[2.334037745859674, 48.897720838652596], [2.333385864430148, 48.897711815994526], [2.334202134818736, 48.89883870670257], [2.334429502481016, 48.899085484378546], [2.334770191006433, 48.89911075949193], [2.334714590017648, 48.90047291676925], [2.335461468688544, 48.9005229283778], [2.336296290611516, 48.89913181694765], [2.337428941130424, 48.89780709723703], [2.334037745859674, 48.897720838652596]]], ""type"": ""Polygon""}";75;75118;Paris 18e Arrondissement;6928;751186928;Grandes Carrières 28;H;48.89874100630056, 2.3353662610115045;IRIS____0000000751186928
"{""coordinates"": [[[2.383861411003948, 48.89087123289145], [2.382398276781145, 48.89165509722858], [2.384114053373634, 48.89303359721291], [2.38307894136251, 48.89360293351756], [2.383234448184528, 48.89371614930567], [2.383565568832528, 48.89385724853451], [2.384367989570092, 48.89451158300854], [2.385572271051431, 48.89255185877148], [2.38528470558269, 48.892071945199156], [2.385286262523423, 48.89159351524853], [2.383861411003948, 48.89087123289145]]], ""type"": ""Polygon""}";75;75119;Paris 19e Arrondissement;7403;751197403;Pont de Flandre 3;H;48.892469004872424, 2.3841796650269242;IRIS____0000000751197403
"{""coordinates"": [[[2.398598803677341, 48.864782856902714], [2.399135844391524, 48.864076873942096], [2.399772017890336, 48.86316543622159], [2.400020128241349, 48.86257131606762], [2.400203065380946, 48.86171785781965], [2.399230324373484, 48.861439578342065], [2.398455793762403, 48.86241147445825], [2.397258717929932, 48.86349725258123], [2.396283828688755, 48.864226201252144], [2.395554336726714, 48.86495008586732], [2.396067773967051, 48.86499045013726], [2.398191095092454, 48.86491211116198], [2.398222173243538, 48.86481783669788], [2.398319584134768, 48.86476346669157], [2.398469801031147, 48.86473993959728], [2.398598803677341, 48.864782856902714]]], ""type"": ""Polygon""}";75;75120;Paris 20e Arrondissement;7904;751207904;Père Lachaise 4;H;48.863508371986875, 2.398278858589704;IRIS____0000000751207904
"{""coordinates"": [[[2.342631736794723, 48.85034803295929], [2.340849163503854, 48.84733706641853], [2.340634393877524, 48.846971642199556], [2.340508193802032, 48.847037499247065], [2.340448017284769, 48.847270101734985], [2.339119028758465, 48.84880337038798], [2.338716479064962, 48.84906106076431], [2.338409626378566, 48.84918707327104], [2.337782915892257, 48.849282535565386], [2.337327563408002, 48.84929800154224], [2.33705734899499, 48.85147115134665], [2.338259828069483, 48.85153986349919], [2.338477001503275, 48.851823462336235], [2.338681488291885, 48.85181829723529], [2.338720751583931, 48.85226819230481], [2.338791828206612, 48.85246644339326], [2.339352314585971, 48.852330139240784], [2.339381621312688, 48.852168416990715], [2.339659215967595, 48.8519864807004], [2.34022313731397, 48.85147066305207], [2.340698740338919, 48.85114861699365], [2.341199569109284, 48.85087887058114], [2.341307221486754, 48.850879463283505], [2.342484795895101, 48.850437161250305], [2.342631736794723, 48.85034803295929]]], ""type"": ""Polygon""}";75;75106;Paris 6e Arrondissement;2204;751062204;Odéon 4;H;48.849963632189635, 2.339740530093702;IRIS____0000000751062204
"{""coordinates"": [[[2.402315594704845, 48.84284477181133], [2.40153186483667, 48.842985650221806], [2.40225665474387, 48.84501372619253], [2.402543644553275, 48.84494051321804], [2.402993159631136, 48.84495354953598], [2.405742823690529, 48.84472351405217], [2.405366512610043, 48.843310553745056], [2.405271021661577, 48.84296202778885], [2.402339825213677, 48.84334583503757], [2.402315594704845, 48.84284477181133]]], ""type"": ""Polygon""}";75;75112;Paris 12e Arrondissement;4507;751124507;Bel-Air 7;H;48.84397346078487, 2.403673747604894;IRIS____0000000751124507
"{""coordinates"": [[[2.341671904722567, 48.83538904274122], [2.341263603808228, 48.83309250131337], [2.341072060968536, 48.831971728544545], [2.34115748484886, 48.83178782785168], [2.336457338796941, 48.83309291495559], [2.336531551793298, 48.833470163290485], [2.336334027807584, 48.83357609262255], [2.336653239124614, 48.83407791370105], [2.338046695555586, 48.833773552064045], [2.338222019610424, 48.834664899088224], [2.336969366020112, 48.834608496422256], [2.337747569394431, 48.83587192539691], [2.340537298758321, 48.83558425130331], [2.341671904722567, 48.83538904274122]]], ""type"": ""Polygon""}";75;75114;Paris 14e Arrondissement;5301;751145301;Montparnasse 1;H;48.83397670053369, 2.3393364417505733;IRIS____0000000751145301
"{""coordinates"": [[[2.329296396286016, 48.81895072634918], [2.325503436242079, 48.819787402588354], [2.323964127671358, 48.820124072850206], [2.32419957428496, 48.820558006996656], [2.324976211246943, 48.821692017971834], [2.325226492117192, 48.82234907973048], [2.325342887644922, 48.82282730785178], [2.325453090143177, 48.822942150918514], [2.325519815947002, 48.82315388176638], [2.32667815062198, 48.82289779042535], [2.327432309409142, 48.822824687743854], [2.330366344273001, 48.82217471282096], [2.329907115232437, 48.82102632830822], [2.329676222897364, 48.8201283500342], [2.329535201696916, 48.81955015557139], [2.329590511485611, 48.819379582882725], [2.329666246403047, 48.81931525188769], [2.329296396286016, 48.81895072634918]]], ""type"": ""Polygon""}";75;75114;Paris 14e Arrondissement;5501;751145501;Petit Montrouge 1;H;48.82106091003194, 2.3273287915912415;IRIS____0000000751145501
"{""coordinates"": [[[2.278251504157705, 48.83608622802547], [2.278635890551241, 48.836860210299605], [2.278637930659282, 48.83690968819196], [2.278983292972378, 48.837058368488464], [2.281302804550013, 48.838295475523736], [2.281774242820146, 48.83789808613751], [2.283416771313687, 48.837049035712795], [2.283612791359058, 48.836863140121864], [2.281324430294158, 48.835936547770594], [2.281028901187046, 48.8353357879274], [2.279185058795335, 48.8358670137779], [2.278251504157705, 48.83608622802547]]], ""type"": ""Polygon""}";75;75115;Paris 15e Arrondissement;6002;751156002;Javel 2;H;48.83677059912794, 2.280800525555575;IRIS____0000000751156002
"{""coordinates"": [[[2.309563618593012, 48.88597013718156], [2.307496031726398, 48.88752393174784], [2.309174742469526, 48.88773417956643], [2.310347676376551, 48.88782907544527], [2.311195867194287, 48.88783395780326], [2.311788155282331, 48.88780228971434], [2.312560018631789, 48.887700602783674], [2.314086552445337, 48.88735232344321], [2.313819504406895, 48.887333706074706], [2.312636903775736, 48.88693841237079], [2.309563618593012, 48.88597013718156]]], ""type"": ""Polygon""}";75;75117;Paris 17e Arrondissement;6715;751176715;Batignolles 15;H;48.887113453150675, 2.310484962762209;IRIS____0000000751176715
"{""coordinates"": [[[2.379132113379148, 48.89232079096476], [2.380344591949739, 48.89163279641304], [2.382107760165522, 48.890737191182005], [2.382635743979179, 48.890261475818306], [2.379325028232195, 48.88860849423493], [2.379191022962058, 48.88863837650413], [2.378967746922651, 48.88883506964079], [2.378654874163868, 48.889111337124774], [2.378552618574477, 48.88910900782134], [2.376900051935309, 48.89056271695597], [2.379132113379148, 48.89232079096476]]], ""type"": ""Polygon""}";75;75119;Paris 19e Arrondissement;7314;751197314;Villette 14;H;48.89043525679422, 2.3796099610674557;IRIS____0000000751197314
"{""coordinates"": [[[2.321467800025973, 48.86375256463905], [2.323471663253651, 48.866371116066574], [2.323738677324909, 48.86638431658191], [2.324159314502435, 48.86632463771572], [2.331355590927084, 48.863988085514926], [2.332106845826641, 48.863762047513646], [2.331967861218245, 48.86365155142647], [2.331489536803284, 48.86300404823298], [2.330081294199133, 48.861002317074], [2.330141936118199, 48.860844370971236], [2.324694177392195, 48.86260615721121], [2.323767611686653, 48.86300023610672], [2.321467800025973, 48.86375256463905]]], ""type"": ""Polygon""}";75;75101;Paris 1er Arrondissement;0105;751010105;Tuileries;D;48.86370674750925, 2.326793081762353;IRIS____0000000751010105
"{""coordinates"": [[[2.301662484441652, 48.864195334932994], [2.301635346720621, 48.8644910626629], [2.301395548741394, 48.864584094856504], [2.302002574884739, 48.86475581503013], [2.302953696669906, 48.865291974308356], [2.306296267634072, 48.86702555221593], [2.309289860188996, 48.8685690561833], [2.309453636306253, 48.86845218691575], [2.309652305114131, 48.868376888579284], [2.309943571528039, 48.86830931857371], [2.310169876535014, 48.86830882440319], [2.310253543826957, 48.8668289825594], [2.310289833735882, 48.86470583159886], [2.310359051668653, 48.86431681245068], [2.302291395688624, 48.864157632919145], [2.302239265255709, 48.86428413732428], [2.301662484441652, 48.864195334932994]]], ""type"": ""Polygon""}";75;75108;Paris 8e Arrondissement;2902;751082902;Champs Élysées 2;A;48.86579449828637, 2.3070845643781905;IRIS____0000000751082902
"{""coordinates"": [[[2.359619565914243, 48.864688559320065], [2.360065153259049, 48.86503449200714], [2.360888418426915, 48.86581862168858], [2.362616233742182, 48.86498335259782], [2.36344108117722, 48.864525480032306], [2.36449812943786, 48.864698375486256], [2.364727630039896, 48.86476974268821], [2.364767893333172, 48.86470970039189], [2.364615376028549, 48.861902935688235], [2.364436518475491, 48.861927167632665], [2.361660800677746, 48.86330368163775], [2.359719455569066, 48.86465761672199], [2.359619565914243, 48.864688559320065]]], ""type"": ""Polygon""}";75;75103;Paris 3e Arrondissement;1004;751031004;Enfants Rouges 4;H;48.86397533412967, 2.3625873702766045;IRIS____0000000751031004
"{""coordinates"": [[[2.414046530133938, 48.839759549813245], [2.412852033331908, 48.83621650674915], [2.412245612562639, 48.834538914664805], [2.411471874927621, 48.833928938764416], [2.410880016072129, 48.833982685013616], [2.410270628702279, 48.834140668155115], [2.409829812222219, 48.834330058440905], [2.409774435716869, 48.834408029855595], [2.408170135527091, 48.83496040615011], [2.407979003756543, 48.83487581945846], [2.407781085115324, 48.834549269962224], [2.407560248455296, 48.83432153658171], [2.407250314698875, 48.83414192690322], [2.405530408694009, 48.83324212051136], [2.404435713882528, 48.83295067640842], [2.404177933082124, 48.832500609019576], [2.403894202061208, 48.83229503915268], [2.402175894369019, 48.833404374494116], [2.404451000840054, 48.834235945170306], [2.404902026297711, 48.834466628600076], [2.406569017367902, 48.83546960716963], [2.407675246083633, 48.83643021377568], [2.407919943533368, 48.836837037658384], [2.408564026055103, 48.838907855568436], [2.409040568835738, 48.84037796595307], [2.409149653603645, 48.84073105354393], [2.410391866433805, 48.84076596214124], [2.410762875386304, 48.84085053120802], [2.411449678279635, 48.84108324865882], [2.412058821669267, 48.84107455241068], [2.412511065174265, 48.84120538250775], [2.41253512888999, 48.84112545779899], [2.413118482817416, 48.84122904927751], [2.413195154412282, 48.841196149151344], [2.413285448698135, 48.84092138840892], [2.413205669796642, 48.84038318064393], [2.413061986188211, 48.8399543808468], [2.413738936446429, 48.83985157606865], [2.413913294575755, 48.83985512853868], [2.413897865914286, 48.839773211255036], [2.414046530133938, 48.839759549813245]]], ""type"": ""Polygon""}";75;75112;Paris 12e Arrondissement;4501;751124501;Bel-Air 1;H;48.83694655352657, 2.409738579566476;IRIS____0000000751124501
"{""coordinates"": [[[2.358340152561356, 48.822807460219096], [2.358512373800332, 48.822204901562465], [2.356486826628531, 48.822111275455526], [2.356272322211855, 48.820289777244184], [2.355840910957955, 48.82059324314789], [2.355246844318858, 48.82083287393947], [2.3554342262545, 48.82297260693423], [2.355452949703176, 48.82410232597973], [2.355409632685512, 48.82474154938944], [2.355329780026784, 48.82481037093096], [2.35537554348876, 48.82485468707365], [2.35522744727865, 48.82592594489286], [2.355157554530081, 48.826070367500684], [2.357268829114893, 48.82618336263139], [2.358340152561356, 48.822807460219096]]], ""type"": ""Polygon""}";75;75113;Paris 13e Arrondissement;5106;751135106;Maison Blanche 6;H;48.82361920449856, 2.356555721817997;IRIS____0000000751135106
"{""coordinates"": [[[2.275633173690355, 48.86156020391315], [2.275450775788483, 48.861247922956395], [2.275026157273521, 48.860417045070704], [2.275230714503894, 48.859625951474484], [2.274939456369508, 48.85832191833792], [2.274700880177464, 48.85822783872872], [2.274404500817552, 48.85817387924402], [2.27363937974787, 48.85820880917699], [2.272820390277531, 48.85829467027647], [2.27263261526818, 48.85827194447616], [2.272739736965036, 48.85840929791295], [2.273202887694381, 48.85872149073692], [2.273490356390603, 48.85902362162341], [2.273705469410605, 48.859334306160505], [2.27386741257713, 48.859841626640154], [2.273900874248932, 48.86017908823655], [2.273861213903194, 48.860873150227455], [2.273656332123021, 48.861294603875464], [2.273071822089488, 48.86215623417834], [2.273882038689886, 48.862606333210735], [2.273950422964381, 48.86268768996661], [2.274076080914222, 48.86266956580936], [2.275633173690355, 48.86156020391315]]], ""type"": ""Polygon""}";75;75116;Paris 16e Arrondissement;6210;751166210;Muette 10;H;48.860337786211815, 2.2743163605476684;IRIS____0000000751166210
"{""coordinates"": [[[2.318457079224413, 48.886434782993454], [2.318517041415517, 48.88654214457098], [2.318446308098672, 48.886632574288804], [2.319369538736749, 48.887154940525825], [2.32164354731573, 48.88574330708925], [2.323512376444969, 48.8842304142431], [2.322424197643719, 48.88401921326011], [2.318457079224413, 48.886434782993454]]], ""type"": ""Polygon""}";75;75117;Paris 17e Arrondissement;6705;751176705;Batignolles 5;H;48.88557700597187, 2.3208513967712916;IRIS____0000000751176705
"{""coordinates"": [[[2.313697981093301, 48.89438103495823], [2.316354194963509, 48.895370195512356], [2.316424943784801, 48.89527976775065], [2.319297852728469, 48.89462074062222], [2.317528886078588, 48.89211954343665], [2.313800278836947, 48.89427729958798], [2.313777592478265, 48.894342820249925], [2.313697981093301, 48.89438103495823]]], ""type"": ""Polygon""}";75;75117;Paris 17e Arrondissement;6813;751176813;Épinettes 13;H;48.8939781094485, 2.3167156703154927;IRIS____0000000751176813
"{""coordinates"": [[[2.34195931462228, 48.88244462818822], [2.33980196854301, 48.882023555463356], [2.339550582183016, 48.8820617395515], [2.337800457656781, 48.882325469070736], [2.339127258581009, 48.883936307179845], [2.339742606627416, 48.88369418505869], [2.339741304759405, 48.88358176158681], [2.341729818687769, 48.883447918996076], [2.34195931462228, 48.88244462818822]]], ""type"": ""Polygon""}";75;75118;Paris 18e Arrondissement;7003;751187003;Clignancourt 3;H;48.882859223985314, 2.339954433369966;IRIS____0000000751187003
"{""coordinates"": [[[2.392192854440722, 48.87546249355748], [2.395223492956283, 48.8752485133918], [2.395367943655133, 48.8752546390823], [2.395851462024119, 48.874356848558904], [2.395968841613608, 48.87352285977076], [2.396204579509583, 48.872827964784975], [2.396105086800405, 48.872590038675995], [2.394793882799594, 48.872678745848084], [2.394208089936547, 48.87275762207171], [2.393973564721435, 48.87311167191754], [2.393789472615968, 48.87323214983739], [2.392917473509907, 48.87447150876254], [2.392192854440722, 48.87546249355748]]], ""type"": ""Polygon""}";75;75120;Paris 20e Arrondissement;7714;751207714;Belleville 14;H;48.874106895632046, 2.3944841888948165;IRIS____0000000751207714
"{""coordinates"": [[[2.408887644498474, 48.86635579726916], [2.409011359408513, 48.867947336307004], [2.410080532927751, 48.86791124127379], [2.409993080982839, 48.86913300828826], [2.410874618083768, 48.86917602189136], [2.411143255092168, 48.866516206277026], [2.410156143131021, 48.866410619751996], [2.408887644498474, 48.86635579726916]]], ""type"": ""Polygon""}";75;75120;Paris 20e Arrondissement;7803;751207803;Saint-Fargeau 3;H;48.8675111020159, 2.4101199419958728;IRIS____0000000751207803
"{""coordinates"": [[[2.28007305872698, 48.85028925017699], [2.278021048066483, 48.84888826705852], [2.275463566410293, 48.84670443553734], [2.266032384682759, 48.836838399151155], [2.262791524526515, 48.8339233735154], [2.261492487377966, 48.83407005279487], [2.26197760835464, 48.83463875601391], [2.263777517997083, 48.83635956421378], [2.265566419655938, 48.83809646310859], [2.266299807339982, 48.838746714605016], [2.267321835933157, 48.8398007492918], [2.274428754214008, 48.84713435697982], [2.275761599821298, 48.84849777717515], [2.277082213876474, 48.84986380461848], [2.277388117982124, 48.849719056215235], [2.279094183296905, 48.850909312957015], [2.28007305872698, 48.85028925017699]]], ""type"": ""Polygon""}";75;75116;Paris 16e Arrondissement;6199;751166199;Seine et Berges 1;D;48.842429509198475, 2.2706620994474935;IRIS____0000000751166199
"{""coordinates"": [[[2.323471663253651, 48.866371116066574], [2.324584010884946, 48.86794945398466], [2.325876347626611, 48.867528651742404], [2.326976410522479, 48.86721647455357], [2.328541015134628, 48.866610110383455], [2.331943434473313, 48.86491859479835], [2.331355590927084, 48.863988085514926], [2.324159314502435, 48.86632463771572], [2.323738677324909, 48.86638431658191], [2.323471663253651, 48.866371116066574]]], ""type"": ""Polygon""}";75;75101;Paris 1er Arrondissement;0401;751010401;Place Vendôme 1;H;48.86600624700923, 2.3276289795949765;IRIS____0000000751010401
"{""coordinates"": [[[2.338983319797129, 48.84392448829842], [2.340634393877524, 48.846971642199556], [2.340849163503854, 48.84733706641853], [2.341950515834955, 48.84709760402098], [2.341609860287623, 48.84666493637766], [2.34254362124708, 48.846422747343304], [2.342952432262412, 48.84609762604633], [2.341548163883287, 48.84335134891915], [2.340373549664305, 48.84367944097095], [2.338983319797129, 48.84392448829842]]], ""type"": ""Polygon""}";75;75105;Paris 5e Arrondissement;1905;751051905;Val de Grâce 5;H;48.845234641640516, 2.3410470352910333;IRIS____0000000751051905
"{""coordinates"": [[[2.337256165772474, 48.840875082012545], [2.336771393206437, 48.84074558476043], [2.336656991547952, 48.83967110757372], [2.334862059021432, 48.84024662796662], [2.3298321288791, 48.84190756326686], [2.329884570747136, 48.841961818952164], [2.331758107665112, 48.84270348277682], [2.332238796012576, 48.841876053384254], [2.333041752554997, 48.84131123473097], [2.334078641216557, 48.841951063625324], [2.33485581208284, 48.84233761726313], [2.33611218466298, 48.84104681295855], [2.336284251363046, 48.84112331444316], [2.336495817535277, 48.840879860745915], [2.336701188621081, 48.840801855526], [2.336936956657747, 48.84079776640613], [2.337256165772474, 48.840875082012545]]], ""type"": ""Polygon""}";75;75106;Paris 6e Arrondissement;2301;751062301;Notre-Dame des Champs 1;H;48.8412358682723, 2.3338980758039565;IRIS____0000000751062301
"{""coordinates"": [[[2.324298358087334, 48.84372912594842], [2.323192682554711, 48.84409071568286], [2.320120502008693, 48.84509677174833], [2.319142060375021, 48.84551930427191], [2.320749573224252, 48.84649165953033], [2.322782446683642, 48.84755813535734], [2.324110470757471, 48.84623908673137], [2.324191944741678, 48.846261131685345], [2.324531019632446, 48.84575310811823], [2.325614154392971, 48.84566118814232], [2.324173954861266, 48.84418080334873], [2.324298358087334, 48.84372912594842]]], ""type"": ""Polygon""}";75;75106;Paris 6e Arrondissement;2306;751062306;Notre-Dame des Champs 6;H;48.84560120465317, 2.322529754219179;IRIS____0000000751062306
"{""coordinates"": [[[2.301395548741394, 48.864584094856504], [2.300991315923401, 48.86474091944901], [2.301361074980032, 48.864715198657905], [2.301448889881984, 48.86497742192373], [2.301008892315762, 48.86993295479943], [2.300996333598208, 48.87005609175938], [2.301364284995865, 48.87016796011218], [2.301424301036425, 48.87006398636712], [2.306296267634072, 48.86702555221593], [2.302953696669906, 48.865291974308356], [2.302002574884739, 48.86475581503013], [2.301395548741394, 48.864584094856504]]], ""type"": ""Polygon""}";75;75108;Paris 8e Arrondissement;2901;751082901;Champs Élysées 1;H;48.86728299154438, 2.302918655484331;IRIS____0000000751082901
"{""coordinates"": [[[2.368851063636991, 48.86635101856382], [2.370714091439697, 48.864018041352644], [2.370124128220065, 48.863770316365475], [2.365164572995695, 48.866722735178556], [2.365503634753936, 48.86697724813199], [2.368851063636991, 48.86635101856382]]], ""type"": ""Polygon""}";75;75111;Paris 11e Arrondissement;4105;751114105;Folie Méricourt 5;H;48.86557120997267, 2.3681940098634753;IRIS____0000000751114105
"{""coordinates"": [[[2.395208395329717, 48.840031829814066], [2.394075567251052, 48.841020789614525], [2.397455429907357, 48.84271786415418], [2.400109892149316, 48.839741734455], [2.399643654114834, 48.83964676127533], [2.397119902702166, 48.83956661637934], [2.396470223505794, 48.839664968071816], [2.396463430552899, 48.83978095134233], [2.395520867499654, 48.83999203862569], [2.395371227550664, 48.84008931267643], [2.395208395329717, 48.840031829814066]]], ""type"": ""Polygon""}";75;75112;Paris 12e Arrondissement;4614;751124614;Picpus 14;H;48.84084289922538, 2.3970976989039707;IRIS____0000000751124614
"{""coordinates"": [[[2.365607938858344, 48.824382372701926], [2.366942200988907, 48.8246547592884], [2.366527992944477, 48.825450311694894], [2.366182945469721, 48.82537383530071], [2.365399316212476, 48.82686264113328], [2.366491359892924, 48.82700783395005], [2.36847595799914, 48.82330211303881], [2.369362711212204, 48.8217211910822], [2.36924928619377, 48.82152722662581], [2.367482898890101, 48.822413676332374], [2.366341281108117, 48.822993126825736], [2.366762688986237, 48.82317343572395], [2.36652738417331, 48.8238188411536], [2.365607938858344, 48.824382372701926]]], ""type"": ""Polygon""}";75;75113;Paris 13e Arrondissement;5008;751135008;Gare 8;H;48.824157402945225, 2.3672610753965646;IRIS____0000000751135008
"{""coordinates"": [[[2.320481778860998, 48.83233318584439], [2.320548400233449, 48.83244778479361], [2.321068634424758, 48.83319272203582], [2.321567820456864, 48.83377654938081], [2.323223029604873, 48.833254397410094], [2.322695796183503, 48.83262634865977], [2.324711543959752, 48.83203156898608], [2.323993399441084, 48.83099772877806], [2.320481778860998, 48.83233318584439]]], ""type"": ""Polygon""}";75;75114;Paris 14e Arrondissement;5620;751145620;Plaisance 20;H;48.83236935219268, 2.3225033256200662;IRIS____0000000751145620
"{""coordinates"": [[[2.297295426266, 48.83697848119488], [2.296440566400928, 48.837226179672065], [2.293941809684255, 48.83833657062836], [2.292008200033044, 48.83925958852002], [2.293097907956346, 48.83958171235696], [2.295733492582607, 48.84045076060895], [2.296530453870625, 48.839651413249165], [2.298464068001147, 48.83831820982244], [2.296736852815271, 48.83738081529033], [2.297295426266, 48.83697848119488]]], ""type"": ""Polygon""}";75;75115;Paris 15e Arrondissement;5725;751155725;Saint-Lambert 25;H;48.83882347959495, 2.2954854817044024;IRIS____0000000751155725
"{""coordinates"": [[[2.329466545990975, 48.89902272720422], [2.329014397884978, 48.89769729616935], [2.328992045900743, 48.89763241990423], [2.3278848991935, 48.89759923193028], [2.323296048261064, 48.897519431363776], [2.322306402460539, 48.89747156721206], [2.321590488403671, 48.89735240081837], [2.316354194963509, 48.895370195512356], [2.313697981093301, 48.89438103495823], [2.313332298581174, 48.89449585079828], [2.312970017680413, 48.89466284582219], [2.311979102604343, 48.8952318246817], [2.312556524858906, 48.89560925923628], [2.313664904744496, 48.896476268476306], [2.314552732589429, 48.896071262336356], [2.314667226411478, 48.896077313542484], [2.321654219424423, 48.89874221164615], [2.322093559252767, 48.89894254959778], [2.323038897602212, 48.898728462881934], [2.323333590059561, 48.898723833033664], [2.323809499329294, 48.89873461487315], [2.323889805695574, 48.89885287910869], [2.324053140068832, 48.89887988134478], [2.329466545990975, 48.89902272720422]]], ""type"": ""Polygon""}";75;75117;Paris 17e Arrondissement;6816;751176816;Épinettes 16;H;48.897192552808285, 2.3207078686850546;IRIS____0000000751176816
"{""coordinates"": [[[2.346125982198739, 48.8958440202739], [2.344672461855145, 48.89754118432913], [2.344721432446994, 48.89766016231766], [2.34434112397427, 48.89807356585633], [2.346175678593629, 48.89818611767605], [2.346622405137974, 48.89813099934988], [2.347285926781517, 48.89819127446665], [2.352480838184435, 48.89835257349593], [2.352872350056534, 48.896154957959126], [2.352909865219315, 48.89511195032028], [2.349576074370292, 48.89546530897446], [2.346125982198739, 48.8958440202739]]], ""type"": ""Polygon""}";75;75118;Paris 18e Arrondissement;7026;751187026;Clignancourt 26;H;48.89689434582195, 2.3491901969593805;IRIS____0000000751187026
"{""coordinates"": [[[2.355830240363881, 48.88418382234298], [2.351242871583771, 48.88385867731402], [2.349464985893749, 48.88372492298443], [2.349515408276586, 48.885255854421864], [2.351743618444982, 48.885040409341855], [2.352526606287038, 48.88502126359036], [2.355368849162839, 48.88499343231375], [2.356777000106079, 48.88492546204004], [2.355830240363881, 48.88418382234298]]], ""type"": ""Polygon""}";75;75118;Paris 18e Arrondissement;7102;751187102;Goutte d'Or 2;H;48.88451171856628, 2.352519684214346;IRIS____0000000751187102
"{""coordinates"": [[[2.402562321487233, 48.87599853480826], [2.406011141106451, 48.87701305448544], [2.406582644292136, 48.877113915763175], [2.406458903984256, 48.87696491291149], [2.405689869137902, 48.874937603520365], [2.404749670785394, 48.87477015296937], [2.40442732501899, 48.87553657866039], [2.404095297183348, 48.875480067088105], [2.404372771031356, 48.87470352631637], [2.403179437201544, 48.874497031596206], [2.402562321487233, 48.87599853480826]]], ""type"": ""Polygon""}";75;75120;Paris 20e Arrondissement;7810;751207810;Saint-Fargeau 10;H;48.87576109324553, 2.4045533484803463;IRIS____0000000751207810
"{""coordinates"": [[[2.351880439414871, 48.84084818550789], [2.353244226693132, 48.84052639950304], [2.353381886835851, 48.84052264687807], [2.355959769422451, 48.84118319611195], [2.356354712068096, 48.84009529299736], [2.356600687483709, 48.839705392806614], [2.353963192630677, 48.83902294945898], [2.353000235079423, 48.8388882362701], [2.350696015187118, 48.83847373444637], [2.350812482921404, 48.83885839577883], [2.351573695892749, 48.84020527650553], [2.351880439414871, 48.84084818550789]]], ""type"": ""Polygon""}";75;75105;Paris 5e Arrondissement;1804;751051804;Jardin des Plantes 4;H;48.839840642648944, 2.3536103920364475;IRIS____0000000751051804
"{""coordinates"": [[[2.301946176124402, 48.86245404850697], [2.302865285553371, 48.862425230695074], [2.309211600523887, 48.86254567063758], [2.310425452304362, 48.86259583985278], [2.310264920542005, 48.861130771417734], [2.302533264825607, 48.86116060624765], [2.302249614178043, 48.86178130438738], [2.302036715686537, 48.86190237475064], [2.301946176124402, 48.86245404850697]]], ""type"": ""Polygon""}";75;75107;Paris 7e Arrondissement;2811;751072811;Gros Caillou 11;H;48.86183149594231, 2.3063641089673506;IRIS____0000000751072811
"{""coordinates"": [[[2.370359022057563, 48.8275301097709], [2.373501496093153, 48.82379352507872], [2.37091324722079, 48.82336802295738], [2.370398409301786, 48.82415586488402], [2.36869867357923, 48.82706897192134], [2.368525942163669, 48.827272217731704], [2.370359022057563, 48.8275301097709]]], ""type"": ""Polygon""}";75;75113;Paris 13e Arrondissement;5011;751135011;Gare 11;H;48.82536740391673, 2.370912546898502;IRIS____0000000751135011
"{""coordinates"": [[[2.341785214650722, 48.826415723872294], [2.341795702304383, 48.826448159147766], [2.345214189407726, 48.82594528694181], [2.346586811033202, 48.825760328073294], [2.346796651590053, 48.82227548564591], [2.346472854946136, 48.82246348548942], [2.344559626359092, 48.82405390815901], [2.341785214650722, 48.826415723872294]]], ""type"": ""Polygon""}";75;75113;Paris 13e Arrondissement;5114;751135114;Maison Blanche 14;H;48.82479759189424, 2.345036518045252;IRIS____0000000751135114
"{""coordinates"": [[[2.29368782679046, 48.8359652244385], [2.293996845754154, 48.83608396735799], [2.295665648295162, 48.83448122836445], [2.293372406521513, 48.83209784718189], [2.292268636326009, 48.83292324408591], [2.29209520140321, 48.83285386511032], [2.290466754096316, 48.83408985127006], [2.292759591213424, 48.83549566267603], [2.29368782679046, 48.8359652244385]]], ""type"": ""Polygon""}";75;75115;Paris 15e Arrondissement;5707;751155707;Saint-Lambert 7;H;48.834159489970254, 2.2932300930294454;IRIS____0000000751155707
"{""coordinates"": [[[2.286536515568673, 48.85289114780891], [2.288835406563423, 48.85210889934797], [2.28627000904506, 48.84966264771091], [2.286160078021255, 48.849629614797756], [2.286031494014869, 48.84946606278233], [2.284115206178607, 48.847699052891755], [2.28161378364365, 48.849342487499804], [2.282349821338439, 48.84992519552932], [2.286536515568673, 48.85289114780891]]], ""type"": ""Polygon""}";75;75115;Paris 15e Arrondissement;5908;751155908;Grenelle 8;H;48.85039254175833, 2.2851641959590574;IRIS____0000000751155908
"{""coordinates"": [[[2.370316492053774, 48.898716572572646], [2.370420494086906, 48.896658585087174], [2.371175976445192, 48.89599436179118], [2.371344110693875, 48.89573803974827], [2.371057747098439, 48.895619624866974], [2.36649673341854, 48.89449571763391], [2.365977709304824, 48.89433199271943], [2.365749407407678, 48.894711195709284], [2.365644594223898, 48.894805968335945], [2.363567840128788, 48.895098919199725], [2.363335062596776, 48.89539625566655], [2.362536105492517, 48.89548193729343], [2.362179272506426, 48.89532805248041], [2.361545561774513, 48.89539662112928], [2.359636694175164, 48.895343261812954], [2.359530029044068, 48.89547668990489], [2.359317834262918, 48.89554030581962], [2.359167957114923, 48.89774373197164], [2.359096014913042, 48.89782608414984], [2.359014373400118, 48.8986961856306], [2.360488585507616, 48.898721153703406], [2.361689167761141, 48.898590862521196], [2.362326282015107, 48.898581666084326], [2.369143390916581, 48.89871939212852], [2.370316492053774, 48.898716572572646]]], ""type"": ""Polygon""}";75;75118;Paris 18e Arrondissement;7208;751187208;Chapelle 8;H;48.896855225094534, 2.3650338105447766;IRIS____0000000751187208
"{""coordinates"": [[[2.374250247140198, 48.87841248866242], [2.370723245461924, 48.87804326156363], [2.370679007386802, 48.8783191239165], [2.372678238898649, 48.88044124551655], [2.37299918042346, 48.88096543732591], [2.373221124162103, 48.881218411691435], [2.373632300938161, 48.88104339576627], [2.374050635069351, 48.88061300625249], [2.374289396178209, 48.88014750220122], [2.374394891737162, 48.87965162326861], [2.374250247140198, 48.87841248866242]]], ""type"": ""Polygon""}";75;75119;Paris 19e Arrondissement;7611;751197611;Combat 11;H;48.879347296489996, 2.372896522094601;IRIS____0000000751197611
"{""coordinates"": [[[2.39143129021869, 48.869111118804845], [2.389647950671858, 48.86866316137758], [2.389163190113552, 48.87024352219909], [2.389995174773563, 48.87125861910014], [2.390194484628659, 48.87158519418004], [2.389920392744331, 48.871939934329134], [2.389478824041325, 48.872857702593635], [2.389805125952917, 48.872701982853734], [2.390517527248624, 48.87217320609841], [2.391123532766342, 48.871881308287506], [2.391325737222616, 48.87172765100994], [2.391425592667707, 48.87158246640657], [2.391383285286012, 48.87135292073452], [2.391094104719126, 48.870899983416976], [2.390773059602196, 48.86990818035753], [2.39143129021869, 48.869111118804845]]], ""type"": ""Polygon""}";75;75120;Paris 20e Arrondissement;7703;751207703;Belleville 3;H;48.87047178543981, 2.390299956117685;IRIS____0000000751207703
"{""coordinates"": [[[2.311971204590482, 48.86992362405012], [2.312867308464373, 48.87040812204734], [2.311991895838291, 48.87145352645381], [2.31244051527816, 48.872066757917224], [2.312461150100196, 48.87225933570759], [2.312863474050309, 48.87214563078187], [2.315726526363486, 48.87131305280602], [2.31615581685082, 48.87122107518355], [2.317492584396859, 48.87043818241677], [2.317679392698118, 48.87033132626939], [2.31619668079404, 48.86841985241347], [2.315928006584508, 48.86832478525301], [2.315464195972031, 48.86834821451107], [2.315181257230982, 48.86840505341484], [2.314899861429948, 48.86855183499104], [2.314617531738895, 48.86887308345624], [2.314729848156716, 48.86904010533398], [2.311971204590482, 48.86992362405012]]], ""type"": ""Polygon""}";75;75108;Paris 8e Arrondissement;3102;751083102;Madeleine 2;A;48.87029768489049, 2.314738228371718;IRIS____0000000751083102
"{""coordinates"": [[[2.371791555807094, 48.89539325117097], [2.371344110693875, 48.89573803974827], [2.371175976445192, 48.89599436179118], [2.370420494086906, 48.896658585087174], [2.370316492053774, 48.898716572572646], [2.370477942397113, 48.898788467218395], [2.370974386331278, 48.898793773630146], [2.371107362683898, 48.89873871444735], [2.37133188153986, 48.89878395964869], [2.374098659325397, 48.89885420869353], [2.381758619246172, 48.89900730924467], [2.382688549547481, 48.89754082775021], [2.382823633085557, 48.89707657802737], [2.383309925786995, 48.896325456641875], [2.383465503603943, 48.89620305139854], [2.383548825232754, 48.895847351127934], [2.383450808285767, 48.895946670647966], [2.383334325137472, 48.89599283533938], [2.381439404727287, 48.89591021817924], [2.380284962993162, 48.89606972398734], [2.379697364795716, 48.89593268369933], [2.379518815342009, 48.89592186625288], [2.37893821626942, 48.8961131090361], [2.377576857922787, 48.896465767869294], [2.376756599069387, 48.896622479519124], [2.376608074982524, 48.89661001536992], [2.376162680160673, 48.896444020490364], [2.373955875499975, 48.89598194682269], [2.372104898690937, 48.895310358617024], [2.371942697516419, 48.89530141420083], [2.371791555807094, 48.89539325117097]]], ""type"": ""Polygon""}";75;75119;Paris 19e Arrondissement;7413;751197413;Pont de Flandre 13;A;48.89742488714943, 2.3765360671345053;IRIS____0000000751197413
"{""coordinates"": [[[2.352068212819877, 48.842183857944235], [2.351880439414871, 48.84084818550789], [2.350714551344258, 48.84103252823299], [2.350746920560862, 48.841168507856246], [2.350071600830936, 48.84134741155246], [2.350016760939392, 48.84148381686538], [2.349632899644473, 48.84145385027221], [2.349785027701892, 48.842365732232714], [2.349245824803476, 48.84451857117394], [2.349570067191699, 48.844414209859], [2.352304484939423, 48.843784203340405], [2.352068212819877, 48.842183857944235]]], ""type"": ""Polygon""}";75;75105;Paris 5e Arrondissement;1807;751051807;Jardin des Plantes 7;H;48.84270572829002, 2.3508459896096427;IRIS____0000000751051807
"{""coordinates"": [[[2.372896637378593, 48.87057040149708], [2.371543710704607, 48.87016310015744], [2.371045328493689, 48.870002198791084], [2.369523432162596, 48.87206896446247], [2.369673939291909, 48.872249624499325], [2.370315630307815, 48.87375219526312], [2.370600749757913, 48.87339935650138], [2.371956110488844, 48.87180205931118], [2.372896637378593, 48.87057040149708]]], ""type"": ""Polygon""}";75;75110;Paris 10e Arrondissement;4003;751104003;Hôpital Saint-Louis 3;H;48.87161875432975, 2.371032300466793;IRIS____0000000751104003
"{""coordinates"": [[[2.380575885891117, 48.86898078767623], [2.382366809467288, 48.86763383951396], [2.383069142721887, 48.86703490416877], [2.381296519905058, 48.86661475552748], [2.380197020361616, 48.866335667200836], [2.379930174547179, 48.8666508529091], [2.37856472569805, 48.86798288835835], [2.379286766326318, 48.868251040828746], [2.380575885891117, 48.86898078767623]]], ""type"": ""Polygon""}";75;75111;Paris 11e Arrondissement;4101;751114101;Folie Méricourt 1;H;48.86757460915558, 2.380712602036861;IRIS____0000000751114101
"{""coordinates"": [[[2.376414418302487, 48.82440863364979], [2.376885196186394, 48.824108897655556], [2.373153176978775, 48.82285634864482], [2.37099195031927, 48.82215068093739], [2.36924928619377, 48.82152722662581], [2.369362711212204, 48.8217211910822], [2.36847595799914, 48.82330211303881], [2.368996517033811, 48.82350632133038], [2.369039044611718, 48.82359378522308], [2.370398409301786, 48.82415586488402], [2.37091324722079, 48.82336802295738], [2.373501496093153, 48.82379352507872], [2.375635569688338, 48.824159040346935], [2.376414418302487, 48.82440863364979]]], ""type"": ""Polygon""}";75;75113;Paris 13e Arrondissement;5009;751135009;Gare 9;H;48.82311335684865, 2.371655035480192;IRIS____0000000751135009
"{""coordinates"": [[[2.280391323890181, 48.83197907722494], [2.279110853401828, 48.83246512471936], [2.279051930653324, 48.832489952136996], [2.275304441773053, 48.829435496035586], [2.272852607332394, 48.827957320168785], [2.271099017149216, 48.82789178277648], [2.267826452957425, 48.82783581676446], [2.267625707632297, 48.82796859560446], [2.267338606820311, 48.83153198439503], [2.269930760703455, 48.83301112510872], [2.268101694609093, 48.83442815870259], [2.267788866344093, 48.8345854338486], [2.267475422198173, 48.83459250838535], [2.264992745234484, 48.83423731299125], [2.265174518060606, 48.83438952535263], [2.265680463404331, 48.834643558976474], [2.266012444379083, 48.83496487562586], [2.266883606129789, 48.83540641620083], [2.26711620674588, 48.83562639016067], [2.267358974471845, 48.835898589716585], [2.266979838236231, 48.836023078897455], [2.267949559187465, 48.83682136785154], [2.268493696208355, 48.83746325319407], [2.268925364970497, 48.838062177682], [2.269596061211816, 48.83861939005809], [2.269581644984088, 48.838773094955506], [2.271473418585961, 48.8379464151502], [2.274054978834914, 48.83708701915716], [2.274882508877436, 48.836852804955655], [2.278251504157705, 48.83608622802547], [2.279185058795335, 48.8358670137779], [2.281028901187046, 48.8353357879274], [2.282661159778433, 48.83483204488671], [2.28399176199377, 48.83436784539568], [2.283656714714783, 48.83406364890663], [2.280773971177616, 48.83208930424618], [2.280391323890181, 48.83197907722494]]], ""type"": ""Polygon""}";75;75115;Paris 15e Arrondissement;6001;751156001;Javel 1;H;48.83317122582346, 2.273461934698171;IRIS____0000000751156001
"{""coordinates"": [[[2.351651737500054, 48.861642744497885], [2.353499932088789, 48.861212962299895], [2.355146374700977, 48.860672344183726], [2.35406728438636, 48.8595378426783], [2.353015452158459, 48.85796819209832], [2.352386110558266, 48.85728218093486], [2.34959327774872, 48.85805846212478], [2.350131844514845, 48.85902639045958], [2.350218111144884, 48.85899448233044], [2.350495456043918, 48.85937911073384], [2.351651737500054, 48.861642744497885]]], ""type"": ""Polygon""}";75;75104;Paris 4e Arrondissement;1302;751041302;Saint-Merri 2;H;48.859483954564205, 2.3522516771702424;IRIS____0000000751041302
"{""coordinates"": [[[2.348995549228066, 48.87720760996743], [2.34909503783491, 48.87742938727238], [2.349252958934487, 48.878867381437395], [2.349530386371681, 48.87968998015834], [2.349852552535392, 48.88064322366406], [2.349835975240238, 48.88109729612057], [2.352169522072761, 48.88062070980253], [2.352287205339626, 48.88058717195387], [2.352323415990171, 48.88052621330351], [2.352283026510915, 48.880484625532446], [2.352342415965058, 48.880423792273156], [2.352063388076111, 48.87950676230266], [2.351622966185114, 48.87939735723991], [2.351331957621502, 48.878348957030695], [2.35135995379258, 48.8782906520408], [2.351262710229496, 48.878106661037776], [2.35191793207603, 48.877718100378296], [2.351557842414144, 48.87761902235491], [2.351408855459954, 48.87710109798889], [2.349544512178655, 48.87735808490816], [2.348995549228066, 48.87720760996743]]], ""type"": ""Polygon""}";75;75110;Paris 10e Arrondissement;3705;751103705;Saint-Vincent de Paul 5;H;48.879070525770516, 2.3505842685169838;IRIS____0000000751103705
"{""coordinates"": [[[2.360088824053962, 48.829482098521865], [2.363532727621237, 48.82667554490103], [2.363685848982885, 48.82662959226657], [2.359987902492018, 48.826162869780546], [2.35972980944877, 48.82643759633401], [2.358450899942885, 48.82808649029135], [2.35625222864776, 48.830852837639604], [2.356982190400396, 48.83109060099576], [2.357082292482382, 48.8311477995297], [2.356999275254022, 48.83125168029832], [2.358033245550308, 48.83158280695349], [2.358846555037387, 48.83058347148346], [2.359933931512251, 48.82956041441793], [2.360088824053962, 48.829482098521865]]], ""type"": ""Polygon""}";75;75113;Paris 13e Arrondissement;5028;751135028;Gare 28;H;48.828559836925905, 2.3596413922417465;IRIS____0000000751135028
"{""coordinates"": [[[2.275529934778163, 48.84467496483546], [2.276210389214069, 48.84542376031401], [2.276334743510678, 48.845496462009194], [2.276938462777419, 48.84608110367132], [2.282748401287394, 48.84344225723042], [2.280860102096954, 48.84125084862889], [2.279139097999451, 48.84185026339341], [2.280034654437691, 48.84281078737668], [2.278524351015219, 48.84344203924901], [2.279255046037304, 48.84420551095137], [2.277098694649628, 48.84523756595954], [2.277302795593445, 48.843981482259636], [2.275529934778163, 48.84467496483546]]], ""type"": ""Polygon""}";75;75115;Paris 15e Arrondissement;6012;751156012;Javel 12;H;48.843710569861635, 2.279560483146088;IRIS____0000000751156012
"{""coordinates"": [[[2.256314048671712, 48.83999903470431], [2.256976747193274, 48.838529077715215], [2.256986869904, 48.83839243553841], [2.256675469128465, 48.83835002894292], [2.25643607833931, 48.83822622600498], [2.255140283347635, 48.83832788788105], [2.255357206318943, 48.8385936548796], [2.254706908516026, 48.83928841943274], [2.254453874527906, 48.84078520032222], [2.254500593095844, 48.840948278123484], [2.254664480046929, 48.84111208597531], [2.254845654795527, 48.84140101414671], [2.254631422904379, 48.84247083250605], [2.254633350415072, 48.842526605602465], [2.254733773561864, 48.84255511181366], [2.254757217625165, 48.842630805136736], [2.254669029950221, 48.842699507382804], [2.255299469687428, 48.84416041552644], [2.255833377597784, 48.84513146055963], [2.255873395884249, 48.84538263371415], [2.256178127119736, 48.845990703890436], [2.256549949635056, 48.84695893733556], [2.256968174090241, 48.847445395679166], [2.258394737494244, 48.847458743851675], [2.258465202376581, 48.8471992632526], [2.256083915917654, 48.842471779490154], [2.256047494907815, 48.842064137299545], [2.256314048671712, 48.83999903470431]]], ""type"": ""Polygon""}";75;75116;Paris 16e Arrondissement;6108;751166108;Auteuil 8;H;48.84285227571471, 2.256101673428107;IRIS____0000000751166108
"{""coordinates"": [[[2.334305301397213, 48.89055742575379], [2.334953772079551, 48.89168068828455], [2.339639410853863, 48.891186810466074], [2.336641500515461, 48.89023853973511], [2.335776810386216, 48.890347960652655], [2.334305301397213, 48.89055742575379]]], ""type"": ""Polygon""}";75;75118;Paris 18e Arrondissement;6913;751186913;Grandes Carrières 13;H;48.890966163596254, 2.33650115399237;IRIS____0000000751186913
"{""coordinates"": [[[2.318022271013671, 48.86080289840895], [2.31803020914161, 48.86050885581761], [2.318121728366433, 48.86038976359906], [2.318286080569324, 48.860329544064804], [2.318003311320483, 48.85923162297991], [2.317534446881506, 48.85756604619991], [2.316888279157803, 48.85570429277944], [2.318051621270251, 48.855436625055866], [2.317122577682769, 48.851761950309154], [2.314504083135025, 48.85180273736721], [2.314733979598688, 48.85369990068377], [2.315220125272401, 48.85798181655476], [2.314751844700716, 48.85804119131121], [2.314614421860583, 48.858126742239264], [2.314959943070394, 48.86097696962883], [2.318022271013671, 48.86080289840895]]], ""type"": ""Polygon""}";75;75107;Paris 7e Arrondissement;2602;751072602;Invalides 2;H;48.85646329734722, 2.3162505603712646;IRIS____0000000751072602
"{""coordinates"": [[[2.312550891398833, 48.880851234363746], [2.316479725210513, 48.88134138386315], [2.318234212021124, 48.87950055632734], [2.319828382724574, 48.87823256689645], [2.318154463347347, 48.87788489384693], [2.316297353435521, 48.877783468862084], [2.312550891398833, 48.880851234363746]]], ""type"": ""Polygon""}";75;75108;Paris 8e Arrondissement;3204;751083204;Europe 4;H;48.879546476898085, 2.3162386701867224;IRIS____0000000751083204
"{""coordinates"": [[[2.34190989631775, 48.8768594962075], [2.342221574302251, 48.877011398245365], [2.342412940707686, 48.877729219756496], [2.343220081108162, 48.879246330846236], [2.345313621251593, 48.8787703591865], [2.345008348839841, 48.87832441835731], [2.344345027656415, 48.87653560736398], [2.342475963615163, 48.876517261808296], [2.341297384443434, 48.87656114529056], [2.34190989631775, 48.8768594962075]]], ""type"": ""Polygon""}";75;75109;Paris 9e Arrondissement;3602;751093602;Rochechouart 2;H;48.87774060850758, 2.34357754406603;IRIS____0000000751093602
"{""coordinates"": [[[2.40153186483667, 48.842985650221806], [2.402315594704845, 48.84284477181133], [2.402301757114098, 48.841081060674085], [2.404696524648475, 48.84088974685405], [2.404464919623959, 48.840053089080165], [2.404380849332338, 48.83977926508219], [2.402519058144565, 48.83971601877366], [2.400109892149316, 48.839741734455], [2.400366597146495, 48.839930088485154], [2.40153186483667, 48.842985650221806]]], ""type"": ""Polygon""}";75;75112;Paris 12e Arrondissement;4505;751124505;Bel-Air 5;H;48.840820154237974, 2.4022537864321545;IRIS____0000000751124505
"{""coordinates"": [[[2.326770977882546, 48.82783949990355], [2.326375906345679, 48.827947898593706], [2.322662561028742, 48.829312864215765], [2.323631066664558, 48.83047044538774], [2.323993399441084, 48.83099772877806], [2.324711543959752, 48.83203156898608], [2.324961138116501, 48.832534828304276], [2.325209198349687, 48.83189407547592], [2.326205769067125, 48.82941292326983], [2.326759742712344, 48.82818209915244], [2.326805222574929, 48.828035756791515], [2.326770977882546, 48.82783949990355]]], ""type"": ""Polygon""}";75;75114;Paris 14e Arrondissement;5513;751145513;Petit Montrouge 13;H;48.829824086449904, 2.3248680829695254;IRIS____0000000751145513
"{""coordinates"": [[[2.380825822745767, 48.88717734738884], [2.381428036803986, 48.88733874097147], [2.384301179881741, 48.888281650678515], [2.384506168096813, 48.887899593142095], [2.38481594396273, 48.88661245490962], [2.384632417229442, 48.88656384766393], [2.384531197382888, 48.886474294344694], [2.382260962414133, 48.88587084770205], [2.382130851787533, 48.88603295408986], [2.380825822745767, 48.88717734738884]]], ""type"": ""Polygon""}";75;75119;Paris 19e Arrondissement;7312;751197312;Villette 12;H;48.88702598318748, 2.3830812519787803;IRIS____0000000751197312
"{""coordinates"": [[[2.388367174253939, 48.87951967478087], [2.38931611044032, 48.87952631777212], [2.38949664739242, 48.8795955875765], [2.38996814969251, 48.87915372245567], [2.389793604741266, 48.879038618067824], [2.389814536618627, 48.87888134208275], [2.389490005499373, 48.87806849186411], [2.389223911393891, 48.87692408508268], [2.389563961293636, 48.87687725567521], [2.38952809814851, 48.876098251615176], [2.388828749934016, 48.876090186494096], [2.387602881567588, 48.87633393587681], [2.387778352602073, 48.87671704939274], [2.387931040115699, 48.87764683928699], [2.388195522918005, 48.87857809888732], [2.388367174253939, 48.87951967478087]]], ""type"": ""Polygon""}";75;75119;Paris 19e Arrondissement;7507;751197507;Amérique 7;H;48.8777837608551, 2.3887890287477895;IRIS____0000000751197507
"{""coordinates"": [[[2.383069142721887, 48.86703490416877], [2.382366809467288, 48.86763383951396], [2.385828681331946, 48.8689646882214], [2.386230968415872, 48.868491001867774], [2.386298342169244, 48.86855789837931], [2.388252817182714, 48.86905714363598], [2.388292719613256, 48.86914188531882], [2.388259137466535, 48.86921545937685], [2.38858191732084, 48.86947431917969], [2.388530645655272, 48.869545104915645], [2.388772437534571, 48.86961918622022], [2.389163190113552, 48.87024352219909], [2.389647950671858, 48.86866316137758], [2.383347495835124, 48.86712807128577], [2.383069142721887, 48.86703490416877]]], ""type"": ""Polygon""}";75;75120;Paris 20e Arrondissement;7706;751207706;Belleville 6;H;48.868319715170095, 2.386162892527227;IRIS____0000000751207706
"{""coordinates"": [[[2.396395315363083, 48.86754532687433], [2.397107548950103, 48.86666576614554], [2.398031480111825, 48.86551296694273], [2.398309330854922, 48.8650610967739], [2.398220074825646, 48.86499949288345], [2.398191095092454, 48.86491211116198], [2.396067773967051, 48.86499045013726], [2.395554336726714, 48.86495008586732], [2.394320466841067, 48.865790127118245], [2.395136806099618, 48.86639411504079], [2.396395315363083, 48.86754532687433]]], ""type"": ""Polygon""}";75;75120;Paris 20e Arrondissement;7913;751207913;Père Lachaise 13;H;48.86590811424307, 2.3963490615821557;IRIS____0000000751207913
"{""coordinates"": [[[2.3195628953548, 48.87340160949795], [2.319266689908278, 48.87186385042995], [2.318333272852198, 48.871932284417944], [2.318458646868268, 48.87172794835714], [2.318413003079088, 48.871673727931174], [2.318110535861716, 48.87145076702784], [2.317761565634636, 48.87134355544352], [2.318171075485341, 48.871200195343775], [2.317492584396859, 48.87043818241677], [2.31615581685082, 48.87122107518355], [2.315726526363486, 48.87131305280602], [2.312863474050309, 48.87214563078187], [2.315990914912003, 48.872877620449806], [2.3179261947046, 48.873243004015755], [2.3195628953548, 48.87340160949795]]], ""type"": ""Polygon""}";75;75108;Paris 8e Arrondissement;3104;751083104;Madeleine 4;A;48.87212916969368, 2.316860309964979;IRIS____0000000751083104
"{""coordinates"": [[[[2.399336932813713, 48.82866577323965], [2.39570666297783, 48.82772742955561], [2.394339872457587, 48.82753884257419], [2.390951448461554, 48.826084438411065], [2.390856801309236, 48.82625753517953], [2.3903560403831, 48.82668038638868], [2.389785180340196, 48.8270399217142], [2.388579716720916, 48.82796551342764], [2.38835240899175, 48.82841493586231], [2.388210328340551, 48.82856620275082], [2.389590018976143, 48.82916593754227], [2.391565518143597, 48.829957556024254], [2.392202342170251, 48.83013437226654], [2.395255495887533, 48.83080548888106], [2.39643215641114, 48.83118646911969], [2.397794614081284, 48.831759039052116], [2.40126552536419, 48.82951995141085], [2.401026650227233, 48.82920667435123], [2.399336932813713, 48.82866577323965]]], [[[2.379593457083153, 48.83986732386837], [2.381096812182529, 48.83867536182267], [2.381796138188216, 48.83818342897268], [2.382037472971983, 48.83793825041155], [2.383181882686851, 48.8370205105527], [2.382483831064524, 48.8366023018989], [2.38624145286584, 48.83358448486305], [2.386288626723776, 48.83351187822542], [2.384981469025795, 48.832531149268306], [2.384198844709466, 48.83201088520583], [2.380828291554929, 48.83467090021806], [2.380270030640109, 48.83498908273458], [2.380090863627236, 48.83527685075767], [2.378012801742571, 48.836912800661224], [2.377161692687922, 48.83779154779134], [2.376372802020818, 48.83847814892297], [2.375937291670181, 48.8387798624734], [2.379022778154241, 48.84042196718047], [2.379593457083153, 48.83986732386837]]]], ""type"": ""MultiPolygon""}";75;75112;Paris 12e Arrondissement;4708;751124708;Jardin de Bercy;D;48.832462843923615, 2.388242358206798;IRIS____0000000751124708
"{""coordinates"": [[[2.351704637798709, 48.84643766511975], [2.351628966567298, 48.846605435247945], [2.350519228279287, 48.84806896823668], [2.352574145454497, 48.84752430244543], [2.352834413540317, 48.847415089495506], [2.353105939214732, 48.84738687911612], [2.353400158815481, 48.847286842089744], [2.354445906390378, 48.84658109654752], [2.354540002228952, 48.84657530872944], [2.354961541597278, 48.846316768097886], [2.355209085356635, 48.84613373385356], [2.355251330835264, 48.84602334032646], [2.356980360073035, 48.84482300710536], [2.355247144501433, 48.843938600648144], [2.354921400212138, 48.84383521679328], [2.354544687713377, 48.84608698193486], [2.354347550324824, 48.84605084317006], [2.353635974294777, 48.845743017255984], [2.352814342194144, 48.84595891849874], [2.351985864738388, 48.846396019459604], [2.351704637798709, 48.84643766511975]]], ""type"": ""Polygon""}";75;75105;Paris 5e Arrondissement;1701;751051701;Saint-Victor 1;H;48.84607898169552, 2.3538666129277463;IRIS____0000000751051701
"{""coordinates"": [[[2.319142060375021, 48.84551930427191], [2.316982623504709, 48.84663569578156], [2.316712552321028, 48.84686349107318], [2.319420835184011, 48.84785833316254], [2.320555394566371, 48.84842508368592], [2.323287262396386, 48.849819285566745], [2.324605350047455, 48.84853435336278], [2.322782446683642, 48.84755813535734], [2.320749573224252, 48.84649165953033], [2.319142060375021, 48.84551930427191]]], ""type"": ""Polygon""}";75;75106;Paris 6e Arrondissement;2308;751062308;Notre-Dame des Champs 8;H;48.84759840045331, 2.3208070090728836;IRIS____0000000751062308
"{""coordinates"": [[[2.330463707347445, 48.854473360719666], [2.330732889977583, 48.855055849755345], [2.331347623117892, 48.85590018252388], [2.333270093392226, 48.85829059658666], [2.334887869343846, 48.85786970918829], [2.335182857488519, 48.857823682763446], [2.336260337146086, 48.85787283291314], [2.336111156211742, 48.85760040112994], [2.33642981442429, 48.85740790858532], [2.336523267265558, 48.85713322502779], [2.336965692875883, 48.85385483568239], [2.336991541368246, 48.852894467540835], [2.335843194540951, 48.853174094003144], [2.330463707347445, 48.854473360719666]]], ""type"": ""Polygon""}";75;75106;Paris 6e Arrondissement;2402;751062402;Saint-Germain des Prés 2;H;48.855563056021566, 2.3342170489879734;IRIS____0000000751062402
"{""coordinates"": [[[2.320427261801884, 48.874656602471035], [2.319973798425609, 48.87471877972011], [2.319823751205422, 48.874619899216185], [2.319436336965455, 48.87453136064785], [2.319397283493619, 48.87480723587464], [2.319330351973698, 48.87481674804142], [2.319403583787788, 48.875264136075096], [2.319009710987573, 48.875564973308556], [2.316297353435521, 48.877783468862084], [2.318154463347347, 48.87788489384693], [2.319828382724574, 48.87823256689645], [2.322235002454951, 48.87875344192396], [2.322649176402915, 48.878045310399905], [2.323944238531564, 48.8755443788629], [2.324216630223158, 48.87525183319696], [2.321586442859528, 48.8750534908404], [2.320461914600719, 48.87492660101948], [2.320352188117462, 48.8747676943475], [2.320427261801884, 48.874656602471035]]], ""type"": ""Polygon""}";75;75108;Paris 8e Arrondissement;3201;751083201;Europe 1;H;48.87669464455481, 2.3206286723357783;IRIS____0000000751083201
"{""coordinates"": [[[2.335444774564567, 48.876826478593934], [2.334196248382113, 48.876901380676486], [2.334347193916698, 48.87799940991629], [2.334517433643311, 48.878655072404776], [2.334798448690135, 48.87928526911312], [2.337004727377975, 48.87884963943867], [2.337452758059866, 48.878465405951395], [2.337401829458697, 48.87839587530023], [2.337431273298469, 48.878332185487814], [2.33761141446188, 48.878319692337925], [2.339088757525873, 48.87687003492268], [2.3392441529549, 48.876765670439724], [2.338296869279737, 48.87684767363591], [2.33706459019299, 48.87671764677186], [2.33666918036661, 48.87671815441098], [2.335444774564567, 48.876826478593934]]], ""type"": ""Polygon""}";75;75109;Paris 9e Arrondissement;3302;751093302;Saint-Georges 2;H;48.877790319189636, 2.3362414072559465;IRIS____0000000751093302
"{""coordinates"": [[[2.379083321889079, 48.82115778649213], [2.375760973479089, 48.820055838816664], [2.375730090553787, 48.82070143110605], [2.374923507465811, 48.822088554322306], [2.373240798366478, 48.8216858192425], [2.372476995748057, 48.82154870552784], [2.37308630139134, 48.82264104707839], [2.373153176978775, 48.82285634864482], [2.376885196186394, 48.824108897655556], [2.377020817998499, 48.824043949880526], [2.377208648593897, 48.82382727945449], [2.379083321889079, 48.82115778649213]]], ""type"": ""Polygon""}";75;75113;Paris 13e Arrondissement;5001;751135001;Gare 1;H;48.82216346491152, 2.3761183632182674;IRIS____0000000751135001
"{""coordinates"": [[[2.324244459914423, 48.84326205137007], [2.324641767064501, 48.84362134267156], [2.329574854219896, 48.841994259476934], [2.329604483708527, 48.841915281393426], [2.32945231715434, 48.84188115203048], [2.325559581398984, 48.84134932809764], [2.324883219147755, 48.84128615471936], [2.324244459914423, 48.84326205137007]]], ""type"": ""Polygon""}";75;75114;Paris 14e Arrondissement;5307;751145307;Montparnasse 7;H;48.84230656145543, 2.326286431082527;IRIS____0000000751145307
"{""coordinates"": [[[2.329574854219896, 48.841994259476934], [2.3298321288791, 48.84190756326686], [2.329645452249143, 48.84180219095963], [2.330591419751279, 48.839334231226935], [2.330525413065713, 48.83938152828637], [2.330062396706929, 48.839469772123635], [2.324844512348838, 48.84122388000075], [2.324883219147755, 48.84128615471936], [2.325559581398984, 48.84134932809764], [2.32945231715434, 48.84188115203048], [2.329604483708527, 48.841915281393426], [2.329574854219896, 48.841994259476934]]], ""type"": ""Polygon""}";75;75114;Paris 14e Arrondissement;5308;751145308;Montparnasse 8;H;48.8408191625165, 2.3283284003320874;IRIS____0000000751145308
"{""coordinates"": [[[2.279006186823759, 48.859731498719704], [2.281032911144368, 48.860232042399105], [2.283128598535876, 48.859190570188694], [2.284564813485908, 48.85852464826887], [2.284290537111376, 48.85844836158936], [2.282149308212602, 48.858149540505906], [2.280781824406636, 48.85788321389835], [2.280622091023436, 48.85849471582133], [2.279006186823759, 48.859731498719704]]], ""type"": ""Polygon""}";75;75116;Paris 16e Arrondissement;6215;751166215;Muette 15;H;48.859041804547296, 2.281561603886512;IRIS____0000000751166215
"{""coordinates"": [[[2.319297852728469, 48.89462074062222], [2.319816306829857, 48.89450407650366], [2.320610917313509, 48.89423339421539], [2.318573195569058, 48.89162996226085], [2.318443464337473, 48.89153839202542], [2.317885517532491, 48.89186077101762], [2.317528886078588, 48.89211954343665], [2.319297852728469, 48.89462074062222]]], ""type"": ""Polygon""}";75;75117;Paris 17e Arrondissement;6812;751176812;Épinettes 12;H;48.89315016672083, 2.319013355964308;IRIS____0000000751176812
"{""coordinates"": [[[2.340647601406855, 48.891269707983], [2.339639410853863, 48.891186810466074], [2.340207117089097, 48.89309650532556], [2.344312723525916, 48.89253089905847], [2.343639293338842, 48.89120700326115], [2.341947284936658, 48.89127415940056], [2.340647601406855, 48.891269707983]]], ""type"": ""Polygon""}";75;75118;Paris 18e Arrondissement;7013;751187013;Clignancourt 13;H;48.89204873656614, 2.341846734094718;IRIS____0000000751187013
"{""coordinates"": [[[2.353566491291557, 48.888474900295236], [2.353448493588996, 48.887104590235495], [2.350742358501664, 48.88670683380024], [2.351531212328244, 48.88829931857893], [2.353566491291557, 48.888474900295236]]], ""type"": ""Polygon""}";75;75118;Paris 18e Arrondissement;7106;751187106;Goutte d'Or 6;H;48.88761144977484, 2.3522926271630626;IRIS____0000000751187106
"{""coordinates"": [[[2.379132113379148, 48.89232079096476], [2.380067325039471, 48.89304149427563], [2.382398276781145, 48.89165509722858], [2.383861411003948, 48.89087123289145], [2.382635743979179, 48.890261475818306], [2.382107760165522, 48.890737191182005], [2.380344591949739, 48.89163279641304], [2.379132113379148, 48.89232079096476]]], ""type"": ""Polygon""}";75;75119;Paris 19e Arrondissement;7404;751197404;Pont de Flandre 4;H;48.891647261255066, 2.3814251262197774;IRIS____0000000751197404
"{""coordinates"": [[[2.406009625624646, 48.858854530641125], [2.406224247127948, 48.859038162677116], [2.407263890793875, 48.85954515070536], [2.408482880456408, 48.86010427855883], [2.409052940513529, 48.86055676646759], [2.409230865022706, 48.86061250485154], [2.409336114962119, 48.86070655602768], [2.409352137182538, 48.86061580148735], [2.410127597396623, 48.856170568854395], [2.409714999732078, 48.85637898126821], [2.409271396552414, 48.856677173782074], [2.407576243059744, 48.85772732336209], [2.406331947592201, 48.85855754769394], [2.406009625624646, 48.858854530641125]]], ""type"": ""Polygon""}";75;75120;Paris 20e Arrondissement;8019;751208019;Charonne 19;H;48.8585236956622, 2.408462849100762;IRIS____0000000751208019
"{""coordinates"": [[[2.359619565914243, 48.864688559320065], [2.358766306732989, 48.86390785658917], [2.358250912438201, 48.86336548709481], [2.356733430202267, 48.86383489252408], [2.355157799621591, 48.86426439420452], [2.355740164501207, 48.86545196682287], [2.356589028042991, 48.865372894328075], [2.359619565914243, 48.864688559320065]]], ""type"": ""Polygon""}";75;75103;Paris 3e Arrondissement;0904;751030904;Arts et Métiers 4;H;48.86447606131274, 2.357265511382003;IRIS____0000000751030904
"{""coordinates"": [[[2.363872116727157, 48.867516286784095], [2.364306784904801, 48.86730904968624], [2.364858189028701, 48.866248055796426], [2.365426063659955, 48.86528787220735], [2.364727630039896, 48.86476974268821], [2.36449812943786, 48.864698375486256], [2.36344108117722, 48.864525480032306], [2.362616233742182, 48.86498335259782], [2.360888418426915, 48.86581862168858], [2.361456628367953, 48.86639363646506], [2.36201050901712, 48.86680399222721], [2.362146665643204, 48.86681730872113], [2.362838639050925, 48.86708360230209], [2.362918106019649, 48.86716226804502], [2.36301756960022, 48.86716639480335], [2.363872116727157, 48.867516286784095]]], ""type"": ""Polygon""}";75;75103;Paris 3e Arrondissement;1001;751031001;Enfants Rouges 1;H;48.86593444411897, 2.363357534281915;IRIS____0000000751031001
"{""coordinates"": [[[2.376994524397442, 48.85793265324636], [2.373490399967642, 48.85645471563446], [2.371983110989935, 48.85814208692265], [2.373778692921376, 48.85877654346786], [2.375876422775739, 48.85945122059926], [2.376994524397442, 48.85793265324636]]], ""type"": ""Polygon""}";75;75111;Paris 11e Arrondissement;4315;751114315;Roquette 15;H;48.857990785413406, 2.3745290878180194;IRIS____0000000751114315
"{""coordinates"": [[[2.360890616340624, 48.82108262042645], [2.363324937964329, 48.82182859994813], [2.364739130615731, 48.82000588551363], [2.363273764295258, 48.81955020035489], [2.362022923797809, 48.81926202708311], [2.360890616340624, 48.82108262042645]]], ""type"": ""Polygon""}";75;75113;Paris 13e Arrondissement;5102;751135102;Maison Blanche 2;H;48.82052141809246, 2.3627697472047653;IRIS____0000000751135102
"{""coordinates"": [[[2.341795702304383, 48.826448159147766], [2.341592211729773, 48.82649020905758], [2.341600018072802, 48.82835285906384], [2.34128286098483, 48.83027487399309], [2.341249912243379, 48.83158867631544], [2.34115748484886, 48.83178782785168], [2.341072060968536, 48.831971728544545], [2.344236345114972, 48.83113021935095], [2.344164147812027, 48.83080514997004], [2.343882722357059, 48.830111089187575], [2.343284407789672, 48.82905283987517], [2.342839906440678, 48.82854584916146], [2.342540342080222, 48.82821233339814], [2.341795702304383, 48.826448159147766]]], ""type"": ""Polygon""}";75;75113;Paris 13e Arrondissement;5118;751135118;Maison Blanche 18;H;48.82983771951324, 2.3424182305657566;IRIS____0000000751135118
"{""coordinates"": [[[2.319327980186944, 48.82460727234213], [2.318386835669022, 48.82481056785773], [2.31901568969273, 48.825574126354034], [2.319585359343969, 48.82617725478254], [2.321022593752589, 48.825849955195956], [2.321690307149265, 48.82561990585049], [2.321239000742426, 48.82544466434768], [2.32585204753316, 48.824426579287866], [2.325519815947002, 48.82315388176638], [2.324914638926295, 48.82329166958592], [2.323815362158869, 48.82361373258855], [2.319327980186944, 48.82460727234213]]], ""type"": ""Polygon""}";75;75114;Paris 14e Arrondissement;5504;751145504;Petit Montrouge 4;H;48.824660233001175, 2.3221484610666887;IRIS____0000000751145504
"{""coordinates"": [[[2.316139261464687, 48.829802775881696], [2.314289867066489, 48.830695160242406], [2.313827927603143, 48.830394817455606], [2.31334337002551, 48.83015729925403], [2.312326034472715, 48.83096359055444], [2.314153916589927, 48.83181320353586], [2.31716374243846, 48.83114869914078], [2.316139261464687, 48.829802775881696]]], ""type"": ""Polygon""}";75;75114;Paris 14e Arrondissement;5610;751145610;Plaisance 10;H;48.83090018467894, 2.3148346533935675;IRIS____0000000751145610
"{""coordinates"": [[[2.262001399226032, 48.83853949796551], [2.263186039101238, 48.83810790600278], [2.262760016321318, 48.83778870097369], [2.263574287100548, 48.837436664866765], [2.263538505390378, 48.837269160713184], [2.26292631783592, 48.83672306626253], [2.261755861499594, 48.83557813647484], [2.261574882607577, 48.83556262928875], [2.26128588756636, 48.8356705688222], [2.26016479503352, 48.837099044923086], [2.261313597339424, 48.83794526244096], [2.262001399226032, 48.83853949796551]]], ""type"": ""Polygon""}";75;75116;Paris 16e Arrondissement;6101;751166101;Auteuil 1;H;48.83708760573007, 2.2618613579052966;IRIS____0000000751166101
"{""coordinates"": [[[2.258950587565175, 48.84440163494573], [2.258737415945541, 48.844348150796314], [2.258605374476376, 48.84424300558952], [2.257147977185315, 48.84238395768461], [2.257597766996665, 48.84132189280212], [2.256630485307645, 48.8400711527593], [2.256314048671712, 48.83999903470431], [2.256047494907815, 48.842064137299545], [2.256083915917654, 48.842471779490154], [2.258465202376581, 48.8471992632526], [2.258708689011429, 48.84751734970587], [2.258930550350099, 48.84791894278916], [2.259731885987998, 48.84791491002762], [2.259660899179801, 48.847731899170164], [2.259014580154068, 48.84670531643791], [2.258716732895638, 48.845993869319464], [2.25869488562401, 48.84513483611699], [2.258787497537317, 48.84475497646106], [2.258950587565175, 48.84440163494573]]], ""type"": ""Polygon""}";75;75116;Paris 16e Arrondissement;6109;751166109;Auteuil 9;H;48.84387865903607, 2.2575815380922784;IRIS____0000000751166109
"{""coordinates"": [[[2.28165264856612, 48.85621114243183], [2.282036553744908, 48.85653991353277], [2.282609619867908, 48.856197097633896], [2.282183491269903, 48.85586627627562], [2.281937443277526, 48.855621973151536], [2.281922180269435, 48.85554273797406], [2.28360121141938, 48.85455721154611], [2.282936553317296, 48.85403070222509], [2.280736337170161, 48.85268734194921], [2.280355632775107, 48.85291888675747], [2.280205024118522, 48.85296924442277], [2.27741728572838, 48.85370880447998], [2.278358555685341, 48.854333245090736], [2.279037072455437, 48.854643117722055], [2.279591750358576, 48.85484161960625], [2.280473014046091, 48.855176087695185], [2.28165264856612, 48.85621114243183]]], ""type"": ""Polygon""}";75;75116;Paris 16e Arrondissement;6201;751166201;Muette 1;H;48.854316813103544, 2.280800321478598;IRIS____0000000751166201
"{""coordinates"": [[[2.313656051163419, 48.88380109524854], [2.312724803578299, 48.88327503934218], [2.311274667058536, 48.88187633583667], [2.311147850132671, 48.88187650556545], [2.308994384028619, 48.882827282823335], [2.309008105985789, 48.88292359075409], [2.30727277266972, 48.88329128295304], [2.308712943282213, 48.88399748973578], [2.307208884250521, 48.88522357991429], [2.309563618593012, 48.88597013718156], [2.310323901867206, 48.885402544096834], [2.310734065119798, 48.885013696659755], [2.310882630543066, 48.885122471672844], [2.313656051163419, 48.88380109524854]]], ""type"": ""Polygon""}";75;75117;Paris 17e Arrondissement;6602;751176602;Plaine Monceau 2;H;48.883932472629496, 2.3102440430973985;IRIS____0000000751176602
"{""coordinates"": [[[2.414701692063775, 48.85870400053104], [2.414777613619788, 48.858254699802664], [2.414633672540043, 48.858207229875724], [2.414471033849807, 48.8582469046859], [2.414432070595024, 48.85783301557768], [2.413765308573701, 48.85785763068367], [2.413469988661504, 48.85781841108334], [2.411481843788328, 48.857179108215455], [2.411569599793694, 48.858701231157994], [2.411203190393366, 48.860731045579165], [2.409352137182538, 48.86061580148735], [2.409336114962119, 48.86070655602768], [2.40873391082897, 48.86392682209372], [2.408742229271848, 48.86451503150666], [2.409007739196652, 48.86454152441294], [2.410957601593311, 48.8649720278358], [2.411378545279628, 48.864995682997176], [2.411846232183755, 48.8651050035979], [2.413883736160339, 48.86526159131493], [2.413977335687163, 48.865181109176135], [2.414117481122137, 48.86350722538999], [2.414370428780846, 48.860649457756914], [2.414701692063775, 48.85870400053104]]], ""type"": ""Polygon""}";75;75120;Paris 20e Arrondissement;8021;751208021;Charonne 21;H;48.86174479229099, 2.412033533437471;IRIS____0000000751208021
"{""coordinates"": [[[2.351510758459, 48.86442725524994], [2.35425267163513, 48.869323712694474], [2.355742901188442, 48.86897830241318], [2.355532868031176, 48.86887554617943], [2.355022569051761, 48.86792039496533], [2.354886413632751, 48.86768673164428], [2.355122569099152, 48.867661024017266], [2.356808071278973, 48.86728427589825], [2.355639992875577, 48.86550538817116], [2.355740164501207, 48.86545196682287], [2.355157799621591, 48.86426439420452], [2.353317310341061, 48.8648345406996], [2.351510758459, 48.86442725524994]]], ""type"": ""Polygon""}";75;75103;Paris 3e Arrondissement;0905;751030905;Arts et Métiers 5;H;48.866488745898444, 2.354283651503861;IRIS____0000000751030905
"{""coordinates"": [[[2.389233868012838, 48.838985195708524], [2.388813186253551, 48.839538852631016], [2.387276443655293, 48.84126585848587], [2.387258529583018, 48.841398872054505], [2.387363161953784, 48.841538808782595], [2.388866655704539, 48.84113729026], [2.394935902460187, 48.83979661801987], [2.394864180615933, 48.83963706833157], [2.394935270847784, 48.839498926335665], [2.394598158635749, 48.8394315673212], [2.389233868012838, 48.838985195708524]]], ""type"": ""Polygon""}";75;75112;Paris 12e Arrondissement;4612;751124612;Picpus 12;H;48.840040084471774, 2.3906807870850755;IRIS____0000000751124612
"{""coordinates"": [[[2.325209198349687, 48.83189407547592], [2.324961138116501, 48.832534828304276], [2.324876785146561, 48.83273671113781], [2.32517026605283, 48.83269159997589], [2.325811529445446, 48.83356401033445], [2.3281144333373, 48.83288625108238], [2.328197604262222, 48.83298654862237], [2.3306706578561, 48.832208965959495], [2.329791274923713, 48.83120393828178], [2.329426131735775, 48.830784582036536], [2.325209198349687, 48.83189407547592]]], ""type"": ""Polygon""}";75;75114;Paris 14e Arrondissement;5514;751145514;Petit Montrouge 14;H;48.8321613494011, 2.32768262151954;IRIS____0000000751145514
"{""coordinates"": [[[2.300911619863719, 48.851176381130784], [2.301227956943836, 48.85106221151431], [2.303659545504421, 48.849505204207276], [2.302321094421135, 48.84860613896449], [2.302446212633794, 48.8485232277989], [2.301840034398582, 48.84809879026362], [2.301781441113648, 48.84799682031393], [2.301573793863481, 48.84793355226076], [2.297917369232447, 48.8490660339977], [2.298549053881686, 48.849517621565], [2.300911619863719, 48.851176381130784]]], ""type"": ""Polygon""}";75;75115;Paris 15e Arrondissement;5913;751155913;Grenelle 13;H;48.84946421871148, 2.300925179505354;IRIS____0000000751155913
"{""coordinates"": [[[2.269361263966532, 48.85468875294475], [2.270200744147877, 48.855568953749156], [2.275517458140636, 48.85419826050449], [2.27741728572838, 48.85370880447998], [2.275939805638895, 48.85273755621539], [2.275836889188411, 48.85288622744059], [2.27581647363968, 48.85298233558035], [2.27323094104762, 48.85358362110283], [2.271595318582871, 48.853889351151444], [2.2709009406797, 48.85413244643644], [2.270213800857073, 48.85444213454433], [2.269361263966532, 48.85468875294475]]], ""type"": ""Polygon""}";75;75116;Paris 16e Arrondissement;6202;751166202;Muette 2;H;48.85418332204513, 2.2732572740001613;IRIS____0000000751166202
"{""coordinates"": [[[2.278981615819666, 48.87106047848948], [2.282806455738843, 48.870215587783456], [2.281065681888142, 48.867833563655324], [2.280992495285019, 48.86780254615224], [2.280123504224159, 48.86656431424454], [2.277880920586398, 48.867359320394726], [2.277012952217638, 48.86762478473107], [2.278981615819666, 48.87106047848948]]], ""type"": ""Polygon""}";75;75116;Paris 16e Arrondissement;6307;751166307;Porte Dauphine 7;H;48.86890789636209, 2.2797912449160327;IRIS____0000000751166307
"{""coordinates"": [[[2.385691787589019, 48.87409919422547], [2.385385602057697, 48.873934843071225], [2.384756813831292, 48.87395769362035], [2.384281578163126, 48.87402359949553], [2.38366834046294, 48.8742299884653], [2.38317143735823, 48.87451341717247], [2.381878469681223, 48.87558684715348], [2.381388690955328, 48.876186870130546], [2.381241970243945, 48.87648648889035], [2.381151468634745, 48.8769887477449], [2.381170436147411, 48.8773431825269], [2.381261727985528, 48.87769259503413], [2.382594229711585, 48.877085231273206], [2.382989951048308, 48.876943378451365], [2.38387820939328, 48.87677348301237], [2.38358251122729, 48.876067783649034], [2.383561387447425, 48.87577898910847], [2.38392454264863, 48.87539234683916], [2.385691787589019, 48.87409919422547]]], ""type"": ""Polygon""}";75;75119;Paris 19e Arrondissement;7603;751197603;Combat 3;H;48.875723181179026, 2.3830245844962636;IRIS____0000000751197603
"{""coordinates"": [[[2.379834493735429, 48.87285578910707], [2.383028408513118, 48.87346675436694], [2.383085559974287, 48.87347604226992], [2.384934452232139, 48.871961183691404], [2.385707538321824, 48.87149210299872], [2.38603216816495, 48.87147847985435], [2.386045741031186, 48.871367931138856], [2.386724253848522, 48.87070859859575], [2.386784949520759, 48.87041662513852], [2.38449291690774, 48.8702151006776], [2.384303719084926, 48.87018984551114], [2.384015313629876, 48.87059935867905], [2.383379271691892, 48.87100798000692], [2.382921653937748, 48.87143010852825], [2.382126461291367, 48.87100241890219], [2.381482619112556, 48.870918153346594], [2.381067173701594, 48.87157611895271], [2.379834493735429, 48.87285578910707]]], ""type"": ""Polygon""}";75;75120;Paris 20e Arrondissement;7710;751207710;Belleville 10;H;48.8718215945642, 2.383264914872539;IRIS____0000000751207710
"{""coordinates"": [[[2.333660618265889, 48.8675065901699], [2.330284399564853, 48.86831784067884], [2.327999372502886, 48.869921153098], [2.329973073724776, 48.87026497450746], [2.332522410349862, 48.87069201592216], [2.332659457141542, 48.87031685523609], [2.332460764805721, 48.870289666374674], [2.333660618265889, 48.8675065901699]]], ""type"": ""Polygon""}";75;75102;Paris 2e Arrondissement;0502;751020502;Gaillon 2;A;48.869221174540336, 2.331198556312046;IRIS____0000000751020502
"{""coordinates"": [[[2.319436336965455, 48.87453136064785], [2.312293022004734, 48.87332498932566], [2.311534305425408, 48.8730670136299], [2.310530397593467, 48.873926401889655], [2.309649491120863, 48.874555360142814], [2.309198637543141, 48.875036604377065], [2.315791681613924, 48.87527862018343], [2.316351883419489, 48.87539513759043], [2.318350963280148, 48.87558100946869], [2.31876091431978, 48.875614820014746], [2.319009710987573, 48.875564973308556], [2.319403583787788, 48.875264136075096], [2.319330351973698, 48.87481674804142], [2.319397283493619, 48.87480723587464], [2.319436336965455, 48.87453136064785]]], ""type"": ""Polygon""}";75;75108;Paris 8e Arrondissement;3209;751083209;Europe 9;A;48.874522678617694, 2.314317362229709;IRIS____0000000751083209
"{""coordinates"": [[[2.288382518115266, 48.84994503993539], [2.28994643643084, 48.85168470384791], [2.291951476655282, 48.850957310843484], [2.292377071320709, 48.850726893987066], [2.292407257810392, 48.85071178336349], [2.288382518115266, 48.84994503993539]]], ""type"": ""Polygon""}";75;75115;Paris 15e Arrondissement;5920;751155920;Grenelle 20;A;48.85078960457403, 2.290277301892814;IRIS____0000000751155920
"{""coordinates"": [[[2.347114738902888, 48.85724094544617], [2.346788831496143, 48.856710348238984], [2.346476434928995, 48.85618971651663], [2.345144661828362, 48.85663930647614], [2.343995773891932, 48.85685065675643], [2.341545478906287, 48.85715287133798], [2.341288823638047, 48.85686276684986], [2.343376823687082, 48.85502607310906], [2.344918495507247, 48.85435641064299], [2.344634297019093, 48.854088645680854], [2.342929504859985, 48.85483295469097], [2.342506315232651, 48.85510403353222], [2.341367616268792, 48.85612842975085], [2.34056747495699, 48.8566753259982], [2.337672258257701, 48.85831054596384], [2.336388411505671, 48.85862540093857], [2.332915970801085, 48.859335467833546], [2.331211887811374, 48.85967940124927], [2.327980452922263, 48.86082056108744], [2.325904334762589, 48.86146810813408], [2.320933472558735, 48.86301926290603], [2.321403511219162, 48.86366496333931], [2.321467800025973, 48.86375256463905], [2.323767611686653, 48.86300023610672], [2.324694177392195, 48.86260615721121], [2.330141936118199, 48.860844370971236], [2.330694738835292, 48.86067838621491], [2.333352924835915, 48.860125733776655], [2.334768505532421, 48.859745991287824], [2.336388456215045, 48.8593709629332], [2.339860690568445, 48.85899625215788], [2.34247309405207, 48.85849260902901], [2.342671643109269, 48.85841995308013], [2.347114738902888, 48.85724094544617]]], ""type"": ""Polygon""}";75;75101;Paris 1er Arrondissement;0199;751010199;Seine et Berges;D;48.85902984337017, 2.3361552057194395;IRIS____0000000751010199
"{""coordinates"": [[[2.301946176124402, 48.86245404850697], [2.302036715686537, 48.86190237475064], [2.302249614178043, 48.86178130438738], [2.302533264825607, 48.86116060624765], [2.302394219692153, 48.861161594497574], [2.303012714028885, 48.859862036128376], [2.302746292260485, 48.859807422269235], [2.301037932087051, 48.85964096876146], [2.300819081807382, 48.859698148287144], [2.300858219382312, 48.85982878321793], [2.300675238533054, 48.859853795303785], [2.29772035531875, 48.859235722490574], [2.295479578280877, 48.86064622870233], [2.296237808460318, 48.861122850510704], [2.296975725606092, 48.86148962689112], [2.297925373850425, 48.8618234654759], [2.298657277739832, 48.8620310105631], [2.299398030477206, 48.862189138558215], [2.30017886987559, 48.86230612616712], [2.301946176124402, 48.86245404850697]]], ""type"": ""Polygon""}";75;75107;Paris 7e Arrondissement;2809;751072809;Gros Caillou 9;H;48.86081408963463, 2.29951578684225;IRIS____0000000751072809
"{""coordinates"": [[[2.292008200033044, 48.83925958852002], [2.29036206765706, 48.83997832470024], [2.29099977836997, 48.84077535070226], [2.294161303213127, 48.8423508547878], [2.295733492582607, 48.84045076060895], [2.293097907956346, 48.83958171235696], [2.292008200033044, 48.83925958852002]]], ""type"": ""Polygon""}";75;75115;Paris 15e Arrondissement;5726;751155726;Saint-Lambert 26;H;48.84065168413459, 2.293087533686018;IRIS____0000000751155726
"{""coordinates"": [[[2.299300737605958, 48.8521940275825], [2.300911619863719, 48.851176381130784], [2.298549053881686, 48.849517621565], [2.297407618020578, 48.85028527472587], [2.296990414931585, 48.85070372525285], [2.297031412297062, 48.850897328799], [2.296449971083751, 48.851266246712626], [2.29654966910788, 48.85135137283141], [2.299142291617383, 48.85211935207182], [2.299300737605958, 48.8521940275825]]], ""type"": ""Polygon""}";75;75115;Paris 15e Arrondissement;5914;751155914;Grenelle 14;H;48.85096294404137, 2.2986944059143464;IRIS____0000000751155914
"{""coordinates"": [[[2.28790923678531, 48.84109875396025], [2.29036206765706, 48.83997832470024], [2.289408125099051, 48.83859302617875], [2.287682797781301, 48.838126782692164], [2.285883227541166, 48.839203393680286], [2.285520508653041, 48.838926919309834], [2.285319383840067, 48.83888884357493], [2.284161090063844, 48.83959691819993], [2.28790923678531, 48.84109875396025]]], ""type"": ""Polygon""}";75;75115;Paris 15e Arrondissement;6004;751156004;Javel 4;H;48.8396070801777, 2.2875970090716926;IRIS____0000000751156004
"{""coordinates"": [[[2.398394619444394, 48.8513015359851], [2.398755968948561, 48.85033834800869], [2.399247185197987, 48.84886587718335], [2.39912112864224, 48.8480980956213], [2.397515647030773, 48.8482348175889], [2.397524677236651, 48.84851456207308], [2.39746272490902, 48.84868692597141], [2.397219259703606, 48.84900047328711], [2.396911653864037, 48.84920397566501], [2.396611931436767, 48.84931488362397], [2.396141906760376, 48.84942223335976], [2.39571274257075, 48.84941377109043], [2.395330545401933, 48.8493506841154], [2.394489227175594, 48.85068466601622], [2.39516854179008, 48.850745660473905], [2.398394619444394, 48.8513015359851]]], ""type"": ""Polygon""}";75;75111;Paris 11e Arrondissement;4401;751114401;Sainte-Marguerite 1;H;48.849832743081336, 2.3972869777581445;IRIS____0000000751114401
"{""coordinates"": [[[2.387117621901007, 48.85511960543138], [2.390163702926788, 48.85558304412921], [2.390262152072816, 48.85532273472037], [2.390858110556406, 48.85435807040085], [2.388008418629598, 48.85377244217844], [2.388440270056142, 48.852858211961504], [2.38771844602672, 48.853281712094365], [2.385327676682735, 48.85469762264105], [2.387117621901007, 48.85511960543138]]], ""type"": ""Polygon""}";75;75111;Paris 11e Arrondissement;4412;751114412;Sainte-Marguerite 12;H;48.854522719844034, 2.3882656778185196;IRIS____0000000751114412
"{""coordinates"": [[[2.346586811033202, 48.825760328073294], [2.345214189407726, 48.82594528694181], [2.345621393075712, 48.827904557337654], [2.345852032522142, 48.83025858134581], [2.345947946061055, 48.830648534346814], [2.347192129267711, 48.83028658911767], [2.348503017659699, 48.82992679305772], [2.347657832014971, 48.82877728346341], [2.347272796269908, 48.82786951258897], [2.346584559236159, 48.82648341427278], [2.346586811033202, 48.825760328073294]]], ""type"": ""Polygon""}";75;75113;Paris 13e Arrondissement;5120;751135120;Maison Blanche 20;H;48.82839224555613, 2.3465569475814627;IRIS____0000000751135120
"{""coordinates"": [[[2.325916740470621, 48.824690462159374], [2.32585204753316, 48.824426579287866], [2.321239000742426, 48.82544466434768], [2.321690307149265, 48.82561990585049], [2.326770977882546, 48.82783949990355], [2.326797426509169, 48.8277955793271], [2.326225560232882, 48.82608983716053], [2.32593554271024, 48.824816481248334], [2.325916740470621, 48.824690462159374]]], ""type"": ""Polygon""}";75;75114;Paris 14e Arrondissement;5506;751145506;Petit Montrouge 6;H;48.825903365253936, 2.3246125253220247;IRIS____0000000751145506
"{""coordinates"": [[[2.308860946739049, 48.826917103075026], [2.305454963957734, 48.827676233089946], [2.305515227127923, 48.82775392965145], [2.305697826222706, 48.8278512234249], [2.307636132656193, 48.82878072590344], [2.311464406455165, 48.82792053781088], [2.311369860482754, 48.82775630659274], [2.311391135056698, 48.82769257322887], [2.311331678815137, 48.82765625572942], [2.313028682163402, 48.82633313649117], [2.312636903014953, 48.82608715346119], [2.308860946739049, 48.826917103075026]]], ""type"": ""Polygon""}";75;75114;Paris 14e Arrondissement;5605;751145605;Plaisance 5;H;48.82751059131517, 2.309327768103329;IRIS____0000000751145605
"{""coordinates"": [[[2.292294981671087, 48.88617148787432], [2.293782885067186, 48.88706971297677], [2.294083330835753, 48.887239659761306], [2.294350930655012, 48.887317680344445], [2.294716018325001, 48.88754826164345], [2.295158300890571, 48.88761741655007], [2.295417466861364, 48.88771427101358], [2.29786381142184, 48.888843811435585], [2.299567173956726, 48.88813432340485], [2.299699415408158, 48.88803617054184], [2.29798895871581, 48.88724913232073], [2.293235148221276, 48.8855268234024], [2.292294981671087, 48.88617148787432]]], ""type"": ""Polygon""}";75;75117;Paris 17e Arrondissement;6614;751176614;Plaine Monceau 14;H;48.887221386184905, 2.2959601659416053;IRIS____0000000751176614
"{""coordinates"": [[[2.361500301513613, 48.88440665064679], [2.359340232450158, 48.88440950100996], [2.359367841725875, 48.88549064030697], [2.359508729452945, 48.886453673490756], [2.359793122349779, 48.887613525931414], [2.359880513172222, 48.889046617266075], [2.359897064492201, 48.89025179927595], [2.360228167915682, 48.890165435121794], [2.360413172707562, 48.8895377964416], [2.361051654450446, 48.88651857465163], [2.361500301513613, 48.88440665064679]]], ""type"": ""Polygon""}";75;75118;Paris 18e Arrondissement;7202;751187202;Chapelle 2;H;48.88653629763369, 2.3603019593105263;IRIS____0000000751187202
"{""coordinates"": [[[2.367610590375759, 48.86881945659566], [2.367064435257618, 48.868665480627904], [2.364514005192331, 48.87188958671294], [2.363550894477858, 48.873166025121755], [2.363044040047265, 48.8738090526932], [2.362883773804858, 48.874204806981524], [2.362852384078874, 48.87431885555867], [2.363204941311375, 48.87414176375607], [2.363568710929424, 48.874051066766434], [2.365941513214639, 48.87098522833163], [2.367610590375759, 48.86881945659566]]], ""type"": ""Polygon""}";75;75110;Paris 10e Arrondissement;3988;751103988;Canal Saint-Martin 1;D;48.87146327127178, 2.3652163591876256;IRIS____0000000751103988
"{""coordinates"": [[[2.364313790337467, 48.856457580934034], [2.36494121805568, 48.856306224187], [2.36827851557945, 48.855785178422295], [2.368490886682737, 48.85580518576208], [2.368965669064553, 48.85385160195325], [2.368756313582485, 48.853695809146515], [2.368620658779927, 48.85375624935292], [2.367398210908031, 48.85386580907745], [2.367182935757818, 48.85341229660606], [2.366526312071297, 48.853502354758874], [2.364753286412188, 48.8539462284635], [2.363703944324246, 48.8542761112852], [2.362934367486209, 48.85457419868422], [2.364313790337467, 48.856457580934034]]], ""type"": ""Polygon""}";75;75104;Paris 4e Arrondissement;1504;751041504;Arsenal 4;H;48.85490631151692, 2.366090808395128;IRIS____0000000751041504
"{""coordinates"": [[[2.344236345114972, 48.83113021935095], [2.345947946061055, 48.830648534346814], [2.345852032522142, 48.83025858134581], [2.345621393075712, 48.827904557337654], [2.342839906440678, 48.82854584916146], [2.343284407789672, 48.82905283987517], [2.343882722357059, 48.830111089187575], [2.344164147812027, 48.83080514997004], [2.344236345114972, 48.83113021935095]]], ""type"": ""Polygon""}";75;75113;Paris 13e Arrondissement;5119;751135119;Maison Blanche 19;H;48.82943376955606, 2.3446682783704658;IRIS____0000000751135119
"{""coordinates"": [[[2.323472515249228, 48.83617966580445], [2.323738880860291, 48.835495851642484], [2.322991641308254, 48.83544125975602], [2.321777658252051, 48.83440190376904], [2.320317441110988, 48.83511581048149], [2.318915514938742, 48.834389237610665], [2.317785334755146, 48.83528216871992], [2.319067586829267, 48.835992783677966], [2.322236861459915, 48.83743358732694], [2.322470020286642, 48.83762917201052], [2.322888270117602, 48.837630640964605], [2.322925127807629, 48.83752022717312], [2.323472515249228, 48.83617966580445]]], ""type"": ""Polygon""}";75;75114;Paris 14e Arrondissement;5623;751145623;Plaisance 23;H;48.83583498455549, 2.3211243583925913;IRIS____0000000751145623
"{""coordinates"": [[[2.316479725210513, 48.88134138386315], [2.312550891398833, 48.880851234363746], [2.311274667058536, 48.88187633583667], [2.312724803578299, 48.88327503934218], [2.313656051163419, 48.88380109524854], [2.31565016897788, 48.88210557560216], [2.316146851369608, 48.8816650419751], [2.316170916329887, 48.88159772936232], [2.316029438991886, 48.88146831637163], [2.316420292824783, 48.88140219927536], [2.316479725210513, 48.88134138386315]]], ""type"": ""Polygon""}";75;75117;Paris 17e Arrondissement;6601;751176601;Plaine Monceau 1;H;48.88208770550574, 2.3136610190549693;IRIS____0000000751176601
"{""coordinates"": [[[2.391310181451981, 48.87947531864868], [2.390736047654476, 48.87971611629886], [2.390172173853585, 48.88001182248449], [2.389793162228743, 48.88024011938396], [2.389199798881476, 48.88095655617773], [2.388617093353922, 48.88157681603144], [2.388421691857729, 48.88172780436635], [2.387906393986489, 48.88322434885693], [2.388350167059152, 48.883057543458584], [2.392835707915432, 48.88207043146428], [2.392812129329454, 48.881987573819785], [2.392886408831161, 48.88193219224745], [2.393263503359809, 48.88198536552162], [2.395854177247425, 48.881410306844515], [2.396655798938534, 48.881306430098014], [2.397114911491462, 48.88098858247803], [2.396866196749146, 48.880800269658295], [2.396753520922193, 48.88040399780574], [2.39546845924848, 48.880338160051835], [2.39556892308408, 48.87955355373467], [2.39468822060873, 48.87954190936083], [2.392925556796823, 48.879275775972204], [2.392425028442681, 48.8791689146047], [2.391310181451981, 48.87947531864868]]], ""type"": ""Polygon""}";75;75119;Paris 19e Arrondissement;7514;751197514;Amérique 14;H;48.88100249539006, 2.3922418006836716;IRIS____0000000751197514
"{""coordinates"": [[[2.397107548950103, 48.86666576614554], [2.400007692924548, 48.8680302463529], [2.400496852037755, 48.86816939675663], [2.401427664849187, 48.86831165399571], [2.398605230631115, 48.86505269126996], [2.398491722266154, 48.865084497090564], [2.398309330854922, 48.8650610967739], [2.398031480111825, 48.86551296694273], [2.397107548950103, 48.86666576614554]]], ""type"": ""Polygon""}";75;75120;Paris 20e Arrondissement;7914;751207914;Père Lachaise 14;H;48.86674987841026, 2.3990706368487094;IRIS____0000000751207914
"{""coordinates"": [[[2.355742901188442, 48.86897830241318], [2.359086831752373, 48.86843506628351], [2.363290446814834, 48.86781627183783], [2.363872116727157, 48.867516286784095], [2.36301756960022, 48.86716639480335], [2.362918106019649, 48.86716226804502], [2.358725668684623, 48.86798436056819], [2.358539079586513, 48.867416775521406], [2.355022569051761, 48.86792039496533], [2.355532868031176, 48.86887554617943], [2.355742901188442, 48.86897830241318]]], ""type"": ""Polygon""}";75;75103;Paris 3e Arrondissement;0901;751030901;Arts et Métiers 1;H;48.86802899655417, 2.3588355606078766;IRIS____0000000751030901
"{""coordinates"": [[[2.328657392915725, 48.85186769792212], [2.32865905955895, 48.852055672920045], [2.329335689720448, 48.85263865323799], [2.330463707347445, 48.854473360719666], [2.335843194540951, 48.853174094003144], [2.335641784779895, 48.85304436802934], [2.335059049631388, 48.8528936367104], [2.333624452708371, 48.85264372891538], [2.333139273620726, 48.852644623261334], [2.332302667700387, 48.85252484004945], [2.331884480427239, 48.852402891286815], [2.330193628398726, 48.85215870577217], [2.328657392915725, 48.85186769792212]]], ""type"": ""Polygon""}";75;75106;Paris 6e Arrondissement;2401;751062401;Saint-Germain des Prés 1;H;48.853152960359644, 2.3317899756685128;IRIS____0000000751062401
"{""coordinates"": [[[2.370124128220065, 48.863770316365475], [2.370714091439697, 48.864018041352644], [2.371872301823469, 48.86450707297575], [2.374728467008199, 48.8650418489876], [2.375524060269174, 48.863945207491106], [2.374079202895809, 48.86337377132062], [2.37313723896149, 48.86292546455609], [2.373703748869704, 48.86240321350795], [2.372857818669, 48.86213167817052], [2.371433996086778, 48.862986679791085], [2.370124128220065, 48.863770316365475]]], ""type"": ""Polygon""}";75;75111;Paris 11e Arrondissement;4210;751114210;Saint-Ambroise 10;H;48.86374895495986, 2.372936411223363;IRIS____0000000751114210
"{""coordinates"": [[[2.385823782355374, 48.86117097191572], [2.386834885463864, 48.85934149283615], [2.385935147161944, 48.85912373433025], [2.383633346303203, 48.85852282877561], [2.382053239328937, 48.86016677870216], [2.385823782355374, 48.86117097191572]]], ""type"": ""Polygon""}";75;75111;Paris 11e Arrondissement;4319;751114319;Roquette 19;H;48.85982870736184, 2.3845706815447913;IRIS____0000000751114319
"{""coordinates"": [[[2.363500766590118, 48.83342156060563], [2.364947168507532, 48.83390051815324], [2.365227885833062, 48.8337823922997], [2.367661409860491, 48.832177318157015], [2.366545788462931, 48.831496887339306], [2.366367022663958, 48.831298078956515], [2.363675856252895, 48.833251612153546], [2.363500766590118, 48.83342156060563]]], ""type"": ""Polygon""}";75;75113;Paris 13e Arrondissement;5023;751135023;Gare 23;H;48.83268391523856, 2.365623025014851;IRIS____0000000751135023
"{""coordinates"": [[[2.284194397498972, 48.840643985550805], [2.283656712749932, 48.840111037388944], [2.283111907246656, 48.83970035836175], [2.282021053931259, 48.84045468411344], [2.280719466121861, 48.8397912230021], [2.27985282424672, 48.84009359388168], [2.280860102096954, 48.84125084862889], [2.282748401287394, 48.84344225723042], [2.283478003479964, 48.843100372462004], [2.28226844435918, 48.841684708943276], [2.282816772380452, 48.84134533752057], [2.284194397498972, 48.840643985550805]]], ""type"": ""Polygon""}";75;75115;Paris 15e Arrondissement;6005;751156005;Javel 5;H;48.841150632590896, 2.2821130766820317;IRIS____0000000751156005
"{""coordinates"": [[[2.337428941130424, 48.89780709723703], [2.336296290611516, 48.89913181694765], [2.340799123939089, 48.89923042994473], [2.340847642339006, 48.89787632406873], [2.337428941130424, 48.89780709723703]]], ""type"": ""Polygon""}";75;75118;Paris 18e Arrondissement;6927;751186927;Grandes Carrières 27;H;48.89854208097003, 2.3388310599363806;IRIS____0000000751186927
"{""coordinates"": [[[2.399247185197987, 48.84886587718335], [2.398755968948561, 48.85033834800869], [2.39890254732522, 48.85039034756056], [2.399101405785528, 48.85039944061056], [2.39923201019382, 48.85053679795501], [2.400429842224438, 48.85136931037841], [2.400718068937876, 48.85071782530626], [2.4018112992578, 48.850930146797516], [2.402265605828735, 48.84993593562417], [2.40243376853026, 48.849650781634125], [2.402743647546542, 48.848890577299315], [2.400994042976583, 48.848879132492804], [2.400791474319113, 48.84883764725668], [2.399247185197987, 48.84886587718335]]], ""type"": ""Polygon""}";75;75120;Paris 20e Arrondissement;8004;751208004;Charonne 4;H;48.849847142767594, 2.400676101084242;IRIS____0000000751208004
"{""coordinates"": [[[2.405862311786862, 48.85611529184677], [2.408058872055885, 48.855795218398534], [2.408229868771051, 48.85573940532018], [2.407868116774633, 48.855430938426096], [2.408982384506084, 48.85476103733461], [2.40970310988235, 48.853338228911724], [2.406126037250999, 48.85270717231401], [2.405271952043735, 48.855418063201874], [2.404940183560651, 48.856185355554324], [2.405667877861965, 48.85607475503255], [2.405862311786862, 48.85611529184677]]], ""type"": ""Polygon""}";75;75120;Paris 20e Arrondissement;8012;751208012;Charonne 12;H;48.854423647088666, 2.4071882026972977;IRIS____0000000751208012
"{""coordinates"": [[[2.334154842936358, 48.87096821235778], [2.332522410349862, 48.87069201592216], [2.329973073724776, 48.87026497450746], [2.329917977234682, 48.870414856210886], [2.331069994052096, 48.87285401725], [2.33114155587778, 48.87322674382388], [2.333241963178149, 48.87294977386665], [2.333763757952938, 48.871913042124646], [2.333835289676816, 48.87164993345592], [2.334154842936358, 48.87096821235778]]], ""type"": ""Polygon""}";75;75109;Paris 9e Arrondissement;3402;751093402;Chaussée d'Antin 2;A;48.87169774218851, 2.3320220817594137;IRIS____0000000751093402
"{""coordinates"": [[[2.390951448461554, 48.826084438411065], [2.390072014511326, 48.82569232681119], [2.388512315585047, 48.82674382241241], [2.384304749063455, 48.83031072411668], [2.378358228919763, 48.83502323087473], [2.374862841776404, 48.83805386177874], [2.373550475260092, 48.83932858919707], [2.372451617071186, 48.84017902294758], [2.373759343887263, 48.84076866293859], [2.375416601720509, 48.839253807374355], [2.374818276655015, 48.83892960912134], [2.375026141995332, 48.83875172201315], [2.375623147018991, 48.83907231493912], [2.375937291670181, 48.8387798624734], [2.376372802020818, 48.83847814892297], [2.377161692687922, 48.83779154779134], [2.378012801742571, 48.836912800661224], [2.380090863627236, 48.83527685075767], [2.380270030640109, 48.83498908273458], [2.380828291554929, 48.83467090021806], [2.384198844709466, 48.83201088520583], [2.385920084415329, 48.830681474717366], [2.386281238776363, 48.83032088275266], [2.386397424380449, 48.83028730286773], [2.386696387372284, 48.830001937500185], [2.387004192732901, 48.82989109435434], [2.388210328340551, 48.82856620275082], [2.38835240899175, 48.82841493586231], [2.388579716720916, 48.82796551342764], [2.389785180340196, 48.8270399217142], [2.3903560403831, 48.82668038638868], [2.390856801309236, 48.82625753517953], [2.390951448461554, 48.826084438411065]]], ""type"": ""Polygon""}";75;75112;Paris 12e Arrondissement;4799;751124799;Seine et Berges;D;48.83326325127203, 2.381622537496668;IRIS____0000000751124799
"{""coordinates"": [[[2.347160025912115, 48.866353380644235], [2.347320440740974, 48.867367815440396], [2.351130156664375, 48.86652965746955], [2.350602259256734, 48.86568231069045], [2.350268409776785, 48.86490706267888], [2.350147798560179, 48.864303846780025], [2.348377666800253, 48.86469353128462], [2.34899279018621, 48.86597484720035], [2.347160025912115, 48.866353380644235]]], ""type"": ""Polygon""}";75;75102;Paris 2e Arrondissement;0803;751020803;Bonne Nouvelle 3;H;48.86596689693732, 2.349218609387125;IRIS____0000000751020803
"{""coordinates"": [[[2.35934459162322, 48.85833949995604], [2.36176775751168, 48.85724355060798], [2.361393758858077, 48.856732523178415], [2.360854722511297, 48.85645444405345], [2.360597422427849, 48.8562084461013], [2.360090109857067, 48.85545657479447], [2.357985309571888, 48.855938144834695], [2.356613934271327, 48.85629231828257], [2.356819492106523, 48.85664327081421], [2.357863103035002, 48.857891777484376], [2.358468571694126, 48.85764500577237], [2.35934459162322, 48.85833949995604]]], ""type"": ""Polygon""}";75;75104;Paris 4e Arrondissement;1403;751041403;Saint-Gervais 3;H;48.85685995641624, 2.359206866798641;IRIS____0000000751041403
"{""coordinates"": [[[2.343821016117944, 48.85276213734537], [2.342631736794723, 48.85034803295929], [2.342484795895101, 48.850437161250305], [2.341307221486754, 48.850879463283505], [2.341199569109284, 48.85087887058114], [2.340698740338919, 48.85114861699365], [2.34022313731397, 48.85147066305207], [2.339659215967595, 48.8519864807004], [2.339381621312688, 48.852168416990715], [2.339352314585971, 48.852330139240784], [2.338791828206612, 48.85246644339326], [2.336991541368246, 48.852894467540835], [2.336965692875883, 48.85385483568239], [2.337365200479902, 48.853839961030786], [2.338389466855206, 48.8536729527896], [2.339148770185848, 48.853550339792086], [2.340187184155759, 48.85344904722465], [2.342310810884491, 48.85331684201082], [2.343062730499531, 48.85323823201466], [2.343266038350776, 48.853110740334124], [2.343242719131723, 48.852906458774875], [2.343821016117944, 48.85276213734537]]], ""type"": ""Polygon""}";75;75106;Paris 6e Arrondissement;2101;751062101;Monnaie 1;H;48.85240280522424, 2.340802593550021;IRIS____0000000751062101
"{""coordinates"": [[[2.341297384443434, 48.87656114529056], [2.342475963615163, 48.876517261808296], [2.344345027656415, 48.87653560736398], [2.343716350013831, 48.875896331850754], [2.342325138032629, 48.87410081438143], [2.342420045613149, 48.87403478477912], [2.338078921927349, 48.87414935663082], [2.338748368957355, 48.87597331553632], [2.339054043433574, 48.87595252023138], [2.339333376289233, 48.87671849807752], [2.339447276857672, 48.87666066978501], [2.341297384443434, 48.87656114529056]]], ""type"": ""Polygon""}";75;75109;Paris 9e Arrondissement;3502;751093502;Faubourg Montmartre 2;H;48.875362282878065, 2.340950941741055;IRIS____0000000751093502
"{""coordinates"": [[[2.352661345726701, 48.86968474583187], [2.352047532032926, 48.86982172168083], [2.347918228212595, 48.87068784517278], [2.347883600185226, 48.872473744581946], [2.353638498974924, 48.87157774049351], [2.352641244160752, 48.8697664770975], [2.352661345726701, 48.86968474583187]]], ""type"": ""Polygon""}";75;75110;Paris 10e Arrondissement;3803;751103803;Porte Saint-Denis 3;H;48.87112793230315, 2.350583916744581;IRIS____0000000751103803
"{""coordinates"": [[[2.364514005192331, 48.87188958671294], [2.362573626334262, 48.871250632122404], [2.362098900132801, 48.87149721980518], [2.361399398810129, 48.87083967085307], [2.361193015183021, 48.870548982458665], [2.3608253595125, 48.87095801760523], [2.358762779267228, 48.87327537170595], [2.360806358749873, 48.87317298516271], [2.363344072465032, 48.87313254915843], [2.363550894477858, 48.873166025121755], [2.364514005192331, 48.87188958671294]]], ""type"": ""Polygon""}";75;75110;Paris 10e Arrondissement;3908;751103908;Porte Saint-Martin 8;H;48.87224521369232, 2.3617170179289633;IRIS____0000000751103908
"{""coordinates"": [[[2.404451000840054, 48.834235945170306], [2.402910572654273, 48.83622485299264], [2.403452280422746, 48.836627772347995], [2.403808001155794, 48.837688095236174], [2.408152009854913, 48.83883656697003], [2.408564026055103, 48.838907855568436], [2.407919943533368, 48.836837037658384], [2.407675246083633, 48.83643021377568], [2.406569017367902, 48.83546960716963], [2.404902026297711, 48.834466628600076], [2.404451000840054, 48.834235945170306]]], ""type"": ""Polygon""}";75;75112;Paris 12e Arrondissement;4502;751124502;Bel-Air 2;H;48.8366960280014, 2.405690769145238;IRIS____0000000751124502
"{""coordinates"": [[[2.306624218230099, 48.83644653148468], [2.307817477684345, 48.83769367555879], [2.30808307121783, 48.83749465249317], [2.310091461265694, 48.83635056130378], [2.310077582922446, 48.83626683969528], [2.309929818287603, 48.836211125628964], [2.308505100641916, 48.83443832867859], [2.30776500834658, 48.8351814266682], [2.30664538394328, 48.83628926409387], [2.306694557067667, 48.8363821844321], [2.306624218230099, 48.83644653148468]]], ""type"": ""Polygon""}";75;75115;Paris 15e Arrondissement;5721;751155721;Saint-Lambert 21;H;48.836160559540126, 2.3082841750832226;IRIS____0000000751155721
"{""coordinates"": [[[2.282036553744908, 48.85653991353277], [2.282941131971011, 48.857065166379705], [2.283668928176612, 48.85756237319421], [2.284356342246002, 48.85822211732469], [2.284564813485908, 48.85852464826887], [2.284670335529572, 48.85848300935282], [2.284787382616662, 48.85849540060293], [2.285504607487061, 48.85777840123582], [2.285400851304846, 48.857691443425], [2.28586521814727, 48.85722385188844], [2.285977188234691, 48.85730816027516], [2.286467797519726, 48.85681464151034], [2.28360121141938, 48.85455721154611], [2.281922180269435, 48.85554273797406], [2.281937443277526, 48.855621973151536], [2.282183491269903, 48.85586627627562], [2.282609619867908, 48.856197097633896], [2.282036553744908, 48.85653991353277]]], ""type"": ""Polygon""}";75;75116;Paris 16e Arrondissement;6213;751166213;Muette 13;H;48.856471527403485, 2.284117187719724;IRIS____0000000751166213
"{""coordinates"": [[[2.297652432187421, 48.884596825586904], [2.297435171874224, 48.88452810087574], [2.297193942721047, 48.884517691766646], [2.296391833554372, 48.88292295723751], [2.29439705979349, 48.88441670399122], [2.294498693185075, 48.88446406828656], [2.293548049838734, 48.88528045400249], [2.293431532300591, 48.88542545847782], [2.293121436942136, 48.885464997444764], [2.293235148221276, 48.8855268234024], [2.29798895871581, 48.88724913232073], [2.297991213702221, 48.88708186987245], [2.297638491464375, 48.88674255190515], [2.297469854014443, 48.88650593755795], [2.297311426304989, 48.88611919431871], [2.297256735536936, 48.885826590238594], [2.297266894205698, 48.885376983408314], [2.297659407346951, 48.88529295056054], [2.297878799587306, 48.88510267935163], [2.297907969054281, 48.884860929732525], [2.297810526189501, 48.88470477358903], [2.297652432187421, 48.884596825586904]]], ""type"": ""Polygon""}";75;75117;Paris 17e Arrondissement;6613;751176613;Plaine Monceau 13;H;48.88514480444362, 2.295919309201522;IRIS____0000000751176613
"{""coordinates"": [[[2.384301179881741, 48.888281650678515], [2.381428036803986, 48.88733874097147], [2.380825822745767, 48.88717734738884], [2.379980946910398, 48.88792570911088], [2.379706739116685, 48.88816260951283], [2.379646759091794, 48.88816050013012], [2.379681635990917, 48.88820924425778], [2.38307523656935, 48.88988692538952], [2.383689712254297, 48.88936128867964], [2.384301179881741, 48.888281650678515]]], ""type"": ""Polygon""}";75;75119;Paris 19e Arrondissement;7313;751197313;Villette 13;H;48.888449886052975, 2.3820988059469403;IRIS____0000000751197313
"{""coordinates"": [[[2.394345091773725, 48.856519817242365], [2.392167384833463, 48.85766713435093], [2.389819086218175, 48.85835937160706], [2.389546437996217, 48.858480292155605], [2.388879258024644, 48.859816912023255], [2.387377786989925, 48.86289848204552], [2.388035645371652, 48.863058333419794], [2.391092644162676, 48.86379429917283], [2.395554336726714, 48.86495008586732], [2.396283828688755, 48.864226201252144], [2.397258717929932, 48.86349725258123], [2.398455793762403, 48.86241147445825], [2.399230324373484, 48.861439578342065], [2.400203065380946, 48.86171785781965], [2.400525225158789, 48.86084710928587], [2.400745444340595, 48.86042462142414], [2.401281336271271, 48.85981215247366], [2.402143560963579, 48.859148250300876], [2.399482260556796, 48.857675287333706], [2.399341796847571, 48.85756396278764], [2.39885142576426, 48.85730248862434], [2.397817955136182, 48.85697982301769], [2.397128579397311, 48.85683875180751], [2.396250509121195, 48.85675068551648], [2.395390895547421, 48.85671666684832], [2.394345091773725, 48.856519817242365]]], ""type"": ""Polygon""}";75;75120;Paris 20e Arrondissement;7905;751207905;Père Lachaise 5;H;48.86055959991167, 2.3945189960741207;IRIS____0000000751207905
"{""coordinates"": [[[2.406126037250999, 48.85270717231401], [2.406284300667074, 48.85149563396618], [2.406402014759188, 48.850493441820106], [2.403886984782305, 48.8500807262848], [2.402265605828735, 48.84993593562417], [2.4018112992578, 48.850930146797516], [2.404292249569254, 48.851226719603304], [2.404009957371654, 48.852316225868314], [2.404095562822753, 48.85233823664043], [2.406126037250999, 48.85270717231401]]], ""type"": ""Polygon""}";75;75120;Paris 20e Arrondissement;8006;751208006;Charonne 6;H;48.85113156848719, 2.404530021724895;IRIS____0000000751208006
"{""coordinates"": [[[2.326665657478284, 48.87554352926906], [2.326852281656523, 48.87587283724522], [2.326964471590538, 48.87784751300613], [2.330945020229402, 48.87653341186706], [2.331035532791762, 48.876386426432205], [2.331077945959758, 48.876162728481276], [2.330200772127392, 48.87598784891965], [2.326665657478284, 48.87554352926906]]], ""type"": ""Polygon""}";75;75109;Paris 9e Arrondissement;3311;751093311;Saint-Georges 11;A;48.87654628519627, 2.328469047150775;IRIS____0000000751093311
"{""coordinates"": [[[2.368965669064553, 48.85385160195325], [2.369123881441926, 48.85316623056484], [2.369041481590489, 48.852993120408804], [2.368826002984624, 48.85289305516257], [2.368427590997666, 48.85293142373155], [2.367437184344751, 48.85267617182033], [2.363691017126329, 48.85154021043741], [2.363109996906164, 48.85191304911915], [2.363827485056833, 48.85241780609365], [2.363346221561235, 48.852656273031506], [2.364753286412188, 48.8539462284635], [2.366526312071297, 48.853502354758874], [2.367182935757818, 48.85341229660606], [2.367398210908031, 48.85386580907745], [2.368620658779927, 48.85375624935292], [2.368756313582485, 48.853695809146515], [2.368965669064553, 48.85385160195325]]], ""type"": ""Polygon""}";75;75104;Paris 4e Arrondissement;1503;751041503;Arsenal 3;H;48.852905057429695, 2.3658598063400857;IRIS____0000000751041503
"{""coordinates"": [[[2.309152846264511, 48.83356878003995], [2.306458638868808, 48.8343509325155], [2.305181201936135, 48.83472575228014], [2.305555497912215, 48.83516142387507], [2.306374704171815, 48.83502767387371], [2.307442626976679, 48.834733471485464], [2.30776500834658, 48.8351814266682], [2.308505100641916, 48.83443832867859], [2.309929818287603, 48.836211125628964], [2.310077582922446, 48.83626683969528], [2.310091461265694, 48.83635056130378], [2.311284108390557, 48.83569099992344], [2.309152846264511, 48.83356878003995]]], ""type"": ""Polygon""}";75;75115;Paris 15e Arrondissement;5720;751155720;Saint-Lambert 20;H;48.83480588711392, 2.308696600538755;IRIS____0000000751155720
"{""coordinates"": [[[2.274428754214008, 48.84713435697982], [2.273728440136387, 48.847419703741146], [2.272573463593892, 48.847669905642675], [2.273189136325368, 48.84837335413696], [2.274922507181276, 48.85013763293049], [2.276001404479274, 48.849677396432206], [2.275051161893156, 48.84872641010804], [2.275761599821298, 48.84849777717515], [2.274428754214008, 48.84713435697982]]], ""type"": ""Polygon""}";75;75116;Paris 16e Arrondissement;6129;751166129;Auteuil 29;H;48.84853030806153, 2.2744195919445573;IRIS____0000000751166129
"{""coordinates"": [[[2.320610917313509, 48.89423339421539], [2.319816306829857, 48.89450407650366], [2.319297852728469, 48.89462074062222], [2.316424943784801, 48.89527976775065], [2.316354194963509, 48.895370195512356], [2.321590488403671, 48.89735240081837], [2.322306402460539, 48.89747156721206], [2.323296048261064, 48.897519431363776], [2.323199748668986, 48.89747751843805], [2.321860276779788, 48.89580349860193], [2.320610917313509, 48.89423339421539]]], ""type"": ""Polygon""}";75;75117;Paris 17e Arrondissement;6814;751176814;Épinettes 14;H;48.895845927601684, 2.3200953116563174;IRIS____0000000751176814
"{""coordinates"": [[[2.358702843883925, 48.901618190998576], [2.365619903608481, 48.901757549597015], [2.370301804653316, 48.901847906168115], [2.370170291188827, 48.901555837348496], [2.370334571644304, 48.90094336963003], [2.370252815133699, 48.9002594614514], [2.370316492053774, 48.898716572572646], [2.369143390916581, 48.89871939212852], [2.362326282015107, 48.898581666084326], [2.361689167761141, 48.898590862521196], [2.360488585507616, 48.898721153703406], [2.359014373400118, 48.8986961856306], [2.359105002698788, 48.89920118691346], [2.359108968513678, 48.899543847387534], [2.358771575217329, 48.90068956743749], [2.358702843883925, 48.901618190998576]]], ""type"": ""Polygon""}";75;75118;Paris 18e Arrondissement;7209;751187209;Chapelle 9;H;48.90020794077965, 2.3646484131156984;IRIS____0000000751187209
"{""coordinates"": [[[2.353015452158459, 48.85796819209832], [2.354238240218519, 48.85751163173159], [2.353892663363194, 48.85691259760038], [2.353717716870589, 48.85695212364874], [2.352386110558266, 48.85728218093486], [2.353015452158459, 48.85796819209832]]], ""type"": ""Polygon""}";75;75104;Paris 4e Arrondissement;1305;751041305;Saint-Merri 5;A;48.857418358237496, 2.3533529127386363;IRIS____0000000751041305
"{""coordinates"": [[[2.324584010884946, 48.86794945398466], [2.323471663253651, 48.866371116066574], [2.32306965660918, 48.86636074890617], [2.320336088493567, 48.867120493062394], [2.31619668079404, 48.86841985241347], [2.317679392698118, 48.87033132626939], [2.318737954295472, 48.86976087677873], [2.319664455143062, 48.86938392549646], [2.320607596325154, 48.86908890175728], [2.321846624927704, 48.86878835264131], [2.32326699985772, 48.86837909616755], [2.324584010884946, 48.86794945398466]]], ""type"": ""Polygon""}";75;75108;Paris 8e Arrondissement;3101;751083101;Madeleine 1;A;48.868192108082745, 2.3203750659766302;IRIS____0000000751083101
"{""coordinates"": [[[2.336388411505671, 48.85862540093857], [2.337672258257701, 48.85831054596384], [2.34056747495699, 48.8566753259982], [2.341367616268792, 48.85612842975085], [2.342506315232651, 48.85510403353222], [2.342929504859985, 48.85483295469097], [2.344634297019093, 48.854088645680854], [2.344281403902505, 48.853756649383996], [2.34228876504118, 48.85473949914884], [2.34047303674055, 48.85606054779992], [2.339912242503876, 48.85643338497396], [2.338160587760303, 48.85742199047574], [2.336485519998964, 48.8578497992199], [2.336388411505671, 48.85862540093857]]], ""type"": ""Polygon""}";75;75106;Paris 6e Arrondissement;2199;751062199;Seine et Berges 1;D;48.85645902440025, 2.340115801204317;IRIS____0000000751062199
"{""coordinates"": [[[2.303012714028885, 48.859862036128376], [2.302394219692153, 48.861161594497574], [2.302533264825607, 48.86116060624765], [2.310264920542005, 48.861130771417734], [2.310145897002358, 48.85992855103759], [2.307834155714321, 48.85972723755251], [2.30684783723581, 48.85958662565469], [2.304439290814594, 48.859083402127524], [2.303513461474096, 48.85880371424131], [2.303012714028885, 48.859862036128376]]], ""type"": ""Polygon""}";75;75107;Paris 7e Arrondissement;2810;751072810;Gros Caillou 10;H;48.860301913781896, 2.306119676236554;IRIS____0000000751072810
"{""coordinates"": [[[2.332056441468493, 48.882789991958134], [2.336163312001624, 48.881212922084636], [2.335730553870706, 48.880931728541015], [2.334968179295068, 48.879661234459014], [2.334798448690135, 48.87928526911312], [2.332804795443196, 48.879724741333476], [2.333085496121793, 48.88037832245675], [2.331455461221692, 48.88063633307698], [2.33162836870543, 48.881506953730224], [2.331697519469299, 48.88185628085057], [2.332056441468493, 48.882789991958134]]], ""type"": ""Polygon""}";75;75109;Paris 9e Arrondissement;3307;751093307;Saint-Georges 7;H;48.88100875760915, 2.333600312065313;IRIS____0000000751093307
"{""coordinates"": [[[2.364355998683669, 48.86774459219242], [2.363872116727157, 48.867516286784095], [2.363290446814834, 48.86781627183783], [2.359086831752373, 48.86843506628351], [2.359232364533484, 48.86879468245225], [2.358422228560991, 48.869045755369896], [2.357696214103413, 48.86921813228528], [2.358772776773313, 48.87091286440675], [2.360026021256045, 48.87021718778725], [2.3608253595125, 48.87095801760523], [2.361193015183021, 48.870548982458665], [2.363007879381323, 48.868516254137035], [2.364355998683669, 48.86774459219242]]], ""type"": ""Polygon""}";75;75110;Paris 10e Arrondissement;3904;751103904;Porte Saint-Martin 4;H;48.86923955054283, 2.3606199350576653;IRIS____0000000751103904
"{""coordinates"": [[[2.370940564914427, 48.857793059935744], [2.372043610083812, 48.86024687695205], [2.372230428981989, 48.86080545172178], [2.372275312864598, 48.861152834630495], [2.372154088982339, 48.86193732717635], [2.371867846923835, 48.86250241235734], [2.371433996086778, 48.862986679791085], [2.372857818669, 48.86213167817052], [2.374764639068146, 48.86100578259674], [2.376847413080422, 48.85974856838756], [2.375876422775739, 48.85945122059926], [2.373778692921376, 48.85877654346786], [2.371983110989935, 48.85814208692265], [2.371628732683426, 48.858029606761235], [2.370940564914427, 48.857793059935744]]], ""type"": ""Polygon""}";75;75111;Paris 11e Arrondissement;4206;751114206;Saint-Ambroise 6;H;48.86004670279112, 2.373464085820411;IRIS____0000000751114206
"{""coordinates"": [[[2.312550891398833, 48.880851234363746], [2.308778523051354, 48.88039243620689], [2.304536942197272, 48.882196220876644], [2.303003869007504, 48.882835725969414], [2.304939286273978, 48.88392707774566], [2.307022600748067, 48.88508040738131], [2.307208884250521, 48.88522357991429], [2.308712943282213, 48.88399748973578], [2.30727277266972, 48.88329128295304], [2.309008105985789, 48.88292359075409], [2.308994384028619, 48.882827282823335], [2.311147850132671, 48.88187650556545], [2.311274667058536, 48.88187633583667], [2.312550891398833, 48.880851234363746]]], ""type"": ""Polygon""}";75;75117;Paris 17e Arrondissement;6603;751176603;Plaine Monceau 3;H;48.882460521433835, 2.3075806081980983;IRIS____0000000751176603
"{""coordinates"": [[[2.339639410853863, 48.891186810466074], [2.340647601406855, 48.891269707983], [2.340179357627927, 48.88969061258283], [2.335743829098689, 48.889512304242686], [2.335715985268521, 48.89009131551458], [2.335776810386216, 48.890347960652655], [2.336641500515461, 48.89023853973511], [2.339639410853863, 48.891186810466074]]], ""type"": ""Polygon""}";75;75118;Paris 18e Arrondissement;6912;751186912;Grandes Carrières 12;H;48.89023351175867, 2.338430910850881;IRIS____0000000751186912
"{""coordinates"": [[[2.345065268542444, 48.88637553986596], [2.3448938663817, 48.88482416028643], [2.344841268818521, 48.88445244959236], [2.34264339038566, 48.88431719443754], [2.341588198700319, 48.884079369301396], [2.341443412595287, 48.883990438675134], [2.341072956117444, 48.884708763457525], [2.340973595226965, 48.884801746834675], [2.340829418028183, 48.884880094128924], [2.338565482395115, 48.885543004863145], [2.338494740645505, 48.88595900324419], [2.337918112866114, 48.886156366327455], [2.338187368489395, 48.886323331334935], [2.33881914493355, 48.88629354659986], [2.339048658254792, 48.886798437474596], [2.339251867372738, 48.88690478039383], [2.339375712761318, 48.887032268961406], [2.339696303631185, 48.88702324542593], [2.340216930649176, 48.88694067928431], [2.340470387099836, 48.886848545584705], [2.340653400900846, 48.88671915102022], [2.341185057505752, 48.88662674880287], [2.341310624647357, 48.88661844637039], [2.34139042000076, 48.886563126998354], [2.34137031336762, 48.88599643974292], [2.341408393225164, 48.88589682376776], [2.342225873585222, 48.88573943846081], [2.342539251965593, 48.88576094488951], [2.343077672546192, 48.88588800750005], [2.34368003449672, 48.885919190072826], [2.343814272211695, 48.88598018080999], [2.343955117086725, 48.88616621417527], [2.345065268542444, 48.88637553986596]]], ""type"": ""Polygon""}";75;75118;Paris 18e Arrondissement;7005;751187005;Clignancourt 5;H;48.88550560650918, 2.3417844016529283;IRIS____0000000751187005
"{""coordinates"": [[[2.384233983976847, 48.88416150128867], [2.382452471272655, 48.88283121500823], [2.38126342479858, 48.88478021149032], [2.382691157338407, 48.884897298870804], [2.383277850419909, 48.88498575822547], [2.384233983976847, 48.88416150128867]]], ""type"": ""Polygon""}";75;75119;Paris 19e Arrondissement;7616;751197616;Combat 16;H;48.88411080700119, 2.382726517244989;IRIS____0000000751197616
"{""coordinates"": [[[2.359340232450158, 48.88440950100996], [2.361500301513613, 48.88440665064679], [2.361652348289712, 48.88301620063051], [2.361760602606402, 48.8827505764151], [2.361726760156752, 48.88261909395732], [2.359041559167698, 48.88286105738535], [2.359108418557588, 48.882968435468676], [2.359264727896314, 48.88400709733238], [2.359423006017881, 48.88422108502927], [2.359345706082686, 48.88429711430942], [2.359340232450158, 48.88440950100996]]], ""type"": ""Polygon""}";75;75110;Paris 10e Arrondissement;3708;751103708;Saint-Vincent de Paul 8;H;48.88353971417161, 2.3604388982026068;IRIS____0000000751103708
"{""coordinates"": [[[2.377876540341711, 48.85677618344926], [2.37970582243895, 48.857444002786195], [2.382030497854425, 48.85392518557574], [2.380429043008459, 48.85358954031269], [2.377876540341711, 48.85677618344926]]], ""type"": ""Polygon""}";75;75111;Paris 11e Arrondissement;4307;751114307;Roquette 7;H;48.855499505517415, 2.379973954469841;IRIS____0000000751114307
"{""coordinates"": [[[2.38898715950574, 48.83388004449495], [2.386471597678369, 48.83590692844734], [2.386774849221255, 48.83607036917073], [2.386915759237294, 48.836020727081134], [2.387059878174761, 48.836045748531554], [2.387639216111589, 48.83636619150659], [2.387680116776006, 48.836479720783], [2.390022187145195, 48.83705289021721], [2.388113048382447, 48.838943493183294], [2.388395293782851, 48.83892515064454], [2.389233868012838, 48.838985195708524], [2.389566067953441, 48.83865682552336], [2.391289970832807, 48.83722303269086], [2.392799057409491, 48.835275485592575], [2.393996543006685, 48.834223905337595], [2.394908266072776, 48.8336097576286], [2.397794614081284, 48.831759039052116], [2.39643215641114, 48.83118646911969], [2.395255495887533, 48.83080548888106], [2.392202342170251, 48.83013437226654], [2.391565518143597, 48.829957556024254], [2.389590018976143, 48.82916593754227], [2.388210328340551, 48.82856620275082], [2.387004192732901, 48.82989109435434], [2.386696387372284, 48.830001937500185], [2.386397424380449, 48.83028730286773], [2.386281238776363, 48.83032088275266], [2.388382755754442, 48.83186597072714], [2.390288655491092, 48.83290817540678], [2.390279304029062, 48.8330088568151], [2.390098169799876, 48.83300433583076], [2.38898715950574, 48.83388004449495]]], ""type"": ""Polygon""}";75;75112;Paris 12e Arrondissement;4703;751124703;Bercy 3;H;48.833072631453994, 2.391193721036058;IRIS____0000000751124703
"{""coordinates"": [[[2.280123504224159, 48.86656431424454], [2.279751739590083, 48.866043152389004], [2.279184945785309, 48.865430879523856], [2.277371989292505, 48.86395220436881], [2.274963579027397, 48.8642281289441], [2.275737394359416, 48.86543704673328], [2.275733768308282, 48.86559980741147], [2.275828620202027, 48.86564085218802], [2.275792930862973, 48.86575665255915], [2.275930250708042, 48.865782665243266], [2.277012952217638, 48.86762478473107], [2.277880920586398, 48.867359320394726], [2.280123504224159, 48.86656431424454]]], ""type"": ""Polygon""}";75;75116;Paris 16e Arrondissement;6303;751166303;Porte Dauphine 3;H;48.86569817197083, 2.277476200359288;IRIS____0000000751166303
"{""coordinates"": [[[2.392276479538899, 48.88862726434653], [2.393112671240337, 48.88884374525179], [2.393712534083305, 48.88722081024845], [2.393457455983595, 48.886406530535545], [2.389806440214849, 48.886089404268304], [2.389989505358162, 48.886410496281314], [2.38999288454292, 48.886587680206176], [2.389294262737713, 48.88778471498386], [2.392311211815018, 48.88857258201165], [2.392276479538899, 48.88862726434653]]], ""type"": ""Polygon""}";75;75119;Paris 19e Arrondissement;7521;751197521;Amérique 21;H;48.88733542299581, 2.391694471774662;IRIS____0000000751197521
"{""coordinates"": [[[2.399253480440672, 48.87077933232703], [2.400697307722229, 48.8691120065035], [2.39942460256381, 48.86858940784275], [2.398076962198158, 48.86818333234471], [2.396648806436069, 48.869316501300474], [2.395751001263628, 48.87008899906956], [2.396793004598115, 48.87016710106152], [2.397595847380182, 48.87029615203325], [2.398117166803824, 48.87048493712234], [2.399253480440672, 48.87077933232703]]], ""type"": ""Polygon""}";75;75120;Paris 20e Arrondissement;7916;751207916;Père Lachaise 16;H;48.86950365393214, 2.398412984401885;IRIS____0000000751207916
"{""coordinates"": [[[2.312461150100196, 48.87225933570759], [2.31244051527816, 48.872066757917224], [2.311991895838291, 48.87145352645381], [2.312867308464373, 48.87040812204734], [2.311971204590482, 48.86992362405012], [2.308863143921958, 48.87093366811186], [2.304109999984468, 48.87240983107116], [2.307449598277331, 48.874199104606994], [2.308481149026303, 48.873829143596495], [2.309981106738858, 48.873091345914496], [2.310760422032143, 48.87282243582147], [2.312461150100196, 48.87225933570759]]], ""type"": ""Polygon""}";75;75108;Paris 8e Arrondissement;3004;751083004;Faubourg du Roule 4;A;48.87211374593592, 2.308904326468502;IRIS____0000000751083004
"{""coordinates"": [[[2.353694420700493, 48.88025572903953], [2.354764455992748, 48.879953929398674], [2.355983100943926, 48.87976263821999], [2.355925229021529, 48.87970117230923], [2.355396302735432, 48.87748776505568], [2.355239485844312, 48.87737900048031], [2.355018189793621, 48.877302264329124], [2.355675430595575, 48.87652698007375], [2.351408855459954, 48.87710109798889], [2.351557842414144, 48.87761902235491], [2.35191793207603, 48.877718100378296], [2.351262710229496, 48.878106661037776], [2.35135995379258, 48.8782906520408], [2.351331957621502, 48.878348957030695], [2.351622966185114, 48.87939735723991], [2.352063388076111, 48.87950676230266], [2.352342415965058, 48.880423792273156], [2.352283026510915, 48.880484625532446], [2.352430191226313, 48.88049261630062], [2.353694420700493, 48.88025572903953]]], ""type"": ""Polygon""}";75;75110;Paris 10e Arrondissement;3704;751103704;Saint-Vincent de Paul 4;H;48.87849160888123, 2.353607542745353;IRIS____0000000751103704
"{""coordinates"": [[[2.375524060269174, 48.863945207491106], [2.374728467008199, 48.8650418489876], [2.375341036870924, 48.8651124984091], [2.378006637977999, 48.86460206485266], [2.379307603204893, 48.86307004344441], [2.37698550727793, 48.86199225491517], [2.376485763911548, 48.86263358279005], [2.375524060269174, 48.863945207491106]]], ""type"": ""Polygon""}";75;75111;Paris 11e Arrondissement;4212;751114212;Saint-Ambroise 12;H;48.86368707476076, 2.3770714391849372;IRIS____0000000751114212
"{""coordinates"": [[[2.387377786989925, 48.86289848204552], [2.388879258024644, 48.859816912023255], [2.388695241550911, 48.859817770851166], [2.386834885463864, 48.85934149283615], [2.385823782355374, 48.86117097191572], [2.386575118932972, 48.86137717796015], [2.385960779441364, 48.86250000578943], [2.387377786989925, 48.86289848204552]]], ""type"": ""Polygon""}";75;75111;Paris 11e Arrondissement;4321;751114321;Roquette 21;H;48.86100459350928, 2.3872464330023515;IRIS____0000000751114321
"{""coordinates"": [[[2.265845993563717, 48.8503619855175], [2.265242753563979, 48.85139165226354], [2.264252326268591, 48.85214013226264], [2.265266695663362, 48.85365639566164], [2.265428551914775, 48.853969468067696], [2.265577599504768, 48.85393440851394], [2.268135138089223, 48.85242296179038], [2.267258443897536, 48.850803238362204], [2.267085017359883, 48.850828257705146], [2.265845993563717, 48.8503619855175]]], ""type"": ""Polygon""}";75;75116;Paris 16e Arrondissement;6123;751166123;Auteuil 23;H;48.852143108788226, 2.266178912169909;IRIS____0000000751166123
"{""coordinates"": [[[2.335743829098689, 48.889512304242686], [2.340179357627927, 48.88969061258283], [2.339803989954437, 48.88853290985176], [2.339696303631185, 48.88702324542593], [2.339375712761318, 48.887032268961406], [2.339251867372738, 48.88690478039383], [2.339048658254792, 48.886798437474596], [2.33881914493355, 48.88629354659986], [2.338571925360965, 48.88675353647926], [2.337550234774854, 48.88720294804052], [2.337209841817573, 48.88726761453807], [2.335673659041966, 48.887422778856426], [2.334762060232704, 48.88768481789462], [2.335567725733217, 48.88835029679805], [2.335474349545335, 48.888614180687085], [2.335573161595067, 48.88877930580057], [2.335800022885391, 48.8889559330834], [2.335743829098689, 48.889512304242686]]], ""type"": ""Polygon""}";75;75118;Paris 18e Arrondissement;6911;751186911;Grandes Carrières 11;H;48.88832507231285, 2.337783327838071;IRIS____0000000751186911
"{""coordinates"": [[[2.359340232450158, 48.88440950100996], [2.355830240363881, 48.88418382234298], [2.356777000106079, 48.88492546204004], [2.356731124296173, 48.88543783223724], [2.356320375513379, 48.887335901704745], [2.356051141857808, 48.88870592500722], [2.359880513172222, 48.889046617266075], [2.359793122349779, 48.887613525931414], [2.359508729452945, 48.886453673490756], [2.359367841725875, 48.88549064030697], [2.359340232450158, 48.88440950100996]]], ""type"": ""Polygon""}";75;75118;Paris 18e Arrondissement;7101;751187101;Goutte d'Or 1;H;48.88673518688845, 2.3580062152027033;IRIS____0000000751187101
"{""coordinates"": [[[2.370457176828816, 48.89452739500733], [2.371791555807094, 48.89539325117097], [2.371942697516419, 48.89530141420083], [2.372104898690937, 48.895310358617024], [2.373955875499975, 48.89598194682269], [2.376162680160673, 48.896444020490364], [2.375375460331769, 48.89566560533362], [2.374130668136945, 48.89460330724662], [2.373320668003488, 48.89379597970531], [2.372867047041114, 48.893862852529764], [2.370457176828816, 48.89452739500733]]], ""type"": ""Polygon""}";75;75119;Paris 19e Arrondissement;7409;751197409;Pont de Flandre 9;H;48.89502961138306, 2.3732451312833636;IRIS____0000000751197409
"{""coordinates"": [[[2.370316492053774, 48.898716572572646], [2.370252815133699, 48.9002594614514], [2.370334571644304, 48.90094336963003], [2.370170291188827, 48.901555837348496], [2.370301804653316, 48.901847906168115], [2.379775917060788, 48.90204752681562], [2.380126206833207, 48.90149896146056], [2.380100157939259, 48.90139540576014], [2.380345116629615, 48.90098568768295], [2.380649509491296, 48.900624839218544], [2.381758619246172, 48.89900730924467], [2.374098659325397, 48.89885420869353], [2.37133188153986, 48.89878395964869], [2.371107362683898, 48.89873871444735], [2.370974386331278, 48.898793773630146], [2.370477942397113, 48.898788467218395], [2.370316492053774, 48.898716572572646]]], ""type"": ""Polygon""}";75;75119;Paris 19e Arrondissement;7410;751197410;Pont de Flandre 10;H;48.900370314446214, 2.3755154513715873;IRIS____0000000751197410
"{""coordinates"": [[[2.383277850419909, 48.88498575822547], [2.382260962414133, 48.88587084770205], [2.384531197382888, 48.886474294344694], [2.384632417229442, 48.88656384766393], [2.38481594396273, 48.88661245490962], [2.386337299128583, 48.88700607159378], [2.386895867814034, 48.8856635446384], [2.384605682390683, 48.88524889804915], [2.384560107755297, 48.88483587358959], [2.384484488150389, 48.884657418450864], [2.384352579810896, 48.88451104952852], [2.384204832840808, 48.88443564570095], [2.384623974911253, 48.88381636658001], [2.384233983976847, 48.88416150128867], [2.383277850419909, 48.88498575822547]]], ""type"": ""Polygon""}";75;75119;Paris 19e Arrondissement;7524;751197524;Amérique 24;H;48.885773700261936, 2.384685502275653;IRIS____0000000751197524
"{""coordinates"": [[[2.390665119756101, 48.86783106011152], [2.392959107005443, 48.86668796571571], [2.394320466841067, 48.865790127118245], [2.394140034071517, 48.86571546800011], [2.393557974289527, 48.86559740457449], [2.393029329579326, 48.86557493926127], [2.392353349184037, 48.86509485871065], [2.391186101333957, 48.86512849771516], [2.391451757591644, 48.86444185294459], [2.389736398949831, 48.86390610428536], [2.38922049373156, 48.86384501527595], [2.389044504136973, 48.86385760712019], [2.389631914714663, 48.864679904518844], [2.389751545326594, 48.86494042414548], [2.389847076201049, 48.86551289193013], [2.389680364598988, 48.866012974475545], [2.389648666952411, 48.86639143496383], [2.388999605553974, 48.8672209116581], [2.388987424258246, 48.86732966951147], [2.390339992360949, 48.86753981738755], [2.390470904617933, 48.867303058673315], [2.390714861884181, 48.86730789817094], [2.3903298718691, 48.867822158193306], [2.390665119756101, 48.86783106011152]]], ""type"": ""Polygon""}";75;75120;Paris 20e Arrondissement;7910;751207910;Père Lachaise 10;H;48.865966646337675, 2.391148392085999;IRIS____0000000751207910
