[2026-06-29T08:15:36.203+0000] {processor.py:186} INFO - Started process (PID=184) to work on /opt/airflow/dags/urban_data_streaming_dag.py
[2026-06-29T08:15:36.205+0000] {processor.py:914} INFO - Processing file /opt/airflow/dags/urban_data_streaming_dag.py for tasks to queue
[2026-06-29T08:15:36.207+0000] {logging_mixin.py:190} INFO - [2026-06-29T08:15:36.207+0000] {dagbag.py:588} INFO - Filling up the DagBag from /opt/airflow/dags/urban_data_streaming_dag.py
[2026-06-29T08:15:36.231+0000] {processor.py:925} INFO - DAG(s) 'urban_data_streaming_demo' retrieved from /opt/airflow/dags/urban_data_streaming_dag.py
[2026-06-29T08:15:36.266+0000] {logging_mixin.py:190} INFO - [2026-06-29T08:15:36.266+0000] {dag.py:3239} INFO - Sync 1 DAGs
[2026-06-29T08:15:36.286+0000] {logging_mixin.py:190} INFO - [2026-06-29T08:15:36.285+0000] {dag.py:4180} INFO - Setting next_dagrun for urban_data_streaming_demo to None, run_after=None
[2026-06-29T08:15:36.309+0000] {processor.py:208} INFO - Processing /opt/airflow/dags/urban_data_streaming_dag.py took 0.111 seconds
[2026-06-29T08:16:06.946+0000] {processor.py:186} INFO - Started process (PID=202) to work on /opt/airflow/dags/urban_data_streaming_dag.py
[2026-06-29T08:16:06.948+0000] {processor.py:914} INFO - Processing file /opt/airflow/dags/urban_data_streaming_dag.py for tasks to queue
[2026-06-29T08:16:06.951+0000] {logging_mixin.py:190} INFO - [2026-06-29T08:16:06.951+0000] {dagbag.py:588} INFO - Filling up the DagBag from /opt/airflow/dags/urban_data_streaming_dag.py
[2026-06-29T08:16:06.999+0000] {processor.py:925} INFO - DAG(s) 'urban_data_streaming_demo' retrieved from /opt/airflow/dags/urban_data_streaming_dag.py
[2026-06-29T08:16:07.040+0000] {logging_mixin.py:190} INFO - [2026-06-29T08:16:07.039+0000] {dag.py:3239} INFO - Sync 1 DAGs
[2026-06-29T08:16:07.068+0000] {logging_mixin.py:190} INFO - [2026-06-29T08:16:07.067+0000] {dag.py:4180} INFO - Setting next_dagrun for urban_data_streaming_demo to None, run_after=None
[2026-06-29T08:16:07.092+0000] {processor.py:208} INFO - Processing /opt/airflow/dags/urban_data_streaming_dag.py took 0.157 seconds
[2026-06-29T08:16:37.966+0000] {processor.py:186} INFO - Started process (PID=220) to work on /opt/airflow/dags/urban_data_streaming_dag.py
[2026-06-29T08:16:37.968+0000] {processor.py:914} INFO - Processing file /opt/airflow/dags/urban_data_streaming_dag.py for tasks to queue
[2026-06-29T08:16:37.971+0000] {logging_mixin.py:190} INFO - [2026-06-29T08:16:37.970+0000] {dagbag.py:588} INFO - Filling up the DagBag from /opt/airflow/dags/urban_data_streaming_dag.py
[2026-06-29T08:16:38.010+0000] {processor.py:925} INFO - DAG(s) 'urban_data_streaming_demo' retrieved from /opt/airflow/dags/urban_data_streaming_dag.py
[2026-06-29T08:16:38.051+0000] {logging_mixin.py:190} INFO - [2026-06-29T08:16:38.051+0000] {dag.py:3239} INFO - Sync 1 DAGs
[2026-06-29T08:16:38.073+0000] {logging_mixin.py:190} INFO - [2026-06-29T08:16:38.073+0000] {dag.py:4180} INFO - Setting next_dagrun for urban_data_streaming_demo to None, run_after=None
[2026-06-29T08:16:38.113+0000] {processor.py:208} INFO - Processing /opt/airflow/dags/urban_data_streaming_dag.py took 0.153 seconds
[2026-06-29T08:17:08.886+0000] {processor.py:186} INFO - Started process (PID=238) to work on /opt/airflow/dags/urban_data_streaming_dag.py
[2026-06-29T08:17:08.888+0000] {processor.py:914} INFO - Processing file /opt/airflow/dags/urban_data_streaming_dag.py for tasks to queue
[2026-06-29T08:17:08.892+0000] {logging_mixin.py:190} INFO - [2026-06-29T08:17:08.891+0000] {dagbag.py:588} INFO - Filling up the DagBag from /opt/airflow/dags/urban_data_streaming_dag.py
[2026-06-29T08:17:08.950+0000] {processor.py:925} INFO - DAG(s) 'urban_data_streaming_demo' retrieved from /opt/airflow/dags/urban_data_streaming_dag.py
[2026-06-29T08:17:08.990+0000] {logging_mixin.py:190} INFO - [2026-06-29T08:17:08.989+0000] {dag.py:3239} INFO - Sync 1 DAGs
[2026-06-29T08:17:09.006+0000] {logging_mixin.py:190} INFO - [2026-06-29T08:17:09.006+0000] {dag.py:4180} INFO - Setting next_dagrun for urban_data_streaming_demo to None, run_after=None
[2026-06-29T08:17:09.063+0000] {processor.py:208} INFO - Processing /opt/airflow/dags/urban_data_streaming_dag.py took 0.186 seconds
[2026-06-29T08:17:39.714+0000] {processor.py:186} INFO - Started process (PID=256) to work on /opt/airflow/dags/urban_data_streaming_dag.py
[2026-06-29T08:17:39.716+0000] {processor.py:914} INFO - Processing file /opt/airflow/dags/urban_data_streaming_dag.py for tasks to queue
[2026-06-29T08:17:39.721+0000] {logging_mixin.py:190} INFO - [2026-06-29T08:17:39.720+0000] {dagbag.py:588} INFO - Filling up the DagBag from /opt/airflow/dags/urban_data_streaming_dag.py
[2026-06-29T08:17:39.823+0000] {processor.py:925} INFO - DAG(s) 'urban_data_streaming_demo' retrieved from /opt/airflow/dags/urban_data_streaming_dag.py
[2026-06-29T08:17:39.930+0000] {logging_mixin.py:190} INFO - [2026-06-29T08:17:39.929+0000] {dag.py:3239} INFO - Sync 1 DAGs
[2026-06-29T08:17:39.952+0000] {logging_mixin.py:190} INFO - [2026-06-29T08:17:39.951+0000] {dag.py:4180} INFO - Setting next_dagrun for urban_data_streaming_demo to None, run_after=None
[2026-06-29T08:17:39.986+0000] {processor.py:208} INFO - Processing /opt/airflow/dags/urban_data_streaming_dag.py took 0.285 seconds
[2026-06-29T08:18:10.764+0000] {processor.py:186} INFO - Started process (PID=274) to work on /opt/airflow/dags/urban_data_streaming_dag.py
[2026-06-29T08:18:10.766+0000] {processor.py:914} INFO - Processing file /opt/airflow/dags/urban_data_streaming_dag.py for tasks to queue
[2026-06-29T08:18:10.769+0000] {logging_mixin.py:190} INFO - [2026-06-29T08:18:10.769+0000] {dagbag.py:588} INFO - Filling up the DagBag from /opt/airflow/dags/urban_data_streaming_dag.py
[2026-06-29T08:18:10.834+0000] {processor.py:925} INFO - DAG(s) 'urban_data_streaming_demo' retrieved from /opt/airflow/dags/urban_data_streaming_dag.py
[2026-06-29T08:18:10.869+0000] {logging_mixin.py:190} INFO - [2026-06-29T08:18:10.869+0000] {dag.py:3239} INFO - Sync 1 DAGs
[2026-06-29T08:18:10.886+0000] {logging_mixin.py:190} INFO - [2026-06-29T08:18:10.886+0000] {dag.py:4180} INFO - Setting next_dagrun for urban_data_streaming_demo to None, run_after=None
[2026-06-29T08:18:11.045+0000] {processor.py:208} INFO - Processing /opt/airflow/dags/urban_data_streaming_dag.py took 0.287 seconds
[2026-06-29T08:18:41.655+0000] {processor.py:186} INFO - Started process (PID=352) to work on /opt/airflow/dags/urban_data_streaming_dag.py
[2026-06-29T08:18:41.657+0000] {processor.py:914} INFO - Processing file /opt/airflow/dags/urban_data_streaming_dag.py for tasks to queue
[2026-06-29T08:18:41.662+0000] {logging_mixin.py:190} INFO - [2026-06-29T08:18:41.662+0000] {dagbag.py:588} INFO - Filling up the DagBag from /opt/airflow/dags/urban_data_streaming_dag.py
[2026-06-29T08:18:41.716+0000] {processor.py:925} INFO - DAG(s) 'urban_data_streaming_demo' retrieved from /opt/airflow/dags/urban_data_streaming_dag.py
[2026-06-29T08:18:41.756+0000] {logging_mixin.py:190} INFO - [2026-06-29T08:18:41.756+0000] {dag.py:3239} INFO - Sync 1 DAGs
[2026-06-29T08:18:41.908+0000] {logging_mixin.py:190} INFO - [2026-06-29T08:18:41.908+0000] {dag.py:4180} INFO - Setting next_dagrun for urban_data_streaming_demo to None, run_after=None
[2026-06-29T08:18:41.929+0000] {processor.py:208} INFO - Processing /opt/airflow/dags/urban_data_streaming_dag.py took 0.282 seconds
[2026-06-29T08:19:12.356+0000] {processor.py:186} INFO - Started process (PID=370) to work on /opt/airflow/dags/urban_data_streaming_dag.py
[2026-06-29T08:19:12.357+0000] {processor.py:914} INFO - Processing file /opt/airflow/dags/urban_data_streaming_dag.py for tasks to queue
[2026-06-29T08:19:12.360+0000] {logging_mixin.py:190} INFO - [2026-06-29T08:19:12.360+0000] {dagbag.py:588} INFO - Filling up the DagBag from /opt/airflow/dags/urban_data_streaming_dag.py
[2026-06-29T08:19:12.416+0000] {processor.py:925} INFO - DAG(s) 'urban_data_streaming_demo' retrieved from /opt/airflow/dags/urban_data_streaming_dag.py
[2026-06-29T08:19:12.618+0000] {logging_mixin.py:190} INFO - [2026-06-29T08:19:12.617+0000] {dag.py:3239} INFO - Sync 1 DAGs
[2026-06-29T08:19:12.630+0000] {logging_mixin.py:190} INFO - [2026-06-29T08:19:12.630+0000] {dag.py:4180} INFO - Setting next_dagrun for urban_data_streaming_demo to None, run_after=None
[2026-06-29T08:19:12.647+0000] {processor.py:208} INFO - Processing /opt/airflow/dags/urban_data_streaming_dag.py took 0.297 seconds
[2026-06-29T08:19:43.198+0000] {processor.py:186} INFO - Started process (PID=388) to work on /opt/airflow/dags/urban_data_streaming_dag.py
[2026-06-29T08:19:43.200+0000] {processor.py:914} INFO - Processing file /opt/airflow/dags/urban_data_streaming_dag.py for tasks to queue
[2026-06-29T08:19:43.203+0000] {logging_mixin.py:190} INFO - [2026-06-29T08:19:43.203+0000] {dagbag.py:588} INFO - Filling up the DagBag from /opt/airflow/dags/urban_data_streaming_dag.py
[2026-06-29T08:19:43.255+0000] {processor.py:925} INFO - DAG(s) 'urban_data_streaming_demo' retrieved from /opt/airflow/dags/urban_data_streaming_dag.py
[2026-06-29T08:19:43.285+0000] {logging_mixin.py:190} INFO - [2026-06-29T08:19:43.285+0000] {dag.py:3239} INFO - Sync 1 DAGs
[2026-06-29T08:19:43.301+0000] {logging_mixin.py:190} INFO - [2026-06-29T08:19:43.300+0000] {dag.py:4180} INFO - Setting next_dagrun for urban_data_streaming_demo to None, run_after=None
[2026-06-29T08:19:43.324+0000] {processor.py:208} INFO - Processing /opt/airflow/dags/urban_data_streaming_dag.py took 0.131 seconds
[2026-06-29T08:20:13.723+0000] {processor.py:186} INFO - Started process (PID=406) to work on /opt/airflow/dags/urban_data_streaming_dag.py
[2026-06-29T08:20:13.725+0000] {processor.py:914} INFO - Processing file /opt/airflow/dags/urban_data_streaming_dag.py for tasks to queue
[2026-06-29T08:20:13.728+0000] {logging_mixin.py:190} INFO - [2026-06-29T08:20:13.728+0000] {dagbag.py:588} INFO - Filling up the DagBag from /opt/airflow/dags/urban_data_streaming_dag.py
[2026-06-29T08:20:13.819+0000] {processor.py:925} INFO - DAG(s) 'urban_data_streaming_demo' retrieved from /opt/airflow/dags/urban_data_streaming_dag.py
[2026-06-29T08:20:13.854+0000] {logging_mixin.py:190} INFO - [2026-06-29T08:20:13.854+0000] {dag.py:3239} INFO - Sync 1 DAGs
[2026-06-29T08:20:13.876+0000] {logging_mixin.py:190} INFO - [2026-06-29T08:20:13.876+0000] {dag.py:4180} INFO - Setting next_dagrun for urban_data_streaming_demo to None, run_after=None
[2026-06-29T08:20:13.898+0000] {processor.py:208} INFO - Processing /opt/airflow/dags/urban_data_streaming_dag.py took 0.180 seconds
[2026-06-29T08:20:44.345+0000] {processor.py:186} INFO - Started process (PID=425) to work on /opt/airflow/dags/urban_data_streaming_dag.py
[2026-06-29T08:20:44.346+0000] {processor.py:914} INFO - Processing file /opt/airflow/dags/urban_data_streaming_dag.py for tasks to queue
[2026-06-29T08:20:44.348+0000] {logging_mixin.py:190} INFO - [2026-06-29T08:20:44.348+0000] {dagbag.py:588} INFO - Filling up the DagBag from /opt/airflow/dags/urban_data_streaming_dag.py
[2026-06-29T08:20:44.378+0000] {processor.py:925} INFO - DAG(s) 'urban_data_streaming_demo' retrieved from /opt/airflow/dags/urban_data_streaming_dag.py
[2026-06-29T08:20:44.405+0000] {logging_mixin.py:190} INFO - [2026-06-29T08:20:44.405+0000] {dag.py:3239} INFO - Sync 1 DAGs
[2026-06-29T08:20:44.419+0000] {logging_mixin.py:190} INFO - [2026-06-29T08:20:44.419+0000] {dag.py:4180} INFO - Setting next_dagrun for urban_data_streaming_demo to None, run_after=None
[2026-06-29T08:20:44.442+0000] {processor.py:208} INFO - Processing /opt/airflow/dags/urban_data_streaming_dag.py took 0.106 seconds
[2026-06-29T08:21:14.802+0000] {processor.py:186} INFO - Started process (PID=512) to work on /opt/airflow/dags/urban_data_streaming_dag.py
[2026-06-29T08:21:14.804+0000] {processor.py:914} INFO - Processing file /opt/airflow/dags/urban_data_streaming_dag.py for tasks to queue
[2026-06-29T08:21:14.807+0000] {logging_mixin.py:190} INFO - [2026-06-29T08:21:14.806+0000] {dagbag.py:588} INFO - Filling up the DagBag from /opt/airflow/dags/urban_data_streaming_dag.py
[2026-06-29T08:21:14.833+0000] {processor.py:925} INFO - DAG(s) 'urban_data_streaming_demo' retrieved from /opt/airflow/dags/urban_data_streaming_dag.py
[2026-06-29T08:21:14.872+0000] {logging_mixin.py:190} INFO - [2026-06-29T08:21:14.872+0000] {dag.py:3239} INFO - Sync 1 DAGs
[2026-06-29T08:21:14.890+0000] {logging_mixin.py:190} INFO - [2026-06-29T08:21:14.890+0000] {dag.py:4180} INFO - Setting next_dagrun for urban_data_streaming_demo to None, run_after=None
[2026-06-29T08:21:14.910+0000] {processor.py:208} INFO - Processing /opt/airflow/dags/urban_data_streaming_dag.py took 0.114 seconds
[2026-06-29T08:21:45.693+0000] {processor.py:186} INFO - Started process (PID=530) to work on /opt/airflow/dags/urban_data_streaming_dag.py
[2026-06-29T08:21:45.695+0000] {processor.py:914} INFO - Processing file /opt/airflow/dags/urban_data_streaming_dag.py for tasks to queue
[2026-06-29T08:21:45.700+0000] {logging_mixin.py:190} INFO - [2026-06-29T08:21:45.698+0000] {dagbag.py:588} INFO - Filling up the DagBag from /opt/airflow/dags/urban_data_streaming_dag.py
[2026-06-29T08:21:45.777+0000] {processor.py:925} INFO - DAG(s) 'urban_data_streaming_demo' retrieved from /opt/airflow/dags/urban_data_streaming_dag.py
[2026-06-29T08:21:45.846+0000] {logging_mixin.py:190} INFO - [2026-06-29T08:21:45.846+0000] {dag.py:3239} INFO - Sync 1 DAGs
[2026-06-29T08:21:45.867+0000] {logging_mixin.py:190} INFO - [2026-06-29T08:21:45.866+0000] {dag.py:4180} INFO - Setting next_dagrun for urban_data_streaming_demo to None, run_after=None
[2026-06-29T08:21:45.892+0000] {processor.py:208} INFO - Processing /opt/airflow/dags/urban_data_streaming_dag.py took 0.207 seconds
[2026-06-29T08:22:16.319+0000] {processor.py:186} INFO - Started process (PID=608) to work on /opt/airflow/dags/urban_data_streaming_dag.py
[2026-06-29T08:22:16.321+0000] {processor.py:914} INFO - Processing file /opt/airflow/dags/urban_data_streaming_dag.py for tasks to queue
[2026-06-29T08:22:16.326+0000] {logging_mixin.py:190} INFO - [2026-06-29T08:22:16.325+0000] {dagbag.py:588} INFO - Filling up the DagBag from /opt/airflow/dags/urban_data_streaming_dag.py
[2026-06-29T08:22:16.359+0000] {processor.py:925} INFO - DAG(s) 'urban_data_streaming_demo' retrieved from /opt/airflow/dags/urban_data_streaming_dag.py
[2026-06-29T08:22:16.395+0000] {logging_mixin.py:190} INFO - [2026-06-29T08:22:16.395+0000] {dag.py:3239} INFO - Sync 1 DAGs
[2026-06-29T08:22:16.411+0000] {logging_mixin.py:190} INFO - [2026-06-29T08:22:16.411+0000] {dag.py:4180} INFO - Setting next_dagrun for urban_data_streaming_demo to None, run_after=None
[2026-06-29T08:22:16.438+0000] {processor.py:208} INFO - Processing /opt/airflow/dags/urban_data_streaming_dag.py took 0.127 seconds
[2026-06-29T08:22:46.849+0000] {processor.py:186} INFO - Started process (PID=626) to work on /opt/airflow/dags/urban_data_streaming_dag.py
[2026-06-29T08:22:46.851+0000] {processor.py:914} INFO - Processing file /opt/airflow/dags/urban_data_streaming_dag.py for tasks to queue
[2026-06-29T08:22:46.853+0000] {logging_mixin.py:190} INFO - [2026-06-29T08:22:46.853+0000] {dagbag.py:588} INFO - Filling up the DagBag from /opt/airflow/dags/urban_data_streaming_dag.py
[2026-06-29T08:22:46.876+0000] {processor.py:925} INFO - DAG(s) 'urban_data_streaming_demo' retrieved from /opt/airflow/dags/urban_data_streaming_dag.py
[2026-06-29T08:22:46.905+0000] {logging_mixin.py:190} INFO - [2026-06-29T08:22:46.904+0000] {dag.py:3239} INFO - Sync 1 DAGs
[2026-06-29T08:22:46.920+0000] {logging_mixin.py:190} INFO - [2026-06-29T08:22:46.920+0000] {dag.py:4180} INFO - Setting next_dagrun for urban_data_streaming_demo to None, run_after=None
[2026-06-29T08:22:46.941+0000] {processor.py:208} INFO - Processing /opt/airflow/dags/urban_data_streaming_dag.py took 0.098 seconds
[2026-06-29T08:45:35.290+0000] {processor.py:186} INFO - Started process (PID=185) to work on /opt/airflow/dags/urban_data_streaming_dag.py
[2026-06-29T08:45:35.292+0000] {processor.py:914} INFO - Processing file /opt/airflow/dags/urban_data_streaming_dag.py for tasks to queue
[2026-06-29T08:45:35.294+0000] {logging_mixin.py:190} INFO - [2026-06-29T08:45:35.294+0000] {dagbag.py:588} INFO - Filling up the DagBag from /opt/airflow/dags/urban_data_streaming_dag.py
[2026-06-29T08:45:35.320+0000] {processor.py:925} INFO - DAG(s) 'urban_data_streaming_demo' retrieved from /opt/airflow/dags/urban_data_streaming_dag.py
[2026-06-29T08:45:35.359+0000] {logging_mixin.py:190} INFO - [2026-06-29T08:45:35.358+0000] {dag.py:3239} INFO - Sync 1 DAGs
[2026-06-29T08:45:35.380+0000] {logging_mixin.py:190} INFO - [2026-06-29T08:45:35.379+0000] {dag.py:4180} INFO - Setting next_dagrun for urban_data_streaming_demo to None, run_after=None
[2026-06-29T08:45:35.406+0000] {processor.py:208} INFO - Processing /opt/airflow/dags/urban_data_streaming_dag.py took 0.122 seconds
[2026-06-29T08:46:05.872+0000] {processor.py:186} INFO - Started process (PID=206) to work on /opt/airflow/dags/urban_data_streaming_dag.py
[2026-06-29T08:46:05.874+0000] {processor.py:914} INFO - Processing file /opt/airflow/dags/urban_data_streaming_dag.py for tasks to queue
[2026-06-29T08:46:05.878+0000] {logging_mixin.py:190} INFO - [2026-06-29T08:46:05.878+0000] {dagbag.py:588} INFO - Filling up the DagBag from /opt/airflow/dags/urban_data_streaming_dag.py
[2026-06-29T08:46:05.953+0000] {processor.py:925} INFO - DAG(s) 'urban_data_streaming_demo' retrieved from /opt/airflow/dags/urban_data_streaming_dag.py
[2026-06-29T08:46:05.998+0000] {logging_mixin.py:190} INFO - [2026-06-29T08:46:05.998+0000] {dag.py:3239} INFO - Sync 1 DAGs
[2026-06-29T08:46:06.015+0000] {logging_mixin.py:190} INFO - [2026-06-29T08:46:06.015+0000] {dag.py:4180} INFO - Setting next_dagrun for urban_data_streaming_demo to None, run_after=None
[2026-06-29T08:46:06.042+0000] {processor.py:208} INFO - Processing /opt/airflow/dags/urban_data_streaming_dag.py took 0.179 seconds
[2026-06-29T08:46:36.425+0000] {processor.py:186} INFO - Started process (PID=230) to work on /opt/airflow/dags/urban_data_streaming_dag.py
[2026-06-29T08:46:36.427+0000] {processor.py:914} INFO - Processing file /opt/airflow/dags/urban_data_streaming_dag.py for tasks to queue
[2026-06-29T08:46:36.430+0000] {logging_mixin.py:190} INFO - [2026-06-29T08:46:36.430+0000] {dagbag.py:588} INFO - Filling up the DagBag from /opt/airflow/dags/urban_data_streaming_dag.py
[2026-06-29T08:46:36.490+0000] {processor.py:925} INFO - DAG(s) 'urban_data_streaming_demo' retrieved from /opt/airflow/dags/urban_data_streaming_dag.py
[2026-06-29T08:46:36.521+0000] {logging_mixin.py:190} INFO - [2026-06-29T08:46:36.520+0000] {dag.py:3239} INFO - Sync 1 DAGs
[2026-06-29T08:46:36.534+0000] {logging_mixin.py:190} INFO - [2026-06-29T08:46:36.534+0000] {dag.py:4180} INFO - Setting next_dagrun for urban_data_streaming_demo to None, run_after=None
[2026-06-29T08:46:36.554+0000] {processor.py:208} INFO - Processing /opt/airflow/dags/urban_data_streaming_dag.py took 0.134 seconds
[2026-06-29T08:47:06.969+0000] {processor.py:186} INFO - Started process (PID=256) to work on /opt/airflow/dags/urban_data_streaming_dag.py
[2026-06-29T08:47:06.971+0000] {processor.py:914} INFO - Processing file /opt/airflow/dags/urban_data_streaming_dag.py for tasks to queue
[2026-06-29T08:47:06.974+0000] {logging_mixin.py:190} INFO - [2026-06-29T08:47:06.974+0000] {dagbag.py:588} INFO - Filling up the DagBag from /opt/airflow/dags/urban_data_streaming_dag.py
[2026-06-29T08:47:07.010+0000] {processor.py:925} INFO - DAG(s) 'urban_data_streaming_demo' retrieved from /opt/airflow/dags/urban_data_streaming_dag.py
[2026-06-29T08:47:07.038+0000] {logging_mixin.py:190} INFO - [2026-06-29T08:47:07.038+0000] {dag.py:3239} INFO - Sync 1 DAGs
[2026-06-29T08:47:07.055+0000] {logging_mixin.py:190} INFO - [2026-06-29T08:47:07.054+0000] {dag.py:4180} INFO - Setting next_dagrun for urban_data_streaming_demo to None, run_after=None
[2026-06-29T08:47:07.075+0000] {processor.py:208} INFO - Processing /opt/airflow/dags/urban_data_streaming_dag.py took 0.112 seconds
[2026-06-29T08:47:37.443+0000] {processor.py:186} INFO - Started process (PID=274) to work on /opt/airflow/dags/urban_data_streaming_dag.py
[2026-06-29T08:47:37.444+0000] {processor.py:914} INFO - Processing file /opt/airflow/dags/urban_data_streaming_dag.py for tasks to queue
[2026-06-29T08:47:37.447+0000] {logging_mixin.py:190} INFO - [2026-06-29T08:47:37.447+0000] {dagbag.py:588} INFO - Filling up the DagBag from /opt/airflow/dags/urban_data_streaming_dag.py
[2026-06-29T08:47:37.477+0000] {processor.py:925} INFO - DAG(s) 'urban_data_streaming_demo' retrieved from /opt/airflow/dags/urban_data_streaming_dag.py
[2026-06-29T08:47:37.509+0000] {logging_mixin.py:190} INFO - [2026-06-29T08:47:37.509+0000] {dag.py:3239} INFO - Sync 1 DAGs
[2026-06-29T08:47:37.524+0000] {logging_mixin.py:190} INFO - [2026-06-29T08:47:37.524+0000] {dag.py:4180} INFO - Setting next_dagrun for urban_data_streaming_demo to None, run_after=None
[2026-06-29T08:47:37.558+0000] {processor.py:208} INFO - Processing /opt/airflow/dags/urban_data_streaming_dag.py took 0.121 seconds
[2026-06-29T08:48:08.092+0000] {processor.py:186} INFO - Started process (PID=370) to work on /opt/airflow/dags/urban_data_streaming_dag.py
[2026-06-29T08:48:08.096+0000] {processor.py:914} INFO - Processing file /opt/airflow/dags/urban_data_streaming_dag.py for tasks to queue
[2026-06-29T08:48:08.108+0000] {logging_mixin.py:190} INFO - [2026-06-29T08:48:08.107+0000] {dagbag.py:588} INFO - Filling up the DagBag from /opt/airflow/dags/urban_data_streaming_dag.py
[2026-06-29T08:48:08.166+0000] {processor.py:925} INFO - DAG(s) 'urban_data_streaming_demo' retrieved from /opt/airflow/dags/urban_data_streaming_dag.py
[2026-06-29T08:48:08.201+0000] {logging_mixin.py:190} INFO - [2026-06-29T08:48:08.201+0000] {dag.py:3239} INFO - Sync 1 DAGs
[2026-06-29T08:48:08.217+0000] {logging_mixin.py:190} INFO - [2026-06-29T08:48:08.217+0000] {dag.py:4180} INFO - Setting next_dagrun for urban_data_streaming_demo to None, run_after=None
[2026-06-29T08:48:08.368+0000] {processor.py:208} INFO - Processing /opt/airflow/dags/urban_data_streaming_dag.py took 0.286 seconds
[2026-06-29T08:48:39.247+0000] {processor.py:186} INFO - Started process (PID=388) to work on /opt/airflow/dags/urban_data_streaming_dag.py
[2026-06-29T08:48:39.250+0000] {processor.py:914} INFO - Processing file /opt/airflow/dags/urban_data_streaming_dag.py for tasks to queue
[2026-06-29T08:48:39.254+0000] {logging_mixin.py:190} INFO - [2026-06-29T08:48:39.254+0000] {dagbag.py:588} INFO - Filling up the DagBag from /opt/airflow/dags/urban_data_streaming_dag.py
[2026-06-29T08:48:39.313+0000] {processor.py:925} INFO - DAG(s) 'urban_data_streaming_demo' retrieved from /opt/airflow/dags/urban_data_streaming_dag.py
[2026-06-29T08:48:39.345+0000] {logging_mixin.py:190} INFO - [2026-06-29T08:48:39.344+0000] {dag.py:3239} INFO - Sync 1 DAGs
[2026-06-29T08:48:39.477+0000] {logging_mixin.py:190} INFO - [2026-06-29T08:48:39.476+0000] {dag.py:4180} INFO - Setting next_dagrun for urban_data_streaming_demo to None, run_after=None
[2026-06-29T08:48:39.498+0000] {processor.py:208} INFO - Processing /opt/airflow/dags/urban_data_streaming_dag.py took 0.258 seconds
[2026-06-29T08:49:10.420+0000] {processor.py:186} INFO - Started process (PID=406) to work on /opt/airflow/dags/urban_data_streaming_dag.py
[2026-06-29T08:49:10.422+0000] {processor.py:914} INFO - Processing file /opt/airflow/dags/urban_data_streaming_dag.py for tasks to queue
[2026-06-29T08:49:10.427+0000] {logging_mixin.py:190} INFO - [2026-06-29T08:49:10.426+0000] {dagbag.py:588} INFO - Filling up the DagBag from /opt/airflow/dags/urban_data_streaming_dag.py
[2026-06-29T08:49:10.523+0000] {processor.py:925} INFO - DAG(s) 'urban_data_streaming_demo' retrieved from /opt/airflow/dags/urban_data_streaming_dag.py
[2026-06-29T08:49:10.749+0000] {logging_mixin.py:190} INFO - [2026-06-29T08:49:10.749+0000] {dag.py:3239} INFO - Sync 1 DAGs
[2026-06-29T08:49:10.762+0000] {logging_mixin.py:190} INFO - [2026-06-29T08:49:10.761+0000] {dag.py:4180} INFO - Setting next_dagrun for urban_data_streaming_demo to None, run_after=None
[2026-06-29T08:49:10.783+0000] {processor.py:208} INFO - Processing /opt/airflow/dags/urban_data_streaming_dag.py took 0.374 seconds
[2026-06-29T08:49:41.820+0000] {processor.py:186} INFO - Started process (PID=424) to work on /opt/airflow/dags/urban_data_streaming_dag.py
[2026-06-29T08:49:41.821+0000] {processor.py:914} INFO - Processing file /opt/airflow/dags/urban_data_streaming_dag.py for tasks to queue
[2026-06-29T08:49:41.825+0000] {logging_mixin.py:190} INFO - [2026-06-29T08:49:41.824+0000] {dagbag.py:588} INFO - Filling up the DagBag from /opt/airflow/dags/urban_data_streaming_dag.py
[2026-06-29T08:49:41.878+0000] {processor.py:925} INFO - DAG(s) 'urban_data_streaming_demo' retrieved from /opt/airflow/dags/urban_data_streaming_dag.py
[2026-06-29T08:49:41.934+0000] {logging_mixin.py:190} INFO - [2026-06-29T08:49:41.934+0000] {dag.py:3239} INFO - Sync 1 DAGs
[2026-06-29T08:49:41.961+0000] {logging_mixin.py:190} INFO - [2026-06-29T08:49:41.961+0000] {dag.py:4180} INFO - Setting next_dagrun for urban_data_streaming_demo to None, run_after=None
[2026-06-29T08:49:41.990+0000] {processor.py:208} INFO - Processing /opt/airflow/dags/urban_data_streaming_dag.py took 0.178 seconds
[2026-06-29T08:50:12.838+0000] {processor.py:186} INFO - Started process (PID=442) to work on /opt/airflow/dags/urban_data_streaming_dag.py
[2026-06-29T08:50:12.841+0000] {processor.py:914} INFO - Processing file /opt/airflow/dags/urban_data_streaming_dag.py for tasks to queue
[2026-06-29T08:50:12.847+0000] {logging_mixin.py:190} INFO - [2026-06-29T08:50:12.846+0000] {dagbag.py:588} INFO - Filling up the DagBag from /opt/airflow/dags/urban_data_streaming_dag.py
[2026-06-29T08:50:12.902+0000] {processor.py:925} INFO - DAG(s) 'urban_data_streaming_demo' retrieved from /opt/airflow/dags/urban_data_streaming_dag.py
[2026-06-29T08:50:12.978+0000] {logging_mixin.py:190} INFO - [2026-06-29T08:50:12.977+0000] {dag.py:3239} INFO - Sync 1 DAGs
[2026-06-29T08:50:13.004+0000] {logging_mixin.py:190} INFO - [2026-06-29T08:50:13.003+0000] {dag.py:4180} INFO - Setting next_dagrun for urban_data_streaming_demo to None, run_after=None
[2026-06-29T08:50:13.027+0000] {processor.py:208} INFO - Processing /opt/airflow/dags/urban_data_streaming_dag.py took 0.202 seconds
[2026-06-29T08:50:44.018+0000] {processor.py:186} INFO - Started process (PID=460) to work on /opt/airflow/dags/urban_data_streaming_dag.py
[2026-06-29T08:50:44.020+0000] {processor.py:914} INFO - Processing file /opt/airflow/dags/urban_data_streaming_dag.py for tasks to queue
[2026-06-29T08:50:44.024+0000] {logging_mixin.py:190} INFO - [2026-06-29T08:50:44.023+0000] {dagbag.py:588} INFO - Filling up the DagBag from /opt/airflow/dags/urban_data_streaming_dag.py
[2026-06-29T08:50:44.054+0000] {processor.py:925} INFO - DAG(s) 'urban_data_streaming_demo' retrieved from /opt/airflow/dags/urban_data_streaming_dag.py
[2026-06-29T08:50:44.094+0000] {logging_mixin.py:190} INFO - [2026-06-29T08:50:44.094+0000] {dag.py:3239} INFO - Sync 1 DAGs
[2026-06-29T08:50:44.112+0000] {logging_mixin.py:190} INFO - [2026-06-29T08:50:44.112+0000] {dag.py:4180} INFO - Setting next_dagrun for urban_data_streaming_demo to None, run_after=None
[2026-06-29T08:50:44.134+0000] {processor.py:208} INFO - Processing /opt/airflow/dags/urban_data_streaming_dag.py took 0.124 seconds
[2026-06-29T08:51:14.939+0000] {processor.py:186} INFO - Started process (PID=471) to work on /opt/airflow/dags/urban_data_streaming_dag.py
[2026-06-29T08:51:14.940+0000] {processor.py:914} INFO - Processing file /opt/airflow/dags/urban_data_streaming_dag.py for tasks to queue
[2026-06-29T08:51:14.942+0000] {logging_mixin.py:190} INFO - [2026-06-29T08:51:14.942+0000] {dagbag.py:588} INFO - Filling up the DagBag from /opt/airflow/dags/urban_data_streaming_dag.py
[2026-06-29T08:51:15.000+0000] {processor.py:925} INFO - DAG(s) 'urban_data_streaming_demo' retrieved from /opt/airflow/dags/urban_data_streaming_dag.py
[2026-06-29T08:51:15.053+0000] {logging_mixin.py:190} INFO - [2026-06-29T08:51:15.052+0000] {dag.py:3239} INFO - Sync 1 DAGs
[2026-06-29T08:51:15.088+0000] {logging_mixin.py:190} INFO - [2026-06-29T08:51:15.087+0000] {dag.py:4180} INFO - Setting next_dagrun for urban_data_streaming_demo to None, run_after=None
[2026-06-29T08:51:15.135+0000] {processor.py:208} INFO - Processing /opt/airflow/dags/urban_data_streaming_dag.py took 0.202 seconds
[2026-06-29T08:51:45.822+0000] {processor.py:186} INFO - Started process (PID=489) to work on /opt/airflow/dags/urban_data_streaming_dag.py
[2026-06-29T08:51:45.823+0000] {processor.py:914} INFO - Processing file /opt/airflow/dags/urban_data_streaming_dag.py for tasks to queue
[2026-06-29T08:51:45.826+0000] {logging_mixin.py:190} INFO - [2026-06-29T08:51:45.826+0000] {dagbag.py:588} INFO - Filling up the DagBag from /opt/airflow/dags/urban_data_streaming_dag.py
[2026-06-29T08:51:45.851+0000] {processor.py:925} INFO - DAG(s) 'urban_data_streaming_demo' retrieved from /opt/airflow/dags/urban_data_streaming_dag.py
[2026-06-29T08:51:45.882+0000] {logging_mixin.py:190} INFO - [2026-06-29T08:51:45.882+0000] {dag.py:3239} INFO - Sync 1 DAGs
[2026-06-29T08:51:45.897+0000] {logging_mixin.py:190} INFO - [2026-06-29T08:51:45.897+0000] {dag.py:4180} INFO - Setting next_dagrun for urban_data_streaming_demo to None, run_after=None
[2026-06-29T08:51:45.919+0000] {processor.py:208} INFO - Processing /opt/airflow/dags/urban_data_streaming_dag.py took 0.104 seconds
[2026-06-29T08:52:16.700+0000] {processor.py:186} INFO - Started process (PID=507) to work on /opt/airflow/dags/urban_data_streaming_dag.py
[2026-06-29T08:52:16.703+0000] {processor.py:914} INFO - Processing file /opt/airflow/dags/urban_data_streaming_dag.py for tasks to queue
[2026-06-29T08:52:16.709+0000] {logging_mixin.py:190} INFO - [2026-06-29T08:52:16.708+0000] {dagbag.py:588} INFO - Filling up the DagBag from /opt/airflow/dags/urban_data_streaming_dag.py
[2026-06-29T08:52:16.738+0000] {processor.py:925} INFO - DAG(s) 'urban_data_streaming_demo' retrieved from /opt/airflow/dags/urban_data_streaming_dag.py
[2026-06-29T08:52:16.772+0000] {logging_mixin.py:190} INFO - [2026-06-29T08:52:16.771+0000] {dag.py:3239} INFO - Sync 1 DAGs
[2026-06-29T08:52:16.786+0000] {logging_mixin.py:190} INFO - [2026-06-29T08:52:16.786+0000] {dag.py:4180} INFO - Setting next_dagrun for urban_data_streaming_demo to None, run_after=None
[2026-06-29T08:52:16.807+0000] {processor.py:208} INFO - Processing /opt/airflow/dags/urban_data_streaming_dag.py took 0.126 seconds
[2026-06-29T08:52:47.657+0000] {processor.py:186} INFO - Started process (PID=525) to work on /opt/airflow/dags/urban_data_streaming_dag.py
[2026-06-29T08:52:47.660+0000] {processor.py:914} INFO - Processing file /opt/airflow/dags/urban_data_streaming_dag.py for tasks to queue
[2026-06-29T08:52:47.663+0000] {logging_mixin.py:190} INFO - [2026-06-29T08:52:47.662+0000] {dagbag.py:588} INFO - Filling up the DagBag from /opt/airflow/dags/urban_data_streaming_dag.py
[2026-06-29T08:52:47.721+0000] {processor.py:925} INFO - DAG(s) 'urban_data_streaming_demo' retrieved from /opt/airflow/dags/urban_data_streaming_dag.py
[2026-06-29T08:52:47.757+0000] {logging_mixin.py:190} INFO - [2026-06-29T08:52:47.757+0000] {dag.py:3239} INFO - Sync 1 DAGs
[2026-06-29T08:52:47.772+0000] {logging_mixin.py:190} INFO - [2026-06-29T08:52:47.772+0000] {dag.py:4180} INFO - Setting next_dagrun for urban_data_streaming_demo to None, run_after=None
[2026-06-29T08:52:47.793+0000] {processor.py:208} INFO - Processing /opt/airflow/dags/urban_data_streaming_dag.py took 0.150 seconds
[2026-06-29T08:53:18.572+0000] {processor.py:186} INFO - Started process (PID=543) to work on /opt/airflow/dags/urban_data_streaming_dag.py
[2026-06-29T08:53:18.574+0000] {processor.py:914} INFO - Processing file /opt/airflow/dags/urban_data_streaming_dag.py for tasks to queue
[2026-06-29T08:53:18.576+0000] {logging_mixin.py:190} INFO - [2026-06-29T08:53:18.576+0000] {dagbag.py:588} INFO - Filling up the DagBag from /opt/airflow/dags/urban_data_streaming_dag.py
[2026-06-29T08:53:18.617+0000] {processor.py:925} INFO - DAG(s) 'urban_data_streaming_demo' retrieved from /opt/airflow/dags/urban_data_streaming_dag.py
[2026-06-29T08:53:18.663+0000] {logging_mixin.py:190} INFO - [2026-06-29T08:53:18.663+0000] {dag.py:3239} INFO - Sync 1 DAGs
[2026-06-29T08:53:18.677+0000] {logging_mixin.py:190} INFO - [2026-06-29T08:53:18.677+0000] {dag.py:4180} INFO - Setting next_dagrun for urban_data_streaming_demo to None, run_after=None
[2026-06-29T08:53:18.699+0000] {processor.py:208} INFO - Processing /opt/airflow/dags/urban_data_streaming_dag.py took 0.138 seconds
[2026-06-29T08:53:49.511+0000] {processor.py:186} INFO - Started process (PID=561) to work on /opt/airflow/dags/urban_data_streaming_dag.py
[2026-06-29T08:53:49.513+0000] {processor.py:914} INFO - Processing file /opt/airflow/dags/urban_data_streaming_dag.py for tasks to queue
[2026-06-29T08:53:49.517+0000] {logging_mixin.py:190} INFO - [2026-06-29T08:53:49.517+0000] {dagbag.py:588} INFO - Filling up the DagBag from /opt/airflow/dags/urban_data_streaming_dag.py
[2026-06-29T08:53:49.589+0000] {processor.py:925} INFO - DAG(s) 'urban_data_streaming_demo' retrieved from /opt/airflow/dags/urban_data_streaming_dag.py
[2026-06-29T08:53:49.723+0000] {logging_mixin.py:190} INFO - [2026-06-29T08:53:49.722+0000] {dag.py:3239} INFO - Sync 1 DAGs
[2026-06-29T08:53:49.752+0000] {logging_mixin.py:190} INFO - [2026-06-29T08:53:49.752+0000] {dag.py:4180} INFO - Setting next_dagrun for urban_data_streaming_demo to None, run_after=None
[2026-06-29T08:53:49.782+0000] {processor.py:208} INFO - Processing /opt/airflow/dags/urban_data_streaming_dag.py took 0.276 seconds
[2026-06-29T08:54:20.657+0000] {processor.py:186} INFO - Started process (PID=579) to work on /opt/airflow/dags/urban_data_streaming_dag.py
[2026-06-29T08:54:20.659+0000] {processor.py:914} INFO - Processing file /opt/airflow/dags/urban_data_streaming_dag.py for tasks to queue
[2026-06-29T08:54:20.662+0000] {logging_mixin.py:190} INFO - [2026-06-29T08:54:20.662+0000] {dagbag.py:588} INFO - Filling up the DagBag from /opt/airflow/dags/urban_data_streaming_dag.py
[2026-06-29T08:54:20.697+0000] {processor.py:925} INFO - DAG(s) 'urban_data_streaming_demo' retrieved from /opt/airflow/dags/urban_data_streaming_dag.py
[2026-06-29T08:54:20.741+0000] {logging_mixin.py:190} INFO - [2026-06-29T08:54:20.741+0000] {dag.py:3239} INFO - Sync 1 DAGs
[2026-06-29T08:54:20.761+0000] {logging_mixin.py:190} INFO - [2026-06-29T08:54:20.761+0000] {dag.py:4180} INFO - Setting next_dagrun for urban_data_streaming_demo to None, run_after=None
[2026-06-29T08:54:20.801+0000] {processor.py:208} INFO - Processing /opt/airflow/dags/urban_data_streaming_dag.py took 0.154 seconds
[2026-06-29T08:54:51.800+0000] {processor.py:186} INFO - Started process (PID=597) to work on /opt/airflow/dags/urban_data_streaming_dag.py
[2026-06-29T08:54:51.801+0000] {processor.py:914} INFO - Processing file /opt/airflow/dags/urban_data_streaming_dag.py for tasks to queue
[2026-06-29T08:54:51.804+0000] {logging_mixin.py:190} INFO - [2026-06-29T08:54:51.804+0000] {dagbag.py:588} INFO - Filling up the DagBag from /opt/airflow/dags/urban_data_streaming_dag.py
[2026-06-29T08:54:51.894+0000] {processor.py:925} INFO - DAG(s) 'urban_data_streaming_demo' retrieved from /opt/airflow/dags/urban_data_streaming_dag.py
[2026-06-29T08:54:51.936+0000] {logging_mixin.py:190} INFO - [2026-06-29T08:54:51.936+0000] {dag.py:3239} INFO - Sync 1 DAGs
[2026-06-29T08:54:51.954+0000] {logging_mixin.py:190} INFO - [2026-06-29T08:54:51.953+0000] {dag.py:4180} INFO - Setting next_dagrun for urban_data_streaming_demo to None, run_after=None
[2026-06-29T08:54:51.991+0000] {processor.py:208} INFO - Processing /opt/airflow/dags/urban_data_streaming_dag.py took 0.202 seconds
[2026-06-29T08:55:22.202+0000] {processor.py:186} INFO - Started process (PID=615) to work on /opt/airflow/dags/urban_data_streaming_dag.py
[2026-06-29T08:55:22.207+0000] {processor.py:914} INFO - Processing file /opt/airflow/dags/urban_data_streaming_dag.py for tasks to queue
[2026-06-29T08:55:22.217+0000] {logging_mixin.py:190} INFO - [2026-06-29T08:55:22.216+0000] {dagbag.py:588} INFO - Filling up the DagBag from /opt/airflow/dags/urban_data_streaming_dag.py
[2026-06-29T08:55:22.335+0000] {processor.py:925} INFO - DAG(s) 'urban_data_streaming_demo' retrieved from /opt/airflow/dags/urban_data_streaming_dag.py
[2026-06-29T08:55:22.369+0000] {logging_mixin.py:190} INFO - [2026-06-29T08:55:22.369+0000] {dag.py:3239} INFO - Sync 1 DAGs
[2026-06-29T08:55:22.386+0000] {logging_mixin.py:190} INFO - [2026-06-29T08:55:22.386+0000] {dag.py:4180} INFO - Setting next_dagrun for urban_data_streaming_demo to None, run_after=None
[2026-06-29T08:55:22.412+0000] {processor.py:208} INFO - Processing /opt/airflow/dags/urban_data_streaming_dag.py took 0.239 seconds
[2026-06-29T08:55:53.405+0000] {processor.py:186} INFO - Started process (PID=633) to work on /opt/airflow/dags/urban_data_streaming_dag.py
[2026-06-29T08:55:53.411+0000] {processor.py:914} INFO - Processing file /opt/airflow/dags/urban_data_streaming_dag.py for tasks to queue
[2026-06-29T08:55:53.427+0000] {logging_mixin.py:190} INFO - [2026-06-29T08:55:53.425+0000] {dagbag.py:588} INFO - Filling up the DagBag from /opt/airflow/dags/urban_data_streaming_dag.py
[2026-06-29T08:55:53.526+0000] {processor.py:925} INFO - DAG(s) 'urban_data_streaming_demo' retrieved from /opt/airflow/dags/urban_data_streaming_dag.py
[2026-06-29T08:55:53.555+0000] {logging_mixin.py:190} INFO - [2026-06-29T08:55:53.555+0000] {dag.py:3239} INFO - Sync 1 DAGs
[2026-06-29T08:55:53.571+0000] {logging_mixin.py:190} INFO - [2026-06-29T08:55:53.570+0000] {dag.py:4180} INFO - Setting next_dagrun for urban_data_streaming_demo to None, run_after=None
[2026-06-29T08:55:53.599+0000] {processor.py:208} INFO - Processing /opt/airflow/dags/urban_data_streaming_dag.py took 0.227 seconds
[2026-06-29T08:56:24.082+0000] {processor.py:186} INFO - Started process (PID=651) to work on /opt/airflow/dags/urban_data_streaming_dag.py
[2026-06-29T08:56:24.103+0000] {processor.py:914} INFO - Processing file /opt/airflow/dags/urban_data_streaming_dag.py for tasks to queue
[2026-06-29T08:56:24.119+0000] {logging_mixin.py:190} INFO - [2026-06-29T08:56:24.118+0000] {dagbag.py:588} INFO - Filling up the DagBag from /opt/airflow/dags/urban_data_streaming_dag.py
[2026-06-29T08:56:24.172+0000] {processor.py:925} INFO - DAG(s) 'urban_data_streaming_demo' retrieved from /opt/airflow/dags/urban_data_streaming_dag.py
[2026-06-29T08:56:24.218+0000] {logging_mixin.py:190} INFO - [2026-06-29T08:56:24.217+0000] {dag.py:3239} INFO - Sync 1 DAGs
[2026-06-29T08:56:24.239+0000] {logging_mixin.py:190} INFO - [2026-06-29T08:56:24.239+0000] {dag.py:4180} INFO - Setting next_dagrun for urban_data_streaming_demo to None, run_after=None
[2026-06-29T08:56:24.277+0000] {processor.py:208} INFO - Processing /opt/airflow/dags/urban_data_streaming_dag.py took 0.226 seconds
[2026-06-29T08:56:54.588+0000] {processor.py:186} INFO - Started process (PID=668) to work on /opt/airflow/dags/urban_data_streaming_dag.py
[2026-06-29T08:56:54.590+0000] {processor.py:914} INFO - Processing file /opt/airflow/dags/urban_data_streaming_dag.py for tasks to queue
[2026-06-29T08:56:54.594+0000] {logging_mixin.py:190} INFO - [2026-06-29T08:56:54.593+0000] {dagbag.py:588} INFO - Filling up the DagBag from /opt/airflow/dags/urban_data_streaming_dag.py
[2026-06-29T08:56:54.658+0000] {processor.py:925} INFO - DAG(s) 'urban_data_streaming_demo' retrieved from /opt/airflow/dags/urban_data_streaming_dag.py
[2026-06-29T08:56:54.692+0000] {logging_mixin.py:190} INFO - [2026-06-29T08:56:54.691+0000] {dag.py:3239} INFO - Sync 1 DAGs
[2026-06-29T08:56:54.706+0000] {logging_mixin.py:190} INFO - [2026-06-29T08:56:54.706+0000] {dag.py:4180} INFO - Setting next_dagrun for urban_data_streaming_demo to None, run_after=None
[2026-06-29T08:56:54.729+0000] {processor.py:208} INFO - Processing /opt/airflow/dags/urban_data_streaming_dag.py took 0.147 seconds
[2026-06-29T08:57:25.564+0000] {processor.py:186} INFO - Started process (PID=679) to work on /opt/airflow/dags/urban_data_streaming_dag.py
[2026-06-29T08:57:25.565+0000] {processor.py:914} INFO - Processing file /opt/airflow/dags/urban_data_streaming_dag.py for tasks to queue
[2026-06-29T08:57:25.568+0000] {logging_mixin.py:190} INFO - [2026-06-29T08:57:25.568+0000] {dagbag.py:588} INFO - Filling up the DagBag from /opt/airflow/dags/urban_data_streaming_dag.py
[2026-06-29T08:57:25.595+0000] {processor.py:925} INFO - DAG(s) 'urban_data_streaming_demo' retrieved from /opt/airflow/dags/urban_data_streaming_dag.py
[2026-06-29T08:57:25.628+0000] {logging_mixin.py:190} INFO - [2026-06-29T08:57:25.628+0000] {dag.py:3239} INFO - Sync 1 DAGs
[2026-06-29T08:57:25.645+0000] {logging_mixin.py:190} INFO - [2026-06-29T08:57:25.644+0000] {dag.py:4180} INFO - Setting next_dagrun for urban_data_streaming_demo to None, run_after=None
[2026-06-29T08:57:25.666+0000] {processor.py:208} INFO - Processing /opt/airflow/dags/urban_data_streaming_dag.py took 0.109 seconds
[2026-06-29T08:57:55.716+0000] {processor.py:186} INFO - Started process (PID=697) to work on /opt/airflow/dags/urban_data_streaming_dag.py
[2026-06-29T08:57:55.717+0000] {processor.py:914} INFO - Processing file /opt/airflow/dags/urban_data_streaming_dag.py for tasks to queue
[2026-06-29T08:57:55.720+0000] {logging_mixin.py:190} INFO - [2026-06-29T08:57:55.719+0000] {dagbag.py:588} INFO - Filling up the DagBag from /opt/airflow/dags/urban_data_streaming_dag.py
[2026-06-29T08:57:55.741+0000] {processor.py:925} INFO - DAG(s) 'urban_data_streaming_demo' retrieved from /opt/airflow/dags/urban_data_streaming_dag.py
[2026-06-29T08:57:55.768+0000] {logging_mixin.py:190} INFO - [2026-06-29T08:57:55.768+0000] {dag.py:3239} INFO - Sync 1 DAGs
[2026-06-29T08:57:55.783+0000] {logging_mixin.py:190} INFO - [2026-06-29T08:57:55.783+0000] {dag.py:4180} INFO - Setting next_dagrun for urban_data_streaming_demo to None, run_after=None
[2026-06-29T08:57:55.811+0000] {processor.py:208} INFO - Processing /opt/airflow/dags/urban_data_streaming_dag.py took 0.101 seconds
[2026-06-29T08:58:26.694+0000] {processor.py:186} INFO - Started process (PID=715) to work on /opt/airflow/dags/urban_data_streaming_dag.py
[2026-06-29T08:58:26.696+0000] {processor.py:914} INFO - Processing file /opt/airflow/dags/urban_data_streaming_dag.py for tasks to queue
[2026-06-29T08:58:26.698+0000] {logging_mixin.py:190} INFO - [2026-06-29T08:58:26.698+0000] {dagbag.py:588} INFO - Filling up the DagBag from /opt/airflow/dags/urban_data_streaming_dag.py
[2026-06-29T08:58:26.737+0000] {processor.py:925} INFO - DAG(s) 'urban_data_streaming_demo' retrieved from /opt/airflow/dags/urban_data_streaming_dag.py
[2026-06-29T08:58:26.769+0000] {logging_mixin.py:190} INFO - [2026-06-29T08:58:26.769+0000] {dag.py:3239} INFO - Sync 1 DAGs
[2026-06-29T08:58:26.783+0000] {logging_mixin.py:190} INFO - [2026-06-29T08:58:26.782+0000] {dag.py:4180} INFO - Setting next_dagrun for urban_data_streaming_demo to None, run_after=None
[2026-06-29T08:58:26.809+0000] {processor.py:208} INFO - Processing /opt/airflow/dags/urban_data_streaming_dag.py took 0.126 seconds
[2026-06-29T08:58:57.586+0000] {processor.py:186} INFO - Started process (PID=733) to work on /opt/airflow/dags/urban_data_streaming_dag.py
[2026-06-29T08:58:57.588+0000] {processor.py:914} INFO - Processing file /opt/airflow/dags/urban_data_streaming_dag.py for tasks to queue
[2026-06-29T08:58:57.590+0000] {logging_mixin.py:190} INFO - [2026-06-29T08:58:57.590+0000] {dagbag.py:588} INFO - Filling up the DagBag from /opt/airflow/dags/urban_data_streaming_dag.py
[2026-06-29T08:58:57.617+0000] {processor.py:925} INFO - DAG(s) 'urban_data_streaming_demo' retrieved from /opt/airflow/dags/urban_data_streaming_dag.py
[2026-06-29T08:58:57.647+0000] {logging_mixin.py:190} INFO - [2026-06-29T08:58:57.647+0000] {dag.py:3239} INFO - Sync 1 DAGs
[2026-06-29T08:58:57.665+0000] {logging_mixin.py:190} INFO - [2026-06-29T08:58:57.665+0000] {dag.py:4180} INFO - Setting next_dagrun for urban_data_streaming_demo to None, run_after=None
[2026-06-29T08:58:57.687+0000] {processor.py:208} INFO - Processing /opt/airflow/dags/urban_data_streaming_dag.py took 0.106 seconds
[2026-06-29T08:59:27.830+0000] {processor.py:186} INFO - Started process (PID=751) to work on /opt/airflow/dags/urban_data_streaming_dag.py
[2026-06-29T08:59:27.831+0000] {processor.py:914} INFO - Processing file /opt/airflow/dags/urban_data_streaming_dag.py for tasks to queue
[2026-06-29T08:59:27.834+0000] {logging_mixin.py:190} INFO - [2026-06-29T08:59:27.834+0000] {dagbag.py:588} INFO - Filling up the DagBag from /opt/airflow/dags/urban_data_streaming_dag.py
[2026-06-29T08:59:27.860+0000] {processor.py:925} INFO - DAG(s) 'urban_data_streaming_demo' retrieved from /opt/airflow/dags/urban_data_streaming_dag.py
[2026-06-29T08:59:27.889+0000] {logging_mixin.py:190} INFO - [2026-06-29T08:59:27.888+0000] {dag.py:3239} INFO - Sync 1 DAGs
[2026-06-29T08:59:27.902+0000] {logging_mixin.py:190} INFO - [2026-06-29T08:59:27.902+0000] {dag.py:4180} INFO - Setting next_dagrun for urban_data_streaming_demo to None, run_after=None
[2026-06-29T08:59:27.925+0000] {processor.py:208} INFO - Processing /opt/airflow/dags/urban_data_streaming_dag.py took 0.104 seconds
[2026-06-29T08:59:58.605+0000] {processor.py:186} INFO - Started process (PID=769) to work on /opt/airflow/dags/urban_data_streaming_dag.py
[2026-06-29T08:59:58.607+0000] {processor.py:914} INFO - Processing file /opt/airflow/dags/urban_data_streaming_dag.py for tasks to queue
[2026-06-29T08:59:58.611+0000] {logging_mixin.py:190} INFO - [2026-06-29T08:59:58.610+0000] {dagbag.py:588} INFO - Filling up the DagBag from /opt/airflow/dags/urban_data_streaming_dag.py
[2026-06-29T08:59:58.696+0000] {processor.py:925} INFO - DAG(s) 'urban_data_streaming_demo' retrieved from /opt/airflow/dags/urban_data_streaming_dag.py
[2026-06-29T08:59:58.741+0000] {logging_mixin.py:190} INFO - [2026-06-29T08:59:58.741+0000] {dag.py:3239} INFO - Sync 1 DAGs
[2026-06-29T08:59:58.758+0000] {logging_mixin.py:190} INFO - [2026-06-29T08:59:58.758+0000] {dag.py:4180} INFO - Setting next_dagrun for urban_data_streaming_demo to None, run_after=None
[2026-06-29T08:59:58.789+0000] {processor.py:208} INFO - Processing /opt/airflow/dags/urban_data_streaming_dag.py took 0.199 seconds
[2026-06-29T09:00:29.692+0000] {processor.py:186} INFO - Started process (PID=787) to work on /opt/airflow/dags/urban_data_streaming_dag.py
[2026-06-29T09:00:29.694+0000] {processor.py:914} INFO - Processing file /opt/airflow/dags/urban_data_streaming_dag.py for tasks to queue
[2026-06-29T09:00:29.696+0000] {logging_mixin.py:190} INFO - [2026-06-29T09:00:29.696+0000] {dagbag.py:588} INFO - Filling up the DagBag from /opt/airflow/dags/urban_data_streaming_dag.py
[2026-06-29T09:00:29.772+0000] {processor.py:925} INFO - DAG(s) 'urban_data_streaming_demo' retrieved from /opt/airflow/dags/urban_data_streaming_dag.py
[2026-06-29T09:00:29.806+0000] {logging_mixin.py:190} INFO - [2026-06-29T09:00:29.805+0000] {dag.py:3239} INFO - Sync 1 DAGs
[2026-06-29T09:00:29.822+0000] {logging_mixin.py:190} INFO - [2026-06-29T09:00:29.821+0000] {dag.py:4180} INFO - Setting next_dagrun for urban_data_streaming_demo to None, run_after=None
[2026-06-29T09:00:29.852+0000] {processor.py:208} INFO - Processing /opt/airflow/dags/urban_data_streaming_dag.py took 0.177 seconds
[2026-06-29T09:01:00.201+0000] {processor.py:186} INFO - Started process (PID=805) to work on /opt/airflow/dags/urban_data_streaming_dag.py
[2026-06-29T09:01:00.203+0000] {processor.py:914} INFO - Processing file /opt/airflow/dags/urban_data_streaming_dag.py for tasks to queue
[2026-06-29T09:01:00.207+0000] {logging_mixin.py:190} INFO - [2026-06-29T09:01:00.207+0000] {dagbag.py:588} INFO - Filling up the DagBag from /opt/airflow/dags/urban_data_streaming_dag.py
[2026-06-29T09:01:00.260+0000] {processor.py:925} INFO - DAG(s) 'urban_data_streaming_demo' retrieved from /opt/airflow/dags/urban_data_streaming_dag.py
[2026-06-29T09:01:00.294+0000] {logging_mixin.py:190} INFO - [2026-06-29T09:01:00.293+0000] {dag.py:3239} INFO - Sync 1 DAGs
[2026-06-29T09:01:00.310+0000] {logging_mixin.py:190} INFO - [2026-06-29T09:01:00.310+0000] {dag.py:4180} INFO - Setting next_dagrun for urban_data_streaming_demo to None, run_after=None
[2026-06-29T09:01:00.336+0000] {processor.py:208} INFO - Processing /opt/airflow/dags/urban_data_streaming_dag.py took 0.141 seconds
[2026-06-29T09:01:31.196+0000] {processor.py:186} INFO - Started process (PID=823) to work on /opt/airflow/dags/urban_data_streaming_dag.py
[2026-06-29T09:01:31.199+0000] {processor.py:914} INFO - Processing file /opt/airflow/dags/urban_data_streaming_dag.py for tasks to queue
[2026-06-29T09:01:31.207+0000] {logging_mixin.py:190} INFO - [2026-06-29T09:01:31.206+0000] {dagbag.py:588} INFO - Filling up the DagBag from /opt/airflow/dags/urban_data_streaming_dag.py
[2026-06-29T09:01:31.348+0000] {processor.py:925} INFO - DAG(s) 'urban_data_streaming_demo' retrieved from /opt/airflow/dags/urban_data_streaming_dag.py
[2026-06-29T09:01:31.379+0000] {logging_mixin.py:190} INFO - [2026-06-29T09:01:31.378+0000] {dag.py:3239} INFO - Sync 1 DAGs
[2026-06-29T09:01:31.396+0000] {logging_mixin.py:190} INFO - [2026-06-29T09:01:31.396+0000] {dag.py:4180} INFO - Setting next_dagrun for urban_data_streaming_demo to None, run_after=None
[2026-06-29T09:01:31.436+0000] {processor.py:208} INFO - Processing /opt/airflow/dags/urban_data_streaming_dag.py took 0.265 seconds
[2026-06-29T09:02:02.259+0000] {processor.py:186} INFO - Started process (PID=842) to work on /opt/airflow/dags/urban_data_streaming_dag.py
[2026-06-29T09:02:02.261+0000] {processor.py:914} INFO - Processing file /opt/airflow/dags/urban_data_streaming_dag.py for tasks to queue
[2026-06-29T09:02:02.264+0000] {logging_mixin.py:190} INFO - [2026-06-29T09:02:02.264+0000] {dagbag.py:588} INFO - Filling up the DagBag from /opt/airflow/dags/urban_data_streaming_dag.py
[2026-06-29T09:02:02.299+0000] {processor.py:925} INFO - DAG(s) 'urban_data_streaming_demo' retrieved from /opt/airflow/dags/urban_data_streaming_dag.py
[2026-06-29T09:02:02.334+0000] {logging_mixin.py:190} INFO - [2026-06-29T09:02:02.333+0000] {dag.py:3239} INFO - Sync 1 DAGs
[2026-06-29T09:02:02.352+0000] {logging_mixin.py:190} INFO - [2026-06-29T09:02:02.352+0000] {dag.py:4180} INFO - Setting next_dagrun for urban_data_streaming_demo to None, run_after=None
[2026-06-29T09:02:02.376+0000] {processor.py:208} INFO - Processing /opt/airflow/dags/urban_data_streaming_dag.py took 0.122 seconds
[2026-06-29T09:02:32.549+0000] {processor.py:186} INFO - Started process (PID=860) to work on /opt/airflow/dags/urban_data_streaming_dag.py
[2026-06-29T09:02:32.550+0000] {processor.py:914} INFO - Processing file /opt/airflow/dags/urban_data_streaming_dag.py for tasks to queue
[2026-06-29T09:02:32.554+0000] {logging_mixin.py:190} INFO - [2026-06-29T09:02:32.554+0000] {dagbag.py:588} INFO - Filling up the DagBag from /opt/airflow/dags/urban_data_streaming_dag.py
[2026-06-29T09:02:32.581+0000] {processor.py:925} INFO - DAG(s) 'urban_data_streaming_demo' retrieved from /opt/airflow/dags/urban_data_streaming_dag.py
[2026-06-29T09:02:32.618+0000] {logging_mixin.py:190} INFO - [2026-06-29T09:02:32.618+0000] {dag.py:3239} INFO - Sync 1 DAGs
[2026-06-29T09:02:32.633+0000] {logging_mixin.py:190} INFO - [2026-06-29T09:02:32.632+0000] {dag.py:4180} INFO - Setting next_dagrun for urban_data_streaming_demo to None, run_after=None
[2026-06-29T09:02:32.657+0000] {processor.py:208} INFO - Processing /opt/airflow/dags/urban_data_streaming_dag.py took 0.123 seconds
[2026-06-29T09:03:03.507+0000] {processor.py:186} INFO - Started process (PID=877) to work on /opt/airflow/dags/urban_data_streaming_dag.py
[2026-06-29T09:03:03.508+0000] {processor.py:914} INFO - Processing file /opt/airflow/dags/urban_data_streaming_dag.py for tasks to queue
[2026-06-29T09:03:03.511+0000] {logging_mixin.py:190} INFO - [2026-06-29T09:03:03.511+0000] {dagbag.py:588} INFO - Filling up the DagBag from /opt/airflow/dags/urban_data_streaming_dag.py
[2026-06-29T09:03:03.537+0000] {processor.py:925} INFO - DAG(s) 'urban_data_streaming_demo' retrieved from /opt/airflow/dags/urban_data_streaming_dag.py
[2026-06-29T09:03:03.565+0000] {logging_mixin.py:190} INFO - [2026-06-29T09:03:03.564+0000] {dag.py:3239} INFO - Sync 1 DAGs
[2026-06-29T09:03:03.578+0000] {logging_mixin.py:190} INFO - [2026-06-29T09:03:03.578+0000] {dag.py:4180} INFO - Setting next_dagrun for urban_data_streaming_demo to None, run_after=None
[2026-06-29T09:03:03.598+0000] {processor.py:208} INFO - Processing /opt/airflow/dags/urban_data_streaming_dag.py took 0.098 seconds
[2026-06-29T09:03:33.781+0000] {processor.py:186} INFO - Started process (PID=888) to work on /opt/airflow/dags/urban_data_streaming_dag.py
[2026-06-29T09:03:33.784+0000] {processor.py:914} INFO - Processing file /opt/airflow/dags/urban_data_streaming_dag.py for tasks to queue
[2026-06-29T09:03:33.792+0000] {logging_mixin.py:190} INFO - [2026-06-29T09:03:33.791+0000] {dagbag.py:588} INFO - Filling up the DagBag from /opt/airflow/dags/urban_data_streaming_dag.py
[2026-06-29T09:03:33.908+0000] {processor.py:925} INFO - DAG(s) 'urban_data_streaming_demo' retrieved from /opt/airflow/dags/urban_data_streaming_dag.py
[2026-06-29T09:03:33.955+0000] {logging_mixin.py:190} INFO - [2026-06-29T09:03:33.955+0000] {dag.py:3239} INFO - Sync 1 DAGs
[2026-06-29T09:03:33.977+0000] {logging_mixin.py:190} INFO - [2026-06-29T09:03:33.977+0000] {dag.py:4180} INFO - Setting next_dagrun for urban_data_streaming_demo to None, run_after=None
[2026-06-29T09:03:34.026+0000] {processor.py:208} INFO - Processing /opt/airflow/dags/urban_data_streaming_dag.py took 0.272 seconds
[2026-06-29T09:04:04.357+0000] {processor.py:186} INFO - Started process (PID=906) to work on /opt/airflow/dags/urban_data_streaming_dag.py
[2026-06-29T09:04:04.359+0000] {processor.py:914} INFO - Processing file /opt/airflow/dags/urban_data_streaming_dag.py for tasks to queue
[2026-06-29T09:04:04.366+0000] {logging_mixin.py:190} INFO - [2026-06-29T09:04:04.365+0000] {dagbag.py:588} INFO - Filling up the DagBag from /opt/airflow/dags/urban_data_streaming_dag.py
[2026-06-29T09:04:04.459+0000] {processor.py:925} INFO - DAG(s) 'urban_data_streaming_demo' retrieved from /opt/airflow/dags/urban_data_streaming_dag.py
[2026-06-29T09:04:04.495+0000] {logging_mixin.py:190} INFO - [2026-06-29T09:04:04.495+0000] {dag.py:3239} INFO - Sync 1 DAGs
[2026-06-29T09:04:04.510+0000] {logging_mixin.py:190} INFO - [2026-06-29T09:04:04.510+0000] {dag.py:4180} INFO - Setting next_dagrun for urban_data_streaming_demo to None, run_after=None
[2026-06-29T09:04:04.533+0000] {processor.py:208} INFO - Processing /opt/airflow/dags/urban_data_streaming_dag.py took 0.199 seconds
[2026-06-29T09:04:35.470+0000] {processor.py:186} INFO - Started process (PID=924) to work on /opt/airflow/dags/urban_data_streaming_dag.py
[2026-06-29T09:04:35.473+0000] {processor.py:914} INFO - Processing file /opt/airflow/dags/urban_data_streaming_dag.py for tasks to queue
[2026-06-29T09:04:35.479+0000] {logging_mixin.py:190} INFO - [2026-06-29T09:04:35.479+0000] {dagbag.py:588} INFO - Filling up the DagBag from /opt/airflow/dags/urban_data_streaming_dag.py
[2026-06-29T09:04:35.581+0000] {processor.py:925} INFO - DAG(s) 'urban_data_streaming_demo' retrieved from /opt/airflow/dags/urban_data_streaming_dag.py
[2026-06-29T09:04:35.622+0000] {logging_mixin.py:190} INFO - [2026-06-29T09:04:35.622+0000] {dag.py:3239} INFO - Sync 1 DAGs
[2026-06-29T09:04:35.636+0000] {logging_mixin.py:190} INFO - [2026-06-29T09:04:35.636+0000] {dag.py:4180} INFO - Setting next_dagrun for urban_data_streaming_demo to None, run_after=None
[2026-06-29T09:04:35.663+0000] {processor.py:208} INFO - Processing /opt/airflow/dags/urban_data_streaming_dag.py took 0.217 seconds
[2026-06-29T09:05:06.565+0000] {processor.py:186} INFO - Started process (PID=942) to work on /opt/airflow/dags/urban_data_streaming_dag.py
[2026-06-29T09:05:06.569+0000] {processor.py:914} INFO - Processing file /opt/airflow/dags/urban_data_streaming_dag.py for tasks to queue
[2026-06-29T09:05:06.575+0000] {logging_mixin.py:190} INFO - [2026-06-29T09:05:06.574+0000] {dagbag.py:588} INFO - Filling up the DagBag from /opt/airflow/dags/urban_data_streaming_dag.py
[2026-06-29T09:05:06.661+0000] {processor.py:925} INFO - DAG(s) 'urban_data_streaming_demo' retrieved from /opt/airflow/dags/urban_data_streaming_dag.py
[2026-06-29T09:05:06.702+0000] {logging_mixin.py:190} INFO - [2026-06-29T09:05:06.701+0000] {dag.py:3239} INFO - Sync 1 DAGs
[2026-06-29T09:05:06.716+0000] {logging_mixin.py:190} INFO - [2026-06-29T09:05:06.716+0000] {dag.py:4180} INFO - Setting next_dagrun for urban_data_streaming_demo to None, run_after=None
[2026-06-29T09:05:06.743+0000] {processor.py:208} INFO - Processing /opt/airflow/dags/urban_data_streaming_dag.py took 0.209 seconds
[2026-06-29T09:05:36.954+0000] {processor.py:186} INFO - Started process (PID=960) to work on /opt/airflow/dags/urban_data_streaming_dag.py
[2026-06-29T09:05:36.958+0000] {processor.py:914} INFO - Processing file /opt/airflow/dags/urban_data_streaming_dag.py for tasks to queue
[2026-06-29T09:05:36.970+0000] {logging_mixin.py:190} INFO - [2026-06-29T09:05:36.969+0000] {dagbag.py:588} INFO - Filling up the DagBag from /opt/airflow/dags/urban_data_streaming_dag.py
[2026-06-29T09:05:37.063+0000] {processor.py:925} INFO - DAG(s) 'urban_data_streaming_demo' retrieved from /opt/airflow/dags/urban_data_streaming_dag.py
[2026-06-29T09:05:37.104+0000] {logging_mixin.py:190} INFO - [2026-06-29T09:05:37.104+0000] {dag.py:3239} INFO - Sync 1 DAGs
[2026-06-29T09:05:37.120+0000] {logging_mixin.py:190} INFO - [2026-06-29T09:05:37.120+0000] {dag.py:4180} INFO - Setting next_dagrun for urban_data_streaming_demo to None, run_after=None
[2026-06-29T09:05:37.143+0000] {processor.py:208} INFO - Processing /opt/airflow/dags/urban_data_streaming_dag.py took 0.219 seconds
[2026-06-29T09:06:07.542+0000] {processor.py:186} INFO - Started process (PID=979) to work on /opt/airflow/dags/urban_data_streaming_dag.py
[2026-06-29T09:06:07.545+0000] {processor.py:914} INFO - Processing file /opt/airflow/dags/urban_data_streaming_dag.py for tasks to queue
[2026-06-29T09:06:07.549+0000] {logging_mixin.py:190} INFO - [2026-06-29T09:06:07.548+0000] {dagbag.py:588} INFO - Filling up the DagBag from /opt/airflow/dags/urban_data_streaming_dag.py
[2026-06-29T09:06:07.628+0000] {processor.py:925} INFO - DAG(s) 'urban_data_streaming_demo' retrieved from /opt/airflow/dags/urban_data_streaming_dag.py
[2026-06-29T09:06:07.669+0000] {logging_mixin.py:190} INFO - [2026-06-29T09:06:07.669+0000] {dag.py:3239} INFO - Sync 1 DAGs
[2026-06-29T09:06:07.684+0000] {logging_mixin.py:190} INFO - [2026-06-29T09:06:07.683+0000] {dag.py:4180} INFO - Setting next_dagrun for urban_data_streaming_demo to None, run_after=None
[2026-06-29T09:06:07.711+0000] {processor.py:208} INFO - Processing /opt/airflow/dags/urban_data_streaming_dag.py took 0.183 seconds
[2026-06-29T09:06:38.137+0000] {processor.py:186} INFO - Started process (PID=997) to work on /opt/airflow/dags/urban_data_streaming_dag.py
[2026-06-29T09:06:38.139+0000] {processor.py:914} INFO - Processing file /opt/airflow/dags/urban_data_streaming_dag.py for tasks to queue
[2026-06-29T09:06:38.143+0000] {logging_mixin.py:190} INFO - [2026-06-29T09:06:38.143+0000] {dagbag.py:588} INFO - Filling up the DagBag from /opt/airflow/dags/urban_data_streaming_dag.py
[2026-06-29T09:06:38.221+0000] {processor.py:925} INFO - DAG(s) 'urban_data_streaming_demo' retrieved from /opt/airflow/dags/urban_data_streaming_dag.py
[2026-06-29T09:06:38.254+0000] {logging_mixin.py:190} INFO - [2026-06-29T09:06:38.254+0000] {dag.py:3239} INFO - Sync 1 DAGs
[2026-06-29T09:06:38.268+0000] {logging_mixin.py:190} INFO - [2026-06-29T09:06:38.268+0000] {dag.py:4180} INFO - Setting next_dagrun for urban_data_streaming_demo to None, run_after=None
[2026-06-29T09:06:38.337+0000] {processor.py:208} INFO - Processing /opt/airflow/dags/urban_data_streaming_dag.py took 0.207 seconds
[2026-06-29T09:07:08.790+0000] {processor.py:186} INFO - Started process (PID=1015) to work on /opt/airflow/dags/urban_data_streaming_dag.py
[2026-06-29T09:07:08.793+0000] {processor.py:914} INFO - Processing file /opt/airflow/dags/urban_data_streaming_dag.py for tasks to queue
[2026-06-29T09:07:08.803+0000] {logging_mixin.py:190} INFO - [2026-06-29T09:07:08.801+0000] {dagbag.py:588} INFO - Filling up the DagBag from /opt/airflow/dags/urban_data_streaming_dag.py
[2026-06-29T09:07:08.852+0000] {processor.py:925} INFO - DAG(s) 'urban_data_streaming_demo' retrieved from /opt/airflow/dags/urban_data_streaming_dag.py
[2026-06-29T09:07:08.883+0000] {logging_mixin.py:190} INFO - [2026-06-29T09:07:08.883+0000] {dag.py:3239} INFO - Sync 1 DAGs
[2026-06-29T09:07:08.898+0000] {logging_mixin.py:190} INFO - [2026-06-29T09:07:08.898+0000] {dag.py:4180} INFO - Setting next_dagrun for urban_data_streaming_demo to None, run_after=None
[2026-06-29T09:07:08.922+0000] {processor.py:208} INFO - Processing /opt/airflow/dags/urban_data_streaming_dag.py took 0.148 seconds
[2026-06-29T09:07:39.178+0000] {processor.py:186} INFO - Started process (PID=1033) to work on /opt/airflow/dags/urban_data_streaming_dag.py
[2026-06-29T09:07:39.179+0000] {processor.py:914} INFO - Processing file /opt/airflow/dags/urban_data_streaming_dag.py for tasks to queue
[2026-06-29T09:07:39.182+0000] {logging_mixin.py:190} INFO - [2026-06-29T09:07:39.182+0000] {dagbag.py:588} INFO - Filling up the DagBag from /opt/airflow/dags/urban_data_streaming_dag.py
[2026-06-29T09:07:39.214+0000] {processor.py:925} INFO - DAG(s) 'urban_data_streaming_demo' retrieved from /opt/airflow/dags/urban_data_streaming_dag.py
[2026-06-29T09:07:39.247+0000] {logging_mixin.py:190} INFO - [2026-06-29T09:07:39.247+0000] {dag.py:3239} INFO - Sync 1 DAGs
[2026-06-29T09:07:39.265+0000] {logging_mixin.py:190} INFO - [2026-06-29T09:07:39.265+0000] {dag.py:4180} INFO - Setting next_dagrun for urban_data_streaming_demo to None, run_after=None
[2026-06-29T09:07:39.298+0000] {processor.py:208} INFO - Processing /opt/airflow/dags/urban_data_streaming_dag.py took 0.132 seconds
[2026-06-29T09:08:09.805+0000] {processor.py:186} INFO - Started process (PID=1050) to work on /opt/airflow/dags/urban_data_streaming_dag.py
[2026-06-29T09:08:09.807+0000] {processor.py:914} INFO - Processing file /opt/airflow/dags/urban_data_streaming_dag.py for tasks to queue
[2026-06-29T09:08:09.811+0000] {logging_mixin.py:190} INFO - [2026-06-29T09:08:09.811+0000] {dagbag.py:588} INFO - Filling up the DagBag from /opt/airflow/dags/urban_data_streaming_dag.py
[2026-06-29T09:08:09.872+0000] {processor.py:925} INFO - DAG(s) 'urban_data_streaming_demo' retrieved from /opt/airflow/dags/urban_data_streaming_dag.py
[2026-06-29T09:08:09.961+0000] {logging_mixin.py:190} INFO - [2026-06-29T09:08:09.960+0000] {dag.py:3239} INFO - Sync 1 DAGs
[2026-06-29T09:08:09.980+0000] {logging_mixin.py:190} INFO - [2026-06-29T09:08:09.980+0000] {dag.py:4180} INFO - Setting next_dagrun for urban_data_streaming_demo to None, run_after=None
[2026-06-29T09:08:10.002+0000] {processor.py:208} INFO - Processing /opt/airflow/dags/urban_data_streaming_dag.py took 0.202 seconds
[2026-06-29T09:08:40.210+0000] {processor.py:186} INFO - Started process (PID=1061) to work on /opt/airflow/dags/urban_data_streaming_dag.py
[2026-06-29T09:08:40.212+0000] {processor.py:914} INFO - Processing file /opt/airflow/dags/urban_data_streaming_dag.py for tasks to queue
[2026-06-29T09:08:40.217+0000] {logging_mixin.py:190} INFO - [2026-06-29T09:08:40.217+0000] {dagbag.py:588} INFO - Filling up the DagBag from /opt/airflow/dags/urban_data_streaming_dag.py
[2026-06-29T09:08:40.269+0000] {processor.py:925} INFO - DAG(s) 'urban_data_streaming_demo' retrieved from /opt/airflow/dags/urban_data_streaming_dag.py
[2026-06-29T09:08:40.328+0000] {logging_mixin.py:190} INFO - [2026-06-29T09:08:40.328+0000] {dag.py:3239} INFO - Sync 1 DAGs
[2026-06-29T09:08:40.351+0000] {logging_mixin.py:190} INFO - [2026-06-29T09:08:40.350+0000] {dag.py:4180} INFO - Setting next_dagrun for urban_data_streaming_demo to None, run_after=None
[2026-06-29T09:08:40.393+0000] {processor.py:208} INFO - Processing /opt/airflow/dags/urban_data_streaming_dag.py took 0.200 seconds
[2026-06-29T09:09:10.989+0000] {processor.py:186} INFO - Started process (PID=1079) to work on /opt/airflow/dags/urban_data_streaming_dag.py
[2026-06-29T09:09:10.992+0000] {processor.py:914} INFO - Processing file /opt/airflow/dags/urban_data_streaming_dag.py for tasks to queue
[2026-06-29T09:09:10.998+0000] {logging_mixin.py:190} INFO - [2026-06-29T09:09:10.998+0000] {dagbag.py:588} INFO - Filling up the DagBag from /opt/airflow/dags/urban_data_streaming_dag.py
[2026-06-29T09:09:11.098+0000] {processor.py:925} INFO - DAG(s) 'urban_data_streaming_demo' retrieved from /opt/airflow/dags/urban_data_streaming_dag.py
[2026-06-29T09:09:11.149+0000] {logging_mixin.py:190} INFO - [2026-06-29T09:09:11.149+0000] {dag.py:3239} INFO - Sync 1 DAGs
[2026-06-29T09:09:11.171+0000] {logging_mixin.py:190} INFO - [2026-06-29T09:09:11.171+0000] {dag.py:4180} INFO - Setting next_dagrun for urban_data_streaming_demo to None, run_after=None
[2026-06-29T09:09:11.224+0000] {processor.py:208} INFO - Processing /opt/airflow/dags/urban_data_streaming_dag.py took 0.254 seconds
[2026-06-29T09:09:41.672+0000] {processor.py:186} INFO - Started process (PID=1097) to work on /opt/airflow/dags/urban_data_streaming_dag.py
[2026-06-29T09:09:41.680+0000] {processor.py:914} INFO - Processing file /opt/airflow/dags/urban_data_streaming_dag.py for tasks to queue
[2026-06-29T09:09:41.690+0000] {logging_mixin.py:190} INFO - [2026-06-29T09:09:41.689+0000] {dagbag.py:588} INFO - Filling up the DagBag from /opt/airflow/dags/urban_data_streaming_dag.py
[2026-06-29T09:09:41.789+0000] {processor.py:925} INFO - DAG(s) 'urban_data_streaming_demo' retrieved from /opt/airflow/dags/urban_data_streaming_dag.py
[2026-06-29T09:09:41.822+0000] {logging_mixin.py:190} INFO - [2026-06-29T09:09:41.822+0000] {dag.py:3239} INFO - Sync 1 DAGs
[2026-06-29T09:09:41.837+0000] {logging_mixin.py:190} INFO - [2026-06-29T09:09:41.837+0000] {dag.py:4180} INFO - Setting next_dagrun for urban_data_streaming_demo to None, run_after=None
[2026-06-29T09:09:41.866+0000] {processor.py:208} INFO - Processing /opt/airflow/dags/urban_data_streaming_dag.py took 0.218 seconds
[2026-06-29T09:10:12.084+0000] {processor.py:186} INFO - Started process (PID=1115) to work on /opt/airflow/dags/urban_data_streaming_dag.py
[2026-06-29T09:10:12.086+0000] {processor.py:914} INFO - Processing file /opt/airflow/dags/urban_data_streaming_dag.py for tasks to queue
[2026-06-29T09:10:12.091+0000] {logging_mixin.py:190} INFO - [2026-06-29T09:10:12.091+0000] {dagbag.py:588} INFO - Filling up the DagBag from /opt/airflow/dags/urban_data_streaming_dag.py
[2026-06-29T09:10:12.147+0000] {processor.py:925} INFO - DAG(s) 'urban_data_streaming_demo' retrieved from /opt/airflow/dags/urban_data_streaming_dag.py
[2026-06-29T09:10:12.179+0000] {logging_mixin.py:190} INFO - [2026-06-29T09:10:12.178+0000] {dag.py:3239} INFO - Sync 1 DAGs
[2026-06-29T09:10:12.193+0000] {logging_mixin.py:190} INFO - [2026-06-29T09:10:12.193+0000] {dag.py:4180} INFO - Setting next_dagrun for urban_data_streaming_demo to None, run_after=None
[2026-06-29T09:10:12.217+0000] {processor.py:208} INFO - Processing /opt/airflow/dags/urban_data_streaming_dag.py took 0.141 seconds
[2026-06-29T09:10:43.002+0000] {processor.py:186} INFO - Started process (PID=1133) to work on /opt/airflow/dags/urban_data_streaming_dag.py
[2026-06-29T09:10:43.005+0000] {processor.py:914} INFO - Processing file /opt/airflow/dags/urban_data_streaming_dag.py for tasks to queue
[2026-06-29T09:10:43.009+0000] {logging_mixin.py:190} INFO - [2026-06-29T09:10:43.009+0000] {dagbag.py:588} INFO - Filling up the DagBag from /opt/airflow/dags/urban_data_streaming_dag.py
[2026-06-29T09:10:43.118+0000] {processor.py:925} INFO - DAG(s) 'urban_data_streaming_demo' retrieved from /opt/airflow/dags/urban_data_streaming_dag.py
[2026-06-29T09:10:43.165+0000] {logging_mixin.py:190} INFO - [2026-06-29T09:10:43.164+0000] {dag.py:3239} INFO - Sync 1 DAGs
[2026-06-29T09:10:43.182+0000] {logging_mixin.py:190} INFO - [2026-06-29T09:10:43.182+0000] {dag.py:4180} INFO - Setting next_dagrun for urban_data_streaming_demo to None, run_after=None
[2026-06-29T09:10:43.215+0000] {processor.py:208} INFO - Processing /opt/airflow/dags/urban_data_streaming_dag.py took 0.226 seconds
[2026-06-29T09:11:13.649+0000] {processor.py:186} INFO - Started process (PID=1151) to work on /opt/airflow/dags/urban_data_streaming_dag.py
[2026-06-29T09:11:13.651+0000] {processor.py:914} INFO - Processing file /opt/airflow/dags/urban_data_streaming_dag.py for tasks to queue
[2026-06-29T09:11:13.655+0000] {logging_mixin.py:190} INFO - [2026-06-29T09:11:13.655+0000] {dagbag.py:588} INFO - Filling up the DagBag from /opt/airflow/dags/urban_data_streaming_dag.py
[2026-06-29T09:11:13.722+0000] {processor.py:925} INFO - DAG(s) 'urban_data_streaming_demo' retrieved from /opt/airflow/dags/urban_data_streaming_dag.py
[2026-06-29T09:11:13.775+0000] {logging_mixin.py:190} INFO - [2026-06-29T09:11:13.775+0000] {dag.py:3239} INFO - Sync 1 DAGs
[2026-06-29T09:11:13.795+0000] {logging_mixin.py:190} INFO - [2026-06-29T09:11:13.795+0000] {dag.py:4180} INFO - Setting next_dagrun for urban_data_streaming_demo to None, run_after=None
[2026-06-29T09:11:13.839+0000] {processor.py:208} INFO - Processing /opt/airflow/dags/urban_data_streaming_dag.py took 0.200 seconds
[2026-06-29T09:11:43.944+0000] {processor.py:186} INFO - Started process (PID=1169) to work on /opt/airflow/dags/urban_data_streaming_dag.py
[2026-06-29T09:11:43.946+0000] {processor.py:914} INFO - Processing file /opt/airflow/dags/urban_data_streaming_dag.py for tasks to queue
[2026-06-29T09:11:43.953+0000] {logging_mixin.py:190} INFO - [2026-06-29T09:11:43.953+0000] {dagbag.py:588} INFO - Filling up the DagBag from /opt/airflow/dags/urban_data_streaming_dag.py
[2026-06-29T09:11:43.997+0000] {processor.py:925} INFO - DAG(s) 'urban_data_streaming_demo' retrieved from /opt/airflow/dags/urban_data_streaming_dag.py
[2026-06-29T09:11:44.045+0000] {logging_mixin.py:190} INFO - [2026-06-29T09:11:44.045+0000] {dag.py:3239} INFO - Sync 1 DAGs
[2026-06-29T09:11:44.066+0000] {logging_mixin.py:190} INFO - [2026-06-29T09:11:44.065+0000] {dag.py:4180} INFO - Setting next_dagrun for urban_data_streaming_demo to None, run_after=None
[2026-06-29T09:11:44.097+0000] {processor.py:208} INFO - Processing /opt/airflow/dags/urban_data_streaming_dag.py took 0.163 seconds
[2026-06-29T09:12:14.843+0000] {processor.py:186} INFO - Started process (PID=1187) to work on /opt/airflow/dags/urban_data_streaming_dag.py
[2026-06-29T09:12:14.846+0000] {processor.py:914} INFO - Processing file /opt/airflow/dags/urban_data_streaming_dag.py for tasks to queue
[2026-06-29T09:12:14.850+0000] {logging_mixin.py:190} INFO - [2026-06-29T09:12:14.849+0000] {dagbag.py:588} INFO - Filling up the DagBag from /opt/airflow/dags/urban_data_streaming_dag.py
[2026-06-29T09:12:14.908+0000] {processor.py:925} INFO - DAG(s) 'urban_data_streaming_demo' retrieved from /opt/airflow/dags/urban_data_streaming_dag.py
[2026-06-29T09:12:14.948+0000] {logging_mixin.py:190} INFO - [2026-06-29T09:12:14.947+0000] {dag.py:3239} INFO - Sync 1 DAGs
[2026-06-29T09:12:14.966+0000] {logging_mixin.py:190} INFO - [2026-06-29T09:12:14.965+0000] {dag.py:4180} INFO - Setting next_dagrun for urban_data_streaming_demo to None, run_after=None
[2026-06-29T09:12:15.019+0000] {processor.py:208} INFO - Processing /opt/airflow/dags/urban_data_streaming_dag.py took 0.183 seconds
[2026-06-29T09:12:45.200+0000] {processor.py:186} INFO - Started process (PID=1204) to work on /opt/airflow/dags/urban_data_streaming_dag.py
[2026-06-29T09:12:45.201+0000] {processor.py:914} INFO - Processing file /opt/airflow/dags/urban_data_streaming_dag.py for tasks to queue
[2026-06-29T09:12:45.205+0000] {logging_mixin.py:190} INFO - [2026-06-29T09:12:45.205+0000] {dagbag.py:588} INFO - Filling up the DagBag from /opt/airflow/dags/urban_data_streaming_dag.py
[2026-06-29T09:12:45.231+0000] {processor.py:925} INFO - DAG(s) 'urban_data_streaming_demo' retrieved from /opt/airflow/dags/urban_data_streaming_dag.py
[2026-06-29T09:12:45.265+0000] {logging_mixin.py:190} INFO - [2026-06-29T09:12:45.265+0000] {dag.py:3239} INFO - Sync 1 DAGs
[2026-06-29T09:12:45.280+0000] {logging_mixin.py:190} INFO - [2026-06-29T09:12:45.280+0000] {dag.py:4180} INFO - Setting next_dagrun for urban_data_streaming_demo to None, run_after=None
[2026-06-29T09:12:45.303+0000] {processor.py:208} INFO - Processing /opt/airflow/dags/urban_data_streaming_dag.py took 0.111 seconds
[2026-06-29T09:13:15.930+0000] {processor.py:186} INFO - Started process (PID=1216) to work on /opt/airflow/dags/urban_data_streaming_dag.py
[2026-06-29T09:13:15.937+0000] {processor.py:914} INFO - Processing file /opt/airflow/dags/urban_data_streaming_dag.py for tasks to queue
[2026-06-29T09:13:15.944+0000] {logging_mixin.py:190} INFO - [2026-06-29T09:13:15.943+0000] {dagbag.py:588} INFO - Filling up the DagBag from /opt/airflow/dags/urban_data_streaming_dag.py
[2026-06-29T09:13:15.986+0000] {processor.py:925} INFO - DAG(s) 'urban_data_streaming_demo' retrieved from /opt/airflow/dags/urban_data_streaming_dag.py
[2026-06-29T09:13:16.022+0000] {logging_mixin.py:190} INFO - [2026-06-29T09:13:16.022+0000] {dag.py:3239} INFO - Sync 1 DAGs
[2026-06-29T09:13:16.036+0000] {logging_mixin.py:190} INFO - [2026-06-29T09:13:16.036+0000] {dag.py:4180} INFO - Setting next_dagrun for urban_data_streaming_demo to None, run_after=None
[2026-06-29T09:13:16.058+0000] {processor.py:208} INFO - Processing /opt/airflow/dags/urban_data_streaming_dag.py took 0.136 seconds
[2026-06-29T09:13:46.856+0000] {processor.py:186} INFO - Started process (PID=1233) to work on /opt/airflow/dags/urban_data_streaming_dag.py
[2026-06-29T09:13:46.858+0000] {processor.py:914} INFO - Processing file /opt/airflow/dags/urban_data_streaming_dag.py for tasks to queue
[2026-06-29T09:13:46.864+0000] {logging_mixin.py:190} INFO - [2026-06-29T09:13:46.863+0000] {dagbag.py:588} INFO - Filling up the DagBag from /opt/airflow/dags/urban_data_streaming_dag.py
[2026-06-29T09:13:46.901+0000] {processor.py:925} INFO - DAG(s) 'urban_data_streaming_demo' retrieved from /opt/airflow/dags/urban_data_streaming_dag.py
[2026-06-29T09:13:46.952+0000] {logging_mixin.py:190} INFO - [2026-06-29T09:13:46.951+0000] {dag.py:3239} INFO - Sync 1 DAGs
[2026-06-29T09:13:46.981+0000] {logging_mixin.py:190} INFO - [2026-06-29T09:13:46.980+0000] {dag.py:4180} INFO - Setting next_dagrun for urban_data_streaming_demo to None, run_after=None
[2026-06-29T09:13:47.007+0000] {processor.py:208} INFO - Processing /opt/airflow/dags/urban_data_streaming_dag.py took 0.164 seconds
[2026-06-29T09:14:17.568+0000] {processor.py:186} INFO - Started process (PID=1251) to work on /opt/airflow/dags/urban_data_streaming_dag.py
[2026-06-29T09:14:17.570+0000] {processor.py:914} INFO - Processing file /opt/airflow/dags/urban_data_streaming_dag.py for tasks to queue
[2026-06-29T09:14:17.574+0000] {logging_mixin.py:190} INFO - [2026-06-29T09:14:17.573+0000] {dagbag.py:588} INFO - Filling up the DagBag from /opt/airflow/dags/urban_data_streaming_dag.py
[2026-06-29T09:14:17.621+0000] {processor.py:925} INFO - DAG(s) 'urban_data_streaming_demo' retrieved from /opt/airflow/dags/urban_data_streaming_dag.py
[2026-06-29T09:14:17.663+0000] {logging_mixin.py:190} INFO - [2026-06-29T09:14:17.663+0000] {dag.py:3239} INFO - Sync 1 DAGs
[2026-06-29T09:14:17.685+0000] {logging_mixin.py:190} INFO - [2026-06-29T09:14:17.685+0000] {dag.py:4180} INFO - Setting next_dagrun for urban_data_streaming_demo to None, run_after=None
[2026-06-29T09:14:17.712+0000] {processor.py:208} INFO - Processing /opt/airflow/dags/urban_data_streaming_dag.py took 0.150 seconds
[2026-06-29T09:14:48.364+0000] {processor.py:186} INFO - Started process (PID=1269) to work on /opt/airflow/dags/urban_data_streaming_dag.py
[2026-06-29T09:14:48.366+0000] {processor.py:914} INFO - Processing file /opt/airflow/dags/urban_data_streaming_dag.py for tasks to queue
[2026-06-29T09:14:48.370+0000] {logging_mixin.py:190} INFO - [2026-06-29T09:14:48.369+0000] {dagbag.py:588} INFO - Filling up the DagBag from /opt/airflow/dags/urban_data_streaming_dag.py
[2026-06-29T09:14:48.398+0000] {processor.py:925} INFO - DAG(s) 'urban_data_streaming_demo' retrieved from /opt/airflow/dags/urban_data_streaming_dag.py
[2026-06-29T09:14:48.448+0000] {logging_mixin.py:190} INFO - [2026-06-29T09:14:48.448+0000] {dag.py:3239} INFO - Sync 1 DAGs
[2026-06-29T09:14:48.465+0000] {logging_mixin.py:190} INFO - [2026-06-29T09:14:48.465+0000] {dag.py:4180} INFO - Setting next_dagrun for urban_data_streaming_demo to None, run_after=None
[2026-06-29T09:14:48.487+0000] {processor.py:208} INFO - Processing /opt/airflow/dags/urban_data_streaming_dag.py took 0.132 seconds
[2026-06-29T09:15:19.262+0000] {processor.py:186} INFO - Started process (PID=1287) to work on /opt/airflow/dags/urban_data_streaming_dag.py
[2026-06-29T09:15:19.264+0000] {processor.py:914} INFO - Processing file /opt/airflow/dags/urban_data_streaming_dag.py for tasks to queue
[2026-06-29T09:15:19.270+0000] {logging_mixin.py:190} INFO - [2026-06-29T09:15:19.270+0000] {dagbag.py:588} INFO - Filling up the DagBag from /opt/airflow/dags/urban_data_streaming_dag.py
[2026-06-29T09:15:19.311+0000] {processor.py:925} INFO - DAG(s) 'urban_data_streaming_demo' retrieved from /opt/airflow/dags/urban_data_streaming_dag.py
[2026-06-29T09:15:19.344+0000] {logging_mixin.py:190} INFO - [2026-06-29T09:15:19.344+0000] {dag.py:3239} INFO - Sync 1 DAGs
[2026-06-29T09:15:19.358+0000] {logging_mixin.py:190} INFO - [2026-06-29T09:15:19.357+0000] {dag.py:4180} INFO - Setting next_dagrun for urban_data_streaming_demo to None, run_after=None
[2026-06-29T09:15:19.381+0000] {processor.py:208} INFO - Processing /opt/airflow/dags/urban_data_streaming_dag.py took 0.127 seconds
[2026-06-29T09:15:50.136+0000] {processor.py:186} INFO - Started process (PID=1305) to work on /opt/airflow/dags/urban_data_streaming_dag.py
[2026-06-29T09:15:50.137+0000] {processor.py:914} INFO - Processing file /opt/airflow/dags/urban_data_streaming_dag.py for tasks to queue
[2026-06-29T09:15:50.139+0000] {logging_mixin.py:190} INFO - [2026-06-29T09:15:50.139+0000] {dagbag.py:588} INFO - Filling up the DagBag from /opt/airflow/dags/urban_data_streaming_dag.py
[2026-06-29T09:15:50.159+0000] {processor.py:925} INFO - DAG(s) 'urban_data_streaming_demo' retrieved from /opt/airflow/dags/urban_data_streaming_dag.py
[2026-06-29T09:15:50.191+0000] {logging_mixin.py:190} INFO - [2026-06-29T09:15:50.190+0000] {dag.py:3239} INFO - Sync 1 DAGs
[2026-06-29T09:15:50.205+0000] {logging_mixin.py:190} INFO - [2026-06-29T09:15:50.205+0000] {dag.py:4180} INFO - Setting next_dagrun for urban_data_streaming_demo to None, run_after=None
[2026-06-29T09:15:50.236+0000] {processor.py:208} INFO - Processing /opt/airflow/dags/urban_data_streaming_dag.py took 0.105 seconds
[2026-06-29T09:16:20.509+0000] {processor.py:186} INFO - Started process (PID=1323) to work on /opt/airflow/dags/urban_data_streaming_dag.py
[2026-06-29T09:16:20.516+0000] {processor.py:914} INFO - Processing file /opt/airflow/dags/urban_data_streaming_dag.py for tasks to queue
[2026-06-29T09:16:20.526+0000] {logging_mixin.py:190} INFO - [2026-06-29T09:16:20.526+0000] {dagbag.py:588} INFO - Filling up the DagBag from /opt/airflow/dags/urban_data_streaming_dag.py
[2026-06-29T09:16:20.633+0000] {processor.py:925} INFO - DAG(s) 'urban_data_streaming_demo' retrieved from /opt/airflow/dags/urban_data_streaming_dag.py
[2026-06-29T09:16:20.671+0000] {logging_mixin.py:190} INFO - [2026-06-29T09:16:20.670+0000] {dag.py:3239} INFO - Sync 1 DAGs
[2026-06-29T09:16:20.690+0000] {logging_mixin.py:190} INFO - [2026-06-29T09:16:20.690+0000] {dag.py:4180} INFO - Setting next_dagrun for urban_data_streaming_demo to None, run_after=None
[2026-06-29T09:16:20.721+0000] {processor.py:208} INFO - Processing /opt/airflow/dags/urban_data_streaming_dag.py took 0.240 seconds
[2026-06-29T09:16:51.533+0000] {processor.py:186} INFO - Started process (PID=1341) to work on /opt/airflow/dags/urban_data_streaming_dag.py
[2026-06-29T09:16:51.535+0000] {processor.py:914} INFO - Processing file /opt/airflow/dags/urban_data_streaming_dag.py for tasks to queue
[2026-06-29T09:16:51.539+0000] {logging_mixin.py:190} INFO - [2026-06-29T09:16:51.538+0000] {dagbag.py:588} INFO - Filling up the DagBag from /opt/airflow/dags/urban_data_streaming_dag.py
[2026-06-29T09:16:51.574+0000] {processor.py:925} INFO - DAG(s) 'urban_data_streaming_demo' retrieved from /opt/airflow/dags/urban_data_streaming_dag.py
[2026-06-29T09:16:51.602+0000] {logging_mixin.py:190} INFO - [2026-06-29T09:16:51.602+0000] {dag.py:3239} INFO - Sync 1 DAGs
[2026-06-29T09:16:51.616+0000] {logging_mixin.py:190} INFO - [2026-06-29T09:16:51.616+0000] {dag.py:4180} INFO - Setting next_dagrun for urban_data_streaming_demo to None, run_after=None
[2026-06-29T09:16:51.638+0000] {processor.py:208} INFO - Processing /opt/airflow/dags/urban_data_streaming_dag.py took 0.113 seconds
[2026-06-29T09:17:21.729+0000] {processor.py:186} INFO - Started process (PID=1359) to work on /opt/airflow/dags/urban_data_streaming_dag.py
[2026-06-29T09:17:21.731+0000] {processor.py:914} INFO - Processing file /opt/airflow/dags/urban_data_streaming_dag.py for tasks to queue
[2026-06-29T09:17:21.734+0000] {logging_mixin.py:190} INFO - [2026-06-29T09:17:21.734+0000] {dagbag.py:588} INFO - Filling up the DagBag from /opt/airflow/dags/urban_data_streaming_dag.py
[2026-06-29T09:17:21.815+0000] {processor.py:925} INFO - DAG(s) 'urban_data_streaming_demo' retrieved from /opt/airflow/dags/urban_data_streaming_dag.py
[2026-06-29T09:17:21.852+0000] {logging_mixin.py:190} INFO - [2026-06-29T09:17:21.852+0000] {dag.py:3239} INFO - Sync 1 DAGs
[2026-06-29T09:17:21.868+0000] {logging_mixin.py:190} INFO - [2026-06-29T09:17:21.868+0000] {dag.py:4180} INFO - Setting next_dagrun for urban_data_streaming_demo to None, run_after=None
[2026-06-29T09:17:21.895+0000] {processor.py:208} INFO - Processing /opt/airflow/dags/urban_data_streaming_dag.py took 0.172 seconds
[2026-06-29T09:17:52.153+0000] {processor.py:186} INFO - Started process (PID=1377) to work on /opt/airflow/dags/urban_data_streaming_dag.py
[2026-06-29T09:17:52.155+0000] {processor.py:914} INFO - Processing file /opt/airflow/dags/urban_data_streaming_dag.py for tasks to queue
[2026-06-29T09:17:52.158+0000] {logging_mixin.py:190} INFO - [2026-06-29T09:17:52.157+0000] {dagbag.py:588} INFO - Filling up the DagBag from /opt/airflow/dags/urban_data_streaming_dag.py
[2026-06-29T09:17:52.202+0000] {processor.py:925} INFO - DAG(s) 'urban_data_streaming_demo' retrieved from /opt/airflow/dags/urban_data_streaming_dag.py
[2026-06-29T09:17:52.230+0000] {logging_mixin.py:190} INFO - [2026-06-29T09:17:52.229+0000] {dag.py:3239} INFO - Sync 1 DAGs
[2026-06-29T09:17:52.245+0000] {logging_mixin.py:190} INFO - [2026-06-29T09:17:52.244+0000] {dag.py:4180} INFO - Setting next_dagrun for urban_data_streaming_demo to None, run_after=None
[2026-06-29T09:17:52.269+0000] {processor.py:208} INFO - Processing /opt/airflow/dags/urban_data_streaming_dag.py took 0.122 seconds
[2026-06-29T09:18:23.054+0000] {processor.py:186} INFO - Started process (PID=1394) to work on /opt/airflow/dags/urban_data_streaming_dag.py
[2026-06-29T09:18:23.055+0000] {processor.py:914} INFO - Processing file /opt/airflow/dags/urban_data_streaming_dag.py for tasks to queue
[2026-06-29T09:18:23.059+0000] {logging_mixin.py:190} INFO - [2026-06-29T09:18:23.058+0000] {dagbag.py:588} INFO - Filling up the DagBag from /opt/airflow/dags/urban_data_streaming_dag.py
[2026-06-29T09:18:23.091+0000] {processor.py:925} INFO - DAG(s) 'urban_data_streaming_demo' retrieved from /opt/airflow/dags/urban_data_streaming_dag.py
[2026-06-29T09:18:23.136+0000] {logging_mixin.py:190} INFO - [2026-06-29T09:18:23.136+0000] {dag.py:3239} INFO - Sync 1 DAGs
[2026-06-29T09:18:23.153+0000] {logging_mixin.py:190} INFO - [2026-06-29T09:18:23.153+0000] {dag.py:4180} INFO - Setting next_dagrun for urban_data_streaming_demo to None, run_after=None
[2026-06-29T09:18:23.182+0000] {processor.py:208} INFO - Processing /opt/airflow/dags/urban_data_streaming_dag.py took 0.135 seconds
[2026-06-29T09:18:53.519+0000] {processor.py:186} INFO - Started process (PID=1405) to work on /opt/airflow/dags/urban_data_streaming_dag.py
[2026-06-29T09:18:53.524+0000] {processor.py:914} INFO - Processing file /opt/airflow/dags/urban_data_streaming_dag.py for tasks to queue
[2026-06-29T09:18:53.536+0000] {logging_mixin.py:190} INFO - [2026-06-29T09:18:53.535+0000] {dagbag.py:588} INFO - Filling up the DagBag from /opt/airflow/dags/urban_data_streaming_dag.py
[2026-06-29T09:18:53.578+0000] {processor.py:925} INFO - DAG(s) 'urban_data_streaming_demo' retrieved from /opt/airflow/dags/urban_data_streaming_dag.py
[2026-06-29T09:18:53.611+0000] {logging_mixin.py:190} INFO - [2026-06-29T09:18:53.610+0000] {dag.py:3239} INFO - Sync 1 DAGs
[2026-06-29T09:18:53.626+0000] {logging_mixin.py:190} INFO - [2026-06-29T09:18:53.626+0000] {dag.py:4180} INFO - Setting next_dagrun for urban_data_streaming_demo to None, run_after=None
[2026-06-29T09:18:53.646+0000] {processor.py:208} INFO - Processing /opt/airflow/dags/urban_data_streaming_dag.py took 0.157 seconds
[2026-06-29T09:19:24.585+0000] {processor.py:186} INFO - Started process (PID=1423) to work on /opt/airflow/dags/urban_data_streaming_dag.py
[2026-06-29T09:19:24.588+0000] {processor.py:914} INFO - Processing file /opt/airflow/dags/urban_data_streaming_dag.py for tasks to queue
[2026-06-29T09:19:24.593+0000] {logging_mixin.py:190} INFO - [2026-06-29T09:19:24.592+0000] {dagbag.py:588} INFO - Filling up the DagBag from /opt/airflow/dags/urban_data_streaming_dag.py
[2026-06-29T09:19:24.695+0000] {processor.py:925} INFO - DAG(s) 'urban_data_streaming_demo' retrieved from /opt/airflow/dags/urban_data_streaming_dag.py
[2026-06-29T09:19:24.726+0000] {logging_mixin.py:190} INFO - [2026-06-29T09:19:24.726+0000] {dag.py:3239} INFO - Sync 1 DAGs
[2026-06-29T09:19:24.741+0000] {logging_mixin.py:190} INFO - [2026-06-29T09:19:24.740+0000] {dag.py:4180} INFO - Setting next_dagrun for urban_data_streaming_demo to None, run_after=None
[2026-06-29T09:19:24.788+0000] {processor.py:208} INFO - Processing /opt/airflow/dags/urban_data_streaming_dag.py took 0.220 seconds
[2026-06-29T09:19:55.651+0000] {processor.py:186} INFO - Started process (PID=1441) to work on /opt/airflow/dags/urban_data_streaming_dag.py
[2026-06-29T09:19:55.653+0000] {processor.py:914} INFO - Processing file /opt/airflow/dags/urban_data_streaming_dag.py for tasks to queue
[2026-06-29T09:19:55.656+0000] {logging_mixin.py:190} INFO - [2026-06-29T09:19:55.656+0000] {dagbag.py:588} INFO - Filling up the DagBag from /opt/airflow/dags/urban_data_streaming_dag.py
[2026-06-29T09:19:55.697+0000] {processor.py:925} INFO - DAG(s) 'urban_data_streaming_demo' retrieved from /opt/airflow/dags/urban_data_streaming_dag.py
[2026-06-29T09:19:55.731+0000] {logging_mixin.py:190} INFO - [2026-06-29T09:19:55.730+0000] {dag.py:3239} INFO - Sync 1 DAGs
[2026-06-29T09:19:55.745+0000] {logging_mixin.py:190} INFO - [2026-06-29T09:19:55.745+0000] {dag.py:4180} INFO - Setting next_dagrun for urban_data_streaming_demo to None, run_after=None
[2026-06-29T09:19:55.766+0000] {processor.py:208} INFO - Processing /opt/airflow/dags/urban_data_streaming_dag.py took 0.124 seconds
[2026-06-29T09:20:26.019+0000] {processor.py:186} INFO - Started process (PID=1459) to work on /opt/airflow/dags/urban_data_streaming_dag.py
[2026-06-29T09:20:26.020+0000] {processor.py:914} INFO - Processing file /opt/airflow/dags/urban_data_streaming_dag.py for tasks to queue
[2026-06-29T09:20:26.023+0000] {logging_mixin.py:190} INFO - [2026-06-29T09:20:26.023+0000] {dagbag.py:588} INFO - Filling up the DagBag from /opt/airflow/dags/urban_data_streaming_dag.py
[2026-06-29T09:20:26.057+0000] {processor.py:925} INFO - DAG(s) 'urban_data_streaming_demo' retrieved from /opt/airflow/dags/urban_data_streaming_dag.py
[2026-06-29T09:20:26.085+0000] {logging_mixin.py:190} INFO - [2026-06-29T09:20:26.085+0000] {dag.py:3239} INFO - Sync 1 DAGs
[2026-06-29T09:20:26.099+0000] {logging_mixin.py:190} INFO - [2026-06-29T09:20:26.099+0000] {dag.py:4180} INFO - Setting next_dagrun for urban_data_streaming_demo to None, run_after=None
[2026-06-29T09:20:26.122+0000] {processor.py:208} INFO - Processing /opt/airflow/dags/urban_data_streaming_dag.py took 0.114 seconds
[2026-06-29T09:20:56.222+0000] {processor.py:186} INFO - Started process (PID=1477) to work on /opt/airflow/dags/urban_data_streaming_dag.py
[2026-06-29T09:20:56.224+0000] {processor.py:914} INFO - Processing file /opt/airflow/dags/urban_data_streaming_dag.py for tasks to queue
[2026-06-29T09:20:56.228+0000] {logging_mixin.py:190} INFO - [2026-06-29T09:20:56.227+0000] {dagbag.py:588} INFO - Filling up the DagBag from /opt/airflow/dags/urban_data_streaming_dag.py
[2026-06-29T09:20:56.279+0000] {processor.py:925} INFO - DAG(s) 'urban_data_streaming_demo' retrieved from /opt/airflow/dags/urban_data_streaming_dag.py
[2026-06-29T09:20:56.309+0000] {logging_mixin.py:190} INFO - [2026-06-29T09:20:56.309+0000] {dag.py:3239} INFO - Sync 1 DAGs
[2026-06-29T09:20:56.324+0000] {logging_mixin.py:190} INFO - [2026-06-29T09:20:56.324+0000] {dag.py:4180} INFO - Setting next_dagrun for urban_data_streaming_demo to None, run_after=None
[2026-06-29T09:20:56.350+0000] {processor.py:208} INFO - Processing /opt/airflow/dags/urban_data_streaming_dag.py took 0.137 seconds
[2026-06-29T09:21:27.099+0000] {processor.py:186} INFO - Started process (PID=1495) to work on /opt/airflow/dags/urban_data_streaming_dag.py
[2026-06-29T09:21:27.101+0000] {processor.py:914} INFO - Processing file /opt/airflow/dags/urban_data_streaming_dag.py for tasks to queue
[2026-06-29T09:21:27.103+0000] {logging_mixin.py:190} INFO - [2026-06-29T09:21:27.103+0000] {dagbag.py:588} INFO - Filling up the DagBag from /opt/airflow/dags/urban_data_streaming_dag.py
[2026-06-29T09:21:27.136+0000] {processor.py:925} INFO - DAG(s) 'urban_data_streaming_demo' retrieved from /opt/airflow/dags/urban_data_streaming_dag.py
[2026-06-29T09:21:27.170+0000] {logging_mixin.py:190} INFO - [2026-06-29T09:21:27.170+0000] {dag.py:3239} INFO - Sync 1 DAGs
[2026-06-29T09:21:27.189+0000] {logging_mixin.py:190} INFO - [2026-06-29T09:21:27.189+0000] {dag.py:4180} INFO - Setting next_dagrun for urban_data_streaming_demo to None, run_after=None
[2026-06-29T09:21:27.226+0000] {processor.py:208} INFO - Processing /opt/airflow/dags/urban_data_streaming_dag.py took 0.141 seconds
[2026-06-29T09:21:57.936+0000] {processor.py:186} INFO - Started process (PID=1513) to work on /opt/airflow/dags/urban_data_streaming_dag.py
[2026-06-29T09:21:57.937+0000] {processor.py:914} INFO - Processing file /opt/airflow/dags/urban_data_streaming_dag.py for tasks to queue
[2026-06-29T09:21:57.940+0000] {logging_mixin.py:190} INFO - [2026-06-29T09:21:57.940+0000] {dagbag.py:588} INFO - Filling up the DagBag from /opt/airflow/dags/urban_data_streaming_dag.py
[2026-06-29T09:21:57.967+0000] {processor.py:925} INFO - DAG(s) 'urban_data_streaming_demo' retrieved from /opt/airflow/dags/urban_data_streaming_dag.py
[2026-06-29T09:21:57.996+0000] {logging_mixin.py:190} INFO - [2026-06-29T09:21:57.996+0000] {dag.py:3239} INFO - Sync 1 DAGs
[2026-06-29T09:21:58.010+0000] {logging_mixin.py:190} INFO - [2026-06-29T09:21:58.010+0000] {dag.py:4180} INFO - Setting next_dagrun for urban_data_streaming_demo to None, run_after=None
[2026-06-29T09:21:58.034+0000] {processor.py:208} INFO - Processing /opt/airflow/dags/urban_data_streaming_dag.py took 0.104 seconds
[2026-06-29T09:22:28.162+0000] {processor.py:186} INFO - Started process (PID=1531) to work on /opt/airflow/dags/urban_data_streaming_dag.py
[2026-06-29T09:22:28.163+0000] {processor.py:914} INFO - Processing file /opt/airflow/dags/urban_data_streaming_dag.py for tasks to queue
[2026-06-29T09:22:28.166+0000] {logging_mixin.py:190} INFO - [2026-06-29T09:22:28.165+0000] {dagbag.py:588} INFO - Filling up the DagBag from /opt/airflow/dags/urban_data_streaming_dag.py
[2026-06-29T09:22:28.208+0000] {processor.py:925} INFO - DAG(s) 'urban_data_streaming_demo' retrieved from /opt/airflow/dags/urban_data_streaming_dag.py
[2026-06-29T09:22:28.240+0000] {logging_mixin.py:190} INFO - [2026-06-29T09:22:28.240+0000] {dag.py:3239} INFO - Sync 1 DAGs
[2026-06-29T09:22:28.255+0000] {logging_mixin.py:190} INFO - [2026-06-29T09:22:28.254+0000] {dag.py:4180} INFO - Setting next_dagrun for urban_data_streaming_demo to None, run_after=None
[2026-06-29T09:22:28.275+0000] {processor.py:208} INFO - Processing /opt/airflow/dags/urban_data_streaming_dag.py took 0.119 seconds
[2026-06-29T09:22:58.363+0000] {processor.py:186} INFO - Started process (PID=1549) to work on /opt/airflow/dags/urban_data_streaming_dag.py
[2026-06-29T09:22:58.366+0000] {processor.py:914} INFO - Processing file /opt/airflow/dags/urban_data_streaming_dag.py for tasks to queue
[2026-06-29T09:22:58.370+0000] {logging_mixin.py:190} INFO - [2026-06-29T09:22:58.369+0000] {dagbag.py:588} INFO - Filling up the DagBag from /opt/airflow/dags/urban_data_streaming_dag.py
[2026-06-29T09:22:58.405+0000] {processor.py:925} INFO - DAG(s) 'urban_data_streaming_demo' retrieved from /opt/airflow/dags/urban_data_streaming_dag.py
[2026-06-29T09:22:58.435+0000] {logging_mixin.py:190} INFO - [2026-06-29T09:22:58.435+0000] {dag.py:3239} INFO - Sync 1 DAGs
[2026-06-29T09:22:58.450+0000] {logging_mixin.py:190} INFO - [2026-06-29T09:22:58.450+0000] {dag.py:4180} INFO - Setting next_dagrun for urban_data_streaming_demo to None, run_after=None
[2026-06-29T09:22:58.475+0000] {processor.py:208} INFO - Processing /opt/airflow/dags/urban_data_streaming_dag.py took 0.121 seconds
[2026-06-29T09:23:28.696+0000] {processor.py:186} INFO - Started process (PID=1567) to work on /opt/airflow/dags/urban_data_streaming_dag.py
[2026-06-29T09:23:28.698+0000] {processor.py:914} INFO - Processing file /opt/airflow/dags/urban_data_streaming_dag.py for tasks to queue
[2026-06-29T09:23:28.701+0000] {logging_mixin.py:190} INFO - [2026-06-29T09:23:28.701+0000] {dagbag.py:588} INFO - Filling up the DagBag from /opt/airflow/dags/urban_data_streaming_dag.py
[2026-06-29T09:23:28.739+0000] {processor.py:925} INFO - DAG(s) 'urban_data_streaming_demo' retrieved from /opt/airflow/dags/urban_data_streaming_dag.py
[2026-06-29T09:23:28.772+0000] {logging_mixin.py:190} INFO - [2026-06-29T09:23:28.771+0000] {dag.py:3239} INFO - Sync 1 DAGs
[2026-06-29T09:23:28.788+0000] {logging_mixin.py:190} INFO - [2026-06-29T09:23:28.787+0000] {dag.py:4180} INFO - Setting next_dagrun for urban_data_streaming_demo to None, run_after=None
[2026-06-29T09:23:28.813+0000] {processor.py:208} INFO - Processing /opt/airflow/dags/urban_data_streaming_dag.py took 0.123 seconds
[2026-06-29T09:23:59.636+0000] {processor.py:186} INFO - Started process (PID=1584) to work on /opt/airflow/dags/urban_data_streaming_dag.py
[2026-06-29T09:23:59.638+0000] {processor.py:914} INFO - Processing file /opt/airflow/dags/urban_data_streaming_dag.py for tasks to queue
[2026-06-29T09:23:59.644+0000] {logging_mixin.py:190} INFO - [2026-06-29T09:23:59.642+0000] {dagbag.py:588} INFO - Filling up the DagBag from /opt/airflow/dags/urban_data_streaming_dag.py
[2026-06-29T09:23:59.679+0000] {processor.py:925} INFO - DAG(s) 'urban_data_streaming_demo' retrieved from /opt/airflow/dags/urban_data_streaming_dag.py
[2026-06-29T09:23:59.718+0000] {logging_mixin.py:190} INFO - [2026-06-29T09:23:59.718+0000] {dag.py:3239} INFO - Sync 1 DAGs
[2026-06-29T09:23:59.731+0000] {logging_mixin.py:190} INFO - [2026-06-29T09:23:59.731+0000] {dag.py:4180} INFO - Setting next_dagrun for urban_data_streaming_demo to None, run_after=None
[2026-06-29T09:23:59.753+0000] {processor.py:208} INFO - Processing /opt/airflow/dags/urban_data_streaming_dag.py took 0.124 seconds
[2026-06-29T09:24:30.338+0000] {processor.py:186} INFO - Started process (PID=1595) to work on /opt/airflow/dags/urban_data_streaming_dag.py
[2026-06-29T09:24:30.339+0000] {processor.py:914} INFO - Processing file /opt/airflow/dags/urban_data_streaming_dag.py for tasks to queue
[2026-06-29T09:24:30.342+0000] {logging_mixin.py:190} INFO - [2026-06-29T09:24:30.342+0000] {dagbag.py:588} INFO - Filling up the DagBag from /opt/airflow/dags/urban_data_streaming_dag.py
[2026-06-29T09:24:30.381+0000] {processor.py:925} INFO - DAG(s) 'urban_data_streaming_demo' retrieved from /opt/airflow/dags/urban_data_streaming_dag.py
[2026-06-29T09:24:30.410+0000] {logging_mixin.py:190} INFO - [2026-06-29T09:24:30.410+0000] {dag.py:3239} INFO - Sync 1 DAGs
[2026-06-29T09:24:30.424+0000] {logging_mixin.py:190} INFO - [2026-06-29T09:24:30.423+0000] {dag.py:4180} INFO - Setting next_dagrun for urban_data_streaming_demo to None, run_after=None
[2026-06-29T09:24:30.443+0000] {processor.py:208} INFO - Processing /opt/airflow/dags/urban_data_streaming_dag.py took 0.111 seconds
[2026-06-29T09:25:00.710+0000] {processor.py:186} INFO - Started process (PID=1613) to work on /opt/airflow/dags/urban_data_streaming_dag.py
[2026-06-29T09:25:00.712+0000] {processor.py:914} INFO - Processing file /opt/airflow/dags/urban_data_streaming_dag.py for tasks to queue
[2026-06-29T09:25:00.717+0000] {logging_mixin.py:190} INFO - [2026-06-29T09:25:00.716+0000] {dagbag.py:588} INFO - Filling up the DagBag from /opt/airflow/dags/urban_data_streaming_dag.py
[2026-06-29T09:25:00.770+0000] {processor.py:925} INFO - DAG(s) 'urban_data_streaming_demo' retrieved from /opt/airflow/dags/urban_data_streaming_dag.py
[2026-06-29T09:25:00.810+0000] {logging_mixin.py:190} INFO - [2026-06-29T09:25:00.810+0000] {dag.py:3239} INFO - Sync 1 DAGs
[2026-06-29T09:25:00.827+0000] {logging_mixin.py:190} INFO - [2026-06-29T09:25:00.826+0000] {dag.py:4180} INFO - Setting next_dagrun for urban_data_streaming_demo to None, run_after=None
[2026-06-29T09:25:00.855+0000] {processor.py:208} INFO - Processing /opt/airflow/dags/urban_data_streaming_dag.py took 0.156 seconds
[2026-06-29T09:25:31.528+0000] {processor.py:186} INFO - Started process (PID=1631) to work on /opt/airflow/dags/urban_data_streaming_dag.py
[2026-06-29T09:25:31.529+0000] {processor.py:914} INFO - Processing file /opt/airflow/dags/urban_data_streaming_dag.py for tasks to queue
[2026-06-29T09:25:31.532+0000] {logging_mixin.py:190} INFO - [2026-06-29T09:25:31.532+0000] {dagbag.py:588} INFO - Filling up the DagBag from /opt/airflow/dags/urban_data_streaming_dag.py
[2026-06-29T09:25:31.565+0000] {processor.py:925} INFO - DAG(s) 'urban_data_streaming_demo' retrieved from /opt/airflow/dags/urban_data_streaming_dag.py
[2026-06-29T09:25:31.599+0000] {logging_mixin.py:190} INFO - [2026-06-29T09:25:31.599+0000] {dag.py:3239} INFO - Sync 1 DAGs
[2026-06-29T09:25:31.614+0000] {logging_mixin.py:190} INFO - [2026-06-29T09:25:31.614+0000] {dag.py:4180} INFO - Setting next_dagrun for urban_data_streaming_demo to None, run_after=None
[2026-06-29T09:25:31.635+0000] {processor.py:208} INFO - Processing /opt/airflow/dags/urban_data_streaming_dag.py took 0.115 seconds
[2026-06-29T09:26:01.848+0000] {processor.py:186} INFO - Started process (PID=1649) to work on /opt/airflow/dags/urban_data_streaming_dag.py
[2026-06-29T09:26:01.849+0000] {processor.py:914} INFO - Processing file /opt/airflow/dags/urban_data_streaming_dag.py for tasks to queue
[2026-06-29T09:26:01.852+0000] {logging_mixin.py:190} INFO - [2026-06-29T09:26:01.852+0000] {dagbag.py:588} INFO - Filling up the DagBag from /opt/airflow/dags/urban_data_streaming_dag.py
[2026-06-29T09:26:01.884+0000] {processor.py:925} INFO - DAG(s) 'urban_data_streaming_demo' retrieved from /opt/airflow/dags/urban_data_streaming_dag.py
[2026-06-29T09:26:01.914+0000] {logging_mixin.py:190} INFO - [2026-06-29T09:26:01.914+0000] {dag.py:3239} INFO - Sync 1 DAGs
[2026-06-29T09:26:01.930+0000] {logging_mixin.py:190} INFO - [2026-06-29T09:26:01.929+0000] {dag.py:4180} INFO - Setting next_dagrun for urban_data_streaming_demo to None, run_after=None
[2026-06-29T09:26:01.955+0000] {processor.py:208} INFO - Processing /opt/airflow/dags/urban_data_streaming_dag.py took 0.113 seconds
[2026-06-29T09:26:32.111+0000] {processor.py:186} INFO - Started process (PID=1667) to work on /opt/airflow/dags/urban_data_streaming_dag.py
[2026-06-29T09:26:32.113+0000] {processor.py:914} INFO - Processing file /opt/airflow/dags/urban_data_streaming_dag.py for tasks to queue
[2026-06-29T09:26:32.117+0000] {logging_mixin.py:190} INFO - [2026-06-29T09:26:32.117+0000] {dagbag.py:588} INFO - Filling up the DagBag from /opt/airflow/dags/urban_data_streaming_dag.py
[2026-06-29T09:26:32.166+0000] {processor.py:925} INFO - DAG(s) 'urban_data_streaming_demo' retrieved from /opt/airflow/dags/urban_data_streaming_dag.py
[2026-06-29T09:26:32.203+0000] {logging_mixin.py:190} INFO - [2026-06-29T09:26:32.203+0000] {dag.py:3239} INFO - Sync 1 DAGs
[2026-06-29T09:26:32.217+0000] {logging_mixin.py:190} INFO - [2026-06-29T09:26:32.217+0000] {dag.py:4180} INFO - Setting next_dagrun for urban_data_streaming_demo to None, run_after=None
[2026-06-29T09:26:32.241+0000] {processor.py:208} INFO - Processing /opt/airflow/dags/urban_data_streaming_dag.py took 0.142 seconds
[2026-06-29T09:27:02.596+0000] {processor.py:186} INFO - Started process (PID=1685) to work on /opt/airflow/dags/urban_data_streaming_dag.py
[2026-06-29T09:27:02.598+0000] {processor.py:914} INFO - Processing file /opt/airflow/dags/urban_data_streaming_dag.py for tasks to queue
[2026-06-29T09:27:02.601+0000] {logging_mixin.py:190} INFO - [2026-06-29T09:27:02.601+0000] {dagbag.py:588} INFO - Filling up the DagBag from /opt/airflow/dags/urban_data_streaming_dag.py
[2026-06-29T09:27:02.629+0000] {processor.py:925} INFO - DAG(s) 'urban_data_streaming_demo' retrieved from /opt/airflow/dags/urban_data_streaming_dag.py
[2026-06-29T09:27:02.659+0000] {logging_mixin.py:190} INFO - [2026-06-29T09:27:02.659+0000] {dag.py:3239} INFO - Sync 1 DAGs
[2026-06-29T09:27:02.674+0000] {logging_mixin.py:190} INFO - [2026-06-29T09:27:02.674+0000] {dag.py:4180} INFO - Setting next_dagrun for urban_data_streaming_demo to None, run_after=None
[2026-06-29T09:27:02.707+0000] {processor.py:208} INFO - Processing /opt/airflow/dags/urban_data_streaming_dag.py took 0.117 seconds
[2026-06-29T09:27:33.354+0000] {processor.py:186} INFO - Started process (PID=1703) to work on /opt/airflow/dags/urban_data_streaming_dag.py
[2026-06-29T09:27:33.355+0000] {processor.py:914} INFO - Processing file /opt/airflow/dags/urban_data_streaming_dag.py for tasks to queue
[2026-06-29T09:27:33.359+0000] {logging_mixin.py:190} INFO - [2026-06-29T09:27:33.358+0000] {dagbag.py:588} INFO - Filling up the DagBag from /opt/airflow/dags/urban_data_streaming_dag.py
[2026-06-29T09:27:33.382+0000] {processor.py:925} INFO - DAG(s) 'urban_data_streaming_demo' retrieved from /opt/airflow/dags/urban_data_streaming_dag.py
[2026-06-29T09:27:33.415+0000] {logging_mixin.py:190} INFO - [2026-06-29T09:27:33.415+0000] {dag.py:3239} INFO - Sync 1 DAGs
[2026-06-29T09:27:33.430+0000] {logging_mixin.py:190} INFO - [2026-06-29T09:27:33.430+0000] {dag.py:4180} INFO - Setting next_dagrun for urban_data_streaming_demo to None, run_after=None
[2026-06-29T09:27:33.461+0000] {processor.py:208} INFO - Processing /opt/airflow/dags/urban_data_streaming_dag.py took 0.113 seconds
[2026-06-29T09:28:03.775+0000] {processor.py:186} INFO - Started process (PID=1721) to work on /opt/airflow/dags/urban_data_streaming_dag.py
[2026-06-29T09:28:03.779+0000] {processor.py:914} INFO - Processing file /opt/airflow/dags/urban_data_streaming_dag.py for tasks to queue
[2026-06-29T09:28:03.786+0000] {logging_mixin.py:190} INFO - [2026-06-29T09:28:03.784+0000] {dagbag.py:588} INFO - Filling up the DagBag from /opt/airflow/dags/urban_data_streaming_dag.py
[2026-06-29T09:28:03.892+0000] {processor.py:925} INFO - DAG(s) 'urban_data_streaming_demo' retrieved from /opt/airflow/dags/urban_data_streaming_dag.py
[2026-06-29T09:28:03.940+0000] {logging_mixin.py:190} INFO - [2026-06-29T09:28:03.940+0000] {dag.py:3239} INFO - Sync 1 DAGs
[2026-06-29T09:28:03.955+0000] {logging_mixin.py:190} INFO - [2026-06-29T09:28:03.955+0000] {dag.py:4180} INFO - Setting next_dagrun for urban_data_streaming_demo to None, run_after=None
[2026-06-29T09:28:03.978+0000] {processor.py:208} INFO - Processing /opt/airflow/dags/urban_data_streaming_dag.py took 0.226 seconds
[2026-06-29T09:28:35.017+0000] {processor.py:186} INFO - Started process (PID=1739) to work on /opt/airflow/dags/urban_data_streaming_dag.py
[2026-06-29T09:28:35.019+0000] {processor.py:914} INFO - Processing file /opt/airflow/dags/urban_data_streaming_dag.py for tasks to queue
[2026-06-29T09:28:35.022+0000] {logging_mixin.py:190} INFO - [2026-06-29T09:28:35.022+0000] {dagbag.py:588} INFO - Filling up the DagBag from /opt/airflow/dags/urban_data_streaming_dag.py
[2026-06-29T09:28:35.069+0000] {processor.py:925} INFO - DAG(s) 'urban_data_streaming_demo' retrieved from /opt/airflow/dags/urban_data_streaming_dag.py
[2026-06-29T09:28:35.107+0000] {logging_mixin.py:190} INFO - [2026-06-29T09:28:35.107+0000] {dag.py:3239} INFO - Sync 1 DAGs
[2026-06-29T09:28:35.120+0000] {logging_mixin.py:190} INFO - [2026-06-29T09:28:35.120+0000] {dag.py:4180} INFO - Setting next_dagrun for urban_data_streaming_demo to None, run_after=None
[2026-06-29T09:28:35.145+0000] {processor.py:208} INFO - Processing /opt/airflow/dags/urban_data_streaming_dag.py took 0.142 seconds
[2026-06-29T09:29:05.887+0000] {processor.py:186} INFO - Started process (PID=1757) to work on /opt/airflow/dags/urban_data_streaming_dag.py
[2026-06-29T09:29:05.889+0000] {processor.py:914} INFO - Processing file /opt/airflow/dags/urban_data_streaming_dag.py for tasks to queue
[2026-06-29T09:29:05.894+0000] {logging_mixin.py:190} INFO - [2026-06-29T09:29:05.893+0000] {dagbag.py:588} INFO - Filling up the DagBag from /opt/airflow/dags/urban_data_streaming_dag.py
[2026-06-29T09:29:05.967+0000] {processor.py:925} INFO - DAG(s) 'urban_data_streaming_demo' retrieved from /opt/airflow/dags/urban_data_streaming_dag.py
[2026-06-29T09:29:06.000+0000] {logging_mixin.py:190} INFO - [2026-06-29T09:29:05.999+0000] {dag.py:3239} INFO - Sync 1 DAGs
[2026-06-29T09:29:06.014+0000] {logging_mixin.py:190} INFO - [2026-06-29T09:29:06.013+0000] {dag.py:4180} INFO - Setting next_dagrun for urban_data_streaming_demo to None, run_after=None
[2026-06-29T09:29:06.038+0000] {processor.py:208} INFO - Processing /opt/airflow/dags/urban_data_streaming_dag.py took 0.161 seconds
[2026-06-29T09:29:36.572+0000] {processor.py:186} INFO - Started process (PID=1775) to work on /opt/airflow/dags/urban_data_streaming_dag.py
[2026-06-29T09:29:36.573+0000] {processor.py:914} INFO - Processing file /opt/airflow/dags/urban_data_streaming_dag.py for tasks to queue
[2026-06-29T09:29:36.577+0000] {logging_mixin.py:190} INFO - [2026-06-29T09:29:36.577+0000] {dagbag.py:588} INFO - Filling up the DagBag from /opt/airflow/dags/urban_data_streaming_dag.py
[2026-06-29T09:29:36.610+0000] {processor.py:925} INFO - DAG(s) 'urban_data_streaming_demo' retrieved from /opt/airflow/dags/urban_data_streaming_dag.py
[2026-06-29T09:29:36.644+0000] {logging_mixin.py:190} INFO - [2026-06-29T09:29:36.644+0000] {dag.py:3239} INFO - Sync 1 DAGs
[2026-06-29T09:29:36.659+0000] {logging_mixin.py:190} INFO - [2026-06-29T09:29:36.659+0000] {dag.py:4180} INFO - Setting next_dagrun for urban_data_streaming_demo to None, run_after=None
[2026-06-29T09:29:36.685+0000] {processor.py:208} INFO - Processing /opt/airflow/dags/urban_data_streaming_dag.py took 0.120 seconds
[2026-06-29T09:30:07.357+0000] {processor.py:186} INFO - Started process (PID=1792) to work on /opt/airflow/dags/urban_data_streaming_dag.py
[2026-06-29T09:30:07.358+0000] {processor.py:914} INFO - Processing file /opt/airflow/dags/urban_data_streaming_dag.py for tasks to queue
[2026-06-29T09:30:07.361+0000] {logging_mixin.py:190} INFO - [2026-06-29T09:30:07.361+0000] {dagbag.py:588} INFO - Filling up the DagBag from /opt/airflow/dags/urban_data_streaming_dag.py
[2026-06-29T09:30:07.385+0000] {processor.py:925} INFO - DAG(s) 'urban_data_streaming_demo' retrieved from /opt/airflow/dags/urban_data_streaming_dag.py
[2026-06-29T09:30:07.415+0000] {logging_mixin.py:190} INFO - [2026-06-29T09:30:07.414+0000] {dag.py:3239} INFO - Sync 1 DAGs
[2026-06-29T09:30:07.429+0000] {logging_mixin.py:190} INFO - [2026-06-29T09:30:07.429+0000] {dag.py:4180} INFO - Setting next_dagrun for urban_data_streaming_demo to None, run_after=None
[2026-06-29T09:30:07.451+0000] {processor.py:208} INFO - Processing /opt/airflow/dags/urban_data_streaming_dag.py took 0.101 seconds
[2026-06-29T09:30:38.107+0000] {processor.py:186} INFO - Started process (PID=1803) to work on /opt/airflow/dags/urban_data_streaming_dag.py
[2026-06-29T09:30:38.109+0000] {processor.py:914} INFO - Processing file /opt/airflow/dags/urban_data_streaming_dag.py for tasks to queue
[2026-06-29T09:30:38.112+0000] {logging_mixin.py:190} INFO - [2026-06-29T09:30:38.112+0000] {dagbag.py:588} INFO - Filling up the DagBag from /opt/airflow/dags/urban_data_streaming_dag.py
[2026-06-29T09:30:38.138+0000] {processor.py:925} INFO - DAG(s) 'urban_data_streaming_demo' retrieved from /opt/airflow/dags/urban_data_streaming_dag.py
[2026-06-29T09:30:38.171+0000] {logging_mixin.py:190} INFO - [2026-06-29T09:30:38.171+0000] {dag.py:3239} INFO - Sync 1 DAGs
[2026-06-29T09:30:38.195+0000] {logging_mixin.py:190} INFO - [2026-06-29T09:30:38.194+0000] {dag.py:4180} INFO - Setting next_dagrun for urban_data_streaming_demo to None, run_after=None
[2026-06-29T09:30:38.221+0000] {processor.py:208} INFO - Processing /opt/airflow/dags/urban_data_streaming_dag.py took 0.120 seconds
[2026-06-29T09:31:08.523+0000] {processor.py:186} INFO - Started process (PID=1821) to work on /opt/airflow/dags/urban_data_streaming_dag.py
[2026-06-29T09:31:08.524+0000] {processor.py:914} INFO - Processing file /opt/airflow/dags/urban_data_streaming_dag.py for tasks to queue
[2026-06-29T09:31:08.527+0000] {logging_mixin.py:190} INFO - [2026-06-29T09:31:08.526+0000] {dagbag.py:588} INFO - Filling up the DagBag from /opt/airflow/dags/urban_data_streaming_dag.py
[2026-06-29T09:31:08.551+0000] {processor.py:925} INFO - DAG(s) 'urban_data_streaming_demo' retrieved from /opt/airflow/dags/urban_data_streaming_dag.py
[2026-06-29T09:31:08.591+0000] {logging_mixin.py:190} INFO - [2026-06-29T09:31:08.591+0000] {dag.py:3239} INFO - Sync 1 DAGs
[2026-06-29T09:31:08.606+0000] {logging_mixin.py:190} INFO - [2026-06-29T09:31:08.605+0000] {dag.py:4180} INFO - Setting next_dagrun for urban_data_streaming_demo to None, run_after=None
[2026-06-29T09:31:08.636+0000] {processor.py:208} INFO - Processing /opt/airflow/dags/urban_data_streaming_dag.py took 0.119 seconds
[2026-06-29T09:31:39.336+0000] {processor.py:186} INFO - Started process (PID=1839) to work on /opt/airflow/dags/urban_data_streaming_dag.py
[2026-06-29T09:31:39.338+0000] {processor.py:914} INFO - Processing file /opt/airflow/dags/urban_data_streaming_dag.py for tasks to queue
[2026-06-29T09:31:39.347+0000] {logging_mixin.py:190} INFO - [2026-06-29T09:31:39.345+0000] {dagbag.py:588} INFO - Filling up the DagBag from /opt/airflow/dags/urban_data_streaming_dag.py
[2026-06-29T09:31:39.394+0000] {processor.py:925} INFO - DAG(s) 'urban_data_streaming_demo' retrieved from /opt/airflow/dags/urban_data_streaming_dag.py
[2026-06-29T09:31:39.434+0000] {logging_mixin.py:190} INFO - [2026-06-29T09:31:39.434+0000] {dag.py:3239} INFO - Sync 1 DAGs
[2026-06-29T09:31:39.447+0000] {logging_mixin.py:190} INFO - [2026-06-29T09:31:39.447+0000] {dag.py:4180} INFO - Setting next_dagrun for urban_data_streaming_demo to None, run_after=None
[2026-06-29T09:31:39.479+0000] {processor.py:208} INFO - Processing /opt/airflow/dags/urban_data_streaming_dag.py took 0.148 seconds
[2026-06-29T09:32:10.216+0000] {processor.py:186} INFO - Started process (PID=1857) to work on /opt/airflow/dags/urban_data_streaming_dag.py
[2026-06-29T09:32:10.219+0000] {processor.py:914} INFO - Processing file /opt/airflow/dags/urban_data_streaming_dag.py for tasks to queue
[2026-06-29T09:32:10.227+0000] {logging_mixin.py:190} INFO - [2026-06-29T09:32:10.226+0000] {dagbag.py:588} INFO - Filling up the DagBag from /opt/airflow/dags/urban_data_streaming_dag.py
[2026-06-29T09:32:10.266+0000] {processor.py:925} INFO - DAG(s) 'urban_data_streaming_demo' retrieved from /opt/airflow/dags/urban_data_streaming_dag.py
[2026-06-29T09:32:10.313+0000] {logging_mixin.py:190} INFO - [2026-06-29T09:32:10.313+0000] {dag.py:3239} INFO - Sync 1 DAGs
[2026-06-29T09:32:10.329+0000] {logging_mixin.py:190} INFO - [2026-06-29T09:32:10.329+0000] {dag.py:4180} INFO - Setting next_dagrun for urban_data_streaming_demo to None, run_after=None
[2026-06-29T09:32:10.352+0000] {processor.py:208} INFO - Processing /opt/airflow/dags/urban_data_streaming_dag.py took 0.145 seconds
[2026-06-29T09:32:41.015+0000] {processor.py:186} INFO - Started process (PID=1875) to work on /opt/airflow/dags/urban_data_streaming_dag.py
[2026-06-29T09:32:41.016+0000] {processor.py:914} INFO - Processing file /opt/airflow/dags/urban_data_streaming_dag.py for tasks to queue
[2026-06-29T09:32:41.019+0000] {logging_mixin.py:190} INFO - [2026-06-29T09:32:41.019+0000] {dagbag.py:588} INFO - Filling up the DagBag from /opt/airflow/dags/urban_data_streaming_dag.py
[2026-06-29T09:32:41.045+0000] {processor.py:925} INFO - DAG(s) 'urban_data_streaming_demo' retrieved from /opt/airflow/dags/urban_data_streaming_dag.py
[2026-06-29T09:32:41.078+0000] {logging_mixin.py:190} INFO - [2026-06-29T09:32:41.078+0000] {dag.py:3239} INFO - Sync 1 DAGs
[2026-06-29T09:32:41.092+0000] {logging_mixin.py:190} INFO - [2026-06-29T09:32:41.092+0000] {dag.py:4180} INFO - Setting next_dagrun for urban_data_streaming_demo to None, run_after=None
[2026-06-29T09:32:41.114+0000] {processor.py:208} INFO - Processing /opt/airflow/dags/urban_data_streaming_dag.py took 0.105 seconds
[2026-06-29T09:33:11.651+0000] {processor.py:186} INFO - Started process (PID=1893) to work on /opt/airflow/dags/urban_data_streaming_dag.py
[2026-06-29T09:33:11.653+0000] {processor.py:914} INFO - Processing file /opt/airflow/dags/urban_data_streaming_dag.py for tasks to queue
[2026-06-29T09:33:11.657+0000] {logging_mixin.py:190} INFO - [2026-06-29T09:33:11.657+0000] {dagbag.py:588} INFO - Filling up the DagBag from /opt/airflow/dags/urban_data_streaming_dag.py
[2026-06-29T09:33:11.699+0000] {processor.py:925} INFO - DAG(s) 'urban_data_streaming_demo' retrieved from /opt/airflow/dags/urban_data_streaming_dag.py
[2026-06-29T09:33:11.742+0000] {logging_mixin.py:190} INFO - [2026-06-29T09:33:11.742+0000] {dag.py:3239} INFO - Sync 1 DAGs
[2026-06-29T09:33:11.758+0000] {logging_mixin.py:190} INFO - [2026-06-29T09:33:11.757+0000] {dag.py:4180} INFO - Setting next_dagrun for urban_data_streaming_demo to None, run_after=None
[2026-06-29T09:33:11.784+0000] {processor.py:208} INFO - Processing /opt/airflow/dags/urban_data_streaming_dag.py took 0.140 seconds
[2026-06-29T09:33:42.183+0000] {processor.py:186} INFO - Started process (PID=1911) to work on /opt/airflow/dags/urban_data_streaming_dag.py
[2026-06-29T09:33:42.185+0000] {processor.py:914} INFO - Processing file /opt/airflow/dags/urban_data_streaming_dag.py for tasks to queue
[2026-06-29T09:33:42.189+0000] {logging_mixin.py:190} INFO - [2026-06-29T09:33:42.188+0000] {dagbag.py:588} INFO - Filling up the DagBag from /opt/airflow/dags/urban_data_streaming_dag.py
[2026-06-29T09:33:42.216+0000] {processor.py:925} INFO - DAG(s) 'urban_data_streaming_demo' retrieved from /opt/airflow/dags/urban_data_streaming_dag.py
[2026-06-29T09:33:42.251+0000] {logging_mixin.py:190} INFO - [2026-06-29T09:33:42.251+0000] {dag.py:3239} INFO - Sync 1 DAGs
[2026-06-29T09:33:42.265+0000] {logging_mixin.py:190} INFO - [2026-06-29T09:33:42.265+0000] {dag.py:4180} INFO - Setting next_dagrun for urban_data_streaming_demo to None, run_after=None
[2026-06-29T09:33:42.286+0000] {processor.py:208} INFO - Processing /opt/airflow/dags/urban_data_streaming_dag.py took 0.109 seconds
[2026-06-29T09:34:12.647+0000] {processor.py:186} INFO - Started process (PID=1929) to work on /opt/airflow/dags/urban_data_streaming_dag.py
[2026-06-29T09:34:12.649+0000] {processor.py:914} INFO - Processing file /opt/airflow/dags/urban_data_streaming_dag.py for tasks to queue
[2026-06-29T09:34:12.653+0000] {logging_mixin.py:190} INFO - [2026-06-29T09:34:12.652+0000] {dagbag.py:588} INFO - Filling up the DagBag from /opt/airflow/dags/urban_data_streaming_dag.py
[2026-06-29T09:34:12.705+0000] {processor.py:925} INFO - DAG(s) 'urban_data_streaming_demo' retrieved from /opt/airflow/dags/urban_data_streaming_dag.py
[2026-06-29T09:34:12.742+0000] {logging_mixin.py:190} INFO - [2026-06-29T09:34:12.741+0000] {dag.py:3239} INFO - Sync 1 DAGs
[2026-06-29T09:34:12.757+0000] {logging_mixin.py:190} INFO - [2026-06-29T09:34:12.757+0000] {dag.py:4180} INFO - Setting next_dagrun for urban_data_streaming_demo to None, run_after=None
[2026-06-29T09:34:12.779+0000] {processor.py:208} INFO - Processing /opt/airflow/dags/urban_data_streaming_dag.py took 0.137 seconds
[2026-06-29T09:34:43.167+0000] {processor.py:186} INFO - Started process (PID=1947) to work on /opt/airflow/dags/urban_data_streaming_dag.py
[2026-06-29T09:34:43.169+0000] {processor.py:914} INFO - Processing file /opt/airflow/dags/urban_data_streaming_dag.py for tasks to queue
[2026-06-29T09:34:43.172+0000] {logging_mixin.py:190} INFO - [2026-06-29T09:34:43.172+0000] {dagbag.py:588} INFO - Filling up the DagBag from /opt/airflow/dags/urban_data_streaming_dag.py
[2026-06-29T09:34:43.235+0000] {processor.py:925} INFO - DAG(s) 'urban_data_streaming_demo' retrieved from /opt/airflow/dags/urban_data_streaming_dag.py
[2026-06-29T09:34:43.273+0000] {logging_mixin.py:190} INFO - [2026-06-29T09:34:43.272+0000] {dag.py:3239} INFO - Sync 1 DAGs
[2026-06-29T09:34:43.287+0000] {logging_mixin.py:190} INFO - [2026-06-29T09:34:43.287+0000] {dag.py:4180} INFO - Setting next_dagrun for urban_data_streaming_demo to None, run_after=None
[2026-06-29T09:34:43.313+0000] {processor.py:208} INFO - Processing /opt/airflow/dags/urban_data_streaming_dag.py took 0.152 seconds
[2026-06-29T09:35:13.704+0000] {processor.py:186} INFO - Started process (PID=1965) to work on /opt/airflow/dags/urban_data_streaming_dag.py
[2026-06-29T09:35:13.706+0000] {processor.py:914} INFO - Processing file /opt/airflow/dags/urban_data_streaming_dag.py for tasks to queue
[2026-06-29T09:35:13.710+0000] {logging_mixin.py:190} INFO - [2026-06-29T09:35:13.709+0000] {dagbag.py:588} INFO - Filling up the DagBag from /opt/airflow/dags/urban_data_streaming_dag.py
[2026-06-29T09:35:13.763+0000] {processor.py:925} INFO - DAG(s) 'urban_data_streaming_demo' retrieved from /opt/airflow/dags/urban_data_streaming_dag.py
[2026-06-29T09:35:13.797+0000] {logging_mixin.py:190} INFO - [2026-06-29T09:35:13.796+0000] {dag.py:3239} INFO - Sync 1 DAGs
[2026-06-29T09:35:13.811+0000] {logging_mixin.py:190} INFO - [2026-06-29T09:35:13.810+0000] {dag.py:4180} INFO - Setting next_dagrun for urban_data_streaming_demo to None, run_after=None
[2026-06-29T09:35:13.833+0000] {processor.py:208} INFO - Processing /opt/airflow/dags/urban_data_streaming_dag.py took 0.134 seconds
[2026-06-29T09:35:44.019+0000] {processor.py:186} INFO - Started process (PID=1982) to work on /opt/airflow/dags/urban_data_streaming_dag.py
[2026-06-29T09:35:44.022+0000] {processor.py:914} INFO - Processing file /opt/airflow/dags/urban_data_streaming_dag.py for tasks to queue
[2026-06-29T09:35:44.030+0000] {logging_mixin.py:190} INFO - [2026-06-29T09:35:44.029+0000] {dagbag.py:588} INFO - Filling up the DagBag from /opt/airflow/dags/urban_data_streaming_dag.py
[2026-06-29T09:35:44.119+0000] {processor.py:925} INFO - DAG(s) 'urban_data_streaming_demo' retrieved from /opt/airflow/dags/urban_data_streaming_dag.py
[2026-06-29T09:35:44.149+0000] {logging_mixin.py:190} INFO - [2026-06-29T09:35:44.148+0000] {dag.py:3239} INFO - Sync 1 DAGs
[2026-06-29T09:35:44.163+0000] {logging_mixin.py:190} INFO - [2026-06-29T09:35:44.163+0000] {dag.py:4180} INFO - Setting next_dagrun for urban_data_streaming_demo to None, run_after=None
[2026-06-29T09:35:44.187+0000] {processor.py:208} INFO - Processing /opt/airflow/dags/urban_data_streaming_dag.py took 0.174 seconds
[2026-06-29T09:36:14.472+0000] {processor.py:186} INFO - Started process (PID=1993) to work on /opt/airflow/dags/urban_data_streaming_dag.py
[2026-06-29T09:36:14.476+0000] {processor.py:914} INFO - Processing file /opt/airflow/dags/urban_data_streaming_dag.py for tasks to queue
[2026-06-29T09:36:14.483+0000] {logging_mixin.py:190} INFO - [2026-06-29T09:36:14.482+0000] {dagbag.py:588} INFO - Filling up the DagBag from /opt/airflow/dags/urban_data_streaming_dag.py
[2026-06-29T09:36:14.600+0000] {processor.py:925} INFO - DAG(s) 'urban_data_streaming_demo' retrieved from /opt/airflow/dags/urban_data_streaming_dag.py
[2026-06-29T09:36:14.654+0000] {logging_mixin.py:190} INFO - [2026-06-29T09:36:14.654+0000] {dag.py:3239} INFO - Sync 1 DAGs
[2026-06-29T09:36:14.668+0000] {logging_mixin.py:190} INFO - [2026-06-29T09:36:14.668+0000] {dag.py:4180} INFO - Setting next_dagrun for urban_data_streaming_demo to None, run_after=None
[2026-06-29T09:36:14.711+0000] {processor.py:208} INFO - Processing /opt/airflow/dags/urban_data_streaming_dag.py took 0.266 seconds
[2026-06-29T09:36:45.444+0000] {processor.py:186} INFO - Started process (PID=2011) to work on /opt/airflow/dags/urban_data_streaming_dag.py
[2026-06-29T09:36:45.449+0000] {processor.py:914} INFO - Processing file /opt/airflow/dags/urban_data_streaming_dag.py for tasks to queue
[2026-06-29T09:36:45.452+0000] {logging_mixin.py:190} INFO - [2026-06-29T09:36:45.452+0000] {dagbag.py:588} INFO - Filling up the DagBag from /opt/airflow/dags/urban_data_streaming_dag.py
[2026-06-29T09:36:45.496+0000] {processor.py:925} INFO - DAG(s) 'urban_data_streaming_demo' retrieved from /opt/airflow/dags/urban_data_streaming_dag.py
[2026-06-29T09:36:45.525+0000] {logging_mixin.py:190} INFO - [2026-06-29T09:36:45.525+0000] {dag.py:3239} INFO - Sync 1 DAGs
[2026-06-29T09:36:45.545+0000] {logging_mixin.py:190} INFO - [2026-06-29T09:36:45.545+0000] {dag.py:4180} INFO - Setting next_dagrun for urban_data_streaming_demo to None, run_after=None
[2026-06-29T09:36:45.580+0000] {processor.py:208} INFO - Processing /opt/airflow/dags/urban_data_streaming_dag.py took 0.149 seconds
[2026-06-29T09:37:16.014+0000] {processor.py:186} INFO - Started process (PID=2029) to work on /opt/airflow/dags/urban_data_streaming_dag.py
[2026-06-29T09:37:16.017+0000] {processor.py:914} INFO - Processing file /opt/airflow/dags/urban_data_streaming_dag.py for tasks to queue
[2026-06-29T09:37:16.021+0000] {logging_mixin.py:190} INFO - [2026-06-29T09:37:16.020+0000] {dagbag.py:588} INFO - Filling up the DagBag from /opt/airflow/dags/urban_data_streaming_dag.py
[2026-06-29T09:37:16.054+0000] {processor.py:925} INFO - DAG(s) 'urban_data_streaming_demo' retrieved from /opt/airflow/dags/urban_data_streaming_dag.py
[2026-06-29T09:37:16.083+0000] {logging_mixin.py:190} INFO - [2026-06-29T09:37:16.083+0000] {dag.py:3239} INFO - Sync 1 DAGs
[2026-06-29T09:37:16.096+0000] {logging_mixin.py:190} INFO - [2026-06-29T09:37:16.096+0000] {dag.py:4180} INFO - Setting next_dagrun for urban_data_streaming_demo to None, run_after=None
[2026-06-29T09:37:16.116+0000] {processor.py:208} INFO - Processing /opt/airflow/dags/urban_data_streaming_dag.py took 0.120 seconds
[2026-06-29T09:37:46.231+0000] {processor.py:186} INFO - Started process (PID=2047) to work on /opt/airflow/dags/urban_data_streaming_dag.py
[2026-06-29T09:37:46.233+0000] {processor.py:914} INFO - Processing file /opt/airflow/dags/urban_data_streaming_dag.py for tasks to queue
[2026-06-29T09:37:46.236+0000] {logging_mixin.py:190} INFO - [2026-06-29T09:37:46.236+0000] {dagbag.py:588} INFO - Filling up the DagBag from /opt/airflow/dags/urban_data_streaming_dag.py
[2026-06-29T09:37:46.287+0000] {processor.py:925} INFO - DAG(s) 'urban_data_streaming_demo' retrieved from /opt/airflow/dags/urban_data_streaming_dag.py
[2026-06-29T09:37:46.317+0000] {logging_mixin.py:190} INFO - [2026-06-29T09:37:46.316+0000] {dag.py:3239} INFO - Sync 1 DAGs
[2026-06-29T09:37:46.331+0000] {logging_mixin.py:190} INFO - [2026-06-29T09:37:46.331+0000] {dag.py:4180} INFO - Setting next_dagrun for urban_data_streaming_demo to None, run_after=None
[2026-06-29T09:37:46.352+0000] {processor.py:208} INFO - Processing /opt/airflow/dags/urban_data_streaming_dag.py took 0.131 seconds
[2026-06-29T09:38:17.161+0000] {processor.py:186} INFO - Started process (PID=2065) to work on /opt/airflow/dags/urban_data_streaming_dag.py
[2026-06-29T09:38:17.166+0000] {processor.py:914} INFO - Processing file /opt/airflow/dags/urban_data_streaming_dag.py for tasks to queue
[2026-06-29T09:38:17.175+0000] {logging_mixin.py:190} INFO - [2026-06-29T09:38:17.174+0000] {dagbag.py:588} INFO - Filling up the DagBag from /opt/airflow/dags/urban_data_streaming_dag.py
[2026-06-29T09:38:17.290+0000] {processor.py:925} INFO - DAG(s) 'urban_data_streaming_demo' retrieved from /opt/airflow/dags/urban_data_streaming_dag.py
[2026-06-29T09:38:17.323+0000] {logging_mixin.py:190} INFO - [2026-06-29T09:38:17.323+0000] {dag.py:3239} INFO - Sync 1 DAGs
[2026-06-29T09:38:17.337+0000] {logging_mixin.py:190} INFO - [2026-06-29T09:38:17.337+0000] {dag.py:4180} INFO - Setting next_dagrun for urban_data_streaming_demo to None, run_after=None
[2026-06-29T09:38:17.379+0000] {processor.py:208} INFO - Processing /opt/airflow/dags/urban_data_streaming_dag.py took 0.236 seconds
[2026-06-29T09:38:48.180+0000] {processor.py:186} INFO - Started process (PID=2083) to work on /opt/airflow/dags/urban_data_streaming_dag.py
[2026-06-29T09:38:48.182+0000] {processor.py:914} INFO - Processing file /opt/airflow/dags/urban_data_streaming_dag.py for tasks to queue
[2026-06-29T09:38:48.185+0000] {logging_mixin.py:190} INFO - [2026-06-29T09:38:48.185+0000] {dagbag.py:588} INFO - Filling up the DagBag from /opt/airflow/dags/urban_data_streaming_dag.py
[2026-06-29T09:38:48.216+0000] {processor.py:925} INFO - DAG(s) 'urban_data_streaming_demo' retrieved from /opt/airflow/dags/urban_data_streaming_dag.py
[2026-06-29T09:38:48.252+0000] {logging_mixin.py:190} INFO - [2026-06-29T09:38:48.252+0000] {dag.py:3239} INFO - Sync 1 DAGs
[2026-06-29T09:38:48.266+0000] {logging_mixin.py:190} INFO - [2026-06-29T09:38:48.266+0000] {dag.py:4180} INFO - Setting next_dagrun for urban_data_streaming_demo to None, run_after=None
[2026-06-29T09:38:48.287+0000] {processor.py:208} INFO - Processing /opt/airflow/dags/urban_data_streaming_dag.py took 0.113 seconds
[2026-06-29T09:39:18.880+0000] {processor.py:186} INFO - Started process (PID=2101) to work on /opt/airflow/dags/urban_data_streaming_dag.py
[2026-06-29T09:39:18.882+0000] {processor.py:914} INFO - Processing file /opt/airflow/dags/urban_data_streaming_dag.py for tasks to queue
[2026-06-29T09:39:18.887+0000] {logging_mixin.py:190} INFO - [2026-06-29T09:39:18.887+0000] {dagbag.py:588} INFO - Filling up the DagBag from /opt/airflow/dags/urban_data_streaming_dag.py
[2026-06-29T09:39:18.924+0000] {processor.py:925} INFO - DAG(s) 'urban_data_streaming_demo' retrieved from /opt/airflow/dags/urban_data_streaming_dag.py
[2026-06-29T09:39:18.967+0000] {logging_mixin.py:190} INFO - [2026-06-29T09:39:18.967+0000] {dag.py:3239} INFO - Sync 1 DAGs
[2026-06-29T09:39:18.985+0000] {logging_mixin.py:190} INFO - [2026-06-29T09:39:18.985+0000] {dag.py:4180} INFO - Setting next_dagrun for urban_data_streaming_demo to None, run_after=None
[2026-06-29T09:39:19.014+0000] {processor.py:208} INFO - Processing /opt/airflow/dags/urban_data_streaming_dag.py took 0.146 seconds
[2026-06-29T09:39:49.535+0000] {processor.py:186} INFO - Started process (PID=2119) to work on /opt/airflow/dags/urban_data_streaming_dag.py
[2026-06-29T09:39:49.536+0000] {processor.py:914} INFO - Processing file /opt/airflow/dags/urban_data_streaming_dag.py for tasks to queue
[2026-06-29T09:39:49.539+0000] {logging_mixin.py:190} INFO - [2026-06-29T09:39:49.539+0000] {dagbag.py:588} INFO - Filling up the DagBag from /opt/airflow/dags/urban_data_streaming_dag.py
[2026-06-29T09:39:49.562+0000] {processor.py:925} INFO - DAG(s) 'urban_data_streaming_demo' retrieved from /opt/airflow/dags/urban_data_streaming_dag.py
[2026-06-29T09:39:49.593+0000] {logging_mixin.py:190} INFO - [2026-06-29T09:39:49.593+0000] {dag.py:3239} INFO - Sync 1 DAGs
[2026-06-29T09:39:49.611+0000] {logging_mixin.py:190} INFO - [2026-06-29T09:39:49.611+0000] {dag.py:4180} INFO - Setting next_dagrun for urban_data_streaming_demo to None, run_after=None
[2026-06-29T09:39:49.637+0000] {processor.py:208} INFO - Processing /opt/airflow/dags/urban_data_streaming_dag.py took 0.108 seconds
[2026-06-29T09:40:20.171+0000] {processor.py:186} INFO - Started process (PID=2137) to work on /opt/airflow/dags/urban_data_streaming_dag.py
[2026-06-29T09:40:20.174+0000] {processor.py:914} INFO - Processing file /opt/airflow/dags/urban_data_streaming_dag.py for tasks to queue
[2026-06-29T09:40:20.178+0000] {logging_mixin.py:190} INFO - [2026-06-29T09:40:20.178+0000] {dagbag.py:588} INFO - Filling up the DagBag from /opt/airflow/dags/urban_data_streaming_dag.py
[2026-06-29T09:40:20.216+0000] {processor.py:925} INFO - DAG(s) 'urban_data_streaming_demo' retrieved from /opt/airflow/dags/urban_data_streaming_dag.py
[2026-06-29T09:40:20.248+0000] {logging_mixin.py:190} INFO - [2026-06-29T09:40:20.248+0000] {dag.py:3239} INFO - Sync 1 DAGs
[2026-06-29T09:40:20.267+0000] {logging_mixin.py:190} INFO - [2026-06-29T09:40:20.267+0000] {dag.py:4180} INFO - Setting next_dagrun for urban_data_streaming_demo to None, run_after=None
[2026-06-29T09:40:20.296+0000] {processor.py:208} INFO - Processing /opt/airflow/dags/urban_data_streaming_dag.py took 0.139 seconds
[2026-06-29T09:40:50.783+0000] {processor.py:186} INFO - Started process (PID=2155) to work on /opt/airflow/dags/urban_data_streaming_dag.py
[2026-06-29T09:40:50.786+0000] {processor.py:914} INFO - Processing file /opt/airflow/dags/urban_data_streaming_dag.py for tasks to queue
[2026-06-29T09:40:50.792+0000] {logging_mixin.py:190} INFO - [2026-06-29T09:40:50.791+0000] {dagbag.py:588} INFO - Filling up the DagBag from /opt/airflow/dags/urban_data_streaming_dag.py
[2026-06-29T09:40:50.876+0000] {processor.py:925} INFO - DAG(s) 'urban_data_streaming_demo' retrieved from /opt/airflow/dags/urban_data_streaming_dag.py
[2026-06-29T09:40:50.952+0000] {logging_mixin.py:190} INFO - [2026-06-29T09:40:50.952+0000] {dag.py:3239} INFO - Sync 1 DAGs
[2026-06-29T09:40:50.971+0000] {logging_mixin.py:190} INFO - [2026-06-29T09:40:50.971+0000] {dag.py:4180} INFO - Setting next_dagrun for urban_data_streaming_demo to None, run_after=None
[2026-06-29T09:40:50.997+0000] {processor.py:208} INFO - Processing /opt/airflow/dags/urban_data_streaming_dag.py took 0.229 seconds
[2026-06-29T09:41:21.333+0000] {processor.py:186} INFO - Started process (PID=2173) to work on /opt/airflow/dags/urban_data_streaming_dag.py
[2026-06-29T09:41:21.335+0000] {processor.py:914} INFO - Processing file /opt/airflow/dags/urban_data_streaming_dag.py for tasks to queue
[2026-06-29T09:41:21.338+0000] {logging_mixin.py:190} INFO - [2026-06-29T09:41:21.338+0000] {dagbag.py:588} INFO - Filling up the DagBag from /opt/airflow/dags/urban_data_streaming_dag.py
[2026-06-29T09:41:21.379+0000] {processor.py:925} INFO - DAG(s) 'urban_data_streaming_demo' retrieved from /opt/airflow/dags/urban_data_streaming_dag.py
[2026-06-29T09:41:21.430+0000] {logging_mixin.py:190} INFO - [2026-06-29T09:41:21.430+0000] {dag.py:3239} INFO - Sync 1 DAGs
[2026-06-29T09:41:21.450+0000] {logging_mixin.py:190} INFO - [2026-06-29T09:41:21.450+0000] {dag.py:4180} INFO - Setting next_dagrun for urban_data_streaming_demo to None, run_after=None
[2026-06-29T09:41:21.479+0000] {processor.py:208} INFO - Processing /opt/airflow/dags/urban_data_streaming_dag.py took 0.154 seconds
[2026-06-29T09:41:52.265+0000] {processor.py:186} INFO - Started process (PID=2190) to work on /opt/airflow/dags/urban_data_streaming_dag.py
[2026-06-29T09:41:52.268+0000] {processor.py:914} INFO - Processing file /opt/airflow/dags/urban_data_streaming_dag.py for tasks to queue
[2026-06-29T09:41:52.276+0000] {logging_mixin.py:190} INFO - [2026-06-29T09:41:52.275+0000] {dagbag.py:588} INFO - Filling up the DagBag from /opt/airflow/dags/urban_data_streaming_dag.py
[2026-06-29T09:41:52.352+0000] {processor.py:925} INFO - DAG(s) 'urban_data_streaming_demo' retrieved from /opt/airflow/dags/urban_data_streaming_dag.py
[2026-06-29T09:41:52.440+0000] {logging_mixin.py:190} INFO - [2026-06-29T09:41:52.439+0000] {dag.py:3239} INFO - Sync 1 DAGs
[2026-06-29T09:41:52.470+0000] {logging_mixin.py:190} INFO - [2026-06-29T09:41:52.469+0000] {dag.py:4180} INFO - Setting next_dagrun for urban_data_streaming_demo to None, run_after=None
[2026-06-29T09:41:52.504+0000] {processor.py:208} INFO - Processing /opt/airflow/dags/urban_data_streaming_dag.py took 0.253 seconds
[2026-06-29T09:42:23.276+0000] {processor.py:186} INFO - Started process (PID=2201) to work on /opt/airflow/dags/urban_data_streaming_dag.py
[2026-06-29T09:42:23.277+0000] {processor.py:914} INFO - Processing file /opt/airflow/dags/urban_data_streaming_dag.py for tasks to queue
[2026-06-29T09:42:23.280+0000] {logging_mixin.py:190} INFO - [2026-06-29T09:42:23.279+0000] {dagbag.py:588} INFO - Filling up the DagBag from /opt/airflow/dags/urban_data_streaming_dag.py
[2026-06-29T09:42:23.304+0000] {processor.py:925} INFO - DAG(s) 'urban_data_streaming_demo' retrieved from /opt/airflow/dags/urban_data_streaming_dag.py
[2026-06-29T09:42:23.335+0000] {logging_mixin.py:190} INFO - [2026-06-29T09:42:23.335+0000] {dag.py:3239} INFO - Sync 1 DAGs
[2026-06-29T09:42:23.349+0000] {logging_mixin.py:190} INFO - [2026-06-29T09:42:23.349+0000] {dag.py:4180} INFO - Setting next_dagrun for urban_data_streaming_demo to None, run_after=None
[2026-06-29T09:42:23.371+0000] {processor.py:208} INFO - Processing /opt/airflow/dags/urban_data_streaming_dag.py took 0.102 seconds
[2026-06-29T09:42:54.150+0000] {processor.py:186} INFO - Started process (PID=2219) to work on /opt/airflow/dags/urban_data_streaming_dag.py
[2026-06-29T09:42:54.152+0000] {processor.py:914} INFO - Processing file /opt/airflow/dags/urban_data_streaming_dag.py for tasks to queue
[2026-06-29T09:42:54.158+0000] {logging_mixin.py:190} INFO - [2026-06-29T09:42:54.157+0000] {dagbag.py:588} INFO - Filling up the DagBag from /opt/airflow/dags/urban_data_streaming_dag.py
[2026-06-29T09:42:54.190+0000] {processor.py:925} INFO - DAG(s) 'urban_data_streaming_demo' retrieved from /opt/airflow/dags/urban_data_streaming_dag.py
[2026-06-29T09:42:54.224+0000] {logging_mixin.py:190} INFO - [2026-06-29T09:42:54.224+0000] {dag.py:3239} INFO - Sync 1 DAGs
[2026-06-29T09:42:54.242+0000] {logging_mixin.py:190} INFO - [2026-06-29T09:42:54.241+0000] {dag.py:4180} INFO - Setting next_dagrun for urban_data_streaming_demo to None, run_after=None
[2026-06-29T09:42:54.276+0000] {processor.py:208} INFO - Processing /opt/airflow/dags/urban_data_streaming_dag.py took 0.140 seconds
[2026-06-29T09:43:24.615+0000] {processor.py:186} INFO - Started process (PID=2237) to work on /opt/airflow/dags/urban_data_streaming_dag.py
[2026-06-29T09:43:24.618+0000] {processor.py:914} INFO - Processing file /opt/airflow/dags/urban_data_streaming_dag.py for tasks to queue
[2026-06-29T09:43:24.623+0000] {logging_mixin.py:190} INFO - [2026-06-29T09:43:24.622+0000] {dagbag.py:588} INFO - Filling up the DagBag from /opt/airflow/dags/urban_data_streaming_dag.py
[2026-06-29T09:43:24.684+0000] {processor.py:925} INFO - DAG(s) 'urban_data_streaming_demo' retrieved from /opt/airflow/dags/urban_data_streaming_dag.py
[2026-06-29T09:43:24.716+0000] {logging_mixin.py:190} INFO - [2026-06-29T09:43:24.716+0000] {dag.py:3239} INFO - Sync 1 DAGs
[2026-06-29T09:43:24.730+0000] {logging_mixin.py:190} INFO - [2026-06-29T09:43:24.730+0000] {dag.py:4180} INFO - Setting next_dagrun for urban_data_streaming_demo to None, run_after=None
[2026-06-29T09:43:24.752+0000] {processor.py:208} INFO - Processing /opt/airflow/dags/urban_data_streaming_dag.py took 0.159 seconds
[2026-06-29T09:43:55.176+0000] {processor.py:186} INFO - Started process (PID=2250) to work on /opt/airflow/dags/urban_data_streaming_dag.py
[2026-06-29T09:43:55.178+0000] {processor.py:914} INFO - Processing file /opt/airflow/dags/urban_data_streaming_dag.py for tasks to queue
[2026-06-29T09:43:55.181+0000] {logging_mixin.py:190} INFO - [2026-06-29T09:43:55.181+0000] {dagbag.py:588} INFO - Filling up the DagBag from /opt/airflow/dags/urban_data_streaming_dag.py
[2026-06-29T09:43:55.211+0000] {processor.py:925} INFO - DAG(s) 'urban_data_streaming_demo' retrieved from /opt/airflow/dags/urban_data_streaming_dag.py
[2026-06-29T09:43:55.244+0000] {logging_mixin.py:190} INFO - [2026-06-29T09:43:55.244+0000] {dag.py:3239} INFO - Sync 1 DAGs
[2026-06-29T09:43:55.259+0000] {logging_mixin.py:190} INFO - [2026-06-29T09:43:55.259+0000] {dag.py:4180} INFO - Setting next_dagrun for urban_data_streaming_demo to None, run_after=None
[2026-06-29T09:43:55.281+0000] {processor.py:208} INFO - Processing /opt/airflow/dags/urban_data_streaming_dag.py took 0.111 seconds
[2026-06-29T09:44:25.947+0000] {processor.py:186} INFO - Started process (PID=2268) to work on /opt/airflow/dags/urban_data_streaming_dag.py
[2026-06-29T09:44:25.951+0000] {processor.py:914} INFO - Processing file /opt/airflow/dags/urban_data_streaming_dag.py for tasks to queue
[2026-06-29T09:44:25.956+0000] {logging_mixin.py:190} INFO - [2026-06-29T09:44:25.955+0000] {dagbag.py:588} INFO - Filling up the DagBag from /opt/airflow/dags/urban_data_streaming_dag.py
[2026-06-29T09:44:25.986+0000] {processor.py:925} INFO - DAG(s) 'urban_data_streaming_demo' retrieved from /opt/airflow/dags/urban_data_streaming_dag.py
[2026-06-29T09:44:26.020+0000] {logging_mixin.py:190} INFO - [2026-06-29T09:44:26.020+0000] {dag.py:3239} INFO - Sync 1 DAGs
[2026-06-29T09:44:26.035+0000] {logging_mixin.py:190} INFO - [2026-06-29T09:44:26.035+0000] {dag.py:4180} INFO - Setting next_dagrun for urban_data_streaming_demo to None, run_after=None
[2026-06-29T09:44:26.058+0000] {processor.py:208} INFO - Processing /opt/airflow/dags/urban_data_streaming_dag.py took 0.120 seconds
[2026-06-29T09:44:56.762+0000] {processor.py:186} INFO - Started process (PID=2286) to work on /opt/airflow/dags/urban_data_streaming_dag.py
[2026-06-29T09:44:56.766+0000] {processor.py:914} INFO - Processing file /opt/airflow/dags/urban_data_streaming_dag.py for tasks to queue
[2026-06-29T09:44:56.780+0000] {logging_mixin.py:190} INFO - [2026-06-29T09:44:56.778+0000] {dagbag.py:588} INFO - Filling up the DagBag from /opt/airflow/dags/urban_data_streaming_dag.py
[2026-06-29T09:44:56.827+0000] {processor.py:925} INFO - DAG(s) 'urban_data_streaming_demo' retrieved from /opt/airflow/dags/urban_data_streaming_dag.py
[2026-06-29T09:44:56.864+0000] {logging_mixin.py:190} INFO - [2026-06-29T09:44:56.864+0000] {dag.py:3239} INFO - Sync 1 DAGs
[2026-06-29T09:44:56.887+0000] {logging_mixin.py:190} INFO - [2026-06-29T09:44:56.886+0000] {dag.py:4180} INFO - Setting next_dagrun for urban_data_streaming_demo to None, run_after=None
[2026-06-29T09:44:56.912+0000] {processor.py:208} INFO - Processing /opt/airflow/dags/urban_data_streaming_dag.py took 0.172 seconds
[2026-06-29T09:45:27.752+0000] {processor.py:186} INFO - Started process (PID=2304) to work on /opt/airflow/dags/urban_data_streaming_dag.py
[2026-06-29T09:45:27.754+0000] {processor.py:914} INFO - Processing file /opt/airflow/dags/urban_data_streaming_dag.py for tasks to queue
[2026-06-29T09:45:27.758+0000] {logging_mixin.py:190} INFO - [2026-06-29T09:45:27.758+0000] {dagbag.py:588} INFO - Filling up the DagBag from /opt/airflow/dags/urban_data_streaming_dag.py
[2026-06-29T09:45:27.825+0000] {processor.py:925} INFO - DAG(s) 'urban_data_streaming_demo' retrieved from /opt/airflow/dags/urban_data_streaming_dag.py
[2026-06-29T09:45:27.868+0000] {logging_mixin.py:190} INFO - [2026-06-29T09:45:27.868+0000] {dag.py:3239} INFO - Sync 1 DAGs
[2026-06-29T09:45:27.888+0000] {logging_mixin.py:190} INFO - [2026-06-29T09:45:27.888+0000] {dag.py:4180} INFO - Setting next_dagrun for urban_data_streaming_demo to None, run_after=None
[2026-06-29T09:45:27.917+0000] {processor.py:208} INFO - Processing /opt/airflow/dags/urban_data_streaming_dag.py took 0.176 seconds
[2026-06-29T09:45:58.926+0000] {processor.py:186} INFO - Started process (PID=2323) to work on /opt/airflow/dags/urban_data_streaming_dag.py
[2026-06-29T09:45:58.928+0000] {processor.py:914} INFO - Processing file /opt/airflow/dags/urban_data_streaming_dag.py for tasks to queue
[2026-06-29T09:45:58.931+0000] {logging_mixin.py:190} INFO - [2026-06-29T09:45:58.931+0000] {dagbag.py:588} INFO - Filling up the DagBag from /opt/airflow/dags/urban_data_streaming_dag.py
[2026-06-29T09:45:58.956+0000] {processor.py:925} INFO - DAG(s) 'urban_data_streaming_demo' retrieved from /opt/airflow/dags/urban_data_streaming_dag.py
[2026-06-29T09:45:58.995+0000] {logging_mixin.py:190} INFO - [2026-06-29T09:45:58.994+0000] {dag.py:3239} INFO - Sync 1 DAGs
[2026-06-29T09:45:59.007+0000] {logging_mixin.py:190} INFO - [2026-06-29T09:45:59.007+0000] {dag.py:4180} INFO - Setting next_dagrun for urban_data_streaming_demo to None, run_after=None
[2026-06-29T09:45:59.026+0000] {processor.py:208} INFO - Processing /opt/airflow/dags/urban_data_streaming_dag.py took 0.115 seconds
[2026-06-29T09:46:29.831+0000] {processor.py:186} INFO - Started process (PID=2341) to work on /opt/airflow/dags/urban_data_streaming_dag.py
[2026-06-29T09:46:29.835+0000] {processor.py:914} INFO - Processing file /opt/airflow/dags/urban_data_streaming_dag.py for tasks to queue
[2026-06-29T09:46:29.841+0000] {logging_mixin.py:190} INFO - [2026-06-29T09:46:29.840+0000] {dagbag.py:588} INFO - Filling up the DagBag from /opt/airflow/dags/urban_data_streaming_dag.py
[2026-06-29T09:46:29.894+0000] {processor.py:925} INFO - DAG(s) 'urban_data_streaming_demo' retrieved from /opt/airflow/dags/urban_data_streaming_dag.py
[2026-06-29T09:46:29.936+0000] {logging_mixin.py:190} INFO - [2026-06-29T09:46:29.935+0000] {dag.py:3239} INFO - Sync 1 DAGs
[2026-06-29T09:46:29.951+0000] {logging_mixin.py:190} INFO - [2026-06-29T09:46:29.951+0000] {dag.py:4180} INFO - Setting next_dagrun for urban_data_streaming_demo to None, run_after=None
[2026-06-29T09:46:29.974+0000] {processor.py:208} INFO - Processing /opt/airflow/dags/urban_data_streaming_dag.py took 0.161 seconds
[2026-06-29T09:47:00.875+0000] {processor.py:186} INFO - Started process (PID=2359) to work on /opt/airflow/dags/urban_data_streaming_dag.py
[2026-06-29T09:47:00.878+0000] {processor.py:914} INFO - Processing file /opt/airflow/dags/urban_data_streaming_dag.py for tasks to queue
[2026-06-29T09:47:00.889+0000] {logging_mixin.py:190} INFO - [2026-06-29T09:47:00.887+0000] {dagbag.py:588} INFO - Filling up the DagBag from /opt/airflow/dags/urban_data_streaming_dag.py
[2026-06-29T09:47:00.975+0000] {processor.py:925} INFO - DAG(s) 'urban_data_streaming_demo' retrieved from /opt/airflow/dags/urban_data_streaming_dag.py
[2026-06-29T09:47:01.010+0000] {logging_mixin.py:190} INFO - [2026-06-29T09:47:01.010+0000] {dag.py:3239} INFO - Sync 1 DAGs
[2026-06-29T09:47:01.024+0000] {logging_mixin.py:190} INFO - [2026-06-29T09:47:01.024+0000] {dag.py:4180} INFO - Setting next_dagrun for urban_data_streaming_demo to None, run_after=None
[2026-06-29T09:47:01.045+0000] {processor.py:208} INFO - Processing /opt/airflow/dags/urban_data_streaming_dag.py took 0.189 seconds
[2026-06-29T09:47:32.031+0000] {processor.py:186} INFO - Started process (PID=2376) to work on /opt/airflow/dags/urban_data_streaming_dag.py
[2026-06-29T09:47:32.033+0000] {processor.py:914} INFO - Processing file /opt/airflow/dags/urban_data_streaming_dag.py for tasks to queue
[2026-06-29T09:47:32.036+0000] {logging_mixin.py:190} INFO - [2026-06-29T09:47:32.036+0000] {dagbag.py:588} INFO - Filling up the DagBag from /opt/airflow/dags/urban_data_streaming_dag.py
[2026-06-29T09:47:32.097+0000] {processor.py:925} INFO - DAG(s) 'urban_data_streaming_demo' retrieved from /opt/airflow/dags/urban_data_streaming_dag.py
[2026-06-29T09:47:32.125+0000] {logging_mixin.py:190} INFO - [2026-06-29T09:47:32.125+0000] {dag.py:3239} INFO - Sync 1 DAGs
[2026-06-29T09:47:32.139+0000] {logging_mixin.py:190} INFO - [2026-06-29T09:47:32.139+0000] {dag.py:4180} INFO - Setting next_dagrun for urban_data_streaming_demo to None, run_after=None
[2026-06-29T09:47:32.164+0000] {processor.py:208} INFO - Processing /opt/airflow/dags/urban_data_streaming_dag.py took 0.138 seconds
[2026-06-29T09:48:02.488+0000] {processor.py:186} INFO - Started process (PID=2387) to work on /opt/airflow/dags/urban_data_streaming_dag.py
[2026-06-29T09:48:02.491+0000] {processor.py:914} INFO - Processing file /opt/airflow/dags/urban_data_streaming_dag.py for tasks to queue
[2026-06-29T09:48:02.497+0000] {logging_mixin.py:190} INFO - [2026-06-29T09:48:02.496+0000] {dagbag.py:588} INFO - Filling up the DagBag from /opt/airflow/dags/urban_data_streaming_dag.py
[2026-06-29T09:48:02.600+0000] {processor.py:925} INFO - DAG(s) 'urban_data_streaming_demo' retrieved from /opt/airflow/dags/urban_data_streaming_dag.py
[2026-06-29T09:48:02.635+0000] {logging_mixin.py:190} INFO - [2026-06-29T09:48:02.635+0000] {dag.py:3239} INFO - Sync 1 DAGs
[2026-06-29T09:48:02.649+0000] {logging_mixin.py:190} INFO - [2026-06-29T09:48:02.649+0000] {dag.py:4180} INFO - Setting next_dagrun for urban_data_streaming_demo to None, run_after=None
[2026-06-29T09:48:02.674+0000] {processor.py:208} INFO - Processing /opt/airflow/dags/urban_data_streaming_dag.py took 0.218 seconds
[2026-06-29T09:48:33.056+0000] {processor.py:186} INFO - Started process (PID=2405) to work on /opt/airflow/dags/urban_data_streaming_dag.py
[2026-06-29T09:48:33.057+0000] {processor.py:914} INFO - Processing file /opt/airflow/dags/urban_data_streaming_dag.py for tasks to queue
[2026-06-29T09:48:33.060+0000] {logging_mixin.py:190} INFO - [2026-06-29T09:48:33.060+0000] {dagbag.py:588} INFO - Filling up the DagBag from /opt/airflow/dags/urban_data_streaming_dag.py
[2026-06-29T09:48:33.090+0000] {processor.py:925} INFO - DAG(s) 'urban_data_streaming_demo' retrieved from /opt/airflow/dags/urban_data_streaming_dag.py
[2026-06-29T09:48:33.121+0000] {logging_mixin.py:190} INFO - [2026-06-29T09:48:33.121+0000] {dag.py:3239} INFO - Sync 1 DAGs
[2026-06-29T09:48:33.137+0000] {logging_mixin.py:190} INFO - [2026-06-29T09:48:33.136+0000] {dag.py:4180} INFO - Setting next_dagrun for urban_data_streaming_demo to None, run_after=None
[2026-06-29T09:48:33.160+0000] {processor.py:208} INFO - Processing /opt/airflow/dags/urban_data_streaming_dag.py took 0.110 seconds
[2026-06-29T09:49:03.568+0000] {processor.py:186} INFO - Started process (PID=2423) to work on /opt/airflow/dags/urban_data_streaming_dag.py
[2026-06-29T09:49:03.571+0000] {processor.py:914} INFO - Processing file /opt/airflow/dags/urban_data_streaming_dag.py for tasks to queue
[2026-06-29T09:49:03.577+0000] {logging_mixin.py:190} INFO - [2026-06-29T09:49:03.576+0000] {dagbag.py:588} INFO - Filling up the DagBag from /opt/airflow/dags/urban_data_streaming_dag.py
[2026-06-29T09:49:03.687+0000] {processor.py:925} INFO - DAG(s) 'urban_data_streaming_demo' retrieved from /opt/airflow/dags/urban_data_streaming_dag.py
[2026-06-29T09:49:03.723+0000] {logging_mixin.py:190} INFO - [2026-06-29T09:49:03.723+0000] {dag.py:3239} INFO - Sync 1 DAGs
[2026-06-29T09:49:03.737+0000] {logging_mixin.py:190} INFO - [2026-06-29T09:49:03.737+0000] {dag.py:4180} INFO - Setting next_dagrun for urban_data_streaming_demo to None, run_after=None
[2026-06-29T09:49:03.763+0000] {processor.py:208} INFO - Processing /opt/airflow/dags/urban_data_streaming_dag.py took 0.216 seconds
[2026-06-29T09:49:34.219+0000] {processor.py:186} INFO - Started process (PID=2441) to work on /opt/airflow/dags/urban_data_streaming_dag.py
[2026-06-29T09:49:34.222+0000] {processor.py:914} INFO - Processing file /opt/airflow/dags/urban_data_streaming_dag.py for tasks to queue
[2026-06-29T09:49:34.227+0000] {logging_mixin.py:190} INFO - [2026-06-29T09:49:34.226+0000] {dagbag.py:588} INFO - Filling up the DagBag from /opt/airflow/dags/urban_data_streaming_dag.py
[2026-06-29T09:49:34.334+0000] {processor.py:925} INFO - DAG(s) 'urban_data_streaming_demo' retrieved from /opt/airflow/dags/urban_data_streaming_dag.py
[2026-06-29T09:49:34.382+0000] {logging_mixin.py:190} INFO - [2026-06-29T09:49:34.382+0000] {dag.py:3239} INFO - Sync 1 DAGs
[2026-06-29T09:49:34.410+0000] {logging_mixin.py:190} INFO - [2026-06-29T09:49:34.410+0000] {dag.py:4180} INFO - Setting next_dagrun for urban_data_streaming_demo to None, run_after=None
[2026-06-29T09:49:34.453+0000] {processor.py:208} INFO - Processing /opt/airflow/dags/urban_data_streaming_dag.py took 0.249 seconds
[2026-06-29T09:50:04.793+0000] {processor.py:186} INFO - Started process (PID=2459) to work on /opt/airflow/dags/urban_data_streaming_dag.py
[2026-06-29T09:50:04.795+0000] {processor.py:914} INFO - Processing file /opt/airflow/dags/urban_data_streaming_dag.py for tasks to queue
[2026-06-29T09:50:04.800+0000] {logging_mixin.py:190} INFO - [2026-06-29T09:50:04.800+0000] {dagbag.py:588} INFO - Filling up the DagBag from /opt/airflow/dags/urban_data_streaming_dag.py
[2026-06-29T09:50:04.899+0000] {processor.py:925} INFO - DAG(s) 'urban_data_streaming_demo' retrieved from /opt/airflow/dags/urban_data_streaming_dag.py
[2026-06-29T09:50:04.933+0000] {logging_mixin.py:190} INFO - [2026-06-29T09:50:04.933+0000] {dag.py:3239} INFO - Sync 1 DAGs
[2026-06-29T09:50:04.953+0000] {logging_mixin.py:190} INFO - [2026-06-29T09:50:04.952+0000] {dag.py:4180} INFO - Setting next_dagrun for urban_data_streaming_demo to None, run_after=None
[2026-06-29T09:50:04.992+0000] {processor.py:208} INFO - Processing /opt/airflow/dags/urban_data_streaming_dag.py took 0.224 seconds
[2026-06-29T09:50:35.195+0000] {processor.py:186} INFO - Started process (PID=2477) to work on /opt/airflow/dags/urban_data_streaming_dag.py
[2026-06-29T09:50:35.198+0000] {processor.py:914} INFO - Processing file /opt/airflow/dags/urban_data_streaming_dag.py for tasks to queue
[2026-06-29T09:50:35.205+0000] {logging_mixin.py:190} INFO - [2026-06-29T09:50:35.205+0000] {dagbag.py:588} INFO - Filling up the DagBag from /opt/airflow/dags/urban_data_streaming_dag.py
[2026-06-29T09:50:35.313+0000] {processor.py:925} INFO - DAG(s) 'urban_data_streaming_demo' retrieved from /opt/airflow/dags/urban_data_streaming_dag.py
[2026-06-29T09:50:35.354+0000] {logging_mixin.py:190} INFO - [2026-06-29T09:50:35.354+0000] {dag.py:3239} INFO - Sync 1 DAGs
[2026-06-29T09:50:35.371+0000] {logging_mixin.py:190} INFO - [2026-06-29T09:50:35.371+0000] {dag.py:4180} INFO - Setting next_dagrun for urban_data_streaming_demo to None, run_after=None
[2026-06-29T09:50:35.400+0000] {processor.py:208} INFO - Processing /opt/airflow/dags/urban_data_streaming_dag.py took 0.230 seconds
[2026-06-29T09:51:06.076+0000] {processor.py:186} INFO - Started process (PID=2495) to work on /opt/airflow/dags/urban_data_streaming_dag.py
[2026-06-29T09:51:06.078+0000] {processor.py:914} INFO - Processing file /opt/airflow/dags/urban_data_streaming_dag.py for tasks to queue
[2026-06-29T09:51:06.085+0000] {logging_mixin.py:190} INFO - [2026-06-29T09:51:06.084+0000] {dagbag.py:588} INFO - Filling up the DagBag from /opt/airflow/dags/urban_data_streaming_dag.py
[2026-06-29T09:51:06.143+0000] {processor.py:925} INFO - DAG(s) 'urban_data_streaming_demo' retrieved from /opt/airflow/dags/urban_data_streaming_dag.py
[2026-06-29T09:51:06.178+0000] {logging_mixin.py:190} INFO - [2026-06-29T09:51:06.178+0000] {dag.py:3239} INFO - Sync 1 DAGs
[2026-06-29T09:51:06.193+0000] {logging_mixin.py:190} INFO - [2026-06-29T09:51:06.193+0000] {dag.py:4180} INFO - Setting next_dagrun for urban_data_streaming_demo to None, run_after=None
[2026-06-29T09:51:06.222+0000] {processor.py:208} INFO - Processing /opt/airflow/dags/urban_data_streaming_dag.py took 0.163 seconds
[2026-06-29T09:51:36.544+0000] {processor.py:186} INFO - Started process (PID=2513) to work on /opt/airflow/dags/urban_data_streaming_dag.py
[2026-06-29T09:51:36.546+0000] {processor.py:914} INFO - Processing file /opt/airflow/dags/urban_data_streaming_dag.py for tasks to queue
[2026-06-29T09:51:36.551+0000] {logging_mixin.py:190} INFO - [2026-06-29T09:51:36.550+0000] {dagbag.py:588} INFO - Filling up the DagBag from /opt/airflow/dags/urban_data_streaming_dag.py
[2026-06-29T09:51:36.606+0000] {processor.py:925} INFO - DAG(s) 'urban_data_streaming_demo' retrieved from /opt/airflow/dags/urban_data_streaming_dag.py
[2026-06-29T09:51:36.646+0000] {logging_mixin.py:190} INFO - [2026-06-29T09:51:36.646+0000] {dag.py:3239} INFO - Sync 1 DAGs
[2026-06-29T09:51:36.660+0000] {logging_mixin.py:190} INFO - [2026-06-29T09:51:36.660+0000] {dag.py:4180} INFO - Setting next_dagrun for urban_data_streaming_demo to None, run_after=None
[2026-06-29T09:51:36.692+0000] {processor.py:208} INFO - Processing /opt/airflow/dags/urban_data_streaming_dag.py took 0.171 seconds
[2026-06-29T09:52:07.417+0000] {processor.py:186} INFO - Started process (PID=2531) to work on /opt/airflow/dags/urban_data_streaming_dag.py
[2026-06-29T09:52:07.419+0000] {processor.py:914} INFO - Processing file /opt/airflow/dags/urban_data_streaming_dag.py for tasks to queue
[2026-06-29T09:52:07.423+0000] {logging_mixin.py:190} INFO - [2026-06-29T09:52:07.423+0000] {dagbag.py:588} INFO - Filling up the DagBag from /opt/airflow/dags/urban_data_streaming_dag.py
[2026-06-29T09:52:07.462+0000] {processor.py:925} INFO - DAG(s) 'urban_data_streaming_demo' retrieved from /opt/airflow/dags/urban_data_streaming_dag.py
[2026-06-29T09:52:07.493+0000] {logging_mixin.py:190} INFO - [2026-06-29T09:52:07.493+0000] {dag.py:3239} INFO - Sync 1 DAGs
[2026-06-29T09:52:07.507+0000] {logging_mixin.py:190} INFO - [2026-06-29T09:52:07.507+0000] {dag.py:4180} INFO - Setting next_dagrun for urban_data_streaming_demo to None, run_after=None
[2026-06-29T09:52:07.531+0000] {processor.py:208} INFO - Processing /opt/airflow/dags/urban_data_streaming_dag.py took 0.133 seconds
[2026-06-29T09:52:37.947+0000] {processor.py:186} INFO - Started process (PID=2548) to work on /opt/airflow/dags/urban_data_streaming_dag.py
[2026-06-29T09:52:37.950+0000] {processor.py:914} INFO - Processing file /opt/airflow/dags/urban_data_streaming_dag.py for tasks to queue
[2026-06-29T09:52:37.954+0000] {logging_mixin.py:190} INFO - [2026-06-29T09:52:37.954+0000] {dagbag.py:588} INFO - Filling up the DagBag from /opt/airflow/dags/urban_data_streaming_dag.py
[2026-06-29T09:52:38.039+0000] {processor.py:925} INFO - DAG(s) 'urban_data_streaming_demo' retrieved from /opt/airflow/dags/urban_data_streaming_dag.py
[2026-06-29T09:52:38.086+0000] {logging_mixin.py:190} INFO - [2026-06-29T09:52:38.086+0000] {dag.py:3239} INFO - Sync 1 DAGs
[2026-06-29T09:52:38.103+0000] {logging_mixin.py:190} INFO - [2026-06-29T09:52:38.103+0000] {dag.py:4180} INFO - Setting next_dagrun for urban_data_streaming_demo to None, run_after=None
[2026-06-29T09:52:38.134+0000] {processor.py:208} INFO - Processing /opt/airflow/dags/urban_data_streaming_dag.py took 0.200 seconds
[2026-06-29T09:53:08.443+0000] {processor.py:186} INFO - Started process (PID=2559) to work on /opt/airflow/dags/urban_data_streaming_dag.py
[2026-06-29T09:53:08.446+0000] {processor.py:914} INFO - Processing file /opt/airflow/dags/urban_data_streaming_dag.py for tasks to queue
[2026-06-29T09:53:08.452+0000] {logging_mixin.py:190} INFO - [2026-06-29T09:53:08.452+0000] {dagbag.py:588} INFO - Filling up the DagBag from /opt/airflow/dags/urban_data_streaming_dag.py
[2026-06-29T09:53:08.522+0000] {processor.py:925} INFO - DAG(s) 'urban_data_streaming_demo' retrieved from /opt/airflow/dags/urban_data_streaming_dag.py
[2026-06-29T09:53:08.561+0000] {logging_mixin.py:190} INFO - [2026-06-29T09:53:08.560+0000] {dag.py:3239} INFO - Sync 1 DAGs
[2026-06-29T09:53:08.579+0000] {logging_mixin.py:190} INFO - [2026-06-29T09:53:08.579+0000] {dag.py:4180} INFO - Setting next_dagrun for urban_data_streaming_demo to None, run_after=None
[2026-06-29T09:53:08.603+0000] {processor.py:208} INFO - Processing /opt/airflow/dags/urban_data_streaming_dag.py took 0.184 seconds
[2026-06-29T09:53:38.762+0000] {processor.py:186} INFO - Started process (PID=2577) to work on /opt/airflow/dags/urban_data_streaming_dag.py
[2026-06-29T09:53:38.763+0000] {processor.py:914} INFO - Processing file /opt/airflow/dags/urban_data_streaming_dag.py for tasks to queue
[2026-06-29T09:53:38.766+0000] {logging_mixin.py:190} INFO - [2026-06-29T09:53:38.765+0000] {dagbag.py:588} INFO - Filling up the DagBag from /opt/airflow/dags/urban_data_streaming_dag.py
[2026-06-29T09:53:38.793+0000] {processor.py:925} INFO - DAG(s) 'urban_data_streaming_demo' retrieved from /opt/airflow/dags/urban_data_streaming_dag.py
[2026-06-29T09:53:38.824+0000] {logging_mixin.py:190} INFO - [2026-06-29T09:53:38.823+0000] {dag.py:3239} INFO - Sync 1 DAGs
[2026-06-29T09:53:38.838+0000] {logging_mixin.py:190} INFO - [2026-06-29T09:53:38.838+0000] {dag.py:4180} INFO - Setting next_dagrun for urban_data_streaming_demo to None, run_after=None
[2026-06-29T09:53:38.859+0000] {processor.py:208} INFO - Processing /opt/airflow/dags/urban_data_streaming_dag.py took 0.103 seconds
[2026-06-29T09:54:09.637+0000] {processor.py:186} INFO - Started process (PID=2595) to work on /opt/airflow/dags/urban_data_streaming_dag.py
[2026-06-29T09:54:09.639+0000] {processor.py:914} INFO - Processing file /opt/airflow/dags/urban_data_streaming_dag.py for tasks to queue
[2026-06-29T09:54:09.644+0000] {logging_mixin.py:190} INFO - [2026-06-29T09:54:09.643+0000] {dagbag.py:588} INFO - Filling up the DagBag from /opt/airflow/dags/urban_data_streaming_dag.py
[2026-06-29T09:54:09.713+0000] {processor.py:925} INFO - DAG(s) 'urban_data_streaming_demo' retrieved from /opt/airflow/dags/urban_data_streaming_dag.py
[2026-06-29T09:54:09.753+0000] {logging_mixin.py:190} INFO - [2026-06-29T09:54:09.753+0000] {dag.py:3239} INFO - Sync 1 DAGs
[2026-06-29T09:54:09.772+0000] {logging_mixin.py:190} INFO - [2026-06-29T09:54:09.771+0000] {dag.py:4180} INFO - Setting next_dagrun for urban_data_streaming_demo to None, run_after=None
[2026-06-29T09:54:09.794+0000] {processor.py:208} INFO - Processing /opt/airflow/dags/urban_data_streaming_dag.py took 0.170 seconds
[2026-06-29T09:54:40.255+0000] {processor.py:186} INFO - Started process (PID=2613) to work on /opt/airflow/dags/urban_data_streaming_dag.py
[2026-06-29T09:54:40.256+0000] {processor.py:914} INFO - Processing file /opt/airflow/dags/urban_data_streaming_dag.py for tasks to queue
[2026-06-29T09:54:40.259+0000] {logging_mixin.py:190} INFO - [2026-06-29T09:54:40.259+0000] {dagbag.py:588} INFO - Filling up the DagBag from /opt/airflow/dags/urban_data_streaming_dag.py
[2026-06-29T09:54:40.301+0000] {processor.py:925} INFO - DAG(s) 'urban_data_streaming_demo' retrieved from /opt/airflow/dags/urban_data_streaming_dag.py
[2026-06-29T09:54:40.332+0000] {logging_mixin.py:190} INFO - [2026-06-29T09:54:40.332+0000] {dag.py:3239} INFO - Sync 1 DAGs
[2026-06-29T09:54:40.347+0000] {logging_mixin.py:190} INFO - [2026-06-29T09:54:40.347+0000] {dag.py:4180} INFO - Setting next_dagrun for urban_data_streaming_demo to None, run_after=None
[2026-06-29T09:54:40.369+0000] {processor.py:208} INFO - Processing /opt/airflow/dags/urban_data_streaming_dag.py took 0.120 seconds
[2026-06-29T09:55:10.714+0000] {processor.py:186} INFO - Started process (PID=2631) to work on /opt/airflow/dags/urban_data_streaming_dag.py
[2026-06-29T09:55:10.715+0000] {processor.py:914} INFO - Processing file /opt/airflow/dags/urban_data_streaming_dag.py for tasks to queue
[2026-06-29T09:55:10.719+0000] {logging_mixin.py:190} INFO - [2026-06-29T09:55:10.719+0000] {dagbag.py:588} INFO - Filling up the DagBag from /opt/airflow/dags/urban_data_streaming_dag.py
[2026-06-29T09:55:10.747+0000] {processor.py:925} INFO - DAG(s) 'urban_data_streaming_demo' retrieved from /opt/airflow/dags/urban_data_streaming_dag.py
[2026-06-29T09:55:10.783+0000] {logging_mixin.py:190} INFO - [2026-06-29T09:55:10.783+0000] {dag.py:3239} INFO - Sync 1 DAGs
[2026-06-29T09:55:10.799+0000] {logging_mixin.py:190} INFO - [2026-06-29T09:55:10.798+0000] {dag.py:4180} INFO - Setting next_dagrun for urban_data_streaming_demo to None, run_after=None
[2026-06-29T09:55:10.821+0000] {processor.py:208} INFO - Processing /opt/airflow/dags/urban_data_streaming_dag.py took 0.115 seconds
[2026-06-29T09:55:41.197+0000] {processor.py:186} INFO - Started process (PID=2649) to work on /opt/airflow/dags/urban_data_streaming_dag.py
[2026-06-29T09:55:41.199+0000] {processor.py:914} INFO - Processing file /opt/airflow/dags/urban_data_streaming_dag.py for tasks to queue
[2026-06-29T09:55:41.202+0000] {logging_mixin.py:190} INFO - [2026-06-29T09:55:41.201+0000] {dagbag.py:588} INFO - Filling up the DagBag from /opt/airflow/dags/urban_data_streaming_dag.py
[2026-06-29T09:55:41.229+0000] {processor.py:925} INFO - DAG(s) 'urban_data_streaming_demo' retrieved from /opt/airflow/dags/urban_data_streaming_dag.py
[2026-06-29T09:55:41.263+0000] {logging_mixin.py:190} INFO - [2026-06-29T09:55:41.262+0000] {dag.py:3239} INFO - Sync 1 DAGs
[2026-06-29T09:55:41.279+0000] {logging_mixin.py:190} INFO - [2026-06-29T09:55:41.279+0000] {dag.py:4180} INFO - Setting next_dagrun for urban_data_streaming_demo to None, run_after=None
[2026-06-29T09:55:41.303+0000] {processor.py:208} INFO - Processing /opt/airflow/dags/urban_data_streaming_dag.py took 0.113 seconds
[2026-06-29T09:56:11.672+0000] {processor.py:186} INFO - Started process (PID=2667) to work on /opt/airflow/dags/urban_data_streaming_dag.py
[2026-06-29T09:56:11.673+0000] {processor.py:914} INFO - Processing file /opt/airflow/dags/urban_data_streaming_dag.py for tasks to queue
[2026-06-29T09:56:11.676+0000] {logging_mixin.py:190} INFO - [2026-06-29T09:56:11.676+0000] {dagbag.py:588} INFO - Filling up the DagBag from /opt/airflow/dags/urban_data_streaming_dag.py
[2026-06-29T09:56:11.713+0000] {processor.py:925} INFO - DAG(s) 'urban_data_streaming_demo' retrieved from /opt/airflow/dags/urban_data_streaming_dag.py
[2026-06-29T09:56:11.742+0000] {logging_mixin.py:190} INFO - [2026-06-29T09:56:11.742+0000] {dag.py:3239} INFO - Sync 1 DAGs
[2026-06-29T09:56:11.756+0000] {logging_mixin.py:190} INFO - [2026-06-29T09:56:11.756+0000] {dag.py:4180} INFO - Setting next_dagrun for urban_data_streaming_demo to None, run_after=None
[2026-06-29T09:56:11.776+0000] {processor.py:208} INFO - Processing /opt/airflow/dags/urban_data_streaming_dag.py took 0.110 seconds
[2026-06-29T09:56:42.162+0000] {processor.py:186} INFO - Started process (PID=2685) to work on /opt/airflow/dags/urban_data_streaming_dag.py
[2026-06-29T09:56:42.164+0000] {processor.py:914} INFO - Processing file /opt/airflow/dags/urban_data_streaming_dag.py for tasks to queue
[2026-06-29T09:56:42.167+0000] {logging_mixin.py:190} INFO - [2026-06-29T09:56:42.167+0000] {dagbag.py:588} INFO - Filling up the DagBag from /opt/airflow/dags/urban_data_streaming_dag.py
[2026-06-29T09:56:42.200+0000] {processor.py:925} INFO - DAG(s) 'urban_data_streaming_demo' retrieved from /opt/airflow/dags/urban_data_streaming_dag.py
[2026-06-29T09:56:42.233+0000] {logging_mixin.py:190} INFO - [2026-06-29T09:56:42.233+0000] {dag.py:3239} INFO - Sync 1 DAGs
[2026-06-29T09:56:42.253+0000] {logging_mixin.py:190} INFO - [2026-06-29T09:56:42.253+0000] {dag.py:4180} INFO - Setting next_dagrun for urban_data_streaming_demo to None, run_after=None
[2026-06-29T09:56:42.274+0000] {processor.py:208} INFO - Processing /opt/airflow/dags/urban_data_streaming_dag.py took 0.121 seconds
[2026-06-29T09:57:12.752+0000] {processor.py:186} INFO - Started process (PID=2703) to work on /opt/airflow/dags/urban_data_streaming_dag.py
[2026-06-29T09:57:12.757+0000] {processor.py:914} INFO - Processing file /opt/airflow/dags/urban_data_streaming_dag.py for tasks to queue
[2026-06-29T09:57:12.760+0000] {logging_mixin.py:190} INFO - [2026-06-29T09:57:12.760+0000] {dagbag.py:588} INFO - Filling up the DagBag from /opt/airflow/dags/urban_data_streaming_dag.py
[2026-06-29T09:57:12.818+0000] {processor.py:925} INFO - DAG(s) 'urban_data_streaming_demo' retrieved from /opt/airflow/dags/urban_data_streaming_dag.py
[2026-06-29T09:57:12.849+0000] {logging_mixin.py:190} INFO - [2026-06-29T09:57:12.849+0000] {dag.py:3239} INFO - Sync 1 DAGs
[2026-06-29T09:57:12.863+0000] {logging_mixin.py:190} INFO - [2026-06-29T09:57:12.863+0000] {dag.py:4180} INFO - Setting next_dagrun for urban_data_streaming_demo to None, run_after=None
[2026-06-29T09:57:12.893+0000] {processor.py:208} INFO - Processing /opt/airflow/dags/urban_data_streaming_dag.py took 0.146 seconds
[2026-06-29T09:57:43.335+0000] {processor.py:186} INFO - Started process (PID=2721) to work on /opt/airflow/dags/urban_data_streaming_dag.py
[2026-06-29T09:57:43.337+0000] {processor.py:914} INFO - Processing file /opt/airflow/dags/urban_data_streaming_dag.py for tasks to queue
[2026-06-29T09:57:43.340+0000] {logging_mixin.py:190} INFO - [2026-06-29T09:57:43.340+0000] {dagbag.py:588} INFO - Filling up the DagBag from /opt/airflow/dags/urban_data_streaming_dag.py
[2026-06-29T09:57:43.422+0000] {processor.py:925} INFO - DAG(s) 'urban_data_streaming_demo' retrieved from /opt/airflow/dags/urban_data_streaming_dag.py
[2026-06-29T09:57:43.466+0000] {logging_mixin.py:190} INFO - [2026-06-29T09:57:43.466+0000] {dag.py:3239} INFO - Sync 1 DAGs
[2026-06-29T09:57:43.487+0000] {logging_mixin.py:190} INFO - [2026-06-29T09:57:43.486+0000] {dag.py:4180} INFO - Setting next_dagrun for urban_data_streaming_demo to None, run_after=None
[2026-06-29T09:57:43.518+0000] {processor.py:208} INFO - Processing /opt/airflow/dags/urban_data_streaming_dag.py took 0.190 seconds
[2026-06-29T09:58:13.971+0000] {processor.py:186} INFO - Started process (PID=2738) to work on /opt/airflow/dags/urban_data_streaming_dag.py
[2026-06-29T09:58:13.973+0000] {processor.py:914} INFO - Processing file /opt/airflow/dags/urban_data_streaming_dag.py for tasks to queue
[2026-06-29T09:58:13.976+0000] {logging_mixin.py:190} INFO - [2026-06-29T09:58:13.976+0000] {dagbag.py:588} INFO - Filling up the DagBag from /opt/airflow/dags/urban_data_streaming_dag.py
[2026-06-29T09:58:14.037+0000] {processor.py:925} INFO - DAG(s) 'urban_data_streaming_demo' retrieved from /opt/airflow/dags/urban_data_streaming_dag.py
[2026-06-29T09:58:14.067+0000] {logging_mixin.py:190} INFO - [2026-06-29T09:58:14.067+0000] {dag.py:3239} INFO - Sync 1 DAGs
[2026-06-29T09:58:14.081+0000] {logging_mixin.py:190} INFO - [2026-06-29T09:58:14.081+0000] {dag.py:4180} INFO - Setting next_dagrun for urban_data_streaming_demo to None, run_after=None
[2026-06-29T09:58:14.103+0000] {processor.py:208} INFO - Processing /opt/airflow/dags/urban_data_streaming_dag.py took 0.138 seconds
[2026-06-29T09:58:44.506+0000] {processor.py:186} INFO - Started process (PID=2749) to work on /opt/airflow/dags/urban_data_streaming_dag.py
[2026-06-29T09:58:44.508+0000] {processor.py:914} INFO - Processing file /opt/airflow/dags/urban_data_streaming_dag.py for tasks to queue
[2026-06-29T09:58:44.510+0000] {logging_mixin.py:190} INFO - [2026-06-29T09:58:44.510+0000] {dagbag.py:588} INFO - Filling up the DagBag from /opt/airflow/dags/urban_data_streaming_dag.py
[2026-06-29T09:58:44.535+0000] {processor.py:925} INFO - DAG(s) 'urban_data_streaming_demo' retrieved from /opt/airflow/dags/urban_data_streaming_dag.py
[2026-06-29T09:58:44.566+0000] {logging_mixin.py:190} INFO - [2026-06-29T09:58:44.566+0000] {dag.py:3239} INFO - Sync 1 DAGs
[2026-06-29T09:58:44.582+0000] {logging_mixin.py:190} INFO - [2026-06-29T09:58:44.581+0000] {dag.py:4180} INFO - Setting next_dagrun for urban_data_streaming_demo to None, run_after=None
[2026-06-29T09:58:44.603+0000] {processor.py:208} INFO - Processing /opt/airflow/dags/urban_data_streaming_dag.py took 0.103 seconds
[2026-06-29T09:59:15.065+0000] {processor.py:186} INFO - Started process (PID=2767) to work on /opt/airflow/dags/urban_data_streaming_dag.py
[2026-06-29T09:59:15.067+0000] {processor.py:914} INFO - Processing file /opt/airflow/dags/urban_data_streaming_dag.py for tasks to queue
[2026-06-29T09:59:15.070+0000] {logging_mixin.py:190} INFO - [2026-06-29T09:59:15.069+0000] {dagbag.py:588} INFO - Filling up the DagBag from /opt/airflow/dags/urban_data_streaming_dag.py
[2026-06-29T09:59:15.102+0000] {processor.py:925} INFO - DAG(s) 'urban_data_streaming_demo' retrieved from /opt/airflow/dags/urban_data_streaming_dag.py
[2026-06-29T09:59:15.134+0000] {logging_mixin.py:190} INFO - [2026-06-29T09:59:15.133+0000] {dag.py:3239} INFO - Sync 1 DAGs
[2026-06-29T09:59:15.148+0000] {logging_mixin.py:190} INFO - [2026-06-29T09:59:15.147+0000] {dag.py:4180} INFO - Setting next_dagrun for urban_data_streaming_demo to None, run_after=None
[2026-06-29T09:59:15.172+0000] {processor.py:208} INFO - Processing /opt/airflow/dags/urban_data_streaming_dag.py took 0.112 seconds
[2026-06-29T09:59:45.865+0000] {processor.py:186} INFO - Started process (PID=2785) to work on /opt/airflow/dags/urban_data_streaming_dag.py
[2026-06-29T09:59:45.869+0000] {processor.py:914} INFO - Processing file /opt/airflow/dags/urban_data_streaming_dag.py for tasks to queue
[2026-06-29T09:59:45.874+0000] {logging_mixin.py:190} INFO - [2026-06-29T09:59:45.874+0000] {dagbag.py:588} INFO - Filling up the DagBag from /opt/airflow/dags/urban_data_streaming_dag.py
[2026-06-29T09:59:45.983+0000] {processor.py:925} INFO - DAG(s) 'urban_data_streaming_demo' retrieved from /opt/airflow/dags/urban_data_streaming_dag.py
[2026-06-29T09:59:46.016+0000] {logging_mixin.py:190} INFO - [2026-06-29T09:59:46.016+0000] {dag.py:3239} INFO - Sync 1 DAGs
[2026-06-29T09:59:46.032+0000] {logging_mixin.py:190} INFO - [2026-06-29T09:59:46.032+0000] {dag.py:4180} INFO - Setting next_dagrun for urban_data_streaming_demo to None, run_after=None
[2026-06-29T09:59:46.075+0000] {processor.py:208} INFO - Processing /opt/airflow/dags/urban_data_streaming_dag.py took 0.242 seconds
[2026-06-29T10:00:17.053+0000] {processor.py:186} INFO - Started process (PID=2803) to work on /opt/airflow/dags/urban_data_streaming_dag.py
[2026-06-29T10:00:17.055+0000] {processor.py:914} INFO - Processing file /opt/airflow/dags/urban_data_streaming_dag.py for tasks to queue
[2026-06-29T10:00:17.060+0000] {logging_mixin.py:190} INFO - [2026-06-29T10:00:17.059+0000] {dagbag.py:588} INFO - Filling up the DagBag from /opt/airflow/dags/urban_data_streaming_dag.py
[2026-06-29T10:00:17.117+0000] {processor.py:925} INFO - DAG(s) 'urban_data_streaming_demo' retrieved from /opt/airflow/dags/urban_data_streaming_dag.py
[2026-06-29T10:00:17.150+0000] {logging_mixin.py:190} INFO - [2026-06-29T10:00:17.150+0000] {dag.py:3239} INFO - Sync 1 DAGs
[2026-06-29T10:00:17.163+0000] {logging_mixin.py:190} INFO - [2026-06-29T10:00:17.163+0000] {dag.py:4180} INFO - Setting next_dagrun for urban_data_streaming_demo to None, run_after=None
[2026-06-29T10:00:17.185+0000] {processor.py:208} INFO - Processing /opt/airflow/dags/urban_data_streaming_dag.py took 0.160 seconds
[2026-06-29T10:00:47.408+0000] {processor.py:186} INFO - Started process (PID=2821) to work on /opt/airflow/dags/urban_data_streaming_dag.py
[2026-06-29T10:00:47.411+0000] {processor.py:914} INFO - Processing file /opt/airflow/dags/urban_data_streaming_dag.py for tasks to queue
[2026-06-29T10:00:47.416+0000] {logging_mixin.py:190} INFO - [2026-06-29T10:00:47.416+0000] {dagbag.py:588} INFO - Filling up the DagBag from /opt/airflow/dags/urban_data_streaming_dag.py
[2026-06-29T10:00:47.516+0000] {processor.py:925} INFO - DAG(s) 'urban_data_streaming_demo' retrieved from /opt/airflow/dags/urban_data_streaming_dag.py
[2026-06-29T10:00:47.551+0000] {logging_mixin.py:190} INFO - [2026-06-29T10:00:47.550+0000] {dag.py:3239} INFO - Sync 1 DAGs
[2026-06-29T10:00:47.570+0000] {logging_mixin.py:190} INFO - [2026-06-29T10:00:47.570+0000] {dag.py:4180} INFO - Setting next_dagrun for urban_data_streaming_demo to None, run_after=None
[2026-06-29T10:00:47.601+0000] {processor.py:208} INFO - Processing /opt/airflow/dags/urban_data_streaming_dag.py took 0.207 seconds
[2026-06-29T10:01:17.837+0000] {processor.py:186} INFO - Started process (PID=2839) to work on /opt/airflow/dags/urban_data_streaming_dag.py
[2026-06-29T10:01:17.839+0000] {processor.py:914} INFO - Processing file /opt/airflow/dags/urban_data_streaming_dag.py for tasks to queue
[2026-06-29T10:01:17.844+0000] {logging_mixin.py:190} INFO - [2026-06-29T10:01:17.843+0000] {dagbag.py:588} INFO - Filling up the DagBag from /opt/airflow/dags/urban_data_streaming_dag.py
[2026-06-29T10:01:17.885+0000] {processor.py:925} INFO - DAG(s) 'urban_data_streaming_demo' retrieved from /opt/airflow/dags/urban_data_streaming_dag.py
[2026-06-29T10:01:17.929+0000] {logging_mixin.py:190} INFO - [2026-06-29T10:01:17.929+0000] {dag.py:3239} INFO - Sync 1 DAGs
[2026-06-29T10:01:17.943+0000] {logging_mixin.py:190} INFO - [2026-06-29T10:01:17.942+0000] {dag.py:4180} INFO - Setting next_dagrun for urban_data_streaming_demo to None, run_after=None
[2026-06-29T10:01:17.968+0000] {processor.py:208} INFO - Processing /opt/airflow/dags/urban_data_streaming_dag.py took 0.147 seconds
[2026-06-29T10:01:48.915+0000] {processor.py:186} INFO - Started process (PID=2857) to work on /opt/airflow/dags/urban_data_streaming_dag.py
[2026-06-29T10:01:48.918+0000] {processor.py:914} INFO - Processing file /opt/airflow/dags/urban_data_streaming_dag.py for tasks to queue
[2026-06-29T10:01:48.922+0000] {logging_mixin.py:190} INFO - [2026-06-29T10:01:48.922+0000] {dagbag.py:588} INFO - Filling up the DagBag from /opt/airflow/dags/urban_data_streaming_dag.py
[2026-06-29T10:01:49.033+0000] {processor.py:925} INFO - DAG(s) 'urban_data_streaming_demo' retrieved from /opt/airflow/dags/urban_data_streaming_dag.py
[2026-06-29T10:01:49.078+0000] {logging_mixin.py:190} INFO - [2026-06-29T10:01:49.078+0000] {dag.py:3239} INFO - Sync 1 DAGs
[2026-06-29T10:01:49.095+0000] {logging_mixin.py:190} INFO - [2026-06-29T10:01:49.094+0000] {dag.py:4180} INFO - Setting next_dagrun for urban_data_streaming_demo to None, run_after=None
[2026-06-29T10:01:49.130+0000] {processor.py:208} INFO - Processing /opt/airflow/dags/urban_data_streaming_dag.py took 0.227 seconds
[2026-06-29T10:02:19.326+0000] {processor.py:186} INFO - Started process (PID=2875) to work on /opt/airflow/dags/urban_data_streaming_dag.py
[2026-06-29T10:02:19.327+0000] {processor.py:914} INFO - Processing file /opt/airflow/dags/urban_data_streaming_dag.py for tasks to queue
[2026-06-29T10:02:19.331+0000] {logging_mixin.py:190} INFO - [2026-06-29T10:02:19.330+0000] {dagbag.py:588} INFO - Filling up the DagBag from /opt/airflow/dags/urban_data_streaming_dag.py
[2026-06-29T10:02:19.352+0000] {processor.py:925} INFO - DAG(s) 'urban_data_streaming_demo' retrieved from /opt/airflow/dags/urban_data_streaming_dag.py
[2026-06-29T10:02:19.383+0000] {logging_mixin.py:190} INFO - [2026-06-29T10:02:19.383+0000] {dag.py:3239} INFO - Sync 1 DAGs
[2026-06-29T10:02:19.396+0000] {logging_mixin.py:190} INFO - [2026-06-29T10:02:19.396+0000] {dag.py:4180} INFO - Setting next_dagrun for urban_data_streaming_demo to None, run_after=None
[2026-06-29T10:02:19.420+0000] {processor.py:208} INFO - Processing /opt/airflow/dags/urban_data_streaming_dag.py took 0.101 seconds
[2026-06-29T10:02:49.570+0000] {processor.py:186} INFO - Started process (PID=2893) to work on /opt/airflow/dags/urban_data_streaming_dag.py
[2026-06-29T10:02:49.573+0000] {processor.py:914} INFO - Processing file /opt/airflow/dags/urban_data_streaming_dag.py for tasks to queue
[2026-06-29T10:02:49.580+0000] {logging_mixin.py:190} INFO - [2026-06-29T10:02:49.580+0000] {dagbag.py:588} INFO - Filling up the DagBag from /opt/airflow/dags/urban_data_streaming_dag.py
[2026-06-29T10:02:49.656+0000] {processor.py:925} INFO - DAG(s) 'urban_data_streaming_demo' retrieved from /opt/airflow/dags/urban_data_streaming_dag.py
[2026-06-29T10:02:49.698+0000] {logging_mixin.py:190} INFO - [2026-06-29T10:02:49.698+0000] {dag.py:3239} INFO - Sync 1 DAGs
[2026-06-29T10:02:49.713+0000] {logging_mixin.py:190} INFO - [2026-06-29T10:02:49.713+0000] {dag.py:4180} INFO - Setting next_dagrun for urban_data_streaming_demo to None, run_after=None
[2026-06-29T10:02:49.738+0000] {processor.py:208} INFO - Processing /opt/airflow/dags/urban_data_streaming_dag.py took 0.178 seconds
[2026-06-29T10:03:20.159+0000] {processor.py:186} INFO - Started process (PID=2910) to work on /opt/airflow/dags/urban_data_streaming_dag.py
[2026-06-29T10:03:20.163+0000] {processor.py:914} INFO - Processing file /opt/airflow/dags/urban_data_streaming_dag.py for tasks to queue
[2026-06-29T10:03:20.168+0000] {logging_mixin.py:190} INFO - [2026-06-29T10:03:20.168+0000] {dagbag.py:588} INFO - Filling up the DagBag from /opt/airflow/dags/urban_data_streaming_dag.py
[2026-06-29T10:03:20.237+0000] {processor.py:925} INFO - DAG(s) 'urban_data_streaming_demo' retrieved from /opt/airflow/dags/urban_data_streaming_dag.py
[2026-06-29T10:03:20.286+0000] {logging_mixin.py:190} INFO - [2026-06-29T10:03:20.286+0000] {dag.py:3239} INFO - Sync 1 DAGs
[2026-06-29T10:03:20.304+0000] {logging_mixin.py:190} INFO - [2026-06-29T10:03:20.304+0000] {dag.py:4180} INFO - Setting next_dagrun for urban_data_streaming_demo to None, run_after=None
[2026-06-29T10:03:20.326+0000] {processor.py:208} INFO - Processing /opt/airflow/dags/urban_data_streaming_dag.py took 0.179 seconds
[2026-06-29T10:03:50.664+0000] {processor.py:186} INFO - Started process (PID=2921) to work on /opt/airflow/dags/urban_data_streaming_dag.py
[2026-06-29T10:03:50.666+0000] {processor.py:914} INFO - Processing file /opt/airflow/dags/urban_data_streaming_dag.py for tasks to queue
[2026-06-29T10:03:50.669+0000] {logging_mixin.py:190} INFO - [2026-06-29T10:03:50.669+0000] {dagbag.py:588} INFO - Filling up the DagBag from /opt/airflow/dags/urban_data_streaming_dag.py
[2026-06-29T10:03:50.699+0000] {processor.py:925} INFO - DAG(s) 'urban_data_streaming_demo' retrieved from /opt/airflow/dags/urban_data_streaming_dag.py
[2026-06-29T10:03:50.731+0000] {logging_mixin.py:190} INFO - [2026-06-29T10:03:50.730+0000] {dag.py:3239} INFO - Sync 1 DAGs
[2026-06-29T10:03:50.746+0000] {logging_mixin.py:190} INFO - [2026-06-29T10:03:50.745+0000] {dag.py:4180} INFO - Setting next_dagrun for urban_data_streaming_demo to None, run_after=None
[2026-06-29T10:03:50.771+0000] {processor.py:208} INFO - Processing /opt/airflow/dags/urban_data_streaming_dag.py took 0.113 seconds
[2026-06-29T10:04:21.012+0000] {processor.py:186} INFO - Started process (PID=2939) to work on /opt/airflow/dags/urban_data_streaming_dag.py
[2026-06-29T10:04:21.014+0000] {processor.py:914} INFO - Processing file /opt/airflow/dags/urban_data_streaming_dag.py for tasks to queue
[2026-06-29T10:04:21.020+0000] {logging_mixin.py:190} INFO - [2026-06-29T10:04:21.020+0000] {dagbag.py:588} INFO - Filling up the DagBag from /opt/airflow/dags/urban_data_streaming_dag.py
[2026-06-29T10:04:21.067+0000] {processor.py:925} INFO - DAG(s) 'urban_data_streaming_demo' retrieved from /opt/airflow/dags/urban_data_streaming_dag.py
[2026-06-29T10:04:21.103+0000] {logging_mixin.py:190} INFO - [2026-06-29T10:04:21.103+0000] {dag.py:3239} INFO - Sync 1 DAGs
[2026-06-29T10:04:21.122+0000] {logging_mixin.py:190} INFO - [2026-06-29T10:04:21.122+0000] {dag.py:4180} INFO - Setting next_dagrun for urban_data_streaming_demo to None, run_after=None
[2026-06-29T10:04:21.152+0000] {processor.py:208} INFO - Processing /opt/airflow/dags/urban_data_streaming_dag.py took 0.157 seconds
[2026-06-29T10:04:51.962+0000] {processor.py:186} INFO - Started process (PID=2957) to work on /opt/airflow/dags/urban_data_streaming_dag.py
[2026-06-29T10:04:51.964+0000] {processor.py:914} INFO - Processing file /opt/airflow/dags/urban_data_streaming_dag.py for tasks to queue
[2026-06-29T10:04:51.970+0000] {logging_mixin.py:190} INFO - [2026-06-29T10:04:51.970+0000] {dagbag.py:588} INFO - Filling up the DagBag from /opt/airflow/dags/urban_data_streaming_dag.py
[2026-06-29T10:04:52.082+0000] {processor.py:925} INFO - DAG(s) 'urban_data_streaming_demo' retrieved from /opt/airflow/dags/urban_data_streaming_dag.py
[2026-06-29T10:04:52.116+0000] {logging_mixin.py:190} INFO - [2026-06-29T10:04:52.116+0000] {dag.py:3239} INFO - Sync 1 DAGs
[2026-06-29T10:04:52.130+0000] {logging_mixin.py:190} INFO - [2026-06-29T10:04:52.129+0000] {dag.py:4180} INFO - Setting next_dagrun for urban_data_streaming_demo to None, run_after=None
[2026-06-29T10:04:52.163+0000] {processor.py:208} INFO - Processing /opt/airflow/dags/urban_data_streaming_dag.py took 0.220 seconds
[2026-06-29T10:05:22.408+0000] {processor.py:186} INFO - Started process (PID=2975) to work on /opt/airflow/dags/urban_data_streaming_dag.py
[2026-06-29T10:05:22.410+0000] {processor.py:914} INFO - Processing file /opt/airflow/dags/urban_data_streaming_dag.py for tasks to queue
[2026-06-29T10:05:22.415+0000] {logging_mixin.py:190} INFO - [2026-06-29T10:05:22.414+0000] {dagbag.py:588} INFO - Filling up the DagBag from /opt/airflow/dags/urban_data_streaming_dag.py
[2026-06-29T10:05:22.453+0000] {processor.py:925} INFO - DAG(s) 'urban_data_streaming_demo' retrieved from /opt/airflow/dags/urban_data_streaming_dag.py
[2026-06-29T10:05:22.485+0000] {logging_mixin.py:190} INFO - [2026-06-29T10:05:22.485+0000] {dag.py:3239} INFO - Sync 1 DAGs
[2026-06-29T10:05:22.500+0000] {logging_mixin.py:190} INFO - [2026-06-29T10:05:22.500+0000] {dag.py:4180} INFO - Setting next_dagrun for urban_data_streaming_demo to None, run_after=None
[2026-06-29T10:05:22.533+0000] {processor.py:208} INFO - Processing /opt/airflow/dags/urban_data_streaming_dag.py took 0.142 seconds
[2026-06-29T10:05:53.179+0000] {processor.py:186} INFO - Started process (PID=2993) to work on /opt/airflow/dags/urban_data_streaming_dag.py
[2026-06-29T10:05:53.182+0000] {processor.py:914} INFO - Processing file /opt/airflow/dags/urban_data_streaming_dag.py for tasks to queue
[2026-06-29T10:05:53.188+0000] {logging_mixin.py:190} INFO - [2026-06-29T10:05:53.187+0000] {dagbag.py:588} INFO - Filling up the DagBag from /opt/airflow/dags/urban_data_streaming_dag.py
[2026-06-29T10:05:53.290+0000] {processor.py:925} INFO - DAG(s) 'urban_data_streaming_demo' retrieved from /opt/airflow/dags/urban_data_streaming_dag.py
[2026-06-29T10:05:53.336+0000] {logging_mixin.py:190} INFO - [2026-06-29T10:05:53.336+0000] {dag.py:3239} INFO - Sync 1 DAGs
[2026-06-29T10:05:53.359+0000] {logging_mixin.py:190} INFO - [2026-06-29T10:05:53.358+0000] {dag.py:4180} INFO - Setting next_dagrun for urban_data_streaming_demo to None, run_after=None
[2026-06-29T10:05:53.441+0000] {processor.py:208} INFO - Processing /opt/airflow/dags/urban_data_streaming_dag.py took 0.286 seconds
[2026-06-29T10:06:23.580+0000] {processor.py:186} INFO - Started process (PID=3011) to work on /opt/airflow/dags/urban_data_streaming_dag.py
[2026-06-29T10:06:23.582+0000] {processor.py:914} INFO - Processing file /opt/airflow/dags/urban_data_streaming_dag.py for tasks to queue
[2026-06-29T10:06:23.585+0000] {logging_mixin.py:190} INFO - [2026-06-29T10:06:23.585+0000] {dagbag.py:588} INFO - Filling up the DagBag from /opt/airflow/dags/urban_data_streaming_dag.py
[2026-06-29T10:06:23.619+0000] {processor.py:925} INFO - DAG(s) 'urban_data_streaming_demo' retrieved from /opt/airflow/dags/urban_data_streaming_dag.py
[2026-06-29T10:06:23.652+0000] {logging_mixin.py:190} INFO - [2026-06-29T10:06:23.651+0000] {dag.py:3239} INFO - Sync 1 DAGs
[2026-06-29T10:06:23.670+0000] {logging_mixin.py:190} INFO - [2026-06-29T10:06:23.669+0000] {dag.py:4180} INFO - Setting next_dagrun for urban_data_streaming_demo to None, run_after=None
[2026-06-29T10:06:23.695+0000] {processor.py:208} INFO - Processing /opt/airflow/dags/urban_data_streaming_dag.py took 0.121 seconds
[2026-06-29T10:06:53.913+0000] {processor.py:186} INFO - Started process (PID=3030) to work on /opt/airflow/dags/urban_data_streaming_dag.py
[2026-06-29T10:06:53.917+0000] {processor.py:914} INFO - Processing file /opt/airflow/dags/urban_data_streaming_dag.py for tasks to queue
[2026-06-29T10:06:53.928+0000] {logging_mixin.py:190} INFO - [2026-06-29T10:06:53.927+0000] {dagbag.py:588} INFO - Filling up the DagBag from /opt/airflow/dags/urban_data_streaming_dag.py
[2026-06-29T10:06:54.015+0000] {processor.py:925} INFO - DAG(s) 'urban_data_streaming_demo' retrieved from /opt/airflow/dags/urban_data_streaming_dag.py
[2026-06-29T10:06:54.046+0000] {logging_mixin.py:190} INFO - [2026-06-29T10:06:54.046+0000] {dag.py:3239} INFO - Sync 1 DAGs
[2026-06-29T10:06:54.061+0000] {logging_mixin.py:190} INFO - [2026-06-29T10:06:54.061+0000] {dag.py:4180} INFO - Setting next_dagrun for urban_data_streaming_demo to None, run_after=None
[2026-06-29T10:06:54.097+0000] {processor.py:208} INFO - Processing /opt/airflow/dags/urban_data_streaming_dag.py took 0.207 seconds
[2026-06-29T10:07:24.223+0000] {processor.py:186} INFO - Started process (PID=3048) to work on /opt/airflow/dags/urban_data_streaming_dag.py
[2026-06-29T10:07:24.225+0000] {processor.py:914} INFO - Processing file /opt/airflow/dags/urban_data_streaming_dag.py for tasks to queue
[2026-06-29T10:07:24.230+0000] {logging_mixin.py:190} INFO - [2026-06-29T10:07:24.229+0000] {dagbag.py:588} INFO - Filling up the DagBag from /opt/airflow/dags/urban_data_streaming_dag.py
[2026-06-29T10:07:24.296+0000] {processor.py:925} INFO - DAG(s) 'urban_data_streaming_demo' retrieved from /opt/airflow/dags/urban_data_streaming_dag.py
[2026-06-29T10:07:24.328+0000] {logging_mixin.py:190} INFO - [2026-06-29T10:07:24.328+0000] {dag.py:3239} INFO - Sync 1 DAGs
[2026-06-29T10:07:24.343+0000] {logging_mixin.py:190} INFO - [2026-06-29T10:07:24.342+0000] {dag.py:4180} INFO - Setting next_dagrun for urban_data_streaming_demo to None, run_after=None
[2026-06-29T10:07:24.368+0000] {processor.py:208} INFO - Processing /opt/airflow/dags/urban_data_streaming_dag.py took 0.152 seconds
[2026-06-29T10:07:54.836+0000] {processor.py:186} INFO - Started process (PID=3065) to work on /opt/airflow/dags/urban_data_streaming_dag.py
[2026-06-29T10:07:54.839+0000] {processor.py:914} INFO - Processing file /opt/airflow/dags/urban_data_streaming_dag.py for tasks to queue
[2026-06-29T10:07:54.845+0000] {logging_mixin.py:190} INFO - [2026-06-29T10:07:54.843+0000] {dagbag.py:588} INFO - Filling up the DagBag from /opt/airflow/dags/urban_data_streaming_dag.py
[2026-06-29T10:07:54.925+0000] {processor.py:925} INFO - DAG(s) 'urban_data_streaming_demo' retrieved from /opt/airflow/dags/urban_data_streaming_dag.py
[2026-06-29T10:07:54.959+0000] {logging_mixin.py:190} INFO - [2026-06-29T10:07:54.959+0000] {dag.py:3239} INFO - Sync 1 DAGs
[2026-06-29T10:07:54.974+0000] {logging_mixin.py:190} INFO - [2026-06-29T10:07:54.973+0000] {dag.py:4180} INFO - Setting next_dagrun for urban_data_streaming_demo to None, run_after=None
[2026-06-29T10:07:55.005+0000] {processor.py:208} INFO - Processing /opt/airflow/dags/urban_data_streaming_dag.py took 0.190 seconds
[2026-06-29T10:08:25.606+0000] {processor.py:186} INFO - Started process (PID=3076) to work on /opt/airflow/dags/urban_data_streaming_dag.py
[2026-06-29T10:08:25.609+0000] {processor.py:914} INFO - Processing file /opt/airflow/dags/urban_data_streaming_dag.py for tasks to queue
[2026-06-29T10:08:25.613+0000] {logging_mixin.py:190} INFO - [2026-06-29T10:08:25.612+0000] {dagbag.py:588} INFO - Filling up the DagBag from /opt/airflow/dags/urban_data_streaming_dag.py
[2026-06-29T10:08:25.672+0000] {processor.py:925} INFO - DAG(s) 'urban_data_streaming_demo' retrieved from /opt/airflow/dags/urban_data_streaming_dag.py
[2026-06-29T10:08:25.711+0000] {logging_mixin.py:190} INFO - [2026-06-29T10:08:25.710+0000] {dag.py:3239} INFO - Sync 1 DAGs
[2026-06-29T10:08:25.724+0000] {logging_mixin.py:190} INFO - [2026-06-29T10:08:25.724+0000] {dag.py:4180} INFO - Setting next_dagrun for urban_data_streaming_demo to None, run_after=None
[2026-06-29T10:08:25.743+0000] {processor.py:208} INFO - Processing /opt/airflow/dags/urban_data_streaming_dag.py took 0.157 seconds
[2026-06-29T10:08:56.358+0000] {processor.py:186} INFO - Started process (PID=3094) to work on /opt/airflow/dags/urban_data_streaming_dag.py
[2026-06-29T10:08:56.361+0000] {processor.py:914} INFO - Processing file /opt/airflow/dags/urban_data_streaming_dag.py for tasks to queue
[2026-06-29T10:08:56.372+0000] {logging_mixin.py:190} INFO - [2026-06-29T10:08:56.370+0000] {dagbag.py:588} INFO - Filling up the DagBag from /opt/airflow/dags/urban_data_streaming_dag.py
[2026-06-29T10:08:56.448+0000] {processor.py:925} INFO - DAG(s) 'urban_data_streaming_demo' retrieved from /opt/airflow/dags/urban_data_streaming_dag.py
[2026-06-29T10:08:56.489+0000] {logging_mixin.py:190} INFO - [2026-06-29T10:08:56.488+0000] {dag.py:3239} INFO - Sync 1 DAGs
[2026-06-29T10:08:56.502+0000] {logging_mixin.py:190} INFO - [2026-06-29T10:08:56.502+0000] {dag.py:4180} INFO - Setting next_dagrun for urban_data_streaming_demo to None, run_after=None
[2026-06-29T10:08:56.528+0000] {processor.py:208} INFO - Processing /opt/airflow/dags/urban_data_streaming_dag.py took 0.191 seconds
[2026-06-29T10:09:27.583+0000] {processor.py:186} INFO - Started process (PID=3112) to work on /opt/airflow/dags/urban_data_streaming_dag.py
[2026-06-29T10:09:27.587+0000] {processor.py:914} INFO - Processing file /opt/airflow/dags/urban_data_streaming_dag.py for tasks to queue
[2026-06-29T10:09:27.594+0000] {logging_mixin.py:190} INFO - [2026-06-29T10:09:27.593+0000] {dagbag.py:588} INFO - Filling up the DagBag from /opt/airflow/dags/urban_data_streaming_dag.py
[2026-06-29T10:09:27.694+0000] {processor.py:925} INFO - DAG(s) 'urban_data_streaming_demo' retrieved from /opt/airflow/dags/urban_data_streaming_dag.py
[2026-06-29T10:09:27.743+0000] {logging_mixin.py:190} INFO - [2026-06-29T10:09:27.742+0000] {dag.py:3239} INFO - Sync 1 DAGs
[2026-06-29T10:09:27.757+0000] {logging_mixin.py:190} INFO - [2026-06-29T10:09:27.756+0000] {dag.py:4180} INFO - Setting next_dagrun for urban_data_streaming_demo to None, run_after=None
[2026-06-29T10:09:27.783+0000] {processor.py:208} INFO - Processing /opt/airflow/dags/urban_data_streaming_dag.py took 0.225 seconds
[2026-06-29T10:09:58.212+0000] {processor.py:186} INFO - Started process (PID=3130) to work on /opt/airflow/dags/urban_data_streaming_dag.py
[2026-06-29T10:09:58.215+0000] {processor.py:914} INFO - Processing file /opt/airflow/dags/urban_data_streaming_dag.py for tasks to queue
[2026-06-29T10:09:58.220+0000] {logging_mixin.py:190} INFO - [2026-06-29T10:09:58.220+0000] {dagbag.py:588} INFO - Filling up the DagBag from /opt/airflow/dags/urban_data_streaming_dag.py
[2026-06-29T10:09:58.300+0000] {processor.py:925} INFO - DAG(s) 'urban_data_streaming_demo' retrieved from /opt/airflow/dags/urban_data_streaming_dag.py
[2026-06-29T10:09:58.347+0000] {logging_mixin.py:190} INFO - [2026-06-29T10:09:58.346+0000] {dag.py:3239} INFO - Sync 1 DAGs
[2026-06-29T10:09:58.361+0000] {logging_mixin.py:190} INFO - [2026-06-29T10:09:58.360+0000] {dag.py:4180} INFO - Setting next_dagrun for urban_data_streaming_demo to None, run_after=None
[2026-06-29T10:09:58.389+0000] {processor.py:208} INFO - Processing /opt/airflow/dags/urban_data_streaming_dag.py took 0.201 seconds
[2026-06-29T10:10:28.628+0000] {processor.py:186} INFO - Started process (PID=3148) to work on /opt/airflow/dags/urban_data_streaming_dag.py
[2026-06-29T10:10:28.631+0000] {processor.py:914} INFO - Processing file /opt/airflow/dags/urban_data_streaming_dag.py for tasks to queue
[2026-06-29T10:10:28.639+0000] {logging_mixin.py:190} INFO - [2026-06-29T10:10:28.638+0000] {dagbag.py:588} INFO - Filling up the DagBag from /opt/airflow/dags/urban_data_streaming_dag.py
[2026-06-29T10:10:28.764+0000] {processor.py:925} INFO - DAG(s) 'urban_data_streaming_demo' retrieved from /opt/airflow/dags/urban_data_streaming_dag.py
[2026-06-29T10:10:28.807+0000] {logging_mixin.py:190} INFO - [2026-06-29T10:10:28.807+0000] {dag.py:3239} INFO - Sync 1 DAGs
[2026-06-29T10:10:28.828+0000] {logging_mixin.py:190} INFO - [2026-06-29T10:10:28.828+0000] {dag.py:4180} INFO - Setting next_dagrun for urban_data_streaming_demo to None, run_after=None
[2026-06-29T10:10:28.861+0000] {processor.py:208} INFO - Processing /opt/airflow/dags/urban_data_streaming_dag.py took 0.261 seconds
[2026-06-29T10:10:59.591+0000] {processor.py:186} INFO - Started process (PID=3166) to work on /opt/airflow/dags/urban_data_streaming_dag.py
[2026-06-29T10:10:59.597+0000] {processor.py:914} INFO - Processing file /opt/airflow/dags/urban_data_streaming_dag.py for tasks to queue
[2026-06-29T10:10:59.608+0000] {logging_mixin.py:190} INFO - [2026-06-29T10:10:59.606+0000] {dagbag.py:588} INFO - Filling up the DagBag from /opt/airflow/dags/urban_data_streaming_dag.py
[2026-06-29T10:10:59.668+0000] {processor.py:925} INFO - DAG(s) 'urban_data_streaming_demo' retrieved from /opt/airflow/dags/urban_data_streaming_dag.py
[2026-06-29T10:10:59.701+0000] {logging_mixin.py:190} INFO - [2026-06-29T10:10:59.701+0000] {dag.py:3239} INFO - Sync 1 DAGs
[2026-06-29T10:10:59.715+0000] {logging_mixin.py:190} INFO - [2026-06-29T10:10:59.715+0000] {dag.py:4180} INFO - Setting next_dagrun for urban_data_streaming_demo to None, run_after=None
[2026-06-29T10:10:59.735+0000] {processor.py:208} INFO - Processing /opt/airflow/dags/urban_data_streaming_dag.py took 0.185 seconds
[2026-06-29T10:11:29.918+0000] {processor.py:186} INFO - Started process (PID=3184) to work on /opt/airflow/dags/urban_data_streaming_dag.py
[2026-06-29T10:11:29.920+0000] {processor.py:914} INFO - Processing file /opt/airflow/dags/urban_data_streaming_dag.py for tasks to queue
[2026-06-29T10:11:29.922+0000] {logging_mixin.py:190} INFO - [2026-06-29T10:11:29.922+0000] {dagbag.py:588} INFO - Filling up the DagBag from /opt/airflow/dags/urban_data_streaming_dag.py
[2026-06-29T10:11:29.945+0000] {processor.py:925} INFO - DAG(s) 'urban_data_streaming_demo' retrieved from /opt/airflow/dags/urban_data_streaming_dag.py
[2026-06-29T10:11:29.973+0000] {logging_mixin.py:190} INFO - [2026-06-29T10:11:29.973+0000] {dag.py:3239} INFO - Sync 1 DAGs
[2026-06-29T10:11:29.987+0000] {logging_mixin.py:190} INFO - [2026-06-29T10:11:29.987+0000] {dag.py:4180} INFO - Setting next_dagrun for urban_data_streaming_demo to None, run_after=None
[2026-06-29T10:11:30.009+0000] {processor.py:208} INFO - Processing /opt/airflow/dags/urban_data_streaming_dag.py took 0.097 seconds
[2026-06-29T10:12:00.142+0000] {processor.py:186} INFO - Started process (PID=3201) to work on /opt/airflow/dags/urban_data_streaming_dag.py
[2026-06-29T10:12:00.144+0000] {processor.py:914} INFO - Processing file /opt/airflow/dags/urban_data_streaming_dag.py for tasks to queue
[2026-06-29T10:12:00.148+0000] {logging_mixin.py:190} INFO - [2026-06-29T10:12:00.147+0000] {dagbag.py:588} INFO - Filling up the DagBag from /opt/airflow/dags/urban_data_streaming_dag.py
[2026-06-29T10:12:00.195+0000] {processor.py:925} INFO - DAG(s) 'urban_data_streaming_demo' retrieved from /opt/airflow/dags/urban_data_streaming_dag.py
[2026-06-29T10:12:00.227+0000] {logging_mixin.py:190} INFO - [2026-06-29T10:12:00.227+0000] {dag.py:3239} INFO - Sync 1 DAGs
[2026-06-29T10:12:00.243+0000] {logging_mixin.py:190} INFO - [2026-06-29T10:12:00.243+0000] {dag.py:4180} INFO - Setting next_dagrun for urban_data_streaming_demo to None, run_after=None
[2026-06-29T10:12:00.269+0000] {processor.py:208} INFO - Processing /opt/airflow/dags/urban_data_streaming_dag.py took 0.133 seconds
[2026-06-29T10:12:30.366+0000] {processor.py:186} INFO - Started process (PID=3212) to work on /opt/airflow/dags/urban_data_streaming_dag.py
[2026-06-29T10:12:30.367+0000] {processor.py:914} INFO - Processing file /opt/airflow/dags/urban_data_streaming_dag.py for tasks to queue
[2026-06-29T10:12:30.371+0000] {logging_mixin.py:190} INFO - [2026-06-29T10:12:30.370+0000] {dagbag.py:588} INFO - Filling up the DagBag from /opt/airflow/dags/urban_data_streaming_dag.py
[2026-06-29T10:12:30.421+0000] {processor.py:925} INFO - DAG(s) 'urban_data_streaming_demo' retrieved from /opt/airflow/dags/urban_data_streaming_dag.py
[2026-06-29T10:12:30.450+0000] {logging_mixin.py:190} INFO - [2026-06-29T10:12:30.449+0000] {dag.py:3239} INFO - Sync 1 DAGs
[2026-06-29T10:12:30.463+0000] {logging_mixin.py:190} INFO - [2026-06-29T10:12:30.463+0000] {dag.py:4180} INFO - Setting next_dagrun for urban_data_streaming_demo to None, run_after=None
[2026-06-29T10:12:30.488+0000] {processor.py:208} INFO - Processing /opt/airflow/dags/urban_data_streaming_dag.py took 0.128 seconds
[2026-06-29T10:13:01.008+0000] {processor.py:186} INFO - Started process (PID=3230) to work on /opt/airflow/dags/urban_data_streaming_dag.py
[2026-06-29T10:13:01.011+0000] {processor.py:914} INFO - Processing file /opt/airflow/dags/urban_data_streaming_dag.py for tasks to queue
[2026-06-29T10:13:01.016+0000] {logging_mixin.py:190} INFO - [2026-06-29T10:13:01.015+0000] {dagbag.py:588} INFO - Filling up the DagBag from /opt/airflow/dags/urban_data_streaming_dag.py
[2026-06-29T10:13:01.099+0000] {processor.py:925} INFO - DAG(s) 'urban_data_streaming_demo' retrieved from /opt/airflow/dags/urban_data_streaming_dag.py
[2026-06-29T10:13:01.146+0000] {logging_mixin.py:190} INFO - [2026-06-29T10:13:01.146+0000] {dag.py:3239} INFO - Sync 1 DAGs
[2026-06-29T10:13:01.160+0000] {logging_mixin.py:190} INFO - [2026-06-29T10:13:01.160+0000] {dag.py:4180} INFO - Setting next_dagrun for urban_data_streaming_demo to None, run_after=None
[2026-06-29T10:13:01.186+0000] {processor.py:208} INFO - Processing /opt/airflow/dags/urban_data_streaming_dag.py took 0.195 seconds
[2026-06-29T11:46:56.920+0000] {processor.py:186} INFO - Started process (PID=3243) to work on /opt/airflow/dags/urban_data_streaming_dag.py
[2026-06-29T11:46:56.923+0000] {processor.py:914} INFO - Processing file /opt/airflow/dags/urban_data_streaming_dag.py for tasks to queue
[2026-06-29T11:46:56.928+0000] {logging_mixin.py:190} INFO - [2026-06-29T11:46:56.928+0000] {dagbag.py:588} INFO - Filling up the DagBag from /opt/airflow/dags/urban_data_streaming_dag.py
[2026-06-29T11:46:57.008+0000] {processor.py:925} INFO - DAG(s) 'urban_data_streaming_demo' retrieved from /opt/airflow/dags/urban_data_streaming_dag.py
[2026-06-29T11:46:57.059+0000] {logging_mixin.py:190} INFO - [2026-06-29T11:46:57.059+0000] {dag.py:3239} INFO - Sync 1 DAGs
[2026-06-29T11:46:57.086+0000] {logging_mixin.py:190} INFO - [2026-06-29T11:46:57.086+0000] {dag.py:4180} INFO - Setting next_dagrun for urban_data_streaming_demo to None, run_after=None
[2026-06-29T11:46:57.126+0000] {processor.py:208} INFO - Processing /opt/airflow/dags/urban_data_streaming_dag.py took 0.215 seconds
[2026-06-29T11:47:27.728+0000] {processor.py:186} INFO - Started process (PID=3261) to work on /opt/airflow/dags/urban_data_streaming_dag.py
[2026-06-29T11:47:27.731+0000] {processor.py:914} INFO - Processing file /opt/airflow/dags/urban_data_streaming_dag.py for tasks to queue
[2026-06-29T11:47:27.735+0000] {logging_mixin.py:190} INFO - [2026-06-29T11:47:27.735+0000] {dagbag.py:588} INFO - Filling up the DagBag from /opt/airflow/dags/urban_data_streaming_dag.py
[2026-06-29T11:47:27.795+0000] {processor.py:925} INFO - DAG(s) 'urban_data_streaming_demo' retrieved from /opt/airflow/dags/urban_data_streaming_dag.py
[2026-06-29T11:47:27.844+0000] {logging_mixin.py:190} INFO - [2026-06-29T11:47:27.844+0000] {dag.py:3239} INFO - Sync 1 DAGs
[2026-06-29T11:47:27.870+0000] {logging_mixin.py:190} INFO - [2026-06-29T11:47:27.870+0000] {dag.py:4180} INFO - Setting next_dagrun for urban_data_streaming_demo to None, run_after=None
[2026-06-29T11:47:27.916+0000] {processor.py:208} INFO - Processing /opt/airflow/dags/urban_data_streaming_dag.py took 0.197 seconds
[2026-06-29T11:47:58.347+0000] {processor.py:186} INFO - Started process (PID=3279) to work on /opt/airflow/dags/urban_data_streaming_dag.py
[2026-06-29T11:47:58.349+0000] {processor.py:914} INFO - Processing file /opt/airflow/dags/urban_data_streaming_dag.py for tasks to queue
[2026-06-29T11:47:58.351+0000] {logging_mixin.py:190} INFO - [2026-06-29T11:47:58.351+0000] {dagbag.py:588} INFO - Filling up the DagBag from /opt/airflow/dags/urban_data_streaming_dag.py
[2026-06-29T11:47:58.389+0000] {processor.py:925} INFO - DAG(s) 'urban_data_streaming_demo' retrieved from /opt/airflow/dags/urban_data_streaming_dag.py
[2026-06-29T11:47:58.419+0000] {logging_mixin.py:190} INFO - [2026-06-29T11:47:58.419+0000] {dag.py:3239} INFO - Sync 1 DAGs
[2026-06-29T11:47:58.433+0000] {logging_mixin.py:190} INFO - [2026-06-29T11:47:58.433+0000] {dag.py:4180} INFO - Setting next_dagrun for urban_data_streaming_demo to None, run_after=None
[2026-06-29T11:47:58.456+0000] {processor.py:208} INFO - Processing /opt/airflow/dags/urban_data_streaming_dag.py took 0.114 seconds
[2026-06-29T11:48:29.081+0000] {processor.py:186} INFO - Started process (PID=3296) to work on /opt/airflow/dags/urban_data_streaming_dag.py
[2026-06-29T11:48:29.085+0000] {processor.py:914} INFO - Processing file /opt/airflow/dags/urban_data_streaming_dag.py for tasks to queue
[2026-06-29T11:48:29.094+0000] {logging_mixin.py:190} INFO - [2026-06-29T11:48:29.093+0000] {dagbag.py:588} INFO - Filling up the DagBag from /opt/airflow/dags/urban_data_streaming_dag.py
[2026-06-29T11:48:29.175+0000] {processor.py:925} INFO - DAG(s) 'urban_data_streaming_demo' retrieved from /opt/airflow/dags/urban_data_streaming_dag.py
[2026-06-29T11:48:29.223+0000] {logging_mixin.py:190} INFO - [2026-06-29T11:48:29.222+0000] {dag.py:3239} INFO - Sync 1 DAGs
[2026-06-29T11:48:29.245+0000] {logging_mixin.py:190} INFO - [2026-06-29T11:48:29.244+0000] {dag.py:4180} INFO - Setting next_dagrun for urban_data_streaming_demo to None, run_after=None
[2026-06-29T11:48:29.283+0000] {processor.py:208} INFO - Processing /opt/airflow/dags/urban_data_streaming_dag.py took 0.222 seconds
[2026-06-29T11:48:59.470+0000] {processor.py:186} INFO - Started process (PID=3307) to work on /opt/airflow/dags/urban_data_streaming_dag.py
[2026-06-29T11:48:59.472+0000] {processor.py:914} INFO - Processing file /opt/airflow/dags/urban_data_streaming_dag.py for tasks to queue
[2026-06-29T11:48:59.477+0000] {logging_mixin.py:190} INFO - [2026-06-29T11:48:59.476+0000] {dagbag.py:588} INFO - Filling up the DagBag from /opt/airflow/dags/urban_data_streaming_dag.py
[2026-06-29T11:48:59.540+0000] {processor.py:925} INFO - DAG(s) 'urban_data_streaming_demo' retrieved from /opt/airflow/dags/urban_data_streaming_dag.py
[2026-06-29T11:48:59.593+0000] {logging_mixin.py:190} INFO - [2026-06-29T11:48:59.593+0000] {dag.py:3239} INFO - Sync 1 DAGs
[2026-06-29T11:48:59.611+0000] {logging_mixin.py:190} INFO - [2026-06-29T11:48:59.611+0000] {dag.py:4180} INFO - Setting next_dagrun for urban_data_streaming_demo to None, run_after=None
[2026-06-29T11:48:59.643+0000] {processor.py:208} INFO - Processing /opt/airflow/dags/urban_data_streaming_dag.py took 0.184 seconds
[2026-06-29T11:49:29.927+0000] {processor.py:186} INFO - Started process (PID=3325) to work on /opt/airflow/dags/urban_data_streaming_dag.py
[2026-06-29T11:49:29.931+0000] {processor.py:914} INFO - Processing file /opt/airflow/dags/urban_data_streaming_dag.py for tasks to queue
[2026-06-29T11:49:29.937+0000] {logging_mixin.py:190} INFO - [2026-06-29T11:49:29.936+0000] {dagbag.py:588} INFO - Filling up the DagBag from /opt/airflow/dags/urban_data_streaming_dag.py
[2026-06-29T11:49:29.979+0000] {processor.py:925} INFO - DAG(s) 'urban_data_streaming_demo' retrieved from /opt/airflow/dags/urban_data_streaming_dag.py
[2026-06-29T11:49:30.022+0000] {logging_mixin.py:190} INFO - [2026-06-29T11:49:30.022+0000] {dag.py:3239} INFO - Sync 1 DAGs
[2026-06-29T11:49:30.042+0000] {logging_mixin.py:190} INFO - [2026-06-29T11:49:30.041+0000] {dag.py:4180} INFO - Setting next_dagrun for urban_data_streaming_demo to None, run_after=None
[2026-06-29T11:49:30.077+0000] {processor.py:208} INFO - Processing /opt/airflow/dags/urban_data_streaming_dag.py took 0.161 seconds
[2026-06-29T11:50:01.004+0000] {processor.py:186} INFO - Started process (PID=3343) to work on /opt/airflow/dags/urban_data_streaming_dag.py
[2026-06-29T11:50:01.006+0000] {processor.py:914} INFO - Processing file /opt/airflow/dags/urban_data_streaming_dag.py for tasks to queue
[2026-06-29T11:50:01.010+0000] {logging_mixin.py:190} INFO - [2026-06-29T11:50:01.009+0000] {dagbag.py:588} INFO - Filling up the DagBag from /opt/airflow/dags/urban_data_streaming_dag.py
[2026-06-29T11:50:01.072+0000] {processor.py:925} INFO - DAG(s) 'urban_data_streaming_demo' retrieved from /opt/airflow/dags/urban_data_streaming_dag.py
[2026-06-29T11:50:01.134+0000] {logging_mixin.py:190} INFO - [2026-06-29T11:50:01.133+0000] {dag.py:3239} INFO - Sync 1 DAGs
[2026-06-29T11:50:01.151+0000] {logging_mixin.py:190} INFO - [2026-06-29T11:50:01.151+0000] {dag.py:4180} INFO - Setting next_dagrun for urban_data_streaming_demo to None, run_after=None
[2026-06-29T11:50:01.185+0000] {processor.py:208} INFO - Processing /opt/airflow/dags/urban_data_streaming_dag.py took 0.189 seconds
[2026-06-29T11:50:31.325+0000] {processor.py:186} INFO - Started process (PID=3361) to work on /opt/airflow/dags/urban_data_streaming_dag.py
[2026-06-29T11:50:31.327+0000] {processor.py:914} INFO - Processing file /opt/airflow/dags/urban_data_streaming_dag.py for tasks to queue
[2026-06-29T11:50:31.332+0000] {logging_mixin.py:190} INFO - [2026-06-29T11:50:31.331+0000] {dagbag.py:588} INFO - Filling up the DagBag from /opt/airflow/dags/urban_data_streaming_dag.py
[2026-06-29T11:50:31.376+0000] {processor.py:925} INFO - DAG(s) 'urban_data_streaming_demo' retrieved from /opt/airflow/dags/urban_data_streaming_dag.py
[2026-06-29T11:50:31.425+0000] {logging_mixin.py:190} INFO - [2026-06-29T11:50:31.425+0000] {dag.py:3239} INFO - Sync 1 DAGs
[2026-06-29T11:50:31.448+0000] {logging_mixin.py:190} INFO - [2026-06-29T11:50:31.448+0000] {dag.py:4180} INFO - Setting next_dagrun for urban_data_streaming_demo to None, run_after=None
[2026-06-29T11:50:31.483+0000] {processor.py:208} INFO - Processing /opt/airflow/dags/urban_data_streaming_dag.py took 0.166 seconds
[2026-06-29T11:51:02.025+0000] {processor.py:186} INFO - Started process (PID=3379) to work on /opt/airflow/dags/urban_data_streaming_dag.py
[2026-06-29T11:51:02.027+0000] {processor.py:914} INFO - Processing file /opt/airflow/dags/urban_data_streaming_dag.py for tasks to queue
[2026-06-29T11:51:02.033+0000] {logging_mixin.py:190} INFO - [2026-06-29T11:51:02.033+0000] {dagbag.py:588} INFO - Filling up the DagBag from /opt/airflow/dags/urban_data_streaming_dag.py
[2026-06-29T11:51:02.076+0000] {processor.py:925} INFO - DAG(s) 'urban_data_streaming_demo' retrieved from /opt/airflow/dags/urban_data_streaming_dag.py
[2026-06-29T11:51:02.129+0000] {logging_mixin.py:190} INFO - [2026-06-29T11:51:02.128+0000] {dag.py:3239} INFO - Sync 1 DAGs
[2026-06-29T11:51:02.156+0000] {logging_mixin.py:190} INFO - [2026-06-29T11:51:02.156+0000] {dag.py:4180} INFO - Setting next_dagrun for urban_data_streaming_demo to None, run_after=None
[2026-06-29T11:51:02.199+0000] {processor.py:208} INFO - Processing /opt/airflow/dags/urban_data_streaming_dag.py took 0.185 seconds
[2026-06-29T11:51:32.787+0000] {processor.py:186} INFO - Started process (PID=3397) to work on /opt/airflow/dags/urban_data_streaming_dag.py
[2026-06-29T11:51:32.789+0000] {processor.py:914} INFO - Processing file /opt/airflow/dags/urban_data_streaming_dag.py for tasks to queue
[2026-06-29T11:51:32.804+0000] {logging_mixin.py:190} INFO - [2026-06-29T11:51:32.802+0000] {dagbag.py:588} INFO - Filling up the DagBag from /opt/airflow/dags/urban_data_streaming_dag.py
[2026-06-29T11:51:32.891+0000] {processor.py:925} INFO - DAG(s) 'urban_data_streaming_demo' retrieved from /opt/airflow/dags/urban_data_streaming_dag.py
[2026-06-29T11:51:32.962+0000] {logging_mixin.py:190} INFO - [2026-06-29T11:51:32.961+0000] {dag.py:3239} INFO - Sync 1 DAGs
[2026-06-29T11:51:33.008+0000] {logging_mixin.py:190} INFO - [2026-06-29T11:51:33.007+0000] {dag.py:4180} INFO - Setting next_dagrun for urban_data_streaming_demo to None, run_after=None
[2026-06-29T11:51:33.109+0000] {processor.py:208} INFO - Processing /opt/airflow/dags/urban_data_streaming_dag.py took 0.334 seconds
[2026-06-29T11:52:03.448+0000] {processor.py:186} INFO - Started process (PID=3414) to work on /opt/airflow/dags/urban_data_streaming_dag.py
[2026-06-29T11:52:03.449+0000] {processor.py:914} INFO - Processing file /opt/airflow/dags/urban_data_streaming_dag.py for tasks to queue
[2026-06-29T11:52:03.453+0000] {logging_mixin.py:190} INFO - [2026-06-29T11:52:03.453+0000] {dagbag.py:588} INFO - Filling up the DagBag from /opt/airflow/dags/urban_data_streaming_dag.py
[2026-06-29T11:52:03.493+0000] {processor.py:925} INFO - DAG(s) 'urban_data_streaming_demo' retrieved from /opt/airflow/dags/urban_data_streaming_dag.py
[2026-06-29T11:52:03.569+0000] {logging_mixin.py:190} INFO - [2026-06-29T11:52:03.568+0000] {dag.py:3239} INFO - Sync 1 DAGs
[2026-06-29T11:52:03.593+0000] {logging_mixin.py:190} INFO - [2026-06-29T11:52:03.592+0000] {dag.py:4180} INFO - Setting next_dagrun for urban_data_streaming_demo to None, run_after=None
[2026-06-29T11:52:03.630+0000] {processor.py:208} INFO - Processing /opt/airflow/dags/urban_data_streaming_dag.py took 0.194 seconds
[2026-06-29T11:52:34.379+0000] {processor.py:186} INFO - Started process (PID=3425) to work on /opt/airflow/dags/urban_data_streaming_dag.py
[2026-06-29T11:52:34.380+0000] {processor.py:914} INFO - Processing file /opt/airflow/dags/urban_data_streaming_dag.py for tasks to queue
[2026-06-29T11:52:34.383+0000] {logging_mixin.py:190} INFO - [2026-06-29T11:52:34.383+0000] {dagbag.py:588} INFO - Filling up the DagBag from /opt/airflow/dags/urban_data_streaming_dag.py
[2026-06-29T11:52:34.415+0000] {processor.py:925} INFO - DAG(s) 'urban_data_streaming_demo' retrieved from /opt/airflow/dags/urban_data_streaming_dag.py
[2026-06-29T11:52:34.467+0000] {logging_mixin.py:190} INFO - [2026-06-29T11:52:34.466+0000] {dag.py:3239} INFO - Sync 1 DAGs
[2026-06-29T11:52:34.515+0000] {logging_mixin.py:190} INFO - [2026-06-29T11:52:34.514+0000] {dag.py:4180} INFO - Setting next_dagrun for urban_data_streaming_demo to None, run_after=None
[2026-06-29T11:52:34.553+0000] {processor.py:208} INFO - Processing /opt/airflow/dags/urban_data_streaming_dag.py took 0.181 seconds
[2026-06-29T11:53:04.896+0000] {processor.py:186} INFO - Started process (PID=3443) to work on /opt/airflow/dags/urban_data_streaming_dag.py
[2026-06-29T11:53:04.898+0000] {processor.py:914} INFO - Processing file /opt/airflow/dags/urban_data_streaming_dag.py for tasks to queue
[2026-06-29T11:53:04.903+0000] {logging_mixin.py:190} INFO - [2026-06-29T11:53:04.902+0000] {dagbag.py:588} INFO - Filling up the DagBag from /opt/airflow/dags/urban_data_streaming_dag.py
[2026-06-29T11:53:04.940+0000] {processor.py:925} INFO - DAG(s) 'urban_data_streaming_demo' retrieved from /opt/airflow/dags/urban_data_streaming_dag.py
[2026-06-29T11:53:04.986+0000] {logging_mixin.py:190} INFO - [2026-06-29T11:53:04.985+0000] {dag.py:3239} INFO - Sync 1 DAGs
[2026-06-29T11:53:05.006+0000] {logging_mixin.py:190} INFO - [2026-06-29T11:53:05.006+0000] {dag.py:4180} INFO - Setting next_dagrun for urban_data_streaming_demo to None, run_after=None
[2026-06-29T11:53:05.038+0000] {processor.py:208} INFO - Processing /opt/airflow/dags/urban_data_streaming_dag.py took 0.152 seconds
[2026-06-29T11:53:35.811+0000] {processor.py:186} INFO - Started process (PID=3461) to work on /opt/airflow/dags/urban_data_streaming_dag.py
[2026-06-29T11:53:35.813+0000] {processor.py:914} INFO - Processing file /opt/airflow/dags/urban_data_streaming_dag.py for tasks to queue
[2026-06-29T11:53:35.817+0000] {logging_mixin.py:190} INFO - [2026-06-29T11:53:35.817+0000] {dagbag.py:588} INFO - Filling up the DagBag from /opt/airflow/dags/urban_data_streaming_dag.py
[2026-06-29T11:53:35.871+0000] {processor.py:925} INFO - DAG(s) 'urban_data_streaming_demo' retrieved from /opt/airflow/dags/urban_data_streaming_dag.py
[2026-06-29T11:53:35.916+0000] {logging_mixin.py:190} INFO - [2026-06-29T11:53:35.916+0000] {dag.py:3239} INFO - Sync 1 DAGs
[2026-06-29T11:53:35.939+0000] {logging_mixin.py:190} INFO - [2026-06-29T11:53:35.939+0000] {dag.py:4180} INFO - Setting next_dagrun for urban_data_streaming_demo to None, run_after=None
[2026-06-29T11:53:35.975+0000] {processor.py:208} INFO - Processing /opt/airflow/dags/urban_data_streaming_dag.py took 0.172 seconds
[2026-06-29T11:54:06.485+0000] {processor.py:186} INFO - Started process (PID=3479) to work on /opt/airflow/dags/urban_data_streaming_dag.py
[2026-06-29T11:54:06.487+0000] {processor.py:914} INFO - Processing file /opt/airflow/dags/urban_data_streaming_dag.py for tasks to queue
[2026-06-29T11:54:06.492+0000] {logging_mixin.py:190} INFO - [2026-06-29T11:54:06.492+0000] {dagbag.py:588} INFO - Filling up the DagBag from /opt/airflow/dags/urban_data_streaming_dag.py
[2026-06-29T11:54:06.536+0000] {processor.py:925} INFO - DAG(s) 'urban_data_streaming_demo' retrieved from /opt/airflow/dags/urban_data_streaming_dag.py
[2026-06-29T11:54:06.578+0000] {logging_mixin.py:190} INFO - [2026-06-29T11:54:06.577+0000] {dag.py:3239} INFO - Sync 1 DAGs
[2026-06-29T11:54:06.598+0000] {logging_mixin.py:190} INFO - [2026-06-29T11:54:06.598+0000] {dag.py:4180} INFO - Setting next_dagrun for urban_data_streaming_demo to None, run_after=None
[2026-06-29T11:54:06.631+0000] {processor.py:208} INFO - Processing /opt/airflow/dags/urban_data_streaming_dag.py took 0.153 seconds
[2026-06-29T11:54:37.082+0000] {processor.py:186} INFO - Started process (PID=3497) to work on /opt/airflow/dags/urban_data_streaming_dag.py
[2026-06-29T11:54:37.085+0000] {processor.py:914} INFO - Processing file /opt/airflow/dags/urban_data_streaming_dag.py for tasks to queue
[2026-06-29T11:54:37.094+0000] {logging_mixin.py:190} INFO - [2026-06-29T11:54:37.093+0000] {dagbag.py:588} INFO - Filling up the DagBag from /opt/airflow/dags/urban_data_streaming_dag.py
[2026-06-29T11:54:37.189+0000] {processor.py:925} INFO - DAG(s) 'urban_data_streaming_demo' retrieved from /opt/airflow/dags/urban_data_streaming_dag.py
[2026-06-29T11:54:37.245+0000] {logging_mixin.py:190} INFO - [2026-06-29T11:54:37.245+0000] {dag.py:3239} INFO - Sync 1 DAGs
[2026-06-29T11:54:37.280+0000] {logging_mixin.py:190} INFO - [2026-06-29T11:54:37.280+0000] {dag.py:4180} INFO - Setting next_dagrun for urban_data_streaming_demo to None, run_after=None
[2026-06-29T11:54:37.337+0000] {processor.py:208} INFO - Processing /opt/airflow/dags/urban_data_streaming_dag.py took 0.271 seconds
[2026-06-29T11:55:07.884+0000] {processor.py:186} INFO - Started process (PID=3515) to work on /opt/airflow/dags/urban_data_streaming_dag.py
[2026-06-29T11:55:07.887+0000] {processor.py:914} INFO - Processing file /opt/airflow/dags/urban_data_streaming_dag.py for tasks to queue
[2026-06-29T11:55:07.893+0000] {logging_mixin.py:190} INFO - [2026-06-29T11:55:07.892+0000] {dagbag.py:588} INFO - Filling up the DagBag from /opt/airflow/dags/urban_data_streaming_dag.py
[2026-06-29T11:55:07.999+0000] {processor.py:925} INFO - DAG(s) 'urban_data_streaming_demo' retrieved from /opt/airflow/dags/urban_data_streaming_dag.py
[2026-06-29T11:55:08.053+0000] {logging_mixin.py:190} INFO - [2026-06-29T11:55:08.053+0000] {dag.py:3239} INFO - Sync 1 DAGs
[2026-06-29T11:55:08.077+0000] {logging_mixin.py:190} INFO - [2026-06-29T11:55:08.076+0000] {dag.py:4180} INFO - Setting next_dagrun for urban_data_streaming_demo to None, run_after=None
[2026-06-29T11:55:08.116+0000] {processor.py:208} INFO - Processing /opt/airflow/dags/urban_data_streaming_dag.py took 0.245 seconds
[2026-06-29T11:55:38.348+0000] {processor.py:186} INFO - Started process (PID=3526) to work on /opt/airflow/dags/urban_data_streaming_dag.py
[2026-06-29T11:55:38.350+0000] {processor.py:914} INFO - Processing file /opt/airflow/dags/urban_data_streaming_dag.py for tasks to queue
[2026-06-29T11:55:38.355+0000] {logging_mixin.py:190} INFO - [2026-06-29T11:55:38.354+0000] {dagbag.py:588} INFO - Filling up the DagBag from /opt/airflow/dags/urban_data_streaming_dag.py
[2026-06-29T11:55:38.402+0000] {processor.py:925} INFO - DAG(s) 'urban_data_streaming_demo' retrieved from /opt/airflow/dags/urban_data_streaming_dag.py
[2026-06-29T11:55:38.448+0000] {logging_mixin.py:190} INFO - [2026-06-29T11:55:38.448+0000] {dag.py:3239} INFO - Sync 1 DAGs
[2026-06-29T11:55:38.467+0000] {logging_mixin.py:190} INFO - [2026-06-29T11:55:38.467+0000] {dag.py:4180} INFO - Setting next_dagrun for urban_data_streaming_demo to None, run_after=None
[2026-06-29T11:55:38.501+0000] {processor.py:208} INFO - Processing /opt/airflow/dags/urban_data_streaming_dag.py took 0.162 seconds
[2026-06-29T11:56:09.373+0000] {processor.py:186} INFO - Started process (PID=3544) to work on /opt/airflow/dags/urban_data_streaming_dag.py
[2026-06-29T11:56:09.375+0000] {processor.py:914} INFO - Processing file /opt/airflow/dags/urban_data_streaming_dag.py for tasks to queue
[2026-06-29T11:56:09.379+0000] {logging_mixin.py:190} INFO - [2026-06-29T11:56:09.379+0000] {dagbag.py:588} INFO - Filling up the DagBag from /opt/airflow/dags/urban_data_streaming_dag.py
[2026-06-29T11:56:09.428+0000] {processor.py:925} INFO - DAG(s) 'urban_data_streaming_demo' retrieved from /opt/airflow/dags/urban_data_streaming_dag.py
[2026-06-29T11:56:09.473+0000] {logging_mixin.py:190} INFO - [2026-06-29T11:56:09.473+0000] {dag.py:3239} INFO - Sync 1 DAGs
[2026-06-29T11:56:09.494+0000] {logging_mixin.py:190} INFO - [2026-06-29T11:56:09.494+0000] {dag.py:4180} INFO - Setting next_dagrun for urban_data_streaming_demo to None, run_after=None
[2026-06-29T11:56:09.528+0000] {processor.py:208} INFO - Processing /opt/airflow/dags/urban_data_streaming_dag.py took 0.164 seconds
[2026-06-29T11:56:39.795+0000] {processor.py:186} INFO - Started process (PID=3562) to work on /opt/airflow/dags/urban_data_streaming_dag.py
[2026-06-29T11:56:39.797+0000] {processor.py:914} INFO - Processing file /opt/airflow/dags/urban_data_streaming_dag.py for tasks to queue
[2026-06-29T11:56:39.808+0000] {logging_mixin.py:190} INFO - [2026-06-29T11:56:39.808+0000] {dagbag.py:588} INFO - Filling up the DagBag from /opt/airflow/dags/urban_data_streaming_dag.py
[2026-06-29T11:56:39.869+0000] {processor.py:925} INFO - DAG(s) 'urban_data_streaming_demo' retrieved from /opt/airflow/dags/urban_data_streaming_dag.py
[2026-06-29T11:56:39.926+0000] {logging_mixin.py:190} INFO - [2026-06-29T11:56:39.925+0000] {dag.py:3239} INFO - Sync 1 DAGs
[2026-06-29T11:56:39.944+0000] {logging_mixin.py:190} INFO - [2026-06-29T11:56:39.944+0000] {dag.py:4180} INFO - Setting next_dagrun for urban_data_streaming_demo to None, run_after=None
[2026-06-29T11:56:39.983+0000] {processor.py:208} INFO - Processing /opt/airflow/dags/urban_data_streaming_dag.py took 0.205 seconds
[2026-06-29T11:57:10.581+0000] {processor.py:186} INFO - Started process (PID=3580) to work on /opt/airflow/dags/urban_data_streaming_dag.py
[2026-06-29T11:57:10.583+0000] {processor.py:914} INFO - Processing file /opt/airflow/dags/urban_data_streaming_dag.py for tasks to queue
[2026-06-29T11:57:10.587+0000] {logging_mixin.py:190} INFO - [2026-06-29T11:57:10.587+0000] {dagbag.py:588} INFO - Filling up the DagBag from /opt/airflow/dags/urban_data_streaming_dag.py
[2026-06-29T11:57:10.636+0000] {processor.py:925} INFO - DAG(s) 'urban_data_streaming_demo' retrieved from /opt/airflow/dags/urban_data_streaming_dag.py
[2026-06-29T11:57:10.680+0000] {logging_mixin.py:190} INFO - [2026-06-29T11:57:10.679+0000] {dag.py:3239} INFO - Sync 1 DAGs
[2026-06-29T11:57:10.700+0000] {logging_mixin.py:190} INFO - [2026-06-29T11:57:10.699+0000] {dag.py:4180} INFO - Setting next_dagrun for urban_data_streaming_demo to None, run_after=None
[2026-06-29T11:57:10.739+0000] {processor.py:208} INFO - Processing /opt/airflow/dags/urban_data_streaming_dag.py took 0.167 seconds
[2026-06-29T11:57:41.352+0000] {processor.py:186} INFO - Started process (PID=3598) to work on /opt/airflow/dags/urban_data_streaming_dag.py
[2026-06-29T11:57:41.354+0000] {processor.py:914} INFO - Processing file /opt/airflow/dags/urban_data_streaming_dag.py for tasks to queue
[2026-06-29T11:57:41.358+0000] {logging_mixin.py:190} INFO - [2026-06-29T11:57:41.358+0000] {dagbag.py:588} INFO - Filling up the DagBag from /opt/airflow/dags/urban_data_streaming_dag.py
[2026-06-29T11:57:41.422+0000] {processor.py:925} INFO - DAG(s) 'urban_data_streaming_demo' retrieved from /opt/airflow/dags/urban_data_streaming_dag.py
[2026-06-29T11:57:41.479+0000] {logging_mixin.py:190} INFO - [2026-06-29T11:57:41.479+0000] {dag.py:3239} INFO - Sync 1 DAGs
[2026-06-29T11:57:41.504+0000] {logging_mixin.py:190} INFO - [2026-06-29T11:57:41.504+0000] {dag.py:4180} INFO - Setting next_dagrun for urban_data_streaming_demo to None, run_after=None
[2026-06-29T11:57:41.547+0000] {processor.py:208} INFO - Processing /opt/airflow/dags/urban_data_streaming_dag.py took 0.206 seconds
[2026-06-29T11:58:12.510+0000] {processor.py:186} INFO - Started process (PID=3617) to work on /opt/airflow/dags/urban_data_streaming_dag.py
[2026-06-29T11:58:12.512+0000] {processor.py:914} INFO - Processing file /opt/airflow/dags/urban_data_streaming_dag.py for tasks to queue
[2026-06-29T11:58:12.516+0000] {logging_mixin.py:190} INFO - [2026-06-29T11:58:12.516+0000] {dagbag.py:588} INFO - Filling up the DagBag from /opt/airflow/dags/urban_data_streaming_dag.py
[2026-06-29T11:58:12.564+0000] {processor.py:925} INFO - DAG(s) 'urban_data_streaming_demo' retrieved from /opt/airflow/dags/urban_data_streaming_dag.py
[2026-06-29T11:58:12.607+0000] {logging_mixin.py:190} INFO - [2026-06-29T11:58:12.606+0000] {dag.py:3239} INFO - Sync 1 DAGs
[2026-06-29T11:58:12.631+0000] {logging_mixin.py:190} INFO - [2026-06-29T11:58:12.631+0000] {dag.py:4180} INFO - Setting next_dagrun for urban_data_streaming_demo to None, run_after=None
[2026-06-29T11:58:12.665+0000] {processor.py:208} INFO - Processing /opt/airflow/dags/urban_data_streaming_dag.py took 0.168 seconds
[2026-06-29T11:58:43.616+0000] {processor.py:186} INFO - Started process (PID=3634) to work on /opt/airflow/dags/urban_data_streaming_dag.py
[2026-06-29T11:58:43.618+0000] {processor.py:914} INFO - Processing file /opt/airflow/dags/urban_data_streaming_dag.py for tasks to queue
[2026-06-29T11:58:43.624+0000] {logging_mixin.py:190} INFO - [2026-06-29T11:58:43.624+0000] {dagbag.py:588} INFO - Filling up the DagBag from /opt/airflow/dags/urban_data_streaming_dag.py
[2026-06-29T11:58:43.674+0000] {processor.py:925} INFO - DAG(s) 'urban_data_streaming_demo' retrieved from /opt/airflow/dags/urban_data_streaming_dag.py
[2026-06-29T11:58:43.731+0000] {logging_mixin.py:190} INFO - [2026-06-29T11:58:43.731+0000] {dag.py:3239} INFO - Sync 1 DAGs
[2026-06-29T11:58:43.756+0000] {logging_mixin.py:190} INFO - [2026-06-29T11:58:43.756+0000] {dag.py:4180} INFO - Setting next_dagrun for urban_data_streaming_demo to None, run_after=None
[2026-06-29T11:58:43.787+0000] {processor.py:208} INFO - Processing /opt/airflow/dags/urban_data_streaming_dag.py took 0.181 seconds
[2026-06-29T11:59:14.621+0000] {processor.py:186} INFO - Started process (PID=3645) to work on /opt/airflow/dags/urban_data_streaming_dag.py
[2026-06-29T11:59:14.623+0000] {processor.py:914} INFO - Processing file /opt/airflow/dags/urban_data_streaming_dag.py for tasks to queue
[2026-06-29T11:59:14.628+0000] {logging_mixin.py:190} INFO - [2026-06-29T11:59:14.627+0000] {dagbag.py:588} INFO - Filling up the DagBag from /opt/airflow/dags/urban_data_streaming_dag.py
[2026-06-29T11:59:14.673+0000] {processor.py:925} INFO - DAG(s) 'urban_data_streaming_demo' retrieved from /opt/airflow/dags/urban_data_streaming_dag.py
[2026-06-29T11:59:14.730+0000] {logging_mixin.py:190} INFO - [2026-06-29T11:59:14.730+0000] {dag.py:3239} INFO - Sync 1 DAGs
[2026-06-29T11:59:14.755+0000] {logging_mixin.py:190} INFO - [2026-06-29T11:59:14.755+0000] {dag.py:4180} INFO - Setting next_dagrun for urban_data_streaming_demo to None, run_after=None
[2026-06-29T11:59:14.792+0000] {processor.py:208} INFO - Processing /opt/airflow/dags/urban_data_streaming_dag.py took 0.181 seconds
[2026-06-29T11:59:45.668+0000] {processor.py:186} INFO - Started process (PID=3663) to work on /opt/airflow/dags/urban_data_streaming_dag.py
[2026-06-29T11:59:45.669+0000] {processor.py:914} INFO - Processing file /opt/airflow/dags/urban_data_streaming_dag.py for tasks to queue
[2026-06-29T11:59:45.674+0000] {logging_mixin.py:190} INFO - [2026-06-29T11:59:45.674+0000] {dagbag.py:588} INFO - Filling up the DagBag from /opt/airflow/dags/urban_data_streaming_dag.py
[2026-06-29T11:59:45.814+0000] {processor.py:925} INFO - DAG(s) 'urban_data_streaming_demo' retrieved from /opt/airflow/dags/urban_data_streaming_dag.py
[2026-06-29T11:59:45.923+0000] {logging_mixin.py:190} INFO - [2026-06-29T11:59:45.922+0000] {dag.py:3239} INFO - Sync 1 DAGs
[2026-06-29T11:59:45.964+0000] {logging_mixin.py:190} INFO - [2026-06-29T11:59:45.964+0000] {dag.py:4180} INFO - Setting next_dagrun for urban_data_streaming_demo to None, run_after=None
[2026-06-29T11:59:46.026+0000] {processor.py:208} INFO - Processing /opt/airflow/dags/urban_data_streaming_dag.py took 0.366 seconds
[2026-06-29T12:00:16.584+0000] {processor.py:186} INFO - Started process (PID=3681) to work on /opt/airflow/dags/urban_data_streaming_dag.py
[2026-06-29T12:00:16.590+0000] {processor.py:914} INFO - Processing file /opt/airflow/dags/urban_data_streaming_dag.py for tasks to queue
[2026-06-29T12:00:16.609+0000] {logging_mixin.py:190} INFO - [2026-06-29T12:00:16.607+0000] {dagbag.py:588} INFO - Filling up the DagBag from /opt/airflow/dags/urban_data_streaming_dag.py
[2026-06-29T12:00:16.695+0000] {processor.py:925} INFO - DAG(s) 'urban_data_streaming_demo' retrieved from /opt/airflow/dags/urban_data_streaming_dag.py
[2026-06-29T12:00:16.809+0000] {logging_mixin.py:190} INFO - [2026-06-29T12:00:16.807+0000] {dag.py:3239} INFO - Sync 1 DAGs
[2026-06-29T12:00:16.835+0000] {logging_mixin.py:190} INFO - [2026-06-29T12:00:16.835+0000] {dag.py:4180} INFO - Setting next_dagrun for urban_data_streaming_demo to None, run_after=None
[2026-06-29T12:00:16.893+0000] {processor.py:208} INFO - Processing /opt/airflow/dags/urban_data_streaming_dag.py took 0.347 seconds
[2026-06-29T12:00:47.558+0000] {processor.py:186} INFO - Started process (PID=3699) to work on /opt/airflow/dags/urban_data_streaming_dag.py
[2026-06-29T12:00:47.561+0000] {processor.py:914} INFO - Processing file /opt/airflow/dags/urban_data_streaming_dag.py for tasks to queue
[2026-06-29T12:00:47.571+0000] {logging_mixin.py:190} INFO - [2026-06-29T12:00:47.569+0000] {dagbag.py:588} INFO - Filling up the DagBag from /opt/airflow/dags/urban_data_streaming_dag.py
[2026-06-29T12:00:47.702+0000] {processor.py:925} INFO - DAG(s) 'urban_data_streaming_demo' retrieved from /opt/airflow/dags/urban_data_streaming_dag.py
[2026-06-29T12:00:47.748+0000] {logging_mixin.py:190} INFO - [2026-06-29T12:00:47.748+0000] {dag.py:3239} INFO - Sync 1 DAGs
[2026-06-29T12:00:47.775+0000] {logging_mixin.py:190} INFO - [2026-06-29T12:00:47.775+0000] {dag.py:4180} INFO - Setting next_dagrun for urban_data_streaming_demo to None, run_after=None
[2026-06-29T12:00:47.846+0000] {processor.py:208} INFO - Processing /opt/airflow/dags/urban_data_streaming_dag.py took 0.309 seconds
[2026-06-29T12:01:18.240+0000] {processor.py:186} INFO - Started process (PID=3717) to work on /opt/airflow/dags/urban_data_streaming_dag.py
[2026-06-29T12:01:18.246+0000] {processor.py:914} INFO - Processing file /opt/airflow/dags/urban_data_streaming_dag.py for tasks to queue
[2026-06-29T12:01:18.253+0000] {logging_mixin.py:190} INFO - [2026-06-29T12:01:18.253+0000] {dagbag.py:588} INFO - Filling up the DagBag from /opt/airflow/dags/urban_data_streaming_dag.py
[2026-06-29T12:01:18.411+0000] {processor.py:925} INFO - DAG(s) 'urban_data_streaming_demo' retrieved from /opt/airflow/dags/urban_data_streaming_dag.py
[2026-06-29T12:01:18.473+0000] {logging_mixin.py:190} INFO - [2026-06-29T12:01:18.473+0000] {dag.py:3239} INFO - Sync 1 DAGs
[2026-06-29T12:01:18.498+0000] {logging_mixin.py:190} INFO - [2026-06-29T12:01:18.497+0000] {dag.py:4180} INFO - Setting next_dagrun for urban_data_streaming_demo to None, run_after=None
[2026-06-29T12:01:18.535+0000] {processor.py:208} INFO - Processing /opt/airflow/dags/urban_data_streaming_dag.py took 0.316 seconds
[2026-06-29T12:01:49.257+0000] {processor.py:186} INFO - Started process (PID=3734) to work on /opt/airflow/dags/urban_data_streaming_dag.py
[2026-06-29T12:01:49.264+0000] {processor.py:914} INFO - Processing file /opt/airflow/dags/urban_data_streaming_dag.py for tasks to queue
[2026-06-29T12:01:49.278+0000] {logging_mixin.py:190} INFO - [2026-06-29T12:01:49.276+0000] {dagbag.py:588} INFO - Filling up the DagBag from /opt/airflow/dags/urban_data_streaming_dag.py
[2026-06-29T12:01:49.359+0000] {processor.py:925} INFO - DAG(s) 'urban_data_streaming_demo' retrieved from /opt/airflow/dags/urban_data_streaming_dag.py
[2026-06-29T12:01:49.417+0000] {logging_mixin.py:190} INFO - [2026-06-29T12:01:49.417+0000] {dag.py:3239} INFO - Sync 1 DAGs
[2026-06-29T12:01:49.436+0000] {logging_mixin.py:190} INFO - [2026-06-29T12:01:49.436+0000] {dag.py:4180} INFO - Setting next_dagrun for urban_data_streaming_demo to None, run_after=None
[2026-06-29T12:01:49.475+0000] {processor.py:208} INFO - Processing /opt/airflow/dags/urban_data_streaming_dag.py took 0.263 seconds
[2026-06-29T12:02:20.502+0000] {processor.py:186} INFO - Started process (PID=3745) to work on /opt/airflow/dags/urban_data_streaming_dag.py
[2026-06-29T12:02:20.507+0000] {processor.py:914} INFO - Processing file /opt/airflow/dags/urban_data_streaming_dag.py for tasks to queue
[2026-06-29T12:02:20.515+0000] {logging_mixin.py:190} INFO - [2026-06-29T12:02:20.514+0000] {dagbag.py:588} INFO - Filling up the DagBag from /opt/airflow/dags/urban_data_streaming_dag.py
[2026-06-29T12:02:20.685+0000] {processor.py:925} INFO - DAG(s) 'urban_data_streaming_demo' retrieved from /opt/airflow/dags/urban_data_streaming_dag.py
[2026-06-29T12:02:20.824+0000] {logging_mixin.py:190} INFO - [2026-06-29T12:02:20.824+0000] {dag.py:3239} INFO - Sync 1 DAGs
[2026-06-29T12:02:20.852+0000] {logging_mixin.py:190} INFO - [2026-06-29T12:02:20.851+0000] {dag.py:4180} INFO - Setting next_dagrun for urban_data_streaming_demo to None, run_after=None
[2026-06-29T12:02:20.890+0000] {processor.py:208} INFO - Processing /opt/airflow/dags/urban_data_streaming_dag.py took 0.414 seconds
[2026-06-29T12:02:51.578+0000] {processor.py:186} INFO - Started process (PID=3763) to work on /opt/airflow/dags/urban_data_streaming_dag.py
[2026-06-29T12:02:51.585+0000] {processor.py:914} INFO - Processing file /opt/airflow/dags/urban_data_streaming_dag.py for tasks to queue
[2026-06-29T12:02:51.592+0000] {logging_mixin.py:190} INFO - [2026-06-29T12:02:51.591+0000] {dagbag.py:588} INFO - Filling up the DagBag from /opt/airflow/dags/urban_data_streaming_dag.py
[2026-06-29T12:02:51.725+0000] {processor.py:925} INFO - DAG(s) 'urban_data_streaming_demo' retrieved from /opt/airflow/dags/urban_data_streaming_dag.py
[2026-06-29T12:02:51.814+0000] {logging_mixin.py:190} INFO - [2026-06-29T12:02:51.813+0000] {dag.py:3239} INFO - Sync 1 DAGs
[2026-06-29T12:02:51.857+0000] {logging_mixin.py:190} INFO - [2026-06-29T12:02:51.856+0000] {dag.py:4180} INFO - Setting next_dagrun for urban_data_streaming_demo to None, run_after=None
[2026-06-29T12:02:51.959+0000] {processor.py:208} INFO - Processing /opt/airflow/dags/urban_data_streaming_dag.py took 0.401 seconds
[2026-06-29T12:03:22.838+0000] {processor.py:186} INFO - Started process (PID=3781) to work on /opt/airflow/dags/urban_data_streaming_dag.py
[2026-06-29T12:03:22.839+0000] {processor.py:914} INFO - Processing file /opt/airflow/dags/urban_data_streaming_dag.py for tasks to queue
[2026-06-29T12:03:22.844+0000] {logging_mixin.py:190} INFO - [2026-06-29T12:03:22.843+0000] {dagbag.py:588} INFO - Filling up the DagBag from /opt/airflow/dags/urban_data_streaming_dag.py
[2026-06-29T12:03:22.899+0000] {processor.py:925} INFO - DAG(s) 'urban_data_streaming_demo' retrieved from /opt/airflow/dags/urban_data_streaming_dag.py
[2026-06-29T12:03:22.943+0000] {logging_mixin.py:190} INFO - [2026-06-29T12:03:22.943+0000] {dag.py:3239} INFO - Sync 1 DAGs
[2026-06-29T12:03:22.963+0000] {logging_mixin.py:190} INFO - [2026-06-29T12:03:22.963+0000] {dag.py:4180} INFO - Setting next_dagrun for urban_data_streaming_demo to None, run_after=None
[2026-06-29T12:03:22.994+0000] {processor.py:208} INFO - Processing /opt/airflow/dags/urban_data_streaming_dag.py took 0.167 seconds
[2026-06-29T12:03:53.847+0000] {processor.py:186} INFO - Started process (PID=3799) to work on /opt/airflow/dags/urban_data_streaming_dag.py
[2026-06-29T12:03:53.849+0000] {processor.py:914} INFO - Processing file /opt/airflow/dags/urban_data_streaming_dag.py for tasks to queue
[2026-06-29T12:03:53.856+0000] {logging_mixin.py:190} INFO - [2026-06-29T12:03:53.854+0000] {dagbag.py:588} INFO - Filling up the DagBag from /opt/airflow/dags/urban_data_streaming_dag.py
[2026-06-29T12:03:53.894+0000] {processor.py:925} INFO - DAG(s) 'urban_data_streaming_demo' retrieved from /opt/airflow/dags/urban_data_streaming_dag.py
[2026-06-29T12:03:53.937+0000] {logging_mixin.py:190} INFO - [2026-06-29T12:03:53.937+0000] {dag.py:3239} INFO - Sync 1 DAGs
[2026-06-29T12:03:53.956+0000] {logging_mixin.py:190} INFO - [2026-06-29T12:03:53.956+0000] {dag.py:4180} INFO - Setting next_dagrun for urban_data_streaming_demo to None, run_after=None
[2026-06-29T12:03:53.982+0000] {processor.py:208} INFO - Processing /opt/airflow/dags/urban_data_streaming_dag.py took 0.146 seconds
[2026-06-29T12:04:24.495+0000] {processor.py:186} INFO - Started process (PID=3817) to work on /opt/airflow/dags/urban_data_streaming_dag.py
[2026-06-29T12:04:24.498+0000] {processor.py:914} INFO - Processing file /opt/airflow/dags/urban_data_streaming_dag.py for tasks to queue
[2026-06-29T12:04:24.502+0000] {logging_mixin.py:190} INFO - [2026-06-29T12:04:24.502+0000] {dagbag.py:588} INFO - Filling up the DagBag from /opt/airflow/dags/urban_data_streaming_dag.py
[2026-06-29T12:04:24.555+0000] {processor.py:925} INFO - DAG(s) 'urban_data_streaming_demo' retrieved from /opt/airflow/dags/urban_data_streaming_dag.py
[2026-06-29T12:04:24.602+0000] {logging_mixin.py:190} INFO - [2026-06-29T12:04:24.602+0000] {dag.py:3239} INFO - Sync 1 DAGs
[2026-06-29T12:04:24.624+0000] {logging_mixin.py:190} INFO - [2026-06-29T12:04:24.624+0000] {dag.py:4180} INFO - Setting next_dagrun for urban_data_streaming_demo to None, run_after=None
[2026-06-29T12:04:24.659+0000] {processor.py:208} INFO - Processing /opt/airflow/dags/urban_data_streaming_dag.py took 0.174 seconds
[2026-06-29T12:04:54.834+0000] {processor.py:186} INFO - Started process (PID=3835) to work on /opt/airflow/dags/urban_data_streaming_dag.py
[2026-06-29T12:04:54.836+0000] {processor.py:914} INFO - Processing file /opt/airflow/dags/urban_data_streaming_dag.py for tasks to queue
[2026-06-29T12:04:54.841+0000] {logging_mixin.py:190} INFO - [2026-06-29T12:04:54.840+0000] {dagbag.py:588} INFO - Filling up the DagBag from /opt/airflow/dags/urban_data_streaming_dag.py
[2026-06-29T12:04:54.902+0000] {processor.py:925} INFO - DAG(s) 'urban_data_streaming_demo' retrieved from /opt/airflow/dags/urban_data_streaming_dag.py
[2026-06-29T12:04:54.954+0000] {logging_mixin.py:190} INFO - [2026-06-29T12:04:54.954+0000] {dag.py:3239} INFO - Sync 1 DAGs
[2026-06-29T12:04:54.976+0000] {logging_mixin.py:190} INFO - [2026-06-29T12:04:54.975+0000] {dag.py:4180} INFO - Setting next_dagrun for urban_data_streaming_demo to None, run_after=None
[2026-06-29T12:04:55.017+0000] {processor.py:208} INFO - Processing /opt/airflow/dags/urban_data_streaming_dag.py took 0.192 seconds
[2026-06-29T12:05:25.182+0000] {processor.py:186} INFO - Started process (PID=3845) to work on /opt/airflow/dags/urban_data_streaming_dag.py
[2026-06-29T12:05:25.184+0000] {processor.py:914} INFO - Processing file /opt/airflow/dags/urban_data_streaming_dag.py for tasks to queue
[2026-06-29T12:05:25.188+0000] {logging_mixin.py:190} INFO - [2026-06-29T12:05:25.187+0000] {dagbag.py:588} INFO - Filling up the DagBag from /opt/airflow/dags/urban_data_streaming_dag.py
[2026-06-29T12:05:25.216+0000] {processor.py:925} INFO - DAG(s) 'urban_data_streaming_demo' retrieved from /opt/airflow/dags/urban_data_streaming_dag.py
[2026-06-29T12:05:25.259+0000] {logging_mixin.py:190} INFO - [2026-06-29T12:05:25.259+0000] {dag.py:3239} INFO - Sync 1 DAGs
[2026-06-29T12:05:25.276+0000] {logging_mixin.py:190} INFO - [2026-06-29T12:05:25.276+0000] {dag.py:4180} INFO - Setting next_dagrun for urban_data_streaming_demo to None, run_after=None
[2026-06-29T12:05:25.299+0000] {processor.py:208} INFO - Processing /opt/airflow/dags/urban_data_streaming_dag.py took 0.125 seconds
[2026-06-29T12:05:55.547+0000] {processor.py:186} INFO - Started process (PID=3863) to work on /opt/airflow/dags/urban_data_streaming_dag.py
[2026-06-29T12:05:55.549+0000] {processor.py:914} INFO - Processing file /opt/airflow/dags/urban_data_streaming_dag.py for tasks to queue
[2026-06-29T12:05:55.554+0000] {logging_mixin.py:190} INFO - [2026-06-29T12:05:55.553+0000] {dagbag.py:588} INFO - Filling up the DagBag from /opt/airflow/dags/urban_data_streaming_dag.py
[2026-06-29T12:05:55.607+0000] {processor.py:925} INFO - DAG(s) 'urban_data_streaming_demo' retrieved from /opt/airflow/dags/urban_data_streaming_dag.py
[2026-06-29T12:05:55.655+0000] {logging_mixin.py:190} INFO - [2026-06-29T12:05:55.655+0000] {dag.py:3239} INFO - Sync 1 DAGs
[2026-06-29T12:05:55.678+0000] {logging_mixin.py:190} INFO - [2026-06-29T12:05:55.678+0000] {dag.py:4180} INFO - Setting next_dagrun for urban_data_streaming_demo to None, run_after=None
[2026-06-29T12:05:55.711+0000] {processor.py:208} INFO - Processing /opt/airflow/dags/urban_data_streaming_dag.py took 0.176 seconds
[2026-06-29T12:06:26.489+0000] {processor.py:186} INFO - Started process (PID=3881) to work on /opt/airflow/dags/urban_data_streaming_dag.py
[2026-06-29T12:06:26.492+0000] {processor.py:914} INFO - Processing file /opt/airflow/dags/urban_data_streaming_dag.py for tasks to queue
[2026-06-29T12:06:26.499+0000] {logging_mixin.py:190} INFO - [2026-06-29T12:06:26.497+0000] {dagbag.py:588} INFO - Filling up the DagBag from /opt/airflow/dags/urban_data_streaming_dag.py
[2026-06-29T12:06:26.588+0000] {processor.py:925} INFO - DAG(s) 'urban_data_streaming_demo' retrieved from /opt/airflow/dags/urban_data_streaming_dag.py
[2026-06-29T12:06:26.638+0000] {logging_mixin.py:190} INFO - [2026-06-29T12:06:26.637+0000] {dag.py:3239} INFO - Sync 1 DAGs
[2026-06-29T12:06:26.656+0000] {logging_mixin.py:190} INFO - [2026-06-29T12:06:26.655+0000] {dag.py:4180} INFO - Setting next_dagrun for urban_data_streaming_demo to None, run_after=None
[2026-06-29T12:06:26.696+0000] {processor.py:208} INFO - Processing /opt/airflow/dags/urban_data_streaming_dag.py took 0.226 seconds
[2026-06-29T12:06:56.883+0000] {processor.py:186} INFO - Started process (PID=3899) to work on /opt/airflow/dags/urban_data_streaming_dag.py
[2026-06-29T12:06:56.885+0000] {processor.py:914} INFO - Processing file /opt/airflow/dags/urban_data_streaming_dag.py for tasks to queue
[2026-06-29T12:06:56.889+0000] {logging_mixin.py:190} INFO - [2026-06-29T12:06:56.889+0000] {dagbag.py:588} INFO - Filling up the DagBag from /opt/airflow/dags/urban_data_streaming_dag.py
[2026-06-29T12:06:56.934+0000] {processor.py:925} INFO - DAG(s) 'urban_data_streaming_demo' retrieved from /opt/airflow/dags/urban_data_streaming_dag.py
[2026-06-29T12:06:56.984+0000] {logging_mixin.py:190} INFO - [2026-06-29T12:06:56.983+0000] {dag.py:3239} INFO - Sync 1 DAGs
[2026-06-29T12:06:57.002+0000] {logging_mixin.py:190} INFO - [2026-06-29T12:06:57.002+0000] {dag.py:4180} INFO - Setting next_dagrun for urban_data_streaming_demo to None, run_after=None
[2026-06-29T12:06:57.034+0000] {processor.py:208} INFO - Processing /opt/airflow/dags/urban_data_streaming_dag.py took 0.161 seconds
[2026-06-29T12:07:28.064+0000] {processor.py:186} INFO - Started process (PID=3917) to work on /opt/airflow/dags/urban_data_streaming_dag.py
[2026-06-29T12:07:28.068+0000] {processor.py:914} INFO - Processing file /opt/airflow/dags/urban_data_streaming_dag.py for tasks to queue
[2026-06-29T12:07:28.075+0000] {logging_mixin.py:190} INFO - [2026-06-29T12:07:28.074+0000] {dagbag.py:588} INFO - Filling up the DagBag from /opt/airflow/dags/urban_data_streaming_dag.py
[2026-06-29T12:07:28.156+0000] {processor.py:925} INFO - DAG(s) 'urban_data_streaming_demo' retrieved from /opt/airflow/dags/urban_data_streaming_dag.py
[2026-06-29T12:07:28.239+0000] {logging_mixin.py:190} INFO - [2026-06-29T12:07:28.238+0000] {dag.py:3239} INFO - Sync 1 DAGs
[2026-06-29T12:07:28.271+0000] {logging_mixin.py:190} INFO - [2026-06-29T12:07:28.271+0000] {dag.py:4180} INFO - Setting next_dagrun for urban_data_streaming_demo to None, run_after=None
[2026-06-29T12:07:28.308+0000] {processor.py:208} INFO - Processing /opt/airflow/dags/urban_data_streaming_dag.py took 0.257 seconds
[2026-06-29T12:07:58.699+0000] {processor.py:186} INFO - Started process (PID=3935) to work on /opt/airflow/dags/urban_data_streaming_dag.py
[2026-06-29T12:07:58.703+0000] {processor.py:914} INFO - Processing file /opt/airflow/dags/urban_data_streaming_dag.py for tasks to queue
[2026-06-29T12:07:58.708+0000] {logging_mixin.py:190} INFO - [2026-06-29T12:07:58.707+0000] {dagbag.py:588} INFO - Filling up the DagBag from /opt/airflow/dags/urban_data_streaming_dag.py
[2026-06-29T12:07:58.762+0000] {processor.py:925} INFO - DAG(s) 'urban_data_streaming_demo' retrieved from /opt/airflow/dags/urban_data_streaming_dag.py
[2026-06-29T12:07:58.811+0000] {logging_mixin.py:190} INFO - [2026-06-29T12:07:58.810+0000] {dag.py:3239} INFO - Sync 1 DAGs
[2026-06-29T12:07:58.836+0000] {logging_mixin.py:190} INFO - [2026-06-29T12:07:58.835+0000] {dag.py:4180} INFO - Setting next_dagrun for urban_data_streaming_demo to None, run_after=None
[2026-06-29T12:07:58.878+0000] {processor.py:208} INFO - Processing /opt/airflow/dags/urban_data_streaming_dag.py took 0.191 seconds
[2026-06-29T12:08:29.144+0000] {processor.py:186} INFO - Started process (PID=3952) to work on /opt/airflow/dags/urban_data_streaming_dag.py
[2026-06-29T12:08:29.148+0000] {processor.py:914} INFO - Processing file /opt/airflow/dags/urban_data_streaming_dag.py for tasks to queue
[2026-06-29T12:08:29.153+0000] {logging_mixin.py:190} INFO - [2026-06-29T12:08:29.153+0000] {dagbag.py:588} INFO - Filling up the DagBag from /opt/airflow/dags/urban_data_streaming_dag.py
[2026-06-29T12:08:29.221+0000] {processor.py:925} INFO - DAG(s) 'urban_data_streaming_demo' retrieved from /opt/airflow/dags/urban_data_streaming_dag.py
[2026-06-29T12:08:29.285+0000] {logging_mixin.py:190} INFO - [2026-06-29T12:08:29.285+0000] {dag.py:3239} INFO - Sync 1 DAGs
[2026-06-29T12:08:29.314+0000] {logging_mixin.py:190} INFO - [2026-06-29T12:08:29.313+0000] {dag.py:4180} INFO - Setting next_dagrun for urban_data_streaming_demo to None, run_after=None
[2026-06-29T12:08:29.369+0000] {processor.py:208} INFO - Processing /opt/airflow/dags/urban_data_streaming_dag.py took 0.239 seconds
[2026-06-29T12:08:59.886+0000] {processor.py:186} INFO - Started process (PID=3963) to work on /opt/airflow/dags/urban_data_streaming_dag.py
[2026-06-29T12:08:59.889+0000] {processor.py:914} INFO - Processing file /opt/airflow/dags/urban_data_streaming_dag.py for tasks to queue
[2026-06-29T12:08:59.898+0000] {logging_mixin.py:190} INFO - [2026-06-29T12:08:59.897+0000] {dagbag.py:588} INFO - Filling up the DagBag from /opt/airflow/dags/urban_data_streaming_dag.py
[2026-06-29T12:08:59.993+0000] {processor.py:925} INFO - DAG(s) 'urban_data_streaming_demo' retrieved from /opt/airflow/dags/urban_data_streaming_dag.py
[2026-06-29T12:09:00.143+0000] {logging_mixin.py:190} INFO - [2026-06-29T12:09:00.142+0000] {dag.py:3239} INFO - Sync 1 DAGs
[2026-06-29T12:09:00.189+0000] {logging_mixin.py:190} INFO - [2026-06-29T12:09:00.188+0000] {dag.py:4180} INFO - Setting next_dagrun for urban_data_streaming_demo to None, run_after=None
[2026-06-29T12:09:00.258+0000] {processor.py:208} INFO - Processing /opt/airflow/dags/urban_data_streaming_dag.py took 0.395 seconds
[2026-06-29T12:09:31.050+0000] {processor.py:186} INFO - Started process (PID=3981) to work on /opt/airflow/dags/urban_data_streaming_dag.py
[2026-06-29T12:09:31.052+0000] {processor.py:914} INFO - Processing file /opt/airflow/dags/urban_data_streaming_dag.py for tasks to queue
[2026-06-29T12:09:31.056+0000] {logging_mixin.py:190} INFO - [2026-06-29T12:09:31.055+0000] {dagbag.py:588} INFO - Filling up the DagBag from /opt/airflow/dags/urban_data_streaming_dag.py
[2026-06-29T12:09:31.107+0000] {processor.py:925} INFO - DAG(s) 'urban_data_streaming_demo' retrieved from /opt/airflow/dags/urban_data_streaming_dag.py
[2026-06-29T12:09:31.161+0000] {logging_mixin.py:190} INFO - [2026-06-29T12:09:31.160+0000] {dag.py:3239} INFO - Sync 1 DAGs
[2026-06-29T12:09:31.188+0000] {logging_mixin.py:190} INFO - [2026-06-29T12:09:31.188+0000] {dag.py:4180} INFO - Setting next_dagrun for urban_data_streaming_demo to None, run_after=None
[2026-06-29T12:09:31.227+0000] {processor.py:208} INFO - Processing /opt/airflow/dags/urban_data_streaming_dag.py took 0.186 seconds
[2026-06-29T12:10:01.883+0000] {processor.py:186} INFO - Started process (PID=3999) to work on /opt/airflow/dags/urban_data_streaming_dag.py
[2026-06-29T12:10:01.886+0000] {processor.py:914} INFO - Processing file /opt/airflow/dags/urban_data_streaming_dag.py for tasks to queue
[2026-06-29T12:10:01.895+0000] {logging_mixin.py:190} INFO - [2026-06-29T12:10:01.894+0000] {dagbag.py:588} INFO - Filling up the DagBag from /opt/airflow/dags/urban_data_streaming_dag.py
[2026-06-29T12:10:02.014+0000] {processor.py:925} INFO - DAG(s) 'urban_data_streaming_demo' retrieved from /opt/airflow/dags/urban_data_streaming_dag.py
[2026-06-29T12:10:02.080+0000] {logging_mixin.py:190} INFO - [2026-06-29T12:10:02.080+0000] {dag.py:3239} INFO - Sync 1 DAGs
[2026-06-29T12:10:02.104+0000] {logging_mixin.py:190} INFO - [2026-06-29T12:10:02.103+0000] {dag.py:4180} INFO - Setting next_dagrun for urban_data_streaming_demo to None, run_after=None
[2026-06-29T12:10:02.168+0000] {processor.py:208} INFO - Processing /opt/airflow/dags/urban_data_streaming_dag.py took 0.309 seconds
[2026-06-29T12:10:32.561+0000] {processor.py:186} INFO - Started process (PID=4017) to work on /opt/airflow/dags/urban_data_streaming_dag.py
[2026-06-29T12:10:32.563+0000] {processor.py:914} INFO - Processing file /opt/airflow/dags/urban_data_streaming_dag.py for tasks to queue
[2026-06-29T12:10:32.568+0000] {logging_mixin.py:190} INFO - [2026-06-29T12:10:32.568+0000] {dagbag.py:588} INFO - Filling up the DagBag from /opt/airflow/dags/urban_data_streaming_dag.py
[2026-06-29T12:10:32.606+0000] {processor.py:925} INFO - DAG(s) 'urban_data_streaming_demo' retrieved from /opt/airflow/dags/urban_data_streaming_dag.py
[2026-06-29T12:10:32.657+0000] {logging_mixin.py:190} INFO - [2026-06-29T12:10:32.657+0000] {dag.py:3239} INFO - Sync 1 DAGs
[2026-06-29T12:10:32.683+0000] {logging_mixin.py:190} INFO - [2026-06-29T12:10:32.683+0000] {dag.py:4180} INFO - Setting next_dagrun for urban_data_streaming_demo to None, run_after=None
[2026-06-29T12:10:32.725+0000] {processor.py:208} INFO - Processing /opt/airflow/dags/urban_data_streaming_dag.py took 0.176 seconds
[2026-06-29T12:11:03.473+0000] {processor.py:186} INFO - Started process (PID=4035) to work on /opt/airflow/dags/urban_data_streaming_dag.py
[2026-06-29T12:11:03.475+0000] {processor.py:914} INFO - Processing file /opt/airflow/dags/urban_data_streaming_dag.py for tasks to queue
[2026-06-29T12:11:03.479+0000] {logging_mixin.py:190} INFO - [2026-06-29T12:11:03.479+0000] {dagbag.py:588} INFO - Filling up the DagBag from /opt/airflow/dags/urban_data_streaming_dag.py
[2026-06-29T12:11:03.535+0000] {processor.py:925} INFO - DAG(s) 'urban_data_streaming_demo' retrieved from /opt/airflow/dags/urban_data_streaming_dag.py
[2026-06-29T12:11:03.583+0000] {logging_mixin.py:190} INFO - [2026-06-29T12:11:03.583+0000] {dag.py:3239} INFO - Sync 1 DAGs
[2026-06-29T12:11:03.605+0000] {logging_mixin.py:190} INFO - [2026-06-29T12:11:03.604+0000] {dag.py:4180} INFO - Setting next_dagrun for urban_data_streaming_demo to None, run_after=None
[2026-06-29T12:11:03.640+0000] {processor.py:208} INFO - Processing /opt/airflow/dags/urban_data_streaming_dag.py took 0.177 seconds
[2026-06-29T12:11:34.349+0000] {processor.py:186} INFO - Started process (PID=4053) to work on /opt/airflow/dags/urban_data_streaming_dag.py
[2026-06-29T12:11:34.352+0000] {processor.py:914} INFO - Processing file /opt/airflow/dags/urban_data_streaming_dag.py for tasks to queue
[2026-06-29T12:11:34.356+0000] {logging_mixin.py:190} INFO - [2026-06-29T12:11:34.356+0000] {dagbag.py:588} INFO - Filling up the DagBag from /opt/airflow/dags/urban_data_streaming_dag.py
[2026-06-29T12:11:34.400+0000] {processor.py:925} INFO - DAG(s) 'urban_data_streaming_demo' retrieved from /opt/airflow/dags/urban_data_streaming_dag.py
[2026-06-29T12:11:34.450+0000] {logging_mixin.py:190} INFO - [2026-06-29T12:11:34.450+0000] {dag.py:3239} INFO - Sync 1 DAGs
[2026-06-29T12:11:34.477+0000] {logging_mixin.py:190} INFO - [2026-06-29T12:11:34.476+0000] {dag.py:4180} INFO - Setting next_dagrun for urban_data_streaming_demo to None, run_after=None
[2026-06-29T12:11:34.519+0000] {processor.py:208} INFO - Processing /opt/airflow/dags/urban_data_streaming_dag.py took 0.180 seconds
[2026-06-29T12:12:05.477+0000] {processor.py:186} INFO - Started process (PID=4070) to work on /opt/airflow/dags/urban_data_streaming_dag.py
[2026-06-29T12:12:05.479+0000] {processor.py:914} INFO - Processing file /opt/airflow/dags/urban_data_streaming_dag.py for tasks to queue
[2026-06-29T12:12:05.485+0000] {logging_mixin.py:190} INFO - [2026-06-29T12:12:05.484+0000] {dagbag.py:588} INFO - Filling up the DagBag from /opt/airflow/dags/urban_data_streaming_dag.py
[2026-06-29T12:12:05.522+0000] {processor.py:925} INFO - DAG(s) 'urban_data_streaming_demo' retrieved from /opt/airflow/dags/urban_data_streaming_dag.py
[2026-06-29T12:12:05.563+0000] {logging_mixin.py:190} INFO - [2026-06-29T12:12:05.562+0000] {dag.py:3239} INFO - Sync 1 DAGs
[2026-06-29T12:12:05.581+0000] {logging_mixin.py:190} INFO - [2026-06-29T12:12:05.581+0000] {dag.py:4180} INFO - Setting next_dagrun for urban_data_streaming_demo to None, run_after=None
[2026-06-29T12:12:05.612+0000] {processor.py:208} INFO - Processing /opt/airflow/dags/urban_data_streaming_dag.py took 0.145 seconds
[2026-06-29T12:12:35.955+0000] {processor.py:186} INFO - Started process (PID=4081) to work on /opt/airflow/dags/urban_data_streaming_dag.py
[2026-06-29T12:12:35.957+0000] {processor.py:914} INFO - Processing file /opt/airflow/dags/urban_data_streaming_dag.py for tasks to queue
[2026-06-29T12:12:35.960+0000] {logging_mixin.py:190} INFO - [2026-06-29T12:12:35.960+0000] {dagbag.py:588} INFO - Filling up the DagBag from /opt/airflow/dags/urban_data_streaming_dag.py
[2026-06-29T12:12:35.989+0000] {processor.py:925} INFO - DAG(s) 'urban_data_streaming_demo' retrieved from /opt/airflow/dags/urban_data_streaming_dag.py
[2026-06-29T12:12:36.034+0000] {logging_mixin.py:190} INFO - [2026-06-29T12:12:36.034+0000] {dag.py:3239} INFO - Sync 1 DAGs
[2026-06-29T12:12:36.053+0000] {logging_mixin.py:190} INFO - [2026-06-29T12:12:36.053+0000] {dag.py:4180} INFO - Setting next_dagrun for urban_data_streaming_demo to None, run_after=None
[2026-06-29T12:12:36.078+0000] {processor.py:208} INFO - Processing /opt/airflow/dags/urban_data_streaming_dag.py took 0.129 seconds
[2026-06-29T12:13:06.186+0000] {processor.py:186} INFO - Started process (PID=4099) to work on /opt/airflow/dags/urban_data_streaming_dag.py
[2026-06-29T12:13:06.188+0000] {processor.py:914} INFO - Processing file /opt/airflow/dags/urban_data_streaming_dag.py for tasks to queue
[2026-06-29T12:13:06.193+0000] {logging_mixin.py:190} INFO - [2026-06-29T12:13:06.193+0000] {dagbag.py:588} INFO - Filling up the DagBag from /opt/airflow/dags/urban_data_streaming_dag.py
[2026-06-29T12:13:06.235+0000] {processor.py:925} INFO - DAG(s) 'urban_data_streaming_demo' retrieved from /opt/airflow/dags/urban_data_streaming_dag.py
[2026-06-29T12:13:06.294+0000] {logging_mixin.py:190} INFO - [2026-06-29T12:13:06.294+0000] {dag.py:3239} INFO - Sync 1 DAGs
[2026-06-29T12:13:06.322+0000] {logging_mixin.py:190} INFO - [2026-06-29T12:13:06.322+0000] {dag.py:4180} INFO - Setting next_dagrun for urban_data_streaming_demo to None, run_after=None
[2026-06-29T12:13:06.356+0000] {processor.py:208} INFO - Processing /opt/airflow/dags/urban_data_streaming_dag.py took 0.181 seconds
[2026-06-29T12:13:37.326+0000] {processor.py:186} INFO - Started process (PID=4117) to work on /opt/airflow/dags/urban_data_streaming_dag.py
[2026-06-29T12:13:37.330+0000] {processor.py:914} INFO - Processing file /opt/airflow/dags/urban_data_streaming_dag.py for tasks to queue
[2026-06-29T12:13:37.340+0000] {logging_mixin.py:190} INFO - [2026-06-29T12:13:37.339+0000] {dagbag.py:588} INFO - Filling up the DagBag from /opt/airflow/dags/urban_data_streaming_dag.py
[2026-06-29T12:13:37.424+0000] {processor.py:925} INFO - DAG(s) 'urban_data_streaming_demo' retrieved from /opt/airflow/dags/urban_data_streaming_dag.py
[2026-06-29T12:13:37.483+0000] {logging_mixin.py:190} INFO - [2026-06-29T12:13:37.483+0000] {dag.py:3239} INFO - Sync 1 DAGs
[2026-06-29T12:13:37.503+0000] {logging_mixin.py:190} INFO - [2026-06-29T12:13:37.503+0000] {dag.py:4180} INFO - Setting next_dagrun for urban_data_streaming_demo to None, run_after=None
[2026-06-29T12:13:37.538+0000] {processor.py:208} INFO - Processing /opt/airflow/dags/urban_data_streaming_dag.py took 0.229 seconds
[2026-06-29T12:14:07.975+0000] {processor.py:186} INFO - Started process (PID=4135) to work on /opt/airflow/dags/urban_data_streaming_dag.py
[2026-06-29T12:14:07.977+0000] {processor.py:914} INFO - Processing file /opt/airflow/dags/urban_data_streaming_dag.py for tasks to queue
[2026-06-29T12:14:07.980+0000] {logging_mixin.py:190} INFO - [2026-06-29T12:14:07.980+0000] {dagbag.py:588} INFO - Filling up the DagBag from /opt/airflow/dags/urban_data_streaming_dag.py
[2026-06-29T12:14:08.018+0000] {processor.py:925} INFO - DAG(s) 'urban_data_streaming_demo' retrieved from /opt/airflow/dags/urban_data_streaming_dag.py
[2026-06-29T12:14:08.065+0000] {logging_mixin.py:190} INFO - [2026-06-29T12:14:08.065+0000] {dag.py:3239} INFO - Sync 1 DAGs
[2026-06-29T12:14:08.088+0000] {logging_mixin.py:190} INFO - [2026-06-29T12:14:08.088+0000] {dag.py:4180} INFO - Setting next_dagrun for urban_data_streaming_demo to None, run_after=None
[2026-06-29T12:14:08.119+0000] {processor.py:208} INFO - Processing /opt/airflow/dags/urban_data_streaming_dag.py took 0.152 seconds
[2026-06-29T12:14:38.672+0000] {processor.py:186} INFO - Started process (PID=4153) to work on /opt/airflow/dags/urban_data_streaming_dag.py
[2026-06-29T12:14:38.677+0000] {processor.py:914} INFO - Processing file /opt/airflow/dags/urban_data_streaming_dag.py for tasks to queue
[2026-06-29T12:14:38.689+0000] {logging_mixin.py:190} INFO - [2026-06-29T12:14:38.688+0000] {dagbag.py:588} INFO - Filling up the DagBag from /opt/airflow/dags/urban_data_streaming_dag.py
[2026-06-29T12:14:38.809+0000] {processor.py:925} INFO - DAG(s) 'urban_data_streaming_demo' retrieved from /opt/airflow/dags/urban_data_streaming_dag.py
[2026-06-29T12:14:38.870+0000] {logging_mixin.py:190} INFO - [2026-06-29T12:14:38.870+0000] {dag.py:3239} INFO - Sync 1 DAGs
[2026-06-29T12:14:38.910+0000] {logging_mixin.py:190} INFO - [2026-06-29T12:14:38.909+0000] {dag.py:4180} INFO - Setting next_dagrun for urban_data_streaming_demo to None, run_after=None
[2026-06-29T12:14:38.952+0000] {processor.py:208} INFO - Processing /opt/airflow/dags/urban_data_streaming_dag.py took 0.300 seconds
[2026-06-29T12:15:09.773+0000] {processor.py:186} INFO - Started process (PID=4170) to work on /opt/airflow/dags/urban_data_streaming_dag.py
[2026-06-29T12:15:09.776+0000] {processor.py:914} INFO - Processing file /opt/airflow/dags/urban_data_streaming_dag.py for tasks to queue
[2026-06-29T12:15:09.783+0000] {logging_mixin.py:190} INFO - [2026-06-29T12:15:09.782+0000] {dagbag.py:588} INFO - Filling up the DagBag from /opt/airflow/dags/urban_data_streaming_dag.py
[2026-06-29T12:15:09.892+0000] {processor.py:925} INFO - DAG(s) 'urban_data_streaming_demo' retrieved from /opt/airflow/dags/urban_data_streaming_dag.py
[2026-06-29T12:15:09.988+0000] {logging_mixin.py:190} INFO - [2026-06-29T12:15:09.988+0000] {dag.py:3239} INFO - Sync 1 DAGs
[2026-06-29T12:15:10.027+0000] {logging_mixin.py:190} INFO - [2026-06-29T12:15:10.027+0000] {dag.py:4180} INFO - Setting next_dagrun for urban_data_streaming_demo to None, run_after=None
[2026-06-29T12:15:10.067+0000] {processor.py:208} INFO - Processing /opt/airflow/dags/urban_data_streaming_dag.py took 0.310 seconds
[2026-06-29T12:15:40.940+0000] {processor.py:186} INFO - Started process (PID=4187) to work on /opt/airflow/dags/urban_data_streaming_dag.py
[2026-06-29T12:15:40.943+0000] {processor.py:914} INFO - Processing file /opt/airflow/dags/urban_data_streaming_dag.py for tasks to queue
[2026-06-29T12:15:40.950+0000] {logging_mixin.py:190} INFO - [2026-06-29T12:15:40.950+0000] {dagbag.py:588} INFO - Filling up the DagBag from /opt/airflow/dags/urban_data_streaming_dag.py
[2026-06-29T12:15:41.059+0000] {processor.py:925} INFO - DAG(s) 'urban_data_streaming_demo' retrieved from /opt/airflow/dags/urban_data_streaming_dag.py
[2026-06-29T12:15:41.144+0000] {logging_mixin.py:190} INFO - [2026-06-29T12:15:41.144+0000] {dag.py:3239} INFO - Sync 1 DAGs
[2026-06-29T12:15:41.176+0000] {logging_mixin.py:190} INFO - [2026-06-29T12:15:41.176+0000] {dag.py:4180} INFO - Setting next_dagrun for urban_data_streaming_demo to None, run_after=None
[2026-06-29T12:15:41.227+0000] {processor.py:208} INFO - Processing /opt/airflow/dags/urban_data_streaming_dag.py took 0.296 seconds
[2026-06-29T12:16:11.366+0000] {processor.py:186} INFO - Started process (PID=4199) to work on /opt/airflow/dags/urban_data_streaming_dag.py
[2026-06-29T12:16:11.369+0000] {processor.py:914} INFO - Processing file /opt/airflow/dags/urban_data_streaming_dag.py for tasks to queue
[2026-06-29T12:16:11.375+0000] {logging_mixin.py:190} INFO - [2026-06-29T12:16:11.374+0000] {dagbag.py:588} INFO - Filling up the DagBag from /opt/airflow/dags/urban_data_streaming_dag.py
[2026-06-29T12:16:11.429+0000] {processor.py:925} INFO - DAG(s) 'urban_data_streaming_demo' retrieved from /opt/airflow/dags/urban_data_streaming_dag.py
[2026-06-29T12:16:11.489+0000] {logging_mixin.py:190} INFO - [2026-06-29T12:16:11.489+0000] {dag.py:3239} INFO - Sync 1 DAGs
[2026-06-29T12:16:11.518+0000] {logging_mixin.py:190} INFO - [2026-06-29T12:16:11.517+0000] {dag.py:4180} INFO - Setting next_dagrun for urban_data_streaming_demo to None, run_after=None
[2026-06-29T12:16:11.553+0000] {processor.py:208} INFO - Processing /opt/airflow/dags/urban_data_streaming_dag.py took 0.200 seconds
[2026-06-29T12:16:41.982+0000] {processor.py:186} INFO - Started process (PID=4217) to work on /opt/airflow/dags/urban_data_streaming_dag.py
[2026-06-29T12:16:41.984+0000] {processor.py:914} INFO - Processing file /opt/airflow/dags/urban_data_streaming_dag.py for tasks to queue
[2026-06-29T12:16:41.989+0000] {logging_mixin.py:190} INFO - [2026-06-29T12:16:41.988+0000] {dagbag.py:588} INFO - Filling up the DagBag from /opt/airflow/dags/urban_data_streaming_dag.py
[2026-06-29T12:16:42.071+0000] {processor.py:925} INFO - DAG(s) 'urban_data_streaming_demo' retrieved from /opt/airflow/dags/urban_data_streaming_dag.py
[2026-06-29T12:16:42.138+0000] {logging_mixin.py:190} INFO - [2026-06-29T12:16:42.137+0000] {dag.py:3239} INFO - Sync 1 DAGs
[2026-06-29T12:16:42.163+0000] {logging_mixin.py:190} INFO - [2026-06-29T12:16:42.162+0000] {dag.py:4180} INFO - Setting next_dagrun for urban_data_streaming_demo to None, run_after=None
[2026-06-29T12:16:42.210+0000] {processor.py:208} INFO - Processing /opt/airflow/dags/urban_data_streaming_dag.py took 0.240 seconds
[2026-06-29T12:17:13.043+0000] {processor.py:186} INFO - Started process (PID=4235) to work on /opt/airflow/dags/urban_data_streaming_dag.py
[2026-06-29T12:17:13.045+0000] {processor.py:914} INFO - Processing file /opt/airflow/dags/urban_data_streaming_dag.py for tasks to queue
[2026-06-29T12:17:13.049+0000] {logging_mixin.py:190} INFO - [2026-06-29T12:17:13.048+0000] {dagbag.py:588} INFO - Filling up the DagBag from /opt/airflow/dags/urban_data_streaming_dag.py
[2026-06-29T12:17:13.097+0000] {processor.py:925} INFO - DAG(s) 'urban_data_streaming_demo' retrieved from /opt/airflow/dags/urban_data_streaming_dag.py
[2026-06-29T12:17:13.138+0000] {logging_mixin.py:190} INFO - [2026-06-29T12:17:13.138+0000] {dag.py:3239} INFO - Sync 1 DAGs
[2026-06-29T12:17:13.157+0000] {logging_mixin.py:190} INFO - [2026-06-29T12:17:13.157+0000] {dag.py:4180} INFO - Setting next_dagrun for urban_data_streaming_demo to None, run_after=None
[2026-06-29T12:17:13.189+0000] {processor.py:208} INFO - Processing /opt/airflow/dags/urban_data_streaming_dag.py took 0.156 seconds
[2026-06-29T12:17:43.642+0000] {processor.py:186} INFO - Started process (PID=4253) to work on /opt/airflow/dags/urban_data_streaming_dag.py
[2026-06-29T12:17:43.645+0000] {processor.py:914} INFO - Processing file /opt/airflow/dags/urban_data_streaming_dag.py for tasks to queue
[2026-06-29T12:17:43.651+0000] {logging_mixin.py:190} INFO - [2026-06-29T12:17:43.650+0000] {dagbag.py:588} INFO - Filling up the DagBag from /opt/airflow/dags/urban_data_streaming_dag.py
[2026-06-29T12:17:43.726+0000] {processor.py:925} INFO - DAG(s) 'urban_data_streaming_demo' retrieved from /opt/airflow/dags/urban_data_streaming_dag.py
[2026-06-29T12:17:43.798+0000] {logging_mixin.py:190} INFO - [2026-06-29T12:17:43.797+0000] {dag.py:3239} INFO - Sync 1 DAGs
[2026-06-29T12:17:43.832+0000] {logging_mixin.py:190} INFO - [2026-06-29T12:17:43.831+0000] {dag.py:4180} INFO - Setting next_dagrun for urban_data_streaming_demo to None, run_after=None
[2026-06-29T12:17:43.905+0000] {processor.py:208} INFO - Processing /opt/airflow/dags/urban_data_streaming_dag.py took 0.272 seconds
[2026-06-29T12:18:14.207+0000] {processor.py:186} INFO - Started process (PID=4271) to work on /opt/airflow/dags/urban_data_streaming_dag.py
[2026-06-29T12:18:14.209+0000] {processor.py:914} INFO - Processing file /opt/airflow/dags/urban_data_streaming_dag.py for tasks to queue
[2026-06-29T12:18:14.214+0000] {logging_mixin.py:190} INFO - [2026-06-29T12:18:14.213+0000] {dagbag.py:588} INFO - Filling up the DagBag from /opt/airflow/dags/urban_data_streaming_dag.py
[2026-06-29T12:18:14.262+0000] {processor.py:925} INFO - DAG(s) 'urban_data_streaming_demo' retrieved from /opt/airflow/dags/urban_data_streaming_dag.py
[2026-06-29T12:18:14.330+0000] {logging_mixin.py:190} INFO - [2026-06-29T12:18:14.329+0000] {dag.py:3239} INFO - Sync 1 DAGs
[2026-06-29T12:18:14.365+0000] {logging_mixin.py:190} INFO - [2026-06-29T12:18:14.365+0000] {dag.py:4180} INFO - Setting next_dagrun for urban_data_streaming_demo to None, run_after=None
[2026-06-29T12:18:14.397+0000] {processor.py:208} INFO - Processing /opt/airflow/dags/urban_data_streaming_dag.py took 0.200 seconds
[2026-06-29T12:18:44.582+0000] {processor.py:186} INFO - Started process (PID=4288) to work on /opt/airflow/dags/urban_data_streaming_dag.py
[2026-06-29T12:18:44.584+0000] {processor.py:914} INFO - Processing file /opt/airflow/dags/urban_data_streaming_dag.py for tasks to queue
[2026-06-29T12:18:44.590+0000] {logging_mixin.py:190} INFO - [2026-06-29T12:18:44.589+0000] {dagbag.py:588} INFO - Filling up the DagBag from /opt/airflow/dags/urban_data_streaming_dag.py
[2026-06-29T12:18:44.641+0000] {processor.py:925} INFO - DAG(s) 'urban_data_streaming_demo' retrieved from /opt/airflow/dags/urban_data_streaming_dag.py
[2026-06-29T12:18:44.700+0000] {logging_mixin.py:190} INFO - [2026-06-29T12:18:44.699+0000] {dag.py:3239} INFO - Sync 1 DAGs
[2026-06-29T12:18:44.723+0000] {logging_mixin.py:190} INFO - [2026-06-29T12:18:44.723+0000] {dag.py:4180} INFO - Setting next_dagrun for urban_data_streaming_demo to None, run_after=None
[2026-06-29T12:18:44.763+0000] {processor.py:208} INFO - Processing /opt/airflow/dags/urban_data_streaming_dag.py took 0.191 seconds
[2026-06-29T12:19:15.642+0000] {processor.py:186} INFO - Started process (PID=4299) to work on /opt/airflow/dags/urban_data_streaming_dag.py
[2026-06-29T12:19:15.644+0000] {processor.py:914} INFO - Processing file /opt/airflow/dags/urban_data_streaming_dag.py for tasks to queue
[2026-06-29T12:19:15.650+0000] {logging_mixin.py:190} INFO - [2026-06-29T12:19:15.649+0000] {dagbag.py:588} INFO - Filling up the DagBag from /opt/airflow/dags/urban_data_streaming_dag.py
[2026-06-29T12:19:15.694+0000] {processor.py:925} INFO - DAG(s) 'urban_data_streaming_demo' retrieved from /opt/airflow/dags/urban_data_streaming_dag.py
[2026-06-29T12:19:15.751+0000] {logging_mixin.py:190} INFO - [2026-06-29T12:19:15.751+0000] {dag.py:3239} INFO - Sync 1 DAGs
[2026-06-29T12:19:15.780+0000] {logging_mixin.py:190} INFO - [2026-06-29T12:19:15.779+0000] {dag.py:4180} INFO - Setting next_dagrun for urban_data_streaming_demo to None, run_after=None
[2026-06-29T12:19:15.817+0000] {processor.py:208} INFO - Processing /opt/airflow/dags/urban_data_streaming_dag.py took 0.183 seconds
[2026-06-29T12:19:46.735+0000] {processor.py:186} INFO - Started process (PID=4317) to work on /opt/airflow/dags/urban_data_streaming_dag.py
[2026-06-29T12:19:46.737+0000] {processor.py:914} INFO - Processing file /opt/airflow/dags/urban_data_streaming_dag.py for tasks to queue
[2026-06-29T12:19:46.741+0000] {logging_mixin.py:190} INFO - [2026-06-29T12:19:46.741+0000] {dagbag.py:588} INFO - Filling up the DagBag from /opt/airflow/dags/urban_data_streaming_dag.py
[2026-06-29T12:19:46.776+0000] {processor.py:925} INFO - DAG(s) 'urban_data_streaming_demo' retrieved from /opt/airflow/dags/urban_data_streaming_dag.py
[2026-06-29T12:19:46.817+0000] {logging_mixin.py:190} INFO - [2026-06-29T12:19:46.817+0000] {dag.py:3239} INFO - Sync 1 DAGs
[2026-06-29T12:19:46.839+0000] {logging_mixin.py:190} INFO - [2026-06-29T12:19:46.839+0000] {dag.py:4180} INFO - Setting next_dagrun for urban_data_streaming_demo to None, run_after=None
[2026-06-29T12:19:46.887+0000] {processor.py:208} INFO - Processing /opt/airflow/dags/urban_data_streaming_dag.py took 0.160 seconds
[2026-06-29T12:20:17.580+0000] {processor.py:186} INFO - Started process (PID=4335) to work on /opt/airflow/dags/urban_data_streaming_dag.py
[2026-06-29T12:20:17.582+0000] {processor.py:914} INFO - Processing file /opt/airflow/dags/urban_data_streaming_dag.py for tasks to queue
[2026-06-29T12:20:17.586+0000] {logging_mixin.py:190} INFO - [2026-06-29T12:20:17.586+0000] {dagbag.py:588} INFO - Filling up the DagBag from /opt/airflow/dags/urban_data_streaming_dag.py
[2026-06-29T12:20:17.643+0000] {processor.py:925} INFO - DAG(s) 'urban_data_streaming_demo' retrieved from /opt/airflow/dags/urban_data_streaming_dag.py
[2026-06-29T12:20:17.705+0000] {logging_mixin.py:190} INFO - [2026-06-29T12:20:17.705+0000] {dag.py:3239} INFO - Sync 1 DAGs
[2026-06-29T12:20:17.730+0000] {logging_mixin.py:190} INFO - [2026-06-29T12:20:17.730+0000] {dag.py:4180} INFO - Setting next_dagrun for urban_data_streaming_demo to None, run_after=None
[2026-06-29T12:20:17.781+0000] {processor.py:208} INFO - Processing /opt/airflow/dags/urban_data_streaming_dag.py took 0.211 seconds
[2026-06-29T12:20:48.243+0000] {processor.py:186} INFO - Started process (PID=4353) to work on /opt/airflow/dags/urban_data_streaming_dag.py
[2026-06-29T12:20:48.244+0000] {processor.py:914} INFO - Processing file /opt/airflow/dags/urban_data_streaming_dag.py for tasks to queue
[2026-06-29T12:20:48.249+0000] {logging_mixin.py:190} INFO - [2026-06-29T12:20:48.248+0000] {dagbag.py:588} INFO - Filling up the DagBag from /opt/airflow/dags/urban_data_streaming_dag.py
[2026-06-29T12:20:48.302+0000] {processor.py:925} INFO - DAG(s) 'urban_data_streaming_demo' retrieved from /opt/airflow/dags/urban_data_streaming_dag.py
[2026-06-29T12:20:48.349+0000] {logging_mixin.py:190} INFO - [2026-06-29T12:20:48.348+0000] {dag.py:3239} INFO - Sync 1 DAGs
[2026-06-29T12:20:48.368+0000] {logging_mixin.py:190} INFO - [2026-06-29T12:20:48.368+0000] {dag.py:4180} INFO - Setting next_dagrun for urban_data_streaming_demo to None, run_after=None
[2026-06-29T12:20:48.402+0000] {processor.py:208} INFO - Processing /opt/airflow/dags/urban_data_streaming_dag.py took 0.171 seconds
[2026-06-29T12:21:19.005+0000] {processor.py:186} INFO - Started process (PID=4371) to work on /opt/airflow/dags/urban_data_streaming_dag.py
[2026-06-29T12:21:19.007+0000] {processor.py:914} INFO - Processing file /opt/airflow/dags/urban_data_streaming_dag.py for tasks to queue
[2026-06-29T12:21:19.012+0000] {logging_mixin.py:190} INFO - [2026-06-29T12:21:19.012+0000] {dagbag.py:588} INFO - Filling up the DagBag from /opt/airflow/dags/urban_data_streaming_dag.py
[2026-06-29T12:21:19.073+0000] {processor.py:925} INFO - DAG(s) 'urban_data_streaming_demo' retrieved from /opt/airflow/dags/urban_data_streaming_dag.py
[2026-06-29T12:21:19.120+0000] {logging_mixin.py:190} INFO - [2026-06-29T12:21:19.120+0000] {dag.py:3239} INFO - Sync 1 DAGs
[2026-06-29T12:21:19.140+0000] {logging_mixin.py:190} INFO - [2026-06-29T12:21:19.139+0000] {dag.py:4180} INFO - Setting next_dagrun for urban_data_streaming_demo to None, run_after=None
[2026-06-29T12:21:19.178+0000] {processor.py:208} INFO - Processing /opt/airflow/dags/urban_data_streaming_dag.py took 0.181 seconds
[2026-06-29T12:21:49.906+0000] {processor.py:186} INFO - Started process (PID=4389) to work on /opt/airflow/dags/urban_data_streaming_dag.py
[2026-06-29T12:21:49.908+0000] {processor.py:914} INFO - Processing file /opt/airflow/dags/urban_data_streaming_dag.py for tasks to queue
[2026-06-29T12:21:49.912+0000] {logging_mixin.py:190} INFO - [2026-06-29T12:21:49.912+0000] {dagbag.py:588} INFO - Filling up the DagBag from /opt/airflow/dags/urban_data_streaming_dag.py
[2026-06-29T12:21:49.965+0000] {processor.py:925} INFO - DAG(s) 'urban_data_streaming_demo' retrieved from /opt/airflow/dags/urban_data_streaming_dag.py
[2026-06-29T12:21:50.012+0000] {logging_mixin.py:190} INFO - [2026-06-29T12:21:50.012+0000] {dag.py:3239} INFO - Sync 1 DAGs
[2026-06-29T12:21:50.033+0000] {logging_mixin.py:190} INFO - [2026-06-29T12:21:50.033+0000] {dag.py:4180} INFO - Setting next_dagrun for urban_data_streaming_demo to None, run_after=None
[2026-06-29T12:21:50.065+0000] {processor.py:208} INFO - Processing /opt/airflow/dags/urban_data_streaming_dag.py took 0.170 seconds
[2026-06-29T12:22:20.422+0000] {processor.py:186} INFO - Started process (PID=4407) to work on /opt/airflow/dags/urban_data_streaming_dag.py
[2026-06-29T12:22:20.424+0000] {processor.py:914} INFO - Processing file /opt/airflow/dags/urban_data_streaming_dag.py for tasks to queue
[2026-06-29T12:22:20.429+0000] {logging_mixin.py:190} INFO - [2026-06-29T12:22:20.428+0000] {dagbag.py:588} INFO - Filling up the DagBag from /opt/airflow/dags/urban_data_streaming_dag.py
[2026-06-29T12:22:20.484+0000] {processor.py:925} INFO - DAG(s) 'urban_data_streaming_demo' retrieved from /opt/airflow/dags/urban_data_streaming_dag.py
[2026-06-29T12:22:20.538+0000] {logging_mixin.py:190} INFO - [2026-06-29T12:22:20.538+0000] {dag.py:3239} INFO - Sync 1 DAGs
[2026-06-29T12:22:20.561+0000] {logging_mixin.py:190} INFO - [2026-06-29T12:22:20.561+0000] {dag.py:4180} INFO - Setting next_dagrun for urban_data_streaming_demo to None, run_after=None
[2026-06-29T12:22:20.598+0000] {processor.py:208} INFO - Processing /opt/airflow/dags/urban_data_streaming_dag.py took 0.184 seconds
[2026-06-29T12:22:51.231+0000] {processor.py:186} INFO - Started process (PID=4424) to work on /opt/airflow/dags/urban_data_streaming_dag.py
[2026-06-29T12:22:51.234+0000] {processor.py:914} INFO - Processing file /opt/airflow/dags/urban_data_streaming_dag.py for tasks to queue
[2026-06-29T12:22:51.240+0000] {logging_mixin.py:190} INFO - [2026-06-29T12:22:51.240+0000] {dagbag.py:588} INFO - Filling up the DagBag from /opt/airflow/dags/urban_data_streaming_dag.py
[2026-06-29T12:22:51.332+0000] {processor.py:925} INFO - DAG(s) 'urban_data_streaming_demo' retrieved from /opt/airflow/dags/urban_data_streaming_dag.py
[2026-06-29T12:22:51.393+0000] {logging_mixin.py:190} INFO - [2026-06-29T12:22:51.393+0000] {dag.py:3239} INFO - Sync 1 DAGs
[2026-06-29T12:22:51.422+0000] {logging_mixin.py:190} INFO - [2026-06-29T12:22:51.422+0000] {dag.py:4180} INFO - Setting next_dagrun for urban_data_streaming_demo to None, run_after=None
[2026-06-29T12:22:51.453+0000] {processor.py:208} INFO - Processing /opt/airflow/dags/urban_data_streaming_dag.py took 0.241 seconds
[2026-06-29T12:23:22.154+0000] {processor.py:186} INFO - Started process (PID=4435) to work on /opt/airflow/dags/urban_data_streaming_dag.py
[2026-06-29T12:23:22.161+0000] {processor.py:914} INFO - Processing file /opt/airflow/dags/urban_data_streaming_dag.py for tasks to queue
[2026-06-29T12:23:22.179+0000] {logging_mixin.py:190} INFO - [2026-06-29T12:23:22.177+0000] {dagbag.py:588} INFO - Filling up the DagBag from /opt/airflow/dags/urban_data_streaming_dag.py
[2026-06-29T12:23:22.314+0000] {processor.py:925} INFO - DAG(s) 'urban_data_streaming_demo' retrieved from /opt/airflow/dags/urban_data_streaming_dag.py
[2026-06-29T12:23:22.390+0000] {logging_mixin.py:190} INFO - [2026-06-29T12:23:22.390+0000] {dag.py:3239} INFO - Sync 1 DAGs
[2026-06-29T12:23:22.413+0000] {logging_mixin.py:190} INFO - [2026-06-29T12:23:22.413+0000] {dag.py:4180} INFO - Setting next_dagrun for urban_data_streaming_demo to None, run_after=None
[2026-06-29T12:23:22.466+0000] {processor.py:208} INFO - Processing /opt/airflow/dags/urban_data_streaming_dag.py took 0.335 seconds
[2026-06-29T12:23:53.059+0000] {processor.py:186} INFO - Started process (PID=4453) to work on /opt/airflow/dags/urban_data_streaming_dag.py
[2026-06-29T12:23:53.061+0000] {processor.py:914} INFO - Processing file /opt/airflow/dags/urban_data_streaming_dag.py for tasks to queue
[2026-06-29T12:23:53.067+0000] {logging_mixin.py:190} INFO - [2026-06-29T12:23:53.066+0000] {dagbag.py:588} INFO - Filling up the DagBag from /opt/airflow/dags/urban_data_streaming_dag.py
[2026-06-29T12:23:53.147+0000] {processor.py:925} INFO - DAG(s) 'urban_data_streaming_demo' retrieved from /opt/airflow/dags/urban_data_streaming_dag.py
[2026-06-29T12:23:53.222+0000] {logging_mixin.py:190} INFO - [2026-06-29T12:23:53.221+0000] {dag.py:3239} INFO - Sync 1 DAGs
[2026-06-29T12:23:53.253+0000] {logging_mixin.py:190} INFO - [2026-06-29T12:23:53.253+0000] {dag.py:4180} INFO - Setting next_dagrun for urban_data_streaming_demo to None, run_after=None
[2026-06-29T12:23:53.320+0000] {processor.py:208} INFO - Processing /opt/airflow/dags/urban_data_streaming_dag.py took 0.270 seconds
[2026-06-29T12:24:24.352+0000] {processor.py:186} INFO - Started process (PID=4471) to work on /opt/airflow/dags/urban_data_streaming_dag.py
[2026-06-29T12:24:24.354+0000] {processor.py:914} INFO - Processing file /opt/airflow/dags/urban_data_streaming_dag.py for tasks to queue
[2026-06-29T12:24:24.358+0000] {logging_mixin.py:190} INFO - [2026-06-29T12:24:24.358+0000] {dagbag.py:588} INFO - Filling up the DagBag from /opt/airflow/dags/urban_data_streaming_dag.py
[2026-06-29T12:24:24.436+0000] {processor.py:925} INFO - DAG(s) 'urban_data_streaming_demo' retrieved from /opt/airflow/dags/urban_data_streaming_dag.py
[2026-06-29T12:24:24.488+0000] {logging_mixin.py:190} INFO - [2026-06-29T12:24:24.488+0000] {dag.py:3239} INFO - Sync 1 DAGs
[2026-06-29T12:24:24.507+0000] {logging_mixin.py:190} INFO - [2026-06-29T12:24:24.507+0000] {dag.py:4180} INFO - Setting next_dagrun for urban_data_streaming_demo to None, run_after=None
[2026-06-29T12:24:24.550+0000] {processor.py:208} INFO - Processing /opt/airflow/dags/urban_data_streaming_dag.py took 0.209 seconds
[2026-06-29T12:24:55.341+0000] {processor.py:186} INFO - Started process (PID=4489) to work on /opt/airflow/dags/urban_data_streaming_dag.py
[2026-06-29T12:24:55.343+0000] {processor.py:914} INFO - Processing file /opt/airflow/dags/urban_data_streaming_dag.py for tasks to queue
[2026-06-29T12:24:55.350+0000] {logging_mixin.py:190} INFO - [2026-06-29T12:24:55.349+0000] {dagbag.py:588} INFO - Filling up the DagBag from /opt/airflow/dags/urban_data_streaming_dag.py
[2026-06-29T12:24:55.396+0000] {processor.py:925} INFO - DAG(s) 'urban_data_streaming_demo' retrieved from /opt/airflow/dags/urban_data_streaming_dag.py
[2026-06-29T12:24:55.451+0000] {logging_mixin.py:190} INFO - [2026-06-29T12:24:55.450+0000] {dag.py:3239} INFO - Sync 1 DAGs
[2026-06-29T12:24:55.479+0000] {logging_mixin.py:190} INFO - [2026-06-29T12:24:55.478+0000] {dag.py:4180} INFO - Setting next_dagrun for urban_data_streaming_demo to None, run_after=None
[2026-06-29T12:24:55.517+0000] {processor.py:208} INFO - Processing /opt/airflow/dags/urban_data_streaming_dag.py took 0.187 seconds
[2026-06-29T12:25:26.058+0000] {processor.py:186} INFO - Started process (PID=4507) to work on /opt/airflow/dags/urban_data_streaming_dag.py
[2026-06-29T12:25:26.060+0000] {processor.py:914} INFO - Processing file /opt/airflow/dags/urban_data_streaming_dag.py for tasks to queue
[2026-06-29T12:25:26.065+0000] {logging_mixin.py:190} INFO - [2026-06-29T12:25:26.064+0000] {dagbag.py:588} INFO - Filling up the DagBag from /opt/airflow/dags/urban_data_streaming_dag.py
[2026-06-29T12:25:26.110+0000] {processor.py:925} INFO - DAG(s) 'urban_data_streaming_demo' retrieved from /opt/airflow/dags/urban_data_streaming_dag.py
[2026-06-29T12:25:26.158+0000] {logging_mixin.py:190} INFO - [2026-06-29T12:25:26.158+0000] {dag.py:3239} INFO - Sync 1 DAGs
[2026-06-29T12:25:26.182+0000] {logging_mixin.py:190} INFO - [2026-06-29T12:25:26.181+0000] {dag.py:4180} INFO - Setting next_dagrun for urban_data_streaming_demo to None, run_after=None
[2026-06-29T12:25:26.217+0000] {processor.py:208} INFO - Processing /opt/airflow/dags/urban_data_streaming_dag.py took 0.169 seconds
[2026-06-29T12:25:56.630+0000] {processor.py:186} INFO - Started process (PID=4525) to work on /opt/airflow/dags/urban_data_streaming_dag.py
[2026-06-29T12:25:56.634+0000] {processor.py:914} INFO - Processing file /opt/airflow/dags/urban_data_streaming_dag.py for tasks to queue
[2026-06-29T12:25:56.643+0000] {logging_mixin.py:190} INFO - [2026-06-29T12:25:56.641+0000] {dagbag.py:588} INFO - Filling up the DagBag from /opt/airflow/dags/urban_data_streaming_dag.py
[2026-06-29T12:25:56.757+0000] {processor.py:925} INFO - DAG(s) 'urban_data_streaming_demo' retrieved from /opt/airflow/dags/urban_data_streaming_dag.py
[2026-06-29T12:25:56.850+0000] {logging_mixin.py:190} INFO - [2026-06-29T12:25:56.850+0000] {dag.py:3239} INFO - Sync 1 DAGs
[2026-06-29T12:25:56.873+0000] {logging_mixin.py:190} INFO - [2026-06-29T12:25:56.873+0000] {dag.py:4180} INFO - Setting next_dagrun for urban_data_streaming_demo to None, run_after=None
[2026-06-29T12:25:56.932+0000] {processor.py:208} INFO - Processing /opt/airflow/dags/urban_data_streaming_dag.py took 0.324 seconds
[2026-06-29T12:26:27.449+0000] {processor.py:186} INFO - Started process (PID=4542) to work on /opt/airflow/dags/urban_data_streaming_dag.py
[2026-06-29T12:26:27.453+0000] {processor.py:914} INFO - Processing file /opt/airflow/dags/urban_data_streaming_dag.py for tasks to queue
[2026-06-29T12:26:27.464+0000] {logging_mixin.py:190} INFO - [2026-06-29T12:26:27.463+0000] {dagbag.py:588} INFO - Filling up the DagBag from /opt/airflow/dags/urban_data_streaming_dag.py
[2026-06-29T12:26:27.536+0000] {processor.py:925} INFO - DAG(s) 'urban_data_streaming_demo' retrieved from /opt/airflow/dags/urban_data_streaming_dag.py
[2026-06-29T12:26:27.605+0000] {logging_mixin.py:190} INFO - [2026-06-29T12:26:27.604+0000] {dag.py:3239} INFO - Sync 1 DAGs
[2026-06-29T12:26:27.630+0000] {logging_mixin.py:190} INFO - [2026-06-29T12:26:27.630+0000] {dag.py:4180} INFO - Setting next_dagrun for urban_data_streaming_demo to None, run_after=None
[2026-06-29T12:26:27.682+0000] {processor.py:208} INFO - Processing /opt/airflow/dags/urban_data_streaming_dag.py took 0.245 seconds
[2026-06-29T12:26:58.274+0000] {processor.py:186} INFO - Started process (PID=4553) to work on /opt/airflow/dags/urban_data_streaming_dag.py
[2026-06-29T12:26:58.280+0000] {processor.py:914} INFO - Processing file /opt/airflow/dags/urban_data_streaming_dag.py for tasks to queue
[2026-06-29T12:26:58.292+0000] {logging_mixin.py:190} INFO - [2026-06-29T12:26:58.291+0000] {dagbag.py:588} INFO - Filling up the DagBag from /opt/airflow/dags/urban_data_streaming_dag.py
[2026-06-29T12:26:58.411+0000] {processor.py:925} INFO - DAG(s) 'urban_data_streaming_demo' retrieved from /opt/airflow/dags/urban_data_streaming_dag.py
[2026-06-29T12:26:58.535+0000] {logging_mixin.py:190} INFO - [2026-06-29T12:26:58.534+0000] {dag.py:3239} INFO - Sync 1 DAGs
[2026-06-29T12:26:58.556+0000] {logging_mixin.py:190} INFO - [2026-06-29T12:26:58.556+0000] {dag.py:4180} INFO - Setting next_dagrun for urban_data_streaming_demo to None, run_after=None
[2026-06-29T12:26:58.583+0000] {processor.py:208} INFO - Processing /opt/airflow/dags/urban_data_streaming_dag.py took 0.335 seconds
[2026-06-29T12:27:28.866+0000] {processor.py:186} INFO - Started process (PID=4571) to work on /opt/airflow/dags/urban_data_streaming_dag.py
[2026-06-29T12:27:28.871+0000] {processor.py:914} INFO - Processing file /opt/airflow/dags/urban_data_streaming_dag.py for tasks to queue
[2026-06-29T12:27:28.882+0000] {logging_mixin.py:190} INFO - [2026-06-29T12:27:28.880+0000] {dagbag.py:588} INFO - Filling up the DagBag from /opt/airflow/dags/urban_data_streaming_dag.py
[2026-06-29T12:27:28.979+0000] {processor.py:925} INFO - DAG(s) 'urban_data_streaming_demo' retrieved from /opt/airflow/dags/urban_data_streaming_dag.py
[2026-06-29T12:27:29.056+0000] {logging_mixin.py:190} INFO - [2026-06-29T12:27:29.056+0000] {dag.py:3239} INFO - Sync 1 DAGs
[2026-06-29T12:27:29.083+0000] {logging_mixin.py:190} INFO - [2026-06-29T12:27:29.083+0000] {dag.py:4180} INFO - Setting next_dagrun for urban_data_streaming_demo to None, run_after=None
[2026-06-29T12:27:29.121+0000] {processor.py:208} INFO - Processing /opt/airflow/dags/urban_data_streaming_dag.py took 0.276 seconds
[2026-06-29T12:27:59.440+0000] {processor.py:186} INFO - Started process (PID=4589) to work on /opt/airflow/dags/urban_data_streaming_dag.py
[2026-06-29T12:27:59.443+0000] {processor.py:914} INFO - Processing file /opt/airflow/dags/urban_data_streaming_dag.py for tasks to queue
[2026-06-29T12:27:59.447+0000] {logging_mixin.py:190} INFO - [2026-06-29T12:27:59.446+0000] {dagbag.py:588} INFO - Filling up the DagBag from /opt/airflow/dags/urban_data_streaming_dag.py
[2026-06-29T12:27:59.504+0000] {processor.py:925} INFO - DAG(s) 'urban_data_streaming_demo' retrieved from /opt/airflow/dags/urban_data_streaming_dag.py
[2026-06-29T12:27:59.545+0000] {logging_mixin.py:190} INFO - [2026-06-29T12:27:59.545+0000] {dag.py:3239} INFO - Sync 1 DAGs
[2026-06-29T12:27:59.566+0000] {logging_mixin.py:190} INFO - [2026-06-29T12:27:59.565+0000] {dag.py:4180} INFO - Setting next_dagrun for urban_data_streaming_demo to None, run_after=None
[2026-06-29T12:27:59.603+0000] {processor.py:208} INFO - Processing /opt/airflow/dags/urban_data_streaming_dag.py took 0.173 seconds
[2026-06-29T12:28:30.292+0000] {processor.py:186} INFO - Started process (PID=4607) to work on /opt/airflow/dags/urban_data_streaming_dag.py
[2026-06-29T12:28:30.294+0000] {processor.py:914} INFO - Processing file /opt/airflow/dags/urban_data_streaming_dag.py for tasks to queue
[2026-06-29T12:28:30.298+0000] {logging_mixin.py:190} INFO - [2026-06-29T12:28:30.298+0000] {dagbag.py:588} INFO - Filling up the DagBag from /opt/airflow/dags/urban_data_streaming_dag.py
[2026-06-29T12:28:30.337+0000] {processor.py:925} INFO - DAG(s) 'urban_data_streaming_demo' retrieved from /opt/airflow/dags/urban_data_streaming_dag.py
[2026-06-29T12:28:30.382+0000] {logging_mixin.py:190} INFO - [2026-06-29T12:28:30.382+0000] {dag.py:3239} INFO - Sync 1 DAGs
[2026-06-29T12:28:30.403+0000] {logging_mixin.py:190} INFO - [2026-06-29T12:28:30.403+0000] {dag.py:4180} INFO - Setting next_dagrun for urban_data_streaming_demo to None, run_after=None
[2026-06-29T12:28:30.438+0000] {processor.py:208} INFO - Processing /opt/airflow/dags/urban_data_streaming_dag.py took 0.154 seconds
[2026-06-29T12:29:00.650+0000] {processor.py:186} INFO - Started process (PID=4625) to work on /opt/airflow/dags/urban_data_streaming_dag.py
[2026-06-29T12:29:00.651+0000] {processor.py:914} INFO - Processing file /opt/airflow/dags/urban_data_streaming_dag.py for tasks to queue
[2026-06-29T12:29:00.654+0000] {logging_mixin.py:190} INFO - [2026-06-29T12:29:00.654+0000] {dagbag.py:588} INFO - Filling up the DagBag from /opt/airflow/dags/urban_data_streaming_dag.py
[2026-06-29T12:29:00.689+0000] {processor.py:925} INFO - DAG(s) 'urban_data_streaming_demo' retrieved from /opt/airflow/dags/urban_data_streaming_dag.py
[2026-06-29T12:29:00.730+0000] {logging_mixin.py:190} INFO - [2026-06-29T12:29:00.729+0000] {dag.py:3239} INFO - Sync 1 DAGs
[2026-06-29T12:29:00.751+0000] {logging_mixin.py:190} INFO - [2026-06-29T12:29:00.750+0000] {dag.py:4180} INFO - Setting next_dagrun for urban_data_streaming_demo to None, run_after=None
[2026-06-29T12:29:00.795+0000] {processor.py:208} INFO - Processing /opt/airflow/dags/urban_data_streaming_dag.py took 0.155 seconds
[2026-06-29T12:29:31.191+0000] {processor.py:186} INFO - Started process (PID=4642) to work on /opt/airflow/dags/urban_data_streaming_dag.py
[2026-06-29T12:29:31.194+0000] {processor.py:914} INFO - Processing file /opt/airflow/dags/urban_data_streaming_dag.py for tasks to queue
[2026-06-29T12:29:31.199+0000] {logging_mixin.py:190} INFO - [2026-06-29T12:29:31.198+0000] {dagbag.py:588} INFO - Filling up the DagBag from /opt/airflow/dags/urban_data_streaming_dag.py
[2026-06-29T12:29:31.274+0000] {processor.py:925} INFO - DAG(s) 'urban_data_streaming_demo' retrieved from /opt/airflow/dags/urban_data_streaming_dag.py
[2026-06-29T12:29:31.317+0000] {logging_mixin.py:190} INFO - [2026-06-29T12:29:31.317+0000] {dag.py:3239} INFO - Sync 1 DAGs
[2026-06-29T12:29:31.339+0000] {logging_mixin.py:190} INFO - [2026-06-29T12:29:31.339+0000] {dag.py:4180} INFO - Setting next_dagrun for urban_data_streaming_demo to None, run_after=None
[2026-06-29T12:29:31.379+0000] {processor.py:208} INFO - Processing /opt/airflow/dags/urban_data_streaming_dag.py took 0.197 seconds
[2026-06-29T12:30:01.713+0000] {processor.py:186} INFO - Started process (PID=4653) to work on /opt/airflow/dags/urban_data_streaming_dag.py
[2026-06-29T12:30:01.715+0000] {processor.py:914} INFO - Processing file /opt/airflow/dags/urban_data_streaming_dag.py for tasks to queue
[2026-06-29T12:30:01.720+0000] {logging_mixin.py:190} INFO - [2026-06-29T12:30:01.719+0000] {dagbag.py:588} INFO - Filling up the DagBag from /opt/airflow/dags/urban_data_streaming_dag.py
[2026-06-29T12:30:01.757+0000] {processor.py:925} INFO - DAG(s) 'urban_data_streaming_demo' retrieved from /opt/airflow/dags/urban_data_streaming_dag.py
[2026-06-29T12:30:01.801+0000] {logging_mixin.py:190} INFO - [2026-06-29T12:30:01.801+0000] {dag.py:3239} INFO - Sync 1 DAGs
[2026-06-29T12:30:01.819+0000] {logging_mixin.py:190} INFO - [2026-06-29T12:30:01.818+0000] {dag.py:4180} INFO - Setting next_dagrun for urban_data_streaming_demo to None, run_after=None
[2026-06-29T12:30:01.859+0000] {processor.py:208} INFO - Processing /opt/airflow/dags/urban_data_streaming_dag.py took 0.156 seconds
[2026-06-29T12:30:32.602+0000] {processor.py:186} INFO - Started process (PID=4671) to work on /opt/airflow/dags/urban_data_streaming_dag.py
[2026-06-29T12:30:32.608+0000] {processor.py:914} INFO - Processing file /opt/airflow/dags/urban_data_streaming_dag.py for tasks to queue
[2026-06-29T12:30:32.618+0000] {logging_mixin.py:190} INFO - [2026-06-29T12:30:32.617+0000] {dagbag.py:588} INFO - Filling up the DagBag from /opt/airflow/dags/urban_data_streaming_dag.py
[2026-06-29T12:30:32.705+0000] {processor.py:925} INFO - DAG(s) 'urban_data_streaming_demo' retrieved from /opt/airflow/dags/urban_data_streaming_dag.py
[2026-06-29T12:30:32.856+0000] {logging_mixin.py:190} INFO - [2026-06-29T12:30:32.855+0000] {dag.py:3239} INFO - Sync 1 DAGs
[2026-06-29T12:30:32.895+0000] {logging_mixin.py:190} INFO - [2026-06-29T12:30:32.894+0000] {dag.py:4180} INFO - Setting next_dagrun for urban_data_streaming_demo to None, run_after=None
[2026-06-29T12:30:32.945+0000] {processor.py:208} INFO - Processing /opt/airflow/dags/urban_data_streaming_dag.py took 0.375 seconds
[2026-06-29T12:31:03.553+0000] {processor.py:186} INFO - Started process (PID=4689) to work on /opt/airflow/dags/urban_data_streaming_dag.py
[2026-06-29T12:31:03.555+0000] {processor.py:914} INFO - Processing file /opt/airflow/dags/urban_data_streaming_dag.py for tasks to queue
[2026-06-29T12:31:03.559+0000] {logging_mixin.py:190} INFO - [2026-06-29T12:31:03.559+0000] {dagbag.py:588} INFO - Filling up the DagBag from /opt/airflow/dags/urban_data_streaming_dag.py
[2026-06-29T12:31:03.633+0000] {processor.py:925} INFO - DAG(s) 'urban_data_streaming_demo' retrieved from /opt/airflow/dags/urban_data_streaming_dag.py
[2026-06-29T12:31:03.703+0000] {logging_mixin.py:190} INFO - [2026-06-29T12:31:03.703+0000] {dag.py:3239} INFO - Sync 1 DAGs
[2026-06-29T12:31:03.726+0000] {logging_mixin.py:190} INFO - [2026-06-29T12:31:03.725+0000] {dag.py:4180} INFO - Setting next_dagrun for urban_data_streaming_demo to None, run_after=None
[2026-06-29T12:31:03.781+0000] {processor.py:208} INFO - Processing /opt/airflow/dags/urban_data_streaming_dag.py took 0.242 seconds
[2026-06-29T12:31:34.071+0000] {processor.py:186} INFO - Started process (PID=4707) to work on /opt/airflow/dags/urban_data_streaming_dag.py
[2026-06-29T12:31:34.073+0000] {processor.py:914} INFO - Processing file /opt/airflow/dags/urban_data_streaming_dag.py for tasks to queue
[2026-06-29T12:31:34.078+0000] {logging_mixin.py:190} INFO - [2026-06-29T12:31:34.077+0000] {dagbag.py:588} INFO - Filling up the DagBag from /opt/airflow/dags/urban_data_streaming_dag.py
[2026-06-29T12:31:34.131+0000] {processor.py:925} INFO - DAG(s) 'urban_data_streaming_demo' retrieved from /opt/airflow/dags/urban_data_streaming_dag.py
[2026-06-29T12:31:34.179+0000] {logging_mixin.py:190} INFO - [2026-06-29T12:31:34.179+0000] {dag.py:3239} INFO - Sync 1 DAGs
[2026-06-29T12:31:34.201+0000] {logging_mixin.py:190} INFO - [2026-06-29T12:31:34.201+0000] {dag.py:4180} INFO - Setting next_dagrun for urban_data_streaming_demo to None, run_after=None
[2026-06-29T12:31:34.237+0000] {processor.py:208} INFO - Processing /opt/airflow/dags/urban_data_streaming_dag.py took 0.176 seconds
[2026-06-29T12:32:05.030+0000] {processor.py:186} INFO - Started process (PID=4725) to work on /opt/airflow/dags/urban_data_streaming_dag.py
[2026-06-29T12:32:05.033+0000] {processor.py:914} INFO - Processing file /opt/airflow/dags/urban_data_streaming_dag.py for tasks to queue
[2026-06-29T12:32:05.038+0000] {logging_mixin.py:190} INFO - [2026-06-29T12:32:05.037+0000] {dagbag.py:588} INFO - Filling up the DagBag from /opt/airflow/dags/urban_data_streaming_dag.py
[2026-06-29T12:32:05.090+0000] {processor.py:925} INFO - DAG(s) 'urban_data_streaming_demo' retrieved from /opt/airflow/dags/urban_data_streaming_dag.py
[2026-06-29T12:32:05.136+0000] {logging_mixin.py:190} INFO - [2026-06-29T12:32:05.135+0000] {dag.py:3239} INFO - Sync 1 DAGs
[2026-06-29T12:32:05.154+0000] {logging_mixin.py:190} INFO - [2026-06-29T12:32:05.154+0000] {dag.py:4180} INFO - Setting next_dagrun for urban_data_streaming_demo to None, run_after=None
[2026-06-29T12:32:05.186+0000] {processor.py:208} INFO - Processing /opt/airflow/dags/urban_data_streaming_dag.py took 0.169 seconds
[2026-06-29T12:32:35.682+0000] {processor.py:186} INFO - Started process (PID=4743) to work on /opt/airflow/dags/urban_data_streaming_dag.py
[2026-06-29T12:32:35.686+0000] {processor.py:914} INFO - Processing file /opt/airflow/dags/urban_data_streaming_dag.py for tasks to queue
[2026-06-29T12:32:35.692+0000] {logging_mixin.py:190} INFO - [2026-06-29T12:32:35.692+0000] {dagbag.py:588} INFO - Filling up the DagBag from /opt/airflow/dags/urban_data_streaming_dag.py
[2026-06-29T12:32:35.764+0000] {processor.py:925} INFO - DAG(s) 'urban_data_streaming_demo' retrieved from /opt/airflow/dags/urban_data_streaming_dag.py
[2026-06-29T12:32:35.824+0000] {logging_mixin.py:190} INFO - [2026-06-29T12:32:35.823+0000] {dag.py:3239} INFO - Sync 1 DAGs
[2026-06-29T12:32:35.848+0000] {logging_mixin.py:190} INFO - [2026-06-29T12:32:35.848+0000] {dag.py:4180} INFO - Setting next_dagrun for urban_data_streaming_demo to None, run_after=None
[2026-06-29T12:32:35.881+0000] {processor.py:208} INFO - Processing /opt/airflow/dags/urban_data_streaming_dag.py took 0.212 seconds
[2026-06-29T12:33:06.150+0000] {processor.py:186} INFO - Started process (PID=4753) to work on /opt/airflow/dags/urban_data_streaming_dag.py
[2026-06-29T12:33:06.152+0000] {processor.py:914} INFO - Processing file /opt/airflow/dags/urban_data_streaming_dag.py for tasks to queue
[2026-06-29T12:33:06.157+0000] {logging_mixin.py:190} INFO - [2026-06-29T12:33:06.156+0000] {dagbag.py:588} INFO - Filling up the DagBag from /opt/airflow/dags/urban_data_streaming_dag.py
[2026-06-29T12:33:06.195+0000] {processor.py:925} INFO - DAG(s) 'urban_data_streaming_demo' retrieved from /opt/airflow/dags/urban_data_streaming_dag.py
[2026-06-29T12:33:06.241+0000] {logging_mixin.py:190} INFO - [2026-06-29T12:33:06.241+0000] {dag.py:3239} INFO - Sync 1 DAGs
[2026-06-29T12:33:06.265+0000] {logging_mixin.py:190} INFO - [2026-06-29T12:33:06.264+0000] {dag.py:4180} INFO - Setting next_dagrun for urban_data_streaming_demo to None, run_after=None
[2026-06-29T12:33:06.294+0000] {processor.py:208} INFO - Processing /opt/airflow/dags/urban_data_streaming_dag.py took 0.166 seconds
[2026-06-29T12:33:36.415+0000] {processor.py:186} INFO - Started process (PID=4771) to work on /opt/airflow/dags/urban_data_streaming_dag.py
[2026-06-29T12:33:36.417+0000] {processor.py:914} INFO - Processing file /opt/airflow/dags/urban_data_streaming_dag.py for tasks to queue
[2026-06-29T12:33:36.421+0000] {logging_mixin.py:190} INFO - [2026-06-29T12:33:36.421+0000] {dagbag.py:588} INFO - Filling up the DagBag from /opt/airflow/dags/urban_data_streaming_dag.py
[2026-06-29T12:33:36.473+0000] {processor.py:925} INFO - DAG(s) 'urban_data_streaming_demo' retrieved from /opt/airflow/dags/urban_data_streaming_dag.py
[2026-06-29T12:33:36.517+0000] {logging_mixin.py:190} INFO - [2026-06-29T12:33:36.517+0000] {dag.py:3239} INFO - Sync 1 DAGs
[2026-06-29T12:33:36.538+0000] {logging_mixin.py:190} INFO - [2026-06-29T12:33:36.538+0000] {dag.py:4180} INFO - Setting next_dagrun for urban_data_streaming_demo to None, run_after=None
[2026-06-29T12:33:36.573+0000] {processor.py:208} INFO - Processing /opt/airflow/dags/urban_data_streaming_dag.py took 0.166 seconds
[2026-06-29T12:34:07.344+0000] {processor.py:186} INFO - Started process (PID=4784) to work on /opt/airflow/dags/urban_data_streaming_dag.py
[2026-06-29T12:34:07.349+0000] {processor.py:914} INFO - Processing file /opt/airflow/dags/urban_data_streaming_dag.py for tasks to queue
[2026-06-29T12:34:07.354+0000] {logging_mixin.py:190} INFO - [2026-06-29T12:34:07.354+0000] {dagbag.py:588} INFO - Filling up the DagBag from /opt/airflow/dags/urban_data_streaming_dag.py
[2026-06-29T12:34:07.452+0000] {processor.py:925} INFO - DAG(s) 'urban_data_streaming_demo' retrieved from /opt/airflow/dags/urban_data_streaming_dag.py
[2026-06-29T12:34:07.574+0000] {logging_mixin.py:190} INFO - [2026-06-29T12:34:07.574+0000] {dag.py:3239} INFO - Sync 1 DAGs
[2026-06-29T12:34:07.627+0000] {logging_mixin.py:190} INFO - [2026-06-29T12:34:07.627+0000] {dag.py:4180} INFO - Setting next_dagrun for urban_data_streaming_demo to None, run_after=None
[2026-06-29T12:34:07.713+0000] {processor.py:208} INFO - Processing /opt/airflow/dags/urban_data_streaming_dag.py took 0.391 seconds
[2026-06-29T12:34:38.199+0000] {processor.py:186} INFO - Started process (PID=4802) to work on /opt/airflow/dags/urban_data_streaming_dag.py
[2026-06-29T12:34:38.201+0000] {processor.py:914} INFO - Processing file /opt/airflow/dags/urban_data_streaming_dag.py for tasks to queue
[2026-06-29T12:34:38.206+0000] {logging_mixin.py:190} INFO - [2026-06-29T12:34:38.205+0000] {dagbag.py:588} INFO - Filling up the DagBag from /opt/airflow/dags/urban_data_streaming_dag.py
[2026-06-29T12:34:38.348+0000] {processor.py:925} INFO - DAG(s) 'urban_data_streaming_demo' retrieved from /opt/airflow/dags/urban_data_streaming_dag.py
[2026-06-29T12:34:38.417+0000] {logging_mixin.py:190} INFO - [2026-06-29T12:34:38.417+0000] {dag.py:3239} INFO - Sync 1 DAGs
[2026-06-29T12:34:38.446+0000] {logging_mixin.py:190} INFO - [2026-06-29T12:34:38.446+0000] {dag.py:4180} INFO - Setting next_dagrun for urban_data_streaming_demo to None, run_after=None
[2026-06-29T12:34:38.503+0000] {processor.py:208} INFO - Processing /opt/airflow/dags/urban_data_streaming_dag.py took 0.318 seconds
[2026-06-29T12:35:09.152+0000] {processor.py:186} INFO - Started process (PID=4820) to work on /opt/airflow/dags/urban_data_streaming_dag.py
[2026-06-29T12:35:09.156+0000] {processor.py:914} INFO - Processing file /opt/airflow/dags/urban_data_streaming_dag.py for tasks to queue
[2026-06-29T12:35:09.164+0000] {logging_mixin.py:190} INFO - [2026-06-29T12:35:09.162+0000] {dagbag.py:588} INFO - Filling up the DagBag from /opt/airflow/dags/urban_data_streaming_dag.py
[2026-06-29T12:35:09.244+0000] {processor.py:925} INFO - DAG(s) 'urban_data_streaming_demo' retrieved from /opt/airflow/dags/urban_data_streaming_dag.py
[2026-06-29T12:35:09.303+0000] {logging_mixin.py:190} INFO - [2026-06-29T12:35:09.303+0000] {dag.py:3239} INFO - Sync 1 DAGs
[2026-06-29T12:35:09.332+0000] {logging_mixin.py:190} INFO - [2026-06-29T12:35:09.331+0000] {dag.py:4180} INFO - Setting next_dagrun for urban_data_streaming_demo to None, run_after=None
[2026-06-29T12:35:09.368+0000] {processor.py:208} INFO - Processing /opt/airflow/dags/urban_data_streaming_dag.py took 0.240 seconds
[2026-06-29T12:35:39.947+0000] {processor.py:186} INFO - Started process (PID=4838) to work on /opt/airflow/dags/urban_data_streaming_dag.py
[2026-06-29T12:35:39.952+0000] {processor.py:914} INFO - Processing file /opt/airflow/dags/urban_data_streaming_dag.py for tasks to queue
[2026-06-29T12:35:39.957+0000] {logging_mixin.py:190} INFO - [2026-06-29T12:35:39.956+0000] {dagbag.py:588} INFO - Filling up the DagBag from /opt/airflow/dags/urban_data_streaming_dag.py
[2026-06-29T12:35:40.008+0000] {processor.py:925} INFO - DAG(s) 'urban_data_streaming_demo' retrieved from /opt/airflow/dags/urban_data_streaming_dag.py
[2026-06-29T12:35:40.055+0000] {logging_mixin.py:190} INFO - [2026-06-29T12:35:40.054+0000] {dag.py:3239} INFO - Sync 1 DAGs
[2026-06-29T12:35:40.076+0000] {logging_mixin.py:190} INFO - [2026-06-29T12:35:40.076+0000] {dag.py:4180} INFO - Setting next_dagrun for urban_data_streaming_demo to None, run_after=None
[2026-06-29T12:35:40.148+0000] {processor.py:208} INFO - Processing /opt/airflow/dags/urban_data_streaming_dag.py took 0.236 seconds
[2026-06-29T12:36:10.743+0000] {processor.py:186} INFO - Started process (PID=4855) to work on /opt/airflow/dags/urban_data_streaming_dag.py
[2026-06-29T12:36:10.746+0000] {processor.py:914} INFO - Processing file /opt/airflow/dags/urban_data_streaming_dag.py for tasks to queue
[2026-06-29T12:36:10.755+0000] {logging_mixin.py:190} INFO - [2026-06-29T12:36:10.754+0000] {dagbag.py:588} INFO - Filling up the DagBag from /opt/airflow/dags/urban_data_streaming_dag.py
[2026-06-29T12:36:10.835+0000] {processor.py:925} INFO - DAG(s) 'urban_data_streaming_demo' retrieved from /opt/airflow/dags/urban_data_streaming_dag.py
[2026-06-29T12:36:10.896+0000] {logging_mixin.py:190} INFO - [2026-06-29T12:36:10.895+0000] {dag.py:3239} INFO - Sync 1 DAGs
[2026-06-29T12:36:10.927+0000] {logging_mixin.py:190} INFO - [2026-06-29T12:36:10.926+0000] {dag.py:4180} INFO - Setting next_dagrun for urban_data_streaming_demo to None, run_after=None
[2026-06-29T12:36:10.962+0000] {processor.py:208} INFO - Processing /opt/airflow/dags/urban_data_streaming_dag.py took 0.232 seconds
[2026-06-29T12:36:41.708+0000] {processor.py:186} INFO - Started process (PID=4866) to work on /opt/airflow/dags/urban_data_streaming_dag.py
[2026-06-29T12:36:41.713+0000] {processor.py:914} INFO - Processing file /opt/airflow/dags/urban_data_streaming_dag.py for tasks to queue
[2026-06-29T12:36:41.725+0000] {logging_mixin.py:190} INFO - [2026-06-29T12:36:41.723+0000] {dagbag.py:588} INFO - Filling up the DagBag from /opt/airflow/dags/urban_data_streaming_dag.py
[2026-06-29T12:36:41.807+0000] {processor.py:925} INFO - DAG(s) 'urban_data_streaming_demo' retrieved from /opt/airflow/dags/urban_data_streaming_dag.py
[2026-06-29T12:36:41.905+0000] {logging_mixin.py:190} INFO - [2026-06-29T12:36:41.905+0000] {dag.py:3239} INFO - Sync 1 DAGs
[2026-06-29T12:36:41.928+0000] {logging_mixin.py:190} INFO - [2026-06-29T12:36:41.928+0000] {dag.py:4180} INFO - Setting next_dagrun for urban_data_streaming_demo to None, run_after=None
[2026-06-29T12:36:41.969+0000] {processor.py:208} INFO - Processing /opt/airflow/dags/urban_data_streaming_dag.py took 0.268 seconds
[2026-06-29T12:37:12.945+0000] {processor.py:186} INFO - Started process (PID=4884) to work on /opt/airflow/dags/urban_data_streaming_dag.py
[2026-06-29T12:37:12.949+0000] {processor.py:914} INFO - Processing file /opt/airflow/dags/urban_data_streaming_dag.py for tasks to queue
[2026-06-29T12:37:12.955+0000] {logging_mixin.py:190} INFO - [2026-06-29T12:37:12.954+0000] {dagbag.py:588} INFO - Filling up the DagBag from /opt/airflow/dags/urban_data_streaming_dag.py
[2026-06-29T12:37:12.993+0000] {processor.py:925} INFO - DAG(s) 'urban_data_streaming_demo' retrieved from /opt/airflow/dags/urban_data_streaming_dag.py
[2026-06-29T12:37:13.040+0000] {logging_mixin.py:190} INFO - [2026-06-29T12:37:13.040+0000] {dag.py:3239} INFO - Sync 1 DAGs
[2026-06-29T12:37:13.070+0000] {logging_mixin.py:190} INFO - [2026-06-29T12:37:13.069+0000] {dag.py:4180} INFO - Setting next_dagrun for urban_data_streaming_demo to None, run_after=None
[2026-06-29T12:37:13.148+0000] {processor.py:208} INFO - Processing /opt/airflow/dags/urban_data_streaming_dag.py took 0.223 seconds
[2026-06-29T12:37:43.843+0000] {processor.py:186} INFO - Started process (PID=4902) to work on /opt/airflow/dags/urban_data_streaming_dag.py
[2026-06-29T12:37:43.846+0000] {processor.py:914} INFO - Processing file /opt/airflow/dags/urban_data_streaming_dag.py for tasks to queue
[2026-06-29T12:37:43.853+0000] {logging_mixin.py:190} INFO - [2026-06-29T12:37:43.852+0000] {dagbag.py:588} INFO - Filling up the DagBag from /opt/airflow/dags/urban_data_streaming_dag.py
[2026-06-29T12:37:43.972+0000] {processor.py:925} INFO - DAG(s) 'urban_data_streaming_demo' retrieved from /opt/airflow/dags/urban_data_streaming_dag.py
[2026-06-29T12:37:44.032+0000] {logging_mixin.py:190} INFO - [2026-06-29T12:37:44.032+0000] {dag.py:3239} INFO - Sync 1 DAGs
[2026-06-29T12:37:44.063+0000] {logging_mixin.py:190} INFO - [2026-06-29T12:37:44.063+0000] {dag.py:4180} INFO - Setting next_dagrun for urban_data_streaming_demo to None, run_after=None
[2026-06-29T12:37:44.110+0000] {processor.py:208} INFO - Processing /opt/airflow/dags/urban_data_streaming_dag.py took 0.279 seconds
[2026-06-29T12:38:14.716+0000] {processor.py:186} INFO - Started process (PID=4920) to work on /opt/airflow/dags/urban_data_streaming_dag.py
[2026-06-29T12:38:14.718+0000] {processor.py:914} INFO - Processing file /opt/airflow/dags/urban_data_streaming_dag.py for tasks to queue
[2026-06-29T12:38:14.722+0000] {logging_mixin.py:190} INFO - [2026-06-29T12:38:14.721+0000] {dagbag.py:588} INFO - Filling up the DagBag from /opt/airflow/dags/urban_data_streaming_dag.py
[2026-06-29T12:38:14.771+0000] {processor.py:925} INFO - DAG(s) 'urban_data_streaming_demo' retrieved from /opt/airflow/dags/urban_data_streaming_dag.py
[2026-06-29T12:38:14.827+0000] {logging_mixin.py:190} INFO - [2026-06-29T12:38:14.827+0000] {dag.py:3239} INFO - Sync 1 DAGs
[2026-06-29T12:38:14.858+0000] {logging_mixin.py:190} INFO - [2026-06-29T12:38:14.857+0000] {dag.py:4180} INFO - Setting next_dagrun for urban_data_streaming_demo to None, run_after=None
[2026-06-29T12:38:14.896+0000] {processor.py:208} INFO - Processing /opt/airflow/dags/urban_data_streaming_dag.py took 0.188 seconds
[2026-06-29T12:38:45.240+0000] {processor.py:186} INFO - Started process (PID=4938) to work on /opt/airflow/dags/urban_data_streaming_dag.py
[2026-06-29T12:38:45.245+0000] {processor.py:914} INFO - Processing file /opt/airflow/dags/urban_data_streaming_dag.py for tasks to queue
[2026-06-29T12:38:45.248+0000] {logging_mixin.py:190} INFO - [2026-06-29T12:38:45.248+0000] {dagbag.py:588} INFO - Filling up the DagBag from /opt/airflow/dags/urban_data_streaming_dag.py
[2026-06-29T12:38:45.303+0000] {processor.py:925} INFO - DAG(s) 'urban_data_streaming_demo' retrieved from /opt/airflow/dags/urban_data_streaming_dag.py
[2026-06-29T12:38:45.365+0000] {logging_mixin.py:190} INFO - [2026-06-29T12:38:45.364+0000] {dag.py:3239} INFO - Sync 1 DAGs
[2026-06-29T12:38:45.392+0000] {logging_mixin.py:190} INFO - [2026-06-29T12:38:45.391+0000] {dag.py:4180} INFO - Setting next_dagrun for urban_data_streaming_demo to None, run_after=None
[2026-06-29T12:38:45.444+0000] {processor.py:208} INFO - Processing /opt/airflow/dags/urban_data_streaming_dag.py took 0.215 seconds
[2026-06-29T12:39:15.999+0000] {processor.py:186} INFO - Started process (PID=4955) to work on /opt/airflow/dags/urban_data_streaming_dag.py
[2026-06-29T12:39:16.001+0000] {processor.py:914} INFO - Processing file /opt/airflow/dags/urban_data_streaming_dag.py for tasks to queue
[2026-06-29T12:39:16.010+0000] {logging_mixin.py:190} INFO - [2026-06-29T12:39:16.009+0000] {dagbag.py:588} INFO - Filling up the DagBag from /opt/airflow/dags/urban_data_streaming_dag.py
[2026-06-29T12:39:16.083+0000] {processor.py:925} INFO - DAG(s) 'urban_data_streaming_demo' retrieved from /opt/airflow/dags/urban_data_streaming_dag.py
[2026-06-29T12:39:16.145+0000] {logging_mixin.py:190} INFO - [2026-06-29T12:39:16.145+0000] {dag.py:3239} INFO - Sync 1 DAGs
[2026-06-29T12:39:16.177+0000] {logging_mixin.py:190} INFO - [2026-06-29T12:39:16.176+0000] {dag.py:4180} INFO - Setting next_dagrun for urban_data_streaming_demo to None, run_after=None
[2026-06-29T12:39:16.216+0000] {processor.py:208} INFO - Processing /opt/airflow/dags/urban_data_streaming_dag.py took 0.232 seconds
[2026-06-29T12:39:47.376+0000] {processor.py:186} INFO - Started process (PID=4966) to work on /opt/airflow/dags/urban_data_streaming_dag.py
[2026-06-29T12:39:47.382+0000] {processor.py:914} INFO - Processing file /opt/airflow/dags/urban_data_streaming_dag.py for tasks to queue
[2026-06-29T12:39:47.390+0000] {logging_mixin.py:190} INFO - [2026-06-29T12:39:47.389+0000] {dagbag.py:588} INFO - Filling up the DagBag from /opt/airflow/dags/urban_data_streaming_dag.py
[2026-06-29T12:39:47.458+0000] {processor.py:925} INFO - DAG(s) 'urban_data_streaming_demo' retrieved from /opt/airflow/dags/urban_data_streaming_dag.py
[2026-06-29T12:39:47.530+0000] {logging_mixin.py:190} INFO - [2026-06-29T12:39:47.529+0000] {dag.py:3239} INFO - Sync 1 DAGs
[2026-06-29T12:39:47.559+0000] {logging_mixin.py:190} INFO - [2026-06-29T12:39:47.559+0000] {dag.py:4180} INFO - Setting next_dagrun for urban_data_streaming_demo to None, run_after=None
[2026-06-29T12:39:47.603+0000] {processor.py:208} INFO - Processing /opt/airflow/dags/urban_data_streaming_dag.py took 0.248 seconds
[2026-06-29T12:40:18.684+0000] {processor.py:186} INFO - Started process (PID=4984) to work on /opt/airflow/dags/urban_data_streaming_dag.py
[2026-06-29T12:40:18.696+0000] {processor.py:914} INFO - Processing file /opt/airflow/dags/urban_data_streaming_dag.py for tasks to queue
[2026-06-29T12:40:18.713+0000] {logging_mixin.py:190} INFO - [2026-06-29T12:40:18.710+0000] {dagbag.py:588} INFO - Filling up the DagBag from /opt/airflow/dags/urban_data_streaming_dag.py
[2026-06-29T12:40:18.779+0000] {processor.py:925} INFO - DAG(s) 'urban_data_streaming_demo' retrieved from /opt/airflow/dags/urban_data_streaming_dag.py
[2026-06-29T12:40:18.858+0000] {logging_mixin.py:190} INFO - [2026-06-29T12:40:18.857+0000] {dag.py:3239} INFO - Sync 1 DAGs
[2026-06-29T12:40:18.892+0000] {logging_mixin.py:190} INFO - [2026-06-29T12:40:18.892+0000] {dag.py:4180} INFO - Setting next_dagrun for urban_data_streaming_demo to None, run_after=None
[2026-06-29T12:40:18.954+0000] {processor.py:208} INFO - Processing /opt/airflow/dags/urban_data_streaming_dag.py took 0.309 seconds
[2026-06-29T12:40:49.743+0000] {processor.py:186} INFO - Started process (PID=5002) to work on /opt/airflow/dags/urban_data_streaming_dag.py
[2026-06-29T12:40:49.749+0000] {processor.py:914} INFO - Processing file /opt/airflow/dags/urban_data_streaming_dag.py for tasks to queue
[2026-06-29T12:40:49.760+0000] {logging_mixin.py:190} INFO - [2026-06-29T12:40:49.759+0000] {dagbag.py:588} INFO - Filling up the DagBag from /opt/airflow/dags/urban_data_streaming_dag.py
[2026-06-29T12:40:49.830+0000] {processor.py:925} INFO - DAG(s) 'urban_data_streaming_demo' retrieved from /opt/airflow/dags/urban_data_streaming_dag.py
[2026-06-29T12:40:49.889+0000] {logging_mixin.py:190} INFO - [2026-06-29T12:40:49.889+0000] {dag.py:3239} INFO - Sync 1 DAGs
[2026-06-29T12:40:49.930+0000] {logging_mixin.py:190} INFO - [2026-06-29T12:40:49.929+0000] {dag.py:4180} INFO - Setting next_dagrun for urban_data_streaming_demo to None, run_after=None
[2026-06-29T12:40:50.045+0000] {processor.py:208} INFO - Processing /opt/airflow/dags/urban_data_streaming_dag.py took 0.310 seconds
[2026-06-29T12:41:20.719+0000] {processor.py:186} INFO - Started process (PID=5020) to work on /opt/airflow/dags/urban_data_streaming_dag.py
[2026-06-29T12:41:20.728+0000] {processor.py:914} INFO - Processing file /opt/airflow/dags/urban_data_streaming_dag.py for tasks to queue
[2026-06-29T12:41:20.751+0000] {logging_mixin.py:190} INFO - [2026-06-29T12:41:20.749+0000] {dagbag.py:588} INFO - Filling up the DagBag from /opt/airflow/dags/urban_data_streaming_dag.py
[2026-06-29T12:41:20.871+0000] {processor.py:925} INFO - DAG(s) 'urban_data_streaming_demo' retrieved from /opt/airflow/dags/urban_data_streaming_dag.py
[2026-06-29T12:41:20.932+0000] {logging_mixin.py:190} INFO - [2026-06-29T12:41:20.931+0000] {dag.py:3239} INFO - Sync 1 DAGs
[2026-06-29T12:41:20.966+0000] {logging_mixin.py:190} INFO - [2026-06-29T12:41:20.966+0000] {dag.py:4180} INFO - Setting next_dagrun for urban_data_streaming_demo to None, run_after=None
[2026-06-29T12:41:21.052+0000] {processor.py:208} INFO - Processing /opt/airflow/dags/urban_data_streaming_dag.py took 0.384 seconds
[2026-06-29T12:41:51.859+0000] {processor.py:186} INFO - Started process (PID=5037) to work on /opt/airflow/dags/urban_data_streaming_dag.py
[2026-06-29T12:41:51.861+0000] {processor.py:914} INFO - Processing file /opt/airflow/dags/urban_data_streaming_dag.py for tasks to queue
[2026-06-29T12:41:51.870+0000] {logging_mixin.py:190} INFO - [2026-06-29T12:41:51.869+0000] {dagbag.py:588} INFO - Filling up the DagBag from /opt/airflow/dags/urban_data_streaming_dag.py
[2026-06-29T12:41:51.907+0000] {processor.py:925} INFO - DAG(s) 'urban_data_streaming_demo' retrieved from /opt/airflow/dags/urban_data_streaming_dag.py
[2026-06-29T12:41:51.952+0000] {logging_mixin.py:190} INFO - [2026-06-29T12:41:51.952+0000] {dag.py:3239} INFO - Sync 1 DAGs
[2026-06-29T12:41:51.971+0000] {logging_mixin.py:190} INFO - [2026-06-29T12:41:51.970+0000] {dag.py:4180} INFO - Setting next_dagrun for urban_data_streaming_demo to None, run_after=None
[2026-06-29T12:41:52.015+0000] {processor.py:208} INFO - Processing /opt/airflow/dags/urban_data_streaming_dag.py took 0.180 seconds
[2026-06-29T12:42:22.452+0000] {processor.py:186} INFO - Started process (PID=5048) to work on /opt/airflow/dags/urban_data_streaming_dag.py
[2026-06-29T12:42:22.454+0000] {processor.py:914} INFO - Processing file /opt/airflow/dags/urban_data_streaming_dag.py for tasks to queue
[2026-06-29T12:42:22.459+0000] {logging_mixin.py:190} INFO - [2026-06-29T12:42:22.458+0000] {dagbag.py:588} INFO - Filling up the DagBag from /opt/airflow/dags/urban_data_streaming_dag.py
[2026-06-29T12:42:22.534+0000] {processor.py:925} INFO - DAG(s) 'urban_data_streaming_demo' retrieved from /opt/airflow/dags/urban_data_streaming_dag.py
[2026-06-29T12:42:22.585+0000] {logging_mixin.py:190} INFO - [2026-06-29T12:42:22.584+0000] {dag.py:3239} INFO - Sync 1 DAGs
[2026-06-29T12:42:22.621+0000] {logging_mixin.py:190} INFO - [2026-06-29T12:42:22.620+0000] {dag.py:4180} INFO - Setting next_dagrun for urban_data_streaming_demo to None, run_after=None
[2026-06-29T12:42:22.679+0000] {processor.py:208} INFO - Processing /opt/airflow/dags/urban_data_streaming_dag.py took 0.236 seconds
[2026-06-29T12:42:52.919+0000] {processor.py:186} INFO - Started process (PID=5066) to work on /opt/airflow/dags/urban_data_streaming_dag.py
[2026-06-29T12:42:52.922+0000] {processor.py:914} INFO - Processing file /opt/airflow/dags/urban_data_streaming_dag.py for tasks to queue
[2026-06-29T12:42:52.928+0000] {logging_mixin.py:190} INFO - [2026-06-29T12:42:52.927+0000] {dagbag.py:588} INFO - Filling up the DagBag from /opt/airflow/dags/urban_data_streaming_dag.py
[2026-06-29T12:42:53.087+0000] {processor.py:925} INFO - DAG(s) 'urban_data_streaming_demo' retrieved from /opt/airflow/dags/urban_data_streaming_dag.py
[2026-06-29T12:42:53.149+0000] {logging_mixin.py:190} INFO - [2026-06-29T12:42:53.148+0000] {dag.py:3239} INFO - Sync 1 DAGs
[2026-06-29T12:42:53.168+0000] {logging_mixin.py:190} INFO - [2026-06-29T12:42:53.168+0000] {dag.py:4180} INFO - Setting next_dagrun for urban_data_streaming_demo to None, run_after=None
[2026-06-29T12:42:53.216+0000] {processor.py:208} INFO - Processing /opt/airflow/dags/urban_data_streaming_dag.py took 0.311 seconds
[2026-06-29T12:43:23.682+0000] {processor.py:186} INFO - Started process (PID=5084) to work on /opt/airflow/dags/urban_data_streaming_dag.py
[2026-06-29T12:43:23.684+0000] {processor.py:914} INFO - Processing file /opt/airflow/dags/urban_data_streaming_dag.py for tasks to queue
[2026-06-29T12:43:23.688+0000] {logging_mixin.py:190} INFO - [2026-06-29T12:43:23.688+0000] {dagbag.py:588} INFO - Filling up the DagBag from /opt/airflow/dags/urban_data_streaming_dag.py
[2026-06-29T12:43:23.735+0000] {processor.py:925} INFO - DAG(s) 'urban_data_streaming_demo' retrieved from /opt/airflow/dags/urban_data_streaming_dag.py
[2026-06-29T12:43:23.778+0000] {logging_mixin.py:190} INFO - [2026-06-29T12:43:23.777+0000] {dag.py:3239} INFO - Sync 1 DAGs
[2026-06-29T12:43:23.799+0000] {logging_mixin.py:190} INFO - [2026-06-29T12:43:23.799+0000] {dag.py:4180} INFO - Setting next_dagrun for urban_data_streaming_demo to None, run_after=None
[2026-06-29T12:43:23.828+0000] {processor.py:208} INFO - Processing /opt/airflow/dags/urban_data_streaming_dag.py took 0.155 seconds
[2026-06-29T12:43:54.618+0000] {processor.py:186} INFO - Started process (PID=5102) to work on /opt/airflow/dags/urban_data_streaming_dag.py
[2026-06-29T12:43:54.622+0000] {processor.py:914} INFO - Processing file /opt/airflow/dags/urban_data_streaming_dag.py for tasks to queue
[2026-06-29T12:43:54.632+0000] {logging_mixin.py:190} INFO - [2026-06-29T12:43:54.631+0000] {dagbag.py:588} INFO - Filling up the DagBag from /opt/airflow/dags/urban_data_streaming_dag.py
[2026-06-29T12:43:54.745+0000] {processor.py:925} INFO - DAG(s) 'urban_data_streaming_demo' retrieved from /opt/airflow/dags/urban_data_streaming_dag.py
[2026-06-29T12:43:54.791+0000] {logging_mixin.py:190} INFO - [2026-06-29T12:43:54.790+0000] {dag.py:3239} INFO - Sync 1 DAGs
[2026-06-29T12:43:54.813+0000] {logging_mixin.py:190} INFO - [2026-06-29T12:43:54.812+0000] {dag.py:4180} INFO - Setting next_dagrun for urban_data_streaming_demo to None, run_after=None
[2026-06-29T12:43:54.853+0000] {processor.py:208} INFO - Processing /opt/airflow/dags/urban_data_streaming_dag.py took 0.272 seconds
[2026-06-29T12:44:25.147+0000] {processor.py:186} INFO - Started process (PID=5120) to work on /opt/airflow/dags/urban_data_streaming_dag.py
[2026-06-29T12:44:25.149+0000] {processor.py:914} INFO - Processing file /opt/airflow/dags/urban_data_streaming_dag.py for tasks to queue
[2026-06-29T12:44:25.153+0000] {logging_mixin.py:190} INFO - [2026-06-29T12:44:25.152+0000] {dagbag.py:588} INFO - Filling up the DagBag from /opt/airflow/dags/urban_data_streaming_dag.py
[2026-06-29T12:44:25.191+0000] {processor.py:925} INFO - DAG(s) 'urban_data_streaming_demo' retrieved from /opt/airflow/dags/urban_data_streaming_dag.py
[2026-06-29T12:44:25.239+0000] {logging_mixin.py:190} INFO - [2026-06-29T12:44:25.239+0000] {dag.py:3239} INFO - Sync 1 DAGs
[2026-06-29T12:44:25.259+0000] {logging_mixin.py:190} INFO - [2026-06-29T12:44:25.259+0000] {dag.py:4180} INFO - Setting next_dagrun for urban_data_streaming_demo to None, run_after=None
[2026-06-29T12:44:25.294+0000] {processor.py:208} INFO - Processing /opt/airflow/dags/urban_data_streaming_dag.py took 0.154 seconds
[2026-06-29T12:44:55.849+0000] {processor.py:186} INFO - Started process (PID=5138) to work on /opt/airflow/dags/urban_data_streaming_dag.py
[2026-06-29T12:44:55.851+0000] {processor.py:914} INFO - Processing file /opt/airflow/dags/urban_data_streaming_dag.py for tasks to queue
[2026-06-29T12:44:55.856+0000] {logging_mixin.py:190} INFO - [2026-06-29T12:44:55.856+0000] {dagbag.py:588} INFO - Filling up the DagBag from /opt/airflow/dags/urban_data_streaming_dag.py
[2026-06-29T12:44:55.888+0000] {processor.py:925} INFO - DAG(s) 'urban_data_streaming_demo' retrieved from /opt/airflow/dags/urban_data_streaming_dag.py
[2026-06-29T12:44:55.936+0000] {logging_mixin.py:190} INFO - [2026-06-29T12:44:55.935+0000] {dag.py:3239} INFO - Sync 1 DAGs
[2026-06-29T12:44:55.958+0000] {logging_mixin.py:190} INFO - [2026-06-29T12:44:55.958+0000] {dag.py:4180} INFO - Setting next_dagrun for urban_data_streaming_demo to None, run_after=None
[2026-06-29T12:44:55.989+0000] {processor.py:208} INFO - Processing /opt/airflow/dags/urban_data_streaming_dag.py took 0.151 seconds
[2026-06-29T12:45:26.260+0000] {processor.py:186} INFO - Started process (PID=5155) to work on /opt/airflow/dags/urban_data_streaming_dag.py
[2026-06-29T12:45:26.262+0000] {processor.py:914} INFO - Processing file /opt/airflow/dags/urban_data_streaming_dag.py for tasks to queue
[2026-06-29T12:45:26.266+0000] {logging_mixin.py:190} INFO - [2026-06-29T12:45:26.266+0000] {dagbag.py:588} INFO - Filling up the DagBag from /opt/airflow/dags/urban_data_streaming_dag.py
[2026-06-29T12:45:26.303+0000] {processor.py:925} INFO - DAG(s) 'urban_data_streaming_demo' retrieved from /opt/airflow/dags/urban_data_streaming_dag.py
[2026-06-29T12:45:26.352+0000] {logging_mixin.py:190} INFO - [2026-06-29T12:45:26.352+0000] {dag.py:3239} INFO - Sync 1 DAGs
[2026-06-29T12:45:26.377+0000] {logging_mixin.py:190} INFO - [2026-06-29T12:45:26.376+0000] {dag.py:4180} INFO - Setting next_dagrun for urban_data_streaming_demo to None, run_after=None
[2026-06-29T12:45:26.405+0000] {processor.py:208} INFO - Processing /opt/airflow/dags/urban_data_streaming_dag.py took 0.154 seconds
[2026-06-29T12:45:56.886+0000] {processor.py:186} INFO - Started process (PID=5166) to work on /opt/airflow/dags/urban_data_streaming_dag.py
[2026-06-29T12:45:56.888+0000] {processor.py:914} INFO - Processing file /opt/airflow/dags/urban_data_streaming_dag.py for tasks to queue
[2026-06-29T12:45:56.903+0000] {logging_mixin.py:190} INFO - [2026-06-29T12:45:56.901+0000] {dagbag.py:588} INFO - Filling up the DagBag from /opt/airflow/dags/urban_data_streaming_dag.py
[2026-06-29T12:45:57.012+0000] {processor.py:925} INFO - DAG(s) 'urban_data_streaming_demo' retrieved from /opt/airflow/dags/urban_data_streaming_dag.py
[2026-06-29T12:45:57.061+0000] {logging_mixin.py:190} INFO - [2026-06-29T12:45:57.061+0000] {dag.py:3239} INFO - Sync 1 DAGs
[2026-06-29T12:45:57.089+0000] {logging_mixin.py:190} INFO - [2026-06-29T12:45:57.088+0000] {dag.py:4180} INFO - Setting next_dagrun for urban_data_streaming_demo to None, run_after=None
[2026-06-29T12:45:57.126+0000] {processor.py:208} INFO - Processing /opt/airflow/dags/urban_data_streaming_dag.py took 0.260 seconds
[2026-06-29T12:46:27.562+0000] {processor.py:186} INFO - Started process (PID=5184) to work on /opt/airflow/dags/urban_data_streaming_dag.py
[2026-06-29T12:46:27.564+0000] {processor.py:914} INFO - Processing file /opt/airflow/dags/urban_data_streaming_dag.py for tasks to queue
[2026-06-29T12:46:27.569+0000] {logging_mixin.py:190} INFO - [2026-06-29T12:46:27.569+0000] {dagbag.py:588} INFO - Filling up the DagBag from /opt/airflow/dags/urban_data_streaming_dag.py
[2026-06-29T12:46:27.615+0000] {processor.py:925} INFO - DAG(s) 'urban_data_streaming_demo' retrieved from /opt/airflow/dags/urban_data_streaming_dag.py
[2026-06-29T12:46:27.661+0000] {logging_mixin.py:190} INFO - [2026-06-29T12:46:27.661+0000] {dag.py:3239} INFO - Sync 1 DAGs
[2026-06-29T12:46:27.681+0000] {logging_mixin.py:190} INFO - [2026-06-29T12:46:27.680+0000] {dag.py:4180} INFO - Setting next_dagrun for urban_data_streaming_demo to None, run_after=None
[2026-06-29T12:46:27.713+0000] {processor.py:208} INFO - Processing /opt/airflow/dags/urban_data_streaming_dag.py took 0.159 seconds
[2026-06-29T12:46:58.052+0000] {processor.py:186} INFO - Started process (PID=5202) to work on /opt/airflow/dags/urban_data_streaming_dag.py
[2026-06-29T12:46:58.057+0000] {processor.py:914} INFO - Processing file /opt/airflow/dags/urban_data_streaming_dag.py for tasks to queue
[2026-06-29T12:46:58.073+0000] {logging_mixin.py:190} INFO - [2026-06-29T12:46:58.071+0000] {dagbag.py:588} INFO - Filling up the DagBag from /opt/airflow/dags/urban_data_streaming_dag.py
[2026-06-29T12:46:58.167+0000] {processor.py:925} INFO - DAG(s) 'urban_data_streaming_demo' retrieved from /opt/airflow/dags/urban_data_streaming_dag.py
[2026-06-29T12:46:58.222+0000] {logging_mixin.py:190} INFO - [2026-06-29T12:46:58.221+0000] {dag.py:3239} INFO - Sync 1 DAGs
[2026-06-29T12:46:58.245+0000] {logging_mixin.py:190} INFO - [2026-06-29T12:46:58.244+0000] {dag.py:4180} INFO - Setting next_dagrun for urban_data_streaming_demo to None, run_after=None
[2026-06-29T12:46:58.295+0000] {processor.py:208} INFO - Processing /opt/airflow/dags/urban_data_streaming_dag.py took 0.269 seconds
[2026-06-29T12:47:28.454+0000] {processor.py:186} INFO - Started process (PID=5220) to work on /opt/airflow/dags/urban_data_streaming_dag.py
[2026-06-29T12:47:28.458+0000] {processor.py:914} INFO - Processing file /opt/airflow/dags/urban_data_streaming_dag.py for tasks to queue
[2026-06-29T12:47:28.464+0000] {logging_mixin.py:190} INFO - [2026-06-29T12:47:28.463+0000] {dagbag.py:588} INFO - Filling up the DagBag from /opt/airflow/dags/urban_data_streaming_dag.py
[2026-06-29T12:47:28.562+0000] {processor.py:925} INFO - DAG(s) 'urban_data_streaming_demo' retrieved from /opt/airflow/dags/urban_data_streaming_dag.py
[2026-06-29T12:47:28.654+0000] {logging_mixin.py:190} INFO - [2026-06-29T12:47:28.654+0000] {dag.py:3239} INFO - Sync 1 DAGs
[2026-06-29T12:47:28.682+0000] {logging_mixin.py:190} INFO - [2026-06-29T12:47:28.682+0000] {dag.py:4180} INFO - Setting next_dagrun for urban_data_streaming_demo to None, run_after=None
[2026-06-29T12:47:28.729+0000] {processor.py:208} INFO - Processing /opt/airflow/dags/urban_data_streaming_dag.py took 0.291 seconds
[2026-06-29T12:47:59.181+0000] {processor.py:186} INFO - Started process (PID=5238) to work on /opt/airflow/dags/urban_data_streaming_dag.py
[2026-06-29T12:47:59.184+0000] {processor.py:914} INFO - Processing file /opt/airflow/dags/urban_data_streaming_dag.py for tasks to queue
[2026-06-29T12:47:59.193+0000] {logging_mixin.py:190} INFO - [2026-06-29T12:47:59.193+0000] {dagbag.py:588} INFO - Filling up the DagBag from /opt/airflow/dags/urban_data_streaming_dag.py
[2026-06-29T12:47:59.279+0000] {processor.py:925} INFO - DAG(s) 'urban_data_streaming_demo' retrieved from /opt/airflow/dags/urban_data_streaming_dag.py
[2026-06-29T12:47:59.334+0000] {logging_mixin.py:190} INFO - [2026-06-29T12:47:59.334+0000] {dag.py:3239} INFO - Sync 1 DAGs
[2026-06-29T12:47:59.360+0000] {logging_mixin.py:190} INFO - [2026-06-29T12:47:59.359+0000] {dag.py:4180} INFO - Setting next_dagrun for urban_data_streaming_demo to None, run_after=None
[2026-06-29T12:47:59.395+0000] {processor.py:208} INFO - Processing /opt/airflow/dags/urban_data_streaming_dag.py took 0.231 seconds
[2026-06-29T12:48:29.615+0000] {processor.py:186} INFO - Started process (PID=5255) to work on /opt/airflow/dags/urban_data_streaming_dag.py
[2026-06-29T12:48:29.618+0000] {processor.py:914} INFO - Processing file /opt/airflow/dags/urban_data_streaming_dag.py for tasks to queue
[2026-06-29T12:48:29.625+0000] {logging_mixin.py:190} INFO - [2026-06-29T12:48:29.623+0000] {dagbag.py:588} INFO - Filling up the DagBag from /opt/airflow/dags/urban_data_streaming_dag.py
[2026-06-29T12:48:29.699+0000] {processor.py:925} INFO - DAG(s) 'urban_data_streaming_demo' retrieved from /opt/airflow/dags/urban_data_streaming_dag.py
[2026-06-29T12:48:29.805+0000] {logging_mixin.py:190} INFO - [2026-06-29T12:48:29.804+0000] {dag.py:3239} INFO - Sync 1 DAGs
[2026-06-29T12:48:29.842+0000] {logging_mixin.py:190} INFO - [2026-06-29T12:48:29.841+0000] {dag.py:4180} INFO - Setting next_dagrun for urban_data_streaming_demo to None, run_after=None
[2026-06-29T12:48:29.881+0000] {processor.py:208} INFO - Processing /opt/airflow/dags/urban_data_streaming_dag.py took 0.275 seconds
[2026-06-29T12:49:00.326+0000] {processor.py:186} INFO - Started process (PID=5266) to work on /opt/airflow/dags/urban_data_streaming_dag.py
[2026-06-29T12:49:00.328+0000] {processor.py:914} INFO - Processing file /opt/airflow/dags/urban_data_streaming_dag.py for tasks to queue
[2026-06-29T12:49:00.335+0000] {logging_mixin.py:190} INFO - [2026-06-29T12:49:00.334+0000] {dagbag.py:588} INFO - Filling up the DagBag from /opt/airflow/dags/urban_data_streaming_dag.py
[2026-06-29T12:49:00.377+0000] {processor.py:925} INFO - DAG(s) 'urban_data_streaming_demo' retrieved from /opt/airflow/dags/urban_data_streaming_dag.py
[2026-06-29T12:49:00.421+0000] {logging_mixin.py:190} INFO - [2026-06-29T12:49:00.421+0000] {dag.py:3239} INFO - Sync 1 DAGs
[2026-06-29T12:49:00.445+0000] {logging_mixin.py:190} INFO - [2026-06-29T12:49:00.444+0000] {dag.py:4180} INFO - Setting next_dagrun for urban_data_streaming_demo to None, run_after=None
[2026-06-29T12:49:00.478+0000] {processor.py:208} INFO - Processing /opt/airflow/dags/urban_data_streaming_dag.py took 0.167 seconds
[2026-06-29T12:49:31.482+0000] {processor.py:186} INFO - Started process (PID=5285) to work on /opt/airflow/dags/urban_data_streaming_dag.py
[2026-06-29T12:49:31.486+0000] {processor.py:914} INFO - Processing file /opt/airflow/dags/urban_data_streaming_dag.py for tasks to queue
[2026-06-29T12:49:31.503+0000] {logging_mixin.py:190} INFO - [2026-06-29T12:49:31.501+0000] {dagbag.py:588} INFO - Filling up the DagBag from /opt/airflow/dags/urban_data_streaming_dag.py
[2026-06-29T12:49:31.619+0000] {processor.py:925} INFO - DAG(s) 'urban_data_streaming_demo' retrieved from /opt/airflow/dags/urban_data_streaming_dag.py
[2026-06-29T12:49:31.703+0000] {logging_mixin.py:190} INFO - [2026-06-29T12:49:31.702+0000] {dag.py:3239} INFO - Sync 1 DAGs
[2026-06-29T12:49:31.754+0000] {logging_mixin.py:190} INFO - [2026-06-29T12:49:31.753+0000] {dag.py:4180} INFO - Setting next_dagrun for urban_data_streaming_demo to None, run_after=None
[2026-06-29T12:49:31.812+0000] {processor.py:208} INFO - Processing /opt/airflow/dags/urban_data_streaming_dag.py took 0.350 seconds
[2026-06-29T12:50:02.341+0000] {processor.py:186} INFO - Started process (PID=5303) to work on /opt/airflow/dags/urban_data_streaming_dag.py
[2026-06-29T12:50:02.351+0000] {processor.py:914} INFO - Processing file /opt/airflow/dags/urban_data_streaming_dag.py for tasks to queue
[2026-06-29T12:50:02.373+0000] {logging_mixin.py:190} INFO - [2026-06-29T12:50:02.367+0000] {dagbag.py:588} INFO - Filling up the DagBag from /opt/airflow/dags/urban_data_streaming_dag.py
[2026-06-29T12:50:02.527+0000] {processor.py:925} INFO - DAG(s) 'urban_data_streaming_demo' retrieved from /opt/airflow/dags/urban_data_streaming_dag.py
[2026-06-29T12:50:02.595+0000] {logging_mixin.py:190} INFO - [2026-06-29T12:50:02.595+0000] {dag.py:3239} INFO - Sync 1 DAGs
[2026-06-29T12:50:02.625+0000] {logging_mixin.py:190} INFO - [2026-06-29T12:50:02.624+0000] {dag.py:4180} INFO - Setting next_dagrun for urban_data_streaming_demo to None, run_after=None
[2026-06-29T12:50:02.696+0000] {processor.py:208} INFO - Processing /opt/airflow/dags/urban_data_streaming_dag.py took 0.383 seconds
[2026-06-29T12:50:33.506+0000] {processor.py:186} INFO - Started process (PID=5321) to work on /opt/airflow/dags/urban_data_streaming_dag.py
[2026-06-29T12:50:33.508+0000] {processor.py:914} INFO - Processing file /opt/airflow/dags/urban_data_streaming_dag.py for tasks to queue
[2026-06-29T12:50:33.514+0000] {logging_mixin.py:190} INFO - [2026-06-29T12:50:33.514+0000] {dagbag.py:588} INFO - Filling up the DagBag from /opt/airflow/dags/urban_data_streaming_dag.py
[2026-06-29T12:50:33.595+0000] {processor.py:925} INFO - DAG(s) 'urban_data_streaming_demo' retrieved from /opt/airflow/dags/urban_data_streaming_dag.py
[2026-06-29T12:50:33.683+0000] {logging_mixin.py:190} INFO - [2026-06-29T12:50:33.683+0000] {dag.py:3239} INFO - Sync 1 DAGs
[2026-06-29T12:50:33.719+0000] {logging_mixin.py:190} INFO - [2026-06-29T12:50:33.718+0000] {dag.py:4180} INFO - Setting next_dagrun for urban_data_streaming_demo to None, run_after=None
[2026-06-29T12:50:33.771+0000] {processor.py:208} INFO - Processing /opt/airflow/dags/urban_data_streaming_dag.py took 0.281 seconds
[2026-06-29T12:51:04.542+0000] {processor.py:186} INFO - Started process (PID=5339) to work on /opt/airflow/dags/urban_data_streaming_dag.py
[2026-06-29T12:51:04.544+0000] {processor.py:914} INFO - Processing file /opt/airflow/dags/urban_data_streaming_dag.py for tasks to queue
[2026-06-29T12:51:04.551+0000] {logging_mixin.py:190} INFO - [2026-06-29T12:51:04.550+0000] {dagbag.py:588} INFO - Filling up the DagBag from /opt/airflow/dags/urban_data_streaming_dag.py
[2026-06-29T12:51:04.669+0000] {processor.py:925} INFO - DAG(s) 'urban_data_streaming_demo' retrieved from /opt/airflow/dags/urban_data_streaming_dag.py
[2026-06-29T12:51:04.776+0000] {logging_mixin.py:190} INFO - [2026-06-29T12:51:04.775+0000] {dag.py:3239} INFO - Sync 1 DAGs
[2026-06-29T12:51:04.808+0000] {logging_mixin.py:190} INFO - [2026-06-29T12:51:04.807+0000] {dag.py:4180} INFO - Setting next_dagrun for urban_data_streaming_demo to None, run_after=None
[2026-06-29T12:51:04.848+0000] {processor.py:208} INFO - Processing /opt/airflow/dags/urban_data_streaming_dag.py took 0.322 seconds
[2026-06-29T12:51:35.582+0000] {processor.py:186} INFO - Started process (PID=5357) to work on /opt/airflow/dags/urban_data_streaming_dag.py
[2026-06-29T12:51:35.584+0000] {processor.py:914} INFO - Processing file /opt/airflow/dags/urban_data_streaming_dag.py for tasks to queue
[2026-06-29T12:51:35.592+0000] {logging_mixin.py:190} INFO - [2026-06-29T12:51:35.591+0000] {dagbag.py:588} INFO - Filling up the DagBag from /opt/airflow/dags/urban_data_streaming_dag.py
[2026-06-29T12:51:35.664+0000] {processor.py:925} INFO - DAG(s) 'urban_data_streaming_demo' retrieved from /opt/airflow/dags/urban_data_streaming_dag.py
[2026-06-29T12:51:35.717+0000] {logging_mixin.py:190} INFO - [2026-06-29T12:51:35.716+0000] {dag.py:3239} INFO - Sync 1 DAGs
[2026-06-29T12:51:35.745+0000] {logging_mixin.py:190} INFO - [2026-06-29T12:51:35.744+0000] {dag.py:4180} INFO - Setting next_dagrun for urban_data_streaming_demo to None, run_after=None
[2026-06-29T12:51:35.794+0000] {processor.py:208} INFO - Processing /opt/airflow/dags/urban_data_streaming_dag.py took 0.233 seconds
[2026-06-29T12:52:06.228+0000] {processor.py:186} INFO - Started process (PID=5374) to work on /opt/airflow/dags/urban_data_streaming_dag.py
[2026-06-29T12:52:06.230+0000] {processor.py:914} INFO - Processing file /opt/airflow/dags/urban_data_streaming_dag.py for tasks to queue
[2026-06-29T12:52:06.237+0000] {logging_mixin.py:190} INFO - [2026-06-29T12:52:06.236+0000] {dagbag.py:588} INFO - Filling up the DagBag from /opt/airflow/dags/urban_data_streaming_dag.py
[2026-06-29T12:52:06.290+0000] {processor.py:925} INFO - DAG(s) 'urban_data_streaming_demo' retrieved from /opt/airflow/dags/urban_data_streaming_dag.py
[2026-06-29T12:52:06.350+0000] {logging_mixin.py:190} INFO - [2026-06-29T12:52:06.350+0000] {dag.py:3239} INFO - Sync 1 DAGs
[2026-06-29T12:52:06.379+0000] {logging_mixin.py:190} INFO - [2026-06-29T12:52:06.378+0000] {dag.py:4180} INFO - Setting next_dagrun for urban_data_streaming_demo to None, run_after=None
[2026-06-29T12:52:06.419+0000] {processor.py:208} INFO - Processing /opt/airflow/dags/urban_data_streaming_dag.py took 0.206 seconds
[2026-06-29T12:52:37.176+0000] {processor.py:186} INFO - Started process (PID=5385) to work on /opt/airflow/dags/urban_data_streaming_dag.py
[2026-06-29T12:52:37.181+0000] {processor.py:914} INFO - Processing file /opt/airflow/dags/urban_data_streaming_dag.py for tasks to queue
[2026-06-29T12:52:37.190+0000] {logging_mixin.py:190} INFO - [2026-06-29T12:52:37.189+0000] {dagbag.py:588} INFO - Filling up the DagBag from /opt/airflow/dags/urban_data_streaming_dag.py
[2026-06-29T12:52:37.288+0000] {processor.py:925} INFO - DAG(s) 'urban_data_streaming_demo' retrieved from /opt/airflow/dags/urban_data_streaming_dag.py
[2026-06-29T12:52:37.365+0000] {logging_mixin.py:190} INFO - [2026-06-29T12:52:37.365+0000] {dag.py:3239} INFO - Sync 1 DAGs
[2026-06-29T12:52:37.402+0000] {logging_mixin.py:190} INFO - [2026-06-29T12:52:37.401+0000] {dag.py:4180} INFO - Setting next_dagrun for urban_data_streaming_demo to None, run_after=None
[2026-06-29T12:52:37.448+0000] {processor.py:208} INFO - Processing /opt/airflow/dags/urban_data_streaming_dag.py took 0.289 seconds
[2026-06-29T12:53:08.154+0000] {processor.py:186} INFO - Started process (PID=5403) to work on /opt/airflow/dags/urban_data_streaming_dag.py
[2026-06-29T12:53:08.159+0000] {processor.py:914} INFO - Processing file /opt/airflow/dags/urban_data_streaming_dag.py for tasks to queue
[2026-06-29T12:53:08.167+0000] {logging_mixin.py:190} INFO - [2026-06-29T12:53:08.166+0000] {dagbag.py:588} INFO - Filling up the DagBag from /opt/airflow/dags/urban_data_streaming_dag.py
[2026-06-29T12:53:08.267+0000] {processor.py:925} INFO - DAG(s) 'urban_data_streaming_demo' retrieved from /opt/airflow/dags/urban_data_streaming_dag.py
[2026-06-29T12:53:08.341+0000] {logging_mixin.py:190} INFO - [2026-06-29T12:53:08.340+0000] {dag.py:3239} INFO - Sync 1 DAGs
[2026-06-29T12:53:08.374+0000] {logging_mixin.py:190} INFO - [2026-06-29T12:53:08.373+0000] {dag.py:4180} INFO - Setting next_dagrun for urban_data_streaming_demo to None, run_after=None
[2026-06-29T12:53:08.418+0000] {processor.py:208} INFO - Processing /opt/airflow/dags/urban_data_streaming_dag.py took 0.292 seconds
[2026-06-29T12:53:39.333+0000] {processor.py:186} INFO - Started process (PID=5421) to work on /opt/airflow/dags/urban_data_streaming_dag.py
[2026-06-29T12:53:39.339+0000] {processor.py:914} INFO - Processing file /opt/airflow/dags/urban_data_streaming_dag.py for tasks to queue
[2026-06-29T12:53:39.349+0000] {logging_mixin.py:190} INFO - [2026-06-29T12:53:39.347+0000] {dagbag.py:588} INFO - Filling up the DagBag from /opt/airflow/dags/urban_data_streaming_dag.py
[2026-06-29T12:53:39.478+0000] {processor.py:925} INFO - DAG(s) 'urban_data_streaming_demo' retrieved from /opt/airflow/dags/urban_data_streaming_dag.py
[2026-06-29T12:53:39.564+0000] {logging_mixin.py:190} INFO - [2026-06-29T12:53:39.564+0000] {dag.py:3239} INFO - Sync 1 DAGs
[2026-06-29T12:53:39.611+0000] {logging_mixin.py:190} INFO - [2026-06-29T12:53:39.611+0000] {dag.py:4180} INFO - Setting next_dagrun for urban_data_streaming_demo to None, run_after=None
[2026-06-29T12:53:39.679+0000] {processor.py:208} INFO - Processing /opt/airflow/dags/urban_data_streaming_dag.py took 0.375 seconds
[2026-06-29T12:54:10.397+0000] {processor.py:186} INFO - Started process (PID=5439) to work on /opt/airflow/dags/urban_data_streaming_dag.py
[2026-06-29T12:54:10.399+0000] {processor.py:914} INFO - Processing file /opt/airflow/dags/urban_data_streaming_dag.py for tasks to queue
[2026-06-29T12:54:10.405+0000] {logging_mixin.py:190} INFO - [2026-06-29T12:54:10.404+0000] {dagbag.py:588} INFO - Filling up the DagBag from /opt/airflow/dags/urban_data_streaming_dag.py
[2026-06-29T12:54:10.450+0000] {processor.py:925} INFO - DAG(s) 'urban_data_streaming_demo' retrieved from /opt/airflow/dags/urban_data_streaming_dag.py
[2026-06-29T12:54:10.498+0000] {logging_mixin.py:190} INFO - [2026-06-29T12:54:10.498+0000] {dag.py:3239} INFO - Sync 1 DAGs
[2026-06-29T12:54:10.524+0000] {logging_mixin.py:190} INFO - [2026-06-29T12:54:10.524+0000] {dag.py:4180} INFO - Setting next_dagrun for urban_data_streaming_demo to None, run_after=None
[2026-06-29T12:54:10.563+0000] {processor.py:208} INFO - Processing /opt/airflow/dags/urban_data_streaming_dag.py took 0.176 seconds
[2026-06-29T12:54:41.481+0000] {processor.py:186} INFO - Started process (PID=5458) to work on /opt/airflow/dags/urban_data_streaming_dag.py
[2026-06-29T12:54:41.482+0000] {processor.py:914} INFO - Processing file /opt/airflow/dags/urban_data_streaming_dag.py for tasks to queue
[2026-06-29T12:54:41.486+0000] {logging_mixin.py:190} INFO - [2026-06-29T12:54:41.486+0000] {dagbag.py:588} INFO - Filling up the DagBag from /opt/airflow/dags/urban_data_streaming_dag.py
[2026-06-29T12:54:41.545+0000] {processor.py:925} INFO - DAG(s) 'urban_data_streaming_demo' retrieved from /opt/airflow/dags/urban_data_streaming_dag.py
[2026-06-29T12:54:41.595+0000] {logging_mixin.py:190} INFO - [2026-06-29T12:54:41.594+0000] {dag.py:3239} INFO - Sync 1 DAGs
[2026-06-29T12:54:41.615+0000] {logging_mixin.py:190} INFO - [2026-06-29T12:54:41.614+0000] {dag.py:4180} INFO - Setting next_dagrun for urban_data_streaming_demo to None, run_after=None
[2026-06-29T12:54:41.646+0000] {processor.py:208} INFO - Processing /opt/airflow/dags/urban_data_streaming_dag.py took 0.175 seconds
[2026-06-29T12:55:12.413+0000] {processor.py:186} INFO - Started process (PID=5468) to work on /opt/airflow/dags/urban_data_streaming_dag.py
[2026-06-29T12:55:12.414+0000] {processor.py:914} INFO - Processing file /opt/airflow/dags/urban_data_streaming_dag.py for tasks to queue
[2026-06-29T12:55:12.419+0000] {logging_mixin.py:190} INFO - [2026-06-29T12:55:12.418+0000] {dagbag.py:588} INFO - Filling up the DagBag from /opt/airflow/dags/urban_data_streaming_dag.py
[2026-06-29T12:55:12.451+0000] {processor.py:925} INFO - DAG(s) 'urban_data_streaming_demo' retrieved from /opt/airflow/dags/urban_data_streaming_dag.py
[2026-06-29T12:55:12.499+0000] {logging_mixin.py:190} INFO - [2026-06-29T12:55:12.498+0000] {dag.py:3239} INFO - Sync 1 DAGs
[2026-06-29T12:55:12.524+0000] {logging_mixin.py:190} INFO - [2026-06-29T12:55:12.523+0000] {dag.py:4180} INFO - Setting next_dagrun for urban_data_streaming_demo to None, run_after=None
[2026-06-29T12:55:12.564+0000] {processor.py:208} INFO - Processing /opt/airflow/dags/urban_data_streaming_dag.py took 0.161 seconds
[2026-06-29T12:55:43.422+0000] {processor.py:186} INFO - Started process (PID=5486) to work on /opt/airflow/dags/urban_data_streaming_dag.py
[2026-06-29T12:55:43.431+0000] {processor.py:914} INFO - Processing file /opt/airflow/dags/urban_data_streaming_dag.py for tasks to queue
[2026-06-29T12:55:43.453+0000] {logging_mixin.py:190} INFO - [2026-06-29T12:55:43.450+0000] {dagbag.py:588} INFO - Filling up the DagBag from /opt/airflow/dags/urban_data_streaming_dag.py
[2026-06-29T12:55:43.612+0000] {processor.py:925} INFO - DAG(s) 'urban_data_streaming_demo' retrieved from /opt/airflow/dags/urban_data_streaming_dag.py
[2026-06-29T12:55:43.668+0000] {logging_mixin.py:190} INFO - [2026-06-29T12:55:43.668+0000] {dag.py:3239} INFO - Sync 1 DAGs
[2026-06-29T12:55:43.711+0000] {logging_mixin.py:190} INFO - [2026-06-29T12:55:43.711+0000] {dag.py:4180} INFO - Setting next_dagrun for urban_data_streaming_demo to None, run_after=None
[2026-06-29T12:55:43.782+0000] {processor.py:208} INFO - Processing /opt/airflow/dags/urban_data_streaming_dag.py took 0.410 seconds
[2026-06-29T12:56:14.177+0000] {processor.py:186} INFO - Started process (PID=5504) to work on /opt/airflow/dags/urban_data_streaming_dag.py
[2026-06-29T12:56:14.179+0000] {processor.py:914} INFO - Processing file /opt/airflow/dags/urban_data_streaming_dag.py for tasks to queue
[2026-06-29T12:56:14.184+0000] {logging_mixin.py:190} INFO - [2026-06-29T12:56:14.183+0000] {dagbag.py:588} INFO - Filling up the DagBag from /opt/airflow/dags/urban_data_streaming_dag.py
[2026-06-29T12:56:14.231+0000] {processor.py:925} INFO - DAG(s) 'urban_data_streaming_demo' retrieved from /opt/airflow/dags/urban_data_streaming_dag.py
[2026-06-29T12:56:14.280+0000] {logging_mixin.py:190} INFO - [2026-06-29T12:56:14.279+0000] {dag.py:3239} INFO - Sync 1 DAGs
[2026-06-29T12:56:14.298+0000] {logging_mixin.py:190} INFO - [2026-06-29T12:56:14.298+0000] {dag.py:4180} INFO - Setting next_dagrun for urban_data_streaming_demo to None, run_after=None
[2026-06-29T12:56:14.327+0000] {processor.py:208} INFO - Processing /opt/airflow/dags/urban_data_streaming_dag.py took 0.161 seconds
[2026-06-29T12:56:44.862+0000] {processor.py:186} INFO - Started process (PID=5522) to work on /opt/airflow/dags/urban_data_streaming_dag.py
[2026-06-29T12:56:44.866+0000] {processor.py:914} INFO - Processing file /opt/airflow/dags/urban_data_streaming_dag.py for tasks to queue
[2026-06-29T12:56:44.872+0000] {logging_mixin.py:190} INFO - [2026-06-29T12:56:44.871+0000] {dagbag.py:588} INFO - Filling up the DagBag from /opt/airflow/dags/urban_data_streaming_dag.py
[2026-06-29T12:56:44.945+0000] {processor.py:925} INFO - DAG(s) 'urban_data_streaming_demo' retrieved from /opt/airflow/dags/urban_data_streaming_dag.py
[2026-06-29T12:56:45.015+0000] {logging_mixin.py:190} INFO - [2026-06-29T12:56:45.015+0000] {dag.py:3239} INFO - Sync 1 DAGs
[2026-06-29T12:56:45.047+0000] {logging_mixin.py:190} INFO - [2026-06-29T12:56:45.046+0000] {dag.py:4180} INFO - Setting next_dagrun for urban_data_streaming_demo to None, run_after=None
[2026-06-29T12:56:45.092+0000] {processor.py:208} INFO - Processing /opt/airflow/dags/urban_data_streaming_dag.py took 0.251 seconds
[2026-06-29T12:57:16.061+0000] {processor.py:186} INFO - Started process (PID=5540) to work on /opt/airflow/dags/urban_data_streaming_dag.py
[2026-06-29T12:57:16.063+0000] {processor.py:914} INFO - Processing file /opt/airflow/dags/urban_data_streaming_dag.py for tasks to queue
[2026-06-29T12:57:16.072+0000] {logging_mixin.py:190} INFO - [2026-06-29T12:57:16.071+0000] {dagbag.py:588} INFO - Filling up the DagBag from /opt/airflow/dags/urban_data_streaming_dag.py
[2026-06-29T12:57:16.136+0000] {processor.py:925} INFO - DAG(s) 'urban_data_streaming_demo' retrieved from /opt/airflow/dags/urban_data_streaming_dag.py
[2026-06-29T12:57:16.204+0000] {logging_mixin.py:190} INFO - [2026-06-29T12:57:16.204+0000] {dag.py:3239} INFO - Sync 1 DAGs
[2026-06-29T12:57:16.234+0000] {logging_mixin.py:190} INFO - [2026-06-29T12:57:16.233+0000] {dag.py:4180} INFO - Setting next_dagrun for urban_data_streaming_demo to None, run_after=None
[2026-06-29T12:57:16.288+0000] {processor.py:208} INFO - Processing /opt/airflow/dags/urban_data_streaming_dag.py took 0.237 seconds
[2026-06-29T12:57:47.126+0000] {processor.py:186} INFO - Started process (PID=5557) to work on /opt/airflow/dags/urban_data_streaming_dag.py
[2026-06-29T12:57:47.130+0000] {processor.py:914} INFO - Processing file /opt/airflow/dags/urban_data_streaming_dag.py for tasks to queue
[2026-06-29T12:57:47.134+0000] {logging_mixin.py:190} INFO - [2026-06-29T12:57:47.134+0000] {dagbag.py:588} INFO - Filling up the DagBag from /opt/airflow/dags/urban_data_streaming_dag.py
[2026-06-29T12:57:47.201+0000] {processor.py:925} INFO - DAG(s) 'urban_data_streaming_demo' retrieved from /opt/airflow/dags/urban_data_streaming_dag.py
[2026-06-29T12:57:47.254+0000] {logging_mixin.py:190} INFO - [2026-06-29T12:57:47.253+0000] {dag.py:3239} INFO - Sync 1 DAGs
[2026-06-29T12:57:47.278+0000] {logging_mixin.py:190} INFO - [2026-06-29T12:57:47.278+0000] {dag.py:4180} INFO - Setting next_dagrun for urban_data_streaming_demo to None, run_after=None
[2026-06-29T12:57:47.317+0000] {processor.py:208} INFO - Processing /opt/airflow/dags/urban_data_streaming_dag.py took 0.202 seconds
[2026-06-29T12:58:18.202+0000] {processor.py:186} INFO - Started process (PID=5568) to work on /opt/airflow/dags/urban_data_streaming_dag.py
[2026-06-29T12:58:18.206+0000] {processor.py:914} INFO - Processing file /opt/airflow/dags/urban_data_streaming_dag.py for tasks to queue
[2026-06-29T12:58:18.218+0000] {logging_mixin.py:190} INFO - [2026-06-29T12:58:18.216+0000] {dagbag.py:588} INFO - Filling up the DagBag from /opt/airflow/dags/urban_data_streaming_dag.py
[2026-06-29T12:58:18.339+0000] {processor.py:925} INFO - DAG(s) 'urban_data_streaming_demo' retrieved from /opt/airflow/dags/urban_data_streaming_dag.py
[2026-06-29T12:58:18.408+0000] {logging_mixin.py:190} INFO - [2026-06-29T12:58:18.407+0000] {dag.py:3239} INFO - Sync 1 DAGs
[2026-06-29T12:58:18.457+0000] {logging_mixin.py:190} INFO - [2026-06-29T12:58:18.455+0000] {dag.py:4180} INFO - Setting next_dagrun for urban_data_streaming_demo to None, run_after=None
[2026-06-29T12:58:18.552+0000] {processor.py:208} INFO - Processing /opt/airflow/dags/urban_data_streaming_dag.py took 0.384 seconds
[2026-06-29T12:58:49.512+0000] {processor.py:186} INFO - Started process (PID=5586) to work on /opt/airflow/dags/urban_data_streaming_dag.py
[2026-06-29T12:58:49.518+0000] {processor.py:914} INFO - Processing file /opt/airflow/dags/urban_data_streaming_dag.py for tasks to queue
[2026-06-29T12:58:49.539+0000] {logging_mixin.py:190} INFO - [2026-06-29T12:58:49.537+0000] {dagbag.py:588} INFO - Filling up the DagBag from /opt/airflow/dags/urban_data_streaming_dag.py
[2026-06-29T12:58:49.677+0000] {processor.py:925} INFO - DAG(s) 'urban_data_streaming_demo' retrieved from /opt/airflow/dags/urban_data_streaming_dag.py
[2026-06-29T12:58:49.752+0000] {logging_mixin.py:190} INFO - [2026-06-29T12:58:49.752+0000] {dag.py:3239} INFO - Sync 1 DAGs
[2026-06-29T12:58:49.778+0000] {logging_mixin.py:190} INFO - [2026-06-29T12:58:49.777+0000] {dag.py:4180} INFO - Setting next_dagrun for urban_data_streaming_demo to None, run_after=None
[2026-06-29T12:58:49.814+0000] {processor.py:208} INFO - Processing /opt/airflow/dags/urban_data_streaming_dag.py took 0.339 seconds
[2026-06-29T12:59:21.014+0000] {processor.py:186} INFO - Started process (PID=5604) to work on /opt/airflow/dags/urban_data_streaming_dag.py
[2026-06-29T12:59:21.017+0000] {processor.py:914} INFO - Processing file /opt/airflow/dags/urban_data_streaming_dag.py for tasks to queue
[2026-06-29T12:59:21.024+0000] {logging_mixin.py:190} INFO - [2026-06-29T12:59:21.022+0000] {dagbag.py:588} INFO - Filling up the DagBag from /opt/airflow/dags/urban_data_streaming_dag.py
[2026-06-29T12:59:21.133+0000] {processor.py:925} INFO - DAG(s) 'urban_data_streaming_demo' retrieved from /opt/airflow/dags/urban_data_streaming_dag.py
[2026-06-29T12:59:21.281+0000] {logging_mixin.py:190} INFO - [2026-06-29T12:59:21.280+0000] {dag.py:3239} INFO - Sync 1 DAGs
[2026-06-29T12:59:21.327+0000] {logging_mixin.py:190} INFO - [2026-06-29T12:59:21.327+0000] {dag.py:4180} INFO - Setting next_dagrun for urban_data_streaming_demo to None, run_after=None
[2026-06-29T12:59:21.412+0000] {processor.py:208} INFO - Processing /opt/airflow/dags/urban_data_streaming_dag.py took 0.426 seconds
[2026-06-29T12:59:52.490+0000] {processor.py:186} INFO - Started process (PID=5622) to work on /opt/airflow/dags/urban_data_streaming_dag.py
[2026-06-29T12:59:52.493+0000] {processor.py:914} INFO - Processing file /opt/airflow/dags/urban_data_streaming_dag.py for tasks to queue
[2026-06-29T12:59:52.497+0000] {logging_mixin.py:190} INFO - [2026-06-29T12:59:52.496+0000] {dagbag.py:588} INFO - Filling up the DagBag from /opt/airflow/dags/urban_data_streaming_dag.py
[2026-06-29T12:59:52.542+0000] {processor.py:925} INFO - DAG(s) 'urban_data_streaming_demo' retrieved from /opt/airflow/dags/urban_data_streaming_dag.py
[2026-06-29T12:59:52.579+0000] {logging_mixin.py:190} INFO - [2026-06-29T12:59:52.579+0000] {dag.py:3239} INFO - Sync 1 DAGs
[2026-06-29T12:59:52.593+0000] {logging_mixin.py:190} INFO - [2026-06-29T12:59:52.593+0000] {dag.py:4180} INFO - Setting next_dagrun for urban_data_streaming_demo to None, run_after=None
[2026-06-29T12:59:52.615+0000] {processor.py:208} INFO - Processing /opt/airflow/dags/urban_data_streaming_dag.py took 0.138 seconds
[2026-06-29T13:00:22.982+0000] {processor.py:186} INFO - Started process (PID=5640) to work on /opt/airflow/dags/urban_data_streaming_dag.py
[2026-06-29T13:00:22.985+0000] {processor.py:914} INFO - Processing file /opt/airflow/dags/urban_data_streaming_dag.py for tasks to queue
[2026-06-29T13:00:22.993+0000] {logging_mixin.py:190} INFO - [2026-06-29T13:00:22.992+0000] {dagbag.py:588} INFO - Filling up the DagBag from /opt/airflow/dags/urban_data_streaming_dag.py
[2026-06-29T13:00:23.066+0000] {processor.py:925} INFO - DAG(s) 'urban_data_streaming_demo' retrieved from /opt/airflow/dags/urban_data_streaming_dag.py
[2026-06-29T13:00:23.111+0000] {logging_mixin.py:190} INFO - [2026-06-29T13:00:23.111+0000] {dag.py:3239} INFO - Sync 1 DAGs
[2026-06-29T13:00:23.127+0000] {logging_mixin.py:190} INFO - [2026-06-29T13:00:23.127+0000] {dag.py:4180} INFO - Setting next_dagrun for urban_data_streaming_demo to None, run_after=None
[2026-06-29T13:00:23.153+0000] {processor.py:208} INFO - Processing /opt/airflow/dags/urban_data_streaming_dag.py took 0.191 seconds
[2026-06-29T13:00:53.677+0000] {processor.py:186} INFO - Started process (PID=5658) to work on /opt/airflow/dags/urban_data_streaming_dag.py
[2026-06-29T13:00:53.679+0000] {processor.py:914} INFO - Processing file /opt/airflow/dags/urban_data_streaming_dag.py for tasks to queue
[2026-06-29T13:00:53.683+0000] {logging_mixin.py:190} INFO - [2026-06-29T13:00:53.683+0000] {dagbag.py:588} INFO - Filling up the DagBag from /opt/airflow/dags/urban_data_streaming_dag.py
[2026-06-29T13:00:53.802+0000] {processor.py:925} INFO - DAG(s) 'urban_data_streaming_demo' retrieved from /opt/airflow/dags/urban_data_streaming_dag.py
[2026-06-29T13:00:53.847+0000] {logging_mixin.py:190} INFO - [2026-06-29T13:00:53.847+0000] {dag.py:3239} INFO - Sync 1 DAGs
[2026-06-29T13:00:53.866+0000] {logging_mixin.py:190} INFO - [2026-06-29T13:00:53.866+0000] {dag.py:4180} INFO - Setting next_dagrun for urban_data_streaming_demo to None, run_after=None
[2026-06-29T13:00:53.899+0000] {processor.py:208} INFO - Processing /opt/airflow/dags/urban_data_streaming_dag.py took 0.233 seconds
[2026-06-29T13:01:24.107+0000] {processor.py:186} INFO - Started process (PID=5676) to work on /opt/airflow/dags/urban_data_streaming_dag.py
[2026-06-29T13:01:24.109+0000] {processor.py:914} INFO - Processing file /opt/airflow/dags/urban_data_streaming_dag.py for tasks to queue
[2026-06-29T13:01:24.113+0000] {logging_mixin.py:190} INFO - [2026-06-29T13:01:24.112+0000] {dagbag.py:588} INFO - Filling up the DagBag from /opt/airflow/dags/urban_data_streaming_dag.py
[2026-06-29T13:01:24.173+0000] {processor.py:925} INFO - DAG(s) 'urban_data_streaming_demo' retrieved from /opt/airflow/dags/urban_data_streaming_dag.py
[2026-06-29T13:01:24.229+0000] {logging_mixin.py:190} INFO - [2026-06-29T13:01:24.229+0000] {dag.py:3239} INFO - Sync 1 DAGs
[2026-06-29T13:01:24.244+0000] {logging_mixin.py:190} INFO - [2026-06-29T13:01:24.244+0000] {dag.py:4180} INFO - Setting next_dagrun for urban_data_streaming_demo to None, run_after=None
[2026-06-29T13:01:24.288+0000] {processor.py:208} INFO - Processing /opt/airflow/dags/urban_data_streaming_dag.py took 0.198 seconds
[2026-06-29T13:01:54.830+0000] {processor.py:186} INFO - Started process (PID=5694) to work on /opt/airflow/dags/urban_data_streaming_dag.py
[2026-06-29T13:01:54.833+0000] {processor.py:914} INFO - Processing file /opt/airflow/dags/urban_data_streaming_dag.py for tasks to queue
[2026-06-29T13:01:54.837+0000] {logging_mixin.py:190} INFO - [2026-06-29T13:01:54.836+0000] {dagbag.py:588} INFO - Filling up the DagBag from /opt/airflow/dags/urban_data_streaming_dag.py
[2026-06-29T13:01:54.880+0000] {processor.py:925} INFO - DAG(s) 'urban_data_streaming_demo' retrieved from /opt/airflow/dags/urban_data_streaming_dag.py
[2026-06-29T13:01:54.908+0000] {logging_mixin.py:190} INFO - [2026-06-29T13:01:54.908+0000] {dag.py:3239} INFO - Sync 1 DAGs
[2026-06-29T13:01:54.925+0000] {logging_mixin.py:190} INFO - [2026-06-29T13:01:54.924+0000] {dag.py:4180} INFO - Setting next_dagrun for urban_data_streaming_demo to None, run_after=None
[2026-06-29T13:01:54.949+0000] {processor.py:208} INFO - Processing /opt/airflow/dags/urban_data_streaming_dag.py took 0.124 seconds
[2026-06-29T13:02:25.086+0000] {processor.py:186} INFO - Started process (PID=5704) to work on /opt/airflow/dags/urban_data_streaming_dag.py
[2026-06-29T13:02:25.087+0000] {processor.py:914} INFO - Processing file /opt/airflow/dags/urban_data_streaming_dag.py for tasks to queue
[2026-06-29T13:02:25.091+0000] {logging_mixin.py:190} INFO - [2026-06-29T13:02:25.090+0000] {dagbag.py:588} INFO - Filling up the DagBag from /opt/airflow/dags/urban_data_streaming_dag.py
[2026-06-29T13:02:25.116+0000] {processor.py:925} INFO - DAG(s) 'urban_data_streaming_demo' retrieved from /opt/airflow/dags/urban_data_streaming_dag.py
[2026-06-29T13:02:25.147+0000] {logging_mixin.py:190} INFO - [2026-06-29T13:02:25.146+0000] {dag.py:3239} INFO - Sync 1 DAGs
[2026-06-29T13:02:25.163+0000] {logging_mixin.py:190} INFO - [2026-06-29T13:02:25.162+0000] {dag.py:4180} INFO - Setting next_dagrun for urban_data_streaming_demo to None, run_after=None
[2026-06-29T13:02:25.191+0000] {processor.py:208} INFO - Processing /opt/airflow/dags/urban_data_streaming_dag.py took 0.112 seconds
[2026-06-29T13:02:55.975+0000] {processor.py:186} INFO - Started process (PID=5722) to work on /opt/airflow/dags/urban_data_streaming_dag.py
[2026-06-29T13:02:55.978+0000] {processor.py:914} INFO - Processing file /opt/airflow/dags/urban_data_streaming_dag.py for tasks to queue
[2026-06-29T13:02:55.987+0000] {logging_mixin.py:190} INFO - [2026-06-29T13:02:55.986+0000] {dagbag.py:588} INFO - Filling up the DagBag from /opt/airflow/dags/urban_data_streaming_dag.py
[2026-06-29T13:02:56.063+0000] {processor.py:925} INFO - DAG(s) 'urban_data_streaming_demo' retrieved from /opt/airflow/dags/urban_data_streaming_dag.py
[2026-06-29T13:02:56.127+0000] {logging_mixin.py:190} INFO - [2026-06-29T13:02:56.127+0000] {dag.py:3239} INFO - Sync 1 DAGs
[2026-06-29T13:02:56.160+0000] {logging_mixin.py:190} INFO - [2026-06-29T13:02:56.159+0000] {dag.py:4180} INFO - Setting next_dagrun for urban_data_streaming_demo to None, run_after=None
[2026-06-29T13:02:56.206+0000] {processor.py:208} INFO - Processing /opt/airflow/dags/urban_data_streaming_dag.py took 0.248 seconds
[2026-06-29T13:03:26.600+0000] {processor.py:186} INFO - Started process (PID=5741) to work on /opt/airflow/dags/urban_data_streaming_dag.py
[2026-06-29T13:03:26.602+0000] {processor.py:914} INFO - Processing file /opt/airflow/dags/urban_data_streaming_dag.py for tasks to queue
[2026-06-29T13:03:26.605+0000] {logging_mixin.py:190} INFO - [2026-06-29T13:03:26.605+0000] {dagbag.py:588} INFO - Filling up the DagBag from /opt/airflow/dags/urban_data_streaming_dag.py
[2026-06-29T13:03:26.642+0000] {processor.py:925} INFO - DAG(s) 'urban_data_streaming_demo' retrieved from /opt/airflow/dags/urban_data_streaming_dag.py
[2026-06-29T13:03:26.677+0000] {logging_mixin.py:190} INFO - [2026-06-29T13:03:26.677+0000] {dag.py:3239} INFO - Sync 1 DAGs
[2026-06-29T13:03:26.691+0000] {logging_mixin.py:190} INFO - [2026-06-29T13:03:26.691+0000] {dag.py:4180} INFO - Setting next_dagrun for urban_data_streaming_demo to None, run_after=None
[2026-06-29T13:03:26.715+0000] {processor.py:208} INFO - Processing /opt/airflow/dags/urban_data_streaming_dag.py took 0.126 seconds
[2026-06-29T13:03:57.174+0000] {processor.py:186} INFO - Started process (PID=5759) to work on /opt/airflow/dags/urban_data_streaming_dag.py
[2026-06-29T13:03:57.177+0000] {processor.py:914} INFO - Processing file /opt/airflow/dags/urban_data_streaming_dag.py for tasks to queue
[2026-06-29T13:03:57.183+0000] {logging_mixin.py:190} INFO - [2026-06-29T13:03:57.182+0000] {dagbag.py:588} INFO - Filling up the DagBag from /opt/airflow/dags/urban_data_streaming_dag.py
[2026-06-29T13:03:57.330+0000] {processor.py:925} INFO - DAG(s) 'urban_data_streaming_demo' retrieved from /opt/airflow/dags/urban_data_streaming_dag.py
[2026-06-29T13:03:57.418+0000] {logging_mixin.py:190} INFO - [2026-06-29T13:03:57.418+0000] {dag.py:3239} INFO - Sync 1 DAGs
[2026-06-29T13:03:57.434+0000] {logging_mixin.py:190} INFO - [2026-06-29T13:03:57.434+0000] {dag.py:4180} INFO - Setting next_dagrun for urban_data_streaming_demo to None, run_after=None
[2026-06-29T13:03:57.475+0000] {processor.py:208} INFO - Processing /opt/airflow/dags/urban_data_streaming_dag.py took 0.321 seconds
[2026-06-29T13:04:28.338+0000] {processor.py:186} INFO - Started process (PID=5777) to work on /opt/airflow/dags/urban_data_streaming_dag.py
[2026-06-29T13:04:28.341+0000] {processor.py:914} INFO - Processing file /opt/airflow/dags/urban_data_streaming_dag.py for tasks to queue
[2026-06-29T13:04:28.346+0000] {logging_mixin.py:190} INFO - [2026-06-29T13:04:28.346+0000] {dagbag.py:588} INFO - Filling up the DagBag from /opt/airflow/dags/urban_data_streaming_dag.py
[2026-06-29T13:04:28.438+0000] {processor.py:925} INFO - DAG(s) 'urban_data_streaming_demo' retrieved from /opt/airflow/dags/urban_data_streaming_dag.py
[2026-06-29T13:04:28.482+0000] {logging_mixin.py:190} INFO - [2026-06-29T13:04:28.482+0000] {dag.py:3239} INFO - Sync 1 DAGs
[2026-06-29T13:04:28.499+0000] {logging_mixin.py:190} INFO - [2026-06-29T13:04:28.499+0000] {dag.py:4180} INFO - Setting next_dagrun for urban_data_streaming_demo to None, run_after=None
[2026-06-29T13:04:28.536+0000] {processor.py:208} INFO - Processing /opt/airflow/dags/urban_data_streaming_dag.py took 0.221 seconds
[2026-06-29T13:04:59.222+0000] {processor.py:186} INFO - Started process (PID=5795) to work on /opt/airflow/dags/urban_data_streaming_dag.py
[2026-06-29T13:04:59.223+0000] {processor.py:914} INFO - Processing file /opt/airflow/dags/urban_data_streaming_dag.py for tasks to queue
[2026-06-29T13:04:59.226+0000] {logging_mixin.py:190} INFO - [2026-06-29T13:04:59.226+0000] {dagbag.py:588} INFO - Filling up the DagBag from /opt/airflow/dags/urban_data_streaming_dag.py
[2026-06-29T13:04:59.258+0000] {processor.py:925} INFO - DAG(s) 'urban_data_streaming_demo' retrieved from /opt/airflow/dags/urban_data_streaming_dag.py
[2026-06-29T13:04:59.300+0000] {logging_mixin.py:190} INFO - [2026-06-29T13:04:59.300+0000] {dag.py:3239} INFO - Sync 1 DAGs
[2026-06-29T13:04:59.316+0000] {logging_mixin.py:190} INFO - [2026-06-29T13:04:59.316+0000] {dag.py:4180} INFO - Setting next_dagrun for urban_data_streaming_demo to None, run_after=None
[2026-06-29T13:04:59.340+0000] {processor.py:208} INFO - Processing /opt/airflow/dags/urban_data_streaming_dag.py took 0.124 seconds
[2026-06-29T13:05:30.083+0000] {processor.py:186} INFO - Started process (PID=5813) to work on /opt/airflow/dags/urban_data_streaming_dag.py
[2026-06-29T13:05:30.085+0000] {processor.py:914} INFO - Processing file /opt/airflow/dags/urban_data_streaming_dag.py for tasks to queue
[2026-06-29T13:05:30.088+0000] {logging_mixin.py:190} INFO - [2026-06-29T13:05:30.087+0000] {dagbag.py:588} INFO - Filling up the DagBag from /opt/airflow/dags/urban_data_streaming_dag.py
[2026-06-29T13:05:30.133+0000] {processor.py:925} INFO - DAG(s) 'urban_data_streaming_demo' retrieved from /opt/airflow/dags/urban_data_streaming_dag.py
[2026-06-29T13:05:30.166+0000] {logging_mixin.py:190} INFO - [2026-06-29T13:05:30.166+0000] {dag.py:3239} INFO - Sync 1 DAGs
[2026-06-29T13:05:30.181+0000] {logging_mixin.py:190} INFO - [2026-06-29T13:05:30.180+0000] {dag.py:4180} INFO - Setting next_dagrun for urban_data_streaming_demo to None, run_after=None
[2026-06-29T13:05:30.207+0000] {processor.py:208} INFO - Processing /opt/airflow/dags/urban_data_streaming_dag.py took 0.138 seconds
[2026-06-29T13:06:00.989+0000] {processor.py:186} INFO - Started process (PID=5831) to work on /opt/airflow/dags/urban_data_streaming_dag.py
[2026-06-29T13:06:00.992+0000] {processor.py:914} INFO - Processing file /opt/airflow/dags/urban_data_streaming_dag.py for tasks to queue
[2026-06-29T13:06:00.998+0000] {logging_mixin.py:190} INFO - [2026-06-29T13:06:00.997+0000] {dagbag.py:588} INFO - Filling up the DagBag from /opt/airflow/dags/urban_data_streaming_dag.py
[2026-06-29T13:06:01.098+0000] {processor.py:925} INFO - DAG(s) 'urban_data_streaming_demo' retrieved from /opt/airflow/dags/urban_data_streaming_dag.py
[2026-06-29T13:06:01.138+0000] {logging_mixin.py:190} INFO - [2026-06-29T13:06:01.138+0000] {dag.py:3239} INFO - Sync 1 DAGs
[2026-06-29T13:06:01.152+0000] {logging_mixin.py:190} INFO - [2026-06-29T13:06:01.152+0000] {dag.py:4180} INFO - Setting next_dagrun for urban_data_streaming_demo to None, run_after=None
[2026-06-29T13:06:01.182+0000] {processor.py:208} INFO - Processing /opt/airflow/dags/urban_data_streaming_dag.py took 0.217 seconds
[2026-06-29T13:06:31.978+0000] {processor.py:186} INFO - Started process (PID=5849) to work on /opt/airflow/dags/urban_data_streaming_dag.py
[2026-06-29T13:06:31.981+0000] {processor.py:914} INFO - Processing file /opt/airflow/dags/urban_data_streaming_dag.py for tasks to queue
[2026-06-29T13:06:31.987+0000] {logging_mixin.py:190} INFO - [2026-06-29T13:06:31.987+0000] {dagbag.py:588} INFO - Filling up the DagBag from /opt/airflow/dags/urban_data_streaming_dag.py
[2026-06-29T13:06:32.093+0000] {processor.py:925} INFO - DAG(s) 'urban_data_streaming_demo' retrieved from /opt/airflow/dags/urban_data_streaming_dag.py
[2026-06-29T13:06:32.146+0000] {logging_mixin.py:190} INFO - [2026-06-29T13:06:32.146+0000] {dag.py:3239} INFO - Sync 1 DAGs
[2026-06-29T13:06:32.162+0000] {logging_mixin.py:190} INFO - [2026-06-29T13:06:32.161+0000] {dag.py:4180} INFO - Setting next_dagrun for urban_data_streaming_demo to None, run_after=None
[2026-06-29T13:06:32.190+0000] {processor.py:208} INFO - Processing /opt/airflow/dags/urban_data_streaming_dag.py took 0.235 seconds
[2026-06-29T13:07:02.936+0000] {processor.py:186} INFO - Started process (PID=5867) to work on /opt/airflow/dags/urban_data_streaming_dag.py
[2026-06-29T13:07:02.937+0000] {processor.py:914} INFO - Processing file /opt/airflow/dags/urban_data_streaming_dag.py for tasks to queue
[2026-06-29T13:07:02.940+0000] {logging_mixin.py:190} INFO - [2026-06-29T13:07:02.939+0000] {dagbag.py:588} INFO - Filling up the DagBag from /opt/airflow/dags/urban_data_streaming_dag.py
[2026-06-29T13:07:02.965+0000] {processor.py:925} INFO - DAG(s) 'urban_data_streaming_demo' retrieved from /opt/airflow/dags/urban_data_streaming_dag.py
[2026-06-29T13:07:02.997+0000] {logging_mixin.py:190} INFO - [2026-06-29T13:07:02.996+0000] {dag.py:3239} INFO - Sync 1 DAGs
[2026-06-29T13:07:03.011+0000] {logging_mixin.py:190} INFO - [2026-06-29T13:07:03.011+0000] {dag.py:4180} INFO - Setting next_dagrun for urban_data_streaming_demo to None, run_after=None
[2026-06-29T13:07:03.035+0000] {processor.py:208} INFO - Processing /opt/airflow/dags/urban_data_streaming_dag.py took 0.105 seconds
[2026-06-29T13:07:33.830+0000] {processor.py:186} INFO - Started process (PID=5884) to work on /opt/airflow/dags/urban_data_streaming_dag.py
[2026-06-29T13:07:33.836+0000] {processor.py:914} INFO - Processing file /opt/airflow/dags/urban_data_streaming_dag.py for tasks to queue
[2026-06-29T13:07:33.846+0000] {logging_mixin.py:190} INFO - [2026-06-29T13:07:33.845+0000] {dagbag.py:588} INFO - Filling up the DagBag from /opt/airflow/dags/urban_data_streaming_dag.py
[2026-06-29T13:07:33.900+0000] {processor.py:925} INFO - DAG(s) 'urban_data_streaming_demo' retrieved from /opt/airflow/dags/urban_data_streaming_dag.py
[2026-06-29T13:07:33.933+0000] {logging_mixin.py:190} INFO - [2026-06-29T13:07:33.933+0000] {dag.py:3239} INFO - Sync 1 DAGs
[2026-06-29T13:07:33.946+0000] {logging_mixin.py:190} INFO - [2026-06-29T13:07:33.946+0000] {dag.py:4180} INFO - Setting next_dagrun for urban_data_streaming_demo to None, run_after=None
[2026-06-29T13:07:33.972+0000] {processor.py:208} INFO - Processing /opt/airflow/dags/urban_data_streaming_dag.py took 0.164 seconds
[2026-06-29T13:08:04.065+0000] {processor.py:186} INFO - Started process (PID=5895) to work on /opt/airflow/dags/urban_data_streaming_dag.py
[2026-06-29T13:08:04.066+0000] {processor.py:914} INFO - Processing file /opt/airflow/dags/urban_data_streaming_dag.py for tasks to queue
[2026-06-29T13:08:04.069+0000] {logging_mixin.py:190} INFO - [2026-06-29T13:08:04.069+0000] {dagbag.py:588} INFO - Filling up the DagBag from /opt/airflow/dags/urban_data_streaming_dag.py
[2026-06-29T13:08:04.100+0000] {processor.py:925} INFO - DAG(s) 'urban_data_streaming_demo' retrieved from /opt/airflow/dags/urban_data_streaming_dag.py
[2026-06-29T13:08:04.137+0000] {logging_mixin.py:190} INFO - [2026-06-29T13:08:04.137+0000] {dag.py:3239} INFO - Sync 1 DAGs
[2026-06-29T13:08:04.154+0000] {logging_mixin.py:190} INFO - [2026-06-29T13:08:04.154+0000] {dag.py:4180} INFO - Setting next_dagrun for urban_data_streaming_demo to None, run_after=None
[2026-06-29T13:08:04.194+0000] {processor.py:208} INFO - Processing /opt/airflow/dags/urban_data_streaming_dag.py took 0.135 seconds
[2026-06-29T13:08:35.161+0000] {processor.py:186} INFO - Started process (PID=5914) to work on /opt/airflow/dags/urban_data_streaming_dag.py
[2026-06-29T13:08:35.164+0000] {processor.py:914} INFO - Processing file /opt/airflow/dags/urban_data_streaming_dag.py for tasks to queue
[2026-06-29T13:08:35.169+0000] {logging_mixin.py:190} INFO - [2026-06-29T13:08:35.168+0000] {dagbag.py:588} INFO - Filling up the DagBag from /opt/airflow/dags/urban_data_streaming_dag.py
[2026-06-29T13:08:35.212+0000] {processor.py:925} INFO - DAG(s) 'urban_data_streaming_demo' retrieved from /opt/airflow/dags/urban_data_streaming_dag.py
[2026-06-29T13:08:35.259+0000] {logging_mixin.py:190} INFO - [2026-06-29T13:08:35.259+0000] {dag.py:3239} INFO - Sync 1 DAGs
[2026-06-29T13:08:35.273+0000] {logging_mixin.py:190} INFO - [2026-06-29T13:08:35.273+0000] {dag.py:4180} INFO - Setting next_dagrun for urban_data_streaming_demo to None, run_after=None
[2026-06-29T13:08:35.307+0000] {processor.py:208} INFO - Processing /opt/airflow/dags/urban_data_streaming_dag.py took 0.157 seconds
[2026-06-29T13:09:05.409+0000] {processor.py:186} INFO - Started process (PID=5932) to work on /opt/airflow/dags/urban_data_streaming_dag.py
[2026-06-29T13:09:05.411+0000] {processor.py:914} INFO - Processing file /opt/airflow/dags/urban_data_streaming_dag.py for tasks to queue
[2026-06-29T13:09:05.417+0000] {logging_mixin.py:190} INFO - [2026-06-29T13:09:05.417+0000] {dagbag.py:588} INFO - Filling up the DagBag from /opt/airflow/dags/urban_data_streaming_dag.py
[2026-06-29T13:09:05.447+0000] {processor.py:925} INFO - DAG(s) 'urban_data_streaming_demo' retrieved from /opt/airflow/dags/urban_data_streaming_dag.py
[2026-06-29T13:09:05.477+0000] {logging_mixin.py:190} INFO - [2026-06-29T13:09:05.476+0000] {dag.py:3239} INFO - Sync 1 DAGs
[2026-06-29T13:09:05.491+0000] {logging_mixin.py:190} INFO - [2026-06-29T13:09:05.491+0000] {dag.py:4180} INFO - Setting next_dagrun for urban_data_streaming_demo to None, run_after=None
[2026-06-29T13:09:05.517+0000] {processor.py:208} INFO - Processing /opt/airflow/dags/urban_data_streaming_dag.py took 0.119 seconds
[2026-06-29T13:09:36.271+0000] {processor.py:186} INFO - Started process (PID=5950) to work on /opt/airflow/dags/urban_data_streaming_dag.py
[2026-06-29T13:09:36.274+0000] {processor.py:914} INFO - Processing file /opt/airflow/dags/urban_data_streaming_dag.py for tasks to queue
[2026-06-29T13:09:36.282+0000] {logging_mixin.py:190} INFO - [2026-06-29T13:09:36.282+0000] {dagbag.py:588} INFO - Filling up the DagBag from /opt/airflow/dags/urban_data_streaming_dag.py
[2026-06-29T13:09:36.317+0000] {processor.py:925} INFO - DAG(s) 'urban_data_streaming_demo' retrieved from /opt/airflow/dags/urban_data_streaming_dag.py
[2026-06-29T13:09:36.356+0000] {logging_mixin.py:190} INFO - [2026-06-29T13:09:36.355+0000] {dag.py:3239} INFO - Sync 1 DAGs
[2026-06-29T13:09:36.375+0000] {logging_mixin.py:190} INFO - [2026-06-29T13:09:36.375+0000] {dag.py:4180} INFO - Setting next_dagrun for urban_data_streaming_demo to None, run_after=None
[2026-06-29T13:09:36.410+0000] {processor.py:208} INFO - Processing /opt/airflow/dags/urban_data_streaming_dag.py took 0.150 seconds
[2026-06-29T13:10:06.734+0000] {processor.py:186} INFO - Started process (PID=5968) to work on /opt/airflow/dags/urban_data_streaming_dag.py
[2026-06-29T13:10:06.737+0000] {processor.py:914} INFO - Processing file /opt/airflow/dags/urban_data_streaming_dag.py for tasks to queue
[2026-06-29T13:10:06.742+0000] {logging_mixin.py:190} INFO - [2026-06-29T13:10:06.741+0000] {dagbag.py:588} INFO - Filling up the DagBag from /opt/airflow/dags/urban_data_streaming_dag.py
[2026-06-29T13:10:06.862+0000] {processor.py:925} INFO - DAG(s) 'urban_data_streaming_demo' retrieved from /opt/airflow/dags/urban_data_streaming_dag.py
[2026-06-29T13:10:06.950+0000] {logging_mixin.py:190} INFO - [2026-06-29T13:10:06.950+0000] {dag.py:3239} INFO - Sync 1 DAGs
[2026-06-29T13:10:06.968+0000] {logging_mixin.py:190} INFO - [2026-06-29T13:10:06.968+0000] {dag.py:4180} INFO - Setting next_dagrun for urban_data_streaming_demo to None, run_after=None
[2026-06-29T13:10:07.005+0000] {processor.py:208} INFO - Processing /opt/airflow/dags/urban_data_streaming_dag.py took 0.300 seconds
[2026-06-29T13:10:37.689+0000] {processor.py:186} INFO - Started process (PID=5986) to work on /opt/airflow/dags/urban_data_streaming_dag.py
[2026-06-29T13:10:37.690+0000] {processor.py:914} INFO - Processing file /opt/airflow/dags/urban_data_streaming_dag.py for tasks to queue
[2026-06-29T13:10:37.693+0000] {logging_mixin.py:190} INFO - [2026-06-29T13:10:37.693+0000] {dagbag.py:588} INFO - Filling up the DagBag from /opt/airflow/dags/urban_data_streaming_dag.py
[2026-06-29T13:10:37.734+0000] {processor.py:925} INFO - DAG(s) 'urban_data_streaming_demo' retrieved from /opt/airflow/dags/urban_data_streaming_dag.py
[2026-06-29T13:10:37.779+0000] {logging_mixin.py:190} INFO - [2026-06-29T13:10:37.779+0000] {dag.py:3239} INFO - Sync 1 DAGs
[2026-06-29T13:10:37.802+0000] {logging_mixin.py:190} INFO - [2026-06-29T13:10:37.802+0000] {dag.py:4180} INFO - Setting next_dagrun for urban_data_streaming_demo to None, run_after=None
[2026-06-29T13:10:37.838+0000] {processor.py:208} INFO - Processing /opt/airflow/dags/urban_data_streaming_dag.py took 0.158 seconds
[2026-06-29T13:11:08.504+0000] {processor.py:186} INFO - Started process (PID=6004) to work on /opt/airflow/dags/urban_data_streaming_dag.py
[2026-06-29T13:11:08.505+0000] {processor.py:914} INFO - Processing file /opt/airflow/dags/urban_data_streaming_dag.py for tasks to queue
[2026-06-29T13:11:08.508+0000] {logging_mixin.py:190} INFO - [2026-06-29T13:11:08.508+0000] {dagbag.py:588} INFO - Filling up the DagBag from /opt/airflow/dags/urban_data_streaming_dag.py
[2026-06-29T13:11:08.533+0000] {processor.py:925} INFO - DAG(s) 'urban_data_streaming_demo' retrieved from /opt/airflow/dags/urban_data_streaming_dag.py
[2026-06-29T13:11:08.564+0000] {logging_mixin.py:190} INFO - [2026-06-29T13:11:08.563+0000] {dag.py:3239} INFO - Sync 1 DAGs
[2026-06-29T13:11:08.577+0000] {logging_mixin.py:190} INFO - [2026-06-29T13:11:08.577+0000] {dag.py:4180} INFO - Setting next_dagrun for urban_data_streaming_demo to None, run_after=None
[2026-06-29T13:11:08.603+0000] {processor.py:208} INFO - Processing /opt/airflow/dags/urban_data_streaming_dag.py took 0.105 seconds
[2026-06-29T13:11:38.795+0000] {processor.py:186} INFO - Started process (PID=6022) to work on /opt/airflow/dags/urban_data_streaming_dag.py
[2026-06-29T13:11:38.796+0000] {processor.py:914} INFO - Processing file /opt/airflow/dags/urban_data_streaming_dag.py for tasks to queue
[2026-06-29T13:11:38.799+0000] {logging_mixin.py:190} INFO - [2026-06-29T13:11:38.799+0000] {dagbag.py:588} INFO - Filling up the DagBag from /opt/airflow/dags/urban_data_streaming_dag.py
[2026-06-29T13:11:38.830+0000] {processor.py:925} INFO - DAG(s) 'urban_data_streaming_demo' retrieved from /opt/airflow/dags/urban_data_streaming_dag.py
[2026-06-29T13:11:38.860+0000] {logging_mixin.py:190} INFO - [2026-06-29T13:11:38.860+0000] {dag.py:3239} INFO - Sync 1 DAGs
[2026-06-29T13:11:38.875+0000] {logging_mixin.py:190} INFO - [2026-06-29T13:11:38.875+0000] {dag.py:4180} INFO - Setting next_dagrun for urban_data_streaming_demo to None, run_after=None
[2026-06-29T13:11:38.901+0000] {processor.py:208} INFO - Processing /opt/airflow/dags/urban_data_streaming_dag.py took 0.113 seconds
[2026-06-29T13:12:09.219+0000] {processor.py:186} INFO - Started process (PID=6040) to work on /opt/airflow/dags/urban_data_streaming_dag.py
[2026-06-29T13:12:09.221+0000] {processor.py:914} INFO - Processing file /opt/airflow/dags/urban_data_streaming_dag.py for tasks to queue
[2026-06-29T13:12:09.225+0000] {logging_mixin.py:190} INFO - [2026-06-29T13:12:09.224+0000] {dagbag.py:588} INFO - Filling up the DagBag from /opt/airflow/dags/urban_data_streaming_dag.py
[2026-06-29T13:12:09.251+0000] {processor.py:925} INFO - DAG(s) 'urban_data_streaming_demo' retrieved from /opt/airflow/dags/urban_data_streaming_dag.py
[2026-06-29T13:12:09.292+0000] {logging_mixin.py:190} INFO - [2026-06-29T13:12:09.292+0000] {dag.py:3239} INFO - Sync 1 DAGs
[2026-06-29T13:12:09.307+0000] {logging_mixin.py:190} INFO - [2026-06-29T13:12:09.307+0000] {dag.py:4180} INFO - Setting next_dagrun for urban_data_streaming_demo to None, run_after=None
[2026-06-29T13:12:09.336+0000] {processor.py:208} INFO - Processing /opt/airflow/dags/urban_data_streaming_dag.py took 0.122 seconds
[2026-06-29T13:12:39.576+0000] {processor.py:186} INFO - Started process (PID=6057) to work on /opt/airflow/dags/urban_data_streaming_dag.py
[2026-06-29T13:12:39.577+0000] {processor.py:914} INFO - Processing file /opt/airflow/dags/urban_data_streaming_dag.py for tasks to queue
[2026-06-29T13:12:39.580+0000] {logging_mixin.py:190} INFO - [2026-06-29T13:12:39.580+0000] {dagbag.py:588} INFO - Filling up the DagBag from /opt/airflow/dags/urban_data_streaming_dag.py
[2026-06-29T13:12:39.604+0000] {processor.py:925} INFO - DAG(s) 'urban_data_streaming_demo' retrieved from /opt/airflow/dags/urban_data_streaming_dag.py
[2026-06-29T13:12:39.633+0000] {logging_mixin.py:190} INFO - [2026-06-29T13:12:39.633+0000] {dag.py:3239} INFO - Sync 1 DAGs
[2026-06-29T13:12:39.646+0000] {logging_mixin.py:190} INFO - [2026-06-29T13:12:39.646+0000] {dag.py:4180} INFO - Setting next_dagrun for urban_data_streaming_demo to None, run_after=None
[2026-06-29T13:12:39.672+0000] {processor.py:208} INFO - Processing /opt/airflow/dags/urban_data_streaming_dag.py took 0.101 seconds
[2026-06-29T13:13:09.843+0000] {processor.py:186} INFO - Started process (PID=6068) to work on /opt/airflow/dags/urban_data_streaming_dag.py
[2026-06-29T13:13:09.845+0000] {processor.py:914} INFO - Processing file /opt/airflow/dags/urban_data_streaming_dag.py for tasks to queue
[2026-06-29T13:13:09.848+0000] {logging_mixin.py:190} INFO - [2026-06-29T13:13:09.847+0000] {dagbag.py:588} INFO - Filling up the DagBag from /opt/airflow/dags/urban_data_streaming_dag.py
[2026-06-29T13:13:09.891+0000] {processor.py:925} INFO - DAG(s) 'urban_data_streaming_demo' retrieved from /opt/airflow/dags/urban_data_streaming_dag.py
[2026-06-29T13:13:09.925+0000] {logging_mixin.py:190} INFO - [2026-06-29T13:13:09.924+0000] {dag.py:3239} INFO - Sync 1 DAGs
[2026-06-29T13:13:09.939+0000] {logging_mixin.py:190} INFO - [2026-06-29T13:13:09.938+0000] {dag.py:4180} INFO - Setting next_dagrun for urban_data_streaming_demo to None, run_after=None
[2026-06-29T13:13:09.971+0000] {processor.py:208} INFO - Processing /opt/airflow/dags/urban_data_streaming_dag.py took 0.136 seconds
[2026-06-29T13:13:40.406+0000] {processor.py:186} INFO - Started process (PID=6086) to work on /opt/airflow/dags/urban_data_streaming_dag.py
[2026-06-29T13:13:40.408+0000] {processor.py:914} INFO - Processing file /opt/airflow/dags/urban_data_streaming_dag.py for tasks to queue
[2026-06-29T13:13:40.412+0000] {logging_mixin.py:190} INFO - [2026-06-29T13:13:40.411+0000] {dagbag.py:588} INFO - Filling up the DagBag from /opt/airflow/dags/urban_data_streaming_dag.py
[2026-06-29T13:13:40.495+0000] {processor.py:925} INFO - DAG(s) 'urban_data_streaming_demo' retrieved from /opt/airflow/dags/urban_data_streaming_dag.py
[2026-06-29T13:13:40.553+0000] {logging_mixin.py:190} INFO - [2026-06-29T13:13:40.552+0000] {dag.py:3239} INFO - Sync 1 DAGs
[2026-06-29T13:13:40.574+0000] {logging_mixin.py:190} INFO - [2026-06-29T13:13:40.573+0000] {dag.py:4180} INFO - Setting next_dagrun for urban_data_streaming_demo to None, run_after=None
[2026-06-29T13:13:40.620+0000] {processor.py:208} INFO - Processing /opt/airflow/dags/urban_data_streaming_dag.py took 0.241 seconds
[2026-06-29T13:14:10.826+0000] {processor.py:186} INFO - Started process (PID=6104) to work on /opt/airflow/dags/urban_data_streaming_dag.py
[2026-06-29T13:14:10.830+0000] {processor.py:914} INFO - Processing file /opt/airflow/dags/urban_data_streaming_dag.py for tasks to queue
[2026-06-29T13:14:10.835+0000] {logging_mixin.py:190} INFO - [2026-06-29T13:14:10.835+0000] {dagbag.py:588} INFO - Filling up the DagBag from /opt/airflow/dags/urban_data_streaming_dag.py
[2026-06-29T13:14:10.966+0000] {processor.py:925} INFO - DAG(s) 'urban_data_streaming_demo' retrieved from /opt/airflow/dags/urban_data_streaming_dag.py
[2026-06-29T13:14:11.009+0000] {logging_mixin.py:190} INFO - [2026-06-29T13:14:11.009+0000] {dag.py:3239} INFO - Sync 1 DAGs
[2026-06-29T13:14:11.025+0000] {logging_mixin.py:190} INFO - [2026-06-29T13:14:11.025+0000] {dag.py:4180} INFO - Setting next_dagrun for urban_data_streaming_demo to None, run_after=None
[2026-06-29T13:14:11.050+0000] {processor.py:208} INFO - Processing /opt/airflow/dags/urban_data_streaming_dag.py took 0.234 seconds
[2026-06-29T13:14:41.707+0000] {processor.py:186} INFO - Started process (PID=6122) to work on /opt/airflow/dags/urban_data_streaming_dag.py
[2026-06-29T13:14:41.709+0000] {processor.py:914} INFO - Processing file /opt/airflow/dags/urban_data_streaming_dag.py for tasks to queue
[2026-06-29T13:14:41.713+0000] {logging_mixin.py:190} INFO - [2026-06-29T13:14:41.712+0000] {dagbag.py:588} INFO - Filling up the DagBag from /opt/airflow/dags/urban_data_streaming_dag.py
[2026-06-29T13:14:41.761+0000] {processor.py:925} INFO - DAG(s) 'urban_data_streaming_demo' retrieved from /opt/airflow/dags/urban_data_streaming_dag.py
[2026-06-29T13:14:41.789+0000] {logging_mixin.py:190} INFO - [2026-06-29T13:14:41.789+0000] {dag.py:3239} INFO - Sync 1 DAGs
[2026-06-29T13:14:41.803+0000] {logging_mixin.py:190} INFO - [2026-06-29T13:14:41.802+0000] {dag.py:4180} INFO - Setting next_dagrun for urban_data_streaming_demo to None, run_after=None
[2026-06-29T13:14:41.831+0000] {processor.py:208} INFO - Processing /opt/airflow/dags/urban_data_streaming_dag.py took 0.134 seconds
[2026-06-29T13:15:12.176+0000] {processor.py:186} INFO - Started process (PID=6140) to work on /opt/airflow/dags/urban_data_streaming_dag.py
[2026-06-29T13:15:12.179+0000] {processor.py:914} INFO - Processing file /opt/airflow/dags/urban_data_streaming_dag.py for tasks to queue
[2026-06-29T13:15:12.186+0000] {logging_mixin.py:190} INFO - [2026-06-29T13:15:12.185+0000] {dagbag.py:588} INFO - Filling up the DagBag from /opt/airflow/dags/urban_data_streaming_dag.py
[2026-06-29T13:15:12.297+0000] {processor.py:925} INFO - DAG(s) 'urban_data_streaming_demo' retrieved from /opt/airflow/dags/urban_data_streaming_dag.py
[2026-06-29T13:15:12.346+0000] {logging_mixin.py:190} INFO - [2026-06-29T13:15:12.345+0000] {dag.py:3239} INFO - Sync 1 DAGs
[2026-06-29T13:15:12.364+0000] {logging_mixin.py:190} INFO - [2026-06-29T13:15:12.364+0000] {dag.py:4180} INFO - Setting next_dagrun for urban_data_streaming_demo to None, run_after=None
[2026-06-29T13:15:12.399+0000] {processor.py:208} INFO - Processing /opt/airflow/dags/urban_data_streaming_dag.py took 0.235 seconds
[2026-06-29T13:15:42.741+0000] {processor.py:186} INFO - Started process (PID=6158) to work on /opt/airflow/dags/urban_data_streaming_dag.py
[2026-06-29T13:15:42.744+0000] {processor.py:914} INFO - Processing file /opt/airflow/dags/urban_data_streaming_dag.py for tasks to queue
[2026-06-29T13:15:42.750+0000] {logging_mixin.py:190} INFO - [2026-06-29T13:15:42.749+0000] {dagbag.py:588} INFO - Filling up the DagBag from /opt/airflow/dags/urban_data_streaming_dag.py
[2026-06-29T13:15:42.838+0000] {processor.py:925} INFO - DAG(s) 'urban_data_streaming_demo' retrieved from /opt/airflow/dags/urban_data_streaming_dag.py
[2026-06-29T13:15:42.876+0000] {logging_mixin.py:190} INFO - [2026-06-29T13:15:42.876+0000] {dag.py:3239} INFO - Sync 1 DAGs
[2026-06-29T13:15:42.891+0000] {logging_mixin.py:190} INFO - [2026-06-29T13:15:42.890+0000] {dag.py:4180} INFO - Setting next_dagrun for urban_data_streaming_demo to None, run_after=None
[2026-06-29T13:15:42.921+0000] {processor.py:208} INFO - Processing /opt/airflow/dags/urban_data_streaming_dag.py took 0.204 seconds
[2026-06-29T13:16:13.633+0000] {processor.py:186} INFO - Started process (PID=6176) to work on /opt/airflow/dags/urban_data_streaming_dag.py
[2026-06-29T13:16:13.636+0000] {processor.py:914} INFO - Processing file /opt/airflow/dags/urban_data_streaming_dag.py for tasks to queue
[2026-06-29T13:16:13.641+0000] {logging_mixin.py:190} INFO - [2026-06-29T13:16:13.640+0000] {dagbag.py:588} INFO - Filling up the DagBag from /opt/airflow/dags/urban_data_streaming_dag.py
[2026-06-29T13:16:13.689+0000] {processor.py:925} INFO - DAG(s) 'urban_data_streaming_demo' retrieved from /opt/airflow/dags/urban_data_streaming_dag.py
[2026-06-29T13:16:13.727+0000] {logging_mixin.py:190} INFO - [2026-06-29T13:16:13.727+0000] {dag.py:3239} INFO - Sync 1 DAGs
[2026-06-29T13:16:13.742+0000] {logging_mixin.py:190} INFO - [2026-06-29T13:16:13.741+0000] {dag.py:4180} INFO - Setting next_dagrun for urban_data_streaming_demo to None, run_after=None
[2026-06-29T13:16:13.762+0000] {processor.py:208} INFO - Processing /opt/airflow/dags/urban_data_streaming_dag.py took 0.150 seconds
[2026-06-29T13:16:44.689+0000] {processor.py:186} INFO - Started process (PID=6194) to work on /opt/airflow/dags/urban_data_streaming_dag.py
[2026-06-29T13:16:44.692+0000] {processor.py:914} INFO - Processing file /opt/airflow/dags/urban_data_streaming_dag.py for tasks to queue
[2026-06-29T13:16:44.698+0000] {logging_mixin.py:190} INFO - [2026-06-29T13:16:44.697+0000] {dagbag.py:588} INFO - Filling up the DagBag from /opt/airflow/dags/urban_data_streaming_dag.py
[2026-06-29T13:16:44.782+0000] {processor.py:925} INFO - DAG(s) 'urban_data_streaming_demo' retrieved from /opt/airflow/dags/urban_data_streaming_dag.py
[2026-06-29T13:16:44.817+0000] {logging_mixin.py:190} INFO - [2026-06-29T13:16:44.817+0000] {dag.py:3239} INFO - Sync 1 DAGs
[2026-06-29T13:16:44.836+0000] {logging_mixin.py:190} INFO - [2026-06-29T13:16:44.836+0000] {dag.py:4180} INFO - Setting next_dagrun for urban_data_streaming_demo to None, run_after=None
[2026-06-29T13:16:44.872+0000] {processor.py:208} INFO - Processing /opt/airflow/dags/urban_data_streaming_dag.py took 0.207 seconds
[2026-06-29T13:17:15.257+0000] {processor.py:186} INFO - Started process (PID=6212) to work on /opt/airflow/dags/urban_data_streaming_dag.py
[2026-06-29T13:17:15.259+0000] {processor.py:914} INFO - Processing file /opt/airflow/dags/urban_data_streaming_dag.py for tasks to queue
[2026-06-29T13:17:15.263+0000] {logging_mixin.py:190} INFO - [2026-06-29T13:17:15.263+0000] {dagbag.py:588} INFO - Filling up the DagBag from /opt/airflow/dags/urban_data_streaming_dag.py
[2026-06-29T13:17:15.306+0000] {processor.py:925} INFO - DAG(s) 'urban_data_streaming_demo' retrieved from /opt/airflow/dags/urban_data_streaming_dag.py
[2026-06-29T13:17:15.340+0000] {logging_mixin.py:190} INFO - [2026-06-29T13:17:15.340+0000] {dag.py:3239} INFO - Sync 1 DAGs
[2026-06-29T13:17:15.359+0000] {logging_mixin.py:190} INFO - [2026-06-29T13:17:15.359+0000] {dag.py:4180} INFO - Setting next_dagrun for urban_data_streaming_demo to None, run_after=None
[2026-06-29T13:17:15.417+0000] {processor.py:208} INFO - Processing /opt/airflow/dags/urban_data_streaming_dag.py took 0.179 seconds
[2026-06-29T13:17:46.017+0000] {processor.py:186} INFO - Started process (PID=6229) to work on /opt/airflow/dags/urban_data_streaming_dag.py
[2026-06-29T13:17:46.021+0000] {processor.py:914} INFO - Processing file /opt/airflow/dags/urban_data_streaming_dag.py for tasks to queue
[2026-06-29T13:17:46.029+0000] {logging_mixin.py:190} INFO - [2026-06-29T13:17:46.027+0000] {dagbag.py:588} INFO - Filling up the DagBag from /opt/airflow/dags/urban_data_streaming_dag.py
[2026-06-29T13:17:46.064+0000] {processor.py:925} INFO - DAG(s) 'urban_data_streaming_demo' retrieved from /opt/airflow/dags/urban_data_streaming_dag.py
[2026-06-29T13:17:46.097+0000] {logging_mixin.py:190} INFO - [2026-06-29T13:17:46.096+0000] {dag.py:3239} INFO - Sync 1 DAGs
[2026-06-29T13:17:46.110+0000] {logging_mixin.py:190} INFO - [2026-06-29T13:17:46.110+0000] {dag.py:4180} INFO - Setting next_dagrun for urban_data_streaming_demo to None, run_after=None
[2026-06-29T13:17:46.136+0000] {processor.py:208} INFO - Processing /opt/airflow/dags/urban_data_streaming_dag.py took 0.140 seconds
[2026-06-29T13:18:16.374+0000] {processor.py:186} INFO - Started process (PID=6240) to work on /opt/airflow/dags/urban_data_streaming_dag.py
[2026-06-29T13:18:16.376+0000] {processor.py:914} INFO - Processing file /opt/airflow/dags/urban_data_streaming_dag.py for tasks to queue
[2026-06-29T13:18:16.379+0000] {logging_mixin.py:190} INFO - [2026-06-29T13:18:16.379+0000] {dagbag.py:588} INFO - Filling up the DagBag from /opt/airflow/dags/urban_data_streaming_dag.py
[2026-06-29T13:18:16.413+0000] {processor.py:925} INFO - DAG(s) 'urban_data_streaming_demo' retrieved from /opt/airflow/dags/urban_data_streaming_dag.py
[2026-06-29T13:18:16.453+0000] {logging_mixin.py:190} INFO - [2026-06-29T13:18:16.452+0000] {dag.py:3239} INFO - Sync 1 DAGs
[2026-06-29T13:18:16.471+0000] {logging_mixin.py:190} INFO - [2026-06-29T13:18:16.470+0000] {dag.py:4180} INFO - Setting next_dagrun for urban_data_streaming_demo to None, run_after=None
[2026-06-29T13:18:16.506+0000] {processor.py:208} INFO - Processing /opt/airflow/dags/urban_data_streaming_dag.py took 0.139 seconds
[2026-06-29T13:18:47.261+0000] {processor.py:186} INFO - Started process (PID=6258) to work on /opt/airflow/dags/urban_data_streaming_dag.py
[2026-06-29T13:18:47.263+0000] {processor.py:914} INFO - Processing file /opt/airflow/dags/urban_data_streaming_dag.py for tasks to queue
[2026-06-29T13:18:47.268+0000] {logging_mixin.py:190} INFO - [2026-06-29T13:18:47.267+0000] {dagbag.py:588} INFO - Filling up the DagBag from /opt/airflow/dags/urban_data_streaming_dag.py
[2026-06-29T13:18:47.350+0000] {processor.py:925} INFO - DAG(s) 'urban_data_streaming_demo' retrieved from /opt/airflow/dags/urban_data_streaming_dag.py
[2026-06-29T13:18:47.447+0000] {logging_mixin.py:190} INFO - [2026-06-29T13:18:47.447+0000] {dag.py:3239} INFO - Sync 1 DAGs
[2026-06-29T13:18:47.466+0000] {logging_mixin.py:190} INFO - [2026-06-29T13:18:47.466+0000] {dag.py:4180} INFO - Setting next_dagrun for urban_data_streaming_demo to None, run_after=None
[2026-06-29T13:18:47.490+0000] {processor.py:208} INFO - Processing /opt/airflow/dags/urban_data_streaming_dag.py took 0.234 seconds
[2026-06-29T13:19:18.414+0000] {processor.py:186} INFO - Started process (PID=6276) to work on /opt/airflow/dags/urban_data_streaming_dag.py
[2026-06-29T13:19:18.417+0000] {processor.py:914} INFO - Processing file /opt/airflow/dags/urban_data_streaming_dag.py for tasks to queue
[2026-06-29T13:19:18.420+0000] {logging_mixin.py:190} INFO - [2026-06-29T13:19:18.420+0000] {dagbag.py:588} INFO - Filling up the DagBag from /opt/airflow/dags/urban_data_streaming_dag.py
[2026-06-29T13:19:18.484+0000] {processor.py:925} INFO - DAG(s) 'urban_data_streaming_demo' retrieved from /opt/airflow/dags/urban_data_streaming_dag.py
[2026-06-29T13:19:18.518+0000] {logging_mixin.py:190} INFO - [2026-06-29T13:19:18.518+0000] {dag.py:3239} INFO - Sync 1 DAGs
[2026-06-29T13:19:18.534+0000] {logging_mixin.py:190} INFO - [2026-06-29T13:19:18.533+0000] {dag.py:4180} INFO - Setting next_dagrun for urban_data_streaming_demo to None, run_after=None
[2026-06-29T13:19:18.568+0000] {processor.py:208} INFO - Processing /opt/airflow/dags/urban_data_streaming_dag.py took 0.160 seconds
[2026-06-29T13:19:49.429+0000] {processor.py:186} INFO - Started process (PID=6294) to work on /opt/airflow/dags/urban_data_streaming_dag.py
[2026-06-29T13:19:49.430+0000] {processor.py:914} INFO - Processing file /opt/airflow/dags/urban_data_streaming_dag.py for tasks to queue
[2026-06-29T13:19:49.433+0000] {logging_mixin.py:190} INFO - [2026-06-29T13:19:49.432+0000] {dagbag.py:588} INFO - Filling up the DagBag from /opt/airflow/dags/urban_data_streaming_dag.py
[2026-06-29T13:19:49.463+0000] {processor.py:925} INFO - DAG(s) 'urban_data_streaming_demo' retrieved from /opt/airflow/dags/urban_data_streaming_dag.py
[2026-06-29T13:19:49.496+0000] {logging_mixin.py:190} INFO - [2026-06-29T13:19:49.496+0000] {dag.py:3239} INFO - Sync 1 DAGs
[2026-06-29T13:19:49.510+0000] {logging_mixin.py:190} INFO - [2026-06-29T13:19:49.510+0000] {dag.py:4180} INFO - Setting next_dagrun for urban_data_streaming_demo to None, run_after=None
[2026-06-29T13:19:49.535+0000] {processor.py:208} INFO - Processing /opt/airflow/dags/urban_data_streaming_dag.py took 0.112 seconds
[2026-06-29T13:20:19.977+0000] {processor.py:186} INFO - Started process (PID=6312) to work on /opt/airflow/dags/urban_data_streaming_dag.py
[2026-06-29T13:20:19.979+0000] {processor.py:914} INFO - Processing file /opt/airflow/dags/urban_data_streaming_dag.py for tasks to queue
[2026-06-29T13:20:19.983+0000] {logging_mixin.py:190} INFO - [2026-06-29T13:20:19.983+0000] {dagbag.py:588} INFO - Filling up the DagBag from /opt/airflow/dags/urban_data_streaming_dag.py
[2026-06-29T13:20:20.018+0000] {processor.py:925} INFO - DAG(s) 'urban_data_streaming_demo' retrieved from /opt/airflow/dags/urban_data_streaming_dag.py
[2026-06-29T13:20:20.056+0000] {logging_mixin.py:190} INFO - [2026-06-29T13:20:20.056+0000] {dag.py:3239} INFO - Sync 1 DAGs
[2026-06-29T13:20:20.070+0000] {logging_mixin.py:190} INFO - [2026-06-29T13:20:20.070+0000] {dag.py:4180} INFO - Setting next_dagrun for urban_data_streaming_demo to None, run_after=None
[2026-06-29T13:20:20.093+0000] {processor.py:208} INFO - Processing /opt/airflow/dags/urban_data_streaming_dag.py took 0.129 seconds
[2026-06-29T13:20:50.479+0000] {processor.py:186} INFO - Started process (PID=6330) to work on /opt/airflow/dags/urban_data_streaming_dag.py
[2026-06-29T13:20:50.483+0000] {processor.py:914} INFO - Processing file /opt/airflow/dags/urban_data_streaming_dag.py for tasks to queue
[2026-06-29T13:20:50.496+0000] {logging_mixin.py:190} INFO - [2026-06-29T13:20:50.495+0000] {dagbag.py:588} INFO - Filling up the DagBag from /opt/airflow/dags/urban_data_streaming_dag.py
[2026-06-29T13:20:50.557+0000] {processor.py:925} INFO - DAG(s) 'urban_data_streaming_demo' retrieved from /opt/airflow/dags/urban_data_streaming_dag.py
[2026-06-29T13:20:50.592+0000] {logging_mixin.py:190} INFO - [2026-06-29T13:20:50.592+0000] {dag.py:3239} INFO - Sync 1 DAGs
[2026-06-29T13:20:50.607+0000] {logging_mixin.py:190} INFO - [2026-06-29T13:20:50.607+0000] {dag.py:4180} INFO - Setting next_dagrun for urban_data_streaming_demo to None, run_after=None
[2026-06-29T13:20:50.643+0000] {processor.py:208} INFO - Processing /opt/airflow/dags/urban_data_streaming_dag.py took 0.184 seconds
[2026-06-29T13:21:21.002+0000] {processor.py:186} INFO - Started process (PID=6348) to work on /opt/airflow/dags/urban_data_streaming_dag.py
[2026-06-29T13:21:21.004+0000] {processor.py:914} INFO - Processing file /opt/airflow/dags/urban_data_streaming_dag.py for tasks to queue
[2026-06-29T13:21:21.008+0000] {logging_mixin.py:190} INFO - [2026-06-29T13:21:21.008+0000] {dagbag.py:588} INFO - Filling up the DagBag from /opt/airflow/dags/urban_data_streaming_dag.py
[2026-06-29T13:21:21.047+0000] {processor.py:925} INFO - DAG(s) 'urban_data_streaming_demo' retrieved from /opt/airflow/dags/urban_data_streaming_dag.py
[2026-06-29T13:21:21.084+0000] {logging_mixin.py:190} INFO - [2026-06-29T13:21:21.084+0000] {dag.py:3239} INFO - Sync 1 DAGs
[2026-06-29T13:21:21.106+0000] {logging_mixin.py:190} INFO - [2026-06-29T13:21:21.105+0000] {dag.py:4180} INFO - Setting next_dagrun for urban_data_streaming_demo to None, run_after=None
[2026-06-29T13:21:21.145+0000] {processor.py:208} INFO - Processing /opt/airflow/dags/urban_data_streaming_dag.py took 0.159 seconds
[2026-06-29T13:21:51.699+0000] {processor.py:186} INFO - Started process (PID=6366) to work on /opt/airflow/dags/urban_data_streaming_dag.py
[2026-06-29T13:21:51.700+0000] {processor.py:914} INFO - Processing file /opt/airflow/dags/urban_data_streaming_dag.py for tasks to queue
[2026-06-29T13:21:51.703+0000] {logging_mixin.py:190} INFO - [2026-06-29T13:21:51.703+0000] {dagbag.py:588} INFO - Filling up the DagBag from /opt/airflow/dags/urban_data_streaming_dag.py
[2026-06-29T13:21:51.738+0000] {processor.py:925} INFO - DAG(s) 'urban_data_streaming_demo' retrieved from /opt/airflow/dags/urban_data_streaming_dag.py
[2026-06-29T13:21:51.778+0000] {logging_mixin.py:190} INFO - [2026-06-29T13:21:51.778+0000] {dag.py:3239} INFO - Sync 1 DAGs
[2026-06-29T13:21:51.798+0000] {logging_mixin.py:190} INFO - [2026-06-29T13:21:51.797+0000] {dag.py:4180} INFO - Setting next_dagrun for urban_data_streaming_demo to None, run_after=None
[2026-06-29T13:21:51.827+0000] {processor.py:208} INFO - Processing /opt/airflow/dags/urban_data_streaming_dag.py took 0.139 seconds
[2026-06-29T13:22:21.890+0000] {processor.py:186} INFO - Started process (PID=6384) to work on /opt/airflow/dags/urban_data_streaming_dag.py
[2026-06-29T13:22:21.892+0000] {processor.py:914} INFO - Processing file /opt/airflow/dags/urban_data_streaming_dag.py for tasks to queue
[2026-06-29T13:22:21.895+0000] {logging_mixin.py:190} INFO - [2026-06-29T13:22:21.895+0000] {dagbag.py:588} INFO - Filling up the DagBag from /opt/airflow/dags/urban_data_streaming_dag.py
[2026-06-29T13:22:21.926+0000] {processor.py:925} INFO - DAG(s) 'urban_data_streaming_demo' retrieved from /opt/airflow/dags/urban_data_streaming_dag.py
[2026-06-29T13:22:21.961+0000] {logging_mixin.py:190} INFO - [2026-06-29T13:22:21.961+0000] {dag.py:3239} INFO - Sync 1 DAGs
[2026-06-29T13:22:21.976+0000] {logging_mixin.py:190} INFO - [2026-06-29T13:22:21.976+0000] {dag.py:4180} INFO - Setting next_dagrun for urban_data_streaming_demo to None, run_after=None
[2026-06-29T13:22:22.006+0000] {processor.py:208} INFO - Processing /opt/airflow/dags/urban_data_streaming_dag.py took 0.122 seconds
[2026-06-29T13:22:52.718+0000] {processor.py:186} INFO - Started process (PID=6401) to work on /opt/airflow/dags/urban_data_streaming_dag.py
[2026-06-29T13:22:52.721+0000] {processor.py:914} INFO - Processing file /opt/airflow/dags/urban_data_streaming_dag.py for tasks to queue
[2026-06-29T13:22:52.726+0000] {logging_mixin.py:190} INFO - [2026-06-29T13:22:52.726+0000] {dagbag.py:588} INFO - Filling up the DagBag from /opt/airflow/dags/urban_data_streaming_dag.py
[2026-06-29T13:22:52.758+0000] {processor.py:925} INFO - DAG(s) 'urban_data_streaming_demo' retrieved from /opt/airflow/dags/urban_data_streaming_dag.py
[2026-06-29T13:22:52.790+0000] {logging_mixin.py:190} INFO - [2026-06-29T13:22:52.790+0000] {dag.py:3239} INFO - Sync 1 DAGs
[2026-06-29T13:22:52.805+0000] {logging_mixin.py:190} INFO - [2026-06-29T13:22:52.805+0000] {dag.py:4180} INFO - Setting next_dagrun for urban_data_streaming_demo to None, run_after=None
[2026-06-29T13:22:52.828+0000] {processor.py:208} INFO - Processing /opt/airflow/dags/urban_data_streaming_dag.py took 0.121 seconds
[2026-06-29T13:23:23.560+0000] {processor.py:186} INFO - Started process (PID=6412) to work on /opt/airflow/dags/urban_data_streaming_dag.py
[2026-06-29T13:23:23.562+0000] {processor.py:914} INFO - Processing file /opt/airflow/dags/urban_data_streaming_dag.py for tasks to queue
[2026-06-29T13:23:23.567+0000] {logging_mixin.py:190} INFO - [2026-06-29T13:23:23.567+0000] {dagbag.py:588} INFO - Filling up the DagBag from /opt/airflow/dags/urban_data_streaming_dag.py
[2026-06-29T13:23:23.649+0000] {processor.py:925} INFO - DAG(s) 'urban_data_streaming_demo' retrieved from /opt/airflow/dags/urban_data_streaming_dag.py
[2026-06-29T13:23:23.682+0000] {logging_mixin.py:190} INFO - [2026-06-29T13:23:23.682+0000] {dag.py:3239} INFO - Sync 1 DAGs
[2026-06-29T13:23:23.703+0000] {logging_mixin.py:190} INFO - [2026-06-29T13:23:23.702+0000] {dag.py:4180} INFO - Setting next_dagrun for urban_data_streaming_demo to None, run_after=None
[2026-06-29T13:23:23.736+0000] {processor.py:208} INFO - Processing /opt/airflow/dags/urban_data_streaming_dag.py took 0.187 seconds
[2026-06-29T13:23:54.140+0000] {processor.py:186} INFO - Started process (PID=6430) to work on /opt/airflow/dags/urban_data_streaming_dag.py
[2026-06-29T13:23:54.142+0000] {processor.py:914} INFO - Processing file /opt/airflow/dags/urban_data_streaming_dag.py for tasks to queue
[2026-06-29T13:23:54.146+0000] {logging_mixin.py:190} INFO - [2026-06-29T13:23:54.145+0000] {dagbag.py:588} INFO - Filling up the DagBag from /opt/airflow/dags/urban_data_streaming_dag.py
[2026-06-29T13:23:54.177+0000] {processor.py:925} INFO - DAG(s) 'urban_data_streaming_demo' retrieved from /opt/airflow/dags/urban_data_streaming_dag.py
[2026-06-29T13:23:54.208+0000] {logging_mixin.py:190} INFO - [2026-06-29T13:23:54.207+0000] {dag.py:3239} INFO - Sync 1 DAGs
[2026-06-29T13:23:54.223+0000] {logging_mixin.py:190} INFO - [2026-06-29T13:23:54.222+0000] {dag.py:4180} INFO - Setting next_dagrun for urban_data_streaming_demo to None, run_after=None
[2026-06-29T13:23:54.245+0000] {processor.py:208} INFO - Processing /opt/airflow/dags/urban_data_streaming_dag.py took 0.123 seconds
[2026-06-29T13:24:24.477+0000] {processor.py:186} INFO - Started process (PID=6448) to work on /opt/airflow/dags/urban_data_streaming_dag.py
[2026-06-29T13:24:24.479+0000] {processor.py:914} INFO - Processing file /opt/airflow/dags/urban_data_streaming_dag.py for tasks to queue
[2026-06-29T13:24:24.485+0000] {logging_mixin.py:190} INFO - [2026-06-29T13:24:24.484+0000] {dagbag.py:588} INFO - Filling up the DagBag from /opt/airflow/dags/urban_data_streaming_dag.py
[2026-06-29T13:24:24.524+0000] {processor.py:925} INFO - DAG(s) 'urban_data_streaming_demo' retrieved from /opt/airflow/dags/urban_data_streaming_dag.py
[2026-06-29T13:24:24.557+0000] {logging_mixin.py:190} INFO - [2026-06-29T13:24:24.557+0000] {dag.py:3239} INFO - Sync 1 DAGs
[2026-06-29T13:24:24.581+0000] {logging_mixin.py:190} INFO - [2026-06-29T13:24:24.581+0000] {dag.py:4180} INFO - Setting next_dagrun for urban_data_streaming_demo to None, run_after=None
[2026-06-29T13:24:24.609+0000] {processor.py:208} INFO - Processing /opt/airflow/dags/urban_data_streaming_dag.py took 0.139 seconds
[2026-06-29T13:24:55.547+0000] {processor.py:186} INFO - Started process (PID=6466) to work on /opt/airflow/dags/urban_data_streaming_dag.py
[2026-06-29T13:24:55.551+0000] {processor.py:914} INFO - Processing file /opt/airflow/dags/urban_data_streaming_dag.py for tasks to queue
[2026-06-29T13:24:55.558+0000] {logging_mixin.py:190} INFO - [2026-06-29T13:24:55.558+0000] {dagbag.py:588} INFO - Filling up the DagBag from /opt/airflow/dags/urban_data_streaming_dag.py
[2026-06-29T13:24:55.666+0000] {processor.py:925} INFO - DAG(s) 'urban_data_streaming_demo' retrieved from /opt/airflow/dags/urban_data_streaming_dag.py
[2026-06-29T13:24:55.703+0000] {logging_mixin.py:190} INFO - [2026-06-29T13:24:55.703+0000] {dag.py:3239} INFO - Sync 1 DAGs
[2026-06-29T13:24:55.719+0000] {logging_mixin.py:190} INFO - [2026-06-29T13:24:55.719+0000] {dag.py:4180} INFO - Setting next_dagrun for urban_data_streaming_demo to None, run_after=None
[2026-06-29T13:24:55.748+0000] {processor.py:208} INFO - Processing /opt/airflow/dags/urban_data_streaming_dag.py took 0.221 seconds
[2026-06-29T13:25:26.607+0000] {processor.py:186} INFO - Started process (PID=6484) to work on /opt/airflow/dags/urban_data_streaming_dag.py
[2026-06-29T13:25:26.612+0000] {processor.py:914} INFO - Processing file /opt/airflow/dags/urban_data_streaming_dag.py for tasks to queue
[2026-06-29T13:25:26.621+0000] {logging_mixin.py:190} INFO - [2026-06-29T13:25:26.620+0000] {dagbag.py:588} INFO - Filling up the DagBag from /opt/airflow/dags/urban_data_streaming_dag.py
[2026-06-29T13:25:26.673+0000] {processor.py:925} INFO - DAG(s) 'urban_data_streaming_demo' retrieved from /opt/airflow/dags/urban_data_streaming_dag.py
[2026-06-29T13:25:26.712+0000] {logging_mixin.py:190} INFO - [2026-06-29T13:25:26.712+0000] {dag.py:3239} INFO - Sync 1 DAGs
[2026-06-29T13:25:26.727+0000] {logging_mixin.py:190} INFO - [2026-06-29T13:25:26.727+0000] {dag.py:4180} INFO - Setting next_dagrun for urban_data_streaming_demo to None, run_after=None
[2026-06-29T13:25:26.748+0000] {processor.py:208} INFO - Processing /opt/airflow/dags/urban_data_streaming_dag.py took 0.159 seconds
[2026-06-29T13:25:57.559+0000] {processor.py:186} INFO - Started process (PID=6502) to work on /opt/airflow/dags/urban_data_streaming_dag.py
[2026-06-29T13:25:57.560+0000] {processor.py:914} INFO - Processing file /opt/airflow/dags/urban_data_streaming_dag.py for tasks to queue
[2026-06-29T13:25:57.563+0000] {logging_mixin.py:190} INFO - [2026-06-29T13:25:57.562+0000] {dagbag.py:588} INFO - Filling up the DagBag from /opt/airflow/dags/urban_data_streaming_dag.py
[2026-06-29T13:25:57.585+0000] {processor.py:925} INFO - DAG(s) 'urban_data_streaming_demo' retrieved from /opt/airflow/dags/urban_data_streaming_dag.py
[2026-06-29T13:25:57.616+0000] {logging_mixin.py:190} INFO - [2026-06-29T13:25:57.615+0000] {dag.py:3239} INFO - Sync 1 DAGs
[2026-06-29T13:25:57.630+0000] {logging_mixin.py:190} INFO - [2026-06-29T13:25:57.629+0000] {dag.py:4180} INFO - Setting next_dagrun for urban_data_streaming_demo to None, run_after=None
[2026-06-29T13:25:57.657+0000] {processor.py:208} INFO - Processing /opt/airflow/dags/urban_data_streaming_dag.py took 0.103 seconds
[2026-06-29T13:26:28.060+0000] {processor.py:186} INFO - Started process (PID=6520) to work on /opt/airflow/dags/urban_data_streaming_dag.py
[2026-06-29T13:26:28.064+0000] {processor.py:914} INFO - Processing file /opt/airflow/dags/urban_data_streaming_dag.py for tasks to queue
[2026-06-29T13:26:28.073+0000] {logging_mixin.py:190} INFO - [2026-06-29T13:26:28.071+0000] {dagbag.py:588} INFO - Filling up the DagBag from /opt/airflow/dags/urban_data_streaming_dag.py
[2026-06-29T13:26:28.142+0000] {processor.py:925} INFO - DAG(s) 'urban_data_streaming_demo' retrieved from /opt/airflow/dags/urban_data_streaming_dag.py
[2026-06-29T13:26:28.182+0000] {logging_mixin.py:190} INFO - [2026-06-29T13:26:28.182+0000] {dag.py:3239} INFO - Sync 1 DAGs
[2026-06-29T13:26:28.205+0000] {logging_mixin.py:190} INFO - [2026-06-29T13:26:28.204+0000] {dag.py:4180} INFO - Setting next_dagrun for urban_data_streaming_demo to None, run_after=None
[2026-06-29T13:26:28.249+0000] {processor.py:208} INFO - Processing /opt/airflow/dags/urban_data_streaming_dag.py took 0.215 seconds
[2026-06-29T13:26:58.691+0000] {processor.py:186} INFO - Started process (PID=6538) to work on /opt/airflow/dags/urban_data_streaming_dag.py
[2026-06-29T13:26:58.697+0000] {processor.py:914} INFO - Processing file /opt/airflow/dags/urban_data_streaming_dag.py for tasks to queue
[2026-06-29T13:26:58.707+0000] {logging_mixin.py:190} INFO - [2026-06-29T13:26:58.706+0000] {dagbag.py:588} INFO - Filling up the DagBag from /opt/airflow/dags/urban_data_streaming_dag.py
[2026-06-29T13:26:58.801+0000] {processor.py:925} INFO - DAG(s) 'urban_data_streaming_demo' retrieved from /opt/airflow/dags/urban_data_streaming_dag.py
[2026-06-29T13:26:58.837+0000] {logging_mixin.py:190} INFO - [2026-06-29T13:26:58.837+0000] {dag.py:3239} INFO - Sync 1 DAGs
[2026-06-29T13:26:58.852+0000] {logging_mixin.py:190} INFO - [2026-06-29T13:26:58.852+0000] {dag.py:4180} INFO - Setting next_dagrun for urban_data_streaming_demo to None, run_after=None
[2026-06-29T13:26:58.873+0000] {processor.py:208} INFO - Processing /opt/airflow/dags/urban_data_streaming_dag.py took 0.211 seconds
[2026-06-29T13:27:29.406+0000] {processor.py:186} INFO - Started process (PID=6556) to work on /opt/airflow/dags/urban_data_streaming_dag.py
[2026-06-29T13:27:29.409+0000] {processor.py:914} INFO - Processing file /opt/airflow/dags/urban_data_streaming_dag.py for tasks to queue
[2026-06-29T13:27:29.414+0000] {logging_mixin.py:190} INFO - [2026-06-29T13:27:29.413+0000] {dagbag.py:588} INFO - Filling up the DagBag from /opt/airflow/dags/urban_data_streaming_dag.py
[2026-06-29T13:27:29.522+0000] {processor.py:925} INFO - DAG(s) 'urban_data_streaming_demo' retrieved from /opt/airflow/dags/urban_data_streaming_dag.py
[2026-06-29T13:27:29.590+0000] {logging_mixin.py:190} INFO - [2026-06-29T13:27:29.590+0000] {dag.py:3239} INFO - Sync 1 DAGs
[2026-06-29T13:27:29.605+0000] {logging_mixin.py:190} INFO - [2026-06-29T13:27:29.605+0000] {dag.py:4180} INFO - Setting next_dagrun for urban_data_streaming_demo to None, run_after=None
[2026-06-29T13:27:29.638+0000] {processor.py:208} INFO - Processing /opt/airflow/dags/urban_data_streaming_dag.py took 0.253 seconds
[2026-06-29T13:27:59.759+0000] {processor.py:186} INFO - Started process (PID=6574) to work on /opt/airflow/dags/urban_data_streaming_dag.py
[2026-06-29T13:27:59.762+0000] {processor.py:914} INFO - Processing file /opt/airflow/dags/urban_data_streaming_dag.py for tasks to queue
[2026-06-29T13:27:59.764+0000] {logging_mixin.py:190} INFO - [2026-06-29T13:27:59.764+0000] {dagbag.py:588} INFO - Filling up the DagBag from /opt/airflow/dags/urban_data_streaming_dag.py
[2026-06-29T13:27:59.792+0000] {processor.py:925} INFO - DAG(s) 'urban_data_streaming_demo' retrieved from /opt/airflow/dags/urban_data_streaming_dag.py
[2026-06-29T13:27:59.826+0000] {logging_mixin.py:190} INFO - [2026-06-29T13:27:59.826+0000] {dag.py:3239} INFO - Sync 1 DAGs
[2026-06-29T13:27:59.840+0000] {logging_mixin.py:190} INFO - [2026-06-29T13:27:59.840+0000] {dag.py:4180} INFO - Setting next_dagrun for urban_data_streaming_demo to None, run_after=None
[2026-06-29T13:27:59.867+0000] {processor.py:208} INFO - Processing /opt/airflow/dags/urban_data_streaming_dag.py took 0.114 seconds
[2026-06-29T13:28:30.785+0000] {processor.py:186} INFO - Started process (PID=6591) to work on /opt/airflow/dags/urban_data_streaming_dag.py
[2026-06-29T13:28:30.786+0000] {processor.py:914} INFO - Processing file /opt/airflow/dags/urban_data_streaming_dag.py for tasks to queue
[2026-06-29T13:28:30.790+0000] {logging_mixin.py:190} INFO - [2026-06-29T13:28:30.789+0000] {dagbag.py:588} INFO - Filling up the DagBag from /opt/airflow/dags/urban_data_streaming_dag.py
[2026-06-29T13:28:30.835+0000] {processor.py:925} INFO - DAG(s) 'urban_data_streaming_demo' retrieved from /opt/airflow/dags/urban_data_streaming_dag.py
[2026-06-29T13:28:30.885+0000] {logging_mixin.py:190} INFO - [2026-06-29T13:28:30.884+0000] {dag.py:3239} INFO - Sync 1 DAGs
[2026-06-29T13:28:30.898+0000] {logging_mixin.py:190} INFO - [2026-06-29T13:28:30.898+0000] {dag.py:4180} INFO - Setting next_dagrun for urban_data_streaming_demo to None, run_after=None
[2026-06-29T13:28:30.923+0000] {processor.py:208} INFO - Processing /opt/airflow/dags/urban_data_streaming_dag.py took 0.146 seconds
[2026-06-29T13:29:01.174+0000] {processor.py:186} INFO - Started process (PID=6602) to work on /opt/airflow/dags/urban_data_streaming_dag.py
[2026-06-29T13:29:01.176+0000] {processor.py:914} INFO - Processing file /opt/airflow/dags/urban_data_streaming_dag.py for tasks to queue
[2026-06-29T13:29:01.179+0000] {logging_mixin.py:190} INFO - [2026-06-29T13:29:01.178+0000] {dagbag.py:588} INFO - Filling up the DagBag from /opt/airflow/dags/urban_data_streaming_dag.py
[2026-06-29T13:29:01.239+0000] {processor.py:925} INFO - DAG(s) 'urban_data_streaming_demo' retrieved from /opt/airflow/dags/urban_data_streaming_dag.py
[2026-06-29T13:29:01.279+0000] {logging_mixin.py:190} INFO - [2026-06-29T13:29:01.278+0000] {dag.py:3239} INFO - Sync 1 DAGs
[2026-06-29T13:29:01.293+0000] {logging_mixin.py:190} INFO - [2026-06-29T13:29:01.293+0000] {dag.py:4180} INFO - Setting next_dagrun for urban_data_streaming_demo to None, run_after=None
[2026-06-29T13:29:01.315+0000] {processor.py:208} INFO - Processing /opt/airflow/dags/urban_data_streaming_dag.py took 0.148 seconds
[2026-06-29T13:29:31.367+0000] {processor.py:186} INFO - Started process (PID=6620) to work on /opt/airflow/dags/urban_data_streaming_dag.py
[2026-06-29T13:29:31.369+0000] {processor.py:914} INFO - Processing file /opt/airflow/dags/urban_data_streaming_dag.py for tasks to queue
[2026-06-29T13:29:31.372+0000] {logging_mixin.py:190} INFO - [2026-06-29T13:29:31.372+0000] {dagbag.py:588} INFO - Filling up the DagBag from /opt/airflow/dags/urban_data_streaming_dag.py
[2026-06-29T13:29:31.394+0000] {processor.py:925} INFO - DAG(s) 'urban_data_streaming_demo' retrieved from /opt/airflow/dags/urban_data_streaming_dag.py
[2026-06-29T13:29:31.426+0000] {logging_mixin.py:190} INFO - [2026-06-29T13:29:31.425+0000] {dag.py:3239} INFO - Sync 1 DAGs
[2026-06-29T13:29:31.440+0000] {logging_mixin.py:190} INFO - [2026-06-29T13:29:31.440+0000] {dag.py:4180} INFO - Setting next_dagrun for urban_data_streaming_demo to None, run_after=None
[2026-06-29T13:29:31.468+0000] {processor.py:208} INFO - Processing /opt/airflow/dags/urban_data_streaming_dag.py took 0.106 seconds
[2026-06-29T13:30:02.196+0000] {processor.py:186} INFO - Started process (PID=6638) to work on /opt/airflow/dags/urban_data_streaming_dag.py
[2026-06-29T13:30:02.198+0000] {processor.py:914} INFO - Processing file /opt/airflow/dags/urban_data_streaming_dag.py for tasks to queue
[2026-06-29T13:30:02.204+0000] {logging_mixin.py:190} INFO - [2026-06-29T13:30:02.203+0000] {dagbag.py:588} INFO - Filling up the DagBag from /opt/airflow/dags/urban_data_streaming_dag.py
[2026-06-29T13:30:02.254+0000] {processor.py:925} INFO - DAG(s) 'urban_data_streaming_demo' retrieved from /opt/airflow/dags/urban_data_streaming_dag.py
[2026-06-29T13:30:02.292+0000] {logging_mixin.py:190} INFO - [2026-06-29T13:30:02.291+0000] {dag.py:3239} INFO - Sync 1 DAGs
[2026-06-29T13:30:02.306+0000] {logging_mixin.py:190} INFO - [2026-06-29T13:30:02.305+0000] {dag.py:4180} INFO - Setting next_dagrun for urban_data_streaming_demo to None, run_after=None
[2026-06-29T13:30:02.328+0000] {processor.py:208} INFO - Processing /opt/airflow/dags/urban_data_streaming_dag.py took 0.152 seconds
[2026-06-29T13:30:32.496+0000] {processor.py:186} INFO - Started process (PID=6656) to work on /opt/airflow/dags/urban_data_streaming_dag.py
[2026-06-29T13:30:32.499+0000] {processor.py:914} INFO - Processing file /opt/airflow/dags/urban_data_streaming_dag.py for tasks to queue
[2026-06-29T13:30:32.503+0000] {logging_mixin.py:190} INFO - [2026-06-29T13:30:32.502+0000] {dagbag.py:588} INFO - Filling up the DagBag from /opt/airflow/dags/urban_data_streaming_dag.py
[2026-06-29T13:30:32.564+0000] {processor.py:925} INFO - DAG(s) 'urban_data_streaming_demo' retrieved from /opt/airflow/dags/urban_data_streaming_dag.py
[2026-06-29T13:30:32.619+0000] {logging_mixin.py:190} INFO - [2026-06-29T13:30:32.619+0000] {dag.py:3239} INFO - Sync 1 DAGs
[2026-06-29T13:30:32.634+0000] {logging_mixin.py:190} INFO - [2026-06-29T13:30:32.633+0000] {dag.py:4180} INFO - Setting next_dagrun for urban_data_streaming_demo to None, run_after=None
[2026-06-29T13:30:32.660+0000] {processor.py:208} INFO - Processing /opt/airflow/dags/urban_data_streaming_dag.py took 0.171 seconds
[2026-06-29T13:31:03.432+0000] {processor.py:186} INFO - Started process (PID=6674) to work on /opt/airflow/dags/urban_data_streaming_dag.py
[2026-06-29T13:31:03.434+0000] {processor.py:914} INFO - Processing file /opt/airflow/dags/urban_data_streaming_dag.py for tasks to queue
[2026-06-29T13:31:03.440+0000] {logging_mixin.py:190} INFO - [2026-06-29T13:31:03.439+0000] {dagbag.py:588} INFO - Filling up the DagBag from /opt/airflow/dags/urban_data_streaming_dag.py
[2026-06-29T13:31:03.483+0000] {processor.py:925} INFO - DAG(s) 'urban_data_streaming_demo' retrieved from /opt/airflow/dags/urban_data_streaming_dag.py
[2026-06-29T13:31:03.514+0000] {logging_mixin.py:190} INFO - [2026-06-29T13:31:03.513+0000] {dag.py:3239} INFO - Sync 1 DAGs
[2026-06-29T13:31:03.527+0000] {logging_mixin.py:190} INFO - [2026-06-29T13:31:03.527+0000] {dag.py:4180} INFO - Setting next_dagrun for urban_data_streaming_demo to None, run_after=None
[2026-06-29T13:31:03.550+0000] {processor.py:208} INFO - Processing /opt/airflow/dags/urban_data_streaming_dag.py took 0.130 seconds
[2026-06-29T13:31:33.615+0000] {processor.py:186} INFO - Started process (PID=6692) to work on /opt/airflow/dags/urban_data_streaming_dag.py
[2026-06-29T13:31:33.617+0000] {processor.py:914} INFO - Processing file /opt/airflow/dags/urban_data_streaming_dag.py for tasks to queue
[2026-06-29T13:31:33.620+0000] {logging_mixin.py:190} INFO - [2026-06-29T13:31:33.619+0000] {dagbag.py:588} INFO - Filling up the DagBag from /opt/airflow/dags/urban_data_streaming_dag.py
[2026-06-29T13:31:33.651+0000] {processor.py:925} INFO - DAG(s) 'urban_data_streaming_demo' retrieved from /opt/airflow/dags/urban_data_streaming_dag.py
[2026-06-29T13:31:33.683+0000] {logging_mixin.py:190} INFO - [2026-06-29T13:31:33.683+0000] {dag.py:3239} INFO - Sync 1 DAGs
[2026-06-29T13:31:33.699+0000] {logging_mixin.py:190} INFO - [2026-06-29T13:31:33.699+0000] {dag.py:4180} INFO - Setting next_dagrun for urban_data_streaming_demo to None, run_after=None
[2026-06-29T13:31:33.722+0000] {processor.py:208} INFO - Processing /opt/airflow/dags/urban_data_streaming_dag.py took 0.113 seconds
[2026-06-29T13:32:04.619+0000] {processor.py:186} INFO - Started process (PID=6705) to work on /opt/airflow/dags/urban_data_streaming_dag.py
[2026-06-29T13:32:04.620+0000] {processor.py:914} INFO - Processing file /opt/airflow/dags/urban_data_streaming_dag.py for tasks to queue
[2026-06-29T13:32:04.624+0000] {logging_mixin.py:190} INFO - [2026-06-29T13:32:04.623+0000] {dagbag.py:588} INFO - Filling up the DagBag from /opt/airflow/dags/urban_data_streaming_dag.py
[2026-06-29T13:32:04.684+0000] {processor.py:925} INFO - DAG(s) 'urban_data_streaming_demo' retrieved from /opt/airflow/dags/urban_data_streaming_dag.py
[2026-06-29T13:32:04.717+0000] {logging_mixin.py:190} INFO - [2026-06-29T13:32:04.717+0000] {dag.py:3239} INFO - Sync 1 DAGs
[2026-06-29T13:32:04.732+0000] {logging_mixin.py:190} INFO - [2026-06-29T13:32:04.732+0000] {dag.py:4180} INFO - Setting next_dagrun for urban_data_streaming_demo to None, run_after=None
[2026-06-29T13:32:04.757+0000] {processor.py:208} INFO - Processing /opt/airflow/dags/urban_data_streaming_dag.py took 0.153 seconds
[2026-06-29T13:32:35.690+0000] {processor.py:186} INFO - Started process (PID=6724) to work on /opt/airflow/dags/urban_data_streaming_dag.py
[2026-06-29T13:32:35.693+0000] {processor.py:914} INFO - Processing file /opt/airflow/dags/urban_data_streaming_dag.py for tasks to queue
[2026-06-29T13:32:35.697+0000] {logging_mixin.py:190} INFO - [2026-06-29T13:32:35.697+0000] {dagbag.py:588} INFO - Filling up the DagBag from /opt/airflow/dags/urban_data_streaming_dag.py
[2026-06-29T13:32:35.749+0000] {processor.py:925} INFO - DAG(s) 'urban_data_streaming_demo' retrieved from /opt/airflow/dags/urban_data_streaming_dag.py
[2026-06-29T13:32:35.796+0000] {logging_mixin.py:190} INFO - [2026-06-29T13:32:35.795+0000] {dag.py:3239} INFO - Sync 1 DAGs
[2026-06-29T13:32:35.811+0000] {logging_mixin.py:190} INFO - [2026-06-29T13:32:35.810+0000] {dag.py:4180} INFO - Setting next_dagrun for urban_data_streaming_demo to None, run_after=None
[2026-06-29T13:32:35.832+0000] {processor.py:208} INFO - Processing /opt/airflow/dags/urban_data_streaming_dag.py took 0.154 seconds
[2026-06-29T13:33:06.636+0000] {processor.py:186} INFO - Started process (PID=6742) to work on /opt/airflow/dags/urban_data_streaming_dag.py
[2026-06-29T13:33:06.637+0000] {processor.py:914} INFO - Processing file /opt/airflow/dags/urban_data_streaming_dag.py for tasks to queue
[2026-06-29T13:33:06.642+0000] {logging_mixin.py:190} INFO - [2026-06-29T13:33:06.641+0000] {dagbag.py:588} INFO - Filling up the DagBag from /opt/airflow/dags/urban_data_streaming_dag.py
[2026-06-29T13:33:06.672+0000] {processor.py:925} INFO - DAG(s) 'urban_data_streaming_demo' retrieved from /opt/airflow/dags/urban_data_streaming_dag.py
[2026-06-29T13:33:06.725+0000] {logging_mixin.py:190} INFO - [2026-06-29T13:33:06.725+0000] {dag.py:3239} INFO - Sync 1 DAGs
[2026-06-29T13:33:06.747+0000] {logging_mixin.py:190} INFO - [2026-06-29T13:33:06.746+0000] {dag.py:4180} INFO - Setting next_dagrun for urban_data_streaming_demo to None, run_after=None
[2026-06-29T13:33:06.782+0000] {processor.py:208} INFO - Processing /opt/airflow/dags/urban_data_streaming_dag.py took 0.151 seconds
[2026-06-29T13:33:37.693+0000] {processor.py:186} INFO - Started process (PID=6759) to work on /opt/airflow/dags/urban_data_streaming_dag.py
[2026-06-29T13:33:37.695+0000] {processor.py:914} INFO - Processing file /opt/airflow/dags/urban_data_streaming_dag.py for tasks to queue
[2026-06-29T13:33:37.698+0000] {logging_mixin.py:190} INFO - [2026-06-29T13:33:37.698+0000] {dagbag.py:588} INFO - Filling up the DagBag from /opt/airflow/dags/urban_data_streaming_dag.py
[2026-06-29T13:33:37.724+0000] {processor.py:925} INFO - DAG(s) 'urban_data_streaming_demo' retrieved from /opt/airflow/dags/urban_data_streaming_dag.py
[2026-06-29T13:33:37.757+0000] {logging_mixin.py:190} INFO - [2026-06-29T13:33:37.757+0000] {dag.py:3239} INFO - Sync 1 DAGs
[2026-06-29T13:33:37.773+0000] {logging_mixin.py:190} INFO - [2026-06-29T13:33:37.772+0000] {dag.py:4180} INFO - Setting next_dagrun for urban_data_streaming_demo to None, run_after=None
[2026-06-29T13:33:37.797+0000] {processor.py:208} INFO - Processing /opt/airflow/dags/urban_data_streaming_dag.py took 0.111 seconds
[2026-06-29T13:34:08.747+0000] {processor.py:186} INFO - Started process (PID=6770) to work on /opt/airflow/dags/urban_data_streaming_dag.py
[2026-06-29T13:34:08.750+0000] {processor.py:914} INFO - Processing file /opt/airflow/dags/urban_data_streaming_dag.py for tasks to queue
[2026-06-29T13:34:08.754+0000] {logging_mixin.py:190} INFO - [2026-06-29T13:34:08.753+0000] {dagbag.py:588} INFO - Filling up the DagBag from /opt/airflow/dags/urban_data_streaming_dag.py
[2026-06-29T13:34:08.783+0000] {processor.py:925} INFO - DAG(s) 'urban_data_streaming_demo' retrieved from /opt/airflow/dags/urban_data_streaming_dag.py
[2026-06-29T13:34:08.829+0000] {logging_mixin.py:190} INFO - [2026-06-29T13:34:08.829+0000] {dag.py:3239} INFO - Sync 1 DAGs
[2026-06-29T13:34:08.847+0000] {logging_mixin.py:190} INFO - [2026-06-29T13:34:08.847+0000] {dag.py:4180} INFO - Setting next_dagrun for urban_data_streaming_demo to None, run_after=None
[2026-06-29T13:34:08.870+0000] {processor.py:208} INFO - Processing /opt/airflow/dags/urban_data_streaming_dag.py took 0.147 seconds
[2026-06-29T13:34:39.857+0000] {processor.py:186} INFO - Started process (PID=6788) to work on /opt/airflow/dags/urban_data_streaming_dag.py
[2026-06-29T13:34:39.861+0000] {processor.py:914} INFO - Processing file /opt/airflow/dags/urban_data_streaming_dag.py for tasks to queue
[2026-06-29T13:34:39.867+0000] {logging_mixin.py:190} INFO - [2026-06-29T13:34:39.866+0000] {dagbag.py:588} INFO - Filling up the DagBag from /opt/airflow/dags/urban_data_streaming_dag.py
[2026-06-29T13:34:39.908+0000] {processor.py:925} INFO - DAG(s) 'urban_data_streaming_demo' retrieved from /opt/airflow/dags/urban_data_streaming_dag.py
[2026-06-29T13:34:39.942+0000] {logging_mixin.py:190} INFO - [2026-06-29T13:34:39.942+0000] {dag.py:3239} INFO - Sync 1 DAGs
[2026-06-29T13:34:39.956+0000] {logging_mixin.py:190} INFO - [2026-06-29T13:34:39.956+0000] {dag.py:4180} INFO - Setting next_dagrun for urban_data_streaming_demo to None, run_after=None
[2026-06-29T13:34:39.977+0000] {processor.py:208} INFO - Processing /opt/airflow/dags/urban_data_streaming_dag.py took 0.146 seconds
[2026-06-29T13:35:11.076+0000] {processor.py:186} INFO - Started process (PID=6806) to work on /opt/airflow/dags/urban_data_streaming_dag.py
[2026-06-29T13:35:11.078+0000] {processor.py:914} INFO - Processing file /opt/airflow/dags/urban_data_streaming_dag.py for tasks to queue
[2026-06-29T13:35:11.084+0000] {logging_mixin.py:190} INFO - [2026-06-29T13:35:11.083+0000] {dagbag.py:588} INFO - Filling up the DagBag from /opt/airflow/dags/urban_data_streaming_dag.py
[2026-06-29T13:35:11.157+0000] {processor.py:925} INFO - DAG(s) 'urban_data_streaming_demo' retrieved from /opt/airflow/dags/urban_data_streaming_dag.py
[2026-06-29T13:35:11.230+0000] {logging_mixin.py:190} INFO - [2026-06-29T13:35:11.229+0000] {dag.py:3239} INFO - Sync 1 DAGs
[2026-06-29T13:35:11.248+0000] {logging_mixin.py:190} INFO - [2026-06-29T13:35:11.248+0000] {dag.py:4180} INFO - Setting next_dagrun for urban_data_streaming_demo to None, run_after=None
[2026-06-29T13:35:11.278+0000] {processor.py:208} INFO - Processing /opt/airflow/dags/urban_data_streaming_dag.py took 0.228 seconds
[2026-06-29T13:35:42.289+0000] {processor.py:186} INFO - Started process (PID=6824) to work on /opt/airflow/dags/urban_data_streaming_dag.py
[2026-06-29T13:35:42.292+0000] {processor.py:914} INFO - Processing file /opt/airflow/dags/urban_data_streaming_dag.py for tasks to queue
[2026-06-29T13:35:42.300+0000] {logging_mixin.py:190} INFO - [2026-06-29T13:35:42.299+0000] {dagbag.py:588} INFO - Filling up the DagBag from /opt/airflow/dags/urban_data_streaming_dag.py
[2026-06-29T13:35:42.377+0000] {processor.py:925} INFO - DAG(s) 'urban_data_streaming_demo' retrieved from /opt/airflow/dags/urban_data_streaming_dag.py
[2026-06-29T13:35:42.449+0000] {logging_mixin.py:190} INFO - [2026-06-29T13:35:42.449+0000] {dag.py:3239} INFO - Sync 1 DAGs
[2026-06-29T13:35:42.468+0000] {logging_mixin.py:190} INFO - [2026-06-29T13:35:42.468+0000] {dag.py:4180} INFO - Setting next_dagrun for urban_data_streaming_demo to None, run_after=None
[2026-06-29T13:35:42.489+0000] {processor.py:208} INFO - Processing /opt/airflow/dags/urban_data_streaming_dag.py took 0.216 seconds
[2026-06-29T13:36:13.431+0000] {processor.py:186} INFO - Started process (PID=6842) to work on /opt/airflow/dags/urban_data_streaming_dag.py
[2026-06-29T13:36:13.436+0000] {processor.py:914} INFO - Processing file /opt/airflow/dags/urban_data_streaming_dag.py for tasks to queue
[2026-06-29T13:36:13.443+0000] {logging_mixin.py:190} INFO - [2026-06-29T13:36:13.443+0000] {dagbag.py:588} INFO - Filling up the DagBag from /opt/airflow/dags/urban_data_streaming_dag.py
[2026-06-29T13:36:13.487+0000] {processor.py:925} INFO - DAG(s) 'urban_data_streaming_demo' retrieved from /opt/airflow/dags/urban_data_streaming_dag.py
[2026-06-29T13:36:13.531+0000] {logging_mixin.py:190} INFO - [2026-06-29T13:36:13.531+0000] {dag.py:3239} INFO - Sync 1 DAGs
[2026-06-29T13:36:13.544+0000] {logging_mixin.py:190} INFO - [2026-06-29T13:36:13.544+0000] {dag.py:4180} INFO - Setting next_dagrun for urban_data_streaming_demo to None, run_after=None
[2026-06-29T13:36:13.574+0000] {processor.py:208} INFO - Processing /opt/airflow/dags/urban_data_streaming_dag.py took 0.156 seconds
[2026-06-29T13:36:44.524+0000] {processor.py:186} INFO - Started process (PID=6860) to work on /opt/airflow/dags/urban_data_streaming_dag.py
[2026-06-29T13:36:44.527+0000] {processor.py:914} INFO - Processing file /opt/airflow/dags/urban_data_streaming_dag.py for tasks to queue
[2026-06-29T13:36:44.530+0000] {logging_mixin.py:190} INFO - [2026-06-29T13:36:44.530+0000] {dagbag.py:588} INFO - Filling up the DagBag from /opt/airflow/dags/urban_data_streaming_dag.py
[2026-06-29T13:36:44.576+0000] {processor.py:925} INFO - DAG(s) 'urban_data_streaming_demo' retrieved from /opt/airflow/dags/urban_data_streaming_dag.py
[2026-06-29T13:36:44.608+0000] {logging_mixin.py:190} INFO - [2026-06-29T13:36:44.607+0000] {dag.py:3239} INFO - Sync 1 DAGs
[2026-06-29T13:36:44.622+0000] {logging_mixin.py:190} INFO - [2026-06-29T13:36:44.621+0000] {dag.py:4180} INFO - Setting next_dagrun for urban_data_streaming_demo to None, run_after=None
[2026-06-29T13:36:44.655+0000] {processor.py:208} INFO - Processing /opt/airflow/dags/urban_data_streaming_dag.py took 0.143 seconds
[2026-06-29T13:37:15.535+0000] {processor.py:186} INFO - Started process (PID=6878) to work on /opt/airflow/dags/urban_data_streaming_dag.py
[2026-06-29T13:37:15.536+0000] {processor.py:914} INFO - Processing file /opt/airflow/dags/urban_data_streaming_dag.py for tasks to queue
[2026-06-29T13:37:15.539+0000] {logging_mixin.py:190} INFO - [2026-06-29T13:37:15.539+0000] {dagbag.py:588} INFO - Filling up the DagBag from /opt/airflow/dags/urban_data_streaming_dag.py
[2026-06-29T13:37:15.574+0000] {processor.py:925} INFO - DAG(s) 'urban_data_streaming_demo' retrieved from /opt/airflow/dags/urban_data_streaming_dag.py
[2026-06-29T13:37:15.607+0000] {logging_mixin.py:190} INFO - [2026-06-29T13:37:15.607+0000] {dag.py:3239} INFO - Sync 1 DAGs
[2026-06-29T13:37:15.621+0000] {logging_mixin.py:190} INFO - [2026-06-29T13:37:15.620+0000] {dag.py:4180} INFO - Setting next_dagrun for urban_data_streaming_demo to None, run_after=None
[2026-06-29T13:37:15.644+0000] {processor.py:208} INFO - Processing /opt/airflow/dags/urban_data_streaming_dag.py took 0.116 seconds
[2026-06-29T13:37:46.647+0000] {processor.py:186} INFO - Started process (PID=6896) to work on /opt/airflow/dags/urban_data_streaming_dag.py
[2026-06-29T13:37:46.649+0000] {processor.py:914} INFO - Processing file /opt/airflow/dags/urban_data_streaming_dag.py for tasks to queue
[2026-06-29T13:37:46.653+0000] {logging_mixin.py:190} INFO - [2026-06-29T13:37:46.652+0000] {dagbag.py:588} INFO - Filling up the DagBag from /opt/airflow/dags/urban_data_streaming_dag.py
[2026-06-29T13:37:46.680+0000] {processor.py:925} INFO - DAG(s) 'urban_data_streaming_demo' retrieved from /opt/airflow/dags/urban_data_streaming_dag.py
[2026-06-29T13:37:46.722+0000] {logging_mixin.py:190} INFO - [2026-06-29T13:37:46.722+0000] {dag.py:3239} INFO - Sync 1 DAGs
[2026-06-29T13:37:46.735+0000] {logging_mixin.py:190} INFO - [2026-06-29T13:37:46.735+0000] {dag.py:4180} INFO - Setting next_dagrun for urban_data_streaming_demo to None, run_after=None
[2026-06-29T13:37:46.758+0000] {processor.py:208} INFO - Processing /opt/airflow/dags/urban_data_streaming_dag.py took 0.121 seconds
[2026-06-29T13:38:17.790+0000] {processor.py:186} INFO - Started process (PID=6914) to work on /opt/airflow/dags/urban_data_streaming_dag.py
[2026-06-29T13:38:17.793+0000] {processor.py:914} INFO - Processing file /opt/airflow/dags/urban_data_streaming_dag.py for tasks to queue
[2026-06-29T13:38:17.796+0000] {logging_mixin.py:190} INFO - [2026-06-29T13:38:17.796+0000] {dagbag.py:588} INFO - Filling up the DagBag from /opt/airflow/dags/urban_data_streaming_dag.py
[2026-06-29T13:38:17.825+0000] {processor.py:925} INFO - DAG(s) 'urban_data_streaming_demo' retrieved from /opt/airflow/dags/urban_data_streaming_dag.py
[2026-06-29T13:38:17.861+0000] {logging_mixin.py:190} INFO - [2026-06-29T13:38:17.861+0000] {dag.py:3239} INFO - Sync 1 DAGs
[2026-06-29T13:38:17.879+0000] {logging_mixin.py:190} INFO - [2026-06-29T13:38:17.879+0000] {dag.py:4180} INFO - Setting next_dagrun for urban_data_streaming_demo to None, run_after=None
[2026-06-29T13:38:17.902+0000] {processor.py:208} INFO - Processing /opt/airflow/dags/urban_data_streaming_dag.py took 0.119 seconds
[2026-06-29T13:38:48.902+0000] {processor.py:186} INFO - Started process (PID=6932) to work on /opt/airflow/dags/urban_data_streaming_dag.py
[2026-06-29T13:38:48.905+0000] {processor.py:914} INFO - Processing file /opt/airflow/dags/urban_data_streaming_dag.py for tasks to queue
[2026-06-29T13:38:48.909+0000] {logging_mixin.py:190} INFO - [2026-06-29T13:38:48.909+0000] {dagbag.py:588} INFO - Filling up the DagBag from /opt/airflow/dags/urban_data_streaming_dag.py
[2026-06-29T13:38:48.941+0000] {processor.py:925} INFO - DAG(s) 'urban_data_streaming_demo' retrieved from /opt/airflow/dags/urban_data_streaming_dag.py
[2026-06-29T13:38:48.972+0000] {logging_mixin.py:190} INFO - [2026-06-29T13:38:48.971+0000] {dag.py:3239} INFO - Sync 1 DAGs
[2026-06-29T13:38:48.992+0000] {logging_mixin.py:190} INFO - [2026-06-29T13:38:48.991+0000] {dag.py:4180} INFO - Setting next_dagrun for urban_data_streaming_demo to None, run_after=None
[2026-06-29T13:38:49.017+0000] {processor.py:208} INFO - Processing /opt/airflow/dags/urban_data_streaming_dag.py took 0.122 seconds
[2026-06-29T13:39:19.894+0000] {processor.py:186} INFO - Started process (PID=6950) to work on /opt/airflow/dags/urban_data_streaming_dag.py
[2026-06-29T13:39:19.895+0000] {processor.py:914} INFO - Processing file /opt/airflow/dags/urban_data_streaming_dag.py for tasks to queue
[2026-06-29T13:39:19.898+0000] {logging_mixin.py:190} INFO - [2026-06-29T13:39:19.897+0000] {dagbag.py:588} INFO - Filling up the DagBag from /opt/airflow/dags/urban_data_streaming_dag.py
[2026-06-29T13:39:19.929+0000] {processor.py:925} INFO - DAG(s) 'urban_data_streaming_demo' retrieved from /opt/airflow/dags/urban_data_streaming_dag.py
[2026-06-29T13:39:19.957+0000] {logging_mixin.py:190} INFO - [2026-06-29T13:39:19.957+0000] {dag.py:3239} INFO - Sync 1 DAGs
[2026-06-29T13:39:19.972+0000] {logging_mixin.py:190} INFO - [2026-06-29T13:39:19.972+0000] {dag.py:4180} INFO - Setting next_dagrun for urban_data_streaming_demo to None, run_after=None
[2026-06-29T13:39:19.994+0000] {processor.py:208} INFO - Processing /opt/airflow/dags/urban_data_streaming_dag.py took 0.106 seconds
[2026-06-29T13:39:51.065+0000] {processor.py:186} INFO - Started process (PID=6967) to work on /opt/airflow/dags/urban_data_streaming_dag.py
[2026-06-29T13:39:51.068+0000] {processor.py:914} INFO - Processing file /opt/airflow/dags/urban_data_streaming_dag.py for tasks to queue
[2026-06-29T13:39:51.073+0000] {logging_mixin.py:190} INFO - [2026-06-29T13:39:51.073+0000] {dagbag.py:588} INFO - Filling up the DagBag from /opt/airflow/dags/urban_data_streaming_dag.py
[2026-06-29T13:39:51.113+0000] {processor.py:925} INFO - DAG(s) 'urban_data_streaming_demo' retrieved from /opt/airflow/dags/urban_data_streaming_dag.py
[2026-06-29T13:39:51.147+0000] {logging_mixin.py:190} INFO - [2026-06-29T13:39:51.147+0000] {dag.py:3239} INFO - Sync 1 DAGs
[2026-06-29T13:39:51.161+0000] {logging_mixin.py:190} INFO - [2026-06-29T13:39:51.161+0000] {dag.py:4180} INFO - Setting next_dagrun for urban_data_streaming_demo to None, run_after=None
[2026-06-29T13:39:51.184+0000] {processor.py:208} INFO - Processing /opt/airflow/dags/urban_data_streaming_dag.py took 0.132 seconds
[2026-06-29T13:40:22.076+0000] {processor.py:186} INFO - Started process (PID=6978) to work on /opt/airflow/dags/urban_data_streaming_dag.py
[2026-06-29T13:40:22.080+0000] {processor.py:914} INFO - Processing file /opt/airflow/dags/urban_data_streaming_dag.py for tasks to queue
[2026-06-29T13:40:22.089+0000] {logging_mixin.py:190} INFO - [2026-06-29T13:40:22.088+0000] {dagbag.py:588} INFO - Filling up the DagBag from /opt/airflow/dags/urban_data_streaming_dag.py
[2026-06-29T13:40:22.144+0000] {processor.py:925} INFO - DAG(s) 'urban_data_streaming_demo' retrieved from /opt/airflow/dags/urban_data_streaming_dag.py
[2026-06-29T13:40:22.201+0000] {logging_mixin.py:190} INFO - [2026-06-29T13:40:22.200+0000] {dag.py:3239} INFO - Sync 1 DAGs
[2026-06-29T13:40:22.222+0000] {logging_mixin.py:190} INFO - [2026-06-29T13:40:22.221+0000] {dag.py:4180} INFO - Setting next_dagrun for urban_data_streaming_demo to None, run_after=None
[2026-06-29T13:40:22.252+0000] {processor.py:208} INFO - Processing /opt/airflow/dags/urban_data_streaming_dag.py took 0.188 seconds
[2026-06-29T13:40:53.297+0000] {processor.py:186} INFO - Started process (PID=6996) to work on /opt/airflow/dags/urban_data_streaming_dag.py
[2026-06-29T13:40:53.300+0000] {processor.py:914} INFO - Processing file /opt/airflow/dags/urban_data_streaming_dag.py for tasks to queue
[2026-06-29T13:40:53.304+0000] {logging_mixin.py:190} INFO - [2026-06-29T13:40:53.303+0000] {dagbag.py:588} INFO - Filling up the DagBag from /opt/airflow/dags/urban_data_streaming_dag.py
[2026-06-29T13:40:53.341+0000] {processor.py:925} INFO - DAG(s) 'urban_data_streaming_demo' retrieved from /opt/airflow/dags/urban_data_streaming_dag.py
[2026-06-29T13:40:53.388+0000] {logging_mixin.py:190} INFO - [2026-06-29T13:40:53.388+0000] {dag.py:3239} INFO - Sync 1 DAGs
[2026-06-29T13:40:53.402+0000] {logging_mixin.py:190} INFO - [2026-06-29T13:40:53.402+0000] {dag.py:4180} INFO - Setting next_dagrun for urban_data_streaming_demo to None, run_after=None
[2026-06-29T13:40:53.421+0000] {processor.py:208} INFO - Processing /opt/airflow/dags/urban_data_streaming_dag.py took 0.140 seconds
[2026-06-29T13:41:24.492+0000] {processor.py:186} INFO - Started process (PID=7014) to work on /opt/airflow/dags/urban_data_streaming_dag.py
[2026-06-29T13:41:24.495+0000] {processor.py:914} INFO - Processing file /opt/airflow/dags/urban_data_streaming_dag.py for tasks to queue
[2026-06-29T13:41:24.498+0000] {logging_mixin.py:190} INFO - [2026-06-29T13:41:24.497+0000] {dagbag.py:588} INFO - Filling up the DagBag from /opt/airflow/dags/urban_data_streaming_dag.py
[2026-06-29T13:41:24.542+0000] {processor.py:925} INFO - DAG(s) 'urban_data_streaming_demo' retrieved from /opt/airflow/dags/urban_data_streaming_dag.py
[2026-06-29T13:41:24.587+0000] {logging_mixin.py:190} INFO - [2026-06-29T13:41:24.586+0000] {dag.py:3239} INFO - Sync 1 DAGs
[2026-06-29T13:41:24.600+0000] {logging_mixin.py:190} INFO - [2026-06-29T13:41:24.600+0000] {dag.py:4180} INFO - Setting next_dagrun for urban_data_streaming_demo to None, run_after=None
[2026-06-29T13:41:24.624+0000] {processor.py:208} INFO - Processing /opt/airflow/dags/urban_data_streaming_dag.py took 0.141 seconds
[2026-06-29T13:41:55.586+0000] {processor.py:186} INFO - Started process (PID=7032) to work on /opt/airflow/dags/urban_data_streaming_dag.py
[2026-06-29T13:41:55.587+0000] {processor.py:914} INFO - Processing file /opt/airflow/dags/urban_data_streaming_dag.py for tasks to queue
[2026-06-29T13:41:55.596+0000] {logging_mixin.py:190} INFO - [2026-06-29T13:41:55.595+0000] {dagbag.py:588} INFO - Filling up the DagBag from /opt/airflow/dags/urban_data_streaming_dag.py
[2026-06-29T13:41:55.629+0000] {processor.py:925} INFO - DAG(s) 'urban_data_streaming_demo' retrieved from /opt/airflow/dags/urban_data_streaming_dag.py
[2026-06-29T13:41:55.659+0000] {logging_mixin.py:190} INFO - [2026-06-29T13:41:55.659+0000] {dag.py:3239} INFO - Sync 1 DAGs
[2026-06-29T13:41:55.674+0000] {logging_mixin.py:190} INFO - [2026-06-29T13:41:55.674+0000] {dag.py:4180} INFO - Setting next_dagrun for urban_data_streaming_demo to None, run_after=None
[2026-06-29T13:41:55.696+0000] {processor.py:208} INFO - Processing /opt/airflow/dags/urban_data_streaming_dag.py took 0.116 seconds
[2026-06-29T13:42:26.694+0000] {processor.py:186} INFO - Started process (PID=7050) to work on /opt/airflow/dags/urban_data_streaming_dag.py
[2026-06-29T13:42:26.696+0000] {processor.py:914} INFO - Processing file /opt/airflow/dags/urban_data_streaming_dag.py for tasks to queue
[2026-06-29T13:42:26.698+0000] {logging_mixin.py:190} INFO - [2026-06-29T13:42:26.698+0000] {dagbag.py:588} INFO - Filling up the DagBag from /opt/airflow/dags/urban_data_streaming_dag.py
[2026-06-29T13:42:26.740+0000] {processor.py:925} INFO - DAG(s) 'urban_data_streaming_demo' retrieved from /opt/airflow/dags/urban_data_streaming_dag.py
[2026-06-29T13:42:26.792+0000] {logging_mixin.py:190} INFO - [2026-06-29T13:42:26.791+0000] {dag.py:3239} INFO - Sync 1 DAGs
[2026-06-29T13:42:26.820+0000] {logging_mixin.py:190} INFO - [2026-06-29T13:42:26.819+0000] {dag.py:4180} INFO - Setting next_dagrun for urban_data_streaming_demo to None, run_after=None
[2026-06-29T13:42:26.864+0000] {processor.py:208} INFO - Processing /opt/airflow/dags/urban_data_streaming_dag.py took 0.181 seconds
[2026-06-29T13:42:57.699+0000] {processor.py:186} INFO - Started process (PID=7068) to work on /opt/airflow/dags/urban_data_streaming_dag.py
[2026-06-29T13:42:57.701+0000] {processor.py:914} INFO - Processing file /opt/airflow/dags/urban_data_streaming_dag.py for tasks to queue
[2026-06-29T13:42:57.704+0000] {logging_mixin.py:190} INFO - [2026-06-29T13:42:57.703+0000] {dagbag.py:588} INFO - Filling up the DagBag from /opt/airflow/dags/urban_data_streaming_dag.py
[2026-06-29T13:42:57.732+0000] {processor.py:925} INFO - DAG(s) 'urban_data_streaming_demo' retrieved from /opt/airflow/dags/urban_data_streaming_dag.py
[2026-06-29T13:42:57.761+0000] {logging_mixin.py:190} INFO - [2026-06-29T13:42:57.761+0000] {dag.py:3239} INFO - Sync 1 DAGs
[2026-06-29T13:42:57.775+0000] {logging_mixin.py:190} INFO - [2026-06-29T13:42:57.775+0000] {dag.py:4180} INFO - Setting next_dagrun for urban_data_streaming_demo to None, run_after=None
[2026-06-29T13:42:57.794+0000] {processor.py:208} INFO - Processing /opt/airflow/dags/urban_data_streaming_dag.py took 0.102 seconds
[2026-06-29T13:43:28.628+0000] {processor.py:186} INFO - Started process (PID=7086) to work on /opt/airflow/dags/urban_data_streaming_dag.py
[2026-06-29T13:43:28.629+0000] {processor.py:914} INFO - Processing file /opt/airflow/dags/urban_data_streaming_dag.py for tasks to queue
[2026-06-29T13:43:28.632+0000] {logging_mixin.py:190} INFO - [2026-06-29T13:43:28.632+0000] {dagbag.py:588} INFO - Filling up the DagBag from /opt/airflow/dags/urban_data_streaming_dag.py
[2026-06-29T13:43:28.653+0000] {processor.py:925} INFO - DAG(s) 'urban_data_streaming_demo' retrieved from /opt/airflow/dags/urban_data_streaming_dag.py
[2026-06-29T13:43:28.686+0000] {logging_mixin.py:190} INFO - [2026-06-29T13:43:28.685+0000] {dag.py:3239} INFO - Sync 1 DAGs
[2026-06-29T13:43:28.700+0000] {logging_mixin.py:190} INFO - [2026-06-29T13:43:28.700+0000] {dag.py:4180} INFO - Setting next_dagrun for urban_data_streaming_demo to None, run_after=None
[2026-06-29T13:43:28.720+0000] {processor.py:208} INFO - Processing /opt/airflow/dags/urban_data_streaming_dag.py took 0.098 seconds
[2026-06-29T13:43:59.700+0000] {processor.py:186} INFO - Started process (PID=7105) to work on /opt/airflow/dags/urban_data_streaming_dag.py
[2026-06-29T13:43:59.703+0000] {processor.py:914} INFO - Processing file /opt/airflow/dags/urban_data_streaming_dag.py for tasks to queue
[2026-06-29T13:43:59.706+0000] {logging_mixin.py:190} INFO - [2026-06-29T13:43:59.706+0000] {dagbag.py:588} INFO - Filling up the DagBag from /opt/airflow/dags/urban_data_streaming_dag.py
[2026-06-29T13:43:59.742+0000] {processor.py:925} INFO - DAG(s) 'urban_data_streaming_demo' retrieved from /opt/airflow/dags/urban_data_streaming_dag.py
[2026-06-29T13:43:59.777+0000] {logging_mixin.py:190} INFO - [2026-06-29T13:43:59.777+0000] {dag.py:3239} INFO - Sync 1 DAGs
[2026-06-29T13:43:59.790+0000] {logging_mixin.py:190} INFO - [2026-06-29T13:43:59.790+0000] {dag.py:4180} INFO - Setting next_dagrun for urban_data_streaming_demo to None, run_after=None
[2026-06-29T13:43:59.812+0000] {processor.py:208} INFO - Processing /opt/airflow/dags/urban_data_streaming_dag.py took 0.123 seconds
[2026-06-29T13:44:30.698+0000] {processor.py:186} INFO - Started process (PID=7123) to work on /opt/airflow/dags/urban_data_streaming_dag.py
[2026-06-29T13:44:30.701+0000] {processor.py:914} INFO - Processing file /opt/airflow/dags/urban_data_streaming_dag.py for tasks to queue
[2026-06-29T13:44:30.707+0000] {logging_mixin.py:190} INFO - [2026-06-29T13:44:30.706+0000] {dagbag.py:588} INFO - Filling up the DagBag from /opt/airflow/dags/urban_data_streaming_dag.py
[2026-06-29T13:44:30.756+0000] {processor.py:925} INFO - DAG(s) 'urban_data_streaming_demo' retrieved from /opt/airflow/dags/urban_data_streaming_dag.py
[2026-06-29T13:44:30.805+0000] {logging_mixin.py:190} INFO - [2026-06-29T13:44:30.805+0000] {dag.py:3239} INFO - Sync 1 DAGs
[2026-06-29T13:44:30.825+0000] {logging_mixin.py:190} INFO - [2026-06-29T13:44:30.825+0000] {dag.py:4180} INFO - Setting next_dagrun for urban_data_streaming_demo to None, run_after=None
[2026-06-29T13:44:30.851+0000] {processor.py:208} INFO - Processing /opt/airflow/dags/urban_data_streaming_dag.py took 0.165 seconds
[2026-06-29T13:45:01.861+0000] {processor.py:186} INFO - Started process (PID=7141) to work on /opt/airflow/dags/urban_data_streaming_dag.py
[2026-06-29T13:45:01.864+0000] {processor.py:914} INFO - Processing file /opt/airflow/dags/urban_data_streaming_dag.py for tasks to queue
[2026-06-29T13:45:01.873+0000] {logging_mixin.py:190} INFO - [2026-06-29T13:45:01.871+0000] {dagbag.py:588} INFO - Filling up the DagBag from /opt/airflow/dags/urban_data_streaming_dag.py
[2026-06-29T13:45:01.932+0000] {processor.py:925} INFO - DAG(s) 'urban_data_streaming_demo' retrieved from /opt/airflow/dags/urban_data_streaming_dag.py
[2026-06-29T13:45:01.969+0000] {logging_mixin.py:190} INFO - [2026-06-29T13:45:01.969+0000] {dag.py:3239} INFO - Sync 1 DAGs
[2026-06-29T13:45:01.983+0000] {logging_mixin.py:190} INFO - [2026-06-29T13:45:01.983+0000] {dag.py:4180} INFO - Setting next_dagrun for urban_data_streaming_demo to None, run_after=None
[2026-06-29T13:45:02.007+0000] {processor.py:208} INFO - Processing /opt/airflow/dags/urban_data_streaming_dag.py took 0.166 seconds
[2026-06-29T13:45:32.078+0000] {processor.py:186} INFO - Started process (PID=7158) to work on /opt/airflow/dags/urban_data_streaming_dag.py
[2026-06-29T13:45:32.079+0000] {processor.py:914} INFO - Processing file /opt/airflow/dags/urban_data_streaming_dag.py for tasks to queue
[2026-06-29T13:45:32.082+0000] {logging_mixin.py:190} INFO - [2026-06-29T13:45:32.081+0000] {dagbag.py:588} INFO - Filling up the DagBag from /opt/airflow/dags/urban_data_streaming_dag.py
[2026-06-29T13:45:32.105+0000] {processor.py:925} INFO - DAG(s) 'urban_data_streaming_demo' retrieved from /opt/airflow/dags/urban_data_streaming_dag.py
[2026-06-29T13:45:32.133+0000] {logging_mixin.py:190} INFO - [2026-06-29T13:45:32.133+0000] {dag.py:3239} INFO - Sync 1 DAGs
[2026-06-29T13:45:32.146+0000] {logging_mixin.py:190} INFO - [2026-06-29T13:45:32.146+0000] {dag.py:4180} INFO - Setting next_dagrun for urban_data_streaming_demo to None, run_after=None
[2026-06-29T13:45:32.166+0000] {processor.py:208} INFO - Processing /opt/airflow/dags/urban_data_streaming_dag.py took 0.095 seconds
[2026-06-29T13:46:02.450+0000] {processor.py:186} INFO - Started process (PID=7169) to work on /opt/airflow/dags/urban_data_streaming_dag.py
[2026-06-29T13:46:02.452+0000] {processor.py:914} INFO - Processing file /opt/airflow/dags/urban_data_streaming_dag.py for tasks to queue
[2026-06-29T13:46:02.455+0000] {logging_mixin.py:190} INFO - [2026-06-29T13:46:02.454+0000] {dagbag.py:588} INFO - Filling up the DagBag from /opt/airflow/dags/urban_data_streaming_dag.py
[2026-06-29T13:46:02.500+0000] {processor.py:925} INFO - DAG(s) 'urban_data_streaming_demo' retrieved from /opt/airflow/dags/urban_data_streaming_dag.py
[2026-06-29T13:46:02.531+0000] {logging_mixin.py:190} INFO - [2026-06-29T13:46:02.531+0000] {dag.py:3239} INFO - Sync 1 DAGs
[2026-06-29T13:46:02.544+0000] {logging_mixin.py:190} INFO - [2026-06-29T13:46:02.544+0000] {dag.py:4180} INFO - Setting next_dagrun for urban_data_streaming_demo to None, run_after=None
[2026-06-29T13:46:02.567+0000] {processor.py:208} INFO - Processing /opt/airflow/dags/urban_data_streaming_dag.py took 0.129 seconds
[2026-06-29T13:46:33.016+0000] {processor.py:186} INFO - Started process (PID=7187) to work on /opt/airflow/dags/urban_data_streaming_dag.py
[2026-06-29T13:46:33.018+0000] {processor.py:914} INFO - Processing file /opt/airflow/dags/urban_data_streaming_dag.py for tasks to queue
[2026-06-29T13:46:33.027+0000] {logging_mixin.py:190} INFO - [2026-06-29T13:46:33.025+0000] {dagbag.py:588} INFO - Filling up the DagBag from /opt/airflow/dags/urban_data_streaming_dag.py
[2026-06-29T13:46:33.129+0000] {processor.py:925} INFO - DAG(s) 'urban_data_streaming_demo' retrieved from /opt/airflow/dags/urban_data_streaming_dag.py
[2026-06-29T13:46:33.166+0000] {logging_mixin.py:190} INFO - [2026-06-29T13:46:33.166+0000] {dag.py:3239} INFO - Sync 1 DAGs
[2026-06-29T13:46:33.181+0000] {logging_mixin.py:190} INFO - [2026-06-29T13:46:33.181+0000] {dag.py:4180} INFO - Setting next_dagrun for urban_data_streaming_demo to None, run_after=None
[2026-06-29T13:46:33.225+0000] {processor.py:208} INFO - Processing /opt/airflow/dags/urban_data_streaming_dag.py took 0.224 seconds
[2026-06-29T13:47:03.812+0000] {processor.py:186} INFO - Started process (PID=7205) to work on /opt/airflow/dags/urban_data_streaming_dag.py
[2026-06-29T13:47:03.814+0000] {processor.py:914} INFO - Processing file /opt/airflow/dags/urban_data_streaming_dag.py for tasks to queue
[2026-06-29T13:47:03.819+0000] {logging_mixin.py:190} INFO - [2026-06-29T13:47:03.818+0000] {dagbag.py:588} INFO - Filling up the DagBag from /opt/airflow/dags/urban_data_streaming_dag.py
[2026-06-29T13:47:03.881+0000] {processor.py:925} INFO - DAG(s) 'urban_data_streaming_demo' retrieved from /opt/airflow/dags/urban_data_streaming_dag.py
[2026-06-29T13:47:03.940+0000] {logging_mixin.py:190} INFO - [2026-06-29T13:47:03.940+0000] {dag.py:3239} INFO - Sync 1 DAGs
[2026-06-29T13:47:03.965+0000] {logging_mixin.py:190} INFO - [2026-06-29T13:47:03.964+0000] {dag.py:4180} INFO - Setting next_dagrun for urban_data_streaming_demo to None, run_after=None
[2026-06-29T13:47:04.008+0000] {processor.py:208} INFO - Processing /opt/airflow/dags/urban_data_streaming_dag.py took 0.210 seconds
[2026-06-29T13:47:34.528+0000] {processor.py:186} INFO - Started process (PID=7223) to work on /opt/airflow/dags/urban_data_streaming_dag.py
[2026-06-29T13:47:34.531+0000] {processor.py:914} INFO - Processing file /opt/airflow/dags/urban_data_streaming_dag.py for tasks to queue
[2026-06-29T13:47:34.536+0000] {logging_mixin.py:190} INFO - [2026-06-29T13:47:34.536+0000] {dagbag.py:588} INFO - Filling up the DagBag from /opt/airflow/dags/urban_data_streaming_dag.py
[2026-06-29T13:47:34.608+0000] {processor.py:925} INFO - DAG(s) 'urban_data_streaming_demo' retrieved from /opt/airflow/dags/urban_data_streaming_dag.py
[2026-06-29T13:47:34.664+0000] {logging_mixin.py:190} INFO - [2026-06-29T13:47:34.664+0000] {dag.py:3239} INFO - Sync 1 DAGs
[2026-06-29T13:47:34.679+0000] {logging_mixin.py:190} INFO - [2026-06-29T13:47:34.678+0000] {dag.py:4180} INFO - Setting next_dagrun for urban_data_streaming_demo to None, run_after=None
[2026-06-29T13:47:34.706+0000] {processor.py:208} INFO - Processing /opt/airflow/dags/urban_data_streaming_dag.py took 0.200 seconds
[2026-06-29T13:48:05.338+0000] {processor.py:186} INFO - Started process (PID=7241) to work on /opt/airflow/dags/urban_data_streaming_dag.py
[2026-06-29T13:48:05.341+0000] {processor.py:914} INFO - Processing file /opt/airflow/dags/urban_data_streaming_dag.py for tasks to queue
[2026-06-29T13:48:05.347+0000] {logging_mixin.py:190} INFO - [2026-06-29T13:48:05.346+0000] {dagbag.py:588} INFO - Filling up the DagBag from /opt/airflow/dags/urban_data_streaming_dag.py
[2026-06-29T13:48:05.413+0000] {processor.py:925} INFO - DAG(s) 'urban_data_streaming_demo' retrieved from /opt/airflow/dags/urban_data_streaming_dag.py
[2026-06-29T13:48:05.452+0000] {logging_mixin.py:190} INFO - [2026-06-29T13:48:05.452+0000] {dag.py:3239} INFO - Sync 1 DAGs
[2026-06-29T13:48:05.472+0000] {logging_mixin.py:190} INFO - [2026-06-29T13:48:05.472+0000] {dag.py:4180} INFO - Setting next_dagrun for urban_data_streaming_demo to None, run_after=None
[2026-06-29T13:48:05.508+0000] {processor.py:208} INFO - Processing /opt/airflow/dags/urban_data_streaming_dag.py took 0.186 seconds
[2026-06-29T13:48:35.832+0000] {processor.py:186} INFO - Started process (PID=7259) to work on /opt/airflow/dags/urban_data_streaming_dag.py
[2026-06-29T13:48:35.837+0000] {processor.py:914} INFO - Processing file /opt/airflow/dags/urban_data_streaming_dag.py for tasks to queue
[2026-06-29T13:48:35.849+0000] {logging_mixin.py:190} INFO - [2026-06-29T13:48:35.846+0000] {dagbag.py:588} INFO - Filling up the DagBag from /opt/airflow/dags/urban_data_streaming_dag.py
[2026-06-29T13:48:35.940+0000] {processor.py:925} INFO - DAG(s) 'urban_data_streaming_demo' retrieved from /opt/airflow/dags/urban_data_streaming_dag.py
[2026-06-29T13:48:35.973+0000] {logging_mixin.py:190} INFO - [2026-06-29T13:48:35.972+0000] {dag.py:3239} INFO - Sync 1 DAGs
[2026-06-29T13:48:35.991+0000] {logging_mixin.py:190} INFO - [2026-06-29T13:48:35.991+0000] {dag.py:4180} INFO - Setting next_dagrun for urban_data_streaming_demo to None, run_after=None
[2026-06-29T13:48:36.019+0000] {processor.py:208} INFO - Processing /opt/airflow/dags/urban_data_streaming_dag.py took 0.208 seconds
[2026-06-29T13:49:06.546+0000] {processor.py:186} INFO - Started process (PID=7277) to work on /opt/airflow/dags/urban_data_streaming_dag.py
[2026-06-29T13:49:06.548+0000] {processor.py:914} INFO - Processing file /opt/airflow/dags/urban_data_streaming_dag.py for tasks to queue
[2026-06-29T13:49:06.552+0000] {logging_mixin.py:190} INFO - [2026-06-29T13:49:06.551+0000] {dagbag.py:588} INFO - Filling up the DagBag from /opt/airflow/dags/urban_data_streaming_dag.py
[2026-06-29T13:49:06.599+0000] {processor.py:925} INFO - DAG(s) 'urban_data_streaming_demo' retrieved from /opt/airflow/dags/urban_data_streaming_dag.py
[2026-06-29T13:49:06.634+0000] {logging_mixin.py:190} INFO - [2026-06-29T13:49:06.634+0000] {dag.py:3239} INFO - Sync 1 DAGs
[2026-06-29T13:49:06.647+0000] {logging_mixin.py:190} INFO - [2026-06-29T13:49:06.647+0000] {dag.py:4180} INFO - Setting next_dagrun for urban_data_streaming_demo to None, run_after=None
[2026-06-29T13:49:06.672+0000] {processor.py:208} INFO - Processing /opt/airflow/dags/urban_data_streaming_dag.py took 0.141 seconds
[2026-06-29T13:49:37.092+0000] {processor.py:186} INFO - Started process (PID=7295) to work on /opt/airflow/dags/urban_data_streaming_dag.py
[2026-06-29T13:49:37.095+0000] {processor.py:914} INFO - Processing file /opt/airflow/dags/urban_data_streaming_dag.py for tasks to queue
[2026-06-29T13:49:37.100+0000] {logging_mixin.py:190} INFO - [2026-06-29T13:49:37.099+0000] {dagbag.py:588} INFO - Filling up the DagBag from /opt/airflow/dags/urban_data_streaming_dag.py
[2026-06-29T13:49:37.145+0000] {processor.py:925} INFO - DAG(s) 'urban_data_streaming_demo' retrieved from /opt/airflow/dags/urban_data_streaming_dag.py
[2026-06-29T13:49:37.192+0000] {logging_mixin.py:190} INFO - [2026-06-29T13:49:37.192+0000] {dag.py:3239} INFO - Sync 1 DAGs
[2026-06-29T13:49:37.222+0000] {logging_mixin.py:190} INFO - [2026-06-29T13:49:37.222+0000] {dag.py:4180} INFO - Setting next_dagrun for urban_data_streaming_demo to None, run_after=None
[2026-06-29T13:49:37.291+0000] {processor.py:208} INFO - Processing /opt/airflow/dags/urban_data_streaming_dag.py took 0.221 seconds
[2026-06-29T13:50:07.675+0000] {processor.py:186} INFO - Started process (PID=7312) to work on /opt/airflow/dags/urban_data_streaming_dag.py
[2026-06-29T13:50:07.678+0000] {processor.py:914} INFO - Processing file /opt/airflow/dags/urban_data_streaming_dag.py for tasks to queue
[2026-06-29T13:50:07.681+0000] {logging_mixin.py:190} INFO - [2026-06-29T13:50:07.680+0000] {dagbag.py:588} INFO - Filling up the DagBag from /opt/airflow/dags/urban_data_streaming_dag.py
[2026-06-29T13:50:07.704+0000] {processor.py:925} INFO - DAG(s) 'urban_data_streaming_demo' retrieved from /opt/airflow/dags/urban_data_streaming_dag.py
[2026-06-29T13:50:07.734+0000] {logging_mixin.py:190} INFO - [2026-06-29T13:50:07.734+0000] {dag.py:3239} INFO - Sync 1 DAGs
[2026-06-29T13:50:07.748+0000] {logging_mixin.py:190} INFO - [2026-06-29T13:50:07.748+0000] {dag.py:4180} INFO - Setting next_dagrun for urban_data_streaming_demo to None, run_after=None
[2026-06-29T13:50:07.772+0000] {processor.py:208} INFO - Processing /opt/airflow/dags/urban_data_streaming_dag.py took 0.103 seconds
[2026-06-29T13:50:38.577+0000] {processor.py:186} INFO - Started process (PID=7323) to work on /opt/airflow/dags/urban_data_streaming_dag.py
[2026-06-29T13:50:38.579+0000] {processor.py:914} INFO - Processing file /opt/airflow/dags/urban_data_streaming_dag.py for tasks to queue
[2026-06-29T13:50:38.582+0000] {logging_mixin.py:190} INFO - [2026-06-29T13:50:38.582+0000] {dagbag.py:588} INFO - Filling up the DagBag from /opt/airflow/dags/urban_data_streaming_dag.py
[2026-06-29T13:50:38.614+0000] {processor.py:925} INFO - DAG(s) 'urban_data_streaming_demo' retrieved from /opt/airflow/dags/urban_data_streaming_dag.py
[2026-06-29T13:50:38.646+0000] {logging_mixin.py:190} INFO - [2026-06-29T13:50:38.646+0000] {dag.py:3239} INFO - Sync 1 DAGs
[2026-06-29T13:50:38.661+0000] {logging_mixin.py:190} INFO - [2026-06-29T13:50:38.661+0000] {dag.py:4180} INFO - Setting next_dagrun for urban_data_streaming_demo to None, run_after=None
[2026-06-29T13:50:38.701+0000] {processor.py:208} INFO - Processing /opt/airflow/dags/urban_data_streaming_dag.py took 0.132 seconds
[2026-06-29T13:51:09.611+0000] {processor.py:186} INFO - Started process (PID=7341) to work on /opt/airflow/dags/urban_data_streaming_dag.py
[2026-06-29T13:51:09.613+0000] {processor.py:914} INFO - Processing file /opt/airflow/dags/urban_data_streaming_dag.py for tasks to queue
[2026-06-29T13:51:09.619+0000] {logging_mixin.py:190} INFO - [2026-06-29T13:51:09.619+0000] {dagbag.py:588} INFO - Filling up the DagBag from /opt/airflow/dags/urban_data_streaming_dag.py
[2026-06-29T13:51:09.716+0000] {processor.py:925} INFO - DAG(s) 'urban_data_streaming_demo' retrieved from /opt/airflow/dags/urban_data_streaming_dag.py
[2026-06-29T13:51:09.764+0000] {logging_mixin.py:190} INFO - [2026-06-29T13:51:09.764+0000] {dag.py:3239} INFO - Sync 1 DAGs
[2026-06-29T13:51:09.789+0000] {logging_mixin.py:190} INFO - [2026-06-29T13:51:09.788+0000] {dag.py:4180} INFO - Setting next_dagrun for urban_data_streaming_demo to None, run_after=None
[2026-06-29T13:51:09.842+0000] {processor.py:208} INFO - Processing /opt/airflow/dags/urban_data_streaming_dag.py took 0.244 seconds
[2026-06-29T13:51:40.374+0000] {processor.py:186} INFO - Started process (PID=7359) to work on /opt/airflow/dags/urban_data_streaming_dag.py
[2026-06-29T13:51:40.377+0000] {processor.py:914} INFO - Processing file /opt/airflow/dags/urban_data_streaming_dag.py for tasks to queue
[2026-06-29T13:51:40.383+0000] {logging_mixin.py:190} INFO - [2026-06-29T13:51:40.383+0000] {dagbag.py:588} INFO - Filling up the DagBag from /opt/airflow/dags/urban_data_streaming_dag.py
[2026-06-29T13:51:40.472+0000] {processor.py:925} INFO - DAG(s) 'urban_data_streaming_demo' retrieved from /opt/airflow/dags/urban_data_streaming_dag.py
[2026-06-29T13:51:40.509+0000] {logging_mixin.py:190} INFO - [2026-06-29T13:51:40.508+0000] {dag.py:3239} INFO - Sync 1 DAGs
[2026-06-29T13:51:40.523+0000] {logging_mixin.py:190} INFO - [2026-06-29T13:51:40.523+0000] {dag.py:4180} INFO - Setting next_dagrun for urban_data_streaming_demo to None, run_after=None
[2026-06-29T13:51:40.553+0000] {processor.py:208} INFO - Processing /opt/airflow/dags/urban_data_streaming_dag.py took 0.202 seconds
[2026-06-29T13:52:11.060+0000] {processor.py:186} INFO - Started process (PID=7377) to work on /opt/airflow/dags/urban_data_streaming_dag.py
[2026-06-29T13:52:11.062+0000] {processor.py:914} INFO - Processing file /opt/airflow/dags/urban_data_streaming_dag.py for tasks to queue
[2026-06-29T13:52:11.066+0000] {logging_mixin.py:190} INFO - [2026-06-29T13:52:11.065+0000] {dagbag.py:588} INFO - Filling up the DagBag from /opt/airflow/dags/urban_data_streaming_dag.py
[2026-06-29T13:52:11.126+0000] {processor.py:925} INFO - DAG(s) 'urban_data_streaming_demo' retrieved from /opt/airflow/dags/urban_data_streaming_dag.py
[2026-06-29T13:52:11.165+0000] {logging_mixin.py:190} INFO - [2026-06-29T13:52:11.165+0000] {dag.py:3239} INFO - Sync 1 DAGs
[2026-06-29T13:52:11.189+0000] {logging_mixin.py:190} INFO - [2026-06-29T13:52:11.189+0000] {dag.py:4180} INFO - Setting next_dagrun for urban_data_streaming_demo to None, run_after=None
[2026-06-29T13:52:11.230+0000] {processor.py:208} INFO - Processing /opt/airflow/dags/urban_data_streaming_dag.py took 0.185 seconds
[2026-06-29T13:52:42.207+0000] {processor.py:186} INFO - Started process (PID=7396) to work on /opt/airflow/dags/urban_data_streaming_dag.py
[2026-06-29T13:52:42.210+0000] {processor.py:914} INFO - Processing file /opt/airflow/dags/urban_data_streaming_dag.py for tasks to queue
[2026-06-29T13:52:42.217+0000] {logging_mixin.py:190} INFO - [2026-06-29T13:52:42.216+0000] {dagbag.py:588} INFO - Filling up the DagBag from /opt/airflow/dags/urban_data_streaming_dag.py
[2026-06-29T13:52:42.319+0000] {processor.py:925} INFO - DAG(s) 'urban_data_streaming_demo' retrieved from /opt/airflow/dags/urban_data_streaming_dag.py
[2026-06-29T13:52:42.376+0000] {logging_mixin.py:190} INFO - [2026-06-29T13:52:42.376+0000] {dag.py:3239} INFO - Sync 1 DAGs
[2026-06-29T13:52:42.397+0000] {logging_mixin.py:190} INFO - [2026-06-29T13:52:42.396+0000] {dag.py:4180} INFO - Setting next_dagrun for urban_data_streaming_demo to None, run_after=None
[2026-06-29T13:52:42.433+0000] {processor.py:208} INFO - Processing /opt/airflow/dags/urban_data_streaming_dag.py took 0.243 seconds
[2026-06-29T13:53:13.290+0000] {processor.py:186} INFO - Started process (PID=7414) to work on /opt/airflow/dags/urban_data_streaming_dag.py
[2026-06-29T13:53:13.292+0000] {processor.py:914} INFO - Processing file /opt/airflow/dags/urban_data_streaming_dag.py for tasks to queue
[2026-06-29T13:53:13.295+0000] {logging_mixin.py:190} INFO - [2026-06-29T13:53:13.294+0000] {dagbag.py:588} INFO - Filling up the DagBag from /opt/airflow/dags/urban_data_streaming_dag.py
[2026-06-29T13:53:13.326+0000] {processor.py:925} INFO - DAG(s) 'urban_data_streaming_demo' retrieved from /opt/airflow/dags/urban_data_streaming_dag.py
[2026-06-29T13:53:13.354+0000] {logging_mixin.py:190} INFO - [2026-06-29T13:53:13.354+0000] {dag.py:3239} INFO - Sync 1 DAGs
[2026-06-29T13:53:13.369+0000] {logging_mixin.py:190} INFO - [2026-06-29T13:53:13.369+0000] {dag.py:4180} INFO - Setting next_dagrun for urban_data_streaming_demo to None, run_after=None
[2026-06-29T13:53:13.404+0000] {processor.py:208} INFO - Processing /opt/airflow/dags/urban_data_streaming_dag.py took 0.126 seconds
[2026-06-29T13:53:43.641+0000] {processor.py:186} INFO - Started process (PID=7432) to work on /opt/airflow/dags/urban_data_streaming_dag.py
[2026-06-29T13:53:43.646+0000] {processor.py:914} INFO - Processing file /opt/airflow/dags/urban_data_streaming_dag.py for tasks to queue
[2026-06-29T13:53:43.651+0000] {logging_mixin.py:190} INFO - [2026-06-29T13:53:43.650+0000] {dagbag.py:588} INFO - Filling up the DagBag from /opt/airflow/dags/urban_data_streaming_dag.py
[2026-06-29T13:53:43.737+0000] {processor.py:925} INFO - DAG(s) 'urban_data_streaming_demo' retrieved from /opt/airflow/dags/urban_data_streaming_dag.py
[2026-06-29T13:53:43.768+0000] {logging_mixin.py:190} INFO - [2026-06-29T13:53:43.768+0000] {dag.py:3239} INFO - Sync 1 DAGs
[2026-06-29T13:53:43.784+0000] {logging_mixin.py:190} INFO - [2026-06-29T13:53:43.783+0000] {dag.py:4180} INFO - Setting next_dagrun for urban_data_streaming_demo to None, run_after=None
[2026-06-29T13:53:43.812+0000] {processor.py:208} INFO - Processing /opt/airflow/dags/urban_data_streaming_dag.py took 0.205 seconds
[2026-06-29T13:54:14.119+0000] {processor.py:186} INFO - Started process (PID=7450) to work on /opt/airflow/dags/urban_data_streaming_dag.py
[2026-06-29T13:54:14.121+0000] {processor.py:914} INFO - Processing file /opt/airflow/dags/urban_data_streaming_dag.py for tasks to queue
[2026-06-29T13:54:14.124+0000] {logging_mixin.py:190} INFO - [2026-06-29T13:54:14.124+0000] {dagbag.py:588} INFO - Filling up the DagBag from /opt/airflow/dags/urban_data_streaming_dag.py
[2026-06-29T13:54:14.160+0000] {processor.py:925} INFO - DAG(s) 'urban_data_streaming_demo' retrieved from /opt/airflow/dags/urban_data_streaming_dag.py
[2026-06-29T13:54:14.205+0000] {logging_mixin.py:190} INFO - [2026-06-29T13:54:14.205+0000] {dag.py:3239} INFO - Sync 1 DAGs
[2026-06-29T13:54:14.219+0000] {logging_mixin.py:190} INFO - [2026-06-29T13:54:14.219+0000] {dag.py:4180} INFO - Setting next_dagrun for urban_data_streaming_demo to None, run_after=None
[2026-06-29T13:54:14.242+0000] {processor.py:208} INFO - Processing /opt/airflow/dags/urban_data_streaming_dag.py took 0.138 seconds
[2026-06-29T13:54:45.119+0000] {processor.py:186} INFO - Started process (PID=7468) to work on /opt/airflow/dags/urban_data_streaming_dag.py
[2026-06-29T13:54:45.121+0000] {processor.py:914} INFO - Processing file /opt/airflow/dags/urban_data_streaming_dag.py for tasks to queue
[2026-06-29T13:54:45.128+0000] {logging_mixin.py:190} INFO - [2026-06-29T13:54:45.128+0000] {dagbag.py:588} INFO - Filling up the DagBag from /opt/airflow/dags/urban_data_streaming_dag.py
[2026-06-29T13:54:45.211+0000] {processor.py:925} INFO - DAG(s) 'urban_data_streaming_demo' retrieved from /opt/airflow/dags/urban_data_streaming_dag.py
[2026-06-29T13:54:45.280+0000] {logging_mixin.py:190} INFO - [2026-06-29T13:54:45.279+0000] {dag.py:3239} INFO - Sync 1 DAGs
[2026-06-29T13:54:45.314+0000] {logging_mixin.py:190} INFO - [2026-06-29T13:54:45.313+0000] {dag.py:4180} INFO - Setting next_dagrun for urban_data_streaming_demo to None, run_after=None
[2026-06-29T13:54:45.363+0000] {processor.py:208} INFO - Processing /opt/airflow/dags/urban_data_streaming_dag.py took 0.253 seconds
[2026-06-29T13:55:15.757+0000] {processor.py:186} INFO - Started process (PID=7486) to work on /opt/airflow/dags/urban_data_streaming_dag.py
[2026-06-29T13:55:15.761+0000] {processor.py:914} INFO - Processing file /opt/airflow/dags/urban_data_streaming_dag.py for tasks to queue
[2026-06-29T13:55:15.770+0000] {logging_mixin.py:190} INFO - [2026-06-29T13:55:15.769+0000] {dagbag.py:588} INFO - Filling up the DagBag from /opt/airflow/dags/urban_data_streaming_dag.py
[2026-06-29T13:55:15.863+0000] {processor.py:925} INFO - DAG(s) 'urban_data_streaming_demo' retrieved from /opt/airflow/dags/urban_data_streaming_dag.py
[2026-06-29T13:55:15.901+0000] {logging_mixin.py:190} INFO - [2026-06-29T13:55:15.901+0000] {dag.py:3239} INFO - Sync 1 DAGs
[2026-06-29T13:55:15.917+0000] {logging_mixin.py:190} INFO - [2026-06-29T13:55:15.917+0000] {dag.py:4180} INFO - Setting next_dagrun for urban_data_streaming_demo to None, run_after=None
[2026-06-29T13:55:15.952+0000] {processor.py:208} INFO - Processing /opt/airflow/dags/urban_data_streaming_dag.py took 0.220 seconds
[2026-06-29T13:55:46.400+0000] {processor.py:186} INFO - Started process (PID=7503) to work on /opt/airflow/dags/urban_data_streaming_dag.py
[2026-06-29T13:55:46.402+0000] {processor.py:914} INFO - Processing file /opt/airflow/dags/urban_data_streaming_dag.py for tasks to queue
[2026-06-29T13:55:46.406+0000] {logging_mixin.py:190} INFO - [2026-06-29T13:55:46.406+0000] {dagbag.py:588} INFO - Filling up the DagBag from /opt/airflow/dags/urban_data_streaming_dag.py
[2026-06-29T13:55:46.448+0000] {processor.py:925} INFO - DAG(s) 'urban_data_streaming_demo' retrieved from /opt/airflow/dags/urban_data_streaming_dag.py
[2026-06-29T13:55:46.476+0000] {logging_mixin.py:190} INFO - [2026-06-29T13:55:46.476+0000] {dag.py:3239} INFO - Sync 1 DAGs
[2026-06-29T13:55:46.490+0000] {logging_mixin.py:190} INFO - [2026-06-29T13:55:46.490+0000] {dag.py:4180} INFO - Setting next_dagrun for urban_data_streaming_demo to None, run_after=None
[2026-06-29T13:55:46.515+0000] {processor.py:208} INFO - Processing /opt/airflow/dags/urban_data_streaming_dag.py took 0.122 seconds
[2026-06-29T13:56:17.051+0000] {processor.py:186} INFO - Started process (PID=7514) to work on /opt/airflow/dags/urban_data_streaming_dag.py
[2026-06-29T13:56:17.053+0000] {processor.py:914} INFO - Processing file /opt/airflow/dags/urban_data_streaming_dag.py for tasks to queue
[2026-06-29T13:56:17.059+0000] {logging_mixin.py:190} INFO - [2026-06-29T13:56:17.059+0000] {dagbag.py:588} INFO - Filling up the DagBag from /opt/airflow/dags/urban_data_streaming_dag.py
[2026-06-29T13:56:17.142+0000] {processor.py:925} INFO - DAG(s) 'urban_data_streaming_demo' retrieved from /opt/airflow/dags/urban_data_streaming_dag.py
[2026-06-29T13:56:17.178+0000] {logging_mixin.py:190} INFO - [2026-06-29T13:56:17.178+0000] {dag.py:3239} INFO - Sync 1 DAGs
[2026-06-29T13:56:17.192+0000] {logging_mixin.py:190} INFO - [2026-06-29T13:56:17.192+0000] {dag.py:4180} INFO - Setting next_dagrun for urban_data_streaming_demo to None, run_after=None
[2026-06-29T13:56:17.220+0000] {processor.py:208} INFO - Processing /opt/airflow/dags/urban_data_streaming_dag.py took 0.187 seconds
[2026-06-29T13:56:47.541+0000] {processor.py:186} INFO - Started process (PID=7532) to work on /opt/airflow/dags/urban_data_streaming_dag.py
[2026-06-29T13:56:47.542+0000] {processor.py:914} INFO - Processing file /opt/airflow/dags/urban_data_streaming_dag.py for tasks to queue
[2026-06-29T13:56:47.545+0000] {logging_mixin.py:190} INFO - [2026-06-29T13:56:47.545+0000] {dagbag.py:588} INFO - Filling up the DagBag from /opt/airflow/dags/urban_data_streaming_dag.py
[2026-06-29T13:56:47.573+0000] {processor.py:925} INFO - DAG(s) 'urban_data_streaming_demo' retrieved from /opt/airflow/dags/urban_data_streaming_dag.py
[2026-06-29T13:56:47.602+0000] {logging_mixin.py:190} INFO - [2026-06-29T13:56:47.602+0000] {dag.py:3239} INFO - Sync 1 DAGs
[2026-06-29T13:56:47.616+0000] {logging_mixin.py:190} INFO - [2026-06-29T13:56:47.616+0000] {dag.py:4180} INFO - Setting next_dagrun for urban_data_streaming_demo to None, run_after=None
[2026-06-29T13:56:47.638+0000] {processor.py:208} INFO - Processing /opt/airflow/dags/urban_data_streaming_dag.py took 0.104 seconds
[2026-06-29T13:57:17.875+0000] {processor.py:186} INFO - Started process (PID=7550) to work on /opt/airflow/dags/urban_data_streaming_dag.py
[2026-06-29T13:57:17.878+0000] {processor.py:914} INFO - Processing file /opt/airflow/dags/urban_data_streaming_dag.py for tasks to queue
[2026-06-29T13:57:17.884+0000] {logging_mixin.py:190} INFO - [2026-06-29T13:57:17.883+0000] {dagbag.py:588} INFO - Filling up the DagBag from /opt/airflow/dags/urban_data_streaming_dag.py
[2026-06-29T13:57:17.994+0000] {processor.py:925} INFO - DAG(s) 'urban_data_streaming_demo' retrieved from /opt/airflow/dags/urban_data_streaming_dag.py
[2026-06-29T13:57:18.052+0000] {logging_mixin.py:190} INFO - [2026-06-29T13:57:18.052+0000] {dag.py:3239} INFO - Sync 1 DAGs
[2026-06-29T13:57:18.067+0000] {logging_mixin.py:190} INFO - [2026-06-29T13:57:18.067+0000] {dag.py:4180} INFO - Setting next_dagrun for urban_data_streaming_demo to None, run_after=None
[2026-06-29T13:57:18.098+0000] {processor.py:208} INFO - Processing /opt/airflow/dags/urban_data_streaming_dag.py took 0.243 seconds
[2026-06-29T13:57:48.465+0000] {processor.py:186} INFO - Started process (PID=7568) to work on /opt/airflow/dags/urban_data_streaming_dag.py
[2026-06-29T13:57:48.466+0000] {processor.py:914} INFO - Processing file /opt/airflow/dags/urban_data_streaming_dag.py for tasks to queue
[2026-06-29T13:57:48.469+0000] {logging_mixin.py:190} INFO - [2026-06-29T13:57:48.469+0000] {dagbag.py:588} INFO - Filling up the DagBag from /opt/airflow/dags/urban_data_streaming_dag.py
[2026-06-29T13:57:48.493+0000] {processor.py:925} INFO - DAG(s) 'urban_data_streaming_demo' retrieved from /opt/airflow/dags/urban_data_streaming_dag.py
[2026-06-29T13:57:48.521+0000] {logging_mixin.py:190} INFO - [2026-06-29T13:57:48.521+0000] {dag.py:3239} INFO - Sync 1 DAGs
[2026-06-29T13:57:48.535+0000] {logging_mixin.py:190} INFO - [2026-06-29T13:57:48.535+0000] {dag.py:4180} INFO - Setting next_dagrun for urban_data_streaming_demo to None, run_after=None
[2026-06-29T13:57:48.555+0000] {processor.py:208} INFO - Processing /opt/airflow/dags/urban_data_streaming_dag.py took 0.099 seconds
[2026-06-29T13:58:18.869+0000] {processor.py:186} INFO - Started process (PID=7586) to work on /opt/airflow/dags/urban_data_streaming_dag.py
[2026-06-29T13:58:18.872+0000] {processor.py:914} INFO - Processing file /opt/airflow/dags/urban_data_streaming_dag.py for tasks to queue
[2026-06-29T13:58:18.877+0000] {logging_mixin.py:190} INFO - [2026-06-29T13:58:18.876+0000] {dagbag.py:588} INFO - Filling up the DagBag from /opt/airflow/dags/urban_data_streaming_dag.py
[2026-06-29T13:58:18.905+0000] {processor.py:925} INFO - DAG(s) 'urban_data_streaming_demo' retrieved from /opt/airflow/dags/urban_data_streaming_dag.py
[2026-06-29T13:58:18.935+0000] {logging_mixin.py:190} INFO - [2026-06-29T13:58:18.935+0000] {dag.py:3239} INFO - Sync 1 DAGs
[2026-06-29T13:58:18.950+0000] {logging_mixin.py:190} INFO - [2026-06-29T13:58:18.950+0000] {dag.py:4180} INFO - Setting next_dagrun for urban_data_streaming_demo to None, run_after=None
[2026-06-29T13:58:18.973+0000] {processor.py:208} INFO - Processing /opt/airflow/dags/urban_data_streaming_dag.py took 0.113 seconds
[2026-06-29T13:58:49.819+0000] {processor.py:186} INFO - Started process (PID=7604) to work on /opt/airflow/dags/urban_data_streaming_dag.py
[2026-06-29T13:58:49.821+0000] {processor.py:914} INFO - Processing file /opt/airflow/dags/urban_data_streaming_dag.py for tasks to queue
[2026-06-29T13:58:49.826+0000] {logging_mixin.py:190} INFO - [2026-06-29T13:58:49.826+0000] {dagbag.py:588} INFO - Filling up the DagBag from /opt/airflow/dags/urban_data_streaming_dag.py
[2026-06-29T13:58:49.934+0000] {processor.py:925} INFO - DAG(s) 'urban_data_streaming_demo' retrieved from /opt/airflow/dags/urban_data_streaming_dag.py
[2026-06-29T13:58:49.995+0000] {logging_mixin.py:190} INFO - [2026-06-29T13:58:49.994+0000] {dag.py:3239} INFO - Sync 1 DAGs
[2026-06-29T13:58:50.010+0000] {logging_mixin.py:190} INFO - [2026-06-29T13:58:50.009+0000] {dag.py:4180} INFO - Setting next_dagrun for urban_data_streaming_demo to None, run_after=None
[2026-06-29T13:58:50.033+0000] {processor.py:208} INFO - Processing /opt/airflow/dags/urban_data_streaming_dag.py took 0.232 seconds
[2026-06-29T13:59:20.627+0000] {processor.py:186} INFO - Started process (PID=7622) to work on /opt/airflow/dags/urban_data_streaming_dag.py
[2026-06-29T13:59:20.631+0000] {processor.py:914} INFO - Processing file /opt/airflow/dags/urban_data_streaming_dag.py for tasks to queue
[2026-06-29T13:59:20.640+0000] {logging_mixin.py:190} INFO - [2026-06-29T13:59:20.639+0000] {dagbag.py:588} INFO - Filling up the DagBag from /opt/airflow/dags/urban_data_streaming_dag.py
[2026-06-29T13:59:20.748+0000] {processor.py:925} INFO - DAG(s) 'urban_data_streaming_demo' retrieved from /opt/airflow/dags/urban_data_streaming_dag.py
[2026-06-29T13:59:20.799+0000] {logging_mixin.py:190} INFO - [2026-06-29T13:59:20.799+0000] {dag.py:3239} INFO - Sync 1 DAGs
[2026-06-29T13:59:20.819+0000] {logging_mixin.py:190} INFO - [2026-06-29T13:59:20.819+0000] {dag.py:4180} INFO - Setting next_dagrun for urban_data_streaming_demo to None, run_after=None
[2026-06-29T13:59:20.846+0000] {processor.py:208} INFO - Processing /opt/airflow/dags/urban_data_streaming_dag.py took 0.242 seconds
[2026-06-29T13:59:51.690+0000] {processor.py:186} INFO - Started process (PID=7640) to work on /opt/airflow/dags/urban_data_streaming_dag.py
[2026-06-29T13:59:51.693+0000] {processor.py:914} INFO - Processing file /opt/airflow/dags/urban_data_streaming_dag.py for tasks to queue
[2026-06-29T13:59:51.701+0000] {logging_mixin.py:190} INFO - [2026-06-29T13:59:51.699+0000] {dagbag.py:588} INFO - Filling up the DagBag from /opt/airflow/dags/urban_data_streaming_dag.py
[2026-06-29T13:59:51.783+0000] {processor.py:925} INFO - DAG(s) 'urban_data_streaming_demo' retrieved from /opt/airflow/dags/urban_data_streaming_dag.py
[2026-06-29T13:59:51.821+0000] {logging_mixin.py:190} INFO - [2026-06-29T13:59:51.821+0000] {dag.py:3239} INFO - Sync 1 DAGs
[2026-06-29T13:59:51.835+0000] {logging_mixin.py:190} INFO - [2026-06-29T13:59:51.835+0000] {dag.py:4180} INFO - Setting next_dagrun for urban_data_streaming_demo to None, run_after=None
[2026-06-29T13:59:51.857+0000] {processor.py:208} INFO - Processing /opt/airflow/dags/urban_data_streaming_dag.py took 0.194 seconds
[2026-06-29T14:00:22.617+0000] {processor.py:186} INFO - Started process (PID=7658) to work on /opt/airflow/dags/urban_data_streaming_dag.py
[2026-06-29T14:00:22.620+0000] {processor.py:914} INFO - Processing file /opt/airflow/dags/urban_data_streaming_dag.py for tasks to queue
[2026-06-29T14:00:22.625+0000] {logging_mixin.py:190} INFO - [2026-06-29T14:00:22.624+0000] {dagbag.py:588} INFO - Filling up the DagBag from /opt/airflow/dags/urban_data_streaming_dag.py
[2026-06-29T14:00:22.719+0000] {processor.py:925} INFO - DAG(s) 'urban_data_streaming_demo' retrieved from /opt/airflow/dags/urban_data_streaming_dag.py
[2026-06-29T14:00:22.769+0000] {logging_mixin.py:190} INFO - [2026-06-29T14:00:22.769+0000] {dag.py:3239} INFO - Sync 1 DAGs
[2026-06-29T14:00:22.786+0000] {logging_mixin.py:190} INFO - [2026-06-29T14:00:22.786+0000] {dag.py:4180} INFO - Setting next_dagrun for urban_data_streaming_demo to None, run_after=None
[2026-06-29T14:00:22.822+0000] {processor.py:208} INFO - Processing /opt/airflow/dags/urban_data_streaming_dag.py took 0.221 seconds
[2026-06-29T14:00:53.025+0000] {processor.py:186} INFO - Started process (PID=7675) to work on /opt/airflow/dags/urban_data_streaming_dag.py
[2026-06-29T14:00:53.026+0000] {processor.py:914} INFO - Processing file /opt/airflow/dags/urban_data_streaming_dag.py for tasks to queue
[2026-06-29T14:00:53.029+0000] {logging_mixin.py:190} INFO - [2026-06-29T14:00:53.029+0000] {dagbag.py:588} INFO - Filling up the DagBag from /opt/airflow/dags/urban_data_streaming_dag.py
[2026-06-29T14:00:53.052+0000] {processor.py:925} INFO - DAG(s) 'urban_data_streaming_demo' retrieved from /opt/airflow/dags/urban_data_streaming_dag.py
[2026-06-29T14:00:53.081+0000] {logging_mixin.py:190} INFO - [2026-06-29T14:00:53.081+0000] {dag.py:3239} INFO - Sync 1 DAGs
[2026-06-29T14:00:53.096+0000] {logging_mixin.py:190} INFO - [2026-06-29T14:00:53.096+0000] {dag.py:4180} INFO - Setting next_dagrun for urban_data_streaming_demo to None, run_after=None
[2026-06-29T14:00:53.117+0000] {processor.py:208} INFO - Processing /opt/airflow/dags/urban_data_streaming_dag.py took 0.098 seconds
[2026-06-29T14:01:24.070+0000] {processor.py:186} INFO - Started process (PID=7686) to work on /opt/airflow/dags/urban_data_streaming_dag.py
[2026-06-29T14:01:24.072+0000] {processor.py:914} INFO - Processing file /opt/airflow/dags/urban_data_streaming_dag.py for tasks to queue
[2026-06-29T14:01:24.079+0000] {logging_mixin.py:190} INFO - [2026-06-29T14:01:24.078+0000] {dagbag.py:588} INFO - Filling up the DagBag from /opt/airflow/dags/urban_data_streaming_dag.py
[2026-06-29T14:01:24.148+0000] {processor.py:925} INFO - DAG(s) 'urban_data_streaming_demo' retrieved from /opt/airflow/dags/urban_data_streaming_dag.py
[2026-06-29T14:01:24.194+0000] {logging_mixin.py:190} INFO - [2026-06-29T14:01:24.194+0000] {dag.py:3239} INFO - Sync 1 DAGs
[2026-06-29T14:01:24.208+0000] {logging_mixin.py:190} INFO - [2026-06-29T14:01:24.207+0000] {dag.py:4180} INFO - Setting next_dagrun for urban_data_streaming_demo to None, run_after=None
[2026-06-29T14:01:24.235+0000] {processor.py:208} INFO - Processing /opt/airflow/dags/urban_data_streaming_dag.py took 0.188 seconds
[2026-06-29T14:01:55.086+0000] {processor.py:186} INFO - Started process (PID=7704) to work on /opt/airflow/dags/urban_data_streaming_dag.py
[2026-06-29T14:01:55.088+0000] {processor.py:914} INFO - Processing file /opt/airflow/dags/urban_data_streaming_dag.py for tasks to queue
[2026-06-29T14:01:55.092+0000] {logging_mixin.py:190} INFO - [2026-06-29T14:01:55.091+0000] {dagbag.py:588} INFO - Filling up the DagBag from /opt/airflow/dags/urban_data_streaming_dag.py
[2026-06-29T14:01:55.119+0000] {processor.py:925} INFO - DAG(s) 'urban_data_streaming_demo' retrieved from /opt/airflow/dags/urban_data_streaming_dag.py
[2026-06-29T14:01:55.161+0000] {logging_mixin.py:190} INFO - [2026-06-29T14:01:55.160+0000] {dag.py:3239} INFO - Sync 1 DAGs
[2026-06-29T14:01:55.185+0000] {logging_mixin.py:190} INFO - [2026-06-29T14:01:55.185+0000] {dag.py:4180} INFO - Setting next_dagrun for urban_data_streaming_demo to None, run_after=None
[2026-06-29T14:01:55.229+0000] {processor.py:208} INFO - Processing /opt/airflow/dags/urban_data_streaming_dag.py took 0.151 seconds
[2026-06-29T14:02:26.281+0000] {processor.py:186} INFO - Started process (PID=7722) to work on /opt/airflow/dags/urban_data_streaming_dag.py
[2026-06-29T14:02:26.289+0000] {processor.py:914} INFO - Processing file /opt/airflow/dags/urban_data_streaming_dag.py for tasks to queue
[2026-06-29T14:02:26.293+0000] {logging_mixin.py:190} INFO - [2026-06-29T14:02:26.293+0000] {dagbag.py:588} INFO - Filling up the DagBag from /opt/airflow/dags/urban_data_streaming_dag.py
[2026-06-29T14:02:26.353+0000] {processor.py:925} INFO - DAG(s) 'urban_data_streaming_demo' retrieved from /opt/airflow/dags/urban_data_streaming_dag.py
[2026-06-29T14:02:26.393+0000] {logging_mixin.py:190} INFO - [2026-06-29T14:02:26.393+0000] {dag.py:3239} INFO - Sync 1 DAGs
[2026-06-29T14:02:26.411+0000] {logging_mixin.py:190} INFO - [2026-06-29T14:02:26.411+0000] {dag.py:4180} INFO - Setting next_dagrun for urban_data_streaming_demo to None, run_after=None
[2026-06-29T14:02:26.440+0000] {processor.py:208} INFO - Processing /opt/airflow/dags/urban_data_streaming_dag.py took 0.190 seconds
[2026-06-29T14:02:57.338+0000] {processor.py:186} INFO - Started process (PID=7740) to work on /opt/airflow/dags/urban_data_streaming_dag.py
[2026-06-29T14:02:57.341+0000] {processor.py:914} INFO - Processing file /opt/airflow/dags/urban_data_streaming_dag.py for tasks to queue
[2026-06-29T14:02:57.346+0000] {logging_mixin.py:190} INFO - [2026-06-29T14:02:57.345+0000] {dagbag.py:588} INFO - Filling up the DagBag from /opt/airflow/dags/urban_data_streaming_dag.py
[2026-06-29T14:02:57.472+0000] {processor.py:925} INFO - DAG(s) 'urban_data_streaming_demo' retrieved from /opt/airflow/dags/urban_data_streaming_dag.py
[2026-06-29T14:02:57.543+0000] {logging_mixin.py:190} INFO - [2026-06-29T14:02:57.542+0000] {dag.py:3239} INFO - Sync 1 DAGs
[2026-06-29T14:02:57.562+0000] {logging_mixin.py:190} INFO - [2026-06-29T14:02:57.561+0000] {dag.py:4180} INFO - Setting next_dagrun for urban_data_streaming_demo to None, run_after=None
[2026-06-29T14:02:57.586+0000] {processor.py:208} INFO - Processing /opt/airflow/dags/urban_data_streaming_dag.py took 0.267 seconds
[2026-06-29T14:03:27.904+0000] {processor.py:186} INFO - Started process (PID=7758) to work on /opt/airflow/dags/urban_data_streaming_dag.py
[2026-06-29T14:03:27.906+0000] {processor.py:914} INFO - Processing file /opt/airflow/dags/urban_data_streaming_dag.py for tasks to queue
[2026-06-29T14:03:27.909+0000] {logging_mixin.py:190} INFO - [2026-06-29T14:03:27.908+0000] {dagbag.py:588} INFO - Filling up the DagBag from /opt/airflow/dags/urban_data_streaming_dag.py
[2026-06-29T14:03:27.943+0000] {processor.py:925} INFO - DAG(s) 'urban_data_streaming_demo' retrieved from /opt/airflow/dags/urban_data_streaming_dag.py
[2026-06-29T14:03:27.996+0000] {logging_mixin.py:190} INFO - [2026-06-29T14:03:27.995+0000] {dag.py:3239} INFO - Sync 1 DAGs
[2026-06-29T14:03:28.014+0000] {logging_mixin.py:190} INFO - [2026-06-29T14:03:28.014+0000] {dag.py:4180} INFO - Setting next_dagrun for urban_data_streaming_demo to None, run_after=None
[2026-06-29T14:03:28.040+0000] {processor.py:208} INFO - Processing /opt/airflow/dags/urban_data_streaming_dag.py took 0.143 seconds
[2026-06-29T14:03:58.991+0000] {processor.py:186} INFO - Started process (PID=7776) to work on /opt/airflow/dags/urban_data_streaming_dag.py
[2026-06-29T14:03:58.995+0000] {processor.py:914} INFO - Processing file /opt/airflow/dags/urban_data_streaming_dag.py for tasks to queue
[2026-06-29T14:03:59.006+0000] {logging_mixin.py:190} INFO - [2026-06-29T14:03:59.004+0000] {dagbag.py:588} INFO - Filling up the DagBag from /opt/airflow/dags/urban_data_streaming_dag.py
[2026-06-29T14:03:59.099+0000] {processor.py:925} INFO - DAG(s) 'urban_data_streaming_demo' retrieved from /opt/airflow/dags/urban_data_streaming_dag.py
[2026-06-29T14:03:59.134+0000] {logging_mixin.py:190} INFO - [2026-06-29T14:03:59.134+0000] {dag.py:3239} INFO - Sync 1 DAGs
[2026-06-29T14:03:59.149+0000] {logging_mixin.py:190} INFO - [2026-06-29T14:03:59.149+0000] {dag.py:4180} INFO - Setting next_dagrun for urban_data_streaming_demo to None, run_after=None
[2026-06-29T14:03:59.175+0000] {processor.py:208} INFO - Processing /opt/airflow/dags/urban_data_streaming_dag.py took 0.207 seconds
[2026-06-29T14:04:29.372+0000] {processor.py:186} INFO - Started process (PID=7794) to work on /opt/airflow/dags/urban_data_streaming_dag.py
[2026-06-29T14:04:29.374+0000] {processor.py:914} INFO - Processing file /opt/airflow/dags/urban_data_streaming_dag.py for tasks to queue
[2026-06-29T14:04:29.377+0000] {logging_mixin.py:190} INFO - [2026-06-29T14:04:29.376+0000] {dagbag.py:588} INFO - Filling up the DagBag from /opt/airflow/dags/urban_data_streaming_dag.py
[2026-06-29T14:04:29.401+0000] {processor.py:925} INFO - DAG(s) 'urban_data_streaming_demo' retrieved from /opt/airflow/dags/urban_data_streaming_dag.py
[2026-06-29T14:04:29.431+0000] {logging_mixin.py:190} INFO - [2026-06-29T14:04:29.430+0000] {dag.py:3239} INFO - Sync 1 DAGs
[2026-06-29T14:04:29.446+0000] {logging_mixin.py:190} INFO - [2026-06-29T14:04:29.445+0000] {dag.py:4180} INFO - Setting next_dagrun for urban_data_streaming_demo to None, run_after=None
[2026-06-29T14:04:29.473+0000] {processor.py:208} INFO - Processing /opt/airflow/dags/urban_data_streaming_dag.py took 0.112 seconds
[2026-06-29T14:04:59.664+0000] {processor.py:186} INFO - Started process (PID=7812) to work on /opt/airflow/dags/urban_data_streaming_dag.py
[2026-06-29T14:04:59.666+0000] {processor.py:914} INFO - Processing file /opt/airflow/dags/urban_data_streaming_dag.py for tasks to queue
[2026-06-29T14:04:59.670+0000] {logging_mixin.py:190} INFO - [2026-06-29T14:04:59.670+0000] {dagbag.py:588} INFO - Filling up the DagBag from /opt/airflow/dags/urban_data_streaming_dag.py
[2026-06-29T14:04:59.714+0000] {processor.py:925} INFO - DAG(s) 'urban_data_streaming_demo' retrieved from /opt/airflow/dags/urban_data_streaming_dag.py
[2026-06-29T14:04:59.767+0000] {logging_mixin.py:190} INFO - [2026-06-29T14:04:59.767+0000] {dag.py:3239} INFO - Sync 1 DAGs
[2026-06-29T14:04:59.783+0000] {logging_mixin.py:190} INFO - [2026-06-29T14:04:59.783+0000] {dag.py:4180} INFO - Setting next_dagrun for urban_data_streaming_demo to None, run_after=None
[2026-06-29T14:04:59.837+0000] {processor.py:208} INFO - Processing /opt/airflow/dags/urban_data_streaming_dag.py took 0.184 seconds
[2026-06-29T14:05:30.216+0000] {processor.py:186} INFO - Started process (PID=7830) to work on /opt/airflow/dags/urban_data_streaming_dag.py
[2026-06-29T14:05:30.219+0000] {processor.py:914} INFO - Processing file /opt/airflow/dags/urban_data_streaming_dag.py for tasks to queue
[2026-06-29T14:05:30.224+0000] {logging_mixin.py:190} INFO - [2026-06-29T14:05:30.223+0000] {dagbag.py:588} INFO - Filling up the DagBag from /opt/airflow/dags/urban_data_streaming_dag.py
[2026-06-29T14:05:30.260+0000] {processor.py:925} INFO - DAG(s) 'urban_data_streaming_demo' retrieved from /opt/airflow/dags/urban_data_streaming_dag.py
[2026-06-29T14:05:30.321+0000] {logging_mixin.py:190} INFO - [2026-06-29T14:05:30.321+0000] {dag.py:3239} INFO - Sync 1 DAGs
[2026-06-29T14:05:30.346+0000] {logging_mixin.py:190} INFO - [2026-06-29T14:05:30.346+0000] {dag.py:4180} INFO - Setting next_dagrun for urban_data_streaming_demo to None, run_after=None
[2026-06-29T14:05:30.401+0000] {processor.py:208} INFO - Processing /opt/airflow/dags/urban_data_streaming_dag.py took 0.202 seconds
[2026-06-29T14:06:01.307+0000] {processor.py:186} INFO - Started process (PID=7848) to work on /opt/airflow/dags/urban_data_streaming_dag.py
[2026-06-29T14:06:01.309+0000] {processor.py:914} INFO - Processing file /opt/airflow/dags/urban_data_streaming_dag.py for tasks to queue
[2026-06-29T14:06:01.320+0000] {logging_mixin.py:190} INFO - [2026-06-29T14:06:01.319+0000] {dagbag.py:588} INFO - Filling up the DagBag from /opt/airflow/dags/urban_data_streaming_dag.py
[2026-06-29T14:06:01.370+0000] {processor.py:925} INFO - DAG(s) 'urban_data_streaming_demo' retrieved from /opt/airflow/dags/urban_data_streaming_dag.py
[2026-06-29T14:06:01.405+0000] {logging_mixin.py:190} INFO - [2026-06-29T14:06:01.405+0000] {dag.py:3239} INFO - Sync 1 DAGs
[2026-06-29T14:06:01.419+0000] {logging_mixin.py:190} INFO - [2026-06-29T14:06:01.419+0000] {dag.py:4180} INFO - Setting next_dagrun for urban_data_streaming_demo to None, run_after=None
[2026-06-29T14:06:01.443+0000] {processor.py:208} INFO - Processing /opt/airflow/dags/urban_data_streaming_dag.py took 0.156 seconds
[2026-06-29T14:06:32.055+0000] {processor.py:186} INFO - Started process (PID=7865) to work on /opt/airflow/dags/urban_data_streaming_dag.py
[2026-06-29T14:06:32.058+0000] {processor.py:914} INFO - Processing file /opt/airflow/dags/urban_data_streaming_dag.py for tasks to queue
[2026-06-29T14:06:32.063+0000] {logging_mixin.py:190} INFO - [2026-06-29T14:06:32.063+0000] {dagbag.py:588} INFO - Filling up the DagBag from /opt/airflow/dags/urban_data_streaming_dag.py
[2026-06-29T14:06:32.114+0000] {processor.py:925} INFO - DAG(s) 'urban_data_streaming_demo' retrieved from /opt/airflow/dags/urban_data_streaming_dag.py
[2026-06-29T14:06:32.147+0000] {logging_mixin.py:190} INFO - [2026-06-29T14:06:32.147+0000] {dag.py:3239} INFO - Sync 1 DAGs
[2026-06-29T14:06:32.163+0000] {logging_mixin.py:190} INFO - [2026-06-29T14:06:32.162+0000] {dag.py:4180} INFO - Setting next_dagrun for urban_data_streaming_demo to None, run_after=None
[2026-06-29T14:06:32.189+0000] {processor.py:208} INFO - Processing /opt/airflow/dags/urban_data_streaming_dag.py took 0.143 seconds
[2026-06-29T14:07:02.860+0000] {processor.py:186} INFO - Started process (PID=7876) to work on /opt/airflow/dags/urban_data_streaming_dag.py
[2026-06-29T14:07:02.863+0000] {processor.py:914} INFO - Processing file /opt/airflow/dags/urban_data_streaming_dag.py for tasks to queue
[2026-06-29T14:07:02.869+0000] {logging_mixin.py:190} INFO - [2026-06-29T14:07:02.868+0000] {dagbag.py:588} INFO - Filling up the DagBag from /opt/airflow/dags/urban_data_streaming_dag.py
[2026-06-29T14:07:02.973+0000] {processor.py:925} INFO - DAG(s) 'urban_data_streaming_demo' retrieved from /opt/airflow/dags/urban_data_streaming_dag.py
[2026-06-29T14:07:03.011+0000] {logging_mixin.py:190} INFO - [2026-06-29T14:07:03.011+0000] {dag.py:3239} INFO - Sync 1 DAGs
[2026-06-29T14:07:03.027+0000] {logging_mixin.py:190} INFO - [2026-06-29T14:07:03.026+0000] {dag.py:4180} INFO - Setting next_dagrun for urban_data_streaming_demo to None, run_after=None
[2026-06-29T14:07:03.071+0000] {processor.py:208} INFO - Processing /opt/airflow/dags/urban_data_streaming_dag.py took 0.226 seconds
[2026-06-29T14:07:33.997+0000] {processor.py:186} INFO - Started process (PID=7894) to work on /opt/airflow/dags/urban_data_streaming_dag.py
[2026-06-29T14:07:34.000+0000] {processor.py:914} INFO - Processing file /opt/airflow/dags/urban_data_streaming_dag.py for tasks to queue
[2026-06-29T14:07:34.005+0000] {logging_mixin.py:190} INFO - [2026-06-29T14:07:34.004+0000] {dagbag.py:588} INFO - Filling up the DagBag from /opt/airflow/dags/urban_data_streaming_dag.py
[2026-06-29T14:07:34.082+0000] {processor.py:925} INFO - DAG(s) 'urban_data_streaming_demo' retrieved from /opt/airflow/dags/urban_data_streaming_dag.py
[2026-06-29T14:07:34.119+0000] {logging_mixin.py:190} INFO - [2026-06-29T14:07:34.119+0000] {dag.py:3239} INFO - Sync 1 DAGs
[2026-06-29T14:07:34.137+0000] {logging_mixin.py:190} INFO - [2026-06-29T14:07:34.137+0000] {dag.py:4180} INFO - Setting next_dagrun for urban_data_streaming_demo to None, run_after=None
[2026-06-29T14:07:34.181+0000] {processor.py:208} INFO - Processing /opt/airflow/dags/urban_data_streaming_dag.py took 0.197 seconds
[2026-06-29T14:08:04.390+0000] {processor.py:186} INFO - Started process (PID=7912) to work on /opt/airflow/dags/urban_data_streaming_dag.py
[2026-06-29T14:08:04.396+0000] {processor.py:914} INFO - Processing file /opt/airflow/dags/urban_data_streaming_dag.py for tasks to queue
[2026-06-29T14:08:04.404+0000] {logging_mixin.py:190} INFO - [2026-06-29T14:08:04.403+0000] {dagbag.py:588} INFO - Filling up the DagBag from /opt/airflow/dags/urban_data_streaming_dag.py
[2026-06-29T14:08:04.505+0000] {processor.py:925} INFO - DAG(s) 'urban_data_streaming_demo' retrieved from /opt/airflow/dags/urban_data_streaming_dag.py
[2026-06-29T14:08:04.634+0000] {logging_mixin.py:190} INFO - [2026-06-29T14:08:04.634+0000] {dag.py:3239} INFO - Sync 1 DAGs
[2026-06-29T14:08:04.650+0000] {logging_mixin.py:190} INFO - [2026-06-29T14:08:04.650+0000] {dag.py:4180} INFO - Setting next_dagrun for urban_data_streaming_demo to None, run_after=None
[2026-06-29T14:08:04.682+0000] {processor.py:208} INFO - Processing /opt/airflow/dags/urban_data_streaming_dag.py took 0.317 seconds
[2026-06-29T14:08:34.910+0000] {processor.py:186} INFO - Started process (PID=7930) to work on /opt/airflow/dags/urban_data_streaming_dag.py
[2026-06-29T14:08:34.912+0000] {processor.py:914} INFO - Processing file /opt/airflow/dags/urban_data_streaming_dag.py for tasks to queue
[2026-06-29T14:08:34.914+0000] {logging_mixin.py:190} INFO - [2026-06-29T14:08:34.914+0000] {dagbag.py:588} INFO - Filling up the DagBag from /opt/airflow/dags/urban_data_streaming_dag.py
[2026-06-29T14:08:34.944+0000] {processor.py:925} INFO - DAG(s) 'urban_data_streaming_demo' retrieved from /opt/airflow/dags/urban_data_streaming_dag.py
[2026-06-29T14:08:34.989+0000] {logging_mixin.py:190} INFO - [2026-06-29T14:08:34.989+0000] {dag.py:3239} INFO - Sync 1 DAGs
[2026-06-29T14:08:35.003+0000] {logging_mixin.py:190} INFO - [2026-06-29T14:08:35.002+0000] {dag.py:4180} INFO - Setting next_dagrun for urban_data_streaming_demo to None, run_after=None
[2026-06-29T14:08:35.032+0000] {processor.py:208} INFO - Processing /opt/airflow/dags/urban_data_streaming_dag.py took 0.128 seconds
[2026-06-29T14:09:05.298+0000] {processor.py:186} INFO - Started process (PID=7948) to work on /opt/airflow/dags/urban_data_streaming_dag.py
[2026-06-29T14:09:05.303+0000] {processor.py:914} INFO - Processing file /opt/airflow/dags/urban_data_streaming_dag.py for tasks to queue
[2026-06-29T14:09:05.312+0000] {logging_mixin.py:190} INFO - [2026-06-29T14:09:05.310+0000] {dagbag.py:588} INFO - Filling up the DagBag from /opt/airflow/dags/urban_data_streaming_dag.py
[2026-06-29T14:09:05.417+0000] {processor.py:925} INFO - DAG(s) 'urban_data_streaming_demo' retrieved from /opt/airflow/dags/urban_data_streaming_dag.py
[2026-06-29T14:09:05.454+0000] {logging_mixin.py:190} INFO - [2026-06-29T14:09:05.453+0000] {dag.py:3239} INFO - Sync 1 DAGs
[2026-06-29T14:09:05.468+0000] {logging_mixin.py:190} INFO - [2026-06-29T14:09:05.467+0000] {dag.py:4180} INFO - Setting next_dagrun for urban_data_streaming_demo to None, run_after=None
[2026-06-29T14:09:05.498+0000] {processor.py:208} INFO - Processing /opt/airflow/dags/urban_data_streaming_dag.py took 0.226 seconds
[2026-06-29T14:09:35.681+0000] {processor.py:186} INFO - Started process (PID=7966) to work on /opt/airflow/dags/urban_data_streaming_dag.py
[2026-06-29T14:09:35.685+0000] {processor.py:914} INFO - Processing file /opt/airflow/dags/urban_data_streaming_dag.py for tasks to queue
[2026-06-29T14:09:35.694+0000] {logging_mixin.py:190} INFO - [2026-06-29T14:09:35.694+0000] {dagbag.py:588} INFO - Filling up the DagBag from /opt/airflow/dags/urban_data_streaming_dag.py
[2026-06-29T14:09:35.741+0000] {processor.py:925} INFO - DAG(s) 'urban_data_streaming_demo' retrieved from /opt/airflow/dags/urban_data_streaming_dag.py
[2026-06-29T14:09:35.787+0000] {logging_mixin.py:190} INFO - [2026-06-29T14:09:35.786+0000] {dag.py:3239} INFO - Sync 1 DAGs
[2026-06-29T14:09:35.801+0000] {logging_mixin.py:190} INFO - [2026-06-29T14:09:35.801+0000] {dag.py:4180} INFO - Setting next_dagrun for urban_data_streaming_demo to None, run_after=None
[2026-06-29T14:09:35.828+0000] {processor.py:208} INFO - Processing /opt/airflow/dags/urban_data_streaming_dag.py took 0.173 seconds
[2026-06-29T14:10:06.552+0000] {processor.py:186} INFO - Started process (PID=7984) to work on /opt/airflow/dags/urban_data_streaming_dag.py
[2026-06-29T14:10:06.554+0000] {processor.py:914} INFO - Processing file /opt/airflow/dags/urban_data_streaming_dag.py for tasks to queue
[2026-06-29T14:10:06.558+0000] {logging_mixin.py:190} INFO - [2026-06-29T14:10:06.558+0000] {dagbag.py:588} INFO - Filling up the DagBag from /opt/airflow/dags/urban_data_streaming_dag.py
[2026-06-29T14:10:06.598+0000] {processor.py:925} INFO - DAG(s) 'urban_data_streaming_demo' retrieved from /opt/airflow/dags/urban_data_streaming_dag.py
[2026-06-29T14:10:06.636+0000] {logging_mixin.py:190} INFO - [2026-06-29T14:10:06.636+0000] {dag.py:3239} INFO - Sync 1 DAGs
[2026-06-29T14:10:06.657+0000] {logging_mixin.py:190} INFO - [2026-06-29T14:10:06.657+0000] {dag.py:4180} INFO - Setting next_dagrun for urban_data_streaming_demo to None, run_after=None
[2026-06-29T14:10:06.694+0000] {processor.py:208} INFO - Processing /opt/airflow/dags/urban_data_streaming_dag.py took 0.149 seconds
[2026-06-29T14:10:37.307+0000] {processor.py:186} INFO - Started process (PID=8002) to work on /opt/airflow/dags/urban_data_streaming_dag.py
[2026-06-29T14:10:37.309+0000] {processor.py:914} INFO - Processing file /opt/airflow/dags/urban_data_streaming_dag.py for tasks to queue
[2026-06-29T14:10:37.317+0000] {logging_mixin.py:190} INFO - [2026-06-29T14:10:37.316+0000] {dagbag.py:588} INFO - Filling up the DagBag from /opt/airflow/dags/urban_data_streaming_dag.py
[2026-06-29T14:10:37.357+0000] {processor.py:925} INFO - DAG(s) 'urban_data_streaming_demo' retrieved from /opt/airflow/dags/urban_data_streaming_dag.py
[2026-06-29T14:10:37.419+0000] {logging_mixin.py:190} INFO - [2026-06-29T14:10:37.418+0000] {dag.py:3239} INFO - Sync 1 DAGs
[2026-06-29T14:10:37.437+0000] {logging_mixin.py:190} INFO - [2026-06-29T14:10:37.437+0000] {dag.py:4180} INFO - Setting next_dagrun for urban_data_streaming_demo to None, run_after=None
[2026-06-29T14:10:37.486+0000] {processor.py:208} INFO - Processing /opt/airflow/dags/urban_data_streaming_dag.py took 0.189 seconds
[2026-06-29T14:11:08.084+0000] {processor.py:186} INFO - Started process (PID=8020) to work on /opt/airflow/dags/urban_data_streaming_dag.py
[2026-06-29T14:11:08.086+0000] {processor.py:914} INFO - Processing file /opt/airflow/dags/urban_data_streaming_dag.py for tasks to queue
[2026-06-29T14:11:08.089+0000] {logging_mixin.py:190} INFO - [2026-06-29T14:11:08.089+0000] {dagbag.py:588} INFO - Filling up the DagBag from /opt/airflow/dags/urban_data_streaming_dag.py
[2026-06-29T14:11:08.116+0000] {processor.py:925} INFO - DAG(s) 'urban_data_streaming_demo' retrieved from /opt/airflow/dags/urban_data_streaming_dag.py
[2026-06-29T14:11:08.150+0000] {logging_mixin.py:190} INFO - [2026-06-29T14:11:08.150+0000] {dag.py:3239} INFO - Sync 1 DAGs
[2026-06-29T14:11:08.166+0000] {logging_mixin.py:190} INFO - [2026-06-29T14:11:08.166+0000] {dag.py:4180} INFO - Setting next_dagrun for urban_data_streaming_demo to None, run_after=None
[2026-06-29T14:11:08.190+0000] {processor.py:208} INFO - Processing /opt/airflow/dags/urban_data_streaming_dag.py took 0.112 seconds
[2026-06-29T14:11:38.827+0000] {processor.py:186} INFO - Started process (PID=8038) to work on /opt/airflow/dags/urban_data_streaming_dag.py
[2026-06-29T14:11:38.828+0000] {processor.py:914} INFO - Processing file /opt/airflow/dags/urban_data_streaming_dag.py for tasks to queue
[2026-06-29T14:11:38.832+0000] {logging_mixin.py:190} INFO - [2026-06-29T14:11:38.831+0000] {dagbag.py:588} INFO - Filling up the DagBag from /opt/airflow/dags/urban_data_streaming_dag.py
[2026-06-29T14:11:38.897+0000] {processor.py:925} INFO - DAG(s) 'urban_data_streaming_demo' retrieved from /opt/airflow/dags/urban_data_streaming_dag.py
[2026-06-29T14:11:38.990+0000] {logging_mixin.py:190} INFO - [2026-06-29T14:11:38.989+0000] {dag.py:3239} INFO - Sync 1 DAGs
[2026-06-29T14:11:39.005+0000] {logging_mixin.py:190} INFO - [2026-06-29T14:11:39.005+0000] {dag.py:4180} INFO - Setting next_dagrun for urban_data_streaming_demo to None, run_after=None
[2026-06-29T14:11:39.045+0000] {processor.py:208} INFO - Processing /opt/airflow/dags/urban_data_streaming_dag.py took 0.226 seconds
[2026-06-29T14:12:09.769+0000] {processor.py:186} INFO - Started process (PID=8055) to work on /opt/airflow/dags/urban_data_streaming_dag.py
[2026-06-29T14:12:09.771+0000] {processor.py:914} INFO - Processing file /opt/airflow/dags/urban_data_streaming_dag.py for tasks to queue
[2026-06-29T14:12:09.779+0000] {logging_mixin.py:190} INFO - [2026-06-29T14:12:09.778+0000] {dagbag.py:588} INFO - Filling up the DagBag from /opt/airflow/dags/urban_data_streaming_dag.py
[2026-06-29T14:12:09.871+0000] {processor.py:925} INFO - DAG(s) 'urban_data_streaming_demo' retrieved from /opt/airflow/dags/urban_data_streaming_dag.py
[2026-06-29T14:12:09.926+0000] {logging_mixin.py:190} INFO - [2026-06-29T14:12:09.926+0000] {dag.py:3239} INFO - Sync 1 DAGs
[2026-06-29T14:12:09.948+0000] {logging_mixin.py:190} INFO - [2026-06-29T14:12:09.948+0000] {dag.py:4180} INFO - Setting next_dagrun for urban_data_streaming_demo to None, run_after=None
[2026-06-29T14:12:09.979+0000] {processor.py:208} INFO - Processing /opt/airflow/dags/urban_data_streaming_dag.py took 0.217 seconds
[2026-06-29T14:12:40.766+0000] {processor.py:186} INFO - Started process (PID=8066) to work on /opt/airflow/dags/urban_data_streaming_dag.py
[2026-06-29T14:12:40.771+0000] {processor.py:914} INFO - Processing file /opt/airflow/dags/urban_data_streaming_dag.py for tasks to queue
[2026-06-29T14:12:40.782+0000] {logging_mixin.py:190} INFO - [2026-06-29T14:12:40.781+0000] {dagbag.py:588} INFO - Filling up the DagBag from /opt/airflow/dags/urban_data_streaming_dag.py
[2026-06-29T14:12:40.823+0000] {processor.py:925} INFO - DAG(s) 'urban_data_streaming_demo' retrieved from /opt/airflow/dags/urban_data_streaming_dag.py
[2026-06-29T14:12:40.862+0000] {logging_mixin.py:190} INFO - [2026-06-29T14:12:40.861+0000] {dag.py:3239} INFO - Sync 1 DAGs
[2026-06-29T14:12:40.878+0000] {logging_mixin.py:190} INFO - [2026-06-29T14:12:40.878+0000] {dag.py:4180} INFO - Setting next_dagrun for urban_data_streaming_demo to None, run_after=None
[2026-06-29T14:12:40.911+0000] {processor.py:208} INFO - Processing /opt/airflow/dags/urban_data_streaming_dag.py took 0.155 seconds
[2026-06-29T14:13:11.138+0000] {processor.py:186} INFO - Started process (PID=8084) to work on /opt/airflow/dags/urban_data_streaming_dag.py
[2026-06-29T14:13:11.140+0000] {processor.py:914} INFO - Processing file /opt/airflow/dags/urban_data_streaming_dag.py for tasks to queue
[2026-06-29T14:13:11.145+0000] {logging_mixin.py:190} INFO - [2026-06-29T14:13:11.144+0000] {dagbag.py:588} INFO - Filling up the DagBag from /opt/airflow/dags/urban_data_streaming_dag.py
[2026-06-29T14:13:11.205+0000] {processor.py:925} INFO - DAG(s) 'urban_data_streaming_demo' retrieved from /opt/airflow/dags/urban_data_streaming_dag.py
[2026-06-29T14:13:11.257+0000] {logging_mixin.py:190} INFO - [2026-06-29T14:13:11.256+0000] {dag.py:3239} INFO - Sync 1 DAGs
[2026-06-29T14:13:11.271+0000] {logging_mixin.py:190} INFO - [2026-06-29T14:13:11.271+0000] {dag.py:4180} INFO - Setting next_dagrun for urban_data_streaming_demo to None, run_after=None
[2026-06-29T14:13:11.314+0000] {processor.py:208} INFO - Processing /opt/airflow/dags/urban_data_streaming_dag.py took 0.190 seconds
[2026-06-29T14:13:42.114+0000] {processor.py:186} INFO - Started process (PID=8102) to work on /opt/airflow/dags/urban_data_streaming_dag.py
[2026-06-29T14:13:42.118+0000] {processor.py:914} INFO - Processing file /opt/airflow/dags/urban_data_streaming_dag.py for tasks to queue
[2026-06-29T14:13:42.121+0000] {logging_mixin.py:190} INFO - [2026-06-29T14:13:42.121+0000] {dagbag.py:588} INFO - Filling up the DagBag from /opt/airflow/dags/urban_data_streaming_dag.py
[2026-06-29T14:13:42.189+0000] {processor.py:925} INFO - DAG(s) 'urban_data_streaming_demo' retrieved from /opt/airflow/dags/urban_data_streaming_dag.py
[2026-06-29T14:13:42.224+0000] {logging_mixin.py:190} INFO - [2026-06-29T14:13:42.224+0000] {dag.py:3239} INFO - Sync 1 DAGs
[2026-06-29T14:13:42.241+0000] {logging_mixin.py:190} INFO - [2026-06-29T14:13:42.241+0000] {dag.py:4180} INFO - Setting next_dagrun for urban_data_streaming_demo to None, run_after=None
[2026-06-29T14:13:42.279+0000] {processor.py:208} INFO - Processing /opt/airflow/dags/urban_data_streaming_dag.py took 0.178 seconds
[2026-06-29T14:14:13.072+0000] {processor.py:186} INFO - Started process (PID=8120) to work on /opt/airflow/dags/urban_data_streaming_dag.py
[2026-06-29T14:14:13.076+0000] {processor.py:914} INFO - Processing file /opt/airflow/dags/urban_data_streaming_dag.py for tasks to queue
[2026-06-29T14:14:13.086+0000] {logging_mixin.py:190} INFO - [2026-06-29T14:14:13.083+0000] {dagbag.py:588} INFO - Filling up the DagBag from /opt/airflow/dags/urban_data_streaming_dag.py
[2026-06-29T14:14:13.139+0000] {processor.py:925} INFO - DAG(s) 'urban_data_streaming_demo' retrieved from /opt/airflow/dags/urban_data_streaming_dag.py
[2026-06-29T14:14:13.184+0000] {logging_mixin.py:190} INFO - [2026-06-29T14:14:13.184+0000] {dag.py:3239} INFO - Sync 1 DAGs
[2026-06-29T14:14:13.203+0000] {logging_mixin.py:190} INFO - [2026-06-29T14:14:13.203+0000] {dag.py:4180} INFO - Setting next_dagrun for urban_data_streaming_demo to None, run_after=None
[2026-06-29T14:14:13.231+0000] {processor.py:208} INFO - Processing /opt/airflow/dags/urban_data_streaming_dag.py took 0.181 seconds
[2026-06-29T14:14:43.878+0000] {processor.py:186} INFO - Started process (PID=8138) to work on /opt/airflow/dags/urban_data_streaming_dag.py
[2026-06-29T14:14:43.885+0000] {processor.py:914} INFO - Processing file /opt/airflow/dags/urban_data_streaming_dag.py for tasks to queue
[2026-06-29T14:14:43.895+0000] {logging_mixin.py:190} INFO - [2026-06-29T14:14:43.894+0000] {dagbag.py:588} INFO - Filling up the DagBag from /opt/airflow/dags/urban_data_streaming_dag.py
[2026-06-29T14:14:44.031+0000] {processor.py:925} INFO - DAG(s) 'urban_data_streaming_demo' retrieved from /opt/airflow/dags/urban_data_streaming_dag.py
[2026-06-29T14:14:44.132+0000] {logging_mixin.py:190} INFO - [2026-06-29T14:14:44.131+0000] {dag.py:3239} INFO - Sync 1 DAGs
[2026-06-29T14:14:44.155+0000] {logging_mixin.py:190} INFO - [2026-06-29T14:14:44.154+0000] {dag.py:4180} INFO - Setting next_dagrun for urban_data_streaming_demo to None, run_after=None
[2026-06-29T14:14:44.178+0000] {processor.py:208} INFO - Processing /opt/airflow/dags/urban_data_streaming_dag.py took 0.311 seconds
[2026-06-29T14:15:14.830+0000] {processor.py:186} INFO - Started process (PID=8156) to work on /opt/airflow/dags/urban_data_streaming_dag.py
[2026-06-29T14:15:14.831+0000] {processor.py:914} INFO - Processing file /opt/airflow/dags/urban_data_streaming_dag.py for tasks to queue
[2026-06-29T14:15:14.836+0000] {logging_mixin.py:190} INFO - [2026-06-29T14:15:14.834+0000] {dagbag.py:588} INFO - Filling up the DagBag from /opt/airflow/dags/urban_data_streaming_dag.py
[2026-06-29T14:15:14.883+0000] {processor.py:925} INFO - DAG(s) 'urban_data_streaming_demo' retrieved from /opt/airflow/dags/urban_data_streaming_dag.py
[2026-06-29T14:15:14.919+0000] {logging_mixin.py:190} INFO - [2026-06-29T14:15:14.919+0000] {dag.py:3239} INFO - Sync 1 DAGs
[2026-06-29T14:15:14.934+0000] {logging_mixin.py:190} INFO - [2026-06-29T14:15:14.933+0000] {dag.py:4180} INFO - Setting next_dagrun for urban_data_streaming_demo to None, run_after=None
[2026-06-29T14:15:14.968+0000] {processor.py:208} INFO - Processing /opt/airflow/dags/urban_data_streaming_dag.py took 0.147 seconds
[2026-06-29T14:15:45.695+0000] {processor.py:186} INFO - Started process (PID=8174) to work on /opt/airflow/dags/urban_data_streaming_dag.py
[2026-06-29T14:15:45.698+0000] {processor.py:914} INFO - Processing file /opt/airflow/dags/urban_data_streaming_dag.py for tasks to queue
[2026-06-29T14:15:45.701+0000] {logging_mixin.py:190} INFO - [2026-06-29T14:15:45.701+0000] {dagbag.py:588} INFO - Filling up the DagBag from /opt/airflow/dags/urban_data_streaming_dag.py
[2026-06-29T14:15:45.727+0000] {processor.py:925} INFO - DAG(s) 'urban_data_streaming_demo' retrieved from /opt/airflow/dags/urban_data_streaming_dag.py
[2026-06-29T14:15:45.759+0000] {logging_mixin.py:190} INFO - [2026-06-29T14:15:45.758+0000] {dag.py:3239} INFO - Sync 1 DAGs
[2026-06-29T14:15:45.773+0000] {logging_mixin.py:190} INFO - [2026-06-29T14:15:45.773+0000] {dag.py:4180} INFO - Setting next_dagrun for urban_data_streaming_demo to None, run_after=None
[2026-06-29T14:15:45.802+0000] {processor.py:208} INFO - Processing /opt/airflow/dags/urban_data_streaming_dag.py took 0.116 seconds
[2026-06-29T14:16:16.402+0000] {processor.py:186} INFO - Started process (PID=8192) to work on /opt/airflow/dags/urban_data_streaming_dag.py
[2026-06-29T14:16:16.403+0000] {processor.py:914} INFO - Processing file /opt/airflow/dags/urban_data_streaming_dag.py for tasks to queue
[2026-06-29T14:16:16.407+0000] {logging_mixin.py:190} INFO - [2026-06-29T14:16:16.406+0000] {dagbag.py:588} INFO - Filling up the DagBag from /opt/airflow/dags/urban_data_streaming_dag.py
[2026-06-29T14:16:16.439+0000] {processor.py:925} INFO - DAG(s) 'urban_data_streaming_demo' retrieved from /opt/airflow/dags/urban_data_streaming_dag.py
[2026-06-29T14:16:16.474+0000] {logging_mixin.py:190} INFO - [2026-06-29T14:16:16.474+0000] {dag.py:3239} INFO - Sync 1 DAGs
[2026-06-29T14:16:16.490+0000] {logging_mixin.py:190} INFO - [2026-06-29T14:16:16.489+0000] {dag.py:4180} INFO - Setting next_dagrun for urban_data_streaming_demo to None, run_after=None
[2026-06-29T14:16:16.526+0000] {processor.py:208} INFO - Processing /opt/airflow/dags/urban_data_streaming_dag.py took 0.131 seconds
[2026-06-29T14:16:47.519+0000] {processor.py:186} INFO - Started process (PID=8210) to work on /opt/airflow/dags/urban_data_streaming_dag.py
[2026-06-29T14:16:47.522+0000] {processor.py:914} INFO - Processing file /opt/airflow/dags/urban_data_streaming_dag.py for tasks to queue
[2026-06-29T14:16:47.527+0000] {logging_mixin.py:190} INFO - [2026-06-29T14:16:47.526+0000] {dagbag.py:588} INFO - Filling up the DagBag from /opt/airflow/dags/urban_data_streaming_dag.py
[2026-06-29T14:16:47.600+0000] {processor.py:925} INFO - DAG(s) 'urban_data_streaming_demo' retrieved from /opt/airflow/dags/urban_data_streaming_dag.py
[2026-06-29T14:16:47.677+0000] {logging_mixin.py:190} INFO - [2026-06-29T14:16:47.677+0000] {dag.py:3239} INFO - Sync 1 DAGs
[2026-06-29T14:16:47.692+0000] {logging_mixin.py:190} INFO - [2026-06-29T14:16:47.692+0000] {dag.py:4180} INFO - Setting next_dagrun for urban_data_streaming_demo to None, run_after=None
[2026-06-29T14:16:47.725+0000] {processor.py:208} INFO - Processing /opt/airflow/dags/urban_data_streaming_dag.py took 0.219 seconds
[2026-06-29T14:17:18.018+0000] {processor.py:186} INFO - Started process (PID=8228) to work on /opt/airflow/dags/urban_data_streaming_dag.py
[2026-06-29T14:17:18.020+0000] {processor.py:914} INFO - Processing file /opt/airflow/dags/urban_data_streaming_dag.py for tasks to queue
[2026-06-29T14:17:18.026+0000] {logging_mixin.py:190} INFO - [2026-06-29T14:17:18.025+0000] {dagbag.py:588} INFO - Filling up the DagBag from /opt/airflow/dags/urban_data_streaming_dag.py
[2026-06-29T14:17:18.101+0000] {processor.py:925} INFO - DAG(s) 'urban_data_streaming_demo' retrieved from /opt/airflow/dags/urban_data_streaming_dag.py
[2026-06-29T14:17:18.166+0000] {logging_mixin.py:190} INFO - [2026-06-29T14:17:18.166+0000] {dag.py:3239} INFO - Sync 1 DAGs
[2026-06-29T14:17:18.232+0000] {logging_mixin.py:190} INFO - [2026-06-29T14:17:18.231+0000] {dag.py:4180} INFO - Setting next_dagrun for urban_data_streaming_demo to None, run_after=None
[2026-06-29T14:17:18.311+0000] {processor.py:208} INFO - Processing /opt/airflow/dags/urban_data_streaming_dag.py took 0.307 seconds
[2026-06-29T14:17:48.595+0000] {processor.py:186} INFO - Started process (PID=8245) to work on /opt/airflow/dags/urban_data_streaming_dag.py
[2026-06-29T14:17:48.596+0000] {processor.py:914} INFO - Processing file /opt/airflow/dags/urban_data_streaming_dag.py for tasks to queue
[2026-06-29T14:17:48.599+0000] {logging_mixin.py:190} INFO - [2026-06-29T14:17:48.598+0000] {dagbag.py:588} INFO - Filling up the DagBag from /opt/airflow/dags/urban_data_streaming_dag.py
[2026-06-29T14:17:48.625+0000] {processor.py:925} INFO - DAG(s) 'urban_data_streaming_demo' retrieved from /opt/airflow/dags/urban_data_streaming_dag.py
[2026-06-29T14:17:48.659+0000] {logging_mixin.py:190} INFO - [2026-06-29T14:17:48.658+0000] {dag.py:3239} INFO - Sync 1 DAGs
[2026-06-29T14:17:48.672+0000] {logging_mixin.py:190} INFO - [2026-06-29T14:17:48.671+0000] {dag.py:4180} INFO - Setting next_dagrun for urban_data_streaming_demo to None, run_after=None
[2026-06-29T14:17:48.694+0000] {processor.py:208} INFO - Processing /opt/airflow/dags/urban_data_streaming_dag.py took 0.105 seconds
[2026-06-29T14:18:18.804+0000] {processor.py:186} INFO - Started process (PID=8256) to work on /opt/airflow/dags/urban_data_streaming_dag.py
[2026-06-29T14:18:18.806+0000] {processor.py:914} INFO - Processing file /opt/airflow/dags/urban_data_streaming_dag.py for tasks to queue
[2026-06-29T14:18:18.810+0000] {logging_mixin.py:190} INFO - [2026-06-29T14:18:18.810+0000] {dagbag.py:588} INFO - Filling up the DagBag from /opt/airflow/dags/urban_data_streaming_dag.py
[2026-06-29T14:18:18.836+0000] {processor.py:925} INFO - DAG(s) 'urban_data_streaming_demo' retrieved from /opt/airflow/dags/urban_data_streaming_dag.py
[2026-06-29T14:18:18.871+0000] {logging_mixin.py:190} INFO - [2026-06-29T14:18:18.871+0000] {dag.py:3239} INFO - Sync 1 DAGs
[2026-06-29T14:18:18.889+0000] {logging_mixin.py:190} INFO - [2026-06-29T14:18:18.889+0000] {dag.py:4180} INFO - Setting next_dagrun for urban_data_streaming_demo to None, run_after=None
[2026-06-29T14:18:18.962+0000] {processor.py:208} INFO - Processing /opt/airflow/dags/urban_data_streaming_dag.py took 0.168 seconds
[2026-06-29T14:18:49.415+0000] {processor.py:186} INFO - Started process (PID=8274) to work on /opt/airflow/dags/urban_data_streaming_dag.py
[2026-06-29T14:18:49.418+0000] {processor.py:914} INFO - Processing file /opt/airflow/dags/urban_data_streaming_dag.py for tasks to queue
[2026-06-29T14:18:49.424+0000] {logging_mixin.py:190} INFO - [2026-06-29T14:18:49.423+0000] {dagbag.py:588} INFO - Filling up the DagBag from /opt/airflow/dags/urban_data_streaming_dag.py
[2026-06-29T14:18:49.551+0000] {processor.py:925} INFO - DAG(s) 'urban_data_streaming_demo' retrieved from /opt/airflow/dags/urban_data_streaming_dag.py
[2026-06-29T14:18:49.588+0000] {logging_mixin.py:190} INFO - [2026-06-29T14:18:49.588+0000] {dag.py:3239} INFO - Sync 1 DAGs
[2026-06-29T14:18:49.603+0000] {logging_mixin.py:190} INFO - [2026-06-29T14:18:49.603+0000] {dag.py:4180} INFO - Setting next_dagrun for urban_data_streaming_demo to None, run_after=None
[2026-06-29T14:18:49.627+0000] {processor.py:208} INFO - Processing /opt/airflow/dags/urban_data_streaming_dag.py took 0.228 seconds
[2026-06-29T14:19:19.981+0000] {processor.py:186} INFO - Started process (PID=8292) to work on /opt/airflow/dags/urban_data_streaming_dag.py
[2026-06-29T14:19:19.983+0000] {processor.py:914} INFO - Processing file /opt/airflow/dags/urban_data_streaming_dag.py for tasks to queue
[2026-06-29T14:19:19.988+0000] {logging_mixin.py:190} INFO - [2026-06-29T14:19:19.987+0000] {dagbag.py:588} INFO - Filling up the DagBag from /opt/airflow/dags/urban_data_streaming_dag.py
[2026-06-29T14:19:20.026+0000] {processor.py:925} INFO - DAG(s) 'urban_data_streaming_demo' retrieved from /opt/airflow/dags/urban_data_streaming_dag.py
[2026-06-29T14:19:20.059+0000] {logging_mixin.py:190} INFO - [2026-06-29T14:19:20.059+0000] {dag.py:3239} INFO - Sync 1 DAGs
[2026-06-29T14:19:20.076+0000] {logging_mixin.py:190} INFO - [2026-06-29T14:19:20.076+0000] {dag.py:4180} INFO - Setting next_dagrun for urban_data_streaming_demo to None, run_after=None
[2026-06-29T14:19:20.102+0000] {processor.py:208} INFO - Processing /opt/airflow/dags/urban_data_streaming_dag.py took 0.127 seconds
[2026-06-29T14:19:50.268+0000] {processor.py:186} INFO - Started process (PID=8310) to work on /opt/airflow/dags/urban_data_streaming_dag.py
[2026-06-29T14:19:50.270+0000] {processor.py:914} INFO - Processing file /opt/airflow/dags/urban_data_streaming_dag.py for tasks to queue
[2026-06-29T14:19:50.278+0000] {logging_mixin.py:190} INFO - [2026-06-29T14:19:50.276+0000] {dagbag.py:588} INFO - Filling up the DagBag from /opt/airflow/dags/urban_data_streaming_dag.py
[2026-06-29T14:19:50.326+0000] {processor.py:925} INFO - DAG(s) 'urban_data_streaming_demo' retrieved from /opt/airflow/dags/urban_data_streaming_dag.py
[2026-06-29T14:19:50.363+0000] {logging_mixin.py:190} INFO - [2026-06-29T14:19:50.363+0000] {dag.py:3239} INFO - Sync 1 DAGs
[2026-06-29T14:19:50.377+0000] {logging_mixin.py:190} INFO - [2026-06-29T14:19:50.377+0000] {dag.py:4180} INFO - Setting next_dagrun for urban_data_streaming_demo to None, run_after=None
[2026-06-29T14:19:50.402+0000] {processor.py:208} INFO - Processing /opt/airflow/dags/urban_data_streaming_dag.py took 0.144 seconds
[2026-06-29T14:20:21.005+0000] {processor.py:186} INFO - Started process (PID=8328) to work on /opt/airflow/dags/urban_data_streaming_dag.py
[2026-06-29T14:20:21.007+0000] {processor.py:914} INFO - Processing file /opt/airflow/dags/urban_data_streaming_dag.py for tasks to queue
[2026-06-29T14:20:21.014+0000] {logging_mixin.py:190} INFO - [2026-06-29T14:20:21.013+0000] {dagbag.py:588} INFO - Filling up the DagBag from /opt/airflow/dags/urban_data_streaming_dag.py
[2026-06-29T14:20:21.092+0000] {processor.py:925} INFO - DAG(s) 'urban_data_streaming_demo' retrieved from /opt/airflow/dags/urban_data_streaming_dag.py
[2026-06-29T14:20:21.200+0000] {logging_mixin.py:190} INFO - [2026-06-29T14:20:21.199+0000] {dag.py:3239} INFO - Sync 1 DAGs
[2026-06-29T14:20:21.241+0000] {logging_mixin.py:190} INFO - [2026-06-29T14:20:21.241+0000] {dag.py:4180} INFO - Setting next_dagrun for urban_data_streaming_demo to None, run_after=None
[2026-06-29T14:20:21.281+0000] {processor.py:208} INFO - Processing /opt/airflow/dags/urban_data_streaming_dag.py took 0.286 seconds
[2026-06-29T14:20:51.528+0000] {processor.py:186} INFO - Started process (PID=8346) to work on /opt/airflow/dags/urban_data_streaming_dag.py
[2026-06-29T14:20:51.529+0000] {processor.py:914} INFO - Processing file /opt/airflow/dags/urban_data_streaming_dag.py for tasks to queue
[2026-06-29T14:20:51.533+0000] {logging_mixin.py:190} INFO - [2026-06-29T14:20:51.533+0000] {dagbag.py:588} INFO - Filling up the DagBag from /opt/airflow/dags/urban_data_streaming_dag.py
[2026-06-29T14:20:51.582+0000] {processor.py:925} INFO - DAG(s) 'urban_data_streaming_demo' retrieved from /opt/airflow/dags/urban_data_streaming_dag.py
[2026-06-29T14:20:51.617+0000] {logging_mixin.py:190} INFO - [2026-06-29T14:20:51.617+0000] {dag.py:3239} INFO - Sync 1 DAGs
[2026-06-29T14:20:51.634+0000] {logging_mixin.py:190} INFO - [2026-06-29T14:20:51.634+0000] {dag.py:4180} INFO - Setting next_dagrun for urban_data_streaming_demo to None, run_after=None
[2026-06-29T14:20:51.663+0000] {processor.py:208} INFO - Processing /opt/airflow/dags/urban_data_streaming_dag.py took 0.142 seconds
[2026-06-29T14:21:22.409+0000] {processor.py:186} INFO - Started process (PID=8364) to work on /opt/airflow/dags/urban_data_streaming_dag.py
[2026-06-29T14:21:22.411+0000] {processor.py:914} INFO - Processing file /opt/airflow/dags/urban_data_streaming_dag.py for tasks to queue
[2026-06-29T14:21:22.415+0000] {logging_mixin.py:190} INFO - [2026-06-29T14:21:22.415+0000] {dagbag.py:588} INFO - Filling up the DagBag from /opt/airflow/dags/urban_data_streaming_dag.py
[2026-06-29T14:21:22.455+0000] {processor.py:925} INFO - DAG(s) 'urban_data_streaming_demo' retrieved from /opt/airflow/dags/urban_data_streaming_dag.py
[2026-06-29T14:21:22.496+0000] {logging_mixin.py:190} INFO - [2026-06-29T14:21:22.495+0000] {dag.py:3239} INFO - Sync 1 DAGs
[2026-06-29T14:21:22.524+0000] {logging_mixin.py:190} INFO - [2026-06-29T14:21:22.523+0000] {dag.py:4180} INFO - Setting next_dagrun for urban_data_streaming_demo to None, run_after=None
[2026-06-29T14:21:22.609+0000] {processor.py:208} INFO - Processing /opt/airflow/dags/urban_data_streaming_dag.py took 0.211 seconds
[2026-06-29T14:21:53.784+0000] {processor.py:186} INFO - Started process (PID=8382) to work on /opt/airflow/dags/urban_data_streaming_dag.py
[2026-06-29T14:21:53.785+0000] {processor.py:914} INFO - Processing file /opt/airflow/dags/urban_data_streaming_dag.py for tasks to queue
[2026-06-29T14:21:53.789+0000] {logging_mixin.py:190} INFO - [2026-06-29T14:21:53.789+0000] {dagbag.py:588} INFO - Filling up the DagBag from /opt/airflow/dags/urban_data_streaming_dag.py
[2026-06-29T14:21:53.820+0000] {processor.py:925} INFO - DAG(s) 'urban_data_streaming_demo' retrieved from /opt/airflow/dags/urban_data_streaming_dag.py
[2026-06-29T14:21:53.852+0000] {logging_mixin.py:190} INFO - [2026-06-29T14:21:53.852+0000] {dag.py:3239} INFO - Sync 1 DAGs
[2026-06-29T14:21:53.872+0000] {logging_mixin.py:190} INFO - [2026-06-29T14:21:53.872+0000] {dag.py:4180} INFO - Setting next_dagrun for urban_data_streaming_demo to None, run_after=None
[2026-06-29T14:21:53.914+0000] {processor.py:208} INFO - Processing /opt/airflow/dags/urban_data_streaming_dag.py took 0.136 seconds
[2026-06-29T14:22:24.550+0000] {processor.py:186} INFO - Started process (PID=8400) to work on /opt/airflow/dags/urban_data_streaming_dag.py
[2026-06-29T14:22:24.552+0000] {processor.py:914} INFO - Processing file /opt/airflow/dags/urban_data_streaming_dag.py for tasks to queue
[2026-06-29T14:22:24.556+0000] {logging_mixin.py:190} INFO - [2026-06-29T14:22:24.556+0000] {dagbag.py:588} INFO - Filling up the DagBag from /opt/airflow/dags/urban_data_streaming_dag.py
[2026-06-29T14:22:24.592+0000] {processor.py:925} INFO - DAG(s) 'urban_data_streaming_demo' retrieved from /opt/airflow/dags/urban_data_streaming_dag.py
[2026-06-29T14:22:24.640+0000] {logging_mixin.py:190} INFO - [2026-06-29T14:22:24.640+0000] {dag.py:3239} INFO - Sync 1 DAGs
[2026-06-29T14:22:24.657+0000] {logging_mixin.py:190} INFO - [2026-06-29T14:22:24.656+0000] {dag.py:4180} INFO - Setting next_dagrun for urban_data_streaming_demo to None, run_after=None
[2026-06-29T14:22:24.680+0000] {processor.py:208} INFO - Processing /opt/airflow/dags/urban_data_streaming_dag.py took 0.144 seconds
[2026-06-29T14:22:55.280+0000] {processor.py:186} INFO - Started process (PID=8418) to work on /opt/airflow/dags/urban_data_streaming_dag.py
[2026-06-29T14:22:55.281+0000] {processor.py:914} INFO - Processing file /opt/airflow/dags/urban_data_streaming_dag.py for tasks to queue
[2026-06-29T14:22:55.284+0000] {logging_mixin.py:190} INFO - [2026-06-29T14:22:55.284+0000] {dagbag.py:588} INFO - Filling up the DagBag from /opt/airflow/dags/urban_data_streaming_dag.py
[2026-06-29T14:22:55.321+0000] {processor.py:925} INFO - DAG(s) 'urban_data_streaming_demo' retrieved from /opt/airflow/dags/urban_data_streaming_dag.py
[2026-06-29T14:22:55.356+0000] {logging_mixin.py:190} INFO - [2026-06-29T14:22:55.355+0000] {dag.py:3239} INFO - Sync 1 DAGs
[2026-06-29T14:22:55.374+0000] {logging_mixin.py:190} INFO - [2026-06-29T14:22:55.373+0000] {dag.py:4180} INFO - Setting next_dagrun for urban_data_streaming_demo to None, run_after=None
[2026-06-29T14:22:55.395+0000] {processor.py:208} INFO - Processing /opt/airflow/dags/urban_data_streaming_dag.py took 0.125 seconds
[2026-06-29T14:23:25.919+0000] {processor.py:186} INFO - Started process (PID=8435) to work on /opt/airflow/dags/urban_data_streaming_dag.py
[2026-06-29T14:23:25.920+0000] {processor.py:914} INFO - Processing file /opt/airflow/dags/urban_data_streaming_dag.py for tasks to queue
[2026-06-29T14:23:25.923+0000] {logging_mixin.py:190} INFO - [2026-06-29T14:23:25.923+0000] {dagbag.py:588} INFO - Filling up the DagBag from /opt/airflow/dags/urban_data_streaming_dag.py
[2026-06-29T14:23:25.948+0000] {processor.py:925} INFO - DAG(s) 'urban_data_streaming_demo' retrieved from /opt/airflow/dags/urban_data_streaming_dag.py
[2026-06-29T14:23:25.988+0000] {logging_mixin.py:190} INFO - [2026-06-29T14:23:25.988+0000] {dag.py:3239} INFO - Sync 1 DAGs
[2026-06-29T14:23:26.009+0000] {logging_mixin.py:190} INFO - [2026-06-29T14:23:26.009+0000] {dag.py:4180} INFO - Setting next_dagrun for urban_data_streaming_demo to None, run_after=None
[2026-06-29T14:23:26.039+0000] {processor.py:208} INFO - Processing /opt/airflow/dags/urban_data_streaming_dag.py took 0.126 seconds
[2026-06-29T14:23:56.644+0000] {processor.py:186} INFO - Started process (PID=8446) to work on /opt/airflow/dags/urban_data_streaming_dag.py
[2026-06-29T14:23:56.647+0000] {processor.py:914} INFO - Processing file /opt/airflow/dags/urban_data_streaming_dag.py for tasks to queue
[2026-06-29T14:23:56.654+0000] {logging_mixin.py:190} INFO - [2026-06-29T14:23:56.652+0000] {dagbag.py:588} INFO - Filling up the DagBag from /opt/airflow/dags/urban_data_streaming_dag.py
[2026-06-29T14:23:56.763+0000] {processor.py:925} INFO - DAG(s) 'urban_data_streaming_demo' retrieved from /opt/airflow/dags/urban_data_streaming_dag.py
[2026-06-29T14:23:56.823+0000] {logging_mixin.py:190} INFO - [2026-06-29T14:23:56.823+0000] {dag.py:3239} INFO - Sync 1 DAGs
[2026-06-29T14:23:56.853+0000] {logging_mixin.py:190} INFO - [2026-06-29T14:23:56.852+0000] {dag.py:4180} INFO - Setting next_dagrun for urban_data_streaming_demo to None, run_after=None
[2026-06-29T14:23:56.891+0000] {processor.py:208} INFO - Processing /opt/airflow/dags/urban_data_streaming_dag.py took 0.259 seconds
[2026-06-29T14:24:27.613+0000] {processor.py:186} INFO - Started process (PID=8464) to work on /opt/airflow/dags/urban_data_streaming_dag.py
[2026-06-29T14:24:27.615+0000] {processor.py:914} INFO - Processing file /opt/airflow/dags/urban_data_streaming_dag.py for tasks to queue
[2026-06-29T14:24:27.618+0000] {logging_mixin.py:190} INFO - [2026-06-29T14:24:27.618+0000] {dagbag.py:588} INFO - Filling up the DagBag from /opt/airflow/dags/urban_data_streaming_dag.py
[2026-06-29T14:24:27.660+0000] {processor.py:925} INFO - DAG(s) 'urban_data_streaming_demo' retrieved from /opt/airflow/dags/urban_data_streaming_dag.py
[2026-06-29T14:24:27.697+0000] {logging_mixin.py:190} INFO - [2026-06-29T14:24:27.696+0000] {dag.py:3239} INFO - Sync 1 DAGs
[2026-06-29T14:24:27.712+0000] {logging_mixin.py:190} INFO - [2026-06-29T14:24:27.712+0000] {dag.py:4180} INFO - Setting next_dagrun for urban_data_streaming_demo to None, run_after=None
[2026-06-29T14:24:27.752+0000] {processor.py:208} INFO - Processing /opt/airflow/dags/urban_data_streaming_dag.py took 0.147 seconds
[2026-06-29T14:24:58.575+0000] {processor.py:186} INFO - Started process (PID=8482) to work on /opt/airflow/dags/urban_data_streaming_dag.py
[2026-06-29T14:24:58.578+0000] {processor.py:914} INFO - Processing file /opt/airflow/dags/urban_data_streaming_dag.py for tasks to queue
[2026-06-29T14:24:58.586+0000] {logging_mixin.py:190} INFO - [2026-06-29T14:24:58.585+0000] {dagbag.py:588} INFO - Filling up the DagBag from /opt/airflow/dags/urban_data_streaming_dag.py
[2026-06-29T14:24:58.635+0000] {processor.py:925} INFO - DAG(s) 'urban_data_streaming_demo' retrieved from /opt/airflow/dags/urban_data_streaming_dag.py
[2026-06-29T14:24:58.680+0000] {logging_mixin.py:190} INFO - [2026-06-29T14:24:58.680+0000] {dag.py:3239} INFO - Sync 1 DAGs
[2026-06-29T14:24:58.697+0000] {logging_mixin.py:190} INFO - [2026-06-29T14:24:58.697+0000] {dag.py:4180} INFO - Setting next_dagrun for urban_data_streaming_demo to None, run_after=None
[2026-06-29T14:24:58.722+0000] {processor.py:208} INFO - Processing /opt/airflow/dags/urban_data_streaming_dag.py took 0.170 seconds
[2026-06-29T14:25:28.941+0000] {processor.py:186} INFO - Started process (PID=8500) to work on /opt/airflow/dags/urban_data_streaming_dag.py
[2026-06-29T14:25:28.943+0000] {processor.py:914} INFO - Processing file /opt/airflow/dags/urban_data_streaming_dag.py for tasks to queue
[2026-06-29T14:25:28.946+0000] {logging_mixin.py:190} INFO - [2026-06-29T14:25:28.945+0000] {dagbag.py:588} INFO - Filling up the DagBag from /opt/airflow/dags/urban_data_streaming_dag.py
[2026-06-29T14:25:28.976+0000] {processor.py:925} INFO - DAG(s) 'urban_data_streaming_demo' retrieved from /opt/airflow/dags/urban_data_streaming_dag.py
[2026-06-29T14:25:29.010+0000] {logging_mixin.py:190} INFO - [2026-06-29T14:25:29.010+0000] {dag.py:3239} INFO - Sync 1 DAGs
[2026-06-29T14:25:29.026+0000] {logging_mixin.py:190} INFO - [2026-06-29T14:25:29.026+0000] {dag.py:4180} INFO - Setting next_dagrun for urban_data_streaming_demo to None, run_after=None
[2026-06-29T14:25:29.051+0000] {processor.py:208} INFO - Processing /opt/airflow/dags/urban_data_streaming_dag.py took 0.118 seconds
[2026-06-29T14:25:59.586+0000] {processor.py:186} INFO - Started process (PID=8518) to work on /opt/airflow/dags/urban_data_streaming_dag.py
[2026-06-29T14:25:59.588+0000] {processor.py:914} INFO - Processing file /opt/airflow/dags/urban_data_streaming_dag.py for tasks to queue
[2026-06-29T14:25:59.591+0000] {logging_mixin.py:190} INFO - [2026-06-29T14:25:59.590+0000] {dagbag.py:588} INFO - Filling up the DagBag from /opt/airflow/dags/urban_data_streaming_dag.py
[2026-06-29T14:25:59.622+0000] {processor.py:925} INFO - DAG(s) 'urban_data_streaming_demo' retrieved from /opt/airflow/dags/urban_data_streaming_dag.py
[2026-06-29T14:25:59.658+0000] {logging_mixin.py:190} INFO - [2026-06-29T14:25:59.658+0000] {dag.py:3239} INFO - Sync 1 DAGs
[2026-06-29T14:25:59.675+0000] {logging_mixin.py:190} INFO - [2026-06-29T14:25:59.675+0000] {dag.py:4180} INFO - Setting next_dagrun for urban_data_streaming_demo to None, run_after=None
[2026-06-29T14:25:59.702+0000] {processor.py:208} INFO - Processing /opt/airflow/dags/urban_data_streaming_dag.py took 0.123 seconds
[2026-06-29T14:26:30.329+0000] {processor.py:186} INFO - Started process (PID=8536) to work on /opt/airflow/dags/urban_data_streaming_dag.py
[2026-06-29T14:26:30.334+0000] {processor.py:914} INFO - Processing file /opt/airflow/dags/urban_data_streaming_dag.py for tasks to queue
[2026-06-29T14:26:30.355+0000] {logging_mixin.py:190} INFO - [2026-06-29T14:26:30.354+0000] {dagbag.py:588} INFO - Filling up the DagBag from /opt/airflow/dags/urban_data_streaming_dag.py
[2026-06-29T14:26:30.415+0000] {processor.py:925} INFO - DAG(s) 'urban_data_streaming_demo' retrieved from /opt/airflow/dags/urban_data_streaming_dag.py
[2026-06-29T14:26:30.454+0000] {logging_mixin.py:190} INFO - [2026-06-29T14:26:30.454+0000] {dag.py:3239} INFO - Sync 1 DAGs
[2026-06-29T14:26:30.471+0000] {logging_mixin.py:190} INFO - [2026-06-29T14:26:30.471+0000] {dag.py:4180} INFO - Setting next_dagrun for urban_data_streaming_demo to None, run_after=None
[2026-06-29T14:26:30.504+0000] {processor.py:208} INFO - Processing /opt/airflow/dags/urban_data_streaming_dag.py took 0.198 seconds
[2026-06-29T14:27:00.656+0000] {processor.py:186} INFO - Started process (PID=8555) to work on /opt/airflow/dags/urban_data_streaming_dag.py
[2026-06-29T14:27:00.659+0000] {processor.py:914} INFO - Processing file /opt/airflow/dags/urban_data_streaming_dag.py for tasks to queue
[2026-06-29T14:27:00.662+0000] {logging_mixin.py:190} INFO - [2026-06-29T14:27:00.662+0000] {dagbag.py:588} INFO - Filling up the DagBag from /opt/airflow/dags/urban_data_streaming_dag.py
[2026-06-29T14:27:00.711+0000] {processor.py:925} INFO - DAG(s) 'urban_data_streaming_demo' retrieved from /opt/airflow/dags/urban_data_streaming_dag.py
[2026-06-29T14:27:00.743+0000] {logging_mixin.py:190} INFO - [2026-06-29T14:27:00.743+0000] {dag.py:3239} INFO - Sync 1 DAGs
[2026-06-29T14:27:00.762+0000] {logging_mixin.py:190} INFO - [2026-06-29T14:27:00.761+0000] {dag.py:4180} INFO - Setting next_dagrun for urban_data_streaming_demo to None, run_after=None
[2026-06-29T14:27:00.793+0000] {processor.py:208} INFO - Processing /opt/airflow/dags/urban_data_streaming_dag.py took 0.146 seconds
[2026-06-29T14:27:31.263+0000] {processor.py:186} INFO - Started process (PID=8573) to work on /opt/airflow/dags/urban_data_streaming_dag.py
[2026-06-29T14:27:31.266+0000] {processor.py:914} INFO - Processing file /opt/airflow/dags/urban_data_streaming_dag.py for tasks to queue
[2026-06-29T14:27:31.273+0000] {logging_mixin.py:190} INFO - [2026-06-29T14:27:31.272+0000] {dagbag.py:588} INFO - Filling up the DagBag from /opt/airflow/dags/urban_data_streaming_dag.py
[2026-06-29T14:27:31.350+0000] {processor.py:925} INFO - DAG(s) 'urban_data_streaming_demo' retrieved from /opt/airflow/dags/urban_data_streaming_dag.py
[2026-06-29T14:27:31.486+0000] {logging_mixin.py:190} INFO - [2026-06-29T14:27:31.485+0000] {dag.py:3239} INFO - Sync 1 DAGs
[2026-06-29T14:27:31.545+0000] {logging_mixin.py:190} INFO - [2026-06-29T14:27:31.545+0000] {dag.py:4180} INFO - Setting next_dagrun for urban_data_streaming_demo to None, run_after=None
[2026-06-29T14:27:31.587+0000] {processor.py:208} INFO - Processing /opt/airflow/dags/urban_data_streaming_dag.py took 0.333 seconds
[2026-06-29T14:28:02.378+0000] {processor.py:186} INFO - Started process (PID=8591) to work on /opt/airflow/dags/urban_data_streaming_dag.py
[2026-06-29T14:28:02.380+0000] {processor.py:914} INFO - Processing file /opt/airflow/dags/urban_data_streaming_dag.py for tasks to queue
[2026-06-29T14:28:02.387+0000] {logging_mixin.py:190} INFO - [2026-06-29T14:28:02.386+0000] {dagbag.py:588} INFO - Filling up the DagBag from /opt/airflow/dags/urban_data_streaming_dag.py
[2026-06-29T14:28:02.449+0000] {processor.py:925} INFO - DAG(s) 'urban_data_streaming_demo' retrieved from /opt/airflow/dags/urban_data_streaming_dag.py
[2026-06-29T14:28:02.485+0000] {logging_mixin.py:190} INFO - [2026-06-29T14:28:02.485+0000] {dag.py:3239} INFO - Sync 1 DAGs
[2026-06-29T14:28:02.506+0000] {logging_mixin.py:190} INFO - [2026-06-29T14:28:02.506+0000] {dag.py:4180} INFO - Setting next_dagrun for urban_data_streaming_demo to None, run_after=None
[2026-06-29T14:28:02.533+0000] {processor.py:208} INFO - Processing /opt/airflow/dags/urban_data_streaming_dag.py took 0.170 seconds
[2026-06-29T14:28:33.216+0000] {processor.py:186} INFO - Started process (PID=8607) to work on /opt/airflow/dags/urban_data_streaming_dag.py
[2026-06-29T14:28:33.226+0000] {processor.py:914} INFO - Processing file /opt/airflow/dags/urban_data_streaming_dag.py for tasks to queue
[2026-06-29T14:28:33.244+0000] {logging_mixin.py:190} INFO - [2026-06-29T14:28:33.243+0000] {dagbag.py:588} INFO - Filling up the DagBag from /opt/airflow/dags/urban_data_streaming_dag.py
[2026-06-29T14:28:33.297+0000] {processor.py:925} INFO - DAG(s) 'urban_data_streaming_demo' retrieved from /opt/airflow/dags/urban_data_streaming_dag.py
[2026-06-29T14:28:33.344+0000] {logging_mixin.py:190} INFO - [2026-06-29T14:28:33.344+0000] {dag.py:3239} INFO - Sync 1 DAGs
[2026-06-29T14:28:33.363+0000] {logging_mixin.py:190} INFO - [2026-06-29T14:28:33.362+0000] {dag.py:4180} INFO - Setting next_dagrun for urban_data_streaming_demo to None, run_after=None
[2026-06-29T14:28:33.399+0000] {processor.py:208} INFO - Processing /opt/airflow/dags/urban_data_streaming_dag.py took 0.194 seconds
[2026-06-29T14:35:32.682+0000] {processor.py:186} INFO - Started process (PID=8619) to work on /opt/airflow/dags/urban_data_streaming_dag.py
[2026-06-29T14:35:32.694+0000] {processor.py:914} INFO - Processing file /opt/airflow/dags/urban_data_streaming_dag.py for tasks to queue
[2026-06-29T14:35:32.713+0000] {logging_mixin.py:190} INFO - [2026-06-29T14:35:32.712+0000] {dagbag.py:588} INFO - Filling up the DagBag from /opt/airflow/dags/urban_data_streaming_dag.py
[2026-06-29T14:35:33.140+0000] {processor.py:925} INFO - DAG(s) 'urban_data_streaming_demo' retrieved from /opt/airflow/dags/urban_data_streaming_dag.py
[2026-06-29T14:35:33.184+0000] {logging_mixin.py:190} INFO - [2026-06-29T14:35:33.183+0000] {dag.py:3239} INFO - Sync 1 DAGs
[2026-06-29T14:35:33.214+0000] {logging_mixin.py:190} INFO - [2026-06-29T14:35:33.213+0000] {dag.py:4180} INFO - Setting next_dagrun for urban_data_streaming_demo to None, run_after=None
[2026-06-29T14:35:33.279+0000] {processor.py:208} INFO - Processing /opt/airflow/dags/urban_data_streaming_dag.py took 0.604 seconds
[2026-06-29T14:36:03.429+0000] {processor.py:186} INFO - Started process (PID=8637) to work on /opt/airflow/dags/urban_data_streaming_dag.py
[2026-06-29T14:36:03.432+0000] {processor.py:914} INFO - Processing file /opt/airflow/dags/urban_data_streaming_dag.py for tasks to queue
[2026-06-29T14:36:03.438+0000] {logging_mixin.py:190} INFO - [2026-06-29T14:36:03.438+0000] {dagbag.py:588} INFO - Filling up the DagBag from /opt/airflow/dags/urban_data_streaming_dag.py
[2026-06-29T14:36:03.497+0000] {processor.py:925} INFO - DAG(s) 'urban_data_streaming_demo' retrieved from /opt/airflow/dags/urban_data_streaming_dag.py
[2026-06-29T14:36:03.555+0000] {logging_mixin.py:190} INFO - [2026-06-29T14:36:03.554+0000] {dag.py:3239} INFO - Sync 1 DAGs
[2026-06-29T14:36:03.577+0000] {logging_mixin.py:190} INFO - [2026-06-29T14:36:03.577+0000] {dag.py:4180} INFO - Setting next_dagrun for urban_data_streaming_demo to None, run_after=None
[2026-06-29T14:36:03.621+0000] {processor.py:208} INFO - Processing /opt/airflow/dags/urban_data_streaming_dag.py took 0.201 seconds
[2026-06-29T14:36:33.979+0000] {processor.py:186} INFO - Started process (PID=8655) to work on /opt/airflow/dags/urban_data_streaming_dag.py
[2026-06-29T14:36:33.981+0000] {processor.py:914} INFO - Processing file /opt/airflow/dags/urban_data_streaming_dag.py for tasks to queue
[2026-06-29T14:36:33.988+0000] {logging_mixin.py:190} INFO - [2026-06-29T14:36:33.987+0000] {dagbag.py:588} INFO - Filling up the DagBag from /opt/airflow/dags/urban_data_streaming_dag.py
[2026-06-29T14:36:34.053+0000] {processor.py:925} INFO - DAG(s) 'urban_data_streaming_demo' retrieved from /opt/airflow/dags/urban_data_streaming_dag.py
[2026-06-29T14:36:34.100+0000] {logging_mixin.py:190} INFO - [2026-06-29T14:36:34.099+0000] {dag.py:3239} INFO - Sync 1 DAGs
[2026-06-29T14:36:34.128+0000] {logging_mixin.py:190} INFO - [2026-06-29T14:36:34.127+0000] {dag.py:4180} INFO - Setting next_dagrun for urban_data_streaming_demo to None, run_after=None
[2026-06-29T14:36:34.167+0000] {processor.py:208} INFO - Processing /opt/airflow/dags/urban_data_streaming_dag.py took 0.196 seconds
[2026-06-29T14:37:04.760+0000] {processor.py:186} INFO - Started process (PID=8673) to work on /opt/airflow/dags/urban_data_streaming_dag.py
[2026-06-29T14:37:04.763+0000] {processor.py:914} INFO - Processing file /opt/airflow/dags/urban_data_streaming_dag.py for tasks to queue
[2026-06-29T14:37:04.769+0000] {logging_mixin.py:190} INFO - [2026-06-29T14:37:04.768+0000] {dagbag.py:588} INFO - Filling up the DagBag from /opt/airflow/dags/urban_data_streaming_dag.py
[2026-06-29T14:37:04.854+0000] {processor.py:925} INFO - DAG(s) 'urban_data_streaming_demo' retrieved from /opt/airflow/dags/urban_data_streaming_dag.py
[2026-06-29T14:37:04.925+0000] {logging_mixin.py:190} INFO - [2026-06-29T14:37:04.925+0000] {dag.py:3239} INFO - Sync 1 DAGs
[2026-06-29T14:37:04.950+0000] {logging_mixin.py:190} INFO - [2026-06-29T14:37:04.950+0000] {dag.py:4180} INFO - Setting next_dagrun for urban_data_streaming_demo to None, run_after=None
[2026-06-29T14:37:04.987+0000] {processor.py:208} INFO - Processing /opt/airflow/dags/urban_data_streaming_dag.py took 0.238 seconds
[2026-06-29T14:37:35.823+0000] {processor.py:186} INFO - Started process (PID=8691) to work on /opt/airflow/dags/urban_data_streaming_dag.py
[2026-06-29T14:37:35.826+0000] {processor.py:914} INFO - Processing file /opt/airflow/dags/urban_data_streaming_dag.py for tasks to queue
[2026-06-29T14:37:35.830+0000] {logging_mixin.py:190} INFO - [2026-06-29T14:37:35.830+0000] {dagbag.py:588} INFO - Filling up the DagBag from /opt/airflow/dags/urban_data_streaming_dag.py
[2026-06-29T14:37:35.993+0000] {processor.py:925} INFO - DAG(s) 'urban_data_streaming_demo' retrieved from /opt/airflow/dags/urban_data_streaming_dag.py
[2026-06-29T14:37:36.153+0000] {logging_mixin.py:190} INFO - [2026-06-29T14:37:36.152+0000] {dag.py:3239} INFO - Sync 1 DAGs
[2026-06-29T14:37:36.178+0000] {logging_mixin.py:190} INFO - [2026-06-29T14:37:36.178+0000] {dag.py:4180} INFO - Setting next_dagrun for urban_data_streaming_demo to None, run_after=None
[2026-06-29T14:37:36.210+0000] {processor.py:208} INFO - Processing /opt/airflow/dags/urban_data_streaming_dag.py took 0.402 seconds
[2026-06-29T14:38:07.235+0000] {processor.py:186} INFO - Started process (PID=8709) to work on /opt/airflow/dags/urban_data_streaming_dag.py
[2026-06-29T14:38:07.237+0000] {processor.py:914} INFO - Processing file /opt/airflow/dags/urban_data_streaming_dag.py for tasks to queue
[2026-06-29T14:38:07.240+0000] {logging_mixin.py:190} INFO - [2026-06-29T14:38:07.240+0000] {dagbag.py:588} INFO - Filling up the DagBag from /opt/airflow/dags/urban_data_streaming_dag.py
[2026-06-29T14:38:07.356+0000] {processor.py:925} INFO - DAG(s) 'urban_data_streaming_demo' retrieved from /opt/airflow/dags/urban_data_streaming_dag.py
[2026-06-29T14:38:07.429+0000] {logging_mixin.py:190} INFO - [2026-06-29T14:38:07.428+0000] {dag.py:3239} INFO - Sync 1 DAGs
[2026-06-29T14:38:07.449+0000] {logging_mixin.py:190} INFO - [2026-06-29T14:38:07.449+0000] {dag.py:4180} INFO - Setting next_dagrun for urban_data_streaming_demo to None, run_after=None
[2026-06-29T14:38:07.495+0000] {processor.py:208} INFO - Processing /opt/airflow/dags/urban_data_streaming_dag.py took 0.268 seconds
[2026-06-29T14:38:38.420+0000] {processor.py:186} INFO - Started process (PID=8726) to work on /opt/airflow/dags/urban_data_streaming_dag.py
[2026-06-29T14:38:38.424+0000] {processor.py:914} INFO - Processing file /opt/airflow/dags/urban_data_streaming_dag.py for tasks to queue
[2026-06-29T14:38:38.431+0000] {logging_mixin.py:190} INFO - [2026-06-29T14:38:38.430+0000] {dagbag.py:588} INFO - Filling up the DagBag from /opt/airflow/dags/urban_data_streaming_dag.py
[2026-06-29T14:38:38.486+0000] {processor.py:925} INFO - DAG(s) 'urban_data_streaming_demo' retrieved from /opt/airflow/dags/urban_data_streaming_dag.py
[2026-06-29T14:38:38.540+0000] {logging_mixin.py:190} INFO - [2026-06-29T14:38:38.539+0000] {dag.py:3239} INFO - Sync 1 DAGs
[2026-06-29T14:38:38.569+0000] {logging_mixin.py:190} INFO - [2026-06-29T14:38:38.569+0000] {dag.py:4180} INFO - Setting next_dagrun for urban_data_streaming_demo to None, run_after=None
[2026-06-29T14:38:38.605+0000] {processor.py:208} INFO - Processing /opt/airflow/dags/urban_data_streaming_dag.py took 0.196 seconds
[2026-06-29T14:39:09.457+0000] {processor.py:186} INFO - Started process (PID=8737) to work on /opt/airflow/dags/urban_data_streaming_dag.py
[2026-06-29T14:39:09.461+0000] {processor.py:914} INFO - Processing file /opt/airflow/dags/urban_data_streaming_dag.py for tasks to queue
[2026-06-29T14:39:09.468+0000] {logging_mixin.py:190} INFO - [2026-06-29T14:39:09.467+0000] {dagbag.py:588} INFO - Filling up the DagBag from /opt/airflow/dags/urban_data_streaming_dag.py
[2026-06-29T14:39:09.513+0000] {processor.py:925} INFO - DAG(s) 'urban_data_streaming_demo' retrieved from /opt/airflow/dags/urban_data_streaming_dag.py
[2026-06-29T14:39:09.556+0000] {logging_mixin.py:190} INFO - [2026-06-29T14:39:09.556+0000] {dag.py:3239} INFO - Sync 1 DAGs
[2026-06-29T14:39:09.578+0000] {logging_mixin.py:190} INFO - [2026-06-29T14:39:09.578+0000] {dag.py:4180} INFO - Setting next_dagrun for urban_data_streaming_demo to None, run_after=None
[2026-06-29T14:39:09.610+0000] {processor.py:208} INFO - Processing /opt/airflow/dags/urban_data_streaming_dag.py took 0.167 seconds
[2026-06-29T14:39:39.915+0000] {processor.py:186} INFO - Started process (PID=8755) to work on /opt/airflow/dags/urban_data_streaming_dag.py
[2026-06-29T14:39:39.917+0000] {processor.py:914} INFO - Processing file /opt/airflow/dags/urban_data_streaming_dag.py for tasks to queue
[2026-06-29T14:39:39.922+0000] {logging_mixin.py:190} INFO - [2026-06-29T14:39:39.921+0000] {dagbag.py:588} INFO - Filling up the DagBag from /opt/airflow/dags/urban_data_streaming_dag.py
[2026-06-29T14:39:39.986+0000] {processor.py:925} INFO - DAG(s) 'urban_data_streaming_demo' retrieved from /opt/airflow/dags/urban_data_streaming_dag.py
[2026-06-29T14:39:40.049+0000] {logging_mixin.py:190} INFO - [2026-06-29T14:39:40.049+0000] {dag.py:3239} INFO - Sync 1 DAGs
[2026-06-29T14:39:40.076+0000] {logging_mixin.py:190} INFO - [2026-06-29T14:39:40.075+0000] {dag.py:4180} INFO - Setting next_dagrun for urban_data_streaming_demo to None, run_after=None
[2026-06-29T14:39:40.121+0000] {processor.py:208} INFO - Processing /opt/airflow/dags/urban_data_streaming_dag.py took 0.218 seconds
[2026-06-29T14:40:10.316+0000] {processor.py:186} INFO - Started process (PID=8773) to work on /opt/airflow/dags/urban_data_streaming_dag.py
[2026-06-29T14:40:10.321+0000] {processor.py:914} INFO - Processing file /opt/airflow/dags/urban_data_streaming_dag.py for tasks to queue
[2026-06-29T14:40:10.326+0000] {logging_mixin.py:190} INFO - [2026-06-29T14:40:10.326+0000] {dagbag.py:588} INFO - Filling up the DagBag from /opt/airflow/dags/urban_data_streaming_dag.py
[2026-06-29T14:40:10.376+0000] {processor.py:925} INFO - DAG(s) 'urban_data_streaming_demo' retrieved from /opt/airflow/dags/urban_data_streaming_dag.py
[2026-06-29T14:40:10.439+0000] {logging_mixin.py:190} INFO - [2026-06-29T14:40:10.439+0000] {dag.py:3239} INFO - Sync 1 DAGs
[2026-06-29T14:40:10.465+0000] {logging_mixin.py:190} INFO - [2026-06-29T14:40:10.465+0000] {dag.py:4180} INFO - Setting next_dagrun for urban_data_streaming_demo to None, run_after=None
[2026-06-29T14:40:10.500+0000] {processor.py:208} INFO - Processing /opt/airflow/dags/urban_data_streaming_dag.py took 0.197 seconds
[2026-06-29T14:40:40.604+0000] {processor.py:186} INFO - Started process (PID=8791) to work on /opt/airflow/dags/urban_data_streaming_dag.py
[2026-06-29T14:40:40.608+0000] {processor.py:914} INFO - Processing file /opt/airflow/dags/urban_data_streaming_dag.py for tasks to queue
[2026-06-29T14:40:40.613+0000] {logging_mixin.py:190} INFO - [2026-06-29T14:40:40.612+0000] {dagbag.py:588} INFO - Filling up the DagBag from /opt/airflow/dags/urban_data_streaming_dag.py
[2026-06-29T14:40:40.648+0000] {processor.py:925} INFO - DAG(s) 'urban_data_streaming_demo' retrieved from /opt/airflow/dags/urban_data_streaming_dag.py
[2026-06-29T14:40:40.681+0000] {logging_mixin.py:190} INFO - [2026-06-29T14:40:40.681+0000] {dag.py:3239} INFO - Sync 1 DAGs
[2026-06-29T14:40:40.701+0000] {logging_mixin.py:190} INFO - [2026-06-29T14:40:40.701+0000] {dag.py:4180} INFO - Setting next_dagrun for urban_data_streaming_demo to None, run_after=None
[2026-06-29T14:40:40.754+0000] {processor.py:208} INFO - Processing /opt/airflow/dags/urban_data_streaming_dag.py took 0.158 seconds
[2026-06-29T14:41:11.163+0000] {processor.py:186} INFO - Started process (PID=8809) to work on /opt/airflow/dags/urban_data_streaming_dag.py
[2026-06-29T14:41:11.165+0000] {processor.py:914} INFO - Processing file /opt/airflow/dags/urban_data_streaming_dag.py for tasks to queue
[2026-06-29T14:41:11.173+0000] {logging_mixin.py:190} INFO - [2026-06-29T14:41:11.173+0000] {dagbag.py:588} INFO - Filling up the DagBag from /opt/airflow/dags/urban_data_streaming_dag.py
[2026-06-29T14:41:11.232+0000] {processor.py:925} INFO - DAG(s) 'urban_data_streaming_demo' retrieved from /opt/airflow/dags/urban_data_streaming_dag.py
[2026-06-29T14:41:11.276+0000] {logging_mixin.py:190} INFO - [2026-06-29T14:41:11.275+0000] {dag.py:3239} INFO - Sync 1 DAGs
[2026-06-29T14:41:11.301+0000] {logging_mixin.py:190} INFO - [2026-06-29T14:41:11.300+0000] {dag.py:4180} INFO - Setting next_dagrun for urban_data_streaming_demo to None, run_after=None
[2026-06-29T14:41:11.341+0000] {processor.py:208} INFO - Processing /opt/airflow/dags/urban_data_streaming_dag.py took 0.196 seconds
[2026-06-29T14:41:42.004+0000] {processor.py:186} INFO - Started process (PID=8826) to work on /opt/airflow/dags/urban_data_streaming_dag.py
[2026-06-29T14:41:42.006+0000] {processor.py:914} INFO - Processing file /opt/airflow/dags/urban_data_streaming_dag.py for tasks to queue
[2026-06-29T14:41:42.009+0000] {logging_mixin.py:190} INFO - [2026-06-29T14:41:42.009+0000] {dagbag.py:588} INFO - Filling up the DagBag from /opt/airflow/dags/urban_data_streaming_dag.py
[2026-06-29T14:41:42.043+0000] {processor.py:925} INFO - DAG(s) 'urban_data_streaming_demo' retrieved from /opt/airflow/dags/urban_data_streaming_dag.py
[2026-06-29T14:41:42.086+0000] {logging_mixin.py:190} INFO - [2026-06-29T14:41:42.086+0000] {dag.py:3239} INFO - Sync 1 DAGs
[2026-06-29T14:41:42.105+0000] {logging_mixin.py:190} INFO - [2026-06-29T14:41:42.105+0000] {dag.py:4180} INFO - Setting next_dagrun for urban_data_streaming_demo to None, run_after=None
[2026-06-29T14:41:42.137+0000] {processor.py:208} INFO - Processing /opt/airflow/dags/urban_data_streaming_dag.py took 0.140 seconds
[2026-06-29T14:42:12.873+0000] {processor.py:186} INFO - Started process (PID=8837) to work on /opt/airflow/dags/urban_data_streaming_dag.py
[2026-06-29T14:42:12.875+0000] {processor.py:914} INFO - Processing file /opt/airflow/dags/urban_data_streaming_dag.py for tasks to queue
[2026-06-29T14:42:12.881+0000] {logging_mixin.py:190} INFO - [2026-06-29T14:42:12.881+0000] {dagbag.py:588} INFO - Filling up the DagBag from /opt/airflow/dags/urban_data_streaming_dag.py
[2026-06-29T14:42:12.959+0000] {processor.py:925} INFO - DAG(s) 'urban_data_streaming_demo' retrieved from /opt/airflow/dags/urban_data_streaming_dag.py
[2026-06-29T14:42:13.049+0000] {logging_mixin.py:190} INFO - [2026-06-29T14:42:13.049+0000] {dag.py:3239} INFO - Sync 1 DAGs
[2026-06-29T14:42:13.071+0000] {logging_mixin.py:190} INFO - [2026-06-29T14:42:13.071+0000] {dag.py:4180} INFO - Setting next_dagrun for urban_data_streaming_demo to None, run_after=None
[2026-06-29T14:42:13.127+0000] {processor.py:208} INFO - Processing /opt/airflow/dags/urban_data_streaming_dag.py took 0.273 seconds
[2026-06-29T14:42:43.480+0000] {processor.py:186} INFO - Started process (PID=8855) to work on /opt/airflow/dags/urban_data_streaming_dag.py
[2026-06-29T14:42:43.484+0000] {processor.py:914} INFO - Processing file /opt/airflow/dags/urban_data_streaming_dag.py for tasks to queue
[2026-06-29T14:42:43.492+0000] {logging_mixin.py:190} INFO - [2026-06-29T14:42:43.491+0000] {dagbag.py:588} INFO - Filling up the DagBag from /opt/airflow/dags/urban_data_streaming_dag.py
[2026-06-29T14:42:43.540+0000] {processor.py:925} INFO - DAG(s) 'urban_data_streaming_demo' retrieved from /opt/airflow/dags/urban_data_streaming_dag.py
[2026-06-29T14:42:43.590+0000] {logging_mixin.py:190} INFO - [2026-06-29T14:42:43.590+0000] {dag.py:3239} INFO - Sync 1 DAGs
[2026-06-29T14:42:43.624+0000] {logging_mixin.py:190} INFO - [2026-06-29T14:42:43.623+0000] {dag.py:4180} INFO - Setting next_dagrun for urban_data_streaming_demo to None, run_after=None
[2026-06-29T14:42:43.736+0000] {processor.py:208} INFO - Processing /opt/airflow/dags/urban_data_streaming_dag.py took 0.265 seconds
[2026-06-29T14:43:14.522+0000] {processor.py:186} INFO - Started process (PID=8873) to work on /opt/airflow/dags/urban_data_streaming_dag.py
[2026-06-29T14:43:14.526+0000] {processor.py:914} INFO - Processing file /opt/airflow/dags/urban_data_streaming_dag.py for tasks to queue
[2026-06-29T14:43:14.536+0000] {logging_mixin.py:190} INFO - [2026-06-29T14:43:14.535+0000] {dagbag.py:588} INFO - Filling up the DagBag from /opt/airflow/dags/urban_data_streaming_dag.py
[2026-06-29T14:43:14.677+0000] {processor.py:925} INFO - DAG(s) 'urban_data_streaming_demo' retrieved from /opt/airflow/dags/urban_data_streaming_dag.py
[2026-06-29T14:43:14.746+0000] {logging_mixin.py:190} INFO - [2026-06-29T14:43:14.745+0000] {dag.py:3239} INFO - Sync 1 DAGs
[2026-06-29T14:43:14.769+0000] {logging_mixin.py:190} INFO - [2026-06-29T14:43:14.769+0000] {dag.py:4180} INFO - Setting next_dagrun for urban_data_streaming_demo to None, run_after=None
[2026-06-29T14:43:14.833+0000] {processor.py:208} INFO - Processing /opt/airflow/dags/urban_data_streaming_dag.py took 0.343 seconds
[2026-06-29T14:43:45.365+0000] {processor.py:186} INFO - Started process (PID=8891) to work on /opt/airflow/dags/urban_data_streaming_dag.py
[2026-06-29T14:43:45.368+0000] {processor.py:914} INFO - Processing file /opt/airflow/dags/urban_data_streaming_dag.py for tasks to queue
[2026-06-29T14:43:45.373+0000] {logging_mixin.py:190} INFO - [2026-06-29T14:43:45.373+0000] {dagbag.py:588} INFO - Filling up the DagBag from /opt/airflow/dags/urban_data_streaming_dag.py
[2026-06-29T14:43:45.458+0000] {processor.py:925} INFO - DAG(s) 'urban_data_streaming_demo' retrieved from /opt/airflow/dags/urban_data_streaming_dag.py
[2026-06-29T14:43:45.518+0000] {logging_mixin.py:190} INFO - [2026-06-29T14:43:45.518+0000] {dag.py:3239} INFO - Sync 1 DAGs
[2026-06-29T14:43:45.538+0000] {logging_mixin.py:190} INFO - [2026-06-29T14:43:45.537+0000] {dag.py:4180} INFO - Setting next_dagrun for urban_data_streaming_demo to None, run_after=None
[2026-06-29T14:43:45.577+0000] {processor.py:208} INFO - Processing /opt/airflow/dags/urban_data_streaming_dag.py took 0.223 seconds
[2026-06-29T14:44:15.917+0000] {processor.py:186} INFO - Started process (PID=8909) to work on /opt/airflow/dags/urban_data_streaming_dag.py
[2026-06-29T14:44:15.919+0000] {processor.py:914} INFO - Processing file /opt/airflow/dags/urban_data_streaming_dag.py for tasks to queue
[2026-06-29T14:44:15.923+0000] {logging_mixin.py:190} INFO - [2026-06-29T14:44:15.922+0000] {dagbag.py:588} INFO - Filling up the DagBag from /opt/airflow/dags/urban_data_streaming_dag.py
[2026-06-29T14:44:15.979+0000] {processor.py:925} INFO - DAG(s) 'urban_data_streaming_demo' retrieved from /opt/airflow/dags/urban_data_streaming_dag.py
[2026-06-29T14:44:16.023+0000] {logging_mixin.py:190} INFO - [2026-06-29T14:44:16.023+0000] {dag.py:3239} INFO - Sync 1 DAGs
[2026-06-29T14:44:16.041+0000] {logging_mixin.py:190} INFO - [2026-06-29T14:44:16.041+0000] {dag.py:4180} INFO - Setting next_dagrun for urban_data_streaming_demo to None, run_after=None
[2026-06-29T14:44:16.073+0000] {processor.py:208} INFO - Processing /opt/airflow/dags/urban_data_streaming_dag.py took 0.165 seconds
[2026-06-29T14:44:46.313+0000] {processor.py:186} INFO - Started process (PID=8926) to work on /opt/airflow/dags/urban_data_streaming_dag.py
[2026-06-29T14:44:46.317+0000] {processor.py:914} INFO - Processing file /opt/airflow/dags/urban_data_streaming_dag.py for tasks to queue
[2026-06-29T14:44:46.322+0000] {logging_mixin.py:190} INFO - [2026-06-29T14:44:46.321+0000] {dagbag.py:588} INFO - Filling up the DagBag from /opt/airflow/dags/urban_data_streaming_dag.py
[2026-06-29T14:44:46.454+0000] {processor.py:925} INFO - DAG(s) 'urban_data_streaming_demo' retrieved from /opt/airflow/dags/urban_data_streaming_dag.py
[2026-06-29T14:44:46.517+0000] {logging_mixin.py:190} INFO - [2026-06-29T14:44:46.516+0000] {dag.py:3239} INFO - Sync 1 DAGs
[2026-06-29T14:44:46.542+0000] {logging_mixin.py:190} INFO - [2026-06-29T14:44:46.542+0000] {dag.py:4180} INFO - Setting next_dagrun for urban_data_streaming_demo to None, run_after=None
[2026-06-29T14:44:46.591+0000] {processor.py:208} INFO - Processing /opt/airflow/dags/urban_data_streaming_dag.py took 0.294 seconds
[2026-06-29T14:45:17.133+0000] {processor.py:186} INFO - Started process (PID=8937) to work on /opt/airflow/dags/urban_data_streaming_dag.py
[2026-06-29T14:45:17.137+0000] {processor.py:914} INFO - Processing file /opt/airflow/dags/urban_data_streaming_dag.py for tasks to queue
[2026-06-29T14:45:17.147+0000] {logging_mixin.py:190} INFO - [2026-06-29T14:45:17.146+0000] {dagbag.py:588} INFO - Filling up the DagBag from /opt/airflow/dags/urban_data_streaming_dag.py
[2026-06-29T14:45:17.228+0000] {processor.py:925} INFO - DAG(s) 'urban_data_streaming_demo' retrieved from /opt/airflow/dags/urban_data_streaming_dag.py
[2026-06-29T14:45:17.318+0000] {logging_mixin.py:190} INFO - [2026-06-29T14:45:17.318+0000] {dag.py:3239} INFO - Sync 1 DAGs
[2026-06-29T14:45:17.350+0000] {logging_mixin.py:190} INFO - [2026-06-29T14:45:17.350+0000] {dag.py:4180} INFO - Setting next_dagrun for urban_data_streaming_demo to None, run_after=None
[2026-06-29T14:45:17.407+0000] {processor.py:208} INFO - Processing /opt/airflow/dags/urban_data_streaming_dag.py took 0.300 seconds
[2026-06-29T14:45:48.074+0000] {processor.py:186} INFO - Started process (PID=8955) to work on /opt/airflow/dags/urban_data_streaming_dag.py
[2026-06-29T14:45:48.076+0000] {processor.py:914} INFO - Processing file /opt/airflow/dags/urban_data_streaming_dag.py for tasks to queue
[2026-06-29T14:45:48.080+0000] {logging_mixin.py:190} INFO - [2026-06-29T14:45:48.080+0000] {dagbag.py:588} INFO - Filling up the DagBag from /opt/airflow/dags/urban_data_streaming_dag.py
[2026-06-29T14:45:48.124+0000] {processor.py:925} INFO - DAG(s) 'urban_data_streaming_demo' retrieved from /opt/airflow/dags/urban_data_streaming_dag.py
[2026-06-29T14:45:48.174+0000] {logging_mixin.py:190} INFO - [2026-06-29T14:45:48.174+0000] {dag.py:3239} INFO - Sync 1 DAGs
[2026-06-29T14:45:48.197+0000] {logging_mixin.py:190} INFO - [2026-06-29T14:45:48.197+0000] {dag.py:4180} INFO - Setting next_dagrun for urban_data_streaming_demo to None, run_after=None
[2026-06-29T14:45:48.241+0000] {processor.py:208} INFO - Processing /opt/airflow/dags/urban_data_streaming_dag.py took 0.175 seconds
[2026-06-29T14:46:18.909+0000] {processor.py:186} INFO - Started process (PID=8973) to work on /opt/airflow/dags/urban_data_streaming_dag.py
[2026-06-29T14:46:18.912+0000] {processor.py:914} INFO - Processing file /opt/airflow/dags/urban_data_streaming_dag.py for tasks to queue
[2026-06-29T14:46:18.918+0000] {logging_mixin.py:190} INFO - [2026-06-29T14:46:18.917+0000] {dagbag.py:588} INFO - Filling up the DagBag from /opt/airflow/dags/urban_data_streaming_dag.py
[2026-06-29T14:46:18.964+0000] {processor.py:925} INFO - DAG(s) 'urban_data_streaming_demo' retrieved from /opt/airflow/dags/urban_data_streaming_dag.py
[2026-06-29T14:46:19.024+0000] {logging_mixin.py:190} INFO - [2026-06-29T14:46:19.023+0000] {dag.py:3239} INFO - Sync 1 DAGs
[2026-06-29T14:46:19.053+0000] {logging_mixin.py:190} INFO - [2026-06-29T14:46:19.052+0000] {dag.py:4180} INFO - Setting next_dagrun for urban_data_streaming_demo to None, run_after=None
[2026-06-29T14:46:19.128+0000] {processor.py:208} INFO - Processing /opt/airflow/dags/urban_data_streaming_dag.py took 0.228 seconds
[2026-06-29T14:46:49.860+0000] {processor.py:186} INFO - Started process (PID=8991) to work on /opt/airflow/dags/urban_data_streaming_dag.py
[2026-06-29T14:46:49.863+0000] {processor.py:914} INFO - Processing file /opt/airflow/dags/urban_data_streaming_dag.py for tasks to queue
[2026-06-29T14:46:49.868+0000] {logging_mixin.py:190} INFO - [2026-06-29T14:46:49.867+0000] {dagbag.py:588} INFO - Filling up the DagBag from /opt/airflow/dags/urban_data_streaming_dag.py
[2026-06-29T14:46:49.927+0000] {processor.py:925} INFO - DAG(s) 'urban_data_streaming_demo' retrieved from /opt/airflow/dags/urban_data_streaming_dag.py
[2026-06-29T14:46:49.981+0000] {logging_mixin.py:190} INFO - [2026-06-29T14:46:49.981+0000] {dag.py:3239} INFO - Sync 1 DAGs
[2026-06-29T14:46:50.008+0000] {logging_mixin.py:190} INFO - [2026-06-29T14:46:50.008+0000] {dag.py:4180} INFO - Setting next_dagrun for urban_data_streaming_demo to None, run_after=None
[2026-06-29T14:46:50.051+0000] {processor.py:208} INFO - Processing /opt/airflow/dags/urban_data_streaming_dag.py took 0.200 seconds
[2026-06-29T14:47:21.110+0000] {processor.py:186} INFO - Started process (PID=9009) to work on /opt/airflow/dags/urban_data_streaming_dag.py
[2026-06-29T14:47:21.114+0000] {processor.py:914} INFO - Processing file /opt/airflow/dags/urban_data_streaming_dag.py for tasks to queue
[2026-06-29T14:47:21.120+0000] {logging_mixin.py:190} INFO - [2026-06-29T14:47:21.119+0000] {dagbag.py:588} INFO - Filling up the DagBag from /opt/airflow/dags/urban_data_streaming_dag.py
[2026-06-29T14:47:21.193+0000] {processor.py:925} INFO - DAG(s) 'urban_data_streaming_demo' retrieved from /opt/airflow/dags/urban_data_streaming_dag.py
[2026-06-29T14:47:21.262+0000] {logging_mixin.py:190} INFO - [2026-06-29T14:47:21.261+0000] {dag.py:3239} INFO - Sync 1 DAGs
[2026-06-29T14:47:21.302+0000] {logging_mixin.py:190} INFO - [2026-06-29T14:47:21.302+0000] {dag.py:4180} INFO - Setting next_dagrun for urban_data_streaming_demo to None, run_after=None
[2026-06-29T14:47:21.337+0000] {processor.py:208} INFO - Processing /opt/airflow/dags/urban_data_streaming_dag.py took 0.236 seconds
[2026-06-29T14:47:52.068+0000] {processor.py:186} INFO - Started process (PID=9026) to work on /opt/airflow/dags/urban_data_streaming_dag.py
[2026-06-29T14:47:52.077+0000] {processor.py:914} INFO - Processing file /opt/airflow/dags/urban_data_streaming_dag.py for tasks to queue
[2026-06-29T14:47:52.096+0000] {logging_mixin.py:190} INFO - [2026-06-29T14:47:52.095+0000] {dagbag.py:588} INFO - Filling up the DagBag from /opt/airflow/dags/urban_data_streaming_dag.py
[2026-06-29T14:47:52.281+0000] {processor.py:925} INFO - DAG(s) 'urban_data_streaming_demo' retrieved from /opt/airflow/dags/urban_data_streaming_dag.py
[2026-06-29T14:47:52.411+0000] {logging_mixin.py:190} INFO - [2026-06-29T14:47:52.410+0000] {dag.py:3239} INFO - Sync 1 DAGs
[2026-06-29T14:47:52.455+0000] {logging_mixin.py:190} INFO - [2026-06-29T14:47:52.455+0000] {dag.py:4180} INFO - Setting next_dagrun for urban_data_streaming_demo to None, run_after=None
[2026-06-29T14:47:52.525+0000] {processor.py:208} INFO - Processing /opt/airflow/dags/urban_data_streaming_dag.py took 0.479 seconds
[2026-06-29T14:48:22.774+0000] {processor.py:186} INFO - Started process (PID=9037) to work on /opt/airflow/dags/urban_data_streaming_dag.py
[2026-06-29T14:48:22.777+0000] {processor.py:914} INFO - Processing file /opt/airflow/dags/urban_data_streaming_dag.py for tasks to queue
[2026-06-29T14:48:22.784+0000] {logging_mixin.py:190} INFO - [2026-06-29T14:48:22.784+0000] {dagbag.py:588} INFO - Filling up the DagBag from /opt/airflow/dags/urban_data_streaming_dag.py
[2026-06-29T14:48:22.853+0000] {processor.py:925} INFO - DAG(s) 'urban_data_streaming_demo' retrieved from /opt/airflow/dags/urban_data_streaming_dag.py
[2026-06-29T14:48:22.947+0000] {logging_mixin.py:190} INFO - [2026-06-29T14:48:22.946+0000] {dag.py:3239} INFO - Sync 1 DAGs
[2026-06-29T14:48:22.976+0000] {logging_mixin.py:190} INFO - [2026-06-29T14:48:22.975+0000] {dag.py:4180} INFO - Setting next_dagrun for urban_data_streaming_demo to None, run_after=None
[2026-06-29T14:48:23.071+0000] {processor.py:208} INFO - Processing /opt/airflow/dags/urban_data_streaming_dag.py took 0.309 seconds
[2026-06-29T14:48:54.191+0000] {processor.py:186} INFO - Started process (PID=9055) to work on /opt/airflow/dags/urban_data_streaming_dag.py
[2026-06-29T14:48:54.195+0000] {processor.py:914} INFO - Processing file /opt/airflow/dags/urban_data_streaming_dag.py for tasks to queue
[2026-06-29T14:48:54.201+0000] {logging_mixin.py:190} INFO - [2026-06-29T14:48:54.200+0000] {dagbag.py:588} INFO - Filling up the DagBag from /opt/airflow/dags/urban_data_streaming_dag.py
[2026-06-29T14:48:54.437+0000] {processor.py:925} INFO - DAG(s) 'urban_data_streaming_demo' retrieved from /opt/airflow/dags/urban_data_streaming_dag.py
[2026-06-29T14:48:54.525+0000] {logging_mixin.py:190} INFO - [2026-06-29T14:48:54.525+0000] {dag.py:3239} INFO - Sync 1 DAGs
[2026-06-29T14:48:54.571+0000] {logging_mixin.py:190} INFO - [2026-06-29T14:48:54.570+0000] {dag.py:4180} INFO - Setting next_dagrun for urban_data_streaming_demo to None, run_after=None
[2026-06-29T14:48:54.628+0000] {processor.py:208} INFO - Processing /opt/airflow/dags/urban_data_streaming_dag.py took 0.460 seconds
[2026-06-29T14:49:25.324+0000] {processor.py:186} INFO - Started process (PID=9073) to work on /opt/airflow/dags/urban_data_streaming_dag.py
[2026-06-29T14:49:25.331+0000] {processor.py:914} INFO - Processing file /opt/airflow/dags/urban_data_streaming_dag.py for tasks to queue
[2026-06-29T14:49:25.344+0000] {logging_mixin.py:190} INFO - [2026-06-29T14:49:25.343+0000] {dagbag.py:588} INFO - Filling up the DagBag from /opt/airflow/dags/urban_data_streaming_dag.py
[2026-06-29T14:49:25.447+0000] {processor.py:925} INFO - DAG(s) 'urban_data_streaming_demo' retrieved from /opt/airflow/dags/urban_data_streaming_dag.py
[2026-06-29T14:49:25.528+0000] {logging_mixin.py:190} INFO - [2026-06-29T14:49:25.528+0000] {dag.py:3239} INFO - Sync 1 DAGs
[2026-06-29T14:49:25.552+0000] {logging_mixin.py:190} INFO - [2026-06-29T14:49:25.551+0000] {dag.py:4180} INFO - Setting next_dagrun for urban_data_streaming_demo to None, run_after=None
[2026-06-29T14:49:25.607+0000] {processor.py:208} INFO - Processing /opt/airflow/dags/urban_data_streaming_dag.py took 0.308 seconds
[2026-06-29T14:49:56.357+0000] {processor.py:186} INFO - Started process (PID=9091) to work on /opt/airflow/dags/urban_data_streaming_dag.py
[2026-06-29T14:49:56.360+0000] {processor.py:914} INFO - Processing file /opt/airflow/dags/urban_data_streaming_dag.py for tasks to queue
[2026-06-29T14:49:56.364+0000] {logging_mixin.py:190} INFO - [2026-06-29T14:49:56.364+0000] {dagbag.py:588} INFO - Filling up the DagBag from /opt/airflow/dags/urban_data_streaming_dag.py
[2026-06-29T14:49:56.419+0000] {processor.py:925} INFO - DAG(s) 'urban_data_streaming_demo' retrieved from /opt/airflow/dags/urban_data_streaming_dag.py
[2026-06-29T14:49:56.460+0000] {logging_mixin.py:190} INFO - [2026-06-29T14:49:56.460+0000] {dag.py:3239} INFO - Sync 1 DAGs
[2026-06-29T14:49:56.480+0000] {logging_mixin.py:190} INFO - [2026-06-29T14:49:56.480+0000] {dag.py:4180} INFO - Setting next_dagrun for urban_data_streaming_demo to None, run_after=None
[2026-06-29T14:49:56.516+0000] {processor.py:208} INFO - Processing /opt/airflow/dags/urban_data_streaming_dag.py took 0.168 seconds
[2026-06-29T14:50:27.034+0000] {processor.py:186} INFO - Started process (PID=9109) to work on /opt/airflow/dags/urban_data_streaming_dag.py
[2026-06-29T14:50:27.036+0000] {processor.py:914} INFO - Processing file /opt/airflow/dags/urban_data_streaming_dag.py for tasks to queue
[2026-06-29T14:50:27.040+0000] {logging_mixin.py:190} INFO - [2026-06-29T14:50:27.040+0000] {dagbag.py:588} INFO - Filling up the DagBag from /opt/airflow/dags/urban_data_streaming_dag.py
[2026-06-29T14:50:27.083+0000] {processor.py:925} INFO - DAG(s) 'urban_data_streaming_demo' retrieved from /opt/airflow/dags/urban_data_streaming_dag.py
[2026-06-29T14:50:27.137+0000] {logging_mixin.py:190} INFO - [2026-06-29T14:50:27.136+0000] {dag.py:3239} INFO - Sync 1 DAGs
[2026-06-29T14:50:27.165+0000] {logging_mixin.py:190} INFO - [2026-06-29T14:50:27.165+0000] {dag.py:4180} INFO - Setting next_dagrun for urban_data_streaming_demo to None, run_after=None
[2026-06-29T14:50:27.202+0000] {processor.py:208} INFO - Processing /opt/airflow/dags/urban_data_streaming_dag.py took 0.177 seconds
[2026-06-29T14:50:57.975+0000] {processor.py:186} INFO - Started process (PID=9127) to work on /opt/airflow/dags/urban_data_streaming_dag.py
[2026-06-29T14:50:57.981+0000] {processor.py:914} INFO - Processing file /opt/airflow/dags/urban_data_streaming_dag.py for tasks to queue
[2026-06-29T14:50:57.988+0000] {logging_mixin.py:190} INFO - [2026-06-29T14:50:57.987+0000] {dagbag.py:588} INFO - Filling up the DagBag from /opt/airflow/dags/urban_data_streaming_dag.py
[2026-06-29T14:50:58.072+0000] {processor.py:925} INFO - DAG(s) 'urban_data_streaming_demo' retrieved from /opt/airflow/dags/urban_data_streaming_dag.py
[2026-06-29T14:50:58.141+0000] {logging_mixin.py:190} INFO - [2026-06-29T14:50:58.139+0000] {dag.py:3239} INFO - Sync 1 DAGs
[2026-06-29T14:50:58.177+0000] {logging_mixin.py:190} INFO - [2026-06-29T14:50:58.176+0000] {dag.py:4180} INFO - Setting next_dagrun for urban_data_streaming_demo to None, run_after=None
[2026-06-29T14:50:58.240+0000] {processor.py:208} INFO - Processing /opt/airflow/dags/urban_data_streaming_dag.py took 0.281 seconds
[2026-06-29T14:51:29.020+0000] {processor.py:186} INFO - Started process (PID=9144) to work on /opt/airflow/dags/urban_data_streaming_dag.py
[2026-06-29T14:51:29.022+0000] {processor.py:914} INFO - Processing file /opt/airflow/dags/urban_data_streaming_dag.py for tasks to queue
[2026-06-29T14:51:29.028+0000] {logging_mixin.py:190} INFO - [2026-06-29T14:51:29.027+0000] {dagbag.py:588} INFO - Filling up the DagBag from /opt/airflow/dags/urban_data_streaming_dag.py
[2026-06-29T14:51:29.084+0000] {processor.py:925} INFO - DAG(s) 'urban_data_streaming_demo' retrieved from /opt/airflow/dags/urban_data_streaming_dag.py
[2026-06-29T14:51:29.136+0000] {logging_mixin.py:190} INFO - [2026-06-29T14:51:29.136+0000] {dag.py:3239} INFO - Sync 1 DAGs
[2026-06-29T14:51:29.165+0000] {logging_mixin.py:190} INFO - [2026-06-29T14:51:29.164+0000] {dag.py:4180} INFO - Setting next_dagrun for urban_data_streaming_demo to None, run_after=None
[2026-06-29T14:51:29.201+0000] {processor.py:208} INFO - Processing /opt/airflow/dags/urban_data_streaming_dag.py took 0.194 seconds
[2026-06-29T14:51:59.895+0000] {processor.py:186} INFO - Started process (PID=9155) to work on /opt/airflow/dags/urban_data_streaming_dag.py
[2026-06-29T14:51:59.902+0000] {processor.py:914} INFO - Processing file /opt/airflow/dags/urban_data_streaming_dag.py for tasks to queue
[2026-06-29T14:51:59.914+0000] {logging_mixin.py:190} INFO - [2026-06-29T14:51:59.912+0000] {dagbag.py:588} INFO - Filling up the DagBag from /opt/airflow/dags/urban_data_streaming_dag.py
[2026-06-29T14:52:00.051+0000] {processor.py:925} INFO - DAG(s) 'urban_data_streaming_demo' retrieved from /opt/airflow/dags/urban_data_streaming_dag.py
[2026-06-29T14:52:00.159+0000] {logging_mixin.py:190} INFO - [2026-06-29T14:52:00.159+0000] {dag.py:3239} INFO - Sync 1 DAGs
[2026-06-29T14:52:00.208+0000] {logging_mixin.py:190} INFO - [2026-06-29T14:52:00.208+0000] {dag.py:4180} INFO - Setting next_dagrun for urban_data_streaming_demo to None, run_after=None
[2026-06-29T14:52:00.270+0000] {processor.py:208} INFO - Processing /opt/airflow/dags/urban_data_streaming_dag.py took 0.405 seconds
[2026-06-29T14:52:31.377+0000] {processor.py:186} INFO - Started process (PID=9173) to work on /opt/airflow/dags/urban_data_streaming_dag.py
[2026-06-29T14:52:31.379+0000] {processor.py:914} INFO - Processing file /opt/airflow/dags/urban_data_streaming_dag.py for tasks to queue
[2026-06-29T14:52:31.385+0000] {logging_mixin.py:190} INFO - [2026-06-29T14:52:31.384+0000] {dagbag.py:588} INFO - Filling up the DagBag from /opt/airflow/dags/urban_data_streaming_dag.py
[2026-06-29T14:52:31.455+0000] {processor.py:925} INFO - DAG(s) 'urban_data_streaming_demo' retrieved from /opt/airflow/dags/urban_data_streaming_dag.py
[2026-06-29T14:52:31.534+0000] {logging_mixin.py:190} INFO - [2026-06-29T14:52:31.534+0000] {dag.py:3239} INFO - Sync 1 DAGs
[2026-06-29T14:52:31.568+0000] {logging_mixin.py:190} INFO - [2026-06-29T14:52:31.567+0000] {dag.py:4180} INFO - Setting next_dagrun for urban_data_streaming_demo to None, run_after=None
[2026-06-29T14:52:31.617+0000] {processor.py:208} INFO - Processing /opt/airflow/dags/urban_data_streaming_dag.py took 0.254 seconds
[2026-06-29T14:53:02.400+0000] {processor.py:186} INFO - Started process (PID=9191) to work on /opt/airflow/dags/urban_data_streaming_dag.py
[2026-06-29T14:53:02.403+0000] {processor.py:914} INFO - Processing file /opt/airflow/dags/urban_data_streaming_dag.py for tasks to queue
[2026-06-29T14:53:02.410+0000] {logging_mixin.py:190} INFO - [2026-06-29T14:53:02.409+0000] {dagbag.py:588} INFO - Filling up the DagBag from /opt/airflow/dags/urban_data_streaming_dag.py
[2026-06-29T14:53:02.498+0000] {processor.py:925} INFO - DAG(s) 'urban_data_streaming_demo' retrieved from /opt/airflow/dags/urban_data_streaming_dag.py
[2026-06-29T14:53:02.555+0000] {logging_mixin.py:190} INFO - [2026-06-29T14:53:02.555+0000] {dag.py:3239} INFO - Sync 1 DAGs
[2026-06-29T14:53:02.577+0000] {logging_mixin.py:190} INFO - [2026-06-29T14:53:02.577+0000] {dag.py:4180} INFO - Setting next_dagrun for urban_data_streaming_demo to None, run_after=None
[2026-06-29T14:53:02.622+0000] {processor.py:208} INFO - Processing /opt/airflow/dags/urban_data_streaming_dag.py took 0.233 seconds
[2026-06-29T14:53:33.295+0000] {processor.py:186} INFO - Started process (PID=9209) to work on /opt/airflow/dags/urban_data_streaming_dag.py
[2026-06-29T14:53:33.298+0000] {processor.py:914} INFO - Processing file /opt/airflow/dags/urban_data_streaming_dag.py for tasks to queue
[2026-06-29T14:53:33.303+0000] {logging_mixin.py:190} INFO - [2026-06-29T14:53:33.303+0000] {dagbag.py:588} INFO - Filling up the DagBag from /opt/airflow/dags/urban_data_streaming_dag.py
[2026-06-29T14:53:33.343+0000] {processor.py:925} INFO - DAG(s) 'urban_data_streaming_demo' retrieved from /opt/airflow/dags/urban_data_streaming_dag.py
[2026-06-29T14:53:33.392+0000] {logging_mixin.py:190} INFO - [2026-06-29T14:53:33.392+0000] {dag.py:3239} INFO - Sync 1 DAGs
[2026-06-29T14:53:33.415+0000] {logging_mixin.py:190} INFO - [2026-06-29T14:53:33.415+0000] {dag.py:4180} INFO - Setting next_dagrun for urban_data_streaming_demo to None, run_after=None
[2026-06-29T14:53:33.460+0000] {processor.py:208} INFO - Processing /opt/airflow/dags/urban_data_streaming_dag.py took 0.174 seconds
[2026-06-29T14:54:03.883+0000] {processor.py:186} INFO - Started process (PID=9226) to work on /opt/airflow/dags/urban_data_streaming_dag.py
[2026-06-29T14:54:03.885+0000] {processor.py:914} INFO - Processing file /opt/airflow/dags/urban_data_streaming_dag.py for tasks to queue
[2026-06-29T14:54:03.889+0000] {logging_mixin.py:190} INFO - [2026-06-29T14:54:03.888+0000] {dagbag.py:588} INFO - Filling up the DagBag from /opt/airflow/dags/urban_data_streaming_dag.py
[2026-06-29T14:54:03.937+0000] {processor.py:925} INFO - DAG(s) 'urban_data_streaming_demo' retrieved from /opt/airflow/dags/urban_data_streaming_dag.py
[2026-06-29T14:54:03.991+0000] {logging_mixin.py:190} INFO - [2026-06-29T14:54:03.991+0000] {dag.py:3239} INFO - Sync 1 DAGs
[2026-06-29T14:54:04.014+0000] {logging_mixin.py:190} INFO - [2026-06-29T14:54:04.014+0000] {dag.py:4180} INFO - Setting next_dagrun for urban_data_streaming_demo to None, run_after=None
[2026-06-29T14:54:04.050+0000] {processor.py:208} INFO - Processing /opt/airflow/dags/urban_data_streaming_dag.py took 0.179 seconds
[2026-06-29T14:54:34.956+0000] {processor.py:186} INFO - Started process (PID=9237) to work on /opt/airflow/dags/urban_data_streaming_dag.py
[2026-06-29T14:54:34.961+0000] {processor.py:914} INFO - Processing file /opt/airflow/dags/urban_data_streaming_dag.py for tasks to queue
[2026-06-29T14:54:34.970+0000] {logging_mixin.py:190} INFO - [2026-06-29T14:54:34.969+0000] {dagbag.py:588} INFO - Filling up the DagBag from /opt/airflow/dags/urban_data_streaming_dag.py
[2026-06-29T14:54:35.026+0000] {processor.py:925} INFO - DAG(s) 'urban_data_streaming_demo' retrieved from /opt/airflow/dags/urban_data_streaming_dag.py
[2026-06-29T14:54:35.097+0000] {logging_mixin.py:190} INFO - [2026-06-29T14:54:35.096+0000] {dag.py:3239} INFO - Sync 1 DAGs
[2026-06-29T14:54:35.124+0000] {logging_mixin.py:190} INFO - [2026-06-29T14:54:35.124+0000] {dag.py:4180} INFO - Setting next_dagrun for urban_data_streaming_demo to None, run_after=None
[2026-06-29T14:54:35.161+0000] {processor.py:208} INFO - Processing /opt/airflow/dags/urban_data_streaming_dag.py took 0.218 seconds
[2026-06-29T14:55:05.657+0000] {processor.py:186} INFO - Started process (PID=9255) to work on /opt/airflow/dags/urban_data_streaming_dag.py
[2026-06-29T14:55:05.659+0000] {processor.py:914} INFO - Processing file /opt/airflow/dags/urban_data_streaming_dag.py for tasks to queue
[2026-06-29T14:55:05.666+0000] {logging_mixin.py:190} INFO - [2026-06-29T14:55:05.665+0000] {dagbag.py:588} INFO - Filling up the DagBag from /opt/airflow/dags/urban_data_streaming_dag.py
[2026-06-29T14:55:05.736+0000] {processor.py:925} INFO - DAG(s) 'urban_data_streaming_demo' retrieved from /opt/airflow/dags/urban_data_streaming_dag.py
[2026-06-29T14:55:05.802+0000] {logging_mixin.py:190} INFO - [2026-06-29T14:55:05.802+0000] {dag.py:3239} INFO - Sync 1 DAGs
[2026-06-29T14:55:05.830+0000] {logging_mixin.py:190} INFO - [2026-06-29T14:55:05.829+0000] {dag.py:4180} INFO - Setting next_dagrun for urban_data_streaming_demo to None, run_after=None
[2026-06-29T14:55:05.873+0000] {processor.py:208} INFO - Processing /opt/airflow/dags/urban_data_streaming_dag.py took 0.232 seconds
[2026-06-29T14:55:36.630+0000] {processor.py:186} INFO - Started process (PID=9273) to work on /opt/airflow/dags/urban_data_streaming_dag.py
[2026-06-29T14:55:36.635+0000] {processor.py:914} INFO - Processing file /opt/airflow/dags/urban_data_streaming_dag.py for tasks to queue
[2026-06-29T14:55:36.643+0000] {logging_mixin.py:190} INFO - [2026-06-29T14:55:36.642+0000] {dagbag.py:588} INFO - Filling up the DagBag from /opt/airflow/dags/urban_data_streaming_dag.py
[2026-06-29T14:55:36.696+0000] {processor.py:925} INFO - DAG(s) 'urban_data_streaming_demo' retrieved from /opt/airflow/dags/urban_data_streaming_dag.py
[2026-06-29T14:55:36.767+0000] {logging_mixin.py:190} INFO - [2026-06-29T14:55:36.766+0000] {dag.py:3239} INFO - Sync 1 DAGs
[2026-06-29T14:55:36.814+0000] {logging_mixin.py:190} INFO - [2026-06-29T14:55:36.813+0000] {dag.py:4180} INFO - Setting next_dagrun for urban_data_streaming_demo to None, run_after=None
[2026-06-29T14:55:36.856+0000] {processor.py:208} INFO - Processing /opt/airflow/dags/urban_data_streaming_dag.py took 0.240 seconds
[2026-06-29T14:56:07.436+0000] {processor.py:186} INFO - Started process (PID=9291) to work on /opt/airflow/dags/urban_data_streaming_dag.py
[2026-06-29T14:56:07.439+0000] {processor.py:914} INFO - Processing file /opt/airflow/dags/urban_data_streaming_dag.py for tasks to queue
[2026-06-29T14:56:07.447+0000] {logging_mixin.py:190} INFO - [2026-06-29T14:56:07.447+0000] {dagbag.py:588} INFO - Filling up the DagBag from /opt/airflow/dags/urban_data_streaming_dag.py
[2026-06-29T14:56:07.612+0000] {processor.py:925} INFO - DAG(s) 'urban_data_streaming_demo' retrieved from /opt/airflow/dags/urban_data_streaming_dag.py
[2026-06-29T14:56:07.763+0000] {logging_mixin.py:190} INFO - [2026-06-29T14:56:07.763+0000] {dag.py:3239} INFO - Sync 1 DAGs
[2026-06-29T14:56:07.798+0000] {logging_mixin.py:190} INFO - [2026-06-29T14:56:07.797+0000] {dag.py:4180} INFO - Setting next_dagrun for urban_data_streaming_demo to None, run_after=None
[2026-06-29T14:56:07.915+0000] {processor.py:208} INFO - Processing /opt/airflow/dags/urban_data_streaming_dag.py took 0.489 seconds
[2026-06-29T14:56:38.577+0000] {processor.py:186} INFO - Started process (PID=9310) to work on /opt/airflow/dags/urban_data_streaming_dag.py
[2026-06-29T14:56:38.580+0000] {processor.py:914} INFO - Processing file /opt/airflow/dags/urban_data_streaming_dag.py for tasks to queue
[2026-06-29T14:56:38.590+0000] {logging_mixin.py:190} INFO - [2026-06-29T14:56:38.588+0000] {dagbag.py:588} INFO - Filling up the DagBag from /opt/airflow/dags/urban_data_streaming_dag.py
[2026-06-29T14:56:38.774+0000] {processor.py:925} INFO - DAG(s) 'urban_data_streaming_demo' retrieved from /opt/airflow/dags/urban_data_streaming_dag.py
[2026-06-29T14:56:38.850+0000] {logging_mixin.py:190} INFO - [2026-06-29T14:56:38.850+0000] {dag.py:3239} INFO - Sync 1 DAGs
[2026-06-29T14:56:38.873+0000] {logging_mixin.py:190} INFO - [2026-06-29T14:56:38.872+0000] {dag.py:4180} INFO - Setting next_dagrun for urban_data_streaming_demo to None, run_after=None
[2026-06-29T14:56:38.918+0000] {processor.py:208} INFO - Processing /opt/airflow/dags/urban_data_streaming_dag.py took 0.361 seconds
[2026-06-29T16:23:04.078+0000] {processor.py:186} INFO - Started process (PID=9327) to work on /opt/airflow/dags/urban_data_streaming_dag.py
[2026-06-29T16:23:04.123+0000] {processor.py:914} INFO - Processing file /opt/airflow/dags/urban_data_streaming_dag.py for tasks to queue
[2026-06-29T16:23:04.151+0000] {logging_mixin.py:190} INFO - [2026-06-29T16:23:04.150+0000] {dagbag.py:588} INFO - Filling up the DagBag from /opt/airflow/dags/urban_data_streaming_dag.py
[2026-06-29T16:23:05.654+0000] {processor.py:925} INFO - DAG(s) 'urban_data_streaming_demo' retrieved from /opt/airflow/dags/urban_data_streaming_dag.py
[2026-06-29T16:23:05.733+0000] {logging_mixin.py:190} INFO - [2026-06-29T16:23:05.733+0000] {dag.py:3239} INFO - Sync 1 DAGs
[2026-06-29T16:23:05.788+0000] {logging_mixin.py:190} INFO - [2026-06-29T16:23:05.788+0000] {dag.py:4180} INFO - Setting next_dagrun for urban_data_streaming_demo to None, run_after=None
[2026-06-29T16:23:06.031+0000] {processor.py:208} INFO - Processing /opt/airflow/dags/urban_data_streaming_dag.py took 1.962 seconds
[2026-06-29T16:23:39.621+0000] {processor.py:186} INFO - Started process (PID=9345) to work on /opt/airflow/dags/urban_data_streaming_dag.py
[2026-06-29T16:23:39.624+0000] {processor.py:914} INFO - Processing file /opt/airflow/dags/urban_data_streaming_dag.py for tasks to queue
[2026-06-29T16:23:39.629+0000] {logging_mixin.py:190} INFO - [2026-06-29T16:23:39.629+0000] {dagbag.py:588} INFO - Filling up the DagBag from /opt/airflow/dags/urban_data_streaming_dag.py
[2026-06-29T16:23:39.683+0000] {processor.py:925} INFO - DAG(s) 'urban_data_streaming_demo' retrieved from /opt/airflow/dags/urban_data_streaming_dag.py
[2026-06-29T16:23:39.756+0000] {logging_mixin.py:190} INFO - [2026-06-29T16:23:39.755+0000] {dag.py:3239} INFO - Sync 1 DAGs
[2026-06-29T16:23:39.793+0000] {logging_mixin.py:190} INFO - [2026-06-29T16:23:39.792+0000] {dag.py:4180} INFO - Setting next_dagrun for urban_data_streaming_demo to None, run_after=None
[2026-06-29T16:23:39.848+0000] {processor.py:208} INFO - Processing /opt/airflow/dags/urban_data_streaming_dag.py took 0.236 seconds
[2026-06-29T16:24:10.315+0000] {processor.py:186} INFO - Started process (PID=9356) to work on /opt/airflow/dags/urban_data_streaming_dag.py
[2026-06-29T16:24:10.316+0000] {processor.py:914} INFO - Processing file /opt/airflow/dags/urban_data_streaming_dag.py for tasks to queue
[2026-06-29T16:24:10.319+0000] {logging_mixin.py:190} INFO - [2026-06-29T16:24:10.318+0000] {dagbag.py:588} INFO - Filling up the DagBag from /opt/airflow/dags/urban_data_streaming_dag.py
[2026-06-29T16:24:10.362+0000] {processor.py:925} INFO - DAG(s) 'urban_data_streaming_demo' retrieved from /opt/airflow/dags/urban_data_streaming_dag.py
[2026-06-29T16:24:10.404+0000] {logging_mixin.py:190} INFO - [2026-06-29T16:24:10.403+0000] {dag.py:3239} INFO - Sync 1 DAGs
[2026-06-29T16:24:10.415+0000] {logging_mixin.py:190} INFO - [2026-06-29T16:24:10.415+0000] {dag.py:4180} INFO - Setting next_dagrun for urban_data_streaming_demo to None, run_after=None
[2026-06-29T16:24:10.445+0000] {processor.py:208} INFO - Processing /opt/airflow/dags/urban_data_streaming_dag.py took 0.137 seconds
[2026-06-29T16:24:41.029+0000] {processor.py:186} INFO - Started process (PID=9374) to work on /opt/airflow/dags/urban_data_streaming_dag.py
[2026-06-29T16:24:41.031+0000] {processor.py:914} INFO - Processing file /opt/airflow/dags/urban_data_streaming_dag.py for tasks to queue
[2026-06-29T16:24:41.036+0000] {logging_mixin.py:190} INFO - [2026-06-29T16:24:41.035+0000] {dagbag.py:588} INFO - Filling up the DagBag from /opt/airflow/dags/urban_data_streaming_dag.py
[2026-06-29T16:24:41.117+0000] {processor.py:925} INFO - DAG(s) 'urban_data_streaming_demo' retrieved from /opt/airflow/dags/urban_data_streaming_dag.py
[2026-06-29T16:24:41.171+0000] {logging_mixin.py:190} INFO - [2026-06-29T16:24:41.170+0000] {dag.py:3239} INFO - Sync 1 DAGs
[2026-06-29T16:24:41.191+0000] {logging_mixin.py:190} INFO - [2026-06-29T16:24:41.191+0000] {dag.py:4180} INFO - Setting next_dagrun for urban_data_streaming_demo to None, run_after=None
[2026-06-29T16:24:41.226+0000] {processor.py:208} INFO - Processing /opt/airflow/dags/urban_data_streaming_dag.py took 0.205 seconds
[2026-06-29T16:25:11.853+0000] {processor.py:186} INFO - Started process (PID=9392) to work on /opt/airflow/dags/urban_data_streaming_dag.py
[2026-06-29T16:25:11.856+0000] {processor.py:914} INFO - Processing file /opt/airflow/dags/urban_data_streaming_dag.py for tasks to queue
[2026-06-29T16:25:11.867+0000] {logging_mixin.py:190} INFO - [2026-06-29T16:25:11.864+0000] {dagbag.py:588} INFO - Filling up the DagBag from /opt/airflow/dags/urban_data_streaming_dag.py
[2026-06-29T16:25:11.941+0000] {processor.py:925} INFO - DAG(s) 'urban_data_streaming_demo' retrieved from /opt/airflow/dags/urban_data_streaming_dag.py
[2026-06-29T16:25:12.007+0000] {logging_mixin.py:190} INFO - [2026-06-29T16:25:12.007+0000] {dag.py:3239} INFO - Sync 1 DAGs
[2026-06-29T16:25:12.047+0000] {logging_mixin.py:190} INFO - [2026-06-29T16:25:12.046+0000] {dag.py:4180} INFO - Setting next_dagrun for urban_data_streaming_demo to None, run_after=None
[2026-06-29T16:25:12.100+0000] {processor.py:208} INFO - Processing /opt/airflow/dags/urban_data_streaming_dag.py took 0.262 seconds
[2026-06-29T16:25:42.520+0000] {processor.py:186} INFO - Started process (PID=9410) to work on /opt/airflow/dags/urban_data_streaming_dag.py
[2026-06-29T16:25:42.523+0000] {processor.py:914} INFO - Processing file /opt/airflow/dags/urban_data_streaming_dag.py for tasks to queue
[2026-06-29T16:25:42.534+0000] {logging_mixin.py:190} INFO - [2026-06-29T16:25:42.533+0000] {dagbag.py:588} INFO - Filling up the DagBag from /opt/airflow/dags/urban_data_streaming_dag.py
[2026-06-29T16:25:42.621+0000] {processor.py:925} INFO - DAG(s) 'urban_data_streaming_demo' retrieved from /opt/airflow/dags/urban_data_streaming_dag.py
[2026-06-29T16:25:42.679+0000] {logging_mixin.py:190} INFO - [2026-06-29T16:25:42.679+0000] {dag.py:3239} INFO - Sync 1 DAGs
[2026-06-29T16:25:42.713+0000] {logging_mixin.py:190} INFO - [2026-06-29T16:25:42.712+0000] {dag.py:4180} INFO - Setting next_dagrun for urban_data_streaming_demo to None, run_after=None
[2026-06-29T16:25:42.770+0000] {processor.py:208} INFO - Processing /opt/airflow/dags/urban_data_streaming_dag.py took 0.266 seconds
[2026-06-29T16:26:13.243+0000] {processor.py:186} INFO - Started process (PID=9428) to work on /opt/airflow/dags/urban_data_streaming_dag.py
[2026-06-29T16:26:13.247+0000] {processor.py:914} INFO - Processing file /opt/airflow/dags/urban_data_streaming_dag.py for tasks to queue
[2026-06-29T16:26:13.252+0000] {logging_mixin.py:190} INFO - [2026-06-29T16:26:13.251+0000] {dagbag.py:588} INFO - Filling up the DagBag from /opt/airflow/dags/urban_data_streaming_dag.py
[2026-06-29T16:26:13.334+0000] {processor.py:925} INFO - DAG(s) 'urban_data_streaming_demo' retrieved from /opt/airflow/dags/urban_data_streaming_dag.py
[2026-06-29T16:26:13.431+0000] {logging_mixin.py:190} INFO - [2026-06-29T16:26:13.430+0000] {dag.py:3239} INFO - Sync 1 DAGs
[2026-06-29T16:26:13.489+0000] {logging_mixin.py:190} INFO - [2026-06-29T16:26:13.488+0000] {dag.py:4180} INFO - Setting next_dagrun for urban_data_streaming_demo to None, run_after=None
[2026-06-29T16:26:13.570+0000] {processor.py:208} INFO - Processing /opt/airflow/dags/urban_data_streaming_dag.py took 0.336 seconds
[2026-06-29T16:26:44.116+0000] {processor.py:186} INFO - Started process (PID=9446) to work on /opt/airflow/dags/urban_data_streaming_dag.py
[2026-06-29T16:26:44.121+0000] {processor.py:914} INFO - Processing file /opt/airflow/dags/urban_data_streaming_dag.py for tasks to queue
[2026-06-29T16:26:44.132+0000] {logging_mixin.py:190} INFO - [2026-06-29T16:26:44.131+0000] {dagbag.py:588} INFO - Filling up the DagBag from /opt/airflow/dags/urban_data_streaming_dag.py
[2026-06-29T16:26:44.262+0000] {processor.py:925} INFO - DAG(s) 'urban_data_streaming_demo' retrieved from /opt/airflow/dags/urban_data_streaming_dag.py
[2026-06-29T16:26:44.320+0000] {logging_mixin.py:190} INFO - [2026-06-29T16:26:44.320+0000] {dag.py:3239} INFO - Sync 1 DAGs
[2026-06-29T16:26:44.341+0000] {logging_mixin.py:190} INFO - [2026-06-29T16:26:44.341+0000] {dag.py:4180} INFO - Setting next_dagrun for urban_data_streaming_demo to None, run_after=None
[2026-06-29T16:26:44.391+0000] {processor.py:208} INFO - Processing /opt/airflow/dags/urban_data_streaming_dag.py took 0.298 seconds
[2026-06-29T16:27:15.049+0000] {processor.py:186} INFO - Started process (PID=9463) to work on /opt/airflow/dags/urban_data_streaming_dag.py
[2026-06-29T16:27:15.052+0000] {processor.py:914} INFO - Processing file /opt/airflow/dags/urban_data_streaming_dag.py for tasks to queue
[2026-06-29T16:27:15.055+0000] {logging_mixin.py:190} INFO - [2026-06-29T16:27:15.055+0000] {dagbag.py:588} INFO - Filling up the DagBag from /opt/airflow/dags/urban_data_streaming_dag.py
[2026-06-29T16:27:15.123+0000] {processor.py:925} INFO - DAG(s) 'urban_data_streaming_demo' retrieved from /opt/airflow/dags/urban_data_streaming_dag.py
[2026-06-29T16:27:15.203+0000] {logging_mixin.py:190} INFO - [2026-06-29T16:27:15.203+0000] {dag.py:3239} INFO - Sync 1 DAGs
[2026-06-29T16:27:15.229+0000] {logging_mixin.py:190} INFO - [2026-06-29T16:27:15.229+0000] {dag.py:4180} INFO - Setting next_dagrun for urban_data_streaming_demo to None, run_after=None
[2026-06-29T16:27:15.269+0000] {processor.py:208} INFO - Processing /opt/airflow/dags/urban_data_streaming_dag.py took 0.236 seconds
[2026-06-29T16:27:46.044+0000] {processor.py:186} INFO - Started process (PID=9474) to work on /opt/airflow/dags/urban_data_streaming_dag.py
[2026-06-29T16:27:46.046+0000] {processor.py:914} INFO - Processing file /opt/airflow/dags/urban_data_streaming_dag.py for tasks to queue
[2026-06-29T16:27:46.051+0000] {logging_mixin.py:190} INFO - [2026-06-29T16:27:46.050+0000] {dagbag.py:588} INFO - Filling up the DagBag from /opt/airflow/dags/urban_data_streaming_dag.py
[2026-06-29T16:27:46.107+0000] {processor.py:925} INFO - DAG(s) 'urban_data_streaming_demo' retrieved from /opt/airflow/dags/urban_data_streaming_dag.py
[2026-06-29T16:27:46.162+0000] {logging_mixin.py:190} INFO - [2026-06-29T16:27:46.162+0000] {dag.py:3239} INFO - Sync 1 DAGs
[2026-06-29T16:27:46.189+0000] {logging_mixin.py:190} INFO - [2026-06-29T16:27:46.189+0000] {dag.py:4180} INFO - Setting next_dagrun for urban_data_streaming_demo to None, run_after=None
[2026-06-29T16:27:46.230+0000] {processor.py:208} INFO - Processing /opt/airflow/dags/urban_data_streaming_dag.py took 0.196 seconds
[2026-06-29T16:28:16.970+0000] {processor.py:186} INFO - Started process (PID=9492) to work on /opt/airflow/dags/urban_data_streaming_dag.py
[2026-06-29T16:28:16.972+0000] {processor.py:914} INFO - Processing file /opt/airflow/dags/urban_data_streaming_dag.py for tasks to queue
[2026-06-29T16:28:16.976+0000] {logging_mixin.py:190} INFO - [2026-06-29T16:28:16.976+0000] {dagbag.py:588} INFO - Filling up the DagBag from /opt/airflow/dags/urban_data_streaming_dag.py
[2026-06-29T16:28:17.110+0000] {processor.py:925} INFO - DAG(s) 'urban_data_streaming_demo' retrieved from /opt/airflow/dags/urban_data_streaming_dag.py
[2026-06-29T16:28:17.269+0000] {logging_mixin.py:190} INFO - [2026-06-29T16:28:17.268+0000] {dag.py:3239} INFO - Sync 1 DAGs
[2026-06-29T16:28:17.315+0000] {logging_mixin.py:190} INFO - [2026-06-29T16:28:17.315+0000] {dag.py:4180} INFO - Setting next_dagrun for urban_data_streaming_demo to None, run_after=None
[2026-06-29T16:28:17.368+0000] {processor.py:208} INFO - Processing /opt/airflow/dags/urban_data_streaming_dag.py took 0.410 seconds
[2026-06-29T16:28:48.087+0000] {processor.py:186} INFO - Started process (PID=9510) to work on /opt/airflow/dags/urban_data_streaming_dag.py
[2026-06-29T16:28:48.089+0000] {processor.py:914} INFO - Processing file /opt/airflow/dags/urban_data_streaming_dag.py for tasks to queue
[2026-06-29T16:28:48.100+0000] {logging_mixin.py:190} INFO - [2026-06-29T16:28:48.099+0000] {dagbag.py:588} INFO - Filling up the DagBag from /opt/airflow/dags/urban_data_streaming_dag.py
[2026-06-29T16:28:48.157+0000] {processor.py:925} INFO - DAG(s) 'urban_data_streaming_demo' retrieved from /opt/airflow/dags/urban_data_streaming_dag.py
[2026-06-29T16:28:48.210+0000] {logging_mixin.py:190} INFO - [2026-06-29T16:28:48.209+0000] {dag.py:3239} INFO - Sync 1 DAGs
[2026-06-29T16:28:48.238+0000] {logging_mixin.py:190} INFO - [2026-06-29T16:28:48.238+0000] {dag.py:4180} INFO - Setting next_dagrun for urban_data_streaming_demo to None, run_after=None
[2026-06-29T16:28:48.339+0000] {processor.py:208} INFO - Processing /opt/airflow/dags/urban_data_streaming_dag.py took 0.292 seconds
[2026-06-29T16:29:18.606+0000] {processor.py:186} INFO - Started process (PID=9528) to work on /opt/airflow/dags/urban_data_streaming_dag.py
[2026-06-29T16:29:18.608+0000] {processor.py:914} INFO - Processing file /opt/airflow/dags/urban_data_streaming_dag.py for tasks to queue
[2026-06-29T16:29:18.620+0000] {logging_mixin.py:190} INFO - [2026-06-29T16:29:18.618+0000] {dagbag.py:588} INFO - Filling up the DagBag from /opt/airflow/dags/urban_data_streaming_dag.py
[2026-06-29T16:29:18.721+0000] {processor.py:925} INFO - DAG(s) 'urban_data_streaming_demo' retrieved from /opt/airflow/dags/urban_data_streaming_dag.py
[2026-06-29T16:29:18.797+0000] {logging_mixin.py:190} INFO - [2026-06-29T16:29:18.797+0000] {dag.py:3239} INFO - Sync 1 DAGs
[2026-06-29T16:29:18.828+0000] {logging_mixin.py:190} INFO - [2026-06-29T16:29:18.828+0000] {dag.py:4180} INFO - Setting next_dagrun for urban_data_streaming_demo to None, run_after=None
[2026-06-29T16:29:18.904+0000] {processor.py:208} INFO - Processing /opt/airflow/dags/urban_data_streaming_dag.py took 0.309 seconds
[2026-06-29T16:29:49.433+0000] {processor.py:186} INFO - Started process (PID=9546) to work on /opt/airflow/dags/urban_data_streaming_dag.py
[2026-06-29T16:29:49.438+0000] {processor.py:914} INFO - Processing file /opt/airflow/dags/urban_data_streaming_dag.py for tasks to queue
[2026-06-29T16:29:49.445+0000] {logging_mixin.py:190} INFO - [2026-06-29T16:29:49.444+0000] {dagbag.py:588} INFO - Filling up the DagBag from /opt/airflow/dags/urban_data_streaming_dag.py
[2026-06-29T16:29:49.505+0000] {processor.py:925} INFO - DAG(s) 'urban_data_streaming_demo' retrieved from /opt/airflow/dags/urban_data_streaming_dag.py
[2026-06-29T16:29:49.561+0000] {logging_mixin.py:190} INFO - [2026-06-29T16:29:49.561+0000] {dag.py:3239} INFO - Sync 1 DAGs
[2026-06-29T16:29:49.593+0000] {logging_mixin.py:190} INFO - [2026-06-29T16:29:49.592+0000] {dag.py:4180} INFO - Setting next_dagrun for urban_data_streaming_demo to None, run_after=None
[2026-06-29T16:29:49.630+0000] {processor.py:208} INFO - Processing /opt/airflow/dags/urban_data_streaming_dag.py took 0.210 seconds
[2026-06-29T16:30:20.207+0000] {processor.py:186} INFO - Started process (PID=9564) to work on /opt/airflow/dags/urban_data_streaming_dag.py
[2026-06-29T16:30:20.209+0000] {processor.py:914} INFO - Processing file /opt/airflow/dags/urban_data_streaming_dag.py for tasks to queue
[2026-06-29T16:30:20.214+0000] {logging_mixin.py:190} INFO - [2026-06-29T16:30:20.213+0000] {dagbag.py:588} INFO - Filling up the DagBag from /opt/airflow/dags/urban_data_streaming_dag.py
[2026-06-29T16:30:20.271+0000] {processor.py:925} INFO - DAG(s) 'urban_data_streaming_demo' retrieved from /opt/airflow/dags/urban_data_streaming_dag.py
[2026-06-29T16:30:20.317+0000] {logging_mixin.py:190} INFO - [2026-06-29T16:30:20.317+0000] {dag.py:3239} INFO - Sync 1 DAGs
[2026-06-29T16:30:20.336+0000] {logging_mixin.py:190} INFO - [2026-06-29T16:30:20.336+0000] {dag.py:4180} INFO - Setting next_dagrun for urban_data_streaming_demo to None, run_after=None
[2026-06-29T16:30:20.372+0000] {processor.py:208} INFO - Processing /opt/airflow/dags/urban_data_streaming_dag.py took 0.173 seconds
[2026-06-29T16:30:50.785+0000] {processor.py:186} INFO - Started process (PID=9581) to work on /opt/airflow/dags/urban_data_streaming_dag.py
[2026-06-29T16:30:50.787+0000] {processor.py:914} INFO - Processing file /opt/airflow/dags/urban_data_streaming_dag.py for tasks to queue
[2026-06-29T16:30:50.792+0000] {logging_mixin.py:190} INFO - [2026-06-29T16:30:50.792+0000] {dagbag.py:588} INFO - Filling up the DagBag from /opt/airflow/dags/urban_data_streaming_dag.py
[2026-06-29T16:30:50.836+0000] {processor.py:925} INFO - DAG(s) 'urban_data_streaming_demo' retrieved from /opt/airflow/dags/urban_data_streaming_dag.py
[2026-06-29T16:30:50.880+0000] {logging_mixin.py:190} INFO - [2026-06-29T16:30:50.880+0000] {dag.py:3239} INFO - Sync 1 DAGs
[2026-06-29T16:30:50.904+0000] {logging_mixin.py:190} INFO - [2026-06-29T16:30:50.904+0000] {dag.py:4180} INFO - Setting next_dagrun for urban_data_streaming_demo to None, run_after=None
[2026-06-29T16:30:50.937+0000] {processor.py:208} INFO - Processing /opt/airflow/dags/urban_data_streaming_dag.py took 0.162 seconds
[2026-06-29T16:31:21.923+0000] {processor.py:186} INFO - Started process (PID=9592) to work on /opt/airflow/dags/urban_data_streaming_dag.py
[2026-06-29T16:31:21.936+0000] {processor.py:914} INFO - Processing file /opt/airflow/dags/urban_data_streaming_dag.py for tasks to queue
[2026-06-29T16:31:21.957+0000] {logging_mixin.py:190} INFO - [2026-06-29T16:31:21.954+0000] {dagbag.py:588} INFO - Filling up the DagBag from /opt/airflow/dags/urban_data_streaming_dag.py
[2026-06-29T16:31:22.256+0000] {processor.py:925} INFO - DAG(s) 'urban_data_streaming_demo' retrieved from /opt/airflow/dags/urban_data_streaming_dag.py
[2026-06-29T16:31:22.432+0000] {logging_mixin.py:190} INFO - [2026-06-29T16:31:22.432+0000] {dag.py:3239} INFO - Sync 1 DAGs
[2026-06-29T16:31:22.474+0000] {logging_mixin.py:190} INFO - [2026-06-29T16:31:22.472+0000] {dag.py:4180} INFO - Setting next_dagrun for urban_data_streaming_demo to None, run_after=None
[2026-06-29T16:31:22.574+0000] {processor.py:208} INFO - Processing /opt/airflow/dags/urban_data_streaming_dag.py took 0.671 seconds
[2026-06-29T16:31:52.871+0000] {processor.py:186} INFO - Started process (PID=9610) to work on /opt/airflow/dags/urban_data_streaming_dag.py
[2026-06-29T16:31:52.875+0000] {processor.py:914} INFO - Processing file /opt/airflow/dags/urban_data_streaming_dag.py for tasks to queue
[2026-06-29T16:31:52.885+0000] {logging_mixin.py:190} INFO - [2026-06-29T16:31:52.884+0000] {dagbag.py:588} INFO - Filling up the DagBag from /opt/airflow/dags/urban_data_streaming_dag.py
[2026-06-29T16:31:52.948+0000] {processor.py:925} INFO - DAG(s) 'urban_data_streaming_demo' retrieved from /opt/airflow/dags/urban_data_streaming_dag.py
[2026-06-29T16:31:53.015+0000] {logging_mixin.py:190} INFO - [2026-06-29T16:31:53.015+0000] {dag.py:3239} INFO - Sync 1 DAGs
[2026-06-29T16:31:53.040+0000] {logging_mixin.py:190} INFO - [2026-06-29T16:31:53.039+0000] {dag.py:4180} INFO - Setting next_dagrun for urban_data_streaming_demo to None, run_after=None
[2026-06-29T16:31:53.083+0000] {processor.py:208} INFO - Processing /opt/airflow/dags/urban_data_streaming_dag.py took 0.227 seconds
[2026-06-29T16:32:23.431+0000] {processor.py:186} INFO - Started process (PID=9628) to work on /opt/airflow/dags/urban_data_streaming_dag.py
[2026-06-29T16:32:23.437+0000] {processor.py:914} INFO - Processing file /opt/airflow/dags/urban_data_streaming_dag.py for tasks to queue
[2026-06-29T16:32:23.451+0000] {logging_mixin.py:190} INFO - [2026-06-29T16:32:23.450+0000] {dagbag.py:588} INFO - Filling up the DagBag from /opt/airflow/dags/urban_data_streaming_dag.py
[2026-06-29T16:32:23.524+0000] {processor.py:925} INFO - DAG(s) 'urban_data_streaming_demo' retrieved from /opt/airflow/dags/urban_data_streaming_dag.py
[2026-06-29T16:32:23.591+0000] {logging_mixin.py:190} INFO - [2026-06-29T16:32:23.591+0000] {dag.py:3239} INFO - Sync 1 DAGs
[2026-06-29T16:32:23.620+0000] {logging_mixin.py:190} INFO - [2026-06-29T16:32:23.619+0000] {dag.py:4180} INFO - Setting next_dagrun for urban_data_streaming_demo to None, run_after=None
[2026-06-29T16:32:23.674+0000] {processor.py:208} INFO - Processing /opt/airflow/dags/urban_data_streaming_dag.py took 0.258 seconds
[2026-06-29T16:32:54.398+0000] {processor.py:186} INFO - Started process (PID=9646) to work on /opt/airflow/dags/urban_data_streaming_dag.py
[2026-06-29T16:32:54.401+0000] {processor.py:914} INFO - Processing file /opt/airflow/dags/urban_data_streaming_dag.py for tasks to queue
[2026-06-29T16:32:54.411+0000] {logging_mixin.py:190} INFO - [2026-06-29T16:32:54.409+0000] {dagbag.py:588} INFO - Filling up the DagBag from /opt/airflow/dags/urban_data_streaming_dag.py
[2026-06-29T16:32:54.504+0000] {processor.py:925} INFO - DAG(s) 'urban_data_streaming_demo' retrieved from /opt/airflow/dags/urban_data_streaming_dag.py
[2026-06-29T16:32:54.676+0000] {logging_mixin.py:190} INFO - [2026-06-29T16:32:54.675+0000] {dag.py:3239} INFO - Sync 1 DAGs
[2026-06-29T16:32:54.706+0000] {logging_mixin.py:190} INFO - [2026-06-29T16:32:54.706+0000] {dag.py:4180} INFO - Setting next_dagrun for urban_data_streaming_demo to None, run_after=None
[2026-06-29T16:32:54.776+0000] {processor.py:208} INFO - Processing /opt/airflow/dags/urban_data_streaming_dag.py took 0.395 seconds
[2026-06-29T16:33:25.416+0000] {processor.py:186} INFO - Started process (PID=9664) to work on /opt/airflow/dags/urban_data_streaming_dag.py
[2026-06-29T16:33:25.420+0000] {processor.py:914} INFO - Processing file /opt/airflow/dags/urban_data_streaming_dag.py for tasks to queue
[2026-06-29T16:33:25.428+0000] {logging_mixin.py:190} INFO - [2026-06-29T16:33:25.426+0000] {dagbag.py:588} INFO - Filling up the DagBag from /opt/airflow/dags/urban_data_streaming_dag.py
[2026-06-29T16:33:25.496+0000] {processor.py:925} INFO - DAG(s) 'urban_data_streaming_demo' retrieved from /opt/airflow/dags/urban_data_streaming_dag.py
[2026-06-29T16:33:25.559+0000] {logging_mixin.py:190} INFO - [2026-06-29T16:33:25.558+0000] {dag.py:3239} INFO - Sync 1 DAGs
[2026-06-29T16:33:25.589+0000] {logging_mixin.py:190} INFO - [2026-06-29T16:33:25.588+0000] {dag.py:4180} INFO - Setting next_dagrun for urban_data_streaming_demo to None, run_after=None
[2026-06-29T16:33:25.634+0000] {processor.py:208} INFO - Processing /opt/airflow/dags/urban_data_streaming_dag.py took 0.242 seconds
[2026-06-29T16:33:56.363+0000] {processor.py:186} INFO - Started process (PID=9681) to work on /opt/airflow/dags/urban_data_streaming_dag.py
[2026-06-29T16:33:56.366+0000] {processor.py:914} INFO - Processing file /opt/airflow/dags/urban_data_streaming_dag.py for tasks to queue
[2026-06-29T16:33:56.375+0000] {logging_mixin.py:190} INFO - [2026-06-29T16:33:56.374+0000] {dagbag.py:588} INFO - Filling up the DagBag from /opt/airflow/dags/urban_data_streaming_dag.py
[2026-06-29T16:33:56.447+0000] {processor.py:925} INFO - DAG(s) 'urban_data_streaming_demo' retrieved from /opt/airflow/dags/urban_data_streaming_dag.py
[2026-06-29T16:33:56.515+0000] {logging_mixin.py:190} INFO - [2026-06-29T16:33:56.515+0000] {dag.py:3239} INFO - Sync 1 DAGs
[2026-06-29T16:33:56.539+0000] {logging_mixin.py:190} INFO - [2026-06-29T16:33:56.539+0000] {dag.py:4180} INFO - Setting next_dagrun for urban_data_streaming_demo to None, run_after=None
[2026-06-29T16:33:56.579+0000] {processor.py:208} INFO - Processing /opt/airflow/dags/urban_data_streaming_dag.py took 0.232 seconds
[2026-06-29T16:34:27.485+0000] {processor.py:186} INFO - Started process (PID=9692) to work on /opt/airflow/dags/urban_data_streaming_dag.py
[2026-06-29T16:34:27.486+0000] {processor.py:914} INFO - Processing file /opt/airflow/dags/urban_data_streaming_dag.py for tasks to queue
[2026-06-29T16:34:27.490+0000] {logging_mixin.py:190} INFO - [2026-06-29T16:34:27.490+0000] {dagbag.py:588} INFO - Filling up the DagBag from /opt/airflow/dags/urban_data_streaming_dag.py
[2026-06-29T16:34:27.534+0000] {processor.py:925} INFO - DAG(s) 'urban_data_streaming_demo' retrieved from /opt/airflow/dags/urban_data_streaming_dag.py
[2026-06-29T16:34:27.592+0000] {logging_mixin.py:190} INFO - [2026-06-29T16:34:27.592+0000] {dag.py:3239} INFO - Sync 1 DAGs
[2026-06-29T16:34:27.621+0000] {logging_mixin.py:190} INFO - [2026-06-29T16:34:27.620+0000] {dag.py:4180} INFO - Setting next_dagrun for urban_data_streaming_demo to None, run_after=None
[2026-06-29T16:34:27.668+0000] {processor.py:208} INFO - Processing /opt/airflow/dags/urban_data_streaming_dag.py took 0.192 seconds
[2026-06-29T16:34:58.421+0000] {processor.py:186} INFO - Started process (PID=9710) to work on /opt/airflow/dags/urban_data_streaming_dag.py
[2026-06-29T16:34:58.427+0000] {processor.py:914} INFO - Processing file /opt/airflow/dags/urban_data_streaming_dag.py for tasks to queue
[2026-06-29T16:34:58.444+0000] {logging_mixin.py:190} INFO - [2026-06-29T16:34:58.442+0000] {dagbag.py:588} INFO - Filling up the DagBag from /opt/airflow/dags/urban_data_streaming_dag.py
[2026-06-29T16:34:58.587+0000] {processor.py:925} INFO - DAG(s) 'urban_data_streaming_demo' retrieved from /opt/airflow/dags/urban_data_streaming_dag.py
[2026-06-29T16:34:58.693+0000] {logging_mixin.py:190} INFO - [2026-06-29T16:34:58.692+0000] {dag.py:3239} INFO - Sync 1 DAGs
[2026-06-29T16:34:58.720+0000] {logging_mixin.py:190} INFO - [2026-06-29T16:34:58.720+0000] {dag.py:4180} INFO - Setting next_dagrun for urban_data_streaming_demo to None, run_after=None
[2026-06-29T16:34:58.761+0000] {processor.py:208} INFO - Processing /opt/airflow/dags/urban_data_streaming_dag.py took 0.364 seconds
[2026-06-29T16:35:29.156+0000] {processor.py:186} INFO - Started process (PID=9728) to work on /opt/airflow/dags/urban_data_streaming_dag.py
[2026-06-29T16:35:29.158+0000] {processor.py:914} INFO - Processing file /opt/airflow/dags/urban_data_streaming_dag.py for tasks to queue
[2026-06-29T16:35:29.163+0000] {logging_mixin.py:190} INFO - [2026-06-29T16:35:29.162+0000] {dagbag.py:588} INFO - Filling up the DagBag from /opt/airflow/dags/urban_data_streaming_dag.py
[2026-06-29T16:35:29.233+0000] {processor.py:925} INFO - DAG(s) 'urban_data_streaming_demo' retrieved from /opt/airflow/dags/urban_data_streaming_dag.py
[2026-06-29T16:35:29.327+0000] {logging_mixin.py:190} INFO - [2026-06-29T16:35:29.327+0000] {dag.py:3239} INFO - Sync 1 DAGs
[2026-06-29T16:35:29.363+0000] {logging_mixin.py:190} INFO - [2026-06-29T16:35:29.362+0000] {dag.py:4180} INFO - Setting next_dagrun for urban_data_streaming_demo to None, run_after=None
[2026-06-29T16:35:29.414+0000] {processor.py:208} INFO - Processing /opt/airflow/dags/urban_data_streaming_dag.py took 0.270 seconds
[2026-06-29T16:36:00.007+0000] {processor.py:186} INFO - Started process (PID=9746) to work on /opt/airflow/dags/urban_data_streaming_dag.py
[2026-06-29T16:36:00.010+0000] {processor.py:914} INFO - Processing file /opt/airflow/dags/urban_data_streaming_dag.py for tasks to queue
[2026-06-29T16:36:00.017+0000] {logging_mixin.py:190} INFO - [2026-06-29T16:36:00.016+0000] {dagbag.py:588} INFO - Filling up the DagBag from /opt/airflow/dags/urban_data_streaming_dag.py
[2026-06-29T16:36:00.059+0000] {processor.py:925} INFO - DAG(s) 'urban_data_streaming_demo' retrieved from /opt/airflow/dags/urban_data_streaming_dag.py
[2026-06-29T16:36:00.109+0000] {logging_mixin.py:190} INFO - [2026-06-29T16:36:00.109+0000] {dag.py:3239} INFO - Sync 1 DAGs
[2026-06-29T16:36:00.135+0000] {logging_mixin.py:190} INFO - [2026-06-29T16:36:00.134+0000] {dag.py:4180} INFO - Setting next_dagrun for urban_data_streaming_demo to None, run_after=None
[2026-06-29T16:36:00.174+0000] {processor.py:208} INFO - Processing /opt/airflow/dags/urban_data_streaming_dag.py took 0.179 seconds
[2026-06-29T16:36:30.872+0000] {processor.py:186} INFO - Started process (PID=9764) to work on /opt/airflow/dags/urban_data_streaming_dag.py
[2026-06-29T16:36:30.875+0000] {processor.py:914} INFO - Processing file /opt/airflow/dags/urban_data_streaming_dag.py for tasks to queue
[2026-06-29T16:36:30.881+0000] {logging_mixin.py:190} INFO - [2026-06-29T16:36:30.880+0000] {dagbag.py:588} INFO - Filling up the DagBag from /opt/airflow/dags/urban_data_streaming_dag.py
[2026-06-29T16:36:30.958+0000] {processor.py:925} INFO - DAG(s) 'urban_data_streaming_demo' retrieved from /opt/airflow/dags/urban_data_streaming_dag.py
[2026-06-29T16:36:31.039+0000] {logging_mixin.py:190} INFO - [2026-06-29T16:36:31.039+0000] {dag.py:3239} INFO - Sync 1 DAGs
[2026-06-29T16:36:31.077+0000] {logging_mixin.py:190} INFO - [2026-06-29T16:36:31.076+0000] {dag.py:4180} INFO - Setting next_dagrun for urban_data_streaming_demo to None, run_after=None
[2026-06-29T16:36:31.127+0000] {processor.py:208} INFO - Processing /opt/airflow/dags/urban_data_streaming_dag.py took 0.263 seconds
[2026-06-29T16:37:01.401+0000] {processor.py:186} INFO - Started process (PID=9781) to work on /opt/airflow/dags/urban_data_streaming_dag.py
[2026-06-29T16:37:01.404+0000] {processor.py:914} INFO - Processing file /opt/airflow/dags/urban_data_streaming_dag.py for tasks to queue
[2026-06-29T16:37:01.410+0000] {logging_mixin.py:190} INFO - [2026-06-29T16:37:01.410+0000] {dagbag.py:588} INFO - Filling up the DagBag from /opt/airflow/dags/urban_data_streaming_dag.py
[2026-06-29T16:37:01.466+0000] {processor.py:925} INFO - DAG(s) 'urban_data_streaming_demo' retrieved from /opt/airflow/dags/urban_data_streaming_dag.py
[2026-06-29T16:37:01.518+0000] {logging_mixin.py:190} INFO - [2026-06-29T16:37:01.518+0000] {dag.py:3239} INFO - Sync 1 DAGs
[2026-06-29T16:37:01.541+0000] {logging_mixin.py:190} INFO - [2026-06-29T16:37:01.540+0000] {dag.py:4180} INFO - Setting next_dagrun for urban_data_streaming_demo to None, run_after=None
[2026-06-29T16:37:01.580+0000] {processor.py:208} INFO - Processing /opt/airflow/dags/urban_data_streaming_dag.py took 0.189 seconds
[2026-06-29T16:37:32.321+0000] {processor.py:186} INFO - Started process (PID=9792) to work on /opt/airflow/dags/urban_data_streaming_dag.py
[2026-06-29T16:37:32.323+0000] {processor.py:914} INFO - Processing file /opt/airflow/dags/urban_data_streaming_dag.py for tasks to queue
[2026-06-29T16:37:32.327+0000] {logging_mixin.py:190} INFO - [2026-06-29T16:37:32.327+0000] {dagbag.py:588} INFO - Filling up the DagBag from /opt/airflow/dags/urban_data_streaming_dag.py
[2026-06-29T16:37:32.402+0000] {processor.py:925} INFO - DAG(s) 'urban_data_streaming_demo' retrieved from /opt/airflow/dags/urban_data_streaming_dag.py
[2026-06-29T16:37:32.469+0000] {logging_mixin.py:190} INFO - [2026-06-29T16:37:32.469+0000] {dag.py:3239} INFO - Sync 1 DAGs
[2026-06-29T16:37:32.497+0000] {logging_mixin.py:190} INFO - [2026-06-29T16:37:32.496+0000] {dag.py:4180} INFO - Setting next_dagrun for urban_data_streaming_demo to None, run_after=None
[2026-06-29T16:37:32.547+0000] {processor.py:208} INFO - Processing /opt/airflow/dags/urban_data_streaming_dag.py took 0.236 seconds
[2026-06-29T16:38:03.193+0000] {processor.py:186} INFO - Started process (PID=9810) to work on /opt/airflow/dags/urban_data_streaming_dag.py
[2026-06-29T16:38:03.197+0000] {processor.py:914} INFO - Processing file /opt/airflow/dags/urban_data_streaming_dag.py for tasks to queue
[2026-06-29T16:38:03.207+0000] {logging_mixin.py:190} INFO - [2026-06-29T16:38:03.206+0000] {dagbag.py:588} INFO - Filling up the DagBag from /opt/airflow/dags/urban_data_streaming_dag.py
[2026-06-29T16:38:03.265+0000] {processor.py:925} INFO - DAG(s) 'urban_data_streaming_demo' retrieved from /opt/airflow/dags/urban_data_streaming_dag.py
[2026-06-29T16:38:03.296+0000] {logging_mixin.py:190} INFO - [2026-06-29T16:38:03.296+0000] {dag.py:3239} INFO - Sync 1 DAGs
[2026-06-29T16:38:03.311+0000] {logging_mixin.py:190} INFO - [2026-06-29T16:38:03.311+0000] {dag.py:4180} INFO - Setting next_dagrun for urban_data_streaming_demo to None, run_after=None
[2026-06-29T16:38:03.338+0000] {processor.py:208} INFO - Processing /opt/airflow/dags/urban_data_streaming_dag.py took 0.160 seconds
[2026-06-29T16:38:34.095+0000] {processor.py:186} INFO - Started process (PID=9828) to work on /opt/airflow/dags/urban_data_streaming_dag.py
[2026-06-29T16:38:34.097+0000] {processor.py:914} INFO - Processing file /opt/airflow/dags/urban_data_streaming_dag.py for tasks to queue
[2026-06-29T16:38:34.099+0000] {logging_mixin.py:190} INFO - [2026-06-29T16:38:34.099+0000] {dagbag.py:588} INFO - Filling up the DagBag from /opt/airflow/dags/urban_data_streaming_dag.py
[2026-06-29T16:38:34.125+0000] {processor.py:925} INFO - DAG(s) 'urban_data_streaming_demo' retrieved from /opt/airflow/dags/urban_data_streaming_dag.py
[2026-06-29T16:38:34.158+0000] {logging_mixin.py:190} INFO - [2026-06-29T16:38:34.158+0000] {dag.py:3239} INFO - Sync 1 DAGs
[2026-06-29T16:38:34.174+0000] {logging_mixin.py:190} INFO - [2026-06-29T16:38:34.174+0000] {dag.py:4180} INFO - Setting next_dagrun for urban_data_streaming_demo to None, run_after=None
[2026-06-29T16:38:34.201+0000] {processor.py:208} INFO - Processing /opt/airflow/dags/urban_data_streaming_dag.py took 0.112 seconds
[2026-06-29T16:39:04.932+0000] {processor.py:186} INFO - Started process (PID=9846) to work on /opt/airflow/dags/urban_data_streaming_dag.py
[2026-06-29T16:39:04.937+0000] {processor.py:914} INFO - Processing file /opt/airflow/dags/urban_data_streaming_dag.py for tasks to queue
[2026-06-29T16:39:04.948+0000] {logging_mixin.py:190} INFO - [2026-06-29T16:39:04.946+0000] {dagbag.py:588} INFO - Filling up the DagBag from /opt/airflow/dags/urban_data_streaming_dag.py
[2026-06-29T16:39:05.043+0000] {processor.py:925} INFO - DAG(s) 'urban_data_streaming_demo' retrieved from /opt/airflow/dags/urban_data_streaming_dag.py
[2026-06-29T16:39:05.125+0000] {logging_mixin.py:190} INFO - [2026-06-29T16:39:05.124+0000] {dag.py:3239} INFO - Sync 1 DAGs
[2026-06-29T16:39:05.144+0000] {logging_mixin.py:190} INFO - [2026-06-29T16:39:05.144+0000] {dag.py:4180} INFO - Setting next_dagrun for urban_data_streaming_demo to None, run_after=None
[2026-06-29T16:39:05.172+0000] {processor.py:208} INFO - Processing /opt/airflow/dags/urban_data_streaming_dag.py took 0.265 seconds
[2026-06-29T16:39:35.824+0000] {processor.py:186} INFO - Started process (PID=9864) to work on /opt/airflow/dags/urban_data_streaming_dag.py
[2026-06-29T16:39:35.826+0000] {processor.py:914} INFO - Processing file /opt/airflow/dags/urban_data_streaming_dag.py for tasks to queue
[2026-06-29T16:39:35.830+0000] {logging_mixin.py:190} INFO - [2026-06-29T16:39:35.829+0000] {dagbag.py:588} INFO - Filling up the DagBag from /opt/airflow/dags/urban_data_streaming_dag.py
[2026-06-29T16:39:35.868+0000] {processor.py:925} INFO - DAG(s) 'urban_data_streaming_demo' retrieved from /opt/airflow/dags/urban_data_streaming_dag.py
[2026-06-29T16:39:35.917+0000] {logging_mixin.py:190} INFO - [2026-06-29T16:39:35.916+0000] {dag.py:3239} INFO - Sync 1 DAGs
[2026-06-29T16:39:35.933+0000] {logging_mixin.py:190} INFO - [2026-06-29T16:39:35.933+0000] {dag.py:4180} INFO - Setting next_dagrun for urban_data_streaming_demo to None, run_after=None
[2026-06-29T16:39:35.961+0000] {processor.py:208} INFO - Processing /opt/airflow/dags/urban_data_streaming_dag.py took 0.152 seconds
[2026-06-29T16:40:06.739+0000] {processor.py:186} INFO - Started process (PID=9882) to work on /opt/airflow/dags/urban_data_streaming_dag.py
[2026-06-29T16:40:06.743+0000] {processor.py:914} INFO - Processing file /opt/airflow/dags/urban_data_streaming_dag.py for tasks to queue
[2026-06-29T16:40:06.756+0000] {logging_mixin.py:190} INFO - [2026-06-29T16:40:06.754+0000] {dagbag.py:588} INFO - Filling up the DagBag from /opt/airflow/dags/urban_data_streaming_dag.py
[2026-06-29T16:40:06.802+0000] {processor.py:925} INFO - DAG(s) 'urban_data_streaming_demo' retrieved from /opt/airflow/dags/urban_data_streaming_dag.py
[2026-06-29T16:40:06.836+0000] {logging_mixin.py:190} INFO - [2026-06-29T16:40:06.836+0000] {dag.py:3239} INFO - Sync 1 DAGs
[2026-06-29T16:40:06.853+0000] {logging_mixin.py:190} INFO - [2026-06-29T16:40:06.853+0000] {dag.py:4180} INFO - Setting next_dagrun for urban_data_streaming_demo to None, run_after=None
[2026-06-29T16:40:06.880+0000] {processor.py:208} INFO - Processing /opt/airflow/dags/urban_data_streaming_dag.py took 0.162 seconds
[2026-06-29T16:40:37.567+0000] {processor.py:186} INFO - Started process (PID=9900) to work on /opt/airflow/dags/urban_data_streaming_dag.py
[2026-06-29T16:40:37.571+0000] {processor.py:914} INFO - Processing file /opt/airflow/dags/urban_data_streaming_dag.py for tasks to queue
[2026-06-29T16:40:37.585+0000] {logging_mixin.py:190} INFO - [2026-06-29T16:40:37.582+0000] {dagbag.py:588} INFO - Filling up the DagBag from /opt/airflow/dags/urban_data_streaming_dag.py
[2026-06-29T16:40:37.632+0000] {processor.py:925} INFO - DAG(s) 'urban_data_streaming_demo' retrieved from /opt/airflow/dags/urban_data_streaming_dag.py
[2026-06-29T16:40:37.668+0000] {logging_mixin.py:190} INFO - [2026-06-29T16:40:37.668+0000] {dag.py:3239} INFO - Sync 1 DAGs
[2026-06-29T16:40:37.683+0000] {logging_mixin.py:190} INFO - [2026-06-29T16:40:37.683+0000] {dag.py:4180} INFO - Setting next_dagrun for urban_data_streaming_demo to None, run_after=None
[2026-06-29T16:40:37.708+0000] {processor.py:208} INFO - Processing /opt/airflow/dags/urban_data_streaming_dag.py took 0.164 seconds
[2026-06-29T16:41:08.455+0000] {processor.py:186} INFO - Started process (PID=9917) to work on /opt/airflow/dags/urban_data_streaming_dag.py
[2026-06-29T16:41:08.457+0000] {processor.py:914} INFO - Processing file /opt/airflow/dags/urban_data_streaming_dag.py for tasks to queue
[2026-06-29T16:41:08.461+0000] {logging_mixin.py:190} INFO - [2026-06-29T16:41:08.461+0000] {dagbag.py:588} INFO - Filling up the DagBag from /opt/airflow/dags/urban_data_streaming_dag.py
[2026-06-29T16:41:08.492+0000] {processor.py:925} INFO - DAG(s) 'urban_data_streaming_demo' retrieved from /opt/airflow/dags/urban_data_streaming_dag.py
[2026-06-29T16:41:08.528+0000] {logging_mixin.py:190} INFO - [2026-06-29T16:41:08.528+0000] {dag.py:3239} INFO - Sync 1 DAGs
[2026-06-29T16:41:08.544+0000] {logging_mixin.py:190} INFO - [2026-06-29T16:41:08.544+0000] {dag.py:4180} INFO - Setting next_dagrun for urban_data_streaming_demo to None, run_after=None
[2026-06-29T16:41:08.569+0000] {processor.py:208} INFO - Processing /opt/airflow/dags/urban_data_streaming_dag.py took 0.121 seconds
[2026-06-29T16:41:39.264+0000] {processor.py:186} INFO - Started process (PID=9934) to work on /opt/airflow/dags/urban_data_streaming_dag.py
[2026-06-29T16:41:39.266+0000] {processor.py:914} INFO - Processing file /opt/airflow/dags/urban_data_streaming_dag.py for tasks to queue
[2026-06-29T16:41:39.269+0000] {logging_mixin.py:190} INFO - [2026-06-29T16:41:39.268+0000] {dagbag.py:588} INFO - Filling up the DagBag from /opt/airflow/dags/urban_data_streaming_dag.py
[2026-06-29T16:41:39.295+0000] {processor.py:925} INFO - DAG(s) 'urban_data_streaming_demo' retrieved from /opt/airflow/dags/urban_data_streaming_dag.py
[2026-06-29T16:41:39.332+0000] {logging_mixin.py:190} INFO - [2026-06-29T16:41:39.332+0000] {dag.py:3239} INFO - Sync 1 DAGs
[2026-06-29T16:41:39.352+0000] {logging_mixin.py:190} INFO - [2026-06-29T16:41:39.351+0000] {dag.py:4180} INFO - Setting next_dagrun for urban_data_streaming_demo to None, run_after=None
[2026-06-29T16:41:39.377+0000] {processor.py:208} INFO - Processing /opt/airflow/dags/urban_data_streaming_dag.py took 0.119 seconds
[2026-06-29T16:42:10.013+0000] {processor.py:186} INFO - Started process (PID=9946) to work on /opt/airflow/dags/urban_data_streaming_dag.py
[2026-06-29T16:42:10.014+0000] {processor.py:914} INFO - Processing file /opt/airflow/dags/urban_data_streaming_dag.py for tasks to queue
[2026-06-29T16:42:10.017+0000] {logging_mixin.py:190} INFO - [2026-06-29T16:42:10.017+0000] {dagbag.py:588} INFO - Filling up the DagBag from /opt/airflow/dags/urban_data_streaming_dag.py
[2026-06-29T16:42:10.043+0000] {processor.py:925} INFO - DAG(s) 'urban_data_streaming_demo' retrieved from /opt/airflow/dags/urban_data_streaming_dag.py
[2026-06-29T16:42:10.074+0000] {logging_mixin.py:190} INFO - [2026-06-29T16:42:10.074+0000] {dag.py:3239} INFO - Sync 1 DAGs
[2026-06-29T16:42:10.089+0000] {logging_mixin.py:190} INFO - [2026-06-29T16:42:10.089+0000] {dag.py:4180} INFO - Setting next_dagrun for urban_data_streaming_demo to None, run_after=None
[2026-06-29T16:42:10.115+0000] {processor.py:208} INFO - Processing /opt/airflow/dags/urban_data_streaming_dag.py took 0.108 seconds
[2026-06-29T16:42:40.776+0000] {processor.py:186} INFO - Started process (PID=9964) to work on /opt/airflow/dags/urban_data_streaming_dag.py
[2026-06-29T16:42:40.779+0000] {processor.py:914} INFO - Processing file /opt/airflow/dags/urban_data_streaming_dag.py for tasks to queue
[2026-06-29T16:42:40.789+0000] {logging_mixin.py:190} INFO - [2026-06-29T16:42:40.785+0000] {dagbag.py:588} INFO - Filling up the DagBag from /opt/airflow/dags/urban_data_streaming_dag.py
[2026-06-29T16:42:40.840+0000] {processor.py:925} INFO - DAG(s) 'urban_data_streaming_demo' retrieved from /opt/airflow/dags/urban_data_streaming_dag.py
[2026-06-29T16:42:40.902+0000] {logging_mixin.py:190} INFO - [2026-06-29T16:42:40.902+0000] {dag.py:3239} INFO - Sync 1 DAGs
[2026-06-29T16:42:40.921+0000] {logging_mixin.py:190} INFO - [2026-06-29T16:42:40.921+0000] {dag.py:4180} INFO - Setting next_dagrun for urban_data_streaming_demo to None, run_after=None
[2026-06-29T16:42:40.977+0000] {processor.py:208} INFO - Processing /opt/airflow/dags/urban_data_streaming_dag.py took 0.220 seconds
[2026-06-29T16:43:11.947+0000] {processor.py:186} INFO - Started process (PID=9982) to work on /opt/airflow/dags/urban_data_streaming_dag.py
[2026-06-29T16:43:11.949+0000] {processor.py:914} INFO - Processing file /opt/airflow/dags/urban_data_streaming_dag.py for tasks to queue
[2026-06-29T16:43:11.952+0000] {logging_mixin.py:190} INFO - [2026-06-29T16:43:11.952+0000] {dagbag.py:588} INFO - Filling up the DagBag from /opt/airflow/dags/urban_data_streaming_dag.py
[2026-06-29T16:43:12.000+0000] {processor.py:925} INFO - DAG(s) 'urban_data_streaming_demo' retrieved from /opt/airflow/dags/urban_data_streaming_dag.py
[2026-06-29T16:43:12.049+0000] {logging_mixin.py:190} INFO - [2026-06-29T16:43:12.049+0000] {dag.py:3239} INFO - Sync 1 DAGs
[2026-06-29T16:43:12.073+0000] {logging_mixin.py:190} INFO - [2026-06-29T16:43:12.072+0000] {dag.py:4180} INFO - Setting next_dagrun for urban_data_streaming_demo to None, run_after=None
[2026-06-29T16:43:12.107+0000] {processor.py:208} INFO - Processing /opt/airflow/dags/urban_data_streaming_dag.py took 0.169 seconds
[2026-06-29T16:43:42.823+0000] {processor.py:186} INFO - Started process (PID=10000) to work on /opt/airflow/dags/urban_data_streaming_dag.py
[2026-06-29T16:43:42.825+0000] {processor.py:914} INFO - Processing file /opt/airflow/dags/urban_data_streaming_dag.py for tasks to queue
[2026-06-29T16:43:42.831+0000] {logging_mixin.py:190} INFO - [2026-06-29T16:43:42.831+0000] {dagbag.py:588} INFO - Filling up the DagBag from /opt/airflow/dags/urban_data_streaming_dag.py
[2026-06-29T16:43:42.865+0000] {processor.py:925} INFO - DAG(s) 'urban_data_streaming_demo' retrieved from /opt/airflow/dags/urban_data_streaming_dag.py
[2026-06-29T16:43:42.910+0000] {logging_mixin.py:190} INFO - [2026-06-29T16:43:42.910+0000] {dag.py:3239} INFO - Sync 1 DAGs
[2026-06-29T16:43:42.925+0000] {logging_mixin.py:190} INFO - [2026-06-29T16:43:42.925+0000] {dag.py:4180} INFO - Setting next_dagrun for urban_data_streaming_demo to None, run_after=None
[2026-06-29T16:43:42.961+0000] {processor.py:208} INFO - Processing /opt/airflow/dags/urban_data_streaming_dag.py took 0.149 seconds
[2026-06-29T16:44:13.217+0000] {processor.py:186} INFO - Started process (PID=10018) to work on /opt/airflow/dags/urban_data_streaming_dag.py
[2026-06-29T16:44:13.221+0000] {processor.py:914} INFO - Processing file /opt/airflow/dags/urban_data_streaming_dag.py for tasks to queue
[2026-06-29T16:44:13.228+0000] {logging_mixin.py:190} INFO - [2026-06-29T16:44:13.227+0000] {dagbag.py:588} INFO - Filling up the DagBag from /opt/airflow/dags/urban_data_streaming_dag.py
[2026-06-29T16:44:13.268+0000] {processor.py:925} INFO - DAG(s) 'urban_data_streaming_demo' retrieved from /opt/airflow/dags/urban_data_streaming_dag.py
[2026-06-29T16:44:13.312+0000] {logging_mixin.py:190} INFO - [2026-06-29T16:44:13.311+0000] {dag.py:3239} INFO - Sync 1 DAGs
[2026-06-29T16:44:13.339+0000] {logging_mixin.py:190} INFO - [2026-06-29T16:44:13.338+0000] {dag.py:4180} INFO - Setting next_dagrun for urban_data_streaming_demo to None, run_after=None
[2026-06-29T16:44:13.379+0000] {processor.py:208} INFO - Processing /opt/airflow/dags/urban_data_streaming_dag.py took 0.185 seconds
[2026-06-29T16:44:43.626+0000] {processor.py:186} INFO - Started process (PID=10036) to work on /opt/airflow/dags/urban_data_streaming_dag.py
[2026-06-29T16:44:43.628+0000] {processor.py:914} INFO - Processing file /opt/airflow/dags/urban_data_streaming_dag.py for tasks to queue
[2026-06-29T16:44:43.633+0000] {logging_mixin.py:190} INFO - [2026-06-29T16:44:43.632+0000] {dagbag.py:588} INFO - Filling up the DagBag from /opt/airflow/dags/urban_data_streaming_dag.py
[2026-06-29T16:44:43.684+0000] {processor.py:925} INFO - DAG(s) 'urban_data_streaming_demo' retrieved from /opt/airflow/dags/urban_data_streaming_dag.py
[2026-06-29T16:44:43.721+0000] {logging_mixin.py:190} INFO - [2026-06-29T16:44:43.721+0000] {dag.py:3239} INFO - Sync 1 DAGs
[2026-06-29T16:44:43.739+0000] {logging_mixin.py:190} INFO - [2026-06-29T16:44:43.739+0000] {dag.py:4180} INFO - Setting next_dagrun for urban_data_streaming_demo to None, run_after=None
[2026-06-29T16:44:43.776+0000] {processor.py:208} INFO - Processing /opt/airflow/dags/urban_data_streaming_dag.py took 0.159 seconds
[2026-06-29T16:45:14.410+0000] {processor.py:186} INFO - Started process (PID=10054) to work on /opt/airflow/dags/urban_data_streaming_dag.py
[2026-06-29T16:45:14.412+0000] {processor.py:914} INFO - Processing file /opt/airflow/dags/urban_data_streaming_dag.py for tasks to queue
[2026-06-29T16:45:14.416+0000] {logging_mixin.py:190} INFO - [2026-06-29T16:45:14.416+0000] {dagbag.py:588} INFO - Filling up the DagBag from /opt/airflow/dags/urban_data_streaming_dag.py
[2026-06-29T16:45:14.454+0000] {processor.py:925} INFO - DAG(s) 'urban_data_streaming_demo' retrieved from /opt/airflow/dags/urban_data_streaming_dag.py
[2026-06-29T16:45:14.496+0000] {logging_mixin.py:190} INFO - [2026-06-29T16:45:14.496+0000] {dag.py:3239} INFO - Sync 1 DAGs
[2026-06-29T16:45:14.513+0000] {logging_mixin.py:190} INFO - [2026-06-29T16:45:14.513+0000] {dag.py:4180} INFO - Setting next_dagrun for urban_data_streaming_demo to None, run_after=None
[2026-06-29T16:45:14.556+0000] {processor.py:208} INFO - Processing /opt/airflow/dags/urban_data_streaming_dag.py took 0.155 seconds
[2026-06-29T16:45:45.127+0000] {processor.py:186} INFO - Started process (PID=10072) to work on /opt/airflow/dags/urban_data_streaming_dag.py
[2026-06-29T16:45:45.128+0000] {processor.py:914} INFO - Processing file /opt/airflow/dags/urban_data_streaming_dag.py for tasks to queue
[2026-06-29T16:45:45.132+0000] {logging_mixin.py:190} INFO - [2026-06-29T16:45:45.132+0000] {dagbag.py:588} INFO - Filling up the DagBag from /opt/airflow/dags/urban_data_streaming_dag.py
[2026-06-29T16:45:45.161+0000] {processor.py:925} INFO - DAG(s) 'urban_data_streaming_demo' retrieved from /opt/airflow/dags/urban_data_streaming_dag.py
[2026-06-29T16:45:45.194+0000] {logging_mixin.py:190} INFO - [2026-06-29T16:45:45.193+0000] {dag.py:3239} INFO - Sync 1 DAGs
[2026-06-29T16:45:45.210+0000] {logging_mixin.py:190} INFO - [2026-06-29T16:45:45.210+0000] {dag.py:4180} INFO - Setting next_dagrun for urban_data_streaming_demo to None, run_after=None
[2026-06-29T16:45:45.237+0000] {processor.py:208} INFO - Processing /opt/airflow/dags/urban_data_streaming_dag.py took 0.121 seconds
[2026-06-29T16:46:16.003+0000] {processor.py:186} INFO - Started process (PID=10090) to work on /opt/airflow/dags/urban_data_streaming_dag.py
[2026-06-29T16:46:16.004+0000] {processor.py:914} INFO - Processing file /opt/airflow/dags/urban_data_streaming_dag.py for tasks to queue
[2026-06-29T16:46:16.008+0000] {logging_mixin.py:190} INFO - [2026-06-29T16:46:16.007+0000] {dagbag.py:588} INFO - Filling up the DagBag from /opt/airflow/dags/urban_data_streaming_dag.py
[2026-06-29T16:46:16.035+0000] {processor.py:925} INFO - DAG(s) 'urban_data_streaming_demo' retrieved from /opt/airflow/dags/urban_data_streaming_dag.py
[2026-06-29T16:46:16.073+0000] {logging_mixin.py:190} INFO - [2026-06-29T16:46:16.073+0000] {dag.py:3239} INFO - Sync 1 DAGs
[2026-06-29T16:46:16.092+0000] {logging_mixin.py:190} INFO - [2026-06-29T16:46:16.091+0000] {dag.py:4180} INFO - Setting next_dagrun for urban_data_streaming_demo to None, run_after=None
[2026-06-29T16:46:16.125+0000] {processor.py:208} INFO - Processing /opt/airflow/dags/urban_data_streaming_dag.py took 0.128 seconds
[2026-06-29T16:46:46.332+0000] {processor.py:186} INFO - Started process (PID=10107) to work on /opt/airflow/dags/urban_data_streaming_dag.py
[2026-06-29T16:46:46.339+0000] {processor.py:914} INFO - Processing file /opt/airflow/dags/urban_data_streaming_dag.py for tasks to queue
[2026-06-29T16:46:46.347+0000] {logging_mixin.py:190} INFO - [2026-06-29T16:46:46.347+0000] {dagbag.py:588} INFO - Filling up the DagBag from /opt/airflow/dags/urban_data_streaming_dag.py
[2026-06-29T16:46:46.470+0000] {processor.py:925} INFO - DAG(s) 'urban_data_streaming_demo' retrieved from /opt/airflow/dags/urban_data_streaming_dag.py
[2026-06-29T16:46:46.527+0000] {logging_mixin.py:190} INFO - [2026-06-29T16:46:46.526+0000] {dag.py:3239} INFO - Sync 1 DAGs
[2026-06-29T16:46:46.565+0000] {logging_mixin.py:190} INFO - [2026-06-29T16:46:46.564+0000] {dag.py:4180} INFO - Setting next_dagrun for urban_data_streaming_demo to None, run_after=None
[2026-06-29T16:46:46.590+0000] {processor.py:208} INFO - Processing /opt/airflow/dags/urban_data_streaming_dag.py took 0.275 seconds
[2026-06-29T16:47:17.169+0000] {processor.py:186} INFO - Started process (PID=10118) to work on /opt/airflow/dags/urban_data_streaming_dag.py
[2026-06-29T16:47:17.171+0000] {processor.py:914} INFO - Processing file /opt/airflow/dags/urban_data_streaming_dag.py for tasks to queue
[2026-06-29T16:47:17.177+0000] {logging_mixin.py:190} INFO - [2026-06-29T16:47:17.176+0000] {dagbag.py:588} INFO - Filling up the DagBag from /opt/airflow/dags/urban_data_streaming_dag.py
[2026-06-29T16:47:17.221+0000] {processor.py:925} INFO - DAG(s) 'urban_data_streaming_demo' retrieved from /opt/airflow/dags/urban_data_streaming_dag.py
[2026-06-29T16:47:17.266+0000] {logging_mixin.py:190} INFO - [2026-06-29T16:47:17.265+0000] {dag.py:3239} INFO - Sync 1 DAGs
[2026-06-29T16:47:17.284+0000] {logging_mixin.py:190} INFO - [2026-06-29T16:47:17.284+0000] {dag.py:4180} INFO - Setting next_dagrun for urban_data_streaming_demo to None, run_after=None
[2026-06-29T16:47:17.334+0000] {processor.py:208} INFO - Processing /opt/airflow/dags/urban_data_streaming_dag.py took 0.175 seconds
[2026-06-29T16:47:47.450+0000] {processor.py:186} INFO - Started process (PID=10137) to work on /opt/airflow/dags/urban_data_streaming_dag.py
[2026-06-29T16:47:47.452+0000] {processor.py:914} INFO - Processing file /opt/airflow/dags/urban_data_streaming_dag.py for tasks to queue
[2026-06-29T16:47:47.455+0000] {logging_mixin.py:190} INFO - [2026-06-29T16:47:47.454+0000] {dagbag.py:588} INFO - Filling up the DagBag from /opt/airflow/dags/urban_data_streaming_dag.py
[2026-06-29T16:47:47.486+0000] {processor.py:925} INFO - DAG(s) 'urban_data_streaming_demo' retrieved from /opt/airflow/dags/urban_data_streaming_dag.py
[2026-06-29T16:47:47.520+0000] {logging_mixin.py:190} INFO - [2026-06-29T16:47:47.520+0000] {dag.py:3239} INFO - Sync 1 DAGs
[2026-06-29T16:47:47.538+0000] {logging_mixin.py:190} INFO - [2026-06-29T16:47:47.538+0000] {dag.py:4180} INFO - Setting next_dagrun for urban_data_streaming_demo to None, run_after=None
[2026-06-29T16:47:47.570+0000] {processor.py:208} INFO - Processing /opt/airflow/dags/urban_data_streaming_dag.py took 0.126 seconds
[2026-06-29T16:48:18.371+0000] {processor.py:186} INFO - Started process (PID=10155) to work on /opt/airflow/dags/urban_data_streaming_dag.py
[2026-06-29T16:48:18.373+0000] {processor.py:914} INFO - Processing file /opt/airflow/dags/urban_data_streaming_dag.py for tasks to queue
[2026-06-29T16:48:18.379+0000] {logging_mixin.py:190} INFO - [2026-06-29T16:48:18.379+0000] {dagbag.py:588} INFO - Filling up the DagBag from /opt/airflow/dags/urban_data_streaming_dag.py
[2026-06-29T16:48:18.415+0000] {processor.py:925} INFO - DAG(s) 'urban_data_streaming_demo' retrieved from /opt/airflow/dags/urban_data_streaming_dag.py
[2026-06-29T16:48:18.449+0000] {logging_mixin.py:190} INFO - [2026-06-29T16:48:18.448+0000] {dag.py:3239} INFO - Sync 1 DAGs
[2026-06-29T16:48:18.468+0000] {logging_mixin.py:190} INFO - [2026-06-29T16:48:18.468+0000] {dag.py:4180} INFO - Setting next_dagrun for urban_data_streaming_demo to None, run_after=None
[2026-06-29T16:48:18.499+0000] {processor.py:208} INFO - Processing /opt/airflow/dags/urban_data_streaming_dag.py took 0.143 seconds
[2026-06-29T16:48:49.040+0000] {processor.py:186} INFO - Started process (PID=10173) to work on /opt/airflow/dags/urban_data_streaming_dag.py
[2026-06-29T16:48:49.042+0000] {processor.py:914} INFO - Processing file /opt/airflow/dags/urban_data_streaming_dag.py for tasks to queue
[2026-06-29T16:48:49.046+0000] {logging_mixin.py:190} INFO - [2026-06-29T16:48:49.046+0000] {dagbag.py:588} INFO - Filling up the DagBag from /opt/airflow/dags/urban_data_streaming_dag.py
[2026-06-29T16:48:49.076+0000] {processor.py:925} INFO - DAG(s) 'urban_data_streaming_demo' retrieved from /opt/airflow/dags/urban_data_streaming_dag.py
[2026-06-29T16:48:49.115+0000] {logging_mixin.py:190} INFO - [2026-06-29T16:48:49.115+0000] {dag.py:3239} INFO - Sync 1 DAGs
[2026-06-29T16:48:49.135+0000] {logging_mixin.py:190} INFO - [2026-06-29T16:48:49.133+0000] {dag.py:4180} INFO - Setting next_dagrun for urban_data_streaming_demo to None, run_after=None
[2026-06-29T16:48:49.172+0000] {processor.py:208} INFO - Processing /opt/airflow/dags/urban_data_streaming_dag.py took 0.142 seconds
[2026-06-29T16:49:19.808+0000] {processor.py:186} INFO - Started process (PID=10191) to work on /opt/airflow/dags/urban_data_streaming_dag.py
[2026-06-29T16:49:19.811+0000] {processor.py:914} INFO - Processing file /opt/airflow/dags/urban_data_streaming_dag.py for tasks to queue
[2026-06-29T16:49:19.815+0000] {logging_mixin.py:190} INFO - [2026-06-29T16:49:19.814+0000] {dagbag.py:588} INFO - Filling up the DagBag from /opt/airflow/dags/urban_data_streaming_dag.py
[2026-06-29T16:49:19.845+0000] {processor.py:925} INFO - DAG(s) 'urban_data_streaming_demo' retrieved from /opt/airflow/dags/urban_data_streaming_dag.py
[2026-06-29T16:49:19.876+0000] {logging_mixin.py:190} INFO - [2026-06-29T16:49:19.876+0000] {dag.py:3239} INFO - Sync 1 DAGs
[2026-06-29T16:49:19.895+0000] {logging_mixin.py:190} INFO - [2026-06-29T16:49:19.895+0000] {dag.py:4180} INFO - Setting next_dagrun for urban_data_streaming_demo to None, run_after=None
[2026-06-29T16:49:19.923+0000] {processor.py:208} INFO - Processing /opt/airflow/dags/urban_data_streaming_dag.py took 0.122 seconds
[2026-06-29T16:49:50.638+0000] {processor.py:186} INFO - Started process (PID=10209) to work on /opt/airflow/dags/urban_data_streaming_dag.py
[2026-06-29T16:49:50.639+0000] {processor.py:914} INFO - Processing file /opt/airflow/dags/urban_data_streaming_dag.py for tasks to queue
[2026-06-29T16:49:50.643+0000] {logging_mixin.py:190} INFO - [2026-06-29T16:49:50.643+0000] {dagbag.py:588} INFO - Filling up the DagBag from /opt/airflow/dags/urban_data_streaming_dag.py
[2026-06-29T16:49:50.675+0000] {processor.py:925} INFO - DAG(s) 'urban_data_streaming_demo' retrieved from /opt/airflow/dags/urban_data_streaming_dag.py
[2026-06-29T16:49:50.713+0000] {logging_mixin.py:190} INFO - [2026-06-29T16:49:50.713+0000] {dag.py:3239} INFO - Sync 1 DAGs
[2026-06-29T16:49:50.734+0000] {logging_mixin.py:190} INFO - [2026-06-29T16:49:50.734+0000] {dag.py:4180} INFO - Setting next_dagrun for urban_data_streaming_demo to None, run_after=None
[2026-06-29T16:49:50.762+0000] {processor.py:208} INFO - Processing /opt/airflow/dags/urban_data_streaming_dag.py took 0.131 seconds
[2026-06-29T16:50:21.356+0000] {processor.py:186} INFO - Started process (PID=10227) to work on /opt/airflow/dags/urban_data_streaming_dag.py
[2026-06-29T16:50:21.358+0000] {processor.py:914} INFO - Processing file /opt/airflow/dags/urban_data_streaming_dag.py for tasks to queue
[2026-06-29T16:50:21.364+0000] {logging_mixin.py:190} INFO - [2026-06-29T16:50:21.363+0000] {dagbag.py:588} INFO - Filling up the DagBag from /opt/airflow/dags/urban_data_streaming_dag.py
[2026-06-29T16:50:21.392+0000] {processor.py:925} INFO - DAG(s) 'urban_data_streaming_demo' retrieved from /opt/airflow/dags/urban_data_streaming_dag.py
[2026-06-29T16:50:21.424+0000] {logging_mixin.py:190} INFO - [2026-06-29T16:50:21.424+0000] {dag.py:3239} INFO - Sync 1 DAGs
[2026-06-29T16:50:21.440+0000] {logging_mixin.py:190} INFO - [2026-06-29T16:50:21.439+0000] {dag.py:4180} INFO - Setting next_dagrun for urban_data_streaming_demo to None, run_after=None
[2026-06-29T16:50:21.471+0000] {processor.py:208} INFO - Processing /opt/airflow/dags/urban_data_streaming_dag.py took 0.121 seconds
[2026-06-29T16:50:52.131+0000] {processor.py:186} INFO - Started process (PID=10245) to work on /opt/airflow/dags/urban_data_streaming_dag.py
[2026-06-29T16:50:52.133+0000] {processor.py:914} INFO - Processing file /opt/airflow/dags/urban_data_streaming_dag.py for tasks to queue
[2026-06-29T16:50:52.136+0000] {logging_mixin.py:190} INFO - [2026-06-29T16:50:52.136+0000] {dagbag.py:588} INFO - Filling up the DagBag from /opt/airflow/dags/urban_data_streaming_dag.py
[2026-06-29T16:50:52.167+0000] {processor.py:925} INFO - DAG(s) 'urban_data_streaming_demo' retrieved from /opt/airflow/dags/urban_data_streaming_dag.py
[2026-06-29T16:50:52.199+0000] {logging_mixin.py:190} INFO - [2026-06-29T16:50:52.199+0000] {dag.py:3239} INFO - Sync 1 DAGs
[2026-06-29T16:50:52.217+0000] {logging_mixin.py:190} INFO - [2026-06-29T16:50:52.217+0000] {dag.py:4180} INFO - Setting next_dagrun for urban_data_streaming_demo to None, run_after=None
[2026-06-29T16:50:52.248+0000] {processor.py:208} INFO - Processing /opt/airflow/dags/urban_data_streaming_dag.py took 0.123 seconds
[2026-06-29T16:51:23.001+0000] {processor.py:186} INFO - Started process (PID=10262) to work on /opt/airflow/dags/urban_data_streaming_dag.py
[2026-06-29T16:51:23.004+0000] {processor.py:914} INFO - Processing file /opt/airflow/dags/urban_data_streaming_dag.py for tasks to queue
[2026-06-29T16:51:23.012+0000] {logging_mixin.py:190} INFO - [2026-06-29T16:51:23.011+0000] {dagbag.py:588} INFO - Filling up the DagBag from /opt/airflow/dags/urban_data_streaming_dag.py
[2026-06-29T16:51:23.075+0000] {processor.py:925} INFO - DAG(s) 'urban_data_streaming_demo' retrieved from /opt/airflow/dags/urban_data_streaming_dag.py
[2026-06-29T16:51:23.122+0000] {logging_mixin.py:190} INFO - [2026-06-29T16:51:23.122+0000] {dag.py:3239} INFO - Sync 1 DAGs
[2026-06-29T16:51:23.146+0000] {logging_mixin.py:190} INFO - [2026-06-29T16:51:23.146+0000] {dag.py:4180} INFO - Setting next_dagrun for urban_data_streaming_demo to None, run_after=None
[2026-06-29T16:51:23.186+0000] {processor.py:208} INFO - Processing /opt/airflow/dags/urban_data_streaming_dag.py took 0.197 seconds
[2026-06-29T16:51:54.102+0000] {processor.py:186} INFO - Started process (PID=10273) to work on /opt/airflow/dags/urban_data_streaming_dag.py
[2026-06-29T16:51:54.104+0000] {processor.py:914} INFO - Processing file /opt/airflow/dags/urban_data_streaming_dag.py for tasks to queue
[2026-06-29T16:51:54.107+0000] {logging_mixin.py:190} INFO - [2026-06-29T16:51:54.106+0000] {dagbag.py:588} INFO - Filling up the DagBag from /opt/airflow/dags/urban_data_streaming_dag.py
[2026-06-29T16:51:54.141+0000] {processor.py:925} INFO - DAG(s) 'urban_data_streaming_demo' retrieved from /opt/airflow/dags/urban_data_streaming_dag.py
[2026-06-29T16:51:54.172+0000] {logging_mixin.py:190} INFO - [2026-06-29T16:51:54.172+0000] {dag.py:3239} INFO - Sync 1 DAGs
[2026-06-29T16:51:54.191+0000] {logging_mixin.py:190} INFO - [2026-06-29T16:51:54.190+0000] {dag.py:4180} INFO - Setting next_dagrun for urban_data_streaming_demo to None, run_after=None
[2026-06-29T16:51:54.220+0000] {processor.py:208} INFO - Processing /opt/airflow/dags/urban_data_streaming_dag.py took 0.127 seconds
[2026-06-29T16:52:24.432+0000] {processor.py:186} INFO - Started process (PID=10291) to work on /opt/airflow/dags/urban_data_streaming_dag.py
[2026-06-29T16:52:24.437+0000] {processor.py:914} INFO - Processing file /opt/airflow/dags/urban_data_streaming_dag.py for tasks to queue
[2026-06-29T16:52:24.449+0000] {logging_mixin.py:190} INFO - [2026-06-29T16:52:24.447+0000] {dagbag.py:588} INFO - Filling up the DagBag from /opt/airflow/dags/urban_data_streaming_dag.py
[2026-06-29T16:52:24.540+0000] {processor.py:925} INFO - DAG(s) 'urban_data_streaming_demo' retrieved from /opt/airflow/dags/urban_data_streaming_dag.py
[2026-06-29T16:52:24.611+0000] {logging_mixin.py:190} INFO - [2026-06-29T16:52:24.610+0000] {dag.py:3239} INFO - Sync 1 DAGs
[2026-06-29T16:52:24.647+0000] {logging_mixin.py:190} INFO - [2026-06-29T16:52:24.647+0000] {dag.py:4180} INFO - Setting next_dagrun for urban_data_streaming_demo to None, run_after=None
[2026-06-29T16:52:24.706+0000] {processor.py:208} INFO - Processing /opt/airflow/dags/urban_data_streaming_dag.py took 0.301 seconds
[2026-06-29T16:52:55.176+0000] {processor.py:186} INFO - Started process (PID=10309) to work on /opt/airflow/dags/urban_data_streaming_dag.py
[2026-06-29T16:52:55.177+0000] {processor.py:914} INFO - Processing file /opt/airflow/dags/urban_data_streaming_dag.py for tasks to queue
[2026-06-29T16:52:55.180+0000] {logging_mixin.py:190} INFO - [2026-06-29T16:52:55.180+0000] {dagbag.py:588} INFO - Filling up the DagBag from /opt/airflow/dags/urban_data_streaming_dag.py
[2026-06-29T16:52:55.203+0000] {processor.py:925} INFO - DAG(s) 'urban_data_streaming_demo' retrieved from /opt/airflow/dags/urban_data_streaming_dag.py
[2026-06-29T16:52:55.234+0000] {logging_mixin.py:190} INFO - [2026-06-29T16:52:55.233+0000] {dag.py:3239} INFO - Sync 1 DAGs
[2026-06-29T16:52:55.272+0000] {logging_mixin.py:190} INFO - [2026-06-29T16:52:55.271+0000] {dag.py:4180} INFO - Setting next_dagrun for urban_data_streaming_demo to None, run_after=None
[2026-06-29T16:52:55.315+0000] {processor.py:208} INFO - Processing /opt/airflow/dags/urban_data_streaming_dag.py took 0.146 seconds
[2026-06-29T16:53:25.539+0000] {processor.py:186} INFO - Started process (PID=10327) to work on /opt/airflow/dags/urban_data_streaming_dag.py
[2026-06-29T16:53:25.542+0000] {processor.py:914} INFO - Processing file /opt/airflow/dags/urban_data_streaming_dag.py for tasks to queue
[2026-06-29T16:53:25.556+0000] {logging_mixin.py:190} INFO - [2026-06-29T16:53:25.554+0000] {dagbag.py:588} INFO - Filling up the DagBag from /opt/airflow/dags/urban_data_streaming_dag.py
[2026-06-29T16:53:25.631+0000] {processor.py:925} INFO - DAG(s) 'urban_data_streaming_demo' retrieved from /opt/airflow/dags/urban_data_streaming_dag.py
[2026-06-29T16:53:25.663+0000] {logging_mixin.py:190} INFO - [2026-06-29T16:53:25.663+0000] {dag.py:3239} INFO - Sync 1 DAGs
[2026-06-29T16:53:25.677+0000] {logging_mixin.py:190} INFO - [2026-06-29T16:53:25.677+0000] {dag.py:4180} INFO - Setting next_dagrun for urban_data_streaming_demo to None, run_after=None
[2026-06-29T16:53:25.705+0000] {processor.py:208} INFO - Processing /opt/airflow/dags/urban_data_streaming_dag.py took 0.185 seconds
[2026-06-29T16:53:56.355+0000] {processor.py:186} INFO - Started process (PID=10345) to work on /opt/airflow/dags/urban_data_streaming_dag.py
[2026-06-29T16:53:56.358+0000] {processor.py:914} INFO - Processing file /opt/airflow/dags/urban_data_streaming_dag.py for tasks to queue
[2026-06-29T16:53:56.364+0000] {logging_mixin.py:190} INFO - [2026-06-29T16:53:56.363+0000] {dagbag.py:588} INFO - Filling up the DagBag from /opt/airflow/dags/urban_data_streaming_dag.py
[2026-06-29T16:53:56.496+0000] {processor.py:925} INFO - DAG(s) 'urban_data_streaming_demo' retrieved from /opt/airflow/dags/urban_data_streaming_dag.py
[2026-06-29T16:53:56.590+0000] {logging_mixin.py:190} INFO - [2026-06-29T16:53:56.589+0000] {dag.py:3239} INFO - Sync 1 DAGs
[2026-06-29T16:53:56.615+0000] {logging_mixin.py:190} INFO - [2026-06-29T16:53:56.614+0000] {dag.py:4180} INFO - Setting next_dagrun for urban_data_streaming_demo to None, run_after=None
[2026-06-29T16:53:56.641+0000] {processor.py:208} INFO - Processing /opt/airflow/dags/urban_data_streaming_dag.py took 0.303 seconds
[2026-06-29T16:54:27.423+0000] {processor.py:186} INFO - Started process (PID=10363) to work on /opt/airflow/dags/urban_data_streaming_dag.py
[2026-06-29T16:54:27.428+0000] {processor.py:914} INFO - Processing file /opt/airflow/dags/urban_data_streaming_dag.py for tasks to queue
[2026-06-29T16:54:27.438+0000] {logging_mixin.py:190} INFO - [2026-06-29T16:54:27.436+0000] {dagbag.py:588} INFO - Filling up the DagBag from /opt/airflow/dags/urban_data_streaming_dag.py
[2026-06-29T16:54:27.516+0000] {processor.py:925} INFO - DAG(s) 'urban_data_streaming_demo' retrieved from /opt/airflow/dags/urban_data_streaming_dag.py
[2026-06-29T16:54:27.554+0000] {logging_mixin.py:190} INFO - [2026-06-29T16:54:27.554+0000] {dag.py:3239} INFO - Sync 1 DAGs
[2026-06-29T16:54:27.569+0000] {logging_mixin.py:190} INFO - [2026-06-29T16:54:27.569+0000] {dag.py:4180} INFO - Setting next_dagrun for urban_data_streaming_demo to None, run_after=None
[2026-06-29T16:54:27.604+0000] {processor.py:208} INFO - Processing /opt/airflow/dags/urban_data_streaming_dag.py took 0.205 seconds
[2026-06-29T16:54:58.339+0000] {processor.py:186} INFO - Started process (PID=10381) to work on /opt/airflow/dags/urban_data_streaming_dag.py
[2026-06-29T16:54:58.340+0000] {processor.py:914} INFO - Processing file /opt/airflow/dags/urban_data_streaming_dag.py for tasks to queue
[2026-06-29T16:54:58.344+0000] {logging_mixin.py:190} INFO - [2026-06-29T16:54:58.343+0000] {dagbag.py:588} INFO - Filling up the DagBag from /opt/airflow/dags/urban_data_streaming_dag.py
[2026-06-29T16:54:58.375+0000] {processor.py:925} INFO - DAG(s) 'urban_data_streaming_demo' retrieved from /opt/airflow/dags/urban_data_streaming_dag.py
[2026-06-29T16:54:58.422+0000] {logging_mixin.py:190} INFO - [2026-06-29T16:54:58.422+0000] {dag.py:3239} INFO - Sync 1 DAGs
[2026-06-29T16:54:58.448+0000] {logging_mixin.py:190} INFO - [2026-06-29T16:54:58.448+0000] {dag.py:4180} INFO - Setting next_dagrun for urban_data_streaming_demo to None, run_after=None
[2026-06-29T16:54:58.475+0000] {processor.py:208} INFO - Processing /opt/airflow/dags/urban_data_streaming_dag.py took 0.143 seconds
[2026-06-29T16:55:29.204+0000] {processor.py:186} INFO - Started process (PID=10399) to work on /opt/airflow/dags/urban_data_streaming_dag.py
[2026-06-29T16:55:29.206+0000] {processor.py:914} INFO - Processing file /opt/airflow/dags/urban_data_streaming_dag.py for tasks to queue
[2026-06-29T16:55:29.209+0000] {logging_mixin.py:190} INFO - [2026-06-29T16:55:29.209+0000] {dagbag.py:588} INFO - Filling up the DagBag from /opt/airflow/dags/urban_data_streaming_dag.py
[2026-06-29T16:55:29.258+0000] {processor.py:925} INFO - DAG(s) 'urban_data_streaming_demo' retrieved from /opt/airflow/dags/urban_data_streaming_dag.py
[2026-06-29T16:55:29.351+0000] {logging_mixin.py:190} INFO - [2026-06-29T16:55:29.351+0000] {dag.py:3239} INFO - Sync 1 DAGs
[2026-06-29T16:55:29.392+0000] {logging_mixin.py:190} INFO - [2026-06-29T16:55:29.391+0000] {dag.py:4180} INFO - Setting next_dagrun for urban_data_streaming_demo to None, run_after=None
[2026-06-29T16:55:29.447+0000] {processor.py:208} INFO - Processing /opt/airflow/dags/urban_data_streaming_dag.py took 0.249 seconds
[2026-06-29T16:56:00.150+0000] {processor.py:186} INFO - Started process (PID=10417) to work on /opt/airflow/dags/urban_data_streaming_dag.py
[2026-06-29T16:56:00.151+0000] {processor.py:914} INFO - Processing file /opt/airflow/dags/urban_data_streaming_dag.py for tasks to queue
[2026-06-29T16:56:00.154+0000] {logging_mixin.py:190} INFO - [2026-06-29T16:56:00.154+0000] {dagbag.py:588} INFO - Filling up the DagBag from /opt/airflow/dags/urban_data_streaming_dag.py
[2026-06-29T16:56:00.183+0000] {processor.py:925} INFO - DAG(s) 'urban_data_streaming_demo' retrieved from /opt/airflow/dags/urban_data_streaming_dag.py
[2026-06-29T16:56:00.218+0000] {logging_mixin.py:190} INFO - [2026-06-29T16:56:00.218+0000] {dag.py:3239} INFO - Sync 1 DAGs
[2026-06-29T16:56:00.235+0000] {logging_mixin.py:190} INFO - [2026-06-29T16:56:00.234+0000] {dag.py:4180} INFO - Setting next_dagrun for urban_data_streaming_demo to None, run_after=None
[2026-06-29T16:56:00.265+0000] {processor.py:208} INFO - Processing /opt/airflow/dags/urban_data_streaming_dag.py took 0.122 seconds
[2026-06-29T16:56:30.977+0000] {processor.py:186} INFO - Started process (PID=10434) to work on /opt/airflow/dags/urban_data_streaming_dag.py
[2026-06-29T16:56:30.979+0000] {processor.py:914} INFO - Processing file /opt/airflow/dags/urban_data_streaming_dag.py for tasks to queue
[2026-06-29T16:56:30.983+0000] {logging_mixin.py:190} INFO - [2026-06-29T16:56:30.982+0000] {dagbag.py:588} INFO - Filling up the DagBag from /opt/airflow/dags/urban_data_streaming_dag.py
[2026-06-29T16:56:31.020+0000] {processor.py:925} INFO - DAG(s) 'urban_data_streaming_demo' retrieved from /opt/airflow/dags/urban_data_streaming_dag.py
[2026-06-29T16:56:31.065+0000] {logging_mixin.py:190} INFO - [2026-06-29T16:56:31.064+0000] {dag.py:3239} INFO - Sync 1 DAGs
[2026-06-29T16:56:31.088+0000] {logging_mixin.py:190} INFO - [2026-06-29T16:56:31.088+0000] {dag.py:4180} INFO - Setting next_dagrun for urban_data_streaming_demo to None, run_after=None
[2026-06-29T16:56:31.118+0000] {processor.py:208} INFO - Processing /opt/airflow/dags/urban_data_streaming_dag.py took 0.150 seconds
[2026-06-29T16:57:01.988+0000] {processor.py:186} INFO - Started process (PID=10445) to work on /opt/airflow/dags/urban_data_streaming_dag.py
[2026-06-29T16:57:01.991+0000] {processor.py:914} INFO - Processing file /opt/airflow/dags/urban_data_streaming_dag.py for tasks to queue
[2026-06-29T16:57:01.999+0000] {logging_mixin.py:190} INFO - [2026-06-29T16:57:01.998+0000] {dagbag.py:588} INFO - Filling up the DagBag from /opt/airflow/dags/urban_data_streaming_dag.py
[2026-06-29T16:57:02.134+0000] {processor.py:925} INFO - DAG(s) 'urban_data_streaming_demo' retrieved from /opt/airflow/dags/urban_data_streaming_dag.py
[2026-06-29T16:57:02.189+0000] {logging_mixin.py:190} INFO - [2026-06-29T16:57:02.189+0000] {dag.py:3239} INFO - Sync 1 DAGs
[2026-06-29T16:57:02.207+0000] {logging_mixin.py:190} INFO - [2026-06-29T16:57:02.207+0000] {dag.py:4180} INFO - Setting next_dagrun for urban_data_streaming_demo to None, run_after=None
[2026-06-29T16:57:02.238+0000] {processor.py:208} INFO - Processing /opt/airflow/dags/urban_data_streaming_dag.py took 0.266 seconds
[2026-06-29T16:57:32.921+0000] {processor.py:186} INFO - Started process (PID=10464) to work on /opt/airflow/dags/urban_data_streaming_dag.py
[2026-06-29T16:57:32.923+0000] {processor.py:914} INFO - Processing file /opt/airflow/dags/urban_data_streaming_dag.py for tasks to queue
[2026-06-29T16:57:32.927+0000] {logging_mixin.py:190} INFO - [2026-06-29T16:57:32.926+0000] {dagbag.py:588} INFO - Filling up the DagBag from /opt/airflow/dags/urban_data_streaming_dag.py
[2026-06-29T16:57:32.961+0000] {processor.py:925} INFO - DAG(s) 'urban_data_streaming_demo' retrieved from /opt/airflow/dags/urban_data_streaming_dag.py
[2026-06-29T16:57:32.999+0000] {logging_mixin.py:190} INFO - [2026-06-29T16:57:32.999+0000] {dag.py:3239} INFO - Sync 1 DAGs
[2026-06-29T16:57:33.014+0000] {logging_mixin.py:190} INFO - [2026-06-29T16:57:33.014+0000] {dag.py:4180} INFO - Setting next_dagrun for urban_data_streaming_demo to None, run_after=None
[2026-06-29T16:57:33.044+0000] {processor.py:208} INFO - Processing /opt/airflow/dags/urban_data_streaming_dag.py took 0.132 seconds
[2026-06-29T16:58:03.311+0000] {processor.py:186} INFO - Started process (PID=10482) to work on /opt/airflow/dags/urban_data_streaming_dag.py
[2026-06-29T16:58:03.314+0000] {processor.py:914} INFO - Processing file /opt/airflow/dags/urban_data_streaming_dag.py for tasks to queue
[2026-06-29T16:58:03.322+0000] {logging_mixin.py:190} INFO - [2026-06-29T16:58:03.320+0000] {dagbag.py:588} INFO - Filling up the DagBag from /opt/airflow/dags/urban_data_streaming_dag.py
[2026-06-29T16:58:03.381+0000] {processor.py:925} INFO - DAG(s) 'urban_data_streaming_demo' retrieved from /opt/airflow/dags/urban_data_streaming_dag.py
[2026-06-29T16:58:03.420+0000] {logging_mixin.py:190} INFO - [2026-06-29T16:58:03.419+0000] {dag.py:3239} INFO - Sync 1 DAGs
[2026-06-29T16:58:03.442+0000] {logging_mixin.py:190} INFO - [2026-06-29T16:58:03.442+0000] {dag.py:4180} INFO - Setting next_dagrun for urban_data_streaming_demo to None, run_after=None
[2026-06-29T16:58:03.477+0000] {processor.py:208} INFO - Processing /opt/airflow/dags/urban_data_streaming_dag.py took 0.190 seconds
[2026-06-29T16:58:34.090+0000] {processor.py:186} INFO - Started process (PID=10500) to work on /opt/airflow/dags/urban_data_streaming_dag.py
[2026-06-29T16:58:34.093+0000] {processor.py:914} INFO - Processing file /opt/airflow/dags/urban_data_streaming_dag.py for tasks to queue
[2026-06-29T16:58:34.100+0000] {logging_mixin.py:190} INFO - [2026-06-29T16:58:34.098+0000] {dagbag.py:588} INFO - Filling up the DagBag from /opt/airflow/dags/urban_data_streaming_dag.py
[2026-06-29T16:58:34.164+0000] {processor.py:925} INFO - DAG(s) 'urban_data_streaming_demo' retrieved from /opt/airflow/dags/urban_data_streaming_dag.py
[2026-06-29T16:58:34.207+0000] {logging_mixin.py:190} INFO - [2026-06-29T16:58:34.207+0000] {dag.py:3239} INFO - Sync 1 DAGs
[2026-06-29T16:58:34.221+0000] {logging_mixin.py:190} INFO - [2026-06-29T16:58:34.221+0000] {dag.py:4180} INFO - Setting next_dagrun for urban_data_streaming_demo to None, run_after=None
[2026-06-29T16:58:34.250+0000] {processor.py:208} INFO - Processing /opt/airflow/dags/urban_data_streaming_dag.py took 0.171 seconds
[2026-06-29T16:59:04.494+0000] {processor.py:186} INFO - Started process (PID=10518) to work on /opt/airflow/dags/urban_data_streaming_dag.py
[2026-06-29T16:59:04.496+0000] {processor.py:914} INFO - Processing file /opt/airflow/dags/urban_data_streaming_dag.py for tasks to queue
[2026-06-29T16:59:04.502+0000] {logging_mixin.py:190} INFO - [2026-06-29T16:59:04.502+0000] {dagbag.py:588} INFO - Filling up the DagBag from /opt/airflow/dags/urban_data_streaming_dag.py
[2026-06-29T16:59:04.553+0000] {processor.py:925} INFO - DAG(s) 'urban_data_streaming_demo' retrieved from /opt/airflow/dags/urban_data_streaming_dag.py
[2026-06-29T16:59:04.588+0000] {logging_mixin.py:190} INFO - [2026-06-29T16:59:04.587+0000] {dag.py:3239} INFO - Sync 1 DAGs
[2026-06-29T16:59:04.605+0000] {logging_mixin.py:190} INFO - [2026-06-29T16:59:04.605+0000] {dag.py:4180} INFO - Setting next_dagrun for urban_data_streaming_demo to None, run_after=None
[2026-06-29T16:59:04.632+0000] {processor.py:208} INFO - Processing /opt/airflow/dags/urban_data_streaming_dag.py took 0.146 seconds
[2026-06-29T16:59:35.520+0000] {processor.py:186} INFO - Started process (PID=10536) to work on /opt/airflow/dags/urban_data_streaming_dag.py
[2026-06-29T16:59:35.522+0000] {processor.py:914} INFO - Processing file /opt/airflow/dags/urban_data_streaming_dag.py for tasks to queue
[2026-06-29T16:59:35.525+0000] {logging_mixin.py:190} INFO - [2026-06-29T16:59:35.525+0000] {dagbag.py:588} INFO - Filling up the DagBag from /opt/airflow/dags/urban_data_streaming_dag.py
[2026-06-29T16:59:35.581+0000] {processor.py:925} INFO - DAG(s) 'urban_data_streaming_demo' retrieved from /opt/airflow/dags/urban_data_streaming_dag.py
[2026-06-29T16:59:35.617+0000] {logging_mixin.py:190} INFO - [2026-06-29T16:59:35.617+0000] {dag.py:3239} INFO - Sync 1 DAGs
[2026-06-29T16:59:35.633+0000] {logging_mixin.py:190} INFO - [2026-06-29T16:59:35.632+0000] {dag.py:4180} INFO - Setting next_dagrun for urban_data_streaming_demo to None, run_after=None
[2026-06-29T16:59:35.664+0000] {processor.py:208} INFO - Processing /opt/airflow/dags/urban_data_streaming_dag.py took 0.153 seconds
[2026-06-29T17:00:06.246+0000] {processor.py:186} INFO - Started process (PID=10554) to work on /opt/airflow/dags/urban_data_streaming_dag.py
[2026-06-29T17:00:06.248+0000] {processor.py:914} INFO - Processing file /opt/airflow/dags/urban_data_streaming_dag.py for tasks to queue
[2026-06-29T17:00:06.252+0000] {logging_mixin.py:190} INFO - [2026-06-29T17:00:06.252+0000] {dagbag.py:588} INFO - Filling up the DagBag from /opt/airflow/dags/urban_data_streaming_dag.py
[2026-06-29T17:00:06.279+0000] {processor.py:925} INFO - DAG(s) 'urban_data_streaming_demo' retrieved from /opt/airflow/dags/urban_data_streaming_dag.py
[2026-06-29T17:00:06.317+0000] {logging_mixin.py:190} INFO - [2026-06-29T17:00:06.316+0000] {dag.py:3239} INFO - Sync 1 DAGs
[2026-06-29T17:00:06.334+0000] {logging_mixin.py:190} INFO - [2026-06-29T17:00:06.334+0000] {dag.py:4180} INFO - Setting next_dagrun for urban_data_streaming_demo to None, run_after=None
[2026-06-29T17:00:06.358+0000] {processor.py:208} INFO - Processing /opt/airflow/dags/urban_data_streaming_dag.py took 0.124 seconds
[2026-06-29T17:00:37.126+0000] {processor.py:186} INFO - Started process (PID=10572) to work on /opt/airflow/dags/urban_data_streaming_dag.py
[2026-06-29T17:00:37.129+0000] {processor.py:914} INFO - Processing file /opt/airflow/dags/urban_data_streaming_dag.py for tasks to queue
[2026-06-29T17:00:37.134+0000] {logging_mixin.py:190} INFO - [2026-06-29T17:00:37.134+0000] {dagbag.py:588} INFO - Filling up the DagBag from /opt/airflow/dags/urban_data_streaming_dag.py
[2026-06-29T17:00:37.178+0000] {processor.py:925} INFO - DAG(s) 'urban_data_streaming_demo' retrieved from /opt/airflow/dags/urban_data_streaming_dag.py
[2026-06-29T17:00:37.260+0000] {logging_mixin.py:190} INFO - [2026-06-29T17:00:37.259+0000] {dag.py:3239} INFO - Sync 1 DAGs
[2026-06-29T17:00:37.324+0000] {logging_mixin.py:190} INFO - [2026-06-29T17:00:37.323+0000] {dag.py:4180} INFO - Setting next_dagrun for urban_data_streaming_demo to None, run_after=None
[2026-06-29T17:00:37.392+0000] {processor.py:208} INFO - Processing /opt/airflow/dags/urban_data_streaming_dag.py took 0.274 seconds
[2026-06-29T17:01:07.597+0000] {processor.py:186} INFO - Started process (PID=10590) to work on /opt/airflow/dags/urban_data_streaming_dag.py
[2026-06-29T17:01:07.599+0000] {processor.py:914} INFO - Processing file /opt/airflow/dags/urban_data_streaming_dag.py for tasks to queue
[2026-06-29T17:01:07.603+0000] {logging_mixin.py:190} INFO - [2026-06-29T17:01:07.602+0000] {dagbag.py:588} INFO - Filling up the DagBag from /opt/airflow/dags/urban_data_streaming_dag.py
[2026-06-29T17:01:07.635+0000] {processor.py:925} INFO - DAG(s) 'urban_data_streaming_demo' retrieved from /opt/airflow/dags/urban_data_streaming_dag.py
[2026-06-29T17:01:07.677+0000] {logging_mixin.py:190} INFO - [2026-06-29T17:01:07.677+0000] {dag.py:3239} INFO - Sync 1 DAGs
[2026-06-29T17:01:07.693+0000] {logging_mixin.py:190} INFO - [2026-06-29T17:01:07.693+0000] {dag.py:4180} INFO - Setting next_dagrun for urban_data_streaming_demo to None, run_after=None
[2026-06-29T17:01:07.724+0000] {processor.py:208} INFO - Processing /opt/airflow/dags/urban_data_streaming_dag.py took 0.140 seconds
[2026-06-29T17:01:38.200+0000] {processor.py:186} INFO - Started process (PID=10608) to work on /opt/airflow/dags/urban_data_streaming_dag.py
[2026-06-29T17:01:38.202+0000] {processor.py:914} INFO - Processing file /opt/airflow/dags/urban_data_streaming_dag.py for tasks to queue
[2026-06-29T17:01:38.206+0000] {logging_mixin.py:190} INFO - [2026-06-29T17:01:38.205+0000] {dagbag.py:588} INFO - Filling up the DagBag from /opt/airflow/dags/urban_data_streaming_dag.py
[2026-06-29T17:01:38.252+0000] {processor.py:925} INFO - DAG(s) 'urban_data_streaming_demo' retrieved from /opt/airflow/dags/urban_data_streaming_dag.py
[2026-06-29T17:01:38.300+0000] {logging_mixin.py:190} INFO - [2026-06-29T17:01:38.300+0000] {dag.py:3239} INFO - Sync 1 DAGs
[2026-06-29T17:01:38.321+0000] {logging_mixin.py:190} INFO - [2026-06-29T17:01:38.321+0000] {dag.py:4180} INFO - Setting next_dagrun for urban_data_streaming_demo to None, run_after=None
[2026-06-29T17:01:38.357+0000] {processor.py:208} INFO - Processing /opt/airflow/dags/urban_data_streaming_dag.py took 0.167 seconds
[2026-06-29T17:02:08.578+0000] {processor.py:186} INFO - Started process (PID=10619) to work on /opt/airflow/dags/urban_data_streaming_dag.py
[2026-06-29T17:02:08.581+0000] {processor.py:914} INFO - Processing file /opt/airflow/dags/urban_data_streaming_dag.py for tasks to queue
[2026-06-29T17:02:08.585+0000] {logging_mixin.py:190} INFO - [2026-06-29T17:02:08.585+0000] {dagbag.py:588} INFO - Filling up the DagBag from /opt/airflow/dags/urban_data_streaming_dag.py
[2026-06-29T17:02:08.643+0000] {processor.py:925} INFO - DAG(s) 'urban_data_streaming_demo' retrieved from /opt/airflow/dags/urban_data_streaming_dag.py
[2026-06-29T17:02:08.707+0000] {logging_mixin.py:190} INFO - [2026-06-29T17:02:08.707+0000] {dag.py:3239} INFO - Sync 1 DAGs
[2026-06-29T17:02:08.723+0000] {logging_mixin.py:190} INFO - [2026-06-29T17:02:08.723+0000] {dag.py:4180} INFO - Setting next_dagrun for urban_data_streaming_demo to None, run_after=None
[2026-06-29T17:02:08.754+0000] {processor.py:208} INFO - Processing /opt/airflow/dags/urban_data_streaming_dag.py took 0.185 seconds
[2026-06-29T17:02:39.523+0000] {processor.py:186} INFO - Started process (PID=10637) to work on /opt/airflow/dags/urban_data_streaming_dag.py
[2026-06-29T17:02:39.525+0000] {processor.py:914} INFO - Processing file /opt/airflow/dags/urban_data_streaming_dag.py for tasks to queue
[2026-06-29T17:02:39.527+0000] {logging_mixin.py:190} INFO - [2026-06-29T17:02:39.527+0000] {dagbag.py:588} INFO - Filling up the DagBag from /opt/airflow/dags/urban_data_streaming_dag.py
[2026-06-29T17:02:39.567+0000] {processor.py:925} INFO - DAG(s) 'urban_data_streaming_demo' retrieved from /opt/airflow/dags/urban_data_streaming_dag.py
[2026-06-29T17:02:39.622+0000] {logging_mixin.py:190} INFO - [2026-06-29T17:02:39.622+0000] {dag.py:3239} INFO - Sync 1 DAGs
[2026-06-29T17:02:39.637+0000] {logging_mixin.py:190} INFO - [2026-06-29T17:02:39.637+0000] {dag.py:4180} INFO - Setting next_dagrun for urban_data_streaming_demo to None, run_after=None
[2026-06-29T17:02:39.690+0000] {processor.py:208} INFO - Processing /opt/airflow/dags/urban_data_streaming_dag.py took 0.172 seconds
[2026-06-29T17:03:10.099+0000] {processor.py:186} INFO - Started process (PID=10655) to work on /opt/airflow/dags/urban_data_streaming_dag.py
[2026-06-29T17:03:10.102+0000] {processor.py:914} INFO - Processing file /opt/airflow/dags/urban_data_streaming_dag.py for tasks to queue
[2026-06-29T17:03:10.110+0000] {logging_mixin.py:190} INFO - [2026-06-29T17:03:10.109+0000] {dagbag.py:588} INFO - Filling up the DagBag from /opt/airflow/dags/urban_data_streaming_dag.py
[2026-06-29T17:03:10.202+0000] {processor.py:925} INFO - DAG(s) 'urban_data_streaming_demo' retrieved from /opt/airflow/dags/urban_data_streaming_dag.py
[2026-06-29T17:03:10.244+0000] {logging_mixin.py:190} INFO - [2026-06-29T17:03:10.244+0000] {dag.py:3239} INFO - Sync 1 DAGs
[2026-06-29T17:03:10.270+0000] {logging_mixin.py:190} INFO - [2026-06-29T17:03:10.270+0000] {dag.py:4180} INFO - Setting next_dagrun for urban_data_streaming_demo to None, run_after=None
[2026-06-29T17:03:10.304+0000] {processor.py:208} INFO - Processing /opt/airflow/dags/urban_data_streaming_dag.py took 0.214 seconds
[2026-06-29T17:03:41.174+0000] {processor.py:186} INFO - Started process (PID=10673) to work on /opt/airflow/dags/urban_data_streaming_dag.py
[2026-06-29T17:03:41.178+0000] {processor.py:914} INFO - Processing file /opt/airflow/dags/urban_data_streaming_dag.py for tasks to queue
[2026-06-29T17:03:41.193+0000] {logging_mixin.py:190} INFO - [2026-06-29T17:03:41.191+0000] {dagbag.py:588} INFO - Filling up the DagBag from /opt/airflow/dags/urban_data_streaming_dag.py
[2026-06-29T17:03:41.301+0000] {processor.py:925} INFO - DAG(s) 'urban_data_streaming_demo' retrieved from /opt/airflow/dags/urban_data_streaming_dag.py
[2026-06-29T17:03:41.347+0000] {logging_mixin.py:190} INFO - [2026-06-29T17:03:41.346+0000] {dag.py:3239} INFO - Sync 1 DAGs
[2026-06-29T17:03:41.363+0000] {logging_mixin.py:190} INFO - [2026-06-29T17:03:41.363+0000] {dag.py:4180} INFO - Setting next_dagrun for urban_data_streaming_demo to None, run_after=None
[2026-06-29T17:03:41.402+0000] {processor.py:208} INFO - Processing /opt/airflow/dags/urban_data_streaming_dag.py took 0.247 seconds
[2026-06-29T17:04:11.506+0000] {processor.py:186} INFO - Started process (PID=10691) to work on /opt/airflow/dags/urban_data_streaming_dag.py
[2026-06-29T17:04:11.508+0000] {processor.py:914} INFO - Processing file /opt/airflow/dags/urban_data_streaming_dag.py for tasks to queue
[2026-06-29T17:04:11.511+0000] {logging_mixin.py:190} INFO - [2026-06-29T17:04:11.511+0000] {dagbag.py:588} INFO - Filling up the DagBag from /opt/airflow/dags/urban_data_streaming_dag.py
[2026-06-29T17:04:11.537+0000] {processor.py:925} INFO - DAG(s) 'urban_data_streaming_demo' retrieved from /opt/airflow/dags/urban_data_streaming_dag.py
[2026-06-29T17:04:11.581+0000] {logging_mixin.py:190} INFO - [2026-06-29T17:04:11.581+0000] {dag.py:3239} INFO - Sync 1 DAGs
[2026-06-29T17:04:11.604+0000] {logging_mixin.py:190} INFO - [2026-06-29T17:04:11.603+0000] {dag.py:4180} INFO - Setting next_dagrun for urban_data_streaming_demo to None, run_after=None
[2026-06-29T17:04:11.637+0000] {processor.py:208} INFO - Processing /opt/airflow/dags/urban_data_streaming_dag.py took 0.140 seconds
[2026-06-29T17:04:42.411+0000] {processor.py:186} INFO - Started process (PID=10709) to work on /opt/airflow/dags/urban_data_streaming_dag.py
[2026-06-29T17:04:42.414+0000] {processor.py:914} INFO - Processing file /opt/airflow/dags/urban_data_streaming_dag.py for tasks to queue
[2026-06-29T17:04:42.417+0000] {logging_mixin.py:190} INFO - [2026-06-29T17:04:42.417+0000] {dagbag.py:588} INFO - Filling up the DagBag from /opt/airflow/dags/urban_data_streaming_dag.py
[2026-06-29T17:04:42.522+0000] {processor.py:925} INFO - DAG(s) 'urban_data_streaming_demo' retrieved from /opt/airflow/dags/urban_data_streaming_dag.py
[2026-06-29T17:04:42.561+0000] {logging_mixin.py:190} INFO - [2026-06-29T17:04:42.561+0000] {dag.py:3239} INFO - Sync 1 DAGs
[2026-06-29T17:04:42.575+0000] {logging_mixin.py:190} INFO - [2026-06-29T17:04:42.575+0000] {dag.py:4180} INFO - Setting next_dagrun for urban_data_streaming_demo to None, run_after=None
[2026-06-29T17:04:42.612+0000] {processor.py:208} INFO - Processing /opt/airflow/dags/urban_data_streaming_dag.py took 0.212 seconds
[2026-06-29T17:05:13.263+0000] {processor.py:186} INFO - Started process (PID=10727) to work on /opt/airflow/dags/urban_data_streaming_dag.py
[2026-06-29T17:05:13.265+0000] {processor.py:914} INFO - Processing file /opt/airflow/dags/urban_data_streaming_dag.py for tasks to queue
[2026-06-29T17:05:13.268+0000] {logging_mixin.py:190} INFO - [2026-06-29T17:05:13.267+0000] {dagbag.py:588} INFO - Filling up the DagBag from /opt/airflow/dags/urban_data_streaming_dag.py
[2026-06-29T17:05:13.364+0000] {processor.py:925} INFO - DAG(s) 'urban_data_streaming_demo' retrieved from /opt/airflow/dags/urban_data_streaming_dag.py
[2026-06-29T17:05:13.408+0000] {logging_mixin.py:190} INFO - [2026-06-29T17:05:13.408+0000] {dag.py:3239} INFO - Sync 1 DAGs
[2026-06-29T17:05:13.423+0000] {logging_mixin.py:190} INFO - [2026-06-29T17:05:13.422+0000] {dag.py:4180} INFO - Setting next_dagrun for urban_data_streaming_demo to None, run_after=None
[2026-06-29T17:05:13.448+0000] {processor.py:208} INFO - Processing /opt/airflow/dags/urban_data_streaming_dag.py took 0.192 seconds
[2026-06-29T17:05:44.111+0000] {processor.py:186} INFO - Started process (PID=10745) to work on /opt/airflow/dags/urban_data_streaming_dag.py
[2026-06-29T17:05:44.120+0000] {processor.py:914} INFO - Processing file /opt/airflow/dags/urban_data_streaming_dag.py for tasks to queue
[2026-06-29T17:05:44.133+0000] {logging_mixin.py:190} INFO - [2026-06-29T17:05:44.131+0000] {dagbag.py:588} INFO - Filling up the DagBag from /opt/airflow/dags/urban_data_streaming_dag.py
[2026-06-29T17:05:44.184+0000] {processor.py:925} INFO - DAG(s) 'urban_data_streaming_demo' retrieved from /opt/airflow/dags/urban_data_streaming_dag.py
[2026-06-29T17:05:44.222+0000] {logging_mixin.py:190} INFO - [2026-06-29T17:05:44.221+0000] {dag.py:3239} INFO - Sync 1 DAGs
[2026-06-29T17:05:44.236+0000] {logging_mixin.py:190} INFO - [2026-06-29T17:05:44.235+0000] {dag.py:4180} INFO - Setting next_dagrun for urban_data_streaming_demo to None, run_after=None
[2026-06-29T17:05:44.255+0000] {processor.py:208} INFO - Processing /opt/airflow/dags/urban_data_streaming_dag.py took 0.166 seconds
[2026-06-29T17:06:14.434+0000] {processor.py:186} INFO - Started process (PID=10763) to work on /opt/airflow/dags/urban_data_streaming_dag.py
[2026-06-29T17:06:14.436+0000] {processor.py:914} INFO - Processing file /opt/airflow/dags/urban_data_streaming_dag.py for tasks to queue
[2026-06-29T17:06:14.440+0000] {logging_mixin.py:190} INFO - [2026-06-29T17:06:14.439+0000] {dagbag.py:588} INFO - Filling up the DagBag from /opt/airflow/dags/urban_data_streaming_dag.py
[2026-06-29T17:06:14.475+0000] {processor.py:925} INFO - DAG(s) 'urban_data_streaming_demo' retrieved from /opt/airflow/dags/urban_data_streaming_dag.py
[2026-06-29T17:06:14.525+0000] {logging_mixin.py:190} INFO - [2026-06-29T17:06:14.524+0000] {dag.py:3239} INFO - Sync 1 DAGs
[2026-06-29T17:06:14.544+0000] {logging_mixin.py:190} INFO - [2026-06-29T17:06:14.544+0000] {dag.py:4180} INFO - Setting next_dagrun for urban_data_streaming_demo to None, run_after=None
[2026-06-29T17:06:14.570+0000] {processor.py:208} INFO - Processing /opt/airflow/dags/urban_data_streaming_dag.py took 0.142 seconds
[2026-06-29T17:06:45.183+0000] {processor.py:186} INFO - Started process (PID=10780) to work on /opt/airflow/dags/urban_data_streaming_dag.py
[2026-06-29T17:06:45.185+0000] {processor.py:914} INFO - Processing file /opt/airflow/dags/urban_data_streaming_dag.py for tasks to queue
[2026-06-29T17:06:45.189+0000] {logging_mixin.py:190} INFO - [2026-06-29T17:06:45.189+0000] {dagbag.py:588} INFO - Filling up the DagBag from /opt/airflow/dags/urban_data_streaming_dag.py
[2026-06-29T17:06:45.221+0000] {processor.py:925} INFO - DAG(s) 'urban_data_streaming_demo' retrieved from /opt/airflow/dags/urban_data_streaming_dag.py
[2026-06-29T17:06:45.261+0000] {logging_mixin.py:190} INFO - [2026-06-29T17:06:45.260+0000] {dag.py:3239} INFO - Sync 1 DAGs
[2026-06-29T17:06:45.277+0000] {logging_mixin.py:190} INFO - [2026-06-29T17:06:45.277+0000] {dag.py:4180} INFO - Setting next_dagrun for urban_data_streaming_demo to None, run_after=None
[2026-06-29T17:06:45.307+0000] {processor.py:208} INFO - Processing /opt/airflow/dags/urban_data_streaming_dag.py took 0.133 seconds
[2026-06-29T17:07:15.453+0000] {processor.py:186} INFO - Started process (PID=10791) to work on /opt/airflow/dags/urban_data_streaming_dag.py
[2026-06-29T17:07:15.457+0000] {processor.py:914} INFO - Processing file /opt/airflow/dags/urban_data_streaming_dag.py for tasks to queue
[2026-06-29T17:07:15.462+0000] {logging_mixin.py:190} INFO - [2026-06-29T17:07:15.462+0000] {dagbag.py:588} INFO - Filling up the DagBag from /opt/airflow/dags/urban_data_streaming_dag.py
[2026-06-29T17:07:15.560+0000] {processor.py:925} INFO - DAG(s) 'urban_data_streaming_demo' retrieved from /opt/airflow/dags/urban_data_streaming_dag.py
[2026-06-29T17:07:15.618+0000] {logging_mixin.py:190} INFO - [2026-06-29T17:07:15.618+0000] {dag.py:3239} INFO - Sync 1 DAGs
[2026-06-29T17:07:15.636+0000] {logging_mixin.py:190} INFO - [2026-06-29T17:07:15.635+0000] {dag.py:4180} INFO - Setting next_dagrun for urban_data_streaming_demo to None, run_after=None
[2026-06-29T17:07:15.669+0000] {processor.py:208} INFO - Processing /opt/airflow/dags/urban_data_streaming_dag.py took 0.235 seconds
[2026-06-29T17:07:46.339+0000] {processor.py:186} INFO - Started process (PID=10809) to work on /opt/airflow/dags/urban_data_streaming_dag.py
[2026-06-29T17:07:46.341+0000] {processor.py:914} INFO - Processing file /opt/airflow/dags/urban_data_streaming_dag.py for tasks to queue
[2026-06-29T17:07:46.345+0000] {logging_mixin.py:190} INFO - [2026-06-29T17:07:46.344+0000] {dagbag.py:588} INFO - Filling up the DagBag from /opt/airflow/dags/urban_data_streaming_dag.py
[2026-06-29T17:07:46.431+0000] {processor.py:925} INFO - DAG(s) 'urban_data_streaming_demo' retrieved from /opt/airflow/dags/urban_data_streaming_dag.py
[2026-06-29T17:07:46.468+0000] {logging_mixin.py:190} INFO - [2026-06-29T17:07:46.467+0000] {dag.py:3239} INFO - Sync 1 DAGs
[2026-06-29T17:07:46.487+0000] {logging_mixin.py:190} INFO - [2026-06-29T17:07:46.487+0000] {dag.py:4180} INFO - Setting next_dagrun for urban_data_streaming_demo to None, run_after=None
[2026-06-29T17:07:46.516+0000] {processor.py:208} INFO - Processing /opt/airflow/dags/urban_data_streaming_dag.py took 0.184 seconds
[2026-06-29T17:08:17.374+0000] {processor.py:186} INFO - Started process (PID=10827) to work on /opt/airflow/dags/urban_data_streaming_dag.py
[2026-06-29T17:08:17.377+0000] {processor.py:914} INFO - Processing file /opt/airflow/dags/urban_data_streaming_dag.py for tasks to queue
[2026-06-29T17:08:17.387+0000] {logging_mixin.py:190} INFO - [2026-06-29T17:08:17.386+0000] {dagbag.py:588} INFO - Filling up the DagBag from /opt/airflow/dags/urban_data_streaming_dag.py
[2026-06-29T17:08:17.431+0000] {processor.py:925} INFO - DAG(s) 'urban_data_streaming_demo' retrieved from /opt/airflow/dags/urban_data_streaming_dag.py
[2026-06-29T17:08:17.484+0000] {logging_mixin.py:190} INFO - [2026-06-29T17:08:17.483+0000] {dag.py:3239} INFO - Sync 1 DAGs
[2026-06-29T17:08:17.506+0000] {logging_mixin.py:190} INFO - [2026-06-29T17:08:17.505+0000] {dag.py:4180} INFO - Setting next_dagrun for urban_data_streaming_demo to None, run_after=None
[2026-06-29T17:08:17.544+0000] {processor.py:208} INFO - Processing /opt/airflow/dags/urban_data_streaming_dag.py took 0.183 seconds
[2026-06-29T17:08:47.791+0000] {processor.py:186} INFO - Started process (PID=10845) to work on /opt/airflow/dags/urban_data_streaming_dag.py
[2026-06-29T17:08:47.792+0000] {processor.py:914} INFO - Processing file /opt/airflow/dags/urban_data_streaming_dag.py for tasks to queue
[2026-06-29T17:08:47.796+0000] {logging_mixin.py:190} INFO - [2026-06-29T17:08:47.796+0000] {dagbag.py:588} INFO - Filling up the DagBag from /opt/airflow/dags/urban_data_streaming_dag.py
[2026-06-29T17:08:47.823+0000] {processor.py:925} INFO - DAG(s) 'urban_data_streaming_demo' retrieved from /opt/airflow/dags/urban_data_streaming_dag.py
[2026-06-29T17:08:47.855+0000] {logging_mixin.py:190} INFO - [2026-06-29T17:08:47.854+0000] {dag.py:3239} INFO - Sync 1 DAGs
[2026-06-29T17:08:47.870+0000] {logging_mixin.py:190} INFO - [2026-06-29T17:08:47.870+0000] {dag.py:4180} INFO - Setting next_dagrun for urban_data_streaming_demo to None, run_after=None
[2026-06-29T17:08:47.893+0000] {processor.py:208} INFO - Processing /opt/airflow/dags/urban_data_streaming_dag.py took 0.109 seconds
[2026-06-29T17:09:18.134+0000] {processor.py:186} INFO - Started process (PID=10863) to work on /opt/airflow/dags/urban_data_streaming_dag.py
[2026-06-29T17:09:18.135+0000] {processor.py:914} INFO - Processing file /opt/airflow/dags/urban_data_streaming_dag.py for tasks to queue
[2026-06-29T17:09:18.139+0000] {logging_mixin.py:190} INFO - [2026-06-29T17:09:18.138+0000] {dagbag.py:588} INFO - Filling up the DagBag from /opt/airflow/dags/urban_data_streaming_dag.py
[2026-06-29T17:09:18.176+0000] {processor.py:925} INFO - DAG(s) 'urban_data_streaming_demo' retrieved from /opt/airflow/dags/urban_data_streaming_dag.py
[2026-06-29T17:09:18.221+0000] {logging_mixin.py:190} INFO - [2026-06-29T17:09:18.221+0000] {dag.py:3239} INFO - Sync 1 DAGs
[2026-06-29T17:09:18.239+0000] {logging_mixin.py:190} INFO - [2026-06-29T17:09:18.239+0000] {dag.py:4180} INFO - Setting next_dagrun for urban_data_streaming_demo to None, run_after=None
[2026-06-29T17:09:18.272+0000] {processor.py:208} INFO - Processing /opt/airflow/dags/urban_data_streaming_dag.py took 0.150 seconds
[2026-06-29T17:09:49.028+0000] {processor.py:186} INFO - Started process (PID=10881) to work on /opt/airflow/dags/urban_data_streaming_dag.py
[2026-06-29T17:09:49.030+0000] {processor.py:914} INFO - Processing file /opt/airflow/dags/urban_data_streaming_dag.py for tasks to queue
[2026-06-29T17:09:49.035+0000] {logging_mixin.py:190} INFO - [2026-06-29T17:09:49.034+0000] {dagbag.py:588} INFO - Filling up the DagBag from /opt/airflow/dags/urban_data_streaming_dag.py
[2026-06-29T17:09:49.080+0000] {processor.py:925} INFO - DAG(s) 'urban_data_streaming_demo' retrieved from /opt/airflow/dags/urban_data_streaming_dag.py
[2026-06-29T17:09:49.121+0000] {logging_mixin.py:190} INFO - [2026-06-29T17:09:49.121+0000] {dag.py:3239} INFO - Sync 1 DAGs
[2026-06-29T17:09:49.138+0000] {logging_mixin.py:190} INFO - [2026-06-29T17:09:49.138+0000] {dag.py:4180} INFO - Setting next_dagrun for urban_data_streaming_demo to None, run_after=None
[2026-06-29T17:09:49.183+0000] {processor.py:208} INFO - Processing /opt/airflow/dags/urban_data_streaming_dag.py took 0.162 seconds
[2026-06-29T17:10:20.029+0000] {processor.py:186} INFO - Started process (PID=10899) to work on /opt/airflow/dags/urban_data_streaming_dag.py
[2026-06-29T17:10:20.033+0000] {processor.py:914} INFO - Processing file /opt/airflow/dags/urban_data_streaming_dag.py for tasks to queue
[2026-06-29T17:10:20.043+0000] {logging_mixin.py:190} INFO - [2026-06-29T17:10:20.041+0000] {dagbag.py:588} INFO - Filling up the DagBag from /opt/airflow/dags/urban_data_streaming_dag.py
[2026-06-29T17:10:20.130+0000] {processor.py:925} INFO - DAG(s) 'urban_data_streaming_demo' retrieved from /opt/airflow/dags/urban_data_streaming_dag.py
[2026-06-29T17:10:20.222+0000] {logging_mixin.py:190} INFO - [2026-06-29T17:10:20.222+0000] {dag.py:3239} INFO - Sync 1 DAGs
[2026-06-29T17:10:20.251+0000] {logging_mixin.py:190} INFO - [2026-06-29T17:10:20.250+0000] {dag.py:4180} INFO - Setting next_dagrun for urban_data_streaming_demo to None, run_after=None
[2026-06-29T17:10:20.288+0000] {processor.py:208} INFO - Processing /opt/airflow/dags/urban_data_streaming_dag.py took 0.282 seconds
[2026-06-29T17:10:51.015+0000] {processor.py:186} INFO - Started process (PID=10917) to work on /opt/airflow/dags/urban_data_streaming_dag.py
[2026-06-29T17:10:51.016+0000] {processor.py:914} INFO - Processing file /opt/airflow/dags/urban_data_streaming_dag.py for tasks to queue
[2026-06-29T17:10:51.020+0000] {logging_mixin.py:190} INFO - [2026-06-29T17:10:51.020+0000] {dagbag.py:588} INFO - Filling up the DagBag from /opt/airflow/dags/urban_data_streaming_dag.py
[2026-06-29T17:10:51.052+0000] {processor.py:925} INFO - DAG(s) 'urban_data_streaming_demo' retrieved from /opt/airflow/dags/urban_data_streaming_dag.py
[2026-06-29T17:10:51.082+0000] {logging_mixin.py:190} INFO - [2026-06-29T17:10:51.082+0000] {dag.py:3239} INFO - Sync 1 DAGs
[2026-06-29T17:10:51.097+0000] {logging_mixin.py:190} INFO - [2026-06-29T17:10:51.097+0000] {dag.py:4180} INFO - Setting next_dagrun for urban_data_streaming_demo to None, run_after=None
[2026-06-29T17:10:51.126+0000] {processor.py:208} INFO - Processing /opt/airflow/dags/urban_data_streaming_dag.py took 0.119 seconds
[2026-06-29T17:11:21.868+0000] {processor.py:186} INFO - Started process (PID=10934) to work on /opt/airflow/dags/urban_data_streaming_dag.py
[2026-06-29T17:11:21.869+0000] {processor.py:914} INFO - Processing file /opt/airflow/dags/urban_data_streaming_dag.py for tasks to queue
[2026-06-29T17:11:21.873+0000] {logging_mixin.py:190} INFO - [2026-06-29T17:11:21.872+0000] {dagbag.py:588} INFO - Filling up the DagBag from /opt/airflow/dags/urban_data_streaming_dag.py
[2026-06-29T17:11:21.899+0000] {processor.py:925} INFO - DAG(s) 'urban_data_streaming_demo' retrieved from /opt/airflow/dags/urban_data_streaming_dag.py
[2026-06-29T17:11:21.939+0000] {logging_mixin.py:190} INFO - [2026-06-29T17:11:21.938+0000] {dag.py:3239} INFO - Sync 1 DAGs
[2026-06-29T17:11:21.957+0000] {logging_mixin.py:190} INFO - [2026-06-29T17:11:21.956+0000] {dag.py:4180} INFO - Setting next_dagrun for urban_data_streaming_demo to None, run_after=None
[2026-06-29T17:11:21.985+0000] {processor.py:208} INFO - Processing /opt/airflow/dags/urban_data_streaming_dag.py took 0.124 seconds
[2026-06-29T17:11:52.328+0000] {processor.py:186} INFO - Started process (PID=10945) to work on /opt/airflow/dags/urban_data_streaming_dag.py
[2026-06-29T17:11:52.334+0000] {processor.py:914} INFO - Processing file /opt/airflow/dags/urban_data_streaming_dag.py for tasks to queue
[2026-06-29T17:11:52.343+0000] {logging_mixin.py:190} INFO - [2026-06-29T17:11:52.342+0000] {dagbag.py:588} INFO - Filling up the DagBag from /opt/airflow/dags/urban_data_streaming_dag.py
[2026-06-29T17:11:52.384+0000] {processor.py:925} INFO - DAG(s) 'urban_data_streaming_demo' retrieved from /opt/airflow/dags/urban_data_streaming_dag.py
[2026-06-29T17:11:52.415+0000] {logging_mixin.py:190} INFO - [2026-06-29T17:11:52.414+0000] {dag.py:3239} INFO - Sync 1 DAGs
[2026-06-29T17:11:52.432+0000] {logging_mixin.py:190} INFO - [2026-06-29T17:11:52.432+0000] {dag.py:4180} INFO - Setting next_dagrun for urban_data_streaming_demo to None, run_after=None
[2026-06-29T17:11:52.460+0000] {processor.py:208} INFO - Processing /opt/airflow/dags/urban_data_streaming_dag.py took 0.153 seconds
[2026-06-29T17:12:22.790+0000] {processor.py:186} INFO - Started process (PID=10963) to work on /opt/airflow/dags/urban_data_streaming_dag.py
[2026-06-29T17:12:22.792+0000] {processor.py:914} INFO - Processing file /opt/airflow/dags/urban_data_streaming_dag.py for tasks to queue
[2026-06-29T17:12:22.796+0000] {logging_mixin.py:190} INFO - [2026-06-29T17:12:22.796+0000] {dagbag.py:588} INFO - Filling up the DagBag from /opt/airflow/dags/urban_data_streaming_dag.py
[2026-06-29T17:12:22.825+0000] {processor.py:925} INFO - DAG(s) 'urban_data_streaming_demo' retrieved from /opt/airflow/dags/urban_data_streaming_dag.py
[2026-06-29T17:12:22.865+0000] {logging_mixin.py:190} INFO - [2026-06-29T17:12:22.865+0000] {dag.py:3239} INFO - Sync 1 DAGs
[2026-06-29T17:12:22.881+0000] {logging_mixin.py:190} INFO - [2026-06-29T17:12:22.880+0000] {dag.py:4180} INFO - Setting next_dagrun for urban_data_streaming_demo to None, run_after=None
[2026-06-29T17:12:22.906+0000] {processor.py:208} INFO - Processing /opt/airflow/dags/urban_data_streaming_dag.py took 0.123 seconds
[2026-06-29T17:12:53.543+0000] {processor.py:186} INFO - Started process (PID=10981) to work on /opt/airflow/dags/urban_data_streaming_dag.py
[2026-06-29T17:12:53.544+0000] {processor.py:914} INFO - Processing file /opt/airflow/dags/urban_data_streaming_dag.py for tasks to queue
[2026-06-29T17:12:53.548+0000] {logging_mixin.py:190} INFO - [2026-06-29T17:12:53.548+0000] {dagbag.py:588} INFO - Filling up the DagBag from /opt/airflow/dags/urban_data_streaming_dag.py
[2026-06-29T17:12:53.601+0000] {processor.py:925} INFO - DAG(s) 'urban_data_streaming_demo' retrieved from /opt/airflow/dags/urban_data_streaming_dag.py
[2026-06-29T17:12:53.644+0000] {logging_mixin.py:190} INFO - [2026-06-29T17:12:53.644+0000] {dag.py:3239} INFO - Sync 1 DAGs
[2026-06-29T17:12:53.666+0000] {logging_mixin.py:190} INFO - [2026-06-29T17:12:53.666+0000] {dag.py:4180} INFO - Setting next_dagrun for urban_data_streaming_demo to None, run_after=None
[2026-06-29T17:12:53.694+0000] {processor.py:208} INFO - Processing /opt/airflow/dags/urban_data_streaming_dag.py took 0.164 seconds
[2026-06-29T17:13:24.526+0000] {processor.py:186} INFO - Started process (PID=10999) to work on /opt/airflow/dags/urban_data_streaming_dag.py
[2026-06-29T17:13:24.528+0000] {processor.py:914} INFO - Processing file /opt/airflow/dags/urban_data_streaming_dag.py for tasks to queue
[2026-06-29T17:13:24.531+0000] {logging_mixin.py:190} INFO - [2026-06-29T17:13:24.531+0000] {dagbag.py:588} INFO - Filling up the DagBag from /opt/airflow/dags/urban_data_streaming_dag.py
[2026-06-29T17:13:24.556+0000] {processor.py:925} INFO - DAG(s) 'urban_data_streaming_demo' retrieved from /opt/airflow/dags/urban_data_streaming_dag.py
[2026-06-29T17:13:24.588+0000] {logging_mixin.py:190} INFO - [2026-06-29T17:13:24.588+0000] {dag.py:3239} INFO - Sync 1 DAGs
[2026-06-29T17:13:24.603+0000] {logging_mixin.py:190} INFO - [2026-06-29T17:13:24.603+0000] {dag.py:4180} INFO - Setting next_dagrun for urban_data_streaming_demo to None, run_after=None
[2026-06-29T17:13:24.630+0000] {processor.py:208} INFO - Processing /opt/airflow/dags/urban_data_streaming_dag.py took 0.111 seconds
[2026-06-29T17:13:54.927+0000] {processor.py:186} INFO - Started process (PID=11017) to work on /opt/airflow/dags/urban_data_streaming_dag.py
[2026-06-29T17:13:54.930+0000] {processor.py:914} INFO - Processing file /opt/airflow/dags/urban_data_streaming_dag.py for tasks to queue
[2026-06-29T17:13:54.942+0000] {logging_mixin.py:190} INFO - [2026-06-29T17:13:54.941+0000] {dagbag.py:588} INFO - Filling up the DagBag from /opt/airflow/dags/urban_data_streaming_dag.py
[2026-06-29T17:13:54.986+0000] {processor.py:925} INFO - DAG(s) 'urban_data_streaming_demo' retrieved from /opt/airflow/dags/urban_data_streaming_dag.py
[2026-06-29T17:13:55.023+0000] {logging_mixin.py:190} INFO - [2026-06-29T17:13:55.023+0000] {dag.py:3239} INFO - Sync 1 DAGs
[2026-06-29T17:13:55.040+0000] {logging_mixin.py:190} INFO - [2026-06-29T17:13:55.040+0000] {dag.py:4180} INFO - Setting next_dagrun for urban_data_streaming_demo to None, run_after=None
[2026-06-29T17:13:55.073+0000] {processor.py:208} INFO - Processing /opt/airflow/dags/urban_data_streaming_dag.py took 0.162 seconds
[2026-06-29T17:14:25.859+0000] {processor.py:186} INFO - Started process (PID=11035) to work on /opt/airflow/dags/urban_data_streaming_dag.py
[2026-06-29T17:14:25.861+0000] {processor.py:914} INFO - Processing file /opt/airflow/dags/urban_data_streaming_dag.py for tasks to queue
[2026-06-29T17:14:25.865+0000] {logging_mixin.py:190} INFO - [2026-06-29T17:14:25.865+0000] {dagbag.py:588} INFO - Filling up the DagBag from /opt/airflow/dags/urban_data_streaming_dag.py
[2026-06-29T17:14:25.893+0000] {processor.py:925} INFO - DAG(s) 'urban_data_streaming_demo' retrieved from /opt/airflow/dags/urban_data_streaming_dag.py
[2026-06-29T17:14:25.928+0000] {logging_mixin.py:190} INFO - [2026-06-29T17:14:25.927+0000] {dag.py:3239} INFO - Sync 1 DAGs
[2026-06-29T17:14:25.947+0000] {logging_mixin.py:190} INFO - [2026-06-29T17:14:25.947+0000] {dag.py:4180} INFO - Setting next_dagrun for urban_data_streaming_demo to None, run_after=None
[2026-06-29T17:14:25.984+0000] {processor.py:208} INFO - Processing /opt/airflow/dags/urban_data_streaming_dag.py took 0.133 seconds
[2026-06-29T17:14:56.374+0000] {processor.py:186} INFO - Started process (PID=11053) to work on /opt/airflow/dags/urban_data_streaming_dag.py
[2026-06-29T17:14:56.375+0000] {processor.py:914} INFO - Processing file /opt/airflow/dags/urban_data_streaming_dag.py for tasks to queue
[2026-06-29T17:14:56.379+0000] {logging_mixin.py:190} INFO - [2026-06-29T17:14:56.378+0000] {dagbag.py:588} INFO - Filling up the DagBag from /opt/airflow/dags/urban_data_streaming_dag.py
[2026-06-29T17:14:56.426+0000] {processor.py:925} INFO - DAG(s) 'urban_data_streaming_demo' retrieved from /opt/airflow/dags/urban_data_streaming_dag.py
[2026-06-29T17:14:56.465+0000] {logging_mixin.py:190} INFO - [2026-06-29T17:14:56.465+0000] {dag.py:3239} INFO - Sync 1 DAGs
[2026-06-29T17:14:56.484+0000] {logging_mixin.py:190} INFO - [2026-06-29T17:14:56.484+0000] {dag.py:4180} INFO - Setting next_dagrun for urban_data_streaming_demo to None, run_after=None
[2026-06-29T17:14:56.515+0000] {processor.py:208} INFO - Processing /opt/airflow/dags/urban_data_streaming_dag.py took 0.150 seconds
[2026-06-29T17:15:27.319+0000] {processor.py:186} INFO - Started process (PID=11071) to work on /opt/airflow/dags/urban_data_streaming_dag.py
[2026-06-29T17:15:27.321+0000] {processor.py:914} INFO - Processing file /opt/airflow/dags/urban_data_streaming_dag.py for tasks to queue
[2026-06-29T17:15:27.327+0000] {logging_mixin.py:190} INFO - [2026-06-29T17:15:27.326+0000] {dagbag.py:588} INFO - Filling up the DagBag from /opt/airflow/dags/urban_data_streaming_dag.py
[2026-06-29T17:15:27.357+0000] {processor.py:925} INFO - DAG(s) 'urban_data_streaming_demo' retrieved from /opt/airflow/dags/urban_data_streaming_dag.py
[2026-06-29T17:15:27.401+0000] {logging_mixin.py:190} INFO - [2026-06-29T17:15:27.400+0000] {dag.py:3239} INFO - Sync 1 DAGs
[2026-06-29T17:15:27.422+0000] {logging_mixin.py:190} INFO - [2026-06-29T17:15:27.422+0000] {dag.py:4180} INFO - Setting next_dagrun for urban_data_streaming_demo to None, run_after=None
[2026-06-29T17:15:27.452+0000] {processor.py:208} INFO - Processing /opt/airflow/dags/urban_data_streaming_dag.py took 0.145 seconds
[2026-06-29T17:15:58.134+0000] {processor.py:186} INFO - Started process (PID=11089) to work on /opt/airflow/dags/urban_data_streaming_dag.py
[2026-06-29T17:15:58.136+0000] {processor.py:914} INFO - Processing file /opt/airflow/dags/urban_data_streaming_dag.py for tasks to queue
[2026-06-29T17:15:58.140+0000] {logging_mixin.py:190} INFO - [2026-06-29T17:15:58.140+0000] {dagbag.py:588} INFO - Filling up the DagBag from /opt/airflow/dags/urban_data_streaming_dag.py
[2026-06-29T17:15:58.182+0000] {processor.py:925} INFO - DAG(s) 'urban_data_streaming_demo' retrieved from /opt/airflow/dags/urban_data_streaming_dag.py
[2026-06-29T17:15:58.216+0000] {logging_mixin.py:190} INFO - [2026-06-29T17:15:58.215+0000] {dag.py:3239} INFO - Sync 1 DAGs
[2026-06-29T17:15:58.231+0000] {logging_mixin.py:190} INFO - [2026-06-29T17:15:58.231+0000] {dag.py:4180} INFO - Setting next_dagrun for urban_data_streaming_demo to None, run_after=None
[2026-06-29T17:15:58.262+0000] {processor.py:208} INFO - Processing /opt/airflow/dags/urban_data_streaming_dag.py took 0.134 seconds
[2026-06-29T17:16:28.835+0000] {processor.py:186} INFO - Started process (PID=11106) to work on /opt/airflow/dags/urban_data_streaming_dag.py
[2026-06-29T17:16:28.840+0000] {processor.py:914} INFO - Processing file /opt/airflow/dags/urban_data_streaming_dag.py for tasks to queue
[2026-06-29T17:16:28.845+0000] {logging_mixin.py:190} INFO - [2026-06-29T17:16:28.845+0000] {dagbag.py:588} INFO - Filling up the DagBag from /opt/airflow/dags/urban_data_streaming_dag.py
[2026-06-29T17:16:28.875+0000] {processor.py:925} INFO - DAG(s) 'urban_data_streaming_demo' retrieved from /opt/airflow/dags/urban_data_streaming_dag.py
[2026-06-29T17:16:28.916+0000] {logging_mixin.py:190} INFO - [2026-06-29T17:16:28.916+0000] {dag.py:3239} INFO - Sync 1 DAGs
[2026-06-29T17:16:28.933+0000] {logging_mixin.py:190} INFO - [2026-06-29T17:16:28.933+0000] {dag.py:4180} INFO - Setting next_dagrun for urban_data_streaming_demo to None, run_after=None
[2026-06-29T17:16:28.961+0000] {processor.py:208} INFO - Processing /opt/airflow/dags/urban_data_streaming_dag.py took 0.135 seconds
[2026-06-29T17:16:59.617+0000] {processor.py:186} INFO - Started process (PID=11117) to work on /opt/airflow/dags/urban_data_streaming_dag.py
[2026-06-29T17:16:59.620+0000] {processor.py:914} INFO - Processing file /opt/airflow/dags/urban_data_streaming_dag.py for tasks to queue
[2026-06-29T17:16:59.624+0000] {logging_mixin.py:190} INFO - [2026-06-29T17:16:59.623+0000] {dagbag.py:588} INFO - Filling up the DagBag from /opt/airflow/dags/urban_data_streaming_dag.py
[2026-06-29T17:16:59.662+0000] {processor.py:925} INFO - DAG(s) 'urban_data_streaming_demo' retrieved from /opt/airflow/dags/urban_data_streaming_dag.py
[2026-06-29T17:16:59.703+0000] {logging_mixin.py:190} INFO - [2026-06-29T17:16:59.703+0000] {dag.py:3239} INFO - Sync 1 DAGs
[2026-06-29T17:16:59.732+0000] {logging_mixin.py:190} INFO - [2026-06-29T17:16:59.732+0000] {dag.py:4180} INFO - Setting next_dagrun for urban_data_streaming_demo to None, run_after=None
[2026-06-29T17:16:59.773+0000] {processor.py:208} INFO - Processing /opt/airflow/dags/urban_data_streaming_dag.py took 0.164 seconds
[2026-06-29T17:17:30.475+0000] {processor.py:186} INFO - Started process (PID=11135) to work on /opt/airflow/dags/urban_data_streaming_dag.py
[2026-06-29T17:17:30.480+0000] {processor.py:914} INFO - Processing file /opt/airflow/dags/urban_data_streaming_dag.py for tasks to queue
[2026-06-29T17:17:30.491+0000] {logging_mixin.py:190} INFO - [2026-06-29T17:17:30.487+0000] {dagbag.py:588} INFO - Filling up the DagBag from /opt/airflow/dags/urban_data_streaming_dag.py
[2026-06-29T17:17:30.587+0000] {processor.py:925} INFO - DAG(s) 'urban_data_streaming_demo' retrieved from /opt/airflow/dags/urban_data_streaming_dag.py
[2026-06-29T17:17:30.655+0000] {logging_mixin.py:190} INFO - [2026-06-29T17:17:30.654+0000] {dag.py:3239} INFO - Sync 1 DAGs
[2026-06-29T17:17:30.685+0000] {logging_mixin.py:190} INFO - [2026-06-29T17:17:30.684+0000] {dag.py:4180} INFO - Setting next_dagrun for urban_data_streaming_demo to None, run_after=None
[2026-06-29T17:17:30.743+0000] {processor.py:208} INFO - Processing /opt/airflow/dags/urban_data_streaming_dag.py took 0.289 seconds
[2026-06-29T17:18:01.110+0000] {processor.py:186} INFO - Started process (PID=11153) to work on /opt/airflow/dags/urban_data_streaming_dag.py
[2026-06-29T17:18:01.111+0000] {processor.py:914} INFO - Processing file /opt/airflow/dags/urban_data_streaming_dag.py for tasks to queue
[2026-06-29T17:18:01.114+0000] {logging_mixin.py:190} INFO - [2026-06-29T17:18:01.114+0000] {dagbag.py:588} INFO - Filling up the DagBag from /opt/airflow/dags/urban_data_streaming_dag.py
[2026-06-29T17:18:01.141+0000] {processor.py:925} INFO - DAG(s) 'urban_data_streaming_demo' retrieved from /opt/airflow/dags/urban_data_streaming_dag.py
[2026-06-29T17:18:01.177+0000] {logging_mixin.py:190} INFO - [2026-06-29T17:18:01.177+0000] {dag.py:3239} INFO - Sync 1 DAGs
[2026-06-29T17:18:01.195+0000] {logging_mixin.py:190} INFO - [2026-06-29T17:18:01.195+0000] {dag.py:4180} INFO - Setting next_dagrun for urban_data_streaming_demo to None, run_after=None
[2026-06-29T17:18:01.223+0000] {processor.py:208} INFO - Processing /opt/airflow/dags/urban_data_streaming_dag.py took 0.119 seconds
[2026-06-29T17:18:31.632+0000] {processor.py:186} INFO - Started process (PID=11171) to work on /opt/airflow/dags/urban_data_streaming_dag.py
[2026-06-29T17:18:31.634+0000] {processor.py:914} INFO - Processing file /opt/airflow/dags/urban_data_streaming_dag.py for tasks to queue
[2026-06-29T17:18:31.637+0000] {logging_mixin.py:190} INFO - [2026-06-29T17:18:31.637+0000] {dagbag.py:588} INFO - Filling up the DagBag from /opt/airflow/dags/urban_data_streaming_dag.py
[2026-06-29T17:18:31.669+0000] {processor.py:925} INFO - DAG(s) 'urban_data_streaming_demo' retrieved from /opt/airflow/dags/urban_data_streaming_dag.py
[2026-06-29T17:18:31.705+0000] {logging_mixin.py:190} INFO - [2026-06-29T17:18:31.705+0000] {dag.py:3239} INFO - Sync 1 DAGs
[2026-06-29T17:18:31.721+0000] {logging_mixin.py:190} INFO - [2026-06-29T17:18:31.721+0000] {dag.py:4180} INFO - Setting next_dagrun for urban_data_streaming_demo to None, run_after=None
[2026-06-29T17:18:31.746+0000] {processor.py:208} INFO - Processing /opt/airflow/dags/urban_data_streaming_dag.py took 0.123 seconds
[2026-06-29T17:19:02.572+0000] {processor.py:186} INFO - Started process (PID=11189) to work on /opt/airflow/dags/urban_data_streaming_dag.py
[2026-06-29T17:19:02.575+0000] {processor.py:914} INFO - Processing file /opt/airflow/dags/urban_data_streaming_dag.py for tasks to queue
[2026-06-29T17:19:02.580+0000] {logging_mixin.py:190} INFO - [2026-06-29T17:19:02.579+0000] {dagbag.py:588} INFO - Filling up the DagBag from /opt/airflow/dags/urban_data_streaming_dag.py
[2026-06-29T17:19:02.688+0000] {processor.py:925} INFO - DAG(s) 'urban_data_streaming_demo' retrieved from /opt/airflow/dags/urban_data_streaming_dag.py
[2026-06-29T17:19:02.731+0000] {logging_mixin.py:190} INFO - [2026-06-29T17:19:02.730+0000] {dag.py:3239} INFO - Sync 1 DAGs
[2026-06-29T17:19:02.754+0000] {logging_mixin.py:190} INFO - [2026-06-29T17:19:02.753+0000] {dag.py:4180} INFO - Setting next_dagrun for urban_data_streaming_demo to None, run_after=None
[2026-06-29T17:19:02.793+0000] {processor.py:208} INFO - Processing /opt/airflow/dags/urban_data_streaming_dag.py took 0.249 seconds
[2026-06-29T17:19:33.076+0000] {processor.py:186} INFO - Started process (PID=11207) to work on /opt/airflow/dags/urban_data_streaming_dag.py
[2026-06-29T17:19:33.080+0000] {processor.py:914} INFO - Processing file /opt/airflow/dags/urban_data_streaming_dag.py for tasks to queue
[2026-06-29T17:19:33.089+0000] {logging_mixin.py:190} INFO - [2026-06-29T17:19:33.087+0000] {dagbag.py:588} INFO - Filling up the DagBag from /opt/airflow/dags/urban_data_streaming_dag.py
[2026-06-29T17:19:33.128+0000] {processor.py:925} INFO - DAG(s) 'urban_data_streaming_demo' retrieved from /opt/airflow/dags/urban_data_streaming_dag.py
[2026-06-29T17:19:33.175+0000] {logging_mixin.py:190} INFO - [2026-06-29T17:19:33.175+0000] {dag.py:3239} INFO - Sync 1 DAGs
[2026-06-29T17:19:33.193+0000] {logging_mixin.py:190} INFO - [2026-06-29T17:19:33.193+0000] {dag.py:4180} INFO - Setting next_dagrun for urban_data_streaming_demo to None, run_after=None
[2026-06-29T17:19:33.225+0000] {processor.py:208} INFO - Processing /opt/airflow/dags/urban_data_streaming_dag.py took 0.174 seconds
[2026-06-29T17:20:03.880+0000] {processor.py:186} INFO - Started process (PID=11225) to work on /opt/airflow/dags/urban_data_streaming_dag.py
[2026-06-29T17:20:03.882+0000] {processor.py:914} INFO - Processing file /opt/airflow/dags/urban_data_streaming_dag.py for tasks to queue
[2026-06-29T17:20:03.886+0000] {logging_mixin.py:190} INFO - [2026-06-29T17:20:03.885+0000] {dagbag.py:588} INFO - Filling up the DagBag from /opt/airflow/dags/urban_data_streaming_dag.py
[2026-06-29T17:20:03.922+0000] {processor.py:925} INFO - DAG(s) 'urban_data_streaming_demo' retrieved from /opt/airflow/dags/urban_data_streaming_dag.py
[2026-06-29T17:20:03.961+0000] {logging_mixin.py:190} INFO - [2026-06-29T17:20:03.961+0000] {dag.py:3239} INFO - Sync 1 DAGs
[2026-06-29T17:20:03.989+0000] {logging_mixin.py:190} INFO - [2026-06-29T17:20:03.989+0000] {dag.py:4180} INFO - Setting next_dagrun for urban_data_streaming_demo to None, run_after=None
[2026-06-29T17:20:04.031+0000] {processor.py:208} INFO - Processing /opt/airflow/dags/urban_data_streaming_dag.py took 0.160 seconds
[2026-06-29T17:20:34.816+0000] {processor.py:186} INFO - Started process (PID=11243) to work on /opt/airflow/dags/urban_data_streaming_dag.py
[2026-06-29T17:20:34.818+0000] {processor.py:914} INFO - Processing file /opt/airflow/dags/urban_data_streaming_dag.py for tasks to queue
[2026-06-29T17:20:34.822+0000] {logging_mixin.py:190} INFO - [2026-06-29T17:20:34.821+0000] {dagbag.py:588} INFO - Filling up the DagBag from /opt/airflow/dags/urban_data_streaming_dag.py
[2026-06-29T17:20:34.859+0000] {processor.py:925} INFO - DAG(s) 'urban_data_streaming_demo' retrieved from /opt/airflow/dags/urban_data_streaming_dag.py
[2026-06-29T17:20:34.906+0000] {logging_mixin.py:190} INFO - [2026-06-29T17:20:34.906+0000] {dag.py:3239} INFO - Sync 1 DAGs
[2026-06-29T17:20:34.922+0000] {logging_mixin.py:190} INFO - [2026-06-29T17:20:34.922+0000] {dag.py:4180} INFO - Setting next_dagrun for urban_data_streaming_demo to None, run_after=None
[2026-06-29T17:20:34.952+0000] {processor.py:208} INFO - Processing /opt/airflow/dags/urban_data_streaming_dag.py took 0.149 seconds
[2026-06-29T17:21:05.637+0000] {processor.py:186} INFO - Started process (PID=11260) to work on /opt/airflow/dags/urban_data_streaming_dag.py
[2026-06-29T17:21:05.640+0000] {processor.py:914} INFO - Processing file /opt/airflow/dags/urban_data_streaming_dag.py for tasks to queue
[2026-06-29T17:21:05.645+0000] {logging_mixin.py:190} INFO - [2026-06-29T17:21:05.645+0000] {dagbag.py:588} INFO - Filling up the DagBag from /opt/airflow/dags/urban_data_streaming_dag.py
[2026-06-29T17:21:05.679+0000] {processor.py:925} INFO - DAG(s) 'urban_data_streaming_demo' retrieved from /opt/airflow/dags/urban_data_streaming_dag.py
[2026-06-29T17:21:05.719+0000] {logging_mixin.py:190} INFO - [2026-06-29T17:21:05.718+0000] {dag.py:3239} INFO - Sync 1 DAGs
[2026-06-29T17:21:05.735+0000] {logging_mixin.py:190} INFO - [2026-06-29T17:21:05.735+0000] {dag.py:4180} INFO - Setting next_dagrun for urban_data_streaming_demo to None, run_after=None
[2026-06-29T17:21:05.762+0000] {processor.py:208} INFO - Processing /opt/airflow/dags/urban_data_streaming_dag.py took 0.139 seconds
[2026-06-29T17:21:35.966+0000] {processor.py:186} INFO - Started process (PID=11271) to work on /opt/airflow/dags/urban_data_streaming_dag.py
[2026-06-29T17:21:35.968+0000] {processor.py:914} INFO - Processing file /opt/airflow/dags/urban_data_streaming_dag.py for tasks to queue
[2026-06-29T17:21:35.972+0000] {logging_mixin.py:190} INFO - [2026-06-29T17:21:35.971+0000] {dagbag.py:588} INFO - Filling up the DagBag from /opt/airflow/dags/urban_data_streaming_dag.py
[2026-06-29T17:21:36.022+0000] {processor.py:925} INFO - DAG(s) 'urban_data_streaming_demo' retrieved from /opt/airflow/dags/urban_data_streaming_dag.py
[2026-06-29T17:21:36.085+0000] {logging_mixin.py:190} INFO - [2026-06-29T17:21:36.085+0000] {dag.py:3239} INFO - Sync 1 DAGs
[2026-06-29T17:21:36.103+0000] {logging_mixin.py:190} INFO - [2026-06-29T17:21:36.103+0000] {dag.py:4180} INFO - Setting next_dagrun for urban_data_streaming_demo to None, run_after=None
[2026-06-29T17:21:36.132+0000] {processor.py:208} INFO - Processing /opt/airflow/dags/urban_data_streaming_dag.py took 0.177 seconds
[2026-06-29T17:22:06.480+0000] {processor.py:186} INFO - Started process (PID=11289) to work on /opt/airflow/dags/urban_data_streaming_dag.py
[2026-06-29T17:22:06.483+0000] {processor.py:914} INFO - Processing file /opt/airflow/dags/urban_data_streaming_dag.py for tasks to queue
[2026-06-29T17:22:06.492+0000] {logging_mixin.py:190} INFO - [2026-06-29T17:22:06.490+0000] {dagbag.py:588} INFO - Filling up the DagBag from /opt/airflow/dags/urban_data_streaming_dag.py
[2026-06-29T17:22:06.596+0000] {processor.py:925} INFO - DAG(s) 'urban_data_streaming_demo' retrieved from /opt/airflow/dags/urban_data_streaming_dag.py
[2026-06-29T17:22:06.642+0000] {logging_mixin.py:190} INFO - [2026-06-29T17:22:06.642+0000] {dag.py:3239} INFO - Sync 1 DAGs
[2026-06-29T17:22:06.661+0000] {logging_mixin.py:190} INFO - [2026-06-29T17:22:06.661+0000] {dag.py:4180} INFO - Setting next_dagrun for urban_data_streaming_demo to None, run_after=None
[2026-06-29T17:22:06.693+0000] {processor.py:208} INFO - Processing /opt/airflow/dags/urban_data_streaming_dag.py took 0.227 seconds
[2026-06-29T17:22:37.022+0000] {processor.py:186} INFO - Started process (PID=11302) to work on /opt/airflow/dags/urban_data_streaming_dag.py
[2026-06-29T17:22:37.025+0000] {processor.py:914} INFO - Processing file /opt/airflow/dags/urban_data_streaming_dag.py for tasks to queue
[2026-06-29T17:22:37.029+0000] {logging_mixin.py:190} INFO - [2026-06-29T17:22:37.029+0000] {dagbag.py:588} INFO - Filling up the DagBag from /opt/airflow/dags/urban_data_streaming_dag.py
[2026-06-29T17:22:37.069+0000] {processor.py:925} INFO - DAG(s) 'urban_data_streaming_demo' retrieved from /opt/airflow/dags/urban_data_streaming_dag.py
[2026-06-29T17:22:37.114+0000] {logging_mixin.py:190} INFO - [2026-06-29T17:22:37.114+0000] {dag.py:3239} INFO - Sync 1 DAGs
[2026-06-29T17:22:37.138+0000] {logging_mixin.py:190} INFO - [2026-06-29T17:22:37.138+0000] {dag.py:4180} INFO - Setting next_dagrun for urban_data_streaming_demo to None, run_after=None
[2026-06-29T17:22:37.163+0000] {processor.py:208} INFO - Processing /opt/airflow/dags/urban_data_streaming_dag.py took 0.150 seconds
[2026-06-29T17:23:07.294+0000] {processor.py:186} INFO - Started process (PID=11320) to work on /opt/airflow/dags/urban_data_streaming_dag.py
[2026-06-29T17:23:07.296+0000] {processor.py:914} INFO - Processing file /opt/airflow/dags/urban_data_streaming_dag.py for tasks to queue
[2026-06-29T17:23:07.301+0000] {logging_mixin.py:190} INFO - [2026-06-29T17:23:07.300+0000] {dagbag.py:588} INFO - Filling up the DagBag from /opt/airflow/dags/urban_data_streaming_dag.py
[2026-06-29T17:23:07.362+0000] {processor.py:925} INFO - DAG(s) 'urban_data_streaming_demo' retrieved from /opt/airflow/dags/urban_data_streaming_dag.py
[2026-06-29T17:23:07.403+0000] {logging_mixin.py:190} INFO - [2026-06-29T17:23:07.403+0000] {dag.py:3239} INFO - Sync 1 DAGs
[2026-06-29T17:23:07.419+0000] {logging_mixin.py:190} INFO - [2026-06-29T17:23:07.418+0000] {dag.py:4180} INFO - Setting next_dagrun for urban_data_streaming_demo to None, run_after=None
[2026-06-29T17:23:07.445+0000] {processor.py:208} INFO - Processing /opt/airflow/dags/urban_data_streaming_dag.py took 0.159 seconds
[2026-06-29T17:23:38.113+0000] {processor.py:186} INFO - Started process (PID=11338) to work on /opt/airflow/dags/urban_data_streaming_dag.py
[2026-06-29T17:23:38.116+0000] {processor.py:914} INFO - Processing file /opt/airflow/dags/urban_data_streaming_dag.py for tasks to queue
[2026-06-29T17:23:38.122+0000] {logging_mixin.py:190} INFO - [2026-06-29T17:23:38.121+0000] {dagbag.py:588} INFO - Filling up the DagBag from /opt/airflow/dags/urban_data_streaming_dag.py
[2026-06-29T17:23:38.174+0000] {processor.py:925} INFO - DAG(s) 'urban_data_streaming_demo' retrieved from /opt/airflow/dags/urban_data_streaming_dag.py
[2026-06-29T17:23:38.226+0000] {logging_mixin.py:190} INFO - [2026-06-29T17:23:38.225+0000] {dag.py:3239} INFO - Sync 1 DAGs
[2026-06-29T17:23:38.253+0000] {logging_mixin.py:190} INFO - [2026-06-29T17:23:38.253+0000] {dag.py:4180} INFO - Setting next_dagrun for urban_data_streaming_demo to None, run_after=None
[2026-06-29T17:23:38.289+0000] {processor.py:208} INFO - Processing /opt/airflow/dags/urban_data_streaming_dag.py took 0.186 seconds
[2026-06-29T17:24:08.946+0000] {processor.py:186} INFO - Started process (PID=11356) to work on /opt/airflow/dags/urban_data_streaming_dag.py
[2026-06-29T17:24:08.951+0000] {processor.py:914} INFO - Processing file /opt/airflow/dags/urban_data_streaming_dag.py for tasks to queue
[2026-06-29T17:24:08.961+0000] {logging_mixin.py:190} INFO - [2026-06-29T17:24:08.960+0000] {dagbag.py:588} INFO - Filling up the DagBag from /opt/airflow/dags/urban_data_streaming_dag.py
[2026-06-29T17:24:09.029+0000] {processor.py:925} INFO - DAG(s) 'urban_data_streaming_demo' retrieved from /opt/airflow/dags/urban_data_streaming_dag.py
[2026-06-29T17:24:09.091+0000] {logging_mixin.py:190} INFO - [2026-06-29T17:24:09.091+0000] {dag.py:3239} INFO - Sync 1 DAGs
[2026-06-29T17:24:09.118+0000] {logging_mixin.py:190} INFO - [2026-06-29T17:24:09.118+0000] {dag.py:4180} INFO - Setting next_dagrun for urban_data_streaming_demo to None, run_after=None
[2026-06-29T17:24:09.161+0000] {processor.py:208} INFO - Processing /opt/airflow/dags/urban_data_streaming_dag.py took 0.235 seconds
[2026-06-29T17:24:39.937+0000] {processor.py:186} INFO - Started process (PID=11374) to work on /opt/airflow/dags/urban_data_streaming_dag.py
[2026-06-29T17:24:39.938+0000] {processor.py:914} INFO - Processing file /opt/airflow/dags/urban_data_streaming_dag.py for tasks to queue
[2026-06-29T17:24:39.941+0000] {logging_mixin.py:190} INFO - [2026-06-29T17:24:39.940+0000] {dagbag.py:588} INFO - Filling up the DagBag from /opt/airflow/dags/urban_data_streaming_dag.py
[2026-06-29T17:24:39.983+0000] {processor.py:925} INFO - DAG(s) 'urban_data_streaming_demo' retrieved from /opt/airflow/dags/urban_data_streaming_dag.py
[2026-06-29T17:24:40.030+0000] {logging_mixin.py:190} INFO - [2026-06-29T17:24:40.030+0000] {dag.py:3239} INFO - Sync 1 DAGs
[2026-06-29T17:24:40.048+0000] {logging_mixin.py:190} INFO - [2026-06-29T17:24:40.047+0000] {dag.py:4180} INFO - Setting next_dagrun for urban_data_streaming_demo to None, run_after=None
[2026-06-29T17:24:40.076+0000] {processor.py:208} INFO - Processing /opt/airflow/dags/urban_data_streaming_dag.py took 0.145 seconds
[2026-06-29T17:25:10.879+0000] {processor.py:186} INFO - Started process (PID=11392) to work on /opt/airflow/dags/urban_data_streaming_dag.py
[2026-06-29T17:25:10.881+0000] {processor.py:914} INFO - Processing file /opt/airflow/dags/urban_data_streaming_dag.py for tasks to queue
[2026-06-29T17:25:10.884+0000] {logging_mixin.py:190} INFO - [2026-06-29T17:25:10.883+0000] {dagbag.py:588} INFO - Filling up the DagBag from /opt/airflow/dags/urban_data_streaming_dag.py
[2026-06-29T17:25:10.913+0000] {processor.py:925} INFO - DAG(s) 'urban_data_streaming_demo' retrieved from /opt/airflow/dags/urban_data_streaming_dag.py
[2026-06-29T17:25:10.948+0000] {logging_mixin.py:190} INFO - [2026-06-29T17:25:10.947+0000] {dag.py:3239} INFO - Sync 1 DAGs
[2026-06-29T17:25:10.963+0000] {logging_mixin.py:190} INFO - [2026-06-29T17:25:10.963+0000] {dag.py:4180} INFO - Setting next_dagrun for urban_data_streaming_demo to None, run_after=None
[2026-06-29T17:25:10.989+0000] {processor.py:208} INFO - Processing /opt/airflow/dags/urban_data_streaming_dag.py took 0.118 seconds
[2026-06-29T17:25:41.611+0000] {processor.py:186} INFO - Started process (PID=11410) to work on /opt/airflow/dags/urban_data_streaming_dag.py
[2026-06-29T17:25:41.613+0000] {processor.py:914} INFO - Processing file /opt/airflow/dags/urban_data_streaming_dag.py for tasks to queue
[2026-06-29T17:25:41.616+0000] {logging_mixin.py:190} INFO - [2026-06-29T17:25:41.615+0000] {dagbag.py:588} INFO - Filling up the DagBag from /opt/airflow/dags/urban_data_streaming_dag.py
[2026-06-29T17:25:41.641+0000] {processor.py:925} INFO - DAG(s) 'urban_data_streaming_demo' retrieved from /opt/airflow/dags/urban_data_streaming_dag.py
[2026-06-29T17:25:41.676+0000] {logging_mixin.py:190} INFO - [2026-06-29T17:25:41.676+0000] {dag.py:3239} INFO - Sync 1 DAGs
[2026-06-29T17:25:41.692+0000] {logging_mixin.py:190} INFO - [2026-06-29T17:25:41.691+0000] {dag.py:4180} INFO - Setting next_dagrun for urban_data_streaming_demo to None, run_after=None
[2026-06-29T17:25:41.719+0000] {processor.py:208} INFO - Processing /opt/airflow/dags/urban_data_streaming_dag.py took 0.114 seconds
[2026-06-29T17:26:12.592+0000] {processor.py:186} INFO - Started process (PID=11427) to work on /opt/airflow/dags/urban_data_streaming_dag.py
[2026-06-29T17:26:12.594+0000] {processor.py:914} INFO - Processing file /opt/airflow/dags/urban_data_streaming_dag.py for tasks to queue
[2026-06-29T17:26:12.598+0000] {logging_mixin.py:190} INFO - [2026-06-29T17:26:12.598+0000] {dagbag.py:588} INFO - Filling up the DagBag from /opt/airflow/dags/urban_data_streaming_dag.py
[2026-06-29T17:26:12.630+0000] {processor.py:925} INFO - DAG(s) 'urban_data_streaming_demo' retrieved from /opt/airflow/dags/urban_data_streaming_dag.py
[2026-06-29T17:26:12.663+0000] {logging_mixin.py:190} INFO - [2026-06-29T17:26:12.662+0000] {dag.py:3239} INFO - Sync 1 DAGs
[2026-06-29T17:26:12.680+0000] {logging_mixin.py:190} INFO - [2026-06-29T17:26:12.680+0000] {dag.py:4180} INFO - Setting next_dagrun for urban_data_streaming_demo to None, run_after=None
[2026-06-29T17:26:12.703+0000] {processor.py:208} INFO - Processing /opt/airflow/dags/urban_data_streaming_dag.py took 0.122 seconds
[2026-06-29T17:26:43.572+0000] {processor.py:186} INFO - Started process (PID=11438) to work on /opt/airflow/dags/urban_data_streaming_dag.py
[2026-06-29T17:26:43.574+0000] {processor.py:914} INFO - Processing file /opt/airflow/dags/urban_data_streaming_dag.py for tasks to queue
[2026-06-29T17:26:43.578+0000] {logging_mixin.py:190} INFO - [2026-06-29T17:26:43.578+0000] {dagbag.py:588} INFO - Filling up the DagBag from /opt/airflow/dags/urban_data_streaming_dag.py
[2026-06-29T17:26:43.620+0000] {processor.py:925} INFO - DAG(s) 'urban_data_streaming_demo' retrieved from /opt/airflow/dags/urban_data_streaming_dag.py
[2026-06-29T17:26:43.665+0000] {logging_mixin.py:190} INFO - [2026-06-29T17:26:43.664+0000] {dag.py:3239} INFO - Sync 1 DAGs
[2026-06-29T17:26:43.679+0000] {logging_mixin.py:190} INFO - [2026-06-29T17:26:43.679+0000] {dag.py:4180} INFO - Setting next_dagrun for urban_data_streaming_demo to None, run_after=None
[2026-06-29T17:26:43.704+0000] {processor.py:208} INFO - Processing /opt/airflow/dags/urban_data_streaming_dag.py took 0.147 seconds
[2026-06-29T17:27:14.545+0000] {processor.py:186} INFO - Started process (PID=11456) to work on /opt/airflow/dags/urban_data_streaming_dag.py
[2026-06-29T17:27:14.546+0000] {processor.py:914} INFO - Processing file /opt/airflow/dags/urban_data_streaming_dag.py for tasks to queue
[2026-06-29T17:27:14.548+0000] {logging_mixin.py:190} INFO - [2026-06-29T17:27:14.548+0000] {dagbag.py:588} INFO - Filling up the DagBag from /opt/airflow/dags/urban_data_streaming_dag.py
[2026-06-29T17:27:14.598+0000] {processor.py:925} INFO - DAG(s) 'urban_data_streaming_demo' retrieved from /opt/airflow/dags/urban_data_streaming_dag.py
[2026-06-29T17:27:14.651+0000] {logging_mixin.py:190} INFO - [2026-06-29T17:27:14.651+0000] {dag.py:3239} INFO - Sync 1 DAGs
[2026-06-29T17:27:14.671+0000] {logging_mixin.py:190} INFO - [2026-06-29T17:27:14.670+0000] {dag.py:4180} INFO - Setting next_dagrun for urban_data_streaming_demo to None, run_after=None
[2026-06-29T17:27:14.703+0000] {processor.py:208} INFO - Processing /opt/airflow/dags/urban_data_streaming_dag.py took 0.168 seconds
[2026-06-29T17:27:45.309+0000] {processor.py:186} INFO - Started process (PID=11474) to work on /opt/airflow/dags/urban_data_streaming_dag.py
[2026-06-29T17:27:45.310+0000] {processor.py:914} INFO - Processing file /opt/airflow/dags/urban_data_streaming_dag.py for tasks to queue
[2026-06-29T17:27:45.312+0000] {logging_mixin.py:190} INFO - [2026-06-29T17:27:45.312+0000] {dagbag.py:588} INFO - Filling up the DagBag from /opt/airflow/dags/urban_data_streaming_dag.py
[2026-06-29T17:27:45.337+0000] {processor.py:925} INFO - DAG(s) 'urban_data_streaming_demo' retrieved from /opt/airflow/dags/urban_data_streaming_dag.py
[2026-06-29T17:27:45.369+0000] {logging_mixin.py:190} INFO - [2026-06-29T17:27:45.368+0000] {dag.py:3239} INFO - Sync 1 DAGs
[2026-06-29T17:27:45.380+0000] {logging_mixin.py:190} INFO - [2026-06-29T17:27:45.380+0000] {dag.py:4180} INFO - Setting next_dagrun for urban_data_streaming_demo to None, run_after=None
[2026-06-29T17:27:45.404+0000] {processor.py:208} INFO - Processing /opt/airflow/dags/urban_data_streaming_dag.py took 0.105 seconds
[2026-06-29T17:28:16.150+0000] {processor.py:186} INFO - Started process (PID=11492) to work on /opt/airflow/dags/urban_data_streaming_dag.py
[2026-06-29T17:28:16.151+0000] {processor.py:914} INFO - Processing file /opt/airflow/dags/urban_data_streaming_dag.py for tasks to queue
[2026-06-29T17:28:16.154+0000] {logging_mixin.py:190} INFO - [2026-06-29T17:28:16.154+0000] {dagbag.py:588} INFO - Filling up the DagBag from /opt/airflow/dags/urban_data_streaming_dag.py
[2026-06-29T17:28:16.188+0000] {processor.py:925} INFO - DAG(s) 'urban_data_streaming_demo' retrieved from /opt/airflow/dags/urban_data_streaming_dag.py
[2026-06-29T17:28:16.224+0000] {logging_mixin.py:190} INFO - [2026-06-29T17:28:16.223+0000] {dag.py:3239} INFO - Sync 1 DAGs
[2026-06-29T17:28:16.246+0000] {logging_mixin.py:190} INFO - [2026-06-29T17:28:16.245+0000] {dag.py:4180} INFO - Setting next_dagrun for urban_data_streaming_demo to None, run_after=None
[2026-06-29T17:28:16.296+0000] {processor.py:208} INFO - Processing /opt/airflow/dags/urban_data_streaming_dag.py took 0.153 seconds
[2026-06-29T17:28:46.393+0000] {processor.py:186} INFO - Started process (PID=11510) to work on /opt/airflow/dags/urban_data_streaming_dag.py
[2026-06-29T17:28:46.395+0000] {processor.py:914} INFO - Processing file /opt/airflow/dags/urban_data_streaming_dag.py for tasks to queue
[2026-06-29T17:28:46.398+0000] {logging_mixin.py:190} INFO - [2026-06-29T17:28:46.398+0000] {dagbag.py:588} INFO - Filling up the DagBag from /opt/airflow/dags/urban_data_streaming_dag.py
[2026-06-29T17:28:46.427+0000] {processor.py:925} INFO - DAG(s) 'urban_data_streaming_demo' retrieved from /opt/airflow/dags/urban_data_streaming_dag.py
[2026-06-29T17:28:46.462+0000] {logging_mixin.py:190} INFO - [2026-06-29T17:28:46.462+0000] {dag.py:3239} INFO - Sync 1 DAGs
[2026-06-29T17:28:46.479+0000] {logging_mixin.py:190} INFO - [2026-06-29T17:28:46.479+0000] {dag.py:4180} INFO - Setting next_dagrun for urban_data_streaming_demo to None, run_after=None
[2026-06-29T17:28:46.508+0000] {processor.py:208} INFO - Processing /opt/airflow/dags/urban_data_streaming_dag.py took 0.122 seconds
[2026-06-29T17:29:17.046+0000] {processor.py:186} INFO - Started process (PID=11528) to work on /opt/airflow/dags/urban_data_streaming_dag.py
[2026-06-29T17:29:17.048+0000] {processor.py:914} INFO - Processing file /opt/airflow/dags/urban_data_streaming_dag.py for tasks to queue
[2026-06-29T17:29:17.051+0000] {logging_mixin.py:190} INFO - [2026-06-29T17:29:17.051+0000] {dagbag.py:588} INFO - Filling up the DagBag from /opt/airflow/dags/urban_data_streaming_dag.py
[2026-06-29T17:29:17.080+0000] {processor.py:925} INFO - DAG(s) 'urban_data_streaming_demo' retrieved from /opt/airflow/dags/urban_data_streaming_dag.py
[2026-06-29T17:29:17.113+0000] {logging_mixin.py:190} INFO - [2026-06-29T17:29:17.112+0000] {dag.py:3239} INFO - Sync 1 DAGs
[2026-06-29T17:29:17.128+0000] {logging_mixin.py:190} INFO - [2026-06-29T17:29:17.128+0000] {dag.py:4180} INFO - Setting next_dagrun for urban_data_streaming_demo to None, run_after=None
[2026-06-29T17:29:17.161+0000] {processor.py:208} INFO - Processing /opt/airflow/dags/urban_data_streaming_dag.py took 0.123 seconds
[2026-06-29T17:29:47.849+0000] {processor.py:186} INFO - Started process (PID=11546) to work on /opt/airflow/dags/urban_data_streaming_dag.py
[2026-06-29T17:29:47.850+0000] {processor.py:914} INFO - Processing file /opt/airflow/dags/urban_data_streaming_dag.py for tasks to queue
[2026-06-29T17:29:47.853+0000] {logging_mixin.py:190} INFO - [2026-06-29T17:29:47.853+0000] {dagbag.py:588} INFO - Filling up the DagBag from /opt/airflow/dags/urban_data_streaming_dag.py
[2026-06-29T17:29:47.893+0000] {processor.py:925} INFO - DAG(s) 'urban_data_streaming_demo' retrieved from /opt/airflow/dags/urban_data_streaming_dag.py
[2026-06-29T17:29:47.938+0000] {logging_mixin.py:190} INFO - [2026-06-29T17:29:47.938+0000] {dag.py:3239} INFO - Sync 1 DAGs
[2026-06-29T17:29:47.956+0000] {logging_mixin.py:190} INFO - [2026-06-29T17:29:47.956+0000] {dag.py:4180} INFO - Setting next_dagrun for urban_data_streaming_demo to None, run_after=None
[2026-06-29T17:29:47.996+0000] {processor.py:208} INFO - Processing /opt/airflow/dags/urban_data_streaming_dag.py took 0.155 seconds
[2026-06-29T17:30:18.374+0000] {processor.py:186} INFO - Started process (PID=11564) to work on /opt/airflow/dags/urban_data_streaming_dag.py
[2026-06-29T17:30:18.376+0000] {processor.py:914} INFO - Processing file /opt/airflow/dags/urban_data_streaming_dag.py for tasks to queue
[2026-06-29T17:30:18.380+0000] {logging_mixin.py:190} INFO - [2026-06-29T17:30:18.379+0000] {dagbag.py:588} INFO - Filling up the DagBag from /opt/airflow/dags/urban_data_streaming_dag.py
[2026-06-29T17:30:18.410+0000] {processor.py:925} INFO - DAG(s) 'urban_data_streaming_demo' retrieved from /opt/airflow/dags/urban_data_streaming_dag.py
[2026-06-29T17:30:18.443+0000] {logging_mixin.py:190} INFO - [2026-06-29T17:30:18.443+0000] {dag.py:3239} INFO - Sync 1 DAGs
[2026-06-29T17:30:18.459+0000] {logging_mixin.py:190} INFO - [2026-06-29T17:30:18.459+0000] {dag.py:4180} INFO - Setting next_dagrun for urban_data_streaming_demo to None, run_after=None
[2026-06-29T17:30:18.484+0000] {processor.py:208} INFO - Processing /opt/airflow/dags/urban_data_streaming_dag.py took 0.120 seconds
[2026-06-29T17:30:48.911+0000] {processor.py:186} INFO - Started process (PID=11582) to work on /opt/airflow/dags/urban_data_streaming_dag.py
[2026-06-29T17:30:48.912+0000] {processor.py:914} INFO - Processing file /opt/airflow/dags/urban_data_streaming_dag.py for tasks to queue
[2026-06-29T17:30:48.915+0000] {logging_mixin.py:190} INFO - [2026-06-29T17:30:48.915+0000] {dagbag.py:588} INFO - Filling up the DagBag from /opt/airflow/dags/urban_data_streaming_dag.py
[2026-06-29T17:30:48.943+0000] {processor.py:925} INFO - DAG(s) 'urban_data_streaming_demo' retrieved from /opt/airflow/dags/urban_data_streaming_dag.py
[2026-06-29T17:30:48.975+0000] {logging_mixin.py:190} INFO - [2026-06-29T17:30:48.975+0000] {dag.py:3239} INFO - Sync 1 DAGs
[2026-06-29T17:30:48.990+0000] {logging_mixin.py:190} INFO - [2026-06-29T17:30:48.990+0000] {dag.py:4180} INFO - Setting next_dagrun for urban_data_streaming_demo to None, run_after=None
[2026-06-29T17:30:49.016+0000] {processor.py:208} INFO - Processing /opt/airflow/dags/urban_data_streaming_dag.py took 0.112 seconds
[2026-06-29T17:31:19.135+0000] {processor.py:186} INFO - Started process (PID=11599) to work on /opt/airflow/dags/urban_data_streaming_dag.py
[2026-06-29T17:31:19.140+0000] {processor.py:914} INFO - Processing file /opt/airflow/dags/urban_data_streaming_dag.py for tasks to queue
[2026-06-29T17:31:19.144+0000] {logging_mixin.py:190} INFO - [2026-06-29T17:31:19.143+0000] {dagbag.py:588} INFO - Filling up the DagBag from /opt/airflow/dags/urban_data_streaming_dag.py
[2026-06-29T17:31:19.178+0000] {processor.py:925} INFO - DAG(s) 'urban_data_streaming_demo' retrieved from /opt/airflow/dags/urban_data_streaming_dag.py
[2026-06-29T17:31:19.219+0000] {logging_mixin.py:190} INFO - [2026-06-29T17:31:19.218+0000] {dag.py:3239} INFO - Sync 1 DAGs
[2026-06-29T17:31:19.237+0000] {logging_mixin.py:190} INFO - [2026-06-29T17:31:19.237+0000] {dag.py:4180} INFO - Setting next_dagrun for urban_data_streaming_demo to None, run_after=None
[2026-06-29T17:31:19.262+0000] {processor.py:208} INFO - Processing /opt/airflow/dags/urban_data_streaming_dag.py took 0.141 seconds
[2026-06-29T17:31:50.081+0000] {processor.py:186} INFO - Started process (PID=11610) to work on /opt/airflow/dags/urban_data_streaming_dag.py
[2026-06-29T17:31:50.082+0000] {processor.py:914} INFO - Processing file /opt/airflow/dags/urban_data_streaming_dag.py for tasks to queue
[2026-06-29T17:31:50.086+0000] {logging_mixin.py:190} INFO - [2026-06-29T17:31:50.086+0000] {dagbag.py:588} INFO - Filling up the DagBag from /opt/airflow/dags/urban_data_streaming_dag.py
[2026-06-29T17:31:50.118+0000] {processor.py:925} INFO - DAG(s) 'urban_data_streaming_demo' retrieved from /opt/airflow/dags/urban_data_streaming_dag.py
[2026-06-29T17:31:50.153+0000] {logging_mixin.py:190} INFO - [2026-06-29T17:31:50.153+0000] {dag.py:3239} INFO - Sync 1 DAGs
[2026-06-29T17:31:50.171+0000] {logging_mixin.py:190} INFO - [2026-06-29T17:31:50.170+0000] {dag.py:4180} INFO - Setting next_dagrun for urban_data_streaming_demo to None, run_after=None
[2026-06-29T17:31:50.196+0000] {processor.py:208} INFO - Processing /opt/airflow/dags/urban_data_streaming_dag.py took 0.122 seconds
[2026-06-29T17:32:20.819+0000] {processor.py:186} INFO - Started process (PID=11628) to work on /opt/airflow/dags/urban_data_streaming_dag.py
[2026-06-29T17:32:20.820+0000] {processor.py:914} INFO - Processing file /opt/airflow/dags/urban_data_streaming_dag.py for tasks to queue
[2026-06-29T17:32:20.824+0000] {logging_mixin.py:190} INFO - [2026-06-29T17:32:20.823+0000] {dagbag.py:588} INFO - Filling up the DagBag from /opt/airflow/dags/urban_data_streaming_dag.py
[2026-06-29T17:32:20.855+0000] {processor.py:925} INFO - DAG(s) 'urban_data_streaming_demo' retrieved from /opt/airflow/dags/urban_data_streaming_dag.py
[2026-06-29T17:32:20.895+0000] {logging_mixin.py:190} INFO - [2026-06-29T17:32:20.894+0000] {dag.py:3239} INFO - Sync 1 DAGs
[2026-06-29T17:32:20.916+0000] {logging_mixin.py:190} INFO - [2026-06-29T17:32:20.916+0000] {dag.py:4180} INFO - Setting next_dagrun for urban_data_streaming_demo to None, run_after=None
[2026-06-29T17:32:20.947+0000] {processor.py:208} INFO - Processing /opt/airflow/dags/urban_data_streaming_dag.py took 0.136 seconds
[2026-06-29T17:32:51.648+0000] {processor.py:186} INFO - Started process (PID=11646) to work on /opt/airflow/dags/urban_data_streaming_dag.py
[2026-06-29T17:32:51.650+0000] {processor.py:914} INFO - Processing file /opt/airflow/dags/urban_data_streaming_dag.py for tasks to queue
[2026-06-29T17:32:51.653+0000] {logging_mixin.py:190} INFO - [2026-06-29T17:32:51.652+0000] {dagbag.py:588} INFO - Filling up the DagBag from /opt/airflow/dags/urban_data_streaming_dag.py
[2026-06-29T17:32:51.686+0000] {processor.py:925} INFO - DAG(s) 'urban_data_streaming_demo' retrieved from /opt/airflow/dags/urban_data_streaming_dag.py
[2026-06-29T17:32:51.729+0000] {logging_mixin.py:190} INFO - [2026-06-29T17:32:51.728+0000] {dag.py:3239} INFO - Sync 1 DAGs
[2026-06-29T17:32:51.749+0000] {logging_mixin.py:190} INFO - [2026-06-29T17:32:51.748+0000] {dag.py:4180} INFO - Setting next_dagrun for urban_data_streaming_demo to None, run_after=None
[2026-06-29T17:32:51.782+0000] {processor.py:208} INFO - Processing /opt/airflow/dags/urban_data_streaming_dag.py took 0.147 seconds
[2026-06-29T17:33:22.506+0000] {processor.py:186} INFO - Started process (PID=11664) to work on /opt/airflow/dags/urban_data_streaming_dag.py
[2026-06-29T17:33:22.508+0000] {processor.py:914} INFO - Processing file /opt/airflow/dags/urban_data_streaming_dag.py for tasks to queue
[2026-06-29T17:33:22.512+0000] {logging_mixin.py:190} INFO - [2026-06-29T17:33:22.512+0000] {dagbag.py:588} INFO - Filling up the DagBag from /opt/airflow/dags/urban_data_streaming_dag.py
[2026-06-29T17:33:22.547+0000] {processor.py:925} INFO - DAG(s) 'urban_data_streaming_demo' retrieved from /opt/airflow/dags/urban_data_streaming_dag.py
[2026-06-29T17:33:22.585+0000] {logging_mixin.py:190} INFO - [2026-06-29T17:33:22.585+0000] {dag.py:3239} INFO - Sync 1 DAGs
[2026-06-29T17:33:22.601+0000] {logging_mixin.py:190} INFO - [2026-06-29T17:33:22.601+0000] {dag.py:4180} INFO - Setting next_dagrun for urban_data_streaming_demo to None, run_after=None
[2026-06-29T17:33:22.630+0000] {processor.py:208} INFO - Processing /opt/airflow/dags/urban_data_streaming_dag.py took 0.132 seconds
[2026-06-29T17:33:53.418+0000] {processor.py:186} INFO - Started process (PID=11682) to work on /opt/airflow/dags/urban_data_streaming_dag.py
[2026-06-29T17:33:53.420+0000] {processor.py:914} INFO - Processing file /opt/airflow/dags/urban_data_streaming_dag.py for tasks to queue
[2026-06-29T17:33:53.422+0000] {logging_mixin.py:190} INFO - [2026-06-29T17:33:53.422+0000] {dagbag.py:588} INFO - Filling up the DagBag from /opt/airflow/dags/urban_data_streaming_dag.py
[2026-06-29T17:33:53.449+0000] {processor.py:925} INFO - DAG(s) 'urban_data_streaming_demo' retrieved from /opt/airflow/dags/urban_data_streaming_dag.py
[2026-06-29T17:33:53.479+0000] {logging_mixin.py:190} INFO - [2026-06-29T17:33:53.478+0000] {dag.py:3239} INFO - Sync 1 DAGs
[2026-06-29T17:33:53.496+0000] {logging_mixin.py:190} INFO - [2026-06-29T17:33:53.496+0000] {dag.py:4180} INFO - Setting next_dagrun for urban_data_streaming_demo to None, run_after=None
[2026-06-29T17:33:53.524+0000] {processor.py:208} INFO - Processing /opt/airflow/dags/urban_data_streaming_dag.py took 0.112 seconds
[2026-06-29T17:34:24.308+0000] {processor.py:186} INFO - Started process (PID=11700) to work on /opt/airflow/dags/urban_data_streaming_dag.py
[2026-06-29T17:34:24.312+0000] {processor.py:914} INFO - Processing file /opt/airflow/dags/urban_data_streaming_dag.py for tasks to queue
[2026-06-29T17:34:24.315+0000] {logging_mixin.py:190} INFO - [2026-06-29T17:34:24.314+0000] {dagbag.py:588} INFO - Filling up the DagBag from /opt/airflow/dags/urban_data_streaming_dag.py
[2026-06-29T17:34:24.359+0000] {processor.py:925} INFO - DAG(s) 'urban_data_streaming_demo' retrieved from /opt/airflow/dags/urban_data_streaming_dag.py
[2026-06-29T17:34:24.396+0000] {logging_mixin.py:190} INFO - [2026-06-29T17:34:24.396+0000] {dag.py:3239} INFO - Sync 1 DAGs
[2026-06-29T17:34:24.415+0000] {logging_mixin.py:190} INFO - [2026-06-29T17:34:24.415+0000] {dag.py:4180} INFO - Setting next_dagrun for urban_data_streaming_demo to None, run_after=None
[2026-06-29T17:34:24.451+0000] {processor.py:208} INFO - Processing /opt/airflow/dags/urban_data_streaming_dag.py took 0.167 seconds
[2026-06-29T17:34:55.268+0000] {processor.py:186} INFO - Started process (PID=11718) to work on /opt/airflow/dags/urban_data_streaming_dag.py
[2026-06-29T17:34:55.270+0000] {processor.py:914} INFO - Processing file /opt/airflow/dags/urban_data_streaming_dag.py for tasks to queue
[2026-06-29T17:34:55.278+0000] {logging_mixin.py:190} INFO - [2026-06-29T17:34:55.278+0000] {dagbag.py:588} INFO - Filling up the DagBag from /opt/airflow/dags/urban_data_streaming_dag.py
[2026-06-29T17:34:55.314+0000] {processor.py:925} INFO - DAG(s) 'urban_data_streaming_demo' retrieved from /opt/airflow/dags/urban_data_streaming_dag.py
[2026-06-29T17:34:55.354+0000] {logging_mixin.py:190} INFO - [2026-06-29T17:34:55.353+0000] {dag.py:3239} INFO - Sync 1 DAGs
[2026-06-29T17:34:55.370+0000] {logging_mixin.py:190} INFO - [2026-06-29T17:34:55.369+0000] {dag.py:4180} INFO - Setting next_dagrun for urban_data_streaming_demo to None, run_after=None
[2026-06-29T17:34:55.400+0000] {processor.py:208} INFO - Processing /opt/airflow/dags/urban_data_streaming_dag.py took 0.140 seconds
[2026-06-29T17:35:26.292+0000] {processor.py:186} INFO - Started process (PID=11736) to work on /opt/airflow/dags/urban_data_streaming_dag.py
[2026-06-29T17:35:26.294+0000] {processor.py:914} INFO - Processing file /opt/airflow/dags/urban_data_streaming_dag.py for tasks to queue
[2026-06-29T17:35:26.296+0000] {logging_mixin.py:190} INFO - [2026-06-29T17:35:26.296+0000] {dagbag.py:588} INFO - Filling up the DagBag from /opt/airflow/dags/urban_data_streaming_dag.py
[2026-06-29T17:35:26.343+0000] {processor.py:925} INFO - DAG(s) 'urban_data_streaming_demo' retrieved from /opt/airflow/dags/urban_data_streaming_dag.py
[2026-06-29T17:35:26.377+0000] {logging_mixin.py:190} INFO - [2026-06-29T17:35:26.377+0000] {dag.py:3239} INFO - Sync 1 DAGs
[2026-06-29T17:35:26.392+0000] {logging_mixin.py:190} INFO - [2026-06-29T17:35:26.392+0000] {dag.py:4180} INFO - Setting next_dagrun for urban_data_streaming_demo to None, run_after=None
[2026-06-29T17:35:26.418+0000] {processor.py:208} INFO - Processing /opt/airflow/dags/urban_data_streaming_dag.py took 0.136 seconds
[2026-06-29T17:35:57.029+0000] {processor.py:186} INFO - Started process (PID=11754) to work on /opt/airflow/dags/urban_data_streaming_dag.py
[2026-06-29T17:35:57.032+0000] {processor.py:914} INFO - Processing file /opt/airflow/dags/urban_data_streaming_dag.py for tasks to queue
[2026-06-29T17:35:57.042+0000] {logging_mixin.py:190} INFO - [2026-06-29T17:35:57.039+0000] {dagbag.py:588} INFO - Filling up the DagBag from /opt/airflow/dags/urban_data_streaming_dag.py
[2026-06-29T17:35:57.090+0000] {processor.py:925} INFO - DAG(s) 'urban_data_streaming_demo' retrieved from /opt/airflow/dags/urban_data_streaming_dag.py
[2026-06-29T17:35:57.170+0000] {logging_mixin.py:190} INFO - [2026-06-29T17:35:57.166+0000] {dag.py:3239} INFO - Sync 1 DAGs
[2026-06-29T17:35:57.207+0000] {logging_mixin.py:190} INFO - [2026-06-29T17:35:57.206+0000] {dag.py:4180} INFO - Setting next_dagrun for urban_data_streaming_demo to None, run_after=None
[2026-06-29T17:35:57.257+0000] {processor.py:208} INFO - Processing /opt/airflow/dags/urban_data_streaming_dag.py took 0.249 seconds
[2026-06-29T17:36:27.903+0000] {processor.py:186} INFO - Started process (PID=11772) to work on /opt/airflow/dags/urban_data_streaming_dag.py
[2026-06-29T17:36:27.907+0000] {processor.py:914} INFO - Processing file /opt/airflow/dags/urban_data_streaming_dag.py for tasks to queue
[2026-06-29T17:36:27.912+0000] {logging_mixin.py:190} INFO - [2026-06-29T17:36:27.911+0000] {dagbag.py:588} INFO - Filling up the DagBag from /opt/airflow/dags/urban_data_streaming_dag.py
[2026-06-29T17:36:27.968+0000] {processor.py:925} INFO - DAG(s) 'urban_data_streaming_demo' retrieved from /opt/airflow/dags/urban_data_streaming_dag.py
[2026-06-29T17:36:28.063+0000] {logging_mixin.py:190} INFO - [2026-06-29T17:36:28.062+0000] {dag.py:3239} INFO - Sync 1 DAGs
[2026-06-29T17:36:28.115+0000] {logging_mixin.py:190} INFO - [2026-06-29T17:36:28.114+0000] {dag.py:4180} INFO - Setting next_dagrun for urban_data_streaming_demo to None, run_after=None
[2026-06-29T17:36:28.179+0000] {processor.py:208} INFO - Processing /opt/airflow/dags/urban_data_streaming_dag.py took 0.290 seconds
[2026-06-29T17:36:58.864+0000] {processor.py:186} INFO - Started process (PID=11789) to work on /opt/airflow/dags/urban_data_streaming_dag.py
[2026-06-29T17:36:58.865+0000] {processor.py:914} INFO - Processing file /opt/airflow/dags/urban_data_streaming_dag.py for tasks to queue
[2026-06-29T17:36:58.868+0000] {logging_mixin.py:190} INFO - [2026-06-29T17:36:58.867+0000] {dagbag.py:588} INFO - Filling up the DagBag from /opt/airflow/dags/urban_data_streaming_dag.py
[2026-06-29T17:36:58.895+0000] {processor.py:925} INFO - DAG(s) 'urban_data_streaming_demo' retrieved from /opt/airflow/dags/urban_data_streaming_dag.py
[2026-06-29T17:36:58.935+0000] {logging_mixin.py:190} INFO - [2026-06-29T17:36:58.935+0000] {dag.py:3239} INFO - Sync 1 DAGs
[2026-06-29T17:36:58.963+0000] {logging_mixin.py:190} INFO - [2026-06-29T17:36:58.963+0000] {dag.py:4180} INFO - Setting next_dagrun for urban_data_streaming_demo to None, run_after=None
[2026-06-29T17:36:58.991+0000] {processor.py:208} INFO - Processing /opt/airflow/dags/urban_data_streaming_dag.py took 0.134 seconds
[2026-06-29T17:37:29.706+0000] {processor.py:186} INFO - Started process (PID=11800) to work on /opt/airflow/dags/urban_data_streaming_dag.py
[2026-06-29T17:37:29.710+0000] {processor.py:914} INFO - Processing file /opt/airflow/dags/urban_data_streaming_dag.py for tasks to queue
[2026-06-29T17:37:29.716+0000] {logging_mixin.py:190} INFO - [2026-06-29T17:37:29.716+0000] {dagbag.py:588} INFO - Filling up the DagBag from /opt/airflow/dags/urban_data_streaming_dag.py
[2026-06-29T17:37:29.774+0000] {processor.py:925} INFO - DAG(s) 'urban_data_streaming_demo' retrieved from /opt/airflow/dags/urban_data_streaming_dag.py
[2026-06-29T17:37:29.810+0000] {logging_mixin.py:190} INFO - [2026-06-29T17:37:29.810+0000] {dag.py:3239} INFO - Sync 1 DAGs
[2026-06-29T17:37:29.825+0000] {logging_mixin.py:190} INFO - [2026-06-29T17:37:29.825+0000] {dag.py:4180} INFO - Setting next_dagrun for urban_data_streaming_demo to None, run_after=None
[2026-06-29T17:37:29.857+0000] {processor.py:208} INFO - Processing /opt/airflow/dags/urban_data_streaming_dag.py took 0.163 seconds
[2026-06-29T17:38:00.515+0000] {processor.py:186} INFO - Started process (PID=11818) to work on /opt/airflow/dags/urban_data_streaming_dag.py
[2026-06-29T17:38:00.522+0000] {processor.py:914} INFO - Processing file /opt/airflow/dags/urban_data_streaming_dag.py for tasks to queue
[2026-06-29T17:38:00.530+0000] {logging_mixin.py:190} INFO - [2026-06-29T17:38:00.528+0000] {dagbag.py:588} INFO - Filling up the DagBag from /opt/airflow/dags/urban_data_streaming_dag.py
[2026-06-29T17:38:00.603+0000] {processor.py:925} INFO - DAG(s) 'urban_data_streaming_demo' retrieved from /opt/airflow/dags/urban_data_streaming_dag.py
[2026-06-29T17:38:00.650+0000] {logging_mixin.py:190} INFO - [2026-06-29T17:38:00.650+0000] {dag.py:3239} INFO - Sync 1 DAGs
[2026-06-29T17:38:00.667+0000] {logging_mixin.py:190} INFO - [2026-06-29T17:38:00.666+0000] {dag.py:4180} INFO - Setting next_dagrun for urban_data_streaming_demo to None, run_after=None
[2026-06-29T17:38:00.695+0000] {processor.py:208} INFO - Processing /opt/airflow/dags/urban_data_streaming_dag.py took 0.195 seconds
[2026-06-29T17:38:31.384+0000] {processor.py:186} INFO - Started process (PID=11836) to work on /opt/airflow/dags/urban_data_streaming_dag.py
[2026-06-29T17:38:31.386+0000] {processor.py:914} INFO - Processing file /opt/airflow/dags/urban_data_streaming_dag.py for tasks to queue
[2026-06-29T17:38:31.393+0000] {logging_mixin.py:190} INFO - [2026-06-29T17:38:31.392+0000] {dagbag.py:588} INFO - Filling up the DagBag from /opt/airflow/dags/urban_data_streaming_dag.py
[2026-06-29T17:38:31.456+0000] {processor.py:925} INFO - DAG(s) 'urban_data_streaming_demo' retrieved from /opt/airflow/dags/urban_data_streaming_dag.py
[2026-06-29T17:38:31.532+0000] {logging_mixin.py:190} INFO - [2026-06-29T17:38:31.532+0000] {dag.py:3239} INFO - Sync 1 DAGs
[2026-06-29T17:38:31.556+0000] {logging_mixin.py:190} INFO - [2026-06-29T17:38:31.555+0000] {dag.py:4180} INFO - Setting next_dagrun for urban_data_streaming_demo to None, run_after=None
[2026-06-29T17:38:31.608+0000] {processor.py:208} INFO - Processing /opt/airflow/dags/urban_data_streaming_dag.py took 0.235 seconds
[2026-06-29T17:39:02.303+0000] {processor.py:186} INFO - Started process (PID=11855) to work on /opt/airflow/dags/urban_data_streaming_dag.py
[2026-06-29T17:39:02.306+0000] {processor.py:914} INFO - Processing file /opt/airflow/dags/urban_data_streaming_dag.py for tasks to queue
[2026-06-29T17:39:02.314+0000] {logging_mixin.py:190} INFO - [2026-06-29T17:39:02.313+0000] {dagbag.py:588} INFO - Filling up the DagBag from /opt/airflow/dags/urban_data_streaming_dag.py
[2026-06-29T17:39:02.355+0000] {processor.py:925} INFO - DAG(s) 'urban_data_streaming_demo' retrieved from /opt/airflow/dags/urban_data_streaming_dag.py
[2026-06-29T17:39:02.413+0000] {logging_mixin.py:190} INFO - [2026-06-29T17:39:02.413+0000] {dag.py:3239} INFO - Sync 1 DAGs
[2026-06-29T17:39:02.443+0000] {logging_mixin.py:190} INFO - [2026-06-29T17:39:02.442+0000] {dag.py:4180} INFO - Setting next_dagrun for urban_data_streaming_demo to None, run_after=None
[2026-06-29T17:39:02.507+0000] {processor.py:208} INFO - Processing /opt/airflow/dags/urban_data_streaming_dag.py took 0.217 seconds
[2026-06-29T17:39:32.831+0000] {processor.py:186} INFO - Started process (PID=11874) to work on /opt/airflow/dags/urban_data_streaming_dag.py
[2026-06-29T17:39:32.834+0000] {processor.py:914} INFO - Processing file /opt/airflow/dags/urban_data_streaming_dag.py for tasks to queue
[2026-06-29T17:39:32.841+0000] {logging_mixin.py:190} INFO - [2026-06-29T17:39:32.840+0000] {dagbag.py:588} INFO - Filling up the DagBag from /opt/airflow/dags/urban_data_streaming_dag.py
[2026-06-29T17:39:32.899+0000] {processor.py:925} INFO - DAG(s) 'urban_data_streaming_demo' retrieved from /opt/airflow/dags/urban_data_streaming_dag.py
[2026-06-29T17:39:32.979+0000] {logging_mixin.py:190} INFO - [2026-06-29T17:39:32.979+0000] {dag.py:3239} INFO - Sync 1 DAGs
[2026-06-29T17:39:33.012+0000] {logging_mixin.py:190} INFO - [2026-06-29T17:39:33.012+0000] {dag.py:4180} INFO - Setting next_dagrun for urban_data_streaming_demo to None, run_after=None
[2026-06-29T17:39:33.080+0000] {processor.py:208} INFO - Processing /opt/airflow/dags/urban_data_streaming_dag.py took 0.261 seconds
[2026-06-29T17:40:03.783+0000] {processor.py:186} INFO - Started process (PID=11892) to work on /opt/airflow/dags/urban_data_streaming_dag.py
[2026-06-29T17:40:03.785+0000] {processor.py:914} INFO - Processing file /opt/airflow/dags/urban_data_streaming_dag.py for tasks to queue
[2026-06-29T17:40:03.792+0000] {logging_mixin.py:190} INFO - [2026-06-29T17:40:03.791+0000] {dagbag.py:588} INFO - Filling up the DagBag from /opt/airflow/dags/urban_data_streaming_dag.py
[2026-06-29T17:40:03.846+0000] {processor.py:925} INFO - DAG(s) 'urban_data_streaming_demo' retrieved from /opt/airflow/dags/urban_data_streaming_dag.py
[2026-06-29T17:40:03.934+0000] {logging_mixin.py:190} INFO - [2026-06-29T17:40:03.933+0000] {dag.py:3239} INFO - Sync 1 DAGs
[2026-06-29T17:40:03.987+0000] {logging_mixin.py:190} INFO - [2026-06-29T17:40:03.986+0000] {dag.py:4180} INFO - Setting next_dagrun for urban_data_streaming_demo to None, run_after=None
[2026-06-29T17:40:04.045+0000] {processor.py:208} INFO - Processing /opt/airflow/dags/urban_data_streaming_dag.py took 0.278 seconds
[2026-06-29T17:40:34.358+0000] {processor.py:186} INFO - Started process (PID=11909) to work on /opt/airflow/dags/urban_data_streaming_dag.py
[2026-06-29T17:40:34.362+0000] {processor.py:914} INFO - Processing file /opt/airflow/dags/urban_data_streaming_dag.py for tasks to queue
[2026-06-29T17:40:34.372+0000] {logging_mixin.py:190} INFO - [2026-06-29T17:40:34.371+0000] {dagbag.py:588} INFO - Filling up the DagBag from /opt/airflow/dags/urban_data_streaming_dag.py
[2026-06-29T17:40:34.465+0000] {processor.py:925} INFO - DAG(s) 'urban_data_streaming_demo' retrieved from /opt/airflow/dags/urban_data_streaming_dag.py
[2026-06-29T17:40:34.531+0000] {logging_mixin.py:190} INFO - [2026-06-29T17:40:34.530+0000] {dag.py:3239} INFO - Sync 1 DAGs
[2026-06-29T17:40:34.558+0000] {logging_mixin.py:190} INFO - [2026-06-29T17:40:34.557+0000] {dag.py:4180} INFO - Setting next_dagrun for urban_data_streaming_demo to None, run_after=None
[2026-06-29T17:40:34.597+0000] {processor.py:208} INFO - Processing /opt/airflow/dags/urban_data_streaming_dag.py took 0.261 seconds
[2026-06-29T17:41:05.327+0000] {processor.py:186} INFO - Started process (PID=11920) to work on /opt/airflow/dags/urban_data_streaming_dag.py
[2026-06-29T17:41:05.328+0000] {processor.py:914} INFO - Processing file /opt/airflow/dags/urban_data_streaming_dag.py for tasks to queue
[2026-06-29T17:41:05.334+0000] {logging_mixin.py:190} INFO - [2026-06-29T17:41:05.333+0000] {dagbag.py:588} INFO - Filling up the DagBag from /opt/airflow/dags/urban_data_streaming_dag.py
[2026-06-29T17:41:05.376+0000] {processor.py:925} INFO - DAG(s) 'urban_data_streaming_demo' retrieved from /opt/airflow/dags/urban_data_streaming_dag.py
[2026-06-29T17:41:05.429+0000] {logging_mixin.py:190} INFO - [2026-06-29T17:41:05.429+0000] {dag.py:3239} INFO - Sync 1 DAGs
[2026-06-29T17:41:05.453+0000] {logging_mixin.py:190} INFO - [2026-06-29T17:41:05.453+0000] {dag.py:4180} INFO - Setting next_dagrun for urban_data_streaming_demo to None, run_after=None
[2026-06-29T17:41:05.495+0000] {processor.py:208} INFO - Processing /opt/airflow/dags/urban_data_streaming_dag.py took 0.176 seconds
[2026-06-29T17:41:35.674+0000] {processor.py:186} INFO - Started process (PID=11938) to work on /opt/airflow/dags/urban_data_streaming_dag.py
[2026-06-29T17:41:35.677+0000] {processor.py:914} INFO - Processing file /opt/airflow/dags/urban_data_streaming_dag.py for tasks to queue
[2026-06-29T17:41:35.687+0000] {logging_mixin.py:190} INFO - [2026-06-29T17:41:35.685+0000] {dagbag.py:588} INFO - Filling up the DagBag from /opt/airflow/dags/urban_data_streaming_dag.py
[2026-06-29T17:41:35.751+0000] {processor.py:925} INFO - DAG(s) 'urban_data_streaming_demo' retrieved from /opt/airflow/dags/urban_data_streaming_dag.py
[2026-06-29T17:41:35.831+0000] {logging_mixin.py:190} INFO - [2026-06-29T17:41:35.830+0000] {dag.py:3239} INFO - Sync 1 DAGs
[2026-06-29T17:41:35.875+0000] {logging_mixin.py:190} INFO - [2026-06-29T17:41:35.875+0000] {dag.py:4180} INFO - Setting next_dagrun for urban_data_streaming_demo to None, run_after=None
[2026-06-29T17:41:35.931+0000] {processor.py:208} INFO - Processing /opt/airflow/dags/urban_data_streaming_dag.py took 0.273 seconds
[2026-06-29T17:42:06.229+0000] {processor.py:186} INFO - Started process (PID=11956) to work on /opt/airflow/dags/urban_data_streaming_dag.py
[2026-06-29T17:42:06.232+0000] {processor.py:914} INFO - Processing file /opt/airflow/dags/urban_data_streaming_dag.py for tasks to queue
[2026-06-29T17:42:06.235+0000] {logging_mixin.py:190} INFO - [2026-06-29T17:42:06.235+0000] {dagbag.py:588} INFO - Filling up the DagBag from /opt/airflow/dags/urban_data_streaming_dag.py
[2026-06-29T17:42:06.296+0000] {processor.py:925} INFO - DAG(s) 'urban_data_streaming_demo' retrieved from /opt/airflow/dags/urban_data_streaming_dag.py
[2026-06-29T17:42:06.378+0000] {logging_mixin.py:190} INFO - [2026-06-29T17:42:06.377+0000] {dag.py:3239} INFO - Sync 1 DAGs
[2026-06-29T17:42:06.409+0000] {logging_mixin.py:190} INFO - [2026-06-29T17:42:06.408+0000] {dag.py:4180} INFO - Setting next_dagrun for urban_data_streaming_demo to None, run_after=None
[2026-06-29T17:42:06.466+0000] {processor.py:208} INFO - Processing /opt/airflow/dags/urban_data_streaming_dag.py took 0.256 seconds
[2026-06-29T17:42:37.163+0000] {processor.py:186} INFO - Started process (PID=11975) to work on /opt/airflow/dags/urban_data_streaming_dag.py
[2026-06-29T17:42:37.164+0000] {processor.py:914} INFO - Processing file /opt/airflow/dags/urban_data_streaming_dag.py for tasks to queue
[2026-06-29T17:42:37.168+0000] {logging_mixin.py:190} INFO - [2026-06-29T17:42:37.167+0000] {dagbag.py:588} INFO - Filling up the DagBag from /opt/airflow/dags/urban_data_streaming_dag.py
[2026-06-29T17:42:37.201+0000] {processor.py:925} INFO - DAG(s) 'urban_data_streaming_demo' retrieved from /opt/airflow/dags/urban_data_streaming_dag.py
[2026-06-29T17:42:37.243+0000] {logging_mixin.py:190} INFO - [2026-06-29T17:42:37.243+0000] {dag.py:3239} INFO - Sync 1 DAGs
[2026-06-29T17:42:37.260+0000] {logging_mixin.py:190} INFO - [2026-06-29T17:42:37.260+0000] {dag.py:4180} INFO - Setting next_dagrun for urban_data_streaming_demo to None, run_after=None
[2026-06-29T17:42:37.288+0000] {processor.py:208} INFO - Processing /opt/airflow/dags/urban_data_streaming_dag.py took 0.133 seconds
[2026-06-29T17:43:07.405+0000] {processor.py:186} INFO - Started process (PID=11993) to work on /opt/airflow/dags/urban_data_streaming_dag.py
[2026-06-29T17:43:07.408+0000] {processor.py:914} INFO - Processing file /opt/airflow/dags/urban_data_streaming_dag.py for tasks to queue
[2026-06-29T17:43:07.416+0000] {logging_mixin.py:190} INFO - [2026-06-29T17:43:07.415+0000] {dagbag.py:588} INFO - Filling up the DagBag from /opt/airflow/dags/urban_data_streaming_dag.py
[2026-06-29T17:43:07.483+0000] {processor.py:925} INFO - DAG(s) 'urban_data_streaming_demo' retrieved from /opt/airflow/dags/urban_data_streaming_dag.py
[2026-06-29T17:43:07.559+0000] {logging_mixin.py:190} INFO - [2026-06-29T17:43:07.558+0000] {dag.py:3239} INFO - Sync 1 DAGs
[2026-06-29T17:43:07.587+0000] {logging_mixin.py:190} INFO - [2026-06-29T17:43:07.587+0000] {dag.py:4180} INFO - Setting next_dagrun for urban_data_streaming_demo to None, run_after=None
[2026-06-29T17:43:07.633+0000] {processor.py:208} INFO - Processing /opt/airflow/dags/urban_data_streaming_dag.py took 0.247 seconds
[2026-06-29T17:43:38.412+0000] {processor.py:186} INFO - Started process (PID=12011) to work on /opt/airflow/dags/urban_data_streaming_dag.py
[2026-06-29T17:43:38.414+0000] {processor.py:914} INFO - Processing file /opt/airflow/dags/urban_data_streaming_dag.py for tasks to queue
[2026-06-29T17:43:38.420+0000] {logging_mixin.py:190} INFO - [2026-06-29T17:43:38.419+0000] {dagbag.py:588} INFO - Filling up the DagBag from /opt/airflow/dags/urban_data_streaming_dag.py
[2026-06-29T17:43:38.507+0000] {processor.py:925} INFO - DAG(s) 'urban_data_streaming_demo' retrieved from /opt/airflow/dags/urban_data_streaming_dag.py
[2026-06-29T17:43:38.549+0000] {logging_mixin.py:190} INFO - [2026-06-29T17:43:38.549+0000] {dag.py:3239} INFO - Sync 1 DAGs
[2026-06-29T17:43:38.573+0000] {logging_mixin.py:190} INFO - [2026-06-29T17:43:38.573+0000] {dag.py:4180} INFO - Setting next_dagrun for urban_data_streaming_demo to None, run_after=None
[2026-06-29T17:43:38.623+0000] {processor.py:208} INFO - Processing /opt/airflow/dags/urban_data_streaming_dag.py took 0.221 seconds
[2026-06-29T17:44:09.328+0000] {processor.py:186} INFO - Started process (PID=12029) to work on /opt/airflow/dags/urban_data_streaming_dag.py
[2026-06-29T17:44:09.332+0000] {processor.py:914} INFO - Processing file /opt/airflow/dags/urban_data_streaming_dag.py for tasks to queue
[2026-06-29T17:44:09.341+0000] {logging_mixin.py:190} INFO - [2026-06-29T17:44:09.340+0000] {dagbag.py:588} INFO - Filling up the DagBag from /opt/airflow/dags/urban_data_streaming_dag.py
[2026-06-29T17:44:09.393+0000] {processor.py:925} INFO - DAG(s) 'urban_data_streaming_demo' retrieved from /opt/airflow/dags/urban_data_streaming_dag.py
[2026-06-29T17:44:09.462+0000] {logging_mixin.py:190} INFO - [2026-06-29T17:44:09.461+0000] {dag.py:3239} INFO - Sync 1 DAGs
[2026-06-29T17:44:09.495+0000] {logging_mixin.py:190} INFO - [2026-06-29T17:44:09.494+0000] {dag.py:4180} INFO - Setting next_dagrun for urban_data_streaming_demo to None, run_after=None
[2026-06-29T17:44:09.550+0000] {processor.py:208} INFO - Processing /opt/airflow/dags/urban_data_streaming_dag.py took 0.237 seconds
[2026-06-29T17:44:39.678+0000] {processor.py:186} INFO - Started process (PID=12045) to work on /opt/airflow/dags/urban_data_streaming_dag.py
[2026-06-29T17:44:39.680+0000] {processor.py:914} INFO - Processing file /opt/airflow/dags/urban_data_streaming_dag.py for tasks to queue
[2026-06-29T17:44:39.685+0000] {logging_mixin.py:190} INFO - [2026-06-29T17:44:39.684+0000] {dagbag.py:588} INFO - Filling up the DagBag from /opt/airflow/dags/urban_data_streaming_dag.py
[2026-06-29T17:44:39.716+0000] {processor.py:925} INFO - DAG(s) 'urban_data_streaming_demo' retrieved from /opt/airflow/dags/urban_data_streaming_dag.py
[2026-06-29T17:44:39.763+0000] {logging_mixin.py:190} INFO - [2026-06-29T17:44:39.762+0000] {dag.py:3239} INFO - Sync 1 DAGs
[2026-06-29T17:44:39.782+0000] {logging_mixin.py:190} INFO - [2026-06-29T17:44:39.782+0000] {dag.py:4180} INFO - Setting next_dagrun for urban_data_streaming_demo to None, run_after=None
[2026-06-29T17:44:39.817+0000] {processor.py:208} INFO - Processing /opt/airflow/dags/urban_data_streaming_dag.py took 0.148 seconds
[2026-06-29T17:45:10.635+0000] {processor.py:186} INFO - Started process (PID=12057) to work on /opt/airflow/dags/urban_data_streaming_dag.py
[2026-06-29T17:45:10.647+0000] {processor.py:914} INFO - Processing file /opt/airflow/dags/urban_data_streaming_dag.py for tasks to queue
[2026-06-29T17:45:10.668+0000] {logging_mixin.py:190} INFO - [2026-06-29T17:45:10.666+0000] {dagbag.py:588} INFO - Filling up the DagBag from /opt/airflow/dags/urban_data_streaming_dag.py
[2026-06-29T17:45:10.716+0000] {processor.py:925} INFO - DAG(s) 'urban_data_streaming_demo' retrieved from /opt/airflow/dags/urban_data_streaming_dag.py
[2026-06-29T17:45:10.804+0000] {logging_mixin.py:190} INFO - [2026-06-29T17:45:10.802+0000] {dag.py:3239} INFO - Sync 1 DAGs
[2026-06-29T17:45:10.843+0000] {logging_mixin.py:190} INFO - [2026-06-29T17:45:10.843+0000] {dag.py:4180} INFO - Setting next_dagrun for urban_data_streaming_demo to None, run_after=None
[2026-06-29T17:45:10.904+0000] {processor.py:208} INFO - Processing /opt/airflow/dags/urban_data_streaming_dag.py took 0.302 seconds
[2026-06-29T17:45:41.483+0000] {processor.py:186} INFO - Started process (PID=12075) to work on /opt/airflow/dags/urban_data_streaming_dag.py
[2026-06-29T17:45:41.484+0000] {processor.py:914} INFO - Processing file /opt/airflow/dags/urban_data_streaming_dag.py for tasks to queue
[2026-06-29T17:45:41.488+0000] {logging_mixin.py:190} INFO - [2026-06-29T17:45:41.488+0000] {dagbag.py:588} INFO - Filling up the DagBag from /opt/airflow/dags/urban_data_streaming_dag.py
[2026-06-29T17:45:41.519+0000] {processor.py:925} INFO - DAG(s) 'urban_data_streaming_demo' retrieved from /opt/airflow/dags/urban_data_streaming_dag.py
[2026-06-29T17:45:41.563+0000] {logging_mixin.py:190} INFO - [2026-06-29T17:45:41.562+0000] {dag.py:3239} INFO - Sync 1 DAGs
[2026-06-29T17:45:41.579+0000] {logging_mixin.py:190} INFO - [2026-06-29T17:45:41.578+0000] {dag.py:4180} INFO - Setting next_dagrun for urban_data_streaming_demo to None, run_after=None
[2026-06-29T17:45:41.605+0000] {processor.py:208} INFO - Processing /opt/airflow/dags/urban_data_streaming_dag.py took 0.132 seconds
[2026-06-29T17:46:12.023+0000] {processor.py:186} INFO - Started process (PID=12094) to work on /opt/airflow/dags/urban_data_streaming_dag.py
[2026-06-29T17:46:12.026+0000] {processor.py:914} INFO - Processing file /opt/airflow/dags/urban_data_streaming_dag.py for tasks to queue
[2026-06-29T17:46:12.035+0000] {logging_mixin.py:190} INFO - [2026-06-29T17:46:12.033+0000] {dagbag.py:588} INFO - Filling up the DagBag from /opt/airflow/dags/urban_data_streaming_dag.py
[2026-06-29T17:46:12.084+0000] {processor.py:925} INFO - DAG(s) 'urban_data_streaming_demo' retrieved from /opt/airflow/dags/urban_data_streaming_dag.py
[2026-06-29T17:46:12.127+0000] {logging_mixin.py:190} INFO - [2026-06-29T17:46:12.126+0000] {dag.py:3239} INFO - Sync 1 DAGs
[2026-06-29T17:46:12.156+0000] {logging_mixin.py:190} INFO - [2026-06-29T17:46:12.156+0000] {dag.py:4180} INFO - Setting next_dagrun for urban_data_streaming_demo to None, run_after=None
[2026-06-29T17:46:12.248+0000] {processor.py:208} INFO - Processing /opt/airflow/dags/urban_data_streaming_dag.py took 0.240 seconds
[2026-06-29T17:46:42.590+0000] {processor.py:186} INFO - Started process (PID=12112) to work on /opt/airflow/dags/urban_data_streaming_dag.py
[2026-06-29T17:46:42.592+0000] {processor.py:914} INFO - Processing file /opt/airflow/dags/urban_data_streaming_dag.py for tasks to queue
[2026-06-29T17:46:42.600+0000] {logging_mixin.py:190} INFO - [2026-06-29T17:46:42.599+0000] {dagbag.py:588} INFO - Filling up the DagBag from /opt/airflow/dags/urban_data_streaming_dag.py
[2026-06-29T17:46:42.637+0000] {processor.py:925} INFO - DAG(s) 'urban_data_streaming_demo' retrieved from /opt/airflow/dags/urban_data_streaming_dag.py
[2026-06-29T17:46:42.679+0000] {logging_mixin.py:190} INFO - [2026-06-29T17:46:42.679+0000] {dag.py:3239} INFO - Sync 1 DAGs
[2026-06-29T17:46:42.699+0000] {logging_mixin.py:190} INFO - [2026-06-29T17:46:42.699+0000] {dag.py:4180} INFO - Setting next_dagrun for urban_data_streaming_demo to None, run_after=None
[2026-06-29T17:46:42.758+0000] {processor.py:208} INFO - Processing /opt/airflow/dags/urban_data_streaming_dag.py took 0.182 seconds
[2026-06-29T17:47:13.041+0000] {processor.py:186} INFO - Started process (PID=12130) to work on /opt/airflow/dags/urban_data_streaming_dag.py
[2026-06-29T17:47:13.045+0000] {processor.py:914} INFO - Processing file /opt/airflow/dags/urban_data_streaming_dag.py for tasks to queue
[2026-06-29T17:47:13.054+0000] {logging_mixin.py:190} INFO - [2026-06-29T17:47:13.053+0000] {dagbag.py:588} INFO - Filling up the DagBag from /opt/airflow/dags/urban_data_streaming_dag.py
[2026-06-29T17:47:13.101+0000] {processor.py:925} INFO - DAG(s) 'urban_data_streaming_demo' retrieved from /opt/airflow/dags/urban_data_streaming_dag.py
[2026-06-29T17:47:13.160+0000] {logging_mixin.py:190} INFO - [2026-06-29T17:47:13.160+0000] {dag.py:3239} INFO - Sync 1 DAGs
[2026-06-29T17:47:13.178+0000] {logging_mixin.py:190} INFO - [2026-06-29T17:47:13.178+0000] {dag.py:4180} INFO - Setting next_dagrun for urban_data_streaming_demo to None, run_after=None
[2026-06-29T17:47:13.206+0000] {processor.py:208} INFO - Processing /opt/airflow/dags/urban_data_streaming_dag.py took 0.178 seconds
[2026-06-29T17:47:43.427+0000] {processor.py:186} INFO - Started process (PID=12148) to work on /opt/airflow/dags/urban_data_streaming_dag.py
[2026-06-29T17:47:43.430+0000] {processor.py:914} INFO - Processing file /opt/airflow/dags/urban_data_streaming_dag.py for tasks to queue
[2026-06-29T17:47:43.440+0000] {logging_mixin.py:190} INFO - [2026-06-29T17:47:43.438+0000] {dagbag.py:588} INFO - Filling up the DagBag from /opt/airflow/dags/urban_data_streaming_dag.py
[2026-06-29T17:47:43.485+0000] {processor.py:925} INFO - DAG(s) 'urban_data_streaming_demo' retrieved from /opt/airflow/dags/urban_data_streaming_dag.py
[2026-06-29T17:47:43.547+0000] {logging_mixin.py:190} INFO - [2026-06-29T17:47:43.545+0000] {dag.py:3239} INFO - Sync 1 DAGs
[2026-06-29T17:47:43.599+0000] {logging_mixin.py:190} INFO - [2026-06-29T17:47:43.598+0000] {dag.py:4180} INFO - Setting next_dagrun for urban_data_streaming_demo to None, run_after=None
[2026-06-29T17:47:43.706+0000] {processor.py:208} INFO - Processing /opt/airflow/dags/urban_data_streaming_dag.py took 0.293 seconds
[2026-06-29T17:48:14.240+0000] {processor.py:186} INFO - Started process (PID=12158) to work on /opt/airflow/dags/urban_data_streaming_dag.py
[2026-06-29T17:48:14.242+0000] {processor.py:914} INFO - Processing file /opt/airflow/dags/urban_data_streaming_dag.py for tasks to queue
[2026-06-29T17:48:14.251+0000] {logging_mixin.py:190} INFO - [2026-06-29T17:48:14.250+0000] {dagbag.py:588} INFO - Filling up the DagBag from /opt/airflow/dags/urban_data_streaming_dag.py
[2026-06-29T17:48:14.311+0000] {processor.py:925} INFO - DAG(s) 'urban_data_streaming_demo' retrieved from /opt/airflow/dags/urban_data_streaming_dag.py
[2026-06-29T17:48:14.395+0000] {logging_mixin.py:190} INFO - [2026-06-29T17:48:14.394+0000] {dag.py:3239} INFO - Sync 1 DAGs
[2026-06-29T17:48:14.434+0000] {logging_mixin.py:190} INFO - [2026-06-29T17:48:14.433+0000] {dag.py:4180} INFO - Setting next_dagrun for urban_data_streaming_demo to None, run_after=None
[2026-06-29T17:48:14.498+0000] {processor.py:208} INFO - Processing /opt/airflow/dags/urban_data_streaming_dag.py took 0.268 seconds
[2026-06-29T17:48:45.186+0000] {processor.py:186} INFO - Started process (PID=12176) to work on /opt/airflow/dags/urban_data_streaming_dag.py
[2026-06-29T17:48:45.189+0000] {processor.py:914} INFO - Processing file /opt/airflow/dags/urban_data_streaming_dag.py for tasks to queue
[2026-06-29T17:48:45.195+0000] {logging_mixin.py:190} INFO - [2026-06-29T17:48:45.194+0000] {dagbag.py:588} INFO - Filling up the DagBag from /opt/airflow/dags/urban_data_streaming_dag.py
[2026-06-29T17:48:45.235+0000] {processor.py:925} INFO - DAG(s) 'urban_data_streaming_demo' retrieved from /opt/airflow/dags/urban_data_streaming_dag.py
[2026-06-29T17:48:45.311+0000] {logging_mixin.py:190} INFO - [2026-06-29T17:48:45.309+0000] {dag.py:3239} INFO - Sync 1 DAGs
[2026-06-29T17:48:45.343+0000] {logging_mixin.py:190} INFO - [2026-06-29T17:48:45.342+0000] {dag.py:4180} INFO - Setting next_dagrun for urban_data_streaming_demo to None, run_after=None
[2026-06-29T17:48:45.397+0000] {processor.py:208} INFO - Processing /opt/airflow/dags/urban_data_streaming_dag.py took 0.227 seconds
[2026-06-29T17:49:15.586+0000] {processor.py:186} INFO - Started process (PID=12194) to work on /opt/airflow/dags/urban_data_streaming_dag.py
[2026-06-29T17:49:15.588+0000] {processor.py:914} INFO - Processing file /opt/airflow/dags/urban_data_streaming_dag.py for tasks to queue
[2026-06-29T17:49:15.598+0000] {logging_mixin.py:190} INFO - [2026-06-29T17:49:15.597+0000] {dagbag.py:588} INFO - Filling up the DagBag from /opt/airflow/dags/urban_data_streaming_dag.py
[2026-06-29T17:49:15.644+0000] {processor.py:925} INFO - DAG(s) 'urban_data_streaming_demo' retrieved from /opt/airflow/dags/urban_data_streaming_dag.py
[2026-06-29T17:49:15.727+0000] {logging_mixin.py:190} INFO - [2026-06-29T17:49:15.726+0000] {dag.py:3239} INFO - Sync 1 DAGs
[2026-06-29T17:49:15.765+0000] {logging_mixin.py:190} INFO - [2026-06-29T17:49:15.764+0000] {dag.py:4180} INFO - Setting next_dagrun for urban_data_streaming_demo to None, run_after=None
[2026-06-29T17:49:15.799+0000] {processor.py:208} INFO - Processing /opt/airflow/dags/urban_data_streaming_dag.py took 0.224 seconds
[2026-06-29T17:49:46.466+0000] {processor.py:186} INFO - Started process (PID=12212) to work on /opt/airflow/dags/urban_data_streaming_dag.py
[2026-06-29T17:49:46.470+0000] {processor.py:914} INFO - Processing file /opt/airflow/dags/urban_data_streaming_dag.py for tasks to queue
[2026-06-29T17:49:46.476+0000] {logging_mixin.py:190} INFO - [2026-06-29T17:49:46.476+0000] {dagbag.py:588} INFO - Filling up the DagBag from /opt/airflow/dags/urban_data_streaming_dag.py
[2026-06-29T17:49:46.521+0000] {processor.py:925} INFO - DAG(s) 'urban_data_streaming_demo' retrieved from /opt/airflow/dags/urban_data_streaming_dag.py
[2026-06-29T17:49:46.585+0000] {logging_mixin.py:190} INFO - [2026-06-29T17:49:46.584+0000] {dag.py:3239} INFO - Sync 1 DAGs
[2026-06-29T17:49:46.607+0000] {logging_mixin.py:190} INFO - [2026-06-29T17:49:46.607+0000] {dag.py:4180} INFO - Setting next_dagrun for urban_data_streaming_demo to None, run_after=None
[2026-06-29T17:49:46.646+0000] {processor.py:208} INFO - Processing /opt/airflow/dags/urban_data_streaming_dag.py took 0.192 seconds
[2026-06-29T17:50:17.008+0000] {processor.py:186} INFO - Started process (PID=12230) to work on /opt/airflow/dags/urban_data_streaming_dag.py
[2026-06-29T17:50:17.009+0000] {processor.py:914} INFO - Processing file /opt/airflow/dags/urban_data_streaming_dag.py for tasks to queue
[2026-06-29T17:50:17.013+0000] {logging_mixin.py:190} INFO - [2026-06-29T17:50:17.013+0000] {dagbag.py:588} INFO - Filling up the DagBag from /opt/airflow/dags/urban_data_streaming_dag.py
[2026-06-29T17:50:17.045+0000] {processor.py:925} INFO - DAG(s) 'urban_data_streaming_demo' retrieved from /opt/airflow/dags/urban_data_streaming_dag.py
[2026-06-29T17:50:17.097+0000] {logging_mixin.py:190} INFO - [2026-06-29T17:50:17.097+0000] {dag.py:3239} INFO - Sync 1 DAGs
[2026-06-29T17:50:17.128+0000] {logging_mixin.py:190} INFO - [2026-06-29T17:50:17.127+0000] {dag.py:4180} INFO - Setting next_dagrun for urban_data_streaming_demo to None, run_after=None
[2026-06-29T17:50:17.177+0000] {processor.py:208} INFO - Processing /opt/airflow/dags/urban_data_streaming_dag.py took 0.179 seconds
[2026-06-29T17:50:47.783+0000] {processor.py:186} INFO - Started process (PID=12248) to work on /opt/airflow/dags/urban_data_streaming_dag.py
[2026-06-29T17:50:47.784+0000] {processor.py:914} INFO - Processing file /opt/airflow/dags/urban_data_streaming_dag.py for tasks to queue
[2026-06-29T17:50:47.787+0000] {logging_mixin.py:190} INFO - [2026-06-29T17:50:47.787+0000] {dagbag.py:588} INFO - Filling up the DagBag from /opt/airflow/dags/urban_data_streaming_dag.py
[2026-06-29T17:50:47.828+0000] {processor.py:925} INFO - DAG(s) 'urban_data_streaming_demo' retrieved from /opt/airflow/dags/urban_data_streaming_dag.py
[2026-06-29T17:50:47.867+0000] {logging_mixin.py:190} INFO - [2026-06-29T17:50:47.866+0000] {dag.py:3239} INFO - Sync 1 DAGs
[2026-06-29T17:50:47.889+0000] {logging_mixin.py:190} INFO - [2026-06-29T17:50:47.889+0000] {dag.py:4180} INFO - Setting next_dagrun for urban_data_streaming_demo to None, run_after=None
[2026-06-29T17:50:47.916+0000] {processor.py:208} INFO - Processing /opt/airflow/dags/urban_data_streaming_dag.py took 0.143 seconds
[2026-06-29T17:51:18.658+0000] {processor.py:186} INFO - Started process (PID=12266) to work on /opt/airflow/dags/urban_data_streaming_dag.py
[2026-06-29T17:51:18.668+0000] {processor.py:914} INFO - Processing file /opt/airflow/dags/urban_data_streaming_dag.py for tasks to queue
[2026-06-29T17:51:18.678+0000] {logging_mixin.py:190} INFO - [2026-06-29T17:51:18.676+0000] {dagbag.py:588} INFO - Filling up the DagBag from /opt/airflow/dags/urban_data_streaming_dag.py
[2026-06-29T17:51:18.741+0000] {processor.py:925} INFO - DAG(s) 'urban_data_streaming_demo' retrieved from /opt/airflow/dags/urban_data_streaming_dag.py
[2026-06-29T17:51:18.841+0000] {logging_mixin.py:190} INFO - [2026-06-29T17:51:18.841+0000] {dag.py:3239} INFO - Sync 1 DAGs
[2026-06-29T17:51:18.886+0000] {logging_mixin.py:190} INFO - [2026-06-29T17:51:18.885+0000] {dag.py:4180} INFO - Setting next_dagrun for urban_data_streaming_demo to None, run_after=None
[2026-06-29T17:51:19.596+0000] {processor.py:208} INFO - Processing /opt/airflow/dags/urban_data_streaming_dag.py took 0.960 seconds
[2026-06-29T17:51:49.738+0000] {processor.py:186} INFO - Started process (PID=12283) to work on /opt/airflow/dags/urban_data_streaming_dag.py
[2026-06-29T17:51:49.740+0000] {processor.py:914} INFO - Processing file /opt/airflow/dags/urban_data_streaming_dag.py for tasks to queue
[2026-06-29T17:51:49.745+0000] {logging_mixin.py:190} INFO - [2026-06-29T17:51:49.745+0000] {dagbag.py:588} INFO - Filling up the DagBag from /opt/airflow/dags/urban_data_streaming_dag.py
[2026-06-29T17:51:49.790+0000] {processor.py:925} INFO - DAG(s) 'urban_data_streaming_demo' retrieved from /opt/airflow/dags/urban_data_streaming_dag.py
[2026-06-29T17:51:49.851+0000] {logging_mixin.py:190} INFO - [2026-06-29T17:51:49.850+0000] {dag.py:3239} INFO - Sync 1 DAGs
[2026-06-29T17:51:49.889+0000] {logging_mixin.py:190} INFO - [2026-06-29T17:51:49.888+0000] {dag.py:4180} INFO - Setting next_dagrun for urban_data_streaming_demo to None, run_after=None
[2026-06-29T17:51:49.942+0000] {processor.py:208} INFO - Processing /opt/airflow/dags/urban_data_streaming_dag.py took 0.218 seconds
[2026-06-29T17:52:20.747+0000] {processor.py:186} INFO - Started process (PID=12294) to work on /opt/airflow/dags/urban_data_streaming_dag.py
[2026-06-29T17:52:20.753+0000] {processor.py:914} INFO - Processing file /opt/airflow/dags/urban_data_streaming_dag.py for tasks to queue
[2026-06-29T17:52:20.764+0000] {logging_mixin.py:190} INFO - [2026-06-29T17:52:20.762+0000] {dagbag.py:588} INFO - Filling up the DagBag from /opt/airflow/dags/urban_data_streaming_dag.py
[2026-06-29T17:52:20.815+0000] {processor.py:925} INFO - DAG(s) 'urban_data_streaming_demo' retrieved from /opt/airflow/dags/urban_data_streaming_dag.py
[2026-06-29T17:52:20.886+0000] {logging_mixin.py:190} INFO - [2026-06-29T17:52:20.886+0000] {dag.py:3239} INFO - Sync 1 DAGs
[2026-06-29T17:52:20.916+0000] {logging_mixin.py:190} INFO - [2026-06-29T17:52:20.916+0000] {dag.py:4180} INFO - Setting next_dagrun for urban_data_streaming_demo to None, run_after=None
[2026-06-29T17:52:21.018+0000] {processor.py:208} INFO - Processing /opt/airflow/dags/urban_data_streaming_dag.py took 0.302 seconds
[2026-06-29T17:52:51.359+0000] {processor.py:186} INFO - Started process (PID=12312) to work on /opt/airflow/dags/urban_data_streaming_dag.py
[2026-06-29T17:52:51.363+0000] {processor.py:914} INFO - Processing file /opt/airflow/dags/urban_data_streaming_dag.py for tasks to queue
[2026-06-29T17:52:51.371+0000] {logging_mixin.py:190} INFO - [2026-06-29T17:52:51.370+0000] {dagbag.py:588} INFO - Filling up the DagBag from /opt/airflow/dags/urban_data_streaming_dag.py
[2026-06-29T17:52:51.403+0000] {processor.py:925} INFO - DAG(s) 'urban_data_streaming_demo' retrieved from /opt/airflow/dags/urban_data_streaming_dag.py
[2026-06-29T17:52:51.436+0000] {logging_mixin.py:190} INFO - [2026-06-29T17:52:51.435+0000] {dag.py:3239} INFO - Sync 1 DAGs
[2026-06-29T17:52:51.451+0000] {logging_mixin.py:190} INFO - [2026-06-29T17:52:51.451+0000] {dag.py:4180} INFO - Setting next_dagrun for urban_data_streaming_demo to None, run_after=None
[2026-06-29T17:52:51.484+0000] {processor.py:208} INFO - Processing /opt/airflow/dags/urban_data_streaming_dag.py took 0.143 seconds
[2026-06-29T17:53:21.721+0000] {processor.py:186} INFO - Started process (PID=12330) to work on /opt/airflow/dags/urban_data_streaming_dag.py
[2026-06-29T17:53:21.723+0000] {processor.py:914} INFO - Processing file /opt/airflow/dags/urban_data_streaming_dag.py for tasks to queue
[2026-06-29T17:53:21.729+0000] {logging_mixin.py:190} INFO - [2026-06-29T17:53:21.729+0000] {dagbag.py:588} INFO - Filling up the DagBag from /opt/airflow/dags/urban_data_streaming_dag.py
[2026-06-29T17:53:21.765+0000] {processor.py:925} INFO - DAG(s) 'urban_data_streaming_demo' retrieved from /opt/airflow/dags/urban_data_streaming_dag.py
[2026-06-29T17:53:21.805+0000] {logging_mixin.py:190} INFO - [2026-06-29T17:53:21.804+0000] {dag.py:3239} INFO - Sync 1 DAGs
[2026-06-29T17:53:21.823+0000] {logging_mixin.py:190} INFO - [2026-06-29T17:53:21.822+0000] {dag.py:4180} INFO - Setting next_dagrun for urban_data_streaming_demo to None, run_after=None
[2026-06-29T17:53:21.854+0000] {processor.py:208} INFO - Processing /opt/airflow/dags/urban_data_streaming_dag.py took 0.144 seconds
[2026-06-29T17:53:52.179+0000] {processor.py:186} INFO - Started process (PID=12348) to work on /opt/airflow/dags/urban_data_streaming_dag.py
[2026-06-29T17:53:52.181+0000] {processor.py:914} INFO - Processing file /opt/airflow/dags/urban_data_streaming_dag.py for tasks to queue
[2026-06-29T17:53:52.184+0000] {logging_mixin.py:190} INFO - [2026-06-29T17:53:52.184+0000] {dagbag.py:588} INFO - Filling up the DagBag from /opt/airflow/dags/urban_data_streaming_dag.py
[2026-06-29T17:53:52.218+0000] {processor.py:925} INFO - DAG(s) 'urban_data_streaming_demo' retrieved from /opt/airflow/dags/urban_data_streaming_dag.py
[2026-06-29T17:53:52.367+0000] {logging_mixin.py:190} INFO - [2026-06-29T17:53:52.364+0000] {dag.py:3239} INFO - Sync 1 DAGs
[2026-06-29T17:53:52.432+0000] {logging_mixin.py:190} INFO - [2026-06-29T17:53:52.431+0000] {dag.py:4180} INFO - Setting next_dagrun for urban_data_streaming_demo to None, run_after=None
[2026-06-29T17:53:52.499+0000] {processor.py:208} INFO - Processing /opt/airflow/dags/urban_data_streaming_dag.py took 0.331 seconds
[2026-06-29T17:54:22.817+0000] {processor.py:186} INFO - Started process (PID=12366) to work on /opt/airflow/dags/urban_data_streaming_dag.py
[2026-06-29T17:54:22.820+0000] {processor.py:914} INFO - Processing file /opt/airflow/dags/urban_data_streaming_dag.py for tasks to queue
[2026-06-29T17:54:22.828+0000] {logging_mixin.py:190} INFO - [2026-06-29T17:54:22.828+0000] {dagbag.py:588} INFO - Filling up the DagBag from /opt/airflow/dags/urban_data_streaming_dag.py
[2026-06-29T17:54:22.877+0000] {processor.py:925} INFO - DAG(s) 'urban_data_streaming_demo' retrieved from /opt/airflow/dags/urban_data_streaming_dag.py
[2026-06-29T17:54:22.959+0000] {logging_mixin.py:190} INFO - [2026-06-29T17:54:22.957+0000] {dag.py:3239} INFO - Sync 1 DAGs
[2026-06-29T17:54:22.987+0000] {logging_mixin.py:190} INFO - [2026-06-29T17:54:22.986+0000] {dag.py:4180} INFO - Setting next_dagrun for urban_data_streaming_demo to None, run_after=None
[2026-06-29T17:54:23.048+0000] {processor.py:208} INFO - Processing /opt/airflow/dags/urban_data_streaming_dag.py took 0.245 seconds
[2026-06-29T17:54:53.636+0000] {processor.py:186} INFO - Started process (PID=12384) to work on /opt/airflow/dags/urban_data_streaming_dag.py
[2026-06-29T17:54:53.640+0000] {processor.py:914} INFO - Processing file /opt/airflow/dags/urban_data_streaming_dag.py for tasks to queue
[2026-06-29T17:54:53.647+0000] {logging_mixin.py:190} INFO - [2026-06-29T17:54:53.646+0000] {dagbag.py:588} INFO - Filling up the DagBag from /opt/airflow/dags/urban_data_streaming_dag.py
[2026-06-29T17:54:53.691+0000] {processor.py:925} INFO - DAG(s) 'urban_data_streaming_demo' retrieved from /opt/airflow/dags/urban_data_streaming_dag.py
[2026-06-29T17:54:53.774+0000] {logging_mixin.py:190} INFO - [2026-06-29T17:54:53.774+0000] {dag.py:3239} INFO - Sync 1 DAGs
[2026-06-29T17:54:53.809+0000] {logging_mixin.py:190} INFO - [2026-06-29T17:54:53.808+0000] {dag.py:4180} INFO - Setting next_dagrun for urban_data_streaming_demo to None, run_after=None
[2026-06-29T17:54:53.869+0000] {processor.py:208} INFO - Processing /opt/airflow/dags/urban_data_streaming_dag.py took 0.245 seconds
[2026-06-29T17:55:24.588+0000] {processor.py:186} INFO - Started process (PID=12401) to work on /opt/airflow/dags/urban_data_streaming_dag.py
[2026-06-29T17:55:24.592+0000] {processor.py:914} INFO - Processing file /opt/airflow/dags/urban_data_streaming_dag.py for tasks to queue
[2026-06-29T17:55:24.599+0000] {logging_mixin.py:190} INFO - [2026-06-29T17:55:24.598+0000] {dagbag.py:588} INFO - Filling up the DagBag from /opt/airflow/dags/urban_data_streaming_dag.py
[2026-06-29T17:55:24.624+0000] {processor.py:925} INFO - DAG(s) 'urban_data_streaming_demo' retrieved from /opt/airflow/dags/urban_data_streaming_dag.py
[2026-06-29T17:55:24.660+0000] {logging_mixin.py:190} INFO - [2026-06-29T17:55:24.660+0000] {dag.py:3239} INFO - Sync 1 DAGs
[2026-06-29T17:55:24.675+0000] {logging_mixin.py:190} INFO - [2026-06-29T17:55:24.675+0000] {dag.py:4180} INFO - Setting next_dagrun for urban_data_streaming_demo to None, run_after=None
[2026-06-29T17:55:24.705+0000] {processor.py:208} INFO - Processing /opt/airflow/dags/urban_data_streaming_dag.py took 0.133 seconds
[2026-06-29T17:55:54.867+0000] {processor.py:186} INFO - Started process (PID=12412) to work on /opt/airflow/dags/urban_data_streaming_dag.py
[2026-06-29T17:55:54.869+0000] {processor.py:914} INFO - Processing file /opt/airflow/dags/urban_data_streaming_dag.py for tasks to queue
[2026-06-29T17:55:54.873+0000] {logging_mixin.py:190} INFO - [2026-06-29T17:55:54.873+0000] {dagbag.py:588} INFO - Filling up the DagBag from /opt/airflow/dags/urban_data_streaming_dag.py
[2026-06-29T17:55:54.908+0000] {processor.py:925} INFO - DAG(s) 'urban_data_streaming_demo' retrieved from /opt/airflow/dags/urban_data_streaming_dag.py
[2026-06-29T17:55:54.940+0000] {logging_mixin.py:190} INFO - [2026-06-29T17:55:54.940+0000] {dag.py:3239} INFO - Sync 1 DAGs
[2026-06-29T17:55:54.956+0000] {logging_mixin.py:190} INFO - [2026-06-29T17:55:54.956+0000] {dag.py:4180} INFO - Setting next_dagrun for urban_data_streaming_demo to None, run_after=None
[2026-06-29T17:55:54.979+0000] {processor.py:208} INFO - Processing /opt/airflow/dags/urban_data_streaming_dag.py took 0.119 seconds
[2026-06-29T17:56:25.776+0000] {processor.py:186} INFO - Started process (PID=12430) to work on /opt/airflow/dags/urban_data_streaming_dag.py
[2026-06-29T17:56:25.779+0000] {processor.py:914} INFO - Processing file /opt/airflow/dags/urban_data_streaming_dag.py for tasks to queue
[2026-06-29T17:56:25.786+0000] {logging_mixin.py:190} INFO - [2026-06-29T17:56:25.785+0000] {dagbag.py:588} INFO - Filling up the DagBag from /opt/airflow/dags/urban_data_streaming_dag.py
[2026-06-29T17:56:25.836+0000] {processor.py:925} INFO - DAG(s) 'urban_data_streaming_demo' retrieved from /opt/airflow/dags/urban_data_streaming_dag.py
[2026-06-29T17:56:25.950+0000] {logging_mixin.py:190} INFO - [2026-06-29T17:56:25.949+0000] {dag.py:3239} INFO - Sync 1 DAGs
[2026-06-29T17:56:26.020+0000] {logging_mixin.py:190} INFO - [2026-06-29T17:56:26.019+0000] {dag.py:4180} INFO - Setting next_dagrun for urban_data_streaming_demo to None, run_after=None
[2026-06-29T17:56:26.116+0000] {processor.py:208} INFO - Processing /opt/airflow/dags/urban_data_streaming_dag.py took 0.354 seconds
[2026-06-29T17:56:56.834+0000] {processor.py:186} INFO - Started process (PID=12448) to work on /opt/airflow/dags/urban_data_streaming_dag.py
[2026-06-29T17:56:56.837+0000] {processor.py:914} INFO - Processing file /opt/airflow/dags/urban_data_streaming_dag.py for tasks to queue
[2026-06-29T17:56:56.846+0000] {logging_mixin.py:190} INFO - [2026-06-29T17:56:56.845+0000] {dagbag.py:588} INFO - Filling up the DagBag from /opt/airflow/dags/urban_data_streaming_dag.py
[2026-06-29T17:56:56.920+0000] {processor.py:925} INFO - DAG(s) 'urban_data_streaming_demo' retrieved from /opt/airflow/dags/urban_data_streaming_dag.py
[2026-06-29T17:56:56.999+0000] {logging_mixin.py:190} INFO - [2026-06-29T17:56:56.999+0000] {dag.py:3239} INFO - Sync 1 DAGs
[2026-06-29T17:56:57.061+0000] {logging_mixin.py:190} INFO - [2026-06-29T17:56:57.060+0000] {dag.py:4180} INFO - Setting next_dagrun for urban_data_streaming_demo to None, run_after=None
[2026-06-29T17:56:57.148+0000] {processor.py:208} INFO - Processing /opt/airflow/dags/urban_data_streaming_dag.py took 0.330 seconds
[2026-06-29T17:57:27.374+0000] {processor.py:186} INFO - Started process (PID=12466) to work on /opt/airflow/dags/urban_data_streaming_dag.py
[2026-06-29T17:57:27.377+0000] {processor.py:914} INFO - Processing file /opt/airflow/dags/urban_data_streaming_dag.py for tasks to queue
[2026-06-29T17:57:27.383+0000] {logging_mixin.py:190} INFO - [2026-06-29T17:57:27.383+0000] {dagbag.py:588} INFO - Filling up the DagBag from /opt/airflow/dags/urban_data_streaming_dag.py
[2026-06-29T17:57:27.434+0000] {processor.py:925} INFO - DAG(s) 'urban_data_streaming_demo' retrieved from /opt/airflow/dags/urban_data_streaming_dag.py
[2026-06-29T17:57:27.507+0000] {logging_mixin.py:190} INFO - [2026-06-29T17:57:27.506+0000] {dag.py:3239} INFO - Sync 1 DAGs
[2026-06-29T17:57:27.541+0000] {logging_mixin.py:190} INFO - [2026-06-29T17:57:27.540+0000] {dag.py:4180} INFO - Setting next_dagrun for urban_data_streaming_demo to None, run_after=None
[2026-06-29T17:57:27.601+0000] {processor.py:208} INFO - Processing /opt/airflow/dags/urban_data_streaming_dag.py took 0.237 seconds
[2026-06-29T17:57:58.268+0000] {processor.py:186} INFO - Started process (PID=12484) to work on /opt/airflow/dags/urban_data_streaming_dag.py
[2026-06-29T17:57:58.271+0000] {processor.py:914} INFO - Processing file /opt/airflow/dags/urban_data_streaming_dag.py for tasks to queue
[2026-06-29T17:57:58.276+0000] {logging_mixin.py:190} INFO - [2026-06-29T17:57:58.275+0000] {dagbag.py:588} INFO - Filling up the DagBag from /opt/airflow/dags/urban_data_streaming_dag.py
[2026-06-29T17:57:58.332+0000] {processor.py:925} INFO - DAG(s) 'urban_data_streaming_demo' retrieved from /opt/airflow/dags/urban_data_streaming_dag.py
[2026-06-29T17:57:58.416+0000] {logging_mixin.py:190} INFO - [2026-06-29T17:57:58.415+0000] {dag.py:3239} INFO - Sync 1 DAGs
[2026-06-29T17:57:58.460+0000] {logging_mixin.py:190} INFO - [2026-06-29T17:57:58.458+0000] {dag.py:4180} INFO - Setting next_dagrun for urban_data_streaming_demo to None, run_after=None
[2026-06-29T17:57:58.524+0000] {processor.py:208} INFO - Processing /opt/airflow/dags/urban_data_streaming_dag.py took 0.267 seconds
[2026-06-29T17:58:28.911+0000] {processor.py:186} INFO - Started process (PID=12502) to work on /opt/airflow/dags/urban_data_streaming_dag.py
[2026-06-29T17:58:28.915+0000] {processor.py:914} INFO - Processing file /opt/airflow/dags/urban_data_streaming_dag.py for tasks to queue
[2026-06-29T17:58:28.923+0000] {logging_mixin.py:190} INFO - [2026-06-29T17:58:28.922+0000] {dagbag.py:588} INFO - Filling up the DagBag from /opt/airflow/dags/urban_data_streaming_dag.py
[2026-06-29T17:58:28.967+0000] {processor.py:925} INFO - DAG(s) 'urban_data_streaming_demo' retrieved from /opt/airflow/dags/urban_data_streaming_dag.py
[2026-06-29T17:58:29.037+0000] {logging_mixin.py:190} INFO - [2026-06-29T17:58:29.037+0000] {dag.py:3239} INFO - Sync 1 DAGs
[2026-06-29T17:58:29.065+0000] {logging_mixin.py:190} INFO - [2026-06-29T17:58:29.065+0000] {dag.py:4180} INFO - Setting next_dagrun for urban_data_streaming_demo to None, run_after=None
[2026-06-29T17:58:29.112+0000] {processor.py:208} INFO - Processing /opt/airflow/dags/urban_data_streaming_dag.py took 0.215 seconds
[2026-06-29T17:58:59.853+0000] {processor.py:186} INFO - Started process (PID=12519) to work on /opt/airflow/dags/urban_data_streaming_dag.py
[2026-06-29T17:58:59.856+0000] {processor.py:914} INFO - Processing file /opt/airflow/dags/urban_data_streaming_dag.py for tasks to queue
[2026-06-29T17:58:59.862+0000] {logging_mixin.py:190} INFO - [2026-06-29T17:58:59.862+0000] {dagbag.py:588} INFO - Filling up the DagBag from /opt/airflow/dags/urban_data_streaming_dag.py
[2026-06-29T17:58:59.927+0000] {processor.py:925} INFO - DAG(s) 'urban_data_streaming_demo' retrieved from /opt/airflow/dags/urban_data_streaming_dag.py
[2026-06-29T17:59:00.001+0000] {logging_mixin.py:190} INFO - [2026-06-29T17:59:00.001+0000] {dag.py:3239} INFO - Sync 1 DAGs
[2026-06-29T17:59:00.026+0000] {logging_mixin.py:190} INFO - [2026-06-29T17:59:00.025+0000] {dag.py:4180} INFO - Setting next_dagrun for urban_data_streaming_demo to None, run_after=None
[2026-06-29T17:59:00.071+0000] {processor.py:208} INFO - Processing /opt/airflow/dags/urban_data_streaming_dag.py took 0.236 seconds
[2026-06-29T17:59:30.351+0000] {processor.py:186} INFO - Started process (PID=12530) to work on /opt/airflow/dags/urban_data_streaming_dag.py
[2026-06-29T17:59:30.355+0000] {processor.py:914} INFO - Processing file /opt/airflow/dags/urban_data_streaming_dag.py for tasks to queue
[2026-06-29T17:59:30.367+0000] {logging_mixin.py:190} INFO - [2026-06-29T17:59:30.365+0000] {dagbag.py:588} INFO - Filling up the DagBag from /opt/airflow/dags/urban_data_streaming_dag.py
[2026-06-29T17:59:30.427+0000] {processor.py:925} INFO - DAG(s) 'urban_data_streaming_demo' retrieved from /opt/airflow/dags/urban_data_streaming_dag.py
[2026-06-29T17:59:30.522+0000] {logging_mixin.py:190} INFO - [2026-06-29T17:59:30.521+0000] {dag.py:3239} INFO - Sync 1 DAGs
[2026-06-29T17:59:30.558+0000] {logging_mixin.py:190} INFO - [2026-06-29T17:59:30.558+0000] {dag.py:4180} INFO - Setting next_dagrun for urban_data_streaming_demo to None, run_after=None
[2026-06-29T17:59:30.633+0000] {processor.py:208} INFO - Processing /opt/airflow/dags/urban_data_streaming_dag.py took 0.296 seconds
[2026-06-29T18:00:00.952+0000] {processor.py:186} INFO - Started process (PID=12548) to work on /opt/airflow/dags/urban_data_streaming_dag.py
[2026-06-29T18:00:00.954+0000] {processor.py:914} INFO - Processing file /opt/airflow/dags/urban_data_streaming_dag.py for tasks to queue
[2026-06-29T18:00:00.962+0000] {logging_mixin.py:190} INFO - [2026-06-29T18:00:00.961+0000] {dagbag.py:588} INFO - Filling up the DagBag from /opt/airflow/dags/urban_data_streaming_dag.py
[2026-06-29T18:00:01.020+0000] {processor.py:925} INFO - DAG(s) 'urban_data_streaming_demo' retrieved from /opt/airflow/dags/urban_data_streaming_dag.py
[2026-06-29T18:00:01.075+0000] {logging_mixin.py:190} INFO - [2026-06-29T18:00:01.074+0000] {dag.py:3239} INFO - Sync 1 DAGs
[2026-06-29T18:00:01.101+0000] {logging_mixin.py:190} INFO - [2026-06-29T18:00:01.101+0000] {dag.py:4180} INFO - Setting next_dagrun for urban_data_streaming_demo to None, run_after=None
[2026-06-29T18:00:01.127+0000] {processor.py:208} INFO - Processing /opt/airflow/dags/urban_data_streaming_dag.py took 0.191 seconds
[2026-06-29T18:00:31.972+0000] {processor.py:186} INFO - Started process (PID=12566) to work on /opt/airflow/dags/urban_data_streaming_dag.py
[2026-06-29T18:00:31.976+0000] {processor.py:914} INFO - Processing file /opt/airflow/dags/urban_data_streaming_dag.py for tasks to queue
[2026-06-29T18:00:31.989+0000] {logging_mixin.py:190} INFO - [2026-06-29T18:00:31.987+0000] {dagbag.py:588} INFO - Filling up the DagBag from /opt/airflow/dags/urban_data_streaming_dag.py
[2026-06-29T18:00:32.048+0000] {processor.py:925} INFO - DAG(s) 'urban_data_streaming_demo' retrieved from /opt/airflow/dags/urban_data_streaming_dag.py
[2026-06-29T18:00:32.128+0000] {logging_mixin.py:190} INFO - [2026-06-29T18:00:32.127+0000] {dag.py:3239} INFO - Sync 1 DAGs
[2026-06-29T18:00:32.156+0000] {logging_mixin.py:190} INFO - [2026-06-29T18:00:32.155+0000] {dag.py:4180} INFO - Setting next_dagrun for urban_data_streaming_demo to None, run_after=None
[2026-06-29T18:00:32.215+0000] {processor.py:208} INFO - Processing /opt/airflow/dags/urban_data_streaming_dag.py took 0.266 seconds
[2026-06-29T18:01:03.005+0000] {processor.py:186} INFO - Started process (PID=12584) to work on /opt/airflow/dags/urban_data_streaming_dag.py
[2026-06-29T18:01:03.006+0000] {processor.py:914} INFO - Processing file /opt/airflow/dags/urban_data_streaming_dag.py for tasks to queue
[2026-06-29T18:01:03.009+0000] {logging_mixin.py:190} INFO - [2026-06-29T18:01:03.008+0000] {dagbag.py:588} INFO - Filling up the DagBag from /opt/airflow/dags/urban_data_streaming_dag.py
[2026-06-29T18:01:03.048+0000] {processor.py:925} INFO - DAG(s) 'urban_data_streaming_demo' retrieved from /opt/airflow/dags/urban_data_streaming_dag.py
[2026-06-29T18:01:03.102+0000] {logging_mixin.py:190} INFO - [2026-06-29T18:01:03.102+0000] {dag.py:3239} INFO - Sync 1 DAGs
[2026-06-29T18:01:03.129+0000] {logging_mixin.py:190} INFO - [2026-06-29T18:01:03.129+0000] {dag.py:4180} INFO - Setting next_dagrun for urban_data_streaming_demo to None, run_after=None
[2026-06-29T18:01:03.176+0000] {processor.py:208} INFO - Processing /opt/airflow/dags/urban_data_streaming_dag.py took 0.176 seconds
[2026-06-29T18:01:33.832+0000] {processor.py:186} INFO - Started process (PID=12602) to work on /opt/airflow/dags/urban_data_streaming_dag.py
[2026-06-29T18:01:33.835+0000] {processor.py:914} INFO - Processing file /opt/airflow/dags/urban_data_streaming_dag.py for tasks to queue
[2026-06-29T18:01:33.840+0000] {logging_mixin.py:190} INFO - [2026-06-29T18:01:33.840+0000] {dagbag.py:588} INFO - Filling up the DagBag from /opt/airflow/dags/urban_data_streaming_dag.py
[2026-06-29T18:01:33.875+0000] {processor.py:925} INFO - DAG(s) 'urban_data_streaming_demo' retrieved from /opt/airflow/dags/urban_data_streaming_dag.py
[2026-06-29T18:01:33.920+0000] {logging_mixin.py:190} INFO - [2026-06-29T18:01:33.920+0000] {dag.py:3239} INFO - Sync 1 DAGs
[2026-06-29T18:01:33.940+0000] {logging_mixin.py:190} INFO - [2026-06-29T18:01:33.940+0000] {dag.py:4180} INFO - Setting next_dagrun for urban_data_streaming_demo to None, run_after=None
[2026-06-29T18:01:33.971+0000] {processor.py:208} INFO - Processing /opt/airflow/dags/urban_data_streaming_dag.py took 0.150 seconds
[2026-06-29T18:02:04.618+0000] {processor.py:186} INFO - Started process (PID=12620) to work on /opt/airflow/dags/urban_data_streaming_dag.py
[2026-06-29T18:02:04.619+0000] {processor.py:914} INFO - Processing file /opt/airflow/dags/urban_data_streaming_dag.py for tasks to queue
[2026-06-29T18:02:04.623+0000] {logging_mixin.py:190} INFO - [2026-06-29T18:02:04.623+0000] {dagbag.py:588} INFO - Filling up the DagBag from /opt/airflow/dags/urban_data_streaming_dag.py
[2026-06-29T18:02:04.649+0000] {processor.py:925} INFO - DAG(s) 'urban_data_streaming_demo' retrieved from /opt/airflow/dags/urban_data_streaming_dag.py
[2026-06-29T18:02:04.695+0000] {logging_mixin.py:190} INFO - [2026-06-29T18:02:04.694+0000] {dag.py:3239} INFO - Sync 1 DAGs
[2026-06-29T18:02:04.718+0000] {logging_mixin.py:190} INFO - [2026-06-29T18:02:04.718+0000] {dag.py:4180} INFO - Setting next_dagrun for urban_data_streaming_demo to None, run_after=None
[2026-06-29T18:02:04.756+0000] {processor.py:208} INFO - Processing /opt/airflow/dags/urban_data_streaming_dag.py took 0.145 seconds
[2026-06-29T18:02:35.384+0000] {processor.py:186} INFO - Started process (PID=12638) to work on /opt/airflow/dags/urban_data_streaming_dag.py
[2026-06-29T18:02:35.386+0000] {processor.py:914} INFO - Processing file /opt/airflow/dags/urban_data_streaming_dag.py for tasks to queue
[2026-06-29T18:02:35.390+0000] {logging_mixin.py:190} INFO - [2026-06-29T18:02:35.389+0000] {dagbag.py:588} INFO - Filling up the DagBag from /opt/airflow/dags/urban_data_streaming_dag.py
[2026-06-29T18:02:35.426+0000] {processor.py:925} INFO - DAG(s) 'urban_data_streaming_demo' retrieved from /opt/airflow/dags/urban_data_streaming_dag.py
[2026-06-29T18:02:35.472+0000] {logging_mixin.py:190} INFO - [2026-06-29T18:02:35.472+0000] {dag.py:3239} INFO - Sync 1 DAGs
[2026-06-29T18:02:35.491+0000] {logging_mixin.py:190} INFO - [2026-06-29T18:02:35.491+0000] {dag.py:4180} INFO - Setting next_dagrun for urban_data_streaming_demo to None, run_after=None
[2026-06-29T18:02:35.528+0000] {processor.py:208} INFO - Processing /opt/airflow/dags/urban_data_streaming_dag.py took 0.152 seconds
[2026-06-29T18:03:06.318+0000] {processor.py:186} INFO - Started process (PID=12655) to work on /opt/airflow/dags/urban_data_streaming_dag.py
[2026-06-29T18:03:06.321+0000] {processor.py:914} INFO - Processing file /opt/airflow/dags/urban_data_streaming_dag.py for tasks to queue
[2026-06-29T18:03:06.330+0000] {logging_mixin.py:190} INFO - [2026-06-29T18:03:06.329+0000] {dagbag.py:588} INFO - Filling up the DagBag from /opt/airflow/dags/urban_data_streaming_dag.py
[2026-06-29T18:03:06.372+0000] {processor.py:925} INFO - DAG(s) 'urban_data_streaming_demo' retrieved from /opt/airflow/dags/urban_data_streaming_dag.py
[2026-06-29T18:03:06.405+0000] {logging_mixin.py:190} INFO - [2026-06-29T18:03:06.405+0000] {dag.py:3239} INFO - Sync 1 DAGs
[2026-06-29T18:03:06.421+0000] {logging_mixin.py:190} INFO - [2026-06-29T18:03:06.421+0000] {dag.py:4180} INFO - Setting next_dagrun for urban_data_streaming_demo to None, run_after=None
[2026-06-29T18:03:06.449+0000] {processor.py:208} INFO - Processing /opt/airflow/dags/urban_data_streaming_dag.py took 0.144 seconds
[2026-06-29T18:03:37.393+0000] {processor.py:186} INFO - Started process (PID=12666) to work on /opt/airflow/dags/urban_data_streaming_dag.py
[2026-06-29T18:03:37.394+0000] {processor.py:914} INFO - Processing file /opt/airflow/dags/urban_data_streaming_dag.py for tasks to queue
[2026-06-29T18:03:37.398+0000] {logging_mixin.py:190} INFO - [2026-06-29T18:03:37.397+0000] {dagbag.py:588} INFO - Filling up the DagBag from /opt/airflow/dags/urban_data_streaming_dag.py
[2026-06-29T18:03:37.432+0000] {processor.py:925} INFO - DAG(s) 'urban_data_streaming_demo' retrieved from /opt/airflow/dags/urban_data_streaming_dag.py
[2026-06-29T18:03:37.467+0000] {logging_mixin.py:190} INFO - [2026-06-29T18:03:37.467+0000] {dag.py:3239} INFO - Sync 1 DAGs
[2026-06-29T18:03:37.481+0000] {logging_mixin.py:190} INFO - [2026-06-29T18:03:37.481+0000] {dag.py:4180} INFO - Setting next_dagrun for urban_data_streaming_demo to None, run_after=None
[2026-06-29T18:03:37.505+0000] {processor.py:208} INFO - Processing /opt/airflow/dags/urban_data_streaming_dag.py took 0.119 seconds
[2026-06-29T18:04:07.650+0000] {processor.py:186} INFO - Started process (PID=12684) to work on /opt/airflow/dags/urban_data_streaming_dag.py
[2026-06-29T18:04:07.653+0000] {processor.py:914} INFO - Processing file /opt/airflow/dags/urban_data_streaming_dag.py for tasks to queue
[2026-06-29T18:04:07.657+0000] {logging_mixin.py:190} INFO - [2026-06-29T18:04:07.657+0000] {dagbag.py:588} INFO - Filling up the DagBag from /opt/airflow/dags/urban_data_streaming_dag.py
[2026-06-29T18:04:07.721+0000] {processor.py:925} INFO - DAG(s) 'urban_data_streaming_demo' retrieved from /opt/airflow/dags/urban_data_streaming_dag.py
[2026-06-29T18:04:07.777+0000] {logging_mixin.py:190} INFO - [2026-06-29T18:04:07.777+0000] {dag.py:3239} INFO - Sync 1 DAGs
[2026-06-29T18:04:07.793+0000] {logging_mixin.py:190} INFO - [2026-06-29T18:04:07.792+0000] {dag.py:4180} INFO - Setting next_dagrun for urban_data_streaming_demo to None, run_after=None
[2026-06-29T18:04:07.821+0000] {processor.py:208} INFO - Processing /opt/airflow/dags/urban_data_streaming_dag.py took 0.183 seconds
[2026-06-29T18:04:38.524+0000] {processor.py:186} INFO - Started process (PID=12702) to work on /opt/airflow/dags/urban_data_streaming_dag.py
[2026-06-29T18:04:38.526+0000] {processor.py:914} INFO - Processing file /opt/airflow/dags/urban_data_streaming_dag.py for tasks to queue
[2026-06-29T18:04:38.531+0000] {logging_mixin.py:190} INFO - [2026-06-29T18:04:38.530+0000] {dagbag.py:588} INFO - Filling up the DagBag from /opt/airflow/dags/urban_data_streaming_dag.py
[2026-06-29T18:04:38.600+0000] {processor.py:925} INFO - DAG(s) 'urban_data_streaming_demo' retrieved from /opt/airflow/dags/urban_data_streaming_dag.py
[2026-06-29T18:04:38.645+0000] {logging_mixin.py:190} INFO - [2026-06-29T18:04:38.645+0000] {dag.py:3239} INFO - Sync 1 DAGs
[2026-06-29T18:04:38.660+0000] {logging_mixin.py:190} INFO - [2026-06-29T18:04:38.660+0000] {dag.py:4180} INFO - Setting next_dagrun for urban_data_streaming_demo to None, run_after=None
[2026-06-29T18:04:38.683+0000] {processor.py:208} INFO - Processing /opt/airflow/dags/urban_data_streaming_dag.py took 0.168 seconds
[2026-06-29T18:05:08.861+0000] {processor.py:186} INFO - Started process (PID=12720) to work on /opt/airflow/dags/urban_data_streaming_dag.py
[2026-06-29T18:05:08.864+0000] {processor.py:914} INFO - Processing file /opt/airflow/dags/urban_data_streaming_dag.py for tasks to queue
[2026-06-29T18:05:08.869+0000] {logging_mixin.py:190} INFO - [2026-06-29T18:05:08.868+0000] {dagbag.py:588} INFO - Filling up the DagBag from /opt/airflow/dags/urban_data_streaming_dag.py
[2026-06-29T18:05:08.900+0000] {processor.py:925} INFO - DAG(s) 'urban_data_streaming_demo' retrieved from /opt/airflow/dags/urban_data_streaming_dag.py
[2026-06-29T18:05:08.951+0000] {logging_mixin.py:190} INFO - [2026-06-29T18:05:08.951+0000] {dag.py:3239} INFO - Sync 1 DAGs
[2026-06-29T18:05:08.970+0000] {logging_mixin.py:190} INFO - [2026-06-29T18:05:08.969+0000] {dag.py:4180} INFO - Setting next_dagrun for urban_data_streaming_demo to None, run_after=None
[2026-06-29T18:05:09.005+0000] {processor.py:208} INFO - Processing /opt/airflow/dags/urban_data_streaming_dag.py took 0.152 seconds
[2026-06-29T18:05:39.313+0000] {processor.py:186} INFO - Started process (PID=12738) to work on /opt/airflow/dags/urban_data_streaming_dag.py
[2026-06-29T18:05:39.319+0000] {processor.py:914} INFO - Processing file /opt/airflow/dags/urban_data_streaming_dag.py for tasks to queue
[2026-06-29T18:05:39.331+0000] {logging_mixin.py:190} INFO - [2026-06-29T18:05:39.330+0000] {dagbag.py:588} INFO - Filling up the DagBag from /opt/airflow/dags/urban_data_streaming_dag.py
[2026-06-29T18:05:39.424+0000] {processor.py:925} INFO - DAG(s) 'urban_data_streaming_demo' retrieved from /opt/airflow/dags/urban_data_streaming_dag.py
[2026-06-29T18:05:39.462+0000] {logging_mixin.py:190} INFO - [2026-06-29T18:05:39.462+0000] {dag.py:3239} INFO - Sync 1 DAGs
[2026-06-29T18:05:39.482+0000] {logging_mixin.py:190} INFO - [2026-06-29T18:05:39.482+0000] {dag.py:4180} INFO - Setting next_dagrun for urban_data_streaming_demo to None, run_after=None
[2026-06-29T18:05:39.522+0000] {processor.py:208} INFO - Processing /opt/airflow/dags/urban_data_streaming_dag.py took 0.238 seconds
[2026-06-29T18:06:10.291+0000] {processor.py:186} INFO - Started process (PID=12756) to work on /opt/airflow/dags/urban_data_streaming_dag.py
[2026-06-29T18:06:10.296+0000] {processor.py:914} INFO - Processing file /opt/airflow/dags/urban_data_streaming_dag.py for tasks to queue
[2026-06-29T18:06:10.303+0000] {logging_mixin.py:190} INFO - [2026-06-29T18:06:10.302+0000] {dagbag.py:588} INFO - Filling up the DagBag from /opt/airflow/dags/urban_data_streaming_dag.py
[2026-06-29T18:06:10.340+0000] {processor.py:925} INFO - DAG(s) 'urban_data_streaming_demo' retrieved from /opt/airflow/dags/urban_data_streaming_dag.py
[2026-06-29T18:06:10.378+0000] {logging_mixin.py:190} INFO - [2026-06-29T18:06:10.378+0000] {dag.py:3239} INFO - Sync 1 DAGs
[2026-06-29T18:06:10.397+0000] {logging_mixin.py:190} INFO - [2026-06-29T18:06:10.397+0000] {dag.py:4180} INFO - Setting next_dagrun for urban_data_streaming_demo to None, run_after=None
[2026-06-29T18:06:10.425+0000] {processor.py:208} INFO - Processing /opt/airflow/dags/urban_data_streaming_dag.py took 0.151 seconds
[2026-06-29T18:06:41.287+0000] {processor.py:186} INFO - Started process (PID=12774) to work on /opt/airflow/dags/urban_data_streaming_dag.py
[2026-06-29T18:06:41.288+0000] {processor.py:914} INFO - Processing file /opt/airflow/dags/urban_data_streaming_dag.py for tasks to queue
[2026-06-29T18:06:41.297+0000] {logging_mixin.py:190} INFO - [2026-06-29T18:06:41.297+0000] {dagbag.py:588} INFO - Filling up the DagBag from /opt/airflow/dags/urban_data_streaming_dag.py
[2026-06-29T18:06:41.342+0000] {processor.py:925} INFO - DAG(s) 'urban_data_streaming_demo' retrieved from /opt/airflow/dags/urban_data_streaming_dag.py
[2026-06-29T18:06:41.402+0000] {logging_mixin.py:190} INFO - [2026-06-29T18:06:41.402+0000] {dag.py:3239} INFO - Sync 1 DAGs
[2026-06-29T18:06:41.431+0000] {logging_mixin.py:190} INFO - [2026-06-29T18:06:41.431+0000] {dag.py:4180} INFO - Setting next_dagrun for urban_data_streaming_demo to None, run_after=None
[2026-06-29T18:06:41.474+0000] {processor.py:208} INFO - Processing /opt/airflow/dags/urban_data_streaming_dag.py took 0.193 seconds
[2026-06-29T18:07:11.773+0000] {processor.py:186} INFO - Started process (PID=12792) to work on /opt/airflow/dags/urban_data_streaming_dag.py
[2026-06-29T18:07:11.776+0000] {processor.py:914} INFO - Processing file /opt/airflow/dags/urban_data_streaming_dag.py for tasks to queue
[2026-06-29T18:07:11.781+0000] {logging_mixin.py:190} INFO - [2026-06-29T18:07:11.780+0000] {dagbag.py:588} INFO - Filling up the DagBag from /opt/airflow/dags/urban_data_streaming_dag.py
[2026-06-29T18:07:11.836+0000] {processor.py:925} INFO - DAG(s) 'urban_data_streaming_demo' retrieved from /opt/airflow/dags/urban_data_streaming_dag.py
[2026-06-29T18:07:11.873+0000] {logging_mixin.py:190} INFO - [2026-06-29T18:07:11.873+0000] {dag.py:3239} INFO - Sync 1 DAGs
[2026-06-29T18:07:11.891+0000] {logging_mixin.py:190} INFO - [2026-06-29T18:07:11.891+0000] {dag.py:4180} INFO - Setting next_dagrun for urban_data_streaming_demo to None, run_after=None
[2026-06-29T18:07:11.940+0000] {processor.py:208} INFO - Processing /opt/airflow/dags/urban_data_streaming_dag.py took 0.176 seconds
[2026-06-29T18:07:42.255+0000] {processor.py:186} INFO - Started process (PID=12809) to work on /opt/airflow/dags/urban_data_streaming_dag.py
[2026-06-29T18:07:42.258+0000] {processor.py:914} INFO - Processing file /opt/airflow/dags/urban_data_streaming_dag.py for tasks to queue
[2026-06-29T18:07:42.262+0000] {logging_mixin.py:190} INFO - [2026-06-29T18:07:42.261+0000] {dagbag.py:588} INFO - Filling up the DagBag from /opt/airflow/dags/urban_data_streaming_dag.py
[2026-06-29T18:07:42.294+0000] {processor.py:925} INFO - DAG(s) 'urban_data_streaming_demo' retrieved from /opt/airflow/dags/urban_data_streaming_dag.py
[2026-06-29T18:07:42.344+0000] {logging_mixin.py:190} INFO - [2026-06-29T18:07:42.344+0000] {dag.py:3239} INFO - Sync 1 DAGs
[2026-06-29T18:07:42.370+0000] {logging_mixin.py:190} INFO - [2026-06-29T18:07:42.370+0000] {dag.py:4180} INFO - Setting next_dagrun for urban_data_streaming_demo to None, run_after=None
[2026-06-29T18:07:42.402+0000] {processor.py:208} INFO - Processing /opt/airflow/dags/urban_data_streaming_dag.py took 0.162 seconds
[2026-06-29T18:08:12.693+0000] {processor.py:186} INFO - Started process (PID=12820) to work on /opt/airflow/dags/urban_data_streaming_dag.py
[2026-06-29T18:08:12.696+0000] {processor.py:914} INFO - Processing file /opt/airflow/dags/urban_data_streaming_dag.py for tasks to queue
[2026-06-29T18:08:12.700+0000] {logging_mixin.py:190} INFO - [2026-06-29T18:08:12.700+0000] {dagbag.py:588} INFO - Filling up the DagBag from /opt/airflow/dags/urban_data_streaming_dag.py
[2026-06-29T18:08:12.733+0000] {processor.py:925} INFO - DAG(s) 'urban_data_streaming_demo' retrieved from /opt/airflow/dags/urban_data_streaming_dag.py
[2026-06-29T18:08:12.770+0000] {logging_mixin.py:190} INFO - [2026-06-29T18:08:12.770+0000] {dag.py:3239} INFO - Sync 1 DAGs
[2026-06-29T18:08:12.796+0000] {logging_mixin.py:190} INFO - [2026-06-29T18:08:12.796+0000] {dag.py:4180} INFO - Setting next_dagrun for urban_data_streaming_demo to None, run_after=None
[2026-06-29T18:08:12.882+0000] {processor.py:208} INFO - Processing /opt/airflow/dags/urban_data_streaming_dag.py took 0.205 seconds
[2026-06-29T18:08:43.782+0000] {processor.py:186} INFO - Started process (PID=12838) to work on /opt/airflow/dags/urban_data_streaming_dag.py
[2026-06-29T18:08:43.784+0000] {processor.py:914} INFO - Processing file /opt/airflow/dags/urban_data_streaming_dag.py for tasks to queue
[2026-06-29T18:08:43.786+0000] {logging_mixin.py:190} INFO - [2026-06-29T18:08:43.786+0000] {dagbag.py:588} INFO - Filling up the DagBag from /opt/airflow/dags/urban_data_streaming_dag.py
[2026-06-29T18:08:43.824+0000] {processor.py:925} INFO - DAG(s) 'urban_data_streaming_demo' retrieved from /opt/airflow/dags/urban_data_streaming_dag.py
[2026-06-29T18:08:43.860+0000] {logging_mixin.py:190} INFO - [2026-06-29T18:08:43.859+0000] {dag.py:3239} INFO - Sync 1 DAGs
[2026-06-29T18:08:43.875+0000] {logging_mixin.py:190} INFO - [2026-06-29T18:08:43.874+0000] {dag.py:4180} INFO - Setting next_dagrun for urban_data_streaming_demo to None, run_after=None
[2026-06-29T18:08:43.905+0000] {processor.py:208} INFO - Processing /opt/airflow/dags/urban_data_streaming_dag.py took 0.129 seconds
[2026-06-29T18:09:14.922+0000] {processor.py:186} INFO - Started process (PID=12856) to work on /opt/airflow/dags/urban_data_streaming_dag.py
[2026-06-29T18:09:14.923+0000] {processor.py:914} INFO - Processing file /opt/airflow/dags/urban_data_streaming_dag.py for tasks to queue
[2026-06-29T18:09:14.926+0000] {logging_mixin.py:190} INFO - [2026-06-29T18:09:14.926+0000] {dagbag.py:588} INFO - Filling up the DagBag from /opt/airflow/dags/urban_data_streaming_dag.py
[2026-06-29T18:09:14.976+0000] {processor.py:925} INFO - DAG(s) 'urban_data_streaming_demo' retrieved from /opt/airflow/dags/urban_data_streaming_dag.py
[2026-06-29T18:09:15.015+0000] {logging_mixin.py:190} INFO - [2026-06-29T18:09:15.015+0000] {dag.py:3239} INFO - Sync 1 DAGs
[2026-06-29T18:09:15.035+0000] {logging_mixin.py:190} INFO - [2026-06-29T18:09:15.035+0000] {dag.py:4180} INFO - Setting next_dagrun for urban_data_streaming_demo to None, run_after=None
[2026-06-29T18:09:15.064+0000] {processor.py:208} INFO - Processing /opt/airflow/dags/urban_data_streaming_dag.py took 0.155 seconds
[2026-06-29T18:09:45.782+0000] {processor.py:186} INFO - Started process (PID=12874) to work on /opt/airflow/dags/urban_data_streaming_dag.py
[2026-06-29T18:09:45.784+0000] {processor.py:914} INFO - Processing file /opt/airflow/dags/urban_data_streaming_dag.py for tasks to queue
[2026-06-29T18:09:45.787+0000] {logging_mixin.py:190} INFO - [2026-06-29T18:09:45.786+0000] {dagbag.py:588} INFO - Filling up the DagBag from /opt/airflow/dags/urban_data_streaming_dag.py
[2026-06-29T18:09:45.812+0000] {processor.py:925} INFO - DAG(s) 'urban_data_streaming_demo' retrieved from /opt/airflow/dags/urban_data_streaming_dag.py
[2026-06-29T18:09:45.846+0000] {logging_mixin.py:190} INFO - [2026-06-29T18:09:45.846+0000] {dag.py:3239} INFO - Sync 1 DAGs
[2026-06-29T18:09:45.862+0000] {logging_mixin.py:190} INFO - [2026-06-29T18:09:45.862+0000] {dag.py:4180} INFO - Setting next_dagrun for urban_data_streaming_demo to None, run_after=None
[2026-06-29T18:09:45.886+0000] {processor.py:208} INFO - Processing /opt/airflow/dags/urban_data_streaming_dag.py took 0.110 seconds
[2026-06-29T18:10:16.187+0000] {processor.py:186} INFO - Started process (PID=12892) to work on /opt/airflow/dags/urban_data_streaming_dag.py
[2026-06-29T18:10:16.195+0000] {processor.py:914} INFO - Processing file /opt/airflow/dags/urban_data_streaming_dag.py for tasks to queue
[2026-06-29T18:10:16.211+0000] {logging_mixin.py:190} INFO - [2026-06-29T18:10:16.209+0000] {dagbag.py:588} INFO - Filling up the DagBag from /opt/airflow/dags/urban_data_streaming_dag.py
[2026-06-29T18:10:16.312+0000] {processor.py:925} INFO - DAG(s) 'urban_data_streaming_demo' retrieved from /opt/airflow/dags/urban_data_streaming_dag.py
[2026-06-29T18:10:16.343+0000] {logging_mixin.py:190} INFO - [2026-06-29T18:10:16.343+0000] {dag.py:3239} INFO - Sync 1 DAGs
[2026-06-29T18:10:16.362+0000] {logging_mixin.py:190} INFO - [2026-06-29T18:10:16.362+0000] {dag.py:4180} INFO - Setting next_dagrun for urban_data_streaming_demo to None, run_after=None
[2026-06-29T18:10:16.388+0000] {processor.py:208} INFO - Processing /opt/airflow/dags/urban_data_streaming_dag.py took 0.234 seconds
[2026-06-29T18:10:46.757+0000] {processor.py:186} INFO - Started process (PID=12910) to work on /opt/airflow/dags/urban_data_streaming_dag.py
[2026-06-29T18:10:46.759+0000] {processor.py:914} INFO - Processing file /opt/airflow/dags/urban_data_streaming_dag.py for tasks to queue
[2026-06-29T18:10:46.761+0000] {logging_mixin.py:190} INFO - [2026-06-29T18:10:46.761+0000] {dagbag.py:588} INFO - Filling up the DagBag from /opt/airflow/dags/urban_data_streaming_dag.py
[2026-06-29T18:10:46.785+0000] {processor.py:925} INFO - DAG(s) 'urban_data_streaming_demo' retrieved from /opt/airflow/dags/urban_data_streaming_dag.py
[2026-06-29T18:10:46.826+0000] {logging_mixin.py:190} INFO - [2026-06-29T18:10:46.826+0000] {dag.py:3239} INFO - Sync 1 DAGs
[2026-06-29T18:10:46.846+0000] {logging_mixin.py:190} INFO - [2026-06-29T18:10:46.845+0000] {dag.py:4180} INFO - Setting next_dagrun for urban_data_streaming_demo to None, run_after=None
[2026-06-29T18:10:46.881+0000] {processor.py:208} INFO - Processing /opt/airflow/dags/urban_data_streaming_dag.py took 0.133 seconds
[2026-06-29T18:11:17.290+0000] {processor.py:186} INFO - Started process (PID=12928) to work on /opt/airflow/dags/urban_data_streaming_dag.py
[2026-06-29T18:11:17.292+0000] {processor.py:914} INFO - Processing file /opt/airflow/dags/urban_data_streaming_dag.py for tasks to queue
[2026-06-29T18:11:17.297+0000] {logging_mixin.py:190} INFO - [2026-06-29T18:11:17.296+0000] {dagbag.py:588} INFO - Filling up the DagBag from /opt/airflow/dags/urban_data_streaming_dag.py
[2026-06-29T18:11:17.367+0000] {processor.py:925} INFO - DAG(s) 'urban_data_streaming_demo' retrieved from /opt/airflow/dags/urban_data_streaming_dag.py
[2026-06-29T18:11:17.404+0000] {logging_mixin.py:190} INFO - [2026-06-29T18:11:17.403+0000] {dag.py:3239} INFO - Sync 1 DAGs
[2026-06-29T18:11:17.421+0000] {logging_mixin.py:190} INFO - [2026-06-29T18:11:17.420+0000] {dag.py:4180} INFO - Setting next_dagrun for urban_data_streaming_demo to None, run_after=None
[2026-06-29T18:11:17.448+0000] {processor.py:208} INFO - Processing /opt/airflow/dags/urban_data_streaming_dag.py took 0.177 seconds
[2026-06-29T18:11:48.023+0000] {processor.py:186} INFO - Started process (PID=12947) to work on /opt/airflow/dags/urban_data_streaming_dag.py
[2026-06-29T18:11:48.025+0000] {processor.py:914} INFO - Processing file /opt/airflow/dags/urban_data_streaming_dag.py for tasks to queue
[2026-06-29T18:11:48.029+0000] {logging_mixin.py:190} INFO - [2026-06-29T18:11:48.029+0000] {dagbag.py:588} INFO - Filling up the DagBag from /opt/airflow/dags/urban_data_streaming_dag.py
[2026-06-29T18:11:48.085+0000] {processor.py:925} INFO - DAG(s) 'urban_data_streaming_demo' retrieved from /opt/airflow/dags/urban_data_streaming_dag.py
[2026-06-29T18:11:48.120+0000] {logging_mixin.py:190} INFO - [2026-06-29T18:11:48.120+0000] {dag.py:3239} INFO - Sync 1 DAGs
[2026-06-29T18:11:48.136+0000] {logging_mixin.py:190} INFO - [2026-06-29T18:11:48.135+0000] {dag.py:4180} INFO - Setting next_dagrun for urban_data_streaming_demo to None, run_after=None
[2026-06-29T18:11:48.165+0000] {processor.py:208} INFO - Processing /opt/airflow/dags/urban_data_streaming_dag.py took 0.156 seconds
[2026-06-29T18:12:18.931+0000] {processor.py:186} INFO - Started process (PID=12965) to work on /opt/airflow/dags/urban_data_streaming_dag.py
[2026-06-29T18:12:18.933+0000] {processor.py:914} INFO - Processing file /opt/airflow/dags/urban_data_streaming_dag.py for tasks to queue
[2026-06-29T18:12:18.936+0000] {logging_mixin.py:190} INFO - [2026-06-29T18:12:18.936+0000] {dagbag.py:588} INFO - Filling up the DagBag from /opt/airflow/dags/urban_data_streaming_dag.py
[2026-06-29T18:12:18.962+0000] {processor.py:925} INFO - DAG(s) 'urban_data_streaming_demo' retrieved from /opt/airflow/dags/urban_data_streaming_dag.py
[2026-06-29T18:12:19.001+0000] {logging_mixin.py:190} INFO - [2026-06-29T18:12:19.001+0000] {dag.py:3239} INFO - Sync 1 DAGs
[2026-06-29T18:12:19.017+0000] {logging_mixin.py:190} INFO - [2026-06-29T18:12:19.016+0000] {dag.py:4180} INFO - Setting next_dagrun for urban_data_streaming_demo to None, run_after=None
[2026-06-29T18:12:19.047+0000] {processor.py:208} INFO - Processing /opt/airflow/dags/urban_data_streaming_dag.py took 0.123 seconds
[2026-06-29T18:12:49.631+0000] {processor.py:186} INFO - Started process (PID=12982) to work on /opt/airflow/dags/urban_data_streaming_dag.py
[2026-06-29T18:12:49.633+0000] {processor.py:914} INFO - Processing file /opt/airflow/dags/urban_data_streaming_dag.py for tasks to queue
[2026-06-29T18:12:49.636+0000] {logging_mixin.py:190} INFO - [2026-06-29T18:12:49.635+0000] {dagbag.py:588} INFO - Filling up the DagBag from /opt/airflow/dags/urban_data_streaming_dag.py
[2026-06-29T18:12:49.661+0000] {processor.py:925} INFO - DAG(s) 'urban_data_streaming_demo' retrieved from /opt/airflow/dags/urban_data_streaming_dag.py
[2026-06-29T18:12:49.698+0000] {logging_mixin.py:190} INFO - [2026-06-29T18:12:49.698+0000] {dag.py:3239} INFO - Sync 1 DAGs
[2026-06-29T18:12:49.714+0000] {logging_mixin.py:190} INFO - [2026-06-29T18:12:49.713+0000] {dag.py:4180} INFO - Setting next_dagrun for urban_data_streaming_demo to None, run_after=None
[2026-06-29T18:12:49.753+0000] {processor.py:208} INFO - Processing /opt/airflow/dags/urban_data_streaming_dag.py took 0.129 seconds
[2026-06-29T18:13:20.346+0000] {processor.py:186} INFO - Started process (PID=12993) to work on /opt/airflow/dags/urban_data_streaming_dag.py
[2026-06-29T18:13:20.349+0000] {processor.py:914} INFO - Processing file /opt/airflow/dags/urban_data_streaming_dag.py for tasks to queue
[2026-06-29T18:13:20.356+0000] {logging_mixin.py:190} INFO - [2026-06-29T18:13:20.355+0000] {dagbag.py:588} INFO - Filling up the DagBag from /opt/airflow/dags/urban_data_streaming_dag.py
[2026-06-29T18:13:20.395+0000] {processor.py:925} INFO - DAG(s) 'urban_data_streaming_demo' retrieved from /opt/airflow/dags/urban_data_streaming_dag.py
[2026-06-29T18:13:20.433+0000] {logging_mixin.py:190} INFO - [2026-06-29T18:13:20.433+0000] {dag.py:3239} INFO - Sync 1 DAGs
[2026-06-29T18:13:20.455+0000] {logging_mixin.py:190} INFO - [2026-06-29T18:13:20.454+0000] {dag.py:4180} INFO - Setting next_dagrun for urban_data_streaming_demo to None, run_after=None
[2026-06-29T18:13:20.520+0000] {processor.py:208} INFO - Processing /opt/airflow/dags/urban_data_streaming_dag.py took 0.186 seconds
[2026-06-29T18:13:50.963+0000] {processor.py:186} INFO - Started process (PID=13011) to work on /opt/airflow/dags/urban_data_streaming_dag.py
[2026-06-29T18:13:50.964+0000] {processor.py:914} INFO - Processing file /opt/airflow/dags/urban_data_streaming_dag.py for tasks to queue
[2026-06-29T18:13:50.967+0000] {logging_mixin.py:190} INFO - [2026-06-29T18:13:50.966+0000] {dagbag.py:588} INFO - Filling up the DagBag from /opt/airflow/dags/urban_data_streaming_dag.py
[2026-06-29T18:13:50.998+0000] {processor.py:925} INFO - DAG(s) 'urban_data_streaming_demo' retrieved from /opt/airflow/dags/urban_data_streaming_dag.py
[2026-06-29T18:13:51.034+0000] {logging_mixin.py:190} INFO - [2026-06-29T18:13:51.033+0000] {dag.py:3239} INFO - Sync 1 DAGs
[2026-06-29T18:13:51.055+0000] {logging_mixin.py:190} INFO - [2026-06-29T18:13:51.054+0000] {dag.py:4180} INFO - Setting next_dagrun for urban_data_streaming_demo to None, run_after=None
[2026-06-29T18:13:51.082+0000] {processor.py:208} INFO - Processing /opt/airflow/dags/urban_data_streaming_dag.py took 0.125 seconds
[2026-06-29T18:14:21.660+0000] {processor.py:186} INFO - Started process (PID=13029) to work on /opt/airflow/dags/urban_data_streaming_dag.py
[2026-06-29T18:14:21.663+0000] {processor.py:914} INFO - Processing file /opt/airflow/dags/urban_data_streaming_dag.py for tasks to queue
[2026-06-29T18:14:21.668+0000] {logging_mixin.py:190} INFO - [2026-06-29T18:14:21.667+0000] {dagbag.py:588} INFO - Filling up the DagBag from /opt/airflow/dags/urban_data_streaming_dag.py
[2026-06-29T18:14:21.696+0000] {processor.py:925} INFO - DAG(s) 'urban_data_streaming_demo' retrieved from /opt/airflow/dags/urban_data_streaming_dag.py
[2026-06-29T18:14:21.737+0000] {logging_mixin.py:190} INFO - [2026-06-29T18:14:21.736+0000] {dag.py:3239} INFO - Sync 1 DAGs
[2026-06-29T18:14:21.760+0000] {logging_mixin.py:190} INFO - [2026-06-29T18:14:21.759+0000] {dag.py:4180} INFO - Setting next_dagrun for urban_data_streaming_demo to None, run_after=None
[2026-06-29T18:14:21.797+0000] {processor.py:208} INFO - Processing /opt/airflow/dags/urban_data_streaming_dag.py took 0.144 seconds
[2026-06-29T18:14:52.756+0000] {processor.py:186} INFO - Started process (PID=13047) to work on /opt/airflow/dags/urban_data_streaming_dag.py
[2026-06-29T18:14:52.758+0000] {processor.py:914} INFO - Processing file /opt/airflow/dags/urban_data_streaming_dag.py for tasks to queue
[2026-06-29T18:14:52.763+0000] {logging_mixin.py:190} INFO - [2026-06-29T18:14:52.762+0000] {dagbag.py:588} INFO - Filling up the DagBag from /opt/airflow/dags/urban_data_streaming_dag.py
[2026-06-29T18:14:52.828+0000] {processor.py:925} INFO - DAG(s) 'urban_data_streaming_demo' retrieved from /opt/airflow/dags/urban_data_streaming_dag.py
[2026-06-29T18:14:52.863+0000] {logging_mixin.py:190} INFO - [2026-06-29T18:14:52.863+0000] {dag.py:3239} INFO - Sync 1 DAGs
[2026-06-29T18:14:52.877+0000] {logging_mixin.py:190} INFO - [2026-06-29T18:14:52.877+0000] {dag.py:4180} INFO - Setting next_dagrun for urban_data_streaming_demo to None, run_after=None
[2026-06-29T18:14:52.906+0000] {processor.py:208} INFO - Processing /opt/airflow/dags/urban_data_streaming_dag.py took 0.159 seconds
[2026-06-29T18:15:23.538+0000] {processor.py:186} INFO - Started process (PID=13065) to work on /opt/airflow/dags/urban_data_streaming_dag.py
[2026-06-29T18:15:23.540+0000] {processor.py:914} INFO - Processing file /opt/airflow/dags/urban_data_streaming_dag.py for tasks to queue
[2026-06-29T18:15:23.543+0000] {logging_mixin.py:190} INFO - [2026-06-29T18:15:23.543+0000] {dagbag.py:588} INFO - Filling up the DagBag from /opt/airflow/dags/urban_data_streaming_dag.py
[2026-06-29T18:15:23.587+0000] {processor.py:925} INFO - DAG(s) 'urban_data_streaming_demo' retrieved from /opt/airflow/dags/urban_data_streaming_dag.py
[2026-06-29T18:15:23.625+0000] {logging_mixin.py:190} INFO - [2026-06-29T18:15:23.625+0000] {dag.py:3239} INFO - Sync 1 DAGs
[2026-06-29T18:15:23.641+0000] {logging_mixin.py:190} INFO - [2026-06-29T18:15:23.641+0000] {dag.py:4180} INFO - Setting next_dagrun for urban_data_streaming_demo to None, run_after=None
[2026-06-29T18:15:23.689+0000] {processor.py:208} INFO - Processing /opt/airflow/dags/urban_data_streaming_dag.py took 0.163 seconds
[2026-06-29T18:15:53.986+0000] {processor.py:186} INFO - Started process (PID=13083) to work on /opt/airflow/dags/urban_data_streaming_dag.py
[2026-06-29T18:15:53.988+0000] {processor.py:914} INFO - Processing file /opt/airflow/dags/urban_data_streaming_dag.py for tasks to queue
[2026-06-29T18:15:53.999+0000] {logging_mixin.py:190} INFO - [2026-06-29T18:15:53.998+0000] {dagbag.py:588} INFO - Filling up the DagBag from /opt/airflow/dags/urban_data_streaming_dag.py
[2026-06-29T18:15:54.076+0000] {processor.py:925} INFO - DAG(s) 'urban_data_streaming_demo' retrieved from /opt/airflow/dags/urban_data_streaming_dag.py
[2026-06-29T18:15:54.123+0000] {logging_mixin.py:190} INFO - [2026-06-29T18:15:54.122+0000] {dag.py:3239} INFO - Sync 1 DAGs
[2026-06-29T18:15:54.146+0000] {logging_mixin.py:190} INFO - [2026-06-29T18:15:54.146+0000] {dag.py:4180} INFO - Setting next_dagrun for urban_data_streaming_demo to None, run_after=None
[2026-06-29T18:15:54.188+0000] {processor.py:208} INFO - Processing /opt/airflow/dags/urban_data_streaming_dag.py took 0.209 seconds
[2026-06-29T18:16:24.600+0000] {processor.py:186} INFO - Started process (PID=13101) to work on /opt/airflow/dags/urban_data_streaming_dag.py
[2026-06-29T18:16:24.602+0000] {processor.py:914} INFO - Processing file /opt/airflow/dags/urban_data_streaming_dag.py for tasks to queue
[2026-06-29T18:16:24.606+0000] {logging_mixin.py:190} INFO - [2026-06-29T18:16:24.605+0000] {dagbag.py:588} INFO - Filling up the DagBag from /opt/airflow/dags/urban_data_streaming_dag.py
[2026-06-29T18:16:24.649+0000] {processor.py:925} INFO - DAG(s) 'urban_data_streaming_demo' retrieved from /opt/airflow/dags/urban_data_streaming_dag.py
[2026-06-29T18:16:24.726+0000] {logging_mixin.py:190} INFO - [2026-06-29T18:16:24.725+0000] {dag.py:3239} INFO - Sync 1 DAGs
[2026-06-29T18:16:24.793+0000] {logging_mixin.py:190} INFO - [2026-06-29T18:16:24.792+0000] {dag.py:4180} INFO - Setting next_dagrun for urban_data_streaming_demo to None, run_after=None
[2026-06-29T18:16:24.872+0000] {processor.py:208} INFO - Processing /opt/airflow/dags/urban_data_streaming_dag.py took 0.279 seconds
[2026-06-29T18:16:55.018+0000] {processor.py:186} INFO - Started process (PID=13118) to work on /opt/airflow/dags/urban_data_streaming_dag.py
[2026-06-29T18:16:55.021+0000] {processor.py:914} INFO - Processing file /opt/airflow/dags/urban_data_streaming_dag.py for tasks to queue
[2026-06-29T18:16:55.026+0000] {logging_mixin.py:190} INFO - [2026-06-29T18:16:55.026+0000] {dagbag.py:588} INFO - Filling up the DagBag from /opt/airflow/dags/urban_data_streaming_dag.py
[2026-06-29T18:16:55.058+0000] {processor.py:925} INFO - DAG(s) 'urban_data_streaming_demo' retrieved from /opt/airflow/dags/urban_data_streaming_dag.py
[2026-06-29T18:16:55.102+0000] {logging_mixin.py:190} INFO - [2026-06-29T18:16:55.102+0000] {dag.py:3239} INFO - Sync 1 DAGs
[2026-06-29T18:16:55.122+0000] {logging_mixin.py:190} INFO - [2026-06-29T18:16:55.121+0000] {dag.py:4180} INFO - Setting next_dagrun for urban_data_streaming_demo to None, run_after=None
[2026-06-29T18:16:55.154+0000] {processor.py:208} INFO - Processing /opt/airflow/dags/urban_data_streaming_dag.py took 0.144 seconds
[2026-06-29T18:17:25.856+0000] {processor.py:186} INFO - Started process (PID=13129) to work on /opt/airflow/dags/urban_data_streaming_dag.py
[2026-06-29T18:17:25.857+0000] {processor.py:914} INFO - Processing file /opt/airflow/dags/urban_data_streaming_dag.py for tasks to queue
[2026-06-29T18:17:25.862+0000] {logging_mixin.py:190} INFO - [2026-06-29T18:17:25.861+0000] {dagbag.py:588} INFO - Filling up the DagBag from /opt/airflow/dags/urban_data_streaming_dag.py
[2026-06-29T18:17:25.909+0000] {processor.py:925} INFO - DAG(s) 'urban_data_streaming_demo' retrieved from /opt/airflow/dags/urban_data_streaming_dag.py
[2026-06-29T18:17:25.945+0000] {logging_mixin.py:190} INFO - [2026-06-29T18:17:25.945+0000] {dag.py:3239} INFO - Sync 1 DAGs
[2026-06-29T18:17:25.961+0000] {logging_mixin.py:190} INFO - [2026-06-29T18:17:25.961+0000] {dag.py:4180} INFO - Setting next_dagrun for urban_data_streaming_demo to None, run_after=None
[2026-06-29T18:17:25.989+0000] {processor.py:208} INFO - Processing /opt/airflow/dags/urban_data_streaming_dag.py took 0.139 seconds
[2026-06-29T18:17:56.801+0000] {processor.py:186} INFO - Started process (PID=13147) to work on /opt/airflow/dags/urban_data_streaming_dag.py
[2026-06-29T18:17:56.804+0000] {processor.py:914} INFO - Processing file /opt/airflow/dags/urban_data_streaming_dag.py for tasks to queue
[2026-06-29T18:17:56.809+0000] {logging_mixin.py:190} INFO - [2026-06-29T18:17:56.808+0000] {dagbag.py:588} INFO - Filling up the DagBag from /opt/airflow/dags/urban_data_streaming_dag.py
[2026-06-29T18:17:56.859+0000] {processor.py:925} INFO - DAG(s) 'urban_data_streaming_demo' retrieved from /opt/airflow/dags/urban_data_streaming_dag.py
[2026-06-29T18:17:56.895+0000] {logging_mixin.py:190} INFO - [2026-06-29T18:17:56.895+0000] {dag.py:3239} INFO - Sync 1 DAGs
[2026-06-29T18:17:56.911+0000] {logging_mixin.py:190} INFO - [2026-06-29T18:17:56.910+0000] {dag.py:4180} INFO - Setting next_dagrun for urban_data_streaming_demo to None, run_after=None
[2026-06-29T18:17:56.938+0000] {processor.py:208} INFO - Processing /opt/airflow/dags/urban_data_streaming_dag.py took 0.155 seconds
[2026-06-29T18:18:27.164+0000] {processor.py:186} INFO - Started process (PID=13165) to work on /opt/airflow/dags/urban_data_streaming_dag.py
[2026-06-29T18:18:27.165+0000] {processor.py:914} INFO - Processing file /opt/airflow/dags/urban_data_streaming_dag.py for tasks to queue
[2026-06-29T18:18:27.181+0000] {logging_mixin.py:190} INFO - [2026-06-29T18:18:27.178+0000] {dagbag.py:588} INFO - Filling up the DagBag from /opt/airflow/dags/urban_data_streaming_dag.py
[2026-06-29T18:18:27.229+0000] {processor.py:925} INFO - DAG(s) 'urban_data_streaming_demo' retrieved from /opt/airflow/dags/urban_data_streaming_dag.py
[2026-06-29T18:18:27.270+0000] {logging_mixin.py:190} INFO - [2026-06-29T18:18:27.270+0000] {dag.py:3239} INFO - Sync 1 DAGs
[2026-06-29T18:18:27.292+0000] {logging_mixin.py:190} INFO - [2026-06-29T18:18:27.292+0000] {dag.py:4180} INFO - Setting next_dagrun for urban_data_streaming_demo to None, run_after=None
[2026-06-29T18:18:27.329+0000] {processor.py:208} INFO - Processing /opt/airflow/dags/urban_data_streaming_dag.py took 0.193 seconds
[2026-06-29T18:18:57.911+0000] {processor.py:186} INFO - Started process (PID=13183) to work on /opt/airflow/dags/urban_data_streaming_dag.py
[2026-06-29T18:18:57.912+0000] {processor.py:914} INFO - Processing file /opt/airflow/dags/urban_data_streaming_dag.py for tasks to queue
[2026-06-29T18:18:57.916+0000] {logging_mixin.py:190} INFO - [2026-06-29T18:18:57.915+0000] {dagbag.py:588} INFO - Filling up the DagBag from /opt/airflow/dags/urban_data_streaming_dag.py
[2026-06-29T18:18:57.945+0000] {processor.py:925} INFO - DAG(s) 'urban_data_streaming_demo' retrieved from /opt/airflow/dags/urban_data_streaming_dag.py
[2026-06-29T18:18:57.978+0000] {logging_mixin.py:190} INFO - [2026-06-29T18:18:57.978+0000] {dag.py:3239} INFO - Sync 1 DAGs
[2026-06-29T18:18:57.993+0000] {logging_mixin.py:190} INFO - [2026-06-29T18:18:57.993+0000] {dag.py:4180} INFO - Setting next_dagrun for urban_data_streaming_demo to None, run_after=None
[2026-06-29T18:18:58.027+0000] {processor.py:208} INFO - Processing /opt/airflow/dags/urban_data_streaming_dag.py took 0.124 seconds
[2026-06-29T18:19:28.689+0000] {processor.py:186} INFO - Started process (PID=13201) to work on /opt/airflow/dags/urban_data_streaming_dag.py
[2026-06-29T18:19:28.690+0000] {processor.py:914} INFO - Processing file /opt/airflow/dags/urban_data_streaming_dag.py for tasks to queue
[2026-06-29T18:19:28.694+0000] {logging_mixin.py:190} INFO - [2026-06-29T18:19:28.693+0000] {dagbag.py:588} INFO - Filling up the DagBag from /opt/airflow/dags/urban_data_streaming_dag.py
[2026-06-29T18:19:28.725+0000] {processor.py:925} INFO - DAG(s) 'urban_data_streaming_demo' retrieved from /opt/airflow/dags/urban_data_streaming_dag.py
[2026-06-29T18:19:28.770+0000] {logging_mixin.py:190} INFO - [2026-06-29T18:19:28.770+0000] {dag.py:3239} INFO - Sync 1 DAGs
[2026-06-29T18:19:28.790+0000] {logging_mixin.py:190} INFO - [2026-06-29T18:19:28.790+0000] {dag.py:4180} INFO - Setting next_dagrun for urban_data_streaming_demo to None, run_after=None
[2026-06-29T18:19:28.818+0000] {processor.py:208} INFO - Processing /opt/airflow/dags/urban_data_streaming_dag.py took 0.140 seconds
[2026-06-29T18:19:59.739+0000] {processor.py:186} INFO - Started process (PID=13219) to work on /opt/airflow/dags/urban_data_streaming_dag.py
[2026-06-29T18:19:59.741+0000] {processor.py:914} INFO - Processing file /opt/airflow/dags/urban_data_streaming_dag.py for tasks to queue
[2026-06-29T18:19:59.743+0000] {logging_mixin.py:190} INFO - [2026-06-29T18:19:59.743+0000] {dagbag.py:588} INFO - Filling up the DagBag from /opt/airflow/dags/urban_data_streaming_dag.py
[2026-06-29T18:19:59.783+0000] {processor.py:925} INFO - DAG(s) 'urban_data_streaming_demo' retrieved from /opt/airflow/dags/urban_data_streaming_dag.py
[2026-06-29T18:19:59.815+0000] {logging_mixin.py:190} INFO - [2026-06-29T18:19:59.815+0000] {dag.py:3239} INFO - Sync 1 DAGs
[2026-06-29T18:19:59.831+0000] {logging_mixin.py:190} INFO - [2026-06-29T18:19:59.830+0000] {dag.py:4180} INFO - Setting next_dagrun for urban_data_streaming_demo to None, run_after=None
[2026-06-29T18:19:59.853+0000] {processor.py:208} INFO - Processing /opt/airflow/dags/urban_data_streaming_dag.py took 0.120 seconds
[2026-06-29T18:20:30.101+0000] {processor.py:186} INFO - Started process (PID=13238) to work on /opt/airflow/dags/urban_data_streaming_dag.py
[2026-06-29T18:20:30.103+0000] {processor.py:914} INFO - Processing file /opt/airflow/dags/urban_data_streaming_dag.py for tasks to queue
[2026-06-29T18:20:30.107+0000] {logging_mixin.py:190} INFO - [2026-06-29T18:20:30.107+0000] {dagbag.py:588} INFO - Filling up the DagBag from /opt/airflow/dags/urban_data_streaming_dag.py
[2026-06-29T18:20:30.133+0000] {processor.py:925} INFO - DAG(s) 'urban_data_streaming_demo' retrieved from /opt/airflow/dags/urban_data_streaming_dag.py
[2026-06-29T18:20:30.164+0000] {logging_mixin.py:190} INFO - [2026-06-29T18:20:30.164+0000] {dag.py:3239} INFO - Sync 1 DAGs
[2026-06-29T18:20:30.181+0000] {logging_mixin.py:190} INFO - [2026-06-29T18:20:30.180+0000] {dag.py:4180} INFO - Setting next_dagrun for urban_data_streaming_demo to None, run_after=None
[2026-06-29T18:20:30.207+0000] {processor.py:208} INFO - Processing /opt/airflow/dags/urban_data_streaming_dag.py took 0.115 seconds
[2026-06-29T18:21:01.386+0000] {processor.py:186} INFO - Started process (PID=13256) to work on /opt/airflow/dags/urban_data_streaming_dag.py
[2026-06-29T18:21:01.392+0000] {processor.py:914} INFO - Processing file /opt/airflow/dags/urban_data_streaming_dag.py for tasks to queue
[2026-06-29T18:21:01.399+0000] {logging_mixin.py:190} INFO - [2026-06-29T18:21:01.399+0000] {dagbag.py:588} INFO - Filling up the DagBag from /opt/airflow/dags/urban_data_streaming_dag.py
[2026-06-29T18:21:01.442+0000] {processor.py:925} INFO - DAG(s) 'urban_data_streaming_demo' retrieved from /opt/airflow/dags/urban_data_streaming_dag.py
[2026-06-29T18:21:01.471+0000] {logging_mixin.py:190} INFO - [2026-06-29T18:21:01.470+0000] {dag.py:3239} INFO - Sync 1 DAGs
[2026-06-29T18:21:01.489+0000] {logging_mixin.py:190} INFO - [2026-06-29T18:21:01.489+0000] {dag.py:4180} INFO - Setting next_dagrun for urban_data_streaming_demo to None, run_after=None
[2026-06-29T18:21:01.564+0000] {processor.py:208} INFO - Processing /opt/airflow/dags/urban_data_streaming_dag.py took 0.216 seconds
[2026-06-29T18:21:32.075+0000] {processor.py:186} INFO - Started process (PID=13274) to work on /opt/airflow/dags/urban_data_streaming_dag.py
[2026-06-29T18:21:32.078+0000] {processor.py:914} INFO - Processing file /opt/airflow/dags/urban_data_streaming_dag.py for tasks to queue
[2026-06-29T18:21:32.083+0000] {logging_mixin.py:190} INFO - [2026-06-29T18:21:32.082+0000] {dagbag.py:588} INFO - Filling up the DagBag from /opt/airflow/dags/urban_data_streaming_dag.py
[2026-06-29T18:21:32.140+0000] {processor.py:925} INFO - DAG(s) 'urban_data_streaming_demo' retrieved from /opt/airflow/dags/urban_data_streaming_dag.py
[2026-06-29T18:21:32.261+0000] {logging_mixin.py:190} INFO - [2026-06-29T18:21:32.261+0000] {dag.py:3239} INFO - Sync 1 DAGs
[2026-06-29T18:21:32.275+0000] {logging_mixin.py:190} INFO - [2026-06-29T18:21:32.275+0000] {dag.py:4180} INFO - Setting next_dagrun for urban_data_streaming_demo to None, run_after=None
[2026-06-29T18:21:32.324+0000] {processor.py:208} INFO - Processing /opt/airflow/dags/urban_data_streaming_dag.py took 0.257 seconds
[2026-06-29T18:22:02.473+0000] {processor.py:186} INFO - Started process (PID=13290) to work on /opt/airflow/dags/urban_data_streaming_dag.py
[2026-06-29T18:22:02.474+0000] {processor.py:914} INFO - Processing file /opt/airflow/dags/urban_data_streaming_dag.py for tasks to queue
[2026-06-29T18:22:02.479+0000] {logging_mixin.py:190} INFO - [2026-06-29T18:22:02.478+0000] {dagbag.py:588} INFO - Filling up the DagBag from /opt/airflow/dags/urban_data_streaming_dag.py
[2026-06-29T18:22:02.509+0000] {processor.py:925} INFO - DAG(s) 'urban_data_streaming_demo' retrieved from /opt/airflow/dags/urban_data_streaming_dag.py
[2026-06-29T18:22:02.544+0000] {logging_mixin.py:190} INFO - [2026-06-29T18:22:02.544+0000] {dag.py:3239} INFO - Sync 1 DAGs
[2026-06-29T18:22:02.561+0000] {logging_mixin.py:190} INFO - [2026-06-29T18:22:02.560+0000] {dag.py:4180} INFO - Setting next_dagrun for urban_data_streaming_demo to None, run_after=None
[2026-06-29T18:22:02.587+0000] {processor.py:208} INFO - Processing /opt/airflow/dags/urban_data_streaming_dag.py took 0.121 seconds
[2026-06-29T18:22:33.275+0000] {processor.py:186} INFO - Started process (PID=13301) to work on /opt/airflow/dags/urban_data_streaming_dag.py
[2026-06-29T18:22:33.280+0000] {processor.py:914} INFO - Processing file /opt/airflow/dags/urban_data_streaming_dag.py for tasks to queue
[2026-06-29T18:22:33.300+0000] {logging_mixin.py:190} INFO - [2026-06-29T18:22:33.298+0000] {dagbag.py:588} INFO - Filling up the DagBag from /opt/airflow/dags/urban_data_streaming_dag.py
[2026-06-29T18:22:33.375+0000] {processor.py:925} INFO - DAG(s) 'urban_data_streaming_demo' retrieved from /opt/airflow/dags/urban_data_streaming_dag.py
[2026-06-29T18:22:33.433+0000] {logging_mixin.py:190} INFO - [2026-06-29T18:22:33.433+0000] {dag.py:3239} INFO - Sync 1 DAGs
[2026-06-29T18:22:33.454+0000] {logging_mixin.py:190} INFO - [2026-06-29T18:22:33.454+0000] {dag.py:4180} INFO - Setting next_dagrun for urban_data_streaming_demo to None, run_after=None
[2026-06-29T18:22:33.493+0000] {processor.py:208} INFO - Processing /opt/airflow/dags/urban_data_streaming_dag.py took 0.235 seconds
[2026-06-29T18:23:04.070+0000] {processor.py:186} INFO - Started process (PID=13319) to work on /opt/airflow/dags/urban_data_streaming_dag.py
[2026-06-29T18:23:04.072+0000] {processor.py:914} INFO - Processing file /opt/airflow/dags/urban_data_streaming_dag.py for tasks to queue
[2026-06-29T18:23:04.075+0000] {logging_mixin.py:190} INFO - [2026-06-29T18:23:04.075+0000] {dagbag.py:588} INFO - Filling up the DagBag from /opt/airflow/dags/urban_data_streaming_dag.py
[2026-06-29T18:23:04.122+0000] {processor.py:925} INFO - DAG(s) 'urban_data_streaming_demo' retrieved from /opt/airflow/dags/urban_data_streaming_dag.py
[2026-06-29T18:23:04.171+0000] {logging_mixin.py:190} INFO - [2026-06-29T18:23:04.171+0000] {dag.py:3239} INFO - Sync 1 DAGs
[2026-06-29T18:23:04.188+0000] {logging_mixin.py:190} INFO - [2026-06-29T18:23:04.187+0000] {dag.py:4180} INFO - Setting next_dagrun for urban_data_streaming_demo to None, run_after=None
[2026-06-29T18:23:04.213+0000] {processor.py:208} INFO - Processing /opt/airflow/dags/urban_data_streaming_dag.py took 0.151 seconds
[2026-06-29T18:23:34.294+0000] {processor.py:186} INFO - Started process (PID=13337) to work on /opt/airflow/dags/urban_data_streaming_dag.py
[2026-06-29T18:23:34.296+0000] {processor.py:914} INFO - Processing file /opt/airflow/dags/urban_data_streaming_dag.py for tasks to queue
[2026-06-29T18:23:34.300+0000] {logging_mixin.py:190} INFO - [2026-06-29T18:23:34.299+0000] {dagbag.py:588} INFO - Filling up the DagBag from /opt/airflow/dags/urban_data_streaming_dag.py
[2026-06-29T18:23:34.371+0000] {processor.py:925} INFO - DAG(s) 'urban_data_streaming_demo' retrieved from /opt/airflow/dags/urban_data_streaming_dag.py
[2026-06-29T18:23:34.421+0000] {logging_mixin.py:190} INFO - [2026-06-29T18:23:34.420+0000] {dag.py:3239} INFO - Sync 1 DAGs
[2026-06-29T18:23:34.440+0000] {logging_mixin.py:190} INFO - [2026-06-29T18:23:34.440+0000] {dag.py:4180} INFO - Setting next_dagrun for urban_data_streaming_demo to None, run_after=None
[2026-06-29T18:23:34.471+0000] {processor.py:208} INFO - Processing /opt/airflow/dags/urban_data_streaming_dag.py took 0.187 seconds
[2026-06-29T18:24:04.775+0000] {processor.py:186} INFO - Started process (PID=13355) to work on /opt/airflow/dags/urban_data_streaming_dag.py
[2026-06-29T18:24:04.783+0000] {processor.py:914} INFO - Processing file /opt/airflow/dags/urban_data_streaming_dag.py for tasks to queue
[2026-06-29T18:24:04.797+0000] {logging_mixin.py:190} INFO - [2026-06-29T18:24:04.796+0000] {dagbag.py:588} INFO - Filling up the DagBag from /opt/airflow/dags/urban_data_streaming_dag.py
[2026-06-29T18:24:04.872+0000] {processor.py:925} INFO - DAG(s) 'urban_data_streaming_demo' retrieved from /opt/airflow/dags/urban_data_streaming_dag.py
[2026-06-29T18:24:04.919+0000] {logging_mixin.py:190} INFO - [2026-06-29T18:24:04.918+0000] {dag.py:3239} INFO - Sync 1 DAGs
[2026-06-29T18:24:04.934+0000] {logging_mixin.py:190} INFO - [2026-06-29T18:24:04.933+0000] {dag.py:4180} INFO - Setting next_dagrun for urban_data_streaming_demo to None, run_after=None
[2026-06-29T18:24:04.974+0000] {processor.py:208} INFO - Processing /opt/airflow/dags/urban_data_streaming_dag.py took 0.229 seconds
[2026-06-29T18:24:35.435+0000] {processor.py:186} INFO - Started process (PID=13373) to work on /opt/airflow/dags/urban_data_streaming_dag.py
[2026-06-29T18:24:35.439+0000] {processor.py:914} INFO - Processing file /opt/airflow/dags/urban_data_streaming_dag.py for tasks to queue
[2026-06-29T18:24:35.447+0000] {logging_mixin.py:190} INFO - [2026-06-29T18:24:35.447+0000] {dagbag.py:588} INFO - Filling up the DagBag from /opt/airflow/dags/urban_data_streaming_dag.py
[2026-06-29T18:24:35.479+0000] {processor.py:925} INFO - DAG(s) 'urban_data_streaming_demo' retrieved from /opt/airflow/dags/urban_data_streaming_dag.py
[2026-06-29T18:24:35.522+0000] {logging_mixin.py:190} INFO - [2026-06-29T18:24:35.522+0000] {dag.py:3239} INFO - Sync 1 DAGs
[2026-06-29T18:24:35.537+0000] {logging_mixin.py:190} INFO - [2026-06-29T18:24:35.536+0000] {dag.py:4180} INFO - Setting next_dagrun for urban_data_streaming_demo to None, run_after=None
[2026-06-29T18:24:35.567+0000] {processor.py:208} INFO - Processing /opt/airflow/dags/urban_data_streaming_dag.py took 0.143 seconds
[2026-06-29T18:25:06.236+0000] {processor.py:186} INFO - Started process (PID=13391) to work on /opt/airflow/dags/urban_data_streaming_dag.py
[2026-06-29T18:25:06.237+0000] {processor.py:914} INFO - Processing file /opt/airflow/dags/urban_data_streaming_dag.py for tasks to queue
[2026-06-29T18:25:06.242+0000] {logging_mixin.py:190} INFO - [2026-06-29T18:25:06.241+0000] {dagbag.py:588} INFO - Filling up the DagBag from /opt/airflow/dags/urban_data_streaming_dag.py
[2026-06-29T18:25:06.267+0000] {processor.py:925} INFO - DAG(s) 'urban_data_streaming_demo' retrieved from /opt/airflow/dags/urban_data_streaming_dag.py
[2026-06-29T18:25:06.309+0000] {logging_mixin.py:190} INFO - [2026-06-29T18:25:06.309+0000] {dag.py:3239} INFO - Sync 1 DAGs
[2026-06-29T18:25:06.328+0000] {logging_mixin.py:190} INFO - [2026-06-29T18:25:06.328+0000] {dag.py:4180} INFO - Setting next_dagrun for urban_data_streaming_demo to None, run_after=None
[2026-06-29T18:25:06.360+0000] {processor.py:208} INFO - Processing /opt/airflow/dags/urban_data_streaming_dag.py took 0.132 seconds
[2026-06-29T18:25:36.579+0000] {processor.py:186} INFO - Started process (PID=13409) to work on /opt/airflow/dags/urban_data_streaming_dag.py
[2026-06-29T18:25:36.581+0000] {processor.py:914} INFO - Processing file /opt/airflow/dags/urban_data_streaming_dag.py for tasks to queue
[2026-06-29T18:25:36.592+0000] {logging_mixin.py:190} INFO - [2026-06-29T18:25:36.589+0000] {dagbag.py:588} INFO - Filling up the DagBag from /opt/airflow/dags/urban_data_streaming_dag.py
[2026-06-29T18:25:36.644+0000] {processor.py:925} INFO - DAG(s) 'urban_data_streaming_demo' retrieved from /opt/airflow/dags/urban_data_streaming_dag.py
[2026-06-29T18:25:36.705+0000] {logging_mixin.py:190} INFO - [2026-06-29T18:25:36.704+0000] {dag.py:3239} INFO - Sync 1 DAGs
[2026-06-29T18:25:36.725+0000] {logging_mixin.py:190} INFO - [2026-06-29T18:25:36.725+0000] {dag.py:4180} INFO - Setting next_dagrun for urban_data_streaming_demo to None, run_after=None
[2026-06-29T18:25:36.765+0000] {processor.py:208} INFO - Processing /opt/airflow/dags/urban_data_streaming_dag.py took 0.197 seconds
[2026-06-29T18:26:06.885+0000] {processor.py:186} INFO - Started process (PID=13427) to work on /opt/airflow/dags/urban_data_streaming_dag.py
[2026-06-29T18:26:06.887+0000] {processor.py:914} INFO - Processing file /opt/airflow/dags/urban_data_streaming_dag.py for tasks to queue
[2026-06-29T18:26:06.890+0000] {logging_mixin.py:190} INFO - [2026-06-29T18:26:06.890+0000] {dagbag.py:588} INFO - Filling up the DagBag from /opt/airflow/dags/urban_data_streaming_dag.py
[2026-06-29T18:26:06.918+0000] {processor.py:925} INFO - DAG(s) 'urban_data_streaming_demo' retrieved from /opt/airflow/dags/urban_data_streaming_dag.py
[2026-06-29T18:26:06.954+0000] {logging_mixin.py:190} INFO - [2026-06-29T18:26:06.954+0000] {dag.py:3239} INFO - Sync 1 DAGs
[2026-06-29T18:26:06.972+0000] {logging_mixin.py:190} INFO - [2026-06-29T18:26:06.971+0000] {dag.py:4180} INFO - Setting next_dagrun for urban_data_streaming_demo to None, run_after=None
[2026-06-29T18:26:06.999+0000] {processor.py:208} INFO - Processing /opt/airflow/dags/urban_data_streaming_dag.py took 0.120 seconds
[2026-06-29T18:26:37.132+0000] {processor.py:186} INFO - Started process (PID=13444) to work on /opt/airflow/dags/urban_data_streaming_dag.py
[2026-06-29T18:26:37.133+0000] {processor.py:914} INFO - Processing file /opt/airflow/dags/urban_data_streaming_dag.py for tasks to queue
[2026-06-29T18:26:37.136+0000] {logging_mixin.py:190} INFO - [2026-06-29T18:26:37.136+0000] {dagbag.py:588} INFO - Filling up the DagBag from /opt/airflow/dags/urban_data_streaming_dag.py
[2026-06-29T18:26:37.173+0000] {processor.py:925} INFO - DAG(s) 'urban_data_streaming_demo' retrieved from /opt/airflow/dags/urban_data_streaming_dag.py
[2026-06-29T18:26:37.206+0000] {logging_mixin.py:190} INFO - [2026-06-29T18:26:37.206+0000] {dag.py:3239} INFO - Sync 1 DAGs
[2026-06-29T18:26:37.229+0000] {logging_mixin.py:190} INFO - [2026-06-29T18:26:37.229+0000] {dag.py:4180} INFO - Setting next_dagrun for urban_data_streaming_demo to None, run_after=None
[2026-06-29T18:26:37.256+0000] {processor.py:208} INFO - Processing /opt/airflow/dags/urban_data_streaming_dag.py took 0.130 seconds
[2026-06-29T18:27:07.738+0000] {processor.py:186} INFO - Started process (PID=13455) to work on /opt/airflow/dags/urban_data_streaming_dag.py
[2026-06-29T18:27:07.739+0000] {processor.py:914} INFO - Processing file /opt/airflow/dags/urban_data_streaming_dag.py for tasks to queue
[2026-06-29T18:27:07.742+0000] {logging_mixin.py:190} INFO - [2026-06-29T18:27:07.742+0000] {dagbag.py:588} INFO - Filling up the DagBag from /opt/airflow/dags/urban_data_streaming_dag.py
[2026-06-29T18:27:07.786+0000] {processor.py:925} INFO - DAG(s) 'urban_data_streaming_demo' retrieved from /opt/airflow/dags/urban_data_streaming_dag.py
[2026-06-29T18:27:07.842+0000] {logging_mixin.py:190} INFO - [2026-06-29T18:27:07.841+0000] {dag.py:3239} INFO - Sync 1 DAGs
[2026-06-29T18:27:07.856+0000] {logging_mixin.py:190} INFO - [2026-06-29T18:27:07.855+0000] {dag.py:4180} INFO - Setting next_dagrun for urban_data_streaming_demo to None, run_after=None
[2026-06-29T18:27:07.881+0000] {processor.py:208} INFO - Processing /opt/airflow/dags/urban_data_streaming_dag.py took 0.149 seconds
[2026-06-29T18:27:38.468+0000] {processor.py:186} INFO - Started process (PID=13473) to work on /opt/airflow/dags/urban_data_streaming_dag.py
[2026-06-29T18:27:38.471+0000] {processor.py:914} INFO - Processing file /opt/airflow/dags/urban_data_streaming_dag.py for tasks to queue
[2026-06-29T18:27:38.475+0000] {logging_mixin.py:190} INFO - [2026-06-29T18:27:38.474+0000] {dagbag.py:588} INFO - Filling up the DagBag from /opt/airflow/dags/urban_data_streaming_dag.py
[2026-06-29T18:27:38.516+0000] {processor.py:925} INFO - DAG(s) 'urban_data_streaming_demo' retrieved from /opt/airflow/dags/urban_data_streaming_dag.py
[2026-06-29T18:27:38.563+0000] {logging_mixin.py:190} INFO - [2026-06-29T18:27:38.563+0000] {dag.py:3239} INFO - Sync 1 DAGs
[2026-06-29T18:27:38.585+0000] {logging_mixin.py:190} INFO - [2026-06-29T18:27:38.585+0000] {dag.py:4180} INFO - Setting next_dagrun for urban_data_streaming_demo to None, run_after=None
[2026-06-29T18:27:38.621+0000] {processor.py:208} INFO - Processing /opt/airflow/dags/urban_data_streaming_dag.py took 0.163 seconds
[2026-06-29T18:28:08.808+0000] {processor.py:186} INFO - Started process (PID=13491) to work on /opt/airflow/dags/urban_data_streaming_dag.py
[2026-06-29T18:28:08.812+0000] {processor.py:914} INFO - Processing file /opt/airflow/dags/urban_data_streaming_dag.py for tasks to queue
[2026-06-29T18:28:08.817+0000] {logging_mixin.py:190} INFO - [2026-06-29T18:28:08.816+0000] {dagbag.py:588} INFO - Filling up the DagBag from /opt/airflow/dags/urban_data_streaming_dag.py
[2026-06-29T18:28:08.878+0000] {processor.py:925} INFO - DAG(s) 'urban_data_streaming_demo' retrieved from /opt/airflow/dags/urban_data_streaming_dag.py
[2026-06-29T18:28:08.918+0000] {logging_mixin.py:190} INFO - [2026-06-29T18:28:08.918+0000] {dag.py:3239} INFO - Sync 1 DAGs
[2026-06-29T18:28:08.936+0000] {logging_mixin.py:190} INFO - [2026-06-29T18:28:08.936+0000] {dag.py:4180} INFO - Setting next_dagrun for urban_data_streaming_demo to None, run_after=None
[2026-06-29T18:28:08.966+0000] {processor.py:208} INFO - Processing /opt/airflow/dags/urban_data_streaming_dag.py took 0.180 seconds
[2026-06-29T18:28:39.088+0000] {processor.py:186} INFO - Started process (PID=13509) to work on /opt/airflow/dags/urban_data_streaming_dag.py
[2026-06-29T18:28:39.091+0000] {processor.py:914} INFO - Processing file /opt/airflow/dags/urban_data_streaming_dag.py for tasks to queue
[2026-06-29T18:28:39.094+0000] {logging_mixin.py:190} INFO - [2026-06-29T18:28:39.093+0000] {dagbag.py:588} INFO - Filling up the DagBag from /opt/airflow/dags/urban_data_streaming_dag.py
[2026-06-29T18:28:39.133+0000] {processor.py:925} INFO - DAG(s) 'urban_data_streaming_demo' retrieved from /opt/airflow/dags/urban_data_streaming_dag.py
[2026-06-29T18:28:39.162+0000] {logging_mixin.py:190} INFO - [2026-06-29T18:28:39.162+0000] {dag.py:3239} INFO - Sync 1 DAGs
[2026-06-29T18:28:39.181+0000] {logging_mixin.py:190} INFO - [2026-06-29T18:28:39.181+0000] {dag.py:4180} INFO - Setting next_dagrun for urban_data_streaming_demo to None, run_after=None
[2026-06-29T18:28:39.224+0000] {processor.py:208} INFO - Processing /opt/airflow/dags/urban_data_streaming_dag.py took 0.151 seconds
[2026-06-29T18:29:09.632+0000] {processor.py:186} INFO - Started process (PID=13527) to work on /opt/airflow/dags/urban_data_streaming_dag.py
[2026-06-29T18:29:09.635+0000] {processor.py:914} INFO - Processing file /opt/airflow/dags/urban_data_streaming_dag.py for tasks to queue
[2026-06-29T18:29:09.638+0000] {logging_mixin.py:190} INFO - [2026-06-29T18:29:09.638+0000] {dagbag.py:588} INFO - Filling up the DagBag from /opt/airflow/dags/urban_data_streaming_dag.py
[2026-06-29T18:29:09.710+0000] {processor.py:925} INFO - DAG(s) 'urban_data_streaming_demo' retrieved from /opt/airflow/dags/urban_data_streaming_dag.py
[2026-06-29T18:29:09.764+0000] {logging_mixin.py:190} INFO - [2026-06-29T18:29:09.764+0000] {dag.py:3239} INFO - Sync 1 DAGs
[2026-06-29T18:29:09.795+0000] {logging_mixin.py:190} INFO - [2026-06-29T18:29:09.794+0000] {dag.py:4180} INFO - Setting next_dagrun for urban_data_streaming_demo to None, run_after=None
[2026-06-29T18:29:09.844+0000] {processor.py:208} INFO - Processing /opt/airflow/dags/urban_data_streaming_dag.py took 0.238 seconds
[2026-06-29T18:29:40.314+0000] {processor.py:186} INFO - Started process (PID=13545) to work on /opt/airflow/dags/urban_data_streaming_dag.py
[2026-06-29T18:29:40.315+0000] {processor.py:914} INFO - Processing file /opt/airflow/dags/urban_data_streaming_dag.py for tasks to queue
[2026-06-29T18:29:40.320+0000] {logging_mixin.py:190} INFO - [2026-06-29T18:29:40.319+0000] {dagbag.py:588} INFO - Filling up the DagBag from /opt/airflow/dags/urban_data_streaming_dag.py
[2026-06-29T18:29:40.456+0000] {processor.py:925} INFO - DAG(s) 'urban_data_streaming_demo' retrieved from /opt/airflow/dags/urban_data_streaming_dag.py
[2026-06-29T18:29:40.527+0000] {logging_mixin.py:190} INFO - [2026-06-29T18:29:40.527+0000] {dag.py:3239} INFO - Sync 1 DAGs
[2026-06-29T18:29:40.556+0000] {logging_mixin.py:190} INFO - [2026-06-29T18:29:40.555+0000] {dag.py:4180} INFO - Setting next_dagrun for urban_data_streaming_demo to None, run_after=None
[2026-06-29T18:29:40.596+0000] {processor.py:208} INFO - Processing /opt/airflow/dags/urban_data_streaming_dag.py took 0.300 seconds
[2026-06-29T18:30:11.035+0000] {processor.py:186} INFO - Started process (PID=13563) to work on /opt/airflow/dags/urban_data_streaming_dag.py
[2026-06-29T18:30:11.037+0000] {processor.py:914} INFO - Processing file /opt/airflow/dags/urban_data_streaming_dag.py for tasks to queue
[2026-06-29T18:30:11.040+0000] {logging_mixin.py:190} INFO - [2026-06-29T18:30:11.039+0000] {dagbag.py:588} INFO - Filling up the DagBag from /opt/airflow/dags/urban_data_streaming_dag.py
[2026-06-29T18:30:11.091+0000] {processor.py:925} INFO - DAG(s) 'urban_data_streaming_demo' retrieved from /opt/airflow/dags/urban_data_streaming_dag.py
[2026-06-29T18:30:11.144+0000] {logging_mixin.py:190} INFO - [2026-06-29T18:30:11.144+0000] {dag.py:3239} INFO - Sync 1 DAGs
[2026-06-29T18:30:11.161+0000] {logging_mixin.py:190} INFO - [2026-06-29T18:30:11.161+0000] {dag.py:4180} INFO - Setting next_dagrun for urban_data_streaming_demo to None, run_after=None
[2026-06-29T18:30:11.235+0000] {processor.py:208} INFO - Processing /opt/airflow/dags/urban_data_streaming_dag.py took 0.208 seconds
[2026-06-29T18:30:41.521+0000] {processor.py:186} INFO - Started process (PID=13581) to work on /opt/airflow/dags/urban_data_streaming_dag.py
[2026-06-29T18:30:41.522+0000] {processor.py:914} INFO - Processing file /opt/airflow/dags/urban_data_streaming_dag.py for tasks to queue
[2026-06-29T18:30:41.525+0000] {logging_mixin.py:190} INFO - [2026-06-29T18:30:41.525+0000] {dagbag.py:588} INFO - Filling up the DagBag from /opt/airflow/dags/urban_data_streaming_dag.py
[2026-06-29T18:30:41.556+0000] {processor.py:925} INFO - DAG(s) 'urban_data_streaming_demo' retrieved from /opt/airflow/dags/urban_data_streaming_dag.py
[2026-06-29T18:30:41.590+0000] {logging_mixin.py:190} INFO - [2026-06-29T18:30:41.590+0000] {dag.py:3239} INFO - Sync 1 DAGs
[2026-06-29T18:30:41.606+0000] {logging_mixin.py:190} INFO - [2026-06-29T18:30:41.606+0000] {dag.py:4180} INFO - Setting next_dagrun for urban_data_streaming_demo to None, run_after=None
[2026-06-29T18:30:41.630+0000] {processor.py:208} INFO - Processing /opt/airflow/dags/urban_data_streaming_dag.py took 0.115 seconds
[2026-06-29T18:31:12.484+0000] {processor.py:186} INFO - Started process (PID=13592) to work on /opt/airflow/dags/urban_data_streaming_dag.py
[2026-06-29T18:31:12.489+0000] {processor.py:914} INFO - Processing file /opt/airflow/dags/urban_data_streaming_dag.py for tasks to queue
[2026-06-29T18:31:12.504+0000] {logging_mixin.py:190} INFO - [2026-06-29T18:31:12.501+0000] {dagbag.py:588} INFO - Filling up the DagBag from /opt/airflow/dags/urban_data_streaming_dag.py
[2026-06-29T18:31:12.554+0000] {processor.py:925} INFO - DAG(s) 'urban_data_streaming_demo' retrieved from /opt/airflow/dags/urban_data_streaming_dag.py
[2026-06-29T18:31:12.600+0000] {logging_mixin.py:190} INFO - [2026-06-29T18:31:12.600+0000] {dag.py:3239} INFO - Sync 1 DAGs
[2026-06-29T18:31:12.642+0000] {logging_mixin.py:190} INFO - [2026-06-29T18:31:12.641+0000] {dag.py:4180} INFO - Setting next_dagrun for urban_data_streaming_demo to None, run_after=None
[2026-06-29T18:31:12.723+0000] {processor.py:208} INFO - Processing /opt/airflow/dags/urban_data_streaming_dag.py took 0.265 seconds
[2026-06-29T18:31:43.280+0000] {processor.py:186} INFO - Started process (PID=13605) to work on /opt/airflow/dags/urban_data_streaming_dag.py
[2026-06-29T18:31:43.283+0000] {processor.py:914} INFO - Processing file /opt/airflow/dags/urban_data_streaming_dag.py for tasks to queue
[2026-06-29T18:31:43.289+0000] {logging_mixin.py:190} INFO - [2026-06-29T18:31:43.288+0000] {dagbag.py:588} INFO - Filling up the DagBag from /opt/airflow/dags/urban_data_streaming_dag.py
[2026-06-29T18:31:43.331+0000] {processor.py:925} INFO - DAG(s) 'urban_data_streaming_demo' retrieved from /opt/airflow/dags/urban_data_streaming_dag.py
[2026-06-29T18:31:43.368+0000] {logging_mixin.py:190} INFO - [2026-06-29T18:31:43.368+0000] {dag.py:3239} INFO - Sync 1 DAGs
[2026-06-29T18:31:43.384+0000] {logging_mixin.py:190} INFO - [2026-06-29T18:31:43.384+0000] {dag.py:4180} INFO - Setting next_dagrun for urban_data_streaming_demo to None, run_after=None
[2026-06-29T18:31:43.409+0000] {processor.py:208} INFO - Processing /opt/airflow/dags/urban_data_streaming_dag.py took 0.145 seconds
[2026-06-29T18:32:14.017+0000] {processor.py:186} INFO - Started process (PID=13623) to work on /opt/airflow/dags/urban_data_streaming_dag.py
[2026-06-29T18:32:14.019+0000] {processor.py:914} INFO - Processing file /opt/airflow/dags/urban_data_streaming_dag.py for tasks to queue
[2026-06-29T18:32:14.023+0000] {logging_mixin.py:190} INFO - [2026-06-29T18:32:14.023+0000] {dagbag.py:588} INFO - Filling up the DagBag from /opt/airflow/dags/urban_data_streaming_dag.py
[2026-06-29T18:32:14.062+0000] {processor.py:925} INFO - DAG(s) 'urban_data_streaming_demo' retrieved from /opt/airflow/dags/urban_data_streaming_dag.py
[2026-06-29T18:32:14.116+0000] {logging_mixin.py:190} INFO - [2026-06-29T18:32:14.116+0000] {dag.py:3239} INFO - Sync 1 DAGs
[2026-06-29T18:32:14.136+0000] {logging_mixin.py:190} INFO - [2026-06-29T18:32:14.135+0000] {dag.py:4180} INFO - Setting next_dagrun for urban_data_streaming_demo to None, run_after=None
[2026-06-29T18:32:14.163+0000] {processor.py:208} INFO - Processing /opt/airflow/dags/urban_data_streaming_dag.py took 0.159 seconds
[2026-06-29T18:32:44.755+0000] {processor.py:186} INFO - Started process (PID=13641) to work on /opt/airflow/dags/urban_data_streaming_dag.py
[2026-06-29T18:32:44.757+0000] {processor.py:914} INFO - Processing file /opt/airflow/dags/urban_data_streaming_dag.py for tasks to queue
[2026-06-29T18:32:44.761+0000] {logging_mixin.py:190} INFO - [2026-06-29T18:32:44.760+0000] {dagbag.py:588} INFO - Filling up the DagBag from /opt/airflow/dags/urban_data_streaming_dag.py
[2026-06-29T18:32:44.791+0000] {processor.py:925} INFO - DAG(s) 'urban_data_streaming_demo' retrieved from /opt/airflow/dags/urban_data_streaming_dag.py
[2026-06-29T18:32:44.828+0000] {logging_mixin.py:190} INFO - [2026-06-29T18:32:44.827+0000] {dag.py:3239} INFO - Sync 1 DAGs
[2026-06-29T18:32:44.845+0000] {logging_mixin.py:190} INFO - [2026-06-29T18:32:44.845+0000] {dag.py:4180} INFO - Setting next_dagrun for urban_data_streaming_demo to None, run_after=None
[2026-06-29T18:32:44.873+0000] {processor.py:208} INFO - Processing /opt/airflow/dags/urban_data_streaming_dag.py took 0.128 seconds
[2026-06-29T18:33:15.665+0000] {processor.py:186} INFO - Started process (PID=13659) to work on /opt/airflow/dags/urban_data_streaming_dag.py
[2026-06-29T18:33:15.666+0000] {processor.py:914} INFO - Processing file /opt/airflow/dags/urban_data_streaming_dag.py for tasks to queue
[2026-06-29T18:33:15.671+0000] {logging_mixin.py:190} INFO - [2026-06-29T18:33:15.669+0000] {dagbag.py:588} INFO - Filling up the DagBag from /opt/airflow/dags/urban_data_streaming_dag.py
[2026-06-29T18:33:15.699+0000] {processor.py:925} INFO - DAG(s) 'urban_data_streaming_demo' retrieved from /opt/airflow/dags/urban_data_streaming_dag.py
[2026-06-29T18:33:15.739+0000] {logging_mixin.py:190} INFO - [2026-06-29T18:33:15.738+0000] {dag.py:3239} INFO - Sync 1 DAGs
[2026-06-29T18:33:15.759+0000] {logging_mixin.py:190} INFO - [2026-06-29T18:33:15.759+0000] {dag.py:4180} INFO - Setting next_dagrun for urban_data_streaming_demo to None, run_after=None
[2026-06-29T18:33:15.783+0000] {processor.py:208} INFO - Processing /opt/airflow/dags/urban_data_streaming_dag.py took 0.127 seconds
[2026-06-29T18:33:46.652+0000] {processor.py:186} INFO - Started process (PID=13677) to work on /opt/airflow/dags/urban_data_streaming_dag.py
[2026-06-29T18:33:46.653+0000] {processor.py:914} INFO - Processing file /opt/airflow/dags/urban_data_streaming_dag.py for tasks to queue
[2026-06-29T18:33:46.656+0000] {logging_mixin.py:190} INFO - [2026-06-29T18:33:46.656+0000] {dagbag.py:588} INFO - Filling up the DagBag from /opt/airflow/dags/urban_data_streaming_dag.py
[2026-06-29T18:33:46.683+0000] {processor.py:925} INFO - DAG(s) 'urban_data_streaming_demo' retrieved from /opt/airflow/dags/urban_data_streaming_dag.py
[2026-06-29T18:33:46.716+0000] {logging_mixin.py:190} INFO - [2026-06-29T18:33:46.715+0000] {dag.py:3239} INFO - Sync 1 DAGs
[2026-06-29T18:33:46.731+0000] {logging_mixin.py:190} INFO - [2026-06-29T18:33:46.731+0000] {dag.py:4180} INFO - Setting next_dagrun for urban_data_streaming_demo to None, run_after=None
[2026-06-29T18:33:46.752+0000] {processor.py:208} INFO - Processing /opt/airflow/dags/urban_data_streaming_dag.py took 0.106 seconds
[2026-06-29T18:34:17.427+0000] {processor.py:186} INFO - Started process (PID=13695) to work on /opt/airflow/dags/urban_data_streaming_dag.py
[2026-06-29T18:34:17.429+0000] {processor.py:914} INFO - Processing file /opt/airflow/dags/urban_data_streaming_dag.py for tasks to queue
[2026-06-29T18:34:17.432+0000] {logging_mixin.py:190} INFO - [2026-06-29T18:34:17.432+0000] {dagbag.py:588} INFO - Filling up the DagBag from /opt/airflow/dags/urban_data_streaming_dag.py
[2026-06-29T18:34:17.462+0000] {processor.py:925} INFO - DAG(s) 'urban_data_streaming_demo' retrieved from /opt/airflow/dags/urban_data_streaming_dag.py
[2026-06-29T18:34:17.502+0000] {logging_mixin.py:190} INFO - [2026-06-29T18:34:17.501+0000] {dag.py:3239} INFO - Sync 1 DAGs
[2026-06-29T18:34:17.520+0000] {logging_mixin.py:190} INFO - [2026-06-29T18:34:17.519+0000] {dag.py:4180} INFO - Setting next_dagrun for urban_data_streaming_demo to None, run_after=None
[2026-06-29T18:34:17.551+0000] {processor.py:208} INFO - Processing /opt/airflow/dags/urban_data_streaming_dag.py took 0.132 seconds
[2026-06-29T18:34:48.249+0000] {processor.py:186} INFO - Started process (PID=13713) to work on /opt/airflow/dags/urban_data_streaming_dag.py
[2026-06-29T18:34:48.251+0000] {processor.py:914} INFO - Processing file /opt/airflow/dags/urban_data_streaming_dag.py for tasks to queue
[2026-06-29T18:34:48.254+0000] {logging_mixin.py:190} INFO - [2026-06-29T18:34:48.253+0000] {dagbag.py:588} INFO - Filling up the DagBag from /opt/airflow/dags/urban_data_streaming_dag.py
[2026-06-29T18:34:48.287+0000] {processor.py:925} INFO - DAG(s) 'urban_data_streaming_demo' retrieved from /opt/airflow/dags/urban_data_streaming_dag.py
[2026-06-29T18:34:48.333+0000] {logging_mixin.py:190} INFO - [2026-06-29T18:34:48.333+0000] {dag.py:3239} INFO - Sync 1 DAGs
[2026-06-29T18:34:48.353+0000] {logging_mixin.py:190} INFO - [2026-06-29T18:34:48.353+0000] {dag.py:4180} INFO - Setting next_dagrun for urban_data_streaming_demo to None, run_after=None
[2026-06-29T18:34:48.379+0000] {processor.py:208} INFO - Processing /opt/airflow/dags/urban_data_streaming_dag.py took 0.137 seconds
[2026-06-29T18:35:18.999+0000] {processor.py:186} INFO - Started process (PID=13731) to work on /opt/airflow/dags/urban_data_streaming_dag.py
[2026-06-29T18:35:19.000+0000] {processor.py:914} INFO - Processing file /opt/airflow/dags/urban_data_streaming_dag.py for tasks to queue
[2026-06-29T18:35:19.006+0000] {logging_mixin.py:190} INFO - [2026-06-29T18:35:19.005+0000] {dagbag.py:588} INFO - Filling up the DagBag from /opt/airflow/dags/urban_data_streaming_dag.py
[2026-06-29T18:35:19.042+0000] {processor.py:925} INFO - DAG(s) 'urban_data_streaming_demo' retrieved from /opt/airflow/dags/urban_data_streaming_dag.py
[2026-06-29T18:35:19.096+0000] {logging_mixin.py:190} INFO - [2026-06-29T18:35:19.096+0000] {dag.py:3239} INFO - Sync 1 DAGs
[2026-06-29T18:35:19.121+0000] {logging_mixin.py:190} INFO - [2026-06-29T18:35:19.120+0000] {dag.py:4180} INFO - Setting next_dagrun for urban_data_streaming_demo to None, run_after=None
[2026-06-29T18:35:19.154+0000] {processor.py:208} INFO - Processing /opt/airflow/dags/urban_data_streaming_dag.py took 0.163 seconds
[2026-06-29T18:35:49.885+0000] {processor.py:186} INFO - Started process (PID=13748) to work on /opt/airflow/dags/urban_data_streaming_dag.py
[2026-06-29T18:35:49.886+0000] {processor.py:914} INFO - Processing file /opt/airflow/dags/urban_data_streaming_dag.py for tasks to queue
[2026-06-29T18:35:49.889+0000] {logging_mixin.py:190} INFO - [2026-06-29T18:35:49.889+0000] {dagbag.py:588} INFO - Filling up the DagBag from /opt/airflow/dags/urban_data_streaming_dag.py
[2026-06-29T18:35:49.918+0000] {processor.py:925} INFO - DAG(s) 'urban_data_streaming_demo' retrieved from /opt/airflow/dags/urban_data_streaming_dag.py
[2026-06-29T18:35:49.953+0000] {logging_mixin.py:190} INFO - [2026-06-29T18:35:49.953+0000] {dag.py:3239} INFO - Sync 1 DAGs
[2026-06-29T18:35:49.969+0000] {logging_mixin.py:190} INFO - [2026-06-29T18:35:49.968+0000] {dag.py:4180} INFO - Setting next_dagrun for urban_data_streaming_demo to None, run_after=None
[2026-06-29T18:35:49.992+0000] {processor.py:208} INFO - Processing /opt/airflow/dags/urban_data_streaming_dag.py took 0.115 seconds
[2026-06-29T18:36:20.657+0000] {processor.py:186} INFO - Started process (PID=13759) to work on /opt/airflow/dags/urban_data_streaming_dag.py
[2026-06-29T18:36:20.659+0000] {processor.py:914} INFO - Processing file /opt/airflow/dags/urban_data_streaming_dag.py for tasks to queue
[2026-06-29T18:36:20.661+0000] {logging_mixin.py:190} INFO - [2026-06-29T18:36:20.661+0000] {dagbag.py:588} INFO - Filling up the DagBag from /opt/airflow/dags/urban_data_streaming_dag.py
[2026-06-29T18:36:20.686+0000] {processor.py:925} INFO - DAG(s) 'urban_data_streaming_demo' retrieved from /opt/airflow/dags/urban_data_streaming_dag.py
[2026-06-29T18:36:20.721+0000] {logging_mixin.py:190} INFO - [2026-06-29T18:36:20.720+0000] {dag.py:3239} INFO - Sync 1 DAGs
[2026-06-29T18:36:20.739+0000] {logging_mixin.py:190} INFO - [2026-06-29T18:36:20.738+0000] {dag.py:4180} INFO - Setting next_dagrun for urban_data_streaming_demo to None, run_after=None
[2026-06-29T18:36:20.763+0000] {processor.py:208} INFO - Processing /opt/airflow/dags/urban_data_streaming_dag.py took 0.111 seconds
[2026-06-29T18:36:51.524+0000] {processor.py:186} INFO - Started process (PID=13777) to work on /opt/airflow/dags/urban_data_streaming_dag.py
[2026-06-29T18:36:51.526+0000] {processor.py:914} INFO - Processing file /opt/airflow/dags/urban_data_streaming_dag.py for tasks to queue
[2026-06-29T18:36:51.530+0000] {logging_mixin.py:190} INFO - [2026-06-29T18:36:51.529+0000] {dagbag.py:588} INFO - Filling up the DagBag from /opt/airflow/dags/urban_data_streaming_dag.py
[2026-06-29T18:36:51.603+0000] {processor.py:925} INFO - DAG(s) 'urban_data_streaming_demo' retrieved from /opt/airflow/dags/urban_data_streaming_dag.py
[2026-06-29T18:36:51.690+0000] {logging_mixin.py:190} INFO - [2026-06-29T18:36:51.690+0000] {dag.py:3239} INFO - Sync 1 DAGs
[2026-06-29T18:36:51.709+0000] {logging_mixin.py:190} INFO - [2026-06-29T18:36:51.709+0000] {dag.py:4180} INFO - Setting next_dagrun for urban_data_streaming_demo to None, run_after=None
[2026-06-29T18:36:51.738+0000] {processor.py:208} INFO - Processing /opt/airflow/dags/urban_data_streaming_dag.py took 0.220 seconds
[2026-06-29T18:37:22.455+0000] {processor.py:186} INFO - Started process (PID=13795) to work on /opt/airflow/dags/urban_data_streaming_dag.py
[2026-06-29T18:37:22.457+0000] {processor.py:914} INFO - Processing file /opt/airflow/dags/urban_data_streaming_dag.py for tasks to queue
[2026-06-29T18:37:22.467+0000] {logging_mixin.py:190} INFO - [2026-06-29T18:37:22.465+0000] {dagbag.py:588} INFO - Filling up the DagBag from /opt/airflow/dags/urban_data_streaming_dag.py
[2026-06-29T18:37:22.509+0000] {processor.py:925} INFO - DAG(s) 'urban_data_streaming_demo' retrieved from /opt/airflow/dags/urban_data_streaming_dag.py
[2026-06-29T18:37:22.545+0000] {logging_mixin.py:190} INFO - [2026-06-29T18:37:22.545+0000] {dag.py:3239} INFO - Sync 1 DAGs
[2026-06-29T18:37:22.561+0000] {logging_mixin.py:190} INFO - [2026-06-29T18:37:22.560+0000] {dag.py:4180} INFO - Setting next_dagrun for urban_data_streaming_demo to None, run_after=None
[2026-06-29T18:37:22.586+0000] {processor.py:208} INFO - Processing /opt/airflow/dags/urban_data_streaming_dag.py took 0.142 seconds
[2026-06-29T18:37:53.332+0000] {processor.py:186} INFO - Started process (PID=13813) to work on /opt/airflow/dags/urban_data_streaming_dag.py
[2026-06-29T18:37:53.334+0000] {processor.py:914} INFO - Processing file /opt/airflow/dags/urban_data_streaming_dag.py for tasks to queue
[2026-06-29T18:37:53.337+0000] {logging_mixin.py:190} INFO - [2026-06-29T18:37:53.336+0000] {dagbag.py:588} INFO - Filling up the DagBag from /opt/airflow/dags/urban_data_streaming_dag.py
[2026-06-29T18:37:53.364+0000] {processor.py:925} INFO - DAG(s) 'urban_data_streaming_demo' retrieved from /opt/airflow/dags/urban_data_streaming_dag.py
[2026-06-29T18:37:53.400+0000] {logging_mixin.py:190} INFO - [2026-06-29T18:37:53.400+0000] {dag.py:3239} INFO - Sync 1 DAGs
[2026-06-29T18:37:53.416+0000] {logging_mixin.py:190} INFO - [2026-06-29T18:37:53.416+0000] {dag.py:4180} INFO - Setting next_dagrun for urban_data_streaming_demo to None, run_after=None
[2026-06-29T18:37:53.441+0000] {processor.py:208} INFO - Processing /opt/airflow/dags/urban_data_streaming_dag.py took 0.116 seconds
[2026-06-29T18:38:24.357+0000] {processor.py:186} INFO - Started process (PID=13831) to work on /opt/airflow/dags/urban_data_streaming_dag.py
[2026-06-29T18:38:24.359+0000] {processor.py:914} INFO - Processing file /opt/airflow/dags/urban_data_streaming_dag.py for tasks to queue
[2026-06-29T18:38:24.365+0000] {logging_mixin.py:190} INFO - [2026-06-29T18:38:24.364+0000] {dagbag.py:588} INFO - Filling up the DagBag from /opt/airflow/dags/urban_data_streaming_dag.py
[2026-06-29T18:38:24.392+0000] {processor.py:925} INFO - DAG(s) 'urban_data_streaming_demo' retrieved from /opt/airflow/dags/urban_data_streaming_dag.py
[2026-06-29T18:38:24.425+0000] {logging_mixin.py:190} INFO - [2026-06-29T18:38:24.424+0000] {dag.py:3239} INFO - Sync 1 DAGs
[2026-06-29T18:38:24.440+0000] {logging_mixin.py:190} INFO - [2026-06-29T18:38:24.440+0000] {dag.py:4180} INFO - Setting next_dagrun for urban_data_streaming_demo to None, run_after=None
[2026-06-29T18:38:24.464+0000] {processor.py:208} INFO - Processing /opt/airflow/dags/urban_data_streaming_dag.py took 0.117 seconds
[2026-06-29T18:38:55.221+0000] {processor.py:186} INFO - Started process (PID=13849) to work on /opt/airflow/dags/urban_data_streaming_dag.py
[2026-06-29T18:38:55.223+0000] {processor.py:914} INFO - Processing file /opt/airflow/dags/urban_data_streaming_dag.py for tasks to queue
[2026-06-29T18:38:55.226+0000] {logging_mixin.py:190} INFO - [2026-06-29T18:38:55.225+0000] {dagbag.py:588} INFO - Filling up the DagBag from /opt/airflow/dags/urban_data_streaming_dag.py
[2026-06-29T18:38:55.251+0000] {processor.py:925} INFO - DAG(s) 'urban_data_streaming_demo' retrieved from /opt/airflow/dags/urban_data_streaming_dag.py
[2026-06-29T18:38:55.285+0000] {logging_mixin.py:190} INFO - [2026-06-29T18:38:55.285+0000] {dag.py:3239} INFO - Sync 1 DAGs
[2026-06-29T18:38:55.302+0000] {logging_mixin.py:190} INFO - [2026-06-29T18:38:55.301+0000] {dag.py:4180} INFO - Setting next_dagrun for urban_data_streaming_demo to None, run_after=None
[2026-06-29T18:38:55.325+0000] {processor.py:208} INFO - Processing /opt/airflow/dags/urban_data_streaming_dag.py took 0.111 seconds
[2026-06-29T18:39:25.978+0000] {processor.py:186} INFO - Started process (PID=13867) to work on /opt/airflow/dags/urban_data_streaming_dag.py
[2026-06-29T18:39:25.980+0000] {processor.py:914} INFO - Processing file /opt/airflow/dags/urban_data_streaming_dag.py for tasks to queue
[2026-06-29T18:39:25.983+0000] {logging_mixin.py:190} INFO - [2026-06-29T18:39:25.983+0000] {dagbag.py:588} INFO - Filling up the DagBag from /opt/airflow/dags/urban_data_streaming_dag.py
[2026-06-29T18:39:26.013+0000] {processor.py:925} INFO - DAG(s) 'urban_data_streaming_demo' retrieved from /opt/airflow/dags/urban_data_streaming_dag.py
[2026-06-29T18:39:26.045+0000] {logging_mixin.py:190} INFO - [2026-06-29T18:39:26.045+0000] {dag.py:3239} INFO - Sync 1 DAGs
[2026-06-29T18:39:26.063+0000] {logging_mixin.py:190} INFO - [2026-06-29T18:39:26.063+0000] {dag.py:4180} INFO - Setting next_dagrun for urban_data_streaming_demo to None, run_after=None
[2026-06-29T18:39:26.089+0000] {processor.py:208} INFO - Processing /opt/airflow/dags/urban_data_streaming_dag.py took 0.119 seconds
[2026-06-29T18:39:56.763+0000] {processor.py:186} INFO - Started process (PID=13885) to work on /opt/airflow/dags/urban_data_streaming_dag.py
[2026-06-29T18:39:56.764+0000] {processor.py:914} INFO - Processing file /opt/airflow/dags/urban_data_streaming_dag.py for tasks to queue
[2026-06-29T18:39:56.768+0000] {logging_mixin.py:190} INFO - [2026-06-29T18:39:56.768+0000] {dagbag.py:588} INFO - Filling up the DagBag from /opt/airflow/dags/urban_data_streaming_dag.py
[2026-06-29T18:39:56.798+0000] {processor.py:925} INFO - DAG(s) 'urban_data_streaming_demo' retrieved from /opt/airflow/dags/urban_data_streaming_dag.py
[2026-06-29T18:39:56.831+0000] {logging_mixin.py:190} INFO - [2026-06-29T18:39:56.830+0000] {dag.py:3239} INFO - Sync 1 DAGs
[2026-06-29T18:39:56.846+0000] {logging_mixin.py:190} INFO - [2026-06-29T18:39:56.845+0000] {dag.py:4180} INFO - Setting next_dagrun for urban_data_streaming_demo to None, run_after=None
[2026-06-29T18:39:56.881+0000] {processor.py:208} INFO - Processing /opt/airflow/dags/urban_data_streaming_dag.py took 0.125 seconds
[2026-06-29T18:40:27.663+0000] {processor.py:186} INFO - Started process (PID=13903) to work on /opt/airflow/dags/urban_data_streaming_dag.py
[2026-06-29T18:40:27.665+0000] {processor.py:914} INFO - Processing file /opt/airflow/dags/urban_data_streaming_dag.py for tasks to queue
[2026-06-29T18:40:27.673+0000] {logging_mixin.py:190} INFO - [2026-06-29T18:40:27.672+0000] {dagbag.py:588} INFO - Filling up the DagBag from /opt/airflow/dags/urban_data_streaming_dag.py
[2026-06-29T18:40:27.700+0000] {processor.py:925} INFO - DAG(s) 'urban_data_streaming_demo' retrieved from /opt/airflow/dags/urban_data_streaming_dag.py
[2026-06-29T18:40:27.765+0000] {logging_mixin.py:190} INFO - [2026-06-29T18:40:27.765+0000] {dag.py:3239} INFO - Sync 1 DAGs
[2026-06-29T18:40:27.785+0000] {logging_mixin.py:190} INFO - [2026-06-29T18:40:27.785+0000] {dag.py:4180} INFO - Setting next_dagrun for urban_data_streaming_demo to None, run_after=None
[2026-06-29T18:40:27.816+0000] {processor.py:208} INFO - Processing /opt/airflow/dags/urban_data_streaming_dag.py took 0.165 seconds
[2026-06-29T18:40:58.564+0000] {processor.py:186} INFO - Started process (PID=13920) to work on /opt/airflow/dags/urban_data_streaming_dag.py
[2026-06-29T18:40:58.566+0000] {processor.py:914} INFO - Processing file /opt/airflow/dags/urban_data_streaming_dag.py for tasks to queue
[2026-06-29T18:40:58.569+0000] {logging_mixin.py:190} INFO - [2026-06-29T18:40:58.569+0000] {dagbag.py:588} INFO - Filling up the DagBag from /opt/airflow/dags/urban_data_streaming_dag.py
[2026-06-29T18:40:58.595+0000] {processor.py:925} INFO - DAG(s) 'urban_data_streaming_demo' retrieved from /opt/airflow/dags/urban_data_streaming_dag.py
[2026-06-29T18:40:58.628+0000] {logging_mixin.py:190} INFO - [2026-06-29T18:40:58.628+0000] {dag.py:3239} INFO - Sync 1 DAGs
[2026-06-29T18:40:58.648+0000] {logging_mixin.py:190} INFO - [2026-06-29T18:40:58.648+0000] {dag.py:4180} INFO - Setting next_dagrun for urban_data_streaming_demo to None, run_after=None
[2026-06-29T18:40:58.674+0000] {processor.py:208} INFO - Processing /opt/airflow/dags/urban_data_streaming_dag.py took 0.117 seconds
[2026-06-29T18:41:29.449+0000] {processor.py:186} INFO - Started process (PID=13931) to work on /opt/airflow/dags/urban_data_streaming_dag.py
[2026-06-29T18:41:29.451+0000] {processor.py:914} INFO - Processing file /opt/airflow/dags/urban_data_streaming_dag.py for tasks to queue
[2026-06-29T18:41:29.455+0000] {logging_mixin.py:190} INFO - [2026-06-29T18:41:29.455+0000] {dagbag.py:588} INFO - Filling up the DagBag from /opt/airflow/dags/urban_data_streaming_dag.py
[2026-06-29T18:41:29.482+0000] {processor.py:925} INFO - DAG(s) 'urban_data_streaming_demo' retrieved from /opt/airflow/dags/urban_data_streaming_dag.py
[2026-06-29T18:41:29.518+0000] {logging_mixin.py:190} INFO - [2026-06-29T18:41:29.517+0000] {dag.py:3239} INFO - Sync 1 DAGs
[2026-06-29T18:41:29.533+0000] {logging_mixin.py:190} INFO - [2026-06-29T18:41:29.533+0000] {dag.py:4180} INFO - Setting next_dagrun for urban_data_streaming_demo to None, run_after=None
[2026-06-29T18:41:29.559+0000] {processor.py:208} INFO - Processing /opt/airflow/dags/urban_data_streaming_dag.py took 0.118 seconds
[2026-06-29T18:42:00.255+0000] {processor.py:186} INFO - Started process (PID=13949) to work on /opt/airflow/dags/urban_data_streaming_dag.py
[2026-06-29T18:42:00.257+0000] {processor.py:914} INFO - Processing file /opt/airflow/dags/urban_data_streaming_dag.py for tasks to queue
[2026-06-29T18:42:00.260+0000] {logging_mixin.py:190} INFO - [2026-06-29T18:42:00.259+0000] {dagbag.py:588} INFO - Filling up the DagBag from /opt/airflow/dags/urban_data_streaming_dag.py
[2026-06-29T18:42:00.290+0000] {processor.py:925} INFO - DAG(s) 'urban_data_streaming_demo' retrieved from /opt/airflow/dags/urban_data_streaming_dag.py
[2026-06-29T18:42:00.325+0000] {logging_mixin.py:190} INFO - [2026-06-29T18:42:00.324+0000] {dag.py:3239} INFO - Sync 1 DAGs
[2026-06-29T18:42:00.342+0000] {logging_mixin.py:190} INFO - [2026-06-29T18:42:00.342+0000] {dag.py:4180} INFO - Setting next_dagrun for urban_data_streaming_demo to None, run_after=None
[2026-06-29T18:42:00.371+0000] {processor.py:208} INFO - Processing /opt/airflow/dags/urban_data_streaming_dag.py took 0.122 seconds
[2026-06-29T18:42:31.003+0000] {processor.py:186} INFO - Started process (PID=13967) to work on /opt/airflow/dags/urban_data_streaming_dag.py
[2026-06-29T18:42:31.004+0000] {processor.py:914} INFO - Processing file /opt/airflow/dags/urban_data_streaming_dag.py for tasks to queue
[2026-06-29T18:42:31.007+0000] {logging_mixin.py:190} INFO - [2026-06-29T18:42:31.007+0000] {dagbag.py:588} INFO - Filling up the DagBag from /opt/airflow/dags/urban_data_streaming_dag.py
[2026-06-29T18:42:31.040+0000] {processor.py:925} INFO - DAG(s) 'urban_data_streaming_demo' retrieved from /opt/airflow/dags/urban_data_streaming_dag.py
[2026-06-29T18:42:31.080+0000] {logging_mixin.py:190} INFO - [2026-06-29T18:42:31.080+0000] {dag.py:3239} INFO - Sync 1 DAGs
[2026-06-29T18:42:31.097+0000] {logging_mixin.py:190} INFO - [2026-06-29T18:42:31.097+0000] {dag.py:4180} INFO - Setting next_dagrun for urban_data_streaming_demo to None, run_after=None
[2026-06-29T18:42:31.132+0000] {processor.py:208} INFO - Processing /opt/airflow/dags/urban_data_streaming_dag.py took 0.135 seconds
[2026-06-29T18:43:02.106+0000] {processor.py:186} INFO - Started process (PID=13985) to work on /opt/airflow/dags/urban_data_streaming_dag.py
[2026-06-29T18:43:02.108+0000] {processor.py:914} INFO - Processing file /opt/airflow/dags/urban_data_streaming_dag.py for tasks to queue
[2026-06-29T18:43:02.112+0000] {logging_mixin.py:190} INFO - [2026-06-29T18:43:02.112+0000] {dagbag.py:588} INFO - Filling up the DagBag from /opt/airflow/dags/urban_data_streaming_dag.py
[2026-06-29T18:43:02.145+0000] {processor.py:925} INFO - DAG(s) 'urban_data_streaming_demo' retrieved from /opt/airflow/dags/urban_data_streaming_dag.py
[2026-06-29T18:43:02.180+0000] {logging_mixin.py:190} INFO - [2026-06-29T18:43:02.180+0000] {dag.py:3239} INFO - Sync 1 DAGs
[2026-06-29T18:43:02.199+0000] {logging_mixin.py:190} INFO - [2026-06-29T18:43:02.199+0000] {dag.py:4180} INFO - Setting next_dagrun for urban_data_streaming_demo to None, run_after=None
[2026-06-29T18:43:02.229+0000] {processor.py:208} INFO - Processing /opt/airflow/dags/urban_data_streaming_dag.py took 0.129 seconds
[2026-06-29T18:43:32.948+0000] {processor.py:186} INFO - Started process (PID=14003) to work on /opt/airflow/dags/urban_data_streaming_dag.py
[2026-06-29T18:43:32.949+0000] {processor.py:914} INFO - Processing file /opt/airflow/dags/urban_data_streaming_dag.py for tasks to queue
[2026-06-29T18:43:32.953+0000] {logging_mixin.py:190} INFO - [2026-06-29T18:43:32.953+0000] {dagbag.py:588} INFO - Filling up the DagBag from /opt/airflow/dags/urban_data_streaming_dag.py
[2026-06-29T18:43:32.981+0000] {processor.py:925} INFO - DAG(s) 'urban_data_streaming_demo' retrieved from /opt/airflow/dags/urban_data_streaming_dag.py
[2026-06-29T18:43:33.055+0000] {logging_mixin.py:190} INFO - [2026-06-29T18:43:33.055+0000] {dag.py:3239} INFO - Sync 1 DAGs
[2026-06-29T18:43:33.084+0000] {logging_mixin.py:190} INFO - [2026-06-29T18:43:33.084+0000] {dag.py:4180} INFO - Setting next_dagrun for urban_data_streaming_demo to None, run_after=None
[2026-06-29T18:43:33.115+0000] {processor.py:208} INFO - Processing /opt/airflow/dags/urban_data_streaming_dag.py took 0.175 seconds
[2026-06-29T18:44:03.929+0000] {processor.py:186} INFO - Started process (PID=14021) to work on /opt/airflow/dags/urban_data_streaming_dag.py
[2026-06-29T18:44:03.930+0000] {processor.py:914} INFO - Processing file /opt/airflow/dags/urban_data_streaming_dag.py for tasks to queue
[2026-06-29T18:44:03.934+0000] {logging_mixin.py:190} INFO - [2026-06-29T18:44:03.934+0000] {dagbag.py:588} INFO - Filling up the DagBag from /opt/airflow/dags/urban_data_streaming_dag.py
[2026-06-29T18:44:03.962+0000] {processor.py:925} INFO - DAG(s) 'urban_data_streaming_demo' retrieved from /opt/airflow/dags/urban_data_streaming_dag.py
[2026-06-29T18:44:03.996+0000] {logging_mixin.py:190} INFO - [2026-06-29T18:44:03.996+0000] {dag.py:3239} INFO - Sync 1 DAGs
[2026-06-29T18:44:04.015+0000] {logging_mixin.py:190} INFO - [2026-06-29T18:44:04.015+0000] {dag.py:4180} INFO - Setting next_dagrun for urban_data_streaming_demo to None, run_after=None
[2026-06-29T18:44:04.039+0000] {processor.py:208} INFO - Processing /opt/airflow/dags/urban_data_streaming_dag.py took 0.117 seconds
[2026-06-29T18:44:34.964+0000] {processor.py:186} INFO - Started process (PID=14039) to work on /opt/airflow/dags/urban_data_streaming_dag.py
[2026-06-29T18:44:34.966+0000] {processor.py:914} INFO - Processing file /opt/airflow/dags/urban_data_streaming_dag.py for tasks to queue
[2026-06-29T18:44:34.971+0000] {logging_mixin.py:190} INFO - [2026-06-29T18:44:34.970+0000] {dagbag.py:588} INFO - Filling up the DagBag from /opt/airflow/dags/urban_data_streaming_dag.py
[2026-06-29T18:44:34.997+0000] {processor.py:925} INFO - DAG(s) 'urban_data_streaming_demo' retrieved from /opt/airflow/dags/urban_data_streaming_dag.py
[2026-06-29T18:44:35.034+0000] {logging_mixin.py:190} INFO - [2026-06-29T18:44:35.034+0000] {dag.py:3239} INFO - Sync 1 DAGs
[2026-06-29T18:44:35.055+0000] {logging_mixin.py:190} INFO - [2026-06-29T18:44:35.055+0000] {dag.py:4180} INFO - Setting next_dagrun for urban_data_streaming_demo to None, run_after=None
[2026-06-29T18:44:35.085+0000] {processor.py:208} INFO - Processing /opt/airflow/dags/urban_data_streaming_dag.py took 0.133 seconds
[2026-06-29T18:45:05.971+0000] {processor.py:186} INFO - Started process (PID=14057) to work on /opt/airflow/dags/urban_data_streaming_dag.py
[2026-06-29T18:45:05.973+0000] {processor.py:914} INFO - Processing file /opt/airflow/dags/urban_data_streaming_dag.py for tasks to queue
[2026-06-29T18:45:05.978+0000] {logging_mixin.py:190} INFO - [2026-06-29T18:45:05.977+0000] {dagbag.py:588} INFO - Filling up the DagBag from /opt/airflow/dags/urban_data_streaming_dag.py
[2026-06-29T18:45:06.016+0000] {processor.py:925} INFO - DAG(s) 'urban_data_streaming_demo' retrieved from /opt/airflow/dags/urban_data_streaming_dag.py
[2026-06-29T18:45:06.051+0000] {logging_mixin.py:190} INFO - [2026-06-29T18:45:06.051+0000] {dag.py:3239} INFO - Sync 1 DAGs
[2026-06-29T18:45:06.067+0000] {logging_mixin.py:190} INFO - [2026-06-29T18:45:06.066+0000] {dag.py:4180} INFO - Setting next_dagrun for urban_data_streaming_demo to None, run_after=None
[2026-06-29T18:45:06.091+0000] {processor.py:208} INFO - Processing /opt/airflow/dags/urban_data_streaming_dag.py took 0.136 seconds
[2026-06-29T18:45:36.904+0000] {processor.py:186} INFO - Started process (PID=14075) to work on /opt/airflow/dags/urban_data_streaming_dag.py
[2026-06-29T18:45:36.906+0000] {processor.py:914} INFO - Processing file /opt/airflow/dags/urban_data_streaming_dag.py for tasks to queue
[2026-06-29T18:45:36.911+0000] {logging_mixin.py:190} INFO - [2026-06-29T18:45:36.910+0000] {dagbag.py:588} INFO - Filling up the DagBag from /opt/airflow/dags/urban_data_streaming_dag.py
[2026-06-29T18:45:36.936+0000] {processor.py:925} INFO - DAG(s) 'urban_data_streaming_demo' retrieved from /opt/airflow/dags/urban_data_streaming_dag.py
[2026-06-29T18:45:36.971+0000] {logging_mixin.py:190} INFO - [2026-06-29T18:45:36.971+0000] {dag.py:3239} INFO - Sync 1 DAGs
[2026-06-29T18:45:36.987+0000] {logging_mixin.py:190} INFO - [2026-06-29T18:45:36.987+0000] {dag.py:4180} INFO - Setting next_dagrun for urban_data_streaming_demo to None, run_after=None
[2026-06-29T18:45:37.015+0000] {processor.py:208} INFO - Processing /opt/airflow/dags/urban_data_streaming_dag.py took 0.117 seconds
[2026-06-29T18:46:07.847+0000] {processor.py:186} INFO - Started process (PID=14092) to work on /opt/airflow/dags/urban_data_streaming_dag.py
[2026-06-29T18:46:07.850+0000] {processor.py:914} INFO - Processing file /opt/airflow/dags/urban_data_streaming_dag.py for tasks to queue
[2026-06-29T18:46:07.855+0000] {logging_mixin.py:190} INFO - [2026-06-29T18:46:07.854+0000] {dagbag.py:588} INFO - Filling up the DagBag from /opt/airflow/dags/urban_data_streaming_dag.py
[2026-06-29T18:46:07.900+0000] {processor.py:925} INFO - DAG(s) 'urban_data_streaming_demo' retrieved from /opt/airflow/dags/urban_data_streaming_dag.py
[2026-06-29T18:46:07.936+0000] {logging_mixin.py:190} INFO - [2026-06-29T18:46:07.936+0000] {dag.py:3239} INFO - Sync 1 DAGs
[2026-06-29T18:46:07.952+0000] {logging_mixin.py:190} INFO - [2026-06-29T18:46:07.952+0000] {dag.py:4180} INFO - Setting next_dagrun for urban_data_streaming_demo to None, run_after=None
[2026-06-29T18:46:07.978+0000] {processor.py:208} INFO - Processing /opt/airflow/dags/urban_data_streaming_dag.py took 0.148 seconds
[2026-06-29T18:46:38.618+0000] {processor.py:186} INFO - Started process (PID=14103) to work on /opt/airflow/dags/urban_data_streaming_dag.py
[2026-06-29T18:46:38.619+0000] {processor.py:914} INFO - Processing file /opt/airflow/dags/urban_data_streaming_dag.py for tasks to queue
[2026-06-29T18:46:38.623+0000] {logging_mixin.py:190} INFO - [2026-06-29T18:46:38.623+0000] {dagbag.py:588} INFO - Filling up the DagBag from /opt/airflow/dags/urban_data_streaming_dag.py
[2026-06-29T18:46:38.653+0000] {processor.py:925} INFO - DAG(s) 'urban_data_streaming_demo' retrieved from /opt/airflow/dags/urban_data_streaming_dag.py
[2026-06-29T18:46:38.685+0000] {logging_mixin.py:190} INFO - [2026-06-29T18:46:38.684+0000] {dag.py:3239} INFO - Sync 1 DAGs
[2026-06-29T18:46:38.699+0000] {logging_mixin.py:190} INFO - [2026-06-29T18:46:38.698+0000] {dag.py:4180} INFO - Setting next_dagrun for urban_data_streaming_demo to None, run_after=None
[2026-06-29T18:46:38.723+0000] {processor.py:208} INFO - Processing /opt/airflow/dags/urban_data_streaming_dag.py took 0.110 seconds
[2026-06-29T18:47:09.250+0000] {processor.py:186} INFO - Started process (PID=14121) to work on /opt/airflow/dags/urban_data_streaming_dag.py
[2026-06-29T18:47:09.251+0000] {processor.py:914} INFO - Processing file /opt/airflow/dags/urban_data_streaming_dag.py for tasks to queue
[2026-06-29T18:47:09.254+0000] {logging_mixin.py:190} INFO - [2026-06-29T18:47:09.254+0000] {dagbag.py:588} INFO - Filling up the DagBag from /opt/airflow/dags/urban_data_streaming_dag.py
[2026-06-29T18:47:09.281+0000] {processor.py:925} INFO - DAG(s) 'urban_data_streaming_demo' retrieved from /opt/airflow/dags/urban_data_streaming_dag.py
[2026-06-29T18:47:09.316+0000] {logging_mixin.py:190} INFO - [2026-06-29T18:47:09.315+0000] {dag.py:3239} INFO - Sync 1 DAGs
[2026-06-29T18:47:09.331+0000] {logging_mixin.py:190} INFO - [2026-06-29T18:47:09.331+0000] {dag.py:4180} INFO - Setting next_dagrun for urban_data_streaming_demo to None, run_after=None
[2026-06-29T18:47:09.359+0000] {processor.py:208} INFO - Processing /opt/airflow/dags/urban_data_streaming_dag.py took 0.116 seconds
[2026-06-29T18:47:39.947+0000] {processor.py:186} INFO - Started process (PID=14139) to work on /opt/airflow/dags/urban_data_streaming_dag.py
[2026-06-29T18:47:39.948+0000] {processor.py:914} INFO - Processing file /opt/airflow/dags/urban_data_streaming_dag.py for tasks to queue
[2026-06-29T18:47:39.954+0000] {logging_mixin.py:190} INFO - [2026-06-29T18:47:39.953+0000] {dagbag.py:588} INFO - Filling up the DagBag from /opt/airflow/dags/urban_data_streaming_dag.py
[2026-06-29T18:47:39.981+0000] {processor.py:925} INFO - DAG(s) 'urban_data_streaming_demo' retrieved from /opt/airflow/dags/urban_data_streaming_dag.py
[2026-06-29T18:47:40.015+0000] {logging_mixin.py:190} INFO - [2026-06-29T18:47:40.015+0000] {dag.py:3239} INFO - Sync 1 DAGs
[2026-06-29T18:47:40.030+0000] {logging_mixin.py:190} INFO - [2026-06-29T18:47:40.030+0000] {dag.py:4180} INFO - Setting next_dagrun for urban_data_streaming_demo to None, run_after=None
[2026-06-29T18:47:40.056+0000] {processor.py:208} INFO - Processing /opt/airflow/dags/urban_data_streaming_dag.py took 0.118 seconds
[2026-06-29T18:48:10.586+0000] {processor.py:186} INFO - Started process (PID=14157) to work on /opt/airflow/dags/urban_data_streaming_dag.py
[2026-06-29T18:48:10.589+0000] {processor.py:914} INFO - Processing file /opt/airflow/dags/urban_data_streaming_dag.py for tasks to queue
[2026-06-29T18:48:10.592+0000] {logging_mixin.py:190} INFO - [2026-06-29T18:48:10.592+0000] {dagbag.py:588} INFO - Filling up the DagBag from /opt/airflow/dags/urban_data_streaming_dag.py
[2026-06-29T18:48:10.621+0000] {processor.py:925} INFO - DAG(s) 'urban_data_streaming_demo' retrieved from /opt/airflow/dags/urban_data_streaming_dag.py
[2026-06-29T18:48:10.659+0000] {logging_mixin.py:190} INFO - [2026-06-29T18:48:10.659+0000] {dag.py:3239} INFO - Sync 1 DAGs
[2026-06-29T18:48:10.678+0000] {logging_mixin.py:190} INFO - [2026-06-29T18:48:10.678+0000] {dag.py:4180} INFO - Setting next_dagrun for urban_data_streaming_demo to None, run_after=None
[2026-06-29T18:48:10.703+0000] {processor.py:208} INFO - Processing /opt/airflow/dags/urban_data_streaming_dag.py took 0.123 seconds
[2026-06-29T18:48:41.434+0000] {processor.py:186} INFO - Started process (PID=14175) to work on /opt/airflow/dags/urban_data_streaming_dag.py
[2026-06-29T18:48:41.437+0000] {processor.py:914} INFO - Processing file /opt/airflow/dags/urban_data_streaming_dag.py for tasks to queue
[2026-06-29T18:48:41.445+0000] {logging_mixin.py:190} INFO - [2026-06-29T18:48:41.444+0000] {dagbag.py:588} INFO - Filling up the DagBag from /opt/airflow/dags/urban_data_streaming_dag.py
[2026-06-29T18:48:41.483+0000] {processor.py:925} INFO - DAG(s) 'urban_data_streaming_demo' retrieved from /opt/airflow/dags/urban_data_streaming_dag.py
[2026-06-29T18:48:41.519+0000] {logging_mixin.py:190} INFO - [2026-06-29T18:48:41.519+0000] {dag.py:3239} INFO - Sync 1 DAGs
[2026-06-29T18:48:41.533+0000] {logging_mixin.py:190} INFO - [2026-06-29T18:48:41.533+0000] {dag.py:4180} INFO - Setting next_dagrun for urban_data_streaming_demo to None, run_after=None
[2026-06-29T18:48:41.557+0000] {processor.py:208} INFO - Processing /opt/airflow/dags/urban_data_streaming_dag.py took 0.141 seconds
[2026-06-29T18:49:12.290+0000] {processor.py:186} INFO - Started process (PID=14193) to work on /opt/airflow/dags/urban_data_streaming_dag.py
[2026-06-29T18:49:12.292+0000] {processor.py:914} INFO - Processing file /opt/airflow/dags/urban_data_streaming_dag.py for tasks to queue
[2026-06-29T18:49:12.296+0000] {logging_mixin.py:190} INFO - [2026-06-29T18:49:12.295+0000] {dagbag.py:588} INFO - Filling up the DagBag from /opt/airflow/dags/urban_data_streaming_dag.py
[2026-06-29T18:49:12.392+0000] {processor.py:925} INFO - DAG(s) 'urban_data_streaming_demo' retrieved from /opt/airflow/dags/urban_data_streaming_dag.py
[2026-06-29T18:49:12.490+0000] {logging_mixin.py:190} INFO - [2026-06-29T18:49:12.489+0000] {dag.py:3239} INFO - Sync 1 DAGs
[2026-06-29T18:49:12.512+0000] {logging_mixin.py:190} INFO - [2026-06-29T18:49:12.511+0000] {dag.py:4180} INFO - Setting next_dagrun for urban_data_streaming_demo to None, run_after=None
[2026-06-29T18:49:12.538+0000] {processor.py:208} INFO - Processing /opt/airflow/dags/urban_data_streaming_dag.py took 0.259 seconds
[2026-06-29T18:49:43.446+0000] {processor.py:186} INFO - Started process (PID=14211) to work on /opt/airflow/dags/urban_data_streaming_dag.py
[2026-06-29T18:49:43.449+0000] {processor.py:914} INFO - Processing file /opt/airflow/dags/urban_data_streaming_dag.py for tasks to queue
[2026-06-29T18:49:43.455+0000] {logging_mixin.py:190} INFO - [2026-06-29T18:49:43.454+0000] {dagbag.py:588} INFO - Filling up the DagBag from /opt/airflow/dags/urban_data_streaming_dag.py
[2026-06-29T18:49:43.507+0000] {processor.py:925} INFO - DAG(s) 'urban_data_streaming_demo' retrieved from /opt/airflow/dags/urban_data_streaming_dag.py
[2026-06-29T18:49:43.539+0000] {logging_mixin.py:190} INFO - [2026-06-29T18:49:43.539+0000] {dag.py:3239} INFO - Sync 1 DAGs
[2026-06-29T18:49:43.554+0000] {logging_mixin.py:190} INFO - [2026-06-29T18:49:43.554+0000] {dag.py:4180} INFO - Setting next_dagrun for urban_data_streaming_demo to None, run_after=None
[2026-06-29T18:49:43.577+0000] {processor.py:208} INFO - Processing /opt/airflow/dags/urban_data_streaming_dag.py took 0.147 seconds
[2026-06-29T18:50:14.391+0000] {processor.py:186} INFO - Started process (PID=14229) to work on /opt/airflow/dags/urban_data_streaming_dag.py
[2026-06-29T18:50:14.396+0000] {processor.py:914} INFO - Processing file /opt/airflow/dags/urban_data_streaming_dag.py for tasks to queue
[2026-06-29T18:50:14.408+0000] {logging_mixin.py:190} INFO - [2026-06-29T18:50:14.406+0000] {dagbag.py:588} INFO - Filling up the DagBag from /opt/airflow/dags/urban_data_streaming_dag.py
[2026-06-29T18:50:14.489+0000] {processor.py:925} INFO - DAG(s) 'urban_data_streaming_demo' retrieved from /opt/airflow/dags/urban_data_streaming_dag.py
[2026-06-29T18:50:14.526+0000] {logging_mixin.py:190} INFO - [2026-06-29T18:50:14.526+0000] {dag.py:3239} INFO - Sync 1 DAGs
[2026-06-29T18:50:14.543+0000] {logging_mixin.py:190} INFO - [2026-06-29T18:50:14.543+0000] {dag.py:4180} INFO - Setting next_dagrun for urban_data_streaming_demo to None, run_after=None
[2026-06-29T18:50:14.567+0000] {processor.py:208} INFO - Processing /opt/airflow/dags/urban_data_streaming_dag.py took 0.208 seconds
[2026-06-29T18:50:45.486+0000] {processor.py:186} INFO - Started process (PID=14247) to work on /opt/airflow/dags/urban_data_streaming_dag.py
[2026-06-29T18:50:45.487+0000] {processor.py:914} INFO - Processing file /opt/airflow/dags/urban_data_streaming_dag.py for tasks to queue
[2026-06-29T18:50:45.493+0000] {logging_mixin.py:190} INFO - [2026-06-29T18:50:45.492+0000] {dagbag.py:588} INFO - Filling up the DagBag from /opt/airflow/dags/urban_data_streaming_dag.py
[2026-06-29T18:50:45.521+0000] {processor.py:925} INFO - DAG(s) 'urban_data_streaming_demo' retrieved from /opt/airflow/dags/urban_data_streaming_dag.py
[2026-06-29T18:50:45.551+0000] {logging_mixin.py:190} INFO - [2026-06-29T18:50:45.551+0000] {dag.py:3239} INFO - Sync 1 DAGs
[2026-06-29T18:50:45.566+0000] {logging_mixin.py:190} INFO - [2026-06-29T18:50:45.566+0000] {dag.py:4180} INFO - Setting next_dagrun for urban_data_streaming_demo to None, run_after=None
[2026-06-29T18:50:45.587+0000] {processor.py:208} INFO - Processing /opt/airflow/dags/urban_data_streaming_dag.py took 0.109 seconds
[2026-06-29T18:51:16.273+0000] {processor.py:186} INFO - Started process (PID=14265) to work on /opt/airflow/dags/urban_data_streaming_dag.py
[2026-06-29T18:51:16.277+0000] {processor.py:914} INFO - Processing file /opt/airflow/dags/urban_data_streaming_dag.py for tasks to queue
[2026-06-29T18:51:16.280+0000] {logging_mixin.py:190} INFO - [2026-06-29T18:51:16.279+0000] {dagbag.py:588} INFO - Filling up the DagBag from /opt/airflow/dags/urban_data_streaming_dag.py
[2026-06-29T18:51:16.366+0000] {processor.py:925} INFO - DAG(s) 'urban_data_streaming_demo' retrieved from /opt/airflow/dags/urban_data_streaming_dag.py
[2026-06-29T18:51:16.453+0000] {logging_mixin.py:190} INFO - [2026-06-29T18:51:16.452+0000] {dag.py:3239} INFO - Sync 1 DAGs
[2026-06-29T18:51:16.475+0000] {logging_mixin.py:190} INFO - [2026-06-29T18:51:16.475+0000] {dag.py:4180} INFO - Setting next_dagrun for urban_data_streaming_demo to None, run_after=None
[2026-06-29T18:51:16.501+0000] {processor.py:208} INFO - Processing /opt/airflow/dags/urban_data_streaming_dag.py took 0.233 seconds
[2026-06-29T18:51:47.460+0000] {processor.py:186} INFO - Started process (PID=14282) to work on /opt/airflow/dags/urban_data_streaming_dag.py
[2026-06-29T18:51:47.464+0000] {processor.py:914} INFO - Processing file /opt/airflow/dags/urban_data_streaming_dag.py for tasks to queue
[2026-06-29T18:51:47.468+0000] {logging_mixin.py:190} INFO - [2026-06-29T18:51:47.468+0000] {dagbag.py:588} INFO - Filling up the DagBag from /opt/airflow/dags/urban_data_streaming_dag.py
[2026-06-29T18:51:47.498+0000] {processor.py:925} INFO - DAG(s) 'urban_data_streaming_demo' retrieved from /opt/airflow/dags/urban_data_streaming_dag.py
[2026-06-29T18:51:47.530+0000] {logging_mixin.py:190} INFO - [2026-06-29T18:51:47.530+0000] {dag.py:3239} INFO - Sync 1 DAGs
[2026-06-29T18:51:47.544+0000] {logging_mixin.py:190} INFO - [2026-06-29T18:51:47.544+0000] {dag.py:4180} INFO - Setting next_dagrun for urban_data_streaming_demo to None, run_after=None
[2026-06-29T18:51:47.571+0000] {processor.py:208} INFO - Processing /opt/airflow/dags/urban_data_streaming_dag.py took 0.120 seconds
[2026-06-29T18:52:18.279+0000] {processor.py:186} INFO - Started process (PID=14293) to work on /opt/airflow/dags/urban_data_streaming_dag.py
[2026-06-29T18:52:18.282+0000] {processor.py:914} INFO - Processing file /opt/airflow/dags/urban_data_streaming_dag.py for tasks to queue
[2026-06-29T18:52:18.288+0000] {logging_mixin.py:190} INFO - [2026-06-29T18:52:18.287+0000] {dagbag.py:588} INFO - Filling up the DagBag from /opt/airflow/dags/urban_data_streaming_dag.py
[2026-06-29T18:52:18.323+0000] {processor.py:925} INFO - DAG(s) 'urban_data_streaming_demo' retrieved from /opt/airflow/dags/urban_data_streaming_dag.py
[2026-06-29T18:52:18.363+0000] {logging_mixin.py:190} INFO - [2026-06-29T18:52:18.363+0000] {dag.py:3239} INFO - Sync 1 DAGs
[2026-06-29T18:52:18.378+0000] {logging_mixin.py:190} INFO - [2026-06-29T18:52:18.378+0000] {dag.py:4180} INFO - Setting next_dagrun for urban_data_streaming_demo to None, run_after=None
[2026-06-29T18:52:18.400+0000] {processor.py:208} INFO - Processing /opt/airflow/dags/urban_data_streaming_dag.py took 0.133 seconds
[2026-06-29T18:52:49.220+0000] {processor.py:186} INFO - Started process (PID=14311) to work on /opt/airflow/dags/urban_data_streaming_dag.py
[2026-06-29T18:52:49.223+0000] {processor.py:914} INFO - Processing file /opt/airflow/dags/urban_data_streaming_dag.py for tasks to queue
[2026-06-29T18:52:49.226+0000] {logging_mixin.py:190} INFO - [2026-06-29T18:52:49.226+0000] {dagbag.py:588} INFO - Filling up the DagBag from /opt/airflow/dags/urban_data_streaming_dag.py
[2026-06-29T18:52:49.255+0000] {processor.py:925} INFO - DAG(s) 'urban_data_streaming_demo' retrieved from /opt/airflow/dags/urban_data_streaming_dag.py
[2026-06-29T18:52:49.295+0000] {logging_mixin.py:190} INFO - [2026-06-29T18:52:49.295+0000] {dag.py:3239} INFO - Sync 1 DAGs
[2026-06-29T18:52:49.310+0000] {logging_mixin.py:190} INFO - [2026-06-29T18:52:49.309+0000] {dag.py:4180} INFO - Setting next_dagrun for urban_data_streaming_demo to None, run_after=None
[2026-06-29T18:52:49.336+0000] {processor.py:208} INFO - Processing /opt/airflow/dags/urban_data_streaming_dag.py took 0.122 seconds
[2026-06-29T18:53:20.308+0000] {processor.py:186} INFO - Started process (PID=14329) to work on /opt/airflow/dags/urban_data_streaming_dag.py
[2026-06-29T18:53:20.310+0000] {processor.py:914} INFO - Processing file /opt/airflow/dags/urban_data_streaming_dag.py for tasks to queue
[2026-06-29T18:53:20.316+0000] {logging_mixin.py:190} INFO - [2026-06-29T18:53:20.316+0000] {dagbag.py:588} INFO - Filling up the DagBag from /opt/airflow/dags/urban_data_streaming_dag.py
[2026-06-29T18:53:20.353+0000] {processor.py:925} INFO - DAG(s) 'urban_data_streaming_demo' retrieved from /opt/airflow/dags/urban_data_streaming_dag.py
[2026-06-29T18:53:20.389+0000] {logging_mixin.py:190} INFO - [2026-06-29T18:53:20.389+0000] {dag.py:3239} INFO - Sync 1 DAGs
[2026-06-29T18:53:20.403+0000] {logging_mixin.py:190} INFO - [2026-06-29T18:53:20.403+0000] {dag.py:4180} INFO - Setting next_dagrun for urban_data_streaming_demo to None, run_after=None
[2026-06-29T18:53:20.423+0000] {processor.py:208} INFO - Processing /opt/airflow/dags/urban_data_streaming_dag.py took 0.125 seconds
[2026-06-29T18:53:51.117+0000] {processor.py:186} INFO - Started process (PID=14348) to work on /opt/airflow/dags/urban_data_streaming_dag.py
[2026-06-29T18:53:51.118+0000] {processor.py:914} INFO - Processing file /opt/airflow/dags/urban_data_streaming_dag.py for tasks to queue
[2026-06-29T18:53:51.124+0000] {logging_mixin.py:190} INFO - [2026-06-29T18:53:51.123+0000] {dagbag.py:588} INFO - Filling up the DagBag from /opt/airflow/dags/urban_data_streaming_dag.py
[2026-06-29T18:53:51.174+0000] {processor.py:925} INFO - DAG(s) 'urban_data_streaming_demo' retrieved from /opt/airflow/dags/urban_data_streaming_dag.py
[2026-06-29T18:53:51.213+0000] {logging_mixin.py:190} INFO - [2026-06-29T18:53:51.213+0000] {dag.py:3239} INFO - Sync 1 DAGs
[2026-06-29T18:53:51.229+0000] {logging_mixin.py:190} INFO - [2026-06-29T18:53:51.229+0000] {dag.py:4180} INFO - Setting next_dagrun for urban_data_streaming_demo to None, run_after=None
[2026-06-29T18:53:51.254+0000] {processor.py:208} INFO - Processing /opt/airflow/dags/urban_data_streaming_dag.py took 0.147 seconds
[2026-06-29T18:54:22.177+0000] {processor.py:186} INFO - Started process (PID=14366) to work on /opt/airflow/dags/urban_data_streaming_dag.py
[2026-06-29T18:54:22.178+0000] {processor.py:914} INFO - Processing file /opt/airflow/dags/urban_data_streaming_dag.py for tasks to queue
[2026-06-29T18:54:22.184+0000] {logging_mixin.py:190} INFO - [2026-06-29T18:54:22.184+0000] {dagbag.py:588} INFO - Filling up the DagBag from /opt/airflow/dags/urban_data_streaming_dag.py
[2026-06-29T18:54:22.225+0000] {processor.py:925} INFO - DAG(s) 'urban_data_streaming_demo' retrieved from /opt/airflow/dags/urban_data_streaming_dag.py
[2026-06-29T18:54:22.258+0000] {logging_mixin.py:190} INFO - [2026-06-29T18:54:22.258+0000] {dag.py:3239} INFO - Sync 1 DAGs
[2026-06-29T18:54:22.274+0000] {logging_mixin.py:190} INFO - [2026-06-29T18:54:22.274+0000] {dag.py:4180} INFO - Setting next_dagrun for urban_data_streaming_demo to None, run_after=None
[2026-06-29T18:54:22.296+0000] {processor.py:208} INFO - Processing /opt/airflow/dags/urban_data_streaming_dag.py took 0.126 seconds
[2026-06-29T18:54:52.970+0000] {processor.py:186} INFO - Started process (PID=14384) to work on /opt/airflow/dags/urban_data_streaming_dag.py
[2026-06-29T18:54:52.973+0000] {processor.py:914} INFO - Processing file /opt/airflow/dags/urban_data_streaming_dag.py for tasks to queue
[2026-06-29T18:54:52.977+0000] {logging_mixin.py:190} INFO - [2026-06-29T18:54:52.976+0000] {dagbag.py:588} INFO - Filling up the DagBag from /opt/airflow/dags/urban_data_streaming_dag.py
[2026-06-29T18:54:53.030+0000] {processor.py:925} INFO - DAG(s) 'urban_data_streaming_demo' retrieved from /opt/airflow/dags/urban_data_streaming_dag.py
[2026-06-29T18:54:53.073+0000] {logging_mixin.py:190} INFO - [2026-06-29T18:54:53.073+0000] {dag.py:3239} INFO - Sync 1 DAGs
[2026-06-29T18:54:53.088+0000] {logging_mixin.py:190} INFO - [2026-06-29T18:54:53.088+0000] {dag.py:4180} INFO - Setting next_dagrun for urban_data_streaming_demo to None, run_after=None
[2026-06-29T18:54:53.113+0000] {processor.py:208} INFO - Processing /opt/airflow/dags/urban_data_streaming_dag.py took 0.156 seconds
[2026-06-29T18:55:24.052+0000] {processor.py:186} INFO - Started process (PID=14402) to work on /opt/airflow/dags/urban_data_streaming_dag.py
[2026-06-29T18:55:24.057+0000] {processor.py:914} INFO - Processing file /opt/airflow/dags/urban_data_streaming_dag.py for tasks to queue
[2026-06-29T18:55:24.064+0000] {logging_mixin.py:190} INFO - [2026-06-29T18:55:24.063+0000] {dagbag.py:588} INFO - Filling up the DagBag from /opt/airflow/dags/urban_data_streaming_dag.py
[2026-06-29T18:55:24.095+0000] {processor.py:925} INFO - DAG(s) 'urban_data_streaming_demo' retrieved from /opt/airflow/dags/urban_data_streaming_dag.py
[2026-06-29T18:55:24.126+0000] {logging_mixin.py:190} INFO - [2026-06-29T18:55:24.126+0000] {dag.py:3239} INFO - Sync 1 DAGs
[2026-06-29T18:55:24.140+0000] {logging_mixin.py:190} INFO - [2026-06-29T18:55:24.139+0000] {dag.py:4180} INFO - Setting next_dagrun for urban_data_streaming_demo to None, run_after=None
[2026-06-29T18:55:24.163+0000] {processor.py:208} INFO - Processing /opt/airflow/dags/urban_data_streaming_dag.py took 0.123 seconds
[2026-06-29T18:55:54.951+0000] {processor.py:186} INFO - Started process (PID=14420) to work on /opt/airflow/dags/urban_data_streaming_dag.py
[2026-06-29T18:55:54.953+0000] {processor.py:914} INFO - Processing file /opt/airflow/dags/urban_data_streaming_dag.py for tasks to queue
[2026-06-29T18:55:54.957+0000] {logging_mixin.py:190} INFO - [2026-06-29T18:55:54.956+0000] {dagbag.py:588} INFO - Filling up the DagBag from /opt/airflow/dags/urban_data_streaming_dag.py
[2026-06-29T18:55:54.985+0000] {processor.py:925} INFO - DAG(s) 'urban_data_streaming_demo' retrieved from /opt/airflow/dags/urban_data_streaming_dag.py
[2026-06-29T18:55:55.019+0000] {logging_mixin.py:190} INFO - [2026-06-29T18:55:55.019+0000] {dag.py:3239} INFO - Sync 1 DAGs
[2026-06-29T18:55:55.035+0000] {logging_mixin.py:190} INFO - [2026-06-29T18:55:55.035+0000] {dag.py:4180} INFO - Setting next_dagrun for urban_data_streaming_demo to None, run_after=None
[2026-06-29T18:55:55.060+0000] {processor.py:208} INFO - Processing /opt/airflow/dags/urban_data_streaming_dag.py took 0.117 seconds
[2026-06-29T18:56:25.741+0000] {processor.py:186} INFO - Started process (PID=14438) to work on /opt/airflow/dags/urban_data_streaming_dag.py
[2026-06-29T18:56:25.743+0000] {processor.py:914} INFO - Processing file /opt/airflow/dags/urban_data_streaming_dag.py for tasks to queue
[2026-06-29T18:56:25.746+0000] {logging_mixin.py:190} INFO - [2026-06-29T18:56:25.746+0000] {dagbag.py:588} INFO - Filling up the DagBag from /opt/airflow/dags/urban_data_streaming_dag.py
[2026-06-29T18:56:25.780+0000] {processor.py:925} INFO - DAG(s) 'urban_data_streaming_demo' retrieved from /opt/airflow/dags/urban_data_streaming_dag.py
[2026-06-29T18:56:25.819+0000] {logging_mixin.py:190} INFO - [2026-06-29T18:56:25.819+0000] {dag.py:3239} INFO - Sync 1 DAGs
[2026-06-29T18:56:25.837+0000] {logging_mixin.py:190} INFO - [2026-06-29T18:56:25.837+0000] {dag.py:4180} INFO - Setting next_dagrun for urban_data_streaming_demo to None, run_after=None
[2026-06-29T18:56:25.881+0000] {processor.py:208} INFO - Processing /opt/airflow/dags/urban_data_streaming_dag.py took 0.146 seconds
[2026-06-29T18:56:56.050+0000] {processor.py:186} INFO - Started process (PID=14455) to work on /opt/airflow/dags/urban_data_streaming_dag.py
[2026-06-29T18:56:56.053+0000] {processor.py:914} INFO - Processing file /opt/airflow/dags/urban_data_streaming_dag.py for tasks to queue
[2026-06-29T18:56:56.056+0000] {logging_mixin.py:190} INFO - [2026-06-29T18:56:56.056+0000] {dagbag.py:588} INFO - Filling up the DagBag from /opt/airflow/dags/urban_data_streaming_dag.py
[2026-06-29T18:56:56.143+0000] {processor.py:925} INFO - DAG(s) 'urban_data_streaming_demo' retrieved from /opt/airflow/dags/urban_data_streaming_dag.py
[2026-06-29T18:56:56.220+0000] {logging_mixin.py:190} INFO - [2026-06-29T18:56:56.220+0000] {dag.py:3239} INFO - Sync 1 DAGs
[2026-06-29T18:56:56.238+0000] {logging_mixin.py:190} INFO - [2026-06-29T18:56:56.237+0000] {dag.py:4180} INFO - Setting next_dagrun for urban_data_streaming_demo to None, run_after=None
[2026-06-29T18:56:56.263+0000] {processor.py:208} INFO - Processing /opt/airflow/dags/urban_data_streaming_dag.py took 0.219 seconds
[2026-06-29T18:57:27.069+0000] {processor.py:186} INFO - Started process (PID=14472) to work on /opt/airflow/dags/urban_data_streaming_dag.py
[2026-06-29T18:57:27.070+0000] {processor.py:914} INFO - Processing file /opt/airflow/dags/urban_data_streaming_dag.py for tasks to queue
[2026-06-29T18:57:27.072+0000] {logging_mixin.py:190} INFO - [2026-06-29T18:57:27.072+0000] {dagbag.py:588} INFO - Filling up the DagBag from /opt/airflow/dags/urban_data_streaming_dag.py
[2026-06-29T18:57:27.103+0000] {processor.py:925} INFO - DAG(s) 'urban_data_streaming_demo' retrieved from /opt/airflow/dags/urban_data_streaming_dag.py
[2026-06-29T18:57:27.144+0000] {logging_mixin.py:190} INFO - [2026-06-29T18:57:27.144+0000] {dag.py:3239} INFO - Sync 1 DAGs
[2026-06-29T18:57:27.165+0000] {logging_mixin.py:190} INFO - [2026-06-29T18:57:27.164+0000] {dag.py:4180} INFO - Setting next_dagrun for urban_data_streaming_demo to None, run_after=None
[2026-06-29T18:57:27.196+0000] {processor.py:208} INFO - Processing /opt/airflow/dags/urban_data_streaming_dag.py took 0.133 seconds
[2026-06-29T18:57:57.876+0000] {processor.py:186} INFO - Started process (PID=14484) to work on /opt/airflow/dags/urban_data_streaming_dag.py
[2026-06-29T18:57:57.877+0000] {processor.py:914} INFO - Processing file /opt/airflow/dags/urban_data_streaming_dag.py for tasks to queue
[2026-06-29T18:57:57.880+0000] {logging_mixin.py:190} INFO - [2026-06-29T18:57:57.880+0000] {dagbag.py:588} INFO - Filling up the DagBag from /opt/airflow/dags/urban_data_streaming_dag.py
[2026-06-29T18:57:57.913+0000] {processor.py:925} INFO - DAG(s) 'urban_data_streaming_demo' retrieved from /opt/airflow/dags/urban_data_streaming_dag.py
[2026-06-29T18:57:57.943+0000] {logging_mixin.py:190} INFO - [2026-06-29T18:57:57.943+0000] {dag.py:3239} INFO - Sync 1 DAGs
[2026-06-29T18:57:57.963+0000] {logging_mixin.py:190} INFO - [2026-06-29T18:57:57.962+0000] {dag.py:4180} INFO - Setting next_dagrun for urban_data_streaming_demo to None, run_after=None
[2026-06-29T18:57:57.985+0000] {processor.py:208} INFO - Processing /opt/airflow/dags/urban_data_streaming_dag.py took 0.115 seconds
[2026-06-29T18:58:28.886+0000] {processor.py:186} INFO - Started process (PID=14502) to work on /opt/airflow/dags/urban_data_streaming_dag.py
[2026-06-29T18:58:28.888+0000] {processor.py:914} INFO - Processing file /opt/airflow/dags/urban_data_streaming_dag.py for tasks to queue
[2026-06-29T18:58:28.894+0000] {logging_mixin.py:190} INFO - [2026-06-29T18:58:28.893+0000] {dagbag.py:588} INFO - Filling up the DagBag from /opt/airflow/dags/urban_data_streaming_dag.py
[2026-06-29T18:58:28.921+0000] {processor.py:925} INFO - DAG(s) 'urban_data_streaming_demo' retrieved from /opt/airflow/dags/urban_data_streaming_dag.py
[2026-06-29T18:58:28.954+0000] {logging_mixin.py:190} INFO - [2026-06-29T18:58:28.954+0000] {dag.py:3239} INFO - Sync 1 DAGs
[2026-06-29T18:58:28.971+0000] {logging_mixin.py:190} INFO - [2026-06-29T18:58:28.971+0000] {dag.py:4180} INFO - Setting next_dagrun for urban_data_streaming_demo to None, run_after=None
[2026-06-29T18:58:28.999+0000] {processor.py:208} INFO - Processing /opt/airflow/dags/urban_data_streaming_dag.py took 0.122 seconds
[2026-06-29T18:58:59.740+0000] {processor.py:186} INFO - Started process (PID=14520) to work on /opt/airflow/dags/urban_data_streaming_dag.py
[2026-06-29T18:58:59.741+0000] {processor.py:914} INFO - Processing file /opt/airflow/dags/urban_data_streaming_dag.py for tasks to queue
[2026-06-29T18:58:59.746+0000] {logging_mixin.py:190} INFO - [2026-06-29T18:58:59.745+0000] {dagbag.py:588} INFO - Filling up the DagBag from /opt/airflow/dags/urban_data_streaming_dag.py
[2026-06-29T18:58:59.781+0000] {processor.py:925} INFO - DAG(s) 'urban_data_streaming_demo' retrieved from /opt/airflow/dags/urban_data_streaming_dag.py
[2026-06-29T18:58:59.821+0000] {logging_mixin.py:190} INFO - [2026-06-29T18:58:59.821+0000] {dag.py:3239} INFO - Sync 1 DAGs
[2026-06-29T18:58:59.839+0000] {logging_mixin.py:190} INFO - [2026-06-29T18:58:59.838+0000] {dag.py:4180} INFO - Setting next_dagrun for urban_data_streaming_demo to None, run_after=None
[2026-06-29T18:58:59.870+0000] {processor.py:208} INFO - Processing /opt/airflow/dags/urban_data_streaming_dag.py took 0.137 seconds
[2026-06-29T18:59:30.576+0000] {processor.py:186} INFO - Started process (PID=14538) to work on /opt/airflow/dags/urban_data_streaming_dag.py
[2026-06-29T18:59:30.577+0000] {processor.py:914} INFO - Processing file /opt/airflow/dags/urban_data_streaming_dag.py for tasks to queue
[2026-06-29T18:59:30.581+0000] {logging_mixin.py:190} INFO - [2026-06-29T18:59:30.580+0000] {dagbag.py:588} INFO - Filling up the DagBag from /opt/airflow/dags/urban_data_streaming_dag.py
[2026-06-29T18:59:30.614+0000] {processor.py:925} INFO - DAG(s) 'urban_data_streaming_demo' retrieved from /opt/airflow/dags/urban_data_streaming_dag.py
[2026-06-29T18:59:30.654+0000] {logging_mixin.py:190} INFO - [2026-06-29T18:59:30.654+0000] {dag.py:3239} INFO - Sync 1 DAGs
[2026-06-29T18:59:30.670+0000] {logging_mixin.py:190} INFO - [2026-06-29T18:59:30.670+0000] {dag.py:4180} INFO - Setting next_dagrun for urban_data_streaming_demo to None, run_after=None
[2026-06-29T18:59:30.694+0000] {processor.py:208} INFO - Processing /opt/airflow/dags/urban_data_streaming_dag.py took 0.125 seconds
[2026-06-29T19:00:01.298+0000] {processor.py:186} INFO - Started process (PID=14556) to work on /opt/airflow/dags/urban_data_streaming_dag.py
[2026-06-29T19:00:01.300+0000] {processor.py:914} INFO - Processing file /opt/airflow/dags/urban_data_streaming_dag.py for tasks to queue
[2026-06-29T19:00:01.302+0000] {logging_mixin.py:190} INFO - [2026-06-29T19:00:01.302+0000] {dagbag.py:588} INFO - Filling up the DagBag from /opt/airflow/dags/urban_data_streaming_dag.py
[2026-06-29T19:00:01.341+0000] {processor.py:925} INFO - DAG(s) 'urban_data_streaming_demo' retrieved from /opt/airflow/dags/urban_data_streaming_dag.py
[2026-06-29T19:00:01.390+0000] {logging_mixin.py:190} INFO - [2026-06-29T19:00:01.390+0000] {dag.py:3239} INFO - Sync 1 DAGs
[2026-06-29T19:00:01.408+0000] {logging_mixin.py:190} INFO - [2026-06-29T19:00:01.407+0000] {dag.py:4180} INFO - Setting next_dagrun for urban_data_streaming_demo to None, run_after=None
[2026-06-29T19:00:01.433+0000] {processor.py:208} INFO - Processing /opt/airflow/dags/urban_data_streaming_dag.py took 0.142 seconds
[2026-06-29T19:00:31.610+0000] {processor.py:186} INFO - Started process (PID=14574) to work on /opt/airflow/dags/urban_data_streaming_dag.py
[2026-06-29T19:00:31.611+0000] {processor.py:914} INFO - Processing file /opt/airflow/dags/urban_data_streaming_dag.py for tasks to queue
[2026-06-29T19:00:31.614+0000] {logging_mixin.py:190} INFO - [2026-06-29T19:00:31.614+0000] {dagbag.py:588} INFO - Filling up the DagBag from /opt/airflow/dags/urban_data_streaming_dag.py
[2026-06-29T19:00:31.642+0000] {processor.py:925} INFO - DAG(s) 'urban_data_streaming_demo' retrieved from /opt/airflow/dags/urban_data_streaming_dag.py
[2026-06-29T19:00:31.676+0000] {logging_mixin.py:190} INFO - [2026-06-29T19:00:31.675+0000] {dag.py:3239} INFO - Sync 1 DAGs
[2026-06-29T19:00:31.694+0000] {logging_mixin.py:190} INFO - [2026-06-29T19:00:31.694+0000] {dag.py:4180} INFO - Setting next_dagrun for urban_data_streaming_demo to None, run_after=None
[2026-06-29T19:00:31.719+0000] {processor.py:208} INFO - Processing /opt/airflow/dags/urban_data_streaming_dag.py took 0.116 seconds
[2026-06-29T19:01:01.926+0000] {processor.py:186} INFO - Started process (PID=14592) to work on /opt/airflow/dags/urban_data_streaming_dag.py
[2026-06-29T19:01:01.928+0000] {processor.py:914} INFO - Processing file /opt/airflow/dags/urban_data_streaming_dag.py for tasks to queue
[2026-06-29T19:01:01.932+0000] {logging_mixin.py:190} INFO - [2026-06-29T19:01:01.931+0000] {dagbag.py:588} INFO - Filling up the DagBag from /opt/airflow/dags/urban_data_streaming_dag.py
[2026-06-29T19:01:01.978+0000] {processor.py:925} INFO - DAG(s) 'urban_data_streaming_demo' retrieved from /opt/airflow/dags/urban_data_streaming_dag.py
[2026-06-29T19:01:02.014+0000] {logging_mixin.py:190} INFO - [2026-06-29T19:01:02.014+0000] {dag.py:3239} INFO - Sync 1 DAGs
[2026-06-29T19:01:02.032+0000] {logging_mixin.py:190} INFO - [2026-06-29T19:01:02.032+0000] {dag.py:4180} INFO - Setting next_dagrun for urban_data_streaming_demo to None, run_after=None
[2026-06-29T19:01:02.058+0000] {processor.py:208} INFO - Processing /opt/airflow/dags/urban_data_streaming_dag.py took 0.138 seconds
[2026-06-29T19:01:32.515+0000] {processor.py:186} INFO - Started process (PID=14610) to work on /opt/airflow/dags/urban_data_streaming_dag.py
[2026-06-29T19:01:32.516+0000] {processor.py:914} INFO - Processing file /opt/airflow/dags/urban_data_streaming_dag.py for tasks to queue
[2026-06-29T19:01:32.524+0000] {logging_mixin.py:190} INFO - [2026-06-29T19:01:32.523+0000] {dagbag.py:588} INFO - Filling up the DagBag from /opt/airflow/dags/urban_data_streaming_dag.py
[2026-06-29T19:01:32.548+0000] {processor.py:925} INFO - DAG(s) 'urban_data_streaming_demo' retrieved from /opt/airflow/dags/urban_data_streaming_dag.py
[2026-06-29T19:01:32.580+0000] {logging_mixin.py:190} INFO - [2026-06-29T19:01:32.580+0000] {dag.py:3239} INFO - Sync 1 DAGs
[2026-06-29T19:01:32.596+0000] {logging_mixin.py:190} INFO - [2026-06-29T19:01:32.595+0000] {dag.py:4180} INFO - Setting next_dagrun for urban_data_streaming_demo to None, run_after=None
[2026-06-29T19:01:32.622+0000] {processor.py:208} INFO - Processing /opt/airflow/dags/urban_data_streaming_dag.py took 0.120 seconds
[2026-06-29T19:02:03.337+0000] {processor.py:186} INFO - Started process (PID=14628) to work on /opt/airflow/dags/urban_data_streaming_dag.py
[2026-06-29T19:02:03.338+0000] {processor.py:914} INFO - Processing file /opt/airflow/dags/urban_data_streaming_dag.py for tasks to queue
[2026-06-29T19:02:03.343+0000] {logging_mixin.py:190} INFO - [2026-06-29T19:02:03.342+0000] {dagbag.py:588} INFO - Filling up the DagBag from /opt/airflow/dags/urban_data_streaming_dag.py
[2026-06-29T19:02:03.445+0000] {processor.py:925} INFO - DAG(s) 'urban_data_streaming_demo' retrieved from /opt/airflow/dags/urban_data_streaming_dag.py
[2026-06-29T19:02:03.555+0000] {logging_mixin.py:190} INFO - [2026-06-29T19:02:03.555+0000] {dag.py:3239} INFO - Sync 1 DAGs
[2026-06-29T19:02:03.581+0000] {logging_mixin.py:190} INFO - [2026-06-29T19:02:03.581+0000] {dag.py:4180} INFO - Setting next_dagrun for urban_data_streaming_demo to None, run_after=None
[2026-06-29T19:02:03.610+0000] {processor.py:208} INFO - Processing /opt/airflow/dags/urban_data_streaming_dag.py took 0.283 seconds
[2026-06-29T19:02:34.533+0000] {processor.py:186} INFO - Started process (PID=14645) to work on /opt/airflow/dags/urban_data_streaming_dag.py
[2026-06-29T19:02:34.535+0000] {processor.py:914} INFO - Processing file /opt/airflow/dags/urban_data_streaming_dag.py for tasks to queue
[2026-06-29T19:02:34.541+0000] {logging_mixin.py:190} INFO - [2026-06-29T19:02:34.540+0000] {dagbag.py:588} INFO - Filling up the DagBag from /opt/airflow/dags/urban_data_streaming_dag.py
[2026-06-29T19:02:34.578+0000] {processor.py:925} INFO - DAG(s) 'urban_data_streaming_demo' retrieved from /opt/airflow/dags/urban_data_streaming_dag.py
[2026-06-29T19:02:34.610+0000] {logging_mixin.py:190} INFO - [2026-06-29T19:02:34.610+0000] {dag.py:3239} INFO - Sync 1 DAGs
[2026-06-29T19:02:34.626+0000] {logging_mixin.py:190} INFO - [2026-06-29T19:02:34.626+0000] {dag.py:4180} INFO - Setting next_dagrun for urban_data_streaming_demo to None, run_after=None
[2026-06-29T19:02:34.651+0000] {processor.py:208} INFO - Processing /opt/airflow/dags/urban_data_streaming_dag.py took 0.133 seconds
[2026-06-29T19:03:05.472+0000] {processor.py:186} INFO - Started process (PID=14663) to work on /opt/airflow/dags/urban_data_streaming_dag.py
[2026-06-29T19:03:05.473+0000] {processor.py:914} INFO - Processing file /opt/airflow/dags/urban_data_streaming_dag.py for tasks to queue
[2026-06-29T19:03:05.476+0000] {logging_mixin.py:190} INFO - [2026-06-29T19:03:05.476+0000] {dagbag.py:588} INFO - Filling up the DagBag from /opt/airflow/dags/urban_data_streaming_dag.py
[2026-06-29T19:03:05.507+0000] {processor.py:925} INFO - DAG(s) 'urban_data_streaming_demo' retrieved from /opt/airflow/dags/urban_data_streaming_dag.py
[2026-06-29T19:03:05.543+0000] {logging_mixin.py:190} INFO - [2026-06-29T19:03:05.543+0000] {dag.py:3239} INFO - Sync 1 DAGs
[2026-06-29T19:03:05.565+0000] {logging_mixin.py:190} INFO - [2026-06-29T19:03:05.565+0000] {dag.py:4180} INFO - Setting next_dagrun for urban_data_streaming_demo to None, run_after=None
[2026-06-29T19:03:05.598+0000] {processor.py:208} INFO - Processing /opt/airflow/dags/urban_data_streaming_dag.py took 0.133 seconds
[2026-06-29T19:03:36.732+0000] {processor.py:186} INFO - Started process (PID=14674) to work on /opt/airflow/dags/urban_data_streaming_dag.py
[2026-06-29T19:03:36.735+0000] {processor.py:914} INFO - Processing file /opt/airflow/dags/urban_data_streaming_dag.py for tasks to queue
[2026-06-29T19:03:36.740+0000] {logging_mixin.py:190} INFO - [2026-06-29T19:03:36.740+0000] {dagbag.py:588} INFO - Filling up the DagBag from /opt/airflow/dags/urban_data_streaming_dag.py
[2026-06-29T19:03:36.770+0000] {processor.py:925} INFO - DAG(s) 'urban_data_streaming_demo' retrieved from /opt/airflow/dags/urban_data_streaming_dag.py
[2026-06-29T19:03:36.810+0000] {logging_mixin.py:190} INFO - [2026-06-29T19:03:36.810+0000] {dag.py:3239} INFO - Sync 1 DAGs
[2026-06-29T19:03:36.827+0000] {logging_mixin.py:190} INFO - [2026-06-29T19:03:36.827+0000] {dag.py:4180} INFO - Setting next_dagrun for urban_data_streaming_demo to None, run_after=None
[2026-06-29T19:03:36.873+0000] {processor.py:208} INFO - Processing /opt/airflow/dags/urban_data_streaming_dag.py took 0.154 seconds
[2026-06-29T19:04:07.114+0000] {processor.py:186} INFO - Started process (PID=14692) to work on /opt/airflow/dags/urban_data_streaming_dag.py
[2026-06-29T19:04:07.115+0000] {processor.py:914} INFO - Processing file /opt/airflow/dags/urban_data_streaming_dag.py for tasks to queue
[2026-06-29T19:04:07.122+0000] {logging_mixin.py:190} INFO - [2026-06-29T19:04:07.122+0000] {dagbag.py:588} INFO - Filling up the DagBag from /opt/airflow/dags/urban_data_streaming_dag.py
[2026-06-29T19:04:07.159+0000] {processor.py:925} INFO - DAG(s) 'urban_data_streaming_demo' retrieved from /opt/airflow/dags/urban_data_streaming_dag.py
[2026-06-29T19:04:07.212+0000] {logging_mixin.py:190} INFO - [2026-06-29T19:04:07.212+0000] {dag.py:3239} INFO - Sync 1 DAGs
[2026-06-29T19:04:07.237+0000] {logging_mixin.py:190} INFO - [2026-06-29T19:04:07.236+0000] {dag.py:4180} INFO - Setting next_dagrun for urban_data_streaming_demo to None, run_after=None
[2026-06-29T19:04:07.312+0000] {processor.py:208} INFO - Processing /opt/airflow/dags/urban_data_streaming_dag.py took 0.206 seconds
[2026-06-29T19:04:37.504+0000] {processor.py:186} INFO - Started process (PID=14710) to work on /opt/airflow/dags/urban_data_streaming_dag.py
[2026-06-29T19:04:37.506+0000] {processor.py:914} INFO - Processing file /opt/airflow/dags/urban_data_streaming_dag.py for tasks to queue
[2026-06-29T19:04:37.511+0000] {logging_mixin.py:190} INFO - [2026-06-29T19:04:37.510+0000] {dagbag.py:588} INFO - Filling up the DagBag from /opt/airflow/dags/urban_data_streaming_dag.py
[2026-06-29T19:04:37.562+0000] {processor.py:925} INFO - DAG(s) 'urban_data_streaming_demo' retrieved from /opt/airflow/dags/urban_data_streaming_dag.py
[2026-06-29T19:04:37.606+0000] {logging_mixin.py:190} INFO - [2026-06-29T19:04:37.606+0000] {dag.py:3239} INFO - Sync 1 DAGs
[2026-06-29T19:04:37.624+0000] {logging_mixin.py:190} INFO - [2026-06-29T19:04:37.623+0000] {dag.py:4180} INFO - Setting next_dagrun for urban_data_streaming_demo to None, run_after=None
[2026-06-29T19:04:37.649+0000] {processor.py:208} INFO - Processing /opt/airflow/dags/urban_data_streaming_dag.py took 0.156 seconds
[2026-06-29T19:05:08.549+0000] {processor.py:186} INFO - Started process (PID=14728) to work on /opt/airflow/dags/urban_data_streaming_dag.py
[2026-06-29T19:05:08.550+0000] {processor.py:914} INFO - Processing file /opt/airflow/dags/urban_data_streaming_dag.py for tasks to queue
[2026-06-29T19:05:08.552+0000] {logging_mixin.py:190} INFO - [2026-06-29T19:05:08.552+0000] {dagbag.py:588} INFO - Filling up the DagBag from /opt/airflow/dags/urban_data_streaming_dag.py
[2026-06-29T19:05:08.577+0000] {processor.py:925} INFO - DAG(s) 'urban_data_streaming_demo' retrieved from /opt/airflow/dags/urban_data_streaming_dag.py
[2026-06-29T19:05:08.608+0000] {logging_mixin.py:190} INFO - [2026-06-29T19:05:08.608+0000] {dag.py:3239} INFO - Sync 1 DAGs
[2026-06-29T19:05:08.624+0000] {logging_mixin.py:190} INFO - [2026-06-29T19:05:08.623+0000] {dag.py:4180} INFO - Setting next_dagrun for urban_data_streaming_demo to None, run_after=None
[2026-06-29T19:05:08.647+0000] {processor.py:208} INFO - Processing /opt/airflow/dags/urban_data_streaming_dag.py took 0.104 seconds
[2026-06-29T19:05:38.775+0000] {processor.py:186} INFO - Started process (PID=14746) to work on /opt/airflow/dags/urban_data_streaming_dag.py
[2026-06-29T19:05:38.777+0000] {processor.py:914} INFO - Processing file /opt/airflow/dags/urban_data_streaming_dag.py for tasks to queue
[2026-06-29T19:05:38.780+0000] {logging_mixin.py:190} INFO - [2026-06-29T19:05:38.780+0000] {dagbag.py:588} INFO - Filling up the DagBag from /opt/airflow/dags/urban_data_streaming_dag.py
[2026-06-29T19:05:38.804+0000] {processor.py:925} INFO - DAG(s) 'urban_data_streaming_demo' retrieved from /opt/airflow/dags/urban_data_streaming_dag.py
[2026-06-29T19:05:38.838+0000] {logging_mixin.py:190} INFO - [2026-06-29T19:05:38.837+0000] {dag.py:3239} INFO - Sync 1 DAGs
[2026-06-29T19:05:38.853+0000] {logging_mixin.py:190} INFO - [2026-06-29T19:05:38.852+0000] {dag.py:4180} INFO - Setting next_dagrun for urban_data_streaming_demo to None, run_after=None
[2026-06-29T19:05:38.875+0000] {processor.py:208} INFO - Processing /opt/airflow/dags/urban_data_streaming_dag.py took 0.106 seconds
[2026-06-29T19:06:09.108+0000] {processor.py:186} INFO - Started process (PID=14764) to work on /opt/airflow/dags/urban_data_streaming_dag.py
[2026-06-29T19:06:09.111+0000] {processor.py:914} INFO - Processing file /opt/airflow/dags/urban_data_streaming_dag.py for tasks to queue
[2026-06-29T19:06:09.117+0000] {logging_mixin.py:190} INFO - [2026-06-29T19:06:09.116+0000] {dagbag.py:588} INFO - Filling up the DagBag from /opt/airflow/dags/urban_data_streaming_dag.py
[2026-06-29T19:06:09.166+0000] {processor.py:925} INFO - DAG(s) 'urban_data_streaming_demo' retrieved from /opt/airflow/dags/urban_data_streaming_dag.py
[2026-06-29T19:06:09.200+0000] {logging_mixin.py:190} INFO - [2026-06-29T19:06:09.199+0000] {dag.py:3239} INFO - Sync 1 DAGs
[2026-06-29T19:06:09.214+0000] {logging_mixin.py:190} INFO - [2026-06-29T19:06:09.214+0000] {dag.py:4180} INFO - Setting next_dagrun for urban_data_streaming_demo to None, run_after=None
[2026-06-29T19:06:09.236+0000] {processor.py:208} INFO - Processing /opt/airflow/dags/urban_data_streaming_dag.py took 0.145 seconds
[2026-06-29T19:06:39.430+0000] {processor.py:186} INFO - Started process (PID=14782) to work on /opt/airflow/dags/urban_data_streaming_dag.py
[2026-06-29T19:06:39.433+0000] {processor.py:914} INFO - Processing file /opt/airflow/dags/urban_data_streaming_dag.py for tasks to queue
[2026-06-29T19:06:39.437+0000] {logging_mixin.py:190} INFO - [2026-06-29T19:06:39.437+0000] {dagbag.py:588} INFO - Filling up the DagBag from /opt/airflow/dags/urban_data_streaming_dag.py
[2026-06-29T19:06:39.465+0000] {processor.py:925} INFO - DAG(s) 'urban_data_streaming_demo' retrieved from /opt/airflow/dags/urban_data_streaming_dag.py
[2026-06-29T19:06:39.497+0000] {logging_mixin.py:190} INFO - [2026-06-29T19:06:39.497+0000] {dag.py:3239} INFO - Sync 1 DAGs
[2026-06-29T19:06:39.515+0000] {logging_mixin.py:190} INFO - [2026-06-29T19:06:39.515+0000] {dag.py:4180} INFO - Setting next_dagrun for urban_data_streaming_demo to None, run_after=None
[2026-06-29T19:06:39.540+0000] {processor.py:208} INFO - Processing /opt/airflow/dags/urban_data_streaming_dag.py took 0.122 seconds
[2026-06-29T19:07:09.814+0000] {processor.py:186} INFO - Started process (PID=14800) to work on /opt/airflow/dags/urban_data_streaming_dag.py
[2026-06-29T19:07:09.816+0000] {processor.py:914} INFO - Processing file /opt/airflow/dags/urban_data_streaming_dag.py for tasks to queue
[2026-06-29T19:07:09.823+0000] {logging_mixin.py:190} INFO - [2026-06-29T19:07:09.822+0000] {dagbag.py:588} INFO - Filling up the DagBag from /opt/airflow/dags/urban_data_streaming_dag.py
[2026-06-29T19:07:09.852+0000] {processor.py:925} INFO - DAG(s) 'urban_data_streaming_demo' retrieved from /opt/airflow/dags/urban_data_streaming_dag.py
[2026-06-29T19:07:09.904+0000] {logging_mixin.py:190} INFO - [2026-06-29T19:07:09.904+0000] {dag.py:3239} INFO - Sync 1 DAGs
[2026-06-29T19:07:09.935+0000] {logging_mixin.py:190} INFO - [2026-06-29T19:07:09.935+0000] {dag.py:4180} INFO - Setting next_dagrun for urban_data_streaming_demo to None, run_after=None
[2026-06-29T19:07:09.974+0000] {processor.py:208} INFO - Processing /opt/airflow/dags/urban_data_streaming_dag.py took 0.172 seconds
[2026-06-29T19:07:40.725+0000] {processor.py:186} INFO - Started process (PID=14817) to work on /opt/airflow/dags/urban_data_streaming_dag.py
[2026-06-29T19:07:40.727+0000] {processor.py:914} INFO - Processing file /opt/airflow/dags/urban_data_streaming_dag.py for tasks to queue
[2026-06-29T19:07:40.730+0000] {logging_mixin.py:190} INFO - [2026-06-29T19:07:40.729+0000] {dagbag.py:588} INFO - Filling up the DagBag from /opt/airflow/dags/urban_data_streaming_dag.py
[2026-06-29T19:07:40.755+0000] {processor.py:925} INFO - DAG(s) 'urban_data_streaming_demo' retrieved from /opt/airflow/dags/urban_data_streaming_dag.py
[2026-06-29T19:07:40.793+0000] {logging_mixin.py:190} INFO - [2026-06-29T19:07:40.793+0000] {dag.py:3239} INFO - Sync 1 DAGs
[2026-06-29T19:07:40.812+0000] {logging_mixin.py:190} INFO - [2026-06-29T19:07:40.812+0000] {dag.py:4180} INFO - Setting next_dagrun for urban_data_streaming_demo to None, run_after=None
[2026-06-29T19:07:40.843+0000] {processor.py:208} INFO - Processing /opt/airflow/dags/urban_data_streaming_dag.py took 0.127 seconds
[2026-06-29T19:08:11.076+0000] {processor.py:186} INFO - Started process (PID=14828) to work on /opt/airflow/dags/urban_data_streaming_dag.py
[2026-06-29T19:08:11.077+0000] {processor.py:914} INFO - Processing file /opt/airflow/dags/urban_data_streaming_dag.py for tasks to queue
[2026-06-29T19:08:11.084+0000] {logging_mixin.py:190} INFO - [2026-06-29T19:08:11.083+0000] {dagbag.py:588} INFO - Filling up the DagBag from /opt/airflow/dags/urban_data_streaming_dag.py
[2026-06-29T19:08:11.117+0000] {processor.py:925} INFO - DAG(s) 'urban_data_streaming_demo' retrieved from /opt/airflow/dags/urban_data_streaming_dag.py
[2026-06-29T19:08:11.159+0000] {logging_mixin.py:190} INFO - [2026-06-29T19:08:11.159+0000] {dag.py:3239} INFO - Sync 1 DAGs
[2026-06-29T19:08:11.174+0000] {logging_mixin.py:190} INFO - [2026-06-29T19:08:11.173+0000] {dag.py:4180} INFO - Setting next_dagrun for urban_data_streaming_demo to None, run_after=None
[2026-06-29T19:08:11.202+0000] {processor.py:208} INFO - Processing /opt/airflow/dags/urban_data_streaming_dag.py took 0.137 seconds
[2026-06-29T19:08:41.925+0000] {processor.py:186} INFO - Started process (PID=14846) to work on /opt/airflow/dags/urban_data_streaming_dag.py
[2026-06-29T19:08:41.926+0000] {processor.py:914} INFO - Processing file /opt/airflow/dags/urban_data_streaming_dag.py for tasks to queue
[2026-06-29T19:08:41.931+0000] {logging_mixin.py:190} INFO - [2026-06-29T19:08:41.930+0000] {dagbag.py:588} INFO - Filling up the DagBag from /opt/airflow/dags/urban_data_streaming_dag.py
[2026-06-29T19:08:41.979+0000] {processor.py:925} INFO - DAG(s) 'urban_data_streaming_demo' retrieved from /opt/airflow/dags/urban_data_streaming_dag.py
[2026-06-29T19:08:42.065+0000] {logging_mixin.py:190} INFO - [2026-06-29T19:08:42.065+0000] {dag.py:3239} INFO - Sync 1 DAGs
[2026-06-29T19:08:42.082+0000] {logging_mixin.py:190} INFO - [2026-06-29T19:08:42.082+0000] {dag.py:4180} INFO - Setting next_dagrun for urban_data_streaming_demo to None, run_after=None
[2026-06-29T19:08:42.123+0000] {processor.py:208} INFO - Processing /opt/airflow/dags/urban_data_streaming_dag.py took 0.206 seconds
[2026-06-29T19:09:12.354+0000] {processor.py:186} INFO - Started process (PID=14865) to work on /opt/airflow/dags/urban_data_streaming_dag.py
[2026-06-29T19:09:12.356+0000] {processor.py:914} INFO - Processing file /opt/airflow/dags/urban_data_streaming_dag.py for tasks to queue
[2026-06-29T19:09:12.363+0000] {logging_mixin.py:190} INFO - [2026-06-29T19:09:12.362+0000] {dagbag.py:588} INFO - Filling up the DagBag from /opt/airflow/dags/urban_data_streaming_dag.py
[2026-06-29T19:09:12.393+0000] {processor.py:925} INFO - DAG(s) 'urban_data_streaming_demo' retrieved from /opt/airflow/dags/urban_data_streaming_dag.py
[2026-06-29T19:09:12.429+0000] {logging_mixin.py:190} INFO - [2026-06-29T19:09:12.428+0000] {dag.py:3239} INFO - Sync 1 DAGs
[2026-06-29T19:09:12.448+0000] {logging_mixin.py:190} INFO - [2026-06-29T19:09:12.448+0000] {dag.py:4180} INFO - Setting next_dagrun for urban_data_streaming_demo to None, run_after=None
[2026-06-29T19:09:12.476+0000] {processor.py:208} INFO - Processing /opt/airflow/dags/urban_data_streaming_dag.py took 0.139 seconds
[2026-06-29T19:09:43.137+0000] {processor.py:186} INFO - Started process (PID=14883) to work on /opt/airflow/dags/urban_data_streaming_dag.py
[2026-06-29T19:09:43.139+0000] {processor.py:914} INFO - Processing file /opt/airflow/dags/urban_data_streaming_dag.py for tasks to queue
[2026-06-29T19:09:43.142+0000] {logging_mixin.py:190} INFO - [2026-06-29T19:09:43.141+0000] {dagbag.py:588} INFO - Filling up the DagBag from /opt/airflow/dags/urban_data_streaming_dag.py
[2026-06-29T19:09:43.181+0000] {processor.py:925} INFO - DAG(s) 'urban_data_streaming_demo' retrieved from /opt/airflow/dags/urban_data_streaming_dag.py
[2026-06-29T19:09:43.223+0000] {logging_mixin.py:190} INFO - [2026-06-29T19:09:43.223+0000] {dag.py:3239} INFO - Sync 1 DAGs
[2026-06-29T19:09:43.241+0000] {logging_mixin.py:190} INFO - [2026-06-29T19:09:43.240+0000] {dag.py:4180} INFO - Setting next_dagrun for urban_data_streaming_demo to None, run_after=None
[2026-06-29T19:09:43.300+0000] {processor.py:208} INFO - Processing /opt/airflow/dags/urban_data_streaming_dag.py took 0.170 seconds
[2026-06-29T19:10:14.149+0000] {processor.py:186} INFO - Started process (PID=14901) to work on /opt/airflow/dags/urban_data_streaming_dag.py
[2026-06-29T19:10:14.151+0000] {processor.py:914} INFO - Processing file /opt/airflow/dags/urban_data_streaming_dag.py for tasks to queue
[2026-06-29T19:10:14.155+0000] {logging_mixin.py:190} INFO - [2026-06-29T19:10:14.155+0000] {dagbag.py:588} INFO - Filling up the DagBag from /opt/airflow/dags/urban_data_streaming_dag.py
[2026-06-29T19:10:14.189+0000] {processor.py:925} INFO - DAG(s) 'urban_data_streaming_demo' retrieved from /opt/airflow/dags/urban_data_streaming_dag.py
[2026-06-29T19:10:14.224+0000] {logging_mixin.py:190} INFO - [2026-06-29T19:10:14.224+0000] {dag.py:3239} INFO - Sync 1 DAGs
[2026-06-29T19:10:14.242+0000] {logging_mixin.py:190} INFO - [2026-06-29T19:10:14.242+0000] {dag.py:4180} INFO - Setting next_dagrun for urban_data_streaming_demo to None, run_after=None
[2026-06-29T19:10:14.269+0000] {processor.py:208} INFO - Processing /opt/airflow/dags/urban_data_streaming_dag.py took 0.127 seconds
[2026-06-29T19:10:44.965+0000] {processor.py:186} INFO - Started process (PID=14919) to work on /opt/airflow/dags/urban_data_streaming_dag.py
[2026-06-29T19:10:44.968+0000] {processor.py:914} INFO - Processing file /opt/airflow/dags/urban_data_streaming_dag.py for tasks to queue
[2026-06-29T19:10:44.974+0000] {logging_mixin.py:190} INFO - [2026-06-29T19:10:44.973+0000] {dagbag.py:588} INFO - Filling up the DagBag from /opt/airflow/dags/urban_data_streaming_dag.py
[2026-06-29T19:10:45.015+0000] {processor.py:925} INFO - DAG(s) 'urban_data_streaming_demo' retrieved from /opt/airflow/dags/urban_data_streaming_dag.py
[2026-06-29T19:10:45.057+0000] {logging_mixin.py:190} INFO - [2026-06-29T19:10:45.057+0000] {dag.py:3239} INFO - Sync 1 DAGs
[2026-06-29T19:10:45.080+0000] {logging_mixin.py:190} INFO - [2026-06-29T19:10:45.079+0000] {dag.py:4180} INFO - Setting next_dagrun for urban_data_streaming_demo to None, run_after=None
[2026-06-29T19:10:45.115+0000] {processor.py:208} INFO - Processing /opt/airflow/dags/urban_data_streaming_dag.py took 0.160 seconds
[2026-06-29T19:11:15.333+0000] {processor.py:186} INFO - Started process (PID=14937) to work on /opt/airflow/dags/urban_data_streaming_dag.py
[2026-06-29T19:11:15.338+0000] {processor.py:914} INFO - Processing file /opt/airflow/dags/urban_data_streaming_dag.py for tasks to queue
[2026-06-29T19:11:15.348+0000] {logging_mixin.py:190} INFO - [2026-06-29T19:11:15.347+0000] {dagbag.py:588} INFO - Filling up the DagBag from /opt/airflow/dags/urban_data_streaming_dag.py
[2026-06-29T19:11:15.398+0000] {processor.py:925} INFO - DAG(s) 'urban_data_streaming_demo' retrieved from /opt/airflow/dags/urban_data_streaming_dag.py
[2026-06-29T19:11:15.441+0000] {logging_mixin.py:190} INFO - [2026-06-29T19:11:15.441+0000] {dag.py:3239} INFO - Sync 1 DAGs
[2026-06-29T19:11:15.460+0000] {logging_mixin.py:190} INFO - [2026-06-29T19:11:15.459+0000] {dag.py:4180} INFO - Setting next_dagrun for urban_data_streaming_demo to None, run_after=None
[2026-06-29T19:11:15.513+0000] {processor.py:208} INFO - Processing /opt/airflow/dags/urban_data_streaming_dag.py took 0.202 seconds
[2026-06-29T19:11:45.577+0000] {processor.py:186} INFO - Started process (PID=14955) to work on /opt/airflow/dags/urban_data_streaming_dag.py
[2026-06-29T19:11:45.579+0000] {processor.py:914} INFO - Processing file /opt/airflow/dags/urban_data_streaming_dag.py for tasks to queue
[2026-06-29T19:11:45.583+0000] {logging_mixin.py:190} INFO - [2026-06-29T19:11:45.583+0000] {dagbag.py:588} INFO - Filling up the DagBag from /opt/airflow/dags/urban_data_streaming_dag.py
[2026-06-29T19:11:45.613+0000] {processor.py:925} INFO - DAG(s) 'urban_data_streaming_demo' retrieved from /opt/airflow/dags/urban_data_streaming_dag.py
[2026-06-29T19:11:45.685+0000] {logging_mixin.py:190} INFO - [2026-06-29T19:11:45.684+0000] {dag.py:3239} INFO - Sync 1 DAGs
[2026-06-29T19:11:45.707+0000] {logging_mixin.py:190} INFO - [2026-06-29T19:11:45.706+0000] {dag.py:4180} INFO - Setting next_dagrun for urban_data_streaming_demo to None, run_after=None
[2026-06-29T19:11:45.959+0000] {processor.py:208} INFO - Processing /opt/airflow/dags/urban_data_streaming_dag.py took 0.387 seconds
[2026-06-29T19:12:16.233+0000] {processor.py:186} INFO - Started process (PID=14973) to work on /opt/airflow/dags/urban_data_streaming_dag.py
[2026-06-29T19:12:16.234+0000] {processor.py:914} INFO - Processing file /opt/airflow/dags/urban_data_streaming_dag.py for tasks to queue
[2026-06-29T19:12:16.239+0000] {logging_mixin.py:190} INFO - [2026-06-29T19:12:16.238+0000] {dagbag.py:588} INFO - Filling up the DagBag from /opt/airflow/dags/urban_data_streaming_dag.py
[2026-06-29T19:12:16.266+0000] {processor.py:925} INFO - DAG(s) 'urban_data_streaming_demo' retrieved from /opt/airflow/dags/urban_data_streaming_dag.py
[2026-06-29T19:12:16.301+0000] {logging_mixin.py:190} INFO - [2026-06-29T19:12:16.300+0000] {dag.py:3239} INFO - Sync 1 DAGs
[2026-06-29T19:12:16.317+0000] {logging_mixin.py:190} INFO - [2026-06-29T19:12:16.317+0000] {dag.py:4180} INFO - Setting next_dagrun for urban_data_streaming_demo to None, run_after=None
[2026-06-29T19:12:16.343+0000] {processor.py:208} INFO - Processing /opt/airflow/dags/urban_data_streaming_dag.py took 0.117 seconds
[2026-06-29T19:12:47.083+0000] {processor.py:186} INFO - Started process (PID=14990) to work on /opt/airflow/dags/urban_data_streaming_dag.py
[2026-06-29T19:12:47.085+0000] {processor.py:914} INFO - Processing file /opt/airflow/dags/urban_data_streaming_dag.py for tasks to queue
[2026-06-29T19:12:47.090+0000] {logging_mixin.py:190} INFO - [2026-06-29T19:12:47.089+0000] {dagbag.py:588} INFO - Filling up the DagBag from /opt/airflow/dags/urban_data_streaming_dag.py
[2026-06-29T19:12:47.161+0000] {processor.py:925} INFO - DAG(s) 'urban_data_streaming_demo' retrieved from /opt/airflow/dags/urban_data_streaming_dag.py
[2026-06-29T19:12:47.238+0000] {logging_mixin.py:190} INFO - [2026-06-29T19:12:47.238+0000] {dag.py:3239} INFO - Sync 1 DAGs
[2026-06-29T19:12:47.281+0000] {logging_mixin.py:190} INFO - [2026-06-29T19:12:47.281+0000] {dag.py:4180} INFO - Setting next_dagrun for urban_data_streaming_demo to None, run_after=None
[2026-06-29T19:12:47.328+0000] {processor.py:208} INFO - Processing /opt/airflow/dags/urban_data_streaming_dag.py took 0.259 seconds
[2026-06-29T19:13:17.599+0000] {processor.py:186} INFO - Started process (PID=15001) to work on /opt/airflow/dags/urban_data_streaming_dag.py
[2026-06-29T19:13:17.601+0000] {processor.py:914} INFO - Processing file /opt/airflow/dags/urban_data_streaming_dag.py for tasks to queue
[2026-06-29T19:13:17.606+0000] {logging_mixin.py:190} INFO - [2026-06-29T19:13:17.606+0000] {dagbag.py:588} INFO - Filling up the DagBag from /opt/airflow/dags/urban_data_streaming_dag.py
[2026-06-29T19:13:17.633+0000] {processor.py:925} INFO - DAG(s) 'urban_data_streaming_demo' retrieved from /opt/airflow/dags/urban_data_streaming_dag.py
[2026-06-29T19:13:17.687+0000] {logging_mixin.py:190} INFO - [2026-06-29T19:13:17.687+0000] {dag.py:3239} INFO - Sync 1 DAGs
[2026-06-29T19:13:17.703+0000] {logging_mixin.py:190} INFO - [2026-06-29T19:13:17.703+0000] {dag.py:4180} INFO - Setting next_dagrun for urban_data_streaming_demo to None, run_after=None
[2026-06-29T19:13:17.765+0000] {processor.py:208} INFO - Processing /opt/airflow/dags/urban_data_streaming_dag.py took 0.174 seconds
[2026-06-29T19:13:48.501+0000] {processor.py:186} INFO - Started process (PID=15019) to work on /opt/airflow/dags/urban_data_streaming_dag.py
[2026-06-29T19:13:48.504+0000] {processor.py:914} INFO - Processing file /opt/airflow/dags/urban_data_streaming_dag.py for tasks to queue
[2026-06-29T19:13:48.507+0000] {logging_mixin.py:190} INFO - [2026-06-29T19:13:48.506+0000] {dagbag.py:588} INFO - Filling up the DagBag from /opt/airflow/dags/urban_data_streaming_dag.py
[2026-06-29T19:13:48.536+0000] {processor.py:925} INFO - DAG(s) 'urban_data_streaming_demo' retrieved from /opt/airflow/dags/urban_data_streaming_dag.py
[2026-06-29T19:13:48.588+0000] {logging_mixin.py:190} INFO - [2026-06-29T19:13:48.588+0000] {dag.py:3239} INFO - Sync 1 DAGs
[2026-06-29T19:13:48.612+0000] {logging_mixin.py:190} INFO - [2026-06-29T19:13:48.611+0000] {dag.py:4180} INFO - Setting next_dagrun for urban_data_streaming_demo to None, run_after=None
[2026-06-29T19:13:48.660+0000] {processor.py:208} INFO - Processing /opt/airflow/dags/urban_data_streaming_dag.py took 0.165 seconds
[2026-06-29T19:14:19.576+0000] {processor.py:186} INFO - Started process (PID=15037) to work on /opt/airflow/dags/urban_data_streaming_dag.py
[2026-06-29T19:14:19.577+0000] {processor.py:914} INFO - Processing file /opt/airflow/dags/urban_data_streaming_dag.py for tasks to queue
[2026-06-29T19:14:19.582+0000] {logging_mixin.py:190} INFO - [2026-06-29T19:14:19.581+0000] {dagbag.py:588} INFO - Filling up the DagBag from /opt/airflow/dags/urban_data_streaming_dag.py
[2026-06-29T19:14:19.609+0000] {processor.py:925} INFO - DAG(s) 'urban_data_streaming_demo' retrieved from /opt/airflow/dags/urban_data_streaming_dag.py
[2026-06-29T19:14:19.643+0000] {logging_mixin.py:190} INFO - [2026-06-29T19:14:19.643+0000] {dag.py:3239} INFO - Sync 1 DAGs
[2026-06-29T19:14:19.803+0000] {logging_mixin.py:190} INFO - [2026-06-29T19:14:19.803+0000] {dag.py:4180} INFO - Setting next_dagrun for urban_data_streaming_demo to None, run_after=None
[2026-06-29T19:14:19.889+0000] {processor.py:208} INFO - Processing /opt/airflow/dags/urban_data_streaming_dag.py took 0.324 seconds
[2026-06-29T19:14:50.619+0000] {processor.py:186} INFO - Started process (PID=15055) to work on /opt/airflow/dags/urban_data_streaming_dag.py
[2026-06-29T19:14:50.620+0000] {processor.py:914} INFO - Processing file /opt/airflow/dags/urban_data_streaming_dag.py for tasks to queue
[2026-06-29T19:14:50.624+0000] {logging_mixin.py:190} INFO - [2026-06-29T19:14:50.623+0000] {dagbag.py:588} INFO - Filling up the DagBag from /opt/airflow/dags/urban_data_streaming_dag.py
[2026-06-29T19:14:50.647+0000] {processor.py:925} INFO - DAG(s) 'urban_data_streaming_demo' retrieved from /opt/airflow/dags/urban_data_streaming_dag.py
[2026-06-29T19:14:50.682+0000] {logging_mixin.py:190} INFO - [2026-06-29T19:14:50.681+0000] {dag.py:3239} INFO - Sync 1 DAGs
[2026-06-29T19:14:50.696+0000] {logging_mixin.py:190} INFO - [2026-06-29T19:14:50.696+0000] {dag.py:4180} INFO - Setting next_dagrun for urban_data_streaming_demo to None, run_after=None
[2026-06-29T19:14:50.723+0000] {processor.py:208} INFO - Processing /opt/airflow/dags/urban_data_streaming_dag.py took 0.110 seconds
[2026-06-29T19:15:21.362+0000] {processor.py:186} INFO - Started process (PID=15073) to work on /opt/airflow/dags/urban_data_streaming_dag.py
[2026-06-29T19:15:21.363+0000] {processor.py:914} INFO - Processing file /opt/airflow/dags/urban_data_streaming_dag.py for tasks to queue
[2026-06-29T19:15:21.368+0000] {logging_mixin.py:190} INFO - [2026-06-29T19:15:21.367+0000] {dagbag.py:588} INFO - Filling up the DagBag from /opt/airflow/dags/urban_data_streaming_dag.py
[2026-06-29T19:15:21.396+0000] {processor.py:925} INFO - DAG(s) 'urban_data_streaming_demo' retrieved from /opt/airflow/dags/urban_data_streaming_dag.py
[2026-06-29T19:15:21.430+0000] {logging_mixin.py:190} INFO - [2026-06-29T19:15:21.429+0000] {dag.py:3239} INFO - Sync 1 DAGs
[2026-06-29T19:15:21.445+0000] {logging_mixin.py:190} INFO - [2026-06-29T19:15:21.445+0000] {dag.py:4180} INFO - Setting next_dagrun for urban_data_streaming_demo to None, run_after=None
[2026-06-29T19:15:21.472+0000] {processor.py:208} INFO - Processing /opt/airflow/dags/urban_data_streaming_dag.py took 0.116 seconds
[2026-06-29T19:15:52.403+0000] {processor.py:186} INFO - Started process (PID=15091) to work on /opt/airflow/dags/urban_data_streaming_dag.py
[2026-06-29T19:15:52.407+0000] {processor.py:914} INFO - Processing file /opt/airflow/dags/urban_data_streaming_dag.py for tasks to queue
[2026-06-29T19:15:52.415+0000] {logging_mixin.py:190} INFO - [2026-06-29T19:15:52.414+0000] {dagbag.py:588} INFO - Filling up the DagBag from /opt/airflow/dags/urban_data_streaming_dag.py
[2026-06-29T19:15:52.454+0000] {processor.py:925} INFO - DAG(s) 'urban_data_streaming_demo' retrieved from /opt/airflow/dags/urban_data_streaming_dag.py
[2026-06-29T19:15:52.492+0000] {logging_mixin.py:190} INFO - [2026-06-29T19:15:52.492+0000] {dag.py:3239} INFO - Sync 1 DAGs
[2026-06-29T19:15:52.513+0000] {logging_mixin.py:190} INFO - [2026-06-29T19:15:52.513+0000] {dag.py:4180} INFO - Setting next_dagrun for urban_data_streaming_demo to None, run_after=None
[2026-06-29T19:15:52.558+0000] {processor.py:208} INFO - Processing /opt/airflow/dags/urban_data_streaming_dag.py took 0.178 seconds
[2026-06-29T19:16:22.806+0000] {processor.py:186} INFO - Started process (PID=15109) to work on /opt/airflow/dags/urban_data_streaming_dag.py
[2026-06-29T19:16:22.807+0000] {processor.py:914} INFO - Processing file /opt/airflow/dags/urban_data_streaming_dag.py for tasks to queue
[2026-06-29T19:16:22.821+0000] {logging_mixin.py:190} INFO - [2026-06-29T19:16:22.819+0000] {dagbag.py:588} INFO - Filling up the DagBag from /opt/airflow/dags/urban_data_streaming_dag.py
[2026-06-29T19:16:22.900+0000] {processor.py:925} INFO - DAG(s) 'urban_data_streaming_demo' retrieved from /opt/airflow/dags/urban_data_streaming_dag.py
[2026-06-29T19:16:22.951+0000] {logging_mixin.py:190} INFO - [2026-06-29T19:16:22.951+0000] {dag.py:3239} INFO - Sync 1 DAGs
[2026-06-29T19:16:22.966+0000] {logging_mixin.py:190} INFO - [2026-06-29T19:16:22.966+0000] {dag.py:4180} INFO - Setting next_dagrun for urban_data_streaming_demo to None, run_after=None
[2026-06-29T19:16:22.996+0000] {processor.py:208} INFO - Processing /opt/airflow/dags/urban_data_streaming_dag.py took 0.198 seconds
[2026-06-29T19:16:53.249+0000] {processor.py:186} INFO - Started process (PID=15127) to work on /opt/airflow/dags/urban_data_streaming_dag.py
[2026-06-29T19:16:53.254+0000] {processor.py:914} INFO - Processing file /opt/airflow/dags/urban_data_streaming_dag.py for tasks to queue
[2026-06-29T19:16:53.263+0000] {logging_mixin.py:190} INFO - [2026-06-29T19:16:53.263+0000] {dagbag.py:588} INFO - Filling up the DagBag from /opt/airflow/dags/urban_data_streaming_dag.py
[2026-06-29T19:16:53.307+0000] {processor.py:925} INFO - DAG(s) 'urban_data_streaming_demo' retrieved from /opt/airflow/dags/urban_data_streaming_dag.py
[2026-06-29T19:16:53.346+0000] {logging_mixin.py:190} INFO - [2026-06-29T19:16:53.346+0000] {dag.py:3239} INFO - Sync 1 DAGs
[2026-06-29T19:16:53.364+0000] {logging_mixin.py:190} INFO - [2026-06-29T19:16:53.364+0000] {dag.py:4180} INFO - Setting next_dagrun for urban_data_streaming_demo to None, run_after=None
[2026-06-29T19:16:53.392+0000] {processor.py:208} INFO - Processing /opt/airflow/dags/urban_data_streaming_dag.py took 0.174 seconds
[2026-06-29T19:17:23.590+0000] {processor.py:186} INFO - Started process (PID=15144) to work on /opt/airflow/dags/urban_data_streaming_dag.py
[2026-06-29T19:17:23.592+0000] {processor.py:914} INFO - Processing file /opt/airflow/dags/urban_data_streaming_dag.py for tasks to queue
[2026-06-29T19:17:23.596+0000] {logging_mixin.py:190} INFO - [2026-06-29T19:17:23.595+0000] {dagbag.py:588} INFO - Filling up the DagBag from /opt/airflow/dags/urban_data_streaming_dag.py
[2026-06-29T19:17:23.657+0000] {processor.py:925} INFO - DAG(s) 'urban_data_streaming_demo' retrieved from /opt/airflow/dags/urban_data_streaming_dag.py
[2026-06-29T19:17:23.697+0000] {logging_mixin.py:190} INFO - [2026-06-29T19:17:23.697+0000] {dag.py:3239} INFO - Sync 1 DAGs
[2026-06-29T19:17:23.716+0000] {logging_mixin.py:190} INFO - [2026-06-29T19:17:23.716+0000] {dag.py:4180} INFO - Setting next_dagrun for urban_data_streaming_demo to None, run_after=None
[2026-06-29T19:17:23.741+0000] {processor.py:208} INFO - Processing /opt/airflow/dags/urban_data_streaming_dag.py took 0.158 seconds
[2026-06-29T19:17:54.548+0000] {processor.py:186} INFO - Started process (PID=15155) to work on /opt/airflow/dags/urban_data_streaming_dag.py
[2026-06-29T19:17:54.552+0000] {processor.py:914} INFO - Processing file /opt/airflow/dags/urban_data_streaming_dag.py for tasks to queue
[2026-06-29T19:17:54.560+0000] {logging_mixin.py:190} INFO - [2026-06-29T19:17:54.559+0000] {dagbag.py:588} INFO - Filling up the DagBag from /opt/airflow/dags/urban_data_streaming_dag.py
[2026-06-29T19:17:54.622+0000] {processor.py:925} INFO - DAG(s) 'urban_data_streaming_demo' retrieved from /opt/airflow/dags/urban_data_streaming_dag.py
[2026-06-29T19:17:54.657+0000] {logging_mixin.py:190} INFO - [2026-06-29T19:17:54.656+0000] {dag.py:3239} INFO - Sync 1 DAGs
[2026-06-29T19:17:54.670+0000] {logging_mixin.py:190} INFO - [2026-06-29T19:17:54.670+0000] {dag.py:4180} INFO - Setting next_dagrun for urban_data_streaming_demo to None, run_after=None
[2026-06-29T19:17:54.697+0000] {processor.py:208} INFO - Processing /opt/airflow/dags/urban_data_streaming_dag.py took 0.168 seconds
[2026-06-29T19:18:24.889+0000] {processor.py:186} INFO - Started process (PID=15173) to work on /opt/airflow/dags/urban_data_streaming_dag.py
[2026-06-29T19:18:24.890+0000] {processor.py:914} INFO - Processing file /opt/airflow/dags/urban_data_streaming_dag.py for tasks to queue
[2026-06-29T19:18:24.894+0000] {logging_mixin.py:190} INFO - [2026-06-29T19:18:24.893+0000] {dagbag.py:588} INFO - Filling up the DagBag from /opt/airflow/dags/urban_data_streaming_dag.py
[2026-06-29T19:18:24.928+0000] {processor.py:925} INFO - DAG(s) 'urban_data_streaming_demo' retrieved from /opt/airflow/dags/urban_data_streaming_dag.py
[2026-06-29T19:18:24.964+0000] {logging_mixin.py:190} INFO - [2026-06-29T19:18:24.964+0000] {dag.py:3239} INFO - Sync 1 DAGs
[2026-06-29T19:18:24.979+0000] {logging_mixin.py:190} INFO - [2026-06-29T19:18:24.979+0000] {dag.py:4180} INFO - Setting next_dagrun for urban_data_streaming_demo to None, run_after=None
[2026-06-29T19:18:25.016+0000] {processor.py:208} INFO - Processing /opt/airflow/dags/urban_data_streaming_dag.py took 0.134 seconds
[2026-06-29T19:18:55.261+0000] {processor.py:186} INFO - Started process (PID=15191) to work on /opt/airflow/dags/urban_data_streaming_dag.py
[2026-06-29T19:18:55.262+0000] {processor.py:914} INFO - Processing file /opt/airflow/dags/urban_data_streaming_dag.py for tasks to queue
[2026-06-29T19:18:55.265+0000] {logging_mixin.py:190} INFO - [2026-06-29T19:18:55.265+0000] {dagbag.py:588} INFO - Filling up the DagBag from /opt/airflow/dags/urban_data_streaming_dag.py
[2026-06-29T19:18:55.295+0000] {processor.py:925} INFO - DAG(s) 'urban_data_streaming_demo' retrieved from /opt/airflow/dags/urban_data_streaming_dag.py
[2026-06-29T19:18:55.328+0000] {logging_mixin.py:190} INFO - [2026-06-29T19:18:55.328+0000] {dag.py:3239} INFO - Sync 1 DAGs
[2026-06-29T19:18:55.345+0000] {logging_mixin.py:190} INFO - [2026-06-29T19:18:55.345+0000] {dag.py:4180} INFO - Setting next_dagrun for urban_data_streaming_demo to None, run_after=None
[2026-06-29T19:18:55.514+0000] {processor.py:208} INFO - Processing /opt/airflow/dags/urban_data_streaming_dag.py took 0.259 seconds
[2026-06-29T19:19:25.963+0000] {processor.py:186} INFO - Started process (PID=15209) to work on /opt/airflow/dags/urban_data_streaming_dag.py
[2026-06-29T19:19:25.965+0000] {processor.py:914} INFO - Processing file /opt/airflow/dags/urban_data_streaming_dag.py for tasks to queue
[2026-06-29T19:19:25.969+0000] {logging_mixin.py:190} INFO - [2026-06-29T19:19:25.969+0000] {dagbag.py:588} INFO - Filling up the DagBag from /opt/airflow/dags/urban_data_streaming_dag.py
[2026-06-29T19:19:26.019+0000] {processor.py:925} INFO - DAG(s) 'urban_data_streaming_demo' retrieved from /opt/airflow/dags/urban_data_streaming_dag.py
[2026-06-29T19:19:26.068+0000] {logging_mixin.py:190} INFO - [2026-06-29T19:19:26.068+0000] {dag.py:3239} INFO - Sync 1 DAGs
[2026-06-29T19:19:26.243+0000] {logging_mixin.py:190} INFO - [2026-06-29T19:19:26.243+0000] {dag.py:4180} INFO - Setting next_dagrun for urban_data_streaming_demo to None, run_after=None
[2026-06-29T19:19:26.264+0000] {processor.py:208} INFO - Processing /opt/airflow/dags/urban_data_streaming_dag.py took 0.308 seconds
[2026-06-29T19:19:57.046+0000] {processor.py:186} INFO - Started process (PID=15227) to work on /opt/airflow/dags/urban_data_streaming_dag.py
[2026-06-29T19:19:57.048+0000] {processor.py:914} INFO - Processing file /opt/airflow/dags/urban_data_streaming_dag.py for tasks to queue
[2026-06-29T19:19:57.051+0000] {logging_mixin.py:190} INFO - [2026-06-29T19:19:57.050+0000] {dagbag.py:588} INFO - Filling up the DagBag from /opt/airflow/dags/urban_data_streaming_dag.py
[2026-06-29T19:19:57.084+0000] {processor.py:925} INFO - DAG(s) 'urban_data_streaming_demo' retrieved from /opt/airflow/dags/urban_data_streaming_dag.py
[2026-06-29T19:19:57.117+0000] {logging_mixin.py:190} INFO - [2026-06-29T19:19:57.116+0000] {dag.py:3239} INFO - Sync 1 DAGs
[2026-06-29T19:19:57.134+0000] {logging_mixin.py:190} INFO - [2026-06-29T19:19:57.134+0000] {dag.py:4180} INFO - Setting next_dagrun for urban_data_streaming_demo to None, run_after=None
[2026-06-29T19:19:57.161+0000] {processor.py:208} INFO - Processing /opt/airflow/dags/urban_data_streaming_dag.py took 0.122 seconds
[2026-06-29T19:20:27.684+0000] {processor.py:186} INFO - Started process (PID=15245) to work on /opt/airflow/dags/urban_data_streaming_dag.py
[2026-06-29T19:20:27.690+0000] {processor.py:914} INFO - Processing file /opt/airflow/dags/urban_data_streaming_dag.py for tasks to queue
[2026-06-29T19:20:27.702+0000] {logging_mixin.py:190} INFO - [2026-06-29T19:20:27.700+0000] {dagbag.py:588} INFO - Filling up the DagBag from /opt/airflow/dags/urban_data_streaming_dag.py
[2026-06-29T19:20:27.807+0000] {processor.py:925} INFO - DAG(s) 'urban_data_streaming_demo' retrieved from /opt/airflow/dags/urban_data_streaming_dag.py
[2026-06-29T19:20:27.903+0000] {logging_mixin.py:190} INFO - [2026-06-29T19:20:27.902+0000] {dag.py:3239} INFO - Sync 1 DAGs
[2026-06-29T19:20:27.925+0000] {logging_mixin.py:190} INFO - [2026-06-29T19:20:27.924+0000] {dag.py:4180} INFO - Setting next_dagrun for urban_data_streaming_demo to None, run_after=None
[2026-06-29T19:20:27.952+0000] {processor.py:208} INFO - Processing /opt/airflow/dags/urban_data_streaming_dag.py took 0.297 seconds
[2026-06-29T19:20:58.208+0000] {processor.py:186} INFO - Started process (PID=15263) to work on /opt/airflow/dags/urban_data_streaming_dag.py
[2026-06-29T19:20:58.210+0000] {processor.py:914} INFO - Processing file /opt/airflow/dags/urban_data_streaming_dag.py for tasks to queue
[2026-06-29T19:20:58.214+0000] {logging_mixin.py:190} INFO - [2026-06-29T19:20:58.214+0000] {dagbag.py:588} INFO - Filling up the DagBag from /opt/airflow/dags/urban_data_streaming_dag.py
[2026-06-29T19:20:58.253+0000] {processor.py:925} INFO - DAG(s) 'urban_data_streaming_demo' retrieved from /opt/airflow/dags/urban_data_streaming_dag.py
[2026-06-29T19:20:58.290+0000] {logging_mixin.py:190} INFO - [2026-06-29T19:20:58.290+0000] {dag.py:3239} INFO - Sync 1 DAGs
[2026-06-29T19:20:58.306+0000] {logging_mixin.py:190} INFO - [2026-06-29T19:20:58.306+0000] {dag.py:4180} INFO - Setting next_dagrun for urban_data_streaming_demo to None, run_after=None
[2026-06-29T19:20:58.330+0000] {processor.py:208} INFO - Processing /opt/airflow/dags/urban_data_streaming_dag.py took 0.129 seconds
[2026-06-29T19:21:29.099+0000] {processor.py:186} INFO - Started process (PID=15281) to work on /opt/airflow/dags/urban_data_streaming_dag.py
[2026-06-29T19:21:29.102+0000] {processor.py:914} INFO - Processing file /opt/airflow/dags/urban_data_streaming_dag.py for tasks to queue
[2026-06-29T19:21:29.106+0000] {logging_mixin.py:190} INFO - [2026-06-29T19:21:29.105+0000] {dagbag.py:588} INFO - Filling up the DagBag from /opt/airflow/dags/urban_data_streaming_dag.py
[2026-06-29T19:21:29.134+0000] {processor.py:925} INFO - DAG(s) 'urban_data_streaming_demo' retrieved from /opt/airflow/dags/urban_data_streaming_dag.py
[2026-06-29T19:21:29.178+0000] {logging_mixin.py:190} INFO - [2026-06-29T19:21:29.177+0000] {dag.py:3239} INFO - Sync 1 DAGs
[2026-06-29T19:21:29.197+0000] {logging_mixin.py:190} INFO - [2026-06-29T19:21:29.197+0000] {dag.py:4180} INFO - Setting next_dagrun for urban_data_streaming_demo to None, run_after=None
[2026-06-29T19:21:29.412+0000] {processor.py:208} INFO - Processing /opt/airflow/dags/urban_data_streaming_dag.py took 0.320 seconds
[2026-06-29T19:22:00.239+0000] {processor.py:186} INFO - Started process (PID=15299) to work on /opt/airflow/dags/urban_data_streaming_dag.py
[2026-06-29T19:22:00.241+0000] {processor.py:914} INFO - Processing file /opt/airflow/dags/urban_data_streaming_dag.py for tasks to queue
[2026-06-29T19:22:00.245+0000] {logging_mixin.py:190} INFO - [2026-06-29T19:22:00.245+0000] {dagbag.py:588} INFO - Filling up the DagBag from /opt/airflow/dags/urban_data_streaming_dag.py
[2026-06-29T19:22:00.280+0000] {processor.py:925} INFO - DAG(s) 'urban_data_streaming_demo' retrieved from /opt/airflow/dags/urban_data_streaming_dag.py
[2026-06-29T19:22:00.314+0000] {logging_mixin.py:190} INFO - [2026-06-29T19:22:00.314+0000] {dag.py:3239} INFO - Sync 1 DAGs
[2026-06-29T19:22:00.329+0000] {logging_mixin.py:190} INFO - [2026-06-29T19:22:00.329+0000] {dag.py:4180} INFO - Setting next_dagrun for urban_data_streaming_demo to None, run_after=None
[2026-06-29T19:22:00.355+0000] {processor.py:208} INFO - Processing /opt/airflow/dags/urban_data_streaming_dag.py took 0.126 seconds
[2026-06-29T19:22:30.532+0000] {processor.py:186} INFO - Started process (PID=15316) to work on /opt/airflow/dags/urban_data_streaming_dag.py
[2026-06-29T19:22:30.533+0000] {processor.py:914} INFO - Processing file /opt/airflow/dags/urban_data_streaming_dag.py for tasks to queue
[2026-06-29T19:22:30.538+0000] {logging_mixin.py:190} INFO - [2026-06-29T19:22:30.537+0000] {dagbag.py:588} INFO - Filling up the DagBag from /opt/airflow/dags/urban_data_streaming_dag.py
[2026-06-29T19:22:30.581+0000] {processor.py:925} INFO - DAG(s) 'urban_data_streaming_demo' retrieved from /opt/airflow/dags/urban_data_streaming_dag.py
[2026-06-29T19:22:30.620+0000] {logging_mixin.py:190} INFO - [2026-06-29T19:22:30.620+0000] {dag.py:3239} INFO - Sync 1 DAGs
[2026-06-29T19:22:30.652+0000] {logging_mixin.py:190} INFO - [2026-06-29T19:22:30.652+0000] {dag.py:4180} INFO - Setting next_dagrun for urban_data_streaming_demo to None, run_after=None
[2026-06-29T19:22:30.679+0000] {processor.py:208} INFO - Processing /opt/airflow/dags/urban_data_streaming_dag.py took 0.179 seconds
