[2026-06-29T08:15:36.210+0000] {processor.py:186} INFO - Started process (PID=187) to work on /opt/airflow/dags/urban_data_pipeline_dag.py
[2026-06-29T08:15:36.211+0000] {processor.py:914} INFO - Processing file /opt/airflow/dags/urban_data_pipeline_dag.py for tasks to queue
[2026-06-29T08:15:36.214+0000] {logging_mixin.py:190} INFO - [2026-06-29T08:15:36.213+0000] {dagbag.py:588} INFO - Filling up the DagBag from /opt/airflow/dags/urban_data_pipeline_dag.py
[2026-06-29T08:15:36.374+0000] {processor.py:925} INFO - DAG(s) 'urban_data_pipeline' retrieved from /opt/airflow/dags/urban_data_pipeline_dag.py
[2026-06-29T08:15:36.415+0000] {logging_mixin.py:190} INFO - [2026-06-29T08:15:36.415+0000] {dag.py:3239} INFO - Sync 1 DAGs
[2026-06-29T08:15:36.440+0000] {logging_mixin.py:190} INFO - [2026-06-29T08:15:36.439+0000] {dag.py:4180} INFO - Setting next_dagrun for urban_data_pipeline to 2026-06-01 00:00:00+00:00, run_after=2026-07-01 00:00:00+00:00
[2026-06-29T08:15:36.477+0000] {processor.py:208} INFO - Processing /opt/airflow/dags/urban_data_pipeline_dag.py took 0.271 seconds
[2026-06-29T08:16:06.953+0000] {processor.py:186} INFO - Started process (PID=205) to work on /opt/airflow/dags/urban_data_pipeline_dag.py
[2026-06-29T08:16:06.954+0000] {processor.py:914} INFO - Processing file /opt/airflow/dags/urban_data_pipeline_dag.py for tasks to queue
[2026-06-29T08:16:06.958+0000] {logging_mixin.py:190} INFO - [2026-06-29T08:16:06.957+0000] {dagbag.py:588} INFO - Filling up the DagBag from /opt/airflow/dags/urban_data_pipeline_dag.py
[2026-06-29T08:16:07.115+0000] {processor.py:925} INFO - DAG(s) 'urban_data_pipeline' retrieved from /opt/airflow/dags/urban_data_pipeline_dag.py
[2026-06-29T08:16:07.161+0000] {logging_mixin.py:190} INFO - [2026-06-29T08:16:07.161+0000] {dag.py:3239} INFO - Sync 1 DAGs
[2026-06-29T08:16:07.185+0000] {logging_mixin.py:190} INFO - [2026-06-29T08:16:07.184+0000] {dag.py:4180} INFO - Setting next_dagrun for urban_data_pipeline to 2026-06-01 00:00:00+00:00, run_after=2026-07-01 00:00:00+00:00
[2026-06-29T08:16:07.206+0000] {processor.py:208} INFO - Processing /opt/airflow/dags/urban_data_pipeline_dag.py took 0.261 seconds
[2026-06-29T08:16:37.984+0000] {processor.py:186} INFO - Started process (PID=223) to work on /opt/airflow/dags/urban_data_pipeline_dag.py
[2026-06-29T08:16:37.989+0000] {processor.py:914} INFO - Processing file /opt/airflow/dags/urban_data_pipeline_dag.py for tasks to queue
[2026-06-29T08:16:37.993+0000] {logging_mixin.py:190} INFO - [2026-06-29T08:16:37.993+0000] {dagbag.py:588} INFO - Filling up the DagBag from /opt/airflow/dags/urban_data_pipeline_dag.py
[2026-06-29T08:16:38.149+0000] {processor.py:925} INFO - DAG(s) 'urban_data_pipeline' retrieved from /opt/airflow/dags/urban_data_pipeline_dag.py
[2026-06-29T08:16:38.197+0000] {logging_mixin.py:190} INFO - [2026-06-29T08:16:38.197+0000] {dag.py:3239} INFO - Sync 1 DAGs
[2026-06-29T08:16:38.225+0000] {logging_mixin.py:190} INFO - [2026-06-29T08:16:38.225+0000] {dag.py:4180} INFO - Setting next_dagrun for urban_data_pipeline to 2026-06-01 00:00:00+00:00, run_after=2026-07-01 00:00:00+00:00
[2026-06-29T08:16:38.254+0000] {processor.py:208} INFO - Processing /opt/airflow/dags/urban_data_pipeline_dag.py took 0.282 seconds
[2026-06-29T08:17:08.904+0000] {processor.py:186} INFO - Started process (PID=241) to work on /opt/airflow/dags/urban_data_pipeline_dag.py
[2026-06-29T08:17:08.906+0000] {processor.py:914} INFO - Processing file /opt/airflow/dags/urban_data_pipeline_dag.py for tasks to queue
[2026-06-29T08:17:08.909+0000] {logging_mixin.py:190} INFO - [2026-06-29T08:17:08.908+0000] {dagbag.py:588} INFO - Filling up the DagBag from /opt/airflow/dags/urban_data_pipeline_dag.py
[2026-06-29T08:17:09.199+0000] {processor.py:925} INFO - DAG(s) 'urban_data_pipeline' retrieved from /opt/airflow/dags/urban_data_pipeline_dag.py
[2026-06-29T08:17:09.250+0000] {logging_mixin.py:190} INFO - [2026-06-29T08:17:09.250+0000] {dag.py:3239} INFO - Sync 1 DAGs
[2026-06-29T08:17:09.273+0000] {logging_mixin.py:190} INFO - [2026-06-29T08:17:09.273+0000] {dag.py:4180} INFO - Setting next_dagrun for urban_data_pipeline to 2026-06-01 00:00:00+00:00, run_after=2026-07-01 00:00:00+00:00
[2026-06-29T08:17:09.306+0000] {processor.py:208} INFO - Processing /opt/airflow/dags/urban_data_pipeline_dag.py took 0.409 seconds
[2026-06-29T08:17:39.734+0000] {processor.py:186} INFO - Started process (PID=259) to work on /opt/airflow/dags/urban_data_pipeline_dag.py
[2026-06-29T08:17:39.736+0000] {processor.py:914} INFO - Processing file /opt/airflow/dags/urban_data_pipeline_dag.py for tasks to queue
[2026-06-29T08:17:39.740+0000] {logging_mixin.py:190} INFO - [2026-06-29T08:17:39.739+0000] {dagbag.py:588} INFO - Filling up the DagBag from /opt/airflow/dags/urban_data_pipeline_dag.py
[2026-06-29T08:17:40.029+0000] {processor.py:925} INFO - DAG(s) 'urban_data_pipeline' retrieved from /opt/airflow/dags/urban_data_pipeline_dag.py
[2026-06-29T08:17:40.070+0000] {logging_mixin.py:190} INFO - [2026-06-29T08:17:40.069+0000] {dag.py:3239} INFO - Sync 1 DAGs
[2026-06-29T08:17:40.214+0000] {logging_mixin.py:190} INFO - [2026-06-29T08:17:40.214+0000] {dag.py:4180} INFO - Setting next_dagrun for urban_data_pipeline to 2026-06-01 00:00:00+00:00, run_after=2026-07-01 00:00:00+00:00
[2026-06-29T08:17:40.243+0000] {processor.py:208} INFO - Processing /opt/airflow/dags/urban_data_pipeline_dag.py took 0.519 seconds
[2026-06-29T08:18:10.781+0000] {processor.py:186} INFO - Started process (PID=277) to work on /opt/airflow/dags/urban_data_pipeline_dag.py
[2026-06-29T08:18:10.783+0000] {processor.py:914} INFO - Processing file /opt/airflow/dags/urban_data_pipeline_dag.py for tasks to queue
[2026-06-29T08:18:10.786+0000] {logging_mixin.py:190} INFO - [2026-06-29T08:18:10.786+0000] {dagbag.py:588} INFO - Filling up the DagBag from /opt/airflow/dags/urban_data_pipeline_dag.py
[2026-06-29T08:18:11.040+0000] {processor.py:925} INFO - DAG(s) 'urban_data_pipeline' retrieved from /opt/airflow/dags/urban_data_pipeline_dag.py
[2026-06-29T08:18:11.082+0000] {logging_mixin.py:190} INFO - [2026-06-29T08:18:11.082+0000] {dag.py:3239} INFO - Sync 1 DAGs
[2026-06-29T08:18:11.226+0000] {logging_mixin.py:190} INFO - [2026-06-29T08:18:11.225+0000] {dag.py:4180} INFO - Setting next_dagrun for urban_data_pipeline to 2026-06-01 00:00:00+00:00, run_after=2026-07-01 00:00:00+00:00
[2026-06-29T08:18:11.258+0000] {processor.py:208} INFO - Processing /opt/airflow/dags/urban_data_pipeline_dag.py took 0.484 seconds
[2026-06-29T08:18:41.663+0000] {processor.py:186} INFO - Started process (PID=355) to work on /opt/airflow/dags/urban_data_pipeline_dag.py
[2026-06-29T08:18:41.664+0000] {processor.py:914} INFO - Processing file /opt/airflow/dags/urban_data_pipeline_dag.py for tasks to queue
[2026-06-29T08:18:41.670+0000] {logging_mixin.py:190} INFO - [2026-06-29T08:18:41.669+0000] {dagbag.py:588} INFO - Filling up the DagBag from /opt/airflow/dags/urban_data_pipeline_dag.py
[2026-06-29T08:18:41.838+0000] {processor.py:925} INFO - DAG(s) 'urban_data_pipeline' retrieved from /opt/airflow/dags/urban_data_pipeline_dag.py
[2026-06-29T08:18:42.010+0000] {logging_mixin.py:190} INFO - [2026-06-29T08:18:42.010+0000] {dag.py:3239} INFO - Sync 1 DAGs
[2026-06-29T08:18:42.049+0000] {processor.py:208} INFO - Processing /opt/airflow/dags/urban_data_pipeline_dag.py took 0.394 seconds
[2026-06-29T08:19:12.359+0000] {processor.py:186} INFO - Started process (PID=373) to work on /opt/airflow/dags/urban_data_pipeline_dag.py
[2026-06-29T08:19:12.361+0000] {processor.py:914} INFO - Processing file /opt/airflow/dags/urban_data_pipeline_dag.py for tasks to queue
[2026-06-29T08:19:12.364+0000] {logging_mixin.py:190} INFO - [2026-06-29T08:19:12.364+0000] {dagbag.py:588} INFO - Filling up the DagBag from /opt/airflow/dags/urban_data_pipeline_dag.py
[2026-06-29T08:19:12.749+0000] {processor.py:925} INFO - DAG(s) 'urban_data_pipeline' retrieved from /opt/airflow/dags/urban_data_pipeline_dag.py
[2026-06-29T08:19:12.796+0000] {logging_mixin.py:190} INFO - [2026-06-29T08:19:12.796+0000] {dag.py:3239} INFO - Sync 1 DAGs
[2026-06-29T08:19:12.859+0000] {processor.py:208} INFO - Processing /opt/airflow/dags/urban_data_pipeline_dag.py took 0.506 seconds
[2026-06-29T08:19:43.208+0000] {processor.py:186} INFO - Started process (PID=391) to work on /opt/airflow/dags/urban_data_pipeline_dag.py
[2026-06-29T08:19:43.210+0000] {processor.py:914} INFO - Processing file /opt/airflow/dags/urban_data_pipeline_dag.py for tasks to queue
[2026-06-29T08:19:43.213+0000] {logging_mixin.py:190} INFO - [2026-06-29T08:19:43.213+0000] {dagbag.py:588} INFO - Filling up the DagBag from /opt/airflow/dags/urban_data_pipeline_dag.py
[2026-06-29T08:19:43.557+0000] {processor.py:925} INFO - DAG(s) 'urban_data_pipeline' retrieved from /opt/airflow/dags/urban_data_pipeline_dag.py
[2026-06-29T08:19:43.599+0000] {logging_mixin.py:190} INFO - [2026-06-29T08:19:43.599+0000] {dag.py:3239} INFO - Sync 1 DAGs
[2026-06-29T08:19:43.640+0000] {processor.py:208} INFO - Processing /opt/airflow/dags/urban_data_pipeline_dag.py took 0.437 seconds
[2026-06-29T08:20:13.730+0000] {processor.py:186} INFO - Started process (PID=409) to work on /opt/airflow/dags/urban_data_pipeline_dag.py
[2026-06-29T08:20:13.735+0000] {processor.py:914} INFO - Processing file /opt/airflow/dags/urban_data_pipeline_dag.py for tasks to queue
[2026-06-29T08:20:13.738+0000] {logging_mixin.py:190} INFO - [2026-06-29T08:20:13.738+0000] {dagbag.py:588} INFO - Filling up the DagBag from /opt/airflow/dags/urban_data_pipeline_dag.py
[2026-06-29T08:20:13.929+0000] {processor.py:925} INFO - DAG(s) 'urban_data_pipeline' retrieved from /opt/airflow/dags/urban_data_pipeline_dag.py
[2026-06-29T08:20:13.979+0000] {logging_mixin.py:190} INFO - [2026-06-29T08:20:13.979+0000] {dag.py:3239} INFO - Sync 1 DAGs
[2026-06-29T08:20:14.017+0000] {processor.py:208} INFO - Processing /opt/airflow/dags/urban_data_pipeline_dag.py took 0.292 seconds
[2026-06-29T08:20:44.353+0000] {processor.py:186} INFO - Started process (PID=428) to work on /opt/airflow/dags/urban_data_pipeline_dag.py
[2026-06-29T08:20:44.355+0000] {processor.py:914} INFO - Processing file /opt/airflow/dags/urban_data_pipeline_dag.py for tasks to queue
[2026-06-29T08:20:44.357+0000] {logging_mixin.py:190} INFO - [2026-06-29T08:20:44.357+0000] {dagbag.py:588} INFO - Filling up the DagBag from /opt/airflow/dags/urban_data_pipeline_dag.py
[2026-06-29T08:20:44.583+0000] {processor.py:925} INFO - DAG(s) 'urban_data_pipeline' retrieved from /opt/airflow/dags/urban_data_pipeline_dag.py
[2026-06-29T08:20:44.628+0000] {logging_mixin.py:190} INFO - [2026-06-29T08:20:44.627+0000] {dag.py:3239} INFO - Sync 1 DAGs
[2026-06-29T08:20:44.667+0000] {processor.py:208} INFO - Processing /opt/airflow/dags/urban_data_pipeline_dag.py took 0.320 seconds
[2026-06-29T08:21:14.813+0000] {processor.py:186} INFO - Started process (PID=515) to work on /opt/airflow/dags/urban_data_pipeline_dag.py
[2026-06-29T08:21:14.814+0000] {processor.py:914} INFO - Processing file /opt/airflow/dags/urban_data_pipeline_dag.py for tasks to queue
[2026-06-29T08:21:14.817+0000] {logging_mixin.py:190} INFO - [2026-06-29T08:21:14.817+0000] {dagbag.py:588} INFO - Filling up the DagBag from /opt/airflow/dags/urban_data_pipeline_dag.py
[2026-06-29T08:21:14.936+0000] {processor.py:925} INFO - DAG(s) 'urban_data_pipeline' retrieved from /opt/airflow/dags/urban_data_pipeline_dag.py
[2026-06-29T08:21:14.980+0000] {logging_mixin.py:190} INFO - [2026-06-29T08:21:14.980+0000] {dag.py:3239} INFO - Sync 1 DAGs
[2026-06-29T08:21:15.017+0000] {processor.py:208} INFO - Processing /opt/airflow/dags/urban_data_pipeline_dag.py took 0.212 seconds
[2026-06-29T08:21:45.725+0000] {processor.py:186} INFO - Started process (PID=533) to work on /opt/airflow/dags/urban_data_pipeline_dag.py
[2026-06-29T08:21:45.728+0000] {processor.py:914} INFO - Processing file /opt/airflow/dags/urban_data_pipeline_dag.py for tasks to queue
[2026-06-29T08:21:45.733+0000] {logging_mixin.py:190} INFO - [2026-06-29T08:21:45.732+0000] {dagbag.py:588} INFO - Filling up the DagBag from /opt/airflow/dags/urban_data_pipeline_dag.py
[2026-06-29T08:21:45.919+0000] {processor.py:925} INFO - DAG(s) 'urban_data_pipeline' retrieved from /opt/airflow/dags/urban_data_pipeline_dag.py
[2026-06-29T08:21:45.969+0000] {logging_mixin.py:190} INFO - [2026-06-29T08:21:45.969+0000] {dag.py:3239} INFO - Sync 1 DAGs
[2026-06-29T08:21:45.992+0000] {logging_mixin.py:190} INFO - [2026-06-29T08:21:45.992+0000] {dag.py:4180} INFO - Setting next_dagrun for urban_data_pipeline to 2026-05-01 00:00:00+00:00, run_after=2026-06-01 00:00:00+00:00
[2026-06-29T08:21:46.013+0000] {processor.py:208} INFO - Processing /opt/airflow/dags/urban_data_pipeline_dag.py took 0.306 seconds
[2026-06-29T08:22:16.341+0000] {processor.py:186} INFO - Started process (PID=611) to work on /opt/airflow/dags/urban_data_pipeline_dag.py
[2026-06-29T08:22:16.343+0000] {processor.py:914} INFO - Processing file /opt/airflow/dags/urban_data_pipeline_dag.py for tasks to queue
[2026-06-29T08:22:16.348+0000] {logging_mixin.py:190} INFO - [2026-06-29T08:22:16.347+0000] {dagbag.py:588} INFO - Filling up the DagBag from /opt/airflow/dags/urban_data_pipeline_dag.py
[2026-06-29T08:22:16.581+0000] {processor.py:925} INFO - DAG(s) 'urban_data_pipeline' retrieved from /opt/airflow/dags/urban_data_pipeline_dag.py
[2026-06-29T08:22:16.624+0000] {logging_mixin.py:190} INFO - [2026-06-29T08:22:16.623+0000] {dag.py:3239} INFO - Sync 1 DAGs
[2026-06-29T08:22:16.665+0000] {processor.py:208} INFO - Processing /opt/airflow/dags/urban_data_pipeline_dag.py took 0.332 seconds
[2026-06-29T08:22:46.858+0000] {processor.py:186} INFO - Started process (PID=629) to work on /opt/airflow/dags/urban_data_pipeline_dag.py
[2026-06-29T08:22:46.859+0000] {processor.py:914} INFO - Processing file /opt/airflow/dags/urban_data_pipeline_dag.py for tasks to queue
[2026-06-29T08:22:46.862+0000] {logging_mixin.py:190} INFO - [2026-06-29T08:22:46.861+0000] {dagbag.py:588} INFO - Filling up the DagBag from /opt/airflow/dags/urban_data_pipeline_dag.py
[2026-06-29T08:22:46.975+0000] {processor.py:925} INFO - DAG(s) 'urban_data_pipeline' retrieved from /opt/airflow/dags/urban_data_pipeline_dag.py
[2026-06-29T08:22:47.019+0000] {logging_mixin.py:190} INFO - [2026-06-29T08:22:47.019+0000] {dag.py:3239} INFO - Sync 1 DAGs
[2026-06-29T08:22:47.063+0000] {processor.py:208} INFO - Processing /opt/airflow/dags/urban_data_pipeline_dag.py took 0.210 seconds
[2026-06-29T08:45:35.302+0000] {processor.py:186} INFO - Started process (PID=188) to work on /opt/airflow/dags/urban_data_pipeline_dag.py
[2026-06-29T08:45:35.303+0000] {processor.py:914} INFO - Processing file /opt/airflow/dags/urban_data_pipeline_dag.py for tasks to queue
[2026-06-29T08:45:35.305+0000] {logging_mixin.py:190} INFO - [2026-06-29T08:45:35.305+0000] {dagbag.py:588} INFO - Filling up the DagBag from /opt/airflow/dags/urban_data_pipeline_dag.py
[2026-06-29T08:45:35.387+0000] {processor.py:925} INFO - DAG(s) 'urban_data_pipeline' retrieved from /opt/airflow/dags/urban_data_pipeline_dag.py
[2026-06-29T08:45:35.441+0000] {logging_mixin.py:190} INFO - [2026-06-29T08:45:35.441+0000] {dag.py:3239} INFO - Sync 1 DAGs
[2026-06-29T08:45:35.485+0000] {processor.py:208} INFO - Processing /opt/airflow/dags/urban_data_pipeline_dag.py took 0.189 seconds
[2026-06-29T08:46:05.880+0000] {processor.py:186} INFO - Started process (PID=209) to work on /opt/airflow/dags/urban_data_pipeline_dag.py
[2026-06-29T08:46:05.882+0000] {processor.py:914} INFO - Processing file /opt/airflow/dags/urban_data_pipeline_dag.py for tasks to queue
[2026-06-29T08:46:05.885+0000] {logging_mixin.py:190} INFO - [2026-06-29T08:46:05.885+0000] {dagbag.py:588} INFO - Filling up the DagBag from /opt/airflow/dags/urban_data_pipeline_dag.py
[2026-06-29T08:46:06.197+0000] {processor.py:925} INFO - DAG(s) 'urban_data_pipeline' retrieved from /opt/airflow/dags/urban_data_pipeline_dag.py
[2026-06-29T08:46:06.244+0000] {logging_mixin.py:190} INFO - [2026-06-29T08:46:06.244+0000] {dag.py:3239} INFO - Sync 1 DAGs
[2026-06-29T08:46:06.293+0000] {processor.py:208} INFO - Processing /opt/airflow/dags/urban_data_pipeline_dag.py took 0.420 seconds
[2026-06-29T08:46:36.435+0000] {processor.py:186} INFO - Started process (PID=233) to work on /opt/airflow/dags/urban_data_pipeline_dag.py
[2026-06-29T08:46:36.437+0000] {processor.py:914} INFO - Processing file /opt/airflow/dags/urban_data_pipeline_dag.py for tasks to queue
[2026-06-29T08:46:36.441+0000] {logging_mixin.py:190} INFO - [2026-06-29T08:46:36.441+0000] {dagbag.py:588} INFO - Filling up the DagBag from /opt/airflow/dags/urban_data_pipeline_dag.py
[2026-06-29T08:46:36.707+0000] {processor.py:925} INFO - DAG(s) 'urban_data_pipeline' retrieved from /opt/airflow/dags/urban_data_pipeline_dag.py
[2026-06-29T08:46:36.748+0000] {logging_mixin.py:190} INFO - [2026-06-29T08:46:36.748+0000] {dag.py:3239} INFO - Sync 1 DAGs
[2026-06-29T08:46:36.789+0000] {processor.py:208} INFO - Processing /opt/airflow/dags/urban_data_pipeline_dag.py took 0.359 seconds
[2026-06-29T08:47:06.977+0000] {processor.py:186} INFO - Started process (PID=259) to work on /opt/airflow/dags/urban_data_pipeline_dag.py
[2026-06-29T08:47:06.979+0000] {processor.py:914} INFO - Processing file /opt/airflow/dags/urban_data_pipeline_dag.py for tasks to queue
[2026-06-29T08:47:06.981+0000] {logging_mixin.py:190} INFO - [2026-06-29T08:47:06.981+0000] {dagbag.py:588} INFO - Filling up the DagBag from /opt/airflow/dags/urban_data_pipeline_dag.py
[2026-06-29T08:47:07.163+0000] {processor.py:925} INFO - DAG(s) 'urban_data_pipeline' retrieved from /opt/airflow/dags/urban_data_pipeline_dag.py
[2026-06-29T08:47:07.207+0000] {logging_mixin.py:190} INFO - [2026-06-29T08:47:07.207+0000] {dag.py:3239} INFO - Sync 1 DAGs
[2026-06-29T08:47:07.250+0000] {processor.py:208} INFO - Processing /opt/airflow/dags/urban_data_pipeline_dag.py took 0.279 seconds
[2026-06-29T08:47:37.452+0000] {processor.py:186} INFO - Started process (PID=277) to work on /opt/airflow/dags/urban_data_pipeline_dag.py
[2026-06-29T08:47:37.454+0000] {processor.py:914} INFO - Processing file /opt/airflow/dags/urban_data_pipeline_dag.py for tasks to queue
[2026-06-29T08:47:37.456+0000] {logging_mixin.py:190} INFO - [2026-06-29T08:47:37.456+0000] {dagbag.py:588} INFO - Filling up the DagBag from /opt/airflow/dags/urban_data_pipeline_dag.py
[2026-06-29T08:47:37.615+0000] {processor.py:925} INFO - DAG(s) 'urban_data_pipeline' retrieved from /opt/airflow/dags/urban_data_pipeline_dag.py
[2026-06-29T08:47:37.657+0000] {logging_mixin.py:190} INFO - [2026-06-29T08:47:37.657+0000] {dag.py:3239} INFO - Sync 1 DAGs
[2026-06-29T08:47:37.837+0000] {processor.py:208} INFO - Processing /opt/airflow/dags/urban_data_pipeline_dag.py took 0.390 seconds
[2026-06-29T08:48:08.130+0000] {processor.py:186} INFO - Started process (PID=373) to work on /opt/airflow/dags/urban_data_pipeline_dag.py
[2026-06-29T08:48:08.133+0000] {processor.py:914} INFO - Processing file /opt/airflow/dags/urban_data_pipeline_dag.py for tasks to queue
[2026-06-29T08:48:08.137+0000] {logging_mixin.py:190} INFO - [2026-06-29T08:48:08.136+0000] {dagbag.py:588} INFO - Filling up the DagBag from /opt/airflow/dags/urban_data_pipeline_dag.py
[2026-06-29T08:48:08.285+0000] {processor.py:925} INFO - DAG(s) 'urban_data_pipeline' retrieved from /opt/airflow/dags/urban_data_pipeline_dag.py
[2026-06-29T08:48:08.329+0000] {logging_mixin.py:190} INFO - [2026-06-29T08:48:08.329+0000] {dag.py:3239} INFO - Sync 1 DAGs
[2026-06-29T08:48:08.500+0000] {logging_mixin.py:190} INFO - [2026-06-29T08:48:08.500+0000] {dag.py:4180} INFO - Setting next_dagrun for urban_data_pipeline to 2026-06-01 00:00:00+00:00, run_after=2026-07-01 00:00:00+00:00
[2026-06-29T08:48:08.540+0000] {processor.py:208} INFO - Processing /opt/airflow/dags/urban_data_pipeline_dag.py took 0.430 seconds
[2026-06-29T08:48:39.260+0000] {processor.py:186} INFO - Started process (PID=391) to work on /opt/airflow/dags/urban_data_pipeline_dag.py
[2026-06-29T08:48:39.264+0000] {processor.py:914} INFO - Processing file /opt/airflow/dags/urban_data_pipeline_dag.py for tasks to queue
[2026-06-29T08:48:39.272+0000] {logging_mixin.py:190} INFO - [2026-06-29T08:48:39.271+0000] {dagbag.py:588} INFO - Filling up the DagBag from /opt/airflow/dags/urban_data_pipeline_dag.py
[2026-06-29T08:48:39.491+0000] {processor.py:925} INFO - DAG(s) 'urban_data_pipeline' retrieved from /opt/airflow/dags/urban_data_pipeline_dag.py
[2026-06-29T08:48:39.654+0000] {logging_mixin.py:190} INFO - [2026-06-29T08:48:39.653+0000] {dag.py:3239} INFO - Sync 1 DAGs
[2026-06-29T08:48:39.673+0000] {logging_mixin.py:190} INFO - [2026-06-29T08:48:39.673+0000] {dag.py:4180} INFO - Setting next_dagrun for urban_data_pipeline to 2026-06-01 00:00:00+00:00, run_after=2026-07-01 00:00:00+00:00
[2026-06-29T08:48:39.700+0000] {processor.py:208} INFO - Processing /opt/airflow/dags/urban_data_pipeline_dag.py took 0.446 seconds
[2026-06-29T08:49:10.431+0000] {processor.py:186} INFO - Started process (PID=409) to work on /opt/airflow/dags/urban_data_pipeline_dag.py
[2026-06-29T08:49:10.433+0000] {processor.py:914} INFO - Processing file /opt/airflow/dags/urban_data_pipeline_dag.py for tasks to queue
[2026-06-29T08:49:10.437+0000] {logging_mixin.py:190} INFO - [2026-06-29T08:49:10.437+0000] {dagbag.py:588} INFO - Filling up the DagBag from /opt/airflow/dags/urban_data_pipeline_dag.py
[2026-06-29T08:49:10.819+0000] {processor.py:925} INFO - DAG(s) 'urban_data_pipeline' retrieved from /opt/airflow/dags/urban_data_pipeline_dag.py
[2026-06-29T08:49:10.856+0000] {logging_mixin.py:190} INFO - [2026-06-29T08:49:10.856+0000] {dag.py:3239} INFO - Sync 1 DAGs
[2026-06-29T08:49:10.875+0000] {logging_mixin.py:190} INFO - [2026-06-29T08:49:10.874+0000] {dag.py:4180} INFO - Setting next_dagrun for urban_data_pipeline to 2026-06-01 00:00:00+00:00, run_after=2026-07-01 00:00:00+00:00
[2026-06-29T08:49:10.896+0000] {processor.py:208} INFO - Processing /opt/airflow/dags/urban_data_pipeline_dag.py took 0.473 seconds
[2026-06-29T08:49:41.828+0000] {processor.py:186} INFO - Started process (PID=427) to work on /opt/airflow/dags/urban_data_pipeline_dag.py
[2026-06-29T08:49:41.830+0000] {processor.py:914} INFO - Processing file /opt/airflow/dags/urban_data_pipeline_dag.py for tasks to queue
[2026-06-29T08:49:41.838+0000] {logging_mixin.py:190} INFO - [2026-06-29T08:49:41.837+0000] {dagbag.py:588} INFO - Filling up the DagBag from /opt/airflow/dags/urban_data_pipeline_dag.py
[2026-06-29T08:49:42.031+0000] {processor.py:925} INFO - DAG(s) 'urban_data_pipeline' retrieved from /opt/airflow/dags/urban_data_pipeline_dag.py
[2026-06-29T08:49:42.106+0000] {logging_mixin.py:190} INFO - [2026-06-29T08:49:42.105+0000] {dag.py:3239} INFO - Sync 1 DAGs
[2026-06-29T08:49:42.133+0000] {logging_mixin.py:190} INFO - [2026-06-29T08:49:42.132+0000] {dag.py:4180} INFO - Setting next_dagrun for urban_data_pipeline to 2026-06-01 00:00:00+00:00, run_after=2026-07-01 00:00:00+00:00
[2026-06-29T08:49:42.172+0000] {processor.py:208} INFO - Processing /opt/airflow/dags/urban_data_pipeline_dag.py took 0.351 seconds
[2026-06-29T08:50:12.862+0000] {processor.py:186} INFO - Started process (PID=445) to work on /opt/airflow/dags/urban_data_pipeline_dag.py
[2026-06-29T08:50:12.864+0000] {processor.py:914} INFO - Processing file /opt/airflow/dags/urban_data_pipeline_dag.py for tasks to queue
[2026-06-29T08:50:12.869+0000] {logging_mixin.py:190} INFO - [2026-06-29T08:50:12.868+0000] {dagbag.py:588} INFO - Filling up the DagBag from /opt/airflow/dags/urban_data_pipeline_dag.py
[2026-06-29T08:50:13.060+0000] {processor.py:925} INFO - DAG(s) 'urban_data_pipeline' retrieved from /opt/airflow/dags/urban_data_pipeline_dag.py
[2026-06-29T08:50:13.112+0000] {logging_mixin.py:190} INFO - [2026-06-29T08:50:13.112+0000] {dag.py:3239} INFO - Sync 1 DAGs
[2026-06-29T08:50:13.135+0000] {logging_mixin.py:190} INFO - [2026-06-29T08:50:13.135+0000] {dag.py:4180} INFO - Setting next_dagrun for urban_data_pipeline to 2026-06-01 00:00:00+00:00, run_after=2026-07-01 00:00:00+00:00
[2026-06-29T08:50:13.156+0000] {processor.py:208} INFO - Processing /opt/airflow/dags/urban_data_pipeline_dag.py took 0.304 seconds
[2026-06-29T08:50:44.031+0000] {processor.py:186} INFO - Started process (PID=463) to work on /opt/airflow/dags/urban_data_pipeline_dag.py
[2026-06-29T08:50:44.032+0000] {processor.py:914} INFO - Processing file /opt/airflow/dags/urban_data_pipeline_dag.py for tasks to queue
[2026-06-29T08:50:44.035+0000] {logging_mixin.py:190} INFO - [2026-06-29T08:50:44.035+0000] {dagbag.py:588} INFO - Filling up the DagBag from /opt/airflow/dags/urban_data_pipeline_dag.py
[2026-06-29T08:50:44.154+0000] {processor.py:925} INFO - DAG(s) 'urban_data_pipeline' retrieved from /opt/airflow/dags/urban_data_pipeline_dag.py
[2026-06-29T08:50:44.205+0000] {logging_mixin.py:190} INFO - [2026-06-29T08:50:44.205+0000] {dag.py:3239} INFO - Sync 1 DAGs
[2026-06-29T08:50:44.239+0000] {logging_mixin.py:190} INFO - [2026-06-29T08:50:44.238+0000] {dag.py:4180} INFO - Setting next_dagrun for urban_data_pipeline to 2026-06-01 00:00:00+00:00, run_after=2026-07-01 00:00:00+00:00
[2026-06-29T08:50:44.265+0000] {processor.py:208} INFO - Processing /opt/airflow/dags/urban_data_pipeline_dag.py took 0.241 seconds
[2026-06-29T08:51:14.958+0000] {processor.py:186} INFO - Started process (PID=474) to work on /opt/airflow/dags/urban_data_pipeline_dag.py
[2026-06-29T08:51:14.962+0000] {processor.py:914} INFO - Processing file /opt/airflow/dags/urban_data_pipeline_dag.py for tasks to queue
[2026-06-29T08:51:14.973+0000] {logging_mixin.py:190} INFO - [2026-06-29T08:51:14.972+0000] {dagbag.py:588} INFO - Filling up the DagBag from /opt/airflow/dags/urban_data_pipeline_dag.py
[2026-06-29T08:51:15.171+0000] {processor.py:925} INFO - DAG(s) 'urban_data_pipeline' retrieved from /opt/airflow/dags/urban_data_pipeline_dag.py
[2026-06-29T08:51:15.229+0000] {logging_mixin.py:190} INFO - [2026-06-29T08:51:15.229+0000] {dag.py:3239} INFO - Sync 1 DAGs
[2026-06-29T08:51:15.252+0000] {logging_mixin.py:190} INFO - [2026-06-29T08:51:15.251+0000] {dag.py:4180} INFO - Setting next_dagrun for urban_data_pipeline to 2026-06-01 00:00:00+00:00, run_after=2026-07-01 00:00:00+00:00
[2026-06-29T08:51:15.274+0000] {processor.py:208} INFO - Processing /opt/airflow/dags/urban_data_pipeline_dag.py took 0.332 seconds
[2026-06-29T08:51:45.831+0000] {processor.py:186} INFO - Started process (PID=492) to work on /opt/airflow/dags/urban_data_pipeline_dag.py
[2026-06-29T08:51:45.832+0000] {processor.py:914} INFO - Processing file /opt/airflow/dags/urban_data_pipeline_dag.py for tasks to queue
[2026-06-29T08:51:45.835+0000] {logging_mixin.py:190} INFO - [2026-06-29T08:51:45.835+0000] {dagbag.py:588} INFO - Filling up the DagBag from /opt/airflow/dags/urban_data_pipeline_dag.py
[2026-06-29T08:51:45.937+0000] {processor.py:925} INFO - DAG(s) 'urban_data_pipeline' retrieved from /opt/airflow/dags/urban_data_pipeline_dag.py
[2026-06-29T08:51:45.979+0000] {logging_mixin.py:190} INFO - [2026-06-29T08:51:45.979+0000] {dag.py:3239} INFO - Sync 1 DAGs
[2026-06-29T08:51:46.007+0000] {logging_mixin.py:190} INFO - [2026-06-29T08:51:46.007+0000] {dag.py:4180} INFO - Setting next_dagrun for urban_data_pipeline to 2026-06-01 00:00:00+00:00, run_after=2026-07-01 00:00:00+00:00
[2026-06-29T08:51:46.028+0000] {processor.py:208} INFO - Processing /opt/airflow/dags/urban_data_pipeline_dag.py took 0.204 seconds
[2026-06-29T08:52:16.714+0000] {processor.py:186} INFO - Started process (PID=510) to work on /opt/airflow/dags/urban_data_pipeline_dag.py
[2026-06-29T08:52:16.716+0000] {processor.py:914} INFO - Processing file /opt/airflow/dags/urban_data_pipeline_dag.py for tasks to queue
[2026-06-29T08:52:16.719+0000] {logging_mixin.py:190} INFO - [2026-06-29T08:52:16.719+0000] {dagbag.py:588} INFO - Filling up the DagBag from /opt/airflow/dags/urban_data_pipeline_dag.py
[2026-06-29T08:52:16.830+0000] {processor.py:925} INFO - DAG(s) 'urban_data_pipeline' retrieved from /opt/airflow/dags/urban_data_pipeline_dag.py
[2026-06-29T08:52:16.870+0000] {logging_mixin.py:190} INFO - [2026-06-29T08:52:16.870+0000] {dag.py:3239} INFO - Sync 1 DAGs
[2026-06-29T08:52:16.894+0000] {logging_mixin.py:190} INFO - [2026-06-29T08:52:16.894+0000] {dag.py:4180} INFO - Setting next_dagrun for urban_data_pipeline to 2026-06-01 00:00:00+00:00, run_after=2026-07-01 00:00:00+00:00
[2026-06-29T08:52:16.921+0000] {processor.py:208} INFO - Processing /opt/airflow/dags/urban_data_pipeline_dag.py took 0.217 seconds
[2026-06-29T08:52:47.665+0000] {processor.py:186} INFO - Started process (PID=528) to work on /opt/airflow/dags/urban_data_pipeline_dag.py
[2026-06-29T08:52:47.666+0000] {processor.py:914} INFO - Processing file /opt/airflow/dags/urban_data_pipeline_dag.py for tasks to queue
[2026-06-29T08:52:47.669+0000] {logging_mixin.py:190} INFO - [2026-06-29T08:52:47.669+0000] {dagbag.py:588} INFO - Filling up the DagBag from /opt/airflow/dags/urban_data_pipeline_dag.py
[2026-06-29T08:52:47.819+0000] {processor.py:925} INFO - DAG(s) 'urban_data_pipeline' retrieved from /opt/airflow/dags/urban_data_pipeline_dag.py
[2026-06-29T08:52:47.863+0000] {logging_mixin.py:190} INFO - [2026-06-29T08:52:47.862+0000] {dag.py:3239} INFO - Sync 1 DAGs
[2026-06-29T08:52:47.885+0000] {logging_mixin.py:190} INFO - [2026-06-29T08:52:47.885+0000] {dag.py:4180} INFO - Setting next_dagrun for urban_data_pipeline to 2026-06-01 00:00:00+00:00, run_after=2026-07-01 00:00:00+00:00
[2026-06-29T08:52:47.908+0000] {processor.py:208} INFO - Processing /opt/airflow/dags/urban_data_pipeline_dag.py took 0.249 seconds
[2026-06-29T08:53:18.575+0000] {processor.py:186} INFO - Started process (PID=546) to work on /opt/airflow/dags/urban_data_pipeline_dag.py
[2026-06-29T08:53:18.576+0000] {processor.py:914} INFO - Processing file /opt/airflow/dags/urban_data_pipeline_dag.py for tasks to queue
[2026-06-29T08:53:18.579+0000] {logging_mixin.py:190} INFO - [2026-06-29T08:53:18.578+0000] {dagbag.py:588} INFO - Filling up the DagBag from /opt/airflow/dags/urban_data_pipeline_dag.py
[2026-06-29T08:53:18.745+0000] {processor.py:925} INFO - DAG(s) 'urban_data_pipeline' retrieved from /opt/airflow/dags/urban_data_pipeline_dag.py
[2026-06-29T08:53:18.790+0000] {logging_mixin.py:190} INFO - [2026-06-29T08:53:18.790+0000] {dag.py:3239} INFO - Sync 1 DAGs
[2026-06-29T08:53:18.813+0000] {logging_mixin.py:190} INFO - [2026-06-29T08:53:18.813+0000] {dag.py:4180} INFO - Setting next_dagrun for urban_data_pipeline to 2026-06-01 00:00:00+00:00, run_after=2026-07-01 00:00:00+00:00
[2026-06-29T08:53:18.845+0000] {processor.py:208} INFO - Processing /opt/airflow/dags/urban_data_pipeline_dag.py took 0.274 seconds
[2026-06-29T08:53:49.529+0000] {processor.py:186} INFO - Started process (PID=564) to work on /opt/airflow/dags/urban_data_pipeline_dag.py
[2026-06-29T08:53:49.532+0000] {processor.py:914} INFO - Processing file /opt/airflow/dags/urban_data_pipeline_dag.py for tasks to queue
[2026-06-29T08:53:49.536+0000] {logging_mixin.py:190} INFO - [2026-06-29T08:53:49.535+0000] {dagbag.py:588} INFO - Filling up the DagBag from /opt/airflow/dags/urban_data_pipeline_dag.py
[2026-06-29T08:53:49.777+0000] {processor.py:925} INFO - DAG(s) 'urban_data_pipeline' retrieved from /opt/airflow/dags/urban_data_pipeline_dag.py
[2026-06-29T08:53:49.820+0000] {logging_mixin.py:190} INFO - [2026-06-29T08:53:49.819+0000] {dag.py:3239} INFO - Sync 1 DAGs
[2026-06-29T08:53:49.842+0000] {logging_mixin.py:190} INFO - [2026-06-29T08:53:49.842+0000] {dag.py:4180} INFO - Setting next_dagrun for urban_data_pipeline to 2026-06-01 00:00:00+00:00, run_after=2026-07-01 00:00:00+00:00
[2026-06-29T08:53:49.866+0000] {processor.py:208} INFO - Processing /opt/airflow/dags/urban_data_pipeline_dag.py took 0.343 seconds
[2026-06-29T08:54:20.670+0000] {processor.py:186} INFO - Started process (PID=582) to work on /opt/airflow/dags/urban_data_pipeline_dag.py
[2026-06-29T08:54:20.671+0000] {processor.py:914} INFO - Processing file /opt/airflow/dags/urban_data_pipeline_dag.py for tasks to queue
[2026-06-29T08:54:20.675+0000] {logging_mixin.py:190} INFO - [2026-06-29T08:54:20.674+0000] {dagbag.py:588} INFO - Filling up the DagBag from /opt/airflow/dags/urban_data_pipeline_dag.py
[2026-06-29T08:54:20.816+0000] {processor.py:925} INFO - DAG(s) 'urban_data_pipeline' retrieved from /opt/airflow/dags/urban_data_pipeline_dag.py
[2026-06-29T08:54:20.866+0000] {logging_mixin.py:190} INFO - [2026-06-29T08:54:20.865+0000] {dag.py:3239} INFO - Sync 1 DAGs
[2026-06-29T08:54:20.893+0000] {logging_mixin.py:190} INFO - [2026-06-29T08:54:20.893+0000] {dag.py:4180} INFO - Setting next_dagrun for urban_data_pipeline to 2026-06-01 00:00:00+00:00, run_after=2026-07-01 00:00:00+00:00
[2026-06-29T08:54:20.924+0000] {processor.py:208} INFO - Processing /opt/airflow/dags/urban_data_pipeline_dag.py took 0.263 seconds
[2026-06-29T08:54:51.815+0000] {processor.py:186} INFO - Started process (PID=600) to work on /opt/airflow/dags/urban_data_pipeline_dag.py
[2026-06-29T08:54:51.817+0000] {processor.py:914} INFO - Processing file /opt/airflow/dags/urban_data_pipeline_dag.py for tasks to queue
[2026-06-29T08:54:51.821+0000] {logging_mixin.py:190} INFO - [2026-06-29T08:54:51.820+0000] {dagbag.py:588} INFO - Filling up the DagBag from /opt/airflow/dags/urban_data_pipeline_dag.py
[2026-06-29T08:54:52.277+0000] {processor.py:925} INFO - DAG(s) 'urban_data_pipeline' retrieved from /opt/airflow/dags/urban_data_pipeline_dag.py
[2026-06-29T08:54:52.356+0000] {logging_mixin.py:190} INFO - [2026-06-29T08:54:52.356+0000] {dag.py:3239} INFO - Sync 1 DAGs
[2026-06-29T08:54:52.380+0000] {logging_mixin.py:190} INFO - [2026-06-29T08:54:52.380+0000] {dag.py:4180} INFO - Setting next_dagrun for urban_data_pipeline to 2026-06-01 00:00:00+00:00, run_after=2026-07-01 00:00:00+00:00
[2026-06-29T08:54:52.414+0000] {processor.py:208} INFO - Processing /opt/airflow/dags/urban_data_pipeline_dag.py took 0.605 seconds
[2026-06-29T08:55:23.172+0000] {processor.py:186} INFO - Started process (PID=620) to work on /opt/airflow/dags/urban_data_pipeline_dag.py
[2026-06-29T08:55:23.173+0000] {processor.py:914} INFO - Processing file /opt/airflow/dags/urban_data_pipeline_dag.py for tasks to queue
[2026-06-29T08:55:23.176+0000] {logging_mixin.py:190} INFO - [2026-06-29T08:55:23.176+0000] {dagbag.py:588} INFO - Filling up the DagBag from /opt/airflow/dags/urban_data_pipeline_dag.py
[2026-06-29T08:55:23.345+0000] {processor.py:925} INFO - DAG(s) 'urban_data_pipeline' retrieved from /opt/airflow/dags/urban_data_pipeline_dag.py
[2026-06-29T08:55:23.413+0000] {logging_mixin.py:190} INFO - [2026-06-29T08:55:23.413+0000] {dag.py:3239} INFO - Sync 1 DAGs
[2026-06-29T08:55:23.441+0000] {logging_mixin.py:190} INFO - [2026-06-29T08:55:23.441+0000] {dag.py:4180} INFO - Setting next_dagrun for urban_data_pipeline to 2026-06-01 00:00:00+00:00, run_after=2026-07-01 00:00:00+00:00
[2026-06-29T08:55:23.467+0000] {processor.py:208} INFO - Processing /opt/airflow/dags/urban_data_pipeline_dag.py took 0.302 seconds
[2026-06-29T08:55:53.776+0000] {processor.py:186} INFO - Started process (PID=638) to work on /opt/airflow/dags/urban_data_pipeline_dag.py
[2026-06-29T08:55:53.779+0000] {processor.py:914} INFO - Processing file /opt/airflow/dags/urban_data_pipeline_dag.py for tasks to queue
[2026-06-29T08:55:53.784+0000] {logging_mixin.py:190} INFO - [2026-06-29T08:55:53.784+0000] {dagbag.py:588} INFO - Filling up the DagBag from /opt/airflow/dags/urban_data_pipeline_dag.py
[2026-06-29T08:55:54.109+0000] {processor.py:925} INFO - DAG(s) 'urban_data_pipeline' retrieved from /opt/airflow/dags/urban_data_pipeline_dag.py
[2026-06-29T08:55:54.151+0000] {logging_mixin.py:190} INFO - [2026-06-29T08:55:54.150+0000] {dag.py:3239} INFO - Sync 1 DAGs
[2026-06-29T08:55:54.174+0000] {logging_mixin.py:190} INFO - [2026-06-29T08:55:54.174+0000] {dag.py:4180} INFO - Setting next_dagrun for urban_data_pipeline to 2026-06-01 00:00:00+00:00, run_after=2026-07-01 00:00:00+00:00
[2026-06-29T08:55:54.197+0000] {processor.py:208} INFO - Processing /opt/airflow/dags/urban_data_pipeline_dag.py took 0.444 seconds
[2026-06-29T08:56:24.477+0000] {processor.py:186} INFO - Started process (PID=656) to work on /opt/airflow/dags/urban_data_pipeline_dag.py
[2026-06-29T08:56:24.478+0000] {processor.py:914} INFO - Processing file /opt/airflow/dags/urban_data_pipeline_dag.py for tasks to queue
[2026-06-29T08:56:24.484+0000] {logging_mixin.py:190} INFO - [2026-06-29T08:56:24.483+0000] {dagbag.py:588} INFO - Filling up the DagBag from /opt/airflow/dags/urban_data_pipeline_dag.py
[2026-06-29T08:56:24.645+0000] {processor.py:925} INFO - DAG(s) 'urban_data_pipeline' retrieved from /opt/airflow/dags/urban_data_pipeline_dag.py
[2026-06-29T08:56:24.722+0000] {logging_mixin.py:190} INFO - [2026-06-29T08:56:24.721+0000] {dag.py:3239} INFO - Sync 1 DAGs
[2026-06-29T08:56:24.749+0000] {logging_mixin.py:190} INFO - [2026-06-29T08:56:24.749+0000] {dag.py:4180} INFO - Setting next_dagrun for urban_data_pipeline to 2026-06-01 00:00:00+00:00, run_after=2026-07-01 00:00:00+00:00
[2026-06-29T08:56:24.777+0000] {processor.py:208} INFO - Processing /opt/airflow/dags/urban_data_pipeline_dag.py took 0.325 seconds
[2026-06-29T08:56:55.577+0000] {processor.py:186} INFO - Started process (PID=674) to work on /opt/airflow/dags/urban_data_pipeline_dag.py
[2026-06-29T08:56:55.578+0000] {processor.py:914} INFO - Processing file /opt/airflow/dags/urban_data_pipeline_dag.py for tasks to queue
[2026-06-29T08:56:55.581+0000] {logging_mixin.py:190} INFO - [2026-06-29T08:56:55.581+0000] {dagbag.py:588} INFO - Filling up the DagBag from /opt/airflow/dags/urban_data_pipeline_dag.py
[2026-06-29T08:56:55.692+0000] {processor.py:925} INFO - DAG(s) 'urban_data_pipeline' retrieved from /opt/airflow/dags/urban_data_pipeline_dag.py
[2026-06-29T08:56:55.739+0000] {logging_mixin.py:190} INFO - [2026-06-29T08:56:55.739+0000] {dag.py:3239} INFO - Sync 1 DAGs
[2026-06-29T08:56:55.766+0000] {logging_mixin.py:190} INFO - [2026-06-29T08:56:55.766+0000] {dag.py:4180} INFO - Setting next_dagrun for urban_data_pipeline to 2026-06-01 00:00:00+00:00, run_after=2026-07-01 00:00:00+00:00
[2026-06-29T08:56:55.792+0000] {processor.py:208} INFO - Processing /opt/airflow/dags/urban_data_pipeline_dag.py took 0.222 seconds
[2026-06-29T08:57:26.712+0000] {processor.py:186} INFO - Started process (PID=691) to work on /opt/airflow/dags/urban_data_pipeline_dag.py
[2026-06-29T08:57:26.713+0000] {processor.py:914} INFO - Processing file /opt/airflow/dags/urban_data_pipeline_dag.py for tasks to queue
[2026-06-29T08:57:26.716+0000] {logging_mixin.py:190} INFO - [2026-06-29T08:57:26.716+0000] {dagbag.py:588} INFO - Filling up the DagBag from /opt/airflow/dags/urban_data_pipeline_dag.py
[2026-06-29T08:57:26.858+0000] {processor.py:925} INFO - DAG(s) 'urban_data_pipeline' retrieved from /opt/airflow/dags/urban_data_pipeline_dag.py
[2026-06-29T08:57:26.899+0000] {logging_mixin.py:190} INFO - [2026-06-29T08:57:26.898+0000] {dag.py:3239} INFO - Sync 1 DAGs
[2026-06-29T08:57:26.921+0000] {logging_mixin.py:190} INFO - [2026-06-29T08:57:26.921+0000] {dag.py:4180} INFO - Setting next_dagrun for urban_data_pipeline to 2026-06-01 00:00:00+00:00, run_after=2026-07-01 00:00:00+00:00
[2026-06-29T08:57:26.942+0000] {processor.py:208} INFO - Processing /opt/airflow/dags/urban_data_pipeline_dag.py took 0.239 seconds
[2026-06-29T08:57:57.759+0000] {processor.py:186} INFO - Started process (PID=702) to work on /opt/airflow/dags/urban_data_pipeline_dag.py
[2026-06-29T08:57:57.760+0000] {processor.py:914} INFO - Processing file /opt/airflow/dags/urban_data_pipeline_dag.py for tasks to queue
[2026-06-29T08:57:57.765+0000] {logging_mixin.py:190} INFO - [2026-06-29T08:57:57.764+0000] {dagbag.py:588} INFO - Filling up the DagBag from /opt/airflow/dags/urban_data_pipeline_dag.py
[2026-06-29T08:57:57.896+0000] {processor.py:925} INFO - DAG(s) 'urban_data_pipeline' retrieved from /opt/airflow/dags/urban_data_pipeline_dag.py
[2026-06-29T08:57:57.943+0000] {logging_mixin.py:190} INFO - [2026-06-29T08:57:57.943+0000] {dag.py:3239} INFO - Sync 1 DAGs
[2026-06-29T08:57:57.967+0000] {logging_mixin.py:190} INFO - [2026-06-29T08:57:57.967+0000] {dag.py:4180} INFO - Setting next_dagrun for urban_data_pipeline to 2026-06-01 00:00:00+00:00, run_after=2026-07-01 00:00:00+00:00
[2026-06-29T08:57:57.988+0000] {processor.py:208} INFO - Processing /opt/airflow/dags/urban_data_pipeline_dag.py took 0.239 seconds
[2026-06-29T08:58:28.833+0000] {processor.py:186} INFO - Started process (PID=720) to work on /opt/airflow/dags/urban_data_pipeline_dag.py
[2026-06-29T08:58:28.836+0000] {processor.py:914} INFO - Processing file /opt/airflow/dags/urban_data_pipeline_dag.py for tasks to queue
[2026-06-29T08:58:28.847+0000] {logging_mixin.py:190} INFO - [2026-06-29T08:58:28.846+0000] {dagbag.py:588} INFO - Filling up the DagBag from /opt/airflow/dags/urban_data_pipeline_dag.py
[2026-06-29T08:58:28.990+0000] {processor.py:925} INFO - DAG(s) 'urban_data_pipeline' retrieved from /opt/airflow/dags/urban_data_pipeline_dag.py
[2026-06-29T08:58:29.034+0000] {logging_mixin.py:190} INFO - [2026-06-29T08:58:29.034+0000] {dag.py:3239} INFO - Sync 1 DAGs
[2026-06-29T08:58:29.056+0000] {logging_mixin.py:190} INFO - [2026-06-29T08:58:29.056+0000] {dag.py:4180} INFO - Setting next_dagrun for urban_data_pipeline to 2026-06-01 00:00:00+00:00, run_after=2026-07-01 00:00:00+00:00
[2026-06-29T08:58:29.080+0000] {processor.py:208} INFO - Processing /opt/airflow/dags/urban_data_pipeline_dag.py took 0.264 seconds
[2026-06-29T08:58:59.745+0000] {processor.py:186} INFO - Started process (PID=738) to work on /opt/airflow/dags/urban_data_pipeline_dag.py
[2026-06-29T08:58:59.746+0000] {processor.py:914} INFO - Processing file /opt/airflow/dags/urban_data_pipeline_dag.py for tasks to queue
[2026-06-29T08:58:59.753+0000] {logging_mixin.py:190} INFO - [2026-06-29T08:58:59.752+0000] {dagbag.py:588} INFO - Filling up the DagBag from /opt/airflow/dags/urban_data_pipeline_dag.py
[2026-06-29T08:59:00.036+0000] {processor.py:925} INFO - DAG(s) 'urban_data_pipeline' retrieved from /opt/airflow/dags/urban_data_pipeline_dag.py
[2026-06-29T08:59:00.103+0000] {logging_mixin.py:190} INFO - [2026-06-29T08:59:00.103+0000] {dag.py:3239} INFO - Sync 1 DAGs
[2026-06-29T08:59:00.125+0000] {logging_mixin.py:190} INFO - [2026-06-29T08:59:00.125+0000] {dag.py:4180} INFO - Setting next_dagrun for urban_data_pipeline to 2026-06-01 00:00:00+00:00, run_after=2026-07-01 00:00:00+00:00
[2026-06-29T08:59:00.149+0000] {processor.py:208} INFO - Processing /opt/airflow/dags/urban_data_pipeline_dag.py took 0.412 seconds
[2026-06-29T08:59:31.035+0000] {processor.py:186} INFO - Started process (PID=756) to work on /opt/airflow/dags/urban_data_pipeline_dag.py
[2026-06-29T08:59:31.038+0000] {processor.py:914} INFO - Processing file /opt/airflow/dags/urban_data_pipeline_dag.py for tasks to queue
[2026-06-29T08:59:31.042+0000] {logging_mixin.py:190} INFO - [2026-06-29T08:59:31.042+0000] {dagbag.py:588} INFO - Filling up the DagBag from /opt/airflow/dags/urban_data_pipeline_dag.py
[2026-06-29T08:59:31.219+0000] {processor.py:925} INFO - DAG(s) 'urban_data_pipeline' retrieved from /opt/airflow/dags/urban_data_pipeline_dag.py
[2026-06-29T08:59:31.281+0000] {logging_mixin.py:190} INFO - [2026-06-29T08:59:31.281+0000] {dag.py:3239} INFO - Sync 1 DAGs
[2026-06-29T08:59:31.312+0000] {logging_mixin.py:190} INFO - [2026-06-29T08:59:31.311+0000] {dag.py:4180} INFO - Setting next_dagrun for urban_data_pipeline to 2026-06-01 00:00:00+00:00, run_after=2026-07-01 00:00:00+00:00
[2026-06-29T08:59:31.344+0000] {processor.py:208} INFO - Processing /opt/airflow/dags/urban_data_pipeline_dag.py took 0.326 seconds
[2026-06-29T09:00:01.809+0000] {processor.py:186} INFO - Started process (PID=774) to work on /opt/airflow/dags/urban_data_pipeline_dag.py
[2026-06-29T09:00:01.810+0000] {processor.py:914} INFO - Processing file /opt/airflow/dags/urban_data_pipeline_dag.py for tasks to queue
[2026-06-29T09:00:01.813+0000] {logging_mixin.py:190} INFO - [2026-06-29T09:00:01.813+0000] {dagbag.py:588} INFO - Filling up the DagBag from /opt/airflow/dags/urban_data_pipeline_dag.py
[2026-06-29T09:00:01.978+0000] {processor.py:925} INFO - DAG(s) 'urban_data_pipeline' retrieved from /opt/airflow/dags/urban_data_pipeline_dag.py
[2026-06-29T09:00:02.019+0000] {logging_mixin.py:190} INFO - [2026-06-29T09:00:02.019+0000] {dag.py:3239} INFO - Sync 1 DAGs
[2026-06-29T09:00:02.041+0000] {logging_mixin.py:190} INFO - [2026-06-29T09:00:02.041+0000] {dag.py:4180} INFO - Setting next_dagrun for urban_data_pipeline to 2026-06-01 00:00:00+00:00, run_after=2026-07-01 00:00:00+00:00
[2026-06-29T09:00:02.064+0000] {processor.py:208} INFO - Processing /opt/airflow/dags/urban_data_pipeline_dag.py took 0.266 seconds
[2026-06-29T09:00:33.005+0000] {processor.py:186} INFO - Started process (PID=792) to work on /opt/airflow/dags/urban_data_pipeline_dag.py
[2026-06-29T09:00:33.009+0000] {processor.py:914} INFO - Processing file /opt/airflow/dags/urban_data_pipeline_dag.py for tasks to queue
[2026-06-29T09:00:33.015+0000] {logging_mixin.py:190} INFO - [2026-06-29T09:00:33.014+0000] {dagbag.py:588} INFO - Filling up the DagBag from /opt/airflow/dags/urban_data_pipeline_dag.py
[2026-06-29T09:00:33.421+0000] {processor.py:925} INFO - DAG(s) 'urban_data_pipeline' retrieved from /opt/airflow/dags/urban_data_pipeline_dag.py
[2026-06-29T09:00:33.484+0000] {logging_mixin.py:190} INFO - [2026-06-29T09:00:33.484+0000] {dag.py:3239} INFO - Sync 1 DAGs
[2026-06-29T09:00:33.506+0000] {logging_mixin.py:190} INFO - [2026-06-29T09:00:33.506+0000] {dag.py:4180} INFO - Setting next_dagrun for urban_data_pipeline to 2026-06-01 00:00:00+00:00, run_after=2026-07-01 00:00:00+00:00
[2026-06-29T09:00:33.529+0000] {processor.py:208} INFO - Processing /opt/airflow/dags/urban_data_pipeline_dag.py took 0.546 seconds
[2026-06-29T09:01:04.319+0000] {processor.py:186} INFO - Started process (PID=810) to work on /opt/airflow/dags/urban_data_pipeline_dag.py
[2026-06-29T09:01:04.322+0000] {processor.py:914} INFO - Processing file /opt/airflow/dags/urban_data_pipeline_dag.py for tasks to queue
[2026-06-29T09:01:04.327+0000] {logging_mixin.py:190} INFO - [2026-06-29T09:01:04.327+0000] {dagbag.py:588} INFO - Filling up the DagBag from /opt/airflow/dags/urban_data_pipeline_dag.py
[2026-06-29T09:01:04.730+0000] {processor.py:925} INFO - DAG(s) 'urban_data_pipeline' retrieved from /opt/airflow/dags/urban_data_pipeline_dag.py
[2026-06-29T09:01:04.791+0000] {logging_mixin.py:190} INFO - [2026-06-29T09:01:04.791+0000] {dag.py:3239} INFO - Sync 1 DAGs
[2026-06-29T09:01:04.813+0000] {logging_mixin.py:190} INFO - [2026-06-29T09:01:04.813+0000] {dag.py:4180} INFO - Setting next_dagrun for urban_data_pipeline to 2026-06-01 00:00:00+00:00, run_after=2026-07-01 00:00:00+00:00
[2026-06-29T09:01:04.838+0000] {processor.py:208} INFO - Processing /opt/airflow/dags/urban_data_pipeline_dag.py took 0.534 seconds
[2026-06-29T09:01:35.472+0000] {processor.py:186} INFO - Started process (PID=828) to work on /opt/airflow/dags/urban_data_pipeline_dag.py
[2026-06-29T09:01:35.473+0000] {processor.py:914} INFO - Processing file /opt/airflow/dags/urban_data_pipeline_dag.py for tasks to queue
[2026-06-29T09:01:35.478+0000] {logging_mixin.py:190} INFO - [2026-06-29T09:01:35.477+0000] {dagbag.py:588} INFO - Filling up the DagBag from /opt/airflow/dags/urban_data_pipeline_dag.py
[2026-06-29T09:01:35.667+0000] {processor.py:925} INFO - DAG(s) 'urban_data_pipeline' retrieved from /opt/airflow/dags/urban_data_pipeline_dag.py
[2026-06-29T09:01:35.726+0000] {logging_mixin.py:190} INFO - [2026-06-29T09:01:35.726+0000] {dag.py:3239} INFO - Sync 1 DAGs
[2026-06-29T09:01:35.750+0000] {logging_mixin.py:190} INFO - [2026-06-29T09:01:35.750+0000] {dag.py:4180} INFO - Setting next_dagrun for urban_data_pipeline to 2026-06-01 00:00:00+00:00, run_after=2026-07-01 00:00:00+00:00
[2026-06-29T09:01:35.772+0000] {processor.py:208} INFO - Processing /opt/airflow/dags/urban_data_pipeline_dag.py took 0.306 seconds
[2026-06-29T09:02:06.542+0000] {processor.py:186} INFO - Started process (PID=847) to work on /opt/airflow/dags/urban_data_pipeline_dag.py
[2026-06-29T09:02:06.544+0000] {processor.py:914} INFO - Processing file /opt/airflow/dags/urban_data_pipeline_dag.py for tasks to queue
[2026-06-29T09:02:06.547+0000] {logging_mixin.py:190} INFO - [2026-06-29T09:02:06.547+0000] {dagbag.py:588} INFO - Filling up the DagBag from /opt/airflow/dags/urban_data_pipeline_dag.py
[2026-06-29T09:02:06.714+0000] {processor.py:925} INFO - DAG(s) 'urban_data_pipeline' retrieved from /opt/airflow/dags/urban_data_pipeline_dag.py
[2026-06-29T09:02:06.766+0000] {logging_mixin.py:190} INFO - [2026-06-29T09:02:06.765+0000] {dag.py:3239} INFO - Sync 1 DAGs
[2026-06-29T09:02:06.787+0000] {logging_mixin.py:190} INFO - [2026-06-29T09:02:06.787+0000] {dag.py:4180} INFO - Setting next_dagrun for urban_data_pipeline to 2026-06-01 00:00:00+00:00, run_after=2026-07-01 00:00:00+00:00
[2026-06-29T09:02:06.808+0000] {processor.py:208} INFO - Processing /opt/airflow/dags/urban_data_pipeline_dag.py took 0.279 seconds
[2026-06-29T09:02:37.754+0000] {processor.py:186} INFO - Started process (PID=865) to work on /opt/airflow/dags/urban_data_pipeline_dag.py
[2026-06-29T09:02:37.757+0000] {processor.py:914} INFO - Processing file /opt/airflow/dags/urban_data_pipeline_dag.py for tasks to queue
[2026-06-29T09:02:37.763+0000] {logging_mixin.py:190} INFO - [2026-06-29T09:02:37.762+0000] {dagbag.py:588} INFO - Filling up the DagBag from /opt/airflow/dags/urban_data_pipeline_dag.py
[2026-06-29T09:02:37.909+0000] {processor.py:925} INFO - DAG(s) 'urban_data_pipeline' retrieved from /opt/airflow/dags/urban_data_pipeline_dag.py
[2026-06-29T09:02:37.953+0000] {logging_mixin.py:190} INFO - [2026-06-29T09:02:37.953+0000] {dag.py:3239} INFO - Sync 1 DAGs
[2026-06-29T09:02:37.976+0000] {logging_mixin.py:190} INFO - [2026-06-29T09:02:37.976+0000] {dag.py:4180} INFO - Setting next_dagrun for urban_data_pipeline to 2026-06-01 00:00:00+00:00, run_after=2026-07-01 00:00:00+00:00
[2026-06-29T09:02:38.002+0000] {processor.py:208} INFO - Processing /opt/airflow/dags/urban_data_pipeline_dag.py took 0.262 seconds
[2026-06-29T09:03:08.596+0000] {processor.py:186} INFO - Started process (PID=883) to work on /opt/airflow/dags/urban_data_pipeline_dag.py
[2026-06-29T09:03:08.597+0000] {processor.py:914} INFO - Processing file /opt/airflow/dags/urban_data_pipeline_dag.py for tasks to queue
[2026-06-29T09:03:08.607+0000] {logging_mixin.py:190} INFO - [2026-06-29T09:03:08.605+0000] {dagbag.py:588} INFO - Filling up the DagBag from /opt/airflow/dags/urban_data_pipeline_dag.py
[2026-06-29T09:03:08.848+0000] {processor.py:925} INFO - DAG(s) 'urban_data_pipeline' retrieved from /opt/airflow/dags/urban_data_pipeline_dag.py
[2026-06-29T09:03:08.908+0000] {logging_mixin.py:190} INFO - [2026-06-29T09:03:08.907+0000] {dag.py:3239} INFO - Sync 1 DAGs
[2026-06-29T09:03:08.932+0000] {logging_mixin.py:190} INFO - [2026-06-29T09:03:08.932+0000] {dag.py:4180} INFO - Setting next_dagrun for urban_data_pipeline to 2026-06-01 00:00:00+00:00, run_after=2026-07-01 00:00:00+00:00
[2026-06-29T09:03:08.961+0000] {processor.py:208} INFO - Processing /opt/airflow/dags/urban_data_pipeline_dag.py took 0.372 seconds
[2026-06-29T09:03:39.289+0000] {processor.py:186} INFO - Started process (PID=901) to work on /opt/airflow/dags/urban_data_pipeline_dag.py
[2026-06-29T09:03:39.291+0000] {processor.py:914} INFO - Processing file /opt/airflow/dags/urban_data_pipeline_dag.py for tasks to queue
[2026-06-29T09:03:39.295+0000] {logging_mixin.py:190} INFO - [2026-06-29T09:03:39.295+0000] {dagbag.py:588} INFO - Filling up the DagBag from /opt/airflow/dags/urban_data_pipeline_dag.py
[2026-06-29T09:03:39.504+0000] {processor.py:925} INFO - DAG(s) 'urban_data_pipeline' retrieved from /opt/airflow/dags/urban_data_pipeline_dag.py
[2026-06-29T09:03:39.546+0000] {logging_mixin.py:190} INFO - [2026-06-29T09:03:39.546+0000] {dag.py:3239} INFO - Sync 1 DAGs
[2026-06-29T09:03:39.569+0000] {logging_mixin.py:190} INFO - [2026-06-29T09:03:39.569+0000] {dag.py:4180} INFO - Setting next_dagrun for urban_data_pipeline to 2026-06-01 00:00:00+00:00, run_after=2026-07-01 00:00:00+00:00
[2026-06-29T09:03:39.591+0000] {processor.py:208} INFO - Processing /opt/airflow/dags/urban_data_pipeline_dag.py took 0.318 seconds
[2026-06-29T09:04:09.647+0000] {processor.py:186} INFO - Started process (PID=918) to work on /opt/airflow/dags/urban_data_pipeline_dag.py
[2026-06-29T09:04:09.648+0000] {processor.py:914} INFO - Processing file /opt/airflow/dags/urban_data_pipeline_dag.py for tasks to queue
[2026-06-29T09:04:09.651+0000] {logging_mixin.py:190} INFO - [2026-06-29T09:04:09.650+0000] {dagbag.py:588} INFO - Filling up the DagBag from /opt/airflow/dags/urban_data_pipeline_dag.py
[2026-06-29T09:04:09.753+0000] {processor.py:925} INFO - DAG(s) 'urban_data_pipeline' retrieved from /opt/airflow/dags/urban_data_pipeline_dag.py
[2026-06-29T09:04:09.799+0000] {logging_mixin.py:190} INFO - [2026-06-29T09:04:09.799+0000] {dag.py:3239} INFO - Sync 1 DAGs
[2026-06-29T09:04:09.824+0000] {logging_mixin.py:190} INFO - [2026-06-29T09:04:09.823+0000] {dag.py:4180} INFO - Setting next_dagrun for urban_data_pipeline to 2026-06-01 00:00:00+00:00, run_after=2026-07-01 00:00:00+00:00
[2026-06-29T09:04:09.848+0000] {processor.py:208} INFO - Processing /opt/airflow/dags/urban_data_pipeline_dag.py took 0.206 seconds
[2026-06-29T09:04:40.735+0000] {processor.py:186} INFO - Started process (PID=929) to work on /opt/airflow/dags/urban_data_pipeline_dag.py
[2026-06-29T09:04:40.736+0000] {processor.py:914} INFO - Processing file /opt/airflow/dags/urban_data_pipeline_dag.py for tasks to queue
[2026-06-29T09:04:40.739+0000] {logging_mixin.py:190} INFO - [2026-06-29T09:04:40.738+0000] {dagbag.py:588} INFO - Filling up the DagBag from /opt/airflow/dags/urban_data_pipeline_dag.py
[2026-06-29T09:04:40.880+0000] {processor.py:925} INFO - DAG(s) 'urban_data_pipeline' retrieved from /opt/airflow/dags/urban_data_pipeline_dag.py
[2026-06-29T09:04:40.922+0000] {logging_mixin.py:190} INFO - [2026-06-29T09:04:40.922+0000] {dag.py:3239} INFO - Sync 1 DAGs
[2026-06-29T09:04:40.949+0000] {logging_mixin.py:190} INFO - [2026-06-29T09:04:40.949+0000] {dag.py:4180} INFO - Setting next_dagrun for urban_data_pipeline to 2026-06-01 00:00:00+00:00, run_after=2026-07-01 00:00:00+00:00
[2026-06-29T09:04:40.974+0000] {processor.py:208} INFO - Processing /opt/airflow/dags/urban_data_pipeline_dag.py took 0.245 seconds
[2026-06-29T09:05:11.863+0000] {processor.py:186} INFO - Started process (PID=947) to work on /opt/airflow/dags/urban_data_pipeline_dag.py
[2026-06-29T09:05:11.867+0000] {processor.py:914} INFO - Processing file /opt/airflow/dags/urban_data_pipeline_dag.py for tasks to queue
[2026-06-29T09:05:11.872+0000] {logging_mixin.py:190} INFO - [2026-06-29T09:05:11.871+0000] {dagbag.py:588} INFO - Filling up the DagBag from /opt/airflow/dags/urban_data_pipeline_dag.py
[2026-06-29T09:05:12.295+0000] {processor.py:925} INFO - DAG(s) 'urban_data_pipeline' retrieved from /opt/airflow/dags/urban_data_pipeline_dag.py
[2026-06-29T09:05:12.335+0000] {logging_mixin.py:190} INFO - [2026-06-29T09:05:12.335+0000] {dag.py:3239} INFO - Sync 1 DAGs
[2026-06-29T09:05:12.357+0000] {logging_mixin.py:190} INFO - [2026-06-29T09:05:12.357+0000] {dag.py:4180} INFO - Setting next_dagrun for urban_data_pipeline to 2026-06-01 00:00:00+00:00, run_after=2026-07-01 00:00:00+00:00
[2026-06-29T09:05:12.385+0000] {processor.py:208} INFO - Processing /opt/airflow/dags/urban_data_pipeline_dag.py took 0.544 seconds
[2026-06-29T09:05:43.423+0000] {processor.py:186} INFO - Started process (PID=965) to work on /opt/airflow/dags/urban_data_pipeline_dag.py
[2026-06-29T09:05:43.427+0000] {processor.py:914} INFO - Processing file /opt/airflow/dags/urban_data_pipeline_dag.py for tasks to queue
[2026-06-29T09:05:43.439+0000] {logging_mixin.py:190} INFO - [2026-06-29T09:05:43.437+0000] {dagbag.py:588} INFO - Filling up the DagBag from /opt/airflow/dags/urban_data_pipeline_dag.py
[2026-06-29T09:05:43.773+0000] {processor.py:925} INFO - DAG(s) 'urban_data_pipeline' retrieved from /opt/airflow/dags/urban_data_pipeline_dag.py
[2026-06-29T09:05:43.833+0000] {logging_mixin.py:190} INFO - [2026-06-29T09:05:43.833+0000] {dag.py:3239} INFO - Sync 1 DAGs
[2026-06-29T09:05:43.856+0000] {logging_mixin.py:190} INFO - [2026-06-29T09:05:43.855+0000] {dag.py:4180} INFO - Setting next_dagrun for urban_data_pipeline to 2026-06-01 00:00:00+00:00, run_after=2026-07-01 00:00:00+00:00
[2026-06-29T09:05:43.883+0000] {processor.py:208} INFO - Processing /opt/airflow/dags/urban_data_pipeline_dag.py took 0.488 seconds
[2026-06-29T09:06:14.787+0000] {processor.py:186} INFO - Started process (PID=984) to work on /opt/airflow/dags/urban_data_pipeline_dag.py
[2026-06-29T09:06:14.790+0000] {processor.py:914} INFO - Processing file /opt/airflow/dags/urban_data_pipeline_dag.py for tasks to queue
[2026-06-29T09:06:14.798+0000] {logging_mixin.py:190} INFO - [2026-06-29T09:06:14.797+0000] {dagbag.py:588} INFO - Filling up the DagBag from /opt/airflow/dags/urban_data_pipeline_dag.py
[2026-06-29T09:06:15.296+0000] {processor.py:925} INFO - DAG(s) 'urban_data_pipeline' retrieved from /opt/airflow/dags/urban_data_pipeline_dag.py
[2026-06-29T09:06:15.354+0000] {logging_mixin.py:190} INFO - [2026-06-29T09:06:15.354+0000] {dag.py:3239} INFO - Sync 1 DAGs
[2026-06-29T09:06:15.377+0000] {logging_mixin.py:190} INFO - [2026-06-29T09:06:15.376+0000] {dag.py:4180} INFO - Setting next_dagrun for urban_data_pipeline to 2026-06-01 00:00:00+00:00, run_after=2026-07-01 00:00:00+00:00
[2026-06-29T09:06:15.402+0000] {processor.py:208} INFO - Processing /opt/airflow/dags/urban_data_pipeline_dag.py took 0.629 seconds
[2026-06-29T09:06:45.709+0000] {processor.py:186} INFO - Started process (PID=1002) to work on /opt/airflow/dags/urban_data_pipeline_dag.py
[2026-06-29T09:06:45.712+0000] {processor.py:914} INFO - Processing file /opt/airflow/dags/urban_data_pipeline_dag.py for tasks to queue
[2026-06-29T09:06:45.718+0000] {logging_mixin.py:190} INFO - [2026-06-29T09:06:45.717+0000] {dagbag.py:588} INFO - Filling up the DagBag from /opt/airflow/dags/urban_data_pipeline_dag.py
[2026-06-29T09:06:46.085+0000] {processor.py:925} INFO - DAG(s) 'urban_data_pipeline' retrieved from /opt/airflow/dags/urban_data_pipeline_dag.py
[2026-06-29T09:06:46.129+0000] {logging_mixin.py:190} INFO - [2026-06-29T09:06:46.129+0000] {dag.py:3239} INFO - Sync 1 DAGs
[2026-06-29T09:06:46.153+0000] {logging_mixin.py:190} INFO - [2026-06-29T09:06:46.153+0000] {dag.py:4180} INFO - Setting next_dagrun for urban_data_pipeline to 2026-06-01 00:00:00+00:00, run_after=2026-07-01 00:00:00+00:00
[2026-06-29T09:06:46.174+0000] {processor.py:208} INFO - Processing /opt/airflow/dags/urban_data_pipeline_dag.py took 0.485 seconds
[2026-06-29T09:07:16.925+0000] {processor.py:186} INFO - Started process (PID=1020) to work on /opt/airflow/dags/urban_data_pipeline_dag.py
[2026-06-29T09:07:16.927+0000] {processor.py:914} INFO - Processing file /opt/airflow/dags/urban_data_pipeline_dag.py for tasks to queue
[2026-06-29T09:07:16.930+0000] {logging_mixin.py:190} INFO - [2026-06-29T09:07:16.930+0000] {dagbag.py:588} INFO - Filling up the DagBag from /opt/airflow/dags/urban_data_pipeline_dag.py
[2026-06-29T09:07:17.341+0000] {processor.py:925} INFO - DAG(s) 'urban_data_pipeline' retrieved from /opt/airflow/dags/urban_data_pipeline_dag.py
[2026-06-29T09:07:17.412+0000] {logging_mixin.py:190} INFO - [2026-06-29T09:07:17.412+0000] {dag.py:3239} INFO - Sync 1 DAGs
[2026-06-29T09:07:17.434+0000] {logging_mixin.py:190} INFO - [2026-06-29T09:07:17.434+0000] {dag.py:4180} INFO - Setting next_dagrun for urban_data_pipeline to 2026-06-01 00:00:00+00:00, run_after=2026-07-01 00:00:00+00:00
[2026-06-29T09:07:17.461+0000] {processor.py:208} INFO - Processing /opt/airflow/dags/urban_data_pipeline_dag.py took 0.546 seconds
[2026-06-29T09:07:47.763+0000] {processor.py:186} INFO - Started process (PID=1038) to work on /opt/airflow/dags/urban_data_pipeline_dag.py
[2026-06-29T09:07:47.766+0000] {processor.py:914} INFO - Processing file /opt/airflow/dags/urban_data_pipeline_dag.py for tasks to queue
[2026-06-29T09:07:47.773+0000] {logging_mixin.py:190} INFO - [2026-06-29T09:07:47.772+0000] {dagbag.py:588} INFO - Filling up the DagBag from /opt/airflow/dags/urban_data_pipeline_dag.py
[2026-06-29T09:07:48.055+0000] {processor.py:925} INFO - DAG(s) 'urban_data_pipeline' retrieved from /opt/airflow/dags/urban_data_pipeline_dag.py
[2026-06-29T09:07:48.097+0000] {logging_mixin.py:190} INFO - [2026-06-29T09:07:48.097+0000] {dag.py:3239} INFO - Sync 1 DAGs
[2026-06-29T09:07:48.119+0000] {logging_mixin.py:190} INFO - [2026-06-29T09:07:48.119+0000] {dag.py:4180} INFO - Setting next_dagrun for urban_data_pipeline to 2026-06-01 00:00:00+00:00, run_after=2026-07-01 00:00:00+00:00
[2026-06-29T09:07:48.142+0000] {processor.py:208} INFO - Processing /opt/airflow/dags/urban_data_pipeline_dag.py took 0.402 seconds
[2026-06-29T09:08:18.265+0000] {processor.py:186} INFO - Started process (PID=1056) to work on /opt/airflow/dags/urban_data_pipeline_dag.py
[2026-06-29T09:08:18.267+0000] {processor.py:914} INFO - Processing file /opt/airflow/dags/urban_data_pipeline_dag.py for tasks to queue
[2026-06-29T09:08:18.269+0000] {logging_mixin.py:190} INFO - [2026-06-29T09:08:18.269+0000] {dagbag.py:588} INFO - Filling up the DagBag from /opt/airflow/dags/urban_data_pipeline_dag.py
[2026-06-29T09:08:18.375+0000] {processor.py:925} INFO - DAG(s) 'urban_data_pipeline' retrieved from /opt/airflow/dags/urban_data_pipeline_dag.py
[2026-06-29T09:08:18.418+0000] {logging_mixin.py:190} INFO - [2026-06-29T09:08:18.418+0000] {dag.py:3239} INFO - Sync 1 DAGs
[2026-06-29T09:08:18.441+0000] {logging_mixin.py:190} INFO - [2026-06-29T09:08:18.441+0000] {dag.py:4180} INFO - Setting next_dagrun for urban_data_pipeline to 2026-06-01 00:00:00+00:00, run_after=2026-07-01 00:00:00+00:00
[2026-06-29T09:08:18.468+0000] {processor.py:208} INFO - Processing /opt/airflow/dags/urban_data_pipeline_dag.py took 0.208 seconds
[2026-06-29T09:08:48.710+0000] {processor.py:186} INFO - Started process (PID=1074) to work on /opt/airflow/dags/urban_data_pipeline_dag.py
[2026-06-29T09:08:48.714+0000] {processor.py:914} INFO - Processing file /opt/airflow/dags/urban_data_pipeline_dag.py for tasks to queue
[2026-06-29T09:08:48.727+0000] {logging_mixin.py:190} INFO - [2026-06-29T09:08:48.726+0000] {dagbag.py:588} INFO - Filling up the DagBag from /opt/airflow/dags/urban_data_pipeline_dag.py
[2026-06-29T09:08:49.254+0000] {processor.py:925} INFO - DAG(s) 'urban_data_pipeline' retrieved from /opt/airflow/dags/urban_data_pipeline_dag.py
[2026-06-29T09:08:49.301+0000] {logging_mixin.py:190} INFO - [2026-06-29T09:08:49.301+0000] {dag.py:3239} INFO - Sync 1 DAGs
[2026-06-29T09:08:49.324+0000] {logging_mixin.py:190} INFO - [2026-06-29T09:08:49.324+0000] {dag.py:4180} INFO - Setting next_dagrun for urban_data_pipeline to 2026-06-01 00:00:00+00:00, run_after=2026-07-01 00:00:00+00:00
[2026-06-29T09:08:49.344+0000] {processor.py:208} INFO - Processing /opt/airflow/dags/urban_data_pipeline_dag.py took 0.659 seconds
[2026-06-29T09:09:19.563+0000] {processor.py:186} INFO - Started process (PID=1091) to work on /opt/airflow/dags/urban_data_pipeline_dag.py
[2026-06-29T09:09:19.565+0000] {processor.py:914} INFO - Processing file /opt/airflow/dags/urban_data_pipeline_dag.py for tasks to queue
[2026-06-29T09:09:19.569+0000] {logging_mixin.py:190} INFO - [2026-06-29T09:09:19.568+0000] {dagbag.py:588} INFO - Filling up the DagBag from /opt/airflow/dags/urban_data_pipeline_dag.py
[2026-06-29T09:09:19.844+0000] {processor.py:925} INFO - DAG(s) 'urban_data_pipeline' retrieved from /opt/airflow/dags/urban_data_pipeline_dag.py
[2026-06-29T09:09:19.890+0000] {logging_mixin.py:190} INFO - [2026-06-29T09:09:19.890+0000] {dag.py:3239} INFO - Sync 1 DAGs
[2026-06-29T09:09:19.916+0000] {logging_mixin.py:190} INFO - [2026-06-29T09:09:19.916+0000] {dag.py:4180} INFO - Setting next_dagrun for urban_data_pipeline to 2026-06-01 00:00:00+00:00, run_after=2026-07-01 00:00:00+00:00
[2026-06-29T09:09:19.944+0000] {processor.py:208} INFO - Processing /opt/airflow/dags/urban_data_pipeline_dag.py took 0.392 seconds
[2026-06-29T09:09:50.147+0000] {processor.py:186} INFO - Started process (PID=1102) to work on /opt/airflow/dags/urban_data_pipeline_dag.py
[2026-06-29T09:09:50.152+0000] {processor.py:914} INFO - Processing file /opt/airflow/dags/urban_data_pipeline_dag.py for tasks to queue
[2026-06-29T09:09:50.158+0000] {logging_mixin.py:190} INFO - [2026-06-29T09:09:50.157+0000] {dagbag.py:588} INFO - Filling up the DagBag from /opt/airflow/dags/urban_data_pipeline_dag.py
[2026-06-29T09:09:50.350+0000] {processor.py:925} INFO - DAG(s) 'urban_data_pipeline' retrieved from /opt/airflow/dags/urban_data_pipeline_dag.py
[2026-06-29T09:09:50.429+0000] {logging_mixin.py:190} INFO - [2026-06-29T09:09:50.429+0000] {dag.py:3239} INFO - Sync 1 DAGs
[2026-06-29T09:09:50.472+0000] {logging_mixin.py:190} INFO - [2026-06-29T09:09:50.472+0000] {dag.py:4180} INFO - Setting next_dagrun for urban_data_pipeline to 2026-06-01 00:00:00+00:00, run_after=2026-07-01 00:00:00+00:00
[2026-06-29T09:09:50.508+0000] {processor.py:208} INFO - Processing /opt/airflow/dags/urban_data_pipeline_dag.py took 0.378 seconds
[2026-06-29T09:10:21.298+0000] {processor.py:186} INFO - Started process (PID=1120) to work on /opt/airflow/dags/urban_data_pipeline_dag.py
[2026-06-29T09:10:21.301+0000] {processor.py:914} INFO - Processing file /opt/airflow/dags/urban_data_pipeline_dag.py for tasks to queue
[2026-06-29T09:10:21.306+0000] {logging_mixin.py:190} INFO - [2026-06-29T09:10:21.306+0000] {dagbag.py:588} INFO - Filling up the DagBag from /opt/airflow/dags/urban_data_pipeline_dag.py
[2026-06-29T09:10:21.423+0000] {processor.py:925} INFO - DAG(s) 'urban_data_pipeline' retrieved from /opt/airflow/dags/urban_data_pipeline_dag.py
[2026-06-29T09:10:21.465+0000] {logging_mixin.py:190} INFO - [2026-06-29T09:10:21.464+0000] {dag.py:3239} INFO - Sync 1 DAGs
[2026-06-29T09:10:21.487+0000] {logging_mixin.py:190} INFO - [2026-06-29T09:10:21.487+0000] {dag.py:4180} INFO - Setting next_dagrun for urban_data_pipeline to 2026-06-01 00:00:00+00:00, run_after=2026-07-01 00:00:00+00:00
[2026-06-29T09:10:21.541+0000] {processor.py:208} INFO - Processing /opt/airflow/dags/urban_data_pipeline_dag.py took 0.256 seconds
[2026-06-29T09:10:52.165+0000] {processor.py:186} INFO - Started process (PID=1138) to work on /opt/airflow/dags/urban_data_pipeline_dag.py
[2026-06-29T09:10:52.166+0000] {processor.py:914} INFO - Processing file /opt/airflow/dags/urban_data_pipeline_dag.py for tasks to queue
[2026-06-29T09:10:52.169+0000] {logging_mixin.py:190} INFO - [2026-06-29T09:10:52.168+0000] {dagbag.py:588} INFO - Filling up the DagBag from /opt/airflow/dags/urban_data_pipeline_dag.py
[2026-06-29T09:10:52.276+0000] {processor.py:925} INFO - DAG(s) 'urban_data_pipeline' retrieved from /opt/airflow/dags/urban_data_pipeline_dag.py
[2026-06-29T09:10:52.322+0000] {logging_mixin.py:190} INFO - [2026-06-29T09:10:52.321+0000] {dag.py:3239} INFO - Sync 1 DAGs
[2026-06-29T09:10:52.345+0000] {logging_mixin.py:190} INFO - [2026-06-29T09:10:52.344+0000] {dag.py:4180} INFO - Setting next_dagrun for urban_data_pipeline to 2026-06-01 00:00:00+00:00, run_after=2026-07-01 00:00:00+00:00
[2026-06-29T09:10:52.367+0000] {processor.py:208} INFO - Processing /opt/airflow/dags/urban_data_pipeline_dag.py took 0.210 seconds
[2026-06-29T09:11:23.059+0000] {processor.py:186} INFO - Started process (PID=1156) to work on /opt/airflow/dags/urban_data_pipeline_dag.py
[2026-06-29T09:11:23.061+0000] {processor.py:914} INFO - Processing file /opt/airflow/dags/urban_data_pipeline_dag.py for tasks to queue
[2026-06-29T09:11:23.072+0000] {logging_mixin.py:190} INFO - [2026-06-29T09:11:23.070+0000] {dagbag.py:588} INFO - Filling up the DagBag from /opt/airflow/dags/urban_data_pipeline_dag.py
[2026-06-29T09:11:23.344+0000] {processor.py:925} INFO - DAG(s) 'urban_data_pipeline' retrieved from /opt/airflow/dags/urban_data_pipeline_dag.py
[2026-06-29T09:11:23.389+0000] {logging_mixin.py:190} INFO - [2026-06-29T09:11:23.388+0000] {dag.py:3239} INFO - Sync 1 DAGs
[2026-06-29T09:11:23.416+0000] {logging_mixin.py:190} INFO - [2026-06-29T09:11:23.416+0000] {dag.py:4180} INFO - Setting next_dagrun for urban_data_pipeline to 2026-06-01 00:00:00+00:00, run_after=2026-07-01 00:00:00+00:00
[2026-06-29T09:11:23.449+0000] {processor.py:208} INFO - Processing /opt/airflow/dags/urban_data_pipeline_dag.py took 0.399 seconds
[2026-06-29T09:11:54.256+0000] {processor.py:186} INFO - Started process (PID=1174) to work on /opt/airflow/dags/urban_data_pipeline_dag.py
[2026-06-29T09:11:54.258+0000] {processor.py:914} INFO - Processing file /opt/airflow/dags/urban_data_pipeline_dag.py for tasks to queue
[2026-06-29T09:11:54.260+0000] {logging_mixin.py:190} INFO - [2026-06-29T09:11:54.260+0000] {dagbag.py:588} INFO - Filling up the DagBag from /opt/airflow/dags/urban_data_pipeline_dag.py
[2026-06-29T09:11:54.372+0000] {processor.py:925} INFO - DAG(s) 'urban_data_pipeline' retrieved from /opt/airflow/dags/urban_data_pipeline_dag.py
[2026-06-29T09:11:54.417+0000] {logging_mixin.py:190} INFO - [2026-06-29T09:11:54.416+0000] {dag.py:3239} INFO - Sync 1 DAGs
[2026-06-29T09:11:54.442+0000] {logging_mixin.py:190} INFO - [2026-06-29T09:11:54.442+0000] {dag.py:4180} INFO - Setting next_dagrun for urban_data_pipeline to 2026-06-01 00:00:00+00:00, run_after=2026-07-01 00:00:00+00:00
[2026-06-29T09:11:54.467+0000] {processor.py:208} INFO - Processing /opt/airflow/dags/urban_data_pipeline_dag.py took 0.218 seconds
[2026-06-29T09:12:25.302+0000] {processor.py:186} INFO - Started process (PID=1192) to work on /opt/airflow/dags/urban_data_pipeline_dag.py
[2026-06-29T09:12:25.304+0000] {processor.py:914} INFO - Processing file /opt/airflow/dags/urban_data_pipeline_dag.py for tasks to queue
[2026-06-29T09:12:25.308+0000] {logging_mixin.py:190} INFO - [2026-06-29T09:12:25.307+0000] {dagbag.py:588} INFO - Filling up the DagBag from /opt/airflow/dags/urban_data_pipeline_dag.py
[2026-06-29T09:12:25.530+0000] {processor.py:925} INFO - DAG(s) 'urban_data_pipeline' retrieved from /opt/airflow/dags/urban_data_pipeline_dag.py
[2026-06-29T09:12:25.574+0000] {logging_mixin.py:190} INFO - [2026-06-29T09:12:25.574+0000] {dag.py:3239} INFO - Sync 1 DAGs
[2026-06-29T09:12:25.603+0000] {logging_mixin.py:190} INFO - [2026-06-29T09:12:25.602+0000] {dag.py:4180} INFO - Setting next_dagrun for urban_data_pipeline to 2026-06-01 00:00:00+00:00, run_after=2026-07-01 00:00:00+00:00
[2026-06-29T09:12:25.634+0000] {processor.py:208} INFO - Processing /opt/airflow/dags/urban_data_pipeline_dag.py took 0.342 seconds
[2026-06-29T09:12:56.401+0000] {processor.py:186} INFO - Started process (PID=1210) to work on /opt/airflow/dags/urban_data_pipeline_dag.py
[2026-06-29T09:12:56.402+0000] {processor.py:914} INFO - Processing file /opt/airflow/dags/urban_data_pipeline_dag.py for tasks to queue
[2026-06-29T09:12:56.405+0000] {logging_mixin.py:190} INFO - [2026-06-29T09:12:56.405+0000] {dagbag.py:588} INFO - Filling up the DagBag from /opt/airflow/dags/urban_data_pipeline_dag.py
[2026-06-29T09:12:56.562+0000] {processor.py:925} INFO - DAG(s) 'urban_data_pipeline' retrieved from /opt/airflow/dags/urban_data_pipeline_dag.py
[2026-06-29T09:12:56.614+0000] {logging_mixin.py:190} INFO - [2026-06-29T09:12:56.614+0000] {dag.py:3239} INFO - Sync 1 DAGs
[2026-06-29T09:12:56.636+0000] {logging_mixin.py:190} INFO - [2026-06-29T09:12:56.636+0000] {dag.py:4180} INFO - Setting next_dagrun for urban_data_pipeline to 2026-06-01 00:00:00+00:00, run_after=2026-07-01 00:00:00+00:00
[2026-06-29T09:12:56.665+0000] {processor.py:208} INFO - Processing /opt/airflow/dags/urban_data_pipeline_dag.py took 0.271 seconds
[2026-06-29T09:13:27.242+0000] {processor.py:186} INFO - Started process (PID=1228) to work on /opt/airflow/dags/urban_data_pipeline_dag.py
[2026-06-29T09:13:27.245+0000] {processor.py:914} INFO - Processing file /opt/airflow/dags/urban_data_pipeline_dag.py for tasks to queue
[2026-06-29T09:13:27.255+0000] {logging_mixin.py:190} INFO - [2026-06-29T09:13:27.254+0000] {dagbag.py:588} INFO - Filling up the DagBag from /opt/airflow/dags/urban_data_pipeline_dag.py
[2026-06-29T09:13:27.457+0000] {processor.py:925} INFO - DAG(s) 'urban_data_pipeline' retrieved from /opt/airflow/dags/urban_data_pipeline_dag.py
[2026-06-29T09:13:27.500+0000] {logging_mixin.py:190} INFO - [2026-06-29T09:13:27.500+0000] {dag.py:3239} INFO - Sync 1 DAGs
[2026-06-29T09:13:27.526+0000] {logging_mixin.py:190} INFO - [2026-06-29T09:13:27.526+0000] {dag.py:4180} INFO - Setting next_dagrun for urban_data_pipeline to 2026-06-01 00:00:00+00:00, run_after=2026-07-01 00:00:00+00:00
[2026-06-29T09:13:27.563+0000] {processor.py:208} INFO - Processing /opt/airflow/dags/urban_data_pipeline_dag.py took 0.332 seconds
[2026-06-29T09:13:58.052+0000] {processor.py:186} INFO - Started process (PID=1246) to work on /opt/airflow/dags/urban_data_pipeline_dag.py
[2026-06-29T09:13:58.053+0000] {processor.py:914} INFO - Processing file /opt/airflow/dags/urban_data_pipeline_dag.py for tasks to queue
[2026-06-29T09:13:58.057+0000] {logging_mixin.py:190} INFO - [2026-06-29T09:13:58.056+0000] {dagbag.py:588} INFO - Filling up the DagBag from /opt/airflow/dags/urban_data_pipeline_dag.py
[2026-06-29T09:13:58.223+0000] {processor.py:925} INFO - DAG(s) 'urban_data_pipeline' retrieved from /opt/airflow/dags/urban_data_pipeline_dag.py
[2026-06-29T09:13:58.274+0000] {logging_mixin.py:190} INFO - [2026-06-29T09:13:58.273+0000] {dag.py:3239} INFO - Sync 1 DAGs
[2026-06-29T09:13:58.302+0000] {logging_mixin.py:190} INFO - [2026-06-29T09:13:58.302+0000] {dag.py:4180} INFO - Setting next_dagrun for urban_data_pipeline to 2026-06-01 00:00:00+00:00, run_after=2026-07-01 00:00:00+00:00
[2026-06-29T09:13:58.338+0000] {processor.py:208} INFO - Processing /opt/airflow/dags/urban_data_pipeline_dag.py took 0.296 seconds
[2026-06-29T09:14:28.848+0000] {processor.py:186} INFO - Started process (PID=1264) to work on /opt/airflow/dags/urban_data_pipeline_dag.py
[2026-06-29T09:14:28.849+0000] {processor.py:914} INFO - Processing file /opt/airflow/dags/urban_data_pipeline_dag.py for tasks to queue
[2026-06-29T09:14:28.852+0000] {logging_mixin.py:190} INFO - [2026-06-29T09:14:28.852+0000] {dagbag.py:588} INFO - Filling up the DagBag from /opt/airflow/dags/urban_data_pipeline_dag.py
[2026-06-29T09:14:29.021+0000] {processor.py:925} INFO - DAG(s) 'urban_data_pipeline' retrieved from /opt/airflow/dags/urban_data_pipeline_dag.py
[2026-06-29T09:14:29.109+0000] {logging_mixin.py:190} INFO - [2026-06-29T09:14:29.108+0000] {dag.py:3239} INFO - Sync 1 DAGs
[2026-06-29T09:14:29.134+0000] {logging_mixin.py:190} INFO - [2026-06-29T09:14:29.134+0000] {dag.py:4180} INFO - Setting next_dagrun for urban_data_pipeline to 2026-06-01 00:00:00+00:00, run_after=2026-07-01 00:00:00+00:00
[2026-06-29T09:14:29.176+0000] {processor.py:208} INFO - Processing /opt/airflow/dags/urban_data_pipeline_dag.py took 0.334 seconds
[2026-06-29T09:14:59.591+0000] {processor.py:186} INFO - Started process (PID=1282) to work on /opt/airflow/dags/urban_data_pipeline_dag.py
[2026-06-29T09:14:59.592+0000] {processor.py:914} INFO - Processing file /opt/airflow/dags/urban_data_pipeline_dag.py for tasks to queue
[2026-06-29T09:14:59.595+0000] {logging_mixin.py:190} INFO - [2026-06-29T09:14:59.595+0000] {dagbag.py:588} INFO - Filling up the DagBag from /opt/airflow/dags/urban_data_pipeline_dag.py
[2026-06-29T09:14:59.769+0000] {processor.py:925} INFO - DAG(s) 'urban_data_pipeline' retrieved from /opt/airflow/dags/urban_data_pipeline_dag.py
[2026-06-29T09:14:59.815+0000] {logging_mixin.py:190} INFO - [2026-06-29T09:14:59.814+0000] {dag.py:3239} INFO - Sync 1 DAGs
[2026-06-29T09:14:59.839+0000] {logging_mixin.py:190} INFO - [2026-06-29T09:14:59.838+0000] {dag.py:4180} INFO - Setting next_dagrun for urban_data_pipeline to 2026-06-01 00:00:00+00:00, run_after=2026-07-01 00:00:00+00:00
[2026-06-29T09:14:59.876+0000] {processor.py:208} INFO - Processing /opt/airflow/dags/urban_data_pipeline_dag.py took 0.291 seconds
[2026-06-29T09:15:30.535+0000] {processor.py:186} INFO - Started process (PID=1299) to work on /opt/airflow/dags/urban_data_pipeline_dag.py
[2026-06-29T09:15:30.537+0000] {processor.py:914} INFO - Processing file /opt/airflow/dags/urban_data_pipeline_dag.py for tasks to queue
[2026-06-29T09:15:30.541+0000] {logging_mixin.py:190} INFO - [2026-06-29T09:15:30.540+0000] {dagbag.py:588} INFO - Filling up the DagBag from /opt/airflow/dags/urban_data_pipeline_dag.py
[2026-06-29T09:15:30.654+0000] {processor.py:925} INFO - DAG(s) 'urban_data_pipeline' retrieved from /opt/airflow/dags/urban_data_pipeline_dag.py
[2026-06-29T09:15:30.707+0000] {logging_mixin.py:190} INFO - [2026-06-29T09:15:30.706+0000] {dag.py:3239} INFO - Sync 1 DAGs
[2026-06-29T09:15:30.731+0000] {logging_mixin.py:190} INFO - [2026-06-29T09:15:30.731+0000] {dag.py:4180} INFO - Setting next_dagrun for urban_data_pipeline to 2026-06-01 00:00:00+00:00, run_after=2026-07-01 00:00:00+00:00
[2026-06-29T09:15:30.754+0000] {processor.py:208} INFO - Processing /opt/airflow/dags/urban_data_pipeline_dag.py took 0.224 seconds
[2026-06-29T09:16:01.536+0000] {processor.py:186} INFO - Started process (PID=1310) to work on /opt/airflow/dags/urban_data_pipeline_dag.py
[2026-06-29T09:16:01.538+0000] {processor.py:914} INFO - Processing file /opt/airflow/dags/urban_data_pipeline_dag.py for tasks to queue
[2026-06-29T09:16:01.542+0000] {logging_mixin.py:190} INFO - [2026-06-29T09:16:01.542+0000] {dagbag.py:588} INFO - Filling up the DagBag from /opt/airflow/dags/urban_data_pipeline_dag.py
[2026-06-29T09:16:01.930+0000] {processor.py:925} INFO - DAG(s) 'urban_data_pipeline' retrieved from /opt/airflow/dags/urban_data_pipeline_dag.py
[2026-06-29T09:16:01.979+0000] {logging_mixin.py:190} INFO - [2026-06-29T09:16:01.979+0000] {dag.py:3239} INFO - Sync 1 DAGs
[2026-06-29T09:16:02.004+0000] {logging_mixin.py:190} INFO - [2026-06-29T09:16:02.004+0000] {dag.py:4180} INFO - Setting next_dagrun for urban_data_pipeline to 2026-06-01 00:00:00+00:00, run_after=2026-07-01 00:00:00+00:00
[2026-06-29T09:16:02.035+0000] {processor.py:208} INFO - Processing /opt/airflow/dags/urban_data_pipeline_dag.py took 0.511 seconds
[2026-06-29T09:16:32.833+0000] {processor.py:186} INFO - Started process (PID=1328) to work on /opt/airflow/dags/urban_data_pipeline_dag.py
[2026-06-29T09:16:32.834+0000] {processor.py:914} INFO - Processing file /opt/airflow/dags/urban_data_pipeline_dag.py for tasks to queue
[2026-06-29T09:16:32.837+0000] {logging_mixin.py:190} INFO - [2026-06-29T09:16:32.837+0000] {dagbag.py:588} INFO - Filling up the DagBag from /opt/airflow/dags/urban_data_pipeline_dag.py
[2026-06-29T09:16:33.022+0000] {processor.py:925} INFO - DAG(s) 'urban_data_pipeline' retrieved from /opt/airflow/dags/urban_data_pipeline_dag.py
[2026-06-29T09:16:33.063+0000] {logging_mixin.py:190} INFO - [2026-06-29T09:16:33.063+0000] {dag.py:3239} INFO - Sync 1 DAGs
[2026-06-29T09:16:33.087+0000] {logging_mixin.py:190} INFO - [2026-06-29T09:16:33.087+0000] {dag.py:4180} INFO - Setting next_dagrun for urban_data_pipeline to 2026-06-01 00:00:00+00:00, run_after=2026-07-01 00:00:00+00:00
[2026-06-29T09:16:33.127+0000] {processor.py:208} INFO - Processing /opt/airflow/dags/urban_data_pipeline_dag.py took 0.305 seconds
[2026-06-29T09:17:03.948+0000] {processor.py:186} INFO - Started process (PID=1346) to work on /opt/airflow/dags/urban_data_pipeline_dag.py
[2026-06-29T09:17:03.949+0000] {processor.py:914} INFO - Processing file /opt/airflow/dags/urban_data_pipeline_dag.py for tasks to queue
[2026-06-29T09:17:03.952+0000] {logging_mixin.py:190} INFO - [2026-06-29T09:17:03.951+0000] {dagbag.py:588} INFO - Filling up the DagBag from /opt/airflow/dags/urban_data_pipeline_dag.py
[2026-06-29T09:17:04.147+0000] {processor.py:925} INFO - DAG(s) 'urban_data_pipeline' retrieved from /opt/airflow/dags/urban_data_pipeline_dag.py
[2026-06-29T09:17:04.190+0000] {logging_mixin.py:190} INFO - [2026-06-29T09:17:04.190+0000] {dag.py:3239} INFO - Sync 1 DAGs
[2026-06-29T09:17:04.212+0000] {logging_mixin.py:190} INFO - [2026-06-29T09:17:04.212+0000] {dag.py:4180} INFO - Setting next_dagrun for urban_data_pipeline to 2026-06-01 00:00:00+00:00, run_after=2026-07-01 00:00:00+00:00
[2026-06-29T09:17:04.235+0000] {processor.py:208} INFO - Processing /opt/airflow/dags/urban_data_pipeline_dag.py took 0.293 seconds
[2026-06-29T09:17:35.250+0000] {processor.py:186} INFO - Started process (PID=1364) to work on /opt/airflow/dags/urban_data_pipeline_dag.py
[2026-06-29T09:17:35.253+0000] {processor.py:914} INFO - Processing file /opt/airflow/dags/urban_data_pipeline_dag.py for tasks to queue
[2026-06-29T09:17:35.257+0000] {logging_mixin.py:190} INFO - [2026-06-29T09:17:35.256+0000] {dagbag.py:588} INFO - Filling up the DagBag from /opt/airflow/dags/urban_data_pipeline_dag.py
[2026-06-29T09:17:35.613+0000] {processor.py:925} INFO - DAG(s) 'urban_data_pipeline' retrieved from /opt/airflow/dags/urban_data_pipeline_dag.py
[2026-06-29T09:17:35.657+0000] {logging_mixin.py:190} INFO - [2026-06-29T09:17:35.657+0000] {dag.py:3239} INFO - Sync 1 DAGs
[2026-06-29T09:17:35.679+0000] {logging_mixin.py:190} INFO - [2026-06-29T09:17:35.679+0000] {dag.py:4180} INFO - Setting next_dagrun for urban_data_pipeline to 2026-06-01 00:00:00+00:00, run_after=2026-07-01 00:00:00+00:00
[2026-06-29T09:17:35.702+0000] {processor.py:208} INFO - Processing /opt/airflow/dags/urban_data_pipeline_dag.py took 0.466 seconds
[2026-06-29T09:18:06.567+0000] {processor.py:186} INFO - Started process (PID=1382) to work on /opt/airflow/dags/urban_data_pipeline_dag.py
[2026-06-29T09:18:06.572+0000] {processor.py:914} INFO - Processing file /opt/airflow/dags/urban_data_pipeline_dag.py for tasks to queue
[2026-06-29T09:18:06.584+0000] {logging_mixin.py:190} INFO - [2026-06-29T09:18:06.583+0000] {dagbag.py:588} INFO - Filling up the DagBag from /opt/airflow/dags/urban_data_pipeline_dag.py
[2026-06-29T09:18:06.717+0000] {processor.py:925} INFO - DAG(s) 'urban_data_pipeline' retrieved from /opt/airflow/dags/urban_data_pipeline_dag.py
[2026-06-29T09:18:06.759+0000] {logging_mixin.py:190} INFO - [2026-06-29T09:18:06.759+0000] {dag.py:3239} INFO - Sync 1 DAGs
[2026-06-29T09:18:06.785+0000] {logging_mixin.py:190} INFO - [2026-06-29T09:18:06.784+0000] {dag.py:4180} INFO - Setting next_dagrun for urban_data_pipeline to 2026-06-01 00:00:00+00:00, run_after=2026-07-01 00:00:00+00:00
[2026-06-29T09:18:06.813+0000] {processor.py:208} INFO - Processing /opt/airflow/dags/urban_data_pipeline_dag.py took 0.270 seconds
[2026-06-29T09:18:37.534+0000] {processor.py:186} INFO - Started process (PID=1400) to work on /opt/airflow/dags/urban_data_pipeline_dag.py
[2026-06-29T09:18:37.538+0000] {processor.py:914} INFO - Processing file /opt/airflow/dags/urban_data_pipeline_dag.py for tasks to queue
[2026-06-29T09:18:37.543+0000] {logging_mixin.py:190} INFO - [2026-06-29T09:18:37.542+0000] {dagbag.py:588} INFO - Filling up the DagBag from /opt/airflow/dags/urban_data_pipeline_dag.py
[2026-06-29T09:18:37.846+0000] {processor.py:925} INFO - DAG(s) 'urban_data_pipeline' retrieved from /opt/airflow/dags/urban_data_pipeline_dag.py
[2026-06-29T09:18:37.890+0000] {logging_mixin.py:190} INFO - [2026-06-29T09:18:37.890+0000] {dag.py:3239} INFO - Sync 1 DAGs
[2026-06-29T09:18:37.916+0000] {logging_mixin.py:190} INFO - [2026-06-29T09:18:37.916+0000] {dag.py:4180} INFO - Setting next_dagrun for urban_data_pipeline to 2026-06-01 00:00:00+00:00, run_after=2026-07-01 00:00:00+00:00
[2026-06-29T09:18:37.941+0000] {processor.py:208} INFO - Processing /opt/airflow/dags/urban_data_pipeline_dag.py took 0.430 seconds
[2026-06-29T09:19:08.799+0000] {processor.py:186} INFO - Started process (PID=1418) to work on /opt/airflow/dags/urban_data_pipeline_dag.py
[2026-06-29T09:19:08.800+0000] {processor.py:914} INFO - Processing file /opt/airflow/dags/urban_data_pipeline_dag.py for tasks to queue
[2026-06-29T09:19:08.803+0000] {logging_mixin.py:190} INFO - [2026-06-29T09:19:08.802+0000] {dagbag.py:588} INFO - Filling up the DagBag from /opt/airflow/dags/urban_data_pipeline_dag.py
[2026-06-29T09:19:08.971+0000] {processor.py:925} INFO - DAG(s) 'urban_data_pipeline' retrieved from /opt/airflow/dags/urban_data_pipeline_dag.py
[2026-06-29T09:19:09.025+0000] {logging_mixin.py:190} INFO - [2026-06-29T09:19:09.024+0000] {dag.py:3239} INFO - Sync 1 DAGs
[2026-06-29T09:19:09.051+0000] {logging_mixin.py:190} INFO - [2026-06-29T09:19:09.050+0000] {dag.py:4180} INFO - Setting next_dagrun for urban_data_pipeline to 2026-06-01 00:00:00+00:00, run_after=2026-07-01 00:00:00+00:00
[2026-06-29T09:19:09.077+0000] {processor.py:208} INFO - Processing /opt/airflow/dags/urban_data_pipeline_dag.py took 0.284 seconds
[2026-06-29T09:19:39.988+0000] {processor.py:186} INFO - Started process (PID=1436) to work on /opt/airflow/dags/urban_data_pipeline_dag.py
[2026-06-29T09:19:39.990+0000] {processor.py:914} INFO - Processing file /opt/airflow/dags/urban_data_pipeline_dag.py for tasks to queue
[2026-06-29T09:19:39.993+0000] {logging_mixin.py:190} INFO - [2026-06-29T09:19:39.993+0000] {dagbag.py:588} INFO - Filling up the DagBag from /opt/airflow/dags/urban_data_pipeline_dag.py
[2026-06-29T09:19:40.199+0000] {processor.py:925} INFO - DAG(s) 'urban_data_pipeline' retrieved from /opt/airflow/dags/urban_data_pipeline_dag.py
[2026-06-29T09:19:40.243+0000] {logging_mixin.py:190} INFO - [2026-06-29T09:19:40.243+0000] {dag.py:3239} INFO - Sync 1 DAGs
[2026-06-29T09:19:40.271+0000] {logging_mixin.py:190} INFO - [2026-06-29T09:19:40.270+0000] {dag.py:4180} INFO - Setting next_dagrun for urban_data_pipeline to 2026-06-01 00:00:00+00:00, run_after=2026-07-01 00:00:00+00:00
[2026-06-29T09:19:40.323+0000] {processor.py:208} INFO - Processing /opt/airflow/dags/urban_data_pipeline_dag.py took 0.346 seconds
[2026-06-29T09:20:11.132+0000] {processor.py:186} INFO - Started process (PID=1454) to work on /opt/airflow/dags/urban_data_pipeline_dag.py
[2026-06-29T09:20:11.133+0000] {processor.py:914} INFO - Processing file /opt/airflow/dags/urban_data_pipeline_dag.py for tasks to queue
[2026-06-29T09:20:11.137+0000] {logging_mixin.py:190} INFO - [2026-06-29T09:20:11.136+0000] {dagbag.py:588} INFO - Filling up the DagBag from /opt/airflow/dags/urban_data_pipeline_dag.py
[2026-06-29T09:20:11.470+0000] {processor.py:925} INFO - DAG(s) 'urban_data_pipeline' retrieved from /opt/airflow/dags/urban_data_pipeline_dag.py
[2026-06-29T09:20:11.514+0000] {logging_mixin.py:190} INFO - [2026-06-29T09:20:11.514+0000] {dag.py:3239} INFO - Sync 1 DAGs
[2026-06-29T09:20:11.537+0000] {logging_mixin.py:190} INFO - [2026-06-29T09:20:11.537+0000] {dag.py:4180} INFO - Setting next_dagrun for urban_data_pipeline to 2026-06-01 00:00:00+00:00, run_after=2026-07-01 00:00:00+00:00
[2026-06-29T09:20:11.566+0000] {processor.py:208} INFO - Processing /opt/airflow/dags/urban_data_pipeline_dag.py took 0.446 seconds
[2026-06-29T09:20:42.574+0000] {processor.py:186} INFO - Started process (PID=1472) to work on /opt/airflow/dags/urban_data_pipeline_dag.py
[2026-06-29T09:20:42.576+0000] {processor.py:914} INFO - Processing file /opt/airflow/dags/urban_data_pipeline_dag.py for tasks to queue
[2026-06-29T09:20:42.578+0000] {logging_mixin.py:190} INFO - [2026-06-29T09:20:42.578+0000] {dagbag.py:588} INFO - Filling up the DagBag from /opt/airflow/dags/urban_data_pipeline_dag.py
[2026-06-29T09:20:42.743+0000] {processor.py:925} INFO - DAG(s) 'urban_data_pipeline' retrieved from /opt/airflow/dags/urban_data_pipeline_dag.py
[2026-06-29T09:20:42.783+0000] {logging_mixin.py:190} INFO - [2026-06-29T09:20:42.783+0000] {dag.py:3239} INFO - Sync 1 DAGs
[2026-06-29T09:20:42.807+0000] {logging_mixin.py:190} INFO - [2026-06-29T09:20:42.807+0000] {dag.py:4180} INFO - Setting next_dagrun for urban_data_pipeline to 2026-06-01 00:00:00+00:00, run_after=2026-07-01 00:00:00+00:00
[2026-06-29T09:20:42.828+0000] {processor.py:208} INFO - Processing /opt/airflow/dags/urban_data_pipeline_dag.py took 0.259 seconds
[2026-06-29T09:21:13.631+0000] {processor.py:186} INFO - Started process (PID=1489) to work on /opt/airflow/dags/urban_data_pipeline_dag.py
[2026-06-29T09:21:13.632+0000] {processor.py:914} INFO - Processing file /opt/airflow/dags/urban_data_pipeline_dag.py for tasks to queue
[2026-06-29T09:21:13.636+0000] {logging_mixin.py:190} INFO - [2026-06-29T09:21:13.635+0000] {dagbag.py:588} INFO - Filling up the DagBag from /opt/airflow/dags/urban_data_pipeline_dag.py
[2026-06-29T09:21:13.782+0000] {processor.py:925} INFO - DAG(s) 'urban_data_pipeline' retrieved from /opt/airflow/dags/urban_data_pipeline_dag.py
[2026-06-29T09:21:13.828+0000] {logging_mixin.py:190} INFO - [2026-06-29T09:21:13.827+0000] {dag.py:3239} INFO - Sync 1 DAGs
[2026-06-29T09:21:13.856+0000] {logging_mixin.py:190} INFO - [2026-06-29T09:21:13.855+0000] {dag.py:4180} INFO - Setting next_dagrun for urban_data_pipeline to 2026-06-01 00:00:00+00:00, run_after=2026-07-01 00:00:00+00:00
[2026-06-29T09:21:13.877+0000] {processor.py:208} INFO - Processing /opt/airflow/dags/urban_data_pipeline_dag.py took 0.253 seconds
[2026-06-29T09:21:44.682+0000] {processor.py:186} INFO - Started process (PID=1507) to work on /opt/airflow/dags/urban_data_pipeline_dag.py
[2026-06-29T09:21:44.686+0000] {processor.py:914} INFO - Processing file /opt/airflow/dags/urban_data_pipeline_dag.py for tasks to queue
[2026-06-29T09:21:44.688+0000] {logging_mixin.py:190} INFO - [2026-06-29T09:21:44.688+0000] {dagbag.py:588} INFO - Filling up the DagBag from /opt/airflow/dags/urban_data_pipeline_dag.py
[2026-06-29T09:21:44.844+0000] {processor.py:925} INFO - DAG(s) 'urban_data_pipeline' retrieved from /opt/airflow/dags/urban_data_pipeline_dag.py
[2026-06-29T09:21:44.894+0000] {logging_mixin.py:190} INFO - [2026-06-29T09:21:44.893+0000] {dag.py:3239} INFO - Sync 1 DAGs
[2026-06-29T09:21:44.919+0000] {logging_mixin.py:190} INFO - [2026-06-29T09:21:44.918+0000] {dag.py:4180} INFO - Setting next_dagrun for urban_data_pipeline to 2026-06-01 00:00:00+00:00, run_after=2026-07-01 00:00:00+00:00
[2026-06-29T09:21:44.940+0000] {processor.py:208} INFO - Processing /opt/airflow/dags/urban_data_pipeline_dag.py took 0.274 seconds
[2026-06-29T09:22:15.450+0000] {processor.py:186} INFO - Started process (PID=1518) to work on /opt/airflow/dags/urban_data_pipeline_dag.py
[2026-06-29T09:22:15.452+0000] {processor.py:914} INFO - Processing file /opt/airflow/dags/urban_data_pipeline_dag.py for tasks to queue
[2026-06-29T09:22:15.456+0000] {logging_mixin.py:190} INFO - [2026-06-29T09:22:15.455+0000] {dagbag.py:588} INFO - Filling up the DagBag from /opt/airflow/dags/urban_data_pipeline_dag.py
[2026-06-29T09:22:15.814+0000] {processor.py:925} INFO - DAG(s) 'urban_data_pipeline' retrieved from /opt/airflow/dags/urban_data_pipeline_dag.py
[2026-06-29T09:22:15.853+0000] {logging_mixin.py:190} INFO - [2026-06-29T09:22:15.853+0000] {dag.py:3239} INFO - Sync 1 DAGs
[2026-06-29T09:22:15.876+0000] {logging_mixin.py:190} INFO - [2026-06-29T09:22:15.875+0000] {dag.py:4180} INFO - Setting next_dagrun for urban_data_pipeline to 2026-06-01 00:00:00+00:00, run_after=2026-07-01 00:00:00+00:00
[2026-06-29T09:22:15.913+0000] {processor.py:208} INFO - Processing /opt/airflow/dags/urban_data_pipeline_dag.py took 0.487 seconds
[2026-06-29T09:22:46.812+0000] {processor.py:186} INFO - Started process (PID=1536) to work on /opt/airflow/dags/urban_data_pipeline_dag.py
[2026-06-29T09:22:46.814+0000] {processor.py:914} INFO - Processing file /opt/airflow/dags/urban_data_pipeline_dag.py for tasks to queue
[2026-06-29T09:22:46.817+0000] {logging_mixin.py:190} INFO - [2026-06-29T09:22:46.816+0000] {dagbag.py:588} INFO - Filling up the DagBag from /opt/airflow/dags/urban_data_pipeline_dag.py
[2026-06-29T09:22:46.942+0000] {processor.py:925} INFO - DAG(s) 'urban_data_pipeline' retrieved from /opt/airflow/dags/urban_data_pipeline_dag.py
[2026-06-29T09:22:46.982+0000] {logging_mixin.py:190} INFO - [2026-06-29T09:22:46.982+0000] {dag.py:3239} INFO - Sync 1 DAGs
[2026-06-29T09:22:47.004+0000] {logging_mixin.py:190} INFO - [2026-06-29T09:22:47.004+0000] {dag.py:4180} INFO - Setting next_dagrun for urban_data_pipeline to 2026-06-01 00:00:00+00:00, run_after=2026-07-01 00:00:00+00:00
[2026-06-29T09:22:47.027+0000] {processor.py:208} INFO - Processing /opt/airflow/dags/urban_data_pipeline_dag.py took 0.228 seconds
[2026-06-29T09:23:18.049+0000] {processor.py:186} INFO - Started process (PID=1554) to work on /opt/airflow/dags/urban_data_pipeline_dag.py
[2026-06-29T09:23:18.050+0000] {processor.py:914} INFO - Processing file /opt/airflow/dags/urban_data_pipeline_dag.py for tasks to queue
[2026-06-29T09:23:18.053+0000] {logging_mixin.py:190} INFO - [2026-06-29T09:23:18.052+0000] {dagbag.py:588} INFO - Filling up the DagBag from /opt/airflow/dags/urban_data_pipeline_dag.py
[2026-06-29T09:23:18.248+0000] {processor.py:925} INFO - DAG(s) 'urban_data_pipeline' retrieved from /opt/airflow/dags/urban_data_pipeline_dag.py
[2026-06-29T09:23:18.307+0000] {logging_mixin.py:190} INFO - [2026-06-29T09:23:18.307+0000] {dag.py:3239} INFO - Sync 1 DAGs
[2026-06-29T09:23:18.334+0000] {logging_mixin.py:190} INFO - [2026-06-29T09:23:18.334+0000] {dag.py:4180} INFO - Setting next_dagrun for urban_data_pipeline to 2026-06-01 00:00:00+00:00, run_after=2026-07-01 00:00:00+00:00
[2026-06-29T09:23:18.355+0000] {processor.py:208} INFO - Processing /opt/airflow/dags/urban_data_pipeline_dag.py took 0.318 seconds
[2026-06-29T09:23:49.223+0000] {processor.py:186} INFO - Started process (PID=1572) to work on /opt/airflow/dags/urban_data_pipeline_dag.py
[2026-06-29T09:23:49.224+0000] {processor.py:914} INFO - Processing file /opt/airflow/dags/urban_data_pipeline_dag.py for tasks to queue
[2026-06-29T09:23:49.228+0000] {logging_mixin.py:190} INFO - [2026-06-29T09:23:49.227+0000] {dagbag.py:588} INFO - Filling up the DagBag from /opt/airflow/dags/urban_data_pipeline_dag.py
[2026-06-29T09:23:49.409+0000] {processor.py:925} INFO - DAG(s) 'urban_data_pipeline' retrieved from /opt/airflow/dags/urban_data_pipeline_dag.py
[2026-06-29T09:23:49.452+0000] {logging_mixin.py:190} INFO - [2026-06-29T09:23:49.452+0000] {dag.py:3239} INFO - Sync 1 DAGs
[2026-06-29T09:23:49.474+0000] {logging_mixin.py:190} INFO - [2026-06-29T09:23:49.474+0000] {dag.py:4180} INFO - Setting next_dagrun for urban_data_pipeline to 2026-06-01 00:00:00+00:00, run_after=2026-07-01 00:00:00+00:00
[2026-06-29T09:23:49.502+0000] {processor.py:208} INFO - Processing /opt/airflow/dags/urban_data_pipeline_dag.py took 0.285 seconds
[2026-06-29T09:24:20.201+0000] {processor.py:186} INFO - Started process (PID=1590) to work on /opt/airflow/dags/urban_data_pipeline_dag.py
[2026-06-29T09:24:20.203+0000] {processor.py:914} INFO - Processing file /opt/airflow/dags/urban_data_pipeline_dag.py for tasks to queue
[2026-06-29T09:24:20.208+0000] {logging_mixin.py:190} INFO - [2026-06-29T09:24:20.207+0000] {dagbag.py:588} INFO - Filling up the DagBag from /opt/airflow/dags/urban_data_pipeline_dag.py
[2026-06-29T09:24:20.329+0000] {processor.py:925} INFO - DAG(s) 'urban_data_pipeline' retrieved from /opt/airflow/dags/urban_data_pipeline_dag.py
[2026-06-29T09:24:20.375+0000] {logging_mixin.py:190} INFO - [2026-06-29T09:24:20.374+0000] {dag.py:3239} INFO - Sync 1 DAGs
[2026-06-29T09:24:20.401+0000] {logging_mixin.py:190} INFO - [2026-06-29T09:24:20.400+0000] {dag.py:4180} INFO - Setting next_dagrun for urban_data_pipeline to 2026-06-01 00:00:00+00:00, run_after=2026-07-01 00:00:00+00:00
[2026-06-29T09:24:20.424+0000] {processor.py:208} INFO - Processing /opt/airflow/dags/urban_data_pipeline_dag.py took 0.232 seconds
[2026-06-29T09:24:50.826+0000] {processor.py:186} INFO - Started process (PID=1608) to work on /opt/airflow/dags/urban_data_pipeline_dag.py
[2026-06-29T09:24:50.829+0000] {processor.py:914} INFO - Processing file /opt/airflow/dags/urban_data_pipeline_dag.py for tasks to queue
[2026-06-29T09:24:50.838+0000] {logging_mixin.py:190} INFO - [2026-06-29T09:24:50.836+0000] {dagbag.py:588} INFO - Filling up the DagBag from /opt/airflow/dags/urban_data_pipeline_dag.py
[2026-06-29T09:24:51.191+0000] {processor.py:925} INFO - DAG(s) 'urban_data_pipeline' retrieved from /opt/airflow/dags/urban_data_pipeline_dag.py
[2026-06-29T09:24:51.240+0000] {logging_mixin.py:190} INFO - [2026-06-29T09:24:51.240+0000] {dag.py:3239} INFO - Sync 1 DAGs
[2026-06-29T09:24:51.265+0000] {logging_mixin.py:190} INFO - [2026-06-29T09:24:51.265+0000] {dag.py:4180} INFO - Setting next_dagrun for urban_data_pipeline to 2026-06-01 00:00:00+00:00, run_after=2026-07-01 00:00:00+00:00
[2026-06-29T09:24:51.295+0000] {processor.py:208} INFO - Processing /opt/airflow/dags/urban_data_pipeline_dag.py took 0.483 seconds
[2026-06-29T09:25:22.227+0000] {processor.py:186} INFO - Started process (PID=1626) to work on /opt/airflow/dags/urban_data_pipeline_dag.py
[2026-06-29T09:25:22.228+0000] {processor.py:914} INFO - Processing file /opt/airflow/dags/urban_data_pipeline_dag.py for tasks to queue
[2026-06-29T09:25:22.233+0000] {logging_mixin.py:190} INFO - [2026-06-29T09:25:22.232+0000] {dagbag.py:588} INFO - Filling up the DagBag from /opt/airflow/dags/urban_data_pipeline_dag.py
[2026-06-29T09:25:22.443+0000] {processor.py:925} INFO - DAG(s) 'urban_data_pipeline' retrieved from /opt/airflow/dags/urban_data_pipeline_dag.py
[2026-06-29T09:25:22.500+0000] {logging_mixin.py:190} INFO - [2026-06-29T09:25:22.499+0000] {dag.py:3239} INFO - Sync 1 DAGs
[2026-06-29T09:25:22.522+0000] {logging_mixin.py:190} INFO - [2026-06-29T09:25:22.522+0000] {dag.py:4180} INFO - Setting next_dagrun for urban_data_pipeline to 2026-06-01 00:00:00+00:00, run_after=2026-07-01 00:00:00+00:00
[2026-06-29T09:25:22.543+0000] {processor.py:208} INFO - Processing /opt/airflow/dags/urban_data_pipeline_dag.py took 0.325 seconds
[2026-06-29T09:25:53.316+0000] {processor.py:186} INFO - Started process (PID=1644) to work on /opt/airflow/dags/urban_data_pipeline_dag.py
[2026-06-29T09:25:53.317+0000] {processor.py:914} INFO - Processing file /opt/airflow/dags/urban_data_pipeline_dag.py for tasks to queue
[2026-06-29T09:25:53.320+0000] {logging_mixin.py:190} INFO - [2026-06-29T09:25:53.320+0000] {dagbag.py:588} INFO - Filling up the DagBag from /opt/airflow/dags/urban_data_pipeline_dag.py
[2026-06-29T09:25:53.472+0000] {processor.py:925} INFO - DAG(s) 'urban_data_pipeline' retrieved from /opt/airflow/dags/urban_data_pipeline_dag.py
[2026-06-29T09:25:53.516+0000] {logging_mixin.py:190} INFO - [2026-06-29T09:25:53.516+0000] {dag.py:3239} INFO - Sync 1 DAGs
[2026-06-29T09:25:53.538+0000] {logging_mixin.py:190} INFO - [2026-06-29T09:25:53.537+0000] {dag.py:4180} INFO - Setting next_dagrun for urban_data_pipeline to 2026-06-01 00:00:00+00:00, run_after=2026-07-01 00:00:00+00:00
[2026-06-29T09:25:53.560+0000] {processor.py:208} INFO - Processing /opt/airflow/dags/urban_data_pipeline_dag.py took 0.254 seconds
[2026-06-29T09:26:24.464+0000] {processor.py:186} INFO - Started process (PID=1662) to work on /opt/airflow/dags/urban_data_pipeline_dag.py
[2026-06-29T09:26:24.466+0000] {processor.py:914} INFO - Processing file /opt/airflow/dags/urban_data_pipeline_dag.py for tasks to queue
[2026-06-29T09:26:24.472+0000] {logging_mixin.py:190} INFO - [2026-06-29T09:26:24.471+0000] {dagbag.py:588} INFO - Filling up the DagBag from /opt/airflow/dags/urban_data_pipeline_dag.py
[2026-06-29T09:26:24.816+0000] {processor.py:925} INFO - DAG(s) 'urban_data_pipeline' retrieved from /opt/airflow/dags/urban_data_pipeline_dag.py
[2026-06-29T09:26:24.867+0000] {logging_mixin.py:190} INFO - [2026-06-29T09:26:24.867+0000] {dag.py:3239} INFO - Sync 1 DAGs
[2026-06-29T09:26:24.890+0000] {logging_mixin.py:190} INFO - [2026-06-29T09:26:24.890+0000] {dag.py:4180} INFO - Setting next_dagrun for urban_data_pipeline to 2026-06-01 00:00:00+00:00, run_after=2026-07-01 00:00:00+00:00
[2026-06-29T09:26:24.913+0000] {processor.py:208} INFO - Processing /opt/airflow/dags/urban_data_pipeline_dag.py took 0.469 seconds
[2026-06-29T09:26:55.705+0000] {processor.py:186} INFO - Started process (PID=1680) to work on /opt/airflow/dags/urban_data_pipeline_dag.py
[2026-06-29T09:26:55.707+0000] {processor.py:914} INFO - Processing file /opt/airflow/dags/urban_data_pipeline_dag.py for tasks to queue
[2026-06-29T09:26:55.711+0000] {logging_mixin.py:190} INFO - [2026-06-29T09:26:55.710+0000] {dagbag.py:588} INFO - Filling up the DagBag from /opt/airflow/dags/urban_data_pipeline_dag.py
[2026-06-29T09:26:56.192+0000] {processor.py:925} INFO - DAG(s) 'urban_data_pipeline' retrieved from /opt/airflow/dags/urban_data_pipeline_dag.py
[2026-06-29T09:26:56.243+0000] {logging_mixin.py:190} INFO - [2026-06-29T09:26:56.242+0000] {dag.py:3239} INFO - Sync 1 DAGs
[2026-06-29T09:26:56.266+0000] {logging_mixin.py:190} INFO - [2026-06-29T09:26:56.265+0000] {dag.py:4180} INFO - Setting next_dagrun for urban_data_pipeline to 2026-06-01 00:00:00+00:00, run_after=2026-07-01 00:00:00+00:00
[2026-06-29T09:26:56.299+0000] {processor.py:208} INFO - Processing /opt/airflow/dags/urban_data_pipeline_dag.py took 0.600 seconds
[2026-06-29T09:27:27.102+0000] {processor.py:186} INFO - Started process (PID=1698) to work on /opt/airflow/dags/urban_data_pipeline_dag.py
[2026-06-29T09:27:27.104+0000] {processor.py:914} INFO - Processing file /opt/airflow/dags/urban_data_pipeline_dag.py for tasks to queue
[2026-06-29T09:27:27.106+0000] {logging_mixin.py:190} INFO - [2026-06-29T09:27:27.106+0000] {dagbag.py:588} INFO - Filling up the DagBag from /opt/airflow/dags/urban_data_pipeline_dag.py
[2026-06-29T09:27:27.222+0000] {processor.py:925} INFO - DAG(s) 'urban_data_pipeline' retrieved from /opt/airflow/dags/urban_data_pipeline_dag.py
[2026-06-29T09:27:27.265+0000] {logging_mixin.py:190} INFO - [2026-06-29T09:27:27.265+0000] {dag.py:3239} INFO - Sync 1 DAGs
[2026-06-29T09:27:27.288+0000] {logging_mixin.py:190} INFO - [2026-06-29T09:27:27.288+0000] {dag.py:4180} INFO - Setting next_dagrun for urban_data_pipeline to 2026-06-01 00:00:00+00:00, run_after=2026-07-01 00:00:00+00:00
[2026-06-29T09:27:27.310+0000] {processor.py:208} INFO - Processing /opt/airflow/dags/urban_data_pipeline_dag.py took 0.214 seconds
[2026-06-29T09:27:58.200+0000] {processor.py:186} INFO - Started process (PID=1716) to work on /opt/airflow/dags/urban_data_pipeline_dag.py
[2026-06-29T09:27:58.201+0000] {processor.py:914} INFO - Processing file /opt/airflow/dags/urban_data_pipeline_dag.py for tasks to queue
[2026-06-29T09:27:58.207+0000] {logging_mixin.py:190} INFO - [2026-06-29T09:27:58.205+0000] {dagbag.py:588} INFO - Filling up the DagBag from /opt/airflow/dags/urban_data_pipeline_dag.py
[2026-06-29T09:27:58.358+0000] {processor.py:925} INFO - DAG(s) 'urban_data_pipeline' retrieved from /opt/airflow/dags/urban_data_pipeline_dag.py
[2026-06-29T09:27:58.412+0000] {logging_mixin.py:190} INFO - [2026-06-29T09:27:58.412+0000] {dag.py:3239} INFO - Sync 1 DAGs
[2026-06-29T09:27:58.438+0000] {logging_mixin.py:190} INFO - [2026-06-29T09:27:58.438+0000] {dag.py:4180} INFO - Setting next_dagrun for urban_data_pipeline to 2026-06-01 00:00:00+00:00, run_after=2026-07-01 00:00:00+00:00
[2026-06-29T09:27:58.470+0000] {processor.py:208} INFO - Processing /opt/airflow/dags/urban_data_pipeline_dag.py took 0.287 seconds
[2026-06-29T09:28:28.599+0000] {processor.py:186} INFO - Started process (PID=1733) to work on /opt/airflow/dags/urban_data_pipeline_dag.py
[2026-06-29T09:28:28.601+0000] {processor.py:914} INFO - Processing file /opt/airflow/dags/urban_data_pipeline_dag.py for tasks to queue
[2026-06-29T09:28:28.603+0000] {logging_mixin.py:190} INFO - [2026-06-29T09:28:28.603+0000] {dagbag.py:588} INFO - Filling up the DagBag from /opt/airflow/dags/urban_data_pipeline_dag.py
[2026-06-29T09:28:28.739+0000] {processor.py:925} INFO - DAG(s) 'urban_data_pipeline' retrieved from /opt/airflow/dags/urban_data_pipeline_dag.py
[2026-06-29T09:28:28.781+0000] {logging_mixin.py:190} INFO - [2026-06-29T09:28:28.781+0000] {dag.py:3239} INFO - Sync 1 DAGs
[2026-06-29T09:28:28.803+0000] {logging_mixin.py:190} INFO - [2026-06-29T09:28:28.803+0000] {dag.py:4180} INFO - Setting next_dagrun for urban_data_pipeline to 2026-06-01 00:00:00+00:00, run_after=2026-07-01 00:00:00+00:00
[2026-06-29T09:28:28.826+0000] {processor.py:208} INFO - Processing /opt/airflow/dags/urban_data_pipeline_dag.py took 0.231 seconds
[2026-06-29T09:28:59.592+0000] {processor.py:186} INFO - Started process (PID=1751) to work on /opt/airflow/dags/urban_data_pipeline_dag.py
[2026-06-29T09:28:59.594+0000] {processor.py:914} INFO - Processing file /opt/airflow/dags/urban_data_pipeline_dag.py for tasks to queue
[2026-06-29T09:28:59.596+0000] {logging_mixin.py:190} INFO - [2026-06-29T09:28:59.596+0000] {dagbag.py:588} INFO - Filling up the DagBag from /opt/airflow/dags/urban_data_pipeline_dag.py
[2026-06-29T09:28:59.711+0000] {processor.py:925} INFO - DAG(s) 'urban_data_pipeline' retrieved from /opt/airflow/dags/urban_data_pipeline_dag.py
[2026-06-29T09:28:59.763+0000] {logging_mixin.py:190} INFO - [2026-06-29T09:28:59.763+0000] {dag.py:3239} INFO - Sync 1 DAGs
[2026-06-29T09:28:59.790+0000] {logging_mixin.py:190} INFO - [2026-06-29T09:28:59.790+0000] {dag.py:4180} INFO - Setting next_dagrun for urban_data_pipeline to 2026-06-01 00:00:00+00:00, run_after=2026-07-01 00:00:00+00:00
[2026-06-29T09:28:59.810+0000] {processor.py:208} INFO - Processing /opt/airflow/dags/urban_data_pipeline_dag.py took 0.223 seconds
[2026-06-29T09:29:30.457+0000] {processor.py:186} INFO - Started process (PID=1762) to work on /opt/airflow/dags/urban_data_pipeline_dag.py
[2026-06-29T09:29:30.458+0000] {processor.py:914} INFO - Processing file /opt/airflow/dags/urban_data_pipeline_dag.py for tasks to queue
[2026-06-29T09:29:30.461+0000] {logging_mixin.py:190} INFO - [2026-06-29T09:29:30.461+0000] {dagbag.py:588} INFO - Filling up the DagBag from /opt/airflow/dags/urban_data_pipeline_dag.py
[2026-06-29T09:29:30.598+0000] {processor.py:925} INFO - DAG(s) 'urban_data_pipeline' retrieved from /opt/airflow/dags/urban_data_pipeline_dag.py
[2026-06-29T09:29:30.651+0000] {logging_mixin.py:190} INFO - [2026-06-29T09:29:30.650+0000] {dag.py:3239} INFO - Sync 1 DAGs
[2026-06-29T09:29:30.680+0000] {logging_mixin.py:190} INFO - [2026-06-29T09:29:30.680+0000] {dag.py:4180} INFO - Setting next_dagrun for urban_data_pipeline to 2026-06-01 00:00:00+00:00, run_after=2026-07-01 00:00:00+00:00
[2026-06-29T09:29:30.710+0000] {processor.py:208} INFO - Processing /opt/airflow/dags/urban_data_pipeline_dag.py took 0.259 seconds
[2026-06-29T09:30:01.169+0000] {processor.py:186} INFO - Started process (PID=1780) to work on /opt/airflow/dags/urban_data_pipeline_dag.py
[2026-06-29T09:30:01.171+0000] {processor.py:914} INFO - Processing file /opt/airflow/dags/urban_data_pipeline_dag.py for tasks to queue
[2026-06-29T09:30:01.175+0000] {logging_mixin.py:190} INFO - [2026-06-29T09:30:01.174+0000] {dagbag.py:588} INFO - Filling up the DagBag from /opt/airflow/dags/urban_data_pipeline_dag.py
[2026-06-29T09:30:01.290+0000] {processor.py:925} INFO - DAG(s) 'urban_data_pipeline' retrieved from /opt/airflow/dags/urban_data_pipeline_dag.py
[2026-06-29T09:30:01.344+0000] {logging_mixin.py:190} INFO - [2026-06-29T09:30:01.343+0000] {dag.py:3239} INFO - Sync 1 DAGs
[2026-06-29T09:30:01.371+0000] {logging_mixin.py:190} INFO - [2026-06-29T09:30:01.370+0000] {dag.py:4180} INFO - Setting next_dagrun for urban_data_pipeline to 2026-06-01 00:00:00+00:00, run_after=2026-07-01 00:00:00+00:00
[2026-06-29T09:30:01.396+0000] {processor.py:208} INFO - Processing /opt/airflow/dags/urban_data_pipeline_dag.py took 0.236 seconds
[2026-06-29T09:30:31.731+0000] {processor.py:186} INFO - Started process (PID=1798) to work on /opt/airflow/dags/urban_data_pipeline_dag.py
[2026-06-29T09:30:31.733+0000] {processor.py:914} INFO - Processing file /opt/airflow/dags/urban_data_pipeline_dag.py for tasks to queue
[2026-06-29T09:30:31.736+0000] {logging_mixin.py:190} INFO - [2026-06-29T09:30:31.736+0000] {dagbag.py:588} INFO - Filling up the DagBag from /opt/airflow/dags/urban_data_pipeline_dag.py
[2026-06-29T09:30:31.864+0000] {processor.py:925} INFO - DAG(s) 'urban_data_pipeline' retrieved from /opt/airflow/dags/urban_data_pipeline_dag.py
[2026-06-29T09:30:31.918+0000] {logging_mixin.py:190} INFO - [2026-06-29T09:30:31.917+0000] {dag.py:3239} INFO - Sync 1 DAGs
[2026-06-29T09:30:31.946+0000] {logging_mixin.py:190} INFO - [2026-06-29T09:30:31.946+0000] {dag.py:4180} INFO - Setting next_dagrun for urban_data_pipeline to 2026-06-01 00:00:00+00:00, run_after=2026-07-01 00:00:00+00:00
[2026-06-29T09:30:31.981+0000] {processor.py:208} INFO - Processing /opt/airflow/dags/urban_data_pipeline_dag.py took 0.257 seconds
[2026-06-29T09:31:02.798+0000] {processor.py:186} INFO - Started process (PID=1816) to work on /opt/airflow/dags/urban_data_pipeline_dag.py
[2026-06-29T09:31:02.802+0000] {processor.py:914} INFO - Processing file /opt/airflow/dags/urban_data_pipeline_dag.py for tasks to queue
[2026-06-29T09:31:02.808+0000] {logging_mixin.py:190} INFO - [2026-06-29T09:31:02.808+0000] {dagbag.py:588} INFO - Filling up the DagBag from /opt/airflow/dags/urban_data_pipeline_dag.py
[2026-06-29T09:31:03.073+0000] {processor.py:925} INFO - DAG(s) 'urban_data_pipeline' retrieved from /opt/airflow/dags/urban_data_pipeline_dag.py
[2026-06-29T09:31:03.129+0000] {logging_mixin.py:190} INFO - [2026-06-29T09:31:03.129+0000] {dag.py:3239} INFO - Sync 1 DAGs
[2026-06-29T09:31:03.154+0000] {logging_mixin.py:190} INFO - [2026-06-29T09:31:03.154+0000] {dag.py:4180} INFO - Setting next_dagrun for urban_data_pipeline to 2026-06-01 00:00:00+00:00, run_after=2026-07-01 00:00:00+00:00
[2026-06-29T09:31:03.181+0000] {processor.py:208} INFO - Processing /opt/airflow/dags/urban_data_pipeline_dag.py took 0.407 seconds
[2026-06-29T09:31:34.083+0000] {processor.py:186} INFO - Started process (PID=1834) to work on /opt/airflow/dags/urban_data_pipeline_dag.py
[2026-06-29T09:31:34.085+0000] {processor.py:914} INFO - Processing file /opt/airflow/dags/urban_data_pipeline_dag.py for tasks to queue
[2026-06-29T09:31:34.089+0000] {logging_mixin.py:190} INFO - [2026-06-29T09:31:34.089+0000] {dagbag.py:588} INFO - Filling up the DagBag from /opt/airflow/dags/urban_data_pipeline_dag.py
[2026-06-29T09:31:34.332+0000] {processor.py:925} INFO - DAG(s) 'urban_data_pipeline' retrieved from /opt/airflow/dags/urban_data_pipeline_dag.py
[2026-06-29T09:31:34.390+0000] {logging_mixin.py:190} INFO - [2026-06-29T09:31:34.390+0000] {dag.py:3239} INFO - Sync 1 DAGs
[2026-06-29T09:31:34.412+0000] {logging_mixin.py:190} INFO - [2026-06-29T09:31:34.412+0000] {dag.py:4180} INFO - Setting next_dagrun for urban_data_pipeline to 2026-06-01 00:00:00+00:00, run_after=2026-07-01 00:00:00+00:00
[2026-06-29T09:31:34.433+0000] {processor.py:208} INFO - Processing /opt/airflow/dags/urban_data_pipeline_dag.py took 0.370 seconds
[2026-06-29T09:32:04.910+0000] {processor.py:186} INFO - Started process (PID=1852) to work on /opt/airflow/dags/urban_data_pipeline_dag.py
[2026-06-29T09:32:04.911+0000] {processor.py:914} INFO - Processing file /opt/airflow/dags/urban_data_pipeline_dag.py for tasks to queue
[2026-06-29T09:32:04.917+0000] {logging_mixin.py:190} INFO - [2026-06-29T09:32:04.917+0000] {dagbag.py:588} INFO - Filling up the DagBag from /opt/airflow/dags/urban_data_pipeline_dag.py
[2026-06-29T09:32:05.112+0000] {processor.py:925} INFO - DAG(s) 'urban_data_pipeline' retrieved from /opt/airflow/dags/urban_data_pipeline_dag.py
[2026-06-29T09:32:05.158+0000] {logging_mixin.py:190} INFO - [2026-06-29T09:32:05.157+0000] {dag.py:3239} INFO - Sync 1 DAGs
[2026-06-29T09:32:05.180+0000] {logging_mixin.py:190} INFO - [2026-06-29T09:32:05.180+0000] {dag.py:4180} INFO - Setting next_dagrun for urban_data_pipeline to 2026-06-01 00:00:00+00:00, run_after=2026-07-01 00:00:00+00:00
[2026-06-29T09:32:05.204+0000] {processor.py:208} INFO - Processing /opt/airflow/dags/urban_data_pipeline_dag.py took 0.300 seconds
[2026-06-29T09:32:35.983+0000] {processor.py:186} INFO - Started process (PID=1870) to work on /opt/airflow/dags/urban_data_pipeline_dag.py
[2026-06-29T09:32:35.990+0000] {processor.py:914} INFO - Processing file /opt/airflow/dags/urban_data_pipeline_dag.py for tasks to queue
[2026-06-29T09:32:36.002+0000] {logging_mixin.py:190} INFO - [2026-06-29T09:32:36.001+0000] {dagbag.py:588} INFO - Filling up the DagBag from /opt/airflow/dags/urban_data_pipeline_dag.py
[2026-06-29T09:32:36.140+0000] {processor.py:925} INFO - DAG(s) 'urban_data_pipeline' retrieved from /opt/airflow/dags/urban_data_pipeline_dag.py
[2026-06-29T09:32:36.185+0000] {logging_mixin.py:190} INFO - [2026-06-29T09:32:36.185+0000] {dag.py:3239} INFO - Sync 1 DAGs
[2026-06-29T09:32:36.207+0000] {logging_mixin.py:190} INFO - [2026-06-29T09:32:36.207+0000] {dag.py:4180} INFO - Setting next_dagrun for urban_data_pipeline to 2026-06-01 00:00:00+00:00, run_after=2026-07-01 00:00:00+00:00
[2026-06-29T09:32:36.231+0000] {processor.py:208} INFO - Processing /opt/airflow/dags/urban_data_pipeline_dag.py took 0.272 seconds
[2026-06-29T09:33:06.406+0000] {processor.py:186} INFO - Started process (PID=1888) to work on /opt/airflow/dags/urban_data_pipeline_dag.py
[2026-06-29T09:33:06.408+0000] {processor.py:914} INFO - Processing file /opt/airflow/dags/urban_data_pipeline_dag.py for tasks to queue
[2026-06-29T09:33:06.411+0000] {logging_mixin.py:190} INFO - [2026-06-29T09:33:06.411+0000] {dagbag.py:588} INFO - Filling up the DagBag from /opt/airflow/dags/urban_data_pipeline_dag.py
[2026-06-29T09:33:06.726+0000] {processor.py:925} INFO - DAG(s) 'urban_data_pipeline' retrieved from /opt/airflow/dags/urban_data_pipeline_dag.py
[2026-06-29T09:33:06.783+0000] {logging_mixin.py:190} INFO - [2026-06-29T09:33:06.783+0000] {dag.py:3239} INFO - Sync 1 DAGs
[2026-06-29T09:33:06.807+0000] {logging_mixin.py:190} INFO - [2026-06-29T09:33:06.807+0000] {dag.py:4180} INFO - Setting next_dagrun for urban_data_pipeline to 2026-06-01 00:00:00+00:00, run_after=2026-07-01 00:00:00+00:00
[2026-06-29T09:33:06.833+0000] {processor.py:208} INFO - Processing /opt/airflow/dags/urban_data_pipeline_dag.py took 0.446 seconds
[2026-06-29T09:33:36.944+0000] {processor.py:186} INFO - Started process (PID=1906) to work on /opt/airflow/dags/urban_data_pipeline_dag.py
[2026-06-29T09:33:36.946+0000] {processor.py:914} INFO - Processing file /opt/airflow/dags/urban_data_pipeline_dag.py for tasks to queue
[2026-06-29T09:33:36.949+0000] {logging_mixin.py:190} INFO - [2026-06-29T09:33:36.949+0000] {dagbag.py:588} INFO - Filling up the DagBag from /opt/airflow/dags/urban_data_pipeline_dag.py
[2026-06-29T09:33:37.247+0000] {processor.py:925} INFO - DAG(s) 'urban_data_pipeline' retrieved from /opt/airflow/dags/urban_data_pipeline_dag.py
[2026-06-29T09:33:37.294+0000] {logging_mixin.py:190} INFO - [2026-06-29T09:33:37.294+0000] {dag.py:3239} INFO - Sync 1 DAGs
[2026-06-29T09:33:37.317+0000] {logging_mixin.py:190} INFO - [2026-06-29T09:33:37.317+0000] {dag.py:4180} INFO - Setting next_dagrun for urban_data_pipeline to 2026-06-01 00:00:00+00:00, run_after=2026-07-01 00:00:00+00:00
[2026-06-29T09:33:37.341+0000] {processor.py:208} INFO - Processing /opt/airflow/dags/urban_data_pipeline_dag.py took 0.403 seconds
[2026-06-29T09:34:07.493+0000] {processor.py:186} INFO - Started process (PID=1924) to work on /opt/airflow/dags/urban_data_pipeline_dag.py
[2026-06-29T09:34:07.495+0000] {processor.py:914} INFO - Processing file /opt/airflow/dags/urban_data_pipeline_dag.py for tasks to queue
[2026-06-29T09:34:07.498+0000] {logging_mixin.py:190} INFO - [2026-06-29T09:34:07.498+0000] {dagbag.py:588} INFO - Filling up the DagBag from /opt/airflow/dags/urban_data_pipeline_dag.py
[2026-06-29T09:34:07.649+0000] {processor.py:925} INFO - DAG(s) 'urban_data_pipeline' retrieved from /opt/airflow/dags/urban_data_pipeline_dag.py
[2026-06-29T09:34:07.696+0000] {logging_mixin.py:190} INFO - [2026-06-29T09:34:07.695+0000] {dag.py:3239} INFO - Sync 1 DAGs
[2026-06-29T09:34:07.718+0000] {logging_mixin.py:190} INFO - [2026-06-29T09:34:07.718+0000] {dag.py:4180} INFO - Setting next_dagrun for urban_data_pipeline to 2026-06-01 00:00:00+00:00, run_after=2026-07-01 00:00:00+00:00
[2026-06-29T09:34:07.741+0000] {processor.py:208} INFO - Processing /opt/airflow/dags/urban_data_pipeline_dag.py took 0.256 seconds
[2026-06-29T09:34:37.921+0000] {processor.py:186} INFO - Started process (PID=1942) to work on /opt/airflow/dags/urban_data_pipeline_dag.py
[2026-06-29T09:34:37.922+0000] {processor.py:914} INFO - Processing file /opt/airflow/dags/urban_data_pipeline_dag.py for tasks to queue
[2026-06-29T09:34:37.926+0000] {logging_mixin.py:190} INFO - [2026-06-29T09:34:37.925+0000] {dagbag.py:588} INFO - Filling up the DagBag from /opt/airflow/dags/urban_data_pipeline_dag.py
[2026-06-29T09:34:38.055+0000] {processor.py:925} INFO - DAG(s) 'urban_data_pipeline' retrieved from /opt/airflow/dags/urban_data_pipeline_dag.py
[2026-06-29T09:34:38.110+0000] {logging_mixin.py:190} INFO - [2026-06-29T09:34:38.109+0000] {dag.py:3239} INFO - Sync 1 DAGs
[2026-06-29T09:34:38.134+0000] {logging_mixin.py:190} INFO - [2026-06-29T09:34:38.134+0000] {dag.py:4180} INFO - Setting next_dagrun for urban_data_pipeline to 2026-06-01 00:00:00+00:00, run_after=2026-07-01 00:00:00+00:00
[2026-06-29T09:34:38.164+0000] {processor.py:208} INFO - Processing /opt/airflow/dags/urban_data_pipeline_dag.py took 0.250 seconds
[2026-06-29T09:35:08.596+0000] {processor.py:186} INFO - Started process (PID=1959) to work on /opt/airflow/dags/urban_data_pipeline_dag.py
[2026-06-29T09:35:08.598+0000] {processor.py:914} INFO - Processing file /opt/airflow/dags/urban_data_pipeline_dag.py for tasks to queue
[2026-06-29T09:35:08.601+0000] {logging_mixin.py:190} INFO - [2026-06-29T09:35:08.600+0000] {dagbag.py:588} INFO - Filling up the DagBag from /opt/airflow/dags/urban_data_pipeline_dag.py
[2026-06-29T09:35:08.838+0000] {processor.py:925} INFO - DAG(s) 'urban_data_pipeline' retrieved from /opt/airflow/dags/urban_data_pipeline_dag.py
[2026-06-29T09:35:08.882+0000] {logging_mixin.py:190} INFO - [2026-06-29T09:35:08.882+0000] {dag.py:3239} INFO - Sync 1 DAGs
[2026-06-29T09:35:08.906+0000] {logging_mixin.py:190} INFO - [2026-06-29T09:35:08.906+0000] {dag.py:4180} INFO - Setting next_dagrun for urban_data_pipeline to 2026-06-01 00:00:00+00:00, run_after=2026-07-01 00:00:00+00:00
[2026-06-29T09:35:08.926+0000] {processor.py:208} INFO - Processing /opt/airflow/dags/urban_data_pipeline_dag.py took 0.335 seconds
[2026-06-29T09:35:39.541+0000] {processor.py:186} INFO - Started process (PID=1970) to work on /opt/airflow/dags/urban_data_pipeline_dag.py
[2026-06-29T09:35:39.543+0000] {processor.py:914} INFO - Processing file /opt/airflow/dags/urban_data_pipeline_dag.py for tasks to queue
[2026-06-29T09:35:39.550+0000] {logging_mixin.py:190} INFO - [2026-06-29T09:35:39.549+0000] {dagbag.py:588} INFO - Filling up the DagBag from /opt/airflow/dags/urban_data_pipeline_dag.py
[2026-06-29T09:35:39.771+0000] {processor.py:925} INFO - DAG(s) 'urban_data_pipeline' retrieved from /opt/airflow/dags/urban_data_pipeline_dag.py
[2026-06-29T09:35:39.840+0000] {logging_mixin.py:190} INFO - [2026-06-29T09:35:39.840+0000] {dag.py:3239} INFO - Sync 1 DAGs
[2026-06-29T09:35:39.870+0000] {logging_mixin.py:190} INFO - [2026-06-29T09:35:39.869+0000] {dag.py:4180} INFO - Setting next_dagrun for urban_data_pipeline to 2026-06-01 00:00:00+00:00, run_after=2026-07-01 00:00:00+00:00
[2026-06-29T09:35:39.894+0000] {processor.py:208} INFO - Processing /opt/airflow/dags/urban_data_pipeline_dag.py took 0.364 seconds
[2026-06-29T09:36:10.830+0000] {processor.py:186} INFO - Started process (PID=1988) to work on /opt/airflow/dags/urban_data_pipeline_dag.py
[2026-06-29T09:36:10.833+0000] {processor.py:914} INFO - Processing file /opt/airflow/dags/urban_data_pipeline_dag.py for tasks to queue
[2026-06-29T09:36:10.839+0000] {logging_mixin.py:190} INFO - [2026-06-29T09:36:10.838+0000] {dagbag.py:588} INFO - Filling up the DagBag from /opt/airflow/dags/urban_data_pipeline_dag.py
[2026-06-29T09:36:11.044+0000] {processor.py:925} INFO - DAG(s) 'urban_data_pipeline' retrieved from /opt/airflow/dags/urban_data_pipeline_dag.py
[2026-06-29T09:36:11.088+0000] {logging_mixin.py:190} INFO - [2026-06-29T09:36:11.088+0000] {dag.py:3239} INFO - Sync 1 DAGs
[2026-06-29T09:36:11.115+0000] {logging_mixin.py:190} INFO - [2026-06-29T09:36:11.115+0000] {dag.py:4180} INFO - Setting next_dagrun for urban_data_pipeline to 2026-06-01 00:00:00+00:00, run_after=2026-07-01 00:00:00+00:00
[2026-06-29T09:36:11.154+0000] {processor.py:208} INFO - Processing /opt/airflow/dags/urban_data_pipeline_dag.py took 0.352 seconds
[2026-06-29T09:36:41.396+0000] {processor.py:186} INFO - Started process (PID=2006) to work on /opt/airflow/dags/urban_data_pipeline_dag.py
[2026-06-29T09:36:41.398+0000] {processor.py:914} INFO - Processing file /opt/airflow/dags/urban_data_pipeline_dag.py for tasks to queue
[2026-06-29T09:36:41.401+0000] {logging_mixin.py:190} INFO - [2026-06-29T09:36:41.401+0000] {dagbag.py:588} INFO - Filling up the DagBag from /opt/airflow/dags/urban_data_pipeline_dag.py
[2026-06-29T09:36:41.518+0000] {processor.py:925} INFO - DAG(s) 'urban_data_pipeline' retrieved from /opt/airflow/dags/urban_data_pipeline_dag.py
[2026-06-29T09:36:41.560+0000] {logging_mixin.py:190} INFO - [2026-06-29T09:36:41.560+0000] {dag.py:3239} INFO - Sync 1 DAGs
[2026-06-29T09:36:41.583+0000] {logging_mixin.py:190} INFO - [2026-06-29T09:36:41.583+0000] {dag.py:4180} INFO - Setting next_dagrun for urban_data_pipeline to 2026-06-01 00:00:00+00:00, run_after=2026-07-01 00:00:00+00:00
[2026-06-29T09:36:41.605+0000] {processor.py:208} INFO - Processing /opt/airflow/dags/urban_data_pipeline_dag.py took 0.226 seconds
[2026-06-29T09:37:12.267+0000] {processor.py:186} INFO - Started process (PID=2024) to work on /opt/airflow/dags/urban_data_pipeline_dag.py
[2026-06-29T09:37:12.270+0000] {processor.py:914} INFO - Processing file /opt/airflow/dags/urban_data_pipeline_dag.py for tasks to queue
[2026-06-29T09:37:12.275+0000] {logging_mixin.py:190} INFO - [2026-06-29T09:37:12.275+0000] {dagbag.py:588} INFO - Filling up the DagBag from /opt/airflow/dags/urban_data_pipeline_dag.py
[2026-06-29T09:37:12.687+0000] {processor.py:925} INFO - DAG(s) 'urban_data_pipeline' retrieved from /opt/airflow/dags/urban_data_pipeline_dag.py
[2026-06-29T09:37:12.739+0000] {logging_mixin.py:190} INFO - [2026-06-29T09:37:12.739+0000] {dag.py:3239} INFO - Sync 1 DAGs
[2026-06-29T09:37:12.763+0000] {logging_mixin.py:190} INFO - [2026-06-29T09:37:12.763+0000] {dag.py:4180} INFO - Setting next_dagrun for urban_data_pipeline to 2026-06-01 00:00:00+00:00, run_after=2026-07-01 00:00:00+00:00
[2026-06-29T09:37:12.787+0000] {processor.py:208} INFO - Processing /opt/airflow/dags/urban_data_pipeline_dag.py took 0.543 seconds
[2026-06-29T09:37:43.665+0000] {processor.py:186} INFO - Started process (PID=2042) to work on /opt/airflow/dags/urban_data_pipeline_dag.py
[2026-06-29T09:37:43.667+0000] {processor.py:914} INFO - Processing file /opt/airflow/dags/urban_data_pipeline_dag.py for tasks to queue
[2026-06-29T09:37:43.670+0000] {logging_mixin.py:190} INFO - [2026-06-29T09:37:43.670+0000] {dagbag.py:588} INFO - Filling up the DagBag from /opt/airflow/dags/urban_data_pipeline_dag.py
[2026-06-29T09:37:43.970+0000] {processor.py:925} INFO - DAG(s) 'urban_data_pipeline' retrieved from /opt/airflow/dags/urban_data_pipeline_dag.py
[2026-06-29T09:37:44.036+0000] {logging_mixin.py:190} INFO - [2026-06-29T09:37:44.036+0000] {dag.py:3239} INFO - Sync 1 DAGs
[2026-06-29T09:37:44.058+0000] {logging_mixin.py:190} INFO - [2026-06-29T09:37:44.058+0000] {dag.py:4180} INFO - Setting next_dagrun for urban_data_pipeline to 2026-06-01 00:00:00+00:00, run_after=2026-07-01 00:00:00+00:00
[2026-06-29T09:37:44.083+0000] {processor.py:208} INFO - Processing /opt/airflow/dags/urban_data_pipeline_dag.py took 0.424 seconds
[2026-06-29T09:38:14.926+0000] {processor.py:186} INFO - Started process (PID=2060) to work on /opt/airflow/dags/urban_data_pipeline_dag.py
[2026-06-29T09:38:14.928+0000] {processor.py:914} INFO - Processing file /opt/airflow/dags/urban_data_pipeline_dag.py for tasks to queue
[2026-06-29T09:38:14.931+0000] {logging_mixin.py:190} INFO - [2026-06-29T09:38:14.930+0000] {dagbag.py:588} INFO - Filling up the DagBag from /opt/airflow/dags/urban_data_pipeline_dag.py
[2026-06-29T09:38:15.058+0000] {processor.py:925} INFO - DAG(s) 'urban_data_pipeline' retrieved from /opt/airflow/dags/urban_data_pipeline_dag.py
[2026-06-29T09:38:15.104+0000] {logging_mixin.py:190} INFO - [2026-06-29T09:38:15.103+0000] {dag.py:3239} INFO - Sync 1 DAGs
[2026-06-29T09:38:15.127+0000] {logging_mixin.py:190} INFO - [2026-06-29T09:38:15.126+0000] {dag.py:4180} INFO - Setting next_dagrun for urban_data_pipeline to 2026-06-01 00:00:00+00:00, run_after=2026-07-01 00:00:00+00:00
[2026-06-29T09:38:15.145+0000] {processor.py:208} INFO - Processing /opt/airflow/dags/urban_data_pipeline_dag.py took 0.229 seconds
[2026-06-29T09:38:45.949+0000] {processor.py:186} INFO - Started process (PID=2078) to work on /opt/airflow/dags/urban_data_pipeline_dag.py
[2026-06-29T09:38:45.951+0000] {processor.py:914} INFO - Processing file /opt/airflow/dags/urban_data_pipeline_dag.py for tasks to queue
[2026-06-29T09:38:45.954+0000] {logging_mixin.py:190} INFO - [2026-06-29T09:38:45.954+0000] {dagbag.py:588} INFO - Filling up the DagBag from /opt/airflow/dags/urban_data_pipeline_dag.py
[2026-06-29T09:38:46.157+0000] {processor.py:925} INFO - DAG(s) 'urban_data_pipeline' retrieved from /opt/airflow/dags/urban_data_pipeline_dag.py
[2026-06-29T09:38:46.231+0000] {logging_mixin.py:190} INFO - [2026-06-29T09:38:46.231+0000] {dag.py:3239} INFO - Sync 1 DAGs
[2026-06-29T09:38:46.263+0000] {logging_mixin.py:190} INFO - [2026-06-29T09:38:46.262+0000] {dag.py:4180} INFO - Setting next_dagrun for urban_data_pipeline to 2026-06-01 00:00:00+00:00, run_after=2026-07-01 00:00:00+00:00
[2026-06-29T09:38:46.288+0000] {processor.py:208} INFO - Processing /opt/airflow/dags/urban_data_pipeline_dag.py took 0.348 seconds
[2026-06-29T09:39:16.777+0000] {processor.py:186} INFO - Started process (PID=2096) to work on /opt/airflow/dags/urban_data_pipeline_dag.py
[2026-06-29T09:39:16.779+0000] {processor.py:914} INFO - Processing file /opt/airflow/dags/urban_data_pipeline_dag.py for tasks to queue
[2026-06-29T09:39:16.783+0000] {logging_mixin.py:190} INFO - [2026-06-29T09:39:16.782+0000] {dagbag.py:588} INFO - Filling up the DagBag from /opt/airflow/dags/urban_data_pipeline_dag.py
[2026-06-29T09:39:16.944+0000] {processor.py:925} INFO - DAG(s) 'urban_data_pipeline' retrieved from /opt/airflow/dags/urban_data_pipeline_dag.py
[2026-06-29T09:39:16.999+0000] {logging_mixin.py:190} INFO - [2026-06-29T09:39:16.998+0000] {dag.py:3239} INFO - Sync 1 DAGs
[2026-06-29T09:39:17.034+0000] {logging_mixin.py:190} INFO - [2026-06-29T09:39:17.033+0000] {dag.py:4180} INFO - Setting next_dagrun for urban_data_pipeline to 2026-06-01 00:00:00+00:00, run_after=2026-07-01 00:00:00+00:00
[2026-06-29T09:39:17.061+0000] {processor.py:208} INFO - Processing /opt/airflow/dags/urban_data_pipeline_dag.py took 0.292 seconds
[2026-06-29T09:39:47.395+0000] {processor.py:186} INFO - Started process (PID=2114) to work on /opt/airflow/dags/urban_data_pipeline_dag.py
[2026-06-29T09:39:47.396+0000] {processor.py:914} INFO - Processing file /opt/airflow/dags/urban_data_pipeline_dag.py for tasks to queue
[2026-06-29T09:39:47.400+0000] {logging_mixin.py:190} INFO - [2026-06-29T09:39:47.399+0000] {dagbag.py:588} INFO - Filling up the DagBag from /opt/airflow/dags/urban_data_pipeline_dag.py
[2026-06-29T09:39:47.541+0000] {processor.py:925} INFO - DAG(s) 'urban_data_pipeline' retrieved from /opt/airflow/dags/urban_data_pipeline_dag.py
[2026-06-29T09:39:47.586+0000] {logging_mixin.py:190} INFO - [2026-06-29T09:39:47.586+0000] {dag.py:3239} INFO - Sync 1 DAGs
[2026-06-29T09:39:47.614+0000] {logging_mixin.py:190} INFO - [2026-06-29T09:39:47.614+0000] {dag.py:4180} INFO - Setting next_dagrun for urban_data_pipeline to 2026-06-01 00:00:00+00:00, run_after=2026-07-01 00:00:00+00:00
[2026-06-29T09:39:47.646+0000] {processor.py:208} INFO - Processing /opt/airflow/dags/urban_data_pipeline_dag.py took 0.259 seconds
[2026-06-29T09:40:17.956+0000] {processor.py:186} INFO - Started process (PID=2132) to work on /opt/airflow/dags/urban_data_pipeline_dag.py
[2026-06-29T09:40:17.958+0000] {processor.py:914} INFO - Processing file /opt/airflow/dags/urban_data_pipeline_dag.py for tasks to queue
[2026-06-29T09:40:17.961+0000] {logging_mixin.py:190} INFO - [2026-06-29T09:40:17.961+0000] {dagbag.py:588} INFO - Filling up the DagBag from /opt/airflow/dags/urban_data_pipeline_dag.py
[2026-06-29T09:40:18.088+0000] {processor.py:925} INFO - DAG(s) 'urban_data_pipeline' retrieved from /opt/airflow/dags/urban_data_pipeline_dag.py
[2026-06-29T09:40:18.139+0000] {logging_mixin.py:190} INFO - [2026-06-29T09:40:18.139+0000] {dag.py:3239} INFO - Sync 1 DAGs
[2026-06-29T09:40:18.166+0000] {logging_mixin.py:190} INFO - [2026-06-29T09:40:18.166+0000] {dag.py:4180} INFO - Setting next_dagrun for urban_data_pipeline to 2026-06-01 00:00:00+00:00, run_after=2026-07-01 00:00:00+00:00
[2026-06-29T09:40:18.189+0000] {processor.py:208} INFO - Processing /opt/airflow/dags/urban_data_pipeline_dag.py took 0.240 seconds
[2026-06-29T09:40:49.044+0000] {processor.py:186} INFO - Started process (PID=2150) to work on /opt/airflow/dags/urban_data_pipeline_dag.py
[2026-06-29T09:40:49.047+0000] {processor.py:914} INFO - Processing file /opt/airflow/dags/urban_data_pipeline_dag.py for tasks to queue
[2026-06-29T09:40:49.051+0000] {logging_mixin.py:190} INFO - [2026-06-29T09:40:49.051+0000] {dagbag.py:588} INFO - Filling up the DagBag from /opt/airflow/dags/urban_data_pipeline_dag.py
[2026-06-29T09:40:49.406+0000] {processor.py:925} INFO - DAG(s) 'urban_data_pipeline' retrieved from /opt/airflow/dags/urban_data_pipeline_dag.py
[2026-06-29T09:40:49.513+0000] {logging_mixin.py:190} INFO - [2026-06-29T09:40:49.513+0000] {dag.py:3239} INFO - Sync 1 DAGs
[2026-06-29T09:40:49.564+0000] {logging_mixin.py:190} INFO - [2026-06-29T09:40:49.563+0000] {dag.py:4180} INFO - Setting next_dagrun for urban_data_pipeline to 2026-06-01 00:00:00+00:00, run_after=2026-07-01 00:00:00+00:00
[2026-06-29T09:40:49.609+0000] {processor.py:208} INFO - Processing /opt/airflow/dags/urban_data_pipeline_dag.py took 0.574 seconds
[2026-06-29T09:41:20.235+0000] {processor.py:186} INFO - Started process (PID=2168) to work on /opt/airflow/dags/urban_data_pipeline_dag.py
[2026-06-29T09:41:20.237+0000] {processor.py:914} INFO - Processing file /opt/airflow/dags/urban_data_pipeline_dag.py for tasks to queue
[2026-06-29T09:41:20.240+0000] {logging_mixin.py:190} INFO - [2026-06-29T09:41:20.239+0000] {dagbag.py:588} INFO - Filling up the DagBag from /opt/airflow/dags/urban_data_pipeline_dag.py
[2026-06-29T09:41:20.359+0000] {processor.py:925} INFO - DAG(s) 'urban_data_pipeline' retrieved from /opt/airflow/dags/urban_data_pipeline_dag.py
[2026-06-29T09:41:20.408+0000] {logging_mixin.py:190} INFO - [2026-06-29T09:41:20.408+0000] {dag.py:3239} INFO - Sync 1 DAGs
[2026-06-29T09:41:20.435+0000] {logging_mixin.py:190} INFO - [2026-06-29T09:41:20.435+0000] {dag.py:4180} INFO - Setting next_dagrun for urban_data_pipeline to 2026-06-01 00:00:00+00:00, run_after=2026-07-01 00:00:00+00:00
[2026-06-29T09:41:20.460+0000] {processor.py:208} INFO - Processing /opt/airflow/dags/urban_data_pipeline_dag.py took 0.232 seconds
[2026-06-29T09:41:51.103+0000] {processor.py:186} INFO - Started process (PID=2185) to work on /opt/airflow/dags/urban_data_pipeline_dag.py
[2026-06-29T09:41:51.104+0000] {processor.py:914} INFO - Processing file /opt/airflow/dags/urban_data_pipeline_dag.py for tasks to queue
[2026-06-29T09:41:51.109+0000] {logging_mixin.py:190} INFO - [2026-06-29T09:41:51.108+0000] {dagbag.py:588} INFO - Filling up the DagBag from /opt/airflow/dags/urban_data_pipeline_dag.py
[2026-06-29T09:41:51.260+0000] {processor.py:925} INFO - DAG(s) 'urban_data_pipeline' retrieved from /opt/airflow/dags/urban_data_pipeline_dag.py
[2026-06-29T09:41:51.301+0000] {logging_mixin.py:190} INFO - [2026-06-29T09:41:51.301+0000] {dag.py:3239} INFO - Sync 1 DAGs
[2026-06-29T09:41:51.328+0000] {logging_mixin.py:190} INFO - [2026-06-29T09:41:51.328+0000] {dag.py:4180} INFO - Setting next_dagrun for urban_data_pipeline to 2026-06-01 00:00:00+00:00, run_after=2026-07-01 00:00:00+00:00
[2026-06-29T09:41:51.355+0000] {processor.py:208} INFO - Processing /opt/airflow/dags/urban_data_pipeline_dag.py took 0.258 seconds
[2026-06-29T09:42:22.102+0000] {processor.py:186} INFO - Started process (PID=2196) to work on /opt/airflow/dags/urban_data_pipeline_dag.py
[2026-06-29T09:42:22.104+0000] {processor.py:914} INFO - Processing file /opt/airflow/dags/urban_data_pipeline_dag.py for tasks to queue
[2026-06-29T09:42:22.107+0000] {logging_mixin.py:190} INFO - [2026-06-29T09:42:22.107+0000] {dagbag.py:588} INFO - Filling up the DagBag from /opt/airflow/dags/urban_data_pipeline_dag.py
[2026-06-29T09:42:22.225+0000] {processor.py:925} INFO - DAG(s) 'urban_data_pipeline' retrieved from /opt/airflow/dags/urban_data_pipeline_dag.py
[2026-06-29T09:42:22.274+0000] {logging_mixin.py:190} INFO - [2026-06-29T09:42:22.273+0000] {dag.py:3239} INFO - Sync 1 DAGs
[2026-06-29T09:42:22.297+0000] {logging_mixin.py:190} INFO - [2026-06-29T09:42:22.297+0000] {dag.py:4180} INFO - Setting next_dagrun for urban_data_pipeline to 2026-06-01 00:00:00+00:00, run_after=2026-07-01 00:00:00+00:00
[2026-06-29T09:42:22.318+0000] {processor.py:208} INFO - Processing /opt/airflow/dags/urban_data_pipeline_dag.py took 0.223 seconds
[2026-06-29T09:42:53.032+0000] {processor.py:186} INFO - Started process (PID=2214) to work on /opt/airflow/dags/urban_data_pipeline_dag.py
[2026-06-29T09:42:53.035+0000] {processor.py:914} INFO - Processing file /opt/airflow/dags/urban_data_pipeline_dag.py for tasks to queue
[2026-06-29T09:42:53.038+0000] {logging_mixin.py:190} INFO - [2026-06-29T09:42:53.037+0000] {dagbag.py:588} INFO - Filling up the DagBag from /opt/airflow/dags/urban_data_pipeline_dag.py
[2026-06-29T09:42:53.160+0000] {processor.py:925} INFO - DAG(s) 'urban_data_pipeline' retrieved from /opt/airflow/dags/urban_data_pipeline_dag.py
[2026-06-29T09:42:53.205+0000] {logging_mixin.py:190} INFO - [2026-06-29T09:42:53.204+0000] {dag.py:3239} INFO - Sync 1 DAGs
[2026-06-29T09:42:53.228+0000] {logging_mixin.py:190} INFO - [2026-06-29T09:42:53.228+0000] {dag.py:4180} INFO - Setting next_dagrun for urban_data_pipeline to 2026-06-01 00:00:00+00:00, run_after=2026-07-01 00:00:00+00:00
[2026-06-29T09:42:53.251+0000] {processor.py:208} INFO - Processing /opt/airflow/dags/urban_data_pipeline_dag.py took 0.234 seconds
[2026-06-29T09:43:24.078+0000] {processor.py:186} INFO - Started process (PID=2232) to work on /opt/airflow/dags/urban_data_pipeline_dag.py
[2026-06-29T09:43:24.081+0000] {processor.py:914} INFO - Processing file /opt/airflow/dags/urban_data_pipeline_dag.py for tasks to queue
[2026-06-29T09:43:24.085+0000] {logging_mixin.py:190} INFO - [2026-06-29T09:43:24.085+0000] {dagbag.py:588} INFO - Filling up the DagBag from /opt/airflow/dags/urban_data_pipeline_dag.py
[2026-06-29T09:43:24.336+0000] {processor.py:925} INFO - DAG(s) 'urban_data_pipeline' retrieved from /opt/airflow/dags/urban_data_pipeline_dag.py
[2026-06-29T09:43:24.382+0000] {logging_mixin.py:190} INFO - [2026-06-29T09:43:24.382+0000] {dag.py:3239} INFO - Sync 1 DAGs
[2026-06-29T09:43:24.409+0000] {logging_mixin.py:190} INFO - [2026-06-29T09:43:24.408+0000] {dag.py:4180} INFO - Setting next_dagrun for urban_data_pipeline to 2026-06-01 00:00:00+00:00, run_after=2026-07-01 00:00:00+00:00
[2026-06-29T09:43:24.436+0000] {processor.py:208} INFO - Processing /opt/airflow/dags/urban_data_pipeline_dag.py took 0.375 seconds
[2026-06-29T09:43:55.191+0000] {processor.py:186} INFO - Started process (PID=2253) to work on /opt/airflow/dags/urban_data_pipeline_dag.py
[2026-06-29T09:43:55.193+0000] {processor.py:914} INFO - Processing file /opt/airflow/dags/urban_data_pipeline_dag.py for tasks to queue
[2026-06-29T09:43:55.195+0000] {logging_mixin.py:190} INFO - [2026-06-29T09:43:55.195+0000] {dagbag.py:588} INFO - Filling up the DagBag from /opt/airflow/dags/urban_data_pipeline_dag.py
[2026-06-29T09:43:55.315+0000] {processor.py:925} INFO - DAG(s) 'urban_data_pipeline' retrieved from /opt/airflow/dags/urban_data_pipeline_dag.py
[2026-06-29T09:43:55.357+0000] {logging_mixin.py:190} INFO - [2026-06-29T09:43:55.356+0000] {dag.py:3239} INFO - Sync 1 DAGs
[2026-06-29T09:43:55.379+0000] {logging_mixin.py:190} INFO - [2026-06-29T09:43:55.379+0000] {dag.py:4180} INFO - Setting next_dagrun for urban_data_pipeline to 2026-06-01 00:00:00+00:00, run_after=2026-07-01 00:00:00+00:00
[2026-06-29T09:43:55.400+0000] {processor.py:208} INFO - Processing /opt/airflow/dags/urban_data_pipeline_dag.py took 0.215 seconds
[2026-06-29T09:44:25.958+0000] {processor.py:186} INFO - Started process (PID=2271) to work on /opt/airflow/dags/urban_data_pipeline_dag.py
[2026-06-29T09:44:25.959+0000] {processor.py:914} INFO - Processing file /opt/airflow/dags/urban_data_pipeline_dag.py for tasks to queue
[2026-06-29T09:44:25.962+0000] {logging_mixin.py:190} INFO - [2026-06-29T09:44:25.961+0000] {dagbag.py:588} INFO - Filling up the DagBag from /opt/airflow/dags/urban_data_pipeline_dag.py
[2026-06-29T09:44:26.156+0000] {processor.py:925} INFO - DAG(s) 'urban_data_pipeline' retrieved from /opt/airflow/dags/urban_data_pipeline_dag.py
[2026-06-29T09:44:26.213+0000] {logging_mixin.py:190} INFO - [2026-06-29T09:44:26.212+0000] {dag.py:3239} INFO - Sync 1 DAGs
[2026-06-29T09:44:26.240+0000] {logging_mixin.py:190} INFO - [2026-06-29T09:44:26.240+0000] {dag.py:4180} INFO - Setting next_dagrun for urban_data_pipeline to 2026-06-01 00:00:00+00:00, run_after=2026-07-01 00:00:00+00:00
[2026-06-29T09:44:26.274+0000] {processor.py:208} INFO - Processing /opt/airflow/dags/urban_data_pipeline_dag.py took 0.325 seconds
[2026-06-29T09:44:56.796+0000] {processor.py:186} INFO - Started process (PID=2289) to work on /opt/airflow/dags/urban_data_pipeline_dag.py
[2026-06-29T09:44:56.798+0000] {processor.py:914} INFO - Processing file /opt/airflow/dags/urban_data_pipeline_dag.py for tasks to queue
[2026-06-29T09:44:56.801+0000] {logging_mixin.py:190} INFO - [2026-06-29T09:44:56.800+0000] {dagbag.py:588} INFO - Filling up the DagBag from /opt/airflow/dags/urban_data_pipeline_dag.py
[2026-06-29T09:44:56.944+0000] {processor.py:925} INFO - DAG(s) 'urban_data_pipeline' retrieved from /opt/airflow/dags/urban_data_pipeline_dag.py
[2026-06-29T09:44:56.990+0000] {logging_mixin.py:190} INFO - [2026-06-29T09:44:56.990+0000] {dag.py:3239} INFO - Sync 1 DAGs
[2026-06-29T09:44:57.015+0000] {logging_mixin.py:190} INFO - [2026-06-29T09:44:57.015+0000] {dag.py:4180} INFO - Setting next_dagrun for urban_data_pipeline to 2026-06-01 00:00:00+00:00, run_after=2026-07-01 00:00:00+00:00
[2026-06-29T09:44:57.033+0000] {processor.py:208} INFO - Processing /opt/airflow/dags/urban_data_pipeline_dag.py took 0.256 seconds
[2026-06-29T09:45:27.765+0000] {processor.py:186} INFO - Started process (PID=2307) to work on /opt/airflow/dags/urban_data_pipeline_dag.py
[2026-06-29T09:45:27.767+0000] {processor.py:914} INFO - Processing file /opt/airflow/dags/urban_data_pipeline_dag.py for tasks to queue
[2026-06-29T09:45:27.770+0000] {logging_mixin.py:190} INFO - [2026-06-29T09:45:27.770+0000] {dagbag.py:588} INFO - Filling up the DagBag from /opt/airflow/dags/urban_data_pipeline_dag.py
[2026-06-29T09:45:27.963+0000] {processor.py:925} INFO - DAG(s) 'urban_data_pipeline' retrieved from /opt/airflow/dags/urban_data_pipeline_dag.py
[2026-06-29T09:45:28.004+0000] {logging_mixin.py:190} INFO - [2026-06-29T09:45:28.004+0000] {dag.py:3239} INFO - Sync 1 DAGs
[2026-06-29T09:45:28.028+0000] {logging_mixin.py:190} INFO - [2026-06-29T09:45:28.028+0000] {dag.py:4180} INFO - Setting next_dagrun for urban_data_pipeline to 2026-06-01 00:00:00+00:00, run_after=2026-07-01 00:00:00+00:00
[2026-06-29T09:45:28.057+0000] {processor.py:208} INFO - Processing /opt/airflow/dags/urban_data_pipeline_dag.py took 0.298 seconds
[2026-06-29T09:45:58.937+0000] {processor.py:186} INFO - Started process (PID=2326) to work on /opt/airflow/dags/urban_data_pipeline_dag.py
[2026-06-29T09:45:58.938+0000] {processor.py:914} INFO - Processing file /opt/airflow/dags/urban_data_pipeline_dag.py for tasks to queue
[2026-06-29T09:45:58.941+0000] {logging_mixin.py:190} INFO - [2026-06-29T09:45:58.940+0000] {dagbag.py:588} INFO - Filling up the DagBag from /opt/airflow/dags/urban_data_pipeline_dag.py
[2026-06-29T09:45:59.059+0000] {processor.py:925} INFO - DAG(s) 'urban_data_pipeline' retrieved from /opt/airflow/dags/urban_data_pipeline_dag.py
[2026-06-29T09:45:59.102+0000] {logging_mixin.py:190} INFO - [2026-06-29T09:45:59.102+0000] {dag.py:3239} INFO - Sync 1 DAGs
[2026-06-29T09:45:59.126+0000] {logging_mixin.py:190} INFO - [2026-06-29T09:45:59.125+0000] {dag.py:4180} INFO - Setting next_dagrun for urban_data_pipeline to 2026-06-01 00:00:00+00:00, run_after=2026-07-01 00:00:00+00:00
[2026-06-29T09:45:59.154+0000] {processor.py:208} INFO - Processing /opt/airflow/dags/urban_data_pipeline_dag.py took 0.223 seconds
[2026-06-29T09:46:29.853+0000] {processor.py:186} INFO - Started process (PID=2344) to work on /opt/airflow/dags/urban_data_pipeline_dag.py
[2026-06-29T09:46:29.854+0000] {processor.py:914} INFO - Processing file /opt/airflow/dags/urban_data_pipeline_dag.py for tasks to queue
[2026-06-29T09:46:29.858+0000] {logging_mixin.py:190} INFO - [2026-06-29T09:46:29.857+0000] {dagbag.py:588} INFO - Filling up the DagBag from /opt/airflow/dags/urban_data_pipeline_dag.py
[2026-06-29T09:46:30.006+0000] {processor.py:925} INFO - DAG(s) 'urban_data_pipeline' retrieved from /opt/airflow/dags/urban_data_pipeline_dag.py
[2026-06-29T09:46:30.049+0000] {logging_mixin.py:190} INFO - [2026-06-29T09:46:30.049+0000] {dag.py:3239} INFO - Sync 1 DAGs
[2026-06-29T09:46:30.071+0000] {logging_mixin.py:190} INFO - [2026-06-29T09:46:30.071+0000] {dag.py:4180} INFO - Setting next_dagrun for urban_data_pipeline to 2026-06-01 00:00:00+00:00, run_after=2026-07-01 00:00:00+00:00
[2026-06-29T09:46:30.094+0000] {processor.py:208} INFO - Processing /opt/airflow/dags/urban_data_pipeline_dag.py took 0.255 seconds
[2026-06-29T09:47:00.897+0000] {processor.py:186} INFO - Started process (PID=2362) to work on /opt/airflow/dags/urban_data_pipeline_dag.py
[2026-06-29T09:47:00.900+0000] {processor.py:914} INFO - Processing file /opt/airflow/dags/urban_data_pipeline_dag.py for tasks to queue
[2026-06-29T09:47:00.904+0000] {logging_mixin.py:190} INFO - [2026-06-29T09:47:00.904+0000] {dagbag.py:588} INFO - Filling up the DagBag from /opt/airflow/dags/urban_data_pipeline_dag.py
[2026-06-29T09:47:01.072+0000] {processor.py:925} INFO - DAG(s) 'urban_data_pipeline' retrieved from /opt/airflow/dags/urban_data_pipeline_dag.py
[2026-06-29T09:47:01.113+0000] {logging_mixin.py:190} INFO - [2026-06-29T09:47:01.113+0000] {dag.py:3239} INFO - Sync 1 DAGs
[2026-06-29T09:47:01.137+0000] {logging_mixin.py:190} INFO - [2026-06-29T09:47:01.137+0000] {dag.py:4180} INFO - Setting next_dagrun for urban_data_pipeline to 2026-06-01 00:00:00+00:00, run_after=2026-07-01 00:00:00+00:00
[2026-06-29T09:47:01.167+0000] {processor.py:208} INFO - Processing /opt/airflow/dags/urban_data_pipeline_dag.py took 0.291 seconds
[2026-06-29T09:47:32.047+0000] {processor.py:186} INFO - Started process (PID=2379) to work on /opt/airflow/dags/urban_data_pipeline_dag.py
[2026-06-29T09:47:32.050+0000] {processor.py:914} INFO - Processing file /opt/airflow/dags/urban_data_pipeline_dag.py for tasks to queue
[2026-06-29T09:47:32.053+0000] {logging_mixin.py:190} INFO - [2026-06-29T09:47:32.053+0000] {dagbag.py:588} INFO - Filling up the DagBag from /opt/airflow/dags/urban_data_pipeline_dag.py
[2026-06-29T09:47:32.391+0000] {processor.py:925} INFO - DAG(s) 'urban_data_pipeline' retrieved from /opt/airflow/dags/urban_data_pipeline_dag.py
[2026-06-29T09:47:32.433+0000] {logging_mixin.py:190} INFO - [2026-06-29T09:47:32.433+0000] {dag.py:3239} INFO - Sync 1 DAGs
[2026-06-29T09:47:32.456+0000] {logging_mixin.py:190} INFO - [2026-06-29T09:47:32.455+0000] {dag.py:4180} INFO - Setting next_dagrun for urban_data_pipeline to 2026-06-01 00:00:00+00:00, run_after=2026-07-01 00:00:00+00:00
[2026-06-29T09:47:32.479+0000] {processor.py:208} INFO - Processing /opt/airflow/dags/urban_data_pipeline_dag.py took 0.436 seconds
[2026-06-29T09:48:02.833+0000] {processor.py:186} INFO - Started process (PID=2392) to work on /opt/airflow/dags/urban_data_pipeline_dag.py
[2026-06-29T09:48:02.836+0000] {processor.py:914} INFO - Processing file /opt/airflow/dags/urban_data_pipeline_dag.py for tasks to queue
[2026-06-29T09:48:02.840+0000] {logging_mixin.py:190} INFO - [2026-06-29T09:48:02.840+0000] {dagbag.py:588} INFO - Filling up the DagBag from /opt/airflow/dags/urban_data_pipeline_dag.py
[2026-06-29T09:48:03.393+0000] {processor.py:925} INFO - DAG(s) 'urban_data_pipeline' retrieved from /opt/airflow/dags/urban_data_pipeline_dag.py
[2026-06-29T09:48:03.446+0000] {logging_mixin.py:190} INFO - [2026-06-29T09:48:03.446+0000] {dag.py:3239} INFO - Sync 1 DAGs
[2026-06-29T09:48:03.469+0000] {logging_mixin.py:190} INFO - [2026-06-29T09:48:03.469+0000] {dag.py:4180} INFO - Setting next_dagrun for urban_data_pipeline to 2026-06-01 00:00:00+00:00, run_after=2026-07-01 00:00:00+00:00
[2026-06-29T09:48:03.499+0000] {processor.py:208} INFO - Processing /opt/airflow/dags/urban_data_pipeline_dag.py took 0.680 seconds
[2026-06-29T09:48:34.195+0000] {processor.py:186} INFO - Started process (PID=2410) to work on /opt/airflow/dags/urban_data_pipeline_dag.py
[2026-06-29T09:48:34.198+0000] {processor.py:914} INFO - Processing file /opt/airflow/dags/urban_data_pipeline_dag.py for tasks to queue
[2026-06-29T09:48:34.203+0000] {logging_mixin.py:190} INFO - [2026-06-29T09:48:34.203+0000] {dagbag.py:588} INFO - Filling up the DagBag from /opt/airflow/dags/urban_data_pipeline_dag.py
[2026-06-29T09:48:34.689+0000] {processor.py:925} INFO - DAG(s) 'urban_data_pipeline' retrieved from /opt/airflow/dags/urban_data_pipeline_dag.py
[2026-06-29T09:48:34.751+0000] {logging_mixin.py:190} INFO - [2026-06-29T09:48:34.750+0000] {dag.py:3239} INFO - Sync 1 DAGs
[2026-06-29T09:48:34.774+0000] {logging_mixin.py:190} INFO - [2026-06-29T09:48:34.774+0000] {dag.py:4180} INFO - Setting next_dagrun for urban_data_pipeline to 2026-06-01 00:00:00+00:00, run_after=2026-07-01 00:00:00+00:00
[2026-06-29T09:48:34.799+0000] {processor.py:208} INFO - Processing /opt/airflow/dags/urban_data_pipeline_dag.py took 0.632 seconds
[2026-06-29T09:49:05.936+0000] {processor.py:186} INFO - Started process (PID=2428) to work on /opt/airflow/dags/urban_data_pipeline_dag.py
[2026-06-29T09:49:05.939+0000] {processor.py:914} INFO - Processing file /opt/airflow/dags/urban_data_pipeline_dag.py for tasks to queue
[2026-06-29T09:49:05.946+0000] {logging_mixin.py:190} INFO - [2026-06-29T09:49:05.946+0000] {dagbag.py:588} INFO - Filling up the DagBag from /opt/airflow/dags/urban_data_pipeline_dag.py
[2026-06-29T09:49:06.287+0000] {processor.py:925} INFO - DAG(s) 'urban_data_pipeline' retrieved from /opt/airflow/dags/urban_data_pipeline_dag.py
[2026-06-29T09:49:06.333+0000] {logging_mixin.py:190} INFO - [2026-06-29T09:49:06.332+0000] {dag.py:3239} INFO - Sync 1 DAGs
[2026-06-29T09:49:06.355+0000] {logging_mixin.py:190} INFO - [2026-06-29T09:49:06.355+0000] {dag.py:4180} INFO - Setting next_dagrun for urban_data_pipeline to 2026-06-01 00:00:00+00:00, run_after=2026-07-01 00:00:00+00:00
[2026-06-29T09:49:06.377+0000] {processor.py:208} INFO - Processing /opt/airflow/dags/urban_data_pipeline_dag.py took 0.457 seconds
[2026-06-29T09:49:36.672+0000] {processor.py:186} INFO - Started process (PID=2446) to work on /opt/airflow/dags/urban_data_pipeline_dag.py
[2026-06-29T09:49:36.674+0000] {processor.py:914} INFO - Processing file /opt/airflow/dags/urban_data_pipeline_dag.py for tasks to queue
[2026-06-29T09:49:36.678+0000] {logging_mixin.py:190} INFO - [2026-06-29T09:49:36.678+0000] {dagbag.py:588} INFO - Filling up the DagBag from /opt/airflow/dags/urban_data_pipeline_dag.py
[2026-06-29T09:49:36.863+0000] {processor.py:925} INFO - DAG(s) 'urban_data_pipeline' retrieved from /opt/airflow/dags/urban_data_pipeline_dag.py
[2026-06-29T09:49:36.906+0000] {logging_mixin.py:190} INFO - [2026-06-29T09:49:36.906+0000] {dag.py:3239} INFO - Sync 1 DAGs
[2026-06-29T09:49:36.930+0000] {logging_mixin.py:190} INFO - [2026-06-29T09:49:36.930+0000] {dag.py:4180} INFO - Setting next_dagrun for urban_data_pipeline to 2026-06-01 00:00:00+00:00, run_after=2026-07-01 00:00:00+00:00
[2026-06-29T09:49:36.952+0000] {processor.py:208} INFO - Processing /opt/airflow/dags/urban_data_pipeline_dag.py took 0.285 seconds
[2026-06-29T09:50:07.127+0000] {processor.py:186} INFO - Started process (PID=2464) to work on /opt/airflow/dags/urban_data_pipeline_dag.py
[2026-06-29T09:50:07.129+0000] {processor.py:914} INFO - Processing file /opt/airflow/dags/urban_data_pipeline_dag.py for tasks to queue
[2026-06-29T09:50:07.132+0000] {logging_mixin.py:190} INFO - [2026-06-29T09:50:07.132+0000] {dagbag.py:588} INFO - Filling up the DagBag from /opt/airflow/dags/urban_data_pipeline_dag.py
[2026-06-29T09:50:07.349+0000] {processor.py:925} INFO - DAG(s) 'urban_data_pipeline' retrieved from /opt/airflow/dags/urban_data_pipeline_dag.py
[2026-06-29T09:50:07.394+0000] {logging_mixin.py:190} INFO - [2026-06-29T09:50:07.394+0000] {dag.py:3239} INFO - Sync 1 DAGs
[2026-06-29T09:50:07.416+0000] {logging_mixin.py:190} INFO - [2026-06-29T09:50:07.416+0000] {dag.py:4180} INFO - Setting next_dagrun for urban_data_pipeline to 2026-06-01 00:00:00+00:00, run_after=2026-07-01 00:00:00+00:00
[2026-06-29T09:50:07.441+0000] {processor.py:208} INFO - Processing /opt/airflow/dags/urban_data_pipeline_dag.py took 0.319 seconds
[2026-06-29T09:50:37.604+0000] {processor.py:186} INFO - Started process (PID=2482) to work on /opt/airflow/dags/urban_data_pipeline_dag.py
[2026-06-29T09:50:37.607+0000] {processor.py:914} INFO - Processing file /opt/airflow/dags/urban_data_pipeline_dag.py for tasks to queue
[2026-06-29T09:50:37.615+0000] {logging_mixin.py:190} INFO - [2026-06-29T09:50:37.614+0000] {dagbag.py:588} INFO - Filling up the DagBag from /opt/airflow/dags/urban_data_pipeline_dag.py
[2026-06-29T09:50:38.163+0000] {processor.py:925} INFO - DAG(s) 'urban_data_pipeline' retrieved from /opt/airflow/dags/urban_data_pipeline_dag.py
[2026-06-29T09:50:38.204+0000] {logging_mixin.py:190} INFO - [2026-06-29T09:50:38.204+0000] {dag.py:3239} INFO - Sync 1 DAGs
[2026-06-29T09:50:38.230+0000] {logging_mixin.py:190} INFO - [2026-06-29T09:50:38.230+0000] {dag.py:4180} INFO - Setting next_dagrun for urban_data_pipeline to 2026-06-01 00:00:00+00:00, run_after=2026-07-01 00:00:00+00:00
[2026-06-29T09:50:38.271+0000] {processor.py:208} INFO - Processing /opt/airflow/dags/urban_data_pipeline_dag.py took 0.693 seconds
[2026-06-29T09:51:09.343+0000] {processor.py:186} INFO - Started process (PID=2500) to work on /opt/airflow/dags/urban_data_pipeline_dag.py
[2026-06-29T09:51:09.347+0000] {processor.py:914} INFO - Processing file /opt/airflow/dags/urban_data_pipeline_dag.py for tasks to queue
[2026-06-29T09:51:09.352+0000] {logging_mixin.py:190} INFO - [2026-06-29T09:51:09.352+0000] {dagbag.py:588} INFO - Filling up the DagBag from /opt/airflow/dags/urban_data_pipeline_dag.py
[2026-06-29T09:51:09.670+0000] {processor.py:925} INFO - DAG(s) 'urban_data_pipeline' retrieved from /opt/airflow/dags/urban_data_pipeline_dag.py
[2026-06-29T09:51:09.720+0000] {logging_mixin.py:190} INFO - [2026-06-29T09:51:09.719+0000] {dag.py:3239} INFO - Sync 1 DAGs
[2026-06-29T09:51:09.742+0000] {logging_mixin.py:190} INFO - [2026-06-29T09:51:09.742+0000] {dag.py:4180} INFO - Setting next_dagrun for urban_data_pipeline to 2026-06-01 00:00:00+00:00, run_after=2026-07-01 00:00:00+00:00
[2026-06-29T09:51:09.760+0000] {processor.py:208} INFO - Processing /opt/airflow/dags/urban_data_pipeline_dag.py took 0.437 seconds
[2026-06-29T09:51:39.901+0000] {processor.py:186} INFO - Started process (PID=2518) to work on /opt/airflow/dags/urban_data_pipeline_dag.py
[2026-06-29T09:51:39.905+0000] {processor.py:914} INFO - Processing file /opt/airflow/dags/urban_data_pipeline_dag.py for tasks to queue
[2026-06-29T09:51:39.915+0000] {logging_mixin.py:190} INFO - [2026-06-29T09:51:39.913+0000] {dagbag.py:588} INFO - Filling up the DagBag from /opt/airflow/dags/urban_data_pipeline_dag.py
[2026-06-29T09:51:40.462+0000] {processor.py:925} INFO - DAG(s) 'urban_data_pipeline' retrieved from /opt/airflow/dags/urban_data_pipeline_dag.py
[2026-06-29T09:51:40.526+0000] {logging_mixin.py:190} INFO - [2026-06-29T09:51:40.526+0000] {dag.py:3239} INFO - Sync 1 DAGs
[2026-06-29T09:51:40.555+0000] {logging_mixin.py:190} INFO - [2026-06-29T09:51:40.554+0000] {dag.py:4180} INFO - Setting next_dagrun for urban_data_pipeline to 2026-06-01 00:00:00+00:00, run_after=2026-07-01 00:00:00+00:00
[2026-06-29T09:51:40.590+0000] {processor.py:208} INFO - Processing /opt/airflow/dags/urban_data_pipeline_dag.py took 0.718 seconds
[2026-06-29T09:52:11.566+0000] {processor.py:186} INFO - Started process (PID=2536) to work on /opt/airflow/dags/urban_data_pipeline_dag.py
[2026-06-29T09:52:11.568+0000] {processor.py:914} INFO - Processing file /opt/airflow/dags/urban_data_pipeline_dag.py for tasks to queue
[2026-06-29T09:52:11.572+0000] {logging_mixin.py:190} INFO - [2026-06-29T09:52:11.571+0000] {dagbag.py:588} INFO - Filling up the DagBag from /opt/airflow/dags/urban_data_pipeline_dag.py
[2026-06-29T09:52:11.978+0000] {processor.py:925} INFO - DAG(s) 'urban_data_pipeline' retrieved from /opt/airflow/dags/urban_data_pipeline_dag.py
[2026-06-29T09:52:12.038+0000] {logging_mixin.py:190} INFO - [2026-06-29T09:52:12.038+0000] {dag.py:3239} INFO - Sync 1 DAGs
[2026-06-29T09:52:12.062+0000] {logging_mixin.py:190} INFO - [2026-06-29T09:52:12.061+0000] {dag.py:4180} INFO - Setting next_dagrun for urban_data_pipeline to 2026-06-01 00:00:00+00:00, run_after=2026-07-01 00:00:00+00:00
[2026-06-29T09:52:12.097+0000] {processor.py:208} INFO - Processing /opt/airflow/dags/urban_data_pipeline_dag.py took 0.538 seconds
[2026-06-29T09:52:42.245+0000] {processor.py:186} INFO - Started process (PID=2554) to work on /opt/airflow/dags/urban_data_pipeline_dag.py
[2026-06-29T09:52:42.246+0000] {processor.py:914} INFO - Processing file /opt/airflow/dags/urban_data_pipeline_dag.py for tasks to queue
[2026-06-29T09:52:42.249+0000] {logging_mixin.py:190} INFO - [2026-06-29T09:52:42.249+0000] {dagbag.py:588} INFO - Filling up the DagBag from /opt/airflow/dags/urban_data_pipeline_dag.py
[2026-06-29T09:52:42.434+0000] {processor.py:925} INFO - DAG(s) 'urban_data_pipeline' retrieved from /opt/airflow/dags/urban_data_pipeline_dag.py
[2026-06-29T09:52:42.482+0000] {logging_mixin.py:190} INFO - [2026-06-29T09:52:42.482+0000] {dag.py:3239} INFO - Sync 1 DAGs
[2026-06-29T09:52:42.506+0000] {logging_mixin.py:190} INFO - [2026-06-29T09:52:42.506+0000] {dag.py:4180} INFO - Setting next_dagrun for urban_data_pipeline to 2026-06-01 00:00:00+00:00, run_after=2026-07-01 00:00:00+00:00
[2026-06-29T09:52:42.533+0000] {processor.py:208} INFO - Processing /opt/airflow/dags/urban_data_pipeline_dag.py took 0.295 seconds
[2026-06-29T09:53:12.909+0000] {processor.py:186} INFO - Started process (PID=2571) to work on /opt/airflow/dags/urban_data_pipeline_dag.py
[2026-06-29T09:53:12.912+0000] {processor.py:914} INFO - Processing file /opt/airflow/dags/urban_data_pipeline_dag.py for tasks to queue
[2026-06-29T09:53:12.921+0000] {logging_mixin.py:190} INFO - [2026-06-29T09:53:12.920+0000] {dagbag.py:588} INFO - Filling up the DagBag from /opt/airflow/dags/urban_data_pipeline_dag.py
[2026-06-29T09:53:13.123+0000] {processor.py:925} INFO - DAG(s) 'urban_data_pipeline' retrieved from /opt/airflow/dags/urban_data_pipeline_dag.py
[2026-06-29T09:53:13.165+0000] {logging_mixin.py:190} INFO - [2026-06-29T09:53:13.165+0000] {dag.py:3239} INFO - Sync 1 DAGs
[2026-06-29T09:53:13.190+0000] {logging_mixin.py:190} INFO - [2026-06-29T09:53:13.190+0000] {dag.py:4180} INFO - Setting next_dagrun for urban_data_pipeline to 2026-06-01 00:00:00+00:00, run_after=2026-07-01 00:00:00+00:00
[2026-06-29T09:53:13.217+0000] {processor.py:208} INFO - Processing /opt/airflow/dags/urban_data_pipeline_dag.py took 0.327 seconds
[2026-06-29T09:53:44.061+0000] {processor.py:186} INFO - Started process (PID=2582) to work on /opt/airflow/dags/urban_data_pipeline_dag.py
[2026-06-29T09:53:44.068+0000] {processor.py:914} INFO - Processing file /opt/airflow/dags/urban_data_pipeline_dag.py for tasks to queue
[2026-06-29T09:53:44.080+0000] {logging_mixin.py:190} INFO - [2026-06-29T09:53:44.080+0000] {dagbag.py:588} INFO - Filling up the DagBag from /opt/airflow/dags/urban_data_pipeline_dag.py
[2026-06-29T09:53:44.351+0000] {processor.py:925} INFO - DAG(s) 'urban_data_pipeline' retrieved from /opt/airflow/dags/urban_data_pipeline_dag.py
[2026-06-29T09:53:44.407+0000] {logging_mixin.py:190} INFO - [2026-06-29T09:53:44.407+0000] {dag.py:3239} INFO - Sync 1 DAGs
[2026-06-29T09:53:44.432+0000] {logging_mixin.py:190} INFO - [2026-06-29T09:53:44.432+0000] {dag.py:4180} INFO - Setting next_dagrun for urban_data_pipeline to 2026-06-01 00:00:00+00:00, run_after=2026-07-01 00:00:00+00:00
[2026-06-29T09:53:44.458+0000] {processor.py:208} INFO - Processing /opt/airflow/dags/urban_data_pipeline_dag.py took 0.420 seconds
[2026-06-29T09:54:14.765+0000] {processor.py:186} INFO - Started process (PID=2600) to work on /opt/airflow/dags/urban_data_pipeline_dag.py
[2026-06-29T09:54:14.767+0000] {processor.py:914} INFO - Processing file /opt/airflow/dags/urban_data_pipeline_dag.py for tasks to queue
[2026-06-29T09:54:14.772+0000] {logging_mixin.py:190} INFO - [2026-06-29T09:54:14.771+0000] {dagbag.py:588} INFO - Filling up the DagBag from /opt/airflow/dags/urban_data_pipeline_dag.py
[2026-06-29T09:54:15.129+0000] {processor.py:925} INFO - DAG(s) 'urban_data_pipeline' retrieved from /opt/airflow/dags/urban_data_pipeline_dag.py
[2026-06-29T09:54:15.172+0000] {logging_mixin.py:190} INFO - [2026-06-29T09:54:15.171+0000] {dag.py:3239} INFO - Sync 1 DAGs
[2026-06-29T09:54:15.196+0000] {logging_mixin.py:190} INFO - [2026-06-29T09:54:15.195+0000] {dag.py:4180} INFO - Setting next_dagrun for urban_data_pipeline to 2026-06-01 00:00:00+00:00, run_after=2026-07-01 00:00:00+00:00
[2026-06-29T09:54:15.215+0000] {processor.py:208} INFO - Processing /opt/airflow/dags/urban_data_pipeline_dag.py took 0.461 seconds
[2026-06-29T09:54:45.415+0000] {processor.py:186} INFO - Started process (PID=2618) to work on /opt/airflow/dags/urban_data_pipeline_dag.py
[2026-06-29T09:54:45.416+0000] {processor.py:914} INFO - Processing file /opt/airflow/dags/urban_data_pipeline_dag.py for tasks to queue
[2026-06-29T09:54:45.419+0000] {logging_mixin.py:190} INFO - [2026-06-29T09:54:45.418+0000] {dagbag.py:588} INFO - Filling up the DagBag from /opt/airflow/dags/urban_data_pipeline_dag.py
[2026-06-29T09:54:45.650+0000] {processor.py:925} INFO - DAG(s) 'urban_data_pipeline' retrieved from /opt/airflow/dags/urban_data_pipeline_dag.py
[2026-06-29T09:54:45.692+0000] {logging_mixin.py:190} INFO - [2026-06-29T09:54:45.692+0000] {dag.py:3239} INFO - Sync 1 DAGs
[2026-06-29T09:54:45.715+0000] {logging_mixin.py:190} INFO - [2026-06-29T09:54:45.715+0000] {dag.py:4180} INFO - Setting next_dagrun for urban_data_pipeline to 2026-06-01 00:00:00+00:00, run_after=2026-07-01 00:00:00+00:00
[2026-06-29T09:54:45.735+0000] {processor.py:208} INFO - Processing /opt/airflow/dags/urban_data_pipeline_dag.py took 0.326 seconds
[2026-06-29T09:55:15.912+0000] {processor.py:186} INFO - Started process (PID=2636) to work on /opt/airflow/dags/urban_data_pipeline_dag.py
[2026-06-29T09:55:15.914+0000] {processor.py:914} INFO - Processing file /opt/airflow/dags/urban_data_pipeline_dag.py for tasks to queue
[2026-06-29T09:55:15.916+0000] {logging_mixin.py:190} INFO - [2026-06-29T09:55:15.916+0000] {dagbag.py:588} INFO - Filling up the DagBag from /opt/airflow/dags/urban_data_pipeline_dag.py
[2026-06-29T09:55:16.029+0000] {processor.py:925} INFO - DAG(s) 'urban_data_pipeline' retrieved from /opt/airflow/dags/urban_data_pipeline_dag.py
[2026-06-29T09:55:16.078+0000] {logging_mixin.py:190} INFO - [2026-06-29T09:55:16.077+0000] {dag.py:3239} INFO - Sync 1 DAGs
[2026-06-29T09:55:16.104+0000] {logging_mixin.py:190} INFO - [2026-06-29T09:55:16.104+0000] {dag.py:4180} INFO - Setting next_dagrun for urban_data_pipeline to 2026-06-01 00:00:00+00:00, run_after=2026-07-01 00:00:00+00:00
[2026-06-29T09:55:16.127+0000] {processor.py:208} INFO - Processing /opt/airflow/dags/urban_data_pipeline_dag.py took 0.224 seconds
[2026-06-29T09:55:46.262+0000] {processor.py:186} INFO - Started process (PID=2654) to work on /opt/airflow/dags/urban_data_pipeline_dag.py
[2026-06-29T09:55:46.263+0000] {processor.py:914} INFO - Processing file /opt/airflow/dags/urban_data_pipeline_dag.py for tasks to queue
[2026-06-29T09:55:46.266+0000] {logging_mixin.py:190} INFO - [2026-06-29T09:55:46.266+0000] {dagbag.py:588} INFO - Filling up the DagBag from /opt/airflow/dags/urban_data_pipeline_dag.py
[2026-06-29T09:55:46.392+0000] {processor.py:925} INFO - DAG(s) 'urban_data_pipeline' retrieved from /opt/airflow/dags/urban_data_pipeline_dag.py
[2026-06-29T09:55:46.435+0000] {logging_mixin.py:190} INFO - [2026-06-29T09:55:46.434+0000] {dag.py:3239} INFO - Sync 1 DAGs
[2026-06-29T09:55:46.457+0000] {logging_mixin.py:190} INFO - [2026-06-29T09:55:46.457+0000] {dag.py:4180} INFO - Setting next_dagrun for urban_data_pipeline to 2026-06-01 00:00:00+00:00, run_after=2026-07-01 00:00:00+00:00
[2026-06-29T09:55:46.480+0000] {processor.py:208} INFO - Processing /opt/airflow/dags/urban_data_pipeline_dag.py took 0.223 seconds
[2026-06-29T09:56:16.882+0000] {processor.py:186} INFO - Started process (PID=2672) to work on /opt/airflow/dags/urban_data_pipeline_dag.py
[2026-06-29T09:56:16.884+0000] {processor.py:914} INFO - Processing file /opt/airflow/dags/urban_data_pipeline_dag.py for tasks to queue
[2026-06-29T09:56:16.887+0000] {logging_mixin.py:190} INFO - [2026-06-29T09:56:16.887+0000] {dagbag.py:588} INFO - Filling up the DagBag from /opt/airflow/dags/urban_data_pipeline_dag.py
[2026-06-29T09:56:17.230+0000] {processor.py:925} INFO - DAG(s) 'urban_data_pipeline' retrieved from /opt/airflow/dags/urban_data_pipeline_dag.py
[2026-06-29T09:56:17.274+0000] {logging_mixin.py:190} INFO - [2026-06-29T09:56:17.273+0000] {dag.py:3239} INFO - Sync 1 DAGs
[2026-06-29T09:56:17.298+0000] {logging_mixin.py:190} INFO - [2026-06-29T09:56:17.298+0000] {dag.py:4180} INFO - Setting next_dagrun for urban_data_pipeline to 2026-06-01 00:00:00+00:00, run_after=2026-07-01 00:00:00+00:00
[2026-06-29T09:56:17.320+0000] {processor.py:208} INFO - Processing /opt/airflow/dags/urban_data_pipeline_dag.py took 0.444 seconds
[2026-06-29T09:56:47.430+0000] {processor.py:186} INFO - Started process (PID=2690) to work on /opt/airflow/dags/urban_data_pipeline_dag.py
[2026-06-29T09:56:47.433+0000] {processor.py:914} INFO - Processing file /opt/airflow/dags/urban_data_pipeline_dag.py for tasks to queue
[2026-06-29T09:56:47.436+0000] {logging_mixin.py:190} INFO - [2026-06-29T09:56:47.436+0000] {dagbag.py:588} INFO - Filling up the DagBag from /opt/airflow/dags/urban_data_pipeline_dag.py
[2026-06-29T09:56:47.762+0000] {processor.py:925} INFO - DAG(s) 'urban_data_pipeline' retrieved from /opt/airflow/dags/urban_data_pipeline_dag.py
[2026-06-29T09:56:47.805+0000] {logging_mixin.py:190} INFO - [2026-06-29T09:56:47.805+0000] {dag.py:3239} INFO - Sync 1 DAGs
[2026-06-29T09:56:47.828+0000] {logging_mixin.py:190} INFO - [2026-06-29T09:56:47.827+0000] {dag.py:4180} INFO - Setting next_dagrun for urban_data_pipeline to 2026-06-01 00:00:00+00:00, run_after=2026-07-01 00:00:00+00:00
[2026-06-29T09:56:47.848+0000] {processor.py:208} INFO - Processing /opt/airflow/dags/urban_data_pipeline_dag.py took 0.423 seconds
[2026-06-29T09:57:18.011+0000] {processor.py:186} INFO - Started process (PID=2708) to work on /opt/airflow/dags/urban_data_pipeline_dag.py
[2026-06-29T09:57:18.013+0000] {processor.py:914} INFO - Processing file /opt/airflow/dags/urban_data_pipeline_dag.py for tasks to queue
[2026-06-29T09:57:18.015+0000] {logging_mixin.py:190} INFO - [2026-06-29T09:57:18.015+0000] {dagbag.py:588} INFO - Filling up the DagBag from /opt/airflow/dags/urban_data_pipeline_dag.py
[2026-06-29T09:57:18.142+0000] {processor.py:925} INFO - DAG(s) 'urban_data_pipeline' retrieved from /opt/airflow/dags/urban_data_pipeline_dag.py
[2026-06-29T09:57:18.188+0000] {logging_mixin.py:190} INFO - [2026-06-29T09:57:18.187+0000] {dag.py:3239} INFO - Sync 1 DAGs
[2026-06-29T09:57:18.212+0000] {logging_mixin.py:190} INFO - [2026-06-29T09:57:18.212+0000] {dag.py:4180} INFO - Setting next_dagrun for urban_data_pipeline to 2026-06-01 00:00:00+00:00, run_after=2026-07-01 00:00:00+00:00
[2026-06-29T09:57:18.234+0000] {processor.py:208} INFO - Processing /opt/airflow/dags/urban_data_pipeline_dag.py took 0.230 seconds
[2026-06-29T09:57:48.658+0000] {processor.py:186} INFO - Started process (PID=2726) to work on /opt/airflow/dags/urban_data_pipeline_dag.py
[2026-06-29T09:57:48.661+0000] {processor.py:914} INFO - Processing file /opt/airflow/dags/urban_data_pipeline_dag.py for tasks to queue
[2026-06-29T09:57:48.664+0000] {logging_mixin.py:190} INFO - [2026-06-29T09:57:48.663+0000] {dagbag.py:588} INFO - Filling up the DagBag from /opt/airflow/dags/urban_data_pipeline_dag.py
[2026-06-29T09:57:48.916+0000] {processor.py:925} INFO - DAG(s) 'urban_data_pipeline' retrieved from /opt/airflow/dags/urban_data_pipeline_dag.py
[2026-06-29T09:57:48.959+0000] {logging_mixin.py:190} INFO - [2026-06-29T09:57:48.959+0000] {dag.py:3239} INFO - Sync 1 DAGs
[2026-06-29T09:57:48.982+0000] {logging_mixin.py:190} INFO - [2026-06-29T09:57:48.982+0000] {dag.py:4180} INFO - Setting next_dagrun for urban_data_pipeline to 2026-06-01 00:00:00+00:00, run_after=2026-07-01 00:00:00+00:00
[2026-06-29T09:57:49.004+0000] {processor.py:208} INFO - Processing /opt/airflow/dags/urban_data_pipeline_dag.py took 0.351 seconds
[2026-06-29T09:58:19.220+0000] {processor.py:186} INFO - Started process (PID=2744) to work on /opt/airflow/dags/urban_data_pipeline_dag.py
[2026-06-29T09:58:19.222+0000] {processor.py:914} INFO - Processing file /opt/airflow/dags/urban_data_pipeline_dag.py for tasks to queue
[2026-06-29T09:58:19.224+0000] {logging_mixin.py:190} INFO - [2026-06-29T09:58:19.224+0000] {dagbag.py:588} INFO - Filling up the DagBag from /opt/airflow/dags/urban_data_pipeline_dag.py
[2026-06-29T09:58:19.331+0000] {processor.py:925} INFO - DAG(s) 'urban_data_pipeline' retrieved from /opt/airflow/dags/urban_data_pipeline_dag.py
[2026-06-29T09:58:19.379+0000] {logging_mixin.py:190} INFO - [2026-06-29T09:58:19.378+0000] {dag.py:3239} INFO - Sync 1 DAGs
[2026-06-29T09:58:19.412+0000] {logging_mixin.py:190} INFO - [2026-06-29T09:58:19.412+0000] {dag.py:4180} INFO - Setting next_dagrun for urban_data_pipeline to 2026-06-01 00:00:00+00:00, run_after=2026-07-01 00:00:00+00:00
[2026-06-29T09:58:19.441+0000] {processor.py:208} INFO - Processing /opt/airflow/dags/urban_data_pipeline_dag.py took 0.226 seconds
[2026-06-29T09:58:49.588+0000] {processor.py:186} INFO - Started process (PID=2761) to work on /opt/airflow/dags/urban_data_pipeline_dag.py
[2026-06-29T09:58:49.590+0000] {processor.py:914} INFO - Processing file /opt/airflow/dags/urban_data_pipeline_dag.py for tasks to queue
[2026-06-29T09:58:49.593+0000] {logging_mixin.py:190} INFO - [2026-06-29T09:58:49.593+0000] {dagbag.py:588} INFO - Filling up the DagBag from /opt/airflow/dags/urban_data_pipeline_dag.py
[2026-06-29T09:58:49.753+0000] {processor.py:925} INFO - DAG(s) 'urban_data_pipeline' retrieved from /opt/airflow/dags/urban_data_pipeline_dag.py
[2026-06-29T09:58:49.800+0000] {logging_mixin.py:190} INFO - [2026-06-29T09:58:49.800+0000] {dag.py:3239} INFO - Sync 1 DAGs
[2026-06-29T09:58:49.823+0000] {logging_mixin.py:190} INFO - [2026-06-29T09:58:49.823+0000] {dag.py:4180} INFO - Setting next_dagrun for urban_data_pipeline to 2026-06-01 00:00:00+00:00, run_after=2026-07-01 00:00:00+00:00
[2026-06-29T09:58:49.844+0000] {processor.py:208} INFO - Processing /opt/airflow/dags/urban_data_pipeline_dag.py took 0.263 seconds
[2026-06-29T09:59:20.252+0000] {processor.py:186} INFO - Started process (PID=2772) to work on /opt/airflow/dags/urban_data_pipeline_dag.py
[2026-06-29T09:59:20.254+0000] {processor.py:914} INFO - Processing file /opt/airflow/dags/urban_data_pipeline_dag.py for tasks to queue
[2026-06-29T09:59:20.257+0000] {logging_mixin.py:190} INFO - [2026-06-29T09:59:20.257+0000] {dagbag.py:588} INFO - Filling up the DagBag from /opt/airflow/dags/urban_data_pipeline_dag.py
[2026-06-29T09:59:20.449+0000] {processor.py:925} INFO - DAG(s) 'urban_data_pipeline' retrieved from /opt/airflow/dags/urban_data_pipeline_dag.py
[2026-06-29T09:59:20.492+0000] {logging_mixin.py:190} INFO - [2026-06-29T09:59:20.492+0000] {dag.py:3239} INFO - Sync 1 DAGs
[2026-06-29T09:59:20.514+0000] {logging_mixin.py:190} INFO - [2026-06-29T09:59:20.514+0000] {dag.py:4180} INFO - Setting next_dagrun for urban_data_pipeline to 2026-06-01 00:00:00+00:00, run_after=2026-07-01 00:00:00+00:00
[2026-06-29T09:59:20.533+0000] {processor.py:208} INFO - Processing /opt/airflow/dags/urban_data_pipeline_dag.py took 0.286 seconds
[2026-06-29T09:59:51.134+0000] {processor.py:186} INFO - Started process (PID=2790) to work on /opt/airflow/dags/urban_data_pipeline_dag.py
[2026-06-29T09:59:51.136+0000] {processor.py:914} INFO - Processing file /opt/airflow/dags/urban_data_pipeline_dag.py for tasks to queue
[2026-06-29T09:59:51.139+0000] {logging_mixin.py:190} INFO - [2026-06-29T09:59:51.139+0000] {dagbag.py:588} INFO - Filling up the DagBag from /opt/airflow/dags/urban_data_pipeline_dag.py
[2026-06-29T09:59:51.338+0000] {processor.py:925} INFO - DAG(s) 'urban_data_pipeline' retrieved from /opt/airflow/dags/urban_data_pipeline_dag.py
[2026-06-29T09:59:51.399+0000] {logging_mixin.py:190} INFO - [2026-06-29T09:59:51.398+0000] {dag.py:3239} INFO - Sync 1 DAGs
[2026-06-29T09:59:51.423+0000] {logging_mixin.py:190} INFO - [2026-06-29T09:59:51.422+0000] {dag.py:4180} INFO - Setting next_dagrun for urban_data_pipeline to 2026-06-01 00:00:00+00:00, run_after=2026-07-01 00:00:00+00:00
[2026-06-29T09:59:51.447+0000] {processor.py:208} INFO - Processing /opt/airflow/dags/urban_data_pipeline_dag.py took 0.321 seconds
[2026-06-29T10:00:22.295+0000] {processor.py:186} INFO - Started process (PID=2808) to work on /opt/airflow/dags/urban_data_pipeline_dag.py
[2026-06-29T10:00:22.299+0000] {processor.py:914} INFO - Processing file /opt/airflow/dags/urban_data_pipeline_dag.py for tasks to queue
[2026-06-29T10:00:22.308+0000] {logging_mixin.py:190} INFO - [2026-06-29T10:00:22.307+0000] {dagbag.py:588} INFO - Filling up the DagBag from /opt/airflow/dags/urban_data_pipeline_dag.py
[2026-06-29T10:00:22.559+0000] {processor.py:925} INFO - DAG(s) 'urban_data_pipeline' retrieved from /opt/airflow/dags/urban_data_pipeline_dag.py
[2026-06-29T10:00:22.621+0000] {logging_mixin.py:190} INFO - [2026-06-29T10:00:22.621+0000] {dag.py:3239} INFO - Sync 1 DAGs
[2026-06-29T10:00:22.648+0000] {logging_mixin.py:190} INFO - [2026-06-29T10:00:22.647+0000] {dag.py:4180} INFO - Setting next_dagrun for urban_data_pipeline to 2026-06-01 00:00:00+00:00, run_after=2026-07-01 00:00:00+00:00
[2026-06-29T10:00:22.671+0000] {processor.py:208} INFO - Processing /opt/airflow/dags/urban_data_pipeline_dag.py took 0.397 seconds
[2026-06-29T10:00:52.876+0000] {processor.py:186} INFO - Started process (PID=2826) to work on /opt/airflow/dags/urban_data_pipeline_dag.py
[2026-06-29T10:00:52.878+0000] {processor.py:914} INFO - Processing file /opt/airflow/dags/urban_data_pipeline_dag.py for tasks to queue
[2026-06-29T10:00:52.882+0000] {logging_mixin.py:190} INFO - [2026-06-29T10:00:52.882+0000] {dagbag.py:588} INFO - Filling up the DagBag from /opt/airflow/dags/urban_data_pipeline_dag.py
[2026-06-29T10:00:53.019+0000] {processor.py:925} INFO - DAG(s) 'urban_data_pipeline' retrieved from /opt/airflow/dags/urban_data_pipeline_dag.py
[2026-06-29T10:00:53.066+0000] {logging_mixin.py:190} INFO - [2026-06-29T10:00:53.065+0000] {dag.py:3239} INFO - Sync 1 DAGs
[2026-06-29T10:00:53.096+0000] {logging_mixin.py:190} INFO - [2026-06-29T10:00:53.095+0000] {dag.py:4180} INFO - Setting next_dagrun for urban_data_pipeline to 2026-06-01 00:00:00+00:00, run_after=2026-07-01 00:00:00+00:00
[2026-06-29T10:00:53.117+0000] {processor.py:208} INFO - Processing /opt/airflow/dags/urban_data_pipeline_dag.py took 0.262 seconds
[2026-06-29T10:01:24.055+0000] {processor.py:186} INFO - Started process (PID=2844) to work on /opt/airflow/dags/urban_data_pipeline_dag.py
[2026-06-29T10:01:24.058+0000] {processor.py:914} INFO - Processing file /opt/airflow/dags/urban_data_pipeline_dag.py for tasks to queue
[2026-06-29T10:01:24.064+0000] {logging_mixin.py:190} INFO - [2026-06-29T10:01:24.064+0000] {dagbag.py:588} INFO - Filling up the DagBag from /opt/airflow/dags/urban_data_pipeline_dag.py
[2026-06-29T10:01:24.188+0000] {processor.py:925} INFO - DAG(s) 'urban_data_pipeline' retrieved from /opt/airflow/dags/urban_data_pipeline_dag.py
[2026-06-29T10:01:24.237+0000] {logging_mixin.py:190} INFO - [2026-06-29T10:01:24.237+0000] {dag.py:3239} INFO - Sync 1 DAGs
[2026-06-29T10:01:24.268+0000] {logging_mixin.py:190} INFO - [2026-06-29T10:01:24.267+0000] {dag.py:4180} INFO - Setting next_dagrun for urban_data_pipeline to 2026-06-01 00:00:00+00:00, run_after=2026-07-01 00:00:00+00:00
[2026-06-29T10:01:24.292+0000] {processor.py:208} INFO - Processing /opt/airflow/dags/urban_data_pipeline_dag.py took 0.253 seconds
[2026-06-29T10:01:55.229+0000] {processor.py:186} INFO - Started process (PID=2862) to work on /opt/airflow/dags/urban_data_pipeline_dag.py
[2026-06-29T10:01:55.232+0000] {processor.py:914} INFO - Processing file /opt/airflow/dags/urban_data_pipeline_dag.py for tasks to queue
[2026-06-29T10:01:55.237+0000] {logging_mixin.py:190} INFO - [2026-06-29T10:01:55.236+0000] {dagbag.py:588} INFO - Filling up the DagBag from /opt/airflow/dags/urban_data_pipeline_dag.py
[2026-06-29T10:01:55.588+0000] {processor.py:925} INFO - DAG(s) 'urban_data_pipeline' retrieved from /opt/airflow/dags/urban_data_pipeline_dag.py
[2026-06-29T10:01:55.629+0000] {logging_mixin.py:190} INFO - [2026-06-29T10:01:55.629+0000] {dag.py:3239} INFO - Sync 1 DAGs
[2026-06-29T10:01:55.652+0000] {logging_mixin.py:190} INFO - [2026-06-29T10:01:55.652+0000] {dag.py:4180} INFO - Setting next_dagrun for urban_data_pipeline to 2026-06-01 00:00:00+00:00, run_after=2026-07-01 00:00:00+00:00
[2026-06-29T10:01:55.681+0000] {processor.py:208} INFO - Processing /opt/airflow/dags/urban_data_pipeline_dag.py took 0.470 seconds
[2026-06-29T10:02:26.626+0000] {processor.py:186} INFO - Started process (PID=2880) to work on /opt/airflow/dags/urban_data_pipeline_dag.py
[2026-06-29T10:02:26.629+0000] {processor.py:914} INFO - Processing file /opt/airflow/dags/urban_data_pipeline_dag.py for tasks to queue
[2026-06-29T10:02:26.634+0000] {logging_mixin.py:190} INFO - [2026-06-29T10:02:26.633+0000] {dagbag.py:588} INFO - Filling up the DagBag from /opt/airflow/dags/urban_data_pipeline_dag.py
[2026-06-29T10:02:26.890+0000] {processor.py:925} INFO - DAG(s) 'urban_data_pipeline' retrieved from /opt/airflow/dags/urban_data_pipeline_dag.py
[2026-06-29T10:02:26.935+0000] {logging_mixin.py:190} INFO - [2026-06-29T10:02:26.934+0000] {dag.py:3239} INFO - Sync 1 DAGs
[2026-06-29T10:02:26.958+0000] {logging_mixin.py:190} INFO - [2026-06-29T10:02:26.958+0000] {dag.py:4180} INFO - Setting next_dagrun for urban_data_pipeline to 2026-06-01 00:00:00+00:00, run_after=2026-07-01 00:00:00+00:00
[2026-06-29T10:02:26.984+0000] {processor.py:208} INFO - Processing /opt/airflow/dags/urban_data_pipeline_dag.py took 0.380 seconds
[2026-06-29T10:02:57.910+0000] {processor.py:186} INFO - Started process (PID=2898) to work on /opt/airflow/dags/urban_data_pipeline_dag.py
[2026-06-29T10:02:57.913+0000] {processor.py:914} INFO - Processing file /opt/airflow/dags/urban_data_pipeline_dag.py for tasks to queue
[2026-06-29T10:02:57.921+0000] {logging_mixin.py:190} INFO - [2026-06-29T10:02:57.920+0000] {dagbag.py:588} INFO - Filling up the DagBag from /opt/airflow/dags/urban_data_pipeline_dag.py
[2026-06-29T10:02:58.412+0000] {processor.py:925} INFO - DAG(s) 'urban_data_pipeline' retrieved from /opt/airflow/dags/urban_data_pipeline_dag.py
[2026-06-29T10:02:58.470+0000] {logging_mixin.py:190} INFO - [2026-06-29T10:02:58.469+0000] {dag.py:3239} INFO - Sync 1 DAGs
[2026-06-29T10:02:58.492+0000] {logging_mixin.py:190} INFO - [2026-06-29T10:02:58.492+0000] {dag.py:4180} INFO - Setting next_dagrun for urban_data_pipeline to 2026-06-01 00:00:00+00:00, run_after=2026-07-01 00:00:00+00:00
[2026-06-29T10:02:58.516+0000] {processor.py:208} INFO - Processing /opt/airflow/dags/urban_data_pipeline_dag.py took 0.630 seconds
[2026-06-29T10:03:28.732+0000] {processor.py:186} INFO - Started process (PID=2916) to work on /opt/airflow/dags/urban_data_pipeline_dag.py
[2026-06-29T10:03:28.735+0000] {processor.py:914} INFO - Processing file /opt/airflow/dags/urban_data_pipeline_dag.py for tasks to queue
[2026-06-29T10:03:28.741+0000] {logging_mixin.py:190} INFO - [2026-06-29T10:03:28.740+0000] {dagbag.py:588} INFO - Filling up the DagBag from /opt/airflow/dags/urban_data_pipeline_dag.py
[2026-06-29T10:03:29.025+0000] {processor.py:925} INFO - DAG(s) 'urban_data_pipeline' retrieved from /opt/airflow/dags/urban_data_pipeline_dag.py
[2026-06-29T10:03:29.081+0000] {logging_mixin.py:190} INFO - [2026-06-29T10:03:29.081+0000] {dag.py:3239} INFO - Sync 1 DAGs
[2026-06-29T10:03:29.107+0000] {logging_mixin.py:190} INFO - [2026-06-29T10:03:29.107+0000] {dag.py:4180} INFO - Setting next_dagrun for urban_data_pipeline to 2026-06-01 00:00:00+00:00, run_after=2026-07-01 00:00:00+00:00
[2026-06-29T10:03:29.148+0000] {processor.py:208} INFO - Processing /opt/airflow/dags/urban_data_pipeline_dag.py took 0.445 seconds
[2026-06-29T10:03:59.897+0000] {processor.py:186} INFO - Started process (PID=2934) to work on /opt/airflow/dags/urban_data_pipeline_dag.py
[2026-06-29T10:03:59.898+0000] {processor.py:914} INFO - Processing file /opt/airflow/dags/urban_data_pipeline_dag.py for tasks to queue
[2026-06-29T10:03:59.902+0000] {logging_mixin.py:190} INFO - [2026-06-29T10:03:59.902+0000] {dagbag.py:588} INFO - Filling up the DagBag from /opt/airflow/dags/urban_data_pipeline_dag.py
[2026-06-29T10:04:00.121+0000] {processor.py:925} INFO - DAG(s) 'urban_data_pipeline' retrieved from /opt/airflow/dags/urban_data_pipeline_dag.py
[2026-06-29T10:04:00.167+0000] {logging_mixin.py:190} INFO - [2026-06-29T10:04:00.167+0000] {dag.py:3239} INFO - Sync 1 DAGs
[2026-06-29T10:04:00.194+0000] {logging_mixin.py:190} INFO - [2026-06-29T10:04:00.194+0000] {dag.py:4180} INFO - Setting next_dagrun for urban_data_pipeline to 2026-06-01 00:00:00+00:00, run_after=2026-07-01 00:00:00+00:00
[2026-06-29T10:04:00.230+0000] {processor.py:208} INFO - Processing /opt/airflow/dags/urban_data_pipeline_dag.py took 0.347 seconds
[2026-06-29T10:04:30.443+0000] {processor.py:186} INFO - Started process (PID=2951) to work on /opt/airflow/dags/urban_data_pipeline_dag.py
[2026-06-29T10:04:30.445+0000] {processor.py:914} INFO - Processing file /opt/airflow/dags/urban_data_pipeline_dag.py for tasks to queue
[2026-06-29T10:04:30.449+0000] {logging_mixin.py:190} INFO - [2026-06-29T10:04:30.448+0000] {dagbag.py:588} INFO - Filling up the DagBag from /opt/airflow/dags/urban_data_pipeline_dag.py
[2026-06-29T10:04:30.568+0000] {processor.py:925} INFO - DAG(s) 'urban_data_pipeline' retrieved from /opt/airflow/dags/urban_data_pipeline_dag.py
[2026-06-29T10:04:30.612+0000] {logging_mixin.py:190} INFO - [2026-06-29T10:04:30.611+0000] {dag.py:3239} INFO - Sync 1 DAGs
[2026-06-29T10:04:30.636+0000] {logging_mixin.py:190} INFO - [2026-06-29T10:04:30.635+0000] {dag.py:4180} INFO - Setting next_dagrun for urban_data_pipeline to 2026-06-01 00:00:00+00:00, run_after=2026-07-01 00:00:00+00:00
[2026-06-29T10:04:30.659+0000] {processor.py:208} INFO - Processing /opt/airflow/dags/urban_data_pipeline_dag.py took 0.225 seconds
[2026-06-29T10:05:01.451+0000] {processor.py:186} INFO - Started process (PID=2962) to work on /opt/airflow/dags/urban_data_pipeline_dag.py
[2026-06-29T10:05:01.457+0000] {processor.py:914} INFO - Processing file /opt/airflow/dags/urban_data_pipeline_dag.py for tasks to queue
[2026-06-29T10:05:01.477+0000] {logging_mixin.py:190} INFO - [2026-06-29T10:05:01.475+0000] {dagbag.py:588} INFO - Filling up the DagBag from /opt/airflow/dags/urban_data_pipeline_dag.py
[2026-06-29T10:05:01.617+0000] {processor.py:925} INFO - DAG(s) 'urban_data_pipeline' retrieved from /opt/airflow/dags/urban_data_pipeline_dag.py
[2026-06-29T10:05:01.663+0000] {logging_mixin.py:190} INFO - [2026-06-29T10:05:01.663+0000] {dag.py:3239} INFO - Sync 1 DAGs
[2026-06-29T10:05:01.688+0000] {logging_mixin.py:190} INFO - [2026-06-29T10:05:01.688+0000] {dag.py:4180} INFO - Setting next_dagrun for urban_data_pipeline to 2026-06-01 00:00:00+00:00, run_after=2026-07-01 00:00:00+00:00
[2026-06-29T10:05:01.711+0000] {processor.py:208} INFO - Processing /opt/airflow/dags/urban_data_pipeline_dag.py took 0.277 seconds
[2026-06-29T10:05:32.012+0000] {processor.py:186} INFO - Started process (PID=2980) to work on /opt/airflow/dags/urban_data_pipeline_dag.py
[2026-06-29T10:05:32.016+0000] {processor.py:914} INFO - Processing file /opt/airflow/dags/urban_data_pipeline_dag.py for tasks to queue
[2026-06-29T10:05:32.025+0000] {logging_mixin.py:190} INFO - [2026-06-29T10:05:32.024+0000] {dagbag.py:588} INFO - Filling up the DagBag from /opt/airflow/dags/urban_data_pipeline_dag.py
[2026-06-29T10:05:32.395+0000] {processor.py:925} INFO - DAG(s) 'urban_data_pipeline' retrieved from /opt/airflow/dags/urban_data_pipeline_dag.py
[2026-06-29T10:05:32.447+0000] {logging_mixin.py:190} INFO - [2026-06-29T10:05:32.447+0000] {dag.py:3239} INFO - Sync 1 DAGs
[2026-06-29T10:05:32.469+0000] {logging_mixin.py:190} INFO - [2026-06-29T10:05:32.469+0000] {dag.py:4180} INFO - Setting next_dagrun for urban_data_pipeline to 2026-06-01 00:00:00+00:00, run_after=2026-07-01 00:00:00+00:00
[2026-06-29T10:05:32.493+0000] {processor.py:208} INFO - Processing /opt/airflow/dags/urban_data_pipeline_dag.py took 0.505 seconds
[2026-06-29T10:06:02.815+0000] {processor.py:186} INFO - Started process (PID=2998) to work on /opt/airflow/dags/urban_data_pipeline_dag.py
[2026-06-29T10:06:02.816+0000] {processor.py:914} INFO - Processing file /opt/airflow/dags/urban_data_pipeline_dag.py for tasks to queue
[2026-06-29T10:06:02.819+0000] {logging_mixin.py:190} INFO - [2026-06-29T10:06:02.819+0000] {dagbag.py:588} INFO - Filling up the DagBag from /opt/airflow/dags/urban_data_pipeline_dag.py
[2026-06-29T10:06:02.930+0000] {processor.py:925} INFO - DAG(s) 'urban_data_pipeline' retrieved from /opt/airflow/dags/urban_data_pipeline_dag.py
[2026-06-29T10:06:02.971+0000] {logging_mixin.py:190} INFO - [2026-06-29T10:06:02.971+0000] {dag.py:3239} INFO - Sync 1 DAGs
[2026-06-29T10:06:02.997+0000] {logging_mixin.py:190} INFO - [2026-06-29T10:06:02.997+0000] {dag.py:4180} INFO - Setting next_dagrun for urban_data_pipeline to 2026-06-01 00:00:00+00:00, run_after=2026-07-01 00:00:00+00:00
[2026-06-29T10:06:03.022+0000] {processor.py:208} INFO - Processing /opt/airflow/dags/urban_data_pipeline_dag.py took 0.215 seconds
[2026-06-29T10:06:33.905+0000] {processor.py:186} INFO - Started process (PID=3016) to work on /opt/airflow/dags/urban_data_pipeline_dag.py
[2026-06-29T10:06:33.908+0000] {processor.py:914} INFO - Processing file /opt/airflow/dags/urban_data_pipeline_dag.py for tasks to queue
[2026-06-29T10:06:33.913+0000] {logging_mixin.py:190} INFO - [2026-06-29T10:06:33.912+0000] {dagbag.py:588} INFO - Filling up the DagBag from /opt/airflow/dags/urban_data_pipeline_dag.py
[2026-06-29T10:06:34.183+0000] {processor.py:925} INFO - DAG(s) 'urban_data_pipeline' retrieved from /opt/airflow/dags/urban_data_pipeline_dag.py
[2026-06-29T10:06:34.229+0000] {logging_mixin.py:190} INFO - [2026-06-29T10:06:34.228+0000] {dag.py:3239} INFO - Sync 1 DAGs
[2026-06-29T10:06:34.255+0000] {logging_mixin.py:190} INFO - [2026-06-29T10:06:34.255+0000] {dag.py:4180} INFO - Setting next_dagrun for urban_data_pipeline to 2026-06-01 00:00:00+00:00, run_after=2026-07-01 00:00:00+00:00
[2026-06-29T10:06:34.279+0000] {processor.py:208} INFO - Processing /opt/airflow/dags/urban_data_pipeline_dag.py took 0.394 seconds
[2026-06-29T10:07:04.448+0000] {processor.py:186} INFO - Started process (PID=3035) to work on /opt/airflow/dags/urban_data_pipeline_dag.py
[2026-06-29T10:07:04.449+0000] {processor.py:914} INFO - Processing file /opt/airflow/dags/urban_data_pipeline_dag.py for tasks to queue
[2026-06-29T10:07:04.452+0000] {logging_mixin.py:190} INFO - [2026-06-29T10:07:04.452+0000] {dagbag.py:588} INFO - Filling up the DagBag from /opt/airflow/dags/urban_data_pipeline_dag.py
[2026-06-29T10:07:04.575+0000] {processor.py:925} INFO - DAG(s) 'urban_data_pipeline' retrieved from /opt/airflow/dags/urban_data_pipeline_dag.py
[2026-06-29T10:07:04.620+0000] {logging_mixin.py:190} INFO - [2026-06-29T10:07:04.620+0000] {dag.py:3239} INFO - Sync 1 DAGs
[2026-06-29T10:07:04.643+0000] {logging_mixin.py:190} INFO - [2026-06-29T10:07:04.643+0000] {dag.py:4180} INFO - Setting next_dagrun for urban_data_pipeline to 2026-06-01 00:00:00+00:00, run_after=2026-07-01 00:00:00+00:00
[2026-06-29T10:07:04.665+0000] {processor.py:208} INFO - Processing /opt/airflow/dags/urban_data_pipeline_dag.py took 0.225 seconds
[2026-06-29T10:07:35.670+0000] {processor.py:186} INFO - Started process (PID=3053) to work on /opt/airflow/dags/urban_data_pipeline_dag.py
[2026-06-29T10:07:35.673+0000] {processor.py:914} INFO - Processing file /opt/airflow/dags/urban_data_pipeline_dag.py for tasks to queue
[2026-06-29T10:07:35.679+0000] {logging_mixin.py:190} INFO - [2026-06-29T10:07:35.678+0000] {dagbag.py:588} INFO - Filling up the DagBag from /opt/airflow/dags/urban_data_pipeline_dag.py
[2026-06-29T10:07:36.005+0000] {processor.py:925} INFO - DAG(s) 'urban_data_pipeline' retrieved from /opt/airflow/dags/urban_data_pipeline_dag.py
[2026-06-29T10:07:36.050+0000] {logging_mixin.py:190} INFO - [2026-06-29T10:07:36.050+0000] {dag.py:3239} INFO - Sync 1 DAGs
[2026-06-29T10:07:36.079+0000] {logging_mixin.py:190} INFO - [2026-06-29T10:07:36.079+0000] {dag.py:4180} INFO - Setting next_dagrun for urban_data_pipeline to 2026-06-01 00:00:00+00:00, run_after=2026-07-01 00:00:00+00:00
[2026-06-29T10:07:36.117+0000] {processor.py:208} INFO - Processing /opt/airflow/dags/urban_data_pipeline_dag.py took 0.475 seconds
[2026-06-29T10:08:06.485+0000] {processor.py:186} INFO - Started process (PID=3071) to work on /opt/airflow/dags/urban_data_pipeline_dag.py
[2026-06-29T10:08:06.487+0000] {processor.py:914} INFO - Processing file /opt/airflow/dags/urban_data_pipeline_dag.py for tasks to queue
[2026-06-29T10:08:06.492+0000] {logging_mixin.py:190} INFO - [2026-06-29T10:08:06.491+0000] {dagbag.py:588} INFO - Filling up the DagBag from /opt/airflow/dags/urban_data_pipeline_dag.py
[2026-06-29T10:08:06.770+0000] {processor.py:925} INFO - DAG(s) 'urban_data_pipeline' retrieved from /opt/airflow/dags/urban_data_pipeline_dag.py
[2026-06-29T10:08:06.822+0000] {logging_mixin.py:190} INFO - [2026-06-29T10:08:06.821+0000] {dag.py:3239} INFO - Sync 1 DAGs
[2026-06-29T10:08:06.845+0000] {logging_mixin.py:190} INFO - [2026-06-29T10:08:06.844+0000] {dag.py:4180} INFO - Setting next_dagrun for urban_data_pipeline to 2026-06-01 00:00:00+00:00, run_after=2026-07-01 00:00:00+00:00
[2026-06-29T10:08:06.867+0000] {processor.py:208} INFO - Processing /opt/airflow/dags/urban_data_pipeline_dag.py took 0.397 seconds
[2026-06-29T10:08:37.211+0000] {processor.py:186} INFO - Started process (PID=3089) to work on /opt/airflow/dags/urban_data_pipeline_dag.py
[2026-06-29T10:08:37.214+0000] {processor.py:914} INFO - Processing file /opt/airflow/dags/urban_data_pipeline_dag.py for tasks to queue
[2026-06-29T10:08:37.219+0000] {logging_mixin.py:190} INFO - [2026-06-29T10:08:37.218+0000] {dagbag.py:588} INFO - Filling up the DagBag from /opt/airflow/dags/urban_data_pipeline_dag.py
[2026-06-29T10:08:37.667+0000] {processor.py:925} INFO - DAG(s) 'urban_data_pipeline' retrieved from /opt/airflow/dags/urban_data_pipeline_dag.py
[2026-06-29T10:08:37.749+0000] {logging_mixin.py:190} INFO - [2026-06-29T10:08:37.749+0000] {dag.py:3239} INFO - Sync 1 DAGs
[2026-06-29T10:08:37.776+0000] {logging_mixin.py:190} INFO - [2026-06-29T10:08:37.776+0000] {dag.py:4180} INFO - Setting next_dagrun for urban_data_pipeline to 2026-06-01 00:00:00+00:00, run_after=2026-07-01 00:00:00+00:00
[2026-06-29T10:08:37.800+0000] {processor.py:208} INFO - Processing /opt/airflow/dags/urban_data_pipeline_dag.py took 0.608 seconds
[2026-06-29T10:09:08.584+0000] {processor.py:186} INFO - Started process (PID=3107) to work on /opt/airflow/dags/urban_data_pipeline_dag.py
[2026-06-29T10:09:08.586+0000] {processor.py:914} INFO - Processing file /opt/airflow/dags/urban_data_pipeline_dag.py for tasks to queue
[2026-06-29T10:09:08.589+0000] {logging_mixin.py:190} INFO - [2026-06-29T10:09:08.589+0000] {dagbag.py:588} INFO - Filling up the DagBag from /opt/airflow/dags/urban_data_pipeline_dag.py
[2026-06-29T10:09:08.859+0000] {processor.py:925} INFO - DAG(s) 'urban_data_pipeline' retrieved from /opt/airflow/dags/urban_data_pipeline_dag.py
[2026-06-29T10:09:08.900+0000] {logging_mixin.py:190} INFO - [2026-06-29T10:09:08.900+0000] {dag.py:3239} INFO - Sync 1 DAGs
[2026-06-29T10:09:08.923+0000] {logging_mixin.py:190} INFO - [2026-06-29T10:09:08.923+0000] {dag.py:4180} INFO - Setting next_dagrun for urban_data_pipeline to 2026-06-01 00:00:00+00:00, run_after=2026-07-01 00:00:00+00:00
[2026-06-29T10:09:08.964+0000] {processor.py:208} INFO - Processing /opt/airflow/dags/urban_data_pipeline_dag.py took 0.386 seconds
[2026-06-29T10:09:39.169+0000] {processor.py:186} INFO - Started process (PID=3124) to work on /opt/airflow/dags/urban_data_pipeline_dag.py
[2026-06-29T10:09:39.171+0000] {processor.py:914} INFO - Processing file /opt/airflow/dags/urban_data_pipeline_dag.py for tasks to queue
[2026-06-29T10:09:39.174+0000] {logging_mixin.py:190} INFO - [2026-06-29T10:09:39.174+0000] {dagbag.py:588} INFO - Filling up the DagBag from /opt/airflow/dags/urban_data_pipeline_dag.py
[2026-06-29T10:09:39.414+0000] {processor.py:925} INFO - DAG(s) 'urban_data_pipeline' retrieved from /opt/airflow/dags/urban_data_pipeline_dag.py
[2026-06-29T10:09:39.471+0000] {logging_mixin.py:190} INFO - [2026-06-29T10:09:39.471+0000] {dag.py:3239} INFO - Sync 1 DAGs
[2026-06-29T10:09:39.510+0000] {logging_mixin.py:190} INFO - [2026-06-29T10:09:39.509+0000] {dag.py:4180} INFO - Setting next_dagrun for urban_data_pipeline to 2026-06-01 00:00:00+00:00, run_after=2026-07-01 00:00:00+00:00
[2026-06-29T10:09:39.539+0000] {processor.py:208} INFO - Processing /opt/airflow/dags/urban_data_pipeline_dag.py took 0.375 seconds
[2026-06-29T10:10:09.719+0000] {processor.py:186} INFO - Started process (PID=3135) to work on /opt/airflow/dags/urban_data_pipeline_dag.py
[2026-06-29T10:10:09.721+0000] {processor.py:914} INFO - Processing file /opt/airflow/dags/urban_data_pipeline_dag.py for tasks to queue
[2026-06-29T10:10:09.724+0000] {logging_mixin.py:190} INFO - [2026-06-29T10:10:09.724+0000] {dagbag.py:588} INFO - Filling up the DagBag from /opt/airflow/dags/urban_data_pipeline_dag.py
[2026-06-29T10:10:09.851+0000] {processor.py:925} INFO - DAG(s) 'urban_data_pipeline' retrieved from /opt/airflow/dags/urban_data_pipeline_dag.py
[2026-06-29T10:10:09.917+0000] {logging_mixin.py:190} INFO - [2026-06-29T10:10:09.917+0000] {dag.py:3239} INFO - Sync 1 DAGs
[2026-06-29T10:10:09.940+0000] {logging_mixin.py:190} INFO - [2026-06-29T10:10:09.940+0000] {dag.py:4180} INFO - Setting next_dagrun for urban_data_pipeline to 2026-06-01 00:00:00+00:00, run_after=2026-07-01 00:00:00+00:00
[2026-06-29T10:10:09.967+0000] {processor.py:208} INFO - Processing /opt/airflow/dags/urban_data_pipeline_dag.py took 0.255 seconds
[2026-06-29T10:10:40.683+0000] {processor.py:186} INFO - Started process (PID=3153) to work on /opt/airflow/dags/urban_data_pipeline_dag.py
[2026-06-29T10:10:40.686+0000] {processor.py:914} INFO - Processing file /opt/airflow/dags/urban_data_pipeline_dag.py for tasks to queue
[2026-06-29T10:10:40.690+0000] {logging_mixin.py:190} INFO - [2026-06-29T10:10:40.690+0000] {dagbag.py:588} INFO - Filling up the DagBag from /opt/airflow/dags/urban_data_pipeline_dag.py
[2026-06-29T10:10:41.127+0000] {processor.py:925} INFO - DAG(s) 'urban_data_pipeline' retrieved from /opt/airflow/dags/urban_data_pipeline_dag.py
[2026-06-29T10:10:41.171+0000] {logging_mixin.py:190} INFO - [2026-06-29T10:10:41.171+0000] {dag.py:3239} INFO - Sync 1 DAGs
[2026-06-29T10:10:41.200+0000] {logging_mixin.py:190} INFO - [2026-06-29T10:10:41.200+0000] {dag.py:4180} INFO - Setting next_dagrun for urban_data_pipeline to 2026-06-01 00:00:00+00:00, run_after=2026-07-01 00:00:00+00:00
[2026-06-29T10:10:41.228+0000] {processor.py:208} INFO - Processing /opt/airflow/dags/urban_data_pipeline_dag.py took 0.558 seconds
[2026-06-29T10:11:12.147+0000] {processor.py:186} INFO - Started process (PID=3171) to work on /opt/airflow/dags/urban_data_pipeline_dag.py
[2026-06-29T10:11:12.149+0000] {processor.py:914} INFO - Processing file /opt/airflow/dags/urban_data_pipeline_dag.py for tasks to queue
[2026-06-29T10:11:12.152+0000] {logging_mixin.py:190} INFO - [2026-06-29T10:11:12.152+0000] {dagbag.py:588} INFO - Filling up the DagBag from /opt/airflow/dags/urban_data_pipeline_dag.py
[2026-06-29T10:11:12.341+0000] {processor.py:925} INFO - DAG(s) 'urban_data_pipeline' retrieved from /opt/airflow/dags/urban_data_pipeline_dag.py
[2026-06-29T10:11:12.394+0000] {logging_mixin.py:190} INFO - [2026-06-29T10:11:12.394+0000] {dag.py:3239} INFO - Sync 1 DAGs
[2026-06-29T10:11:12.416+0000] {logging_mixin.py:190} INFO - [2026-06-29T10:11:12.416+0000] {dag.py:4180} INFO - Setting next_dagrun for urban_data_pipeline to 2026-06-01 00:00:00+00:00, run_after=2026-07-01 00:00:00+00:00
[2026-06-29T10:11:12.438+0000] {processor.py:208} INFO - Processing /opt/airflow/dags/urban_data_pipeline_dag.py took 0.306 seconds
[2026-06-29T10:11:43.282+0000] {processor.py:186} INFO - Started process (PID=3189) to work on /opt/airflow/dags/urban_data_pipeline_dag.py
[2026-06-29T10:11:43.283+0000] {processor.py:914} INFO - Processing file /opt/airflow/dags/urban_data_pipeline_dag.py for tasks to queue
[2026-06-29T10:11:43.288+0000] {logging_mixin.py:190} INFO - [2026-06-29T10:11:43.287+0000] {dagbag.py:588} INFO - Filling up the DagBag from /opt/airflow/dags/urban_data_pipeline_dag.py
[2026-06-29T10:11:43.542+0000] {processor.py:925} INFO - DAG(s) 'urban_data_pipeline' retrieved from /opt/airflow/dags/urban_data_pipeline_dag.py
[2026-06-29T10:11:43.587+0000] {logging_mixin.py:190} INFO - [2026-06-29T10:11:43.586+0000] {dag.py:3239} INFO - Sync 1 DAGs
[2026-06-29T10:11:43.616+0000] {logging_mixin.py:190} INFO - [2026-06-29T10:11:43.615+0000] {dag.py:4180} INFO - Setting next_dagrun for urban_data_pipeline to 2026-06-01 00:00:00+00:00, run_after=2026-07-01 00:00:00+00:00
[2026-06-29T10:11:43.652+0000] {processor.py:208} INFO - Processing /opt/airflow/dags/urban_data_pipeline_dag.py took 0.382 seconds
[2026-06-29T10:12:14.596+0000] {processor.py:186} INFO - Started process (PID=3207) to work on /opt/airflow/dags/urban_data_pipeline_dag.py
[2026-06-29T10:12:14.599+0000] {processor.py:914} INFO - Processing file /opt/airflow/dags/urban_data_pipeline_dag.py for tasks to queue
[2026-06-29T10:12:14.603+0000] {logging_mixin.py:190} INFO - [2026-06-29T10:12:14.602+0000] {dagbag.py:588} INFO - Filling up the DagBag from /opt/airflow/dags/urban_data_pipeline_dag.py
[2026-06-29T10:12:14.792+0000] {processor.py:925} INFO - DAG(s) 'urban_data_pipeline' retrieved from /opt/airflow/dags/urban_data_pipeline_dag.py
[2026-06-29T10:12:14.834+0000] {logging_mixin.py:190} INFO - [2026-06-29T10:12:14.834+0000] {dag.py:3239} INFO - Sync 1 DAGs
[2026-06-29T10:12:14.857+0000] {logging_mixin.py:190} INFO - [2026-06-29T10:12:14.857+0000] {dag.py:4180} INFO - Setting next_dagrun for urban_data_pipeline to 2026-06-01 00:00:00+00:00, run_after=2026-07-01 00:00:00+00:00
[2026-06-29T10:12:14.880+0000] {processor.py:208} INFO - Processing /opt/airflow/dags/urban_data_pipeline_dag.py took 0.293 seconds
[2026-06-29T10:12:45.846+0000] {processor.py:186} INFO - Started process (PID=3225) to work on /opt/airflow/dags/urban_data_pipeline_dag.py
[2026-06-29T10:12:45.850+0000] {processor.py:914} INFO - Processing file /opt/airflow/dags/urban_data_pipeline_dag.py for tasks to queue
[2026-06-29T10:12:45.857+0000] {logging_mixin.py:190} INFO - [2026-06-29T10:12:45.857+0000] {dagbag.py:588} INFO - Filling up the DagBag from /opt/airflow/dags/urban_data_pipeline_dag.py
[2026-06-29T10:12:46.277+0000] {processor.py:925} INFO - DAG(s) 'urban_data_pipeline' retrieved from /opt/airflow/dags/urban_data_pipeline_dag.py
[2026-06-29T10:12:46.324+0000] {logging_mixin.py:190} INFO - [2026-06-29T10:12:46.324+0000] {dag.py:3239} INFO - Sync 1 DAGs
[2026-06-29T10:12:46.353+0000] {logging_mixin.py:190} INFO - [2026-06-29T10:12:46.353+0000] {dag.py:4180} INFO - Setting next_dagrun for urban_data_pipeline to 2026-06-01 00:00:00+00:00, run_after=2026-07-01 00:00:00+00:00
[2026-06-29T10:12:46.381+0000] {processor.py:208} INFO - Processing /opt/airflow/dags/urban_data_pipeline_dag.py took 0.563 seconds
[2026-06-29T11:46:56.944+0000] {processor.py:186} INFO - Started process (PID=3246) to work on /opt/airflow/dags/urban_data_pipeline_dag.py
[2026-06-29T11:46:56.949+0000] {processor.py:914} INFO - Processing file /opt/airflow/dags/urban_data_pipeline_dag.py for tasks to queue
[2026-06-29T11:46:56.955+0000] {logging_mixin.py:190} INFO - [2026-06-29T11:46:56.954+0000] {dagbag.py:588} INFO - Filling up the DagBag from /opt/airflow/dags/urban_data_pipeline_dag.py
[2026-06-29T11:47:00.617+0000] {processor.py:925} INFO - DAG(s) 'urban_data_pipeline' retrieved from /opt/airflow/dags/urban_data_pipeline_dag.py
[2026-06-29T11:47:00.754+0000] {logging_mixin.py:190} INFO - [2026-06-29T11:47:00.754+0000] {dag.py:3239} INFO - Sync 1 DAGs
[2026-06-29T11:47:00.844+0000] {logging_mixin.py:190} INFO - [2026-06-29T11:47:00.844+0000] {dag.py:4180} INFO - Setting next_dagrun for urban_data_pipeline to 2026-06-01 00:00:00+00:00, run_after=2026-07-01 00:00:00+00:00
[2026-06-29T11:47:00.973+0000] {processor.py:208} INFO - Processing /opt/airflow/dags/urban_data_pipeline_dag.py took 4.038 seconds
[2026-06-29T11:47:31.851+0000] {processor.py:186} INFO - Started process (PID=3266) to work on /opt/airflow/dags/urban_data_pipeline_dag.py
[2026-06-29T11:47:31.853+0000] {processor.py:914} INFO - Processing file /opt/airflow/dags/urban_data_pipeline_dag.py for tasks to queue
[2026-06-29T11:47:31.861+0000] {logging_mixin.py:190} INFO - [2026-06-29T11:47:31.860+0000] {dagbag.py:588} INFO - Filling up the DagBag from /opt/airflow/dags/urban_data_pipeline_dag.py
[2026-06-29T11:47:32.116+0000] {processor.py:925} INFO - DAG(s) 'urban_data_pipeline' retrieved from /opt/airflow/dags/urban_data_pipeline_dag.py
[2026-06-29T11:47:32.178+0000] {logging_mixin.py:190} INFO - [2026-06-29T11:47:32.178+0000] {dag.py:3239} INFO - Sync 1 DAGs
[2026-06-29T11:47:32.209+0000] {logging_mixin.py:190} INFO - [2026-06-29T11:47:32.209+0000] {dag.py:4180} INFO - Setting next_dagrun for urban_data_pipeline to 2026-06-01 00:00:00+00:00, run_after=2026-07-01 00:00:00+00:00
[2026-06-29T11:47:32.252+0000] {processor.py:208} INFO - Processing /opt/airflow/dags/urban_data_pipeline_dag.py took 0.412 seconds
[2026-06-29T11:48:02.410+0000] {processor.py:186} INFO - Started process (PID=3284) to work on /opt/airflow/dags/urban_data_pipeline_dag.py
[2026-06-29T11:48:02.412+0000] {processor.py:914} INFO - Processing file /opt/airflow/dags/urban_data_pipeline_dag.py for tasks to queue
[2026-06-29T11:48:02.416+0000] {logging_mixin.py:190} INFO - [2026-06-29T11:48:02.415+0000] {dagbag.py:588} INFO - Filling up the DagBag from /opt/airflow/dags/urban_data_pipeline_dag.py
[2026-06-29T11:48:02.630+0000] {processor.py:925} INFO - DAG(s) 'urban_data_pipeline' retrieved from /opt/airflow/dags/urban_data_pipeline_dag.py
[2026-06-29T11:48:02.667+0000] {logging_mixin.py:190} INFO - [2026-06-29T11:48:02.667+0000] {dag.py:3239} INFO - Sync 1 DAGs
[2026-06-29T11:48:02.691+0000] {logging_mixin.py:190} INFO - [2026-06-29T11:48:02.691+0000] {dag.py:4180} INFO - Setting next_dagrun for urban_data_pipeline to 2026-06-01 00:00:00+00:00, run_after=2026-07-01 00:00:00+00:00
[2026-06-29T11:48:02.722+0000] {processor.py:208} INFO - Processing /opt/airflow/dags/urban_data_pipeline_dag.py took 0.317 seconds
[2026-06-29T11:48:33.223+0000] {processor.py:186} INFO - Started process (PID=3302) to work on /opt/airflow/dags/urban_data_pipeline_dag.py
[2026-06-29T11:48:33.225+0000] {processor.py:914} INFO - Processing file /opt/airflow/dags/urban_data_pipeline_dag.py for tasks to queue
[2026-06-29T11:48:33.231+0000] {logging_mixin.py:190} INFO - [2026-06-29T11:48:33.230+0000] {dagbag.py:588} INFO - Filling up the DagBag from /opt/airflow/dags/urban_data_pipeline_dag.py
[2026-06-29T11:48:33.507+0000] {processor.py:925} INFO - DAG(s) 'urban_data_pipeline' retrieved from /opt/airflow/dags/urban_data_pipeline_dag.py
[2026-06-29T11:48:33.597+0000] {logging_mixin.py:190} INFO - [2026-06-29T11:48:33.596+0000] {dag.py:3239} INFO - Sync 1 DAGs
[2026-06-29T11:48:33.632+0000] {logging_mixin.py:190} INFO - [2026-06-29T11:48:33.632+0000] {dag.py:4180} INFO - Setting next_dagrun for urban_data_pipeline to 2026-06-01 00:00:00+00:00, run_after=2026-07-01 00:00:00+00:00
[2026-06-29T11:48:33.669+0000] {processor.py:208} INFO - Processing /opt/airflow/dags/urban_data_pipeline_dag.py took 0.459 seconds
[2026-06-29T11:49:03.829+0000] {processor.py:186} INFO - Started process (PID=3319) to work on /opt/airflow/dags/urban_data_pipeline_dag.py
[2026-06-29T11:49:03.831+0000] {processor.py:914} INFO - Processing file /opt/airflow/dags/urban_data_pipeline_dag.py for tasks to queue
[2026-06-29T11:49:03.835+0000] {logging_mixin.py:190} INFO - [2026-06-29T11:49:03.834+0000] {dagbag.py:588} INFO - Filling up the DagBag from /opt/airflow/dags/urban_data_pipeline_dag.py
[2026-06-29T11:49:04.062+0000] {processor.py:925} INFO - DAG(s) 'urban_data_pipeline' retrieved from /opt/airflow/dags/urban_data_pipeline_dag.py
[2026-06-29T11:49:04.141+0000] {logging_mixin.py:190} INFO - [2026-06-29T11:49:04.140+0000] {dag.py:3239} INFO - Sync 1 DAGs
[2026-06-29T11:49:04.184+0000] {logging_mixin.py:190} INFO - [2026-06-29T11:49:04.183+0000] {dag.py:4180} INFO - Setting next_dagrun for urban_data_pipeline to 2026-06-01 00:00:00+00:00, run_after=2026-07-01 00:00:00+00:00
[2026-06-29T11:49:04.221+0000] {processor.py:208} INFO - Processing /opt/airflow/dags/urban_data_pipeline_dag.py took 0.400 seconds
[2026-06-29T11:49:35.018+0000] {processor.py:186} INFO - Started process (PID=3330) to work on /opt/airflow/dags/urban_data_pipeline_dag.py
[2026-06-29T11:49:35.019+0000] {processor.py:914} INFO - Processing file /opt/airflow/dags/urban_data_pipeline_dag.py for tasks to queue
[2026-06-29T11:49:35.023+0000] {logging_mixin.py:190} INFO - [2026-06-29T11:49:35.023+0000] {dagbag.py:588} INFO - Filling up the DagBag from /opt/airflow/dags/urban_data_pipeline_dag.py
[2026-06-29T11:49:35.151+0000] {processor.py:925} INFO - DAG(s) 'urban_data_pipeline' retrieved from /opt/airflow/dags/urban_data_pipeline_dag.py
[2026-06-29T11:49:35.213+0000] {logging_mixin.py:190} INFO - [2026-06-29T11:49:35.213+0000] {dag.py:3239} INFO - Sync 1 DAGs
[2026-06-29T11:49:35.253+0000] {logging_mixin.py:190} INFO - [2026-06-29T11:49:35.252+0000] {dag.py:4180} INFO - Setting next_dagrun for urban_data_pipeline to 2026-06-01 00:00:00+00:00, run_after=2026-07-01 00:00:00+00:00
[2026-06-29T11:49:35.288+0000] {processor.py:208} INFO - Processing /opt/airflow/dags/urban_data_pipeline_dag.py took 0.281 seconds
[2026-06-29T11:50:05.357+0000] {processor.py:186} INFO - Started process (PID=3348) to work on /opt/airflow/dags/urban_data_pipeline_dag.py
[2026-06-29T11:50:05.358+0000] {processor.py:914} INFO - Processing file /opt/airflow/dags/urban_data_pipeline_dag.py for tasks to queue
[2026-06-29T11:50:05.362+0000] {logging_mixin.py:190} INFO - [2026-06-29T11:50:05.362+0000] {dagbag.py:588} INFO - Filling up the DagBag from /opt/airflow/dags/urban_data_pipeline_dag.py
[2026-06-29T11:50:05.516+0000] {processor.py:925} INFO - DAG(s) 'urban_data_pipeline' retrieved from /opt/airflow/dags/urban_data_pipeline_dag.py
[2026-06-29T11:50:05.575+0000] {logging_mixin.py:190} INFO - [2026-06-29T11:50:05.575+0000] {dag.py:3239} INFO - Sync 1 DAGs
[2026-06-29T11:50:05.612+0000] {logging_mixin.py:190} INFO - [2026-06-29T11:50:05.611+0000] {dag.py:4180} INFO - Setting next_dagrun for urban_data_pipeline to 2026-06-01 00:00:00+00:00, run_after=2026-07-01 00:00:00+00:00
[2026-06-29T11:50:05.642+0000] {processor.py:208} INFO - Processing /opt/airflow/dags/urban_data_pipeline_dag.py took 0.295 seconds
[2026-06-29T11:50:36.576+0000] {processor.py:186} INFO - Started process (PID=3366) to work on /opt/airflow/dags/urban_data_pipeline_dag.py
[2026-06-29T11:50:36.578+0000] {processor.py:914} INFO - Processing file /opt/airflow/dags/urban_data_pipeline_dag.py for tasks to queue
[2026-06-29T11:50:36.585+0000] {logging_mixin.py:190} INFO - [2026-06-29T11:50:36.584+0000] {dagbag.py:588} INFO - Filling up the DagBag from /opt/airflow/dags/urban_data_pipeline_dag.py
[2026-06-29T11:50:37.193+0000] {processor.py:925} INFO - DAG(s) 'urban_data_pipeline' retrieved from /opt/airflow/dags/urban_data_pipeline_dag.py
[2026-06-29T11:50:37.249+0000] {logging_mixin.py:190} INFO - [2026-06-29T11:50:37.249+0000] {dag.py:3239} INFO - Sync 1 DAGs
[2026-06-29T11:50:37.291+0000] {logging_mixin.py:190} INFO - [2026-06-29T11:50:37.290+0000] {dag.py:4180} INFO - Setting next_dagrun for urban_data_pipeline to 2026-06-01 00:00:00+00:00, run_after=2026-07-01 00:00:00+00:00
[2026-06-29T11:50:37.353+0000] {processor.py:208} INFO - Processing /opt/airflow/dags/urban_data_pipeline_dag.py took 0.792 seconds
[2026-06-29T11:51:08.292+0000] {processor.py:186} INFO - Started process (PID=3384) to work on /opt/airflow/dags/urban_data_pipeline_dag.py
[2026-06-29T11:51:08.296+0000] {processor.py:914} INFO - Processing file /opt/airflow/dags/urban_data_pipeline_dag.py for tasks to queue
[2026-06-29T11:51:08.306+0000] {logging_mixin.py:190} INFO - [2026-06-29T11:51:08.304+0000] {dagbag.py:588} INFO - Filling up the DagBag from /opt/airflow/dags/urban_data_pipeline_dag.py
[2026-06-29T11:51:08.657+0000] {processor.py:925} INFO - DAG(s) 'urban_data_pipeline' retrieved from /opt/airflow/dags/urban_data_pipeline_dag.py
[2026-06-29T11:51:08.748+0000] {logging_mixin.py:190} INFO - [2026-06-29T11:51:08.748+0000] {dag.py:3239} INFO - Sync 1 DAGs
[2026-06-29T11:51:08.869+0000] {logging_mixin.py:190} INFO - [2026-06-29T11:51:08.868+0000] {dag.py:4180} INFO - Setting next_dagrun for urban_data_pipeline to 2026-06-01 00:00:00+00:00, run_after=2026-07-01 00:00:00+00:00
[2026-06-29T11:51:09.010+0000] {processor.py:208} INFO - Processing /opt/airflow/dags/urban_data_pipeline_dag.py took 0.738 seconds
[2026-06-29T11:51:39.405+0000] {processor.py:186} INFO - Started process (PID=3402) to work on /opt/airflow/dags/urban_data_pipeline_dag.py
[2026-06-29T11:51:39.407+0000] {processor.py:914} INFO - Processing file /opt/airflow/dags/urban_data_pipeline_dag.py for tasks to queue
[2026-06-29T11:51:39.411+0000] {logging_mixin.py:190} INFO - [2026-06-29T11:51:39.410+0000] {dagbag.py:588} INFO - Filling up the DagBag from /opt/airflow/dags/urban_data_pipeline_dag.py
[2026-06-29T11:51:39.640+0000] {processor.py:925} INFO - DAG(s) 'urban_data_pipeline' retrieved from /opt/airflow/dags/urban_data_pipeline_dag.py
[2026-06-29T11:51:39.699+0000] {logging_mixin.py:190} INFO - [2026-06-29T11:51:39.699+0000] {dag.py:3239} INFO - Sync 1 DAGs
[2026-06-29T11:51:39.736+0000] {logging_mixin.py:190} INFO - [2026-06-29T11:51:39.736+0000] {dag.py:4180} INFO - Setting next_dagrun for urban_data_pipeline to 2026-06-01 00:00:00+00:00, run_after=2026-07-01 00:00:00+00:00
[2026-06-29T11:51:39.780+0000] {processor.py:208} INFO - Processing /opt/airflow/dags/urban_data_pipeline_dag.py took 0.383 seconds
[2026-06-29T11:52:10.600+0000] {processor.py:186} INFO - Started process (PID=3420) to work on /opt/airflow/dags/urban_data_pipeline_dag.py
[2026-06-29T11:52:10.602+0000] {processor.py:914} INFO - Processing file /opt/airflow/dags/urban_data_pipeline_dag.py for tasks to queue
[2026-06-29T11:52:10.606+0000] {logging_mixin.py:190} INFO - [2026-06-29T11:52:10.605+0000] {dagbag.py:588} INFO - Filling up the DagBag from /opt/airflow/dags/urban_data_pipeline_dag.py
[2026-06-29T11:52:10.866+0000] {processor.py:925} INFO - DAG(s) 'urban_data_pipeline' retrieved from /opt/airflow/dags/urban_data_pipeline_dag.py
[2026-06-29T11:52:10.925+0000] {logging_mixin.py:190} INFO - [2026-06-29T11:52:10.924+0000] {dag.py:3239} INFO - Sync 1 DAGs
[2026-06-29T11:52:10.961+0000] {logging_mixin.py:190} INFO - [2026-06-29T11:52:10.960+0000] {dag.py:4180} INFO - Setting next_dagrun for urban_data_pipeline to 2026-06-01 00:00:00+00:00, run_after=2026-07-01 00:00:00+00:00
[2026-06-29T11:52:10.993+0000] {processor.py:208} INFO - Processing /opt/airflow/dags/urban_data_pipeline_dag.py took 0.401 seconds
[2026-06-29T11:52:41.856+0000] {processor.py:186} INFO - Started process (PID=3437) to work on /opt/airflow/dags/urban_data_pipeline_dag.py
[2026-06-29T11:52:41.861+0000] {processor.py:914} INFO - Processing file /opt/airflow/dags/urban_data_pipeline_dag.py for tasks to queue
[2026-06-29T11:52:41.868+0000] {logging_mixin.py:190} INFO - [2026-06-29T11:52:41.867+0000] {dagbag.py:588} INFO - Filling up the DagBag from /opt/airflow/dags/urban_data_pipeline_dag.py
[2026-06-29T11:52:42.118+0000] {processor.py:925} INFO - DAG(s) 'urban_data_pipeline' retrieved from /opt/airflow/dags/urban_data_pipeline_dag.py
[2026-06-29T11:52:42.191+0000] {logging_mixin.py:190} INFO - [2026-06-29T11:52:42.191+0000] {dag.py:3239} INFO - Sync 1 DAGs
[2026-06-29T11:52:42.244+0000] {logging_mixin.py:190} INFO - [2026-06-29T11:52:42.243+0000] {dag.py:4180} INFO - Setting next_dagrun for urban_data_pipeline to 2026-06-01 00:00:00+00:00, run_after=2026-07-01 00:00:00+00:00
[2026-06-29T11:52:42.288+0000] {processor.py:208} INFO - Processing /opt/airflow/dags/urban_data_pipeline_dag.py took 0.455 seconds
[2026-06-29T11:53:13.162+0000] {processor.py:186} INFO - Started process (PID=3448) to work on /opt/airflow/dags/urban_data_pipeline_dag.py
[2026-06-29T11:53:13.164+0000] {processor.py:914} INFO - Processing file /opt/airflow/dags/urban_data_pipeline_dag.py for tasks to queue
[2026-06-29T11:53:13.169+0000] {logging_mixin.py:190} INFO - [2026-06-29T11:53:13.168+0000] {dagbag.py:588} INFO - Filling up the DagBag from /opt/airflow/dags/urban_data_pipeline_dag.py
[2026-06-29T11:53:13.285+0000] {processor.py:925} INFO - DAG(s) 'urban_data_pipeline' retrieved from /opt/airflow/dags/urban_data_pipeline_dag.py
[2026-06-29T11:53:13.351+0000] {logging_mixin.py:190} INFO - [2026-06-29T11:53:13.351+0000] {dag.py:3239} INFO - Sync 1 DAGs
[2026-06-29T11:53:13.397+0000] {logging_mixin.py:190} INFO - [2026-06-29T11:53:13.396+0000] {dag.py:4180} INFO - Setting next_dagrun for urban_data_pipeline to 2026-06-01 00:00:00+00:00, run_after=2026-07-01 00:00:00+00:00
[2026-06-29T11:53:13.438+0000] {processor.py:208} INFO - Processing /opt/airflow/dags/urban_data_pipeline_dag.py took 0.291 seconds
[2026-06-29T11:53:44.387+0000] {processor.py:186} INFO - Started process (PID=3466) to work on /opt/airflow/dags/urban_data_pipeline_dag.py
[2026-06-29T11:53:44.390+0000] {processor.py:914} INFO - Processing file /opt/airflow/dags/urban_data_pipeline_dag.py for tasks to queue
[2026-06-29T11:53:44.397+0000] {logging_mixin.py:190} INFO - [2026-06-29T11:53:44.396+0000] {dagbag.py:588} INFO - Filling up the DagBag from /opt/airflow/dags/urban_data_pipeline_dag.py
[2026-06-29T11:53:44.762+0000] {processor.py:925} INFO - DAG(s) 'urban_data_pipeline' retrieved from /opt/airflow/dags/urban_data_pipeline_dag.py
[2026-06-29T11:53:44.827+0000] {logging_mixin.py:190} INFO - [2026-06-29T11:53:44.827+0000] {dag.py:3239} INFO - Sync 1 DAGs
[2026-06-29T11:53:44.862+0000] {logging_mixin.py:190} INFO - [2026-06-29T11:53:44.862+0000] {dag.py:4180} INFO - Setting next_dagrun for urban_data_pipeline to 2026-06-01 00:00:00+00:00, run_after=2026-07-01 00:00:00+00:00
[2026-06-29T11:53:44.900+0000] {processor.py:208} INFO - Processing /opt/airflow/dags/urban_data_pipeline_dag.py took 0.545 seconds
[2026-06-29T11:54:15.745+0000] {processor.py:186} INFO - Started process (PID=3484) to work on /opt/airflow/dags/urban_data_pipeline_dag.py
[2026-06-29T11:54:15.747+0000] {processor.py:914} INFO - Processing file /opt/airflow/dags/urban_data_pipeline_dag.py for tasks to queue
[2026-06-29T11:54:15.750+0000] {logging_mixin.py:190} INFO - [2026-06-29T11:54:15.750+0000] {dagbag.py:588} INFO - Filling up the DagBag from /opt/airflow/dags/urban_data_pipeline_dag.py
[2026-06-29T11:54:16.193+0000] {processor.py:925} INFO - DAG(s) 'urban_data_pipeline' retrieved from /opt/airflow/dags/urban_data_pipeline_dag.py
[2026-06-29T11:54:16.292+0000] {logging_mixin.py:190} INFO - [2026-06-29T11:54:16.291+0000] {dag.py:3239} INFO - Sync 1 DAGs
[2026-06-29T11:54:16.338+0000] {logging_mixin.py:190} INFO - [2026-06-29T11:54:16.338+0000] {dag.py:4180} INFO - Setting next_dagrun for urban_data_pipeline to 2026-06-01 00:00:00+00:00, run_after=2026-07-01 00:00:00+00:00
[2026-06-29T11:54:16.374+0000] {processor.py:208} INFO - Processing /opt/airflow/dags/urban_data_pipeline_dag.py took 0.638 seconds
[2026-06-29T11:54:46.686+0000] {processor.py:186} INFO - Started process (PID=3502) to work on /opt/airflow/dags/urban_data_pipeline_dag.py
[2026-06-29T11:54:46.688+0000] {processor.py:914} INFO - Processing file /opt/airflow/dags/urban_data_pipeline_dag.py for tasks to queue
[2026-06-29T11:54:46.697+0000] {logging_mixin.py:190} INFO - [2026-06-29T11:54:46.696+0000] {dagbag.py:588} INFO - Filling up the DagBag from /opt/airflow/dags/urban_data_pipeline_dag.py
[2026-06-29T11:54:47.137+0000] {processor.py:925} INFO - DAG(s) 'urban_data_pipeline' retrieved from /opt/airflow/dags/urban_data_pipeline_dag.py
[2026-06-29T11:54:47.225+0000] {logging_mixin.py:190} INFO - [2026-06-29T11:54:47.224+0000] {dag.py:3239} INFO - Sync 1 DAGs
[2026-06-29T11:54:47.272+0000] {logging_mixin.py:190} INFO - [2026-06-29T11:54:47.272+0000] {dag.py:4180} INFO - Setting next_dagrun for urban_data_pipeline to 2026-06-01 00:00:00+00:00, run_after=2026-07-01 00:00:00+00:00
[2026-06-29T11:54:47.333+0000] {processor.py:208} INFO - Processing /opt/airflow/dags/urban_data_pipeline_dag.py took 0.661 seconds
[2026-06-29T11:55:18.215+0000] {processor.py:186} INFO - Started process (PID=3521) to work on /opt/airflow/dags/urban_data_pipeline_dag.py
[2026-06-29T11:55:18.219+0000] {processor.py:914} INFO - Processing file /opt/airflow/dags/urban_data_pipeline_dag.py for tasks to queue
[2026-06-29T11:55:18.234+0000] {logging_mixin.py:190} INFO - [2026-06-29T11:55:18.232+0000] {dagbag.py:588} INFO - Filling up the DagBag from /opt/airflow/dags/urban_data_pipeline_dag.py
[2026-06-29T11:55:18.634+0000] {processor.py:925} INFO - DAG(s) 'urban_data_pipeline' retrieved from /opt/airflow/dags/urban_data_pipeline_dag.py
[2026-06-29T11:55:18.715+0000] {logging_mixin.py:190} INFO - [2026-06-29T11:55:18.715+0000] {dag.py:3239} INFO - Sync 1 DAGs
[2026-06-29T11:55:18.749+0000] {logging_mixin.py:190} INFO - [2026-06-29T11:55:18.748+0000] {dag.py:4180} INFO - Setting next_dagrun for urban_data_pipeline to 2026-06-01 00:00:00+00:00, run_after=2026-07-01 00:00:00+00:00
[2026-06-29T11:55:18.794+0000] {processor.py:208} INFO - Processing /opt/airflow/dags/urban_data_pipeline_dag.py took 0.595 seconds
[2026-06-29T11:55:49.599+0000] {processor.py:186} INFO - Started process (PID=3539) to work on /opt/airflow/dags/urban_data_pipeline_dag.py
[2026-06-29T11:55:49.601+0000] {processor.py:914} INFO - Processing file /opt/airflow/dags/urban_data_pipeline_dag.py for tasks to queue
[2026-06-29T11:55:49.605+0000] {logging_mixin.py:190} INFO - [2026-06-29T11:55:49.605+0000] {dagbag.py:588} INFO - Filling up the DagBag from /opt/airflow/dags/urban_data_pipeline_dag.py
[2026-06-29T11:55:49.842+0000] {processor.py:925} INFO - DAG(s) 'urban_data_pipeline' retrieved from /opt/airflow/dags/urban_data_pipeline_dag.py
[2026-06-29T11:55:49.904+0000] {logging_mixin.py:190} INFO - [2026-06-29T11:55:49.903+0000] {dag.py:3239} INFO - Sync 1 DAGs
[2026-06-29T11:55:49.940+0000] {logging_mixin.py:190} INFO - [2026-06-29T11:55:49.940+0000] {dag.py:4180} INFO - Setting next_dagrun for urban_data_pipeline to 2026-06-01 00:00:00+00:00, run_after=2026-07-01 00:00:00+00:00
[2026-06-29T11:55:49.980+0000] {processor.py:208} INFO - Processing /opt/airflow/dags/urban_data_pipeline_dag.py took 0.391 seconds
[2026-06-29T11:56:20.775+0000] {processor.py:186} INFO - Started process (PID=3557) to work on /opt/airflow/dags/urban_data_pipeline_dag.py
[2026-06-29T11:56:20.790+0000] {processor.py:914} INFO - Processing file /opt/airflow/dags/urban_data_pipeline_dag.py for tasks to queue
[2026-06-29T11:56:20.797+0000] {logging_mixin.py:190} INFO - [2026-06-29T11:56:20.796+0000] {dagbag.py:588} INFO - Filling up the DagBag from /opt/airflow/dags/urban_data_pipeline_dag.py
[2026-06-29T11:56:20.966+0000] {processor.py:925} INFO - DAG(s) 'urban_data_pipeline' retrieved from /opt/airflow/dags/urban_data_pipeline_dag.py
[2026-06-29T11:56:21.030+0000] {logging_mixin.py:190} INFO - [2026-06-29T11:56:21.029+0000] {dag.py:3239} INFO - Sync 1 DAGs
[2026-06-29T11:56:21.072+0000] {logging_mixin.py:190} INFO - [2026-06-29T11:56:21.071+0000] {dag.py:4180} INFO - Setting next_dagrun for urban_data_pipeline to 2026-06-01 00:00:00+00:00, run_after=2026-07-01 00:00:00+00:00
[2026-06-29T11:56:21.118+0000] {processor.py:208} INFO - Processing /opt/airflow/dags/urban_data_pipeline_dag.py took 0.366 seconds
[2026-06-29T11:56:51.401+0000] {processor.py:186} INFO - Started process (PID=3574) to work on /opt/airflow/dags/urban_data_pipeline_dag.py
[2026-06-29T11:56:51.403+0000] {processor.py:914} INFO - Processing file /opt/airflow/dags/urban_data_pipeline_dag.py for tasks to queue
[2026-06-29T11:56:51.410+0000] {logging_mixin.py:190} INFO - [2026-06-29T11:56:51.409+0000] {dagbag.py:588} INFO - Filling up the DagBag from /opt/airflow/dags/urban_data_pipeline_dag.py
[2026-06-29T11:56:51.547+0000] {processor.py:925} INFO - DAG(s) 'urban_data_pipeline' retrieved from /opt/airflow/dags/urban_data_pipeline_dag.py
[2026-06-29T11:56:51.620+0000] {logging_mixin.py:190} INFO - [2026-06-29T11:56:51.619+0000] {dag.py:3239} INFO - Sync 1 DAGs
[2026-06-29T11:56:51.661+0000] {logging_mixin.py:190} INFO - [2026-06-29T11:56:51.660+0000] {dag.py:4180} INFO - Setting next_dagrun for urban_data_pipeline to 2026-06-01 00:00:00+00:00, run_after=2026-07-01 00:00:00+00:00
[2026-06-29T11:56:51.700+0000] {processor.py:208} INFO - Processing /opt/airflow/dags/urban_data_pipeline_dag.py took 0.313 seconds
[2026-06-29T11:57:21.963+0000] {processor.py:186} INFO - Started process (PID=3585) to work on /opt/airflow/dags/urban_data_pipeline_dag.py
[2026-06-29T11:57:21.968+0000] {processor.py:914} INFO - Processing file /opt/airflow/dags/urban_data_pipeline_dag.py for tasks to queue
[2026-06-29T11:57:21.979+0000] {logging_mixin.py:190} INFO - [2026-06-29T11:57:21.978+0000] {dagbag.py:588} INFO - Filling up the DagBag from /opt/airflow/dags/urban_data_pipeline_dag.py
[2026-06-29T11:57:22.488+0000] {processor.py:925} INFO - DAG(s) 'urban_data_pipeline' retrieved from /opt/airflow/dags/urban_data_pipeline_dag.py
[2026-06-29T11:57:22.578+0000] {logging_mixin.py:190} INFO - [2026-06-29T11:57:22.577+0000] {dag.py:3239} INFO - Sync 1 DAGs
[2026-06-29T11:57:22.611+0000] {logging_mixin.py:190} INFO - [2026-06-29T11:57:22.611+0000] {dag.py:4180} INFO - Setting next_dagrun for urban_data_pipeline to 2026-06-01 00:00:00+00:00, run_after=2026-07-01 00:00:00+00:00
[2026-06-29T11:57:22.653+0000] {processor.py:208} INFO - Processing /opt/airflow/dags/urban_data_pipeline_dag.py took 0.707 seconds
[2026-06-29T11:57:53.076+0000] {processor.py:186} INFO - Started process (PID=3603) to work on /opt/airflow/dags/urban_data_pipeline_dag.py
[2026-06-29T11:57:53.078+0000] {processor.py:914} INFO - Processing file /opt/airflow/dags/urban_data_pipeline_dag.py for tasks to queue
[2026-06-29T11:57:53.082+0000] {logging_mixin.py:190} INFO - [2026-06-29T11:57:53.081+0000] {dagbag.py:588} INFO - Filling up the DagBag from /opt/airflow/dags/urban_data_pipeline_dag.py
[2026-06-29T11:57:53.661+0000] {processor.py:925} INFO - DAG(s) 'urban_data_pipeline' retrieved from /opt/airflow/dags/urban_data_pipeline_dag.py
[2026-06-29T11:57:53.735+0000] {logging_mixin.py:190} INFO - [2026-06-29T11:57:53.735+0000] {dag.py:3239} INFO - Sync 1 DAGs
[2026-06-29T11:57:53.765+0000] {logging_mixin.py:190} INFO - [2026-06-29T11:57:53.765+0000] {dag.py:4180} INFO - Setting next_dagrun for urban_data_pipeline to 2026-06-01 00:00:00+00:00, run_after=2026-07-01 00:00:00+00:00
[2026-06-29T11:57:53.794+0000] {processor.py:208} INFO - Processing /opt/airflow/dags/urban_data_pipeline_dag.py took 0.731 seconds
[2026-06-29T11:58:24.051+0000] {processor.py:186} INFO - Started process (PID=3622) to work on /opt/airflow/dags/urban_data_pipeline_dag.py
[2026-06-29T11:58:24.054+0000] {processor.py:914} INFO - Processing file /opt/airflow/dags/urban_data_pipeline_dag.py for tasks to queue
[2026-06-29T11:58:24.063+0000] {logging_mixin.py:190} INFO - [2026-06-29T11:58:24.062+0000] {dagbag.py:588} INFO - Filling up the DagBag from /opt/airflow/dags/urban_data_pipeline_dag.py
[2026-06-29T11:58:24.771+0000] {processor.py:925} INFO - DAG(s) 'urban_data_pipeline' retrieved from /opt/airflow/dags/urban_data_pipeline_dag.py
[2026-06-29T11:58:24.832+0000] {logging_mixin.py:190} INFO - [2026-06-29T11:58:24.832+0000] {dag.py:3239} INFO - Sync 1 DAGs
[2026-06-29T11:58:24.873+0000] {logging_mixin.py:190} INFO - [2026-06-29T11:58:24.872+0000] {dag.py:4180} INFO - Setting next_dagrun for urban_data_pipeline to 2026-06-01 00:00:00+00:00, run_after=2026-07-01 00:00:00+00:00
[2026-06-29T11:58:24.931+0000] {processor.py:208} INFO - Processing /opt/airflow/dags/urban_data_pipeline_dag.py took 0.906 seconds
[2026-06-29T11:58:55.216+0000] {processor.py:186} INFO - Started process (PID=3640) to work on /opt/airflow/dags/urban_data_pipeline_dag.py
[2026-06-29T11:58:55.218+0000] {processor.py:914} INFO - Processing file /opt/airflow/dags/urban_data_pipeline_dag.py for tasks to queue
[2026-06-29T11:58:55.223+0000] {logging_mixin.py:190} INFO - [2026-06-29T11:58:55.222+0000] {dagbag.py:588} INFO - Filling up the DagBag from /opt/airflow/dags/urban_data_pipeline_dag.py
[2026-06-29T11:58:55.686+0000] {processor.py:925} INFO - DAG(s) 'urban_data_pipeline' retrieved from /opt/airflow/dags/urban_data_pipeline_dag.py
[2026-06-29T11:58:55.788+0000] {logging_mixin.py:190} INFO - [2026-06-29T11:58:55.787+0000] {dag.py:3239} INFO - Sync 1 DAGs
[2026-06-29T11:58:55.825+0000] {logging_mixin.py:190} INFO - [2026-06-29T11:58:55.825+0000] {dag.py:4180} INFO - Setting next_dagrun for urban_data_pipeline to 2026-06-01 00:00:00+00:00, run_after=2026-07-01 00:00:00+00:00
[2026-06-29T11:58:55.889+0000] {processor.py:208} INFO - Processing /opt/airflow/dags/urban_data_pipeline_dag.py took 0.684 seconds
[2026-06-29T11:59:26.314+0000] {processor.py:186} INFO - Started process (PID=3658) to work on /opt/airflow/dags/urban_data_pipeline_dag.py
[2026-06-29T11:59:26.317+0000] {processor.py:914} INFO - Processing file /opt/airflow/dags/urban_data_pipeline_dag.py for tasks to queue
[2026-06-29T11:59:26.324+0000] {logging_mixin.py:190} INFO - [2026-06-29T11:59:26.323+0000] {dagbag.py:588} INFO - Filling up the DagBag from /opt/airflow/dags/urban_data_pipeline_dag.py
[2026-06-29T11:59:26.984+0000] {processor.py:925} INFO - DAG(s) 'urban_data_pipeline' retrieved from /opt/airflow/dags/urban_data_pipeline_dag.py
[2026-06-29T11:59:27.049+0000] {logging_mixin.py:190} INFO - [2026-06-29T11:59:27.049+0000] {dag.py:3239} INFO - Sync 1 DAGs
[2026-06-29T11:59:27.088+0000] {logging_mixin.py:190} INFO - [2026-06-29T11:59:27.087+0000] {dag.py:4180} INFO - Setting next_dagrun for urban_data_pipeline to 2026-06-01 00:00:00+00:00, run_after=2026-07-01 00:00:00+00:00
[2026-06-29T11:59:27.141+0000] {processor.py:208} INFO - Processing /opt/airflow/dags/urban_data_pipeline_dag.py took 0.843 seconds
[2026-06-29T11:59:57.289+0000] {processor.py:186} INFO - Started process (PID=3675) to work on /opt/airflow/dags/urban_data_pipeline_dag.py
[2026-06-29T11:59:57.292+0000] {processor.py:914} INFO - Processing file /opt/airflow/dags/urban_data_pipeline_dag.py for tasks to queue
[2026-06-29T11:59:57.297+0000] {logging_mixin.py:190} INFO - [2026-06-29T11:59:57.297+0000] {dagbag.py:588} INFO - Filling up the DagBag from /opt/airflow/dags/urban_data_pipeline_dag.py
[2026-06-29T11:59:57.687+0000] {processor.py:925} INFO - DAG(s) 'urban_data_pipeline' retrieved from /opt/airflow/dags/urban_data_pipeline_dag.py
[2026-06-29T11:59:57.755+0000] {logging_mixin.py:190} INFO - [2026-06-29T11:59:57.755+0000] {dag.py:3239} INFO - Sync 1 DAGs
[2026-06-29T11:59:57.795+0000] {logging_mixin.py:190} INFO - [2026-06-29T11:59:57.794+0000] {dag.py:4180} INFO - Setting next_dagrun for urban_data_pipeline to 2026-06-01 00:00:00+00:00, run_after=2026-07-01 00:00:00+00:00
[2026-06-29T11:59:57.832+0000] {processor.py:208} INFO - Processing /opt/airflow/dags/urban_data_pipeline_dag.py took 0.555 seconds
[2026-06-29T12:00:28.533+0000] {processor.py:186} INFO - Started process (PID=3686) to work on /opt/airflow/dags/urban_data_pipeline_dag.py
[2026-06-29T12:00:28.539+0000] {processor.py:914} INFO - Processing file /opt/airflow/dags/urban_data_pipeline_dag.py for tasks to queue
[2026-06-29T12:00:28.557+0000] {logging_mixin.py:190} INFO - [2026-06-29T12:00:28.554+0000] {dagbag.py:588} INFO - Filling up the DagBag from /opt/airflow/dags/urban_data_pipeline_dag.py
[2026-06-29T12:00:29.040+0000] {processor.py:925} INFO - DAG(s) 'urban_data_pipeline' retrieved from /opt/airflow/dags/urban_data_pipeline_dag.py
[2026-06-29T12:00:29.110+0000] {logging_mixin.py:190} INFO - [2026-06-29T12:00:29.109+0000] {dag.py:3239} INFO - Sync 1 DAGs
[2026-06-29T12:00:29.149+0000] {logging_mixin.py:190} INFO - [2026-06-29T12:00:29.148+0000] {dag.py:4180} INFO - Setting next_dagrun for urban_data_pipeline to 2026-06-01 00:00:00+00:00, run_after=2026-07-01 00:00:00+00:00
[2026-06-29T12:00:29.191+0000] {processor.py:208} INFO - Processing /opt/airflow/dags/urban_data_pipeline_dag.py took 0.682 seconds
[2026-06-29T12:00:59.461+0000] {processor.py:186} INFO - Started process (PID=3704) to work on /opt/airflow/dags/urban_data_pipeline_dag.py
[2026-06-29T12:00:59.467+0000] {processor.py:914} INFO - Processing file /opt/airflow/dags/urban_data_pipeline_dag.py for tasks to queue
[2026-06-29T12:00:59.475+0000] {logging_mixin.py:190} INFO - [2026-06-29T12:00:59.473+0000] {dagbag.py:588} INFO - Filling up the DagBag from /opt/airflow/dags/urban_data_pipeline_dag.py
[2026-06-29T12:01:00.245+0000] {processor.py:925} INFO - DAG(s) 'urban_data_pipeline' retrieved from /opt/airflow/dags/urban_data_pipeline_dag.py
[2026-06-29T12:01:00.352+0000] {logging_mixin.py:190} INFO - [2026-06-29T12:01:00.352+0000] {dag.py:3239} INFO - Sync 1 DAGs
[2026-06-29T12:01:00.383+0000] {logging_mixin.py:190} INFO - [2026-06-29T12:01:00.383+0000] {dag.py:4180} INFO - Setting next_dagrun for urban_data_pipeline to 2026-06-01 00:00:00+00:00, run_after=2026-07-01 00:00:00+00:00
[2026-06-29T12:01:00.438+0000] {processor.py:208} INFO - Processing /opt/airflow/dags/urban_data_pipeline_dag.py took 0.997 seconds
[2026-06-29T12:01:31.082+0000] {processor.py:186} INFO - Started process (PID=3722) to work on /opt/airflow/dags/urban_data_pipeline_dag.py
[2026-06-29T12:01:31.084+0000] {processor.py:914} INFO - Processing file /opt/airflow/dags/urban_data_pipeline_dag.py for tasks to queue
[2026-06-29T12:01:31.088+0000] {logging_mixin.py:190} INFO - [2026-06-29T12:01:31.088+0000] {dagbag.py:588} INFO - Filling up the DagBag from /opt/airflow/dags/urban_data_pipeline_dag.py
[2026-06-29T12:01:31.608+0000] {processor.py:925} INFO - DAG(s) 'urban_data_pipeline' retrieved from /opt/airflow/dags/urban_data_pipeline_dag.py
[2026-06-29T12:01:31.676+0000] {logging_mixin.py:190} INFO - [2026-06-29T12:01:31.676+0000] {dag.py:3239} INFO - Sync 1 DAGs
[2026-06-29T12:01:31.714+0000] {logging_mixin.py:190} INFO - [2026-06-29T12:01:31.713+0000] {dag.py:4180} INFO - Setting next_dagrun for urban_data_pipeline to 2026-06-01 00:00:00+00:00, run_after=2026-07-01 00:00:00+00:00
[2026-06-29T12:01:31.778+0000] {processor.py:208} INFO - Processing /opt/airflow/dags/urban_data_pipeline_dag.py took 0.707 seconds
[2026-06-29T12:02:01.988+0000] {processor.py:186} INFO - Started process (PID=3740) to work on /opt/airflow/dags/urban_data_pipeline_dag.py
[2026-06-29T12:02:01.990+0000] {processor.py:914} INFO - Processing file /opt/airflow/dags/urban_data_pipeline_dag.py for tasks to queue
[2026-06-29T12:02:01.997+0000] {logging_mixin.py:190} INFO - [2026-06-29T12:02:01.996+0000] {dagbag.py:588} INFO - Filling up the DagBag from /opt/airflow/dags/urban_data_pipeline_dag.py
[2026-06-29T12:02:02.690+0000] {processor.py:925} INFO - DAG(s) 'urban_data_pipeline' retrieved from /opt/airflow/dags/urban_data_pipeline_dag.py
[2026-06-29T12:02:02.761+0000] {logging_mixin.py:190} INFO - [2026-06-29T12:02:02.761+0000] {dag.py:3239} INFO - Sync 1 DAGs
[2026-06-29T12:02:02.795+0000] {logging_mixin.py:190} INFO - [2026-06-29T12:02:02.795+0000] {dag.py:4180} INFO - Setting next_dagrun for urban_data_pipeline to 2026-06-01 00:00:00+00:00, run_after=2026-07-01 00:00:00+00:00
[2026-06-29T12:02:02.838+0000] {processor.py:208} INFO - Processing /opt/airflow/dags/urban_data_pipeline_dag.py took 0.865 seconds
[2026-06-29T12:02:33.373+0000] {processor.py:186} INFO - Started process (PID=3758) to work on /opt/airflow/dags/urban_data_pipeline_dag.py
[2026-06-29T12:02:33.376+0000] {processor.py:914} INFO - Processing file /opt/airflow/dags/urban_data_pipeline_dag.py for tasks to queue
[2026-06-29T12:02:33.388+0000] {logging_mixin.py:190} INFO - [2026-06-29T12:02:33.387+0000] {dagbag.py:588} INFO - Filling up the DagBag from /opt/airflow/dags/urban_data_pipeline_dag.py
[2026-06-29T12:02:33.840+0000] {processor.py:925} INFO - DAG(s) 'urban_data_pipeline' retrieved from /opt/airflow/dags/urban_data_pipeline_dag.py
[2026-06-29T12:02:33.909+0000] {logging_mixin.py:190} INFO - [2026-06-29T12:02:33.908+0000] {dag.py:3239} INFO - Sync 1 DAGs
[2026-06-29T12:02:33.951+0000] {logging_mixin.py:190} INFO - [2026-06-29T12:02:33.951+0000] {dag.py:4180} INFO - Setting next_dagrun for urban_data_pipeline to 2026-06-01 00:00:00+00:00, run_after=2026-07-01 00:00:00+00:00
[2026-06-29T12:02:34.009+0000] {processor.py:208} INFO - Processing /opt/airflow/dags/urban_data_pipeline_dag.py took 0.666 seconds
[2026-06-29T12:03:04.125+0000] {processor.py:186} INFO - Started process (PID=3775) to work on /opt/airflow/dags/urban_data_pipeline_dag.py
[2026-06-29T12:03:04.126+0000] {processor.py:914} INFO - Processing file /opt/airflow/dags/urban_data_pipeline_dag.py for tasks to queue
[2026-06-29T12:03:04.131+0000] {logging_mixin.py:190} INFO - [2026-06-29T12:03:04.130+0000] {dagbag.py:588} INFO - Filling up the DagBag from /opt/airflow/dags/urban_data_pipeline_dag.py
[2026-06-29T12:03:04.352+0000] {processor.py:925} INFO - DAG(s) 'urban_data_pipeline' retrieved from /opt/airflow/dags/urban_data_pipeline_dag.py
[2026-06-29T12:03:04.411+0000] {logging_mixin.py:190} INFO - [2026-06-29T12:03:04.411+0000] {dag.py:3239} INFO - Sync 1 DAGs
[2026-06-29T12:03:04.445+0000] {logging_mixin.py:190} INFO - [2026-06-29T12:03:04.444+0000] {dag.py:4180} INFO - Setting next_dagrun for urban_data_pipeline to 2026-06-01 00:00:00+00:00, run_after=2026-07-01 00:00:00+00:00
[2026-06-29T12:03:04.476+0000] {processor.py:208} INFO - Processing /opt/airflow/dags/urban_data_pipeline_dag.py took 0.360 seconds
[2026-06-29T12:03:35.309+0000] {processor.py:186} INFO - Started process (PID=3786) to work on /opt/airflow/dags/urban_data_pipeline_dag.py
[2026-06-29T12:03:35.311+0000] {processor.py:914} INFO - Processing file /opt/airflow/dags/urban_data_pipeline_dag.py for tasks to queue
[2026-06-29T12:03:35.314+0000] {logging_mixin.py:190} INFO - [2026-06-29T12:03:35.314+0000] {dagbag.py:588} INFO - Filling up the DagBag from /opt/airflow/dags/urban_data_pipeline_dag.py
[2026-06-29T12:03:35.456+0000] {processor.py:925} INFO - DAG(s) 'urban_data_pipeline' retrieved from /opt/airflow/dags/urban_data_pipeline_dag.py
[2026-06-29T12:03:35.528+0000] {logging_mixin.py:190} INFO - [2026-06-29T12:03:35.527+0000] {dag.py:3239} INFO - Sync 1 DAGs
[2026-06-29T12:03:35.565+0000] {logging_mixin.py:190} INFO - [2026-06-29T12:03:35.565+0000] {dag.py:4180} INFO - Setting next_dagrun for urban_data_pipeline to 2026-06-01 00:00:00+00:00, run_after=2026-07-01 00:00:00+00:00
[2026-06-29T12:03:35.597+0000] {processor.py:208} INFO - Processing /opt/airflow/dags/urban_data_pipeline_dag.py took 0.297 seconds
[2026-06-29T12:04:06.360+0000] {processor.py:186} INFO - Started process (PID=3804) to work on /opt/airflow/dags/urban_data_pipeline_dag.py
[2026-06-29T12:04:06.362+0000] {processor.py:914} INFO - Processing file /opt/airflow/dags/urban_data_pipeline_dag.py for tasks to queue
[2026-06-29T12:04:06.367+0000] {logging_mixin.py:190} INFO - [2026-06-29T12:04:06.367+0000] {dagbag.py:588} INFO - Filling up the DagBag from /opt/airflow/dags/urban_data_pipeline_dag.py
[2026-06-29T12:04:06.814+0000] {processor.py:925} INFO - DAG(s) 'urban_data_pipeline' retrieved from /opt/airflow/dags/urban_data_pipeline_dag.py
[2026-06-29T12:04:06.921+0000] {logging_mixin.py:190} INFO - [2026-06-29T12:04:06.920+0000] {dag.py:3239} INFO - Sync 1 DAGs
[2026-06-29T12:04:06.955+0000] {logging_mixin.py:190} INFO - [2026-06-29T12:04:06.955+0000] {dag.py:4180} INFO - Setting next_dagrun for urban_data_pipeline to 2026-06-01 00:00:00+00:00, run_after=2026-07-01 00:00:00+00:00
[2026-06-29T12:04:07.014+0000] {processor.py:208} INFO - Processing /opt/airflow/dags/urban_data_pipeline_dag.py took 0.667 seconds
[2026-06-29T12:04:37.874+0000] {processor.py:186} INFO - Started process (PID=3822) to work on /opt/airflow/dags/urban_data_pipeline_dag.py
[2026-06-29T12:04:37.876+0000] {processor.py:914} INFO - Processing file /opt/airflow/dags/urban_data_pipeline_dag.py for tasks to queue
[2026-06-29T12:04:37.880+0000] {logging_mixin.py:190} INFO - [2026-06-29T12:04:37.880+0000] {dagbag.py:588} INFO - Filling up the DagBag from /opt/airflow/dags/urban_data_pipeline_dag.py
[2026-06-29T12:04:38.184+0000] {processor.py:925} INFO - DAG(s) 'urban_data_pipeline' retrieved from /opt/airflow/dags/urban_data_pipeline_dag.py
[2026-06-29T12:04:38.302+0000] {logging_mixin.py:190} INFO - [2026-06-29T12:04:38.302+0000] {dag.py:3239} INFO - Sync 1 DAGs
[2026-06-29T12:04:38.356+0000] {logging_mixin.py:190} INFO - [2026-06-29T12:04:38.355+0000] {dag.py:4180} INFO - Setting next_dagrun for urban_data_pipeline to 2026-06-01 00:00:00+00:00, run_after=2026-07-01 00:00:00+00:00
[2026-06-29T12:04:38.402+0000] {processor.py:208} INFO - Processing /opt/airflow/dags/urban_data_pipeline_dag.py took 0.538 seconds
[2026-06-29T12:05:09.234+0000] {processor.py:186} INFO - Started process (PID=3840) to work on /opt/airflow/dags/urban_data_pipeline_dag.py
[2026-06-29T12:05:09.238+0000] {processor.py:914} INFO - Processing file /opt/airflow/dags/urban_data_pipeline_dag.py for tasks to queue
[2026-06-29T12:05:09.247+0000] {logging_mixin.py:190} INFO - [2026-06-29T12:05:09.247+0000] {dagbag.py:588} INFO - Filling up the DagBag from /opt/airflow/dags/urban_data_pipeline_dag.py
[2026-06-29T12:05:09.623+0000] {processor.py:925} INFO - DAG(s) 'urban_data_pipeline' retrieved from /opt/airflow/dags/urban_data_pipeline_dag.py
[2026-06-29T12:05:09.694+0000] {logging_mixin.py:190} INFO - [2026-06-29T12:05:09.694+0000] {dag.py:3239} INFO - Sync 1 DAGs
[2026-06-29T12:05:09.733+0000] {logging_mixin.py:190} INFO - [2026-06-29T12:05:09.733+0000] {dag.py:4180} INFO - Setting next_dagrun for urban_data_pipeline to 2026-06-01 00:00:00+00:00, run_after=2026-07-01 00:00:00+00:00
[2026-06-29T12:05:09.772+0000] {processor.py:208} INFO - Processing /opt/airflow/dags/urban_data_pipeline_dag.py took 0.560 seconds
[2026-06-29T12:05:40.576+0000] {processor.py:186} INFO - Started process (PID=3858) to work on /opt/airflow/dags/urban_data_pipeline_dag.py
[2026-06-29T12:05:40.578+0000] {processor.py:914} INFO - Processing file /opt/airflow/dags/urban_data_pipeline_dag.py for tasks to queue
[2026-06-29T12:05:40.583+0000] {logging_mixin.py:190} INFO - [2026-06-29T12:05:40.582+0000] {dagbag.py:588} INFO - Filling up the DagBag from /opt/airflow/dags/urban_data_pipeline_dag.py
[2026-06-29T12:05:40.891+0000] {processor.py:925} INFO - DAG(s) 'urban_data_pipeline' retrieved from /opt/airflow/dags/urban_data_pipeline_dag.py
[2026-06-29T12:05:40.957+0000] {logging_mixin.py:190} INFO - [2026-06-29T12:05:40.957+0000] {dag.py:3239} INFO - Sync 1 DAGs
[2026-06-29T12:05:40.991+0000] {logging_mixin.py:190} INFO - [2026-06-29T12:05:40.990+0000] {dag.py:4180} INFO - Setting next_dagrun for urban_data_pipeline to 2026-06-01 00:00:00+00:00, run_after=2026-07-01 00:00:00+00:00
[2026-06-29T12:05:41.026+0000] {processor.py:208} INFO - Processing /opt/airflow/dags/urban_data_pipeline_dag.py took 0.462 seconds
[2026-06-29T12:06:11.331+0000] {processor.py:186} INFO - Started process (PID=3876) to work on /opt/airflow/dags/urban_data_pipeline_dag.py
[2026-06-29T12:06:11.335+0000] {processor.py:914} INFO - Processing file /opt/airflow/dags/urban_data_pipeline_dag.py for tasks to queue
[2026-06-29T12:06:11.341+0000] {logging_mixin.py:190} INFO - [2026-06-29T12:06:11.340+0000] {dagbag.py:588} INFO - Filling up the DagBag from /opt/airflow/dags/urban_data_pipeline_dag.py
[2026-06-29T12:06:11.900+0000] {processor.py:925} INFO - DAG(s) 'urban_data_pipeline' retrieved from /opt/airflow/dags/urban_data_pipeline_dag.py
[2026-06-29T12:06:11.956+0000] {logging_mixin.py:190} INFO - [2026-06-29T12:06:11.956+0000] {dag.py:3239} INFO - Sync 1 DAGs
[2026-06-29T12:06:11.983+0000] {logging_mixin.py:190} INFO - [2026-06-29T12:06:11.983+0000] {dag.py:4180} INFO - Setting next_dagrun for urban_data_pipeline to 2026-06-01 00:00:00+00:00, run_after=2026-07-01 00:00:00+00:00
[2026-06-29T12:06:12.011+0000] {processor.py:208} INFO - Processing /opt/airflow/dags/urban_data_pipeline_dag.py took 0.697 seconds
[2026-06-29T12:06:42.296+0000] {processor.py:186} INFO - Started process (PID=3893) to work on /opt/airflow/dags/urban_data_pipeline_dag.py
[2026-06-29T12:06:42.299+0000] {processor.py:914} INFO - Processing file /opt/airflow/dags/urban_data_pipeline_dag.py for tasks to queue
[2026-06-29T12:06:42.305+0000] {logging_mixin.py:190} INFO - [2026-06-29T12:06:42.304+0000] {dagbag.py:588} INFO - Filling up the DagBag from /opt/airflow/dags/urban_data_pipeline_dag.py
[2026-06-29T12:06:42.709+0000] {processor.py:925} INFO - DAG(s) 'urban_data_pipeline' retrieved from /opt/airflow/dags/urban_data_pipeline_dag.py
[2026-06-29T12:06:42.774+0000] {logging_mixin.py:190} INFO - [2026-06-29T12:06:42.774+0000] {dag.py:3239} INFO - Sync 1 DAGs
[2026-06-29T12:06:42.808+0000] {logging_mixin.py:190} INFO - [2026-06-29T12:06:42.808+0000] {dag.py:4180} INFO - Setting next_dagrun for urban_data_pipeline to 2026-06-01 00:00:00+00:00, run_after=2026-07-01 00:00:00+00:00
[2026-06-29T12:06:42.843+0000] {processor.py:208} INFO - Processing /opt/airflow/dags/urban_data_pipeline_dag.py took 0.556 seconds
[2026-06-29T12:07:13.403+0000] {processor.py:186} INFO - Started process (PID=3904) to work on /opt/airflow/dags/urban_data_pipeline_dag.py
[2026-06-29T12:07:13.405+0000] {processor.py:914} INFO - Processing file /opt/airflow/dags/urban_data_pipeline_dag.py for tasks to queue
[2026-06-29T12:07:13.408+0000] {logging_mixin.py:190} INFO - [2026-06-29T12:07:13.408+0000] {dagbag.py:588} INFO - Filling up the DagBag from /opt/airflow/dags/urban_data_pipeline_dag.py
[2026-06-29T12:07:13.572+0000] {processor.py:925} INFO - DAG(s) 'urban_data_pipeline' retrieved from /opt/airflow/dags/urban_data_pipeline_dag.py
[2026-06-29T12:07:13.642+0000] {logging_mixin.py:190} INFO - [2026-06-29T12:07:13.642+0000] {dag.py:3239} INFO - Sync 1 DAGs
[2026-06-29T12:07:13.682+0000] {logging_mixin.py:190} INFO - [2026-06-29T12:07:13.682+0000] {dag.py:4180} INFO - Setting next_dagrun for urban_data_pipeline to 2026-06-01 00:00:00+00:00, run_after=2026-07-01 00:00:00+00:00
[2026-06-29T12:07:13.717+0000] {processor.py:208} INFO - Processing /opt/airflow/dags/urban_data_pipeline_dag.py took 0.322 seconds
[2026-06-29T12:07:43.878+0000] {processor.py:186} INFO - Started process (PID=3922) to work on /opt/airflow/dags/urban_data_pipeline_dag.py
[2026-06-29T12:07:43.881+0000] {processor.py:914} INFO - Processing file /opt/airflow/dags/urban_data_pipeline_dag.py for tasks to queue
[2026-06-29T12:07:43.885+0000] {logging_mixin.py:190} INFO - [2026-06-29T12:07:43.884+0000] {dagbag.py:588} INFO - Filling up the DagBag from /opt/airflow/dags/urban_data_pipeline_dag.py
[2026-06-29T12:07:44.026+0000] {processor.py:925} INFO - DAG(s) 'urban_data_pipeline' retrieved from /opt/airflow/dags/urban_data_pipeline_dag.py
[2026-06-29T12:07:44.081+0000] {logging_mixin.py:190} INFO - [2026-06-29T12:07:44.081+0000] {dag.py:3239} INFO - Sync 1 DAGs
[2026-06-29T12:07:44.110+0000] {logging_mixin.py:190} INFO - [2026-06-29T12:07:44.110+0000] {dag.py:4180} INFO - Setting next_dagrun for urban_data_pipeline to 2026-06-01 00:00:00+00:00, run_after=2026-07-01 00:00:00+00:00
[2026-06-29T12:07:44.144+0000] {processor.py:208} INFO - Processing /opt/airflow/dags/urban_data_pipeline_dag.py took 0.278 seconds
[2026-06-29T12:08:14.356+0000] {processor.py:186} INFO - Started process (PID=3940) to work on /opt/airflow/dags/urban_data_pipeline_dag.py
[2026-06-29T12:08:14.358+0000] {processor.py:914} INFO - Processing file /opt/airflow/dags/urban_data_pipeline_dag.py for tasks to queue
[2026-06-29T12:08:14.362+0000] {logging_mixin.py:190} INFO - [2026-06-29T12:08:14.361+0000] {dagbag.py:588} INFO - Filling up the DagBag from /opt/airflow/dags/urban_data_pipeline_dag.py
[2026-06-29T12:08:14.632+0000] {processor.py:925} INFO - DAG(s) 'urban_data_pipeline' retrieved from /opt/airflow/dags/urban_data_pipeline_dag.py
[2026-06-29T12:08:14.692+0000] {logging_mixin.py:190} INFO - [2026-06-29T12:08:14.691+0000] {dag.py:3239} INFO - Sync 1 DAGs
[2026-06-29T12:08:14.725+0000] {logging_mixin.py:190} INFO - [2026-06-29T12:08:14.725+0000] {dag.py:4180} INFO - Setting next_dagrun for urban_data_pipeline to 2026-06-01 00:00:00+00:00, run_after=2026-07-01 00:00:00+00:00
[2026-06-29T12:08:14.756+0000] {processor.py:208} INFO - Processing /opt/airflow/dags/urban_data_pipeline_dag.py took 0.408 seconds
[2026-06-29T12:08:44.881+0000] {processor.py:186} INFO - Started process (PID=3958) to work on /opt/airflow/dags/urban_data_pipeline_dag.py
[2026-06-29T12:08:44.884+0000] {processor.py:914} INFO - Processing file /opt/airflow/dags/urban_data_pipeline_dag.py for tasks to queue
[2026-06-29T12:08:44.888+0000] {logging_mixin.py:190} INFO - [2026-06-29T12:08:44.887+0000] {dagbag.py:588} INFO - Filling up the DagBag from /opt/airflow/dags/urban_data_pipeline_dag.py
[2026-06-29T12:08:45.152+0000] {processor.py:925} INFO - DAG(s) 'urban_data_pipeline' retrieved from /opt/airflow/dags/urban_data_pipeline_dag.py
[2026-06-29T12:08:45.219+0000] {logging_mixin.py:190} INFO - [2026-06-29T12:08:45.219+0000] {dag.py:3239} INFO - Sync 1 DAGs
[2026-06-29T12:08:45.253+0000] {logging_mixin.py:190} INFO - [2026-06-29T12:08:45.253+0000] {dag.py:4180} INFO - Setting next_dagrun for urban_data_pipeline to 2026-06-01 00:00:00+00:00, run_after=2026-07-01 00:00:00+00:00
[2026-06-29T12:08:45.286+0000] {processor.py:208} INFO - Processing /opt/airflow/dags/urban_data_pipeline_dag.py took 0.415 seconds
[2026-06-29T12:09:15.646+0000] {processor.py:186} INFO - Started process (PID=3976) to work on /opt/airflow/dags/urban_data_pipeline_dag.py
[2026-06-29T12:09:15.647+0000] {processor.py:914} INFO - Processing file /opt/airflow/dags/urban_data_pipeline_dag.py for tasks to queue
[2026-06-29T12:09:15.650+0000] {logging_mixin.py:190} INFO - [2026-06-29T12:09:15.650+0000] {dagbag.py:588} INFO - Filling up the DagBag from /opt/airflow/dags/urban_data_pipeline_dag.py
[2026-06-29T12:09:15.826+0000] {processor.py:925} INFO - DAG(s) 'urban_data_pipeline' retrieved from /opt/airflow/dags/urban_data_pipeline_dag.py
[2026-06-29T12:09:15.888+0000] {logging_mixin.py:190} INFO - [2026-06-29T12:09:15.887+0000] {dag.py:3239} INFO - Sync 1 DAGs
[2026-06-29T12:09:15.924+0000] {logging_mixin.py:190} INFO - [2026-06-29T12:09:15.923+0000] {dag.py:4180} INFO - Setting next_dagrun for urban_data_pipeline to 2026-06-01 00:00:00+00:00, run_after=2026-07-01 00:00:00+00:00
[2026-06-29T12:09:15.957+0000] {processor.py:208} INFO - Processing /opt/airflow/dags/urban_data_pipeline_dag.py took 0.318 seconds
[2026-06-29T12:09:46.509+0000] {processor.py:186} INFO - Started process (PID=3994) to work on /opt/airflow/dags/urban_data_pipeline_dag.py
[2026-06-29T12:09:46.512+0000] {processor.py:914} INFO - Processing file /opt/airflow/dags/urban_data_pipeline_dag.py for tasks to queue
[2026-06-29T12:09:46.518+0000] {logging_mixin.py:190} INFO - [2026-06-29T12:09:46.518+0000] {dagbag.py:588} INFO - Filling up the DagBag from /opt/airflow/dags/urban_data_pipeline_dag.py
[2026-06-29T12:09:47.110+0000] {processor.py:925} INFO - DAG(s) 'urban_data_pipeline' retrieved from /opt/airflow/dags/urban_data_pipeline_dag.py
[2026-06-29T12:09:47.264+0000] {logging_mixin.py:190} INFO - [2026-06-29T12:09:47.263+0000] {dag.py:3239} INFO - Sync 1 DAGs
[2026-06-29T12:09:47.304+0000] {logging_mixin.py:190} INFO - [2026-06-29T12:09:47.304+0000] {dag.py:4180} INFO - Setting next_dagrun for urban_data_pipeline to 2026-06-01 00:00:00+00:00, run_after=2026-07-01 00:00:00+00:00
[2026-06-29T12:09:47.343+0000] {processor.py:208} INFO - Processing /opt/airflow/dags/urban_data_pipeline_dag.py took 0.849 seconds
[2026-06-29T12:10:17.510+0000] {processor.py:186} INFO - Started process (PID=4011) to work on /opt/airflow/dags/urban_data_pipeline_dag.py
[2026-06-29T12:10:17.512+0000] {processor.py:914} INFO - Processing file /opt/airflow/dags/urban_data_pipeline_dag.py for tasks to queue
[2026-06-29T12:10:17.516+0000] {logging_mixin.py:190} INFO - [2026-06-29T12:10:17.516+0000] {dagbag.py:588} INFO - Filling up the DagBag from /opt/airflow/dags/urban_data_pipeline_dag.py
[2026-06-29T12:10:17.855+0000] {processor.py:925} INFO - DAG(s) 'urban_data_pipeline' retrieved from /opt/airflow/dags/urban_data_pipeline_dag.py
[2026-06-29T12:10:17.973+0000] {logging_mixin.py:190} INFO - [2026-06-29T12:10:17.973+0000] {dag.py:3239} INFO - Sync 1 DAGs
[2026-06-29T12:10:18.032+0000] {logging_mixin.py:190} INFO - [2026-06-29T12:10:18.032+0000] {dag.py:4180} INFO - Setting next_dagrun for urban_data_pipeline to 2026-06-01 00:00:00+00:00, run_after=2026-07-01 00:00:00+00:00
[2026-06-29T12:10:18.091+0000] {processor.py:208} INFO - Processing /opt/airflow/dags/urban_data_pipeline_dag.py took 0.599 seconds
[2026-06-29T12:10:48.977+0000] {processor.py:186} INFO - Started process (PID=4022) to work on /opt/airflow/dags/urban_data_pipeline_dag.py
[2026-06-29T12:10:48.979+0000] {processor.py:914} INFO - Processing file /opt/airflow/dags/urban_data_pipeline_dag.py for tasks to queue
[2026-06-29T12:10:48.982+0000] {logging_mixin.py:190} INFO - [2026-06-29T12:10:48.982+0000] {dagbag.py:588} INFO - Filling up the DagBag from /opt/airflow/dags/urban_data_pipeline_dag.py
[2026-06-29T12:10:49.265+0000] {processor.py:925} INFO - DAG(s) 'urban_data_pipeline' retrieved from /opt/airflow/dags/urban_data_pipeline_dag.py
[2026-06-29T12:10:49.326+0000] {logging_mixin.py:190} INFO - [2026-06-29T12:10:49.326+0000] {dag.py:3239} INFO - Sync 1 DAGs
[2026-06-29T12:10:49.360+0000] {logging_mixin.py:190} INFO - [2026-06-29T12:10:49.359+0000] {dag.py:4180} INFO - Setting next_dagrun for urban_data_pipeline to 2026-06-01 00:00:00+00:00, run_after=2026-07-01 00:00:00+00:00
[2026-06-29T12:10:49.392+0000] {processor.py:208} INFO - Processing /opt/airflow/dags/urban_data_pipeline_dag.py took 0.423 seconds
[2026-06-29T12:11:20.069+0000] {processor.py:186} INFO - Started process (PID=4040) to work on /opt/airflow/dags/urban_data_pipeline_dag.py
[2026-06-29T12:11:20.076+0000] {processor.py:914} INFO - Processing file /opt/airflow/dags/urban_data_pipeline_dag.py for tasks to queue
[2026-06-29T12:11:20.096+0000] {logging_mixin.py:190} INFO - [2026-06-29T12:11:20.094+0000] {dagbag.py:588} INFO - Filling up the DagBag from /opt/airflow/dags/urban_data_pipeline_dag.py
[2026-06-29T12:11:20.536+0000] {processor.py:925} INFO - DAG(s) 'urban_data_pipeline' retrieved from /opt/airflow/dags/urban_data_pipeline_dag.py
[2026-06-29T12:11:20.624+0000] {logging_mixin.py:190} INFO - [2026-06-29T12:11:20.624+0000] {dag.py:3239} INFO - Sync 1 DAGs
[2026-06-29T12:11:20.680+0000] {logging_mixin.py:190} INFO - [2026-06-29T12:11:20.679+0000] {dag.py:4180} INFO - Setting next_dagrun for urban_data_pipeline to 2026-06-01 00:00:00+00:00, run_after=2026-07-01 00:00:00+00:00
[2026-06-29T12:11:20.797+0000] {processor.py:208} INFO - Processing /opt/airflow/dags/urban_data_pipeline_dag.py took 0.768 seconds
[2026-06-29T12:11:50.955+0000] {processor.py:186} INFO - Started process (PID=4058) to work on /opt/airflow/dags/urban_data_pipeline_dag.py
[2026-06-29T12:11:50.958+0000] {processor.py:914} INFO - Processing file /opt/airflow/dags/urban_data_pipeline_dag.py for tasks to queue
[2026-06-29T12:11:50.961+0000] {logging_mixin.py:190} INFO - [2026-06-29T12:11:50.961+0000] {dagbag.py:588} INFO - Filling up the DagBag from /opt/airflow/dags/urban_data_pipeline_dag.py
[2026-06-29T12:11:51.548+0000] {processor.py:925} INFO - DAG(s) 'urban_data_pipeline' retrieved from /opt/airflow/dags/urban_data_pipeline_dag.py
[2026-06-29T12:11:51.642+0000] {logging_mixin.py:190} INFO - [2026-06-29T12:11:51.642+0000] {dag.py:3239} INFO - Sync 1 DAGs
[2026-06-29T12:11:51.695+0000] {logging_mixin.py:190} INFO - [2026-06-29T12:11:51.695+0000] {dag.py:4180} INFO - Setting next_dagrun for urban_data_pipeline to 2026-06-01 00:00:00+00:00, run_after=2026-07-01 00:00:00+00:00
[2026-06-29T12:11:51.779+0000] {processor.py:208} INFO - Processing /opt/airflow/dags/urban_data_pipeline_dag.py took 0.832 seconds
[2026-06-29T12:12:21.976+0000] {processor.py:186} INFO - Started process (PID=4076) to work on /opt/airflow/dags/urban_data_pipeline_dag.py
[2026-06-29T12:12:21.979+0000] {processor.py:914} INFO - Processing file /opt/airflow/dags/urban_data_pipeline_dag.py for tasks to queue
[2026-06-29T12:12:21.987+0000] {logging_mixin.py:190} INFO - [2026-06-29T12:12:21.986+0000] {dagbag.py:588} INFO - Filling up the DagBag from /opt/airflow/dags/urban_data_pipeline_dag.py
[2026-06-29T12:12:22.331+0000] {processor.py:925} INFO - DAG(s) 'urban_data_pipeline' retrieved from /opt/airflow/dags/urban_data_pipeline_dag.py
[2026-06-29T12:12:22.405+0000] {logging_mixin.py:190} INFO - [2026-06-29T12:12:22.404+0000] {dag.py:3239} INFO - Sync 1 DAGs
[2026-06-29T12:12:22.448+0000] {logging_mixin.py:190} INFO - [2026-06-29T12:12:22.448+0000] {dag.py:4180} INFO - Setting next_dagrun for urban_data_pipeline to 2026-06-01 00:00:00+00:00, run_after=2026-07-01 00:00:00+00:00
[2026-06-29T12:12:22.489+0000] {processor.py:208} INFO - Processing /opt/airflow/dags/urban_data_pipeline_dag.py took 0.530 seconds
[2026-06-29T12:12:53.437+0000] {processor.py:186} INFO - Started process (PID=4094) to work on /opt/airflow/dags/urban_data_pipeline_dag.py
[2026-06-29T12:12:53.438+0000] {processor.py:914} INFO - Processing file /opt/airflow/dags/urban_data_pipeline_dag.py for tasks to queue
[2026-06-29T12:12:53.443+0000] {logging_mixin.py:190} INFO - [2026-06-29T12:12:53.442+0000] {dagbag.py:588} INFO - Filling up the DagBag from /opt/airflow/dags/urban_data_pipeline_dag.py
[2026-06-29T12:12:53.754+0000] {processor.py:925} INFO - DAG(s) 'urban_data_pipeline' retrieved from /opt/airflow/dags/urban_data_pipeline_dag.py
[2026-06-29T12:12:53.840+0000] {logging_mixin.py:190} INFO - [2026-06-29T12:12:53.839+0000] {dag.py:3239} INFO - Sync 1 DAGs
[2026-06-29T12:12:53.870+0000] {logging_mixin.py:190} INFO - [2026-06-29T12:12:53.870+0000] {dag.py:4180} INFO - Setting next_dagrun for urban_data_pipeline to 2026-06-01 00:00:00+00:00, run_after=2026-07-01 00:00:00+00:00
[2026-06-29T12:12:53.895+0000] {processor.py:208} INFO - Processing /opt/airflow/dags/urban_data_pipeline_dag.py took 0.466 seconds
[2026-06-29T12:13:24.731+0000] {processor.py:186} INFO - Started process (PID=4112) to work on /opt/airflow/dags/urban_data_pipeline_dag.py
[2026-06-29T12:13:24.732+0000] {processor.py:914} INFO - Processing file /opt/airflow/dags/urban_data_pipeline_dag.py for tasks to queue
[2026-06-29T12:13:24.736+0000] {logging_mixin.py:190} INFO - [2026-06-29T12:13:24.736+0000] {dagbag.py:588} INFO - Filling up the DagBag from /opt/airflow/dags/urban_data_pipeline_dag.py
[2026-06-29T12:13:24.870+0000] {processor.py:925} INFO - DAG(s) 'urban_data_pipeline' retrieved from /opt/airflow/dags/urban_data_pipeline_dag.py
[2026-06-29T12:13:24.928+0000] {logging_mixin.py:190} INFO - [2026-06-29T12:13:24.927+0000] {dag.py:3239} INFO - Sync 1 DAGs
[2026-06-29T12:13:24.959+0000] {logging_mixin.py:190} INFO - [2026-06-29T12:13:24.958+0000] {dag.py:4180} INFO - Setting next_dagrun for urban_data_pipeline to 2026-06-01 00:00:00+00:00, run_after=2026-07-01 00:00:00+00:00
[2026-06-29T12:13:24.995+0000] {processor.py:208} INFO - Processing /opt/airflow/dags/urban_data_pipeline_dag.py took 0.274 seconds
[2026-06-29T12:13:56.032+0000] {processor.py:186} INFO - Started process (PID=4129) to work on /opt/airflow/dags/urban_data_pipeline_dag.py
[2026-06-29T12:13:56.038+0000] {processor.py:914} INFO - Processing file /opt/airflow/dags/urban_data_pipeline_dag.py for tasks to queue
[2026-06-29T12:13:56.048+0000] {logging_mixin.py:190} INFO - [2026-06-29T12:13:56.047+0000] {dagbag.py:588} INFO - Filling up the DagBag from /opt/airflow/dags/urban_data_pipeline_dag.py
[2026-06-29T12:13:56.439+0000] {processor.py:925} INFO - DAG(s) 'urban_data_pipeline' retrieved from /opt/airflow/dags/urban_data_pipeline_dag.py
[2026-06-29T12:13:56.522+0000] {logging_mixin.py:190} INFO - [2026-06-29T12:13:56.521+0000] {dag.py:3239} INFO - Sync 1 DAGs
[2026-06-29T12:13:56.580+0000] {logging_mixin.py:190} INFO - [2026-06-29T12:13:56.580+0000] {dag.py:4180} INFO - Setting next_dagrun for urban_data_pipeline to 2026-06-01 00:00:00+00:00, run_after=2026-07-01 00:00:00+00:00
[2026-06-29T12:13:56.628+0000] {processor.py:208} INFO - Processing /opt/airflow/dags/urban_data_pipeline_dag.py took 0.626 seconds
[2026-06-29T12:14:27.619+0000] {processor.py:186} INFO - Started process (PID=4140) to work on /opt/airflow/dags/urban_data_pipeline_dag.py
[2026-06-29T12:14:27.622+0000] {processor.py:914} INFO - Processing file /opt/airflow/dags/urban_data_pipeline_dag.py for tasks to queue
[2026-06-29T12:14:27.628+0000] {logging_mixin.py:190} INFO - [2026-06-29T12:14:27.628+0000] {dagbag.py:588} INFO - Filling up the DagBag from /opt/airflow/dags/urban_data_pipeline_dag.py
[2026-06-29T12:14:28.076+0000] {processor.py:925} INFO - DAG(s) 'urban_data_pipeline' retrieved from /opt/airflow/dags/urban_data_pipeline_dag.py
[2026-06-29T12:14:28.136+0000] {logging_mixin.py:190} INFO - [2026-06-29T12:14:28.135+0000] {dag.py:3239} INFO - Sync 1 DAGs
[2026-06-29T12:14:28.172+0000] {logging_mixin.py:190} INFO - [2026-06-29T12:14:28.172+0000] {dag.py:4180} INFO - Setting next_dagrun for urban_data_pipeline to 2026-06-01 00:00:00+00:00, run_after=2026-07-01 00:00:00+00:00
[2026-06-29T12:14:28.209+0000] {processor.py:208} INFO - Processing /opt/airflow/dags/urban_data_pipeline_dag.py took 0.603 seconds
[2026-06-29T12:14:58.427+0000] {processor.py:186} INFO - Started process (PID=4158) to work on /opt/airflow/dags/urban_data_pipeline_dag.py
[2026-06-29T12:14:58.428+0000] {processor.py:914} INFO - Processing file /opt/airflow/dags/urban_data_pipeline_dag.py for tasks to queue
[2026-06-29T12:14:58.432+0000] {logging_mixin.py:190} INFO - [2026-06-29T12:14:58.432+0000] {dagbag.py:588} INFO - Filling up the DagBag from /opt/airflow/dags/urban_data_pipeline_dag.py
[2026-06-29T12:14:58.540+0000] {processor.py:925} INFO - DAG(s) 'urban_data_pipeline' retrieved from /opt/airflow/dags/urban_data_pipeline_dag.py
[2026-06-29T12:14:58.601+0000] {logging_mixin.py:190} INFO - [2026-06-29T12:14:58.600+0000] {dag.py:3239} INFO - Sync 1 DAGs
[2026-06-29T12:14:58.631+0000] {logging_mixin.py:190} INFO - [2026-06-29T12:14:58.631+0000] {dag.py:4180} INFO - Setting next_dagrun for urban_data_pipeline to 2026-06-01 00:00:00+00:00, run_after=2026-07-01 00:00:00+00:00
[2026-06-29T12:14:58.662+0000] {processor.py:208} INFO - Processing /opt/airflow/dags/urban_data_pipeline_dag.py took 0.242 seconds
[2026-06-29T12:15:29.471+0000] {processor.py:186} INFO - Started process (PID=4176) to work on /opt/airflow/dags/urban_data_pipeline_dag.py
[2026-06-29T12:15:29.473+0000] {processor.py:914} INFO - Processing file /opt/airflow/dags/urban_data_pipeline_dag.py for tasks to queue
[2026-06-29T12:15:29.476+0000] {logging_mixin.py:190} INFO - [2026-06-29T12:15:29.476+0000] {dagbag.py:588} INFO - Filling up the DagBag from /opt/airflow/dags/urban_data_pipeline_dag.py
[2026-06-29T12:15:29.608+0000] {processor.py:925} INFO - DAG(s) 'urban_data_pipeline' retrieved from /opt/airflow/dags/urban_data_pipeline_dag.py
[2026-06-29T12:15:29.684+0000] {logging_mixin.py:190} INFO - [2026-06-29T12:15:29.682+0000] {dag.py:3239} INFO - Sync 1 DAGs
[2026-06-29T12:15:29.730+0000] {logging_mixin.py:190} INFO - [2026-06-29T12:15:29.729+0000] {dag.py:4180} INFO - Setting next_dagrun for urban_data_pipeline to 2026-06-01 00:00:00+00:00, run_after=2026-07-01 00:00:00+00:00
[2026-06-29T12:15:29.775+0000] {processor.py:208} INFO - Processing /opt/airflow/dags/urban_data_pipeline_dag.py took 0.311 seconds
[2026-06-29T12:16:00.694+0000] {processor.py:186} INFO - Started process (PID=4194) to work on /opt/airflow/dags/urban_data_pipeline_dag.py
[2026-06-29T12:16:00.696+0000] {processor.py:914} INFO - Processing file /opt/airflow/dags/urban_data_pipeline_dag.py for tasks to queue
[2026-06-29T12:16:00.701+0000] {logging_mixin.py:190} INFO - [2026-06-29T12:16:00.700+0000] {dagbag.py:588} INFO - Filling up the DagBag from /opt/airflow/dags/urban_data_pipeline_dag.py
[2026-06-29T12:16:00.918+0000] {processor.py:925} INFO - DAG(s) 'urban_data_pipeline' retrieved from /opt/airflow/dags/urban_data_pipeline_dag.py
[2026-06-29T12:16:00.982+0000] {logging_mixin.py:190} INFO - [2026-06-29T12:16:00.982+0000] {dag.py:3239} INFO - Sync 1 DAGs
[2026-06-29T12:16:01.015+0000] {logging_mixin.py:190} INFO - [2026-06-29T12:16:01.014+0000] {dag.py:4180} INFO - Setting next_dagrun for urban_data_pipeline to 2026-06-01 00:00:00+00:00, run_after=2026-07-01 00:00:00+00:00
[2026-06-29T12:16:01.053+0000] {processor.py:208} INFO - Processing /opt/airflow/dags/urban_data_pipeline_dag.py took 0.370 seconds
[2026-06-29T12:16:31.189+0000] {processor.py:186} INFO - Started process (PID=4212) to work on /opt/airflow/dags/urban_data_pipeline_dag.py
[2026-06-29T12:16:31.191+0000] {processor.py:914} INFO - Processing file /opt/airflow/dags/urban_data_pipeline_dag.py for tasks to queue
[2026-06-29T12:16:31.194+0000] {logging_mixin.py:190} INFO - [2026-06-29T12:16:31.194+0000] {dagbag.py:588} INFO - Filling up the DagBag from /opt/airflow/dags/urban_data_pipeline_dag.py
[2026-06-29T12:16:31.477+0000] {processor.py:925} INFO - DAG(s) 'urban_data_pipeline' retrieved from /opt/airflow/dags/urban_data_pipeline_dag.py
[2026-06-29T12:16:31.538+0000] {logging_mixin.py:190} INFO - [2026-06-29T12:16:31.537+0000] {dag.py:3239} INFO - Sync 1 DAGs
[2026-06-29T12:16:31.570+0000] {logging_mixin.py:190} INFO - [2026-06-29T12:16:31.570+0000] {dag.py:4180} INFO - Setting next_dagrun for urban_data_pipeline to 2026-06-01 00:00:00+00:00, run_after=2026-07-01 00:00:00+00:00
[2026-06-29T12:16:31.608+0000] {processor.py:208} INFO - Processing /opt/airflow/dags/urban_data_pipeline_dag.py took 0.429 seconds
[2026-06-29T12:17:01.914+0000] {processor.py:186} INFO - Started process (PID=4230) to work on /opt/airflow/dags/urban_data_pipeline_dag.py
[2026-06-29T12:17:01.918+0000] {processor.py:914} INFO - Processing file /opt/airflow/dags/urban_data_pipeline_dag.py for tasks to queue
[2026-06-29T12:17:01.928+0000] {logging_mixin.py:190} INFO - [2026-06-29T12:17:01.927+0000] {dagbag.py:588} INFO - Filling up the DagBag from /opt/airflow/dags/urban_data_pipeline_dag.py
[2026-06-29T12:17:02.627+0000] {processor.py:925} INFO - DAG(s) 'urban_data_pipeline' retrieved from /opt/airflow/dags/urban_data_pipeline_dag.py
[2026-06-29T12:17:02.718+0000] {logging_mixin.py:190} INFO - [2026-06-29T12:17:02.718+0000] {dag.py:3239} INFO - Sync 1 DAGs
[2026-06-29T12:17:02.755+0000] {logging_mixin.py:190} INFO - [2026-06-29T12:17:02.754+0000] {dag.py:4180} INFO - Setting next_dagrun for urban_data_pipeline to 2026-06-01 00:00:00+00:00, run_after=2026-07-01 00:00:00+00:00
[2026-06-29T12:17:02.793+0000] {processor.py:208} INFO - Processing /opt/airflow/dags/urban_data_pipeline_dag.py took 0.897 seconds
[2026-06-29T12:17:33.677+0000] {processor.py:186} INFO - Started process (PID=4247) to work on /opt/airflow/dags/urban_data_pipeline_dag.py
[2026-06-29T12:17:33.681+0000] {processor.py:914} INFO - Processing file /opt/airflow/dags/urban_data_pipeline_dag.py for tasks to queue
[2026-06-29T12:17:33.688+0000] {logging_mixin.py:190} INFO - [2026-06-29T12:17:33.687+0000] {dagbag.py:588} INFO - Filling up the DagBag from /opt/airflow/dags/urban_data_pipeline_dag.py
[2026-06-29T12:17:34.125+0000] {processor.py:925} INFO - DAG(s) 'urban_data_pipeline' retrieved from /opt/airflow/dags/urban_data_pipeline_dag.py
[2026-06-29T12:17:34.195+0000] {logging_mixin.py:190} INFO - [2026-06-29T12:17:34.195+0000] {dag.py:3239} INFO - Sync 1 DAGs
[2026-06-29T12:17:34.235+0000] {logging_mixin.py:190} INFO - [2026-06-29T12:17:34.235+0000] {dag.py:4180} INFO - Setting next_dagrun for urban_data_pipeline to 2026-06-01 00:00:00+00:00, run_after=2026-07-01 00:00:00+00:00
[2026-06-29T12:17:34.276+0000] {processor.py:208} INFO - Processing /opt/airflow/dags/urban_data_pipeline_dag.py took 0.615 seconds
[2026-06-29T12:18:04.560+0000] {processor.py:186} INFO - Started process (PID=4258) to work on /opt/airflow/dags/urban_data_pipeline_dag.py
[2026-06-29T12:18:04.562+0000] {processor.py:914} INFO - Processing file /opt/airflow/dags/urban_data_pipeline_dag.py for tasks to queue
[2026-06-29T12:18:04.567+0000] {logging_mixin.py:190} INFO - [2026-06-29T12:18:04.566+0000] {dagbag.py:588} INFO - Filling up the DagBag from /opt/airflow/dags/urban_data_pipeline_dag.py
[2026-06-29T12:18:04.768+0000] {processor.py:925} INFO - DAG(s) 'urban_data_pipeline' retrieved from /opt/airflow/dags/urban_data_pipeline_dag.py
[2026-06-29T12:18:04.843+0000] {logging_mixin.py:190} INFO - [2026-06-29T12:18:04.842+0000] {dag.py:3239} INFO - Sync 1 DAGs
[2026-06-29T12:18:04.882+0000] {logging_mixin.py:190} INFO - [2026-06-29T12:18:04.882+0000] {dag.py:4180} INFO - Setting next_dagrun for urban_data_pipeline to 2026-06-01 00:00:00+00:00, run_after=2026-07-01 00:00:00+00:00
[2026-06-29T12:18:04.918+0000] {processor.py:208} INFO - Processing /opt/airflow/dags/urban_data_pipeline_dag.py took 0.371 seconds
[2026-06-29T12:18:35.737+0000] {processor.py:186} INFO - Started process (PID=4276) to work on /opt/airflow/dags/urban_data_pipeline_dag.py
[2026-06-29T12:18:35.743+0000] {processor.py:914} INFO - Processing file /opt/airflow/dags/urban_data_pipeline_dag.py for tasks to queue
[2026-06-29T12:18:35.758+0000] {logging_mixin.py:190} INFO - [2026-06-29T12:18:35.756+0000] {dagbag.py:588} INFO - Filling up the DagBag from /opt/airflow/dags/urban_data_pipeline_dag.py
[2026-06-29T12:18:36.126+0000] {processor.py:925} INFO - DAG(s) 'urban_data_pipeline' retrieved from /opt/airflow/dags/urban_data_pipeline_dag.py
[2026-06-29T12:18:36.235+0000] {logging_mixin.py:190} INFO - [2026-06-29T12:18:36.235+0000] {dag.py:3239} INFO - Sync 1 DAGs
[2026-06-29T12:18:36.277+0000] {logging_mixin.py:190} INFO - [2026-06-29T12:18:36.276+0000] {dag.py:4180} INFO - Setting next_dagrun for urban_data_pipeline to 2026-06-01 00:00:00+00:00, run_after=2026-07-01 00:00:00+00:00
[2026-06-29T12:18:36.324+0000] {processor.py:208} INFO - Processing /opt/airflow/dags/urban_data_pipeline_dag.py took 0.620 seconds
[2026-06-29T12:19:07.473+0000] {processor.py:186} INFO - Started process (PID=4294) to work on /opt/airflow/dags/urban_data_pipeline_dag.py
[2026-06-29T12:19:07.479+0000] {processor.py:914} INFO - Processing file /opt/airflow/dags/urban_data_pipeline_dag.py for tasks to queue
[2026-06-29T12:19:07.487+0000] {logging_mixin.py:190} INFO - [2026-06-29T12:19:07.487+0000] {dagbag.py:588} INFO - Filling up the DagBag from /opt/airflow/dags/urban_data_pipeline_dag.py
[2026-06-29T12:19:08.306+0000] {processor.py:925} INFO - DAG(s) 'urban_data_pipeline' retrieved from /opt/airflow/dags/urban_data_pipeline_dag.py
[2026-06-29T12:19:08.366+0000] {logging_mixin.py:190} INFO - [2026-06-29T12:19:08.366+0000] {dag.py:3239} INFO - Sync 1 DAGs
[2026-06-29T12:19:08.398+0000] {logging_mixin.py:190} INFO - [2026-06-29T12:19:08.398+0000] {dag.py:4180} INFO - Setting next_dagrun for urban_data_pipeline to 2026-06-01 00:00:00+00:00, run_after=2026-07-01 00:00:00+00:00
[2026-06-29T12:19:08.451+0000] {processor.py:208} INFO - Processing /opt/airflow/dags/urban_data_pipeline_dag.py took 1.007 seconds
[2026-06-29T12:19:39.196+0000] {processor.py:186} INFO - Started process (PID=4312) to work on /opt/airflow/dags/urban_data_pipeline_dag.py
[2026-06-29T12:19:39.198+0000] {processor.py:914} INFO - Processing file /opt/airflow/dags/urban_data_pipeline_dag.py for tasks to queue
[2026-06-29T12:19:39.200+0000] {logging_mixin.py:190} INFO - [2026-06-29T12:19:39.200+0000] {dagbag.py:588} INFO - Filling up the DagBag from /opt/airflow/dags/urban_data_pipeline_dag.py
[2026-06-29T12:19:39.354+0000] {processor.py:925} INFO - DAG(s) 'urban_data_pipeline' retrieved from /opt/airflow/dags/urban_data_pipeline_dag.py
[2026-06-29T12:19:39.421+0000] {logging_mixin.py:190} INFO - [2026-06-29T12:19:39.420+0000] {dag.py:3239} INFO - Sync 1 DAGs
[2026-06-29T12:19:39.453+0000] {logging_mixin.py:190} INFO - [2026-06-29T12:19:39.453+0000] {dag.py:4180} INFO - Setting next_dagrun for urban_data_pipeline to 2026-06-01 00:00:00+00:00, run_after=2026-07-01 00:00:00+00:00
[2026-06-29T12:19:39.480+0000] {processor.py:208} INFO - Processing /opt/airflow/dags/urban_data_pipeline_dag.py took 0.292 seconds
[2026-06-29T12:20:10.466+0000] {processor.py:186} INFO - Started process (PID=4330) to work on /opt/airflow/dags/urban_data_pipeline_dag.py
[2026-06-29T12:20:10.468+0000] {processor.py:914} INFO - Processing file /opt/airflow/dags/urban_data_pipeline_dag.py for tasks to queue
[2026-06-29T12:20:10.473+0000] {logging_mixin.py:190} INFO - [2026-06-29T12:20:10.473+0000] {dagbag.py:588} INFO - Filling up the DagBag from /opt/airflow/dags/urban_data_pipeline_dag.py
[2026-06-29T12:20:11.115+0000] {processor.py:925} INFO - DAG(s) 'urban_data_pipeline' retrieved from /opt/airflow/dags/urban_data_pipeline_dag.py
[2026-06-29T12:20:11.189+0000] {logging_mixin.py:190} INFO - [2026-06-29T12:20:11.189+0000] {dag.py:3239} INFO - Sync 1 DAGs
[2026-06-29T12:20:11.220+0000] {logging_mixin.py:190} INFO - [2026-06-29T12:20:11.220+0000] {dag.py:4180} INFO - Setting next_dagrun for urban_data_pipeline to 2026-06-01 00:00:00+00:00, run_after=2026-07-01 00:00:00+00:00
[2026-06-29T12:20:11.301+0000] {processor.py:208} INFO - Processing /opt/airflow/dags/urban_data_pipeline_dag.py took 0.856 seconds
[2026-06-29T12:20:41.507+0000] {processor.py:186} INFO - Started process (PID=4348) to work on /opt/airflow/dags/urban_data_pipeline_dag.py
[2026-06-29T12:20:41.510+0000] {processor.py:914} INFO - Processing file /opt/airflow/dags/urban_data_pipeline_dag.py for tasks to queue
[2026-06-29T12:20:41.518+0000] {logging_mixin.py:190} INFO - [2026-06-29T12:20:41.517+0000] {dagbag.py:588} INFO - Filling up the DagBag from /opt/airflow/dags/urban_data_pipeline_dag.py
[2026-06-29T12:20:41.793+0000] {processor.py:925} INFO - DAG(s) 'urban_data_pipeline' retrieved from /opt/airflow/dags/urban_data_pipeline_dag.py
[2026-06-29T12:20:41.859+0000] {logging_mixin.py:190} INFO - [2026-06-29T12:20:41.859+0000] {dag.py:3239} INFO - Sync 1 DAGs
[2026-06-29T12:20:41.903+0000] {logging_mixin.py:190} INFO - [2026-06-29T12:20:41.902+0000] {dag.py:4180} INFO - Setting next_dagrun for urban_data_pipeline to 2026-06-01 00:00:00+00:00, run_after=2026-07-01 00:00:00+00:00
[2026-06-29T12:20:41.972+0000] {processor.py:208} INFO - Processing /opt/airflow/dags/urban_data_pipeline_dag.py took 0.479 seconds
[2026-06-29T12:21:13.059+0000] {processor.py:186} INFO - Started process (PID=4366) to work on /opt/airflow/dags/urban_data_pipeline_dag.py
[2026-06-29T12:21:13.065+0000] {processor.py:914} INFO - Processing file /opt/airflow/dags/urban_data_pipeline_dag.py for tasks to queue
[2026-06-29T12:21:13.073+0000] {logging_mixin.py:190} INFO - [2026-06-29T12:21:13.072+0000] {dagbag.py:588} INFO - Filling up the DagBag from /opt/airflow/dags/urban_data_pipeline_dag.py
[2026-06-29T12:21:13.613+0000] {processor.py:925} INFO - DAG(s) 'urban_data_pipeline' retrieved from /opt/airflow/dags/urban_data_pipeline_dag.py
[2026-06-29T12:21:13.676+0000] {logging_mixin.py:190} INFO - [2026-06-29T12:21:13.676+0000] {dag.py:3239} INFO - Sync 1 DAGs
[2026-06-29T12:21:13.707+0000] {logging_mixin.py:190} INFO - [2026-06-29T12:21:13.706+0000] {dag.py:4180} INFO - Setting next_dagrun for urban_data_pipeline to 2026-06-01 00:00:00+00:00, run_after=2026-07-01 00:00:00+00:00
[2026-06-29T12:21:13.768+0000] {processor.py:208} INFO - Processing /opt/airflow/dags/urban_data_pipeline_dag.py took 0.746 seconds
[2026-06-29T12:21:44.559+0000] {processor.py:186} INFO - Started process (PID=4384) to work on /opt/airflow/dags/urban_data_pipeline_dag.py
[2026-06-29T12:21:44.561+0000] {processor.py:914} INFO - Processing file /opt/airflow/dags/urban_data_pipeline_dag.py for tasks to queue
[2026-06-29T12:21:44.564+0000] {logging_mixin.py:190} INFO - [2026-06-29T12:21:44.563+0000] {dagbag.py:588} INFO - Filling up the DagBag from /opt/airflow/dags/urban_data_pipeline_dag.py
[2026-06-29T12:21:44.680+0000] {processor.py:925} INFO - DAG(s) 'urban_data_pipeline' retrieved from /opt/airflow/dags/urban_data_pipeline_dag.py
[2026-06-29T12:21:44.757+0000] {logging_mixin.py:190} INFO - [2026-06-29T12:21:44.757+0000] {dag.py:3239} INFO - Sync 1 DAGs
[2026-06-29T12:21:44.796+0000] {logging_mixin.py:190} INFO - [2026-06-29T12:21:44.795+0000] {dag.py:4180} INFO - Setting next_dagrun for urban_data_pipeline to 2026-06-01 00:00:00+00:00, run_after=2026-07-01 00:00:00+00:00
[2026-06-29T12:21:44.830+0000] {processor.py:208} INFO - Processing /opt/airflow/dags/urban_data_pipeline_dag.py took 0.279 seconds
[2026-06-29T12:22:14.939+0000] {processor.py:186} INFO - Started process (PID=4401) to work on /opt/airflow/dags/urban_data_pipeline_dag.py
[2026-06-29T12:22:14.941+0000] {processor.py:914} INFO - Processing file /opt/airflow/dags/urban_data_pipeline_dag.py for tasks to queue
[2026-06-29T12:22:14.944+0000] {logging_mixin.py:190} INFO - [2026-06-29T12:22:14.944+0000] {dagbag.py:588} INFO - Filling up the DagBag from /opt/airflow/dags/urban_data_pipeline_dag.py
[2026-06-29T12:22:15.060+0000] {processor.py:925} INFO - DAG(s) 'urban_data_pipeline' retrieved from /opt/airflow/dags/urban_data_pipeline_dag.py
[2026-06-29T12:22:15.124+0000] {logging_mixin.py:190} INFO - [2026-06-29T12:22:15.124+0000] {dag.py:3239} INFO - Sync 1 DAGs
[2026-06-29T12:22:15.166+0000] {logging_mixin.py:190} INFO - [2026-06-29T12:22:15.166+0000] {dag.py:4180} INFO - Setting next_dagrun for urban_data_pipeline to 2026-06-01 00:00:00+00:00, run_after=2026-07-01 00:00:00+00:00
[2026-06-29T12:22:15.199+0000] {processor.py:208} INFO - Processing /opt/airflow/dags/urban_data_pipeline_dag.py took 0.266 seconds
[2026-06-29T12:22:45.504+0000] {processor.py:186} INFO - Started process (PID=4412) to work on /opt/airflow/dags/urban_data_pipeline_dag.py
[2026-06-29T12:22:45.507+0000] {processor.py:914} INFO - Processing file /opt/airflow/dags/urban_data_pipeline_dag.py for tasks to queue
[2026-06-29T12:22:45.515+0000] {logging_mixin.py:190} INFO - [2026-06-29T12:22:45.514+0000] {dagbag.py:588} INFO - Filling up the DagBag from /opt/airflow/dags/urban_data_pipeline_dag.py
[2026-06-29T12:22:45.773+0000] {processor.py:925} INFO - DAG(s) 'urban_data_pipeline' retrieved from /opt/airflow/dags/urban_data_pipeline_dag.py
[2026-06-29T12:22:45.838+0000] {logging_mixin.py:190} INFO - [2026-06-29T12:22:45.837+0000] {dag.py:3239} INFO - Sync 1 DAGs
[2026-06-29T12:22:45.876+0000] {logging_mixin.py:190} INFO - [2026-06-29T12:22:45.876+0000] {dag.py:4180} INFO - Setting next_dagrun for urban_data_pipeline to 2026-06-01 00:00:00+00:00, run_after=2026-07-01 00:00:00+00:00
[2026-06-29T12:22:45.916+0000] {processor.py:208} INFO - Processing /opt/airflow/dags/urban_data_pipeline_dag.py took 0.431 seconds
[2026-06-29T12:23:16.257+0000] {processor.py:186} INFO - Started process (PID=4430) to work on /opt/airflow/dags/urban_data_pipeline_dag.py
[2026-06-29T12:23:16.261+0000] {processor.py:914} INFO - Processing file /opt/airflow/dags/urban_data_pipeline_dag.py for tasks to queue
[2026-06-29T12:23:16.281+0000] {logging_mixin.py:190} INFO - [2026-06-29T12:23:16.278+0000] {dagbag.py:588} INFO - Filling up the DagBag from /opt/airflow/dags/urban_data_pipeline_dag.py
[2026-06-29T12:23:16.780+0000] {processor.py:925} INFO - DAG(s) 'urban_data_pipeline' retrieved from /opt/airflow/dags/urban_data_pipeline_dag.py
[2026-06-29T12:23:16.903+0000] {logging_mixin.py:190} INFO - [2026-06-29T12:23:16.903+0000] {dag.py:3239} INFO - Sync 1 DAGs
[2026-06-29T12:23:16.941+0000] {logging_mixin.py:190} INFO - [2026-06-29T12:23:16.941+0000] {dag.py:4180} INFO - Setting next_dagrun for urban_data_pipeline to 2026-06-01 00:00:00+00:00, run_after=2026-07-01 00:00:00+00:00
[2026-06-29T12:23:16.974+0000] {processor.py:208} INFO - Processing /opt/airflow/dags/urban_data_pipeline_dag.py took 0.750 seconds
[2026-06-29T12:23:47.341+0000] {processor.py:186} INFO - Started process (PID=4448) to work on /opt/airflow/dags/urban_data_pipeline_dag.py
[2026-06-29T12:23:47.345+0000] {processor.py:914} INFO - Processing file /opt/airflow/dags/urban_data_pipeline_dag.py for tasks to queue
[2026-06-29T12:23:47.352+0000] {logging_mixin.py:190} INFO - [2026-06-29T12:23:47.351+0000] {dagbag.py:588} INFO - Filling up the DagBag from /opt/airflow/dags/urban_data_pipeline_dag.py
[2026-06-29T12:23:47.621+0000] {processor.py:925} INFO - DAG(s) 'urban_data_pipeline' retrieved from /opt/airflow/dags/urban_data_pipeline_dag.py
[2026-06-29T12:23:47.707+0000] {logging_mixin.py:190} INFO - [2026-06-29T12:23:47.707+0000] {dag.py:3239} INFO - Sync 1 DAGs
[2026-06-29T12:23:47.756+0000] {logging_mixin.py:190} INFO - [2026-06-29T12:23:47.756+0000] {dag.py:4180} INFO - Setting next_dagrun for urban_data_pipeline to 2026-06-01 00:00:00+00:00, run_after=2026-07-01 00:00:00+00:00
[2026-06-29T12:23:47.799+0000] {processor.py:208} INFO - Processing /opt/airflow/dags/urban_data_pipeline_dag.py took 0.469 seconds
[2026-06-29T12:24:18.091+0000] {processor.py:186} INFO - Started process (PID=4466) to work on /opt/airflow/dags/urban_data_pipeline_dag.py
[2026-06-29T12:24:18.095+0000] {processor.py:914} INFO - Processing file /opt/airflow/dags/urban_data_pipeline_dag.py for tasks to queue
[2026-06-29T12:24:18.102+0000] {logging_mixin.py:190} INFO - [2026-06-29T12:24:18.102+0000] {dagbag.py:588} INFO - Filling up the DagBag from /opt/airflow/dags/urban_data_pipeline_dag.py
[2026-06-29T12:24:18.679+0000] {processor.py:925} INFO - DAG(s) 'urban_data_pipeline' retrieved from /opt/airflow/dags/urban_data_pipeline_dag.py
[2026-06-29T12:24:18.890+0000] {logging_mixin.py:190} INFO - [2026-06-29T12:24:18.889+0000] {dag.py:3239} INFO - Sync 1 DAGs
[2026-06-29T12:24:18.942+0000] {logging_mixin.py:190} INFO - [2026-06-29T12:24:18.942+0000] {dag.py:4180} INFO - Setting next_dagrun for urban_data_pipeline to 2026-06-01 00:00:00+00:00, run_after=2026-07-01 00:00:00+00:00
[2026-06-29T12:24:18.989+0000] {processor.py:208} INFO - Processing /opt/airflow/dags/urban_data_pipeline_dag.py took 0.913 seconds
[2026-06-29T12:24:49.166+0000] {processor.py:186} INFO - Started process (PID=4484) to work on /opt/airflow/dags/urban_data_pipeline_dag.py
[2026-06-29T12:24:49.169+0000] {processor.py:914} INFO - Processing file /opt/airflow/dags/urban_data_pipeline_dag.py for tasks to queue
[2026-06-29T12:24:49.180+0000] {logging_mixin.py:190} INFO - [2026-06-29T12:24:49.179+0000] {dagbag.py:588} INFO - Filling up the DagBag from /opt/airflow/dags/urban_data_pipeline_dag.py
[2026-06-29T12:24:49.727+0000] {processor.py:925} INFO - DAG(s) 'urban_data_pipeline' retrieved from /opt/airflow/dags/urban_data_pipeline_dag.py
[2026-06-29T12:24:49.903+0000] {logging_mixin.py:190} INFO - [2026-06-29T12:24:49.902+0000] {dag.py:3239} INFO - Sync 1 DAGs
[2026-06-29T12:24:50.013+0000] {logging_mixin.py:190} INFO - [2026-06-29T12:24:50.012+0000] {dag.py:4180} INFO - Setting next_dagrun for urban_data_pipeline to 2026-06-01 00:00:00+00:00, run_after=2026-07-01 00:00:00+00:00
[2026-06-29T12:24:50.128+0000] {processor.py:208} INFO - Processing /opt/airflow/dags/urban_data_pipeline_dag.py took 0.982 seconds
[2026-06-29T12:25:21.063+0000] {processor.py:186} INFO - Started process (PID=4502) to work on /opt/airflow/dags/urban_data_pipeline_dag.py
[2026-06-29T12:25:21.066+0000] {processor.py:914} INFO - Processing file /opt/airflow/dags/urban_data_pipeline_dag.py for tasks to queue
[2026-06-29T12:25:21.071+0000] {logging_mixin.py:190} INFO - [2026-06-29T12:25:21.070+0000] {dagbag.py:588} INFO - Filling up the DagBag from /opt/airflow/dags/urban_data_pipeline_dag.py
[2026-06-29T12:25:21.676+0000] {processor.py:925} INFO - DAG(s) 'urban_data_pipeline' retrieved from /opt/airflow/dags/urban_data_pipeline_dag.py
[2026-06-29T12:25:21.772+0000] {logging_mixin.py:190} INFO - [2026-06-29T12:25:21.772+0000] {dag.py:3239} INFO - Sync 1 DAGs
[2026-06-29T12:25:21.801+0000] {logging_mixin.py:190} INFO - [2026-06-29T12:25:21.801+0000] {dag.py:4180} INFO - Setting next_dagrun for urban_data_pipeline to 2026-06-01 00:00:00+00:00, run_after=2026-07-01 00:00:00+00:00
[2026-06-29T12:25:21.849+0000] {processor.py:208} INFO - Processing /opt/airflow/dags/urban_data_pipeline_dag.py took 0.794 seconds
[2026-06-29T12:25:52.000+0000] {processor.py:186} INFO - Started process (PID=4519) to work on /opt/airflow/dags/urban_data_pipeline_dag.py
[2026-06-29T12:25:52.003+0000] {processor.py:914} INFO - Processing file /opt/airflow/dags/urban_data_pipeline_dag.py for tasks to queue
[2026-06-29T12:25:52.007+0000] {logging_mixin.py:190} INFO - [2026-06-29T12:25:52.007+0000] {dagbag.py:588} INFO - Filling up the DagBag from /opt/airflow/dags/urban_data_pipeline_dag.py
[2026-06-29T12:25:52.166+0000] {processor.py:925} INFO - DAG(s) 'urban_data_pipeline' retrieved from /opt/airflow/dags/urban_data_pipeline_dag.py
[2026-06-29T12:25:52.224+0000] {logging_mixin.py:190} INFO - [2026-06-29T12:25:52.224+0000] {dag.py:3239} INFO - Sync 1 DAGs
[2026-06-29T12:25:52.259+0000] {logging_mixin.py:190} INFO - [2026-06-29T12:25:52.259+0000] {dag.py:4180} INFO - Setting next_dagrun for urban_data_pipeline to 2026-06-01 00:00:00+00:00, run_after=2026-07-01 00:00:00+00:00
[2026-06-29T12:25:52.294+0000] {processor.py:208} INFO - Processing /opt/airflow/dags/urban_data_pipeline_dag.py took 0.303 seconds
[2026-06-29T12:26:22.866+0000] {processor.py:186} INFO - Started process (PID=4530) to work on /opt/airflow/dags/urban_data_pipeline_dag.py
[2026-06-29T12:26:22.869+0000] {processor.py:914} INFO - Processing file /opt/airflow/dags/urban_data_pipeline_dag.py for tasks to queue
[2026-06-29T12:26:22.874+0000] {logging_mixin.py:190} INFO - [2026-06-29T12:26:22.873+0000] {dagbag.py:588} INFO - Filling up the DagBag from /opt/airflow/dags/urban_data_pipeline_dag.py
[2026-06-29T12:26:23.075+0000] {processor.py:925} INFO - DAG(s) 'urban_data_pipeline' retrieved from /opt/airflow/dags/urban_data_pipeline_dag.py
[2026-06-29T12:26:23.139+0000] {logging_mixin.py:190} INFO - [2026-06-29T12:26:23.139+0000] {dag.py:3239} INFO - Sync 1 DAGs
[2026-06-29T12:26:23.174+0000] {logging_mixin.py:190} INFO - [2026-06-29T12:26:23.173+0000] {dag.py:4180} INFO - Setting next_dagrun for urban_data_pipeline to 2026-06-01 00:00:00+00:00, run_after=2026-07-01 00:00:00+00:00
[2026-06-29T12:26:23.206+0000] {processor.py:208} INFO - Processing /opt/airflow/dags/urban_data_pipeline_dag.py took 0.350 seconds
[2026-06-29T12:26:53.726+0000] {processor.py:186} INFO - Started process (PID=4548) to work on /opt/airflow/dags/urban_data_pipeline_dag.py
[2026-06-29T12:26:53.727+0000] {processor.py:914} INFO - Processing file /opt/airflow/dags/urban_data_pipeline_dag.py for tasks to queue
[2026-06-29T12:26:53.732+0000] {logging_mixin.py:190} INFO - [2026-06-29T12:26:53.731+0000] {dagbag.py:588} INFO - Filling up the DagBag from /opt/airflow/dags/urban_data_pipeline_dag.py
[2026-06-29T12:26:53.998+0000] {processor.py:925} INFO - DAG(s) 'urban_data_pipeline' retrieved from /opt/airflow/dags/urban_data_pipeline_dag.py
[2026-06-29T12:26:54.053+0000] {logging_mixin.py:190} INFO - [2026-06-29T12:26:54.053+0000] {dag.py:3239} INFO - Sync 1 DAGs
[2026-06-29T12:26:54.084+0000] {logging_mixin.py:190} INFO - [2026-06-29T12:26:54.084+0000] {dag.py:4180} INFO - Setting next_dagrun for urban_data_pipeline to 2026-06-01 00:00:00+00:00, run_after=2026-07-01 00:00:00+00:00
[2026-06-29T12:26:54.116+0000] {processor.py:208} INFO - Processing /opt/airflow/dags/urban_data_pipeline_dag.py took 0.398 seconds
[2026-06-29T12:27:24.308+0000] {processor.py:186} INFO - Started process (PID=4566) to work on /opt/airflow/dags/urban_data_pipeline_dag.py
[2026-06-29T12:27:24.310+0000] {processor.py:914} INFO - Processing file /opt/airflow/dags/urban_data_pipeline_dag.py for tasks to queue
[2026-06-29T12:27:24.314+0000] {logging_mixin.py:190} INFO - [2026-06-29T12:27:24.314+0000] {dagbag.py:588} INFO - Filling up the DagBag from /opt/airflow/dags/urban_data_pipeline_dag.py
[2026-06-29T12:27:24.505+0000] {processor.py:925} INFO - DAG(s) 'urban_data_pipeline' retrieved from /opt/airflow/dags/urban_data_pipeline_dag.py
[2026-06-29T12:27:24.572+0000] {logging_mixin.py:190} INFO - [2026-06-29T12:27:24.572+0000] {dag.py:3239} INFO - Sync 1 DAGs
[2026-06-29T12:27:24.603+0000] {logging_mixin.py:190} INFO - [2026-06-29T12:27:24.603+0000] {dag.py:4180} INFO - Setting next_dagrun for urban_data_pipeline to 2026-06-01 00:00:00+00:00, run_after=2026-07-01 00:00:00+00:00
[2026-06-29T12:27:24.638+0000] {processor.py:208} INFO - Processing /opt/airflow/dags/urban_data_pipeline_dag.py took 0.339 seconds
[2026-06-29T12:27:54.969+0000] {processor.py:186} INFO - Started process (PID=4584) to work on /opt/airflow/dags/urban_data_pipeline_dag.py
[2026-06-29T12:27:54.971+0000] {processor.py:914} INFO - Processing file /opt/airflow/dags/urban_data_pipeline_dag.py for tasks to queue
[2026-06-29T12:27:54.975+0000] {logging_mixin.py:190} INFO - [2026-06-29T12:27:54.974+0000] {dagbag.py:588} INFO - Filling up the DagBag from /opt/airflow/dags/urban_data_pipeline_dag.py
[2026-06-29T12:27:55.080+0000] {processor.py:925} INFO - DAG(s) 'urban_data_pipeline' retrieved from /opt/airflow/dags/urban_data_pipeline_dag.py
[2026-06-29T12:27:55.141+0000] {logging_mixin.py:190} INFO - [2026-06-29T12:27:55.141+0000] {dag.py:3239} INFO - Sync 1 DAGs
[2026-06-29T12:27:55.170+0000] {logging_mixin.py:190} INFO - [2026-06-29T12:27:55.170+0000] {dag.py:4180} INFO - Setting next_dagrun for urban_data_pipeline to 2026-06-01 00:00:00+00:00, run_after=2026-07-01 00:00:00+00:00
[2026-06-29T12:27:55.197+0000] {processor.py:208} INFO - Processing /opt/airflow/dags/urban_data_pipeline_dag.py took 0.236 seconds
[2026-06-29T12:28:25.648+0000] {processor.py:186} INFO - Started process (PID=4602) to work on /opt/airflow/dags/urban_data_pipeline_dag.py
[2026-06-29T12:28:25.651+0000] {processor.py:914} INFO - Processing file /opt/airflow/dags/urban_data_pipeline_dag.py for tasks to queue
[2026-06-29T12:28:25.658+0000] {logging_mixin.py:190} INFO - [2026-06-29T12:28:25.657+0000] {dagbag.py:588} INFO - Filling up the DagBag from /opt/airflow/dags/urban_data_pipeline_dag.py
[2026-06-29T12:28:26.184+0000] {processor.py:925} INFO - DAG(s) 'urban_data_pipeline' retrieved from /opt/airflow/dags/urban_data_pipeline_dag.py
[2026-06-29T12:28:26.283+0000] {logging_mixin.py:190} INFO - [2026-06-29T12:28:26.283+0000] {dag.py:3239} INFO - Sync 1 DAGs
[2026-06-29T12:28:26.359+0000] {logging_mixin.py:190} INFO - [2026-06-29T12:28:26.357+0000] {dag.py:4180} INFO - Setting next_dagrun for urban_data_pipeline to 2026-06-01 00:00:00+00:00, run_after=2026-07-01 00:00:00+00:00
[2026-06-29T12:28:26.444+0000] {processor.py:208} INFO - Processing /opt/airflow/dags/urban_data_pipeline_dag.py took 0.814 seconds
[2026-06-29T12:28:57.067+0000] {processor.py:186} INFO - Started process (PID=4619) to work on /opt/airflow/dags/urban_data_pipeline_dag.py
[2026-06-29T12:28:57.069+0000] {processor.py:914} INFO - Processing file /opt/airflow/dags/urban_data_pipeline_dag.py for tasks to queue
[2026-06-29T12:28:57.074+0000] {logging_mixin.py:190} INFO - [2026-06-29T12:28:57.073+0000] {dagbag.py:588} INFO - Filling up the DagBag from /opt/airflow/dags/urban_data_pipeline_dag.py
[2026-06-29T12:28:57.338+0000] {processor.py:925} INFO - DAG(s) 'urban_data_pipeline' retrieved from /opt/airflow/dags/urban_data_pipeline_dag.py
[2026-06-29T12:28:57.415+0000] {logging_mixin.py:190} INFO - [2026-06-29T12:28:57.415+0000] {dag.py:3239} INFO - Sync 1 DAGs
[2026-06-29T12:28:57.458+0000] {logging_mixin.py:190} INFO - [2026-06-29T12:28:57.457+0000] {dag.py:4180} INFO - Setting next_dagrun for urban_data_pipeline to 2026-06-01 00:00:00+00:00, run_after=2026-07-01 00:00:00+00:00
[2026-06-29T12:28:57.493+0000] {processor.py:208} INFO - Processing /opt/airflow/dags/urban_data_pipeline_dag.py took 0.437 seconds
[2026-06-29T12:29:27.658+0000] {processor.py:186} INFO - Started process (PID=4630) to work on /opt/airflow/dags/urban_data_pipeline_dag.py
[2026-06-29T12:29:27.660+0000] {processor.py:914} INFO - Processing file /opt/airflow/dags/urban_data_pipeline_dag.py for tasks to queue
[2026-06-29T12:29:27.663+0000] {logging_mixin.py:190} INFO - [2026-06-29T12:29:27.663+0000] {dagbag.py:588} INFO - Filling up the DagBag from /opt/airflow/dags/urban_data_pipeline_dag.py
[2026-06-29T12:29:27.893+0000] {processor.py:925} INFO - DAG(s) 'urban_data_pipeline' retrieved from /opt/airflow/dags/urban_data_pipeline_dag.py
[2026-06-29T12:29:27.949+0000] {logging_mixin.py:190} INFO - [2026-06-29T12:29:27.949+0000] {dag.py:3239} INFO - Sync 1 DAGs
[2026-06-29T12:29:27.980+0000] {logging_mixin.py:190} INFO - [2026-06-29T12:29:27.979+0000] {dag.py:4180} INFO - Setting next_dagrun for urban_data_pipeline to 2026-06-01 00:00:00+00:00, run_after=2026-07-01 00:00:00+00:00
[2026-06-29T12:29:28.014+0000] {processor.py:208} INFO - Processing /opt/airflow/dags/urban_data_pipeline_dag.py took 0.363 seconds
[2026-06-29T12:29:58.148+0000] {processor.py:186} INFO - Started process (PID=4648) to work on /opt/airflow/dags/urban_data_pipeline_dag.py
[2026-06-29T12:29:58.151+0000] {processor.py:914} INFO - Processing file /opt/airflow/dags/urban_data_pipeline_dag.py for tasks to queue
[2026-06-29T12:29:58.155+0000] {logging_mixin.py:190} INFO - [2026-06-29T12:29:58.155+0000] {dagbag.py:588} INFO - Filling up the DagBag from /opt/airflow/dags/urban_data_pipeline_dag.py
[2026-06-29T12:29:58.432+0000] {processor.py:925} INFO - DAG(s) 'urban_data_pipeline' retrieved from /opt/airflow/dags/urban_data_pipeline_dag.py
[2026-06-29T12:29:58.502+0000] {logging_mixin.py:190} INFO - [2026-06-29T12:29:58.502+0000] {dag.py:3239} INFO - Sync 1 DAGs
[2026-06-29T12:29:58.538+0000] {logging_mixin.py:190} INFO - [2026-06-29T12:29:58.538+0000] {dag.py:4180} INFO - Setting next_dagrun for urban_data_pipeline to 2026-06-01 00:00:00+00:00, run_after=2026-07-01 00:00:00+00:00
[2026-06-29T12:29:58.570+0000] {processor.py:208} INFO - Processing /opt/airflow/dags/urban_data_pipeline_dag.py took 0.432 seconds
[2026-06-29T12:30:29.573+0000] {processor.py:186} INFO - Started process (PID=4666) to work on /opt/airflow/dags/urban_data_pipeline_dag.py
[2026-06-29T12:30:29.577+0000] {processor.py:914} INFO - Processing file /opt/airflow/dags/urban_data_pipeline_dag.py for tasks to queue
[2026-06-29T12:30:29.583+0000] {logging_mixin.py:190} INFO - [2026-06-29T12:30:29.582+0000] {dagbag.py:588} INFO - Filling up the DagBag from /opt/airflow/dags/urban_data_pipeline_dag.py
[2026-06-29T12:30:30.226+0000] {processor.py:925} INFO - DAG(s) 'urban_data_pipeline' retrieved from /opt/airflow/dags/urban_data_pipeline_dag.py
[2026-06-29T12:30:30.298+0000] {logging_mixin.py:190} INFO - [2026-06-29T12:30:30.298+0000] {dag.py:3239} INFO - Sync 1 DAGs
[2026-06-29T12:30:30.332+0000] {logging_mixin.py:190} INFO - [2026-06-29T12:30:30.332+0000] {dag.py:4180} INFO - Setting next_dagrun for urban_data_pipeline to 2026-06-01 00:00:00+00:00, run_after=2026-07-01 00:00:00+00:00
[2026-06-29T12:30:30.374+0000] {processor.py:208} INFO - Processing /opt/airflow/dags/urban_data_pipeline_dag.py took 0.813 seconds
[2026-06-29T12:31:00.801+0000] {processor.py:186} INFO - Started process (PID=4684) to work on /opt/airflow/dags/urban_data_pipeline_dag.py
[2026-06-29T12:31:00.804+0000] {processor.py:914} INFO - Processing file /opt/airflow/dags/urban_data_pipeline_dag.py for tasks to queue
[2026-06-29T12:31:00.808+0000] {logging_mixin.py:190} INFO - [2026-06-29T12:31:00.807+0000] {dagbag.py:588} INFO - Filling up the DagBag from /opt/airflow/dags/urban_data_pipeline_dag.py
[2026-06-29T12:31:01.248+0000] {processor.py:925} INFO - DAG(s) 'urban_data_pipeline' retrieved from /opt/airflow/dags/urban_data_pipeline_dag.py
[2026-06-29T12:31:01.341+0000] {logging_mixin.py:190} INFO - [2026-06-29T12:31:01.341+0000] {dag.py:3239} INFO - Sync 1 DAGs
[2026-06-29T12:31:01.384+0000] {logging_mixin.py:190} INFO - [2026-06-29T12:31:01.383+0000] {dag.py:4180} INFO - Setting next_dagrun for urban_data_pipeline to 2026-06-01 00:00:00+00:00, run_after=2026-07-01 00:00:00+00:00
[2026-06-29T12:31:01.451+0000] {processor.py:208} INFO - Processing /opt/airflow/dags/urban_data_pipeline_dag.py took 0.659 seconds
[2026-06-29T12:31:31.601+0000] {processor.py:186} INFO - Started process (PID=4702) to work on /opt/airflow/dags/urban_data_pipeline_dag.py
[2026-06-29T12:31:31.603+0000] {processor.py:914} INFO - Processing file /opt/airflow/dags/urban_data_pipeline_dag.py for tasks to queue
[2026-06-29T12:31:31.607+0000] {logging_mixin.py:190} INFO - [2026-06-29T12:31:31.607+0000] {dagbag.py:588} INFO - Filling up the DagBag from /opt/airflow/dags/urban_data_pipeline_dag.py
[2026-06-29T12:31:31.789+0000] {processor.py:925} INFO - DAG(s) 'urban_data_pipeline' retrieved from /opt/airflow/dags/urban_data_pipeline_dag.py
[2026-06-29T12:31:31.852+0000] {logging_mixin.py:190} INFO - [2026-06-29T12:31:31.852+0000] {dag.py:3239} INFO - Sync 1 DAGs
[2026-06-29T12:31:31.885+0000] {logging_mixin.py:190} INFO - [2026-06-29T12:31:31.884+0000] {dag.py:4180} INFO - Setting next_dagrun for urban_data_pipeline to 2026-06-01 00:00:00+00:00, run_after=2026-07-01 00:00:00+00:00
[2026-06-29T12:31:31.917+0000] {processor.py:208} INFO - Processing /opt/airflow/dags/urban_data_pipeline_dag.py took 0.324 seconds
[2026-06-29T12:32:02.133+0000] {processor.py:186} INFO - Started process (PID=4720) to work on /opt/airflow/dags/urban_data_pipeline_dag.py
[2026-06-29T12:32:02.138+0000] {processor.py:914} INFO - Processing file /opt/airflow/dags/urban_data_pipeline_dag.py for tasks to queue
[2026-06-29T12:32:02.147+0000] {logging_mixin.py:190} INFO - [2026-06-29T12:32:02.146+0000] {dagbag.py:588} INFO - Filling up the DagBag from /opt/airflow/dags/urban_data_pipeline_dag.py
[2026-06-29T12:32:02.769+0000] {processor.py:925} INFO - DAG(s) 'urban_data_pipeline' retrieved from /opt/airflow/dags/urban_data_pipeline_dag.py
[2026-06-29T12:32:02.832+0000] {logging_mixin.py:190} INFO - [2026-06-29T12:32:02.832+0000] {dag.py:3239} INFO - Sync 1 DAGs
[2026-06-29T12:32:02.864+0000] {logging_mixin.py:190} INFO - [2026-06-29T12:32:02.863+0000] {dag.py:4180} INFO - Setting next_dagrun for urban_data_pipeline to 2026-06-01 00:00:00+00:00, run_after=2026-07-01 00:00:00+00:00
[2026-06-29T12:32:02.897+0000] {processor.py:208} INFO - Processing /opt/airflow/dags/urban_data_pipeline_dag.py took 0.785 seconds
[2026-06-29T12:32:33.911+0000] {processor.py:186} INFO - Started process (PID=4737) to work on /opt/airflow/dags/urban_data_pipeline_dag.py
[2026-06-29T12:32:33.915+0000] {processor.py:914} INFO - Processing file /opt/airflow/dags/urban_data_pipeline_dag.py for tasks to queue
[2026-06-29T12:32:33.925+0000] {logging_mixin.py:190} INFO - [2026-06-29T12:32:33.925+0000] {dagbag.py:588} INFO - Filling up the DagBag from /opt/airflow/dags/urban_data_pipeline_dag.py
[2026-06-29T12:32:34.386+0000] {processor.py:925} INFO - DAG(s) 'urban_data_pipeline' retrieved from /opt/airflow/dags/urban_data_pipeline_dag.py
[2026-06-29T12:32:34.455+0000] {logging_mixin.py:190} INFO - [2026-06-29T12:32:34.455+0000] {dag.py:3239} INFO - Sync 1 DAGs
[2026-06-29T12:32:34.489+0000] {logging_mixin.py:190} INFO - [2026-06-29T12:32:34.488+0000] {dag.py:4180} INFO - Setting next_dagrun for urban_data_pipeline to 2026-06-01 00:00:00+00:00, run_after=2026-07-01 00:00:00+00:00
[2026-06-29T12:32:34.522+0000] {processor.py:208} INFO - Processing /opt/airflow/dags/urban_data_pipeline_dag.py took 0.624 seconds
[2026-06-29T12:33:04.785+0000] {processor.py:186} INFO - Started process (PID=4748) to work on /opt/airflow/dags/urban_data_pipeline_dag.py
[2026-06-29T12:33:04.786+0000] {processor.py:914} INFO - Processing file /opt/airflow/dags/urban_data_pipeline_dag.py for tasks to queue
[2026-06-29T12:33:04.790+0000] {logging_mixin.py:190} INFO - [2026-06-29T12:33:04.789+0000] {dagbag.py:588} INFO - Filling up the DagBag from /opt/airflow/dags/urban_data_pipeline_dag.py
[2026-06-29T12:33:04.892+0000] {processor.py:925} INFO - DAG(s) 'urban_data_pipeline' retrieved from /opt/airflow/dags/urban_data_pipeline_dag.py
[2026-06-29T12:33:04.946+0000] {logging_mixin.py:190} INFO - [2026-06-29T12:33:04.946+0000] {dag.py:3239} INFO - Sync 1 DAGs
[2026-06-29T12:33:04.978+0000] {logging_mixin.py:190} INFO - [2026-06-29T12:33:04.978+0000] {dag.py:4180} INFO - Setting next_dagrun for urban_data_pipeline to 2026-06-01 00:00:00+00:00, run_after=2026-07-01 00:00:00+00:00
[2026-06-29T12:33:05.015+0000] {processor.py:208} INFO - Processing /opt/airflow/dags/urban_data_pipeline_dag.py took 0.237 seconds
[2026-06-29T12:33:35.889+0000] {processor.py:186} INFO - Started process (PID=4766) to work on /opt/airflow/dags/urban_data_pipeline_dag.py
[2026-06-29T12:33:35.890+0000] {processor.py:914} INFO - Processing file /opt/airflow/dags/urban_data_pipeline_dag.py for tasks to queue
[2026-06-29T12:33:35.895+0000] {logging_mixin.py:190} INFO - [2026-06-29T12:33:35.895+0000] {dagbag.py:588} INFO - Filling up the DagBag from /opt/airflow/dags/urban_data_pipeline_dag.py
[2026-06-29T12:33:36.176+0000] {processor.py:925} INFO - DAG(s) 'urban_data_pipeline' retrieved from /opt/airflow/dags/urban_data_pipeline_dag.py
[2026-06-29T12:33:36.250+0000] {logging_mixin.py:190} INFO - [2026-06-29T12:33:36.250+0000] {dag.py:3239} INFO - Sync 1 DAGs
[2026-06-29T12:33:36.286+0000] {logging_mixin.py:190} INFO - [2026-06-29T12:33:36.286+0000] {dag.py:4180} INFO - Setting next_dagrun for urban_data_pipeline to 2026-06-01 00:00:00+00:00, run_after=2026-07-01 00:00:00+00:00
[2026-06-29T12:33:36.319+0000] {processor.py:208} INFO - Processing /opt/airflow/dags/urban_data_pipeline_dag.py took 0.440 seconds
[2026-06-29T12:34:07.364+0000] {processor.py:186} INFO - Started process (PID=4787) to work on /opt/airflow/dags/urban_data_pipeline_dag.py
[2026-06-29T12:34:07.366+0000] {processor.py:914} INFO - Processing file /opt/airflow/dags/urban_data_pipeline_dag.py for tasks to queue
[2026-06-29T12:34:07.371+0000] {logging_mixin.py:190} INFO - [2026-06-29T12:34:07.370+0000] {dagbag.py:588} INFO - Filling up the DagBag from /opt/airflow/dags/urban_data_pipeline_dag.py
[2026-06-29T12:34:07.873+0000] {processor.py:925} INFO - DAG(s) 'urban_data_pipeline' retrieved from /opt/airflow/dags/urban_data_pipeline_dag.py
[2026-06-29T12:34:07.998+0000] {logging_mixin.py:190} INFO - [2026-06-29T12:34:07.998+0000] {dag.py:3239} INFO - Sync 1 DAGs
[2026-06-29T12:34:08.036+0000] {logging_mixin.py:190} INFO - [2026-06-29T12:34:08.035+0000] {dag.py:4180} INFO - Setting next_dagrun for urban_data_pipeline to 2026-06-01 00:00:00+00:00, run_after=2026-07-01 00:00:00+00:00
[2026-06-29T12:34:08.100+0000] {processor.py:208} INFO - Processing /opt/airflow/dags/urban_data_pipeline_dag.py took 0.746 seconds
[2026-06-29T12:34:38.673+0000] {processor.py:186} INFO - Started process (PID=4807) to work on /opt/airflow/dags/urban_data_pipeline_dag.py
[2026-06-29T12:34:38.680+0000] {processor.py:914} INFO - Processing file /opt/airflow/dags/urban_data_pipeline_dag.py for tasks to queue
[2026-06-29T12:34:38.688+0000] {logging_mixin.py:190} INFO - [2026-06-29T12:34:38.687+0000] {dagbag.py:588} INFO - Filling up the DagBag from /opt/airflow/dags/urban_data_pipeline_dag.py
[2026-06-29T12:34:39.224+0000] {processor.py:925} INFO - DAG(s) 'urban_data_pipeline' retrieved from /opt/airflow/dags/urban_data_pipeline_dag.py
[2026-06-29T12:34:39.296+0000] {logging_mixin.py:190} INFO - [2026-06-29T12:34:39.295+0000] {dag.py:3239} INFO - Sync 1 DAGs
[2026-06-29T12:34:39.339+0000] {logging_mixin.py:190} INFO - [2026-06-29T12:34:39.337+0000] {dag.py:4180} INFO - Setting next_dagrun for urban_data_pipeline to 2026-06-01 00:00:00+00:00, run_after=2026-07-01 00:00:00+00:00
[2026-06-29T12:34:39.411+0000] {processor.py:208} INFO - Processing /opt/airflow/dags/urban_data_pipeline_dag.py took 0.751 seconds
[2026-06-29T12:35:10.426+0000] {processor.py:186} INFO - Started process (PID=4825) to work on /opt/airflow/dags/urban_data_pipeline_dag.py
[2026-06-29T12:35:10.431+0000] {processor.py:914} INFO - Processing file /opt/airflow/dags/urban_data_pipeline_dag.py for tasks to queue
[2026-06-29T12:35:10.441+0000] {logging_mixin.py:190} INFO - [2026-06-29T12:35:10.440+0000] {dagbag.py:588} INFO - Filling up the DagBag from /opt/airflow/dags/urban_data_pipeline_dag.py
[2026-06-29T12:35:10.811+0000] {processor.py:925} INFO - DAG(s) 'urban_data_pipeline' retrieved from /opt/airflow/dags/urban_data_pipeline_dag.py
[2026-06-29T12:35:10.882+0000] {logging_mixin.py:190} INFO - [2026-06-29T12:35:10.882+0000] {dag.py:3239} INFO - Sync 1 DAGs
[2026-06-29T12:35:10.915+0000] {logging_mixin.py:190} INFO - [2026-06-29T12:35:10.915+0000] {dag.py:4180} INFO - Setting next_dagrun for urban_data_pipeline to 2026-06-01 00:00:00+00:00, run_after=2026-07-01 00:00:00+00:00
[2026-06-29T12:35:10.946+0000] {processor.py:208} INFO - Processing /opt/airflow/dags/urban_data_pipeline_dag.py took 0.542 seconds
[2026-06-29T12:35:41.423+0000] {processor.py:186} INFO - Started process (PID=4843) to work on /opt/airflow/dags/urban_data_pipeline_dag.py
[2026-06-29T12:35:41.424+0000] {processor.py:914} INFO - Processing file /opt/airflow/dags/urban_data_pipeline_dag.py for tasks to queue
[2026-06-29T12:35:41.429+0000] {logging_mixin.py:190} INFO - [2026-06-29T12:35:41.428+0000] {dagbag.py:588} INFO - Filling up the DagBag from /opt/airflow/dags/urban_data_pipeline_dag.py
[2026-06-29T12:35:41.695+0000] {processor.py:925} INFO - DAG(s) 'urban_data_pipeline' retrieved from /opt/airflow/dags/urban_data_pipeline_dag.py
[2026-06-29T12:35:41.779+0000] {logging_mixin.py:190} INFO - [2026-06-29T12:35:41.779+0000] {dag.py:3239} INFO - Sync 1 DAGs
[2026-06-29T12:35:41.816+0000] {logging_mixin.py:190} INFO - [2026-06-29T12:35:41.815+0000] {dag.py:4180} INFO - Setting next_dagrun for urban_data_pipeline to 2026-06-01 00:00:00+00:00, run_after=2026-07-01 00:00:00+00:00
[2026-06-29T12:35:41.850+0000] {processor.py:208} INFO - Processing /opt/airflow/dags/urban_data_pipeline_dag.py took 0.438 seconds
[2026-06-29T12:36:12.150+0000] {processor.py:186} INFO - Started process (PID=4860) to work on /opt/airflow/dags/urban_data_pipeline_dag.py
[2026-06-29T12:36:12.153+0000] {processor.py:914} INFO - Processing file /opt/airflow/dags/urban_data_pipeline_dag.py for tasks to queue
[2026-06-29T12:36:12.158+0000] {logging_mixin.py:190} INFO - [2026-06-29T12:36:12.157+0000] {dagbag.py:588} INFO - Filling up the DagBag from /opt/airflow/dags/urban_data_pipeline_dag.py
[2026-06-29T12:36:12.726+0000] {processor.py:925} INFO - DAG(s) 'urban_data_pipeline' retrieved from /opt/airflow/dags/urban_data_pipeline_dag.py
[2026-06-29T12:36:12.789+0000] {logging_mixin.py:190} INFO - [2026-06-29T12:36:12.789+0000] {dag.py:3239} INFO - Sync 1 DAGs
[2026-06-29T12:36:12.831+0000] {logging_mixin.py:190} INFO - [2026-06-29T12:36:12.831+0000] {dag.py:4180} INFO - Setting next_dagrun for urban_data_pipeline to 2026-06-01 00:00:00+00:00, run_after=2026-07-01 00:00:00+00:00
[2026-06-29T12:36:12.865+0000] {processor.py:208} INFO - Processing /opt/airflow/dags/urban_data_pipeline_dag.py took 0.726 seconds
[2026-06-29T12:36:43.296+0000] {processor.py:186} INFO - Started process (PID=4871) to work on /opt/airflow/dags/urban_data_pipeline_dag.py
[2026-06-29T12:36:43.298+0000] {processor.py:914} INFO - Processing file /opt/airflow/dags/urban_data_pipeline_dag.py for tasks to queue
[2026-06-29T12:36:43.302+0000] {logging_mixin.py:190} INFO - [2026-06-29T12:36:43.301+0000] {dagbag.py:588} INFO - Filling up the DagBag from /opt/airflow/dags/urban_data_pipeline_dag.py
[2026-06-29T12:36:43.652+0000] {processor.py:925} INFO - DAG(s) 'urban_data_pipeline' retrieved from /opt/airflow/dags/urban_data_pipeline_dag.py
[2026-06-29T12:36:43.721+0000] {logging_mixin.py:190} INFO - [2026-06-29T12:36:43.721+0000] {dag.py:3239} INFO - Sync 1 DAGs
[2026-06-29T12:36:43.759+0000] {logging_mixin.py:190} INFO - [2026-06-29T12:36:43.758+0000] {dag.py:4180} INFO - Setting next_dagrun for urban_data_pipeline to 2026-06-01 00:00:00+00:00, run_after=2026-07-01 00:00:00+00:00
[2026-06-29T12:36:43.858+0000] {processor.py:208} INFO - Processing /opt/airflow/dags/urban_data_pipeline_dag.py took 0.570 seconds
[2026-06-29T12:37:14.384+0000] {processor.py:186} INFO - Started process (PID=4889) to work on /opt/airflow/dags/urban_data_pipeline_dag.py
[2026-06-29T12:37:14.387+0000] {processor.py:914} INFO - Processing file /opt/airflow/dags/urban_data_pipeline_dag.py for tasks to queue
[2026-06-29T12:37:14.393+0000] {logging_mixin.py:190} INFO - [2026-06-29T12:37:14.392+0000] {dagbag.py:588} INFO - Filling up the DagBag from /opt/airflow/dags/urban_data_pipeline_dag.py
[2026-06-29T12:37:14.827+0000] {processor.py:925} INFO - DAG(s) 'urban_data_pipeline' retrieved from /opt/airflow/dags/urban_data_pipeline_dag.py
[2026-06-29T12:37:14.907+0000] {logging_mixin.py:190} INFO - [2026-06-29T12:37:14.907+0000] {dag.py:3239} INFO - Sync 1 DAGs
[2026-06-29T12:37:14.968+0000] {logging_mixin.py:190} INFO - [2026-06-29T12:37:14.967+0000] {dag.py:4180} INFO - Setting next_dagrun for urban_data_pipeline to 2026-06-01 00:00:00+00:00, run_after=2026-07-01 00:00:00+00:00
[2026-06-29T12:37:15.068+0000] {processor.py:208} INFO - Processing /opt/airflow/dags/urban_data_pipeline_dag.py took 0.705 seconds
[2026-06-29T12:37:45.398+0000] {processor.py:186} INFO - Started process (PID=4907) to work on /opt/airflow/dags/urban_data_pipeline_dag.py
[2026-06-29T12:37:45.404+0000] {processor.py:914} INFO - Processing file /opt/airflow/dags/urban_data_pipeline_dag.py for tasks to queue
[2026-06-29T12:37:45.418+0000] {logging_mixin.py:190} INFO - [2026-06-29T12:37:45.417+0000] {dagbag.py:588} INFO - Filling up the DagBag from /opt/airflow/dags/urban_data_pipeline_dag.py
[2026-06-29T12:37:45.804+0000] {processor.py:925} INFO - DAG(s) 'urban_data_pipeline' retrieved from /opt/airflow/dags/urban_data_pipeline_dag.py
[2026-06-29T12:37:45.913+0000] {logging_mixin.py:190} INFO - [2026-06-29T12:37:45.913+0000] {dag.py:3239} INFO - Sync 1 DAGs
[2026-06-29T12:37:45.977+0000] {logging_mixin.py:190} INFO - [2026-06-29T12:37:45.976+0000] {dag.py:4180} INFO - Setting next_dagrun for urban_data_pipeline to 2026-06-01 00:00:00+00:00, run_after=2026-07-01 00:00:00+00:00
[2026-06-29T12:37:46.051+0000] {processor.py:208} INFO - Processing /opt/airflow/dags/urban_data_pipeline_dag.py took 0.675 seconds
[2026-06-29T12:38:17.200+0000] {processor.py:186} INFO - Started process (PID=4925) to work on /opt/airflow/dags/urban_data_pipeline_dag.py
[2026-06-29T12:38:17.202+0000] {processor.py:914} INFO - Processing file /opt/airflow/dags/urban_data_pipeline_dag.py for tasks to queue
[2026-06-29T12:38:17.213+0000] {logging_mixin.py:190} INFO - [2026-06-29T12:38:17.213+0000] {dagbag.py:588} INFO - Filling up the DagBag from /opt/airflow/dags/urban_data_pipeline_dag.py
[2026-06-29T12:38:17.497+0000] {processor.py:925} INFO - DAG(s) 'urban_data_pipeline' retrieved from /opt/airflow/dags/urban_data_pipeline_dag.py
[2026-06-29T12:38:17.571+0000] {logging_mixin.py:190} INFO - [2026-06-29T12:38:17.570+0000] {dag.py:3239} INFO - Sync 1 DAGs
[2026-06-29T12:38:17.617+0000] {logging_mixin.py:190} INFO - [2026-06-29T12:38:17.617+0000] {dag.py:4180} INFO - Setting next_dagrun for urban_data_pipeline to 2026-06-01 00:00:00+00:00, run_after=2026-07-01 00:00:00+00:00
[2026-06-29T12:38:17.687+0000] {processor.py:208} INFO - Processing /opt/airflow/dags/urban_data_pipeline_dag.py took 0.502 seconds
[2026-06-29T12:38:48.604+0000] {processor.py:186} INFO - Started process (PID=4943) to work on /opt/airflow/dags/urban_data_pipeline_dag.py
[2026-06-29T12:38:48.607+0000] {processor.py:914} INFO - Processing file /opt/airflow/dags/urban_data_pipeline_dag.py for tasks to queue
[2026-06-29T12:38:48.611+0000] {logging_mixin.py:190} INFO - [2026-06-29T12:38:48.611+0000] {dagbag.py:588} INFO - Filling up the DagBag from /opt/airflow/dags/urban_data_pipeline_dag.py
[2026-06-29T12:38:48.892+0000] {processor.py:925} INFO - DAG(s) 'urban_data_pipeline' retrieved from /opt/airflow/dags/urban_data_pipeline_dag.py
[2026-06-29T12:38:48.966+0000] {logging_mixin.py:190} INFO - [2026-06-29T12:38:48.966+0000] {dag.py:3239} INFO - Sync 1 DAGs
[2026-06-29T12:38:49.004+0000] {logging_mixin.py:190} INFO - [2026-06-29T12:38:49.003+0000] {dag.py:4180} INFO - Setting next_dagrun for urban_data_pipeline to 2026-06-01 00:00:00+00:00, run_after=2026-07-01 00:00:00+00:00
[2026-06-29T12:38:49.039+0000] {processor.py:208} INFO - Processing /opt/airflow/dags/urban_data_pipeline_dag.py took 0.444 seconds
[2026-06-29T12:39:19.507+0000] {processor.py:186} INFO - Started process (PID=4960) to work on /opt/airflow/dags/urban_data_pipeline_dag.py
[2026-06-29T12:39:19.509+0000] {processor.py:914} INFO - Processing file /opt/airflow/dags/urban_data_pipeline_dag.py for tasks to queue
[2026-06-29T12:39:19.514+0000] {logging_mixin.py:190} INFO - [2026-06-29T12:39:19.513+0000] {dagbag.py:588} INFO - Filling up the DagBag from /opt/airflow/dags/urban_data_pipeline_dag.py
[2026-06-29T12:39:20.032+0000] {processor.py:925} INFO - DAG(s) 'urban_data_pipeline' retrieved from /opt/airflow/dags/urban_data_pipeline_dag.py
[2026-06-29T12:39:20.168+0000] {logging_mixin.py:190} INFO - [2026-06-29T12:39:20.168+0000] {dag.py:3239} INFO - Sync 1 DAGs
[2026-06-29T12:39:20.263+0000] {logging_mixin.py:190} INFO - [2026-06-29T12:39:20.262+0000] {dag.py:4180} INFO - Setting next_dagrun for urban_data_pipeline to 2026-06-01 00:00:00+00:00, run_after=2026-07-01 00:00:00+00:00
[2026-06-29T12:39:20.422+0000] {processor.py:208} INFO - Processing /opt/airflow/dags/urban_data_pipeline_dag.py took 0.939 seconds
[2026-06-29T12:39:50.825+0000] {processor.py:186} INFO - Started process (PID=4971) to work on /opt/airflow/dags/urban_data_pipeline_dag.py
[2026-06-29T12:39:50.827+0000] {processor.py:914} INFO - Processing file /opt/airflow/dags/urban_data_pipeline_dag.py for tasks to queue
[2026-06-29T12:39:50.834+0000] {logging_mixin.py:190} INFO - [2026-06-29T12:39:50.833+0000] {dagbag.py:588} INFO - Filling up the DagBag from /opt/airflow/dags/urban_data_pipeline_dag.py
[2026-06-29T12:39:51.517+0000] {processor.py:925} INFO - DAG(s) 'urban_data_pipeline' retrieved from /opt/airflow/dags/urban_data_pipeline_dag.py
[2026-06-29T12:39:51.694+0000] {logging_mixin.py:190} INFO - [2026-06-29T12:39:51.694+0000] {dag.py:3239} INFO - Sync 1 DAGs
[2026-06-29T12:39:51.741+0000] {logging_mixin.py:190} INFO - [2026-06-29T12:39:51.741+0000] {dag.py:4180} INFO - Setting next_dagrun for urban_data_pipeline to 2026-06-01 00:00:00+00:00, run_after=2026-07-01 00:00:00+00:00
[2026-06-29T12:39:51.799+0000] {processor.py:208} INFO - Processing /opt/airflow/dags/urban_data_pipeline_dag.py took 0.984 seconds
[2026-06-29T12:40:22.251+0000] {processor.py:186} INFO - Started process (PID=4989) to work on /opt/airflow/dags/urban_data_pipeline_dag.py
[2026-06-29T12:40:22.257+0000] {processor.py:914} INFO - Processing file /opt/airflow/dags/urban_data_pipeline_dag.py for tasks to queue
[2026-06-29T12:40:22.267+0000] {logging_mixin.py:190} INFO - [2026-06-29T12:40:22.265+0000] {dagbag.py:588} INFO - Filling up the DagBag from /opt/airflow/dags/urban_data_pipeline_dag.py
[2026-06-29T12:40:22.803+0000] {processor.py:925} INFO - DAG(s) 'urban_data_pipeline' retrieved from /opt/airflow/dags/urban_data_pipeline_dag.py
[2026-06-29T12:40:22.902+0000] {logging_mixin.py:190} INFO - [2026-06-29T12:40:22.902+0000] {dag.py:3239} INFO - Sync 1 DAGs
[2026-06-29T12:40:22.944+0000] {logging_mixin.py:190} INFO - [2026-06-29T12:40:22.943+0000] {dag.py:4180} INFO - Setting next_dagrun for urban_data_pipeline to 2026-06-01 00:00:00+00:00, run_after=2026-07-01 00:00:00+00:00
[2026-06-29T12:40:22.984+0000] {processor.py:208} INFO - Processing /opt/airflow/dags/urban_data_pipeline_dag.py took 0.749 seconds
[2026-06-29T12:40:53.478+0000] {processor.py:186} INFO - Started process (PID=5007) to work on /opt/airflow/dags/urban_data_pipeline_dag.py
[2026-06-29T12:40:53.483+0000] {processor.py:914} INFO - Processing file /opt/airflow/dags/urban_data_pipeline_dag.py for tasks to queue
[2026-06-29T12:40:53.489+0000] {logging_mixin.py:190} INFO - [2026-06-29T12:40:53.488+0000] {dagbag.py:588} INFO - Filling up the DagBag from /opt/airflow/dags/urban_data_pipeline_dag.py
[2026-06-29T12:40:54.084+0000] {processor.py:925} INFO - DAG(s) 'urban_data_pipeline' retrieved from /opt/airflow/dags/urban_data_pipeline_dag.py
[2026-06-29T12:40:54.156+0000] {logging_mixin.py:190} INFO - [2026-06-29T12:40:54.156+0000] {dag.py:3239} INFO - Sync 1 DAGs
[2026-06-29T12:40:54.190+0000] {logging_mixin.py:190} INFO - [2026-06-29T12:40:54.190+0000] {dag.py:4180} INFO - Setting next_dagrun for urban_data_pipeline to 2026-06-01 00:00:00+00:00, run_after=2026-07-01 00:00:00+00:00
[2026-06-29T12:40:54.228+0000] {processor.py:208} INFO - Processing /opt/airflow/dags/urban_data_pipeline_dag.py took 0.766 seconds
[2026-06-29T12:41:25.318+0000] {processor.py:186} INFO - Started process (PID=5025) to work on /opt/airflow/dags/urban_data_pipeline_dag.py
[2026-06-29T12:41:25.321+0000] {processor.py:914} INFO - Processing file /opt/airflow/dags/urban_data_pipeline_dag.py for tasks to queue
[2026-06-29T12:41:25.325+0000] {logging_mixin.py:190} INFO - [2026-06-29T12:41:25.324+0000] {dagbag.py:588} INFO - Filling up the DagBag from /opt/airflow/dags/urban_data_pipeline_dag.py
[2026-06-29T12:41:25.736+0000] {processor.py:925} INFO - DAG(s) 'urban_data_pipeline' retrieved from /opt/airflow/dags/urban_data_pipeline_dag.py
[2026-06-29T12:41:25.829+0000] {logging_mixin.py:190} INFO - [2026-06-29T12:41:25.829+0000] {dag.py:3239} INFO - Sync 1 DAGs
[2026-06-29T12:41:25.872+0000] {logging_mixin.py:190} INFO - [2026-06-29T12:41:25.872+0000] {dag.py:4180} INFO - Setting next_dagrun for urban_data_pipeline to 2026-06-01 00:00:00+00:00, run_after=2026-07-01 00:00:00+00:00
[2026-06-29T12:41:25.924+0000] {processor.py:208} INFO - Processing /opt/airflow/dags/urban_data_pipeline_dag.py took 0.627 seconds
[2026-06-29T12:41:56.199+0000] {processor.py:186} INFO - Started process (PID=5043) to work on /opt/airflow/dags/urban_data_pipeline_dag.py
[2026-06-29T12:41:56.201+0000] {processor.py:914} INFO - Processing file /opt/airflow/dags/urban_data_pipeline_dag.py for tasks to queue
[2026-06-29T12:41:56.212+0000] {logging_mixin.py:190} INFO - [2026-06-29T12:41:56.211+0000] {dagbag.py:588} INFO - Filling up the DagBag from /opt/airflow/dags/urban_data_pipeline_dag.py
[2026-06-29T12:41:56.723+0000] {processor.py:925} INFO - DAG(s) 'urban_data_pipeline' retrieved from /opt/airflow/dags/urban_data_pipeline_dag.py
[2026-06-29T12:41:56.794+0000] {logging_mixin.py:190} INFO - [2026-06-29T12:41:56.794+0000] {dag.py:3239} INFO - Sync 1 DAGs
[2026-06-29T12:41:56.831+0000] {logging_mixin.py:190} INFO - [2026-06-29T12:41:56.831+0000] {dag.py:4180} INFO - Setting next_dagrun for urban_data_pipeline to 2026-06-01 00:00:00+00:00, run_after=2026-07-01 00:00:00+00:00
[2026-06-29T12:41:56.894+0000] {processor.py:208} INFO - Processing /opt/airflow/dags/urban_data_pipeline_dag.py took 0.706 seconds
[2026-06-29T12:42:27.685+0000] {processor.py:186} INFO - Started process (PID=5060) to work on /opt/airflow/dags/urban_data_pipeline_dag.py
[2026-06-29T12:42:27.688+0000] {processor.py:914} INFO - Processing file /opt/airflow/dags/urban_data_pipeline_dag.py for tasks to queue
[2026-06-29T12:42:27.694+0000] {logging_mixin.py:190} INFO - [2026-06-29T12:42:27.693+0000] {dagbag.py:588} INFO - Filling up the DagBag from /opt/airflow/dags/urban_data_pipeline_dag.py
[2026-06-29T12:42:27.959+0000] {processor.py:925} INFO - DAG(s) 'urban_data_pipeline' retrieved from /opt/airflow/dags/urban_data_pipeline_dag.py
[2026-06-29T12:42:28.039+0000] {logging_mixin.py:190} INFO - [2026-06-29T12:42:28.039+0000] {dag.py:3239} INFO - Sync 1 DAGs
[2026-06-29T12:42:28.077+0000] {logging_mixin.py:190} INFO - [2026-06-29T12:42:28.076+0000] {dag.py:4180} INFO - Setting next_dagrun for urban_data_pipeline to 2026-06-01 00:00:00+00:00, run_after=2026-07-01 00:00:00+00:00
[2026-06-29T12:42:28.111+0000] {processor.py:208} INFO - Processing /opt/airflow/dags/urban_data_pipeline_dag.py took 0.444 seconds
[2026-06-29T12:42:58.590+0000] {processor.py:186} INFO - Started process (PID=5071) to work on /opt/airflow/dags/urban_data_pipeline_dag.py
[2026-06-29T12:42:58.594+0000] {processor.py:914} INFO - Processing file /opt/airflow/dags/urban_data_pipeline_dag.py for tasks to queue
[2026-06-29T12:42:58.601+0000] {logging_mixin.py:190} INFO - [2026-06-29T12:42:58.600+0000] {dagbag.py:588} INFO - Filling up the DagBag from /opt/airflow/dags/urban_data_pipeline_dag.py
[2026-06-29T12:42:59.249+0000] {processor.py:925} INFO - DAG(s) 'urban_data_pipeline' retrieved from /opt/airflow/dags/urban_data_pipeline_dag.py
[2026-06-29T12:42:59.326+0000] {logging_mixin.py:190} INFO - [2026-06-29T12:42:59.325+0000] {dag.py:3239} INFO - Sync 1 DAGs
[2026-06-29T12:42:59.365+0000] {logging_mixin.py:190} INFO - [2026-06-29T12:42:59.365+0000] {dag.py:4180} INFO - Setting next_dagrun for urban_data_pipeline to 2026-06-01 00:00:00+00:00, run_after=2026-07-01 00:00:00+00:00
[2026-06-29T12:42:59.404+0000] {processor.py:208} INFO - Processing /opt/airflow/dags/urban_data_pipeline_dag.py took 0.836 seconds
[2026-06-29T12:43:29.933+0000] {processor.py:186} INFO - Started process (PID=5089) to work on /opt/airflow/dags/urban_data_pipeline_dag.py
[2026-06-29T12:43:29.938+0000] {processor.py:914} INFO - Processing file /opt/airflow/dags/urban_data_pipeline_dag.py for tasks to queue
[2026-06-29T12:43:29.949+0000] {logging_mixin.py:190} INFO - [2026-06-29T12:43:29.947+0000] {dagbag.py:588} INFO - Filling up the DagBag from /opt/airflow/dags/urban_data_pipeline_dag.py
[2026-06-29T12:43:30.603+0000] {processor.py:925} INFO - DAG(s) 'urban_data_pipeline' retrieved from /opt/airflow/dags/urban_data_pipeline_dag.py
[2026-06-29T12:43:30.699+0000] {logging_mixin.py:190} INFO - [2026-06-29T12:43:30.698+0000] {dag.py:3239} INFO - Sync 1 DAGs
[2026-06-29T12:43:30.740+0000] {logging_mixin.py:190} INFO - [2026-06-29T12:43:30.739+0000] {dag.py:4180} INFO - Setting next_dagrun for urban_data_pipeline to 2026-06-01 00:00:00+00:00, run_after=2026-07-01 00:00:00+00:00
[2026-06-29T12:43:30.791+0000] {processor.py:208} INFO - Processing /opt/airflow/dags/urban_data_pipeline_dag.py took 0.890 seconds
[2026-06-29T12:44:01.153+0000] {processor.py:186} INFO - Started process (PID=5107) to work on /opt/airflow/dags/urban_data_pipeline_dag.py
[2026-06-29T12:44:01.156+0000] {processor.py:914} INFO - Processing file /opt/airflow/dags/urban_data_pipeline_dag.py for tasks to queue
[2026-06-29T12:44:01.160+0000] {logging_mixin.py:190} INFO - [2026-06-29T12:44:01.159+0000] {dagbag.py:588} INFO - Filling up the DagBag from /opt/airflow/dags/urban_data_pipeline_dag.py
[2026-06-29T12:44:01.434+0000] {processor.py:925} INFO - DAG(s) 'urban_data_pipeline' retrieved from /opt/airflow/dags/urban_data_pipeline_dag.py
[2026-06-29T12:44:01.496+0000] {logging_mixin.py:190} INFO - [2026-06-29T12:44:01.496+0000] {dag.py:3239} INFO - Sync 1 DAGs
[2026-06-29T12:44:01.530+0000] {logging_mixin.py:190} INFO - [2026-06-29T12:44:01.530+0000] {dag.py:4180} INFO - Setting next_dagrun for urban_data_pipeline to 2026-06-01 00:00:00+00:00, run_after=2026-07-01 00:00:00+00:00
[2026-06-29T12:44:01.571+0000] {processor.py:208} INFO - Processing /opt/airflow/dags/urban_data_pipeline_dag.py took 0.426 seconds
[2026-06-29T12:44:32.390+0000] {processor.py:186} INFO - Started process (PID=5125) to work on /opt/airflow/dags/urban_data_pipeline_dag.py
[2026-06-29T12:44:32.392+0000] {processor.py:914} INFO - Processing file /opt/airflow/dags/urban_data_pipeline_dag.py for tasks to queue
[2026-06-29T12:44:32.397+0000] {logging_mixin.py:190} INFO - [2026-06-29T12:44:32.396+0000] {dagbag.py:588} INFO - Filling up the DagBag from /opt/airflow/dags/urban_data_pipeline_dag.py
[2026-06-29T12:44:32.921+0000] {processor.py:925} INFO - DAG(s) 'urban_data_pipeline' retrieved from /opt/airflow/dags/urban_data_pipeline_dag.py
[2026-06-29T12:44:32.990+0000] {logging_mixin.py:190} INFO - [2026-06-29T12:44:32.990+0000] {dag.py:3239} INFO - Sync 1 DAGs
[2026-06-29T12:44:33.025+0000] {logging_mixin.py:190} INFO - [2026-06-29T12:44:33.025+0000] {dag.py:4180} INFO - Setting next_dagrun for urban_data_pipeline to 2026-06-01 00:00:00+00:00, run_after=2026-07-01 00:00:00+00:00
[2026-06-29T12:44:33.069+0000] {processor.py:208} INFO - Processing /opt/airflow/dags/urban_data_pipeline_dag.py took 0.688 seconds
[2026-06-29T12:45:03.243+0000] {processor.py:186} INFO - Started process (PID=5143) to work on /opt/airflow/dags/urban_data_pipeline_dag.py
[2026-06-29T12:45:03.245+0000] {processor.py:914} INFO - Processing file /opt/airflow/dags/urban_data_pipeline_dag.py for tasks to queue
[2026-06-29T12:45:03.249+0000] {logging_mixin.py:190} INFO - [2026-06-29T12:45:03.249+0000] {dagbag.py:588} INFO - Filling up the DagBag from /opt/airflow/dags/urban_data_pipeline_dag.py
[2026-06-29T12:45:03.515+0000] {processor.py:925} INFO - DAG(s) 'urban_data_pipeline' retrieved from /opt/airflow/dags/urban_data_pipeline_dag.py
[2026-06-29T12:45:03.578+0000] {logging_mixin.py:190} INFO - [2026-06-29T12:45:03.577+0000] {dag.py:3239} INFO - Sync 1 DAGs
[2026-06-29T12:45:03.621+0000] {logging_mixin.py:190} INFO - [2026-06-29T12:45:03.621+0000] {dag.py:4180} INFO - Setting next_dagrun for urban_data_pipeline to 2026-06-01 00:00:00+00:00, run_after=2026-07-01 00:00:00+00:00
[2026-06-29T12:45:03.654+0000] {processor.py:208} INFO - Processing /opt/airflow/dags/urban_data_pipeline_dag.py took 0.420 seconds
[2026-06-29T12:45:34.560+0000] {processor.py:186} INFO - Started process (PID=5161) to work on /opt/airflow/dags/urban_data_pipeline_dag.py
[2026-06-29T12:45:34.564+0000] {processor.py:914} INFO - Processing file /opt/airflow/dags/urban_data_pipeline_dag.py for tasks to queue
[2026-06-29T12:45:34.569+0000] {logging_mixin.py:190} INFO - [2026-06-29T12:45:34.568+0000] {dagbag.py:588} INFO - Filling up the DagBag from /opt/airflow/dags/urban_data_pipeline_dag.py
[2026-06-29T12:45:35.008+0000] {processor.py:925} INFO - DAG(s) 'urban_data_pipeline' retrieved from /opt/airflow/dags/urban_data_pipeline_dag.py
[2026-06-29T12:45:35.067+0000] {logging_mixin.py:190} INFO - [2026-06-29T12:45:35.067+0000] {dag.py:3239} INFO - Sync 1 DAGs
[2026-06-29T12:45:35.097+0000] {logging_mixin.py:190} INFO - [2026-06-29T12:45:35.097+0000] {dag.py:4180} INFO - Setting next_dagrun for urban_data_pipeline to 2026-06-01 00:00:00+00:00, run_after=2026-07-01 00:00:00+00:00
[2026-06-29T12:45:35.127+0000] {processor.py:208} INFO - Processing /opt/airflow/dags/urban_data_pipeline_dag.py took 0.587 seconds
[2026-06-29T12:46:05.470+0000] {processor.py:186} INFO - Started process (PID=5178) to work on /opt/airflow/dags/urban_data_pipeline_dag.py
[2026-06-29T12:46:05.473+0000] {processor.py:914} INFO - Processing file /opt/airflow/dags/urban_data_pipeline_dag.py for tasks to queue
[2026-06-29T12:46:05.478+0000] {logging_mixin.py:190} INFO - [2026-06-29T12:46:05.477+0000] {dagbag.py:588} INFO - Filling up the DagBag from /opt/airflow/dags/urban_data_pipeline_dag.py
[2026-06-29T12:46:05.972+0000] {processor.py:925} INFO - DAG(s) 'urban_data_pipeline' retrieved from /opt/airflow/dags/urban_data_pipeline_dag.py
[2026-06-29T12:46:06.054+0000] {logging_mixin.py:190} INFO - [2026-06-29T12:46:06.054+0000] {dag.py:3239} INFO - Sync 1 DAGs
[2026-06-29T12:46:06.094+0000] {logging_mixin.py:190} INFO - [2026-06-29T12:46:06.094+0000] {dag.py:4180} INFO - Setting next_dagrun for urban_data_pipeline to 2026-06-01 00:00:00+00:00, run_after=2026-07-01 00:00:00+00:00
[2026-06-29T12:46:06.139+0000] {processor.py:208} INFO - Processing /opt/airflow/dags/urban_data_pipeline_dag.py took 0.680 seconds
[2026-06-29T12:46:36.918+0000] {processor.py:186} INFO - Started process (PID=5189) to work on /opt/airflow/dags/urban_data_pipeline_dag.py
[2026-06-29T12:46:36.921+0000] {processor.py:914} INFO - Processing file /opt/airflow/dags/urban_data_pipeline_dag.py for tasks to queue
[2026-06-29T12:46:36.926+0000] {logging_mixin.py:190} INFO - [2026-06-29T12:46:36.925+0000] {dagbag.py:588} INFO - Filling up the DagBag from /opt/airflow/dags/urban_data_pipeline_dag.py
[2026-06-29T12:46:37.181+0000] {processor.py:925} INFO - DAG(s) 'urban_data_pipeline' retrieved from /opt/airflow/dags/urban_data_pipeline_dag.py
[2026-06-29T12:46:37.251+0000] {logging_mixin.py:190} INFO - [2026-06-29T12:46:37.250+0000] {dag.py:3239} INFO - Sync 1 DAGs
[2026-06-29T12:46:37.290+0000] {logging_mixin.py:190} INFO - [2026-06-29T12:46:37.290+0000] {dag.py:4180} INFO - Setting next_dagrun for urban_data_pipeline to 2026-06-01 00:00:00+00:00, run_after=2026-07-01 00:00:00+00:00
[2026-06-29T12:46:37.328+0000] {processor.py:208} INFO - Processing /opt/airflow/dags/urban_data_pipeline_dag.py took 0.420 seconds
[2026-06-29T12:47:07.450+0000] {processor.py:186} INFO - Started process (PID=5207) to work on /opt/airflow/dags/urban_data_pipeline_dag.py
[2026-06-29T12:47:07.452+0000] {processor.py:914} INFO - Processing file /opt/airflow/dags/urban_data_pipeline_dag.py for tasks to queue
[2026-06-29T12:47:07.455+0000] {logging_mixin.py:190} INFO - [2026-06-29T12:47:07.455+0000] {dagbag.py:588} INFO - Filling up the DagBag from /opt/airflow/dags/urban_data_pipeline_dag.py
[2026-06-29T12:47:07.685+0000] {processor.py:925} INFO - DAG(s) 'urban_data_pipeline' retrieved from /opt/airflow/dags/urban_data_pipeline_dag.py
[2026-06-29T12:47:07.756+0000] {logging_mixin.py:190} INFO - [2026-06-29T12:47:07.756+0000] {dag.py:3239} INFO - Sync 1 DAGs
[2026-06-29T12:47:07.793+0000] {logging_mixin.py:190} INFO - [2026-06-29T12:47:07.793+0000] {dag.py:4180} INFO - Setting next_dagrun for urban_data_pipeline to 2026-06-01 00:00:00+00:00, run_after=2026-07-01 00:00:00+00:00
[2026-06-29T12:47:07.825+0000] {processor.py:208} INFO - Processing /opt/airflow/dags/urban_data_pipeline_dag.py took 0.384 seconds
[2026-06-29T12:47:38.058+0000] {processor.py:186} INFO - Started process (PID=5225) to work on /opt/airflow/dags/urban_data_pipeline_dag.py
[2026-06-29T12:47:38.061+0000] {processor.py:914} INFO - Processing file /opt/airflow/dags/urban_data_pipeline_dag.py for tasks to queue
[2026-06-29T12:47:38.068+0000] {logging_mixin.py:190} INFO - [2026-06-29T12:47:38.067+0000] {dagbag.py:588} INFO - Filling up the DagBag from /opt/airflow/dags/urban_data_pipeline_dag.py
[2026-06-29T12:47:38.376+0000] {processor.py:925} INFO - DAG(s) 'urban_data_pipeline' retrieved from /opt/airflow/dags/urban_data_pipeline_dag.py
[2026-06-29T12:47:38.453+0000] {logging_mixin.py:190} INFO - [2026-06-29T12:47:38.452+0000] {dag.py:3239} INFO - Sync 1 DAGs
[2026-06-29T12:47:38.507+0000] {logging_mixin.py:190} INFO - [2026-06-29T12:47:38.507+0000] {dag.py:4180} INFO - Setting next_dagrun for urban_data_pipeline to 2026-06-01 00:00:00+00:00, run_after=2026-07-01 00:00:00+00:00
[2026-06-29T12:47:38.561+0000] {processor.py:208} INFO - Processing /opt/airflow/dags/urban_data_pipeline_dag.py took 0.519 seconds
[2026-06-29T12:48:08.673+0000] {processor.py:186} INFO - Started process (PID=5243) to work on /opt/airflow/dags/urban_data_pipeline_dag.py
[2026-06-29T12:48:08.676+0000] {processor.py:914} INFO - Processing file /opt/airflow/dags/urban_data_pipeline_dag.py for tasks to queue
[2026-06-29T12:48:08.679+0000] {logging_mixin.py:190} INFO - [2026-06-29T12:48:08.679+0000] {dagbag.py:588} INFO - Filling up the DagBag from /opt/airflow/dags/urban_data_pipeline_dag.py
[2026-06-29T12:48:08.853+0000] {processor.py:925} INFO - DAG(s) 'urban_data_pipeline' retrieved from /opt/airflow/dags/urban_data_pipeline_dag.py
[2026-06-29T12:48:08.924+0000] {logging_mixin.py:190} INFO - [2026-06-29T12:48:08.924+0000] {dag.py:3239} INFO - Sync 1 DAGs
[2026-06-29T12:48:08.967+0000] {logging_mixin.py:190} INFO - [2026-06-29T12:48:08.966+0000] {dag.py:4180} INFO - Setting next_dagrun for urban_data_pipeline to 2026-06-01 00:00:00+00:00, run_after=2026-07-01 00:00:00+00:00
[2026-06-29T12:48:09.006+0000] {processor.py:208} INFO - Processing /opt/airflow/dags/urban_data_pipeline_dag.py took 0.345 seconds
[2026-06-29T12:48:39.255+0000] {processor.py:186} INFO - Started process (PID=5261) to work on /opt/airflow/dags/urban_data_pipeline_dag.py
[2026-06-29T12:48:39.259+0000] {processor.py:914} INFO - Processing file /opt/airflow/dags/urban_data_pipeline_dag.py for tasks to queue
[2026-06-29T12:48:39.276+0000] {logging_mixin.py:190} INFO - [2026-06-29T12:48:39.273+0000] {dagbag.py:588} INFO - Filling up the DagBag from /opt/airflow/dags/urban_data_pipeline_dag.py
[2026-06-29T12:48:39.853+0000] {processor.py:925} INFO - DAG(s) 'urban_data_pipeline' retrieved from /opt/airflow/dags/urban_data_pipeline_dag.py
[2026-06-29T12:48:39.938+0000] {logging_mixin.py:190} INFO - [2026-06-29T12:48:39.938+0000] {dag.py:3239} INFO - Sync 1 DAGs
[2026-06-29T12:48:39.980+0000] {logging_mixin.py:190} INFO - [2026-06-29T12:48:39.980+0000] {dag.py:4180} INFO - Setting next_dagrun for urban_data_pipeline to 2026-06-01 00:00:00+00:00, run_after=2026-07-01 00:00:00+00:00
[2026-06-29T12:48:40.030+0000] {processor.py:208} INFO - Processing /opt/airflow/dags/urban_data_pipeline_dag.py took 0.795 seconds
[2026-06-29T12:49:10.498+0000] {processor.py:186} INFO - Started process (PID=5280) to work on /opt/airflow/dags/urban_data_pipeline_dag.py
[2026-06-29T12:49:10.500+0000] {processor.py:914} INFO - Processing file /opt/airflow/dags/urban_data_pipeline_dag.py for tasks to queue
[2026-06-29T12:49:10.504+0000] {logging_mixin.py:190} INFO - [2026-06-29T12:49:10.504+0000] {dagbag.py:588} INFO - Filling up the DagBag from /opt/airflow/dags/urban_data_pipeline_dag.py
[2026-06-29T12:49:10.700+0000] {processor.py:925} INFO - DAG(s) 'urban_data_pipeline' retrieved from /opt/airflow/dags/urban_data_pipeline_dag.py
[2026-06-29T12:49:10.764+0000] {logging_mixin.py:190} INFO - [2026-06-29T12:49:10.764+0000] {dag.py:3239} INFO - Sync 1 DAGs
[2026-06-29T12:49:10.797+0000] {logging_mixin.py:190} INFO - [2026-06-29T12:49:10.797+0000] {dag.py:4180} INFO - Setting next_dagrun for urban_data_pipeline to 2026-06-01 00:00:00+00:00, run_after=2026-07-01 00:00:00+00:00
[2026-06-29T12:49:10.832+0000] {processor.py:208} INFO - Processing /opt/airflow/dags/urban_data_pipeline_dag.py took 0.342 seconds
[2026-06-29T12:49:41.097+0000] {processor.py:186} INFO - Started process (PID=5297) to work on /opt/airflow/dags/urban_data_pipeline_dag.py
[2026-06-29T12:49:41.099+0000] {processor.py:914} INFO - Processing file /opt/airflow/dags/urban_data_pipeline_dag.py for tasks to queue
[2026-06-29T12:49:41.104+0000] {logging_mixin.py:190} INFO - [2026-06-29T12:49:41.104+0000] {dagbag.py:588} INFO - Filling up the DagBag from /opt/airflow/dags/urban_data_pipeline_dag.py
[2026-06-29T12:49:41.377+0000] {processor.py:925} INFO - DAG(s) 'urban_data_pipeline' retrieved from /opt/airflow/dags/urban_data_pipeline_dag.py
[2026-06-29T12:49:41.454+0000] {logging_mixin.py:190} INFO - [2026-06-29T12:49:41.453+0000] {dag.py:3239} INFO - Sync 1 DAGs
[2026-06-29T12:49:41.492+0000] {logging_mixin.py:190} INFO - [2026-06-29T12:49:41.491+0000] {dag.py:4180} INFO - Setting next_dagrun for urban_data_pipeline to 2026-06-01 00:00:00+00:00, run_after=2026-07-01 00:00:00+00:00
[2026-06-29T12:49:41.525+0000] {processor.py:208} INFO - Processing /opt/airflow/dags/urban_data_pipeline_dag.py took 0.438 seconds
[2026-06-29T12:50:12.226+0000] {processor.py:186} INFO - Started process (PID=5308) to work on /opt/airflow/dags/urban_data_pipeline_dag.py
[2026-06-29T12:50:12.233+0000] {processor.py:914} INFO - Processing file /opt/airflow/dags/urban_data_pipeline_dag.py for tasks to queue
[2026-06-29T12:50:12.244+0000] {logging_mixin.py:190} INFO - [2026-06-29T12:50:12.243+0000] {dagbag.py:588} INFO - Filling up the DagBag from /opt/airflow/dags/urban_data_pipeline_dag.py
[2026-06-29T12:50:12.563+0000] {processor.py:925} INFO - DAG(s) 'urban_data_pipeline' retrieved from /opt/airflow/dags/urban_data_pipeline_dag.py
[2026-06-29T12:50:12.651+0000] {logging_mixin.py:190} INFO - [2026-06-29T12:50:12.650+0000] {dag.py:3239} INFO - Sync 1 DAGs
[2026-06-29T12:50:12.704+0000] {logging_mixin.py:190} INFO - [2026-06-29T12:50:12.704+0000] {dag.py:4180} INFO - Setting next_dagrun for urban_data_pipeline to 2026-06-01 00:00:00+00:00, run_after=2026-07-01 00:00:00+00:00
[2026-06-29T12:50:12.754+0000] {processor.py:208} INFO - Processing /opt/airflow/dags/urban_data_pipeline_dag.py took 0.548 seconds
[2026-06-29T12:50:43.090+0000] {processor.py:186} INFO - Started process (PID=5326) to work on /opt/airflow/dags/urban_data_pipeline_dag.py
[2026-06-29T12:50:43.092+0000] {processor.py:914} INFO - Processing file /opt/airflow/dags/urban_data_pipeline_dag.py for tasks to queue
[2026-06-29T12:50:43.097+0000] {logging_mixin.py:190} INFO - [2026-06-29T12:50:43.096+0000] {dagbag.py:588} INFO - Filling up the DagBag from /opt/airflow/dags/urban_data_pipeline_dag.py
[2026-06-29T12:50:43.586+0000] {processor.py:925} INFO - DAG(s) 'urban_data_pipeline' retrieved from /opt/airflow/dags/urban_data_pipeline_dag.py
[2026-06-29T12:50:43.678+0000] {logging_mixin.py:190} INFO - [2026-06-29T12:50:43.678+0000] {dag.py:3239} INFO - Sync 1 DAGs
[2026-06-29T12:50:43.727+0000] {logging_mixin.py:190} INFO - [2026-06-29T12:50:43.726+0000] {dag.py:4180} INFO - Setting next_dagrun for urban_data_pipeline to 2026-06-01 00:00:00+00:00, run_after=2026-07-01 00:00:00+00:00
[2026-06-29T12:50:43.808+0000] {processor.py:208} INFO - Processing /opt/airflow/dags/urban_data_pipeline_dag.py took 0.728 seconds
[2026-06-29T12:51:14.324+0000] {processor.py:186} INFO - Started process (PID=5344) to work on /opt/airflow/dags/urban_data_pipeline_dag.py
[2026-06-29T12:51:14.326+0000] {processor.py:914} INFO - Processing file /opt/airflow/dags/urban_data_pipeline_dag.py for tasks to queue
[2026-06-29T12:51:14.337+0000] {logging_mixin.py:190} INFO - [2026-06-29T12:51:14.337+0000] {dagbag.py:588} INFO - Filling up the DagBag from /opt/airflow/dags/urban_data_pipeline_dag.py
[2026-06-29T12:51:14.770+0000] {processor.py:925} INFO - DAG(s) 'urban_data_pipeline' retrieved from /opt/airflow/dags/urban_data_pipeline_dag.py
[2026-06-29T12:51:14.832+0000] {logging_mixin.py:190} INFO - [2026-06-29T12:51:14.832+0000] {dag.py:3239} INFO - Sync 1 DAGs
[2026-06-29T12:51:14.867+0000] {logging_mixin.py:190} INFO - [2026-06-29T12:51:14.867+0000] {dag.py:4180} INFO - Setting next_dagrun for urban_data_pipeline to 2026-06-01 00:00:00+00:00, run_after=2026-07-01 00:00:00+00:00
[2026-06-29T12:51:14.900+0000] {processor.py:208} INFO - Processing /opt/airflow/dags/urban_data_pipeline_dag.py took 0.607 seconds
[2026-06-29T12:51:45.071+0000] {processor.py:186} INFO - Started process (PID=5362) to work on /opt/airflow/dags/urban_data_pipeline_dag.py
[2026-06-29T12:51:45.073+0000] {processor.py:914} INFO - Processing file /opt/airflow/dags/urban_data_pipeline_dag.py for tasks to queue
[2026-06-29T12:51:45.077+0000] {logging_mixin.py:190} INFO - [2026-06-29T12:51:45.076+0000] {dagbag.py:588} INFO - Filling up the DagBag from /opt/airflow/dags/urban_data_pipeline_dag.py
[2026-06-29T12:51:45.385+0000] {processor.py:925} INFO - DAG(s) 'urban_data_pipeline' retrieved from /opt/airflow/dags/urban_data_pipeline_dag.py
[2026-06-29T12:51:45.467+0000] {logging_mixin.py:190} INFO - [2026-06-29T12:51:45.466+0000] {dag.py:3239} INFO - Sync 1 DAGs
[2026-06-29T12:51:45.530+0000] {logging_mixin.py:190} INFO - [2026-06-29T12:51:45.528+0000] {dag.py:4180} INFO - Setting next_dagrun for urban_data_pipeline to 2026-06-01 00:00:00+00:00, run_after=2026-07-01 00:00:00+00:00
[2026-06-29T12:51:45.676+0000] {processor.py:208} INFO - Processing /opt/airflow/dags/urban_data_pipeline_dag.py took 0.613 seconds
[2026-06-29T12:52:16.755+0000] {processor.py:186} INFO - Started process (PID=5380) to work on /opt/airflow/dags/urban_data_pipeline_dag.py
[2026-06-29T12:52:16.762+0000] {processor.py:914} INFO - Processing file /opt/airflow/dags/urban_data_pipeline_dag.py for tasks to queue
[2026-06-29T12:52:16.782+0000] {logging_mixin.py:190} INFO - [2026-06-29T12:52:16.779+0000] {dagbag.py:588} INFO - Filling up the DagBag from /opt/airflow/dags/urban_data_pipeline_dag.py
[2026-06-29T12:52:17.231+0000] {processor.py:925} INFO - DAG(s) 'urban_data_pipeline' retrieved from /opt/airflow/dags/urban_data_pipeline_dag.py
[2026-06-29T12:52:17.343+0000] {logging_mixin.py:190} INFO - [2026-06-29T12:52:17.343+0000] {dag.py:3239} INFO - Sync 1 DAGs
[2026-06-29T12:52:17.399+0000] {logging_mixin.py:190} INFO - [2026-06-29T12:52:17.399+0000] {dag.py:4180} INFO - Setting next_dagrun for urban_data_pipeline to 2026-06-01 00:00:00+00:00, run_after=2026-07-01 00:00:00+00:00
[2026-06-29T12:52:17.458+0000] {processor.py:208} INFO - Processing /opt/airflow/dags/urban_data_pipeline_dag.py took 0.745 seconds
[2026-06-29T12:52:47.810+0000] {processor.py:186} INFO - Started process (PID=5397) to work on /opt/airflow/dags/urban_data_pipeline_dag.py
[2026-06-29T12:52:47.813+0000] {processor.py:914} INFO - Processing file /opt/airflow/dags/urban_data_pipeline_dag.py for tasks to queue
[2026-06-29T12:52:47.818+0000] {logging_mixin.py:190} INFO - [2026-06-29T12:52:47.817+0000] {dagbag.py:588} INFO - Filling up the DagBag from /opt/airflow/dags/urban_data_pipeline_dag.py
[2026-06-29T12:52:48.138+0000] {processor.py:925} INFO - DAG(s) 'urban_data_pipeline' retrieved from /opt/airflow/dags/urban_data_pipeline_dag.py
[2026-06-29T12:52:48.213+0000] {logging_mixin.py:190} INFO - [2026-06-29T12:52:48.212+0000] {dag.py:3239} INFO - Sync 1 DAGs
[2026-06-29T12:52:48.253+0000] {logging_mixin.py:190} INFO - [2026-06-29T12:52:48.253+0000] {dag.py:4180} INFO - Setting next_dagrun for urban_data_pipeline to 2026-06-01 00:00:00+00:00, run_after=2026-07-01 00:00:00+00:00
[2026-06-29T12:52:48.310+0000] {processor.py:208} INFO - Processing /opt/airflow/dags/urban_data_pipeline_dag.py took 0.511 seconds
[2026-06-29T12:53:18.907+0000] {processor.py:186} INFO - Started process (PID=5408) to work on /opt/airflow/dags/urban_data_pipeline_dag.py
[2026-06-29T12:53:18.910+0000] {processor.py:914} INFO - Processing file /opt/airflow/dags/urban_data_pipeline_dag.py for tasks to queue
[2026-06-29T12:53:18.915+0000] {logging_mixin.py:190} INFO - [2026-06-29T12:53:18.915+0000] {dagbag.py:588} INFO - Filling up the DagBag from /opt/airflow/dags/urban_data_pipeline_dag.py
[2026-06-29T12:53:19.325+0000] {processor.py:925} INFO - DAG(s) 'urban_data_pipeline' retrieved from /opt/airflow/dags/urban_data_pipeline_dag.py
[2026-06-29T12:53:19.404+0000] {logging_mixin.py:190} INFO - [2026-06-29T12:53:19.404+0000] {dag.py:3239} INFO - Sync 1 DAGs
[2026-06-29T12:53:19.446+0000] {logging_mixin.py:190} INFO - [2026-06-29T12:53:19.446+0000] {dag.py:4180} INFO - Setting next_dagrun for urban_data_pipeline to 2026-06-01 00:00:00+00:00, run_after=2026-07-01 00:00:00+00:00
[2026-06-29T12:53:19.513+0000] {processor.py:208} INFO - Processing /opt/airflow/dags/urban_data_pipeline_dag.py took 0.621 seconds
[2026-06-29T12:53:49.811+0000] {processor.py:186} INFO - Started process (PID=5426) to work on /opt/airflow/dags/urban_data_pipeline_dag.py
[2026-06-29T12:53:49.814+0000] {processor.py:914} INFO - Processing file /opt/airflow/dags/urban_data_pipeline_dag.py for tasks to queue
[2026-06-29T12:53:49.822+0000] {logging_mixin.py:190} INFO - [2026-06-29T12:53:49.821+0000] {dagbag.py:588} INFO - Filling up the DagBag from /opt/airflow/dags/urban_data_pipeline_dag.py
[2026-06-29T12:53:50.462+0000] {processor.py:925} INFO - DAG(s) 'urban_data_pipeline' retrieved from /opt/airflow/dags/urban_data_pipeline_dag.py
[2026-06-29T12:53:50.556+0000] {logging_mixin.py:190} INFO - [2026-06-29T12:53:50.555+0000] {dag.py:3239} INFO - Sync 1 DAGs
[2026-06-29T12:53:50.603+0000] {logging_mixin.py:190} INFO - [2026-06-29T12:53:50.602+0000] {dag.py:4180} INFO - Setting next_dagrun for urban_data_pipeline to 2026-06-01 00:00:00+00:00, run_after=2026-07-01 00:00:00+00:00
[2026-06-29T12:53:50.740+0000] {processor.py:208} INFO - Processing /opt/airflow/dags/urban_data_pipeline_dag.py took 0.954 seconds
[2026-06-29T12:54:21.131+0000] {processor.py:186} INFO - Started process (PID=5444) to work on /opt/airflow/dags/urban_data_pipeline_dag.py
[2026-06-29T12:54:21.134+0000] {processor.py:914} INFO - Processing file /opt/airflow/dags/urban_data_pipeline_dag.py for tasks to queue
[2026-06-29T12:54:21.150+0000] {logging_mixin.py:190} INFO - [2026-06-29T12:54:21.147+0000] {dagbag.py:588} INFO - Filling up the DagBag from /opt/airflow/dags/urban_data_pipeline_dag.py
[2026-06-29T12:54:21.644+0000] {processor.py:925} INFO - DAG(s) 'urban_data_pipeline' retrieved from /opt/airflow/dags/urban_data_pipeline_dag.py
[2026-06-29T12:54:21.823+0000] {logging_mixin.py:190} INFO - [2026-06-29T12:54:21.823+0000] {dag.py:3239} INFO - Sync 1 DAGs
[2026-06-29T12:54:21.866+0000] {logging_mixin.py:190} INFO - [2026-06-29T12:54:21.865+0000] {dag.py:4180} INFO - Setting next_dagrun for urban_data_pipeline to 2026-06-01 00:00:00+00:00, run_after=2026-07-01 00:00:00+00:00
[2026-06-29T12:54:21.901+0000] {processor.py:208} INFO - Processing /opt/airflow/dags/urban_data_pipeline_dag.py took 0.800 seconds
[2026-06-29T12:54:52.847+0000] {processor.py:186} INFO - Started process (PID=5463) to work on /opt/airflow/dags/urban_data_pipeline_dag.py
[2026-06-29T12:54:52.850+0000] {processor.py:914} INFO - Processing file /opt/airflow/dags/urban_data_pipeline_dag.py for tasks to queue
[2026-06-29T12:54:52.854+0000] {logging_mixin.py:190} INFO - [2026-06-29T12:54:52.853+0000] {dagbag.py:588} INFO - Filling up the DagBag from /opt/airflow/dags/urban_data_pipeline_dag.py
[2026-06-29T12:54:53.113+0000] {processor.py:925} INFO - DAG(s) 'urban_data_pipeline' retrieved from /opt/airflow/dags/urban_data_pipeline_dag.py
[2026-06-29T12:54:53.180+0000] {logging_mixin.py:190} INFO - [2026-06-29T12:54:53.179+0000] {dag.py:3239} INFO - Sync 1 DAGs
[2026-06-29T12:54:53.212+0000] {logging_mixin.py:190} INFO - [2026-06-29T12:54:53.212+0000] {dag.py:4180} INFO - Setting next_dagrun for urban_data_pipeline to 2026-06-01 00:00:00+00:00, run_after=2026-07-01 00:00:00+00:00
[2026-06-29T12:54:53.246+0000] {processor.py:208} INFO - Processing /opt/airflow/dags/urban_data_pipeline_dag.py took 0.407 seconds
[2026-06-29T12:55:23.600+0000] {processor.py:186} INFO - Started process (PID=5481) to work on /opt/airflow/dags/urban_data_pipeline_dag.py
[2026-06-29T12:55:23.602+0000] {processor.py:914} INFO - Processing file /opt/airflow/dags/urban_data_pipeline_dag.py for tasks to queue
[2026-06-29T12:55:23.607+0000] {logging_mixin.py:190} INFO - [2026-06-29T12:55:23.606+0000] {dagbag.py:588} INFO - Filling up the DagBag from /opt/airflow/dags/urban_data_pipeline_dag.py
[2026-06-29T12:55:23.834+0000] {processor.py:925} INFO - DAG(s) 'urban_data_pipeline' retrieved from /opt/airflow/dags/urban_data_pipeline_dag.py
[2026-06-29T12:55:23.888+0000] {logging_mixin.py:190} INFO - [2026-06-29T12:55:23.887+0000] {dag.py:3239} INFO - Sync 1 DAGs
[2026-06-29T12:55:23.911+0000] {logging_mixin.py:190} INFO - [2026-06-29T12:55:23.910+0000] {dag.py:4180} INFO - Setting next_dagrun for urban_data_pipeline to 2026-06-01 00:00:00+00:00, run_after=2026-07-01 00:00:00+00:00
[2026-06-29T12:55:23.940+0000] {processor.py:208} INFO - Processing /opt/airflow/dags/urban_data_pipeline_dag.py took 0.345 seconds
[2026-06-29T12:55:54.162+0000] {processor.py:186} INFO - Started process (PID=5498) to work on /opt/airflow/dags/urban_data_pipeline_dag.py
[2026-06-29T12:55:54.164+0000] {processor.py:914} INFO - Processing file /opt/airflow/dags/urban_data_pipeline_dag.py for tasks to queue
[2026-06-29T12:55:54.169+0000] {logging_mixin.py:190} INFO - [2026-06-29T12:55:54.168+0000] {dagbag.py:588} INFO - Filling up the DagBag from /opt/airflow/dags/urban_data_pipeline_dag.py
[2026-06-29T12:55:54.355+0000] {processor.py:925} INFO - DAG(s) 'urban_data_pipeline' retrieved from /opt/airflow/dags/urban_data_pipeline_dag.py
[2026-06-29T12:55:54.419+0000] {logging_mixin.py:190} INFO - [2026-06-29T12:55:54.418+0000] {dag.py:3239} INFO - Sync 1 DAGs
[2026-06-29T12:55:54.457+0000] {logging_mixin.py:190} INFO - [2026-06-29T12:55:54.457+0000] {dag.py:4180} INFO - Setting next_dagrun for urban_data_pipeline to 2026-06-01 00:00:00+00:00, run_after=2026-07-01 00:00:00+00:00
[2026-06-29T12:55:54.515+0000] {processor.py:208} INFO - Processing /opt/airflow/dags/urban_data_pipeline_dag.py took 0.360 seconds
[2026-06-29T12:56:24.700+0000] {processor.py:186} INFO - Started process (PID=5509) to work on /opt/airflow/dags/urban_data_pipeline_dag.py
[2026-06-29T12:56:24.704+0000] {processor.py:914} INFO - Processing file /opt/airflow/dags/urban_data_pipeline_dag.py for tasks to queue
[2026-06-29T12:56:24.709+0000] {logging_mixin.py:190} INFO - [2026-06-29T12:56:24.708+0000] {dagbag.py:588} INFO - Filling up the DagBag from /opt/airflow/dags/urban_data_pipeline_dag.py
[2026-06-29T12:56:25.003+0000] {processor.py:925} INFO - DAG(s) 'urban_data_pipeline' retrieved from /opt/airflow/dags/urban_data_pipeline_dag.py
[2026-06-29T12:56:25.073+0000] {logging_mixin.py:190} INFO - [2026-06-29T12:56:25.072+0000] {dag.py:3239} INFO - Sync 1 DAGs
[2026-06-29T12:56:25.113+0000] {logging_mixin.py:190} INFO - [2026-06-29T12:56:25.113+0000] {dag.py:4180} INFO - Setting next_dagrun for urban_data_pipeline to 2026-06-01 00:00:00+00:00, run_after=2026-07-01 00:00:00+00:00
[2026-06-29T12:56:25.162+0000] {processor.py:208} INFO - Processing /opt/airflow/dags/urban_data_pipeline_dag.py took 0.473 seconds
[2026-06-29T12:56:55.750+0000] {processor.py:186} INFO - Started process (PID=5527) to work on /opt/airflow/dags/urban_data_pipeline_dag.py
[2026-06-29T12:56:55.757+0000] {processor.py:914} INFO - Processing file /opt/airflow/dags/urban_data_pipeline_dag.py for tasks to queue
[2026-06-29T12:56:55.777+0000] {logging_mixin.py:190} INFO - [2026-06-29T12:56:55.776+0000] {dagbag.py:588} INFO - Filling up the DagBag from /opt/airflow/dags/urban_data_pipeline_dag.py
[2026-06-29T12:56:56.749+0000] {processor.py:925} INFO - DAG(s) 'urban_data_pipeline' retrieved from /opt/airflow/dags/urban_data_pipeline_dag.py
[2026-06-29T12:56:56.917+0000] {logging_mixin.py:190} INFO - [2026-06-29T12:56:56.916+0000] {dag.py:3239} INFO - Sync 1 DAGs
[2026-06-29T12:56:57.028+0000] {logging_mixin.py:190} INFO - [2026-06-29T12:56:57.028+0000] {dag.py:4180} INFO - Setting next_dagrun for urban_data_pipeline to 2026-06-01 00:00:00+00:00, run_after=2026-07-01 00:00:00+00:00
[2026-06-29T12:56:57.152+0000] {processor.py:208} INFO - Processing /opt/airflow/dags/urban_data_pipeline_dag.py took 1.425 seconds
[2026-06-29T12:57:27.603+0000] {processor.py:186} INFO - Started process (PID=5545) to work on /opt/airflow/dags/urban_data_pipeline_dag.py
[2026-06-29T12:57:27.606+0000] {processor.py:914} INFO - Processing file /opt/airflow/dags/urban_data_pipeline_dag.py for tasks to queue
[2026-06-29T12:57:27.613+0000] {logging_mixin.py:190} INFO - [2026-06-29T12:57:27.612+0000] {dagbag.py:588} INFO - Filling up the DagBag from /opt/airflow/dags/urban_data_pipeline_dag.py
[2026-06-29T12:57:28.133+0000] {processor.py:925} INFO - DAG(s) 'urban_data_pipeline' retrieved from /opt/airflow/dags/urban_data_pipeline_dag.py
[2026-06-29T12:57:28.247+0000] {logging_mixin.py:190} INFO - [2026-06-29T12:57:28.247+0000] {dag.py:3239} INFO - Sync 1 DAGs
[2026-06-29T12:57:28.308+0000] {logging_mixin.py:190} INFO - [2026-06-29T12:57:28.306+0000] {dag.py:4180} INFO - Setting next_dagrun for urban_data_pipeline to 2026-06-01 00:00:00+00:00, run_after=2026-07-01 00:00:00+00:00
[2026-06-29T12:57:28.360+0000] {processor.py:208} INFO - Processing /opt/airflow/dags/urban_data_pipeline_dag.py took 0.778 seconds
[2026-06-29T12:57:58.716+0000] {processor.py:186} INFO - Started process (PID=5563) to work on /opt/airflow/dags/urban_data_pipeline_dag.py
[2026-06-29T12:57:58.720+0000] {processor.py:914} INFO - Processing file /opt/airflow/dags/urban_data_pipeline_dag.py for tasks to queue
[2026-06-29T12:57:58.728+0000] {logging_mixin.py:190} INFO - [2026-06-29T12:57:58.727+0000] {dagbag.py:588} INFO - Filling up the DagBag from /opt/airflow/dags/urban_data_pipeline_dag.py
[2026-06-29T12:57:59.078+0000] {processor.py:925} INFO - DAG(s) 'urban_data_pipeline' retrieved from /opt/airflow/dags/urban_data_pipeline_dag.py
[2026-06-29T12:57:59.153+0000] {logging_mixin.py:190} INFO - [2026-06-29T12:57:59.153+0000] {dag.py:3239} INFO - Sync 1 DAGs
[2026-06-29T12:57:59.198+0000] {logging_mixin.py:190} INFO - [2026-06-29T12:57:59.197+0000] {dag.py:4180} INFO - Setting next_dagrun for urban_data_pipeline to 2026-06-01 00:00:00+00:00, run_after=2026-07-01 00:00:00+00:00
[2026-06-29T12:57:59.267+0000] {processor.py:208} INFO - Processing /opt/airflow/dags/urban_data_pipeline_dag.py took 0.573 seconds
[2026-06-29T12:58:29.816+0000] {processor.py:186} INFO - Started process (PID=5581) to work on /opt/airflow/dags/urban_data_pipeline_dag.py
[2026-06-29T12:58:29.819+0000] {processor.py:914} INFO - Processing file /opt/airflow/dags/urban_data_pipeline_dag.py for tasks to queue
[2026-06-29T12:58:29.826+0000] {logging_mixin.py:190} INFO - [2026-06-29T12:58:29.826+0000] {dagbag.py:588} INFO - Filling up the DagBag from /opt/airflow/dags/urban_data_pipeline_dag.py
[2026-06-29T12:58:30.301+0000] {processor.py:925} INFO - DAG(s) 'urban_data_pipeline' retrieved from /opt/airflow/dags/urban_data_pipeline_dag.py
[2026-06-29T12:58:30.408+0000] {logging_mixin.py:190} INFO - [2026-06-29T12:58:30.407+0000] {dag.py:3239} INFO - Sync 1 DAGs
[2026-06-29T12:58:30.443+0000] {logging_mixin.py:190} INFO - [2026-06-29T12:58:30.443+0000] {dag.py:4180} INFO - Setting next_dagrun for urban_data_pipeline to 2026-06-01 00:00:00+00:00, run_after=2026-07-01 00:00:00+00:00
[2026-06-29T12:58:30.519+0000] {processor.py:208} INFO - Processing /opt/airflow/dags/urban_data_pipeline_dag.py took 0.719 seconds
[2026-06-29T12:59:01.424+0000] {processor.py:186} INFO - Started process (PID=5598) to work on /opt/airflow/dags/urban_data_pipeline_dag.py
[2026-06-29T12:59:01.427+0000] {processor.py:914} INFO - Processing file /opt/airflow/dags/urban_data_pipeline_dag.py for tasks to queue
[2026-06-29T12:59:01.429+0000] {logging_mixin.py:190} INFO - [2026-06-29T12:59:01.429+0000] {dagbag.py:588} INFO - Filling up the DagBag from /opt/airflow/dags/urban_data_pipeline_dag.py
[2026-06-29T12:59:01.939+0000] {processor.py:925} INFO - DAG(s) 'urban_data_pipeline' retrieved from /opt/airflow/dags/urban_data_pipeline_dag.py
[2026-06-29T12:59:02.061+0000] {logging_mixin.py:190} INFO - [2026-06-29T12:59:02.061+0000] {dag.py:3239} INFO - Sync 1 DAGs
[2026-06-29T12:59:02.101+0000] {logging_mixin.py:190} INFO - [2026-06-29T12:59:02.100+0000] {dag.py:4180} INFO - Setting next_dagrun for urban_data_pipeline to 2026-06-01 00:00:00+00:00, run_after=2026-07-01 00:00:00+00:00
[2026-06-29T12:59:02.186+0000] {processor.py:208} INFO - Processing /opt/airflow/dags/urban_data_pipeline_dag.py took 0.767 seconds
[2026-06-29T12:59:32.621+0000] {processor.py:186} INFO - Started process (PID=5609) to work on /opt/airflow/dags/urban_data_pipeline_dag.py
[2026-06-29T12:59:32.629+0000] {processor.py:914} INFO - Processing file /opt/airflow/dags/urban_data_pipeline_dag.py for tasks to queue
[2026-06-29T12:59:32.642+0000] {logging_mixin.py:190} INFO - [2026-06-29T12:59:32.640+0000] {dagbag.py:588} INFO - Filling up the DagBag from /opt/airflow/dags/urban_data_pipeline_dag.py
[2026-06-29T12:59:32.980+0000] {processor.py:925} INFO - DAG(s) 'urban_data_pipeline' retrieved from /opt/airflow/dags/urban_data_pipeline_dag.py
[2026-06-29T12:59:33.025+0000] {logging_mixin.py:190} INFO - [2026-06-29T12:59:33.024+0000] {dag.py:3239} INFO - Sync 1 DAGs
[2026-06-29T12:59:33.047+0000] {logging_mixin.py:190} INFO - [2026-06-29T12:59:33.047+0000] {dag.py:4180} INFO - Setting next_dagrun for urban_data_pipeline to 2026-06-01 00:00:00+00:00, run_after=2026-07-01 00:00:00+00:00
[2026-06-29T12:59:33.081+0000] {processor.py:208} INFO - Processing /opt/airflow/dags/urban_data_pipeline_dag.py took 0.498 seconds
[2026-06-29T13:00:03.938+0000] {processor.py:186} INFO - Started process (PID=5627) to work on /opt/airflow/dags/urban_data_pipeline_dag.py
[2026-06-29T13:00:03.940+0000] {processor.py:914} INFO - Processing file /opt/airflow/dags/urban_data_pipeline_dag.py for tasks to queue
[2026-06-29T13:00:03.943+0000] {logging_mixin.py:190} INFO - [2026-06-29T13:00:03.942+0000] {dagbag.py:588} INFO - Filling up the DagBag from /opt/airflow/dags/urban_data_pipeline_dag.py
[2026-06-29T13:00:04.263+0000] {processor.py:925} INFO - DAG(s) 'urban_data_pipeline' retrieved from /opt/airflow/dags/urban_data_pipeline_dag.py
[2026-06-29T13:00:04.310+0000] {logging_mixin.py:190} INFO - [2026-06-29T13:00:04.310+0000] {dag.py:3239} INFO - Sync 1 DAGs
[2026-06-29T13:00:04.335+0000] {logging_mixin.py:190} INFO - [2026-06-29T13:00:04.334+0000] {dag.py:4180} INFO - Setting next_dagrun for urban_data_pipeline to 2026-06-01 00:00:00+00:00, run_after=2026-07-01 00:00:00+00:00
[2026-06-29T13:00:04.362+0000] {processor.py:208} INFO - Processing /opt/airflow/dags/urban_data_pipeline_dag.py took 0.436 seconds
[2026-06-29T13:00:34.569+0000] {processor.py:186} INFO - Started process (PID=5645) to work on /opt/airflow/dags/urban_data_pipeline_dag.py
[2026-06-29T13:00:34.572+0000] {processor.py:914} INFO - Processing file /opt/airflow/dags/urban_data_pipeline_dag.py for tasks to queue
[2026-06-29T13:00:34.577+0000] {logging_mixin.py:190} INFO - [2026-06-29T13:00:34.576+0000] {dagbag.py:588} INFO - Filling up the DagBag from /opt/airflow/dags/urban_data_pipeline_dag.py
[2026-06-29T13:00:34.861+0000] {processor.py:925} INFO - DAG(s) 'urban_data_pipeline' retrieved from /opt/airflow/dags/urban_data_pipeline_dag.py
[2026-06-29T13:00:34.911+0000] {logging_mixin.py:190} INFO - [2026-06-29T13:00:34.910+0000] {dag.py:3239} INFO - Sync 1 DAGs
[2026-06-29T13:00:34.934+0000] {logging_mixin.py:190} INFO - [2026-06-29T13:00:34.933+0000] {dag.py:4180} INFO - Setting next_dagrun for urban_data_pipeline to 2026-06-01 00:00:00+00:00, run_after=2026-07-01 00:00:00+00:00
[2026-06-29T13:00:34.977+0000] {processor.py:208} INFO - Processing /opt/airflow/dags/urban_data_pipeline_dag.py took 0.428 seconds
[2026-06-29T13:01:05.311+0000] {processor.py:186} INFO - Started process (PID=5663) to work on /opt/airflow/dags/urban_data_pipeline_dag.py
[2026-06-29T13:01:05.313+0000] {processor.py:914} INFO - Processing file /opt/airflow/dags/urban_data_pipeline_dag.py for tasks to queue
[2026-06-29T13:01:05.319+0000] {logging_mixin.py:190} INFO - [2026-06-29T13:01:05.318+0000] {dagbag.py:588} INFO - Filling up the DagBag from /opt/airflow/dags/urban_data_pipeline_dag.py
[2026-06-29T13:01:05.501+0000] {processor.py:925} INFO - DAG(s) 'urban_data_pipeline' retrieved from /opt/airflow/dags/urban_data_pipeline_dag.py
[2026-06-29T13:01:05.556+0000] {logging_mixin.py:190} INFO - [2026-06-29T13:01:05.556+0000] {dag.py:3239} INFO - Sync 1 DAGs
[2026-06-29T13:01:05.582+0000] {logging_mixin.py:190} INFO - [2026-06-29T13:01:05.582+0000] {dag.py:4180} INFO - Setting next_dagrun for urban_data_pipeline to 2026-06-01 00:00:00+00:00, run_after=2026-07-01 00:00:00+00:00
[2026-06-29T13:01:05.605+0000] {processor.py:208} INFO - Processing /opt/airflow/dags/urban_data_pipeline_dag.py took 0.313 seconds
[2026-06-29T13:01:35.762+0000] {processor.py:186} INFO - Started process (PID=5681) to work on /opt/airflow/dags/urban_data_pipeline_dag.py
[2026-06-29T13:01:35.765+0000] {processor.py:914} INFO - Processing file /opt/airflow/dags/urban_data_pipeline_dag.py for tasks to queue
[2026-06-29T13:01:35.775+0000] {logging_mixin.py:190} INFO - [2026-06-29T13:01:35.774+0000] {dagbag.py:588} INFO - Filling up the DagBag from /opt/airflow/dags/urban_data_pipeline_dag.py
[2026-06-29T13:01:36.260+0000] {processor.py:925} INFO - DAG(s) 'urban_data_pipeline' retrieved from /opt/airflow/dags/urban_data_pipeline_dag.py
[2026-06-29T13:01:36.333+0000] {logging_mixin.py:190} INFO - [2026-06-29T13:01:36.332+0000] {dag.py:3239} INFO - Sync 1 DAGs
[2026-06-29T13:01:36.361+0000] {logging_mixin.py:190} INFO - [2026-06-29T13:01:36.361+0000] {dag.py:4180} INFO - Setting next_dagrun for urban_data_pipeline to 2026-06-01 00:00:00+00:00, run_after=2026-07-01 00:00:00+00:00
[2026-06-29T13:01:36.391+0000] {processor.py:208} INFO - Processing /opt/airflow/dags/urban_data_pipeline_dag.py took 0.642 seconds
[2026-06-29T13:02:07.392+0000] {processor.py:186} INFO - Started process (PID=5699) to work on /opt/airflow/dags/urban_data_pipeline_dag.py
[2026-06-29T13:02:07.393+0000] {processor.py:914} INFO - Processing file /opt/airflow/dags/urban_data_pipeline_dag.py for tasks to queue
[2026-06-29T13:02:07.396+0000] {logging_mixin.py:190} INFO - [2026-06-29T13:02:07.395+0000] {dagbag.py:588} INFO - Filling up the DagBag from /opt/airflow/dags/urban_data_pipeline_dag.py
[2026-06-29T13:02:07.541+0000] {processor.py:925} INFO - DAG(s) 'urban_data_pipeline' retrieved from /opt/airflow/dags/urban_data_pipeline_dag.py
[2026-06-29T13:02:07.585+0000] {logging_mixin.py:190} INFO - [2026-06-29T13:02:07.584+0000] {dag.py:3239} INFO - Sync 1 DAGs
[2026-06-29T13:02:07.641+0000] {logging_mixin.py:190} INFO - [2026-06-29T13:02:07.641+0000] {dag.py:4180} INFO - Setting next_dagrun for urban_data_pipeline to 2026-06-01 00:00:00+00:00, run_after=2026-07-01 00:00:00+00:00
[2026-06-29T13:02:07.674+0000] {processor.py:208} INFO - Processing /opt/airflow/dags/urban_data_pipeline_dag.py took 0.289 seconds
[2026-06-29T13:02:38.539+0000] {processor.py:186} INFO - Started process (PID=5717) to work on /opt/airflow/dags/urban_data_pipeline_dag.py
[2026-06-29T13:02:38.540+0000] {processor.py:914} INFO - Processing file /opt/airflow/dags/urban_data_pipeline_dag.py for tasks to queue
[2026-06-29T13:02:38.556+0000] {logging_mixin.py:190} INFO - [2026-06-29T13:02:38.555+0000] {dagbag.py:588} INFO - Filling up the DagBag from /opt/airflow/dags/urban_data_pipeline_dag.py
[2026-06-29T13:02:38.850+0000] {processor.py:925} INFO - DAG(s) 'urban_data_pipeline' retrieved from /opt/airflow/dags/urban_data_pipeline_dag.py
[2026-06-29T13:02:38.904+0000] {logging_mixin.py:190} INFO - [2026-06-29T13:02:38.904+0000] {dag.py:3239} INFO - Sync 1 DAGs
[2026-06-29T13:02:38.933+0000] {logging_mixin.py:190} INFO - [2026-06-29T13:02:38.933+0000] {dag.py:4180} INFO - Setting next_dagrun for urban_data_pipeline to 2026-06-01 00:00:00+00:00, run_after=2026-07-01 00:00:00+00:00
[2026-06-29T13:02:38.967+0000] {processor.py:208} INFO - Processing /opt/airflow/dags/urban_data_pipeline_dag.py took 0.458 seconds
[2026-06-29T13:03:09.601+0000] {processor.py:186} INFO - Started process (PID=5736) to work on /opt/airflow/dags/urban_data_pipeline_dag.py
[2026-06-29T13:03:09.604+0000] {processor.py:914} INFO - Processing file /opt/airflow/dags/urban_data_pipeline_dag.py for tasks to queue
[2026-06-29T13:03:09.613+0000] {logging_mixin.py:190} INFO - [2026-06-29T13:03:09.612+0000] {dagbag.py:588} INFO - Filling up the DagBag from /opt/airflow/dags/urban_data_pipeline_dag.py
[2026-06-29T13:03:09.797+0000] {processor.py:925} INFO - DAG(s) 'urban_data_pipeline' retrieved from /opt/airflow/dags/urban_data_pipeline_dag.py
[2026-06-29T13:03:09.839+0000] {logging_mixin.py:190} INFO - [2026-06-29T13:03:09.838+0000] {dag.py:3239} INFO - Sync 1 DAGs
[2026-06-29T13:03:09.861+0000] {logging_mixin.py:190} INFO - [2026-06-29T13:03:09.861+0000] {dag.py:4180} INFO - Setting next_dagrun for urban_data_pipeline to 2026-06-01 00:00:00+00:00, run_after=2026-07-01 00:00:00+00:00
[2026-06-29T13:03:09.887+0000] {processor.py:208} INFO - Processing /opt/airflow/dags/urban_data_pipeline_dag.py took 0.302 seconds
[2026-06-29T13:03:40.160+0000] {processor.py:186} INFO - Started process (PID=5754) to work on /opt/airflow/dags/urban_data_pipeline_dag.py
[2026-06-29T13:03:40.164+0000] {processor.py:914} INFO - Processing file /opt/airflow/dags/urban_data_pipeline_dag.py for tasks to queue
[2026-06-29T13:03:40.171+0000] {logging_mixin.py:190} INFO - [2026-06-29T13:03:40.170+0000] {dagbag.py:588} INFO - Filling up the DagBag from /opt/airflow/dags/urban_data_pipeline_dag.py
[2026-06-29T13:03:40.478+0000] {processor.py:925} INFO - DAG(s) 'urban_data_pipeline' retrieved from /opt/airflow/dags/urban_data_pipeline_dag.py
[2026-06-29T13:03:40.526+0000] {logging_mixin.py:190} INFO - [2026-06-29T13:03:40.526+0000] {dag.py:3239} INFO - Sync 1 DAGs
[2026-06-29T13:03:40.554+0000] {logging_mixin.py:190} INFO - [2026-06-29T13:03:40.554+0000] {dag.py:4180} INFO - Setting next_dagrun for urban_data_pipeline to 2026-06-01 00:00:00+00:00, run_after=2026-07-01 00:00:00+00:00
[2026-06-29T13:03:40.595+0000] {processor.py:208} INFO - Processing /opt/airflow/dags/urban_data_pipeline_dag.py took 0.452 seconds
[2026-06-29T13:04:10.788+0000] {processor.py:186} INFO - Started process (PID=5772) to work on /opt/airflow/dags/urban_data_pipeline_dag.py
[2026-06-29T13:04:10.790+0000] {processor.py:914} INFO - Processing file /opt/airflow/dags/urban_data_pipeline_dag.py for tasks to queue
[2026-06-29T13:04:10.794+0000] {logging_mixin.py:190} INFO - [2026-06-29T13:04:10.794+0000] {dagbag.py:588} INFO - Filling up the DagBag from /opt/airflow/dags/urban_data_pipeline_dag.py
[2026-06-29T13:04:10.940+0000] {processor.py:925} INFO - DAG(s) 'urban_data_pipeline' retrieved from /opt/airflow/dags/urban_data_pipeline_dag.py
[2026-06-29T13:04:10.987+0000] {logging_mixin.py:190} INFO - [2026-06-29T13:04:10.987+0000] {dag.py:3239} INFO - Sync 1 DAGs
[2026-06-29T13:04:11.013+0000] {logging_mixin.py:190} INFO - [2026-06-29T13:04:11.013+0000] {dag.py:4180} INFO - Setting next_dagrun for urban_data_pipeline to 2026-06-01 00:00:00+00:00, run_after=2026-07-01 00:00:00+00:00
[2026-06-29T13:04:11.043+0000] {processor.py:208} INFO - Processing /opt/airflow/dags/urban_data_pipeline_dag.py took 0.267 seconds
[2026-06-29T13:04:41.889+0000] {processor.py:186} INFO - Started process (PID=5789) to work on /opt/airflow/dags/urban_data_pipeline_dag.py
[2026-06-29T13:04:41.892+0000] {processor.py:914} INFO - Processing file /opt/airflow/dags/urban_data_pipeline_dag.py for tasks to queue
[2026-06-29T13:04:41.896+0000] {logging_mixin.py:190} INFO - [2026-06-29T13:04:41.895+0000] {dagbag.py:588} INFO - Filling up the DagBag from /opt/airflow/dags/urban_data_pipeline_dag.py
[2026-06-29T13:04:42.046+0000] {processor.py:925} INFO - DAG(s) 'urban_data_pipeline' retrieved from /opt/airflow/dags/urban_data_pipeline_dag.py
[2026-06-29T13:04:42.099+0000] {logging_mixin.py:190} INFO - [2026-06-29T13:04:42.099+0000] {dag.py:3239} INFO - Sync 1 DAGs
[2026-06-29T13:04:42.126+0000] {logging_mixin.py:190} INFO - [2026-06-29T13:04:42.126+0000] {dag.py:4180} INFO - Setting next_dagrun for urban_data_pipeline to 2026-06-01 00:00:00+00:00, run_after=2026-07-01 00:00:00+00:00
[2026-06-29T13:04:42.155+0000] {processor.py:208} INFO - Processing /opt/airflow/dags/urban_data_pipeline_dag.py took 0.281 seconds
[2026-06-29T13:05:12.602+0000] {processor.py:186} INFO - Started process (PID=5800) to work on /opt/airflow/dags/urban_data_pipeline_dag.py
[2026-06-29T13:05:12.604+0000] {processor.py:914} INFO - Processing file /opt/airflow/dags/urban_data_pipeline_dag.py for tasks to queue
[2026-06-29T13:05:12.606+0000] {logging_mixin.py:190} INFO - [2026-06-29T13:05:12.606+0000] {dagbag.py:588} INFO - Filling up the DagBag from /opt/airflow/dags/urban_data_pipeline_dag.py
[2026-06-29T13:05:12.759+0000] {processor.py:925} INFO - DAG(s) 'urban_data_pipeline' retrieved from /opt/airflow/dags/urban_data_pipeline_dag.py
[2026-06-29T13:05:12.819+0000] {logging_mixin.py:190} INFO - [2026-06-29T13:05:12.819+0000] {dag.py:3239} INFO - Sync 1 DAGs
[2026-06-29T13:05:12.857+0000] {logging_mixin.py:190} INFO - [2026-06-29T13:05:12.856+0000] {dag.py:4180} INFO - Setting next_dagrun for urban_data_pipeline to 2026-06-01 00:00:00+00:00, run_after=2026-07-01 00:00:00+00:00
[2026-06-29T13:05:12.904+0000] {processor.py:208} INFO - Processing /opt/airflow/dags/urban_data_pipeline_dag.py took 0.308 seconds
[2026-06-29T13:05:43.464+0000] {processor.py:186} INFO - Started process (PID=5818) to work on /opt/airflow/dags/urban_data_pipeline_dag.py
[2026-06-29T13:05:43.465+0000] {processor.py:914} INFO - Processing file /opt/airflow/dags/urban_data_pipeline_dag.py for tasks to queue
[2026-06-29T13:05:43.468+0000] {logging_mixin.py:190} INFO - [2026-06-29T13:05:43.468+0000] {dagbag.py:588} INFO - Filling up the DagBag from /opt/airflow/dags/urban_data_pipeline_dag.py
[2026-06-29T13:05:43.642+0000] {processor.py:925} INFO - DAG(s) 'urban_data_pipeline' retrieved from /opt/airflow/dags/urban_data_pipeline_dag.py
[2026-06-29T13:05:43.696+0000] {logging_mixin.py:190} INFO - [2026-06-29T13:05:43.696+0000] {dag.py:3239} INFO - Sync 1 DAGs
[2026-06-29T13:05:43.729+0000] {logging_mixin.py:190} INFO - [2026-06-29T13:05:43.729+0000] {dag.py:4180} INFO - Setting next_dagrun for urban_data_pipeline to 2026-06-01 00:00:00+00:00, run_after=2026-07-01 00:00:00+00:00
[2026-06-29T13:05:43.766+0000] {processor.py:208} INFO - Processing /opt/airflow/dags/urban_data_pipeline_dag.py took 0.309 seconds
[2026-06-29T13:06:14.554+0000] {processor.py:186} INFO - Started process (PID=5836) to work on /opt/airflow/dags/urban_data_pipeline_dag.py
[2026-06-29T13:06:14.556+0000] {processor.py:914} INFO - Processing file /opt/airflow/dags/urban_data_pipeline_dag.py for tasks to queue
[2026-06-29T13:06:14.560+0000] {logging_mixin.py:190} INFO - [2026-06-29T13:06:14.559+0000] {dagbag.py:588} INFO - Filling up the DagBag from /opt/airflow/dags/urban_data_pipeline_dag.py
[2026-06-29T13:06:14.761+0000] {processor.py:925} INFO - DAG(s) 'urban_data_pipeline' retrieved from /opt/airflow/dags/urban_data_pipeline_dag.py
[2026-06-29T13:06:14.813+0000] {logging_mixin.py:190} INFO - [2026-06-29T13:06:14.813+0000] {dag.py:3239} INFO - Sync 1 DAGs
[2026-06-29T13:06:14.838+0000] {logging_mixin.py:190} INFO - [2026-06-29T13:06:14.838+0000] {dag.py:4180} INFO - Setting next_dagrun for urban_data_pipeline to 2026-06-01 00:00:00+00:00, run_after=2026-07-01 00:00:00+00:00
[2026-06-29T13:06:14.877+0000] {processor.py:208} INFO - Processing /opt/airflow/dags/urban_data_pipeline_dag.py took 0.337 seconds
[2026-06-29T13:06:45.359+0000] {processor.py:186} INFO - Started process (PID=5854) to work on /opt/airflow/dags/urban_data_pipeline_dag.py
[2026-06-29T13:06:45.361+0000] {processor.py:914} INFO - Processing file /opt/airflow/dags/urban_data_pipeline_dag.py for tasks to queue
[2026-06-29T13:06:45.367+0000] {logging_mixin.py:190} INFO - [2026-06-29T13:06:45.366+0000] {dagbag.py:588} INFO - Filling up the DagBag from /opt/airflow/dags/urban_data_pipeline_dag.py
[2026-06-29T13:06:45.577+0000] {processor.py:925} INFO - DAG(s) 'urban_data_pipeline' retrieved from /opt/airflow/dags/urban_data_pipeline_dag.py
[2026-06-29T13:06:45.620+0000] {logging_mixin.py:190} INFO - [2026-06-29T13:06:45.620+0000] {dag.py:3239} INFO - Sync 1 DAGs
[2026-06-29T13:06:45.646+0000] {logging_mixin.py:190} INFO - [2026-06-29T13:06:45.646+0000] {dag.py:4180} INFO - Setting next_dagrun for urban_data_pipeline to 2026-06-01 00:00:00+00:00, run_after=2026-07-01 00:00:00+00:00
[2026-06-29T13:06:45.676+0000] {processor.py:208} INFO - Processing /opt/airflow/dags/urban_data_pipeline_dag.py took 0.327 seconds
[2026-06-29T13:07:16.237+0000] {processor.py:186} INFO - Started process (PID=5872) to work on /opt/airflow/dags/urban_data_pipeline_dag.py
[2026-06-29T13:07:16.238+0000] {processor.py:914} INFO - Processing file /opt/airflow/dags/urban_data_pipeline_dag.py for tasks to queue
[2026-06-29T13:07:16.242+0000] {logging_mixin.py:190} INFO - [2026-06-29T13:07:16.241+0000] {dagbag.py:588} INFO - Filling up the DagBag from /opt/airflow/dags/urban_data_pipeline_dag.py
[2026-06-29T13:07:16.371+0000] {processor.py:925} INFO - DAG(s) 'urban_data_pipeline' retrieved from /opt/airflow/dags/urban_data_pipeline_dag.py
[2026-06-29T13:07:16.417+0000] {logging_mixin.py:190} INFO - [2026-06-29T13:07:16.417+0000] {dag.py:3239} INFO - Sync 1 DAGs
[2026-06-29T13:07:16.442+0000] {logging_mixin.py:190} INFO - [2026-06-29T13:07:16.442+0000] {dag.py:4180} INFO - Setting next_dagrun for urban_data_pipeline to 2026-06-01 00:00:00+00:00, run_after=2026-07-01 00:00:00+00:00
[2026-06-29T13:07:16.466+0000] {processor.py:208} INFO - Processing /opt/airflow/dags/urban_data_pipeline_dag.py took 0.236 seconds
[2026-06-29T13:07:47.312+0000] {processor.py:186} INFO - Started process (PID=5890) to work on /opt/airflow/dags/urban_data_pipeline_dag.py
[2026-06-29T13:07:47.315+0000] {processor.py:914} INFO - Processing file /opt/airflow/dags/urban_data_pipeline_dag.py for tasks to queue
[2026-06-29T13:07:47.320+0000] {logging_mixin.py:190} INFO - [2026-06-29T13:07:47.320+0000] {dagbag.py:588} INFO - Filling up the DagBag from /opt/airflow/dags/urban_data_pipeline_dag.py
[2026-06-29T13:07:47.539+0000] {processor.py:925} INFO - DAG(s) 'urban_data_pipeline' retrieved from /opt/airflow/dags/urban_data_pipeline_dag.py
[2026-06-29T13:07:47.583+0000] {logging_mixin.py:190} INFO - [2026-06-29T13:07:47.583+0000] {dag.py:3239} INFO - Sync 1 DAGs
[2026-06-29T13:07:47.607+0000] {logging_mixin.py:190} INFO - [2026-06-29T13:07:47.607+0000] {dag.py:4180} INFO - Setting next_dagrun for urban_data_pipeline to 2026-06-01 00:00:00+00:00, run_after=2026-07-01 00:00:00+00:00
[2026-06-29T13:07:47.633+0000] {processor.py:208} INFO - Processing /opt/airflow/dags/urban_data_pipeline_dag.py took 0.343 seconds
[2026-06-29T13:08:18.463+0000] {processor.py:186} INFO - Started process (PID=5909) to work on /opt/airflow/dags/urban_data_pipeline_dag.py
[2026-06-29T13:08:18.466+0000] {processor.py:914} INFO - Processing file /opt/airflow/dags/urban_data_pipeline_dag.py for tasks to queue
[2026-06-29T13:08:18.469+0000] {logging_mixin.py:190} INFO - [2026-06-29T13:08:18.469+0000] {dagbag.py:588} INFO - Filling up the DagBag from /opt/airflow/dags/urban_data_pipeline_dag.py
[2026-06-29T13:08:18.853+0000] {processor.py:925} INFO - DAG(s) 'urban_data_pipeline' retrieved from /opt/airflow/dags/urban_data_pipeline_dag.py
[2026-06-29T13:08:18.901+0000] {logging_mixin.py:190} INFO - [2026-06-29T13:08:18.900+0000] {dag.py:3239} INFO - Sync 1 DAGs
[2026-06-29T13:08:18.928+0000] {logging_mixin.py:190} INFO - [2026-06-29T13:08:18.928+0000] {dag.py:4180} INFO - Setting next_dagrun for urban_data_pipeline to 2026-06-01 00:00:00+00:00, run_after=2026-07-01 00:00:00+00:00
[2026-06-29T13:08:18.959+0000] {processor.py:208} INFO - Processing /opt/airflow/dags/urban_data_pipeline_dag.py took 0.510 seconds
[2026-06-29T13:08:49.631+0000] {processor.py:186} INFO - Started process (PID=5927) to work on /opt/airflow/dags/urban_data_pipeline_dag.py
[2026-06-29T13:08:49.634+0000] {processor.py:914} INFO - Processing file /opt/airflow/dags/urban_data_pipeline_dag.py for tasks to queue
[2026-06-29T13:08:49.638+0000] {logging_mixin.py:190} INFO - [2026-06-29T13:08:49.637+0000] {dagbag.py:588} INFO - Filling up the DagBag from /opt/airflow/dags/urban_data_pipeline_dag.py
[2026-06-29T13:08:49.875+0000] {processor.py:925} INFO - DAG(s) 'urban_data_pipeline' retrieved from /opt/airflow/dags/urban_data_pipeline_dag.py
[2026-06-29T13:08:49.944+0000] {logging_mixin.py:190} INFO - [2026-06-29T13:08:49.944+0000] {dag.py:3239} INFO - Sync 1 DAGs
[2026-06-29T13:08:49.967+0000] {logging_mixin.py:190} INFO - [2026-06-29T13:08:49.967+0000] {dag.py:4180} INFO - Setting next_dagrun for urban_data_pipeline to 2026-06-01 00:00:00+00:00, run_after=2026-07-01 00:00:00+00:00
[2026-06-29T13:08:49.991+0000] {processor.py:208} INFO - Processing /opt/airflow/dags/urban_data_pipeline_dag.py took 0.371 seconds
[2026-06-29T13:09:20.713+0000] {processor.py:186} INFO - Started process (PID=5945) to work on /opt/airflow/dags/urban_data_pipeline_dag.py
[2026-06-29T13:09:20.715+0000] {processor.py:914} INFO - Processing file /opt/airflow/dags/urban_data_pipeline_dag.py for tasks to queue
[2026-06-29T13:09:20.717+0000] {logging_mixin.py:190} INFO - [2026-06-29T13:09:20.717+0000] {dagbag.py:588} INFO - Filling up the DagBag from /opt/airflow/dags/urban_data_pipeline_dag.py
[2026-06-29T13:09:20.926+0000] {processor.py:925} INFO - DAG(s) 'urban_data_pipeline' retrieved from /opt/airflow/dags/urban_data_pipeline_dag.py
[2026-06-29T13:09:20.971+0000] {logging_mixin.py:190} INFO - [2026-06-29T13:09:20.971+0000] {dag.py:3239} INFO - Sync 1 DAGs
[2026-06-29T13:09:20.994+0000] {logging_mixin.py:190} INFO - [2026-06-29T13:09:20.994+0000] {dag.py:4180} INFO - Setting next_dagrun for urban_data_pipeline to 2026-06-01 00:00:00+00:00, run_after=2026-07-01 00:00:00+00:00
[2026-06-29T13:09:21.025+0000] {processor.py:208} INFO - Processing /opt/airflow/dags/urban_data_pipeline_dag.py took 0.319 seconds
[2026-06-29T13:09:51.682+0000] {processor.py:186} INFO - Started process (PID=5963) to work on /opt/airflow/dags/urban_data_pipeline_dag.py
[2026-06-29T13:09:51.684+0000] {processor.py:914} INFO - Processing file /opt/airflow/dags/urban_data_pipeline_dag.py for tasks to queue
[2026-06-29T13:09:51.689+0000] {logging_mixin.py:190} INFO - [2026-06-29T13:09:51.688+0000] {dagbag.py:588} INFO - Filling up the DagBag from /opt/airflow/dags/urban_data_pipeline_dag.py
[2026-06-29T13:09:52.068+0000] {processor.py:925} INFO - DAG(s) 'urban_data_pipeline' retrieved from /opt/airflow/dags/urban_data_pipeline_dag.py
[2026-06-29T13:09:52.114+0000] {logging_mixin.py:190} INFO - [2026-06-29T13:09:52.113+0000] {dag.py:3239} INFO - Sync 1 DAGs
[2026-06-29T13:09:52.140+0000] {logging_mixin.py:190} INFO - [2026-06-29T13:09:52.140+0000] {dag.py:4180} INFO - Setting next_dagrun for urban_data_pipeline to 2026-06-01 00:00:00+00:00, run_after=2026-07-01 00:00:00+00:00
[2026-06-29T13:09:52.174+0000] {processor.py:208} INFO - Processing /opt/airflow/dags/urban_data_pipeline_dag.py took 0.499 seconds
[2026-06-29T13:10:22.367+0000] {processor.py:186} INFO - Started process (PID=5980) to work on /opt/airflow/dags/urban_data_pipeline_dag.py
[2026-06-29T13:10:22.368+0000] {processor.py:914} INFO - Processing file /opt/airflow/dags/urban_data_pipeline_dag.py for tasks to queue
[2026-06-29T13:10:22.373+0000] {logging_mixin.py:190} INFO - [2026-06-29T13:10:22.372+0000] {dagbag.py:588} INFO - Filling up the DagBag from /opt/airflow/dags/urban_data_pipeline_dag.py
[2026-06-29T13:10:22.502+0000] {processor.py:925} INFO - DAG(s) 'urban_data_pipeline' retrieved from /opt/airflow/dags/urban_data_pipeline_dag.py
[2026-06-29T13:10:22.546+0000] {logging_mixin.py:190} INFO - [2026-06-29T13:10:22.546+0000] {dag.py:3239} INFO - Sync 1 DAGs
[2026-06-29T13:10:22.570+0000] {logging_mixin.py:190} INFO - [2026-06-29T13:10:22.570+0000] {dag.py:4180} INFO - Setting next_dagrun for urban_data_pipeline to 2026-06-01 00:00:00+00:00, run_after=2026-07-01 00:00:00+00:00
[2026-06-29T13:10:22.594+0000] {processor.py:208} INFO - Processing /opt/airflow/dags/urban_data_pipeline_dag.py took 0.233 seconds
[2026-06-29T13:10:53.144+0000] {processor.py:186} INFO - Started process (PID=5991) to work on /opt/airflow/dags/urban_data_pipeline_dag.py
[2026-06-29T13:10:53.147+0000] {processor.py:914} INFO - Processing file /opt/airflow/dags/urban_data_pipeline_dag.py for tasks to queue
[2026-06-29T13:10:53.150+0000] {logging_mixin.py:190} INFO - [2026-06-29T13:10:53.150+0000] {dagbag.py:588} INFO - Filling up the DagBag from /opt/airflow/dags/urban_data_pipeline_dag.py
[2026-06-29T13:10:53.305+0000] {processor.py:925} INFO - DAG(s) 'urban_data_pipeline' retrieved from /opt/airflow/dags/urban_data_pipeline_dag.py
[2026-06-29T13:10:53.347+0000] {logging_mixin.py:190} INFO - [2026-06-29T13:10:53.347+0000] {dag.py:3239} INFO - Sync 1 DAGs
[2026-06-29T13:10:53.371+0000] {logging_mixin.py:190} INFO - [2026-06-29T13:10:53.370+0000] {dag.py:4180} INFO - Setting next_dagrun for urban_data_pipeline to 2026-06-01 00:00:00+00:00, run_after=2026-07-01 00:00:00+00:00
[2026-06-29T13:10:53.394+0000] {processor.py:208} INFO - Processing /opt/airflow/dags/urban_data_pipeline_dag.py took 0.256 seconds
[2026-06-29T13:11:23.869+0000] {processor.py:186} INFO - Started process (PID=6009) to work on /opt/airflow/dags/urban_data_pipeline_dag.py
[2026-06-29T13:11:23.871+0000] {processor.py:914} INFO - Processing file /opt/airflow/dags/urban_data_pipeline_dag.py for tasks to queue
[2026-06-29T13:11:23.876+0000] {logging_mixin.py:190} INFO - [2026-06-29T13:11:23.876+0000] {dagbag.py:588} INFO - Filling up the DagBag from /opt/airflow/dags/urban_data_pipeline_dag.py
[2026-06-29T13:11:24.198+0000] {processor.py:925} INFO - DAG(s) 'urban_data_pipeline' retrieved from /opt/airflow/dags/urban_data_pipeline_dag.py
[2026-06-29T13:11:24.242+0000] {logging_mixin.py:190} INFO - [2026-06-29T13:11:24.241+0000] {dag.py:3239} INFO - Sync 1 DAGs
[2026-06-29T13:11:24.266+0000] {logging_mixin.py:190} INFO - [2026-06-29T13:11:24.266+0000] {dag.py:4180} INFO - Setting next_dagrun for urban_data_pipeline to 2026-06-01 00:00:00+00:00, run_after=2026-07-01 00:00:00+00:00
[2026-06-29T13:11:24.295+0000] {processor.py:208} INFO - Processing /opt/airflow/dags/urban_data_pipeline_dag.py took 0.438 seconds
[2026-06-29T13:11:55.459+0000] {processor.py:186} INFO - Started process (PID=6027) to work on /opt/airflow/dags/urban_data_pipeline_dag.py
[2026-06-29T13:11:55.462+0000] {processor.py:914} INFO - Processing file /opt/airflow/dags/urban_data_pipeline_dag.py for tasks to queue
[2026-06-29T13:11:55.471+0000] {logging_mixin.py:190} INFO - [2026-06-29T13:11:55.470+0000] {dagbag.py:588} INFO - Filling up the DagBag from /opt/airflow/dags/urban_data_pipeline_dag.py
[2026-06-29T13:11:55.773+0000] {processor.py:925} INFO - DAG(s) 'urban_data_pipeline' retrieved from /opt/airflow/dags/urban_data_pipeline_dag.py
[2026-06-29T13:11:55.817+0000] {logging_mixin.py:190} INFO - [2026-06-29T13:11:55.817+0000] {dag.py:3239} INFO - Sync 1 DAGs
[2026-06-29T13:11:55.840+0000] {logging_mixin.py:190} INFO - [2026-06-29T13:11:55.840+0000] {dag.py:4180} INFO - Setting next_dagrun for urban_data_pipeline to 2026-06-01 00:00:00+00:00, run_after=2026-07-01 00:00:00+00:00
[2026-06-29T13:11:55.870+0000] {processor.py:208} INFO - Processing /opt/airflow/dags/urban_data_pipeline_dag.py took 0.443 seconds
[2026-06-29T13:12:26.798+0000] {processor.py:186} INFO - Started process (PID=6045) to work on /opt/airflow/dags/urban_data_pipeline_dag.py
[2026-06-29T13:12:26.799+0000] {processor.py:914} INFO - Processing file /opt/airflow/dags/urban_data_pipeline_dag.py for tasks to queue
[2026-06-29T13:12:26.803+0000] {logging_mixin.py:190} INFO - [2026-06-29T13:12:26.802+0000] {dagbag.py:588} INFO - Filling up the DagBag from /opt/airflow/dags/urban_data_pipeline_dag.py
[2026-06-29T13:12:27.047+0000] {processor.py:925} INFO - DAG(s) 'urban_data_pipeline' retrieved from /opt/airflow/dags/urban_data_pipeline_dag.py
[2026-06-29T13:12:27.133+0000] {logging_mixin.py:190} INFO - [2026-06-29T13:12:27.133+0000] {dag.py:3239} INFO - Sync 1 DAGs
[2026-06-29T13:12:27.165+0000] {logging_mixin.py:190} INFO - [2026-06-29T13:12:27.165+0000] {dag.py:4180} INFO - Setting next_dagrun for urban_data_pipeline to 2026-06-01 00:00:00+00:00, run_after=2026-07-01 00:00:00+00:00
[2026-06-29T13:12:27.196+0000] {processor.py:208} INFO - Processing /opt/airflow/dags/urban_data_pipeline_dag.py took 0.420 seconds
[2026-06-29T13:12:58.166+0000] {processor.py:186} INFO - Started process (PID=6063) to work on /opt/airflow/dags/urban_data_pipeline_dag.py
[2026-06-29T13:12:58.167+0000] {processor.py:914} INFO - Processing file /opt/airflow/dags/urban_data_pipeline_dag.py for tasks to queue
[2026-06-29T13:12:58.175+0000] {logging_mixin.py:190} INFO - [2026-06-29T13:12:58.174+0000] {dagbag.py:588} INFO - Filling up the DagBag from /opt/airflow/dags/urban_data_pipeline_dag.py
[2026-06-29T13:12:58.347+0000] {processor.py:925} INFO - DAG(s) 'urban_data_pipeline' retrieved from /opt/airflow/dags/urban_data_pipeline_dag.py
[2026-06-29T13:12:58.389+0000] {logging_mixin.py:190} INFO - [2026-06-29T13:12:58.389+0000] {dag.py:3239} INFO - Sync 1 DAGs
[2026-06-29T13:12:58.412+0000] {logging_mixin.py:190} INFO - [2026-06-29T13:12:58.412+0000] {dag.py:4180} INFO - Setting next_dagrun for urban_data_pipeline to 2026-06-01 00:00:00+00:00, run_after=2026-07-01 00:00:00+00:00
[2026-06-29T13:12:58.437+0000] {processor.py:208} INFO - Processing /opt/airflow/dags/urban_data_pipeline_dag.py took 0.291 seconds
[2026-06-29T13:13:29.375+0000] {processor.py:186} INFO - Started process (PID=6081) to work on /opt/airflow/dags/urban_data_pipeline_dag.py
[2026-06-29T13:13:29.380+0000] {processor.py:914} INFO - Processing file /opt/airflow/dags/urban_data_pipeline_dag.py for tasks to queue
[2026-06-29T13:13:29.393+0000] {logging_mixin.py:190} INFO - [2026-06-29T13:13:29.391+0000] {dagbag.py:588} INFO - Filling up the DagBag from /opt/airflow/dags/urban_data_pipeline_dag.py
[2026-06-29T13:13:29.797+0000] {processor.py:925} INFO - DAG(s) 'urban_data_pipeline' retrieved from /opt/airflow/dags/urban_data_pipeline_dag.py
[2026-06-29T13:13:29.854+0000] {logging_mixin.py:190} INFO - [2026-06-29T13:13:29.854+0000] {dag.py:3239} INFO - Sync 1 DAGs
[2026-06-29T13:13:29.880+0000] {logging_mixin.py:190} INFO - [2026-06-29T13:13:29.880+0000] {dag.py:4180} INFO - Setting next_dagrun for urban_data_pipeline to 2026-06-01 00:00:00+00:00, run_after=2026-07-01 00:00:00+00:00
[2026-06-29T13:13:29.916+0000] {processor.py:208} INFO - Processing /opt/airflow/dags/urban_data_pipeline_dag.py took 0.575 seconds
[2026-06-29T13:14:00.079+0000] {processor.py:186} INFO - Started process (PID=6099) to work on /opt/airflow/dags/urban_data_pipeline_dag.py
[2026-06-29T13:14:00.081+0000] {processor.py:914} INFO - Processing file /opt/airflow/dags/urban_data_pipeline_dag.py for tasks to queue
[2026-06-29T13:14:00.085+0000] {logging_mixin.py:190} INFO - [2026-06-29T13:14:00.084+0000] {dagbag.py:588} INFO - Filling up the DagBag from /opt/airflow/dags/urban_data_pipeline_dag.py
[2026-06-29T13:14:00.358+0000] {processor.py:925} INFO - DAG(s) 'urban_data_pipeline' retrieved from /opt/airflow/dags/urban_data_pipeline_dag.py
[2026-06-29T13:14:00.400+0000] {logging_mixin.py:190} INFO - [2026-06-29T13:14:00.400+0000] {dag.py:3239} INFO - Sync 1 DAGs
[2026-06-29T13:14:00.423+0000] {logging_mixin.py:190} INFO - [2026-06-29T13:14:00.423+0000] {dag.py:4180} INFO - Setting next_dagrun for urban_data_pipeline to 2026-06-01 00:00:00+00:00, run_after=2026-07-01 00:00:00+00:00
[2026-06-29T13:14:00.448+0000] {processor.py:208} INFO - Processing /opt/airflow/dags/urban_data_pipeline_dag.py took 0.378 seconds
[2026-06-29T13:14:30.668+0000] {processor.py:186} INFO - Started process (PID=6117) to work on /opt/airflow/dags/urban_data_pipeline_dag.py
[2026-06-29T13:14:30.670+0000] {processor.py:914} INFO - Processing file /opt/airflow/dags/urban_data_pipeline_dag.py for tasks to queue
[2026-06-29T13:14:30.674+0000] {logging_mixin.py:190} INFO - [2026-06-29T13:14:30.674+0000] {dagbag.py:588} INFO - Filling up the DagBag from /opt/airflow/dags/urban_data_pipeline_dag.py
[2026-06-29T13:14:31.249+0000] {processor.py:925} INFO - DAG(s) 'urban_data_pipeline' retrieved from /opt/airflow/dags/urban_data_pipeline_dag.py
[2026-06-29T13:14:31.300+0000] {logging_mixin.py:190} INFO - [2026-06-29T13:14:31.300+0000] {dag.py:3239} INFO - Sync 1 DAGs
[2026-06-29T13:14:31.326+0000] {logging_mixin.py:190} INFO - [2026-06-29T13:14:31.326+0000] {dag.py:4180} INFO - Setting next_dagrun for urban_data_pipeline to 2026-06-01 00:00:00+00:00, run_after=2026-07-01 00:00:00+00:00
[2026-06-29T13:14:31.361+0000] {processor.py:208} INFO - Processing /opt/airflow/dags/urban_data_pipeline_dag.py took 0.709 seconds
[2026-06-29T13:15:02.406+0000] {processor.py:186} INFO - Started process (PID=6135) to work on /opt/airflow/dags/urban_data_pipeline_dag.py
[2026-06-29T13:15:02.408+0000] {processor.py:914} INFO - Processing file /opt/airflow/dags/urban_data_pipeline_dag.py for tasks to queue
[2026-06-29T13:15:02.416+0000] {logging_mixin.py:190} INFO - [2026-06-29T13:15:02.415+0000] {dagbag.py:588} INFO - Filling up the DagBag from /opt/airflow/dags/urban_data_pipeline_dag.py
[2026-06-29T13:15:02.683+0000] {processor.py:925} INFO - DAG(s) 'urban_data_pipeline' retrieved from /opt/airflow/dags/urban_data_pipeline_dag.py
[2026-06-29T13:15:02.726+0000] {logging_mixin.py:190} INFO - [2026-06-29T13:15:02.726+0000] {dag.py:3239} INFO - Sync 1 DAGs
[2026-06-29T13:15:02.751+0000] {logging_mixin.py:190} INFO - [2026-06-29T13:15:02.750+0000] {dag.py:4180} INFO - Setting next_dagrun for urban_data_pipeline to 2026-06-01 00:00:00+00:00, run_after=2026-07-01 00:00:00+00:00
[2026-06-29T13:15:02.789+0000] {processor.py:208} INFO - Processing /opt/airflow/dags/urban_data_pipeline_dag.py took 0.392 seconds
[2026-06-29T13:15:33.141+0000] {processor.py:186} INFO - Started process (PID=6153) to work on /opt/airflow/dags/urban_data_pipeline_dag.py
[2026-06-29T13:15:33.142+0000] {processor.py:914} INFO - Processing file /opt/airflow/dags/urban_data_pipeline_dag.py for tasks to queue
[2026-06-29T13:15:33.152+0000] {logging_mixin.py:190} INFO - [2026-06-29T13:15:33.151+0000] {dagbag.py:588} INFO - Filling up the DagBag from /opt/airflow/dags/urban_data_pipeline_dag.py
[2026-06-29T13:15:33.294+0000] {processor.py:925} INFO - DAG(s) 'urban_data_pipeline' retrieved from /opt/airflow/dags/urban_data_pipeline_dag.py
[2026-06-29T13:15:33.337+0000] {logging_mixin.py:190} INFO - [2026-06-29T13:15:33.336+0000] {dag.py:3239} INFO - Sync 1 DAGs
[2026-06-29T13:15:33.363+0000] {logging_mixin.py:190} INFO - [2026-06-29T13:15:33.363+0000] {dag.py:4180} INFO - Setting next_dagrun for urban_data_pipeline to 2026-06-01 00:00:00+00:00, run_after=2026-07-01 00:00:00+00:00
[2026-06-29T13:15:33.400+0000] {processor.py:208} INFO - Processing /opt/airflow/dags/urban_data_pipeline_dag.py took 0.277 seconds
[2026-06-29T13:16:04.226+0000] {processor.py:186} INFO - Started process (PID=6170) to work on /opt/airflow/dags/urban_data_pipeline_dag.py
[2026-06-29T13:16:04.229+0000] {processor.py:914} INFO - Processing file /opt/airflow/dags/urban_data_pipeline_dag.py for tasks to queue
[2026-06-29T13:16:04.234+0000] {logging_mixin.py:190} INFO - [2026-06-29T13:16:04.233+0000] {dagbag.py:588} INFO - Filling up the DagBag from /opt/airflow/dags/urban_data_pipeline_dag.py
[2026-06-29T13:16:04.578+0000] {processor.py:925} INFO - DAG(s) 'urban_data_pipeline' retrieved from /opt/airflow/dags/urban_data_pipeline_dag.py
[2026-06-29T13:16:04.622+0000] {logging_mixin.py:190} INFO - [2026-06-29T13:16:04.622+0000] {dag.py:3239} INFO - Sync 1 DAGs
[2026-06-29T13:16:04.647+0000] {logging_mixin.py:190} INFO - [2026-06-29T13:16:04.646+0000] {dag.py:4180} INFO - Setting next_dagrun for urban_data_pipeline to 2026-06-01 00:00:00+00:00, run_after=2026-07-01 00:00:00+00:00
[2026-06-29T13:16:04.675+0000] {processor.py:208} INFO - Processing /opt/airflow/dags/urban_data_pipeline_dag.py took 0.462 seconds
[2026-06-29T13:16:35.250+0000] {processor.py:186} INFO - Started process (PID=6181) to work on /opt/airflow/dags/urban_data_pipeline_dag.py
[2026-06-29T13:16:35.255+0000] {processor.py:914} INFO - Processing file /opt/airflow/dags/urban_data_pipeline_dag.py for tasks to queue
[2026-06-29T13:16:35.262+0000] {logging_mixin.py:190} INFO - [2026-06-29T13:16:35.261+0000] {dagbag.py:588} INFO - Filling up the DagBag from /opt/airflow/dags/urban_data_pipeline_dag.py
[2026-06-29T13:16:35.449+0000] {processor.py:925} INFO - DAG(s) 'urban_data_pipeline' retrieved from /opt/airflow/dags/urban_data_pipeline_dag.py
[2026-06-29T13:16:35.491+0000] {logging_mixin.py:190} INFO - [2026-06-29T13:16:35.491+0000] {dag.py:3239} INFO - Sync 1 DAGs
[2026-06-29T13:16:35.515+0000] {logging_mixin.py:190} INFO - [2026-06-29T13:16:35.515+0000] {dag.py:4180} INFO - Setting next_dagrun for urban_data_pipeline to 2026-06-01 00:00:00+00:00, run_after=2026-07-01 00:00:00+00:00
[2026-06-29T13:16:35.536+0000] {processor.py:208} INFO - Processing /opt/airflow/dags/urban_data_pipeline_dag.py took 0.314 seconds
[2026-06-29T13:17:05.687+0000] {processor.py:186} INFO - Started process (PID=6199) to work on /opt/airflow/dags/urban_data_pipeline_dag.py
[2026-06-29T13:17:05.688+0000] {processor.py:914} INFO - Processing file /opt/airflow/dags/urban_data_pipeline_dag.py for tasks to queue
[2026-06-29T13:17:05.691+0000] {logging_mixin.py:190} INFO - [2026-06-29T13:17:05.691+0000] {dagbag.py:588} INFO - Filling up the DagBag from /opt/airflow/dags/urban_data_pipeline_dag.py
[2026-06-29T13:17:05.794+0000] {processor.py:925} INFO - DAG(s) 'urban_data_pipeline' retrieved from /opt/airflow/dags/urban_data_pipeline_dag.py
[2026-06-29T13:17:05.841+0000] {logging_mixin.py:190} INFO - [2026-06-29T13:17:05.841+0000] {dag.py:3239} INFO - Sync 1 DAGs
[2026-06-29T13:17:05.867+0000] {logging_mixin.py:190} INFO - [2026-06-29T13:17:05.867+0000] {dag.py:4180} INFO - Setting next_dagrun for urban_data_pipeline to 2026-06-01 00:00:00+00:00, run_after=2026-07-01 00:00:00+00:00
[2026-06-29T13:17:05.900+0000] {processor.py:208} INFO - Processing /opt/airflow/dags/urban_data_pipeline_dag.py took 0.220 seconds
[2026-06-29T13:17:36.244+0000] {processor.py:186} INFO - Started process (PID=6217) to work on /opt/airflow/dags/urban_data_pipeline_dag.py
[2026-06-29T13:17:36.246+0000] {processor.py:914} INFO - Processing file /opt/airflow/dags/urban_data_pipeline_dag.py for tasks to queue
[2026-06-29T13:17:36.249+0000] {logging_mixin.py:190} INFO - [2026-06-29T13:17:36.249+0000] {dagbag.py:588} INFO - Filling up the DagBag from /opt/airflow/dags/urban_data_pipeline_dag.py
[2026-06-29T13:17:36.443+0000] {processor.py:925} INFO - DAG(s) 'urban_data_pipeline' retrieved from /opt/airflow/dags/urban_data_pipeline_dag.py
[2026-06-29T13:17:36.495+0000] {logging_mixin.py:190} INFO - [2026-06-29T13:17:36.494+0000] {dag.py:3239} INFO - Sync 1 DAGs
[2026-06-29T13:17:36.523+0000] {logging_mixin.py:190} INFO - [2026-06-29T13:17:36.523+0000] {dag.py:4180} INFO - Setting next_dagrun for urban_data_pipeline to 2026-06-01 00:00:00+00:00, run_after=2026-07-01 00:00:00+00:00
[2026-06-29T13:17:36.554+0000] {processor.py:208} INFO - Processing /opt/airflow/dags/urban_data_pipeline_dag.py took 0.327 seconds
[2026-06-29T13:18:06.713+0000] {processor.py:186} INFO - Started process (PID=6235) to work on /opt/airflow/dags/urban_data_pipeline_dag.py
[2026-06-29T13:18:06.714+0000] {processor.py:914} INFO - Processing file /opt/airflow/dags/urban_data_pipeline_dag.py for tasks to queue
[2026-06-29T13:18:06.717+0000] {logging_mixin.py:190} INFO - [2026-06-29T13:18:06.716+0000] {dagbag.py:588} INFO - Filling up the DagBag from /opt/airflow/dags/urban_data_pipeline_dag.py
[2026-06-29T13:18:06.846+0000] {processor.py:925} INFO - DAG(s) 'urban_data_pipeline' retrieved from /opt/airflow/dags/urban_data_pipeline_dag.py
[2026-06-29T13:18:06.896+0000] {logging_mixin.py:190} INFO - [2026-06-29T13:18:06.895+0000] {dag.py:3239} INFO - Sync 1 DAGs
[2026-06-29T13:18:06.927+0000] {logging_mixin.py:190} INFO - [2026-06-29T13:18:06.926+0000] {dag.py:4180} INFO - Setting next_dagrun for urban_data_pipeline to 2026-06-01 00:00:00+00:00, run_after=2026-07-01 00:00:00+00:00
[2026-06-29T13:18:06.977+0000] {processor.py:208} INFO - Processing /opt/airflow/dags/urban_data_pipeline_dag.py took 0.270 seconds
[2026-06-29T13:18:37.808+0000] {processor.py:186} INFO - Started process (PID=6253) to work on /opt/airflow/dags/urban_data_pipeline_dag.py
[2026-06-29T13:18:37.809+0000] {processor.py:914} INFO - Processing file /opt/airflow/dags/urban_data_pipeline_dag.py for tasks to queue
[2026-06-29T13:18:37.812+0000] {logging_mixin.py:190} INFO - [2026-06-29T13:18:37.812+0000] {dagbag.py:588} INFO - Filling up the DagBag from /opt/airflow/dags/urban_data_pipeline_dag.py
[2026-06-29T13:18:37.933+0000] {processor.py:925} INFO - DAG(s) 'urban_data_pipeline' retrieved from /opt/airflow/dags/urban_data_pipeline_dag.py
[2026-06-29T13:18:37.978+0000] {logging_mixin.py:190} INFO - [2026-06-29T13:18:37.977+0000] {dag.py:3239} INFO - Sync 1 DAGs
[2026-06-29T13:18:38.005+0000] {logging_mixin.py:190} INFO - [2026-06-29T13:18:38.005+0000] {dag.py:4180} INFO - Setting next_dagrun for urban_data_pipeline to 2026-06-01 00:00:00+00:00, run_after=2026-07-01 00:00:00+00:00
[2026-06-29T13:18:38.031+0000] {processor.py:208} INFO - Processing /opt/airflow/dags/urban_data_pipeline_dag.py took 0.229 seconds
[2026-06-29T13:19:08.925+0000] {processor.py:186} INFO - Started process (PID=6271) to work on /opt/airflow/dags/urban_data_pipeline_dag.py
[2026-06-29T13:19:08.927+0000] {processor.py:914} INFO - Processing file /opt/airflow/dags/urban_data_pipeline_dag.py for tasks to queue
[2026-06-29T13:19:08.930+0000] {logging_mixin.py:190} INFO - [2026-06-29T13:19:08.930+0000] {dagbag.py:588} INFO - Filling up the DagBag from /opt/airflow/dags/urban_data_pipeline_dag.py
[2026-06-29T13:19:09.076+0000] {processor.py:925} INFO - DAG(s) 'urban_data_pipeline' retrieved from /opt/airflow/dags/urban_data_pipeline_dag.py
[2026-06-29T13:19:09.161+0000] {logging_mixin.py:190} INFO - [2026-06-29T13:19:09.161+0000] {dag.py:3239} INFO - Sync 1 DAGs
[2026-06-29T13:19:09.185+0000] {logging_mixin.py:190} INFO - [2026-06-29T13:19:09.184+0000] {dag.py:4180} INFO - Setting next_dagrun for urban_data_pipeline to 2026-06-01 00:00:00+00:00, run_after=2026-07-01 00:00:00+00:00
[2026-06-29T13:19:09.209+0000] {processor.py:208} INFO - Processing /opt/airflow/dags/urban_data_pipeline_dag.py took 0.293 seconds
[2026-06-29T13:19:39.924+0000] {processor.py:186} INFO - Started process (PID=6289) to work on /opt/airflow/dags/urban_data_pipeline_dag.py
[2026-06-29T13:19:39.925+0000] {processor.py:914} INFO - Processing file /opt/airflow/dags/urban_data_pipeline_dag.py for tasks to queue
[2026-06-29T13:19:39.928+0000] {logging_mixin.py:190} INFO - [2026-06-29T13:19:39.927+0000] {dagbag.py:588} INFO - Filling up the DagBag from /opt/airflow/dags/urban_data_pipeline_dag.py
[2026-06-29T13:19:40.042+0000] {processor.py:925} INFO - DAG(s) 'urban_data_pipeline' retrieved from /opt/airflow/dags/urban_data_pipeline_dag.py
[2026-06-29T13:19:40.085+0000] {logging_mixin.py:190} INFO - [2026-06-29T13:19:40.085+0000] {dag.py:3239} INFO - Sync 1 DAGs
[2026-06-29T13:19:40.107+0000] {logging_mixin.py:190} INFO - [2026-06-29T13:19:40.106+0000] {dag.py:4180} INFO - Setting next_dagrun for urban_data_pipeline to 2026-06-01 00:00:00+00:00, run_after=2026-07-01 00:00:00+00:00
[2026-06-29T13:19:40.129+0000] {processor.py:208} INFO - Processing /opt/airflow/dags/urban_data_pipeline_dag.py took 0.212 seconds
[2026-06-29T13:20:11.021+0000] {processor.py:186} INFO - Started process (PID=6307) to work on /opt/airflow/dags/urban_data_pipeline_dag.py
[2026-06-29T13:20:11.022+0000] {processor.py:914} INFO - Processing file /opt/airflow/dags/urban_data_pipeline_dag.py for tasks to queue
[2026-06-29T13:20:11.027+0000] {logging_mixin.py:190} INFO - [2026-06-29T13:20:11.027+0000] {dagbag.py:588} INFO - Filling up the DagBag from /opt/airflow/dags/urban_data_pipeline_dag.py
[2026-06-29T13:20:11.564+0000] {processor.py:925} INFO - DAG(s) 'urban_data_pipeline' retrieved from /opt/airflow/dags/urban_data_pipeline_dag.py
[2026-06-29T13:20:11.632+0000] {logging_mixin.py:190} INFO - [2026-06-29T13:20:11.631+0000] {dag.py:3239} INFO - Sync 1 DAGs
[2026-06-29T13:20:11.655+0000] {logging_mixin.py:190} INFO - [2026-06-29T13:20:11.655+0000] {dag.py:4180} INFO - Setting next_dagrun for urban_data_pipeline to 2026-06-01 00:00:00+00:00, run_after=2026-07-01 00:00:00+00:00
[2026-06-29T13:20:11.680+0000] {processor.py:208} INFO - Processing /opt/airflow/dags/urban_data_pipeline_dag.py took 0.673 seconds
[2026-06-29T13:20:42.656+0000] {processor.py:186} INFO - Started process (PID=6325) to work on /opt/airflow/dags/urban_data_pipeline_dag.py
[2026-06-29T13:20:42.659+0000] {processor.py:914} INFO - Processing file /opt/airflow/dags/urban_data_pipeline_dag.py for tasks to queue
[2026-06-29T13:20:42.665+0000] {logging_mixin.py:190} INFO - [2026-06-29T13:20:42.665+0000] {dagbag.py:588} INFO - Filling up the DagBag from /opt/airflow/dags/urban_data_pipeline_dag.py
[2026-06-29T13:20:42.998+0000] {processor.py:925} INFO - DAG(s) 'urban_data_pipeline' retrieved from /opt/airflow/dags/urban_data_pipeline_dag.py
[2026-06-29T13:20:43.053+0000] {logging_mixin.py:190} INFO - [2026-06-29T13:20:43.053+0000] {dag.py:3239} INFO - Sync 1 DAGs
[2026-06-29T13:20:43.078+0000] {logging_mixin.py:190} INFO - [2026-06-29T13:20:43.078+0000] {dag.py:4180} INFO - Setting next_dagrun for urban_data_pipeline to 2026-06-01 00:00:00+00:00, run_after=2026-07-01 00:00:00+00:00
[2026-06-29T13:20:43.105+0000] {processor.py:208} INFO - Processing /opt/airflow/dags/urban_data_pipeline_dag.py took 0.468 seconds
[2026-06-29T13:21:13.293+0000] {processor.py:186} INFO - Started process (PID=6343) to work on /opt/airflow/dags/urban_data_pipeline_dag.py
[2026-06-29T13:21:13.299+0000] {processor.py:914} INFO - Processing file /opt/airflow/dags/urban_data_pipeline_dag.py for tasks to queue
[2026-06-29T13:21:13.315+0000] {logging_mixin.py:190} INFO - [2026-06-29T13:21:13.314+0000] {dagbag.py:588} INFO - Filling up the DagBag from /opt/airflow/dags/urban_data_pipeline_dag.py
[2026-06-29T13:21:13.533+0000] {processor.py:925} INFO - DAG(s) 'urban_data_pipeline' retrieved from /opt/airflow/dags/urban_data_pipeline_dag.py
[2026-06-29T13:21:13.592+0000] {logging_mixin.py:190} INFO - [2026-06-29T13:21:13.591+0000] {dag.py:3239} INFO - Sync 1 DAGs
[2026-06-29T13:21:13.626+0000] {logging_mixin.py:190} INFO - [2026-06-29T13:21:13.626+0000] {dag.py:4180} INFO - Setting next_dagrun for urban_data_pipeline to 2026-06-01 00:00:00+00:00, run_after=2026-07-01 00:00:00+00:00
[2026-06-29T13:21:13.665+0000] {processor.py:208} INFO - Processing /opt/airflow/dags/urban_data_pipeline_dag.py took 0.399 seconds
[2026-06-29T13:21:44.543+0000] {processor.py:186} INFO - Started process (PID=6361) to work on /opt/airflow/dags/urban_data_pipeline_dag.py
[2026-06-29T13:21:44.545+0000] {processor.py:914} INFO - Processing file /opt/airflow/dags/urban_data_pipeline_dag.py for tasks to queue
[2026-06-29T13:21:44.548+0000] {logging_mixin.py:190} INFO - [2026-06-29T13:21:44.548+0000] {dagbag.py:588} INFO - Filling up the DagBag from /opt/airflow/dags/urban_data_pipeline_dag.py
[2026-06-29T13:21:44.831+0000] {processor.py:925} INFO - DAG(s) 'urban_data_pipeline' retrieved from /opt/airflow/dags/urban_data_pipeline_dag.py
[2026-06-29T13:21:44.967+0000] {logging_mixin.py:190} INFO - [2026-06-29T13:21:44.966+0000] {dag.py:3239} INFO - Sync 1 DAGs
[2026-06-29T13:21:45.006+0000] {logging_mixin.py:190} INFO - [2026-06-29T13:21:45.006+0000] {dag.py:4180} INFO - Setting next_dagrun for urban_data_pipeline to 2026-06-01 00:00:00+00:00, run_after=2026-07-01 00:00:00+00:00
[2026-06-29T13:21:45.039+0000] {processor.py:208} INFO - Processing /opt/airflow/dags/urban_data_pipeline_dag.py took 0.505 seconds
[2026-06-29T13:22:15.419+0000] {processor.py:186} INFO - Started process (PID=6378) to work on /opt/airflow/dags/urban_data_pipeline_dag.py
[2026-06-29T13:22:15.420+0000] {processor.py:914} INFO - Processing file /opt/airflow/dags/urban_data_pipeline_dag.py for tasks to queue
[2026-06-29T13:22:15.423+0000] {logging_mixin.py:190} INFO - [2026-06-29T13:22:15.422+0000] {dagbag.py:588} INFO - Filling up the DagBag from /opt/airflow/dags/urban_data_pipeline_dag.py
[2026-06-29T13:22:15.666+0000] {processor.py:925} INFO - DAG(s) 'urban_data_pipeline' retrieved from /opt/airflow/dags/urban_data_pipeline_dag.py
[2026-06-29T13:22:15.713+0000] {logging_mixin.py:190} INFO - [2026-06-29T13:22:15.713+0000] {dag.py:3239} INFO - Sync 1 DAGs
[2026-06-29T13:22:15.738+0000] {logging_mixin.py:190} INFO - [2026-06-29T13:22:15.738+0000] {dag.py:4180} INFO - Setting next_dagrun for urban_data_pipeline to 2026-06-01 00:00:00+00:00, run_after=2026-07-01 00:00:00+00:00
[2026-06-29T13:22:15.767+0000] {processor.py:208} INFO - Processing /opt/airflow/dags/urban_data_pipeline_dag.py took 0.354 seconds
[2026-06-29T13:22:46.301+0000] {processor.py:186} INFO - Started process (PID=6389) to work on /opt/airflow/dags/urban_data_pipeline_dag.py
[2026-06-29T13:22:46.303+0000] {processor.py:914} INFO - Processing file /opt/airflow/dags/urban_data_pipeline_dag.py for tasks to queue
[2026-06-29T13:22:46.307+0000] {logging_mixin.py:190} INFO - [2026-06-29T13:22:46.306+0000] {dagbag.py:588} INFO - Filling up the DagBag from /opt/airflow/dags/urban_data_pipeline_dag.py
[2026-06-29T13:22:46.694+0000] {processor.py:925} INFO - DAG(s) 'urban_data_pipeline' retrieved from /opt/airflow/dags/urban_data_pipeline_dag.py
[2026-06-29T13:22:46.741+0000] {logging_mixin.py:190} INFO - [2026-06-29T13:22:46.741+0000] {dag.py:3239} INFO - Sync 1 DAGs
[2026-06-29T13:22:46.765+0000] {logging_mixin.py:190} INFO - [2026-06-29T13:22:46.765+0000] {dag.py:4180} INFO - Setting next_dagrun for urban_data_pipeline to 2026-06-01 00:00:00+00:00, run_after=2026-07-01 00:00:00+00:00
[2026-06-29T13:22:46.793+0000] {processor.py:208} INFO - Processing /opt/airflow/dags/urban_data_pipeline_dag.py took 0.500 seconds
[2026-06-29T13:23:17.153+0000] {processor.py:186} INFO - Started process (PID=6407) to work on /opt/airflow/dags/urban_data_pipeline_dag.py
[2026-06-29T13:23:17.154+0000] {processor.py:914} INFO - Processing file /opt/airflow/dags/urban_data_pipeline_dag.py for tasks to queue
[2026-06-29T13:23:17.157+0000] {logging_mixin.py:190} INFO - [2026-06-29T13:23:17.157+0000] {dagbag.py:588} INFO - Filling up the DagBag from /opt/airflow/dags/urban_data_pipeline_dag.py
[2026-06-29T13:23:17.303+0000] {processor.py:925} INFO - DAG(s) 'urban_data_pipeline' retrieved from /opt/airflow/dags/urban_data_pipeline_dag.py
[2026-06-29T13:23:17.353+0000] {logging_mixin.py:190} INFO - [2026-06-29T13:23:17.352+0000] {dag.py:3239} INFO - Sync 1 DAGs
[2026-06-29T13:23:17.381+0000] {logging_mixin.py:190} INFO - [2026-06-29T13:23:17.381+0000] {dag.py:4180} INFO - Setting next_dagrun for urban_data_pipeline to 2026-06-01 00:00:00+00:00, run_after=2026-07-01 00:00:00+00:00
[2026-06-29T13:23:17.412+0000] {processor.py:208} INFO - Processing /opt/airflow/dags/urban_data_pipeline_dag.py took 0.266 seconds
[2026-06-29T13:23:48.254+0000] {processor.py:186} INFO - Started process (PID=6425) to work on /opt/airflow/dags/urban_data_pipeline_dag.py
[2026-06-29T13:23:48.256+0000] {processor.py:914} INFO - Processing file /opt/airflow/dags/urban_data_pipeline_dag.py for tasks to queue
[2026-06-29T13:23:48.262+0000] {logging_mixin.py:190} INFO - [2026-06-29T13:23:48.261+0000] {dagbag.py:588} INFO - Filling up the DagBag from /opt/airflow/dags/urban_data_pipeline_dag.py
[2026-06-29T13:23:48.792+0000] {processor.py:925} INFO - DAG(s) 'urban_data_pipeline' retrieved from /opt/airflow/dags/urban_data_pipeline_dag.py
[2026-06-29T13:23:48.843+0000] {logging_mixin.py:190} INFO - [2026-06-29T13:23:48.843+0000] {dag.py:3239} INFO - Sync 1 DAGs
[2026-06-29T13:23:48.872+0000] {logging_mixin.py:190} INFO - [2026-06-29T13:23:48.872+0000] {dag.py:4180} INFO - Setting next_dagrun for urban_data_pipeline to 2026-06-01 00:00:00+00:00, run_after=2026-07-01 00:00:00+00:00
[2026-06-29T13:23:48.900+0000] {processor.py:208} INFO - Processing /opt/airflow/dags/urban_data_pipeline_dag.py took 0.672 seconds
[2026-06-29T13:24:19.845+0000] {processor.py:186} INFO - Started process (PID=6443) to work on /opt/airflow/dags/urban_data_pipeline_dag.py
[2026-06-29T13:24:19.847+0000] {processor.py:914} INFO - Processing file /opt/airflow/dags/urban_data_pipeline_dag.py for tasks to queue
[2026-06-29T13:24:19.850+0000] {logging_mixin.py:190} INFO - [2026-06-29T13:24:19.849+0000] {dagbag.py:588} INFO - Filling up the DagBag from /opt/airflow/dags/urban_data_pipeline_dag.py
[2026-06-29T13:24:20.218+0000] {processor.py:925} INFO - DAG(s) 'urban_data_pipeline' retrieved from /opt/airflow/dags/urban_data_pipeline_dag.py
[2026-06-29T13:24:20.265+0000] {logging_mixin.py:190} INFO - [2026-06-29T13:24:20.264+0000] {dag.py:3239} INFO - Sync 1 DAGs
[2026-06-29T13:24:20.290+0000] {logging_mixin.py:190} INFO - [2026-06-29T13:24:20.290+0000] {dag.py:4180} INFO - Setting next_dagrun for urban_data_pipeline to 2026-06-01 00:00:00+00:00, run_after=2026-07-01 00:00:00+00:00
[2026-06-29T13:24:20.317+0000] {processor.py:208} INFO - Processing /opt/airflow/dags/urban_data_pipeline_dag.py took 0.480 seconds
[2026-06-29T13:24:51.124+0000] {processor.py:186} INFO - Started process (PID=6461) to work on /opt/airflow/dags/urban_data_pipeline_dag.py
[2026-06-29T13:24:51.125+0000] {processor.py:914} INFO - Processing file /opt/airflow/dags/urban_data_pipeline_dag.py for tasks to queue
[2026-06-29T13:24:51.127+0000] {logging_mixin.py:190} INFO - [2026-06-29T13:24:51.127+0000] {dagbag.py:588} INFO - Filling up the DagBag from /opt/airflow/dags/urban_data_pipeline_dag.py
[2026-06-29T13:24:51.297+0000] {processor.py:925} INFO - DAG(s) 'urban_data_pipeline' retrieved from /opt/airflow/dags/urban_data_pipeline_dag.py
[2026-06-29T13:24:51.348+0000] {logging_mixin.py:190} INFO - [2026-06-29T13:24:51.348+0000] {dag.py:3239} INFO - Sync 1 DAGs
[2026-06-29T13:24:51.374+0000] {logging_mixin.py:190} INFO - [2026-06-29T13:24:51.374+0000] {dag.py:4180} INFO - Setting next_dagrun for urban_data_pipeline to 2026-06-01 00:00:00+00:00, run_after=2026-07-01 00:00:00+00:00
[2026-06-29T13:24:51.400+0000] {processor.py:208} INFO - Processing /opt/airflow/dags/urban_data_pipeline_dag.py took 0.283 seconds
[2026-06-29T13:25:22.236+0000] {processor.py:186} INFO - Started process (PID=6479) to work on /opt/airflow/dags/urban_data_pipeline_dag.py
[2026-06-29T13:25:22.238+0000] {processor.py:914} INFO - Processing file /opt/airflow/dags/urban_data_pipeline_dag.py for tasks to queue
[2026-06-29T13:25:22.241+0000] {logging_mixin.py:190} INFO - [2026-06-29T13:25:22.241+0000] {dagbag.py:588} INFO - Filling up the DagBag from /opt/airflow/dags/urban_data_pipeline_dag.py
[2026-06-29T13:25:22.376+0000] {processor.py:925} INFO - DAG(s) 'urban_data_pipeline' retrieved from /opt/airflow/dags/urban_data_pipeline_dag.py
[2026-06-29T13:25:22.422+0000] {logging_mixin.py:190} INFO - [2026-06-29T13:25:22.422+0000] {dag.py:3239} INFO - Sync 1 DAGs
[2026-06-29T13:25:22.445+0000] {logging_mixin.py:190} INFO - [2026-06-29T13:25:22.445+0000] {dag.py:4180} INFO - Setting next_dagrun for urban_data_pipeline to 2026-06-01 00:00:00+00:00, run_after=2026-07-01 00:00:00+00:00
[2026-06-29T13:25:22.466+0000] {processor.py:208} INFO - Processing /opt/airflow/dags/urban_data_pipeline_dag.py took 0.237 seconds
[2026-06-29T13:25:53.209+0000] {processor.py:186} INFO - Started process (PID=6497) to work on /opt/airflow/dags/urban_data_pipeline_dag.py
[2026-06-29T13:25:53.210+0000] {processor.py:914} INFO - Processing file /opt/airflow/dags/urban_data_pipeline_dag.py for tasks to queue
[2026-06-29T13:25:53.216+0000] {logging_mixin.py:190} INFO - [2026-06-29T13:25:53.215+0000] {dagbag.py:588} INFO - Filling up the DagBag from /opt/airflow/dags/urban_data_pipeline_dag.py
[2026-06-29T13:25:53.447+0000] {processor.py:925} INFO - DAG(s) 'urban_data_pipeline' retrieved from /opt/airflow/dags/urban_data_pipeline_dag.py
[2026-06-29T13:25:53.489+0000] {logging_mixin.py:190} INFO - [2026-06-29T13:25:53.489+0000] {dag.py:3239} INFO - Sync 1 DAGs
[2026-06-29T13:25:53.514+0000] {logging_mixin.py:190} INFO - [2026-06-29T13:25:53.514+0000] {dag.py:4180} INFO - Setting next_dagrun for urban_data_pipeline to 2026-06-01 00:00:00+00:00, run_after=2026-07-01 00:00:00+00:00
[2026-06-29T13:25:53.538+0000] {processor.py:208} INFO - Processing /opt/airflow/dags/urban_data_pipeline_dag.py took 0.339 seconds
[2026-06-29T13:26:24.433+0000] {processor.py:186} INFO - Started process (PID=6515) to work on /opt/airflow/dags/urban_data_pipeline_dag.py
[2026-06-29T13:26:24.435+0000] {processor.py:914} INFO - Processing file /opt/airflow/dags/urban_data_pipeline_dag.py for tasks to queue
[2026-06-29T13:26:24.438+0000] {logging_mixin.py:190} INFO - [2026-06-29T13:26:24.438+0000] {dagbag.py:588} INFO - Filling up the DagBag from /opt/airflow/dags/urban_data_pipeline_dag.py
[2026-06-29T13:26:24.750+0000] {processor.py:925} INFO - DAG(s) 'urban_data_pipeline' retrieved from /opt/airflow/dags/urban_data_pipeline_dag.py
[2026-06-29T13:26:24.801+0000] {logging_mixin.py:190} INFO - [2026-06-29T13:26:24.801+0000] {dag.py:3239} INFO - Sync 1 DAGs
[2026-06-29T13:26:24.828+0000] {logging_mixin.py:190} INFO - [2026-06-29T13:26:24.828+0000] {dag.py:4180} INFO - Setting next_dagrun for urban_data_pipeline to 2026-06-01 00:00:00+00:00, run_after=2026-07-01 00:00:00+00:00
[2026-06-29T13:26:24.862+0000] {processor.py:208} INFO - Processing /opt/airflow/dags/urban_data_pipeline_dag.py took 0.436 seconds
[2026-06-29T13:26:55.040+0000] {processor.py:186} INFO - Started process (PID=6533) to work on /opt/airflow/dags/urban_data_pipeline_dag.py
[2026-06-29T13:26:55.043+0000] {processor.py:914} INFO - Processing file /opt/airflow/dags/urban_data_pipeline_dag.py for tasks to queue
[2026-06-29T13:26:55.047+0000] {logging_mixin.py:190} INFO - [2026-06-29T13:26:55.047+0000] {dagbag.py:588} INFO - Filling up the DagBag from /opt/airflow/dags/urban_data_pipeline_dag.py
[2026-06-29T13:26:55.333+0000] {processor.py:925} INFO - DAG(s) 'urban_data_pipeline' retrieved from /opt/airflow/dags/urban_data_pipeline_dag.py
[2026-06-29T13:26:55.378+0000] {logging_mixin.py:190} INFO - [2026-06-29T13:26:55.378+0000] {dag.py:3239} INFO - Sync 1 DAGs
[2026-06-29T13:26:55.401+0000] {logging_mixin.py:190} INFO - [2026-06-29T13:26:55.401+0000] {dag.py:4180} INFO - Setting next_dagrun for urban_data_pipeline to 2026-06-01 00:00:00+00:00, run_after=2026-07-01 00:00:00+00:00
[2026-06-29T13:26:55.430+0000] {processor.py:208} INFO - Processing /opt/airflow/dags/urban_data_pipeline_dag.py took 0.404 seconds
[2026-06-29T13:27:25.802+0000] {processor.py:186} INFO - Started process (PID=6550) to work on /opt/airflow/dags/urban_data_pipeline_dag.py
[2026-06-29T13:27:25.804+0000] {processor.py:914} INFO - Processing file /opt/airflow/dags/urban_data_pipeline_dag.py for tasks to queue
[2026-06-29T13:27:25.808+0000] {logging_mixin.py:190} INFO - [2026-06-29T13:27:25.808+0000] {dagbag.py:588} INFO - Filling up the DagBag from /opt/airflow/dags/urban_data_pipeline_dag.py
[2026-06-29T13:27:26.041+0000] {processor.py:925} INFO - DAG(s) 'urban_data_pipeline' retrieved from /opt/airflow/dags/urban_data_pipeline_dag.py
[2026-06-29T13:27:26.088+0000] {logging_mixin.py:190} INFO - [2026-06-29T13:27:26.088+0000] {dag.py:3239} INFO - Sync 1 DAGs
[2026-06-29T13:27:26.115+0000] {logging_mixin.py:190} INFO - [2026-06-29T13:27:26.115+0000] {dag.py:4180} INFO - Setting next_dagrun for urban_data_pipeline to 2026-06-01 00:00:00+00:00, run_after=2026-07-01 00:00:00+00:00
[2026-06-29T13:27:26.143+0000] {processor.py:208} INFO - Processing /opt/airflow/dags/urban_data_pipeline_dag.py took 0.347 seconds
[2026-06-29T13:27:56.446+0000] {processor.py:186} INFO - Started process (PID=6561) to work on /opt/airflow/dags/urban_data_pipeline_dag.py
[2026-06-29T13:27:56.449+0000] {processor.py:914} INFO - Processing file /opt/airflow/dags/urban_data_pipeline_dag.py for tasks to queue
[2026-06-29T13:27:56.453+0000] {logging_mixin.py:190} INFO - [2026-06-29T13:27:56.453+0000] {dagbag.py:588} INFO - Filling up the DagBag from /opt/airflow/dags/urban_data_pipeline_dag.py
[2026-06-29T13:27:56.576+0000] {processor.py:925} INFO - DAG(s) 'urban_data_pipeline' retrieved from /opt/airflow/dags/urban_data_pipeline_dag.py
[2026-06-29T13:27:56.619+0000] {logging_mixin.py:190} INFO - [2026-06-29T13:27:56.618+0000] {dag.py:3239} INFO - Sync 1 DAGs
[2026-06-29T13:27:56.640+0000] {logging_mixin.py:190} INFO - [2026-06-29T13:27:56.640+0000] {dag.py:4180} INFO - Setting next_dagrun for urban_data_pipeline to 2026-06-01 00:00:00+00:00, run_after=2026-07-01 00:00:00+00:00
[2026-06-29T13:27:56.661+0000] {processor.py:208} INFO - Processing /opt/airflow/dags/urban_data_pipeline_dag.py took 0.225 seconds
[2026-06-29T13:28:27.553+0000] {processor.py:186} INFO - Started process (PID=6579) to work on /opt/airflow/dags/urban_data_pipeline_dag.py
[2026-06-29T13:28:27.557+0000] {processor.py:914} INFO - Processing file /opt/airflow/dags/urban_data_pipeline_dag.py for tasks to queue
[2026-06-29T13:28:27.565+0000] {logging_mixin.py:190} INFO - [2026-06-29T13:28:27.564+0000] {dagbag.py:588} INFO - Filling up the DagBag from /opt/airflow/dags/urban_data_pipeline_dag.py
[2026-06-29T13:28:27.714+0000] {processor.py:925} INFO - DAG(s) 'urban_data_pipeline' retrieved from /opt/airflow/dags/urban_data_pipeline_dag.py
[2026-06-29T13:28:27.755+0000] {logging_mixin.py:190} INFO - [2026-06-29T13:28:27.755+0000] {dag.py:3239} INFO - Sync 1 DAGs
[2026-06-29T13:28:27.778+0000] {logging_mixin.py:190} INFO - [2026-06-29T13:28:27.778+0000] {dag.py:4180} INFO - Setting next_dagrun for urban_data_pipeline to 2026-06-01 00:00:00+00:00, run_after=2026-07-01 00:00:00+00:00
[2026-06-29T13:28:27.803+0000] {processor.py:208} INFO - Processing /opt/airflow/dags/urban_data_pipeline_dag.py took 0.300 seconds
[2026-06-29T13:28:58.675+0000] {processor.py:186} INFO - Started process (PID=6597) to work on /opt/airflow/dags/urban_data_pipeline_dag.py
[2026-06-29T13:28:58.678+0000] {processor.py:914} INFO - Processing file /opt/airflow/dags/urban_data_pipeline_dag.py for tasks to queue
[2026-06-29T13:28:58.687+0000] {logging_mixin.py:190} INFO - [2026-06-29T13:28:58.686+0000] {dagbag.py:588} INFO - Filling up the DagBag from /opt/airflow/dags/urban_data_pipeline_dag.py
[2026-06-29T13:28:58.841+0000] {processor.py:925} INFO - DAG(s) 'urban_data_pipeline' retrieved from /opt/airflow/dags/urban_data_pipeline_dag.py
[2026-06-29T13:28:58.895+0000] {logging_mixin.py:190} INFO - [2026-06-29T13:28:58.894+0000] {dag.py:3239} INFO - Sync 1 DAGs
[2026-06-29T13:28:58.919+0000] {logging_mixin.py:190} INFO - [2026-06-29T13:28:58.919+0000] {dag.py:4180} INFO - Setting next_dagrun for urban_data_pipeline to 2026-06-01 00:00:00+00:00, run_after=2026-07-01 00:00:00+00:00
[2026-06-29T13:28:58.953+0000] {processor.py:208} INFO - Processing /opt/airflow/dags/urban_data_pipeline_dag.py took 0.293 seconds
[2026-06-29T13:29:29.057+0000] {processor.py:186} INFO - Started process (PID=6615) to work on /opt/airflow/dags/urban_data_pipeline_dag.py
[2026-06-29T13:29:29.059+0000] {processor.py:914} INFO - Processing file /opt/airflow/dags/urban_data_pipeline_dag.py for tasks to queue
[2026-06-29T13:29:29.062+0000] {logging_mixin.py:190} INFO - [2026-06-29T13:29:29.062+0000] {dagbag.py:588} INFO - Filling up the DagBag from /opt/airflow/dags/urban_data_pipeline_dag.py
[2026-06-29T13:29:29.167+0000] {processor.py:925} INFO - DAG(s) 'urban_data_pipeline' retrieved from /opt/airflow/dags/urban_data_pipeline_dag.py
[2026-06-29T13:29:29.213+0000] {logging_mixin.py:190} INFO - [2026-06-29T13:29:29.212+0000] {dag.py:3239} INFO - Sync 1 DAGs
[2026-06-29T13:29:29.237+0000] {logging_mixin.py:190} INFO - [2026-06-29T13:29:29.236+0000] {dag.py:4180} INFO - Setting next_dagrun for urban_data_pipeline to 2026-06-01 00:00:00+00:00, run_after=2026-07-01 00:00:00+00:00
[2026-06-29T13:29:29.268+0000] {processor.py:208} INFO - Processing /opt/airflow/dags/urban_data_pipeline_dag.py took 0.220 seconds
[2026-06-29T13:30:00.010+0000] {processor.py:186} INFO - Started process (PID=6633) to work on /opt/airflow/dags/urban_data_pipeline_dag.py
[2026-06-29T13:30:00.011+0000] {processor.py:914} INFO - Processing file /opt/airflow/dags/urban_data_pipeline_dag.py for tasks to queue
[2026-06-29T13:30:00.015+0000] {logging_mixin.py:190} INFO - [2026-06-29T13:30:00.014+0000] {dagbag.py:588} INFO - Filling up the DagBag from /opt/airflow/dags/urban_data_pipeline_dag.py
[2026-06-29T13:30:00.168+0000] {processor.py:925} INFO - DAG(s) 'urban_data_pipeline' retrieved from /opt/airflow/dags/urban_data_pipeline_dag.py
[2026-06-29T13:30:00.209+0000] {logging_mixin.py:190} INFO - [2026-06-29T13:30:00.209+0000] {dag.py:3239} INFO - Sync 1 DAGs
[2026-06-29T13:30:00.232+0000] {logging_mixin.py:190} INFO - [2026-06-29T13:30:00.232+0000] {dag.py:4180} INFO - Setting next_dagrun for urban_data_pipeline to 2026-06-01 00:00:00+00:00, run_after=2026-07-01 00:00:00+00:00
[2026-06-29T13:30:00.257+0000] {processor.py:208} INFO - Processing /opt/airflow/dags/urban_data_pipeline_dag.py took 0.260 seconds
[2026-06-29T13:30:31.111+0000] {processor.py:186} INFO - Started process (PID=6651) to work on /opt/airflow/dags/urban_data_pipeline_dag.py
[2026-06-29T13:30:31.116+0000] {processor.py:914} INFO - Processing file /opt/airflow/dags/urban_data_pipeline_dag.py for tasks to queue
[2026-06-29T13:30:31.122+0000] {logging_mixin.py:190} INFO - [2026-06-29T13:30:31.121+0000] {dagbag.py:588} INFO - Filling up the DagBag from /opt/airflow/dags/urban_data_pipeline_dag.py
[2026-06-29T13:30:31.310+0000] {processor.py:925} INFO - DAG(s) 'urban_data_pipeline' retrieved from /opt/airflow/dags/urban_data_pipeline_dag.py
[2026-06-29T13:30:31.352+0000] {logging_mixin.py:190} INFO - [2026-06-29T13:30:31.352+0000] {dag.py:3239} INFO - Sync 1 DAGs
[2026-06-29T13:30:31.375+0000] {logging_mixin.py:190} INFO - [2026-06-29T13:30:31.375+0000] {dag.py:4180} INFO - Setting next_dagrun for urban_data_pipeline to 2026-06-01 00:00:00+00:00, run_after=2026-07-01 00:00:00+00:00
[2026-06-29T13:30:31.397+0000] {processor.py:208} INFO - Processing /opt/airflow/dags/urban_data_pipeline_dag.py took 0.308 seconds
[2026-06-29T13:31:02.205+0000] {processor.py:186} INFO - Started process (PID=6669) to work on /opt/airflow/dags/urban_data_pipeline_dag.py
[2026-06-29T13:31:02.206+0000] {processor.py:914} INFO - Processing file /opt/airflow/dags/urban_data_pipeline_dag.py for tasks to queue
[2026-06-29T13:31:02.212+0000] {logging_mixin.py:190} INFO - [2026-06-29T13:31:02.211+0000] {dagbag.py:588} INFO - Filling up the DagBag from /opt/airflow/dags/urban_data_pipeline_dag.py
[2026-06-29T13:31:02.357+0000] {processor.py:925} INFO - DAG(s) 'urban_data_pipeline' retrieved from /opt/airflow/dags/urban_data_pipeline_dag.py
[2026-06-29T13:31:02.404+0000] {logging_mixin.py:190} INFO - [2026-06-29T13:31:02.404+0000] {dag.py:3239} INFO - Sync 1 DAGs
[2026-06-29T13:31:02.434+0000] {logging_mixin.py:190} INFO - [2026-06-29T13:31:02.434+0000] {dag.py:4180} INFO - Setting next_dagrun for urban_data_pipeline to 2026-06-01 00:00:00+00:00, run_after=2026-07-01 00:00:00+00:00
[2026-06-29T13:31:02.477+0000] {processor.py:208} INFO - Processing /opt/airflow/dags/urban_data_pipeline_dag.py took 0.279 seconds
[2026-06-29T13:31:33.335+0000] {processor.py:186} INFO - Started process (PID=6687) to work on /opt/airflow/dags/urban_data_pipeline_dag.py
[2026-06-29T13:31:33.336+0000] {processor.py:914} INFO - Processing file /opt/airflow/dags/urban_data_pipeline_dag.py for tasks to queue
[2026-06-29T13:31:33.339+0000] {logging_mixin.py:190} INFO - [2026-06-29T13:31:33.339+0000] {dagbag.py:588} INFO - Filling up the DagBag from /opt/airflow/dags/urban_data_pipeline_dag.py
[2026-06-29T13:31:33.463+0000] {processor.py:925} INFO - DAG(s) 'urban_data_pipeline' retrieved from /opt/airflow/dags/urban_data_pipeline_dag.py
[2026-06-29T13:31:33.505+0000] {logging_mixin.py:190} INFO - [2026-06-29T13:31:33.505+0000] {dag.py:3239} INFO - Sync 1 DAGs
[2026-06-29T13:31:33.529+0000] {logging_mixin.py:190} INFO - [2026-06-29T13:31:33.529+0000] {dag.py:4180} INFO - Setting next_dagrun for urban_data_pipeline to 2026-06-01 00:00:00+00:00, run_after=2026-07-01 00:00:00+00:00
[2026-06-29T13:31:33.551+0000] {processor.py:208} INFO - Processing /opt/airflow/dags/urban_data_pipeline_dag.py took 0.223 seconds
[2026-06-29T13:32:04.636+0000] {processor.py:186} INFO - Started process (PID=6708) to work on /opt/airflow/dags/urban_data_pipeline_dag.py
[2026-06-29T13:32:04.640+0000] {processor.py:914} INFO - Processing file /opt/airflow/dags/urban_data_pipeline_dag.py for tasks to queue
[2026-06-29T13:32:04.651+0000] {logging_mixin.py:190} INFO - [2026-06-29T13:32:04.649+0000] {dagbag.py:588} INFO - Filling up the DagBag from /opt/airflow/dags/urban_data_pipeline_dag.py
[2026-06-29T13:32:04.784+0000] {processor.py:925} INFO - DAG(s) 'urban_data_pipeline' retrieved from /opt/airflow/dags/urban_data_pipeline_dag.py
[2026-06-29T13:32:04.827+0000] {logging_mixin.py:190} INFO - [2026-06-29T13:32:04.827+0000] {dag.py:3239} INFO - Sync 1 DAGs
[2026-06-29T13:32:04.855+0000] {logging_mixin.py:190} INFO - [2026-06-29T13:32:04.854+0000] {dag.py:4180} INFO - Setting next_dagrun for urban_data_pipeline to 2026-06-01 00:00:00+00:00, run_after=2026-07-01 00:00:00+00:00
[2026-06-29T13:32:04.893+0000] {processor.py:208} INFO - Processing /opt/airflow/dags/urban_data_pipeline_dag.py took 0.269 seconds
[2026-06-29T13:32:35.716+0000] {processor.py:186} INFO - Started process (PID=6727) to work on /opt/airflow/dags/urban_data_pipeline_dag.py
[2026-06-29T13:32:35.717+0000] {processor.py:914} INFO - Processing file /opt/airflow/dags/urban_data_pipeline_dag.py for tasks to queue
[2026-06-29T13:32:35.720+0000] {logging_mixin.py:190} INFO - [2026-06-29T13:32:35.720+0000] {dagbag.py:588} INFO - Filling up the DagBag from /opt/airflow/dags/urban_data_pipeline_dag.py
[2026-06-29T13:32:35.856+0000] {processor.py:925} INFO - DAG(s) 'urban_data_pipeline' retrieved from /opt/airflow/dags/urban_data_pipeline_dag.py
[2026-06-29T13:32:35.898+0000] {logging_mixin.py:190} INFO - [2026-06-29T13:32:35.898+0000] {dag.py:3239} INFO - Sync 1 DAGs
[2026-06-29T13:32:35.921+0000] {logging_mixin.py:190} INFO - [2026-06-29T13:32:35.921+0000] {dag.py:4180} INFO - Setting next_dagrun for urban_data_pipeline to 2026-06-01 00:00:00+00:00, run_after=2026-07-01 00:00:00+00:00
[2026-06-29T13:32:35.946+0000] {processor.py:208} INFO - Processing /opt/airflow/dags/urban_data_pipeline_dag.py took 0.240 seconds
[2026-06-29T13:33:06.650+0000] {processor.py:186} INFO - Started process (PID=6745) to work on /opt/airflow/dags/urban_data_pipeline_dag.py
[2026-06-29T13:33:06.652+0000] {processor.py:914} INFO - Processing file /opt/airflow/dags/urban_data_pipeline_dag.py for tasks to queue
[2026-06-29T13:33:06.656+0000] {logging_mixin.py:190} INFO - [2026-06-29T13:33:06.654+0000] {dagbag.py:588} INFO - Filling up the DagBag from /opt/airflow/dags/urban_data_pipeline_dag.py
[2026-06-29T13:33:06.814+0000] {processor.py:925} INFO - DAG(s) 'urban_data_pipeline' retrieved from /opt/airflow/dags/urban_data_pipeline_dag.py
[2026-06-29T13:33:06.862+0000] {logging_mixin.py:190} INFO - [2026-06-29T13:33:06.862+0000] {dag.py:3239} INFO - Sync 1 DAGs
[2026-06-29T13:33:06.884+0000] {logging_mixin.py:190} INFO - [2026-06-29T13:33:06.884+0000] {dag.py:4180} INFO - Setting next_dagrun for urban_data_pipeline to 2026-06-01 00:00:00+00:00, run_after=2026-07-01 00:00:00+00:00
[2026-06-29T13:33:06.908+0000] {processor.py:208} INFO - Processing /opt/airflow/dags/urban_data_pipeline_dag.py took 0.268 seconds
[2026-06-29T13:33:37.704+0000] {processor.py:186} INFO - Started process (PID=6762) to work on /opt/airflow/dags/urban_data_pipeline_dag.py
[2026-06-29T13:33:37.706+0000] {processor.py:914} INFO - Processing file /opt/airflow/dags/urban_data_pipeline_dag.py for tasks to queue
[2026-06-29T13:33:37.709+0000] {logging_mixin.py:190} INFO - [2026-06-29T13:33:37.709+0000] {dagbag.py:588} INFO - Filling up the DagBag from /opt/airflow/dags/urban_data_pipeline_dag.py
[2026-06-29T13:33:37.865+0000] {processor.py:925} INFO - DAG(s) 'urban_data_pipeline' retrieved from /opt/airflow/dags/urban_data_pipeline_dag.py
[2026-06-29T13:33:37.907+0000] {logging_mixin.py:190} INFO - [2026-06-29T13:33:37.907+0000] {dag.py:3239} INFO - Sync 1 DAGs
[2026-06-29T13:33:37.931+0000] {logging_mixin.py:190} INFO - [2026-06-29T13:33:37.931+0000] {dag.py:4180} INFO - Setting next_dagrun for urban_data_pipeline to 2026-06-01 00:00:00+00:00, run_after=2026-07-01 00:00:00+00:00
[2026-06-29T13:33:37.954+0000] {processor.py:208} INFO - Processing /opt/airflow/dags/urban_data_pipeline_dag.py took 0.260 seconds
[2026-06-29T13:34:08.760+0000] {processor.py:186} INFO - Started process (PID=6773) to work on /opt/airflow/dags/urban_data_pipeline_dag.py
[2026-06-29T13:34:08.761+0000] {processor.py:914} INFO - Processing file /opt/airflow/dags/urban_data_pipeline_dag.py for tasks to queue
[2026-06-29T13:34:08.763+0000] {logging_mixin.py:190} INFO - [2026-06-29T13:34:08.763+0000] {dagbag.py:588} INFO - Filling up the DagBag from /opt/airflow/dags/urban_data_pipeline_dag.py
[2026-06-29T13:34:08.894+0000] {processor.py:925} INFO - DAG(s) 'urban_data_pipeline' retrieved from /opt/airflow/dags/urban_data_pipeline_dag.py
[2026-06-29T13:34:08.936+0000] {logging_mixin.py:190} INFO - [2026-06-29T13:34:08.936+0000] {dag.py:3239} INFO - Sync 1 DAGs
[2026-06-29T13:34:08.959+0000] {logging_mixin.py:190} INFO - [2026-06-29T13:34:08.959+0000] {dag.py:4180} INFO - Setting next_dagrun for urban_data_pipeline to 2026-06-01 00:00:00+00:00, run_after=2026-07-01 00:00:00+00:00
[2026-06-29T13:34:08.981+0000] {processor.py:208} INFO - Processing /opt/airflow/dags/urban_data_pipeline_dag.py took 0.226 seconds
[2026-06-29T13:34:39.881+0000] {processor.py:186} INFO - Started process (PID=6791) to work on /opt/airflow/dags/urban_data_pipeline_dag.py
[2026-06-29T13:34:39.882+0000] {processor.py:914} INFO - Processing file /opt/airflow/dags/urban_data_pipeline_dag.py for tasks to queue
[2026-06-29T13:34:39.885+0000] {logging_mixin.py:190} INFO - [2026-06-29T13:34:39.885+0000] {dagbag.py:588} INFO - Filling up the DagBag from /opt/airflow/dags/urban_data_pipeline_dag.py
[2026-06-29T13:34:40.025+0000] {processor.py:925} INFO - DAG(s) 'urban_data_pipeline' retrieved from /opt/airflow/dags/urban_data_pipeline_dag.py
[2026-06-29T13:34:40.078+0000] {logging_mixin.py:190} INFO - [2026-06-29T13:34:40.077+0000] {dag.py:3239} INFO - Sync 1 DAGs
[2026-06-29T13:34:40.111+0000] {logging_mixin.py:190} INFO - [2026-06-29T13:34:40.110+0000] {dag.py:4180} INFO - Setting next_dagrun for urban_data_pipeline to 2026-06-01 00:00:00+00:00, run_after=2026-07-01 00:00:00+00:00
[2026-06-29T13:34:40.166+0000] {processor.py:208} INFO - Processing /opt/airflow/dags/urban_data_pipeline_dag.py took 0.301 seconds
[2026-06-29T13:35:11.084+0000] {processor.py:186} INFO - Started process (PID=6809) to work on /opt/airflow/dags/urban_data_pipeline_dag.py
[2026-06-29T13:35:11.087+0000] {processor.py:914} INFO - Processing file /opt/airflow/dags/urban_data_pipeline_dag.py for tasks to queue
[2026-06-29T13:35:11.093+0000] {logging_mixin.py:190} INFO - [2026-06-29T13:35:11.092+0000] {dagbag.py:588} INFO - Filling up the DagBag from /opt/airflow/dags/urban_data_pipeline_dag.py
[2026-06-29T13:35:11.299+0000] {processor.py:925} INFO - DAG(s) 'urban_data_pipeline' retrieved from /opt/airflow/dags/urban_data_pipeline_dag.py
[2026-06-29T13:35:11.343+0000] {logging_mixin.py:190} INFO - [2026-06-29T13:35:11.342+0000] {dag.py:3239} INFO - Sync 1 DAGs
[2026-06-29T13:35:11.365+0000] {logging_mixin.py:190} INFO - [2026-06-29T13:35:11.365+0000] {dag.py:4180} INFO - Setting next_dagrun for urban_data_pipeline to 2026-06-01 00:00:00+00:00, run_after=2026-07-01 00:00:00+00:00
[2026-06-29T13:35:11.388+0000] {processor.py:208} INFO - Processing /opt/airflow/dags/urban_data_pipeline_dag.py took 0.313 seconds
[2026-06-29T13:35:42.304+0000] {processor.py:186} INFO - Started process (PID=6827) to work on /opt/airflow/dags/urban_data_pipeline_dag.py
[2026-06-29T13:35:42.308+0000] {processor.py:914} INFO - Processing file /opt/airflow/dags/urban_data_pipeline_dag.py for tasks to queue
[2026-06-29T13:35:42.312+0000] {logging_mixin.py:190} INFO - [2026-06-29T13:35:42.311+0000] {dagbag.py:588} INFO - Filling up the DagBag from /opt/airflow/dags/urban_data_pipeline_dag.py
[2026-06-29T13:35:42.519+0000] {processor.py:925} INFO - DAG(s) 'urban_data_pipeline' retrieved from /opt/airflow/dags/urban_data_pipeline_dag.py
[2026-06-29T13:35:42.563+0000] {logging_mixin.py:190} INFO - [2026-06-29T13:35:42.563+0000] {dag.py:3239} INFO - Sync 1 DAGs
[2026-06-29T13:35:42.590+0000] {logging_mixin.py:190} INFO - [2026-06-29T13:35:42.590+0000] {dag.py:4180} INFO - Setting next_dagrun for urban_data_pipeline to 2026-06-01 00:00:00+00:00, run_after=2026-07-01 00:00:00+00:00
[2026-06-29T13:35:42.623+0000] {processor.py:208} INFO - Processing /opt/airflow/dags/urban_data_pipeline_dag.py took 0.336 seconds
[2026-06-29T13:36:13.455+0000] {processor.py:186} INFO - Started process (PID=6845) to work on /opt/airflow/dags/urban_data_pipeline_dag.py
[2026-06-29T13:36:13.456+0000] {processor.py:914} INFO - Processing file /opt/airflow/dags/urban_data_pipeline_dag.py for tasks to queue
[2026-06-29T13:36:13.459+0000] {logging_mixin.py:190} INFO - [2026-06-29T13:36:13.459+0000] {dagbag.py:588} INFO - Filling up the DagBag from /opt/airflow/dags/urban_data_pipeline_dag.py
[2026-06-29T13:36:13.620+0000] {processor.py:925} INFO - DAG(s) 'urban_data_pipeline' retrieved from /opt/airflow/dags/urban_data_pipeline_dag.py
[2026-06-29T13:36:13.663+0000] {logging_mixin.py:190} INFO - [2026-06-29T13:36:13.663+0000] {dag.py:3239} INFO - Sync 1 DAGs
[2026-06-29T13:36:13.686+0000] {logging_mixin.py:190} INFO - [2026-06-29T13:36:13.686+0000] {dag.py:4180} INFO - Setting next_dagrun for urban_data_pipeline to 2026-06-01 00:00:00+00:00, run_after=2026-07-01 00:00:00+00:00
[2026-06-29T13:36:13.708+0000] {processor.py:208} INFO - Processing /opt/airflow/dags/urban_data_pipeline_dag.py took 0.261 seconds
[2026-06-29T13:36:44.543+0000] {processor.py:186} INFO - Started process (PID=6863) to work on /opt/airflow/dags/urban_data_pipeline_dag.py
[2026-06-29T13:36:44.544+0000] {processor.py:914} INFO - Processing file /opt/airflow/dags/urban_data_pipeline_dag.py for tasks to queue
[2026-06-29T13:36:44.548+0000] {logging_mixin.py:190} INFO - [2026-06-29T13:36:44.547+0000] {dagbag.py:588} INFO - Filling up the DagBag from /opt/airflow/dags/urban_data_pipeline_dag.py
[2026-06-29T13:36:44.759+0000] {processor.py:925} INFO - DAG(s) 'urban_data_pipeline' retrieved from /opt/airflow/dags/urban_data_pipeline_dag.py
[2026-06-29T13:36:44.819+0000] {logging_mixin.py:190} INFO - [2026-06-29T13:36:44.819+0000] {dag.py:3239} INFO - Sync 1 DAGs
[2026-06-29T13:36:44.845+0000] {logging_mixin.py:190} INFO - [2026-06-29T13:36:44.845+0000] {dag.py:4180} INFO - Setting next_dagrun for urban_data_pipeline to 2026-06-01 00:00:00+00:00, run_after=2026-07-01 00:00:00+00:00
[2026-06-29T13:36:44.874+0000] {processor.py:208} INFO - Processing /opt/airflow/dags/urban_data_pipeline_dag.py took 0.341 seconds
[2026-06-29T13:37:15.546+0000] {processor.py:186} INFO - Started process (PID=6881) to work on /opt/airflow/dags/urban_data_pipeline_dag.py
[2026-06-29T13:37:15.548+0000] {processor.py:914} INFO - Processing file /opt/airflow/dags/urban_data_pipeline_dag.py for tasks to queue
[2026-06-29T13:37:15.552+0000] {logging_mixin.py:190} INFO - [2026-06-29T13:37:15.552+0000] {dagbag.py:588} INFO - Filling up the DagBag from /opt/airflow/dags/urban_data_pipeline_dag.py
[2026-06-29T13:37:15.683+0000] {processor.py:925} INFO - DAG(s) 'urban_data_pipeline' retrieved from /opt/airflow/dags/urban_data_pipeline_dag.py
[2026-06-29T13:37:15.727+0000] {logging_mixin.py:190} INFO - [2026-06-29T13:37:15.726+0000] {dag.py:3239} INFO - Sync 1 DAGs
[2026-06-29T13:37:15.750+0000] {logging_mixin.py:190} INFO - [2026-06-29T13:37:15.750+0000] {dag.py:4180} INFO - Setting next_dagrun for urban_data_pipeline to 2026-06-01 00:00:00+00:00, run_after=2026-07-01 00:00:00+00:00
[2026-06-29T13:37:15.774+0000] {processor.py:208} INFO - Processing /opt/airflow/dags/urban_data_pipeline_dag.py took 0.237 seconds
[2026-06-29T13:37:46.660+0000] {processor.py:186} INFO - Started process (PID=6899) to work on /opt/airflow/dags/urban_data_pipeline_dag.py
[2026-06-29T13:37:46.662+0000] {processor.py:914} INFO - Processing file /opt/airflow/dags/urban_data_pipeline_dag.py for tasks to queue
[2026-06-29T13:37:46.666+0000] {logging_mixin.py:190} INFO - [2026-06-29T13:37:46.665+0000] {dagbag.py:588} INFO - Filling up the DagBag from /opt/airflow/dags/urban_data_pipeline_dag.py
[2026-06-29T13:37:46.790+0000] {processor.py:925} INFO - DAG(s) 'urban_data_pipeline' retrieved from /opt/airflow/dags/urban_data_pipeline_dag.py
[2026-06-29T13:37:46.836+0000] {logging_mixin.py:190} INFO - [2026-06-29T13:37:46.835+0000] {dag.py:3239} INFO - Sync 1 DAGs
[2026-06-29T13:37:46.871+0000] {logging_mixin.py:190} INFO - [2026-06-29T13:37:46.871+0000] {dag.py:4180} INFO - Setting next_dagrun for urban_data_pipeline to 2026-06-01 00:00:00+00:00, run_after=2026-07-01 00:00:00+00:00
[2026-06-29T13:37:46.915+0000] {processor.py:208} INFO - Processing /opt/airflow/dags/urban_data_pipeline_dag.py took 0.263 seconds
[2026-06-29T13:38:17.801+0000] {processor.py:186} INFO - Started process (PID=6917) to work on /opt/airflow/dags/urban_data_pipeline_dag.py
[2026-06-29T13:38:17.803+0000] {processor.py:914} INFO - Processing file /opt/airflow/dags/urban_data_pipeline_dag.py for tasks to queue
[2026-06-29T13:38:17.806+0000] {logging_mixin.py:190} INFO - [2026-06-29T13:38:17.805+0000] {dagbag.py:588} INFO - Filling up the DagBag from /opt/airflow/dags/urban_data_pipeline_dag.py
[2026-06-29T13:38:17.936+0000] {processor.py:925} INFO - DAG(s) 'urban_data_pipeline' retrieved from /opt/airflow/dags/urban_data_pipeline_dag.py
[2026-06-29T13:38:17.981+0000] {logging_mixin.py:190} INFO - [2026-06-29T13:38:17.980+0000] {dag.py:3239} INFO - Sync 1 DAGs
[2026-06-29T13:38:18.004+0000] {logging_mixin.py:190} INFO - [2026-06-29T13:38:18.004+0000] {dag.py:4180} INFO - Setting next_dagrun for urban_data_pipeline to 2026-06-01 00:00:00+00:00, run_after=2026-07-01 00:00:00+00:00
[2026-06-29T13:38:18.033+0000] {processor.py:208} INFO - Processing /opt/airflow/dags/urban_data_pipeline_dag.py took 0.238 seconds
[2026-06-29T13:38:48.910+0000] {processor.py:186} INFO - Started process (PID=6935) to work on /opt/airflow/dags/urban_data_pipeline_dag.py
[2026-06-29T13:38:48.912+0000] {processor.py:914} INFO - Processing file /opt/airflow/dags/urban_data_pipeline_dag.py for tasks to queue
[2026-06-29T13:38:48.915+0000] {logging_mixin.py:190} INFO - [2026-06-29T13:38:48.915+0000] {dagbag.py:588} INFO - Filling up the DagBag from /opt/airflow/dags/urban_data_pipeline_dag.py
[2026-06-29T13:38:49.043+0000] {processor.py:925} INFO - DAG(s) 'urban_data_pipeline' retrieved from /opt/airflow/dags/urban_data_pipeline_dag.py
[2026-06-29T13:38:49.089+0000] {logging_mixin.py:190} INFO - [2026-06-29T13:38:49.089+0000] {dag.py:3239} INFO - Sync 1 DAGs
[2026-06-29T13:38:49.112+0000] {logging_mixin.py:190} INFO - [2026-06-29T13:38:49.112+0000] {dag.py:4180} INFO - Setting next_dagrun for urban_data_pipeline to 2026-06-01 00:00:00+00:00, run_after=2026-07-01 00:00:00+00:00
[2026-06-29T13:38:49.132+0000] {processor.py:208} INFO - Processing /opt/airflow/dags/urban_data_pipeline_dag.py took 0.230 seconds
[2026-06-29T13:39:19.901+0000] {processor.py:186} INFO - Started process (PID=6953) to work on /opt/airflow/dags/urban_data_pipeline_dag.py
[2026-06-29T13:39:19.903+0000] {processor.py:914} INFO - Processing file /opt/airflow/dags/urban_data_pipeline_dag.py for tasks to queue
[2026-06-29T13:39:19.906+0000] {logging_mixin.py:190} INFO - [2026-06-29T13:39:19.905+0000] {dagbag.py:588} INFO - Filling up the DagBag from /opt/airflow/dags/urban_data_pipeline_dag.py
[2026-06-29T13:39:20.036+0000] {processor.py:925} INFO - DAG(s) 'urban_data_pipeline' retrieved from /opt/airflow/dags/urban_data_pipeline_dag.py
[2026-06-29T13:39:20.081+0000] {logging_mixin.py:190} INFO - [2026-06-29T13:39:20.080+0000] {dag.py:3239} INFO - Sync 1 DAGs
[2026-06-29T13:39:20.104+0000] {logging_mixin.py:190} INFO - [2026-06-29T13:39:20.103+0000] {dag.py:4180} INFO - Setting next_dagrun for urban_data_pipeline to 2026-06-01 00:00:00+00:00, run_after=2026-07-01 00:00:00+00:00
[2026-06-29T13:39:20.131+0000] {processor.py:208} INFO - Processing /opt/airflow/dags/urban_data_pipeline_dag.py took 0.235 seconds
[2026-06-29T13:39:51.080+0000] {processor.py:186} INFO - Started process (PID=6970) to work on /opt/airflow/dags/urban_data_pipeline_dag.py
[2026-06-29T13:39:51.082+0000] {processor.py:914} INFO - Processing file /opt/airflow/dags/urban_data_pipeline_dag.py for tasks to queue
[2026-06-29T13:39:51.088+0000] {logging_mixin.py:190} INFO - [2026-06-29T13:39:51.087+0000] {dagbag.py:588} INFO - Filling up the DagBag from /opt/airflow/dags/urban_data_pipeline_dag.py
[2026-06-29T13:39:51.205+0000] {processor.py:925} INFO - DAG(s) 'urban_data_pipeline' retrieved from /opt/airflow/dags/urban_data_pipeline_dag.py
[2026-06-29T13:39:51.248+0000] {logging_mixin.py:190} INFO - [2026-06-29T13:39:51.247+0000] {dag.py:3239} INFO - Sync 1 DAGs
[2026-06-29T13:39:51.270+0000] {logging_mixin.py:190} INFO - [2026-06-29T13:39:51.270+0000] {dag.py:4180} INFO - Setting next_dagrun for urban_data_pipeline to 2026-06-01 00:00:00+00:00, run_after=2026-07-01 00:00:00+00:00
[2026-06-29T13:39:51.293+0000] {processor.py:208} INFO - Processing /opt/airflow/dags/urban_data_pipeline_dag.py took 0.225 seconds
[2026-06-29T13:40:22.108+0000] {processor.py:186} INFO - Started process (PID=6981) to work on /opt/airflow/dags/urban_data_pipeline_dag.py
[2026-06-29T13:40:22.111+0000] {processor.py:914} INFO - Processing file /opt/airflow/dags/urban_data_pipeline_dag.py for tasks to queue
[2026-06-29T13:40:22.118+0000] {logging_mixin.py:190} INFO - [2026-06-29T13:40:22.117+0000] {dagbag.py:588} INFO - Filling up the DagBag from /opt/airflow/dags/urban_data_pipeline_dag.py
[2026-06-29T13:40:22.275+0000] {processor.py:925} INFO - DAG(s) 'urban_data_pipeline' retrieved from /opt/airflow/dags/urban_data_pipeline_dag.py
[2026-06-29T13:40:22.318+0000] {logging_mixin.py:190} INFO - [2026-06-29T13:40:22.317+0000] {dag.py:3239} INFO - Sync 1 DAGs
[2026-06-29T13:40:22.341+0000] {logging_mixin.py:190} INFO - [2026-06-29T13:40:22.340+0000] {dag.py:4180} INFO - Setting next_dagrun for urban_data_pipeline to 2026-06-01 00:00:00+00:00, run_after=2026-07-01 00:00:00+00:00
[2026-06-29T13:40:22.366+0000] {processor.py:208} INFO - Processing /opt/airflow/dags/urban_data_pipeline_dag.py took 0.268 seconds
[2026-06-29T13:40:53.307+0000] {processor.py:186} INFO - Started process (PID=6999) to work on /opt/airflow/dags/urban_data_pipeline_dag.py
[2026-06-29T13:40:53.308+0000] {processor.py:914} INFO - Processing file /opt/airflow/dags/urban_data_pipeline_dag.py for tasks to queue
[2026-06-29T13:40:53.311+0000] {logging_mixin.py:190} INFO - [2026-06-29T13:40:53.311+0000] {dagbag.py:588} INFO - Filling up the DagBag from /opt/airflow/dags/urban_data_pipeline_dag.py
[2026-06-29T13:40:53.448+0000] {processor.py:925} INFO - DAG(s) 'urban_data_pipeline' retrieved from /opt/airflow/dags/urban_data_pipeline_dag.py
[2026-06-29T13:40:53.489+0000] {logging_mixin.py:190} INFO - [2026-06-29T13:40:53.489+0000] {dag.py:3239} INFO - Sync 1 DAGs
[2026-06-29T13:40:53.515+0000] {logging_mixin.py:190} INFO - [2026-06-29T13:40:53.514+0000] {dag.py:4180} INFO - Setting next_dagrun for urban_data_pipeline to 2026-06-01 00:00:00+00:00, run_after=2026-07-01 00:00:00+00:00
[2026-06-29T13:40:53.546+0000] {processor.py:208} INFO - Processing /opt/airflow/dags/urban_data_pipeline_dag.py took 0.247 seconds
[2026-06-29T13:41:24.499+0000] {processor.py:186} INFO - Started process (PID=7017) to work on /opt/airflow/dags/urban_data_pipeline_dag.py
[2026-06-29T13:41:24.500+0000] {processor.py:914} INFO - Processing file /opt/airflow/dags/urban_data_pipeline_dag.py for tasks to queue
[2026-06-29T13:41:24.503+0000] {logging_mixin.py:190} INFO - [2026-06-29T13:41:24.503+0000] {dagbag.py:588} INFO - Filling up the DagBag from /opt/airflow/dags/urban_data_pipeline_dag.py
[2026-06-29T13:41:24.660+0000] {processor.py:925} INFO - DAG(s) 'urban_data_pipeline' retrieved from /opt/airflow/dags/urban_data_pipeline_dag.py
[2026-06-29T13:41:24.714+0000] {logging_mixin.py:190} INFO - [2026-06-29T13:41:24.714+0000] {dag.py:3239} INFO - Sync 1 DAGs
[2026-06-29T13:41:24.741+0000] {logging_mixin.py:190} INFO - [2026-06-29T13:41:24.741+0000] {dag.py:4180} INFO - Setting next_dagrun for urban_data_pipeline to 2026-06-01 00:00:00+00:00, run_after=2026-07-01 00:00:00+00:00
[2026-06-29T13:41:24.767+0000] {processor.py:208} INFO - Processing /opt/airflow/dags/urban_data_pipeline_dag.py took 0.276 seconds
[2026-06-29T13:41:55.611+0000] {processor.py:186} INFO - Started process (PID=7035) to work on /opt/airflow/dags/urban_data_pipeline_dag.py
[2026-06-29T13:41:55.613+0000] {processor.py:914} INFO - Processing file /opt/airflow/dags/urban_data_pipeline_dag.py for tasks to queue
[2026-06-29T13:41:55.617+0000] {logging_mixin.py:190} INFO - [2026-06-29T13:41:55.616+0000] {dagbag.py:588} INFO - Filling up the DagBag from /opt/airflow/dags/urban_data_pipeline_dag.py
[2026-06-29T13:41:55.741+0000] {processor.py:925} INFO - DAG(s) 'urban_data_pipeline' retrieved from /opt/airflow/dags/urban_data_pipeline_dag.py
[2026-06-29T13:41:55.785+0000] {logging_mixin.py:190} INFO - [2026-06-29T13:41:55.785+0000] {dag.py:3239} INFO - Sync 1 DAGs
[2026-06-29T13:41:55.811+0000] {logging_mixin.py:190} INFO - [2026-06-29T13:41:55.811+0000] {dag.py:4180} INFO - Setting next_dagrun for urban_data_pipeline to 2026-06-01 00:00:00+00:00, run_after=2026-07-01 00:00:00+00:00
[2026-06-29T13:41:55.841+0000] {processor.py:208} INFO - Processing /opt/airflow/dags/urban_data_pipeline_dag.py took 0.238 seconds
[2026-06-29T13:42:26.722+0000] {processor.py:186} INFO - Started process (PID=7053) to work on /opt/airflow/dags/urban_data_pipeline_dag.py
[2026-06-29T13:42:26.725+0000] {processor.py:914} INFO - Processing file /opt/airflow/dags/urban_data_pipeline_dag.py for tasks to queue
[2026-06-29T13:42:26.730+0000] {logging_mixin.py:190} INFO - [2026-06-29T13:42:26.730+0000] {dagbag.py:588} INFO - Filling up the DagBag from /opt/airflow/dags/urban_data_pipeline_dag.py
[2026-06-29T13:42:26.910+0000] {processor.py:925} INFO - DAG(s) 'urban_data_pipeline' retrieved from /opt/airflow/dags/urban_data_pipeline_dag.py
[2026-06-29T13:42:26.954+0000] {logging_mixin.py:190} INFO - [2026-06-29T13:42:26.953+0000] {dag.py:3239} INFO - Sync 1 DAGs
[2026-06-29T13:42:26.978+0000] {logging_mixin.py:190} INFO - [2026-06-29T13:42:26.978+0000] {dag.py:4180} INFO - Setting next_dagrun for urban_data_pipeline to 2026-06-01 00:00:00+00:00, run_after=2026-07-01 00:00:00+00:00
[2026-06-29T13:42:27.010+0000] {processor.py:208} INFO - Processing /opt/airflow/dags/urban_data_pipeline_dag.py took 0.302 seconds
[2026-06-29T13:42:57.707+0000] {processor.py:186} INFO - Started process (PID=7071) to work on /opt/airflow/dags/urban_data_pipeline_dag.py
[2026-06-29T13:42:57.708+0000] {processor.py:914} INFO - Processing file /opt/airflow/dags/urban_data_pipeline_dag.py for tasks to queue
[2026-06-29T13:42:57.712+0000] {logging_mixin.py:190} INFO - [2026-06-29T13:42:57.711+0000] {dagbag.py:588} INFO - Filling up the DagBag from /opt/airflow/dags/urban_data_pipeline_dag.py
[2026-06-29T13:42:57.827+0000] {processor.py:925} INFO - DAG(s) 'urban_data_pipeline' retrieved from /opt/airflow/dags/urban_data_pipeline_dag.py
[2026-06-29T13:42:57.877+0000] {logging_mixin.py:190} INFO - [2026-06-29T13:42:57.876+0000] {dag.py:3239} INFO - Sync 1 DAGs
[2026-06-29T13:42:57.900+0000] {logging_mixin.py:190} INFO - [2026-06-29T13:42:57.900+0000] {dag.py:4180} INFO - Setting next_dagrun for urban_data_pipeline to 2026-06-01 00:00:00+00:00, run_after=2026-07-01 00:00:00+00:00
[2026-06-29T13:42:57.925+0000] {processor.py:208} INFO - Processing /opt/airflow/dags/urban_data_pipeline_dag.py took 0.225 seconds
[2026-06-29T13:43:28.636+0000] {processor.py:186} INFO - Started process (PID=7089) to work on /opt/airflow/dags/urban_data_pipeline_dag.py
[2026-06-29T13:43:28.637+0000] {processor.py:914} INFO - Processing file /opt/airflow/dags/urban_data_pipeline_dag.py for tasks to queue
[2026-06-29T13:43:28.640+0000] {logging_mixin.py:190} INFO - [2026-06-29T13:43:28.639+0000] {dagbag.py:588} INFO - Filling up the DagBag from /opt/airflow/dags/urban_data_pipeline_dag.py
[2026-06-29T13:43:28.751+0000] {processor.py:925} INFO - DAG(s) 'urban_data_pipeline' retrieved from /opt/airflow/dags/urban_data_pipeline_dag.py
[2026-06-29T13:43:28.796+0000] {logging_mixin.py:190} INFO - [2026-06-29T13:43:28.796+0000] {dag.py:3239} INFO - Sync 1 DAGs
[2026-06-29T13:43:28.819+0000] {logging_mixin.py:190} INFO - [2026-06-29T13:43:28.819+0000] {dag.py:4180} INFO - Setting next_dagrun for urban_data_pipeline to 2026-06-01 00:00:00+00:00, run_after=2026-07-01 00:00:00+00:00
[2026-06-29T13:43:28.846+0000] {processor.py:208} INFO - Processing /opt/airflow/dags/urban_data_pipeline_dag.py took 0.216 seconds
[2026-06-29T13:43:59.714+0000] {processor.py:186} INFO - Started process (PID=7108) to work on /opt/airflow/dags/urban_data_pipeline_dag.py
[2026-06-29T13:43:59.716+0000] {processor.py:914} INFO - Processing file /opt/airflow/dags/urban_data_pipeline_dag.py for tasks to queue
[2026-06-29T13:43:59.720+0000] {logging_mixin.py:190} INFO - [2026-06-29T13:43:59.719+0000] {dagbag.py:588} INFO - Filling up the DagBag from /opt/airflow/dags/urban_data_pipeline_dag.py
[2026-06-29T13:43:59.846+0000] {processor.py:925} INFO - DAG(s) 'urban_data_pipeline' retrieved from /opt/airflow/dags/urban_data_pipeline_dag.py
[2026-06-29T13:43:59.893+0000] {logging_mixin.py:190} INFO - [2026-06-29T13:43:59.893+0000] {dag.py:3239} INFO - Sync 1 DAGs
[2026-06-29T13:43:59.917+0000] {logging_mixin.py:190} INFO - [2026-06-29T13:43:59.917+0000] {dag.py:4180} INFO - Setting next_dagrun for urban_data_pipeline to 2026-06-01 00:00:00+00:00, run_after=2026-07-01 00:00:00+00:00
[2026-06-29T13:43:59.943+0000] {processor.py:208} INFO - Processing /opt/airflow/dags/urban_data_pipeline_dag.py took 0.238 seconds
[2026-06-29T13:44:30.717+0000] {processor.py:186} INFO - Started process (PID=7126) to work on /opt/airflow/dags/urban_data_pipeline_dag.py
[2026-06-29T13:44:30.719+0000] {processor.py:914} INFO - Processing file /opt/airflow/dags/urban_data_pipeline_dag.py for tasks to queue
[2026-06-29T13:44:30.728+0000] {logging_mixin.py:190} INFO - [2026-06-29T13:44:30.727+0000] {dagbag.py:588} INFO - Filling up the DagBag from /opt/airflow/dags/urban_data_pipeline_dag.py
[2026-06-29T13:44:30.882+0000] {processor.py:925} INFO - DAG(s) 'urban_data_pipeline' retrieved from /opt/airflow/dags/urban_data_pipeline_dag.py
[2026-06-29T13:44:30.926+0000] {logging_mixin.py:190} INFO - [2026-06-29T13:44:30.926+0000] {dag.py:3239} INFO - Sync 1 DAGs
[2026-06-29T13:44:30.950+0000] {logging_mixin.py:190} INFO - [2026-06-29T13:44:30.950+0000] {dag.py:4180} INFO - Setting next_dagrun for urban_data_pipeline to 2026-06-01 00:00:00+00:00, run_after=2026-07-01 00:00:00+00:00
[2026-06-29T13:44:30.972+0000] {processor.py:208} INFO - Processing /opt/airflow/dags/urban_data_pipeline_dag.py took 0.266 seconds
[2026-06-29T13:45:01.894+0000] {processor.py:186} INFO - Started process (PID=7144) to work on /opt/airflow/dags/urban_data_pipeline_dag.py
[2026-06-29T13:45:01.897+0000] {processor.py:914} INFO - Processing file /opt/airflow/dags/urban_data_pipeline_dag.py for tasks to queue
[2026-06-29T13:45:01.905+0000] {logging_mixin.py:190} INFO - [2026-06-29T13:45:01.904+0000] {dagbag.py:588} INFO - Filling up the DagBag from /opt/airflow/dags/urban_data_pipeline_dag.py
[2026-06-29T13:45:02.036+0000] {processor.py:925} INFO - DAG(s) 'urban_data_pipeline' retrieved from /opt/airflow/dags/urban_data_pipeline_dag.py
[2026-06-29T13:45:02.080+0000] {logging_mixin.py:190} INFO - [2026-06-29T13:45:02.079+0000] {dag.py:3239} INFO - Sync 1 DAGs
[2026-06-29T13:45:02.102+0000] {logging_mixin.py:190} INFO - [2026-06-29T13:45:02.102+0000] {dag.py:4180} INFO - Setting next_dagrun for urban_data_pipeline to 2026-06-01 00:00:00+00:00, run_after=2026-07-01 00:00:00+00:00
[2026-06-29T13:45:02.125+0000] {processor.py:208} INFO - Processing /opt/airflow/dags/urban_data_pipeline_dag.py took 0.247 seconds
[2026-06-29T13:45:32.246+0000] {processor.py:186} INFO - Started process (PID=7163) to work on /opt/airflow/dags/urban_data_pipeline_dag.py
[2026-06-29T13:45:32.249+0000] {processor.py:914} INFO - Processing file /opt/airflow/dags/urban_data_pipeline_dag.py for tasks to queue
[2026-06-29T13:45:32.255+0000] {logging_mixin.py:190} INFO - [2026-06-29T13:45:32.255+0000] {dagbag.py:588} INFO - Filling up the DagBag from /opt/airflow/dags/urban_data_pipeline_dag.py
[2026-06-29T13:45:32.396+0000] {processor.py:925} INFO - DAG(s) 'urban_data_pipeline' retrieved from /opt/airflow/dags/urban_data_pipeline_dag.py
[2026-06-29T13:45:32.440+0000] {logging_mixin.py:190} INFO - [2026-06-29T13:45:32.439+0000] {dag.py:3239} INFO - Sync 1 DAGs
[2026-06-29T13:45:32.462+0000] {logging_mixin.py:190} INFO - [2026-06-29T13:45:32.462+0000] {dag.py:4180} INFO - Setting next_dagrun for urban_data_pipeline to 2026-06-01 00:00:00+00:00, run_after=2026-07-01 00:00:00+00:00
[2026-06-29T13:45:32.489+0000] {processor.py:208} INFO - Processing /opt/airflow/dags/urban_data_pipeline_dag.py took 0.254 seconds
[2026-06-29T13:46:02.644+0000] {processor.py:186} INFO - Started process (PID=7174) to work on /opt/airflow/dags/urban_data_pipeline_dag.py
[2026-06-29T13:46:02.646+0000] {processor.py:914} INFO - Processing file /opt/airflow/dags/urban_data_pipeline_dag.py for tasks to queue
[2026-06-29T13:46:02.652+0000] {logging_mixin.py:190} INFO - [2026-06-29T13:46:02.651+0000] {dagbag.py:588} INFO - Filling up the DagBag from /opt/airflow/dags/urban_data_pipeline_dag.py
[2026-06-29T13:46:02.908+0000] {processor.py:925} INFO - DAG(s) 'urban_data_pipeline' retrieved from /opt/airflow/dags/urban_data_pipeline_dag.py
[2026-06-29T13:46:02.967+0000] {logging_mixin.py:190} INFO - [2026-06-29T13:46:02.966+0000] {dag.py:3239} INFO - Sync 1 DAGs
[2026-06-29T13:46:02.995+0000] {logging_mixin.py:190} INFO - [2026-06-29T13:46:02.995+0000] {dag.py:4180} INFO - Setting next_dagrun for urban_data_pipeline to 2026-06-01 00:00:00+00:00, run_after=2026-07-01 00:00:00+00:00
[2026-06-29T13:46:03.026+0000] {processor.py:208} INFO - Processing /opt/airflow/dags/urban_data_pipeline_dag.py took 0.401 seconds
[2026-06-29T13:46:33.346+0000] {processor.py:186} INFO - Started process (PID=7192) to work on /opt/airflow/dags/urban_data_pipeline_dag.py
[2026-06-29T13:46:33.349+0000] {processor.py:914} INFO - Processing file /opt/airflow/dags/urban_data_pipeline_dag.py for tasks to queue
[2026-06-29T13:46:33.355+0000] {logging_mixin.py:190} INFO - [2026-06-29T13:46:33.354+0000] {dagbag.py:588} INFO - Filling up the DagBag from /opt/airflow/dags/urban_data_pipeline_dag.py
[2026-06-29T13:46:33.693+0000] {processor.py:925} INFO - DAG(s) 'urban_data_pipeline' retrieved from /opt/airflow/dags/urban_data_pipeline_dag.py
[2026-06-29T13:46:33.750+0000] {logging_mixin.py:190} INFO - [2026-06-29T13:46:33.750+0000] {dag.py:3239} INFO - Sync 1 DAGs
[2026-06-29T13:46:33.781+0000] {logging_mixin.py:190} INFO - [2026-06-29T13:46:33.780+0000] {dag.py:4180} INFO - Setting next_dagrun for urban_data_pipeline to 2026-06-01 00:00:00+00:00, run_after=2026-07-01 00:00:00+00:00
[2026-06-29T13:46:33.830+0000] {processor.py:208} INFO - Processing /opt/airflow/dags/urban_data_pipeline_dag.py took 0.497 seconds
[2026-06-29T13:47:04.097+0000] {processor.py:186} INFO - Started process (PID=7210) to work on /opt/airflow/dags/urban_data_pipeline_dag.py
[2026-06-29T13:47:04.099+0000] {processor.py:914} INFO - Processing file /opt/airflow/dags/urban_data_pipeline_dag.py for tasks to queue
[2026-06-29T13:47:04.104+0000] {logging_mixin.py:190} INFO - [2026-06-29T13:47:04.103+0000] {dagbag.py:588} INFO - Filling up the DagBag from /opt/airflow/dags/urban_data_pipeline_dag.py
[2026-06-29T13:47:04.453+0000] {processor.py:925} INFO - DAG(s) 'urban_data_pipeline' retrieved from /opt/airflow/dags/urban_data_pipeline_dag.py
[2026-06-29T13:47:04.505+0000] {logging_mixin.py:190} INFO - [2026-06-29T13:47:04.505+0000] {dag.py:3239} INFO - Sync 1 DAGs
[2026-06-29T13:47:04.531+0000] {logging_mixin.py:190} INFO - [2026-06-29T13:47:04.531+0000] {dag.py:4180} INFO - Setting next_dagrun for urban_data_pipeline to 2026-06-01 00:00:00+00:00, run_after=2026-07-01 00:00:00+00:00
[2026-06-29T13:47:04.572+0000] {processor.py:208} INFO - Processing /opt/airflow/dags/urban_data_pipeline_dag.py took 0.481 seconds
[2026-06-29T13:47:34.791+0000] {processor.py:186} INFO - Started process (PID=7228) to work on /opt/airflow/dags/urban_data_pipeline_dag.py
[2026-06-29T13:47:34.793+0000] {processor.py:914} INFO - Processing file /opt/airflow/dags/urban_data_pipeline_dag.py for tasks to queue
[2026-06-29T13:47:34.798+0000] {logging_mixin.py:190} INFO - [2026-06-29T13:47:34.797+0000] {dagbag.py:588} INFO - Filling up the DagBag from /opt/airflow/dags/urban_data_pipeline_dag.py
[2026-06-29T13:47:35.261+0000] {processor.py:925} INFO - DAG(s) 'urban_data_pipeline' retrieved from /opt/airflow/dags/urban_data_pipeline_dag.py
[2026-06-29T13:47:35.328+0000] {logging_mixin.py:190} INFO - [2026-06-29T13:47:35.328+0000] {dag.py:3239} INFO - Sync 1 DAGs
[2026-06-29T13:47:35.352+0000] {logging_mixin.py:190} INFO - [2026-06-29T13:47:35.352+0000] {dag.py:4180} INFO - Setting next_dagrun for urban_data_pipeline to 2026-06-01 00:00:00+00:00, run_after=2026-07-01 00:00:00+00:00
[2026-06-29T13:47:35.379+0000] {processor.py:208} INFO - Processing /opt/airflow/dags/urban_data_pipeline_dag.py took 0.594 seconds
[2026-06-29T13:48:05.534+0000] {processor.py:186} INFO - Started process (PID=7245) to work on /opt/airflow/dags/urban_data_pipeline_dag.py
[2026-06-29T13:48:05.538+0000] {processor.py:914} INFO - Processing file /opt/airflow/dags/urban_data_pipeline_dag.py for tasks to queue
[2026-06-29T13:48:05.542+0000] {logging_mixin.py:190} INFO - [2026-06-29T13:48:05.541+0000] {dagbag.py:588} INFO - Filling up the DagBag from /opt/airflow/dags/urban_data_pipeline_dag.py
[2026-06-29T13:48:05.807+0000] {processor.py:925} INFO - DAG(s) 'urban_data_pipeline' retrieved from /opt/airflow/dags/urban_data_pipeline_dag.py
[2026-06-29T13:48:05.854+0000] {logging_mixin.py:190} INFO - [2026-06-29T13:48:05.853+0000] {dag.py:3239} INFO - Sync 1 DAGs
[2026-06-29T13:48:05.877+0000] {logging_mixin.py:190} INFO - [2026-06-29T13:48:05.877+0000] {dag.py:4180} INFO - Setting next_dagrun for urban_data_pipeline to 2026-06-01 00:00:00+00:00, run_after=2026-07-01 00:00:00+00:00
[2026-06-29T13:48:05.900+0000] {processor.py:208} INFO - Processing /opt/airflow/dags/urban_data_pipeline_dag.py took 0.371 seconds
[2026-06-29T13:48:36.199+0000] {processor.py:186} INFO - Started process (PID=7264) to work on /opt/airflow/dags/urban_data_pipeline_dag.py
[2026-06-29T13:48:36.203+0000] {processor.py:914} INFO - Processing file /opt/airflow/dags/urban_data_pipeline_dag.py for tasks to queue
[2026-06-29T13:48:36.215+0000] {logging_mixin.py:190} INFO - [2026-06-29T13:48:36.214+0000] {dagbag.py:588} INFO - Filling up the DagBag from /opt/airflow/dags/urban_data_pipeline_dag.py
[2026-06-29T13:48:36.470+0000] {processor.py:925} INFO - DAG(s) 'urban_data_pipeline' retrieved from /opt/airflow/dags/urban_data_pipeline_dag.py
[2026-06-29T13:48:36.521+0000] {logging_mixin.py:190} INFO - [2026-06-29T13:48:36.521+0000] {dag.py:3239} INFO - Sync 1 DAGs
[2026-06-29T13:48:36.549+0000] {logging_mixin.py:190} INFO - [2026-06-29T13:48:36.549+0000] {dag.py:4180} INFO - Setting next_dagrun for urban_data_pipeline to 2026-06-01 00:00:00+00:00, run_after=2026-07-01 00:00:00+00:00
[2026-06-29T13:48:36.587+0000] {processor.py:208} INFO - Processing /opt/airflow/dags/urban_data_pipeline_dag.py took 0.416 seconds
[2026-06-29T13:49:06.804+0000] {processor.py:186} INFO - Started process (PID=7282) to work on /opt/airflow/dags/urban_data_pipeline_dag.py
[2026-06-29T13:49:06.806+0000] {processor.py:914} INFO - Processing file /opt/airflow/dags/urban_data_pipeline_dag.py for tasks to queue
[2026-06-29T13:49:06.811+0000] {logging_mixin.py:190} INFO - [2026-06-29T13:49:06.811+0000] {dagbag.py:588} INFO - Filling up the DagBag from /opt/airflow/dags/urban_data_pipeline_dag.py
[2026-06-29T13:49:07.072+0000] {processor.py:925} INFO - DAG(s) 'urban_data_pipeline' retrieved from /opt/airflow/dags/urban_data_pipeline_dag.py
[2026-06-29T13:49:07.119+0000] {logging_mixin.py:190} INFO - [2026-06-29T13:49:07.119+0000] {dag.py:3239} INFO - Sync 1 DAGs
[2026-06-29T13:49:07.151+0000] {logging_mixin.py:190} INFO - [2026-06-29T13:49:07.151+0000] {dag.py:4180} INFO - Setting next_dagrun for urban_data_pipeline to 2026-06-01 00:00:00+00:00, run_after=2026-07-01 00:00:00+00:00
[2026-06-29T13:49:07.207+0000] {processor.py:208} INFO - Processing /opt/airflow/dags/urban_data_pipeline_dag.py took 0.422 seconds
[2026-06-29T13:49:37.528+0000] {processor.py:186} INFO - Started process (PID=7300) to work on /opt/airflow/dags/urban_data_pipeline_dag.py
[2026-06-29T13:49:37.529+0000] {processor.py:914} INFO - Processing file /opt/airflow/dags/urban_data_pipeline_dag.py for tasks to queue
[2026-06-29T13:49:37.534+0000] {logging_mixin.py:190} INFO - [2026-06-29T13:49:37.533+0000] {dagbag.py:588} INFO - Filling up the DagBag from /opt/airflow/dags/urban_data_pipeline_dag.py
[2026-06-29T13:49:37.710+0000] {processor.py:925} INFO - DAG(s) 'urban_data_pipeline' retrieved from /opt/airflow/dags/urban_data_pipeline_dag.py
[2026-06-29T13:49:37.758+0000] {logging_mixin.py:190} INFO - [2026-06-29T13:49:37.757+0000] {dag.py:3239} INFO - Sync 1 DAGs
[2026-06-29T13:49:37.780+0000] {logging_mixin.py:190} INFO - [2026-06-29T13:49:37.780+0000] {dag.py:4180} INFO - Setting next_dagrun for urban_data_pipeline to 2026-06-01 00:00:00+00:00, run_after=2026-07-01 00:00:00+00:00
[2026-06-29T13:49:37.805+0000] {processor.py:208} INFO - Processing /opt/airflow/dags/urban_data_pipeline_dag.py took 0.290 seconds
[2026-06-29T13:50:08.782+0000] {processor.py:186} INFO - Started process (PID=7317) to work on /opt/airflow/dags/urban_data_pipeline_dag.py
[2026-06-29T13:50:08.783+0000] {processor.py:914} INFO - Processing file /opt/airflow/dags/urban_data_pipeline_dag.py for tasks to queue
[2026-06-29T13:50:08.786+0000] {logging_mixin.py:190} INFO - [2026-06-29T13:50:08.786+0000] {dagbag.py:588} INFO - Filling up the DagBag from /opt/airflow/dags/urban_data_pipeline_dag.py
[2026-06-29T13:50:09.136+0000] {processor.py:925} INFO - DAG(s) 'urban_data_pipeline' retrieved from /opt/airflow/dags/urban_data_pipeline_dag.py
[2026-06-29T13:50:09.176+0000] {logging_mixin.py:190} INFO - [2026-06-29T13:50:09.176+0000] {dag.py:3239} INFO - Sync 1 DAGs
[2026-06-29T13:50:09.200+0000] {logging_mixin.py:190} INFO - [2026-06-29T13:50:09.200+0000] {dag.py:4180} INFO - Setting next_dagrun for urban_data_pipeline to 2026-06-01 00:00:00+00:00, run_after=2026-07-01 00:00:00+00:00
[2026-06-29T13:50:09.223+0000] {processor.py:208} INFO - Processing /opt/airflow/dags/urban_data_pipeline_dag.py took 0.447 seconds
[2026-06-29T13:50:39.599+0000] {processor.py:186} INFO - Started process (PID=7328) to work on /opt/airflow/dags/urban_data_pipeline_dag.py
[2026-06-29T13:50:39.601+0000] {processor.py:914} INFO - Processing file /opt/airflow/dags/urban_data_pipeline_dag.py for tasks to queue
[2026-06-29T13:50:39.605+0000] {logging_mixin.py:190} INFO - [2026-06-29T13:50:39.605+0000] {dagbag.py:588} INFO - Filling up the DagBag from /opt/airflow/dags/urban_data_pipeline_dag.py
[2026-06-29T13:50:39.716+0000] {processor.py:925} INFO - DAG(s) 'urban_data_pipeline' retrieved from /opt/airflow/dags/urban_data_pipeline_dag.py
[2026-06-29T13:50:39.765+0000] {logging_mixin.py:190} INFO - [2026-06-29T13:50:39.764+0000] {dag.py:3239} INFO - Sync 1 DAGs
[2026-06-29T13:50:39.792+0000] {logging_mixin.py:190} INFO - [2026-06-29T13:50:39.792+0000] {dag.py:4180} INFO - Setting next_dagrun for urban_data_pipeline to 2026-06-01 00:00:00+00:00, run_after=2026-07-01 00:00:00+00:00
[2026-06-29T13:50:39.818+0000] {processor.py:208} INFO - Processing /opt/airflow/dags/urban_data_pipeline_dag.py took 0.227 seconds
[2026-06-29T13:51:10.028+0000] {processor.py:186} INFO - Started process (PID=7346) to work on /opt/airflow/dags/urban_data_pipeline_dag.py
[2026-06-29T13:51:10.031+0000] {processor.py:914} INFO - Processing file /opt/airflow/dags/urban_data_pipeline_dag.py for tasks to queue
[2026-06-29T13:51:10.039+0000] {logging_mixin.py:190} INFO - [2026-06-29T13:51:10.038+0000] {dagbag.py:588} INFO - Filling up the DagBag from /opt/airflow/dags/urban_data_pipeline_dag.py
[2026-06-29T13:51:10.434+0000] {processor.py:925} INFO - DAG(s) 'urban_data_pipeline' retrieved from /opt/airflow/dags/urban_data_pipeline_dag.py
[2026-06-29T13:51:10.477+0000] {logging_mixin.py:190} INFO - [2026-06-29T13:51:10.477+0000] {dag.py:3239} INFO - Sync 1 DAGs
[2026-06-29T13:51:10.502+0000] {logging_mixin.py:190} INFO - [2026-06-29T13:51:10.502+0000] {dag.py:4180} INFO - Setting next_dagrun for urban_data_pipeline to 2026-06-01 00:00:00+00:00, run_after=2026-07-01 00:00:00+00:00
[2026-06-29T13:51:10.526+0000] {processor.py:208} INFO - Processing /opt/airflow/dags/urban_data_pipeline_dag.py took 0.522 seconds
[2026-06-29T13:51:40.676+0000] {processor.py:186} INFO - Started process (PID=7364) to work on /opt/airflow/dags/urban_data_pipeline_dag.py
[2026-06-29T13:51:40.679+0000] {processor.py:914} INFO - Processing file /opt/airflow/dags/urban_data_pipeline_dag.py for tasks to queue
[2026-06-29T13:51:40.685+0000] {logging_mixin.py:190} INFO - [2026-06-29T13:51:40.685+0000] {dagbag.py:588} INFO - Filling up the DagBag from /opt/airflow/dags/urban_data_pipeline_dag.py
[2026-06-29T13:51:41.147+0000] {processor.py:925} INFO - DAG(s) 'urban_data_pipeline' retrieved from /opt/airflow/dags/urban_data_pipeline_dag.py
[2026-06-29T13:51:41.200+0000] {logging_mixin.py:190} INFO - [2026-06-29T13:51:41.200+0000] {dag.py:3239} INFO - Sync 1 DAGs
[2026-06-29T13:51:41.229+0000] {logging_mixin.py:190} INFO - [2026-06-29T13:51:41.228+0000] {dag.py:4180} INFO - Setting next_dagrun for urban_data_pipeline to 2026-06-01 00:00:00+00:00, run_after=2026-07-01 00:00:00+00:00
[2026-06-29T13:51:41.271+0000] {processor.py:208} INFO - Processing /opt/airflow/dags/urban_data_pipeline_dag.py took 0.613 seconds
[2026-06-29T13:52:12.150+0000] {processor.py:186} INFO - Started process (PID=7382) to work on /opt/airflow/dags/urban_data_pipeline_dag.py
[2026-06-29T13:52:12.156+0000] {processor.py:914} INFO - Processing file /opt/airflow/dags/urban_data_pipeline_dag.py for tasks to queue
[2026-06-29T13:52:12.165+0000] {logging_mixin.py:190} INFO - [2026-06-29T13:52:12.164+0000] {dagbag.py:588} INFO - Filling up the DagBag from /opt/airflow/dags/urban_data_pipeline_dag.py
[2026-06-29T13:52:12.468+0000] {processor.py:925} INFO - DAG(s) 'urban_data_pipeline' retrieved from /opt/airflow/dags/urban_data_pipeline_dag.py
[2026-06-29T13:52:12.510+0000] {logging_mixin.py:190} INFO - [2026-06-29T13:52:12.510+0000] {dag.py:3239} INFO - Sync 1 DAGs
[2026-06-29T13:52:12.534+0000] {logging_mixin.py:190} INFO - [2026-06-29T13:52:12.534+0000] {dag.py:4180} INFO - Setting next_dagrun for urban_data_pipeline to 2026-06-01 00:00:00+00:00, run_after=2026-07-01 00:00:00+00:00
[2026-06-29T13:52:12.555+0000] {processor.py:208} INFO - Processing /opt/airflow/dags/urban_data_pipeline_dag.py took 0.426 seconds
[2026-06-29T13:52:43.292+0000] {processor.py:186} INFO - Started process (PID=7401) to work on /opt/airflow/dags/urban_data_pipeline_dag.py
[2026-06-29T13:52:43.294+0000] {processor.py:914} INFO - Processing file /opt/airflow/dags/urban_data_pipeline_dag.py for tasks to queue
[2026-06-29T13:52:43.298+0000] {logging_mixin.py:190} INFO - [2026-06-29T13:52:43.297+0000] {dagbag.py:588} INFO - Filling up the DagBag from /opt/airflow/dags/urban_data_pipeline_dag.py
[2026-06-29T13:52:43.446+0000] {processor.py:925} INFO - DAG(s) 'urban_data_pipeline' retrieved from /opt/airflow/dags/urban_data_pipeline_dag.py
[2026-06-29T13:52:43.527+0000] {logging_mixin.py:190} INFO - [2026-06-29T13:52:43.526+0000] {dag.py:3239} INFO - Sync 1 DAGs
[2026-06-29T13:52:43.549+0000] {logging_mixin.py:190} INFO - [2026-06-29T13:52:43.549+0000] {dag.py:4180} INFO - Setting next_dagrun for urban_data_pipeline to 2026-06-01 00:00:00+00:00, run_after=2026-07-01 00:00:00+00:00
[2026-06-29T13:52:43.574+0000] {processor.py:208} INFO - Processing /opt/airflow/dags/urban_data_pipeline_dag.py took 0.292 seconds
[2026-06-29T13:53:14.473+0000] {processor.py:186} INFO - Started process (PID=7419) to work on /opt/airflow/dags/urban_data_pipeline_dag.py
[2026-06-29T13:53:14.475+0000] {processor.py:914} INFO - Processing file /opt/airflow/dags/urban_data_pipeline_dag.py for tasks to queue
[2026-06-29T13:53:14.479+0000] {logging_mixin.py:190} INFO - [2026-06-29T13:53:14.479+0000] {dagbag.py:588} INFO - Filling up the DagBag from /opt/airflow/dags/urban_data_pipeline_dag.py
[2026-06-29T13:53:14.713+0000] {processor.py:925} INFO - DAG(s) 'urban_data_pipeline' retrieved from /opt/airflow/dags/urban_data_pipeline_dag.py
[2026-06-29T13:53:14.757+0000] {logging_mixin.py:190} INFO - [2026-06-29T13:53:14.757+0000] {dag.py:3239} INFO - Sync 1 DAGs
[2026-06-29T13:53:14.781+0000] {logging_mixin.py:190} INFO - [2026-06-29T13:53:14.780+0000] {dag.py:4180} INFO - Setting next_dagrun for urban_data_pipeline to 2026-06-01 00:00:00+00:00, run_after=2026-07-01 00:00:00+00:00
[2026-06-29T13:53:14.807+0000] {processor.py:208} INFO - Processing /opt/airflow/dags/urban_data_pipeline_dag.py took 0.358 seconds
[2026-06-29T13:53:44.935+0000] {processor.py:186} INFO - Started process (PID=7437) to work on /opt/airflow/dags/urban_data_pipeline_dag.py
[2026-06-29T13:53:44.937+0000] {processor.py:914} INFO - Processing file /opt/airflow/dags/urban_data_pipeline_dag.py for tasks to queue
[2026-06-29T13:53:44.941+0000] {logging_mixin.py:190} INFO - [2026-06-29T13:53:44.940+0000] {dagbag.py:588} INFO - Filling up the DagBag from /opt/airflow/dags/urban_data_pipeline_dag.py
[2026-06-29T13:53:45.184+0000] {processor.py:925} INFO - DAG(s) 'urban_data_pipeline' retrieved from /opt/airflow/dags/urban_data_pipeline_dag.py
[2026-06-29T13:53:45.264+0000] {logging_mixin.py:190} INFO - [2026-06-29T13:53:45.263+0000] {dag.py:3239} INFO - Sync 1 DAGs
[2026-06-29T13:53:45.293+0000] {logging_mixin.py:190} INFO - [2026-06-29T13:53:45.293+0000] {dag.py:4180} INFO - Setting next_dagrun for urban_data_pipeline to 2026-06-01 00:00:00+00:00, run_after=2026-07-01 00:00:00+00:00
[2026-06-29T13:53:45.331+0000] {processor.py:208} INFO - Processing /opt/airflow/dags/urban_data_pipeline_dag.py took 0.403 seconds
[2026-06-29T13:54:16.182+0000] {processor.py:186} INFO - Started process (PID=7455) to work on /opt/airflow/dags/urban_data_pipeline_dag.py
[2026-06-29T13:54:16.185+0000] {processor.py:914} INFO - Processing file /opt/airflow/dags/urban_data_pipeline_dag.py for tasks to queue
[2026-06-29T13:54:16.188+0000] {logging_mixin.py:190} INFO - [2026-06-29T13:54:16.188+0000] {dagbag.py:588} INFO - Filling up the DagBag from /opt/airflow/dags/urban_data_pipeline_dag.py
[2026-06-29T13:54:16.311+0000] {processor.py:925} INFO - DAG(s) 'urban_data_pipeline' retrieved from /opt/airflow/dags/urban_data_pipeline_dag.py
[2026-06-29T13:54:16.355+0000] {logging_mixin.py:190} INFO - [2026-06-29T13:54:16.355+0000] {dag.py:3239} INFO - Sync 1 DAGs
[2026-06-29T13:54:16.377+0000] {logging_mixin.py:190} INFO - [2026-06-29T13:54:16.377+0000] {dag.py:4180} INFO - Setting next_dagrun for urban_data_pipeline to 2026-06-01 00:00:00+00:00, run_after=2026-07-01 00:00:00+00:00
[2026-06-29T13:54:16.404+0000] {processor.py:208} INFO - Processing /opt/airflow/dags/urban_data_pipeline_dag.py took 0.238 seconds
[2026-06-29T13:54:47.242+0000] {processor.py:186} INFO - Started process (PID=7473) to work on /opt/airflow/dags/urban_data_pipeline_dag.py
[2026-06-29T13:54:47.246+0000] {processor.py:914} INFO - Processing file /opt/airflow/dags/urban_data_pipeline_dag.py for tasks to queue
[2026-06-29T13:54:47.252+0000] {logging_mixin.py:190} INFO - [2026-06-29T13:54:47.251+0000] {dagbag.py:588} INFO - Filling up the DagBag from /opt/airflow/dags/urban_data_pipeline_dag.py
[2026-06-29T13:54:47.768+0000] {processor.py:925} INFO - DAG(s) 'urban_data_pipeline' retrieved from /opt/airflow/dags/urban_data_pipeline_dag.py
[2026-06-29T13:54:47.829+0000] {logging_mixin.py:190} INFO - [2026-06-29T13:54:47.828+0000] {dag.py:3239} INFO - Sync 1 DAGs
[2026-06-29T13:54:47.851+0000] {logging_mixin.py:190} INFO - [2026-06-29T13:54:47.851+0000] {dag.py:4180} INFO - Setting next_dagrun for urban_data_pipeline to 2026-06-01 00:00:00+00:00, run_after=2026-07-01 00:00:00+00:00
[2026-06-29T13:54:47.878+0000] {processor.py:208} INFO - Processing /opt/airflow/dags/urban_data_pipeline_dag.py took 0.663 seconds
[2026-06-29T13:55:18.165+0000] {processor.py:186} INFO - Started process (PID=7491) to work on /opt/airflow/dags/urban_data_pipeline_dag.py
[2026-06-29T13:55:18.170+0000] {processor.py:914} INFO - Processing file /opt/airflow/dags/urban_data_pipeline_dag.py for tasks to queue
[2026-06-29T13:55:18.178+0000] {logging_mixin.py:190} INFO - [2026-06-29T13:55:18.177+0000] {dagbag.py:588} INFO - Filling up the DagBag from /opt/airflow/dags/urban_data_pipeline_dag.py
[2026-06-29T13:55:18.536+0000] {processor.py:925} INFO - DAG(s) 'urban_data_pipeline' retrieved from /opt/airflow/dags/urban_data_pipeline_dag.py
[2026-06-29T13:55:18.580+0000] {logging_mixin.py:190} INFO - [2026-06-29T13:55:18.579+0000] {dag.py:3239} INFO - Sync 1 DAGs
[2026-06-29T13:55:18.602+0000] {logging_mixin.py:190} INFO - [2026-06-29T13:55:18.602+0000] {dag.py:4180} INFO - Setting next_dagrun for urban_data_pipeline to 2026-06-01 00:00:00+00:00, run_after=2026-07-01 00:00:00+00:00
[2026-06-29T13:55:18.632+0000] {processor.py:208} INFO - Processing /opt/airflow/dags/urban_data_pipeline_dag.py took 0.493 seconds
[2026-06-29T13:55:49.570+0000] {processor.py:186} INFO - Started process (PID=7509) to work on /opt/airflow/dags/urban_data_pipeline_dag.py
[2026-06-29T13:55:49.573+0000] {processor.py:914} INFO - Processing file /opt/airflow/dags/urban_data_pipeline_dag.py for tasks to queue
[2026-06-29T13:55:49.577+0000] {logging_mixin.py:190} INFO - [2026-06-29T13:55:49.577+0000] {dagbag.py:588} INFO - Filling up the DagBag from /opt/airflow/dags/urban_data_pipeline_dag.py
[2026-06-29T13:55:50.100+0000] {processor.py:925} INFO - DAG(s) 'urban_data_pipeline' retrieved from /opt/airflow/dags/urban_data_pipeline_dag.py
[2026-06-29T13:55:50.151+0000] {logging_mixin.py:190} INFO - [2026-06-29T13:55:50.150+0000] {dag.py:3239} INFO - Sync 1 DAGs
[2026-06-29T13:55:50.177+0000] {logging_mixin.py:190} INFO - [2026-06-29T13:55:50.177+0000] {dag.py:4180} INFO - Setting next_dagrun for urban_data_pipeline to 2026-06-01 00:00:00+00:00, run_after=2026-07-01 00:00:00+00:00
[2026-06-29T13:55:50.210+0000] {processor.py:208} INFO - Processing /opt/airflow/dags/urban_data_pipeline_dag.py took 0.661 seconds
[2026-06-29T13:56:20.392+0000] {processor.py:186} INFO - Started process (PID=7526) to work on /opt/airflow/dags/urban_data_pipeline_dag.py
[2026-06-29T13:56:20.394+0000] {processor.py:914} INFO - Processing file /opt/airflow/dags/urban_data_pipeline_dag.py for tasks to queue
[2026-06-29T13:56:20.397+0000] {logging_mixin.py:190} INFO - [2026-06-29T13:56:20.397+0000] {dagbag.py:588} INFO - Filling up the DagBag from /opt/airflow/dags/urban_data_pipeline_dag.py
[2026-06-29T13:56:20.704+0000] {processor.py:925} INFO - DAG(s) 'urban_data_pipeline' retrieved from /opt/airflow/dags/urban_data_pipeline_dag.py
[2026-06-29T13:56:20.758+0000] {logging_mixin.py:190} INFO - [2026-06-29T13:56:20.758+0000] {dag.py:3239} INFO - Sync 1 DAGs
[2026-06-29T13:56:20.783+0000] {logging_mixin.py:190} INFO - [2026-06-29T13:56:20.782+0000] {dag.py:4180} INFO - Setting next_dagrun for urban_data_pipeline to 2026-06-01 00:00:00+00:00, run_after=2026-07-01 00:00:00+00:00
[2026-06-29T13:56:20.805+0000] {processor.py:208} INFO - Processing /opt/airflow/dags/urban_data_pipeline_dag.py took 0.418 seconds
[2026-06-29T13:56:51.651+0000] {processor.py:186} INFO - Started process (PID=7537) to work on /opt/airflow/dags/urban_data_pipeline_dag.py
[2026-06-29T13:56:51.652+0000] {processor.py:914} INFO - Processing file /opt/airflow/dags/urban_data_pipeline_dag.py for tasks to queue
[2026-06-29T13:56:51.655+0000] {logging_mixin.py:190} INFO - [2026-06-29T13:56:51.655+0000] {dagbag.py:588} INFO - Filling up the DagBag from /opt/airflow/dags/urban_data_pipeline_dag.py
[2026-06-29T13:56:51.767+0000] {processor.py:925} INFO - DAG(s) 'urban_data_pipeline' retrieved from /opt/airflow/dags/urban_data_pipeline_dag.py
[2026-06-29T13:56:51.808+0000] {logging_mixin.py:190} INFO - [2026-06-29T13:56:51.808+0000] {dag.py:3239} INFO - Sync 1 DAGs
[2026-06-29T13:56:51.831+0000] {logging_mixin.py:190} INFO - [2026-06-29T13:56:51.831+0000] {dag.py:4180} INFO - Setting next_dagrun for urban_data_pipeline to 2026-06-01 00:00:00+00:00, run_after=2026-07-01 00:00:00+00:00
[2026-06-29T13:56:51.855+0000] {processor.py:208} INFO - Processing /opt/airflow/dags/urban_data_pipeline_dag.py took 0.210 seconds
[2026-06-29T13:57:22.071+0000] {processor.py:186} INFO - Started process (PID=7555) to work on /opt/airflow/dags/urban_data_pipeline_dag.py
[2026-06-29T13:57:22.074+0000] {processor.py:914} INFO - Processing file /opt/airflow/dags/urban_data_pipeline_dag.py for tasks to queue
[2026-06-29T13:57:22.080+0000] {logging_mixin.py:190} INFO - [2026-06-29T13:57:22.079+0000] {dagbag.py:588} INFO - Filling up the DagBag from /opt/airflow/dags/urban_data_pipeline_dag.py
[2026-06-29T13:57:22.652+0000] {processor.py:925} INFO - DAG(s) 'urban_data_pipeline' retrieved from /opt/airflow/dags/urban_data_pipeline_dag.py
[2026-06-29T13:57:22.713+0000] {logging_mixin.py:190} INFO - [2026-06-29T13:57:22.712+0000] {dag.py:3239} INFO - Sync 1 DAGs
[2026-06-29T13:57:22.740+0000] {logging_mixin.py:190} INFO - [2026-06-29T13:57:22.740+0000] {dag.py:4180} INFO - Setting next_dagrun for urban_data_pipeline to 2026-06-01 00:00:00+00:00, run_after=2026-07-01 00:00:00+00:00
[2026-06-29T13:57:22.762+0000] {processor.py:208} INFO - Processing /opt/airflow/dags/urban_data_pipeline_dag.py took 0.714 seconds
[2026-06-29T13:57:53.676+0000] {processor.py:186} INFO - Started process (PID=7573) to work on /opt/airflow/dags/urban_data_pipeline_dag.py
[2026-06-29T13:57:53.678+0000] {processor.py:914} INFO - Processing file /opt/airflow/dags/urban_data_pipeline_dag.py for tasks to queue
[2026-06-29T13:57:53.683+0000] {logging_mixin.py:190} INFO - [2026-06-29T13:57:53.682+0000] {dagbag.py:588} INFO - Filling up the DagBag from /opt/airflow/dags/urban_data_pipeline_dag.py
[2026-06-29T13:57:54.034+0000] {processor.py:925} INFO - DAG(s) 'urban_data_pipeline' retrieved from /opt/airflow/dags/urban_data_pipeline_dag.py
[2026-06-29T13:57:54.087+0000] {logging_mixin.py:190} INFO - [2026-06-29T13:57:54.087+0000] {dag.py:3239} INFO - Sync 1 DAGs
[2026-06-29T13:57:54.112+0000] {logging_mixin.py:190} INFO - [2026-06-29T13:57:54.112+0000] {dag.py:4180} INFO - Setting next_dagrun for urban_data_pipeline to 2026-06-01 00:00:00+00:00, run_after=2026-07-01 00:00:00+00:00
[2026-06-29T13:57:54.139+0000] {processor.py:208} INFO - Processing /opt/airflow/dags/urban_data_pipeline_dag.py took 0.473 seconds
[2026-06-29T13:58:25.053+0000] {processor.py:186} INFO - Started process (PID=7591) to work on /opt/airflow/dags/urban_data_pipeline_dag.py
[2026-06-29T13:58:25.056+0000] {processor.py:914} INFO - Processing file /opt/airflow/dags/urban_data_pipeline_dag.py for tasks to queue
[2026-06-29T13:58:25.062+0000] {logging_mixin.py:190} INFO - [2026-06-29T13:58:25.061+0000] {dagbag.py:588} INFO - Filling up the DagBag from /opt/airflow/dags/urban_data_pipeline_dag.py
[2026-06-29T13:58:25.274+0000] {processor.py:925} INFO - DAG(s) 'urban_data_pipeline' retrieved from /opt/airflow/dags/urban_data_pipeline_dag.py
[2026-06-29T13:58:25.321+0000] {logging_mixin.py:190} INFO - [2026-06-29T13:58:25.320+0000] {dag.py:3239} INFO - Sync 1 DAGs
[2026-06-29T13:58:25.344+0000] {logging_mixin.py:190} INFO - [2026-06-29T13:58:25.344+0000] {dag.py:4180} INFO - Setting next_dagrun for urban_data_pipeline to 2026-06-01 00:00:00+00:00, run_after=2026-07-01 00:00:00+00:00
[2026-06-29T13:58:25.369+0000] {processor.py:208} INFO - Processing /opt/airflow/dags/urban_data_pipeline_dag.py took 0.334 seconds
[2026-06-29T13:58:56.247+0000] {processor.py:186} INFO - Started process (PID=7609) to work on /opt/airflow/dags/urban_data_pipeline_dag.py
[2026-06-29T13:58:56.249+0000] {processor.py:914} INFO - Processing file /opt/airflow/dags/urban_data_pipeline_dag.py for tasks to queue
[2026-06-29T13:58:56.254+0000] {logging_mixin.py:190} INFO - [2026-06-29T13:58:56.254+0000] {dagbag.py:588} INFO - Filling up the DagBag from /opt/airflow/dags/urban_data_pipeline_dag.py
[2026-06-29T13:58:56.800+0000] {processor.py:925} INFO - DAG(s) 'urban_data_pipeline' retrieved from /opt/airflow/dags/urban_data_pipeline_dag.py
[2026-06-29T13:58:56.848+0000] {logging_mixin.py:190} INFO - [2026-06-29T13:58:56.848+0000] {dag.py:3239} INFO - Sync 1 DAGs
[2026-06-29T13:58:56.878+0000] {logging_mixin.py:190} INFO - [2026-06-29T13:58:56.877+0000] {dag.py:4180} INFO - Setting next_dagrun for urban_data_pipeline to 2026-06-01 00:00:00+00:00, run_after=2026-07-01 00:00:00+00:00
[2026-06-29T13:58:56.922+0000] {processor.py:208} INFO - Processing /opt/airflow/dags/urban_data_pipeline_dag.py took 0.686 seconds
[2026-06-29T13:59:27.021+0000] {processor.py:186} INFO - Started process (PID=7627) to work on /opt/airflow/dags/urban_data_pipeline_dag.py
[2026-06-29T13:59:27.023+0000] {processor.py:914} INFO - Processing file /opt/airflow/dags/urban_data_pipeline_dag.py for tasks to queue
[2026-06-29T13:59:27.026+0000] {logging_mixin.py:190} INFO - [2026-06-29T13:59:27.025+0000] {dagbag.py:588} INFO - Filling up the DagBag from /opt/airflow/dags/urban_data_pipeline_dag.py
[2026-06-29T13:59:27.220+0000] {processor.py:925} INFO - DAG(s) 'urban_data_pipeline' retrieved from /opt/airflow/dags/urban_data_pipeline_dag.py
[2026-06-29T13:59:27.289+0000] {logging_mixin.py:190} INFO - [2026-06-29T13:59:27.288+0000] {dag.py:3239} INFO - Sync 1 DAGs
[2026-06-29T13:59:27.311+0000] {logging_mixin.py:190} INFO - [2026-06-29T13:59:27.311+0000] {dag.py:4180} INFO - Setting next_dagrun for urban_data_pipeline to 2026-06-01 00:00:00+00:00, run_after=2026-07-01 00:00:00+00:00
[2026-06-29T13:59:27.336+0000] {processor.py:208} INFO - Processing /opt/airflow/dags/urban_data_pipeline_dag.py took 0.326 seconds
[2026-06-29T13:59:57.800+0000] {processor.py:186} INFO - Started process (PID=7645) to work on /opt/airflow/dags/urban_data_pipeline_dag.py
[2026-06-29T13:59:57.802+0000] {processor.py:914} INFO - Processing file /opt/airflow/dags/urban_data_pipeline_dag.py for tasks to queue
[2026-06-29T13:59:57.805+0000] {logging_mixin.py:190} INFO - [2026-06-29T13:59:57.804+0000] {dagbag.py:588} INFO - Filling up the DagBag from /opt/airflow/dags/urban_data_pipeline_dag.py
[2026-06-29T13:59:57.913+0000] {processor.py:925} INFO - DAG(s) 'urban_data_pipeline' retrieved from /opt/airflow/dags/urban_data_pipeline_dag.py
[2026-06-29T13:59:57.956+0000] {logging_mixin.py:190} INFO - [2026-06-29T13:59:57.955+0000] {dag.py:3239} INFO - Sync 1 DAGs
[2026-06-29T13:59:57.977+0000] {logging_mixin.py:190} INFO - [2026-06-29T13:59:57.977+0000] {dag.py:4180} INFO - Setting next_dagrun for urban_data_pipeline to 2026-06-01 00:00:00+00:00, run_after=2026-07-01 00:00:00+00:00
[2026-06-29T13:59:58.004+0000] {processor.py:208} INFO - Processing /opt/airflow/dags/urban_data_pipeline_dag.py took 0.210 seconds
[2026-06-29T14:00:28.884+0000] {processor.py:186} INFO - Started process (PID=7663) to work on /opt/airflow/dags/urban_data_pipeline_dag.py
[2026-06-29T14:00:28.886+0000] {processor.py:914} INFO - Processing file /opt/airflow/dags/urban_data_pipeline_dag.py for tasks to queue
[2026-06-29T14:00:28.890+0000] {logging_mixin.py:190} INFO - [2026-06-29T14:00:28.890+0000] {dagbag.py:588} INFO - Filling up the DagBag from /opt/airflow/dags/urban_data_pipeline_dag.py
[2026-06-29T14:00:29.327+0000] {processor.py:925} INFO - DAG(s) 'urban_data_pipeline' retrieved from /opt/airflow/dags/urban_data_pipeline_dag.py
[2026-06-29T14:00:29.371+0000] {logging_mixin.py:190} INFO - [2026-06-29T14:00:29.370+0000] {dag.py:3239} INFO - Sync 1 DAGs
[2026-06-29T14:00:29.394+0000] {logging_mixin.py:190} INFO - [2026-06-29T14:00:29.394+0000] {dag.py:4180} INFO - Setting next_dagrun for urban_data_pipeline to 2026-06-01 00:00:00+00:00, run_after=2026-07-01 00:00:00+00:00
[2026-06-29T14:00:29.423+0000] {processor.py:208} INFO - Processing /opt/airflow/dags/urban_data_pipeline_dag.py took 0.549 seconds
[2026-06-29T14:01:00.235+0000] {processor.py:186} INFO - Started process (PID=7681) to work on /opt/airflow/dags/urban_data_pipeline_dag.py
[2026-06-29T14:01:00.237+0000] {processor.py:914} INFO - Processing file /opt/airflow/dags/urban_data_pipeline_dag.py for tasks to queue
[2026-06-29T14:01:00.240+0000] {logging_mixin.py:190} INFO - [2026-06-29T14:01:00.240+0000] {dagbag.py:588} INFO - Filling up the DagBag from /opt/airflow/dags/urban_data_pipeline_dag.py
[2026-06-29T14:01:00.409+0000] {processor.py:925} INFO - DAG(s) 'urban_data_pipeline' retrieved from /opt/airflow/dags/urban_data_pipeline_dag.py
[2026-06-29T14:01:00.453+0000] {logging_mixin.py:190} INFO - [2026-06-29T14:01:00.453+0000] {dag.py:3239} INFO - Sync 1 DAGs
[2026-06-29T14:01:00.478+0000] {logging_mixin.py:190} INFO - [2026-06-29T14:01:00.478+0000] {dag.py:4180} INFO - Setting next_dagrun for urban_data_pipeline to 2026-06-01 00:00:00+00:00, run_after=2026-07-01 00:00:00+00:00
[2026-06-29T14:01:00.503+0000] {processor.py:208} INFO - Processing /opt/airflow/dags/urban_data_pipeline_dag.py took 0.275 seconds
[2026-06-29T14:01:31.375+0000] {processor.py:186} INFO - Started process (PID=7699) to work on /opt/airflow/dags/urban_data_pipeline_dag.py
[2026-06-29T14:01:31.378+0000] {processor.py:914} INFO - Processing file /opt/airflow/dags/urban_data_pipeline_dag.py for tasks to queue
[2026-06-29T14:01:31.383+0000] {logging_mixin.py:190} INFO - [2026-06-29T14:01:31.382+0000] {dagbag.py:588} INFO - Filling up the DagBag from /opt/airflow/dags/urban_data_pipeline_dag.py
[2026-06-29T14:01:31.512+0000] {processor.py:925} INFO - DAG(s) 'urban_data_pipeline' retrieved from /opt/airflow/dags/urban_data_pipeline_dag.py
[2026-06-29T14:01:31.558+0000] {logging_mixin.py:190} INFO - [2026-06-29T14:01:31.558+0000] {dag.py:3239} INFO - Sync 1 DAGs
[2026-06-29T14:01:31.582+0000] {logging_mixin.py:190} INFO - [2026-06-29T14:01:31.582+0000] {dag.py:4180} INFO - Setting next_dagrun for urban_data_pipeline to 2026-06-01 00:00:00+00:00, run_after=2026-07-01 00:00:00+00:00
[2026-06-29T14:01:31.604+0000] {processor.py:208} INFO - Processing /opt/airflow/dags/urban_data_pipeline_dag.py took 0.254 seconds
[2026-06-29T14:02:02.411+0000] {processor.py:186} INFO - Started process (PID=7717) to work on /opt/airflow/dags/urban_data_pipeline_dag.py
[2026-06-29T14:02:02.416+0000] {processor.py:914} INFO - Processing file /opt/airflow/dags/urban_data_pipeline_dag.py for tasks to queue
[2026-06-29T14:02:02.424+0000] {logging_mixin.py:190} INFO - [2026-06-29T14:02:02.423+0000] {dagbag.py:588} INFO - Filling up the DagBag from /opt/airflow/dags/urban_data_pipeline_dag.py
[2026-06-29T14:02:02.606+0000] {processor.py:925} INFO - DAG(s) 'urban_data_pipeline' retrieved from /opt/airflow/dags/urban_data_pipeline_dag.py
[2026-06-29T14:02:02.649+0000] {logging_mixin.py:190} INFO - [2026-06-29T14:02:02.649+0000] {dag.py:3239} INFO - Sync 1 DAGs
[2026-06-29T14:02:02.676+0000] {logging_mixin.py:190} INFO - [2026-06-29T14:02:02.675+0000] {dag.py:4180} INFO - Setting next_dagrun for urban_data_pipeline to 2026-06-01 00:00:00+00:00, run_after=2026-07-01 00:00:00+00:00
[2026-06-29T14:02:02.716+0000] {processor.py:208} INFO - Processing /opt/airflow/dags/urban_data_pipeline_dag.py took 0.328 seconds
[2026-06-29T14:02:33.471+0000] {processor.py:186} INFO - Started process (PID=7734) to work on /opt/airflow/dags/urban_data_pipeline_dag.py
[2026-06-29T14:02:33.472+0000] {processor.py:914} INFO - Processing file /opt/airflow/dags/urban_data_pipeline_dag.py for tasks to queue
[2026-06-29T14:02:33.475+0000] {logging_mixin.py:190} INFO - [2026-06-29T14:02:33.475+0000] {dagbag.py:588} INFO - Filling up the DagBag from /opt/airflow/dags/urban_data_pipeline_dag.py
[2026-06-29T14:02:33.597+0000] {processor.py:925} INFO - DAG(s) 'urban_data_pipeline' retrieved from /opt/airflow/dags/urban_data_pipeline_dag.py
[2026-06-29T14:02:33.639+0000] {logging_mixin.py:190} INFO - [2026-06-29T14:02:33.639+0000] {dag.py:3239} INFO - Sync 1 DAGs
[2026-06-29T14:02:33.663+0000] {logging_mixin.py:190} INFO - [2026-06-29T14:02:33.662+0000] {dag.py:4180} INFO - Setting next_dagrun for urban_data_pipeline to 2026-06-01 00:00:00+00:00, run_after=2026-07-01 00:00:00+00:00
[2026-06-29T14:02:33.684+0000] {processor.py:208} INFO - Processing /opt/airflow/dags/urban_data_pipeline_dag.py took 0.222 seconds
[2026-06-29T14:03:03.887+0000] {processor.py:186} INFO - Started process (PID=7745) to work on /opt/airflow/dags/urban_data_pipeline_dag.py
[2026-06-29T14:03:03.892+0000] {processor.py:914} INFO - Processing file /opt/airflow/dags/urban_data_pipeline_dag.py for tasks to queue
[2026-06-29T14:03:03.900+0000] {logging_mixin.py:190} INFO - [2026-06-29T14:03:03.899+0000] {dagbag.py:588} INFO - Filling up the DagBag from /opt/airflow/dags/urban_data_pipeline_dag.py
[2026-06-29T14:03:04.167+0000] {processor.py:925} INFO - DAG(s) 'urban_data_pipeline' retrieved from /opt/airflow/dags/urban_data_pipeline_dag.py
[2026-06-29T14:03:04.210+0000] {logging_mixin.py:190} INFO - [2026-06-29T14:03:04.210+0000] {dag.py:3239} INFO - Sync 1 DAGs
[2026-06-29T14:03:04.233+0000] {logging_mixin.py:190} INFO - [2026-06-29T14:03:04.233+0000] {dag.py:4180} INFO - Setting next_dagrun for urban_data_pipeline to 2026-06-01 00:00:00+00:00, run_after=2026-07-01 00:00:00+00:00
[2026-06-29T14:03:04.258+0000] {processor.py:208} INFO - Processing /opt/airflow/dags/urban_data_pipeline_dag.py took 0.405 seconds
[2026-06-29T14:03:35.069+0000] {processor.py:186} INFO - Started process (PID=7763) to work on /opt/airflow/dags/urban_data_pipeline_dag.py
[2026-06-29T14:03:35.071+0000] {processor.py:914} INFO - Processing file /opt/airflow/dags/urban_data_pipeline_dag.py for tasks to queue
[2026-06-29T14:03:35.074+0000] {logging_mixin.py:190} INFO - [2026-06-29T14:03:35.074+0000] {dagbag.py:588} INFO - Filling up the DagBag from /opt/airflow/dags/urban_data_pipeline_dag.py
[2026-06-29T14:03:35.192+0000] {processor.py:925} INFO - DAG(s) 'urban_data_pipeline' retrieved from /opt/airflow/dags/urban_data_pipeline_dag.py
[2026-06-29T14:03:35.240+0000] {logging_mixin.py:190} INFO - [2026-06-29T14:03:35.239+0000] {dag.py:3239} INFO - Sync 1 DAGs
[2026-06-29T14:03:35.265+0000] {logging_mixin.py:190} INFO - [2026-06-29T14:03:35.264+0000] {dag.py:4180} INFO - Setting next_dagrun for urban_data_pipeline to 2026-06-01 00:00:00+00:00, run_after=2026-07-01 00:00:00+00:00
[2026-06-29T14:03:35.288+0000] {processor.py:208} INFO - Processing /opt/airflow/dags/urban_data_pipeline_dag.py took 0.226 seconds
[2026-06-29T14:04:05.419+0000] {processor.py:186} INFO - Started process (PID=7781) to work on /opt/airflow/dags/urban_data_pipeline_dag.py
[2026-06-29T14:04:05.421+0000] {processor.py:914} INFO - Processing file /opt/airflow/dags/urban_data_pipeline_dag.py for tasks to queue
[2026-06-29T14:04:05.424+0000] {logging_mixin.py:190} INFO - [2026-06-29T14:04:05.424+0000] {dagbag.py:588} INFO - Filling up the DagBag from /opt/airflow/dags/urban_data_pipeline_dag.py
[2026-06-29T14:04:05.618+0000] {processor.py:925} INFO - DAG(s) 'urban_data_pipeline' retrieved from /opt/airflow/dags/urban_data_pipeline_dag.py
[2026-06-29T14:04:05.660+0000] {logging_mixin.py:190} INFO - [2026-06-29T14:04:05.660+0000] {dag.py:3239} INFO - Sync 1 DAGs
[2026-06-29T14:04:05.683+0000] {logging_mixin.py:190} INFO - [2026-06-29T14:04:05.683+0000] {dag.py:4180} INFO - Setting next_dagrun for urban_data_pipeline to 2026-06-01 00:00:00+00:00, run_after=2026-07-01 00:00:00+00:00
[2026-06-29T14:04:05.712+0000] {processor.py:208} INFO - Processing /opt/airflow/dags/urban_data_pipeline_dag.py took 0.312 seconds
[2026-06-29T14:04:36.684+0000] {processor.py:186} INFO - Started process (PID=7799) to work on /opt/airflow/dags/urban_data_pipeline_dag.py
[2026-06-29T14:04:36.688+0000] {processor.py:914} INFO - Processing file /opt/airflow/dags/urban_data_pipeline_dag.py for tasks to queue
[2026-06-29T14:04:36.697+0000] {logging_mixin.py:190} INFO - [2026-06-29T14:04:36.696+0000] {dagbag.py:588} INFO - Filling up the DagBag from /opt/airflow/dags/urban_data_pipeline_dag.py
[2026-06-29T14:04:37.013+0000] {processor.py:925} INFO - DAG(s) 'urban_data_pipeline' retrieved from /opt/airflow/dags/urban_data_pipeline_dag.py
[2026-06-29T14:04:37.054+0000] {logging_mixin.py:190} INFO - [2026-06-29T14:04:37.054+0000] {dag.py:3239} INFO - Sync 1 DAGs
[2026-06-29T14:04:37.077+0000] {logging_mixin.py:190} INFO - [2026-06-29T14:04:37.077+0000] {dag.py:4180} INFO - Setting next_dagrun for urban_data_pipeline to 2026-06-01 00:00:00+00:00, run_after=2026-07-01 00:00:00+00:00
[2026-06-29T14:04:37.101+0000] {processor.py:208} INFO - Processing /opt/airflow/dags/urban_data_pipeline_dag.py took 0.440 seconds
[2026-06-29T14:05:07.965+0000] {processor.py:186} INFO - Started process (PID=7817) to work on /opt/airflow/dags/urban_data_pipeline_dag.py
[2026-06-29T14:05:07.969+0000] {processor.py:914} INFO - Processing file /opt/airflow/dags/urban_data_pipeline_dag.py for tasks to queue
[2026-06-29T14:05:07.979+0000] {logging_mixin.py:190} INFO - [2026-06-29T14:05:07.978+0000] {dagbag.py:588} INFO - Filling up the DagBag from /opt/airflow/dags/urban_data_pipeline_dag.py
[2026-06-29T14:05:08.497+0000] {processor.py:925} INFO - DAG(s) 'urban_data_pipeline' retrieved from /opt/airflow/dags/urban_data_pipeline_dag.py
[2026-06-29T14:05:08.550+0000] {logging_mixin.py:190} INFO - [2026-06-29T14:05:08.549+0000] {dag.py:3239} INFO - Sync 1 DAGs
[2026-06-29T14:05:08.573+0000] {logging_mixin.py:190} INFO - [2026-06-29T14:05:08.572+0000] {dag.py:4180} INFO - Setting next_dagrun for urban_data_pipeline to 2026-06-01 00:00:00+00:00, run_after=2026-07-01 00:00:00+00:00
[2026-06-29T14:05:08.597+0000] {processor.py:208} INFO - Processing /opt/airflow/dags/urban_data_pipeline_dag.py took 0.660 seconds
[2026-06-29T14:05:39.469+0000] {processor.py:186} INFO - Started process (PID=7835) to work on /opt/airflow/dags/urban_data_pipeline_dag.py
[2026-06-29T14:05:39.472+0000] {processor.py:914} INFO - Processing file /opt/airflow/dags/urban_data_pipeline_dag.py for tasks to queue
[2026-06-29T14:05:39.479+0000] {logging_mixin.py:190} INFO - [2026-06-29T14:05:39.478+0000] {dagbag.py:588} INFO - Filling up the DagBag from /opt/airflow/dags/urban_data_pipeline_dag.py
[2026-06-29T14:05:39.729+0000] {processor.py:925} INFO - DAG(s) 'urban_data_pipeline' retrieved from /opt/airflow/dags/urban_data_pipeline_dag.py
[2026-06-29T14:05:39.807+0000] {logging_mixin.py:190} INFO - [2026-06-29T14:05:39.807+0000] {dag.py:3239} INFO - Sync 1 DAGs
[2026-06-29T14:05:39.845+0000] {logging_mixin.py:190} INFO - [2026-06-29T14:05:39.845+0000] {dag.py:4180} INFO - Setting next_dagrun for urban_data_pipeline to 2026-06-01 00:00:00+00:00, run_after=2026-07-01 00:00:00+00:00
[2026-06-29T14:05:39.883+0000] {processor.py:208} INFO - Processing /opt/airflow/dags/urban_data_pipeline_dag.py took 0.442 seconds
[2026-06-29T14:06:10.813+0000] {processor.py:186} INFO - Started process (PID=7853) to work on /opt/airflow/dags/urban_data_pipeline_dag.py
[2026-06-29T14:06:10.816+0000] {processor.py:914} INFO - Processing file /opt/airflow/dags/urban_data_pipeline_dag.py for tasks to queue
[2026-06-29T14:06:10.825+0000] {logging_mixin.py:190} INFO - [2026-06-29T14:06:10.823+0000] {dagbag.py:588} INFO - Filling up the DagBag from /opt/airflow/dags/urban_data_pipeline_dag.py
[2026-06-29T14:06:11.342+0000] {processor.py:925} INFO - DAG(s) 'urban_data_pipeline' retrieved from /opt/airflow/dags/urban_data_pipeline_dag.py
[2026-06-29T14:06:11.402+0000] {logging_mixin.py:190} INFO - [2026-06-29T14:06:11.402+0000] {dag.py:3239} INFO - Sync 1 DAGs
[2026-06-29T14:06:11.426+0000] {logging_mixin.py:190} INFO - [2026-06-29T14:06:11.426+0000] {dag.py:4180} INFO - Setting next_dagrun for urban_data_pipeline to 2026-06-01 00:00:00+00:00, run_after=2026-07-01 00:00:00+00:00
[2026-06-29T14:06:11.454+0000] {processor.py:208} INFO - Processing /opt/airflow/dags/urban_data_pipeline_dag.py took 0.662 seconds
[2026-06-29T14:06:42.526+0000] {processor.py:186} INFO - Started process (PID=7871) to work on /opt/airflow/dags/urban_data_pipeline_dag.py
[2026-06-29T14:06:42.529+0000] {processor.py:914} INFO - Processing file /opt/airflow/dags/urban_data_pipeline_dag.py for tasks to queue
[2026-06-29T14:06:42.534+0000] {logging_mixin.py:190} INFO - [2026-06-29T14:06:42.534+0000] {dagbag.py:588} INFO - Filling up the DagBag from /opt/airflow/dags/urban_data_pipeline_dag.py
[2026-06-29T14:06:43.052+0000] {processor.py:925} INFO - DAG(s) 'urban_data_pipeline' retrieved from /opt/airflow/dags/urban_data_pipeline_dag.py
[2026-06-29T14:06:43.114+0000] {logging_mixin.py:190} INFO - [2026-06-29T14:06:43.113+0000] {dag.py:3239} INFO - Sync 1 DAGs
[2026-06-29T14:06:43.141+0000] {logging_mixin.py:190} INFO - [2026-06-29T14:06:43.140+0000] {dag.py:4180} INFO - Setting next_dagrun for urban_data_pipeline to 2026-06-01 00:00:00+00:00, run_after=2026-07-01 00:00:00+00:00
[2026-06-29T14:06:43.166+0000] {processor.py:208} INFO - Processing /opt/airflow/dags/urban_data_pipeline_dag.py took 0.654 seconds
[2026-06-29T14:07:13.360+0000] {processor.py:186} INFO - Started process (PID=7889) to work on /opt/airflow/dags/urban_data_pipeline_dag.py
[2026-06-29T14:07:13.361+0000] {processor.py:914} INFO - Processing file /opt/airflow/dags/urban_data_pipeline_dag.py for tasks to queue
[2026-06-29T14:07:13.364+0000] {logging_mixin.py:190} INFO - [2026-06-29T14:07:13.364+0000] {dagbag.py:588} INFO - Filling up the DagBag from /opt/airflow/dags/urban_data_pipeline_dag.py
[2026-06-29T14:07:13.475+0000] {processor.py:925} INFO - DAG(s) 'urban_data_pipeline' retrieved from /opt/airflow/dags/urban_data_pipeline_dag.py
[2026-06-29T14:07:13.519+0000] {logging_mixin.py:190} INFO - [2026-06-29T14:07:13.519+0000] {dag.py:3239} INFO - Sync 1 DAGs
[2026-06-29T14:07:13.542+0000] {logging_mixin.py:190} INFO - [2026-06-29T14:07:13.542+0000] {dag.py:4180} INFO - Setting next_dagrun for urban_data_pipeline to 2026-06-01 00:00:00+00:00, run_after=2026-07-01 00:00:00+00:00
[2026-06-29T14:07:13.566+0000] {processor.py:208} INFO - Processing /opt/airflow/dags/urban_data_pipeline_dag.py took 0.212 seconds
[2026-06-29T14:07:44.392+0000] {processor.py:186} INFO - Started process (PID=7907) to work on /opt/airflow/dags/urban_data_pipeline_dag.py
[2026-06-29T14:07:44.393+0000] {processor.py:914} INFO - Processing file /opt/airflow/dags/urban_data_pipeline_dag.py for tasks to queue
[2026-06-29T14:07:44.397+0000] {logging_mixin.py:190} INFO - [2026-06-29T14:07:44.396+0000] {dagbag.py:588} INFO - Filling up the DagBag from /opt/airflow/dags/urban_data_pipeline_dag.py
[2026-06-29T14:07:44.524+0000] {processor.py:925} INFO - DAG(s) 'urban_data_pipeline' retrieved from /opt/airflow/dags/urban_data_pipeline_dag.py
[2026-06-29T14:07:44.586+0000] {logging_mixin.py:190} INFO - [2026-06-29T14:07:44.586+0000] {dag.py:3239} INFO - Sync 1 DAGs
[2026-06-29T14:07:44.612+0000] {logging_mixin.py:190} INFO - [2026-06-29T14:07:44.612+0000] {dag.py:4180} INFO - Setting next_dagrun for urban_data_pipeline to 2026-06-01 00:00:00+00:00, run_after=2026-07-01 00:00:00+00:00
[2026-06-29T14:07:44.655+0000] {processor.py:208} INFO - Processing /opt/airflow/dags/urban_data_pipeline_dag.py took 0.271 seconds
[2026-06-29T14:08:14.992+0000] {processor.py:186} INFO - Started process (PID=7925) to work on /opt/airflow/dags/urban_data_pipeline_dag.py
[2026-06-29T14:08:14.994+0000] {processor.py:914} INFO - Processing file /opt/airflow/dags/urban_data_pipeline_dag.py for tasks to queue
[2026-06-29T14:08:14.998+0000] {logging_mixin.py:190} INFO - [2026-06-29T14:08:14.997+0000] {dagbag.py:588} INFO - Filling up the DagBag from /opt/airflow/dags/urban_data_pipeline_dag.py
[2026-06-29T14:08:15.183+0000] {processor.py:925} INFO - DAG(s) 'urban_data_pipeline' retrieved from /opt/airflow/dags/urban_data_pipeline_dag.py
[2026-06-29T14:08:15.225+0000] {logging_mixin.py:190} INFO - [2026-06-29T14:08:15.225+0000] {dag.py:3239} INFO - Sync 1 DAGs
[2026-06-29T14:08:15.248+0000] {logging_mixin.py:190} INFO - [2026-06-29T14:08:15.248+0000] {dag.py:4180} INFO - Setting next_dagrun for urban_data_pipeline to 2026-06-01 00:00:00+00:00, run_after=2026-07-01 00:00:00+00:00
[2026-06-29T14:08:15.273+0000] {processor.py:208} INFO - Processing /opt/airflow/dags/urban_data_pipeline_dag.py took 0.289 seconds
[2026-06-29T14:08:45.393+0000] {processor.py:186} INFO - Started process (PID=7942) to work on /opt/airflow/dags/urban_data_pipeline_dag.py
[2026-06-29T14:08:45.395+0000] {processor.py:914} INFO - Processing file /opt/airflow/dags/urban_data_pipeline_dag.py for tasks to queue
[2026-06-29T14:08:45.398+0000] {logging_mixin.py:190} INFO - [2026-06-29T14:08:45.397+0000] {dagbag.py:588} INFO - Filling up the DagBag from /opt/airflow/dags/urban_data_pipeline_dag.py
[2026-06-29T14:08:45.557+0000] {processor.py:925} INFO - DAG(s) 'urban_data_pipeline' retrieved from /opt/airflow/dags/urban_data_pipeline_dag.py
[2026-06-29T14:08:45.601+0000] {logging_mixin.py:190} INFO - [2026-06-29T14:08:45.601+0000] {dag.py:3239} INFO - Sync 1 DAGs
[2026-06-29T14:08:45.624+0000] {logging_mixin.py:190} INFO - [2026-06-29T14:08:45.624+0000] {dag.py:4180} INFO - Setting next_dagrun for urban_data_pipeline to 2026-06-01 00:00:00+00:00, run_after=2026-07-01 00:00:00+00:00
[2026-06-29T14:08:45.649+0000] {processor.py:208} INFO - Processing /opt/airflow/dags/urban_data_pipeline_dag.py took 0.271 seconds
[2026-06-29T14:09:15.834+0000] {processor.py:186} INFO - Started process (PID=7953) to work on /opt/airflow/dags/urban_data_pipeline_dag.py
[2026-06-29T14:09:15.835+0000] {processor.py:914} INFO - Processing file /opt/airflow/dags/urban_data_pipeline_dag.py for tasks to queue
[2026-06-29T14:09:15.838+0000] {logging_mixin.py:190} INFO - [2026-06-29T14:09:15.838+0000] {dagbag.py:588} INFO - Filling up the DagBag from /opt/airflow/dags/urban_data_pipeline_dag.py
[2026-06-29T14:09:16.003+0000] {processor.py:925} INFO - DAG(s) 'urban_data_pipeline' retrieved from /opt/airflow/dags/urban_data_pipeline_dag.py
[2026-06-29T14:09:16.060+0000] {logging_mixin.py:190} INFO - [2026-06-29T14:09:16.058+0000] {dag.py:3239} INFO - Sync 1 DAGs
[2026-06-29T14:09:16.093+0000] {logging_mixin.py:190} INFO - [2026-06-29T14:09:16.093+0000] {dag.py:4180} INFO - Setting next_dagrun for urban_data_pipeline to 2026-06-01 00:00:00+00:00, run_after=2026-07-01 00:00:00+00:00
[2026-06-29T14:09:16.124+0000] {processor.py:208} INFO - Processing /opt/airflow/dags/urban_data_pipeline_dag.py took 0.301 seconds
[2026-06-29T14:09:46.858+0000] {processor.py:186} INFO - Started process (PID=7971) to work on /opt/airflow/dags/urban_data_pipeline_dag.py
[2026-06-29T14:09:46.860+0000] {processor.py:914} INFO - Processing file /opt/airflow/dags/urban_data_pipeline_dag.py for tasks to queue
[2026-06-29T14:09:46.864+0000] {logging_mixin.py:190} INFO - [2026-06-29T14:09:46.863+0000] {dagbag.py:588} INFO - Filling up the DagBag from /opt/airflow/dags/urban_data_pipeline_dag.py
[2026-06-29T14:09:46.986+0000] {processor.py:925} INFO - DAG(s) 'urban_data_pipeline' retrieved from /opt/airflow/dags/urban_data_pipeline_dag.py
[2026-06-29T14:09:47.039+0000] {logging_mixin.py:190} INFO - [2026-06-29T14:09:47.039+0000] {dag.py:3239} INFO - Sync 1 DAGs
[2026-06-29T14:09:47.068+0000] {logging_mixin.py:190} INFO - [2026-06-29T14:09:47.068+0000] {dag.py:4180} INFO - Setting next_dagrun for urban_data_pipeline to 2026-06-01 00:00:00+00:00, run_after=2026-07-01 00:00:00+00:00
[2026-06-29T14:09:47.091+0000] {processor.py:208} INFO - Processing /opt/airflow/dags/urban_data_pipeline_dag.py took 0.240 seconds
[2026-06-29T14:10:17.866+0000] {processor.py:186} INFO - Started process (PID=7989) to work on /opt/airflow/dags/urban_data_pipeline_dag.py
[2026-06-29T14:10:17.868+0000] {processor.py:914} INFO - Processing file /opt/airflow/dags/urban_data_pipeline_dag.py for tasks to queue
[2026-06-29T14:10:17.871+0000] {logging_mixin.py:190} INFO - [2026-06-29T14:10:17.870+0000] {dagbag.py:588} INFO - Filling up the DagBag from /opt/airflow/dags/urban_data_pipeline_dag.py
[2026-06-29T14:10:18.085+0000] {processor.py:925} INFO - DAG(s) 'urban_data_pipeline' retrieved from /opt/airflow/dags/urban_data_pipeline_dag.py
[2026-06-29T14:10:18.182+0000] {logging_mixin.py:190} INFO - [2026-06-29T14:10:18.182+0000] {dag.py:3239} INFO - Sync 1 DAGs
[2026-06-29T14:10:18.224+0000] {logging_mixin.py:190} INFO - [2026-06-29T14:10:18.223+0000] {dag.py:4180} INFO - Setting next_dagrun for urban_data_pipeline to 2026-06-01 00:00:00+00:00, run_after=2026-07-01 00:00:00+00:00
[2026-06-29T14:10:18.265+0000] {processor.py:208} INFO - Processing /opt/airflow/dags/urban_data_pipeline_dag.py took 0.413 seconds
[2026-06-29T14:10:48.672+0000] {processor.py:186} INFO - Started process (PID=8007) to work on /opt/airflow/dags/urban_data_pipeline_dag.py
[2026-06-29T14:10:48.676+0000] {processor.py:914} INFO - Processing file /opt/airflow/dags/urban_data_pipeline_dag.py for tasks to queue
[2026-06-29T14:10:48.688+0000] {logging_mixin.py:190} INFO - [2026-06-29T14:10:48.687+0000] {dagbag.py:588} INFO - Filling up the DagBag from /opt/airflow/dags/urban_data_pipeline_dag.py
[2026-06-29T14:10:48.946+0000] {processor.py:925} INFO - DAG(s) 'urban_data_pipeline' retrieved from /opt/airflow/dags/urban_data_pipeline_dag.py
[2026-06-29T14:10:48.989+0000] {logging_mixin.py:190} INFO - [2026-06-29T14:10:48.989+0000] {dag.py:3239} INFO - Sync 1 DAGs
[2026-06-29T14:10:49.013+0000] {logging_mixin.py:190} INFO - [2026-06-29T14:10:49.013+0000] {dag.py:4180} INFO - Setting next_dagrun for urban_data_pipeline to 2026-06-01 00:00:00+00:00, run_after=2026-07-01 00:00:00+00:00
[2026-06-29T14:10:49.046+0000] {processor.py:208} INFO - Processing /opt/airflow/dags/urban_data_pipeline_dag.py took 0.398 seconds
[2026-06-29T14:11:19.369+0000] {processor.py:186} INFO - Started process (PID=8025) to work on /opt/airflow/dags/urban_data_pipeline_dag.py
[2026-06-29T14:11:19.374+0000] {processor.py:914} INFO - Processing file /opt/airflow/dags/urban_data_pipeline_dag.py for tasks to queue
[2026-06-29T14:11:19.383+0000] {logging_mixin.py:190} INFO - [2026-06-29T14:11:19.383+0000] {dagbag.py:588} INFO - Filling up the DagBag from /opt/airflow/dags/urban_data_pipeline_dag.py
[2026-06-29T14:11:19.638+0000] {processor.py:925} INFO - DAG(s) 'urban_data_pipeline' retrieved from /opt/airflow/dags/urban_data_pipeline_dag.py
[2026-06-29T14:11:19.684+0000] {logging_mixin.py:190} INFO - [2026-06-29T14:11:19.684+0000] {dag.py:3239} INFO - Sync 1 DAGs
[2026-06-29T14:11:19.708+0000] {logging_mixin.py:190} INFO - [2026-06-29T14:11:19.708+0000] {dag.py:4180} INFO - Setting next_dagrun for urban_data_pipeline to 2026-06-01 00:00:00+00:00, run_after=2026-07-01 00:00:00+00:00
[2026-06-29T14:11:19.742+0000] {processor.py:208} INFO - Processing /opt/airflow/dags/urban_data_pipeline_dag.py took 0.387 seconds
[2026-06-29T14:11:50.247+0000] {processor.py:186} INFO - Started process (PID=8043) to work on /opt/airflow/dags/urban_data_pipeline_dag.py
[2026-06-29T14:11:50.252+0000] {processor.py:914} INFO - Processing file /opt/airflow/dags/urban_data_pipeline_dag.py for tasks to queue
[2026-06-29T14:11:50.258+0000] {logging_mixin.py:190} INFO - [2026-06-29T14:11:50.257+0000] {dagbag.py:588} INFO - Filling up the DagBag from /opt/airflow/dags/urban_data_pipeline_dag.py
[2026-06-29T14:11:50.439+0000] {processor.py:925} INFO - DAG(s) 'urban_data_pipeline' retrieved from /opt/airflow/dags/urban_data_pipeline_dag.py
[2026-06-29T14:11:50.487+0000] {logging_mixin.py:190} INFO - [2026-06-29T14:11:50.487+0000] {dag.py:3239} INFO - Sync 1 DAGs
[2026-06-29T14:11:50.513+0000] {logging_mixin.py:190} INFO - [2026-06-29T14:11:50.512+0000] {dag.py:4180} INFO - Setting next_dagrun for urban_data_pipeline to 2026-06-01 00:00:00+00:00, run_after=2026-07-01 00:00:00+00:00
[2026-06-29T14:11:50.539+0000] {processor.py:208} INFO - Processing /opt/airflow/dags/urban_data_pipeline_dag.py took 0.319 seconds
[2026-06-29T14:12:21.160+0000] {processor.py:186} INFO - Started process (PID=8061) to work on /opt/airflow/dags/urban_data_pipeline_dag.py
[2026-06-29T14:12:21.164+0000] {processor.py:914} INFO - Processing file /opt/airflow/dags/urban_data_pipeline_dag.py for tasks to queue
[2026-06-29T14:12:21.174+0000] {logging_mixin.py:190} INFO - [2026-06-29T14:12:21.172+0000] {dagbag.py:588} INFO - Filling up the DagBag from /opt/airflow/dags/urban_data_pipeline_dag.py
[2026-06-29T14:12:21.412+0000] {processor.py:925} INFO - DAG(s) 'urban_data_pipeline' retrieved from /opt/airflow/dags/urban_data_pipeline_dag.py
[2026-06-29T14:12:21.463+0000] {logging_mixin.py:190} INFO - [2026-06-29T14:12:21.463+0000] {dag.py:3239} INFO - Sync 1 DAGs
[2026-06-29T14:12:21.489+0000] {logging_mixin.py:190} INFO - [2026-06-29T14:12:21.489+0000] {dag.py:4180} INFO - Setting next_dagrun for urban_data_pipeline to 2026-06-01 00:00:00+00:00, run_after=2026-07-01 00:00:00+00:00
[2026-06-29T14:12:21.520+0000] {processor.py:208} INFO - Processing /opt/airflow/dags/urban_data_pipeline_dag.py took 0.377 seconds
[2026-06-29T14:12:52.209+0000] {processor.py:186} INFO - Started process (PID=8079) to work on /opt/airflow/dags/urban_data_pipeline_dag.py
[2026-06-29T14:12:52.213+0000] {processor.py:914} INFO - Processing file /opt/airflow/dags/urban_data_pipeline_dag.py for tasks to queue
[2026-06-29T14:12:52.217+0000] {logging_mixin.py:190} INFO - [2026-06-29T14:12:52.216+0000] {dagbag.py:588} INFO - Filling up the DagBag from /opt/airflow/dags/urban_data_pipeline_dag.py
[2026-06-29T14:12:52.449+0000] {processor.py:925} INFO - DAG(s) 'urban_data_pipeline' retrieved from /opt/airflow/dags/urban_data_pipeline_dag.py
[2026-06-29T14:12:52.513+0000] {logging_mixin.py:190} INFO - [2026-06-29T14:12:52.513+0000] {dag.py:3239} INFO - Sync 1 DAGs
[2026-06-29T14:12:52.537+0000] {logging_mixin.py:190} INFO - [2026-06-29T14:12:52.537+0000] {dag.py:4180} INFO - Setting next_dagrun for urban_data_pipeline to 2026-06-01 00:00:00+00:00, run_after=2026-07-01 00:00:00+00:00
[2026-06-29T14:12:52.579+0000] {processor.py:208} INFO - Processing /opt/airflow/dags/urban_data_pipeline_dag.py took 0.377 seconds
[2026-06-29T14:13:23.447+0000] {processor.py:186} INFO - Started process (PID=8097) to work on /opt/airflow/dags/urban_data_pipeline_dag.py
[2026-06-29T14:13:23.449+0000] {processor.py:914} INFO - Processing file /opt/airflow/dags/urban_data_pipeline_dag.py for tasks to queue
[2026-06-29T14:13:23.452+0000] {logging_mixin.py:190} INFO - [2026-06-29T14:13:23.451+0000] {dagbag.py:588} INFO - Filling up the DagBag from /opt/airflow/dags/urban_data_pipeline_dag.py
[2026-06-29T14:13:23.576+0000] {processor.py:925} INFO - DAG(s) 'urban_data_pipeline' retrieved from /opt/airflow/dags/urban_data_pipeline_dag.py
[2026-06-29T14:13:23.620+0000] {logging_mixin.py:190} INFO - [2026-06-29T14:13:23.620+0000] {dag.py:3239} INFO - Sync 1 DAGs
[2026-06-29T14:13:23.643+0000] {logging_mixin.py:190} INFO - [2026-06-29T14:13:23.643+0000] {dag.py:4180} INFO - Setting next_dagrun for urban_data_pipeline to 2026-06-01 00:00:00+00:00, run_after=2026-07-01 00:00:00+00:00
[2026-06-29T14:13:23.673+0000] {processor.py:208} INFO - Processing /opt/airflow/dags/urban_data_pipeline_dag.py took 0.234 seconds
[2026-06-29T14:13:54.411+0000] {processor.py:186} INFO - Started process (PID=8115) to work on /opt/airflow/dags/urban_data_pipeline_dag.py
[2026-06-29T14:13:54.417+0000] {processor.py:914} INFO - Processing file /opt/airflow/dags/urban_data_pipeline_dag.py for tasks to queue
[2026-06-29T14:13:54.430+0000] {logging_mixin.py:190} INFO - [2026-06-29T14:13:54.428+0000] {dagbag.py:588} INFO - Filling up the DagBag from /opt/airflow/dags/urban_data_pipeline_dag.py
[2026-06-29T14:13:54.770+0000] {processor.py:925} INFO - DAG(s) 'urban_data_pipeline' retrieved from /opt/airflow/dags/urban_data_pipeline_dag.py
[2026-06-29T14:13:54.861+0000] {logging_mixin.py:190} INFO - [2026-06-29T14:13:54.861+0000] {dag.py:3239} INFO - Sync 1 DAGs
[2026-06-29T14:13:54.886+0000] {logging_mixin.py:190} INFO - [2026-06-29T14:13:54.886+0000] {dag.py:4180} INFO - Setting next_dagrun for urban_data_pipeline to 2026-06-01 00:00:00+00:00, run_after=2026-07-01 00:00:00+00:00
[2026-06-29T14:13:54.914+0000] {processor.py:208} INFO - Processing /opt/airflow/dags/urban_data_pipeline_dag.py took 0.519 seconds
[2026-06-29T14:14:25.165+0000] {processor.py:186} INFO - Started process (PID=8132) to work on /opt/airflow/dags/urban_data_pipeline_dag.py
[2026-06-29T14:14:25.166+0000] {processor.py:914} INFO - Processing file /opt/airflow/dags/urban_data_pipeline_dag.py for tasks to queue
[2026-06-29T14:14:25.170+0000] {logging_mixin.py:190} INFO - [2026-06-29T14:14:25.169+0000] {dagbag.py:588} INFO - Filling up the DagBag from /opt/airflow/dags/urban_data_pipeline_dag.py
[2026-06-29T14:14:25.458+0000] {processor.py:925} INFO - DAG(s) 'urban_data_pipeline' retrieved from /opt/airflow/dags/urban_data_pipeline_dag.py
[2026-06-29T14:14:25.508+0000] {logging_mixin.py:190} INFO - [2026-06-29T14:14:25.508+0000] {dag.py:3239} INFO - Sync 1 DAGs
[2026-06-29T14:14:25.538+0000] {logging_mixin.py:190} INFO - [2026-06-29T14:14:25.538+0000] {dag.py:4180} INFO - Setting next_dagrun for urban_data_pipeline to 2026-06-01 00:00:00+00:00, run_after=2026-07-01 00:00:00+00:00
[2026-06-29T14:14:25.568+0000] {processor.py:208} INFO - Processing /opt/airflow/dags/urban_data_pipeline_dag.py took 0.409 seconds
[2026-06-29T14:14:56.233+0000] {processor.py:186} INFO - Started process (PID=8150) to work on /opt/airflow/dags/urban_data_pipeline_dag.py
[2026-06-29T14:14:56.234+0000] {processor.py:914} INFO - Processing file /opt/airflow/dags/urban_data_pipeline_dag.py for tasks to queue
[2026-06-29T14:14:56.240+0000] {logging_mixin.py:190} INFO - [2026-06-29T14:14:56.240+0000] {dagbag.py:588} INFO - Filling up the DagBag from /opt/airflow/dags/urban_data_pipeline_dag.py
[2026-06-29T14:14:56.394+0000] {processor.py:925} INFO - DAG(s) 'urban_data_pipeline' retrieved from /opt/airflow/dags/urban_data_pipeline_dag.py
[2026-06-29T14:14:56.444+0000] {logging_mixin.py:190} INFO - [2026-06-29T14:14:56.444+0000] {dag.py:3239} INFO - Sync 1 DAGs
[2026-06-29T14:14:56.469+0000] {logging_mixin.py:190} INFO - [2026-06-29T14:14:56.468+0000] {dag.py:4180} INFO - Setting next_dagrun for urban_data_pipeline to 2026-06-01 00:00:00+00:00, run_after=2026-07-01 00:00:00+00:00
[2026-06-29T14:14:56.494+0000] {processor.py:208} INFO - Processing /opt/airflow/dags/urban_data_pipeline_dag.py took 0.269 seconds
[2026-06-29T14:15:27.145+0000] {processor.py:186} INFO - Started process (PID=8161) to work on /opt/airflow/dags/urban_data_pipeline_dag.py
[2026-06-29T14:15:27.149+0000] {processor.py:914} INFO - Processing file /opt/airflow/dags/urban_data_pipeline_dag.py for tasks to queue
[2026-06-29T14:15:27.154+0000] {logging_mixin.py:190} INFO - [2026-06-29T14:15:27.154+0000] {dagbag.py:588} INFO - Filling up the DagBag from /opt/airflow/dags/urban_data_pipeline_dag.py
[2026-06-29T14:15:27.292+0000] {processor.py:925} INFO - DAG(s) 'urban_data_pipeline' retrieved from /opt/airflow/dags/urban_data_pipeline_dag.py
[2026-06-29T14:15:27.343+0000] {logging_mixin.py:190} INFO - [2026-06-29T14:15:27.343+0000] {dag.py:3239} INFO - Sync 1 DAGs
[2026-06-29T14:15:27.371+0000] {logging_mixin.py:190} INFO - [2026-06-29T14:15:27.371+0000] {dag.py:4180} INFO - Setting next_dagrun for urban_data_pipeline to 2026-06-01 00:00:00+00:00, run_after=2026-07-01 00:00:00+00:00
[2026-06-29T14:15:27.399+0000] {processor.py:208} INFO - Processing /opt/airflow/dags/urban_data_pipeline_dag.py took 0.269 seconds
[2026-06-29T14:15:57.987+0000] {processor.py:186} INFO - Started process (PID=8179) to work on /opt/airflow/dags/urban_data_pipeline_dag.py
[2026-06-29T14:15:57.988+0000] {processor.py:914} INFO - Processing file /opt/airflow/dags/urban_data_pipeline_dag.py for tasks to queue
[2026-06-29T14:15:57.991+0000] {logging_mixin.py:190} INFO - [2026-06-29T14:15:57.990+0000] {dagbag.py:588} INFO - Filling up the DagBag from /opt/airflow/dags/urban_data_pipeline_dag.py
[2026-06-29T14:15:58.126+0000] {processor.py:925} INFO - DAG(s) 'urban_data_pipeline' retrieved from /opt/airflow/dags/urban_data_pipeline_dag.py
[2026-06-29T14:15:58.198+0000] {logging_mixin.py:190} INFO - [2026-06-29T14:15:58.198+0000] {dag.py:3239} INFO - Sync 1 DAGs
[2026-06-29T14:15:58.237+0000] {logging_mixin.py:190} INFO - [2026-06-29T14:15:58.237+0000] {dag.py:4180} INFO - Setting next_dagrun for urban_data_pipeline to 2026-06-01 00:00:00+00:00, run_after=2026-07-01 00:00:00+00:00
[2026-06-29T14:15:58.271+0000] {processor.py:208} INFO - Processing /opt/airflow/dags/urban_data_pipeline_dag.py took 0.290 seconds
[2026-06-29T14:16:28.681+0000] {processor.py:186} INFO - Started process (PID=8197) to work on /opt/airflow/dags/urban_data_pipeline_dag.py
[2026-06-29T14:16:28.683+0000] {processor.py:914} INFO - Processing file /opt/airflow/dags/urban_data_pipeline_dag.py for tasks to queue
[2026-06-29T14:16:28.687+0000] {logging_mixin.py:190} INFO - [2026-06-29T14:16:28.686+0000] {dagbag.py:588} INFO - Filling up the DagBag from /opt/airflow/dags/urban_data_pipeline_dag.py
[2026-06-29T14:16:28.829+0000] {processor.py:925} INFO - DAG(s) 'urban_data_pipeline' retrieved from /opt/airflow/dags/urban_data_pipeline_dag.py
[2026-06-29T14:16:28.888+0000] {logging_mixin.py:190} INFO - [2026-06-29T14:16:28.888+0000] {dag.py:3239} INFO - Sync 1 DAGs
[2026-06-29T14:16:28.915+0000] {logging_mixin.py:190} INFO - [2026-06-29T14:16:28.915+0000] {dag.py:4180} INFO - Setting next_dagrun for urban_data_pipeline to 2026-06-01 00:00:00+00:00, run_after=2026-07-01 00:00:00+00:00
[2026-06-29T14:16:28.940+0000] {processor.py:208} INFO - Processing /opt/airflow/dags/urban_data_pipeline_dag.py took 0.268 seconds
[2026-06-29T14:16:59.029+0000] {processor.py:186} INFO - Started process (PID=8215) to work on /opt/airflow/dags/urban_data_pipeline_dag.py
[2026-06-29T14:16:59.030+0000] {processor.py:914} INFO - Processing file /opt/airflow/dags/urban_data_pipeline_dag.py for tasks to queue
[2026-06-29T14:16:59.033+0000] {logging_mixin.py:190} INFO - [2026-06-29T14:16:59.033+0000] {dagbag.py:588} INFO - Filling up the DagBag from /opt/airflow/dags/urban_data_pipeline_dag.py
[2026-06-29T14:16:59.191+0000] {processor.py:925} INFO - DAG(s) 'urban_data_pipeline' retrieved from /opt/airflow/dags/urban_data_pipeline_dag.py
[2026-06-29T14:16:59.249+0000] {logging_mixin.py:190} INFO - [2026-06-29T14:16:59.249+0000] {dag.py:3239} INFO - Sync 1 DAGs
[2026-06-29T14:16:59.291+0000] {logging_mixin.py:190} INFO - [2026-06-29T14:16:59.290+0000] {dag.py:4180} INFO - Setting next_dagrun for urban_data_pipeline to 2026-06-01 00:00:00+00:00, run_after=2026-07-01 00:00:00+00:00
[2026-06-29T14:16:59.370+0000] {processor.py:208} INFO - Processing /opt/airflow/dags/urban_data_pipeline_dag.py took 0.347 seconds
[2026-06-29T14:17:29.876+0000] {processor.py:186} INFO - Started process (PID=8233) to work on /opt/airflow/dags/urban_data_pipeline_dag.py
[2026-06-29T14:17:29.878+0000] {processor.py:914} INFO - Processing file /opt/airflow/dags/urban_data_pipeline_dag.py for tasks to queue
[2026-06-29T14:17:29.883+0000] {logging_mixin.py:190} INFO - [2026-06-29T14:17:29.882+0000] {dagbag.py:588} INFO - Filling up the DagBag from /opt/airflow/dags/urban_data_pipeline_dag.py
[2026-06-29T14:17:30.045+0000] {processor.py:925} INFO - DAG(s) 'urban_data_pipeline' retrieved from /opt/airflow/dags/urban_data_pipeline_dag.py
[2026-06-29T14:17:30.090+0000] {logging_mixin.py:190} INFO - [2026-06-29T14:17:30.090+0000] {dag.py:3239} INFO - Sync 1 DAGs
[2026-06-29T14:17:30.114+0000] {logging_mixin.py:190} INFO - [2026-06-29T14:17:30.113+0000] {dag.py:4180} INFO - Setting next_dagrun for urban_data_pipeline to 2026-06-01 00:00:00+00:00, run_after=2026-07-01 00:00:00+00:00
[2026-06-29T14:17:30.135+0000] {processor.py:208} INFO - Processing /opt/airflow/dags/urban_data_pipeline_dag.py took 0.282 seconds
[2026-06-29T14:18:00.919+0000] {processor.py:186} INFO - Started process (PID=8251) to work on /opt/airflow/dags/urban_data_pipeline_dag.py
[2026-06-29T14:18:00.920+0000] {processor.py:914} INFO - Processing file /opt/airflow/dags/urban_data_pipeline_dag.py for tasks to queue
[2026-06-29T14:18:00.923+0000] {logging_mixin.py:190} INFO - [2026-06-29T14:18:00.923+0000] {dagbag.py:588} INFO - Filling up the DagBag from /opt/airflow/dags/urban_data_pipeline_dag.py
[2026-06-29T14:18:01.130+0000] {processor.py:925} INFO - DAG(s) 'urban_data_pipeline' retrieved from /opt/airflow/dags/urban_data_pipeline_dag.py
[2026-06-29T14:18:01.194+0000] {logging_mixin.py:190} INFO - [2026-06-29T14:18:01.194+0000] {dag.py:3239} INFO - Sync 1 DAGs
[2026-06-29T14:18:01.230+0000] {logging_mixin.py:190} INFO - [2026-06-29T14:18:01.229+0000] {dag.py:4180} INFO - Setting next_dagrun for urban_data_pipeline to 2026-06-01 00:00:00+00:00, run_after=2026-07-01 00:00:00+00:00
[2026-06-29T14:18:01.259+0000] {processor.py:208} INFO - Processing /opt/airflow/dags/urban_data_pipeline_dag.py took 0.348 seconds
[2026-06-29T14:18:31.472+0000] {processor.py:186} INFO - Started process (PID=8269) to work on /opt/airflow/dags/urban_data_pipeline_dag.py
[2026-06-29T14:18:31.474+0000] {processor.py:914} INFO - Processing file /opt/airflow/dags/urban_data_pipeline_dag.py for tasks to queue
[2026-06-29T14:18:31.478+0000] {logging_mixin.py:190} INFO - [2026-06-29T14:18:31.478+0000] {dagbag.py:588} INFO - Filling up the DagBag from /opt/airflow/dags/urban_data_pipeline_dag.py
[2026-06-29T14:18:31.723+0000] {processor.py:925} INFO - DAG(s) 'urban_data_pipeline' retrieved from /opt/airflow/dags/urban_data_pipeline_dag.py
[2026-06-29T14:18:31.775+0000] {logging_mixin.py:190} INFO - [2026-06-29T14:18:31.774+0000] {dag.py:3239} INFO - Sync 1 DAGs
[2026-06-29T14:18:31.798+0000] {logging_mixin.py:190} INFO - [2026-06-29T14:18:31.798+0000] {dag.py:4180} INFO - Setting next_dagrun for urban_data_pipeline to 2026-06-01 00:00:00+00:00, run_after=2026-07-01 00:00:00+00:00
[2026-06-29T14:18:31.841+0000] {processor.py:208} INFO - Processing /opt/airflow/dags/urban_data_pipeline_dag.py took 0.388 seconds
[2026-06-29T14:19:02.104+0000] {processor.py:186} INFO - Started process (PID=8287) to work on /opt/airflow/dags/urban_data_pipeline_dag.py
[2026-06-29T14:19:02.106+0000] {processor.py:914} INFO - Processing file /opt/airflow/dags/urban_data_pipeline_dag.py for tasks to queue
[2026-06-29T14:19:02.110+0000] {logging_mixin.py:190} INFO - [2026-06-29T14:19:02.110+0000] {dagbag.py:588} INFO - Filling up the DagBag from /opt/airflow/dags/urban_data_pipeline_dag.py
[2026-06-29T14:19:02.277+0000] {processor.py:925} INFO - DAG(s) 'urban_data_pipeline' retrieved from /opt/airflow/dags/urban_data_pipeline_dag.py
[2026-06-29T14:19:02.348+0000] {logging_mixin.py:190} INFO - [2026-06-29T14:19:02.348+0000] {dag.py:3239} INFO - Sync 1 DAGs
[2026-06-29T14:19:02.377+0000] {logging_mixin.py:190} INFO - [2026-06-29T14:19:02.377+0000] {dag.py:4180} INFO - Setting next_dagrun for urban_data_pipeline to 2026-06-01 00:00:00+00:00, run_after=2026-07-01 00:00:00+00:00
[2026-06-29T14:19:02.403+0000] {processor.py:208} INFO - Processing /opt/airflow/dags/urban_data_pipeline_dag.py took 0.315 seconds
[2026-06-29T14:19:33.381+0000] {processor.py:186} INFO - Started process (PID=8305) to work on /opt/airflow/dags/urban_data_pipeline_dag.py
[2026-06-29T14:19:33.382+0000] {processor.py:914} INFO - Processing file /opt/airflow/dags/urban_data_pipeline_dag.py for tasks to queue
[2026-06-29T14:19:33.388+0000] {logging_mixin.py:190} INFO - [2026-06-29T14:19:33.387+0000] {dagbag.py:588} INFO - Filling up the DagBag from /opt/airflow/dags/urban_data_pipeline_dag.py
[2026-06-29T14:19:33.527+0000] {processor.py:925} INFO - DAG(s) 'urban_data_pipeline' retrieved from /opt/airflow/dags/urban_data_pipeline_dag.py
[2026-06-29T14:19:33.577+0000] {logging_mixin.py:190} INFO - [2026-06-29T14:19:33.576+0000] {dag.py:3239} INFO - Sync 1 DAGs
[2026-06-29T14:19:33.603+0000] {logging_mixin.py:190} INFO - [2026-06-29T14:19:33.602+0000] {dag.py:4180} INFO - Setting next_dagrun for urban_data_pipeline to 2026-06-01 00:00:00+00:00, run_after=2026-07-01 00:00:00+00:00
[2026-06-29T14:19:33.631+0000] {processor.py:208} INFO - Processing /opt/airflow/dags/urban_data_pipeline_dag.py took 0.261 seconds
[2026-06-29T14:20:04.560+0000] {processor.py:186} INFO - Started process (PID=8322) to work on /opt/airflow/dags/urban_data_pipeline_dag.py
[2026-06-29T14:20:04.561+0000] {processor.py:914} INFO - Processing file /opt/airflow/dags/urban_data_pipeline_dag.py for tasks to queue
[2026-06-29T14:20:04.565+0000] {logging_mixin.py:190} INFO - [2026-06-29T14:20:04.564+0000] {dagbag.py:588} INFO - Filling up the DagBag from /opt/airflow/dags/urban_data_pipeline_dag.py
[2026-06-29T14:20:04.685+0000] {processor.py:925} INFO - DAG(s) 'urban_data_pipeline' retrieved from /opt/airflow/dags/urban_data_pipeline_dag.py
[2026-06-29T14:20:04.736+0000] {logging_mixin.py:190} INFO - [2026-06-29T14:20:04.736+0000] {dag.py:3239} INFO - Sync 1 DAGs
[2026-06-29T14:20:04.763+0000] {logging_mixin.py:190} INFO - [2026-06-29T14:20:04.763+0000] {dag.py:4180} INFO - Setting next_dagrun for urban_data_pipeline to 2026-06-01 00:00:00+00:00, run_after=2026-07-01 00:00:00+00:00
[2026-06-29T14:20:04.795+0000] {processor.py:208} INFO - Processing /opt/airflow/dags/urban_data_pipeline_dag.py took 0.242 seconds
[2026-06-29T14:20:35.721+0000] {processor.py:186} INFO - Started process (PID=8333) to work on /opt/airflow/dags/urban_data_pipeline_dag.py
[2026-06-29T14:20:35.727+0000] {processor.py:914} INFO - Processing file /opt/airflow/dags/urban_data_pipeline_dag.py for tasks to queue
[2026-06-29T14:20:35.739+0000] {logging_mixin.py:190} INFO - [2026-06-29T14:20:35.737+0000] {dagbag.py:588} INFO - Filling up the DagBag from /opt/airflow/dags/urban_data_pipeline_dag.py
[2026-06-29T14:20:35.982+0000] {processor.py:925} INFO - DAG(s) 'urban_data_pipeline' retrieved from /opt/airflow/dags/urban_data_pipeline_dag.py
[2026-06-29T14:20:36.042+0000] {logging_mixin.py:190} INFO - [2026-06-29T14:20:36.042+0000] {dag.py:3239} INFO - Sync 1 DAGs
[2026-06-29T14:20:36.087+0000] {logging_mixin.py:190} INFO - [2026-06-29T14:20:36.087+0000] {dag.py:4180} INFO - Setting next_dagrun for urban_data_pipeline to 2026-06-01 00:00:00+00:00, run_after=2026-07-01 00:00:00+00:00
[2026-06-29T14:20:36.125+0000] {processor.py:208} INFO - Processing /opt/airflow/dags/urban_data_pipeline_dag.py took 0.410 seconds
[2026-06-29T14:21:06.926+0000] {processor.py:186} INFO - Started process (PID=8351) to work on /opt/airflow/dags/urban_data_pipeline_dag.py
[2026-06-29T14:21:06.929+0000] {processor.py:914} INFO - Processing file /opt/airflow/dags/urban_data_pipeline_dag.py for tasks to queue
[2026-06-29T14:21:06.935+0000] {logging_mixin.py:190} INFO - [2026-06-29T14:21:06.934+0000] {dagbag.py:588} INFO - Filling up the DagBag from /opt/airflow/dags/urban_data_pipeline_dag.py
[2026-06-29T14:21:07.134+0000] {processor.py:925} INFO - DAG(s) 'urban_data_pipeline' retrieved from /opt/airflow/dags/urban_data_pipeline_dag.py
[2026-06-29T14:21:07.185+0000] {logging_mixin.py:190} INFO - [2026-06-29T14:21:07.185+0000] {dag.py:3239} INFO - Sync 1 DAGs
[2026-06-29T14:21:07.211+0000] {logging_mixin.py:190} INFO - [2026-06-29T14:21:07.210+0000] {dag.py:4180} INFO - Setting next_dagrun for urban_data_pipeline to 2026-06-01 00:00:00+00:00, run_after=2026-07-01 00:00:00+00:00
[2026-06-29T14:21:07.316+0000] {processor.py:208} INFO - Processing /opt/airflow/dags/urban_data_pipeline_dag.py took 0.397 seconds
[2026-06-29T14:21:37.828+0000] {processor.py:186} INFO - Started process (PID=8369) to work on /opt/airflow/dags/urban_data_pipeline_dag.py
[2026-06-29T14:21:37.830+0000] {processor.py:914} INFO - Processing file /opt/airflow/dags/urban_data_pipeline_dag.py for tasks to queue
[2026-06-29T14:21:37.834+0000] {logging_mixin.py:190} INFO - [2026-06-29T14:21:37.834+0000] {dagbag.py:588} INFO - Filling up the DagBag from /opt/airflow/dags/urban_data_pipeline_dag.py
[2026-06-29T14:21:38.099+0000] {processor.py:925} INFO - DAG(s) 'urban_data_pipeline' retrieved from /opt/airflow/dags/urban_data_pipeline_dag.py
[2026-06-29T14:21:38.148+0000] {logging_mixin.py:190} INFO - [2026-06-29T14:21:38.148+0000] {dag.py:3239} INFO - Sync 1 DAGs
[2026-06-29T14:21:38.177+0000] {logging_mixin.py:190} INFO - [2026-06-29T14:21:38.177+0000] {dag.py:4180} INFO - Setting next_dagrun for urban_data_pipeline to 2026-06-01 00:00:00+00:00, run_after=2026-07-01 00:00:00+00:00
[2026-06-29T14:21:38.203+0000] {processor.py:208} INFO - Processing /opt/airflow/dags/urban_data_pipeline_dag.py took 0.383 seconds
[2026-06-29T14:22:09.172+0000] {processor.py:186} INFO - Started process (PID=8387) to work on /opt/airflow/dags/urban_data_pipeline_dag.py
[2026-06-29T14:22:09.177+0000] {processor.py:914} INFO - Processing file /opt/airflow/dags/urban_data_pipeline_dag.py for tasks to queue
[2026-06-29T14:22:09.182+0000] {logging_mixin.py:190} INFO - [2026-06-29T14:22:09.181+0000] {dagbag.py:588} INFO - Filling up the DagBag from /opt/airflow/dags/urban_data_pipeline_dag.py
[2026-06-29T14:22:09.492+0000] {processor.py:925} INFO - DAG(s) 'urban_data_pipeline' retrieved from /opt/airflow/dags/urban_data_pipeline_dag.py
[2026-06-29T14:22:09.545+0000] {logging_mixin.py:190} INFO - [2026-06-29T14:22:09.545+0000] {dag.py:3239} INFO - Sync 1 DAGs
[2026-06-29T14:22:09.573+0000] {logging_mixin.py:190} INFO - [2026-06-29T14:22:09.573+0000] {dag.py:4180} INFO - Setting next_dagrun for urban_data_pipeline to 2026-06-01 00:00:00+00:00, run_after=2026-07-01 00:00:00+00:00
[2026-06-29T14:22:09.597+0000] {processor.py:208} INFO - Processing /opt/airflow/dags/urban_data_pipeline_dag.py took 0.435 seconds
[2026-06-29T14:22:39.796+0000] {processor.py:186} INFO - Started process (PID=8405) to work on /opt/airflow/dags/urban_data_pipeline_dag.py
[2026-06-29T14:22:39.798+0000] {processor.py:914} INFO - Processing file /opt/airflow/dags/urban_data_pipeline_dag.py for tasks to queue
[2026-06-29T14:22:39.801+0000] {logging_mixin.py:190} INFO - [2026-06-29T14:22:39.800+0000] {dagbag.py:588} INFO - Filling up the DagBag from /opt/airflow/dags/urban_data_pipeline_dag.py
[2026-06-29T14:22:39.935+0000] {processor.py:925} INFO - DAG(s) 'urban_data_pipeline' retrieved from /opt/airflow/dags/urban_data_pipeline_dag.py
[2026-06-29T14:22:39.983+0000] {logging_mixin.py:190} INFO - [2026-06-29T14:22:39.983+0000] {dag.py:3239} INFO - Sync 1 DAGs
[2026-06-29T14:22:40.009+0000] {logging_mixin.py:190} INFO - [2026-06-29T14:22:40.009+0000] {dag.py:4180} INFO - Setting next_dagrun for urban_data_pipeline to 2026-06-01 00:00:00+00:00, run_after=2026-07-01 00:00:00+00:00
[2026-06-29T14:22:40.032+0000] {processor.py:208} INFO - Processing /opt/airflow/dags/urban_data_pipeline_dag.py took 0.244 seconds
[2026-06-29T14:23:10.692+0000] {processor.py:186} INFO - Started process (PID=8423) to work on /opt/airflow/dags/urban_data_pipeline_dag.py
[2026-06-29T14:23:10.694+0000] {processor.py:914} INFO - Processing file /opt/airflow/dags/urban_data_pipeline_dag.py for tasks to queue
[2026-06-29T14:23:10.697+0000] {logging_mixin.py:190} INFO - [2026-06-29T14:23:10.697+0000] {dagbag.py:588} INFO - Filling up the DagBag from /opt/airflow/dags/urban_data_pipeline_dag.py
[2026-06-29T14:23:10.903+0000] {processor.py:925} INFO - DAG(s) 'urban_data_pipeline' retrieved from /opt/airflow/dags/urban_data_pipeline_dag.py
[2026-06-29T14:23:10.980+0000] {logging_mixin.py:190} INFO - [2026-06-29T14:23:10.980+0000] {dag.py:3239} INFO - Sync 1 DAGs
[2026-06-29T14:23:11.015+0000] {logging_mixin.py:190} INFO - [2026-06-29T14:23:11.014+0000] {dag.py:4180} INFO - Setting next_dagrun for urban_data_pipeline to 2026-06-01 00:00:00+00:00, run_after=2026-07-01 00:00:00+00:00
[2026-06-29T14:23:11.051+0000] {processor.py:208} INFO - Processing /opt/airflow/dags/urban_data_pipeline_dag.py took 0.366 seconds
[2026-06-29T14:23:41.240+0000] {processor.py:186} INFO - Started process (PID=8441) to work on /opt/airflow/dags/urban_data_pipeline_dag.py
[2026-06-29T14:23:41.243+0000] {processor.py:914} INFO - Processing file /opt/airflow/dags/urban_data_pipeline_dag.py for tasks to queue
[2026-06-29T14:23:41.248+0000] {logging_mixin.py:190} INFO - [2026-06-29T14:23:41.248+0000] {dagbag.py:588} INFO - Filling up the DagBag from /opt/airflow/dags/urban_data_pipeline_dag.py
[2026-06-29T14:23:41.401+0000] {processor.py:925} INFO - DAG(s) 'urban_data_pipeline' retrieved from /opt/airflow/dags/urban_data_pipeline_dag.py
[2026-06-29T14:23:41.457+0000] {logging_mixin.py:190} INFO - [2026-06-29T14:23:41.456+0000] {dag.py:3239} INFO - Sync 1 DAGs
[2026-06-29T14:23:41.492+0000] {logging_mixin.py:190} INFO - [2026-06-29T14:23:41.491+0000] {dag.py:4180} INFO - Setting next_dagrun for urban_data_pipeline to 2026-06-01 00:00:00+00:00, run_after=2026-07-01 00:00:00+00:00
[2026-06-29T14:23:41.522+0000] {processor.py:208} INFO - Processing /opt/airflow/dags/urban_data_pipeline_dag.py took 0.295 seconds
[2026-06-29T14:24:12.267+0000] {processor.py:186} INFO - Started process (PID=8459) to work on /opt/airflow/dags/urban_data_pipeline_dag.py
[2026-06-29T14:24:12.269+0000] {processor.py:914} INFO - Processing file /opt/airflow/dags/urban_data_pipeline_dag.py for tasks to queue
[2026-06-29T14:24:12.272+0000] {logging_mixin.py:190} INFO - [2026-06-29T14:24:12.272+0000] {dagbag.py:588} INFO - Filling up the DagBag from /opt/airflow/dags/urban_data_pipeline_dag.py
[2026-06-29T14:24:12.422+0000] {processor.py:925} INFO - DAG(s) 'urban_data_pipeline' retrieved from /opt/airflow/dags/urban_data_pipeline_dag.py
[2026-06-29T14:24:12.465+0000] {logging_mixin.py:190} INFO - [2026-06-29T14:24:12.465+0000] {dag.py:3239} INFO - Sync 1 DAGs
[2026-06-29T14:24:12.493+0000] {logging_mixin.py:190} INFO - [2026-06-29T14:24:12.493+0000] {dag.py:4180} INFO - Setting next_dagrun for urban_data_pipeline to 2026-06-01 00:00:00+00:00, run_after=2026-07-01 00:00:00+00:00
[2026-06-29T14:24:12.521+0000] {processor.py:208} INFO - Processing /opt/airflow/dags/urban_data_pipeline_dag.py took 0.268 seconds
[2026-06-29T14:24:42.991+0000] {processor.py:186} INFO - Started process (PID=8477) to work on /opt/airflow/dags/urban_data_pipeline_dag.py
[2026-06-29T14:24:42.993+0000] {processor.py:914} INFO - Processing file /opt/airflow/dags/urban_data_pipeline_dag.py for tasks to queue
[2026-06-29T14:24:42.996+0000] {logging_mixin.py:190} INFO - [2026-06-29T14:24:42.996+0000] {dagbag.py:588} INFO - Filling up the DagBag from /opt/airflow/dags/urban_data_pipeline_dag.py
[2026-06-29T14:24:43.235+0000] {processor.py:925} INFO - DAG(s) 'urban_data_pipeline' retrieved from /opt/airflow/dags/urban_data_pipeline_dag.py
[2026-06-29T14:24:43.283+0000] {logging_mixin.py:190} INFO - [2026-06-29T14:24:43.282+0000] {dag.py:3239} INFO - Sync 1 DAGs
[2026-06-29T14:24:43.310+0000] {logging_mixin.py:190} INFO - [2026-06-29T14:24:43.310+0000] {dag.py:4180} INFO - Setting next_dagrun for urban_data_pipeline to 2026-06-01 00:00:00+00:00, run_after=2026-07-01 00:00:00+00:00
[2026-06-29T14:24:43.336+0000] {processor.py:208} INFO - Processing /opt/airflow/dags/urban_data_pipeline_dag.py took 0.351 seconds
[2026-06-29T14:25:14.198+0000] {processor.py:186} INFO - Started process (PID=8495) to work on /opt/airflow/dags/urban_data_pipeline_dag.py
[2026-06-29T14:25:14.199+0000] {processor.py:914} INFO - Processing file /opt/airflow/dags/urban_data_pipeline_dag.py for tasks to queue
[2026-06-29T14:25:14.203+0000] {logging_mixin.py:190} INFO - [2026-06-29T14:25:14.202+0000] {dagbag.py:588} INFO - Filling up the DagBag from /opt/airflow/dags/urban_data_pipeline_dag.py
[2026-06-29T14:25:14.323+0000] {processor.py:925} INFO - DAG(s) 'urban_data_pipeline' retrieved from /opt/airflow/dags/urban_data_pipeline_dag.py
[2026-06-29T14:25:14.369+0000] {logging_mixin.py:190} INFO - [2026-06-29T14:25:14.368+0000] {dag.py:3239} INFO - Sync 1 DAGs
[2026-06-29T14:25:14.394+0000] {logging_mixin.py:190} INFO - [2026-06-29T14:25:14.394+0000] {dag.py:4180} INFO - Setting next_dagrun for urban_data_pipeline to 2026-06-01 00:00:00+00:00, run_after=2026-07-01 00:00:00+00:00
[2026-06-29T14:25:14.416+0000] {processor.py:208} INFO - Processing /opt/airflow/dags/urban_data_pipeline_dag.py took 0.225 seconds
[2026-06-29T14:25:45.315+0000] {processor.py:186} INFO - Started process (PID=8513) to work on /opt/airflow/dags/urban_data_pipeline_dag.py
[2026-06-29T14:25:45.317+0000] {processor.py:914} INFO - Processing file /opt/airflow/dags/urban_data_pipeline_dag.py for tasks to queue
[2026-06-29T14:25:45.319+0000] {logging_mixin.py:190} INFO - [2026-06-29T14:25:45.319+0000] {dagbag.py:588} INFO - Filling up the DagBag from /opt/airflow/dags/urban_data_pipeline_dag.py
[2026-06-29T14:25:45.449+0000] {processor.py:925} INFO - DAG(s) 'urban_data_pipeline' retrieved from /opt/airflow/dags/urban_data_pipeline_dag.py
[2026-06-29T14:25:45.494+0000] {logging_mixin.py:190} INFO - [2026-06-29T14:25:45.494+0000] {dag.py:3239} INFO - Sync 1 DAGs
[2026-06-29T14:25:45.523+0000] {logging_mixin.py:190} INFO - [2026-06-29T14:25:45.523+0000] {dag.py:4180} INFO - Setting next_dagrun for urban_data_pipeline to 2026-06-01 00:00:00+00:00, run_after=2026-07-01 00:00:00+00:00
[2026-06-29T14:25:45.551+0000] {processor.py:208} INFO - Processing /opt/airflow/dags/urban_data_pipeline_dag.py took 0.242 seconds
[2026-06-29T14:26:15.901+0000] {processor.py:186} INFO - Started process (PID=8529) to work on /opt/airflow/dags/urban_data_pipeline_dag.py
[2026-06-29T14:26:15.902+0000] {processor.py:914} INFO - Processing file /opt/airflow/dags/urban_data_pipeline_dag.py for tasks to queue
[2026-06-29T14:26:15.906+0000] {logging_mixin.py:190} INFO - [2026-06-29T14:26:15.905+0000] {dagbag.py:588} INFO - Filling up the DagBag from /opt/airflow/dags/urban_data_pipeline_dag.py
[2026-06-29T14:26:16.026+0000] {processor.py:925} INFO - DAG(s) 'urban_data_pipeline' retrieved from /opt/airflow/dags/urban_data_pipeline_dag.py
[2026-06-29T14:26:16.075+0000] {logging_mixin.py:190} INFO - [2026-06-29T14:26:16.075+0000] {dag.py:3239} INFO - Sync 1 DAGs
[2026-06-29T14:26:16.105+0000] {logging_mixin.py:190} INFO - [2026-06-29T14:26:16.105+0000] {dag.py:4180} INFO - Setting next_dagrun for urban_data_pipeline to 2026-06-01 00:00:00+00:00, run_after=2026-07-01 00:00:00+00:00
[2026-06-29T14:26:16.135+0000] {processor.py:208} INFO - Processing /opt/airflow/dags/urban_data_pipeline_dag.py took 0.239 seconds
[2026-06-29T14:26:46.793+0000] {processor.py:186} INFO - Started process (PID=8541) to work on /opt/airflow/dags/urban_data_pipeline_dag.py
[2026-06-29T14:26:46.795+0000] {processor.py:914} INFO - Processing file /opt/airflow/dags/urban_data_pipeline_dag.py for tasks to queue
[2026-06-29T14:26:46.798+0000] {logging_mixin.py:190} INFO - [2026-06-29T14:26:46.798+0000] {dagbag.py:588} INFO - Filling up the DagBag from /opt/airflow/dags/urban_data_pipeline_dag.py
[2026-06-29T14:26:47.184+0000] {processor.py:925} INFO - DAG(s) 'urban_data_pipeline' retrieved from /opt/airflow/dags/urban_data_pipeline_dag.py
[2026-06-29T14:26:47.238+0000] {logging_mixin.py:190} INFO - [2026-06-29T14:26:47.238+0000] {dag.py:3239} INFO - Sync 1 DAGs
[2026-06-29T14:26:47.265+0000] {logging_mixin.py:190} INFO - [2026-06-29T14:26:47.265+0000] {dag.py:4180} INFO - Setting next_dagrun for urban_data_pipeline to 2026-06-01 00:00:00+00:00, run_after=2026-07-01 00:00:00+00:00
[2026-06-29T14:26:47.298+0000] {processor.py:208} INFO - Processing /opt/airflow/dags/urban_data_pipeline_dag.py took 0.518 seconds
[2026-06-29T14:27:18.387+0000] {processor.py:186} INFO - Started process (PID=8560) to work on /opt/airflow/dags/urban_data_pipeline_dag.py
[2026-06-29T14:27:18.390+0000] {processor.py:914} INFO - Processing file /opt/airflow/dags/urban_data_pipeline_dag.py for tasks to queue
[2026-06-29T14:27:18.393+0000] {logging_mixin.py:190} INFO - [2026-06-29T14:27:18.392+0000] {dagbag.py:588} INFO - Filling up the DagBag from /opt/airflow/dags/urban_data_pipeline_dag.py
[2026-06-29T14:27:18.775+0000] {processor.py:925} INFO - DAG(s) 'urban_data_pipeline' retrieved from /opt/airflow/dags/urban_data_pipeline_dag.py
[2026-06-29T14:27:18.825+0000] {logging_mixin.py:190} INFO - [2026-06-29T14:27:18.825+0000] {dag.py:3239} INFO - Sync 1 DAGs
[2026-06-29T14:27:18.889+0000] {logging_mixin.py:190} INFO - [2026-06-29T14:27:18.888+0000] {dag.py:4180} INFO - Setting next_dagrun for urban_data_pipeline to 2026-06-01 00:00:00+00:00, run_after=2026-07-01 00:00:00+00:00
[2026-06-29T14:27:18.925+0000] {processor.py:208} INFO - Processing /opt/airflow/dags/urban_data_pipeline_dag.py took 0.550 seconds
[2026-06-29T14:27:49.021+0000] {processor.py:186} INFO - Started process (PID=8578) to work on /opt/airflow/dags/urban_data_pipeline_dag.py
[2026-06-29T14:27:49.023+0000] {processor.py:914} INFO - Processing file /opt/airflow/dags/urban_data_pipeline_dag.py for tasks to queue
[2026-06-29T14:27:49.026+0000] {logging_mixin.py:190} INFO - [2026-06-29T14:27:49.026+0000] {dagbag.py:588} INFO - Filling up the DagBag from /opt/airflow/dags/urban_data_pipeline_dag.py
[2026-06-29T14:27:49.145+0000] {processor.py:925} INFO - DAG(s) 'urban_data_pipeline' retrieved from /opt/airflow/dags/urban_data_pipeline_dag.py
[2026-06-29T14:27:49.201+0000] {logging_mixin.py:190} INFO - [2026-06-29T14:27:49.201+0000] {dag.py:3239} INFO - Sync 1 DAGs
[2026-06-29T14:27:49.229+0000] {logging_mixin.py:190} INFO - [2026-06-29T14:27:49.228+0000] {dag.py:4180} INFO - Setting next_dagrun for urban_data_pipeline to 2026-06-01 00:00:00+00:00, run_after=2026-07-01 00:00:00+00:00
[2026-06-29T14:27:49.254+0000] {processor.py:208} INFO - Processing /opt/airflow/dags/urban_data_pipeline_dag.py took 0.240 seconds
[2026-06-29T14:28:19.760+0000] {processor.py:186} INFO - Started process (PID=8596) to work on /opt/airflow/dags/urban_data_pipeline_dag.py
[2026-06-29T14:28:19.762+0000] {processor.py:914} INFO - Processing file /opt/airflow/dags/urban_data_pipeline_dag.py for tasks to queue
[2026-06-29T14:28:19.766+0000] {logging_mixin.py:190} INFO - [2026-06-29T14:28:19.765+0000] {dagbag.py:588} INFO - Filling up the DagBag from /opt/airflow/dags/urban_data_pipeline_dag.py
[2026-06-29T14:28:19.903+0000] {processor.py:925} INFO - DAG(s) 'urban_data_pipeline' retrieved from /opt/airflow/dags/urban_data_pipeline_dag.py
[2026-06-29T14:28:19.950+0000] {logging_mixin.py:190} INFO - [2026-06-29T14:28:19.950+0000] {dag.py:3239} INFO - Sync 1 DAGs
[2026-06-29T14:28:19.976+0000] {logging_mixin.py:190} INFO - [2026-06-29T14:28:19.975+0000] {dag.py:4180} INFO - Setting next_dagrun for urban_data_pipeline to 2026-06-01 00:00:00+00:00, run_after=2026-07-01 00:00:00+00:00
[2026-06-29T14:28:19.998+0000] {processor.py:208} INFO - Processing /opt/airflow/dags/urban_data_pipeline_dag.py took 0.245 seconds
[2026-06-29T14:28:51.108+0000] {processor.py:186} INFO - Started process (PID=8614) to work on /opt/airflow/dags/urban_data_pipeline_dag.py
[2026-06-29T14:28:51.110+0000] {processor.py:914} INFO - Processing file /opt/airflow/dags/urban_data_pipeline_dag.py for tasks to queue
[2026-06-29T14:28:51.114+0000] {logging_mixin.py:190} INFO - [2026-06-29T14:28:51.113+0000] {dagbag.py:588} INFO - Filling up the DagBag from /opt/airflow/dags/urban_data_pipeline_dag.py
[2026-06-29T14:28:51.257+0000] {processor.py:925} INFO - DAG(s) 'urban_data_pipeline' retrieved from /opt/airflow/dags/urban_data_pipeline_dag.py
[2026-06-29T14:28:51.306+0000] {logging_mixin.py:190} INFO - [2026-06-29T14:28:51.305+0000] {dag.py:3239} INFO - Sync 1 DAGs
[2026-06-29T14:28:51.340+0000] {logging_mixin.py:190} INFO - [2026-06-29T14:28:51.339+0000] {dag.py:4180} INFO - Setting next_dagrun for urban_data_pipeline to 2026-06-01 00:00:00+00:00, run_after=2026-07-01 00:00:00+00:00
[2026-06-29T14:28:51.388+0000] {processor.py:208} INFO - Processing /opt/airflow/dags/urban_data_pipeline_dag.py took 0.295 seconds
[2026-06-29T14:35:32.761+0000] {processor.py:186} INFO - Started process (PID=8622) to work on /opt/airflow/dags/urban_data_pipeline_dag.py
[2026-06-29T14:35:32.770+0000] {processor.py:914} INFO - Processing file /opt/airflow/dags/urban_data_pipeline_dag.py for tasks to queue
[2026-06-29T14:35:32.776+0000] {logging_mixin.py:190} INFO - [2026-06-29T14:35:32.775+0000] {dagbag.py:588} INFO - Filling up the DagBag from /opt/airflow/dags/urban_data_pipeline_dag.py
[2026-06-29T14:35:34.224+0000] {processor.py:925} INFO - DAG(s) 'urban_data_pipeline' retrieved from /opt/airflow/dags/urban_data_pipeline_dag.py
[2026-06-29T14:35:34.298+0000] {logging_mixin.py:190} INFO - [2026-06-29T14:35:34.298+0000] {dag.py:3239} INFO - Sync 1 DAGs
[2026-06-29T14:35:34.341+0000] {logging_mixin.py:190} INFO - [2026-06-29T14:35:34.340+0000] {dag.py:4180} INFO - Setting next_dagrun for urban_data_pipeline to 2026-06-01 00:00:00+00:00, run_after=2026-07-01 00:00:00+00:00
[2026-06-29T14:35:34.388+0000] {processor.py:208} INFO - Processing /opt/airflow/dags/urban_data_pipeline_dag.py took 1.634 seconds
[2026-06-29T14:36:04.798+0000] {processor.py:186} INFO - Started process (PID=8642) to work on /opt/airflow/dags/urban_data_pipeline_dag.py
[2026-06-29T14:36:04.800+0000] {processor.py:914} INFO - Processing file /opt/airflow/dags/urban_data_pipeline_dag.py for tasks to queue
[2026-06-29T14:36:04.811+0000] {logging_mixin.py:190} INFO - [2026-06-29T14:36:04.811+0000] {dagbag.py:588} INFO - Filling up the DagBag from /opt/airflow/dags/urban_data_pipeline_dag.py
[2026-06-29T14:36:05.162+0000] {processor.py:925} INFO - DAG(s) 'urban_data_pipeline' retrieved from /opt/airflow/dags/urban_data_pipeline_dag.py
[2026-06-29T14:36:05.237+0000] {logging_mixin.py:190} INFO - [2026-06-29T14:36:05.237+0000] {dag.py:3239} INFO - Sync 1 DAGs
[2026-06-29T14:36:05.275+0000] {logging_mixin.py:190} INFO - [2026-06-29T14:36:05.275+0000] {dag.py:4180} INFO - Setting next_dagrun for urban_data_pipeline to 2026-06-01 00:00:00+00:00, run_after=2026-07-01 00:00:00+00:00
[2026-06-29T14:36:05.314+0000] {processor.py:208} INFO - Processing /opt/airflow/dags/urban_data_pipeline_dag.py took 0.524 seconds
[2026-06-29T14:36:36.213+0000] {processor.py:186} INFO - Started process (PID=8660) to work on /opt/airflow/dags/urban_data_pipeline_dag.py
[2026-06-29T14:36:36.215+0000] {processor.py:914} INFO - Processing file /opt/airflow/dags/urban_data_pipeline_dag.py for tasks to queue
[2026-06-29T14:36:36.219+0000] {logging_mixin.py:190} INFO - [2026-06-29T14:36:36.219+0000] {dagbag.py:588} INFO - Filling up the DagBag from /opt/airflow/dags/urban_data_pipeline_dag.py
[2026-06-29T14:36:36.485+0000] {processor.py:925} INFO - DAG(s) 'urban_data_pipeline' retrieved from /opt/airflow/dags/urban_data_pipeline_dag.py
[2026-06-29T14:36:36.540+0000] {logging_mixin.py:190} INFO - [2026-06-29T14:36:36.540+0000] {dag.py:3239} INFO - Sync 1 DAGs
[2026-06-29T14:36:36.569+0000] {logging_mixin.py:190} INFO - [2026-06-29T14:36:36.569+0000] {dag.py:4180} INFO - Setting next_dagrun for urban_data_pipeline to 2026-06-01 00:00:00+00:00, run_after=2026-07-01 00:00:00+00:00
[2026-06-29T14:36:36.599+0000] {processor.py:208} INFO - Processing /opt/airflow/dags/urban_data_pipeline_dag.py took 0.392 seconds
[2026-06-29T14:37:06.983+0000] {processor.py:186} INFO - Started process (PID=8678) to work on /opt/airflow/dags/urban_data_pipeline_dag.py
[2026-06-29T14:37:06.986+0000] {processor.py:914} INFO - Processing file /opt/airflow/dags/urban_data_pipeline_dag.py for tasks to queue
[2026-06-29T14:37:06.994+0000] {logging_mixin.py:190} INFO - [2026-06-29T14:37:06.993+0000] {dagbag.py:588} INFO - Filling up the DagBag from /opt/airflow/dags/urban_data_pipeline_dag.py
[2026-06-29T14:37:07.429+0000] {processor.py:925} INFO - DAG(s) 'urban_data_pipeline' retrieved from /opt/airflow/dags/urban_data_pipeline_dag.py
[2026-06-29T14:37:07.504+0000] {logging_mixin.py:190} INFO - [2026-06-29T14:37:07.504+0000] {dag.py:3239} INFO - Sync 1 DAGs
[2026-06-29T14:37:07.548+0000] {logging_mixin.py:190} INFO - [2026-06-29T14:37:07.548+0000] {dag.py:4180} INFO - Setting next_dagrun for urban_data_pipeline to 2026-06-01 00:00:00+00:00, run_after=2026-07-01 00:00:00+00:00
[2026-06-29T14:37:07.592+0000] {processor.py:208} INFO - Processing /opt/airflow/dags/urban_data_pipeline_dag.py took 0.635 seconds
[2026-06-29T14:37:37.921+0000] {processor.py:186} INFO - Started process (PID=8696) to work on /opt/airflow/dags/urban_data_pipeline_dag.py
[2026-06-29T14:37:37.923+0000] {processor.py:914} INFO - Processing file /opt/airflow/dags/urban_data_pipeline_dag.py for tasks to queue
[2026-06-29T14:37:37.928+0000] {logging_mixin.py:190} INFO - [2026-06-29T14:37:37.927+0000] {dagbag.py:588} INFO - Filling up the DagBag from /opt/airflow/dags/urban_data_pipeline_dag.py
[2026-06-29T14:37:38.234+0000] {processor.py:925} INFO - DAG(s) 'urban_data_pipeline' retrieved from /opt/airflow/dags/urban_data_pipeline_dag.py
[2026-06-29T14:37:38.320+0000] {logging_mixin.py:190} INFO - [2026-06-29T14:37:38.320+0000] {dag.py:3239} INFO - Sync 1 DAGs
[2026-06-29T14:37:38.364+0000] {logging_mixin.py:190} INFO - [2026-06-29T14:37:38.363+0000] {dag.py:4180} INFO - Setting next_dagrun for urban_data_pipeline to 2026-06-01 00:00:00+00:00, run_after=2026-07-01 00:00:00+00:00
[2026-06-29T14:37:38.406+0000] {processor.py:208} INFO - Processing /opt/airflow/dags/urban_data_pipeline_dag.py took 0.495 seconds
[2026-06-29T14:38:08.871+0000] {processor.py:186} INFO - Started process (PID=8714) to work on /opt/airflow/dags/urban_data_pipeline_dag.py
[2026-06-29T14:38:08.873+0000] {processor.py:914} INFO - Processing file /opt/airflow/dags/urban_data_pipeline_dag.py for tasks to queue
[2026-06-29T14:38:08.878+0000] {logging_mixin.py:190} INFO - [2026-06-29T14:38:08.877+0000] {dagbag.py:588} INFO - Filling up the DagBag from /opt/airflow/dags/urban_data_pipeline_dag.py
[2026-06-29T14:38:09.235+0000] {processor.py:925} INFO - DAG(s) 'urban_data_pipeline' retrieved from /opt/airflow/dags/urban_data_pipeline_dag.py
[2026-06-29T14:38:09.334+0000] {logging_mixin.py:190} INFO - [2026-06-29T14:38:09.333+0000] {dag.py:3239} INFO - Sync 1 DAGs
[2026-06-29T14:38:09.391+0000] {logging_mixin.py:190} INFO - [2026-06-29T14:38:09.391+0000] {dag.py:4180} INFO - Setting next_dagrun for urban_data_pipeline to 2026-06-01 00:00:00+00:00, run_after=2026-07-01 00:00:00+00:00
[2026-06-29T14:38:09.445+0000] {processor.py:208} INFO - Processing /opt/airflow/dags/urban_data_pipeline_dag.py took 0.601 seconds
[2026-06-29T14:38:39.935+0000] {processor.py:186} INFO - Started process (PID=8731) to work on /opt/airflow/dags/urban_data_pipeline_dag.py
[2026-06-29T14:38:39.937+0000] {processor.py:914} INFO - Processing file /opt/airflow/dags/urban_data_pipeline_dag.py for tasks to queue
[2026-06-29T14:38:39.943+0000] {logging_mixin.py:190} INFO - [2026-06-29T14:38:39.942+0000] {dagbag.py:588} INFO - Filling up the DagBag from /opt/airflow/dags/urban_data_pipeline_dag.py
[2026-06-29T14:38:40.273+0000] {processor.py:925} INFO - DAG(s) 'urban_data_pipeline' retrieved from /opt/airflow/dags/urban_data_pipeline_dag.py
[2026-06-29T14:38:40.355+0000] {logging_mixin.py:190} INFO - [2026-06-29T14:38:40.355+0000] {dag.py:3239} INFO - Sync 1 DAGs
[2026-06-29T14:38:40.393+0000] {logging_mixin.py:190} INFO - [2026-06-29T14:38:40.393+0000] {dag.py:4180} INFO - Setting next_dagrun for urban_data_pipeline to 2026-06-01 00:00:00+00:00, run_after=2026-07-01 00:00:00+00:00
[2026-06-29T14:38:40.436+0000] {processor.py:208} INFO - Processing /opt/airflow/dags/urban_data_pipeline_dag.py took 0.515 seconds
[2026-06-29T14:39:10.700+0000] {processor.py:186} INFO - Started process (PID=8742) to work on /opt/airflow/dags/urban_data_pipeline_dag.py
[2026-06-29T14:39:10.702+0000] {processor.py:914} INFO - Processing file /opt/airflow/dags/urban_data_pipeline_dag.py for tasks to queue
[2026-06-29T14:39:10.705+0000] {logging_mixin.py:190} INFO - [2026-06-29T14:39:10.705+0000] {dagbag.py:588} INFO - Filling up the DagBag from /opt/airflow/dags/urban_data_pipeline_dag.py
[2026-06-29T14:39:10.995+0000] {processor.py:925} INFO - DAG(s) 'urban_data_pipeline' retrieved from /opt/airflow/dags/urban_data_pipeline_dag.py
[2026-06-29T14:39:11.076+0000] {logging_mixin.py:190} INFO - [2026-06-29T14:39:11.076+0000] {dag.py:3239} INFO - Sync 1 DAGs
[2026-06-29T14:39:11.121+0000] {logging_mixin.py:190} INFO - [2026-06-29T14:39:11.120+0000] {dag.py:4180} INFO - Setting next_dagrun for urban_data_pipeline to 2026-06-01 00:00:00+00:00, run_after=2026-07-01 00:00:00+00:00
[2026-06-29T14:39:11.153+0000] {processor.py:208} INFO - Processing /opt/airflow/dags/urban_data_pipeline_dag.py took 0.460 seconds
[2026-06-29T14:39:41.998+0000] {processor.py:186} INFO - Started process (PID=8760) to work on /opt/airflow/dags/urban_data_pipeline_dag.py
[2026-06-29T14:39:42.002+0000] {processor.py:914} INFO - Processing file /opt/airflow/dags/urban_data_pipeline_dag.py for tasks to queue
[2026-06-29T14:39:42.008+0000] {logging_mixin.py:190} INFO - [2026-06-29T14:39:42.007+0000] {dagbag.py:588} INFO - Filling up the DagBag from /opt/airflow/dags/urban_data_pipeline_dag.py
[2026-06-29T14:39:42.340+0000] {processor.py:925} INFO - DAG(s) 'urban_data_pipeline' retrieved from /opt/airflow/dags/urban_data_pipeline_dag.py
[2026-06-29T14:39:42.444+0000] {logging_mixin.py:190} INFO - [2026-06-29T14:39:42.443+0000] {dag.py:3239} INFO - Sync 1 DAGs
[2026-06-29T14:39:42.490+0000] {logging_mixin.py:190} INFO - [2026-06-29T14:39:42.489+0000] {dag.py:4180} INFO - Setting next_dagrun for urban_data_pipeline to 2026-06-01 00:00:00+00:00, run_after=2026-07-01 00:00:00+00:00
[2026-06-29T14:39:42.534+0000] {processor.py:208} INFO - Processing /opt/airflow/dags/urban_data_pipeline_dag.py took 0.551 seconds
[2026-06-29T14:40:12.802+0000] {processor.py:186} INFO - Started process (PID=8778) to work on /opt/airflow/dags/urban_data_pipeline_dag.py
[2026-06-29T14:40:12.804+0000] {processor.py:914} INFO - Processing file /opt/airflow/dags/urban_data_pipeline_dag.py for tasks to queue
[2026-06-29T14:40:12.812+0000] {logging_mixin.py:190} INFO - [2026-06-29T14:40:12.810+0000] {dagbag.py:588} INFO - Filling up the DagBag from /opt/airflow/dags/urban_data_pipeline_dag.py
[2026-06-29T14:40:13.413+0000] {processor.py:925} INFO - DAG(s) 'urban_data_pipeline' retrieved from /opt/airflow/dags/urban_data_pipeline_dag.py
[2026-06-29T14:40:13.490+0000] {logging_mixin.py:190} INFO - [2026-06-29T14:40:13.489+0000] {dag.py:3239} INFO - Sync 1 DAGs
[2026-06-29T14:40:13.525+0000] {logging_mixin.py:190} INFO - [2026-06-29T14:40:13.525+0000] {dag.py:4180} INFO - Setting next_dagrun for urban_data_pipeline to 2026-06-01 00:00:00+00:00, run_after=2026-07-01 00:00:00+00:00
[2026-06-29T14:40:13.557+0000] {processor.py:208} INFO - Processing /opt/airflow/dags/urban_data_pipeline_dag.py took 0.774 seconds
[2026-06-29T14:40:43.765+0000] {processor.py:186} INFO - Started process (PID=8796) to work on /opt/airflow/dags/urban_data_pipeline_dag.py
[2026-06-29T14:40:43.768+0000] {processor.py:914} INFO - Processing file /opt/airflow/dags/urban_data_pipeline_dag.py for tasks to queue
[2026-06-29T14:40:43.780+0000] {logging_mixin.py:190} INFO - [2026-06-29T14:40:43.779+0000] {dagbag.py:588} INFO - Filling up the DagBag from /opt/airflow/dags/urban_data_pipeline_dag.py
[2026-06-29T14:40:43.997+0000] {processor.py:925} INFO - DAG(s) 'urban_data_pipeline' retrieved from /opt/airflow/dags/urban_data_pipeline_dag.py
[2026-06-29T14:40:44.085+0000] {logging_mixin.py:190} INFO - [2026-06-29T14:40:44.085+0000] {dag.py:3239} INFO - Sync 1 DAGs
[2026-06-29T14:40:44.128+0000] {logging_mixin.py:190} INFO - [2026-06-29T14:40:44.128+0000] {dag.py:4180} INFO - Setting next_dagrun for urban_data_pipeline to 2026-06-01 00:00:00+00:00, run_after=2026-07-01 00:00:00+00:00
[2026-06-29T14:40:44.171+0000] {processor.py:208} INFO - Processing /opt/airflow/dags/urban_data_pipeline_dag.py took 0.421 seconds
[2026-06-29T14:41:14.680+0000] {processor.py:186} INFO - Started process (PID=8814) to work on /opt/airflow/dags/urban_data_pipeline_dag.py
[2026-06-29T14:41:14.683+0000] {processor.py:914} INFO - Processing file /opt/airflow/dags/urban_data_pipeline_dag.py for tasks to queue
[2026-06-29T14:41:14.694+0000] {logging_mixin.py:190} INFO - [2026-06-29T14:41:14.693+0000] {dagbag.py:588} INFO - Filling up the DagBag from /opt/airflow/dags/urban_data_pipeline_dag.py
[2026-06-29T14:41:15.233+0000] {processor.py:925} INFO - DAG(s) 'urban_data_pipeline' retrieved from /opt/airflow/dags/urban_data_pipeline_dag.py
[2026-06-29T14:41:15.302+0000] {logging_mixin.py:190} INFO - [2026-06-29T14:41:15.302+0000] {dag.py:3239} INFO - Sync 1 DAGs
[2026-06-29T14:41:15.355+0000] {logging_mixin.py:190} INFO - [2026-06-29T14:41:15.354+0000] {dag.py:4180} INFO - Setting next_dagrun for urban_data_pipeline to 2026-06-01 00:00:00+00:00, run_after=2026-07-01 00:00:00+00:00
[2026-06-29T14:41:15.462+0000] {processor.py:208} INFO - Processing /opt/airflow/dags/urban_data_pipeline_dag.py took 0.799 seconds
[2026-06-29T14:41:46.223+0000] {processor.py:186} INFO - Started process (PID=8832) to work on /opt/airflow/dags/urban_data_pipeline_dag.py
[2026-06-29T14:41:46.225+0000] {processor.py:914} INFO - Processing file /opt/airflow/dags/urban_data_pipeline_dag.py for tasks to queue
[2026-06-29T14:41:46.229+0000] {logging_mixin.py:190} INFO - [2026-06-29T14:41:46.228+0000] {dagbag.py:588} INFO - Filling up the DagBag from /opt/airflow/dags/urban_data_pipeline_dag.py
[2026-06-29T14:41:46.679+0000] {processor.py:925} INFO - DAG(s) 'urban_data_pipeline' retrieved from /opt/airflow/dags/urban_data_pipeline_dag.py
[2026-06-29T14:41:46.737+0000] {logging_mixin.py:190} INFO - [2026-06-29T14:41:46.737+0000] {dag.py:3239} INFO - Sync 1 DAGs
[2026-06-29T14:41:46.771+0000] {logging_mixin.py:190} INFO - [2026-06-29T14:41:46.770+0000] {dag.py:4180} INFO - Setting next_dagrun for urban_data_pipeline to 2026-06-01 00:00:00+00:00, run_after=2026-07-01 00:00:00+00:00
[2026-06-29T14:41:46.824+0000] {processor.py:208} INFO - Processing /opt/airflow/dags/urban_data_pipeline_dag.py took 0.612 seconds
[2026-06-29T14:42:17.202+0000] {processor.py:186} INFO - Started process (PID=8849) to work on /opt/airflow/dags/urban_data_pipeline_dag.py
[2026-06-29T14:42:17.205+0000] {processor.py:914} INFO - Processing file /opt/airflow/dags/urban_data_pipeline_dag.py for tasks to queue
[2026-06-29T14:42:17.210+0000] {logging_mixin.py:190} INFO - [2026-06-29T14:42:17.209+0000] {dagbag.py:588} INFO - Filling up the DagBag from /opt/airflow/dags/urban_data_pipeline_dag.py
[2026-06-29T14:42:17.383+0000] {processor.py:925} INFO - DAG(s) 'urban_data_pipeline' retrieved from /opt/airflow/dags/urban_data_pipeline_dag.py
[2026-06-29T14:42:17.444+0000] {logging_mixin.py:190} INFO - [2026-06-29T14:42:17.444+0000] {dag.py:3239} INFO - Sync 1 DAGs
[2026-06-29T14:42:17.475+0000] {logging_mixin.py:190} INFO - [2026-06-29T14:42:17.475+0000] {dag.py:4180} INFO - Setting next_dagrun for urban_data_pipeline to 2026-06-01 00:00:00+00:00, run_after=2026-07-01 00:00:00+00:00
[2026-06-29T14:42:17.503+0000] {processor.py:208} INFO - Processing /opt/airflow/dags/urban_data_pipeline_dag.py took 0.312 seconds
[2026-06-29T14:42:47.810+0000] {processor.py:186} INFO - Started process (PID=8860) to work on /opt/airflow/dags/urban_data_pipeline_dag.py
[2026-06-29T14:42:47.814+0000] {processor.py:914} INFO - Processing file /opt/airflow/dags/urban_data_pipeline_dag.py for tasks to queue
[2026-06-29T14:42:47.824+0000] {logging_mixin.py:190} INFO - [2026-06-29T14:42:47.823+0000] {dagbag.py:588} INFO - Filling up the DagBag from /opt/airflow/dags/urban_data_pipeline_dag.py
[2026-06-29T14:42:48.443+0000] {processor.py:925} INFO - DAG(s) 'urban_data_pipeline' retrieved from /opt/airflow/dags/urban_data_pipeline_dag.py
[2026-06-29T14:42:48.559+0000] {logging_mixin.py:190} INFO - [2026-06-29T14:42:48.559+0000] {dag.py:3239} INFO - Sync 1 DAGs
[2026-06-29T14:42:48.608+0000] {logging_mixin.py:190} INFO - [2026-06-29T14:42:48.607+0000] {dag.py:4180} INFO - Setting next_dagrun for urban_data_pipeline to 2026-06-01 00:00:00+00:00, run_after=2026-07-01 00:00:00+00:00
[2026-06-29T14:42:48.650+0000] {processor.py:208} INFO - Processing /opt/airflow/dags/urban_data_pipeline_dag.py took 0.874 seconds
[2026-06-29T14:43:19.121+0000] {processor.py:186} INFO - Started process (PID=8878) to work on /opt/airflow/dags/urban_data_pipeline_dag.py
[2026-06-29T14:43:19.124+0000] {processor.py:914} INFO - Processing file /opt/airflow/dags/urban_data_pipeline_dag.py for tasks to queue
[2026-06-29T14:43:19.128+0000] {logging_mixin.py:190} INFO - [2026-06-29T14:43:19.128+0000] {dagbag.py:588} INFO - Filling up the DagBag from /opt/airflow/dags/urban_data_pipeline_dag.py
[2026-06-29T14:43:19.402+0000] {processor.py:925} INFO - DAG(s) 'urban_data_pipeline' retrieved from /opt/airflow/dags/urban_data_pipeline_dag.py
[2026-06-29T14:43:19.467+0000] {logging_mixin.py:190} INFO - [2026-06-29T14:43:19.467+0000] {dag.py:3239} INFO - Sync 1 DAGs
[2026-06-29T14:43:19.502+0000] {logging_mixin.py:190} INFO - [2026-06-29T14:43:19.502+0000] {dag.py:4180} INFO - Setting next_dagrun for urban_data_pipeline to 2026-06-01 00:00:00+00:00, run_after=2026-07-01 00:00:00+00:00
[2026-06-29T14:43:19.543+0000] {processor.py:208} INFO - Processing /opt/airflow/dags/urban_data_pipeline_dag.py took 0.432 seconds
[2026-06-29T14:43:49.745+0000] {processor.py:186} INFO - Started process (PID=8896) to work on /opt/airflow/dags/urban_data_pipeline_dag.py
[2026-06-29T14:43:49.751+0000] {processor.py:914} INFO - Processing file /opt/airflow/dags/urban_data_pipeline_dag.py for tasks to queue
[2026-06-29T14:43:49.758+0000] {logging_mixin.py:190} INFO - [2026-06-29T14:43:49.758+0000] {dagbag.py:588} INFO - Filling up the DagBag from /opt/airflow/dags/urban_data_pipeline_dag.py
[2026-06-29T14:43:49.970+0000] {processor.py:925} INFO - DAG(s) 'urban_data_pipeline' retrieved from /opt/airflow/dags/urban_data_pipeline_dag.py
[2026-06-29T14:43:50.041+0000] {logging_mixin.py:190} INFO - [2026-06-29T14:43:50.041+0000] {dag.py:3239} INFO - Sync 1 DAGs
[2026-06-29T14:43:50.073+0000] {logging_mixin.py:190} INFO - [2026-06-29T14:43:50.073+0000] {dag.py:4180} INFO - Setting next_dagrun for urban_data_pipeline to 2026-06-01 00:00:00+00:00, run_after=2026-07-01 00:00:00+00:00
[2026-06-29T14:43:50.111+0000] {processor.py:208} INFO - Processing /opt/airflow/dags/urban_data_pipeline_dag.py took 0.376 seconds
[2026-06-29T14:44:20.231+0000] {processor.py:186} INFO - Started process (PID=8914) to work on /opt/airflow/dags/urban_data_pipeline_dag.py
[2026-06-29T14:44:20.233+0000] {processor.py:914} INFO - Processing file /opt/airflow/dags/urban_data_pipeline_dag.py for tasks to queue
[2026-06-29T14:44:20.237+0000] {logging_mixin.py:190} INFO - [2026-06-29T14:44:20.237+0000] {dagbag.py:588} INFO - Filling up the DagBag from /opt/airflow/dags/urban_data_pipeline_dag.py
[2026-06-29T14:44:20.424+0000] {processor.py:925} INFO - DAG(s) 'urban_data_pipeline' retrieved from /opt/airflow/dags/urban_data_pipeline_dag.py
[2026-06-29T14:44:20.498+0000] {logging_mixin.py:190} INFO - [2026-06-29T14:44:20.497+0000] {dag.py:3239} INFO - Sync 1 DAGs
[2026-06-29T14:44:20.533+0000] {logging_mixin.py:190} INFO - [2026-06-29T14:44:20.532+0000] {dag.py:4180} INFO - Setting next_dagrun for urban_data_pipeline to 2026-06-01 00:00:00+00:00, run_after=2026-07-01 00:00:00+00:00
[2026-06-29T14:44:20.567+0000] {processor.py:208} INFO - Processing /opt/airflow/dags/urban_data_pipeline_dag.py took 0.344 seconds
[2026-06-29T14:44:50.823+0000] {processor.py:186} INFO - Started process (PID=8932) to work on /opt/airflow/dags/urban_data_pipeline_dag.py
[2026-06-29T14:44:50.825+0000] {processor.py:914} INFO - Processing file /opt/airflow/dags/urban_data_pipeline_dag.py for tasks to queue
[2026-06-29T14:44:50.830+0000] {logging_mixin.py:190} INFO - [2026-06-29T14:44:50.829+0000] {dagbag.py:588} INFO - Filling up the DagBag from /opt/airflow/dags/urban_data_pipeline_dag.py
[2026-06-29T14:44:51.340+0000] {processor.py:925} INFO - DAG(s) 'urban_data_pipeline' retrieved from /opt/airflow/dags/urban_data_pipeline_dag.py
[2026-06-29T14:44:51.412+0000] {logging_mixin.py:190} INFO - [2026-06-29T14:44:51.411+0000] {dag.py:3239} INFO - Sync 1 DAGs
[2026-06-29T14:44:51.459+0000] {logging_mixin.py:190} INFO - [2026-06-29T14:44:51.458+0000] {dag.py:4180} INFO - Setting next_dagrun for urban_data_pipeline to 2026-06-01 00:00:00+00:00, run_after=2026-07-01 00:00:00+00:00
[2026-06-29T14:44:51.511+0000] {processor.py:208} INFO - Processing /opt/airflow/dags/urban_data_pipeline_dag.py took 0.699 seconds
[2026-06-29T14:45:21.637+0000] {processor.py:186} INFO - Started process (PID=8949) to work on /opt/airflow/dags/urban_data_pipeline_dag.py
[2026-06-29T14:45:21.640+0000] {processor.py:914} INFO - Processing file /opt/airflow/dags/urban_data_pipeline_dag.py for tasks to queue
[2026-06-29T14:45:21.645+0000] {logging_mixin.py:190} INFO - [2026-06-29T14:45:21.645+0000] {dagbag.py:588} INFO - Filling up the DagBag from /opt/airflow/dags/urban_data_pipeline_dag.py
[2026-06-29T14:45:21.990+0000] {processor.py:925} INFO - DAG(s) 'urban_data_pipeline' retrieved from /opt/airflow/dags/urban_data_pipeline_dag.py
[2026-06-29T14:45:22.060+0000] {logging_mixin.py:190} INFO - [2026-06-29T14:45:22.059+0000] {dag.py:3239} INFO - Sync 1 DAGs
[2026-06-29T14:45:22.098+0000] {logging_mixin.py:190} INFO - [2026-06-29T14:45:22.097+0000] {dag.py:4180} INFO - Setting next_dagrun for urban_data_pipeline to 2026-06-01 00:00:00+00:00, run_after=2026-07-01 00:00:00+00:00
[2026-06-29T14:45:22.134+0000] {processor.py:208} INFO - Processing /opt/airflow/dags/urban_data_pipeline_dag.py took 0.506 seconds
[2026-06-29T14:45:52.525+0000] {processor.py:186} INFO - Started process (PID=8960) to work on /opt/airflow/dags/urban_data_pipeline_dag.py
[2026-06-29T14:45:52.529+0000] {processor.py:914} INFO - Processing file /opt/airflow/dags/urban_data_pipeline_dag.py for tasks to queue
[2026-06-29T14:45:52.539+0000] {logging_mixin.py:190} INFO - [2026-06-29T14:45:52.539+0000] {dagbag.py:588} INFO - Filling up the DagBag from /opt/airflow/dags/urban_data_pipeline_dag.py
[2026-06-29T14:45:53.027+0000] {processor.py:925} INFO - DAG(s) 'urban_data_pipeline' retrieved from /opt/airflow/dags/urban_data_pipeline_dag.py
[2026-06-29T14:45:53.147+0000] {logging_mixin.py:190} INFO - [2026-06-29T14:45:53.146+0000] {dag.py:3239} INFO - Sync 1 DAGs
[2026-06-29T14:45:53.189+0000] {logging_mixin.py:190} INFO - [2026-06-29T14:45:53.189+0000] {dag.py:4180} INFO - Setting next_dagrun for urban_data_pipeline to 2026-06-01 00:00:00+00:00, run_after=2026-07-01 00:00:00+00:00
[2026-06-29T14:45:53.276+0000] {processor.py:208} INFO - Processing /opt/airflow/dags/urban_data_pipeline_dag.py took 0.782 seconds
[2026-06-29T14:46:24.137+0000] {processor.py:186} INFO - Started process (PID=8978) to work on /opt/airflow/dags/urban_data_pipeline_dag.py
[2026-06-29T14:46:24.142+0000] {processor.py:914} INFO - Processing file /opt/airflow/dags/urban_data_pipeline_dag.py for tasks to queue
[2026-06-29T14:46:24.153+0000] {logging_mixin.py:190} INFO - [2026-06-29T14:46:24.152+0000] {dagbag.py:588} INFO - Filling up the DagBag from /opt/airflow/dags/urban_data_pipeline_dag.py
[2026-06-29T14:46:24.787+0000] {processor.py:925} INFO - DAG(s) 'urban_data_pipeline' retrieved from /opt/airflow/dags/urban_data_pipeline_dag.py
[2026-06-29T14:46:24.867+0000] {logging_mixin.py:190} INFO - [2026-06-29T14:46:24.867+0000] {dag.py:3239} INFO - Sync 1 DAGs
[2026-06-29T14:46:24.928+0000] {logging_mixin.py:190} INFO - [2026-06-29T14:46:24.928+0000] {dag.py:4180} INFO - Setting next_dagrun for urban_data_pipeline to 2026-06-01 00:00:00+00:00, run_after=2026-07-01 00:00:00+00:00
[2026-06-29T14:46:25.033+0000] {processor.py:208} INFO - Processing /opt/airflow/dags/urban_data_pipeline_dag.py took 0.931 seconds
[2026-06-29T14:46:55.491+0000] {processor.py:186} INFO - Started process (PID=8996) to work on /opt/airflow/dags/urban_data_pipeline_dag.py
[2026-06-29T14:46:55.495+0000] {processor.py:914} INFO - Processing file /opt/airflow/dags/urban_data_pipeline_dag.py for tasks to queue
[2026-06-29T14:46:55.508+0000] {logging_mixin.py:190} INFO - [2026-06-29T14:46:55.506+0000] {dagbag.py:588} INFO - Filling up the DagBag from /opt/airflow/dags/urban_data_pipeline_dag.py
[2026-06-29T14:46:56.136+0000] {processor.py:925} INFO - DAG(s) 'urban_data_pipeline' retrieved from /opt/airflow/dags/urban_data_pipeline_dag.py
[2026-06-29T14:46:56.268+0000] {logging_mixin.py:190} INFO - [2026-06-29T14:46:56.267+0000] {dag.py:3239} INFO - Sync 1 DAGs
[2026-06-29T14:46:56.330+0000] {logging_mixin.py:190} INFO - [2026-06-29T14:46:56.330+0000] {dag.py:4180} INFO - Setting next_dagrun for urban_data_pipeline to 2026-06-01 00:00:00+00:00, run_after=2026-07-01 00:00:00+00:00
[2026-06-29T14:46:56.382+0000] {processor.py:208} INFO - Processing /opt/airflow/dags/urban_data_pipeline_dag.py took 0.924 seconds
[2026-06-29T14:47:26.769+0000] {processor.py:186} INFO - Started process (PID=9014) to work on /opt/airflow/dags/urban_data_pipeline_dag.py
[2026-06-29T14:47:26.774+0000] {processor.py:914} INFO - Processing file /opt/airflow/dags/urban_data_pipeline_dag.py for tasks to queue
[2026-06-29T14:47:26.792+0000] {logging_mixin.py:190} INFO - [2026-06-29T14:47:26.789+0000] {dagbag.py:588} INFO - Filling up the DagBag from /opt/airflow/dags/urban_data_pipeline_dag.py
[2026-06-29T14:47:27.313+0000] {processor.py:925} INFO - DAG(s) 'urban_data_pipeline' retrieved from /opt/airflow/dags/urban_data_pipeline_dag.py
[2026-06-29T14:47:27.432+0000] {logging_mixin.py:190} INFO - [2026-06-29T14:47:27.431+0000] {dag.py:3239} INFO - Sync 1 DAGs
[2026-06-29T14:47:27.467+0000] {logging_mixin.py:190} INFO - [2026-06-29T14:47:27.466+0000] {dag.py:4180} INFO - Setting next_dagrun for urban_data_pipeline to 2026-06-01 00:00:00+00:00, run_after=2026-07-01 00:00:00+00:00
[2026-06-29T14:47:27.513+0000] {processor.py:208} INFO - Processing /opt/airflow/dags/urban_data_pipeline_dag.py took 0.768 seconds
[2026-06-29T14:47:57.815+0000] {processor.py:186} INFO - Started process (PID=9032) to work on /opt/airflow/dags/urban_data_pipeline_dag.py
[2026-06-29T14:47:57.817+0000] {processor.py:914} INFO - Processing file /opt/airflow/dags/urban_data_pipeline_dag.py for tasks to queue
[2026-06-29T14:47:57.824+0000] {logging_mixin.py:190} INFO - [2026-06-29T14:47:57.823+0000] {dagbag.py:588} INFO - Filling up the DagBag from /opt/airflow/dags/urban_data_pipeline_dag.py
[2026-06-29T14:47:58.124+0000] {processor.py:925} INFO - DAG(s) 'urban_data_pipeline' retrieved from /opt/airflow/dags/urban_data_pipeline_dag.py
[2026-06-29T14:47:58.212+0000] {logging_mixin.py:190} INFO - [2026-06-29T14:47:58.211+0000] {dag.py:3239} INFO - Sync 1 DAGs
[2026-06-29T14:47:58.254+0000] {logging_mixin.py:190} INFO - [2026-06-29T14:47:58.253+0000] {dag.py:4180} INFO - Setting next_dagrun for urban_data_pipeline to 2026-06-01 00:00:00+00:00, run_after=2026-07-01 00:00:00+00:00
[2026-06-29T14:47:58.294+0000] {processor.py:208} INFO - Processing /opt/airflow/dags/urban_data_pipeline_dag.py took 0.489 seconds
[2026-06-29T14:48:29.007+0000] {processor.py:186} INFO - Started process (PID=9049) to work on /opt/airflow/dags/urban_data_pipeline_dag.py
[2026-06-29T14:48:29.009+0000] {processor.py:914} INFO - Processing file /opt/airflow/dags/urban_data_pipeline_dag.py for tasks to queue
[2026-06-29T14:48:29.015+0000] {logging_mixin.py:190} INFO - [2026-06-29T14:48:29.014+0000] {dagbag.py:588} INFO - Filling up the DagBag from /opt/airflow/dags/urban_data_pipeline_dag.py
[2026-06-29T14:48:29.187+0000] {processor.py:925} INFO - DAG(s) 'urban_data_pipeline' retrieved from /opt/airflow/dags/urban_data_pipeline_dag.py
[2026-06-29T14:48:29.267+0000] {logging_mixin.py:190} INFO - [2026-06-29T14:48:29.266+0000] {dag.py:3239} INFO - Sync 1 DAGs
[2026-06-29T14:48:29.328+0000] {logging_mixin.py:190} INFO - [2026-06-29T14:48:29.328+0000] {dag.py:4180} INFO - Setting next_dagrun for urban_data_pipeline to 2026-06-01 00:00:00+00:00, run_after=2026-07-01 00:00:00+00:00
[2026-06-29T14:48:29.377+0000] {processor.py:208} INFO - Processing /opt/airflow/dags/urban_data_pipeline_dag.py took 0.384 seconds
[2026-06-29T14:48:59.993+0000] {processor.py:186} INFO - Started process (PID=9060) to work on /opt/airflow/dags/urban_data_pipeline_dag.py
[2026-06-29T14:48:59.995+0000] {processor.py:914} INFO - Processing file /opt/airflow/dags/urban_data_pipeline_dag.py for tasks to queue
[2026-06-29T14:49:00.003+0000] {logging_mixin.py:190} INFO - [2026-06-29T14:49:00.002+0000] {dagbag.py:588} INFO - Filling up the DagBag from /opt/airflow/dags/urban_data_pipeline_dag.py
[2026-06-29T14:49:00.469+0000] {processor.py:925} INFO - DAG(s) 'urban_data_pipeline' retrieved from /opt/airflow/dags/urban_data_pipeline_dag.py
[2026-06-29T14:49:00.535+0000] {logging_mixin.py:190} INFO - [2026-06-29T14:49:00.535+0000] {dag.py:3239} INFO - Sync 1 DAGs
[2026-06-29T14:49:00.568+0000] {logging_mixin.py:190} INFO - [2026-06-29T14:49:00.568+0000] {dag.py:4180} INFO - Setting next_dagrun for urban_data_pipeline to 2026-06-01 00:00:00+00:00, run_after=2026-07-01 00:00:00+00:00
[2026-06-29T14:49:00.638+0000] {processor.py:208} INFO - Processing /opt/airflow/dags/urban_data_pipeline_dag.py took 0.662 seconds
[2026-06-29T14:49:30.988+0000] {processor.py:186} INFO - Started process (PID=9078) to work on /opt/airflow/dags/urban_data_pipeline_dag.py
[2026-06-29T14:49:30.991+0000] {processor.py:914} INFO - Processing file /opt/airflow/dags/urban_data_pipeline_dag.py for tasks to queue
[2026-06-29T14:49:31.003+0000] {logging_mixin.py:190} INFO - [2026-06-29T14:49:31.002+0000] {dagbag.py:588} INFO - Filling up the DagBag from /opt/airflow/dags/urban_data_pipeline_dag.py
[2026-06-29T14:49:31.420+0000] {processor.py:925} INFO - DAG(s) 'urban_data_pipeline' retrieved from /opt/airflow/dags/urban_data_pipeline_dag.py
[2026-06-29T14:49:31.516+0000] {logging_mixin.py:190} INFO - [2026-06-29T14:49:31.516+0000] {dag.py:3239} INFO - Sync 1 DAGs
[2026-06-29T14:49:31.567+0000] {logging_mixin.py:190} INFO - [2026-06-29T14:49:31.566+0000] {dag.py:4180} INFO - Setting next_dagrun for urban_data_pipeline to 2026-06-01 00:00:00+00:00, run_after=2026-07-01 00:00:00+00:00
[2026-06-29T14:49:31.611+0000] {processor.py:208} INFO - Processing /opt/airflow/dags/urban_data_pipeline_dag.py took 0.643 seconds
[2026-06-29T14:50:01.825+0000] {processor.py:186} INFO - Started process (PID=9096) to work on /opt/airflow/dags/urban_data_pipeline_dag.py
[2026-06-29T14:50:01.827+0000] {processor.py:914} INFO - Processing file /opt/airflow/dags/urban_data_pipeline_dag.py for tasks to queue
[2026-06-29T14:50:01.832+0000] {logging_mixin.py:190} INFO - [2026-06-29T14:50:01.831+0000] {dagbag.py:588} INFO - Filling up the DagBag from /opt/airflow/dags/urban_data_pipeline_dag.py
[2026-06-29T14:50:02.008+0000] {processor.py:925} INFO - DAG(s) 'urban_data_pipeline' retrieved from /opt/airflow/dags/urban_data_pipeline_dag.py
[2026-06-29T14:50:02.072+0000] {logging_mixin.py:190} INFO - [2026-06-29T14:50:02.072+0000] {dag.py:3239} INFO - Sync 1 DAGs
[2026-06-29T14:50:02.115+0000] {logging_mixin.py:190} INFO - [2026-06-29T14:50:02.115+0000] {dag.py:4180} INFO - Setting next_dagrun for urban_data_pipeline to 2026-06-01 00:00:00+00:00, run_after=2026-07-01 00:00:00+00:00
[2026-06-29T14:50:02.157+0000] {processor.py:208} INFO - Processing /opt/airflow/dags/urban_data_pipeline_dag.py took 0.342 seconds
[2026-06-29T14:50:32.449+0000] {processor.py:186} INFO - Started process (PID=9114) to work on /opt/airflow/dags/urban_data_pipeline_dag.py
[2026-06-29T14:50:32.452+0000] {processor.py:914} INFO - Processing file /opt/airflow/dags/urban_data_pipeline_dag.py for tasks to queue
[2026-06-29T14:50:32.458+0000] {logging_mixin.py:190} INFO - [2026-06-29T14:50:32.457+0000] {dagbag.py:588} INFO - Filling up the DagBag from /opt/airflow/dags/urban_data_pipeline_dag.py
[2026-06-29T14:50:32.964+0000] {processor.py:925} INFO - DAG(s) 'urban_data_pipeline' retrieved from /opt/airflow/dags/urban_data_pipeline_dag.py
[2026-06-29T14:50:33.034+0000] {logging_mixin.py:190} INFO - [2026-06-29T14:50:33.033+0000] {dag.py:3239} INFO - Sync 1 DAGs
[2026-06-29T14:50:33.077+0000] {logging_mixin.py:190} INFO - [2026-06-29T14:50:33.077+0000] {dag.py:4180} INFO - Setting next_dagrun for urban_data_pipeline to 2026-06-01 00:00:00+00:00, run_after=2026-07-01 00:00:00+00:00
[2026-06-29T14:50:33.163+0000] {processor.py:208} INFO - Processing /opt/airflow/dags/urban_data_pipeline_dag.py took 0.729 seconds
[2026-06-29T14:51:03.532+0000] {processor.py:186} INFO - Started process (PID=9132) to work on /opt/airflow/dags/urban_data_pipeline_dag.py
[2026-06-29T14:51:03.540+0000] {processor.py:914} INFO - Processing file /opt/airflow/dags/urban_data_pipeline_dag.py for tasks to queue
[2026-06-29T14:51:03.555+0000] {logging_mixin.py:190} INFO - [2026-06-29T14:51:03.554+0000] {dagbag.py:588} INFO - Filling up the DagBag from /opt/airflow/dags/urban_data_pipeline_dag.py
[2026-06-29T14:51:03.956+0000] {processor.py:925} INFO - DAG(s) 'urban_data_pipeline' retrieved from /opt/airflow/dags/urban_data_pipeline_dag.py
[2026-06-29T14:51:04.046+0000] {logging_mixin.py:190} INFO - [2026-06-29T14:51:04.046+0000] {dag.py:3239} INFO - Sync 1 DAGs
[2026-06-29T14:51:04.083+0000] {logging_mixin.py:190} INFO - [2026-06-29T14:51:04.083+0000] {dag.py:4180} INFO - Setting next_dagrun for urban_data_pipeline to 2026-06-01 00:00:00+00:00, run_after=2026-07-01 00:00:00+00:00
[2026-06-29T14:51:04.147+0000] {processor.py:208} INFO - Processing /opt/airflow/dags/urban_data_pipeline_dag.py took 0.633 seconds
[2026-06-29T14:51:34.742+0000] {processor.py:186} INFO - Started process (PID=9149) to work on /opt/airflow/dags/urban_data_pipeline_dag.py
[2026-06-29T14:51:34.773+0000] {processor.py:914} INFO - Processing file /opt/airflow/dags/urban_data_pipeline_dag.py for tasks to queue
[2026-06-29T14:51:34.795+0000] {logging_mixin.py:190} INFO - [2026-06-29T14:51:34.793+0000] {dagbag.py:588} INFO - Filling up the DagBag from /opt/airflow/dags/urban_data_pipeline_dag.py
[2026-06-29T14:51:35.431+0000] {processor.py:925} INFO - DAG(s) 'urban_data_pipeline' retrieved from /opt/airflow/dags/urban_data_pipeline_dag.py
[2026-06-29T14:51:35.560+0000] {logging_mixin.py:190} INFO - [2026-06-29T14:51:35.559+0000] {dag.py:3239} INFO - Sync 1 DAGs
[2026-06-29T14:51:35.655+0000] {logging_mixin.py:190} INFO - [2026-06-29T14:51:35.655+0000] {dag.py:4180} INFO - Setting next_dagrun for urban_data_pipeline to 2026-06-01 00:00:00+00:00, run_after=2026-07-01 00:00:00+00:00
[2026-06-29T14:51:35.710+0000] {processor.py:208} INFO - Processing /opt/airflow/dags/urban_data_pipeline_dag.py took 0.988 seconds
[2026-06-29T14:52:06.136+0000] {processor.py:186} INFO - Started process (PID=9160) to work on /opt/airflow/dags/urban_data_pipeline_dag.py
[2026-06-29T14:52:06.141+0000] {processor.py:914} INFO - Processing file /opt/airflow/dags/urban_data_pipeline_dag.py for tasks to queue
[2026-06-29T14:52:06.154+0000] {logging_mixin.py:190} INFO - [2026-06-29T14:52:06.152+0000] {dagbag.py:588} INFO - Filling up the DagBag from /opt/airflow/dags/urban_data_pipeline_dag.py
[2026-06-29T14:52:06.471+0000] {processor.py:925} INFO - DAG(s) 'urban_data_pipeline' retrieved from /opt/airflow/dags/urban_data_pipeline_dag.py
[2026-06-29T14:52:06.543+0000] {logging_mixin.py:190} INFO - [2026-06-29T14:52:06.543+0000] {dag.py:3239} INFO - Sync 1 DAGs
[2026-06-29T14:52:06.579+0000] {logging_mixin.py:190} INFO - [2026-06-29T14:52:06.579+0000] {dag.py:4180} INFO - Setting next_dagrun for urban_data_pipeline to 2026-06-01 00:00:00+00:00, run_after=2026-07-01 00:00:00+00:00
[2026-06-29T14:52:06.623+0000] {processor.py:208} INFO - Processing /opt/airflow/dags/urban_data_pipeline_dag.py took 0.502 seconds
[2026-06-29T14:52:37.065+0000] {processor.py:186} INFO - Started process (PID=9178) to work on /opt/airflow/dags/urban_data_pipeline_dag.py
[2026-06-29T14:52:37.073+0000] {processor.py:914} INFO - Processing file /opt/airflow/dags/urban_data_pipeline_dag.py for tasks to queue
[2026-06-29T14:52:37.085+0000] {logging_mixin.py:190} INFO - [2026-06-29T14:52:37.083+0000] {dagbag.py:588} INFO - Filling up the DagBag from /opt/airflow/dags/urban_data_pipeline_dag.py
[2026-06-29T14:52:37.434+0000] {processor.py:925} INFO - DAG(s) 'urban_data_pipeline' retrieved from /opt/airflow/dags/urban_data_pipeline_dag.py
[2026-06-29T14:52:37.498+0000] {logging_mixin.py:190} INFO - [2026-06-29T14:52:37.498+0000] {dag.py:3239} INFO - Sync 1 DAGs
[2026-06-29T14:52:37.533+0000] {logging_mixin.py:190} INFO - [2026-06-29T14:52:37.533+0000] {dag.py:4180} INFO - Setting next_dagrun for urban_data_pipeline to 2026-06-01 00:00:00+00:00, run_after=2026-07-01 00:00:00+00:00
[2026-06-29T14:52:37.596+0000] {processor.py:208} INFO - Processing /opt/airflow/dags/urban_data_pipeline_dag.py took 0.550 seconds
[2026-06-29T14:53:08.056+0000] {processor.py:186} INFO - Started process (PID=9196) to work on /opt/airflow/dags/urban_data_pipeline_dag.py
[2026-06-29T14:53:08.059+0000] {processor.py:914} INFO - Processing file /opt/airflow/dags/urban_data_pipeline_dag.py for tasks to queue
[2026-06-29T14:53:08.070+0000] {logging_mixin.py:190} INFO - [2026-06-29T14:53:08.069+0000] {dagbag.py:588} INFO - Filling up the DagBag from /opt/airflow/dags/urban_data_pipeline_dag.py
[2026-06-29T14:53:08.458+0000] {processor.py:925} INFO - DAG(s) 'urban_data_pipeline' retrieved from /opt/airflow/dags/urban_data_pipeline_dag.py
[2026-06-29T14:53:08.533+0000] {logging_mixin.py:190} INFO - [2026-06-29T14:53:08.533+0000] {dag.py:3239} INFO - Sync 1 DAGs
[2026-06-29T14:53:08.571+0000] {logging_mixin.py:190} INFO - [2026-06-29T14:53:08.570+0000] {dag.py:4180} INFO - Setting next_dagrun for urban_data_pipeline to 2026-06-01 00:00:00+00:00, run_after=2026-07-01 00:00:00+00:00
[2026-06-29T14:53:08.627+0000] {processor.py:208} INFO - Processing /opt/airflow/dags/urban_data_pipeline_dag.py took 0.585 seconds
[2026-06-29T14:53:39.675+0000] {processor.py:186} INFO - Started process (PID=9214) to work on /opt/airflow/dags/urban_data_pipeline_dag.py
[2026-06-29T14:53:39.678+0000] {processor.py:914} INFO - Processing file /opt/airflow/dags/urban_data_pipeline_dag.py for tasks to queue
[2026-06-29T14:53:39.685+0000] {logging_mixin.py:190} INFO - [2026-06-29T14:53:39.684+0000] {dagbag.py:588} INFO - Filling up the DagBag from /opt/airflow/dags/urban_data_pipeline_dag.py
[2026-06-29T14:53:39.918+0000] {processor.py:925} INFO - DAG(s) 'urban_data_pipeline' retrieved from /opt/airflow/dags/urban_data_pipeline_dag.py
[2026-06-29T14:53:39.995+0000] {logging_mixin.py:190} INFO - [2026-06-29T14:53:39.994+0000] {dag.py:3239} INFO - Sync 1 DAGs
[2026-06-29T14:53:40.038+0000] {logging_mixin.py:190} INFO - [2026-06-29T14:53:40.038+0000] {dag.py:4180} INFO - Setting next_dagrun for urban_data_pipeline to 2026-06-01 00:00:00+00:00, run_after=2026-07-01 00:00:00+00:00
[2026-06-29T14:53:40.078+0000] {processor.py:208} INFO - Processing /opt/airflow/dags/urban_data_pipeline_dag.py took 0.413 seconds
[2026-06-29T14:54:10.456+0000] {processor.py:186} INFO - Started process (PID=9232) to work on /opt/airflow/dags/urban_data_pipeline_dag.py
[2026-06-29T14:54:10.459+0000] {processor.py:914} INFO - Processing file /opt/airflow/dags/urban_data_pipeline_dag.py for tasks to queue
[2026-06-29T14:54:10.467+0000] {logging_mixin.py:190} INFO - [2026-06-29T14:54:10.466+0000] {dagbag.py:588} INFO - Filling up the DagBag from /opt/airflow/dags/urban_data_pipeline_dag.py
[2026-06-29T14:54:10.992+0000] {processor.py:925} INFO - DAG(s) 'urban_data_pipeline' retrieved from /opt/airflow/dags/urban_data_pipeline_dag.py
[2026-06-29T14:54:11.108+0000] {logging_mixin.py:190} INFO - [2026-06-29T14:54:11.108+0000] {dag.py:3239} INFO - Sync 1 DAGs
[2026-06-29T14:54:11.138+0000] {logging_mixin.py:190} INFO - [2026-06-29T14:54:11.138+0000] {dag.py:4180} INFO - Setting next_dagrun for urban_data_pipeline to 2026-06-01 00:00:00+00:00, run_after=2026-07-01 00:00:00+00:00
[2026-06-29T14:54:11.186+0000] {processor.py:208} INFO - Processing /opt/airflow/dags/urban_data_pipeline_dag.py took 0.750 seconds
[2026-06-29T14:54:41.438+0000] {processor.py:186} INFO - Started process (PID=9249) to work on /opt/airflow/dags/urban_data_pipeline_dag.py
[2026-06-29T14:54:41.441+0000] {processor.py:914} INFO - Processing file /opt/airflow/dags/urban_data_pipeline_dag.py for tasks to queue
[2026-06-29T14:54:41.451+0000] {logging_mixin.py:190} INFO - [2026-06-29T14:54:41.450+0000] {dagbag.py:588} INFO - Filling up the DagBag from /opt/airflow/dags/urban_data_pipeline_dag.py
[2026-06-29T14:54:41.772+0000] {processor.py:925} INFO - DAG(s) 'urban_data_pipeline' retrieved from /opt/airflow/dags/urban_data_pipeline_dag.py
[2026-06-29T14:54:41.884+0000] {logging_mixin.py:190} INFO - [2026-06-29T14:54:41.884+0000] {dag.py:3239} INFO - Sync 1 DAGs
[2026-06-29T14:54:41.922+0000] {logging_mixin.py:190} INFO - [2026-06-29T14:54:41.922+0000] {dag.py:4180} INFO - Setting next_dagrun for urban_data_pipeline to 2026-06-01 00:00:00+00:00, run_after=2026-07-01 00:00:00+00:00
[2026-06-29T14:54:41.957+0000] {processor.py:208} INFO - Processing /opt/airflow/dags/urban_data_pipeline_dag.py took 0.533 seconds
[2026-06-29T14:55:12.159+0000] {processor.py:186} INFO - Started process (PID=9260) to work on /opt/airflow/dags/urban_data_pipeline_dag.py
[2026-06-29T14:55:12.165+0000] {processor.py:914} INFO - Processing file /opt/airflow/dags/urban_data_pipeline_dag.py for tasks to queue
[2026-06-29T14:55:12.172+0000] {logging_mixin.py:190} INFO - [2026-06-29T14:55:12.170+0000] {dagbag.py:588} INFO - Filling up the DagBag from /opt/airflow/dags/urban_data_pipeline_dag.py
[2026-06-29T14:55:12.653+0000] {processor.py:925} INFO - DAG(s) 'urban_data_pipeline' retrieved from /opt/airflow/dags/urban_data_pipeline_dag.py
[2026-06-29T14:55:12.744+0000] {logging_mixin.py:190} INFO - [2026-06-29T14:55:12.743+0000] {dag.py:3239} INFO - Sync 1 DAGs
[2026-06-29T14:55:12.793+0000] {logging_mixin.py:190} INFO - [2026-06-29T14:55:12.792+0000] {dag.py:4180} INFO - Setting next_dagrun for urban_data_pipeline to 2026-06-01 00:00:00+00:00, run_after=2026-07-01 00:00:00+00:00
[2026-06-29T14:55:12.830+0000] {processor.py:208} INFO - Processing /opt/airflow/dags/urban_data_pipeline_dag.py took 0.684 seconds
[2026-06-29T14:55:43.139+0000] {processor.py:186} INFO - Started process (PID=9278) to work on /opt/airflow/dags/urban_data_pipeline_dag.py
[2026-06-29T14:55:43.143+0000] {processor.py:914} INFO - Processing file /opt/airflow/dags/urban_data_pipeline_dag.py for tasks to queue
[2026-06-29T14:55:43.152+0000] {logging_mixin.py:190} INFO - [2026-06-29T14:55:43.151+0000] {dagbag.py:588} INFO - Filling up the DagBag from /opt/airflow/dags/urban_data_pipeline_dag.py
[2026-06-29T14:55:43.597+0000] {processor.py:925} INFO - DAG(s) 'urban_data_pipeline' retrieved from /opt/airflow/dags/urban_data_pipeline_dag.py
[2026-06-29T14:55:43.688+0000] {logging_mixin.py:190} INFO - [2026-06-29T14:55:43.688+0000] {dag.py:3239} INFO - Sync 1 DAGs
[2026-06-29T14:55:43.747+0000] {logging_mixin.py:190} INFO - [2026-06-29T14:55:43.746+0000] {dag.py:4180} INFO - Setting next_dagrun for urban_data_pipeline to 2026-06-01 00:00:00+00:00, run_after=2026-07-01 00:00:00+00:00
[2026-06-29T14:55:43.807+0000] {processor.py:208} INFO - Processing /opt/airflow/dags/urban_data_pipeline_dag.py took 0.687 seconds
[2026-06-29T14:56:14.324+0000] {processor.py:186} INFO - Started process (PID=9296) to work on /opt/airflow/dags/urban_data_pipeline_dag.py
[2026-06-29T14:56:14.326+0000] {processor.py:914} INFO - Processing file /opt/airflow/dags/urban_data_pipeline_dag.py for tasks to queue
[2026-06-29T14:56:14.329+0000] {logging_mixin.py:190} INFO - [2026-06-29T14:56:14.329+0000] {dagbag.py:588} INFO - Filling up the DagBag from /opt/airflow/dags/urban_data_pipeline_dag.py
[2026-06-29T14:56:14.687+0000] {processor.py:925} INFO - DAG(s) 'urban_data_pipeline' retrieved from /opt/airflow/dags/urban_data_pipeline_dag.py
[2026-06-29T14:56:14.814+0000] {logging_mixin.py:190} INFO - [2026-06-29T14:56:14.814+0000] {dag.py:3239} INFO - Sync 1 DAGs
[2026-06-29T14:56:14.879+0000] {logging_mixin.py:190} INFO - [2026-06-29T14:56:14.878+0000] {dag.py:4180} INFO - Setting next_dagrun for urban_data_pipeline to 2026-06-01 00:00:00+00:00, run_after=2026-07-01 00:00:00+00:00
[2026-06-29T14:56:14.918+0000] {processor.py:208} INFO - Processing /opt/airflow/dags/urban_data_pipeline_dag.py took 0.600 seconds
[2026-06-29T14:56:45.352+0000] {processor.py:186} INFO - Started process (PID=9315) to work on /opt/airflow/dags/urban_data_pipeline_dag.py
[2026-06-29T14:56:45.360+0000] {processor.py:914} INFO - Processing file /opt/airflow/dags/urban_data_pipeline_dag.py for tasks to queue
[2026-06-29T14:56:45.377+0000] {logging_mixin.py:190} INFO - [2026-06-29T14:56:45.375+0000] {dagbag.py:588} INFO - Filling up the DagBag from /opt/airflow/dags/urban_data_pipeline_dag.py
[2026-06-29T14:56:45.774+0000] {processor.py:925} INFO - DAG(s) 'urban_data_pipeline' retrieved from /opt/airflow/dags/urban_data_pipeline_dag.py
[2026-06-29T14:56:45.855+0000] {logging_mixin.py:190} INFO - [2026-06-29T14:56:45.854+0000] {dag.py:3239} INFO - Sync 1 DAGs
[2026-06-29T14:56:45.896+0000] {logging_mixin.py:190} INFO - [2026-06-29T14:56:45.896+0000] {dag.py:4180} INFO - Setting next_dagrun for urban_data_pipeline to 2026-06-01 00:00:00+00:00, run_after=2026-07-01 00:00:00+00:00
[2026-06-29T14:56:45.940+0000] {processor.py:208} INFO - Processing /opt/airflow/dags/urban_data_pipeline_dag.py took 0.629 seconds
[2026-06-29T16:23:10.468+0000] {processor.py:186} INFO - Started process (PID=9332) to work on /opt/airflow/dags/urban_data_pipeline_dag.py
[2026-06-29T16:23:10.505+0000] {processor.py:914} INFO - Processing file /opt/airflow/dags/urban_data_pipeline_dag.py for tasks to queue
[2026-06-29T16:23:10.526+0000] {logging_mixin.py:190} INFO - [2026-06-29T16:23:10.525+0000] {dagbag.py:588} INFO - Filling up the DagBag from /opt/airflow/dags/urban_data_pipeline_dag.py
[2026-06-29T16:23:13.401+0000] {processor.py:925} INFO - DAG(s) 'urban_data_pipeline' retrieved from /opt/airflow/dags/urban_data_pipeline_dag.py
[2026-06-29T16:23:13.493+0000] {logging_mixin.py:190} INFO - [2026-06-29T16:23:13.493+0000] {dag.py:3239} INFO - Sync 1 DAGs
[2026-06-29T16:23:13.538+0000] {logging_mixin.py:190} INFO - [2026-06-29T16:23:13.537+0000] {dag.py:4180} INFO - Setting next_dagrun for urban_data_pipeline to 2026-06-01 00:00:00+00:00, run_after=2026-07-01 00:00:00+00:00
[2026-06-29T16:23:13.586+0000] {processor.py:208} INFO - Processing /opt/airflow/dags/urban_data_pipeline_dag.py took 3.128 seconds
[2026-06-29T16:23:43.697+0000] {processor.py:186} INFO - Started process (PID=9351) to work on /opt/airflow/dags/urban_data_pipeline_dag.py
[2026-06-29T16:23:43.699+0000] {processor.py:914} INFO - Processing file /opt/airflow/dags/urban_data_pipeline_dag.py for tasks to queue
[2026-06-29T16:23:43.705+0000] {logging_mixin.py:190} INFO - [2026-06-29T16:23:43.704+0000] {dagbag.py:588} INFO - Filling up the DagBag from /opt/airflow/dags/urban_data_pipeline_dag.py
[2026-06-29T16:23:43.862+0000] {processor.py:925} INFO - DAG(s) 'urban_data_pipeline' retrieved from /opt/airflow/dags/urban_data_pipeline_dag.py
[2026-06-29T16:23:43.915+0000] {logging_mixin.py:190} INFO - [2026-06-29T16:23:43.915+0000] {dag.py:3239} INFO - Sync 1 DAGs
[2026-06-29T16:23:43.939+0000] {logging_mixin.py:190} INFO - [2026-06-29T16:23:43.938+0000] {dag.py:4180} INFO - Setting next_dagrun for urban_data_pipeline to 2026-06-01 00:00:00+00:00, run_after=2026-07-01 00:00:00+00:00
[2026-06-29T16:23:43.961+0000] {processor.py:208} INFO - Processing /opt/airflow/dags/urban_data_pipeline_dag.py took 0.275 seconds
[2026-06-29T16:24:14.399+0000] {processor.py:186} INFO - Started process (PID=9368) to work on /opt/airflow/dags/urban_data_pipeline_dag.py
[2026-06-29T16:24:14.401+0000] {processor.py:914} INFO - Processing file /opt/airflow/dags/urban_data_pipeline_dag.py for tasks to queue
[2026-06-29T16:24:14.405+0000] {logging_mixin.py:190} INFO - [2026-06-29T16:24:14.404+0000] {dagbag.py:588} INFO - Filling up the DagBag from /opt/airflow/dags/urban_data_pipeline_dag.py
[2026-06-29T16:24:14.692+0000] {processor.py:925} INFO - DAG(s) 'urban_data_pipeline' retrieved from /opt/airflow/dags/urban_data_pipeline_dag.py
[2026-06-29T16:24:14.752+0000] {logging_mixin.py:190} INFO - [2026-06-29T16:24:14.752+0000] {dag.py:3239} INFO - Sync 1 DAGs
[2026-06-29T16:24:14.785+0000] {logging_mixin.py:190} INFO - [2026-06-29T16:24:14.785+0000] {dag.py:4180} INFO - Setting next_dagrun for urban_data_pipeline to 2026-06-01 00:00:00+00:00, run_after=2026-07-01 00:00:00+00:00
[2026-06-29T16:24:14.820+0000] {processor.py:208} INFO - Processing /opt/airflow/dags/urban_data_pipeline_dag.py took 0.427 seconds
[2026-06-29T16:24:45.242+0000] {processor.py:186} INFO - Started process (PID=9379) to work on /opt/airflow/dags/urban_data_pipeline_dag.py
[2026-06-29T16:24:45.246+0000] {processor.py:914} INFO - Processing file /opt/airflow/dags/urban_data_pipeline_dag.py for tasks to queue
[2026-06-29T16:24:45.254+0000] {logging_mixin.py:190} INFO - [2026-06-29T16:24:45.253+0000] {dagbag.py:588} INFO - Filling up the DagBag from /opt/airflow/dags/urban_data_pipeline_dag.py
[2026-06-29T16:24:45.770+0000] {processor.py:925} INFO - DAG(s) 'urban_data_pipeline' retrieved from /opt/airflow/dags/urban_data_pipeline_dag.py
[2026-06-29T16:24:45.834+0000] {logging_mixin.py:190} INFO - [2026-06-29T16:24:45.834+0000] {dag.py:3239} INFO - Sync 1 DAGs
[2026-06-29T16:24:45.872+0000] {logging_mixin.py:190} INFO - [2026-06-29T16:24:45.871+0000] {dag.py:4180} INFO - Setting next_dagrun for urban_data_pipeline to 2026-06-01 00:00:00+00:00, run_after=2026-07-01 00:00:00+00:00
[2026-06-29T16:24:45.920+0000] {processor.py:208} INFO - Processing /opt/airflow/dags/urban_data_pipeline_dag.py took 0.694 seconds
[2026-06-29T16:25:16.401+0000] {processor.py:186} INFO - Started process (PID=9397) to work on /opt/airflow/dags/urban_data_pipeline_dag.py
[2026-06-29T16:25:16.404+0000] {processor.py:914} INFO - Processing file /opt/airflow/dags/urban_data_pipeline_dag.py for tasks to queue
[2026-06-29T16:25:16.419+0000] {logging_mixin.py:190} INFO - [2026-06-29T16:25:16.418+0000] {dagbag.py:588} INFO - Filling up the DagBag from /opt/airflow/dags/urban_data_pipeline_dag.py
[2026-06-29T16:25:16.926+0000] {processor.py:925} INFO - DAG(s) 'urban_data_pipeline' retrieved from /opt/airflow/dags/urban_data_pipeline_dag.py
[2026-06-29T16:25:17.034+0000] {logging_mixin.py:190} INFO - [2026-06-29T16:25:17.033+0000] {dag.py:3239} INFO - Sync 1 DAGs
[2026-06-29T16:25:17.075+0000] {logging_mixin.py:190} INFO - [2026-06-29T16:25:17.074+0000] {dag.py:4180} INFO - Setting next_dagrun for urban_data_pipeline to 2026-06-01 00:00:00+00:00, run_after=2026-07-01 00:00:00+00:00
[2026-06-29T16:25:17.120+0000] {processor.py:208} INFO - Processing /opt/airflow/dags/urban_data_pipeline_dag.py took 0.743 seconds
[2026-06-29T16:25:47.655+0000] {processor.py:186} INFO - Started process (PID=9415) to work on /opt/airflow/dags/urban_data_pipeline_dag.py
[2026-06-29T16:25:47.658+0000] {processor.py:914} INFO - Processing file /opt/airflow/dags/urban_data_pipeline_dag.py for tasks to queue
[2026-06-29T16:25:47.665+0000] {logging_mixin.py:190} INFO - [2026-06-29T16:25:47.664+0000] {dagbag.py:588} INFO - Filling up the DagBag from /opt/airflow/dags/urban_data_pipeline_dag.py
[2026-06-29T16:25:48.218+0000] {processor.py:925} INFO - DAG(s) 'urban_data_pipeline' retrieved from /opt/airflow/dags/urban_data_pipeline_dag.py
[2026-06-29T16:25:48.297+0000] {logging_mixin.py:190} INFO - [2026-06-29T16:25:48.297+0000] {dag.py:3239} INFO - Sync 1 DAGs
[2026-06-29T16:25:48.394+0000] {logging_mixin.py:190} INFO - [2026-06-29T16:25:48.393+0000] {dag.py:4180} INFO - Setting next_dagrun for urban_data_pipeline to 2026-06-01 00:00:00+00:00, run_after=2026-07-01 00:00:00+00:00
[2026-06-29T16:25:48.505+0000] {processor.py:208} INFO - Processing /opt/airflow/dags/urban_data_pipeline_dag.py took 0.863 seconds
[2026-06-29T16:26:18.808+0000] {processor.py:186} INFO - Started process (PID=9433) to work on /opt/airflow/dags/urban_data_pipeline_dag.py
[2026-06-29T16:26:18.812+0000] {processor.py:914} INFO - Processing file /opt/airflow/dags/urban_data_pipeline_dag.py for tasks to queue
[2026-06-29T16:26:18.820+0000] {logging_mixin.py:190} INFO - [2026-06-29T16:26:18.819+0000] {dagbag.py:588} INFO - Filling up the DagBag from /opt/airflow/dags/urban_data_pipeline_dag.py
[2026-06-29T16:26:19.055+0000] {processor.py:925} INFO - DAG(s) 'urban_data_pipeline' retrieved from /opt/airflow/dags/urban_data_pipeline_dag.py
[2026-06-29T16:26:19.123+0000] {logging_mixin.py:190} INFO - [2026-06-29T16:26:19.122+0000] {dag.py:3239} INFO - Sync 1 DAGs
[2026-06-29T16:26:19.161+0000] {logging_mixin.py:190} INFO - [2026-06-29T16:26:19.160+0000] {dag.py:4180} INFO - Setting next_dagrun for urban_data_pipeline to 2026-06-01 00:00:00+00:00, run_after=2026-07-01 00:00:00+00:00
[2026-06-29T16:26:19.199+0000] {processor.py:208} INFO - Processing /opt/airflow/dags/urban_data_pipeline_dag.py took 0.409 seconds
[2026-06-29T16:26:49.670+0000] {processor.py:186} INFO - Started process (PID=9451) to work on /opt/airflow/dags/urban_data_pipeline_dag.py
[2026-06-29T16:26:49.673+0000] {processor.py:914} INFO - Processing file /opt/airflow/dags/urban_data_pipeline_dag.py for tasks to queue
[2026-06-29T16:26:49.688+0000] {logging_mixin.py:190} INFO - [2026-06-29T16:26:49.686+0000] {dagbag.py:588} INFO - Filling up the DagBag from /opt/airflow/dags/urban_data_pipeline_dag.py
[2026-06-29T16:26:50.053+0000] {processor.py:925} INFO - DAG(s) 'urban_data_pipeline' retrieved from /opt/airflow/dags/urban_data_pipeline_dag.py
[2026-06-29T16:26:50.192+0000] {logging_mixin.py:190} INFO - [2026-06-29T16:26:50.191+0000] {dag.py:3239} INFO - Sync 1 DAGs
[2026-06-29T16:26:50.263+0000] {logging_mixin.py:190} INFO - [2026-06-29T16:26:50.262+0000] {dag.py:4180} INFO - Setting next_dagrun for urban_data_pipeline to 2026-06-01 00:00:00+00:00, run_after=2026-07-01 00:00:00+00:00
[2026-06-29T16:26:50.328+0000] {processor.py:208} INFO - Processing /opt/airflow/dags/urban_data_pipeline_dag.py took 0.672 seconds
[2026-06-29T16:27:20.638+0000] {processor.py:186} INFO - Started process (PID=9469) to work on /opt/airflow/dags/urban_data_pipeline_dag.py
[2026-06-29T16:27:20.641+0000] {processor.py:914} INFO - Processing file /opt/airflow/dags/urban_data_pipeline_dag.py for tasks to queue
[2026-06-29T16:27:20.649+0000] {logging_mixin.py:190} INFO - [2026-06-29T16:27:20.647+0000] {dagbag.py:588} INFO - Filling up the DagBag from /opt/airflow/dags/urban_data_pipeline_dag.py
[2026-06-29T16:27:21.133+0000] {processor.py:925} INFO - DAG(s) 'urban_data_pipeline' retrieved from /opt/airflow/dags/urban_data_pipeline_dag.py
[2026-06-29T16:27:21.203+0000] {logging_mixin.py:190} INFO - [2026-06-29T16:27:21.202+0000] {dag.py:3239} INFO - Sync 1 DAGs
[2026-06-29T16:27:21.243+0000] {logging_mixin.py:190} INFO - [2026-06-29T16:27:21.243+0000] {dag.py:4180} INFO - Setting next_dagrun for urban_data_pipeline to 2026-06-01 00:00:00+00:00, run_after=2026-07-01 00:00:00+00:00
[2026-06-29T16:27:21.271+0000] {processor.py:208} INFO - Processing /opt/airflow/dags/urban_data_pipeline_dag.py took 0.661 seconds
[2026-06-29T16:27:51.513+0000] {processor.py:186} INFO - Started process (PID=9486) to work on /opt/airflow/dags/urban_data_pipeline_dag.py
[2026-06-29T16:27:51.515+0000] {processor.py:914} INFO - Processing file /opt/airflow/dags/urban_data_pipeline_dag.py for tasks to queue
[2026-06-29T16:27:51.524+0000] {logging_mixin.py:190} INFO - [2026-06-29T16:27:51.523+0000] {dagbag.py:588} INFO - Filling up the DagBag from /opt/airflow/dags/urban_data_pipeline_dag.py
[2026-06-29T16:27:51.795+0000] {processor.py:925} INFO - DAG(s) 'urban_data_pipeline' retrieved from /opt/airflow/dags/urban_data_pipeline_dag.py
[2026-06-29T16:27:51.874+0000] {logging_mixin.py:190} INFO - [2026-06-29T16:27:51.873+0000] {dag.py:3239} INFO - Sync 1 DAGs
[2026-06-29T16:27:51.908+0000] {logging_mixin.py:190} INFO - [2026-06-29T16:27:51.908+0000] {dag.py:4180} INFO - Setting next_dagrun for urban_data_pipeline to 2026-06-01 00:00:00+00:00, run_after=2026-07-01 00:00:00+00:00
[2026-06-29T16:27:51.936+0000] {processor.py:208} INFO - Processing /opt/airflow/dags/urban_data_pipeline_dag.py took 0.444 seconds
[2026-06-29T16:28:22.379+0000] {processor.py:186} INFO - Started process (PID=9497) to work on /opt/airflow/dags/urban_data_pipeline_dag.py
[2026-06-29T16:28:22.384+0000] {processor.py:914} INFO - Processing file /opt/airflow/dags/urban_data_pipeline_dag.py for tasks to queue
[2026-06-29T16:28:22.390+0000] {logging_mixin.py:190} INFO - [2026-06-29T16:28:22.389+0000] {dagbag.py:588} INFO - Filling up the DagBag from /opt/airflow/dags/urban_data_pipeline_dag.py
[2026-06-29T16:28:22.832+0000] {processor.py:925} INFO - DAG(s) 'urban_data_pipeline' retrieved from /opt/airflow/dags/urban_data_pipeline_dag.py
[2026-06-29T16:28:22.916+0000] {logging_mixin.py:190} INFO - [2026-06-29T16:28:22.916+0000] {dag.py:3239} INFO - Sync 1 DAGs
[2026-06-29T16:28:22.964+0000] {logging_mixin.py:190} INFO - [2026-06-29T16:28:22.963+0000] {dag.py:4180} INFO - Setting next_dagrun for urban_data_pipeline to 2026-06-01 00:00:00+00:00, run_after=2026-07-01 00:00:00+00:00
[2026-06-29T16:28:23.015+0000] {processor.py:208} INFO - Processing /opt/airflow/dags/urban_data_pipeline_dag.py took 0.658 seconds
[2026-06-29T16:28:53.380+0000] {processor.py:186} INFO - Started process (PID=9515) to work on /opt/airflow/dags/urban_data_pipeline_dag.py
[2026-06-29T16:28:53.382+0000] {processor.py:914} INFO - Processing file /opt/airflow/dags/urban_data_pipeline_dag.py for tasks to queue
[2026-06-29T16:28:53.388+0000] {logging_mixin.py:190} INFO - [2026-06-29T16:28:53.387+0000] {dagbag.py:588} INFO - Filling up the DagBag from /opt/airflow/dags/urban_data_pipeline_dag.py
[2026-06-29T16:28:53.654+0000] {processor.py:925} INFO - DAG(s) 'urban_data_pipeline' retrieved from /opt/airflow/dags/urban_data_pipeline_dag.py
[2026-06-29T16:28:53.746+0000] {logging_mixin.py:190} INFO - [2026-06-29T16:28:53.746+0000] {dag.py:3239} INFO - Sync 1 DAGs
[2026-06-29T16:28:53.793+0000] {logging_mixin.py:190} INFO - [2026-06-29T16:28:53.793+0000] {dag.py:4180} INFO - Setting next_dagrun for urban_data_pipeline to 2026-06-01 00:00:00+00:00, run_after=2026-07-01 00:00:00+00:00
[2026-06-29T16:28:53.842+0000] {processor.py:208} INFO - Processing /opt/airflow/dags/urban_data_pipeline_dag.py took 0.482 seconds
[2026-06-29T16:29:24.403+0000] {processor.py:186} INFO - Started process (PID=9533) to work on /opt/airflow/dags/urban_data_pipeline_dag.py
[2026-06-29T16:29:24.411+0000] {processor.py:914} INFO - Processing file /opt/airflow/dags/urban_data_pipeline_dag.py for tasks to queue
[2026-06-29T16:29:24.427+0000] {logging_mixin.py:190} INFO - [2026-06-29T16:29:24.425+0000] {dagbag.py:588} INFO - Filling up the DagBag from /opt/airflow/dags/urban_data_pipeline_dag.py
[2026-06-29T16:29:24.831+0000] {processor.py:925} INFO - DAG(s) 'urban_data_pipeline' retrieved from /opt/airflow/dags/urban_data_pipeline_dag.py
[2026-06-29T16:29:24.923+0000] {logging_mixin.py:190} INFO - [2026-06-29T16:29:24.922+0000] {dag.py:3239} INFO - Sync 1 DAGs
[2026-06-29T16:29:24.983+0000] {logging_mixin.py:190} INFO - [2026-06-29T16:29:24.982+0000] {dag.py:4180} INFO - Setting next_dagrun for urban_data_pipeline to 2026-06-01 00:00:00+00:00, run_after=2026-07-01 00:00:00+00:00
[2026-06-29T16:29:25.029+0000] {processor.py:208} INFO - Processing /opt/airflow/dags/urban_data_pipeline_dag.py took 0.669 seconds
[2026-06-29T16:29:55.902+0000] {processor.py:186} INFO - Started process (PID=9551) to work on /opt/airflow/dags/urban_data_pipeline_dag.py
[2026-06-29T16:29:55.909+0000] {processor.py:914} INFO - Processing file /opt/airflow/dags/urban_data_pipeline_dag.py for tasks to queue
[2026-06-29T16:29:55.926+0000] {logging_mixin.py:190} INFO - [2026-06-29T16:29:55.925+0000] {dagbag.py:588} INFO - Filling up the DagBag from /opt/airflow/dags/urban_data_pipeline_dag.py
[2026-06-29T16:29:57.226+0000] {processor.py:925} INFO - DAG(s) 'urban_data_pipeline' retrieved from /opt/airflow/dags/urban_data_pipeline_dag.py
[2026-06-29T16:29:57.310+0000] {logging_mixin.py:190} INFO - [2026-06-29T16:29:57.309+0000] {dag.py:3239} INFO - Sync 1 DAGs
[2026-06-29T16:29:57.356+0000] {logging_mixin.py:190} INFO - [2026-06-29T16:29:57.356+0000] {dag.py:4180} INFO - Setting next_dagrun for urban_data_pipeline to 2026-06-01 00:00:00+00:00, run_after=2026-07-01 00:00:00+00:00
[2026-06-29T16:29:57.396+0000] {processor.py:208} INFO - Processing /opt/airflow/dags/urban_data_pipeline_dag.py took 1.511 seconds
[2026-06-29T16:30:27.705+0000] {processor.py:186} INFO - Started process (PID=9569) to work on /opt/airflow/dags/urban_data_pipeline_dag.py
[2026-06-29T16:30:27.708+0000] {processor.py:914} INFO - Processing file /opt/airflow/dags/urban_data_pipeline_dag.py for tasks to queue
[2026-06-29T16:30:27.713+0000] {logging_mixin.py:190} INFO - [2026-06-29T16:30:27.713+0000] {dagbag.py:588} INFO - Filling up the DagBag from /opt/airflow/dags/urban_data_pipeline_dag.py
[2026-06-29T16:30:27.979+0000] {processor.py:925} INFO - DAG(s) 'urban_data_pipeline' retrieved from /opt/airflow/dags/urban_data_pipeline_dag.py
[2026-06-29T16:30:28.040+0000] {logging_mixin.py:190} INFO - [2026-06-29T16:30:28.040+0000] {dag.py:3239} INFO - Sync 1 DAGs
[2026-06-29T16:30:28.068+0000] {logging_mixin.py:190} INFO - [2026-06-29T16:30:28.068+0000] {dag.py:4180} INFO - Setting next_dagrun for urban_data_pipeline to 2026-06-01 00:00:00+00:00, run_after=2026-07-01 00:00:00+00:00
[2026-06-29T16:30:28.100+0000] {processor.py:208} INFO - Processing /opt/airflow/dags/urban_data_pipeline_dag.py took 0.405 seconds
[2026-06-29T16:30:59.043+0000] {processor.py:186} INFO - Started process (PID=9587) to work on /opt/airflow/dags/urban_data_pipeline_dag.py
[2026-06-29T16:30:59.046+0000] {processor.py:914} INFO - Processing file /opt/airflow/dags/urban_data_pipeline_dag.py for tasks to queue
[2026-06-29T16:30:59.051+0000] {logging_mixin.py:190} INFO - [2026-06-29T16:30:59.051+0000] {dagbag.py:588} INFO - Filling up the DagBag from /opt/airflow/dags/urban_data_pipeline_dag.py
[2026-06-29T16:30:59.613+0000] {processor.py:925} INFO - DAG(s) 'urban_data_pipeline' retrieved from /opt/airflow/dags/urban_data_pipeline_dag.py
[2026-06-29T16:30:59.754+0000] {logging_mixin.py:190} INFO - [2026-06-29T16:30:59.754+0000] {dag.py:3239} INFO - Sync 1 DAGs
[2026-06-29T16:30:59.813+0000] {logging_mixin.py:190} INFO - [2026-06-29T16:30:59.812+0000] {dag.py:4180} INFO - Setting next_dagrun for urban_data_pipeline to 2026-06-01 00:00:00+00:00, run_after=2026-07-01 00:00:00+00:00
[2026-06-29T16:30:59.853+0000] {processor.py:208} INFO - Processing /opt/airflow/dags/urban_data_pipeline_dag.py took 0.822 seconds
[2026-06-29T16:31:30.016+0000] {processor.py:186} INFO - Started process (PID=9604) to work on /opt/airflow/dags/urban_data_pipeline_dag.py
[2026-06-29T16:31:30.021+0000] {processor.py:914} INFO - Processing file /opt/airflow/dags/urban_data_pipeline_dag.py for tasks to queue
[2026-06-29T16:31:30.031+0000] {logging_mixin.py:190} INFO - [2026-06-29T16:31:30.030+0000] {dagbag.py:588} INFO - Filling up the DagBag from /opt/airflow/dags/urban_data_pipeline_dag.py
[2026-06-29T16:31:30.311+0000] {processor.py:925} INFO - DAG(s) 'urban_data_pipeline' retrieved from /opt/airflow/dags/urban_data_pipeline_dag.py
[2026-06-29T16:31:30.403+0000] {logging_mixin.py:190} INFO - [2026-06-29T16:31:30.402+0000] {dag.py:3239} INFO - Sync 1 DAGs
[2026-06-29T16:31:30.455+0000] {logging_mixin.py:190} INFO - [2026-06-29T16:31:30.455+0000] {dag.py:4180} INFO - Setting next_dagrun for urban_data_pipeline to 2026-06-01 00:00:00+00:00, run_after=2026-07-01 00:00:00+00:00
[2026-06-29T16:31:30.571+0000] {processor.py:208} INFO - Processing /opt/airflow/dags/urban_data_pipeline_dag.py took 0.569 seconds
[2026-06-29T16:32:01.078+0000] {processor.py:186} INFO - Started process (PID=9615) to work on /opt/airflow/dags/urban_data_pipeline_dag.py
[2026-06-29T16:32:01.081+0000] {processor.py:914} INFO - Processing file /opt/airflow/dags/urban_data_pipeline_dag.py for tasks to queue
[2026-06-29T16:32:01.088+0000] {logging_mixin.py:190} INFO - [2026-06-29T16:32:01.086+0000] {dagbag.py:588} INFO - Filling up the DagBag from /opt/airflow/dags/urban_data_pipeline_dag.py
[2026-06-29T16:32:01.546+0000] {processor.py:925} INFO - DAG(s) 'urban_data_pipeline' retrieved from /opt/airflow/dags/urban_data_pipeline_dag.py
[2026-06-29T16:32:01.645+0000] {logging_mixin.py:190} INFO - [2026-06-29T16:32:01.645+0000] {dag.py:3239} INFO - Sync 1 DAGs
[2026-06-29T16:32:01.700+0000] {logging_mixin.py:190} INFO - [2026-06-29T16:32:01.699+0000] {dag.py:4180} INFO - Setting next_dagrun for urban_data_pipeline to 2026-06-01 00:00:00+00:00, run_after=2026-07-01 00:00:00+00:00
[2026-06-29T16:32:01.744+0000] {processor.py:208} INFO - Processing /opt/airflow/dags/urban_data_pipeline_dag.py took 0.680 seconds
[2026-06-29T16:32:32.146+0000] {processor.py:186} INFO - Started process (PID=9633) to work on /opt/airflow/dags/urban_data_pipeline_dag.py
[2026-06-29T16:32:32.149+0000] {processor.py:914} INFO - Processing file /opt/airflow/dags/urban_data_pipeline_dag.py for tasks to queue
[2026-06-29T16:32:32.156+0000] {logging_mixin.py:190} INFO - [2026-06-29T16:32:32.155+0000] {dagbag.py:588} INFO - Filling up the DagBag from /opt/airflow/dags/urban_data_pipeline_dag.py
[2026-06-29T16:32:32.496+0000] {processor.py:925} INFO - DAG(s) 'urban_data_pipeline' retrieved from /opt/airflow/dags/urban_data_pipeline_dag.py
[2026-06-29T16:32:32.580+0000] {logging_mixin.py:190} INFO - [2026-06-29T16:32:32.580+0000] {dag.py:3239} INFO - Sync 1 DAGs
[2026-06-29T16:32:32.620+0000] {logging_mixin.py:190} INFO - [2026-06-29T16:32:32.620+0000] {dag.py:4180} INFO - Setting next_dagrun for urban_data_pipeline to 2026-06-01 00:00:00+00:00, run_after=2026-07-01 00:00:00+00:00
[2026-06-29T16:32:32.661+0000] {processor.py:208} INFO - Processing /opt/airflow/dags/urban_data_pipeline_dag.py took 0.539 seconds
[2026-06-29T16:33:02.936+0000] {processor.py:186} INFO - Started process (PID=9651) to work on /opt/airflow/dags/urban_data_pipeline_dag.py
[2026-06-29T16:33:02.942+0000] {processor.py:914} INFO - Processing file /opt/airflow/dags/urban_data_pipeline_dag.py for tasks to queue
[2026-06-29T16:33:02.952+0000] {logging_mixin.py:190} INFO - [2026-06-29T16:33:02.952+0000] {dagbag.py:588} INFO - Filling up the DagBag from /opt/airflow/dags/urban_data_pipeline_dag.py
[2026-06-29T16:33:03.447+0000] {processor.py:925} INFO - DAG(s) 'urban_data_pipeline' retrieved from /opt/airflow/dags/urban_data_pipeline_dag.py
[2026-06-29T16:33:03.547+0000] {logging_mixin.py:190} INFO - [2026-06-29T16:33:03.547+0000] {dag.py:3239} INFO - Sync 1 DAGs
[2026-06-29T16:33:03.596+0000] {logging_mixin.py:190} INFO - [2026-06-29T16:33:03.595+0000] {dag.py:4180} INFO - Setting next_dagrun for urban_data_pipeline to 2026-06-01 00:00:00+00:00, run_after=2026-07-01 00:00:00+00:00
[2026-06-29T16:33:03.636+0000] {processor.py:208} INFO - Processing /opt/airflow/dags/urban_data_pipeline_dag.py took 0.716 seconds
[2026-06-29T16:33:33.855+0000] {processor.py:186} INFO - Started process (PID=9669) to work on /opt/airflow/dags/urban_data_pipeline_dag.py
[2026-06-29T16:33:33.857+0000] {processor.py:914} INFO - Processing file /opt/airflow/dags/urban_data_pipeline_dag.py for tasks to queue
[2026-06-29T16:33:33.862+0000] {logging_mixin.py:190} INFO - [2026-06-29T16:33:33.861+0000] {dagbag.py:588} INFO - Filling up the DagBag from /opt/airflow/dags/urban_data_pipeline_dag.py
[2026-06-29T16:33:34.492+0000] {processor.py:925} INFO - DAG(s) 'urban_data_pipeline' retrieved from /opt/airflow/dags/urban_data_pipeline_dag.py
[2026-06-29T16:33:34.566+0000] {logging_mixin.py:190} INFO - [2026-06-29T16:33:34.566+0000] {dag.py:3239} INFO - Sync 1 DAGs
[2026-06-29T16:33:34.604+0000] {logging_mixin.py:190} INFO - [2026-06-29T16:33:34.603+0000] {dag.py:4180} INFO - Setting next_dagrun for urban_data_pipeline to 2026-06-01 00:00:00+00:00, run_after=2026-07-01 00:00:00+00:00
[2026-06-29T16:33:34.675+0000] {processor.py:208} INFO - Processing /opt/airflow/dags/urban_data_pipeline_dag.py took 0.831 seconds
[2026-06-29T16:34:05.108+0000] {processor.py:186} INFO - Started process (PID=9687) to work on /opt/airflow/dags/urban_data_pipeline_dag.py
[2026-06-29T16:34:05.112+0000] {processor.py:914} INFO - Processing file /opt/airflow/dags/urban_data_pipeline_dag.py for tasks to queue
[2026-06-29T16:34:05.117+0000] {logging_mixin.py:190} INFO - [2026-06-29T16:34:05.117+0000] {dagbag.py:588} INFO - Filling up the DagBag from /opt/airflow/dags/urban_data_pipeline_dag.py
[2026-06-29T16:34:05.610+0000] {processor.py:925} INFO - DAG(s) 'urban_data_pipeline' retrieved from /opt/airflow/dags/urban_data_pipeline_dag.py
[2026-06-29T16:34:05.671+0000] {logging_mixin.py:190} INFO - [2026-06-29T16:34:05.671+0000] {dag.py:3239} INFO - Sync 1 DAGs
[2026-06-29T16:34:05.705+0000] {logging_mixin.py:190} INFO - [2026-06-29T16:34:05.704+0000] {dag.py:4180} INFO - Setting next_dagrun for urban_data_pipeline to 2026-06-01 00:00:00+00:00, run_after=2026-07-01 00:00:00+00:00
[2026-06-29T16:34:05.752+0000] {processor.py:208} INFO - Processing /opt/airflow/dags/urban_data_pipeline_dag.py took 0.667 seconds
[2026-06-29T16:34:36.063+0000] {processor.py:186} INFO - Started process (PID=9704) to work on /opt/airflow/dags/urban_data_pipeline_dag.py
[2026-06-29T16:34:36.068+0000] {processor.py:914} INFO - Processing file /opt/airflow/dags/urban_data_pipeline_dag.py for tasks to queue
[2026-06-29T16:34:36.075+0000] {logging_mixin.py:190} INFO - [2026-06-29T16:34:36.074+0000] {dagbag.py:588} INFO - Filling up the DagBag from /opt/airflow/dags/urban_data_pipeline_dag.py
[2026-06-29T16:34:36.563+0000] {processor.py:925} INFO - DAG(s) 'urban_data_pipeline' retrieved from /opt/airflow/dags/urban_data_pipeline_dag.py
[2026-06-29T16:34:36.660+0000] {logging_mixin.py:190} INFO - [2026-06-29T16:34:36.660+0000] {dag.py:3239} INFO - Sync 1 DAGs
[2026-06-29T16:34:36.702+0000] {logging_mixin.py:190} INFO - [2026-06-29T16:34:36.702+0000] {dag.py:4180} INFO - Setting next_dagrun for urban_data_pipeline to 2026-06-01 00:00:00+00:00, run_after=2026-07-01 00:00:00+00:00
[2026-06-29T16:34:36.753+0000] {processor.py:208} INFO - Processing /opt/airflow/dags/urban_data_pipeline_dag.py took 0.702 seconds
[2026-06-29T16:35:07.109+0000] {processor.py:186} INFO - Started process (PID=9715) to work on /opt/airflow/dags/urban_data_pipeline_dag.py
[2026-06-29T16:35:07.114+0000] {processor.py:914} INFO - Processing file /opt/airflow/dags/urban_data_pipeline_dag.py for tasks to queue
[2026-06-29T16:35:07.121+0000] {logging_mixin.py:190} INFO - [2026-06-29T16:35:07.120+0000] {dagbag.py:588} INFO - Filling up the DagBag from /opt/airflow/dags/urban_data_pipeline_dag.py
[2026-06-29T16:35:07.533+0000] {processor.py:925} INFO - DAG(s) 'urban_data_pipeline' retrieved from /opt/airflow/dags/urban_data_pipeline_dag.py
[2026-06-29T16:35:07.600+0000] {logging_mixin.py:190} INFO - [2026-06-29T16:35:07.600+0000] {dag.py:3239} INFO - Sync 1 DAGs
[2026-06-29T16:35:07.638+0000] {logging_mixin.py:190} INFO - [2026-06-29T16:35:07.638+0000] {dag.py:4180} INFO - Setting next_dagrun for urban_data_pipeline to 2026-06-01 00:00:00+00:00, run_after=2026-07-01 00:00:00+00:00
[2026-06-29T16:35:07.676+0000] {processor.py:208} INFO - Processing /opt/airflow/dags/urban_data_pipeline_dag.py took 0.581 seconds
[2026-06-29T16:35:38.487+0000] {processor.py:186} INFO - Started process (PID=9733) to work on /opt/airflow/dags/urban_data_pipeline_dag.py
[2026-06-29T16:35:38.492+0000] {processor.py:914} INFO - Processing file /opt/airflow/dags/urban_data_pipeline_dag.py for tasks to queue
[2026-06-29T16:35:38.507+0000] {logging_mixin.py:190} INFO - [2026-06-29T16:35:38.506+0000] {dagbag.py:588} INFO - Filling up the DagBag from /opt/airflow/dags/urban_data_pipeline_dag.py
[2026-06-29T16:35:39.048+0000] {processor.py:925} INFO - DAG(s) 'urban_data_pipeline' retrieved from /opt/airflow/dags/urban_data_pipeline_dag.py
[2026-06-29T16:35:39.226+0000] {logging_mixin.py:190} INFO - [2026-06-29T16:35:39.225+0000] {dag.py:3239} INFO - Sync 1 DAGs
[2026-06-29T16:35:39.293+0000] {logging_mixin.py:190} INFO - [2026-06-29T16:35:39.293+0000] {dag.py:4180} INFO - Setting next_dagrun for urban_data_pipeline to 2026-06-01 00:00:00+00:00, run_after=2026-07-01 00:00:00+00:00
[2026-06-29T16:35:39.364+0000] {processor.py:208} INFO - Processing /opt/airflow/dags/urban_data_pipeline_dag.py took 0.902 seconds
[2026-06-29T16:36:09.650+0000] {processor.py:186} INFO - Started process (PID=9751) to work on /opt/airflow/dags/urban_data_pipeline_dag.py
[2026-06-29T16:36:09.654+0000] {processor.py:914} INFO - Processing file /opt/airflow/dags/urban_data_pipeline_dag.py for tasks to queue
[2026-06-29T16:36:09.660+0000] {logging_mixin.py:190} INFO - [2026-06-29T16:36:09.659+0000] {dagbag.py:588} INFO - Filling up the DagBag from /opt/airflow/dags/urban_data_pipeline_dag.py
[2026-06-29T16:36:10.162+0000] {processor.py:925} INFO - DAG(s) 'urban_data_pipeline' retrieved from /opt/airflow/dags/urban_data_pipeline_dag.py
[2026-06-29T16:36:10.275+0000] {logging_mixin.py:190} INFO - [2026-06-29T16:36:10.275+0000] {dag.py:3239} INFO - Sync 1 DAGs
[2026-06-29T16:36:10.311+0000] {logging_mixin.py:190} INFO - [2026-06-29T16:36:10.311+0000] {dag.py:4180} INFO - Setting next_dagrun for urban_data_pipeline to 2026-06-01 00:00:00+00:00, run_after=2026-07-01 00:00:00+00:00
[2026-06-29T16:36:10.393+0000] {processor.py:208} INFO - Processing /opt/airflow/dags/urban_data_pipeline_dag.py took 0.755 seconds
[2026-06-29T16:36:41.271+0000] {processor.py:186} INFO - Started process (PID=9769) to work on /opt/airflow/dags/urban_data_pipeline_dag.py
[2026-06-29T16:36:41.274+0000] {processor.py:914} INFO - Processing file /opt/airflow/dags/urban_data_pipeline_dag.py for tasks to queue
[2026-06-29T16:36:41.281+0000] {logging_mixin.py:190} INFO - [2026-06-29T16:36:41.280+0000] {dagbag.py:588} INFO - Filling up the DagBag from /opt/airflow/dags/urban_data_pipeline_dag.py
[2026-06-29T16:36:41.547+0000] {processor.py:925} INFO - DAG(s) 'urban_data_pipeline' retrieved from /opt/airflow/dags/urban_data_pipeline_dag.py
[2026-06-29T16:36:41.641+0000] {logging_mixin.py:190} INFO - [2026-06-29T16:36:41.641+0000] {dag.py:3239} INFO - Sync 1 DAGs
[2026-06-29T16:36:41.694+0000] {logging_mixin.py:190} INFO - [2026-06-29T16:36:41.694+0000] {dag.py:4180} INFO - Setting next_dagrun for urban_data_pipeline to 2026-06-01 00:00:00+00:00, run_after=2026-07-01 00:00:00+00:00
[2026-06-29T16:36:41.744+0000] {processor.py:208} INFO - Processing /opt/airflow/dags/urban_data_pipeline_dag.py took 0.484 seconds
[2026-06-29T16:37:11.998+0000] {processor.py:186} INFO - Started process (PID=9787) to work on /opt/airflow/dags/urban_data_pipeline_dag.py
[2026-06-29T16:37:12.001+0000] {processor.py:914} INFO - Processing file /opt/airflow/dags/urban_data_pipeline_dag.py for tasks to queue
[2026-06-29T16:37:12.010+0000] {logging_mixin.py:190} INFO - [2026-06-29T16:37:12.009+0000] {dagbag.py:588} INFO - Filling up the DagBag from /opt/airflow/dags/urban_data_pipeline_dag.py
[2026-06-29T16:37:12.468+0000] {processor.py:925} INFO - DAG(s) 'urban_data_pipeline' retrieved from /opt/airflow/dags/urban_data_pipeline_dag.py
[2026-06-29T16:37:12.579+0000] {logging_mixin.py:190} INFO - [2026-06-29T16:37:12.578+0000] {dag.py:3239} INFO - Sync 1 DAGs
[2026-06-29T16:37:12.628+0000] {logging_mixin.py:190} INFO - [2026-06-29T16:37:12.627+0000] {dag.py:4180} INFO - Setting next_dagrun for urban_data_pipeline to 2026-06-01 00:00:00+00:00, run_after=2026-07-01 00:00:00+00:00
[2026-06-29T16:37:12.721+0000] {processor.py:208} INFO - Processing /opt/airflow/dags/urban_data_pipeline_dag.py took 0.733 seconds
[2026-06-29T16:37:42.916+0000] {processor.py:186} INFO - Started process (PID=9805) to work on /opt/airflow/dags/urban_data_pipeline_dag.py
[2026-06-29T16:37:42.918+0000] {processor.py:914} INFO - Processing file /opt/airflow/dags/urban_data_pipeline_dag.py for tasks to queue
[2026-06-29T16:37:42.923+0000] {logging_mixin.py:190} INFO - [2026-06-29T16:37:42.922+0000] {dagbag.py:588} INFO - Filling up the DagBag from /opt/airflow/dags/urban_data_pipeline_dag.py
[2026-06-29T16:37:43.184+0000] {processor.py:925} INFO - DAG(s) 'urban_data_pipeline' retrieved from /opt/airflow/dags/urban_data_pipeline_dag.py
[2026-06-29T16:37:43.257+0000] {logging_mixin.py:190} INFO - [2026-06-29T16:37:43.257+0000] {dag.py:3239} INFO - Sync 1 DAGs
[2026-06-29T16:37:43.298+0000] {logging_mixin.py:190} INFO - [2026-06-29T16:37:43.298+0000] {dag.py:4180} INFO - Setting next_dagrun for urban_data_pipeline to 2026-06-01 00:00:00+00:00, run_after=2026-07-01 00:00:00+00:00
[2026-06-29T16:37:43.339+0000] {processor.py:208} INFO - Processing /opt/airflow/dags/urban_data_pipeline_dag.py took 0.432 seconds
[2026-06-29T16:38:13.627+0000] {processor.py:186} INFO - Started process (PID=9822) to work on /opt/airflow/dags/urban_data_pipeline_dag.py
[2026-06-29T16:38:13.628+0000] {processor.py:914} INFO - Processing file /opt/airflow/dags/urban_data_pipeline_dag.py for tasks to queue
[2026-06-29T16:38:13.632+0000] {logging_mixin.py:190} INFO - [2026-06-29T16:38:13.632+0000] {dagbag.py:588} INFO - Filling up the DagBag from /opt/airflow/dags/urban_data_pipeline_dag.py
[2026-06-29T16:38:13.756+0000] {processor.py:925} INFO - DAG(s) 'urban_data_pipeline' retrieved from /opt/airflow/dags/urban_data_pipeline_dag.py
[2026-06-29T16:38:13.807+0000] {logging_mixin.py:190} INFO - [2026-06-29T16:38:13.807+0000] {dag.py:3239} INFO - Sync 1 DAGs
[2026-06-29T16:38:13.831+0000] {logging_mixin.py:190} INFO - [2026-06-29T16:38:13.831+0000] {dag.py:4180} INFO - Setting next_dagrun for urban_data_pipeline to 2026-06-01 00:00:00+00:00, run_after=2026-07-01 00:00:00+00:00
[2026-06-29T16:38:13.861+0000] {processor.py:208} INFO - Processing /opt/airflow/dags/urban_data_pipeline_dag.py took 0.240 seconds
[2026-06-29T16:38:44.314+0000] {processor.py:186} INFO - Started process (PID=9833) to work on /opt/airflow/dags/urban_data_pipeline_dag.py
[2026-06-29T16:38:44.316+0000] {processor.py:914} INFO - Processing file /opt/airflow/dags/urban_data_pipeline_dag.py for tasks to queue
[2026-06-29T16:38:44.319+0000] {logging_mixin.py:190} INFO - [2026-06-29T16:38:44.318+0000] {dagbag.py:588} INFO - Filling up the DagBag from /opt/airflow/dags/urban_data_pipeline_dag.py
[2026-06-29T16:38:44.442+0000] {processor.py:925} INFO - DAG(s) 'urban_data_pipeline' retrieved from /opt/airflow/dags/urban_data_pipeline_dag.py
[2026-06-29T16:38:44.488+0000] {logging_mixin.py:190} INFO - [2026-06-29T16:38:44.488+0000] {dag.py:3239} INFO - Sync 1 DAGs
[2026-06-29T16:38:44.512+0000] {logging_mixin.py:190} INFO - [2026-06-29T16:38:44.512+0000] {dag.py:4180} INFO - Setting next_dagrun for urban_data_pipeline to 2026-06-01 00:00:00+00:00, run_after=2026-07-01 00:00:00+00:00
[2026-06-29T16:38:44.535+0000] {processor.py:208} INFO - Processing /opt/airflow/dags/urban_data_pipeline_dag.py took 0.231 seconds
[2026-06-29T16:39:15.175+0000] {processor.py:186} INFO - Started process (PID=9851) to work on /opt/airflow/dags/urban_data_pipeline_dag.py
[2026-06-29T16:39:15.176+0000] {processor.py:914} INFO - Processing file /opt/airflow/dags/urban_data_pipeline_dag.py for tasks to queue
[2026-06-29T16:39:15.180+0000] {logging_mixin.py:190} INFO - [2026-06-29T16:39:15.179+0000] {dagbag.py:588} INFO - Filling up the DagBag from /opt/airflow/dags/urban_data_pipeline_dag.py
[2026-06-29T16:39:15.288+0000] {processor.py:925} INFO - DAG(s) 'urban_data_pipeline' retrieved from /opt/airflow/dags/urban_data_pipeline_dag.py
[2026-06-29T16:39:15.338+0000] {logging_mixin.py:190} INFO - [2026-06-29T16:39:15.338+0000] {dag.py:3239} INFO - Sync 1 DAGs
[2026-06-29T16:39:15.363+0000] {logging_mixin.py:190} INFO - [2026-06-29T16:39:15.363+0000] {dag.py:4180} INFO - Setting next_dagrun for urban_data_pipeline to 2026-06-01 00:00:00+00:00, run_after=2026-07-01 00:00:00+00:00
[2026-06-29T16:39:15.389+0000] {processor.py:208} INFO - Processing /opt/airflow/dags/urban_data_pipeline_dag.py took 0.222 seconds
[2026-06-29T16:39:45.991+0000] {processor.py:186} INFO - Started process (PID=9869) to work on /opt/airflow/dags/urban_data_pipeline_dag.py
[2026-06-29T16:39:45.993+0000] {processor.py:914} INFO - Processing file /opt/airflow/dags/urban_data_pipeline_dag.py for tasks to queue
[2026-06-29T16:39:45.997+0000] {logging_mixin.py:190} INFO - [2026-06-29T16:39:45.997+0000] {dagbag.py:588} INFO - Filling up the DagBag from /opt/airflow/dags/urban_data_pipeline_dag.py
[2026-06-29T16:39:46.132+0000] {processor.py:925} INFO - DAG(s) 'urban_data_pipeline' retrieved from /opt/airflow/dags/urban_data_pipeline_dag.py
[2026-06-29T16:39:46.199+0000] {logging_mixin.py:190} INFO - [2026-06-29T16:39:46.199+0000] {dag.py:3239} INFO - Sync 1 DAGs
[2026-06-29T16:39:46.234+0000] {logging_mixin.py:190} INFO - [2026-06-29T16:39:46.233+0000] {dag.py:4180} INFO - Setting next_dagrun for urban_data_pipeline to 2026-06-01 00:00:00+00:00, run_after=2026-07-01 00:00:00+00:00
[2026-06-29T16:39:46.264+0000] {processor.py:208} INFO - Processing /opt/airflow/dags/urban_data_pipeline_dag.py took 0.282 seconds
[2026-06-29T16:40:17.001+0000] {processor.py:186} INFO - Started process (PID=9887) to work on /opt/airflow/dags/urban_data_pipeline_dag.py
[2026-06-29T16:40:17.006+0000] {processor.py:914} INFO - Processing file /opt/airflow/dags/urban_data_pipeline_dag.py for tasks to queue
[2026-06-29T16:40:17.009+0000] {logging_mixin.py:190} INFO - [2026-06-29T16:40:17.008+0000] {dagbag.py:588} INFO - Filling up the DagBag from /opt/airflow/dags/urban_data_pipeline_dag.py
[2026-06-29T16:40:17.236+0000] {processor.py:925} INFO - DAG(s) 'urban_data_pipeline' retrieved from /opt/airflow/dags/urban_data_pipeline_dag.py
[2026-06-29T16:40:17.284+0000] {logging_mixin.py:190} INFO - [2026-06-29T16:40:17.284+0000] {dag.py:3239} INFO - Sync 1 DAGs
[2026-06-29T16:40:17.312+0000] {logging_mixin.py:190} INFO - [2026-06-29T16:40:17.312+0000] {dag.py:4180} INFO - Setting next_dagrun for urban_data_pipeline to 2026-06-01 00:00:00+00:00, run_after=2026-07-01 00:00:00+00:00
[2026-06-29T16:40:17.355+0000] {processor.py:208} INFO - Processing /opt/airflow/dags/urban_data_pipeline_dag.py took 0.367 seconds
[2026-06-29T16:40:47.747+0000] {processor.py:186} INFO - Started process (PID=9905) to work on /opt/airflow/dags/urban_data_pipeline_dag.py
[2026-06-29T16:40:47.749+0000] {processor.py:914} INFO - Processing file /opt/airflow/dags/urban_data_pipeline_dag.py for tasks to queue
[2026-06-29T16:40:47.752+0000] {logging_mixin.py:190} INFO - [2026-06-29T16:40:47.752+0000] {dagbag.py:588} INFO - Filling up the DagBag from /opt/airflow/dags/urban_data_pipeline_dag.py
[2026-06-29T16:40:47.956+0000] {processor.py:925} INFO - DAG(s) 'urban_data_pipeline' retrieved from /opt/airflow/dags/urban_data_pipeline_dag.py
[2026-06-29T16:40:48.010+0000] {logging_mixin.py:190} INFO - [2026-06-29T16:40:48.009+0000] {dag.py:3239} INFO - Sync 1 DAGs
[2026-06-29T16:40:48.035+0000] {logging_mixin.py:190} INFO - [2026-06-29T16:40:48.035+0000] {dag.py:4180} INFO - Setting next_dagrun for urban_data_pipeline to 2026-06-01 00:00:00+00:00, run_after=2026-07-01 00:00:00+00:00
[2026-06-29T16:40:48.073+0000] {processor.py:208} INFO - Processing /opt/airflow/dags/urban_data_pipeline_dag.py took 0.332 seconds
[2026-06-29T16:41:18.814+0000] {processor.py:186} INFO - Started process (PID=9923) to work on /opt/airflow/dags/urban_data_pipeline_dag.py
[2026-06-29T16:41:18.817+0000] {processor.py:914} INFO - Processing file /opt/airflow/dags/urban_data_pipeline_dag.py for tasks to queue
[2026-06-29T16:41:18.821+0000] {logging_mixin.py:190} INFO - [2026-06-29T16:41:18.821+0000] {dagbag.py:588} INFO - Filling up the DagBag from /opt/airflow/dags/urban_data_pipeline_dag.py
[2026-06-29T16:41:19.030+0000] {processor.py:925} INFO - DAG(s) 'urban_data_pipeline' retrieved from /opt/airflow/dags/urban_data_pipeline_dag.py
[2026-06-29T16:41:19.080+0000] {logging_mixin.py:190} INFO - [2026-06-29T16:41:19.080+0000] {dag.py:3239} INFO - Sync 1 DAGs
[2026-06-29T16:41:19.108+0000] {logging_mixin.py:190} INFO - [2026-06-29T16:41:19.108+0000] {dag.py:4180} INFO - Setting next_dagrun for urban_data_pipeline to 2026-06-01 00:00:00+00:00, run_after=2026-07-01 00:00:00+00:00
[2026-06-29T16:41:19.145+0000] {processor.py:208} INFO - Processing /opt/airflow/dags/urban_data_pipeline_dag.py took 0.342 seconds
[2026-06-29T16:41:49.547+0000] {processor.py:186} INFO - Started process (PID=9941) to work on /opt/airflow/dags/urban_data_pipeline_dag.py
[2026-06-29T16:41:49.549+0000] {processor.py:914} INFO - Processing file /opt/airflow/dags/urban_data_pipeline_dag.py for tasks to queue
[2026-06-29T16:41:49.552+0000] {logging_mixin.py:190} INFO - [2026-06-29T16:41:49.552+0000] {dagbag.py:588} INFO - Filling up the DagBag from /opt/airflow/dags/urban_data_pipeline_dag.py
[2026-06-29T16:41:49.691+0000] {processor.py:925} INFO - DAG(s) 'urban_data_pipeline' retrieved from /opt/airflow/dags/urban_data_pipeline_dag.py
[2026-06-29T16:41:49.740+0000] {logging_mixin.py:190} INFO - [2026-06-29T16:41:49.739+0000] {dag.py:3239} INFO - Sync 1 DAGs
[2026-06-29T16:41:49.764+0000] {logging_mixin.py:190} INFO - [2026-06-29T16:41:49.764+0000] {dag.py:4180} INFO - Setting next_dagrun for urban_data_pipeline to 2026-06-01 00:00:00+00:00, run_after=2026-07-01 00:00:00+00:00
[2026-06-29T16:41:49.790+0000] {processor.py:208} INFO - Processing /opt/airflow/dags/urban_data_pipeline_dag.py took 0.254 seconds
[2026-06-29T16:42:20.229+0000] {processor.py:186} INFO - Started process (PID=9959) to work on /opt/airflow/dags/urban_data_pipeline_dag.py
[2026-06-29T16:42:20.231+0000] {processor.py:914} INFO - Processing file /opt/airflow/dags/urban_data_pipeline_dag.py for tasks to queue
[2026-06-29T16:42:20.233+0000] {logging_mixin.py:190} INFO - [2026-06-29T16:42:20.233+0000] {dagbag.py:588} INFO - Filling up the DagBag from /opt/airflow/dags/urban_data_pipeline_dag.py
[2026-06-29T16:42:20.365+0000] {processor.py:925} INFO - DAG(s) 'urban_data_pipeline' retrieved from /opt/airflow/dags/urban_data_pipeline_dag.py
[2026-06-29T16:42:20.421+0000] {logging_mixin.py:190} INFO - [2026-06-29T16:42:20.421+0000] {dag.py:3239} INFO - Sync 1 DAGs
[2026-06-29T16:42:20.445+0000] {logging_mixin.py:190} INFO - [2026-06-29T16:42:20.445+0000] {dag.py:4180} INFO - Setting next_dagrun for urban_data_pipeline to 2026-06-01 00:00:00+00:00, run_after=2026-07-01 00:00:00+00:00
[2026-06-29T16:42:20.475+0000] {processor.py:208} INFO - Processing /opt/airflow/dags/urban_data_pipeline_dag.py took 0.251 seconds
[2026-06-29T16:42:51.128+0000] {processor.py:186} INFO - Started process (PID=9977) to work on /opt/airflow/dags/urban_data_pipeline_dag.py
[2026-06-29T16:42:51.130+0000] {processor.py:914} INFO - Processing file /opt/airflow/dags/urban_data_pipeline_dag.py for tasks to queue
[2026-06-29T16:42:51.134+0000] {logging_mixin.py:190} INFO - [2026-06-29T16:42:51.133+0000] {dagbag.py:588} INFO - Filling up the DagBag from /opt/airflow/dags/urban_data_pipeline_dag.py
[2026-06-29T16:42:51.368+0000] {processor.py:925} INFO - DAG(s) 'urban_data_pipeline' retrieved from /opt/airflow/dags/urban_data_pipeline_dag.py
[2026-06-29T16:42:51.413+0000] {logging_mixin.py:190} INFO - [2026-06-29T16:42:51.413+0000] {dag.py:3239} INFO - Sync 1 DAGs
[2026-06-29T16:42:51.438+0000] {logging_mixin.py:190} INFO - [2026-06-29T16:42:51.438+0000] {dag.py:4180} INFO - Setting next_dagrun for urban_data_pipeline to 2026-06-01 00:00:00+00:00, run_after=2026-07-01 00:00:00+00:00
[2026-06-29T16:42:51.462+0000] {processor.py:208} INFO - Processing /opt/airflow/dags/urban_data_pipeline_dag.py took 0.341 seconds
[2026-06-29T16:43:22.323+0000] {processor.py:186} INFO - Started process (PID=9994) to work on /opt/airflow/dags/urban_data_pipeline_dag.py
[2026-06-29T16:43:22.332+0000] {processor.py:914} INFO - Processing file /opt/airflow/dags/urban_data_pipeline_dag.py for tasks to queue
[2026-06-29T16:43:22.337+0000] {logging_mixin.py:190} INFO - [2026-06-29T16:43:22.336+0000] {dagbag.py:588} INFO - Filling up the DagBag from /opt/airflow/dags/urban_data_pipeline_dag.py
[2026-06-29T16:43:22.476+0000] {processor.py:925} INFO - DAG(s) 'urban_data_pipeline' retrieved from /opt/airflow/dags/urban_data_pipeline_dag.py
[2026-06-29T16:43:22.528+0000] {logging_mixin.py:190} INFO - [2026-06-29T16:43:22.527+0000] {dag.py:3239} INFO - Sync 1 DAGs
[2026-06-29T16:43:22.560+0000] {logging_mixin.py:190} INFO - [2026-06-29T16:43:22.560+0000] {dag.py:4180} INFO - Setting next_dagrun for urban_data_pipeline to 2026-06-01 00:00:00+00:00, run_after=2026-07-01 00:00:00+00:00
[2026-06-29T16:43:22.587+0000] {processor.py:208} INFO - Processing /opt/airflow/dags/urban_data_pipeline_dag.py took 0.271 seconds
[2026-06-29T16:43:53.085+0000] {processor.py:186} INFO - Started process (PID=10005) to work on /opt/airflow/dags/urban_data_pipeline_dag.py
[2026-06-29T16:43:53.087+0000] {processor.py:914} INFO - Processing file /opt/airflow/dags/urban_data_pipeline_dag.py for tasks to queue
[2026-06-29T16:43:53.091+0000] {logging_mixin.py:190} INFO - [2026-06-29T16:43:53.090+0000] {dagbag.py:588} INFO - Filling up the DagBag from /opt/airflow/dags/urban_data_pipeline_dag.py
[2026-06-29T16:43:53.437+0000] {processor.py:925} INFO - DAG(s) 'urban_data_pipeline' retrieved from /opt/airflow/dags/urban_data_pipeline_dag.py
[2026-06-29T16:43:53.530+0000] {logging_mixin.py:190} INFO - [2026-06-29T16:43:53.530+0000] {dag.py:3239} INFO - Sync 1 DAGs
[2026-06-29T16:43:53.590+0000] {logging_mixin.py:190} INFO - [2026-06-29T16:43:53.589+0000] {dag.py:4180} INFO - Setting next_dagrun for urban_data_pipeline to 2026-06-01 00:00:00+00:00, run_after=2026-07-01 00:00:00+00:00
[2026-06-29T16:43:53.626+0000] {processor.py:208} INFO - Processing /opt/airflow/dags/urban_data_pipeline_dag.py took 0.553 seconds
[2026-06-29T16:44:24.308+0000] {processor.py:186} INFO - Started process (PID=10023) to work on /opt/airflow/dags/urban_data_pipeline_dag.py
[2026-06-29T16:44:24.309+0000] {processor.py:914} INFO - Processing file /opt/airflow/dags/urban_data_pipeline_dag.py for tasks to queue
[2026-06-29T16:44:24.312+0000] {logging_mixin.py:190} INFO - [2026-06-29T16:44:24.312+0000] {dagbag.py:588} INFO - Filling up the DagBag from /opt/airflow/dags/urban_data_pipeline_dag.py
[2026-06-29T16:44:24.448+0000] {processor.py:925} INFO - DAG(s) 'urban_data_pipeline' retrieved from /opt/airflow/dags/urban_data_pipeline_dag.py
[2026-06-29T16:44:24.498+0000] {logging_mixin.py:190} INFO - [2026-06-29T16:44:24.497+0000] {dag.py:3239} INFO - Sync 1 DAGs
[2026-06-29T16:44:24.524+0000] {logging_mixin.py:190} INFO - [2026-06-29T16:44:24.524+0000] {dag.py:4180} INFO - Setting next_dagrun for urban_data_pipeline to 2026-06-01 00:00:00+00:00, run_after=2026-07-01 00:00:00+00:00
[2026-06-29T16:44:24.547+0000] {processor.py:208} INFO - Processing /opt/airflow/dags/urban_data_pipeline_dag.py took 0.249 seconds
[2026-06-29T16:44:54.836+0000] {processor.py:186} INFO - Started process (PID=10041) to work on /opt/airflow/dags/urban_data_pipeline_dag.py
[2026-06-29T16:44:54.837+0000] {processor.py:914} INFO - Processing file /opt/airflow/dags/urban_data_pipeline_dag.py for tasks to queue
[2026-06-29T16:44:54.840+0000] {logging_mixin.py:190} INFO - [2026-06-29T16:44:54.840+0000] {dagbag.py:588} INFO - Filling up the DagBag from /opt/airflow/dags/urban_data_pipeline_dag.py
[2026-06-29T16:44:55.163+0000] {processor.py:925} INFO - DAG(s) 'urban_data_pipeline' retrieved from /opt/airflow/dags/urban_data_pipeline_dag.py
[2026-06-29T16:44:55.210+0000] {logging_mixin.py:190} INFO - [2026-06-29T16:44:55.210+0000] {dag.py:3239} INFO - Sync 1 DAGs
[2026-06-29T16:44:55.238+0000] {logging_mixin.py:190} INFO - [2026-06-29T16:44:55.238+0000] {dag.py:4180} INFO - Setting next_dagrun for urban_data_pipeline to 2026-06-01 00:00:00+00:00, run_after=2026-07-01 00:00:00+00:00
[2026-06-29T16:44:55.273+0000] {processor.py:208} INFO - Processing /opt/airflow/dags/urban_data_pipeline_dag.py took 0.443 seconds
[2026-06-29T16:45:25.796+0000] {processor.py:186} INFO - Started process (PID=10059) to work on /opt/airflow/dags/urban_data_pipeline_dag.py
[2026-06-29T16:45:25.797+0000] {processor.py:914} INFO - Processing file /opt/airflow/dags/urban_data_pipeline_dag.py for tasks to queue
[2026-06-29T16:45:25.800+0000] {logging_mixin.py:190} INFO - [2026-06-29T16:45:25.800+0000] {dagbag.py:588} INFO - Filling up the DagBag from /opt/airflow/dags/urban_data_pipeline_dag.py
[2026-06-29T16:45:25.949+0000] {processor.py:925} INFO - DAG(s) 'urban_data_pipeline' retrieved from /opt/airflow/dags/urban_data_pipeline_dag.py
[2026-06-29T16:45:26.013+0000] {logging_mixin.py:190} INFO - [2026-06-29T16:45:26.012+0000] {dag.py:3239} INFO - Sync 1 DAGs
[2026-06-29T16:45:26.041+0000] {logging_mixin.py:190} INFO - [2026-06-29T16:45:26.041+0000] {dag.py:4180} INFO - Setting next_dagrun for urban_data_pipeline to 2026-06-01 00:00:00+00:00, run_after=2026-07-01 00:00:00+00:00
[2026-06-29T16:45:26.074+0000] {processor.py:208} INFO - Processing /opt/airflow/dags/urban_data_pipeline_dag.py took 0.286 seconds
[2026-06-29T16:45:56.380+0000] {processor.py:186} INFO - Started process (PID=10077) to work on /opt/airflow/dags/urban_data_pipeline_dag.py
[2026-06-29T16:45:56.382+0000] {processor.py:914} INFO - Processing file /opt/airflow/dags/urban_data_pipeline_dag.py for tasks to queue
[2026-06-29T16:45:56.386+0000] {logging_mixin.py:190} INFO - [2026-06-29T16:45:56.386+0000] {dagbag.py:588} INFO - Filling up the DagBag from /opt/airflow/dags/urban_data_pipeline_dag.py
[2026-06-29T16:45:56.545+0000] {processor.py:925} INFO - DAG(s) 'urban_data_pipeline' retrieved from /opt/airflow/dags/urban_data_pipeline_dag.py
[2026-06-29T16:45:56.600+0000] {logging_mixin.py:190} INFO - [2026-06-29T16:45:56.600+0000] {dag.py:3239} INFO - Sync 1 DAGs
[2026-06-29T16:45:56.641+0000] {logging_mixin.py:190} INFO - [2026-06-29T16:45:56.641+0000] {dag.py:4180} INFO - Setting next_dagrun for urban_data_pipeline to 2026-06-01 00:00:00+00:00, run_after=2026-07-01 00:00:00+00:00
[2026-06-29T16:45:56.697+0000] {processor.py:208} INFO - Processing /opt/airflow/dags/urban_data_pipeline_dag.py took 0.323 seconds
[2026-06-29T16:46:27.436+0000] {processor.py:186} INFO - Started process (PID=10095) to work on /opt/airflow/dags/urban_data_pipeline_dag.py
[2026-06-29T16:46:27.440+0000] {processor.py:914} INFO - Processing file /opt/airflow/dags/urban_data_pipeline_dag.py for tasks to queue
[2026-06-29T16:46:27.451+0000] {logging_mixin.py:190} INFO - [2026-06-29T16:46:27.449+0000] {dagbag.py:588} INFO - Filling up the DagBag from /opt/airflow/dags/urban_data_pipeline_dag.py
[2026-06-29T16:46:27.691+0000] {processor.py:925} INFO - DAG(s) 'urban_data_pipeline' retrieved from /opt/airflow/dags/urban_data_pipeline_dag.py
[2026-06-29T16:46:27.742+0000] {logging_mixin.py:190} INFO - [2026-06-29T16:46:27.741+0000] {dag.py:3239} INFO - Sync 1 DAGs
[2026-06-29T16:46:27.767+0000] {logging_mixin.py:190} INFO - [2026-06-29T16:46:27.767+0000] {dag.py:4180} INFO - Setting next_dagrun for urban_data_pipeline to 2026-06-01 00:00:00+00:00, run_after=2026-07-01 00:00:00+00:00
[2026-06-29T16:46:27.798+0000] {processor.py:208} INFO - Processing /opt/airflow/dags/urban_data_pipeline_dag.py took 0.381 seconds
[2026-06-29T16:46:58.588+0000] {processor.py:186} INFO - Started process (PID=10113) to work on /opt/airflow/dags/urban_data_pipeline_dag.py
[2026-06-29T16:46:58.590+0000] {processor.py:914} INFO - Processing file /opt/airflow/dags/urban_data_pipeline_dag.py for tasks to queue
[2026-06-29T16:46:58.594+0000] {logging_mixin.py:190} INFO - [2026-06-29T16:46:58.593+0000] {dagbag.py:588} INFO - Filling up the DagBag from /opt/airflow/dags/urban_data_pipeline_dag.py
[2026-06-29T16:46:58.825+0000] {processor.py:925} INFO - DAG(s) 'urban_data_pipeline' retrieved from /opt/airflow/dags/urban_data_pipeline_dag.py
[2026-06-29T16:46:58.870+0000] {logging_mixin.py:190} INFO - [2026-06-29T16:46:58.870+0000] {dag.py:3239} INFO - Sync 1 DAGs
[2026-06-29T16:46:58.895+0000] {logging_mixin.py:190} INFO - [2026-06-29T16:46:58.895+0000] {dag.py:4180} INFO - Setting next_dagrun for urban_data_pipeline to 2026-06-01 00:00:00+00:00, run_after=2026-07-01 00:00:00+00:00
[2026-06-29T16:46:58.920+0000] {processor.py:208} INFO - Processing /opt/airflow/dags/urban_data_pipeline_dag.py took 0.340 seconds
[2026-06-29T16:47:29.584+0000] {processor.py:186} INFO - Started process (PID=10132) to work on /opt/airflow/dags/urban_data_pipeline_dag.py
[2026-06-29T16:47:29.587+0000] {processor.py:914} INFO - Processing file /opt/airflow/dags/urban_data_pipeline_dag.py for tasks to queue
[2026-06-29T16:47:29.591+0000] {logging_mixin.py:190} INFO - [2026-06-29T16:47:29.591+0000] {dagbag.py:588} INFO - Filling up the DagBag from /opt/airflow/dags/urban_data_pipeline_dag.py
[2026-06-29T16:47:29.894+0000] {processor.py:925} INFO - DAG(s) 'urban_data_pipeline' retrieved from /opt/airflow/dags/urban_data_pipeline_dag.py
[2026-06-29T16:47:29.949+0000] {logging_mixin.py:190} INFO - [2026-06-29T16:47:29.949+0000] {dag.py:3239} INFO - Sync 1 DAGs
[2026-06-29T16:47:29.975+0000] {logging_mixin.py:190} INFO - [2026-06-29T16:47:29.974+0000] {dag.py:4180} INFO - Setting next_dagrun for urban_data_pipeline to 2026-06-01 00:00:00+00:00, run_after=2026-07-01 00:00:00+00:00
[2026-06-29T16:47:30.023+0000] {processor.py:208} INFO - Processing /opt/airflow/dags/urban_data_pipeline_dag.py took 0.445 seconds
[2026-06-29T16:48:00.627+0000] {processor.py:186} INFO - Started process (PID=10150) to work on /opt/airflow/dags/urban_data_pipeline_dag.py
[2026-06-29T16:48:00.628+0000] {processor.py:914} INFO - Processing file /opt/airflow/dags/urban_data_pipeline_dag.py for tasks to queue
[2026-06-29T16:48:00.631+0000] {logging_mixin.py:190} INFO - [2026-06-29T16:48:00.631+0000] {dagbag.py:588} INFO - Filling up the DagBag from /opt/airflow/dags/urban_data_pipeline_dag.py
[2026-06-29T16:48:00.769+0000] {processor.py:925} INFO - DAG(s) 'urban_data_pipeline' retrieved from /opt/airflow/dags/urban_data_pipeline_dag.py
[2026-06-29T16:48:00.820+0000] {logging_mixin.py:190} INFO - [2026-06-29T16:48:00.819+0000] {dag.py:3239} INFO - Sync 1 DAGs
[2026-06-29T16:48:00.847+0000] {logging_mixin.py:190} INFO - [2026-06-29T16:48:00.847+0000] {dag.py:4180} INFO - Setting next_dagrun for urban_data_pipeline to 2026-06-01 00:00:00+00:00, run_after=2026-07-01 00:00:00+00:00
[2026-06-29T16:48:00.875+0000] {processor.py:208} INFO - Processing /opt/airflow/dags/urban_data_pipeline_dag.py took 0.255 seconds
[2026-06-29T16:48:31.739+0000] {processor.py:186} INFO - Started process (PID=10168) to work on /opt/airflow/dags/urban_data_pipeline_dag.py
[2026-06-29T16:48:31.746+0000] {processor.py:914} INFO - Processing file /opt/airflow/dags/urban_data_pipeline_dag.py for tasks to queue
[2026-06-29T16:48:31.757+0000] {logging_mixin.py:190} INFO - [2026-06-29T16:48:31.756+0000] {dagbag.py:588} INFO - Filling up the DagBag from /opt/airflow/dags/urban_data_pipeline_dag.py
[2026-06-29T16:48:31.887+0000] {processor.py:925} INFO - DAG(s) 'urban_data_pipeline' retrieved from /opt/airflow/dags/urban_data_pipeline_dag.py
[2026-06-29T16:48:31.935+0000] {logging_mixin.py:190} INFO - [2026-06-29T16:48:31.934+0000] {dag.py:3239} INFO - Sync 1 DAGs
[2026-06-29T16:48:31.963+0000] {logging_mixin.py:190} INFO - [2026-06-29T16:48:31.963+0000] {dag.py:4180} INFO - Setting next_dagrun for urban_data_pipeline to 2026-06-01 00:00:00+00:00, run_after=2026-07-01 00:00:00+00:00
[2026-06-29T16:48:31.992+0000] {processor.py:208} INFO - Processing /opt/airflow/dags/urban_data_pipeline_dag.py took 0.281 seconds
[2026-06-29T16:49:02.372+0000] {processor.py:186} INFO - Started process (PID=10185) to work on /opt/airflow/dags/urban_data_pipeline_dag.py
[2026-06-29T16:49:02.373+0000] {processor.py:914} INFO - Processing file /opt/airflow/dags/urban_data_pipeline_dag.py for tasks to queue
[2026-06-29T16:49:02.377+0000] {logging_mixin.py:190} INFO - [2026-06-29T16:49:02.377+0000] {dagbag.py:588} INFO - Filling up the DagBag from /opt/airflow/dags/urban_data_pipeline_dag.py
[2026-06-29T16:49:02.515+0000] {processor.py:925} INFO - DAG(s) 'urban_data_pipeline' retrieved from /opt/airflow/dags/urban_data_pipeline_dag.py
[2026-06-29T16:49:02.568+0000] {logging_mixin.py:190} INFO - [2026-06-29T16:49:02.568+0000] {dag.py:3239} INFO - Sync 1 DAGs
[2026-06-29T16:49:02.594+0000] {logging_mixin.py:190} INFO - [2026-06-29T16:49:02.594+0000] {dag.py:4180} INFO - Setting next_dagrun for urban_data_pipeline to 2026-06-01 00:00:00+00:00, run_after=2026-07-01 00:00:00+00:00
[2026-06-29T16:49:02.624+0000] {processor.py:208} INFO - Processing /opt/airflow/dags/urban_data_pipeline_dag.py took 0.264 seconds
[2026-06-29T16:49:33.090+0000] {processor.py:186} INFO - Started process (PID=10196) to work on /opt/airflow/dags/urban_data_pipeline_dag.py
[2026-06-29T16:49:33.092+0000] {processor.py:914} INFO - Processing file /opt/airflow/dags/urban_data_pipeline_dag.py for tasks to queue
[2026-06-29T16:49:33.094+0000] {logging_mixin.py:190} INFO - [2026-06-29T16:49:33.094+0000] {dagbag.py:588} INFO - Filling up the DagBag from /opt/airflow/dags/urban_data_pipeline_dag.py
[2026-06-29T16:49:33.242+0000] {processor.py:925} INFO - DAG(s) 'urban_data_pipeline' retrieved from /opt/airflow/dags/urban_data_pipeline_dag.py
[2026-06-29T16:49:33.301+0000] {logging_mixin.py:190} INFO - [2026-06-29T16:49:33.301+0000] {dag.py:3239} INFO - Sync 1 DAGs
[2026-06-29T16:49:33.335+0000] {logging_mixin.py:190} INFO - [2026-06-29T16:49:33.334+0000] {dag.py:4180} INFO - Setting next_dagrun for urban_data_pipeline to 2026-06-01 00:00:00+00:00, run_after=2026-07-01 00:00:00+00:00
[2026-06-29T16:49:33.363+0000] {processor.py:208} INFO - Processing /opt/airflow/dags/urban_data_pipeline_dag.py took 0.282 seconds
[2026-06-29T16:50:03.936+0000] {processor.py:186} INFO - Started process (PID=10214) to work on /opt/airflow/dags/urban_data_pipeline_dag.py
[2026-06-29T16:50:03.938+0000] {processor.py:914} INFO - Processing file /opt/airflow/dags/urban_data_pipeline_dag.py for tasks to queue
[2026-06-29T16:50:03.944+0000] {logging_mixin.py:190} INFO - [2026-06-29T16:50:03.944+0000] {dagbag.py:588} INFO - Filling up the DagBag from /opt/airflow/dags/urban_data_pipeline_dag.py
[2026-06-29T16:50:04.074+0000] {processor.py:925} INFO - DAG(s) 'urban_data_pipeline' retrieved from /opt/airflow/dags/urban_data_pipeline_dag.py
[2026-06-29T16:50:04.124+0000] {logging_mixin.py:190} INFO - [2026-06-29T16:50:04.124+0000] {dag.py:3239} INFO - Sync 1 DAGs
[2026-06-29T16:50:04.184+0000] {logging_mixin.py:190} INFO - [2026-06-29T16:50:04.183+0000] {dag.py:4180} INFO - Setting next_dagrun for urban_data_pipeline to 2026-06-01 00:00:00+00:00, run_after=2026-07-01 00:00:00+00:00
[2026-06-29T16:50:04.240+0000] {processor.py:208} INFO - Processing /opt/airflow/dags/urban_data_pipeline_dag.py took 0.312 seconds
[2026-06-29T16:50:34.640+0000] {processor.py:186} INFO - Started process (PID=10232) to work on /opt/airflow/dags/urban_data_pipeline_dag.py
[2026-06-29T16:50:34.641+0000] {processor.py:914} INFO - Processing file /opt/airflow/dags/urban_data_pipeline_dag.py for tasks to queue
[2026-06-29T16:50:34.644+0000] {logging_mixin.py:190} INFO - [2026-06-29T16:50:34.644+0000] {dagbag.py:588} INFO - Filling up the DagBag from /opt/airflow/dags/urban_data_pipeline_dag.py
[2026-06-29T16:50:34.824+0000] {processor.py:925} INFO - DAG(s) 'urban_data_pipeline' retrieved from /opt/airflow/dags/urban_data_pipeline_dag.py
[2026-06-29T16:50:34.879+0000] {logging_mixin.py:190} INFO - [2026-06-29T16:50:34.879+0000] {dag.py:3239} INFO - Sync 1 DAGs
[2026-06-29T16:50:34.910+0000] {logging_mixin.py:190} INFO - [2026-06-29T16:50:34.909+0000] {dag.py:4180} INFO - Setting next_dagrun for urban_data_pipeline to 2026-06-01 00:00:00+00:00, run_after=2026-07-01 00:00:00+00:00
[2026-06-29T16:50:34.948+0000] {processor.py:208} INFO - Processing /opt/airflow/dags/urban_data_pipeline_dag.py took 0.315 seconds
[2026-06-29T16:51:05.568+0000] {processor.py:186} INFO - Started process (PID=10250) to work on /opt/airflow/dags/urban_data_pipeline_dag.py
[2026-06-29T16:51:05.572+0000] {processor.py:914} INFO - Processing file /opt/airflow/dags/urban_data_pipeline_dag.py for tasks to queue
[2026-06-29T16:51:05.579+0000] {logging_mixin.py:190} INFO - [2026-06-29T16:51:05.578+0000] {dagbag.py:588} INFO - Filling up the DagBag from /opt/airflow/dags/urban_data_pipeline_dag.py
[2026-06-29T16:51:05.723+0000] {processor.py:925} INFO - DAG(s) 'urban_data_pipeline' retrieved from /opt/airflow/dags/urban_data_pipeline_dag.py
[2026-06-29T16:51:05.771+0000] {logging_mixin.py:190} INFO - [2026-06-29T16:51:05.771+0000] {dag.py:3239} INFO - Sync 1 DAGs
[2026-06-29T16:51:05.798+0000] {logging_mixin.py:190} INFO - [2026-06-29T16:51:05.797+0000] {dag.py:4180} INFO - Setting next_dagrun for urban_data_pipeline to 2026-06-01 00:00:00+00:00, run_after=2026-07-01 00:00:00+00:00
[2026-06-29T16:51:05.827+0000] {processor.py:208} INFO - Processing /opt/airflow/dags/urban_data_pipeline_dag.py took 0.275 seconds
[2026-06-29T16:51:36.535+0000] {processor.py:186} INFO - Started process (PID=10268) to work on /opt/airflow/dags/urban_data_pipeline_dag.py
[2026-06-29T16:51:36.537+0000] {processor.py:914} INFO - Processing file /opt/airflow/dags/urban_data_pipeline_dag.py for tasks to queue
[2026-06-29T16:51:36.542+0000] {logging_mixin.py:190} INFO - [2026-06-29T16:51:36.542+0000] {dagbag.py:588} INFO - Filling up the DagBag from /opt/airflow/dags/urban_data_pipeline_dag.py
[2026-06-29T16:51:36.701+0000] {processor.py:925} INFO - DAG(s) 'urban_data_pipeline' retrieved from /opt/airflow/dags/urban_data_pipeline_dag.py
[2026-06-29T16:51:36.758+0000] {logging_mixin.py:190} INFO - [2026-06-29T16:51:36.758+0000] {dag.py:3239} INFO - Sync 1 DAGs
[2026-06-29T16:51:36.796+0000] {logging_mixin.py:190} INFO - [2026-06-29T16:51:36.795+0000] {dag.py:4180} INFO - Setting next_dagrun for urban_data_pipeline to 2026-06-01 00:00:00+00:00, run_after=2026-07-01 00:00:00+00:00
[2026-06-29T16:51:36.826+0000] {processor.py:208} INFO - Processing /opt/airflow/dags/urban_data_pipeline_dag.py took 0.299 seconds
[2026-06-29T16:52:07.528+0000] {processor.py:186} INFO - Started process (PID=10286) to work on /opt/airflow/dags/urban_data_pipeline_dag.py
[2026-06-29T16:52:07.530+0000] {processor.py:914} INFO - Processing file /opt/airflow/dags/urban_data_pipeline_dag.py for tasks to queue
[2026-06-29T16:52:07.533+0000] {logging_mixin.py:190} INFO - [2026-06-29T16:52:07.532+0000] {dagbag.py:588} INFO - Filling up the DagBag from /opt/airflow/dags/urban_data_pipeline_dag.py
[2026-06-29T16:52:07.803+0000] {processor.py:925} INFO - DAG(s) 'urban_data_pipeline' retrieved from /opt/airflow/dags/urban_data_pipeline_dag.py
[2026-06-29T16:52:07.848+0000] {logging_mixin.py:190} INFO - [2026-06-29T16:52:07.848+0000] {dag.py:3239} INFO - Sync 1 DAGs
[2026-06-29T16:52:07.873+0000] {logging_mixin.py:190} INFO - [2026-06-29T16:52:07.873+0000] {dag.py:4180} INFO - Setting next_dagrun for urban_data_pipeline to 2026-06-01 00:00:00+00:00, run_after=2026-07-01 00:00:00+00:00
[2026-06-29T16:52:07.921+0000] {processor.py:208} INFO - Processing /opt/airflow/dags/urban_data_pipeline_dag.py took 0.410 seconds
[2026-06-29T16:52:38.131+0000] {processor.py:186} INFO - Started process (PID=10304) to work on /opt/airflow/dags/urban_data_pipeline_dag.py
[2026-06-29T16:52:38.133+0000] {processor.py:914} INFO - Processing file /opt/airflow/dags/urban_data_pipeline_dag.py for tasks to queue
[2026-06-29T16:52:38.138+0000] {logging_mixin.py:190} INFO - [2026-06-29T16:52:38.137+0000] {dagbag.py:588} INFO - Filling up the DagBag from /opt/airflow/dags/urban_data_pipeline_dag.py
[2026-06-29T16:52:38.512+0000] {processor.py:925} INFO - DAG(s) 'urban_data_pipeline' retrieved from /opt/airflow/dags/urban_data_pipeline_dag.py
[2026-06-29T16:52:38.558+0000] {logging_mixin.py:190} INFO - [2026-06-29T16:52:38.558+0000] {dag.py:3239} INFO - Sync 1 DAGs
[2026-06-29T16:52:38.583+0000] {logging_mixin.py:190} INFO - [2026-06-29T16:52:38.582+0000] {dag.py:4180} INFO - Setting next_dagrun for urban_data_pipeline to 2026-06-01 00:00:00+00:00, run_after=2026-07-01 00:00:00+00:00
[2026-06-29T16:52:38.616+0000] {processor.py:208} INFO - Processing /opt/airflow/dags/urban_data_pipeline_dag.py took 0.494 seconds
[2026-06-29T16:53:09.698+0000] {processor.py:186} INFO - Started process (PID=10322) to work on /opt/airflow/dags/urban_data_pipeline_dag.py
[2026-06-29T16:53:09.700+0000] {processor.py:914} INFO - Processing file /opt/airflow/dags/urban_data_pipeline_dag.py for tasks to queue
[2026-06-29T16:53:09.704+0000] {logging_mixin.py:190} INFO - [2026-06-29T16:53:09.704+0000] {dagbag.py:588} INFO - Filling up the DagBag from /opt/airflow/dags/urban_data_pipeline_dag.py
[2026-06-29T16:53:09.962+0000] {processor.py:925} INFO - DAG(s) 'urban_data_pipeline' retrieved from /opt/airflow/dags/urban_data_pipeline_dag.py
[2026-06-29T16:53:10.029+0000] {logging_mixin.py:190} INFO - [2026-06-29T16:53:10.029+0000] {dag.py:3239} INFO - Sync 1 DAGs
[2026-06-29T16:53:10.054+0000] {logging_mixin.py:190} INFO - [2026-06-29T16:53:10.054+0000] {dag.py:4180} INFO - Setting next_dagrun for urban_data_pipeline to 2026-06-01 00:00:00+00:00, run_after=2026-07-01 00:00:00+00:00
[2026-06-29T16:53:10.081+0000] {processor.py:208} INFO - Processing /opt/airflow/dags/urban_data_pipeline_dag.py took 0.390 seconds
[2026-06-29T16:53:40.802+0000] {processor.py:186} INFO - Started process (PID=10339) to work on /opt/airflow/dags/urban_data_pipeline_dag.py
[2026-06-29T16:53:40.803+0000] {processor.py:914} INFO - Processing file /opt/airflow/dags/urban_data_pipeline_dag.py for tasks to queue
[2026-06-29T16:53:40.807+0000] {logging_mixin.py:190} INFO - [2026-06-29T16:53:40.807+0000] {dagbag.py:588} INFO - Filling up the DagBag from /opt/airflow/dags/urban_data_pipeline_dag.py
[2026-06-29T16:53:40.927+0000] {processor.py:925} INFO - DAG(s) 'urban_data_pipeline' retrieved from /opt/airflow/dags/urban_data_pipeline_dag.py
[2026-06-29T16:53:40.977+0000] {logging_mixin.py:190} INFO - [2026-06-29T16:53:40.977+0000] {dag.py:3239} INFO - Sync 1 DAGs
[2026-06-29T16:53:41.015+0000] {logging_mixin.py:190} INFO - [2026-06-29T16:53:41.015+0000] {dag.py:4180} INFO - Setting next_dagrun for urban_data_pipeline to 2026-06-01 00:00:00+00:00, run_after=2026-07-01 00:00:00+00:00
[2026-06-29T16:53:41.047+0000] {processor.py:208} INFO - Processing /opt/airflow/dags/urban_data_pipeline_dag.py took 0.254 seconds
[2026-06-29T16:54:11.930+0000] {processor.py:186} INFO - Started process (PID=10350) to work on /opt/airflow/dags/urban_data_pipeline_dag.py
[2026-06-29T16:54:11.934+0000] {processor.py:914} INFO - Processing file /opt/airflow/dags/urban_data_pipeline_dag.py for tasks to queue
[2026-06-29T16:54:11.947+0000] {logging_mixin.py:190} INFO - [2026-06-29T16:54:11.945+0000] {dagbag.py:588} INFO - Filling up the DagBag from /opt/airflow/dags/urban_data_pipeline_dag.py
[2026-06-29T16:54:12.080+0000] {processor.py:925} INFO - DAG(s) 'urban_data_pipeline' retrieved from /opt/airflow/dags/urban_data_pipeline_dag.py
[2026-06-29T16:54:12.124+0000] {logging_mixin.py:190} INFO - [2026-06-29T16:54:12.124+0000] {dag.py:3239} INFO - Sync 1 DAGs
[2026-06-29T16:54:12.148+0000] {logging_mixin.py:190} INFO - [2026-06-29T16:54:12.148+0000] {dag.py:4180} INFO - Setting next_dagrun for urban_data_pipeline to 2026-06-01 00:00:00+00:00, run_after=2026-07-01 00:00:00+00:00
[2026-06-29T16:54:12.171+0000] {processor.py:208} INFO - Processing /opt/airflow/dags/urban_data_pipeline_dag.py took 0.264 seconds
[2026-06-29T16:54:42.766+0000] {processor.py:186} INFO - Started process (PID=10368) to work on /opt/airflow/dags/urban_data_pipeline_dag.py
[2026-06-29T16:54:42.769+0000] {processor.py:914} INFO - Processing file /opt/airflow/dags/urban_data_pipeline_dag.py for tasks to queue
[2026-06-29T16:54:42.772+0000] {logging_mixin.py:190} INFO - [2026-06-29T16:54:42.771+0000] {dagbag.py:588} INFO - Filling up the DagBag from /opt/airflow/dags/urban_data_pipeline_dag.py
[2026-06-29T16:54:42.898+0000] {processor.py:925} INFO - DAG(s) 'urban_data_pipeline' retrieved from /opt/airflow/dags/urban_data_pipeline_dag.py
[2026-06-29T16:54:42.949+0000] {logging_mixin.py:190} INFO - [2026-06-29T16:54:42.948+0000] {dag.py:3239} INFO - Sync 1 DAGs
[2026-06-29T16:54:42.975+0000] {logging_mixin.py:190} INFO - [2026-06-29T16:54:42.975+0000] {dag.py:4180} INFO - Setting next_dagrun for urban_data_pipeline to 2026-06-01 00:00:00+00:00, run_after=2026-07-01 00:00:00+00:00
[2026-06-29T16:54:43.001+0000] {processor.py:208} INFO - Processing /opt/airflow/dags/urban_data_pipeline_dag.py took 0.243 seconds
[2026-06-29T16:55:13.623+0000] {processor.py:186} INFO - Started process (PID=10386) to work on /opt/airflow/dags/urban_data_pipeline_dag.py
[2026-06-29T16:55:13.626+0000] {processor.py:914} INFO - Processing file /opt/airflow/dags/urban_data_pipeline_dag.py for tasks to queue
[2026-06-29T16:55:13.629+0000] {logging_mixin.py:190} INFO - [2026-06-29T16:55:13.629+0000] {dagbag.py:588} INFO - Filling up the DagBag from /opt/airflow/dags/urban_data_pipeline_dag.py
[2026-06-29T16:55:13.848+0000] {processor.py:925} INFO - DAG(s) 'urban_data_pipeline' retrieved from /opt/airflow/dags/urban_data_pipeline_dag.py
[2026-06-29T16:55:13.897+0000] {logging_mixin.py:190} INFO - [2026-06-29T16:55:13.897+0000] {dag.py:3239} INFO - Sync 1 DAGs
[2026-06-29T16:55:13.951+0000] {logging_mixin.py:190} INFO - [2026-06-29T16:55:13.950+0000] {dag.py:4180} INFO - Setting next_dagrun for urban_data_pipeline to 2026-06-01 00:00:00+00:00, run_after=2026-07-01 00:00:00+00:00
[2026-06-29T16:55:13.986+0000] {processor.py:208} INFO - Processing /opt/airflow/dags/urban_data_pipeline_dag.py took 0.372 seconds
[2026-06-29T16:55:44.620+0000] {processor.py:186} INFO - Started process (PID=10404) to work on /opt/airflow/dags/urban_data_pipeline_dag.py
[2026-06-29T16:55:44.621+0000] {processor.py:914} INFO - Processing file /opt/airflow/dags/urban_data_pipeline_dag.py for tasks to queue
[2026-06-29T16:55:44.625+0000] {logging_mixin.py:190} INFO - [2026-06-29T16:55:44.624+0000] {dagbag.py:588} INFO - Filling up the DagBag from /opt/airflow/dags/urban_data_pipeline_dag.py
[2026-06-29T16:55:44.800+0000] {processor.py:925} INFO - DAG(s) 'urban_data_pipeline' retrieved from /opt/airflow/dags/urban_data_pipeline_dag.py
[2026-06-29T16:55:44.844+0000] {logging_mixin.py:190} INFO - [2026-06-29T16:55:44.844+0000] {dag.py:3239} INFO - Sync 1 DAGs
[2026-06-29T16:55:44.877+0000] {logging_mixin.py:190} INFO - [2026-06-29T16:55:44.876+0000] {dag.py:4180} INFO - Setting next_dagrun for urban_data_pipeline to 2026-06-01 00:00:00+00:00, run_after=2026-07-01 00:00:00+00:00
[2026-06-29T16:55:44.910+0000] {processor.py:208} INFO - Processing /opt/airflow/dags/urban_data_pipeline_dag.py took 0.299 seconds
[2026-06-29T16:56:15.470+0000] {processor.py:186} INFO - Started process (PID=10422) to work on /opt/airflow/dags/urban_data_pipeline_dag.py
[2026-06-29T16:56:15.471+0000] {processor.py:914} INFO - Processing file /opt/airflow/dags/urban_data_pipeline_dag.py for tasks to queue
[2026-06-29T16:56:15.476+0000] {logging_mixin.py:190} INFO - [2026-06-29T16:56:15.475+0000] {dagbag.py:588} INFO - Filling up the DagBag from /opt/airflow/dags/urban_data_pipeline_dag.py
[2026-06-29T16:56:15.717+0000] {processor.py:925} INFO - DAG(s) 'urban_data_pipeline' retrieved from /opt/airflow/dags/urban_data_pipeline_dag.py
[2026-06-29T16:56:15.774+0000] {logging_mixin.py:190} INFO - [2026-06-29T16:56:15.774+0000] {dag.py:3239} INFO - Sync 1 DAGs
[2026-06-29T16:56:15.804+0000] {logging_mixin.py:190} INFO - [2026-06-29T16:56:15.804+0000] {dag.py:4180} INFO - Setting next_dagrun for urban_data_pipeline to 2026-06-01 00:00:00+00:00, run_after=2026-07-01 00:00:00+00:00
[2026-06-29T16:56:15.860+0000] {processor.py:208} INFO - Processing /opt/airflow/dags/urban_data_pipeline_dag.py took 0.397 seconds
[2026-06-29T16:56:46.518+0000] {processor.py:186} INFO - Started process (PID=10440) to work on /opt/airflow/dags/urban_data_pipeline_dag.py
[2026-06-29T16:56:46.519+0000] {processor.py:914} INFO - Processing file /opt/airflow/dags/urban_data_pipeline_dag.py for tasks to queue
[2026-06-29T16:56:46.522+0000] {logging_mixin.py:190} INFO - [2026-06-29T16:56:46.521+0000] {dagbag.py:588} INFO - Filling up the DagBag from /opt/airflow/dags/urban_data_pipeline_dag.py
[2026-06-29T16:56:46.647+0000] {processor.py:925} INFO - DAG(s) 'urban_data_pipeline' retrieved from /opt/airflow/dags/urban_data_pipeline_dag.py
[2026-06-29T16:56:46.695+0000] {logging_mixin.py:190} INFO - [2026-06-29T16:56:46.695+0000] {dag.py:3239} INFO - Sync 1 DAGs
[2026-06-29T16:56:46.722+0000] {logging_mixin.py:190} INFO - [2026-06-29T16:56:46.722+0000] {dag.py:4180} INFO - Setting next_dagrun for urban_data_pipeline to 2026-06-01 00:00:00+00:00, run_after=2026-07-01 00:00:00+00:00
[2026-06-29T16:56:46.750+0000] {processor.py:208} INFO - Processing /opt/airflow/dags/urban_data_pipeline_dag.py took 0.239 seconds
[2026-06-29T16:57:17.421+0000] {processor.py:186} INFO - Started process (PID=10459) to work on /opt/airflow/dags/urban_data_pipeline_dag.py
[2026-06-29T16:57:17.423+0000] {processor.py:914} INFO - Processing file /opt/airflow/dags/urban_data_pipeline_dag.py for tasks to queue
[2026-06-29T16:57:17.429+0000] {logging_mixin.py:190} INFO - [2026-06-29T16:57:17.428+0000] {dagbag.py:588} INFO - Filling up the DagBag from /opt/airflow/dags/urban_data_pipeline_dag.py
[2026-06-29T16:57:17.641+0000] {processor.py:925} INFO - DAG(s) 'urban_data_pipeline' retrieved from /opt/airflow/dags/urban_data_pipeline_dag.py
[2026-06-29T16:57:17.733+0000] {logging_mixin.py:190} INFO - [2026-06-29T16:57:17.732+0000] {dag.py:3239} INFO - Sync 1 DAGs
[2026-06-29T16:57:17.757+0000] {logging_mixin.py:190} INFO - [2026-06-29T16:57:17.757+0000] {dag.py:4180} INFO - Setting next_dagrun for urban_data_pipeline to 2026-06-01 00:00:00+00:00, run_after=2026-07-01 00:00:00+00:00
[2026-06-29T16:57:17.782+0000] {processor.py:208} INFO - Processing /opt/airflow/dags/urban_data_pipeline_dag.py took 0.371 seconds
[2026-06-29T16:57:48.262+0000] {processor.py:186} INFO - Started process (PID=10477) to work on /opt/airflow/dags/urban_data_pipeline_dag.py
[2026-06-29T16:57:48.264+0000] {processor.py:914} INFO - Processing file /opt/airflow/dags/urban_data_pipeline_dag.py for tasks to queue
[2026-06-29T16:57:48.268+0000] {logging_mixin.py:190} INFO - [2026-06-29T16:57:48.267+0000] {dagbag.py:588} INFO - Filling up the DagBag from /opt/airflow/dags/urban_data_pipeline_dag.py
[2026-06-29T16:57:48.761+0000] {processor.py:925} INFO - DAG(s) 'urban_data_pipeline' retrieved from /opt/airflow/dags/urban_data_pipeline_dag.py
[2026-06-29T16:57:48.815+0000] {logging_mixin.py:190} INFO - [2026-06-29T16:57:48.814+0000] {dag.py:3239} INFO - Sync 1 DAGs
[2026-06-29T16:57:48.840+0000] {logging_mixin.py:190} INFO - [2026-06-29T16:57:48.840+0000] {dag.py:4180} INFO - Setting next_dagrun for urban_data_pipeline to 2026-06-01 00:00:00+00:00, run_after=2026-07-01 00:00:00+00:00
[2026-06-29T16:57:48.871+0000] {processor.py:208} INFO - Processing /opt/airflow/dags/urban_data_pipeline_dag.py took 0.614 seconds
[2026-06-29T16:58:19.197+0000] {processor.py:186} INFO - Started process (PID=10495) to work on /opt/airflow/dags/urban_data_pipeline_dag.py
[2026-06-29T16:58:19.200+0000] {processor.py:914} INFO - Processing file /opt/airflow/dags/urban_data_pipeline_dag.py for tasks to queue
[2026-06-29T16:58:19.208+0000] {logging_mixin.py:190} INFO - [2026-06-29T16:58:19.207+0000] {dagbag.py:588} INFO - Filling up the DagBag from /opt/airflow/dags/urban_data_pipeline_dag.py
[2026-06-29T16:58:19.636+0000] {processor.py:925} INFO - DAG(s) 'urban_data_pipeline' retrieved from /opt/airflow/dags/urban_data_pipeline_dag.py
[2026-06-29T16:58:19.684+0000] {logging_mixin.py:190} INFO - [2026-06-29T16:58:19.684+0000] {dag.py:3239} INFO - Sync 1 DAGs
[2026-06-29T16:58:19.710+0000] {logging_mixin.py:190} INFO - [2026-06-29T16:58:19.710+0000] {dag.py:4180} INFO - Setting next_dagrun for urban_data_pipeline to 2026-06-01 00:00:00+00:00, run_after=2026-07-01 00:00:00+00:00
[2026-06-29T16:58:19.737+0000] {processor.py:208} INFO - Processing /opt/airflow/dags/urban_data_pipeline_dag.py took 0.560 seconds
[2026-06-29T16:58:50.838+0000] {processor.py:186} INFO - Started process (PID=10513) to work on /opt/airflow/dags/urban_data_pipeline_dag.py
[2026-06-29T16:58:50.839+0000] {processor.py:914} INFO - Processing file /opt/airflow/dags/urban_data_pipeline_dag.py for tasks to queue
[2026-06-29T16:58:50.842+0000] {logging_mixin.py:190} INFO - [2026-06-29T16:58:50.842+0000] {dagbag.py:588} INFO - Filling up the DagBag from /opt/airflow/dags/urban_data_pipeline_dag.py
[2026-06-29T16:58:51.166+0000] {processor.py:925} INFO - DAG(s) 'urban_data_pipeline' retrieved from /opt/airflow/dags/urban_data_pipeline_dag.py
[2026-06-29T16:58:51.209+0000] {logging_mixin.py:190} INFO - [2026-06-29T16:58:51.209+0000] {dag.py:3239} INFO - Sync 1 DAGs
[2026-06-29T16:58:51.233+0000] {logging_mixin.py:190} INFO - [2026-06-29T16:58:51.233+0000] {dag.py:4180} INFO - Setting next_dagrun for urban_data_pipeline to 2026-06-01 00:00:00+00:00, run_after=2026-07-01 00:00:00+00:00
[2026-06-29T16:58:51.256+0000] {processor.py:208} INFO - Processing /opt/airflow/dags/urban_data_pipeline_dag.py took 0.424 seconds
[2026-06-29T16:59:21.933+0000] {processor.py:186} INFO - Started process (PID=10530) to work on /opt/airflow/dags/urban_data_pipeline_dag.py
[2026-06-29T16:59:21.934+0000] {processor.py:914} INFO - Processing file /opt/airflow/dags/urban_data_pipeline_dag.py for tasks to queue
[2026-06-29T16:59:21.937+0000] {logging_mixin.py:190} INFO - [2026-06-29T16:59:21.937+0000] {dagbag.py:588} INFO - Filling up the DagBag from /opt/airflow/dags/urban_data_pipeline_dag.py
[2026-06-29T16:59:22.093+0000] {processor.py:925} INFO - DAG(s) 'urban_data_pipeline' retrieved from /opt/airflow/dags/urban_data_pipeline_dag.py
[2026-06-29T16:59:22.143+0000] {logging_mixin.py:190} INFO - [2026-06-29T16:59:22.143+0000] {dag.py:3239} INFO - Sync 1 DAGs
[2026-06-29T16:59:22.169+0000] {logging_mixin.py:190} INFO - [2026-06-29T16:59:22.168+0000] {dag.py:4180} INFO - Setting next_dagrun for urban_data_pipeline to 2026-06-01 00:00:00+00:00, run_after=2026-07-01 00:00:00+00:00
[2026-06-29T16:59:22.195+0000] {processor.py:208} INFO - Processing /opt/airflow/dags/urban_data_pipeline_dag.py took 0.270 seconds
[2026-06-29T16:59:52.898+0000] {processor.py:186} INFO - Started process (PID=10548) to work on /opt/airflow/dags/urban_data_pipeline_dag.py
[2026-06-29T16:59:52.899+0000] {processor.py:914} INFO - Processing file /opt/airflow/dags/urban_data_pipeline_dag.py for tasks to queue
[2026-06-29T16:59:52.902+0000] {logging_mixin.py:190} INFO - [2026-06-29T16:59:52.902+0000] {dagbag.py:588} INFO - Filling up the DagBag from /opt/airflow/dags/urban_data_pipeline_dag.py
[2026-06-29T16:59:53.035+0000] {processor.py:925} INFO - DAG(s) 'urban_data_pipeline' retrieved from /opt/airflow/dags/urban_data_pipeline_dag.py
[2026-06-29T16:59:53.094+0000] {logging_mixin.py:190} INFO - [2026-06-29T16:59:53.093+0000] {dag.py:3239} INFO - Sync 1 DAGs
[2026-06-29T16:59:53.121+0000] {logging_mixin.py:190} INFO - [2026-06-29T16:59:53.120+0000] {dag.py:4180} INFO - Setting next_dagrun for urban_data_pipeline to 2026-06-01 00:00:00+00:00, run_after=2026-07-01 00:00:00+00:00
[2026-06-29T16:59:53.154+0000] {processor.py:208} INFO - Processing /opt/airflow/dags/urban_data_pipeline_dag.py took 0.269 seconds
[2026-06-29T17:00:23.729+0000] {processor.py:186} INFO - Started process (PID=10559) to work on /opt/airflow/dags/urban_data_pipeline_dag.py
[2026-06-29T17:00:23.731+0000] {processor.py:914} INFO - Processing file /opt/airflow/dags/urban_data_pipeline_dag.py for tasks to queue
[2026-06-29T17:00:23.735+0000] {logging_mixin.py:190} INFO - [2026-06-29T17:00:23.734+0000] {dagbag.py:588} INFO - Filling up the DagBag from /opt/airflow/dags/urban_data_pipeline_dag.py
[2026-06-29T17:00:23.876+0000] {processor.py:925} INFO - DAG(s) 'urban_data_pipeline' retrieved from /opt/airflow/dags/urban_data_pipeline_dag.py
[2026-06-29T17:00:23.925+0000] {logging_mixin.py:190} INFO - [2026-06-29T17:00:23.925+0000] {dag.py:3239} INFO - Sync 1 DAGs
[2026-06-29T17:00:23.955+0000] {logging_mixin.py:190} INFO - [2026-06-29T17:00:23.954+0000] {dag.py:4180} INFO - Setting next_dagrun for urban_data_pipeline to 2026-06-01 00:00:00+00:00, run_after=2026-07-01 00:00:00+00:00
[2026-06-29T17:00:23.981+0000] {processor.py:208} INFO - Processing /opt/airflow/dags/urban_data_pipeline_dag.py took 0.262 seconds
[2026-06-29T17:00:54.865+0000] {processor.py:186} INFO - Started process (PID=10577) to work on /opt/airflow/dags/urban_data_pipeline_dag.py
[2026-06-29T17:00:54.867+0000] {processor.py:914} INFO - Processing file /opt/airflow/dags/urban_data_pipeline_dag.py for tasks to queue
[2026-06-29T17:00:54.870+0000] {logging_mixin.py:190} INFO - [2026-06-29T17:00:54.870+0000] {dagbag.py:588} INFO - Filling up the DagBag from /opt/airflow/dags/urban_data_pipeline_dag.py
[2026-06-29T17:00:55.060+0000] {processor.py:925} INFO - DAG(s) 'urban_data_pipeline' retrieved from /opt/airflow/dags/urban_data_pipeline_dag.py
[2026-06-29T17:00:55.121+0000] {logging_mixin.py:190} INFO - [2026-06-29T17:00:55.121+0000] {dag.py:3239} INFO - Sync 1 DAGs
[2026-06-29T17:00:55.151+0000] {logging_mixin.py:190} INFO - [2026-06-29T17:00:55.151+0000] {dag.py:4180} INFO - Setting next_dagrun for urban_data_pipeline to 2026-06-01 00:00:00+00:00, run_after=2026-07-01 00:00:00+00:00
[2026-06-29T17:00:55.179+0000] {processor.py:208} INFO - Processing /opt/airflow/dags/urban_data_pipeline_dag.py took 0.327 seconds
[2026-06-29T17:01:25.505+0000] {processor.py:186} INFO - Started process (PID=10595) to work on /opt/airflow/dags/urban_data_pipeline_dag.py
[2026-06-29T17:01:25.507+0000] {processor.py:914} INFO - Processing file /opt/airflow/dags/urban_data_pipeline_dag.py for tasks to queue
[2026-06-29T17:01:25.511+0000] {logging_mixin.py:190} INFO - [2026-06-29T17:01:25.511+0000] {dagbag.py:588} INFO - Filling up the DagBag from /opt/airflow/dags/urban_data_pipeline_dag.py
[2026-06-29T17:01:25.812+0000] {processor.py:925} INFO - DAG(s) 'urban_data_pipeline' retrieved from /opt/airflow/dags/urban_data_pipeline_dag.py
[2026-06-29T17:01:25.879+0000] {logging_mixin.py:190} INFO - [2026-06-29T17:01:25.879+0000] {dag.py:3239} INFO - Sync 1 DAGs
[2026-06-29T17:01:25.907+0000] {logging_mixin.py:190} INFO - [2026-06-29T17:01:25.907+0000] {dag.py:4180} INFO - Setting next_dagrun for urban_data_pipeline to 2026-06-01 00:00:00+00:00, run_after=2026-07-01 00:00:00+00:00
[2026-06-29T17:01:25.941+0000] {processor.py:208} INFO - Processing /opt/airflow/dags/urban_data_pipeline_dag.py took 0.449 seconds
[2026-06-29T17:01:56.803+0000] {processor.py:186} INFO - Started process (PID=10614) to work on /opt/airflow/dags/urban_data_pipeline_dag.py
[2026-06-29T17:01:56.805+0000] {processor.py:914} INFO - Processing file /opt/airflow/dags/urban_data_pipeline_dag.py for tasks to queue
[2026-06-29T17:01:56.811+0000] {logging_mixin.py:190} INFO - [2026-06-29T17:01:56.809+0000] {dagbag.py:588} INFO - Filling up the DagBag from /opt/airflow/dags/urban_data_pipeline_dag.py
[2026-06-29T17:01:56.984+0000] {processor.py:925} INFO - DAG(s) 'urban_data_pipeline' retrieved from /opt/airflow/dags/urban_data_pipeline_dag.py
[2026-06-29T17:01:57.051+0000] {logging_mixin.py:190} INFO - [2026-06-29T17:01:57.051+0000] {dag.py:3239} INFO - Sync 1 DAGs
[2026-06-29T17:01:57.099+0000] {logging_mixin.py:190} INFO - [2026-06-29T17:01:57.098+0000] {dag.py:4180} INFO - Setting next_dagrun for urban_data_pipeline to 2026-06-01 00:00:00+00:00, run_after=2026-07-01 00:00:00+00:00
[2026-06-29T17:01:57.190+0000] {processor.py:208} INFO - Processing /opt/airflow/dags/urban_data_pipeline_dag.py took 0.398 seconds
[2026-06-29T17:02:27.979+0000] {processor.py:186} INFO - Started process (PID=10632) to work on /opt/airflow/dags/urban_data_pipeline_dag.py
[2026-06-29T17:02:27.981+0000] {processor.py:914} INFO - Processing file /opt/airflow/dags/urban_data_pipeline_dag.py for tasks to queue
[2026-06-29T17:02:27.985+0000] {logging_mixin.py:190} INFO - [2026-06-29T17:02:27.984+0000] {dagbag.py:588} INFO - Filling up the DagBag from /opt/airflow/dags/urban_data_pipeline_dag.py
[2026-06-29T17:02:28.232+0000] {processor.py:925} INFO - DAG(s) 'urban_data_pipeline' retrieved from /opt/airflow/dags/urban_data_pipeline_dag.py
[2026-06-29T17:02:28.280+0000] {logging_mixin.py:190} INFO - [2026-06-29T17:02:28.280+0000] {dag.py:3239} INFO - Sync 1 DAGs
[2026-06-29T17:02:28.309+0000] {logging_mixin.py:190} INFO - [2026-06-29T17:02:28.309+0000] {dag.py:4180} INFO - Setting next_dagrun for urban_data_pipeline to 2026-06-01 00:00:00+00:00, run_after=2026-07-01 00:00:00+00:00
[2026-06-29T17:02:28.344+0000] {processor.py:208} INFO - Processing /opt/airflow/dags/urban_data_pipeline_dag.py took 0.377 seconds
[2026-06-29T17:02:59.224+0000] {processor.py:186} INFO - Started process (PID=10650) to work on /opt/airflow/dags/urban_data_pipeline_dag.py
[2026-06-29T17:02:59.226+0000] {processor.py:914} INFO - Processing file /opt/airflow/dags/urban_data_pipeline_dag.py for tasks to queue
[2026-06-29T17:02:59.232+0000] {logging_mixin.py:190} INFO - [2026-06-29T17:02:59.231+0000] {dagbag.py:588} INFO - Filling up the DagBag from /opt/airflow/dags/urban_data_pipeline_dag.py
[2026-06-29T17:02:59.465+0000] {processor.py:925} INFO - DAG(s) 'urban_data_pipeline' retrieved from /opt/airflow/dags/urban_data_pipeline_dag.py
[2026-06-29T17:02:59.517+0000] {logging_mixin.py:190} INFO - [2026-06-29T17:02:59.517+0000] {dag.py:3239} INFO - Sync 1 DAGs
[2026-06-29T17:02:59.545+0000] {logging_mixin.py:190} INFO - [2026-06-29T17:02:59.545+0000] {dag.py:4180} INFO - Setting next_dagrun for urban_data_pipeline to 2026-06-01 00:00:00+00:00, run_after=2026-07-01 00:00:00+00:00
[2026-06-29T17:02:59.574+0000] {processor.py:208} INFO - Processing /opt/airflow/dags/urban_data_pipeline_dag.py took 0.362 seconds
[2026-06-29T17:03:29.852+0000] {processor.py:186} INFO - Started process (PID=10668) to work on /opt/airflow/dags/urban_data_pipeline_dag.py
[2026-06-29T17:03:29.853+0000] {processor.py:914} INFO - Processing file /opt/airflow/dags/urban_data_pipeline_dag.py for tasks to queue
[2026-06-29T17:03:29.857+0000] {logging_mixin.py:190} INFO - [2026-06-29T17:03:29.856+0000] {dagbag.py:588} INFO - Filling up the DagBag from /opt/airflow/dags/urban_data_pipeline_dag.py
[2026-06-29T17:03:29.984+0000] {processor.py:925} INFO - DAG(s) 'urban_data_pipeline' retrieved from /opt/airflow/dags/urban_data_pipeline_dag.py
[2026-06-29T17:03:30.027+0000] {logging_mixin.py:190} INFO - [2026-06-29T17:03:30.027+0000] {dag.py:3239} INFO - Sync 1 DAGs
[2026-06-29T17:03:30.052+0000] {logging_mixin.py:190} INFO - [2026-06-29T17:03:30.052+0000] {dag.py:4180} INFO - Setting next_dagrun for urban_data_pipeline to 2026-06-01 00:00:00+00:00, run_after=2026-07-01 00:00:00+00:00
[2026-06-29T17:03:30.089+0000] {processor.py:208} INFO - Processing /opt/airflow/dags/urban_data_pipeline_dag.py took 0.245 seconds
[2026-06-29T17:04:01.040+0000] {processor.py:186} INFO - Started process (PID=10686) to work on /opt/airflow/dags/urban_data_pipeline_dag.py
[2026-06-29T17:04:01.042+0000] {processor.py:914} INFO - Processing file /opt/airflow/dags/urban_data_pipeline_dag.py for tasks to queue
[2026-06-29T17:04:01.046+0000] {logging_mixin.py:190} INFO - [2026-06-29T17:04:01.045+0000] {dagbag.py:588} INFO - Filling up the DagBag from /opt/airflow/dags/urban_data_pipeline_dag.py
[2026-06-29T17:04:01.268+0000] {processor.py:925} INFO - DAG(s) 'urban_data_pipeline' retrieved from /opt/airflow/dags/urban_data_pipeline_dag.py
[2026-06-29T17:04:01.317+0000] {logging_mixin.py:190} INFO - [2026-06-29T17:04:01.317+0000] {dag.py:3239} INFO - Sync 1 DAGs
[2026-06-29T17:04:01.344+0000] {logging_mixin.py:190} INFO - [2026-06-29T17:04:01.344+0000] {dag.py:4180} INFO - Setting next_dagrun for urban_data_pipeline to 2026-06-01 00:00:00+00:00, run_after=2026-07-01 00:00:00+00:00
[2026-06-29T17:04:01.373+0000] {processor.py:208} INFO - Processing /opt/airflow/dags/urban_data_pipeline_dag.py took 0.342 seconds
[2026-06-29T17:04:32.101+0000] {processor.py:186} INFO - Started process (PID=10704) to work on /opt/airflow/dags/urban_data_pipeline_dag.py
[2026-06-29T17:04:32.102+0000] {processor.py:914} INFO - Processing file /opt/airflow/dags/urban_data_pipeline_dag.py for tasks to queue
[2026-06-29T17:04:32.108+0000] {logging_mixin.py:190} INFO - [2026-06-29T17:04:32.108+0000] {dagbag.py:588} INFO - Filling up the DagBag from /opt/airflow/dags/urban_data_pipeline_dag.py
[2026-06-29T17:04:32.260+0000] {processor.py:925} INFO - DAG(s) 'urban_data_pipeline' retrieved from /opt/airflow/dags/urban_data_pipeline_dag.py
[2026-06-29T17:04:32.315+0000] {logging_mixin.py:190} INFO - [2026-06-29T17:04:32.315+0000] {dag.py:3239} INFO - Sync 1 DAGs
[2026-06-29T17:04:32.350+0000] {logging_mixin.py:190} INFO - [2026-06-29T17:04:32.350+0000] {dag.py:4180} INFO - Setting next_dagrun for urban_data_pipeline to 2026-06-01 00:00:00+00:00, run_after=2026-07-01 00:00:00+00:00
[2026-06-29T17:04:32.382+0000] {processor.py:208} INFO - Processing /opt/airflow/dags/urban_data_pipeline_dag.py took 0.292 seconds
[2026-06-29T17:05:03.001+0000] {processor.py:186} INFO - Started process (PID=10721) to work on /opt/airflow/dags/urban_data_pipeline_dag.py
[2026-06-29T17:05:03.003+0000] {processor.py:914} INFO - Processing file /opt/airflow/dags/urban_data_pipeline_dag.py for tasks to queue
[2026-06-29T17:05:03.009+0000] {logging_mixin.py:190} INFO - [2026-06-29T17:05:03.008+0000] {dagbag.py:588} INFO - Filling up the DagBag from /opt/airflow/dags/urban_data_pipeline_dag.py
[2026-06-29T17:05:03.150+0000] {processor.py:925} INFO - DAG(s) 'urban_data_pipeline' retrieved from /opt/airflow/dags/urban_data_pipeline_dag.py
[2026-06-29T17:05:03.193+0000] {logging_mixin.py:190} INFO - [2026-06-29T17:05:03.192+0000] {dag.py:3239} INFO - Sync 1 DAGs
[2026-06-29T17:05:03.216+0000] {logging_mixin.py:190} INFO - [2026-06-29T17:05:03.215+0000] {dag.py:4180} INFO - Setting next_dagrun for urban_data_pipeline to 2026-06-01 00:00:00+00:00, run_after=2026-07-01 00:00:00+00:00
[2026-06-29T17:05:03.239+0000] {processor.py:208} INFO - Processing /opt/airflow/dags/urban_data_pipeline_dag.py took 0.249 seconds
[2026-06-29T17:05:33.836+0000] {processor.py:186} INFO - Started process (PID=10732) to work on /opt/airflow/dags/urban_data_pipeline_dag.py
[2026-06-29T17:05:33.838+0000] {processor.py:914} INFO - Processing file /opt/airflow/dags/urban_data_pipeline_dag.py for tasks to queue
[2026-06-29T17:05:33.841+0000] {logging_mixin.py:190} INFO - [2026-06-29T17:05:33.841+0000] {dagbag.py:588} INFO - Filling up the DagBag from /opt/airflow/dags/urban_data_pipeline_dag.py
[2026-06-29T17:05:33.954+0000] {processor.py:925} INFO - DAG(s) 'urban_data_pipeline' retrieved from /opt/airflow/dags/urban_data_pipeline_dag.py
[2026-06-29T17:05:33.997+0000] {logging_mixin.py:190} INFO - [2026-06-29T17:05:33.996+0000] {dag.py:3239} INFO - Sync 1 DAGs
[2026-06-29T17:05:34.019+0000] {logging_mixin.py:190} INFO - [2026-06-29T17:05:34.019+0000] {dag.py:4180} INFO - Setting next_dagrun for urban_data_pipeline to 2026-06-01 00:00:00+00:00, run_after=2026-07-01 00:00:00+00:00
[2026-06-29T17:05:34.043+0000] {processor.py:208} INFO - Processing /opt/airflow/dags/urban_data_pipeline_dag.py took 0.220 seconds
[2026-06-29T17:06:04.934+0000] {processor.py:186} INFO - Started process (PID=10750) to work on /opt/airflow/dags/urban_data_pipeline_dag.py
[2026-06-29T17:06:04.935+0000] {processor.py:914} INFO - Processing file /opt/airflow/dags/urban_data_pipeline_dag.py for tasks to queue
[2026-06-29T17:06:04.939+0000] {logging_mixin.py:190} INFO - [2026-06-29T17:06:04.938+0000] {dagbag.py:588} INFO - Filling up the DagBag from /opt/airflow/dags/urban_data_pipeline_dag.py
[2026-06-29T17:06:05.087+0000] {processor.py:925} INFO - DAG(s) 'urban_data_pipeline' retrieved from /opt/airflow/dags/urban_data_pipeline_dag.py
[2026-06-29T17:06:05.134+0000] {logging_mixin.py:190} INFO - [2026-06-29T17:06:05.133+0000] {dag.py:3239} INFO - Sync 1 DAGs
[2026-06-29T17:06:05.159+0000] {logging_mixin.py:190} INFO - [2026-06-29T17:06:05.158+0000] {dag.py:4180} INFO - Setting next_dagrun for urban_data_pipeline to 2026-06-01 00:00:00+00:00, run_after=2026-07-01 00:00:00+00:00
[2026-06-29T17:06:05.181+0000] {processor.py:208} INFO - Processing /opt/airflow/dags/urban_data_pipeline_dag.py took 0.256 seconds
[2026-06-29T17:06:35.989+0000] {processor.py:186} INFO - Started process (PID=10768) to work on /opt/airflow/dags/urban_data_pipeline_dag.py
[2026-06-29T17:06:35.991+0000] {processor.py:914} INFO - Processing file /opt/airflow/dags/urban_data_pipeline_dag.py for tasks to queue
[2026-06-29T17:06:35.993+0000] {logging_mixin.py:190} INFO - [2026-06-29T17:06:35.993+0000] {dagbag.py:588} INFO - Filling up the DagBag from /opt/airflow/dags/urban_data_pipeline_dag.py
[2026-06-29T17:06:36.149+0000] {processor.py:925} INFO - DAG(s) 'urban_data_pipeline' retrieved from /opt/airflow/dags/urban_data_pipeline_dag.py
[2026-06-29T17:06:36.198+0000] {logging_mixin.py:190} INFO - [2026-06-29T17:06:36.198+0000] {dag.py:3239} INFO - Sync 1 DAGs
[2026-06-29T17:06:36.222+0000] {logging_mixin.py:190} INFO - [2026-06-29T17:06:36.222+0000] {dag.py:4180} INFO - Setting next_dagrun for urban_data_pipeline to 2026-06-01 00:00:00+00:00, run_after=2026-07-01 00:00:00+00:00
[2026-06-29T17:06:36.242+0000] {processor.py:208} INFO - Processing /opt/airflow/dags/urban_data_pipeline_dag.py took 0.259 seconds
[2026-06-29T17:07:06.855+0000] {processor.py:186} INFO - Started process (PID=10786) to work on /opt/airflow/dags/urban_data_pipeline_dag.py
[2026-06-29T17:07:06.860+0000] {processor.py:914} INFO - Processing file /opt/airflow/dags/urban_data_pipeline_dag.py for tasks to queue
[2026-06-29T17:07:06.868+0000] {logging_mixin.py:190} INFO - [2026-06-29T17:07:06.867+0000] {dagbag.py:588} INFO - Filling up the DagBag from /opt/airflow/dags/urban_data_pipeline_dag.py
[2026-06-29T17:07:07.001+0000] {processor.py:925} INFO - DAG(s) 'urban_data_pipeline' retrieved from /opt/airflow/dags/urban_data_pipeline_dag.py
[2026-06-29T17:07:07.055+0000] {logging_mixin.py:190} INFO - [2026-06-29T17:07:07.055+0000] {dag.py:3239} INFO - Sync 1 DAGs
[2026-06-29T17:07:07.102+0000] {logging_mixin.py:190} INFO - [2026-06-29T17:07:07.101+0000] {dag.py:4180} INFO - Setting next_dagrun for urban_data_pipeline to 2026-06-01 00:00:00+00:00, run_after=2026-07-01 00:00:00+00:00
[2026-06-29T17:07:07.146+0000] {processor.py:208} INFO - Processing /opt/airflow/dags/urban_data_pipeline_dag.py took 0.312 seconds
[2026-06-29T17:07:37.998+0000] {processor.py:186} INFO - Started process (PID=10804) to work on /opt/airflow/dags/urban_data_pipeline_dag.py
[2026-06-29T17:07:38.000+0000] {processor.py:914} INFO - Processing file /opt/airflow/dags/urban_data_pipeline_dag.py for tasks to queue
[2026-06-29T17:07:38.003+0000] {logging_mixin.py:190} INFO - [2026-06-29T17:07:38.003+0000] {dagbag.py:588} INFO - Filling up the DagBag from /opt/airflow/dags/urban_data_pipeline_dag.py
[2026-06-29T17:07:38.213+0000] {processor.py:925} INFO - DAG(s) 'urban_data_pipeline' retrieved from /opt/airflow/dags/urban_data_pipeline_dag.py
[2026-06-29T17:07:38.310+0000] {logging_mixin.py:190} INFO - [2026-06-29T17:07:38.310+0000] {dag.py:3239} INFO - Sync 1 DAGs
[2026-06-29T17:07:38.350+0000] {logging_mixin.py:190} INFO - [2026-06-29T17:07:38.350+0000] {dag.py:4180} INFO - Setting next_dagrun for urban_data_pipeline to 2026-06-01 00:00:00+00:00, run_after=2026-07-01 00:00:00+00:00
[2026-06-29T17:07:38.410+0000] {processor.py:208} INFO - Processing /opt/airflow/dags/urban_data_pipeline_dag.py took 0.419 seconds
[2026-06-29T17:08:08.854+0000] {processor.py:186} INFO - Started process (PID=10822) to work on /opt/airflow/dags/urban_data_pipeline_dag.py
[2026-06-29T17:08:08.856+0000] {processor.py:914} INFO - Processing file /opt/airflow/dags/urban_data_pipeline_dag.py for tasks to queue
[2026-06-29T17:08:08.859+0000] {logging_mixin.py:190} INFO - [2026-06-29T17:08:08.859+0000] {dagbag.py:588} INFO - Filling up the DagBag from /opt/airflow/dags/urban_data_pipeline_dag.py
[2026-06-29T17:08:09.126+0000] {processor.py:925} INFO - DAG(s) 'urban_data_pipeline' retrieved from /opt/airflow/dags/urban_data_pipeline_dag.py
[2026-06-29T17:08:09.177+0000] {logging_mixin.py:190} INFO - [2026-06-29T17:08:09.177+0000] {dag.py:3239} INFO - Sync 1 DAGs
[2026-06-29T17:08:09.206+0000] {logging_mixin.py:190} INFO - [2026-06-29T17:08:09.206+0000] {dag.py:4180} INFO - Setting next_dagrun for urban_data_pipeline to 2026-06-01 00:00:00+00:00, run_after=2026-07-01 00:00:00+00:00
[2026-06-29T17:08:09.243+0000] {processor.py:208} INFO - Processing /opt/airflow/dags/urban_data_pipeline_dag.py took 0.403 seconds
[2026-06-29T17:08:39.972+0000] {processor.py:186} INFO - Started process (PID=10840) to work on /opt/airflow/dags/urban_data_pipeline_dag.py
[2026-06-29T17:08:39.973+0000] {processor.py:914} INFO - Processing file /opt/airflow/dags/urban_data_pipeline_dag.py for tasks to queue
[2026-06-29T17:08:39.977+0000] {logging_mixin.py:190} INFO - [2026-06-29T17:08:39.976+0000] {dagbag.py:588} INFO - Filling up the DagBag from /opt/airflow/dags/urban_data_pipeline_dag.py
[2026-06-29T17:08:40.492+0000] {processor.py:925} INFO - DAG(s) 'urban_data_pipeline' retrieved from /opt/airflow/dags/urban_data_pipeline_dag.py
[2026-06-29T17:08:40.546+0000] {logging_mixin.py:190} INFO - [2026-06-29T17:08:40.546+0000] {dag.py:3239} INFO - Sync 1 DAGs
[2026-06-29T17:08:40.570+0000] {logging_mixin.py:190} INFO - [2026-06-29T17:08:40.569+0000] {dag.py:4180} INFO - Setting next_dagrun for urban_data_pipeline to 2026-06-01 00:00:00+00:00, run_after=2026-07-01 00:00:00+00:00
[2026-06-29T17:08:40.598+0000] {processor.py:208} INFO - Processing /opt/airflow/dags/urban_data_pipeline_dag.py took 0.636 seconds
[2026-06-29T17:09:11.568+0000] {processor.py:186} INFO - Started process (PID=10858) to work on /opt/airflow/dags/urban_data_pipeline_dag.py
[2026-06-29T17:09:11.570+0000] {processor.py:914} INFO - Processing file /opt/airflow/dags/urban_data_pipeline_dag.py for tasks to queue
[2026-06-29T17:09:11.574+0000] {logging_mixin.py:190} INFO - [2026-06-29T17:09:11.573+0000] {dagbag.py:588} INFO - Filling up the DagBag from /opt/airflow/dags/urban_data_pipeline_dag.py
[2026-06-29T17:09:11.690+0000] {processor.py:925} INFO - DAG(s) 'urban_data_pipeline' retrieved from /opt/airflow/dags/urban_data_pipeline_dag.py
[2026-06-29T17:09:11.733+0000] {logging_mixin.py:190} INFO - [2026-06-29T17:09:11.733+0000] {dag.py:3239} INFO - Sync 1 DAGs
[2026-06-29T17:09:11.759+0000] {logging_mixin.py:190} INFO - [2026-06-29T17:09:11.758+0000] {dag.py:4180} INFO - Setting next_dagrun for urban_data_pipeline to 2026-06-01 00:00:00+00:00, run_after=2026-07-01 00:00:00+00:00
[2026-06-29T17:09:11.782+0000] {processor.py:208} INFO - Processing /opt/airflow/dags/urban_data_pipeline_dag.py took 0.226 seconds
[2026-06-29T17:09:42.811+0000] {processor.py:186} INFO - Started process (PID=10876) to work on /opt/airflow/dags/urban_data_pipeline_dag.py
[2026-06-29T17:09:42.812+0000] {processor.py:914} INFO - Processing file /opt/airflow/dags/urban_data_pipeline_dag.py for tasks to queue
[2026-06-29T17:09:42.815+0000] {logging_mixin.py:190} INFO - [2026-06-29T17:09:42.815+0000] {dagbag.py:588} INFO - Filling up the DagBag from /opt/airflow/dags/urban_data_pipeline_dag.py
[2026-06-29T17:09:42.934+0000] {processor.py:925} INFO - DAG(s) 'urban_data_pipeline' retrieved from /opt/airflow/dags/urban_data_pipeline_dag.py
[2026-06-29T17:09:42.983+0000] {logging_mixin.py:190} INFO - [2026-06-29T17:09:42.983+0000] {dag.py:3239} INFO - Sync 1 DAGs
[2026-06-29T17:09:43.008+0000] {logging_mixin.py:190} INFO - [2026-06-29T17:09:43.008+0000] {dag.py:4180} INFO - Setting next_dagrun for urban_data_pipeline to 2026-06-01 00:00:00+00:00, run_after=2026-07-01 00:00:00+00:00
[2026-06-29T17:09:43.034+0000] {processor.py:208} INFO - Processing /opt/airflow/dags/urban_data_pipeline_dag.py took 0.235 seconds
[2026-06-29T17:10:13.537+0000] {processor.py:186} INFO - Started process (PID=10894) to work on /opt/airflow/dags/urban_data_pipeline_dag.py
[2026-06-29T17:10:13.539+0000] {processor.py:914} INFO - Processing file /opt/airflow/dags/urban_data_pipeline_dag.py for tasks to queue
[2026-06-29T17:10:13.542+0000] {logging_mixin.py:190} INFO - [2026-06-29T17:10:13.541+0000] {dagbag.py:588} INFO - Filling up the DagBag from /opt/airflow/dags/urban_data_pipeline_dag.py
[2026-06-29T17:10:13.846+0000] {processor.py:925} INFO - DAG(s) 'urban_data_pipeline' retrieved from /opt/airflow/dags/urban_data_pipeline_dag.py
[2026-06-29T17:10:13.901+0000] {logging_mixin.py:190} INFO - [2026-06-29T17:10:13.901+0000] {dag.py:3239} INFO - Sync 1 DAGs
[2026-06-29T17:10:13.930+0000] {logging_mixin.py:190} INFO - [2026-06-29T17:10:13.929+0000] {dag.py:4180} INFO - Setting next_dagrun for urban_data_pipeline to 2026-06-01 00:00:00+00:00, run_after=2026-07-01 00:00:00+00:00
[2026-06-29T17:10:13.966+0000] {processor.py:208} INFO - Processing /opt/airflow/dags/urban_data_pipeline_dag.py took 0.435 seconds
[2026-06-29T17:10:44.696+0000] {processor.py:186} INFO - Started process (PID=10911) to work on /opt/airflow/dags/urban_data_pipeline_dag.py
[2026-06-29T17:10:44.698+0000] {processor.py:914} INFO - Processing file /opt/airflow/dags/urban_data_pipeline_dag.py for tasks to queue
[2026-06-29T17:10:44.701+0000] {logging_mixin.py:190} INFO - [2026-06-29T17:10:44.701+0000] {dagbag.py:588} INFO - Filling up the DagBag from /opt/airflow/dags/urban_data_pipeline_dag.py
[2026-06-29T17:10:44.852+0000] {processor.py:925} INFO - DAG(s) 'urban_data_pipeline' retrieved from /opt/airflow/dags/urban_data_pipeline_dag.py
[2026-06-29T17:10:44.911+0000] {logging_mixin.py:190} INFO - [2026-06-29T17:10:44.911+0000] {dag.py:3239} INFO - Sync 1 DAGs
[2026-06-29T17:10:44.943+0000] {logging_mixin.py:190} INFO - [2026-06-29T17:10:44.943+0000] {dag.py:4180} INFO - Setting next_dagrun for urban_data_pipeline to 2026-06-01 00:00:00+00:00, run_after=2026-07-01 00:00:00+00:00
[2026-06-29T17:10:44.972+0000] {processor.py:208} INFO - Processing /opt/airflow/dags/urban_data_pipeline_dag.py took 0.284 seconds
[2026-06-29T17:11:15.432+0000] {processor.py:186} INFO - Started process (PID=10922) to work on /opt/airflow/dags/urban_data_pipeline_dag.py
[2026-06-29T17:11:15.435+0000] {processor.py:914} INFO - Processing file /opt/airflow/dags/urban_data_pipeline_dag.py for tasks to queue
[2026-06-29T17:11:15.442+0000] {logging_mixin.py:190} INFO - [2026-06-29T17:11:15.441+0000] {dagbag.py:588} INFO - Filling up the DagBag from /opt/airflow/dags/urban_data_pipeline_dag.py
[2026-06-29T17:11:15.668+0000] {processor.py:925} INFO - DAG(s) 'urban_data_pipeline' retrieved from /opt/airflow/dags/urban_data_pipeline_dag.py
[2026-06-29T17:11:15.723+0000] {logging_mixin.py:190} INFO - [2026-06-29T17:11:15.723+0000] {dag.py:3239} INFO - Sync 1 DAGs
[2026-06-29T17:11:15.750+0000] {logging_mixin.py:190} INFO - [2026-06-29T17:11:15.750+0000] {dag.py:4180} INFO - Setting next_dagrun for urban_data_pipeline to 2026-06-01 00:00:00+00:00, run_after=2026-07-01 00:00:00+00:00
[2026-06-29T17:11:15.800+0000] {processor.py:208} INFO - Processing /opt/airflow/dags/urban_data_pipeline_dag.py took 0.376 seconds
[2026-06-29T17:11:46.686+0000] {processor.py:186} INFO - Started process (PID=10940) to work on /opt/airflow/dags/urban_data_pipeline_dag.py
[2026-06-29T17:11:46.687+0000] {processor.py:914} INFO - Processing file /opt/airflow/dags/urban_data_pipeline_dag.py for tasks to queue
[2026-06-29T17:11:46.690+0000] {logging_mixin.py:190} INFO - [2026-06-29T17:11:46.690+0000] {dagbag.py:588} INFO - Filling up the DagBag from /opt/airflow/dags/urban_data_pipeline_dag.py
[2026-06-29T17:11:46.874+0000] {processor.py:925} INFO - DAG(s) 'urban_data_pipeline' retrieved from /opt/airflow/dags/urban_data_pipeline_dag.py
[2026-06-29T17:11:46.929+0000] {logging_mixin.py:190} INFO - [2026-06-29T17:11:46.929+0000] {dag.py:3239} INFO - Sync 1 DAGs
[2026-06-29T17:11:46.962+0000] {logging_mixin.py:190} INFO - [2026-06-29T17:11:46.961+0000] {dag.py:4180} INFO - Setting next_dagrun for urban_data_pipeline to 2026-06-01 00:00:00+00:00, run_after=2026-07-01 00:00:00+00:00
[2026-06-29T17:11:47.006+0000] {processor.py:208} INFO - Processing /opt/airflow/dags/urban_data_pipeline_dag.py took 0.327 seconds
[2026-06-29T17:12:17.211+0000] {processor.py:186} INFO - Started process (PID=10958) to work on /opt/airflow/dags/urban_data_pipeline_dag.py
[2026-06-29T17:12:17.218+0000] {processor.py:914} INFO - Processing file /opt/airflow/dags/urban_data_pipeline_dag.py for tasks to queue
[2026-06-29T17:12:17.230+0000] {logging_mixin.py:190} INFO - [2026-06-29T17:12:17.228+0000] {dagbag.py:588} INFO - Filling up the DagBag from /opt/airflow/dags/urban_data_pipeline_dag.py
[2026-06-29T17:12:17.468+0000] {processor.py:925} INFO - DAG(s) 'urban_data_pipeline' retrieved from /opt/airflow/dags/urban_data_pipeline_dag.py
[2026-06-29T17:12:17.524+0000] {logging_mixin.py:190} INFO - [2026-06-29T17:12:17.523+0000] {dag.py:3239} INFO - Sync 1 DAGs
[2026-06-29T17:12:17.556+0000] {logging_mixin.py:190} INFO - [2026-06-29T17:12:17.556+0000] {dag.py:4180} INFO - Setting next_dagrun for urban_data_pipeline to 2026-06-01 00:00:00+00:00, run_after=2026-07-01 00:00:00+00:00
[2026-06-29T17:12:17.585+0000] {processor.py:208} INFO - Processing /opt/airflow/dags/urban_data_pipeline_dag.py took 0.396 seconds
[2026-06-29T17:12:48.320+0000] {processor.py:186} INFO - Started process (PID=10976) to work on /opt/airflow/dags/urban_data_pipeline_dag.py
[2026-06-29T17:12:48.325+0000] {processor.py:914} INFO - Processing file /opt/airflow/dags/urban_data_pipeline_dag.py for tasks to queue
[2026-06-29T17:12:48.335+0000] {logging_mixin.py:190} INFO - [2026-06-29T17:12:48.333+0000] {dagbag.py:588} INFO - Filling up the DagBag from /opt/airflow/dags/urban_data_pipeline_dag.py
[2026-06-29T17:12:48.549+0000] {processor.py:925} INFO - DAG(s) 'urban_data_pipeline' retrieved from /opt/airflow/dags/urban_data_pipeline_dag.py
[2026-06-29T17:12:48.603+0000] {logging_mixin.py:190} INFO - [2026-06-29T17:12:48.602+0000] {dag.py:3239} INFO - Sync 1 DAGs
[2026-06-29T17:12:48.635+0000] {logging_mixin.py:190} INFO - [2026-06-29T17:12:48.635+0000] {dag.py:4180} INFO - Setting next_dagrun for urban_data_pipeline to 2026-06-01 00:00:00+00:00, run_after=2026-07-01 00:00:00+00:00
[2026-06-29T17:12:48.685+0000] {processor.py:208} INFO - Processing /opt/airflow/dags/urban_data_pipeline_dag.py took 0.385 seconds
[2026-06-29T17:13:19.072+0000] {processor.py:186} INFO - Started process (PID=10994) to work on /opt/airflow/dags/urban_data_pipeline_dag.py
[2026-06-29T17:13:19.074+0000] {processor.py:914} INFO - Processing file /opt/airflow/dags/urban_data_pipeline_dag.py for tasks to queue
[2026-06-29T17:13:19.077+0000] {logging_mixin.py:190} INFO - [2026-06-29T17:13:19.076+0000] {dagbag.py:588} INFO - Filling up the DagBag from /opt/airflow/dags/urban_data_pipeline_dag.py
[2026-06-29T17:13:19.387+0000] {processor.py:925} INFO - DAG(s) 'urban_data_pipeline' retrieved from /opt/airflow/dags/urban_data_pipeline_dag.py
[2026-06-29T17:13:19.438+0000] {logging_mixin.py:190} INFO - [2026-06-29T17:13:19.438+0000] {dag.py:3239} INFO - Sync 1 DAGs
[2026-06-29T17:13:19.472+0000] {logging_mixin.py:190} INFO - [2026-06-29T17:13:19.472+0000] {dag.py:4180} INFO - Setting next_dagrun for urban_data_pipeline to 2026-06-01 00:00:00+00:00, run_after=2026-07-01 00:00:00+00:00
[2026-06-29T17:13:19.505+0000] {processor.py:208} INFO - Processing /opt/airflow/dags/urban_data_pipeline_dag.py took 0.439 seconds
[2026-06-29T17:13:50.276+0000] {processor.py:186} INFO - Started process (PID=11012) to work on /opt/airflow/dags/urban_data_pipeline_dag.py
[2026-06-29T17:13:50.278+0000] {processor.py:914} INFO - Processing file /opt/airflow/dags/urban_data_pipeline_dag.py for tasks to queue
[2026-06-29T17:13:50.281+0000] {logging_mixin.py:190} INFO - [2026-06-29T17:13:50.281+0000] {dagbag.py:588} INFO - Filling up the DagBag from /opt/airflow/dags/urban_data_pipeline_dag.py
[2026-06-29T17:13:50.651+0000] {processor.py:925} INFO - DAG(s) 'urban_data_pipeline' retrieved from /opt/airflow/dags/urban_data_pipeline_dag.py
[2026-06-29T17:13:50.705+0000] {logging_mixin.py:190} INFO - [2026-06-29T17:13:50.705+0000] {dag.py:3239} INFO - Sync 1 DAGs
[2026-06-29T17:13:50.733+0000] {logging_mixin.py:190} INFO - [2026-06-29T17:13:50.733+0000] {dag.py:4180} INFO - Setting next_dagrun for urban_data_pipeline to 2026-06-01 00:00:00+00:00, run_after=2026-07-01 00:00:00+00:00
[2026-06-29T17:13:50.766+0000] {processor.py:208} INFO - Processing /opt/airflow/dags/urban_data_pipeline_dag.py took 0.501 seconds
[2026-06-29T17:14:21.518+0000] {processor.py:186} INFO - Started process (PID=11030) to work on /opt/airflow/dags/urban_data_pipeline_dag.py
[2026-06-29T17:14:21.520+0000] {processor.py:914} INFO - Processing file /opt/airflow/dags/urban_data_pipeline_dag.py for tasks to queue
[2026-06-29T17:14:21.527+0000] {logging_mixin.py:190} INFO - [2026-06-29T17:14:21.525+0000] {dagbag.py:588} INFO - Filling up the DagBag from /opt/airflow/dags/urban_data_pipeline_dag.py
[2026-06-29T17:14:21.691+0000] {processor.py:925} INFO - DAG(s) 'urban_data_pipeline' retrieved from /opt/airflow/dags/urban_data_pipeline_dag.py
[2026-06-29T17:14:21.746+0000] {logging_mixin.py:190} INFO - [2026-06-29T17:14:21.746+0000] {dag.py:3239} INFO - Sync 1 DAGs
[2026-06-29T17:14:21.773+0000] {logging_mixin.py:190} INFO - [2026-06-29T17:14:21.773+0000] {dag.py:4180} INFO - Setting next_dagrun for urban_data_pipeline to 2026-06-01 00:00:00+00:00, run_after=2026-07-01 00:00:00+00:00
[2026-06-29T17:14:21.802+0000] {processor.py:208} INFO - Processing /opt/airflow/dags/urban_data_pipeline_dag.py took 0.292 seconds
[2026-06-29T17:14:52.770+0000] {processor.py:186} INFO - Started process (PID=11048) to work on /opt/airflow/dags/urban_data_pipeline_dag.py
[2026-06-29T17:14:52.772+0000] {processor.py:914} INFO - Processing file /opt/airflow/dags/urban_data_pipeline_dag.py for tasks to queue
[2026-06-29T17:14:52.777+0000] {logging_mixin.py:190} INFO - [2026-06-29T17:14:52.776+0000] {dagbag.py:588} INFO - Filling up the DagBag from /opt/airflow/dags/urban_data_pipeline_dag.py
[2026-06-29T17:14:53.116+0000] {processor.py:925} INFO - DAG(s) 'urban_data_pipeline' retrieved from /opt/airflow/dags/urban_data_pipeline_dag.py
[2026-06-29T17:14:53.175+0000] {logging_mixin.py:190} INFO - [2026-06-29T17:14:53.175+0000] {dag.py:3239} INFO - Sync 1 DAGs
[2026-06-29T17:14:53.200+0000] {logging_mixin.py:190} INFO - [2026-06-29T17:14:53.200+0000] {dag.py:4180} INFO - Setting next_dagrun for urban_data_pipeline to 2026-06-01 00:00:00+00:00, run_after=2026-07-01 00:00:00+00:00
[2026-06-29T17:14:53.241+0000] {processor.py:208} INFO - Processing /opt/airflow/dags/urban_data_pipeline_dag.py took 0.484 seconds
[2026-06-29T17:15:24.016+0000] {processor.py:186} INFO - Started process (PID=11066) to work on /opt/airflow/dags/urban_data_pipeline_dag.py
[2026-06-29T17:15:24.021+0000] {processor.py:914} INFO - Processing file /opt/airflow/dags/urban_data_pipeline_dag.py for tasks to queue
[2026-06-29T17:15:24.028+0000] {logging_mixin.py:190} INFO - [2026-06-29T17:15:24.027+0000] {dagbag.py:588} INFO - Filling up the DagBag from /opt/airflow/dags/urban_data_pipeline_dag.py
[2026-06-29T17:15:24.235+0000] {processor.py:925} INFO - DAG(s) 'urban_data_pipeline' retrieved from /opt/airflow/dags/urban_data_pipeline_dag.py
[2026-06-29T17:15:24.292+0000] {logging_mixin.py:190} INFO - [2026-06-29T17:15:24.291+0000] {dag.py:3239} INFO - Sync 1 DAGs
[2026-06-29T17:15:24.333+0000] {logging_mixin.py:190} INFO - [2026-06-29T17:15:24.333+0000] {dag.py:4180} INFO - Setting next_dagrun for urban_data_pipeline to 2026-06-01 00:00:00+00:00, run_after=2026-07-01 00:00:00+00:00
[2026-06-29T17:15:24.374+0000] {processor.py:208} INFO - Processing /opt/airflow/dags/urban_data_pipeline_dag.py took 0.375 seconds
[2026-06-29T17:15:55.051+0000] {processor.py:186} INFO - Started process (PID=11083) to work on /opt/airflow/dags/urban_data_pipeline_dag.py
[2026-06-29T17:15:55.053+0000] {processor.py:914} INFO - Processing file /opt/airflow/dags/urban_data_pipeline_dag.py for tasks to queue
[2026-06-29T17:15:55.057+0000] {logging_mixin.py:190} INFO - [2026-06-29T17:15:55.056+0000] {dagbag.py:588} INFO - Filling up the DagBag from /opt/airflow/dags/urban_data_pipeline_dag.py
[2026-06-29T17:15:55.191+0000] {processor.py:925} INFO - DAG(s) 'urban_data_pipeline' retrieved from /opt/airflow/dags/urban_data_pipeline_dag.py
[2026-06-29T17:15:55.237+0000] {logging_mixin.py:190} INFO - [2026-06-29T17:15:55.237+0000] {dag.py:3239} INFO - Sync 1 DAGs
[2026-06-29T17:15:55.262+0000] {logging_mixin.py:190} INFO - [2026-06-29T17:15:55.261+0000] {dag.py:4180} INFO - Setting next_dagrun for urban_data_pipeline to 2026-06-01 00:00:00+00:00, run_after=2026-07-01 00:00:00+00:00
[2026-06-29T17:15:55.294+0000] {processor.py:208} INFO - Processing /opt/airflow/dags/urban_data_pipeline_dag.py took 0.251 seconds
[2026-06-29T17:16:25.729+0000] {processor.py:186} INFO - Started process (PID=11094) to work on /opt/airflow/dags/urban_data_pipeline_dag.py
[2026-06-29T17:16:25.730+0000] {processor.py:914} INFO - Processing file /opt/airflow/dags/urban_data_pipeline_dag.py for tasks to queue
[2026-06-29T17:16:25.734+0000] {logging_mixin.py:190} INFO - [2026-06-29T17:16:25.733+0000] {dagbag.py:588} INFO - Filling up the DagBag from /opt/airflow/dags/urban_data_pipeline_dag.py
[2026-06-29T17:16:25.889+0000] {processor.py:925} INFO - DAG(s) 'urban_data_pipeline' retrieved from /opt/airflow/dags/urban_data_pipeline_dag.py
[2026-06-29T17:16:25.935+0000] {logging_mixin.py:190} INFO - [2026-06-29T17:16:25.934+0000] {dag.py:3239} INFO - Sync 1 DAGs
[2026-06-29T17:16:25.961+0000] {logging_mixin.py:190} INFO - [2026-06-29T17:16:25.961+0000] {dag.py:4180} INFO - Setting next_dagrun for urban_data_pipeline to 2026-06-01 00:00:00+00:00, run_after=2026-07-01 00:00:00+00:00
[2026-06-29T17:16:26.016+0000] {processor.py:208} INFO - Processing /opt/airflow/dags/urban_data_pipeline_dag.py took 0.293 seconds
[2026-06-29T17:16:56.507+0000] {processor.py:186} INFO - Started process (PID=11112) to work on /opt/airflow/dags/urban_data_pipeline_dag.py
[2026-06-29T17:16:56.509+0000] {processor.py:914} INFO - Processing file /opt/airflow/dags/urban_data_pipeline_dag.py for tasks to queue
[2026-06-29T17:16:56.512+0000] {logging_mixin.py:190} INFO - [2026-06-29T17:16:56.512+0000] {dagbag.py:588} INFO - Filling up the DagBag from /opt/airflow/dags/urban_data_pipeline_dag.py
[2026-06-29T17:16:56.645+0000] {processor.py:925} INFO - DAG(s) 'urban_data_pipeline' retrieved from /opt/airflow/dags/urban_data_pipeline_dag.py
[2026-06-29T17:16:56.700+0000] {logging_mixin.py:190} INFO - [2026-06-29T17:16:56.699+0000] {dag.py:3239} INFO - Sync 1 DAGs
[2026-06-29T17:16:56.729+0000] {logging_mixin.py:190} INFO - [2026-06-29T17:16:56.729+0000] {dag.py:4180} INFO - Setting next_dagrun for urban_data_pipeline to 2026-06-01 00:00:00+00:00, run_after=2026-07-01 00:00:00+00:00
[2026-06-29T17:16:56.792+0000] {processor.py:208} INFO - Processing /opt/airflow/dags/urban_data_pipeline_dag.py took 0.292 seconds
[2026-06-29T17:17:27.387+0000] {processor.py:186} INFO - Started process (PID=11130) to work on /opt/airflow/dags/urban_data_pipeline_dag.py
[2026-06-29T17:17:27.391+0000] {processor.py:914} INFO - Processing file /opt/airflow/dags/urban_data_pipeline_dag.py for tasks to queue
[2026-06-29T17:17:27.396+0000] {logging_mixin.py:190} INFO - [2026-06-29T17:17:27.396+0000] {dagbag.py:588} INFO - Filling up the DagBag from /opt/airflow/dags/urban_data_pipeline_dag.py
[2026-06-29T17:17:27.560+0000] {processor.py:925} INFO - DAG(s) 'urban_data_pipeline' retrieved from /opt/airflow/dags/urban_data_pipeline_dag.py
[2026-06-29T17:17:27.644+0000] {logging_mixin.py:190} INFO - [2026-06-29T17:17:27.644+0000] {dag.py:3239} INFO - Sync 1 DAGs
[2026-06-29T17:17:27.673+0000] {logging_mixin.py:190} INFO - [2026-06-29T17:17:27.673+0000] {dag.py:4180} INFO - Setting next_dagrun for urban_data_pipeline to 2026-06-01 00:00:00+00:00, run_after=2026-07-01 00:00:00+00:00
[2026-06-29T17:17:27.700+0000] {processor.py:208} INFO - Processing /opt/airflow/dags/urban_data_pipeline_dag.py took 0.328 seconds
[2026-06-29T17:17:58.045+0000] {processor.py:186} INFO - Started process (PID=11148) to work on /opt/airflow/dags/urban_data_pipeline_dag.py
[2026-06-29T17:17:58.047+0000] {processor.py:914} INFO - Processing file /opt/airflow/dags/urban_data_pipeline_dag.py for tasks to queue
[2026-06-29T17:17:58.050+0000] {logging_mixin.py:190} INFO - [2026-06-29T17:17:58.049+0000] {dagbag.py:588} INFO - Filling up the DagBag from /opt/airflow/dags/urban_data_pipeline_dag.py
[2026-06-29T17:17:58.183+0000] {processor.py:925} INFO - DAG(s) 'urban_data_pipeline' retrieved from /opt/airflow/dags/urban_data_pipeline_dag.py
[2026-06-29T17:17:58.227+0000] {logging_mixin.py:190} INFO - [2026-06-29T17:17:58.226+0000] {dag.py:3239} INFO - Sync 1 DAGs
[2026-06-29T17:17:58.253+0000] {logging_mixin.py:190} INFO - [2026-06-29T17:17:58.253+0000] {dag.py:4180} INFO - Setting next_dagrun for urban_data_pipeline to 2026-06-01 00:00:00+00:00, run_after=2026-07-01 00:00:00+00:00
[2026-06-29T17:17:58.292+0000] {processor.py:208} INFO - Processing /opt/airflow/dags/urban_data_pipeline_dag.py took 0.252 seconds
[2026-06-29T17:18:29.076+0000] {processor.py:186} INFO - Started process (PID=11166) to work on /opt/airflow/dags/urban_data_pipeline_dag.py
[2026-06-29T17:18:29.077+0000] {processor.py:914} INFO - Processing file /opt/airflow/dags/urban_data_pipeline_dag.py for tasks to queue
[2026-06-29T17:18:29.082+0000] {logging_mixin.py:190} INFO - [2026-06-29T17:18:29.081+0000] {dagbag.py:588} INFO - Filling up the DagBag from /opt/airflow/dags/urban_data_pipeline_dag.py
[2026-06-29T17:18:29.429+0000] {processor.py:925} INFO - DAG(s) 'urban_data_pipeline' retrieved from /opt/airflow/dags/urban_data_pipeline_dag.py
[2026-06-29T17:18:29.472+0000] {logging_mixin.py:190} INFO - [2026-06-29T17:18:29.472+0000] {dag.py:3239} INFO - Sync 1 DAGs
[2026-06-29T17:18:29.496+0000] {logging_mixin.py:190} INFO - [2026-06-29T17:18:29.495+0000] {dag.py:4180} INFO - Setting next_dagrun for urban_data_pipeline to 2026-06-01 00:00:00+00:00, run_after=2026-07-01 00:00:00+00:00
[2026-06-29T17:18:29.521+0000] {processor.py:208} INFO - Processing /opt/airflow/dags/urban_data_pipeline_dag.py took 0.451 seconds
[2026-06-29T17:19:00.243+0000] {processor.py:186} INFO - Started process (PID=11184) to work on /opt/airflow/dags/urban_data_pipeline_dag.py
[2026-06-29T17:19:00.245+0000] {processor.py:914} INFO - Processing file /opt/airflow/dags/urban_data_pipeline_dag.py for tasks to queue
[2026-06-29T17:19:00.250+0000] {logging_mixin.py:190} INFO - [2026-06-29T17:19:00.250+0000] {dagbag.py:588} INFO - Filling up the DagBag from /opt/airflow/dags/urban_data_pipeline_dag.py
[2026-06-29T17:19:00.402+0000] {processor.py:925} INFO - DAG(s) 'urban_data_pipeline' retrieved from /opt/airflow/dags/urban_data_pipeline_dag.py
[2026-06-29T17:19:00.465+0000] {logging_mixin.py:190} INFO - [2026-06-29T17:19:00.465+0000] {dag.py:3239} INFO - Sync 1 DAGs
[2026-06-29T17:19:00.493+0000] {logging_mixin.py:190} INFO - [2026-06-29T17:19:00.492+0000] {dag.py:4180} INFO - Setting next_dagrun for urban_data_pipeline to 2026-06-01 00:00:00+00:00, run_after=2026-07-01 00:00:00+00:00
[2026-06-29T17:19:00.541+0000] {processor.py:208} INFO - Processing /opt/airflow/dags/urban_data_pipeline_dag.py took 0.305 seconds
[2026-06-29T17:19:31.459+0000] {processor.py:186} INFO - Started process (PID=11202) to work on /opt/airflow/dags/urban_data_pipeline_dag.py
[2026-06-29T17:19:31.462+0000] {processor.py:914} INFO - Processing file /opt/airflow/dags/urban_data_pipeline_dag.py for tasks to queue
[2026-06-29T17:19:31.466+0000] {logging_mixin.py:190} INFO - [2026-06-29T17:19:31.465+0000] {dagbag.py:588} INFO - Filling up the DagBag from /opt/airflow/dags/urban_data_pipeline_dag.py
[2026-06-29T17:19:31.833+0000] {processor.py:925} INFO - DAG(s) 'urban_data_pipeline' retrieved from /opt/airflow/dags/urban_data_pipeline_dag.py
[2026-06-29T17:19:31.877+0000] {logging_mixin.py:190} INFO - [2026-06-29T17:19:31.876+0000] {dag.py:3239} INFO - Sync 1 DAGs
[2026-06-29T17:19:31.900+0000] {logging_mixin.py:190} INFO - [2026-06-29T17:19:31.899+0000] {dag.py:4180} INFO - Setting next_dagrun for urban_data_pipeline to 2026-06-01 00:00:00+00:00, run_after=2026-07-01 00:00:00+00:00
[2026-06-29T17:19:31.932+0000] {processor.py:208} INFO - Processing /opt/airflow/dags/urban_data_pipeline_dag.py took 0.490 seconds
[2026-06-29T17:20:02.694+0000] {processor.py:186} INFO - Started process (PID=11220) to work on /opt/airflow/dags/urban_data_pipeline_dag.py
[2026-06-29T17:20:02.696+0000] {processor.py:914} INFO - Processing file /opt/airflow/dags/urban_data_pipeline_dag.py for tasks to queue
[2026-06-29T17:20:02.699+0000] {logging_mixin.py:190} INFO - [2026-06-29T17:20:02.699+0000] {dagbag.py:588} INFO - Filling up the DagBag from /opt/airflow/dags/urban_data_pipeline_dag.py
[2026-06-29T17:20:02.903+0000] {processor.py:925} INFO - DAG(s) 'urban_data_pipeline' retrieved from /opt/airflow/dags/urban_data_pipeline_dag.py
[2026-06-29T17:20:02.972+0000] {logging_mixin.py:190} INFO - [2026-06-29T17:20:02.972+0000] {dag.py:3239} INFO - Sync 1 DAGs
[2026-06-29T17:20:03.002+0000] {logging_mixin.py:190} INFO - [2026-06-29T17:20:03.002+0000] {dag.py:4180} INFO - Setting next_dagrun for urban_data_pipeline to 2026-06-01 00:00:00+00:00, run_after=2026-07-01 00:00:00+00:00
[2026-06-29T17:20:03.036+0000] {processor.py:208} INFO - Processing /opt/airflow/dags/urban_data_pipeline_dag.py took 0.354 seconds
[2026-06-29T17:20:33.546+0000] {processor.py:186} INFO - Started process (PID=11238) to work on /opt/airflow/dags/urban_data_pipeline_dag.py
[2026-06-29T17:20:33.547+0000] {processor.py:914} INFO - Processing file /opt/airflow/dags/urban_data_pipeline_dag.py for tasks to queue
[2026-06-29T17:20:33.550+0000] {logging_mixin.py:190} INFO - [2026-06-29T17:20:33.550+0000] {dagbag.py:588} INFO - Filling up the DagBag from /opt/airflow/dags/urban_data_pipeline_dag.py
[2026-06-29T17:20:33.685+0000] {processor.py:925} INFO - DAG(s) 'urban_data_pipeline' retrieved from /opt/airflow/dags/urban_data_pipeline_dag.py
[2026-06-29T17:20:33.734+0000] {logging_mixin.py:190} INFO - [2026-06-29T17:20:33.734+0000] {dag.py:3239} INFO - Sync 1 DAGs
[2026-06-29T17:20:33.757+0000] {logging_mixin.py:190} INFO - [2026-06-29T17:20:33.756+0000] {dag.py:4180} INFO - Setting next_dagrun for urban_data_pipeline to 2026-06-01 00:00:00+00:00, run_after=2026-07-01 00:00:00+00:00
[2026-06-29T17:20:33.785+0000] {processor.py:208} INFO - Processing /opt/airflow/dags/urban_data_pipeline_dag.py took 0.246 seconds
[2026-06-29T17:21:04.596+0000] {processor.py:186} INFO - Started process (PID=11255) to work on /opt/airflow/dags/urban_data_pipeline_dag.py
[2026-06-29T17:21:04.599+0000] {processor.py:914} INFO - Processing file /opt/airflow/dags/urban_data_pipeline_dag.py for tasks to queue
[2026-06-29T17:21:04.608+0000] {logging_mixin.py:190} INFO - [2026-06-29T17:21:04.607+0000] {dagbag.py:588} INFO - Filling up the DagBag from /opt/airflow/dags/urban_data_pipeline_dag.py
[2026-06-29T17:21:04.805+0000] {processor.py:925} INFO - DAG(s) 'urban_data_pipeline' retrieved from /opt/airflow/dags/urban_data_pipeline_dag.py
[2026-06-29T17:21:04.867+0000] {logging_mixin.py:190} INFO - [2026-06-29T17:21:04.867+0000] {dag.py:3239} INFO - Sync 1 DAGs
[2026-06-29T17:21:04.894+0000] {logging_mixin.py:190} INFO - [2026-06-29T17:21:04.894+0000] {dag.py:4180} INFO - Setting next_dagrun for urban_data_pipeline to 2026-06-01 00:00:00+00:00, run_after=2026-07-01 00:00:00+00:00
[2026-06-29T17:21:04.922+0000] {processor.py:208} INFO - Processing /opt/airflow/dags/urban_data_pipeline_dag.py took 0.347 seconds
[2026-06-29T17:21:35.446+0000] {processor.py:186} INFO - Started process (PID=11266) to work on /opt/airflow/dags/urban_data_pipeline_dag.py
[2026-06-29T17:21:35.456+0000] {processor.py:914} INFO - Processing file /opt/airflow/dags/urban_data_pipeline_dag.py for tasks to queue
[2026-06-29T17:21:35.469+0000] {logging_mixin.py:190} INFO - [2026-06-29T17:21:35.468+0000] {dagbag.py:588} INFO - Filling up the DagBag from /opt/airflow/dags/urban_data_pipeline_dag.py
[2026-06-29T17:21:35.699+0000] {processor.py:925} INFO - DAG(s) 'urban_data_pipeline' retrieved from /opt/airflow/dags/urban_data_pipeline_dag.py
[2026-06-29T17:21:35.745+0000] {logging_mixin.py:190} INFO - [2026-06-29T17:21:35.744+0000] {dag.py:3239} INFO - Sync 1 DAGs
[2026-06-29T17:21:35.770+0000] {logging_mixin.py:190} INFO - [2026-06-29T17:21:35.769+0000] {dag.py:4180} INFO - Setting next_dagrun for urban_data_pipeline to 2026-06-01 00:00:00+00:00, run_after=2026-07-01 00:00:00+00:00
[2026-06-29T17:21:35.818+0000] {processor.py:208} INFO - Processing /opt/airflow/dags/urban_data_pipeline_dag.py took 0.389 seconds
[2026-06-29T17:22:06.126+0000] {processor.py:186} INFO - Started process (PID=11284) to work on /opt/airflow/dags/urban_data_pipeline_dag.py
[2026-06-29T17:22:06.132+0000] {processor.py:914} INFO - Processing file /opt/airflow/dags/urban_data_pipeline_dag.py for tasks to queue
[2026-06-29T17:22:06.136+0000] {logging_mixin.py:190} INFO - [2026-06-29T17:22:06.135+0000] {dagbag.py:588} INFO - Filling up the DagBag from /opt/airflow/dags/urban_data_pipeline_dag.py
[2026-06-29T17:22:06.295+0000] {processor.py:925} INFO - DAG(s) 'urban_data_pipeline' retrieved from /opt/airflow/dags/urban_data_pipeline_dag.py
[2026-06-29T17:22:06.359+0000] {logging_mixin.py:190} INFO - [2026-06-29T17:22:06.358+0000] {dag.py:3239} INFO - Sync 1 DAGs
[2026-06-29T17:22:06.383+0000] {logging_mixin.py:190} INFO - [2026-06-29T17:22:06.382+0000] {dag.py:4180} INFO - Setting next_dagrun for urban_data_pipeline to 2026-06-01 00:00:00+00:00, run_after=2026-07-01 00:00:00+00:00
[2026-06-29T17:22:06.408+0000] {processor.py:208} INFO - Processing /opt/airflow/dags/urban_data_pipeline_dag.py took 0.301 seconds
[2026-06-29T17:22:37.042+0000] {processor.py:186} INFO - Started process (PID=11305) to work on /opt/airflow/dags/urban_data_pipeline_dag.py
[2026-06-29T17:22:37.044+0000] {processor.py:914} INFO - Processing file /opt/airflow/dags/urban_data_pipeline_dag.py for tasks to queue
[2026-06-29T17:22:37.048+0000] {logging_mixin.py:190} INFO - [2026-06-29T17:22:37.048+0000] {dagbag.py:588} INFO - Filling up the DagBag from /opt/airflow/dags/urban_data_pipeline_dag.py
[2026-06-29T17:22:37.188+0000] {processor.py:925} INFO - DAG(s) 'urban_data_pipeline' retrieved from /opt/airflow/dags/urban_data_pipeline_dag.py
[2026-06-29T17:22:37.239+0000] {logging_mixin.py:190} INFO - [2026-06-29T17:22:37.239+0000] {dag.py:3239} INFO - Sync 1 DAGs
[2026-06-29T17:22:37.272+0000] {logging_mixin.py:190} INFO - [2026-06-29T17:22:37.271+0000] {dag.py:4180} INFO - Setting next_dagrun for urban_data_pipeline to 2026-06-01 00:00:00+00:00, run_after=2026-07-01 00:00:00+00:00
[2026-06-29T17:22:37.321+0000] {processor.py:208} INFO - Processing /opt/airflow/dags/urban_data_pipeline_dag.py took 0.290 seconds
[2026-06-29T17:23:07.510+0000] {processor.py:186} INFO - Started process (PID=11325) to work on /opt/airflow/dags/urban_data_pipeline_dag.py
[2026-06-29T17:23:07.511+0000] {processor.py:914} INFO - Processing file /opt/airflow/dags/urban_data_pipeline_dag.py for tasks to queue
[2026-06-29T17:23:07.514+0000] {logging_mixin.py:190} INFO - [2026-06-29T17:23:07.514+0000] {dagbag.py:588} INFO - Filling up the DagBag from /opt/airflow/dags/urban_data_pipeline_dag.py
[2026-06-29T17:23:07.742+0000] {processor.py:925} INFO - DAG(s) 'urban_data_pipeline' retrieved from /opt/airflow/dags/urban_data_pipeline_dag.py
[2026-06-29T17:23:07.792+0000] {logging_mixin.py:190} INFO - [2026-06-29T17:23:07.791+0000] {dag.py:3239} INFO - Sync 1 DAGs
[2026-06-29T17:23:07.824+0000] {logging_mixin.py:190} INFO - [2026-06-29T17:23:07.823+0000] {dag.py:4180} INFO - Setting next_dagrun for urban_data_pipeline to 2026-06-01 00:00:00+00:00, run_after=2026-07-01 00:00:00+00:00
[2026-06-29T17:23:07.874+0000] {processor.py:208} INFO - Processing /opt/airflow/dags/urban_data_pipeline_dag.py took 0.370 seconds
[2026-06-29T17:23:38.145+0000] {processor.py:186} INFO - Started process (PID=11341) to work on /opt/airflow/dags/urban_data_pipeline_dag.py
[2026-06-29T17:23:38.146+0000] {processor.py:914} INFO - Processing file /opt/airflow/dags/urban_data_pipeline_dag.py for tasks to queue
[2026-06-29T17:23:38.149+0000] {logging_mixin.py:190} INFO - [2026-06-29T17:23:38.148+0000] {dagbag.py:588} INFO - Filling up the DagBag from /opt/airflow/dags/urban_data_pipeline_dag.py
[2026-06-29T17:23:38.343+0000] {processor.py:925} INFO - DAG(s) 'urban_data_pipeline' retrieved from /opt/airflow/dags/urban_data_pipeline_dag.py
[2026-06-29T17:23:38.413+0000] {logging_mixin.py:190} INFO - [2026-06-29T17:23:38.413+0000] {dag.py:3239} INFO - Sync 1 DAGs
[2026-06-29T17:23:38.441+0000] {logging_mixin.py:190} INFO - [2026-06-29T17:23:38.440+0000] {dag.py:4180} INFO - Setting next_dagrun for urban_data_pipeline to 2026-06-01 00:00:00+00:00, run_after=2026-07-01 00:00:00+00:00
[2026-06-29T17:23:38.482+0000] {processor.py:208} INFO - Processing /opt/airflow/dags/urban_data_pipeline_dag.py took 0.353 seconds
[2026-06-29T17:24:08.972+0000] {processor.py:186} INFO - Started process (PID=11359) to work on /opt/airflow/dags/urban_data_pipeline_dag.py
[2026-06-29T17:24:08.974+0000] {processor.py:914} INFO - Processing file /opt/airflow/dags/urban_data_pipeline_dag.py for tasks to queue
[2026-06-29T17:24:08.977+0000] {logging_mixin.py:190} INFO - [2026-06-29T17:24:08.976+0000] {dagbag.py:588} INFO - Filling up the DagBag from /opt/airflow/dags/urban_data_pipeline_dag.py
[2026-06-29T17:24:09.260+0000] {processor.py:925} INFO - DAG(s) 'urban_data_pipeline' retrieved from /opt/airflow/dags/urban_data_pipeline_dag.py
[2026-06-29T17:24:09.321+0000] {logging_mixin.py:190} INFO - [2026-06-29T17:24:09.321+0000] {dag.py:3239} INFO - Sync 1 DAGs
[2026-06-29T17:24:09.365+0000] {logging_mixin.py:190} INFO - [2026-06-29T17:24:09.364+0000] {dag.py:4180} INFO - Setting next_dagrun for urban_data_pipeline to 2026-06-01 00:00:00+00:00, run_after=2026-07-01 00:00:00+00:00
[2026-06-29T17:24:09.396+0000] {processor.py:208} INFO - Processing /opt/airflow/dags/urban_data_pipeline_dag.py took 0.430 seconds
[2026-06-29T17:24:39.945+0000] {processor.py:186} INFO - Started process (PID=11377) to work on /opt/airflow/dags/urban_data_pipeline_dag.py
[2026-06-29T17:24:39.946+0000] {processor.py:914} INFO - Processing file /opt/airflow/dags/urban_data_pipeline_dag.py for tasks to queue
[2026-06-29T17:24:39.954+0000] {logging_mixin.py:190} INFO - [2026-06-29T17:24:39.953+0000] {dagbag.py:588} INFO - Filling up the DagBag from /opt/airflow/dags/urban_data_pipeline_dag.py
[2026-06-29T17:24:40.116+0000] {processor.py:925} INFO - DAG(s) 'urban_data_pipeline' retrieved from /opt/airflow/dags/urban_data_pipeline_dag.py
[2026-06-29T17:24:40.170+0000] {logging_mixin.py:190} INFO - [2026-06-29T17:24:40.169+0000] {dag.py:3239} INFO - Sync 1 DAGs
[2026-06-29T17:24:40.206+0000] {logging_mixin.py:190} INFO - [2026-06-29T17:24:40.206+0000] {dag.py:4180} INFO - Setting next_dagrun for urban_data_pipeline to 2026-06-01 00:00:00+00:00, run_after=2026-07-01 00:00:00+00:00
[2026-06-29T17:24:40.241+0000] {processor.py:208} INFO - Processing /opt/airflow/dags/urban_data_pipeline_dag.py took 0.301 seconds
[2026-06-29T17:25:10.890+0000] {processor.py:186} INFO - Started process (PID=11395) to work on /opt/airflow/dags/urban_data_pipeline_dag.py
[2026-06-29T17:25:10.891+0000] {processor.py:914} INFO - Processing file /opt/airflow/dags/urban_data_pipeline_dag.py for tasks to queue
[2026-06-29T17:25:10.894+0000] {logging_mixin.py:190} INFO - [2026-06-29T17:25:10.894+0000] {dagbag.py:588} INFO - Filling up the DagBag from /opt/airflow/dags/urban_data_pipeline_dag.py
[2026-06-29T17:25:11.020+0000] {processor.py:925} INFO - DAG(s) 'urban_data_pipeline' retrieved from /opt/airflow/dags/urban_data_pipeline_dag.py
[2026-06-29T17:25:11.081+0000] {logging_mixin.py:190} INFO - [2026-06-29T17:25:11.081+0000] {dag.py:3239} INFO - Sync 1 DAGs
[2026-06-29T17:25:11.107+0000] {logging_mixin.py:190} INFO - [2026-06-29T17:25:11.107+0000] {dag.py:4180} INFO - Setting next_dagrun for urban_data_pipeline to 2026-06-01 00:00:00+00:00, run_after=2026-07-01 00:00:00+00:00
[2026-06-29T17:25:11.136+0000] {processor.py:208} INFO - Processing /opt/airflow/dags/urban_data_pipeline_dag.py took 0.252 seconds
[2026-06-29T17:25:41.623+0000] {processor.py:186} INFO - Started process (PID=11413) to work on /opt/airflow/dags/urban_data_pipeline_dag.py
[2026-06-29T17:25:41.625+0000] {processor.py:914} INFO - Processing file /opt/airflow/dags/urban_data_pipeline_dag.py for tasks to queue
[2026-06-29T17:25:41.628+0000] {logging_mixin.py:190} INFO - [2026-06-29T17:25:41.627+0000] {dagbag.py:588} INFO - Filling up the DagBag from /opt/airflow/dags/urban_data_pipeline_dag.py
[2026-06-29T17:25:41.768+0000] {processor.py:925} INFO - DAG(s) 'urban_data_pipeline' retrieved from /opt/airflow/dags/urban_data_pipeline_dag.py
[2026-06-29T17:25:41.837+0000] {logging_mixin.py:190} INFO - [2026-06-29T17:25:41.836+0000] {dag.py:3239} INFO - Sync 1 DAGs
[2026-06-29T17:25:41.874+0000] {logging_mixin.py:190} INFO - [2026-06-29T17:25:41.874+0000] {dag.py:4180} INFO - Setting next_dagrun for urban_data_pipeline to 2026-06-01 00:00:00+00:00, run_after=2026-07-01 00:00:00+00:00
[2026-06-29T17:25:41.916+0000] {processor.py:208} INFO - Processing /opt/airflow/dags/urban_data_pipeline_dag.py took 0.300 seconds
[2026-06-29T17:26:12.607+0000] {processor.py:186} INFO - Started process (PID=11430) to work on /opt/airflow/dags/urban_data_pipeline_dag.py
[2026-06-29T17:26:12.608+0000] {processor.py:914} INFO - Processing file /opt/airflow/dags/urban_data_pipeline_dag.py for tasks to queue
[2026-06-29T17:26:12.612+0000] {logging_mixin.py:190} INFO - [2026-06-29T17:26:12.612+0000] {dagbag.py:588} INFO - Filling up the DagBag from /opt/airflow/dags/urban_data_pipeline_dag.py
[2026-06-29T17:26:12.728+0000] {processor.py:925} INFO - DAG(s) 'urban_data_pipeline' retrieved from /opt/airflow/dags/urban_data_pipeline_dag.py
[2026-06-29T17:26:12.771+0000] {logging_mixin.py:190} INFO - [2026-06-29T17:26:12.771+0000] {dag.py:3239} INFO - Sync 1 DAGs
[2026-06-29T17:26:12.794+0000] {logging_mixin.py:190} INFO - [2026-06-29T17:26:12.794+0000] {dag.py:4180} INFO - Setting next_dagrun for urban_data_pipeline to 2026-06-01 00:00:00+00:00, run_after=2026-07-01 00:00:00+00:00
[2026-06-29T17:26:12.816+0000] {processor.py:208} INFO - Processing /opt/airflow/dags/urban_data_pipeline_dag.py took 0.218 seconds
[2026-06-29T17:26:43.587+0000] {processor.py:186} INFO - Started process (PID=11441) to work on /opt/airflow/dags/urban_data_pipeline_dag.py
[2026-06-29T17:26:43.588+0000] {processor.py:914} INFO - Processing file /opt/airflow/dags/urban_data_pipeline_dag.py for tasks to queue
[2026-06-29T17:26:43.592+0000] {logging_mixin.py:190} INFO - [2026-06-29T17:26:43.591+0000] {dagbag.py:588} INFO - Filling up the DagBag from /opt/airflow/dags/urban_data_pipeline_dag.py
[2026-06-29T17:26:43.864+0000] {processor.py:925} INFO - DAG(s) 'urban_data_pipeline' retrieved from /opt/airflow/dags/urban_data_pipeline_dag.py
[2026-06-29T17:26:43.910+0000] {logging_mixin.py:190} INFO - [2026-06-29T17:26:43.910+0000] {dag.py:3239} INFO - Sync 1 DAGs
[2026-06-29T17:26:43.935+0000] {logging_mixin.py:190} INFO - [2026-06-29T17:26:43.935+0000] {dag.py:4180} INFO - Setting next_dagrun for urban_data_pipeline to 2026-06-01 00:00:00+00:00, run_after=2026-07-01 00:00:00+00:00
[2026-06-29T17:26:43.962+0000] {processor.py:208} INFO - Processing /opt/airflow/dags/urban_data_pipeline_dag.py took 0.384 seconds
[2026-06-29T17:27:14.567+0000] {processor.py:186} INFO - Started process (PID=11459) to work on /opt/airflow/dags/urban_data_pipeline_dag.py
[2026-06-29T17:27:14.568+0000] {processor.py:914} INFO - Processing file /opt/airflow/dags/urban_data_pipeline_dag.py for tasks to queue
[2026-06-29T17:27:14.570+0000] {logging_mixin.py:190} INFO - [2026-06-29T17:27:14.570+0000] {dagbag.py:588} INFO - Filling up the DagBag from /opt/airflow/dags/urban_data_pipeline_dag.py
[2026-06-29T17:27:14.767+0000] {processor.py:925} INFO - DAG(s) 'urban_data_pipeline' retrieved from /opt/airflow/dags/urban_data_pipeline_dag.py
[2026-06-29T17:27:14.834+0000] {logging_mixin.py:190} INFO - [2026-06-29T17:27:14.834+0000] {dag.py:3239} INFO - Sync 1 DAGs
[2026-06-29T17:27:14.873+0000] {logging_mixin.py:190} INFO - [2026-06-29T17:27:14.873+0000] {dag.py:4180} INFO - Setting next_dagrun for urban_data_pipeline to 2026-06-01 00:00:00+00:00, run_after=2026-07-01 00:00:00+00:00
[2026-06-29T17:27:14.915+0000] {processor.py:208} INFO - Processing /opt/airflow/dags/urban_data_pipeline_dag.py took 0.362 seconds
[2026-06-29T17:27:45.319+0000] {processor.py:186} INFO - Started process (PID=11477) to work on /opt/airflow/dags/urban_data_pipeline_dag.py
[2026-06-29T17:27:45.320+0000] {processor.py:914} INFO - Processing file /opt/airflow/dags/urban_data_pipeline_dag.py for tasks to queue
[2026-06-29T17:27:45.323+0000] {logging_mixin.py:190} INFO - [2026-06-29T17:27:45.323+0000] {dagbag.py:588} INFO - Filling up the DagBag from /opt/airflow/dags/urban_data_pipeline_dag.py
[2026-06-29T17:27:45.442+0000] {processor.py:925} INFO - DAG(s) 'urban_data_pipeline' retrieved from /opt/airflow/dags/urban_data_pipeline_dag.py
[2026-06-29T17:27:45.484+0000] {logging_mixin.py:190} INFO - [2026-06-29T17:27:45.484+0000] {dag.py:3239} INFO - Sync 1 DAGs
[2026-06-29T17:27:45.508+0000] {logging_mixin.py:190} INFO - [2026-06-29T17:27:45.508+0000] {dag.py:4180} INFO - Setting next_dagrun for urban_data_pipeline to 2026-06-01 00:00:00+00:00, run_after=2026-07-01 00:00:00+00:00
[2026-06-29T17:27:45.536+0000] {processor.py:208} INFO - Processing /opt/airflow/dags/urban_data_pipeline_dag.py took 0.226 seconds
[2026-06-29T17:28:16.157+0000] {processor.py:186} INFO - Started process (PID=11495) to work on /opt/airflow/dags/urban_data_pipeline_dag.py
[2026-06-29T17:28:16.158+0000] {processor.py:914} INFO - Processing file /opt/airflow/dags/urban_data_pipeline_dag.py for tasks to queue
[2026-06-29T17:28:16.162+0000] {logging_mixin.py:190} INFO - [2026-06-29T17:28:16.161+0000] {dagbag.py:588} INFO - Filling up the DagBag from /opt/airflow/dags/urban_data_pipeline_dag.py
[2026-06-29T17:28:16.479+0000] {processor.py:925} INFO - DAG(s) 'urban_data_pipeline' retrieved from /opt/airflow/dags/urban_data_pipeline_dag.py
[2026-06-29T17:28:16.532+0000] {logging_mixin.py:190} INFO - [2026-06-29T17:28:16.532+0000] {dag.py:3239} INFO - Sync 1 DAGs
[2026-06-29T17:28:16.556+0000] {logging_mixin.py:190} INFO - [2026-06-29T17:28:16.556+0000] {dag.py:4180} INFO - Setting next_dagrun for urban_data_pipeline to 2026-06-01 00:00:00+00:00, run_after=2026-07-01 00:00:00+00:00
[2026-06-29T17:28:16.585+0000] {processor.py:208} INFO - Processing /opt/airflow/dags/urban_data_pipeline_dag.py took 0.434 seconds
[2026-06-29T17:28:47.516+0000] {processor.py:186} INFO - Started process (PID=11515) to work on /opt/airflow/dags/urban_data_pipeline_dag.py
[2026-06-29T17:28:47.519+0000] {processor.py:914} INFO - Processing file /opt/airflow/dags/urban_data_pipeline_dag.py for tasks to queue
[2026-06-29T17:28:47.523+0000] {logging_mixin.py:190} INFO - [2026-06-29T17:28:47.522+0000] {dagbag.py:588} INFO - Filling up the DagBag from /opt/airflow/dags/urban_data_pipeline_dag.py
[2026-06-29T17:28:47.816+0000] {processor.py:925} INFO - DAG(s) 'urban_data_pipeline' retrieved from /opt/airflow/dags/urban_data_pipeline_dag.py
[2026-06-29T17:28:47.862+0000] {logging_mixin.py:190} INFO - [2026-06-29T17:28:47.861+0000] {dag.py:3239} INFO - Sync 1 DAGs
[2026-06-29T17:28:47.891+0000] {logging_mixin.py:190} INFO - [2026-06-29T17:28:47.891+0000] {dag.py:4180} INFO - Setting next_dagrun for urban_data_pipeline to 2026-06-01 00:00:00+00:00, run_after=2026-07-01 00:00:00+00:00
[2026-06-29T17:28:47.913+0000] {processor.py:208} INFO - Processing /opt/airflow/dags/urban_data_pipeline_dag.py took 0.409 seconds
[2026-06-29T17:29:18.067+0000] {processor.py:186} INFO - Started process (PID=11533) to work on /opt/airflow/dags/urban_data_pipeline_dag.py
[2026-06-29T17:29:18.069+0000] {processor.py:914} INFO - Processing file /opt/airflow/dags/urban_data_pipeline_dag.py for tasks to queue
[2026-06-29T17:29:18.073+0000] {logging_mixin.py:190} INFO - [2026-06-29T17:29:18.073+0000] {dagbag.py:588} INFO - Filling up the DagBag from /opt/airflow/dags/urban_data_pipeline_dag.py
[2026-06-29T17:29:18.209+0000] {processor.py:925} INFO - DAG(s) 'urban_data_pipeline' retrieved from /opt/airflow/dags/urban_data_pipeline_dag.py
[2026-06-29T17:29:18.260+0000] {logging_mixin.py:190} INFO - [2026-06-29T17:29:18.259+0000] {dag.py:3239} INFO - Sync 1 DAGs
[2026-06-29T17:29:18.285+0000] {logging_mixin.py:190} INFO - [2026-06-29T17:29:18.285+0000] {dag.py:4180} INFO - Setting next_dagrun for urban_data_pipeline to 2026-06-01 00:00:00+00:00, run_after=2026-07-01 00:00:00+00:00
[2026-06-29T17:29:18.313+0000] {processor.py:208} INFO - Processing /opt/airflow/dags/urban_data_pipeline_dag.py took 0.255 seconds
[2026-06-29T17:29:49.158+0000] {processor.py:186} INFO - Started process (PID=11551) to work on /opt/airflow/dags/urban_data_pipeline_dag.py
[2026-06-29T17:29:49.160+0000] {processor.py:914} INFO - Processing file /opt/airflow/dags/urban_data_pipeline_dag.py for tasks to queue
[2026-06-29T17:29:49.164+0000] {logging_mixin.py:190} INFO - [2026-06-29T17:29:49.163+0000] {dagbag.py:588} INFO - Filling up the DagBag from /opt/airflow/dags/urban_data_pipeline_dag.py
[2026-06-29T17:29:49.358+0000] {processor.py:925} INFO - DAG(s) 'urban_data_pipeline' retrieved from /opt/airflow/dags/urban_data_pipeline_dag.py
[2026-06-29T17:29:49.419+0000] {logging_mixin.py:190} INFO - [2026-06-29T17:29:49.419+0000] {dag.py:3239} INFO - Sync 1 DAGs
[2026-06-29T17:29:49.448+0000] {logging_mixin.py:190} INFO - [2026-06-29T17:29:49.447+0000] {dag.py:4180} INFO - Setting next_dagrun for urban_data_pipeline to 2026-06-01 00:00:00+00:00, run_after=2026-07-01 00:00:00+00:00
[2026-06-29T17:29:49.478+0000] {processor.py:208} INFO - Processing /opt/airflow/dags/urban_data_pipeline_dag.py took 0.330 seconds
[2026-06-29T17:30:19.653+0000] {processor.py:186} INFO - Started process (PID=11569) to work on /opt/airflow/dags/urban_data_pipeline_dag.py
[2026-06-29T17:30:19.655+0000] {processor.py:914} INFO - Processing file /opt/airflow/dags/urban_data_pipeline_dag.py for tasks to queue
[2026-06-29T17:30:19.659+0000] {logging_mixin.py:190} INFO - [2026-06-29T17:30:19.659+0000] {dagbag.py:588} INFO - Filling up the DagBag from /opt/airflow/dags/urban_data_pipeline_dag.py
[2026-06-29T17:30:20.057+0000] {processor.py:925} INFO - DAG(s) 'urban_data_pipeline' retrieved from /opt/airflow/dags/urban_data_pipeline_dag.py
[2026-06-29T17:30:20.183+0000] {logging_mixin.py:190} INFO - [2026-06-29T17:30:20.183+0000] {dag.py:3239} INFO - Sync 1 DAGs
[2026-06-29T17:30:20.213+0000] {logging_mixin.py:190} INFO - [2026-06-29T17:30:20.213+0000] {dag.py:4180} INFO - Setting next_dagrun for urban_data_pipeline to 2026-06-01 00:00:00+00:00, run_after=2026-07-01 00:00:00+00:00
[2026-06-29T17:30:20.239+0000] {processor.py:208} INFO - Processing /opt/airflow/dags/urban_data_pipeline_dag.py took 0.596 seconds
[2026-06-29T17:30:51.100+0000] {processor.py:186} INFO - Started process (PID=11587) to work on /opt/airflow/dags/urban_data_pipeline_dag.py
[2026-06-29T17:30:51.103+0000] {processor.py:914} INFO - Processing file /opt/airflow/dags/urban_data_pipeline_dag.py for tasks to queue
[2026-06-29T17:30:51.109+0000] {logging_mixin.py:190} INFO - [2026-06-29T17:30:51.108+0000] {dagbag.py:588} INFO - Filling up the DagBag from /opt/airflow/dags/urban_data_pipeline_dag.py
[2026-06-29T17:30:51.273+0000] {processor.py:925} INFO - DAG(s) 'urban_data_pipeline' retrieved from /opt/airflow/dags/urban_data_pipeline_dag.py
[2026-06-29T17:30:51.322+0000] {logging_mixin.py:190} INFO - [2026-06-29T17:30:51.322+0000] {dag.py:3239} INFO - Sync 1 DAGs
[2026-06-29T17:30:51.360+0000] {logging_mixin.py:190} INFO - [2026-06-29T17:30:51.359+0000] {dag.py:4180} INFO - Setting next_dagrun for urban_data_pipeline to 2026-06-01 00:00:00+00:00, run_after=2026-07-01 00:00:00+00:00
[2026-06-29T17:30:51.433+0000] {processor.py:208} INFO - Processing /opt/airflow/dags/urban_data_pipeline_dag.py took 0.349 seconds
[2026-06-29T17:31:22.176+0000] {processor.py:186} INFO - Started process (PID=11604) to work on /opt/airflow/dags/urban_data_pipeline_dag.py
[2026-06-29T17:31:22.177+0000] {processor.py:914} INFO - Processing file /opt/airflow/dags/urban_data_pipeline_dag.py for tasks to queue
[2026-06-29T17:31:22.181+0000] {logging_mixin.py:190} INFO - [2026-06-29T17:31:22.181+0000] {dagbag.py:588} INFO - Filling up the DagBag from /opt/airflow/dags/urban_data_pipeline_dag.py
[2026-06-29T17:31:22.399+0000] {processor.py:925} INFO - DAG(s) 'urban_data_pipeline' retrieved from /opt/airflow/dags/urban_data_pipeline_dag.py
[2026-06-29T17:31:22.473+0000] {logging_mixin.py:190} INFO - [2026-06-29T17:31:22.472+0000] {dag.py:3239} INFO - Sync 1 DAGs
[2026-06-29T17:31:22.510+0000] {logging_mixin.py:190} INFO - [2026-06-29T17:31:22.510+0000] {dag.py:4180} INFO - Setting next_dagrun for urban_data_pipeline to 2026-06-01 00:00:00+00:00, run_after=2026-07-01 00:00:00+00:00
[2026-06-29T17:31:22.538+0000] {processor.py:208} INFO - Processing /opt/airflow/dags/urban_data_pipeline_dag.py took 0.369 seconds
[2026-06-29T17:31:53.172+0000] {processor.py:186} INFO - Started process (PID=11615) to work on /opt/airflow/dags/urban_data_pipeline_dag.py
[2026-06-29T17:31:53.173+0000] {processor.py:914} INFO - Processing file /opt/airflow/dags/urban_data_pipeline_dag.py for tasks to queue
[2026-06-29T17:31:53.175+0000] {logging_mixin.py:190} INFO - [2026-06-29T17:31:53.175+0000] {dagbag.py:588} INFO - Filling up the DagBag from /opt/airflow/dags/urban_data_pipeline_dag.py
[2026-06-29T17:31:53.231+0000] {processor.py:925} INFO - DAG(s) 'urban_data_pipeline' retrieved from /opt/airflow/dags/urban_data_pipeline_dag.py
[2026-06-29T17:31:53.261+0000] {logging_mixin.py:190} INFO - [2026-06-29T17:31:53.261+0000] {dag.py:3239} INFO - Sync 1 DAGs
[2026-06-29T17:31:53.278+0000] {logging_mixin.py:190} INFO - [2026-06-29T17:31:53.278+0000] {dag.py:4180} INFO - Setting next_dagrun for urban_data_pipeline to 2026-06-01 00:00:00+00:00, run_after=2026-07-01 00:00:00+00:00
[2026-06-29T17:31:53.291+0000] {processor.py:208} INFO - Processing /opt/airflow/dags/urban_data_pipeline_dag.py took 0.123 seconds
[2026-06-29T17:32:24.139+0000] {processor.py:186} INFO - Started process (PID=11633) to work on /opt/airflow/dags/urban_data_pipeline_dag.py
[2026-06-29T17:32:24.141+0000] {processor.py:914} INFO - Processing file /opt/airflow/dags/urban_data_pipeline_dag.py for tasks to queue
[2026-06-29T17:32:24.151+0000] {logging_mixin.py:190} INFO - [2026-06-29T17:32:24.150+0000] {dagbag.py:588} INFO - Filling up the DagBag from /opt/airflow/dags/urban_data_pipeline_dag.py
[2026-06-29T17:32:24.862+0000] {processor.py:925} INFO - DAG(s) 'urban_data_pipeline' retrieved from /opt/airflow/dags/urban_data_pipeline_dag.py
[2026-06-29T17:32:24.960+0000] {logging_mixin.py:190} INFO - [2026-06-29T17:32:24.959+0000] {dag.py:3239} INFO - Sync 1 DAGs
[2026-06-29T17:32:25.004+0000] {logging_mixin.py:190} INFO - [2026-06-29T17:32:25.003+0000] {dag.py:4180} INFO - Setting next_dagrun for urban_data_pipeline to 2026-06-01 00:00:00+00:00, run_after=2026-07-01 00:00:00+00:00
[2026-06-29T17:32:25.058+0000] {processor.py:208} INFO - Processing /opt/airflow/dags/urban_data_pipeline_dag.py took 0.927 seconds
[2026-06-29T17:32:55.816+0000] {processor.py:186} INFO - Started process (PID=11651) to work on /opt/airflow/dags/urban_data_pipeline_dag.py
[2026-06-29T17:32:55.818+0000] {processor.py:914} INFO - Processing file /opt/airflow/dags/urban_data_pipeline_dag.py for tasks to queue
[2026-06-29T17:32:55.821+0000] {logging_mixin.py:190} INFO - [2026-06-29T17:32:55.820+0000] {dagbag.py:588} INFO - Filling up the DagBag from /opt/airflow/dags/urban_data_pipeline_dag.py
[2026-06-29T17:32:56.127+0000] {processor.py:925} INFO - DAG(s) 'urban_data_pipeline' retrieved from /opt/airflow/dags/urban_data_pipeline_dag.py
[2026-06-29T17:32:56.177+0000] {logging_mixin.py:190} INFO - [2026-06-29T17:32:56.177+0000] {dag.py:3239} INFO - Sync 1 DAGs
[2026-06-29T17:32:56.200+0000] {logging_mixin.py:190} INFO - [2026-06-29T17:32:56.200+0000] {dag.py:4180} INFO - Setting next_dagrun for urban_data_pipeline to 2026-06-01 00:00:00+00:00, run_after=2026-07-01 00:00:00+00:00
[2026-06-29T17:32:56.234+0000] {processor.py:208} INFO - Processing /opt/airflow/dags/urban_data_pipeline_dag.py took 0.429 seconds
[2026-06-29T17:33:26.617+0000] {processor.py:186} INFO - Started process (PID=11669) to work on /opt/airflow/dags/urban_data_pipeline_dag.py
[2026-06-29T17:33:26.619+0000] {processor.py:914} INFO - Processing file /opt/airflow/dags/urban_data_pipeline_dag.py for tasks to queue
[2026-06-29T17:33:26.622+0000] {logging_mixin.py:190} INFO - [2026-06-29T17:33:26.622+0000] {dagbag.py:588} INFO - Filling up the DagBag from /opt/airflow/dags/urban_data_pipeline_dag.py
[2026-06-29T17:33:26.841+0000] {processor.py:925} INFO - DAG(s) 'urban_data_pipeline' retrieved from /opt/airflow/dags/urban_data_pipeline_dag.py
[2026-06-29T17:33:26.887+0000] {logging_mixin.py:190} INFO - [2026-06-29T17:33:26.887+0000] {dag.py:3239} INFO - Sync 1 DAGs
[2026-06-29T17:33:26.916+0000] {logging_mixin.py:190} INFO - [2026-06-29T17:33:26.916+0000] {dag.py:4180} INFO - Setting next_dagrun for urban_data_pipeline to 2026-06-01 00:00:00+00:00, run_after=2026-07-01 00:00:00+00:00
[2026-06-29T17:33:26.946+0000] {processor.py:208} INFO - Processing /opt/airflow/dags/urban_data_pipeline_dag.py took 0.337 seconds
[2026-06-29T17:33:57.560+0000] {processor.py:186} INFO - Started process (PID=11687) to work on /opt/airflow/dags/urban_data_pipeline_dag.py
[2026-06-29T17:33:57.562+0000] {processor.py:914} INFO - Processing file /opt/airflow/dags/urban_data_pipeline_dag.py for tasks to queue
[2026-06-29T17:33:57.565+0000] {logging_mixin.py:190} INFO - [2026-06-29T17:33:57.565+0000] {dagbag.py:588} INFO - Filling up the DagBag from /opt/airflow/dags/urban_data_pipeline_dag.py
[2026-06-29T17:33:57.754+0000] {processor.py:925} INFO - DAG(s) 'urban_data_pipeline' retrieved from /opt/airflow/dags/urban_data_pipeline_dag.py
[2026-06-29T17:33:57.805+0000] {logging_mixin.py:190} INFO - [2026-06-29T17:33:57.805+0000] {dag.py:3239} INFO - Sync 1 DAGs
[2026-06-29T17:33:57.833+0000] {logging_mixin.py:190} INFO - [2026-06-29T17:33:57.833+0000] {dag.py:4180} INFO - Setting next_dagrun for urban_data_pipeline to 2026-06-01 00:00:00+00:00, run_after=2026-07-01 00:00:00+00:00
[2026-06-29T17:33:57.860+0000] {processor.py:208} INFO - Processing /opt/airflow/dags/urban_data_pipeline_dag.py took 0.313 seconds
[2026-06-29T17:34:28.452+0000] {processor.py:186} INFO - Started process (PID=11705) to work on /opt/airflow/dags/urban_data_pipeline_dag.py
[2026-06-29T17:34:28.454+0000] {processor.py:914} INFO - Processing file /opt/airflow/dags/urban_data_pipeline_dag.py for tasks to queue
[2026-06-29T17:34:28.457+0000] {logging_mixin.py:190} INFO - [2026-06-29T17:34:28.456+0000] {dagbag.py:588} INFO - Filling up the DagBag from /opt/airflow/dags/urban_data_pipeline_dag.py
[2026-06-29T17:34:28.700+0000] {processor.py:925} INFO - DAG(s) 'urban_data_pipeline' retrieved from /opt/airflow/dags/urban_data_pipeline_dag.py
[2026-06-29T17:34:28.765+0000] {logging_mixin.py:190} INFO - [2026-06-29T17:34:28.764+0000] {dag.py:3239} INFO - Sync 1 DAGs
[2026-06-29T17:34:28.789+0000] {logging_mixin.py:190} INFO - [2026-06-29T17:34:28.789+0000] {dag.py:4180} INFO - Setting next_dagrun for urban_data_pipeline to 2026-06-01 00:00:00+00:00, run_after=2026-07-01 00:00:00+00:00
[2026-06-29T17:34:28.822+0000] {processor.py:208} INFO - Processing /opt/airflow/dags/urban_data_pipeline_dag.py took 0.375 seconds
[2026-06-29T17:34:59.330+0000] {processor.py:186} INFO - Started process (PID=11723) to work on /opt/airflow/dags/urban_data_pipeline_dag.py
[2026-06-29T17:34:59.331+0000] {processor.py:914} INFO - Processing file /opt/airflow/dags/urban_data_pipeline_dag.py for tasks to queue
[2026-06-29T17:34:59.334+0000] {logging_mixin.py:190} INFO - [2026-06-29T17:34:59.333+0000] {dagbag.py:588} INFO - Filling up the DagBag from /opt/airflow/dags/urban_data_pipeline_dag.py
[2026-06-29T17:34:59.490+0000] {processor.py:925} INFO - DAG(s) 'urban_data_pipeline' retrieved from /opt/airflow/dags/urban_data_pipeline_dag.py
[2026-06-29T17:34:59.551+0000] {logging_mixin.py:190} INFO - [2026-06-29T17:34:59.551+0000] {dag.py:3239} INFO - Sync 1 DAGs
[2026-06-29T17:34:59.577+0000] {logging_mixin.py:190} INFO - [2026-06-29T17:34:59.577+0000] {dag.py:4180} INFO - Setting next_dagrun for urban_data_pipeline to 2026-06-01 00:00:00+00:00, run_after=2026-07-01 00:00:00+00:00
[2026-06-29T17:34:59.628+0000] {processor.py:208} INFO - Processing /opt/airflow/dags/urban_data_pipeline_dag.py took 0.305 seconds
[2026-06-29T17:35:30.460+0000] {processor.py:186} INFO - Started process (PID=11741) to work on /opt/airflow/dags/urban_data_pipeline_dag.py
[2026-06-29T17:35:30.462+0000] {processor.py:914} INFO - Processing file /opt/airflow/dags/urban_data_pipeline_dag.py for tasks to queue
[2026-06-29T17:35:30.465+0000] {logging_mixin.py:190} INFO - [2026-06-29T17:35:30.464+0000] {dagbag.py:588} INFO - Filling up the DagBag from /opt/airflow/dags/urban_data_pipeline_dag.py
[2026-06-29T17:35:30.598+0000] {processor.py:925} INFO - DAG(s) 'urban_data_pipeline' retrieved from /opt/airflow/dags/urban_data_pipeline_dag.py
[2026-06-29T17:35:30.651+0000] {logging_mixin.py:190} INFO - [2026-06-29T17:35:30.651+0000] {dag.py:3239} INFO - Sync 1 DAGs
[2026-06-29T17:35:30.676+0000] {logging_mixin.py:190} INFO - [2026-06-29T17:35:30.676+0000] {dag.py:4180} INFO - Setting next_dagrun for urban_data_pipeline to 2026-06-01 00:00:00+00:00, run_after=2026-07-01 00:00:00+00:00
[2026-06-29T17:35:30.701+0000] {processor.py:208} INFO - Processing /opt/airflow/dags/urban_data_pipeline_dag.py took 0.248 seconds
[2026-06-29T17:36:01.330+0000] {processor.py:186} INFO - Started process (PID=11759) to work on /opt/airflow/dags/urban_data_pipeline_dag.py
[2026-06-29T17:36:01.332+0000] {processor.py:914} INFO - Processing file /opt/airflow/dags/urban_data_pipeline_dag.py for tasks to queue
[2026-06-29T17:36:01.337+0000] {logging_mixin.py:190} INFO - [2026-06-29T17:36:01.337+0000] {dagbag.py:588} INFO - Filling up the DagBag from /opt/airflow/dags/urban_data_pipeline_dag.py
[2026-06-29T17:36:01.522+0000] {processor.py:925} INFO - DAG(s) 'urban_data_pipeline' retrieved from /opt/airflow/dags/urban_data_pipeline_dag.py
[2026-06-29T17:36:01.598+0000] {logging_mixin.py:190} INFO - [2026-06-29T17:36:01.597+0000] {dag.py:3239} INFO - Sync 1 DAGs
[2026-06-29T17:36:01.640+0000] {logging_mixin.py:190} INFO - [2026-06-29T17:36:01.639+0000] {dag.py:4180} INFO - Setting next_dagrun for urban_data_pipeline to 2026-06-01 00:00:00+00:00, run_after=2026-07-01 00:00:00+00:00
[2026-06-29T17:36:01.670+0000] {processor.py:208} INFO - Processing /opt/airflow/dags/urban_data_pipeline_dag.py took 0.349 seconds
[2026-06-29T17:36:32.059+0000] {processor.py:186} INFO - Started process (PID=11777) to work on /opt/airflow/dags/urban_data_pipeline_dag.py
[2026-06-29T17:36:32.070+0000] {processor.py:914} INFO - Processing file /opt/airflow/dags/urban_data_pipeline_dag.py for tasks to queue
[2026-06-29T17:36:32.079+0000] {logging_mixin.py:190} INFO - [2026-06-29T17:36:32.078+0000] {dagbag.py:588} INFO - Filling up the DagBag from /opt/airflow/dags/urban_data_pipeline_dag.py
[2026-06-29T17:36:32.262+0000] {processor.py:925} INFO - DAG(s) 'urban_data_pipeline' retrieved from /opt/airflow/dags/urban_data_pipeline_dag.py
[2026-06-29T17:36:32.365+0000] {logging_mixin.py:190} INFO - [2026-06-29T17:36:32.363+0000] {dag.py:3239} INFO - Sync 1 DAGs
[2026-06-29T17:36:32.450+0000] {logging_mixin.py:190} INFO - [2026-06-29T17:36:32.449+0000] {dag.py:4180} INFO - Setting next_dagrun for urban_data_pipeline to 2026-06-01 00:00:00+00:00, run_after=2026-07-01 00:00:00+00:00
[2026-06-29T17:36:32.566+0000] {processor.py:208} INFO - Processing /opt/airflow/dags/urban_data_pipeline_dag.py took 0.529 seconds
[2026-06-29T17:37:02.991+0000] {processor.py:186} INFO - Started process (PID=11795) to work on /opt/airflow/dags/urban_data_pipeline_dag.py
[2026-06-29T17:37:02.992+0000] {processor.py:914} INFO - Processing file /opt/airflow/dags/urban_data_pipeline_dag.py for tasks to queue
[2026-06-29T17:37:02.997+0000] {logging_mixin.py:190} INFO - [2026-06-29T17:37:02.997+0000] {dagbag.py:588} INFO - Filling up the DagBag from /opt/airflow/dags/urban_data_pipeline_dag.py
[2026-06-29T17:37:03.182+0000] {processor.py:925} INFO - DAG(s) 'urban_data_pipeline' retrieved from /opt/airflow/dags/urban_data_pipeline_dag.py
[2026-06-29T17:37:03.290+0000] {logging_mixin.py:190} INFO - [2026-06-29T17:37:03.288+0000] {dag.py:3239} INFO - Sync 1 DAGs
[2026-06-29T17:37:03.357+0000] {logging_mixin.py:190} INFO - [2026-06-29T17:37:03.357+0000] {dag.py:4180} INFO - Setting next_dagrun for urban_data_pipeline to 2026-06-01 00:00:00+00:00, run_after=2026-07-01 00:00:00+00:00
[2026-06-29T17:37:03.416+0000] {processor.py:208} INFO - Processing /opt/airflow/dags/urban_data_pipeline_dag.py took 0.432 seconds
[2026-06-29T17:37:33.741+0000] {processor.py:186} INFO - Started process (PID=11812) to work on /opt/airflow/dags/urban_data_pipeline_dag.py
[2026-06-29T17:37:33.742+0000] {processor.py:914} INFO - Processing file /opt/airflow/dags/urban_data_pipeline_dag.py for tasks to queue
[2026-06-29T17:37:33.745+0000] {logging_mixin.py:190} INFO - [2026-06-29T17:37:33.745+0000] {dagbag.py:588} INFO - Filling up the DagBag from /opt/airflow/dags/urban_data_pipeline_dag.py
[2026-06-29T17:37:33.880+0000] {processor.py:925} INFO - DAG(s) 'urban_data_pipeline' retrieved from /opt/airflow/dags/urban_data_pipeline_dag.py
[2026-06-29T17:37:34.034+0000] {logging_mixin.py:190} INFO - [2026-06-29T17:37:34.033+0000] {dag.py:3239} INFO - Sync 1 DAGs
[2026-06-29T17:37:34.133+0000] {logging_mixin.py:190} INFO - [2026-06-29T17:37:34.131+0000] {dag.py:4180} INFO - Setting next_dagrun for urban_data_pipeline to 2026-06-01 00:00:00+00:00, run_after=2026-07-01 00:00:00+00:00
[2026-06-29T17:37:34.199+0000] {processor.py:208} INFO - Processing /opt/airflow/dags/urban_data_pipeline_dag.py took 0.466 seconds
[2026-06-29T17:38:04.622+0000] {processor.py:186} INFO - Started process (PID=11823) to work on /opt/airflow/dags/urban_data_pipeline_dag.py
[2026-06-29T17:38:04.625+0000] {processor.py:914} INFO - Processing file /opt/airflow/dags/urban_data_pipeline_dag.py for tasks to queue
[2026-06-29T17:38:04.633+0000] {logging_mixin.py:190} INFO - [2026-06-29T17:38:04.632+0000] {dagbag.py:588} INFO - Filling up the DagBag from /opt/airflow/dags/urban_data_pipeline_dag.py
[2026-06-29T17:38:04.848+0000] {processor.py:925} INFO - DAG(s) 'urban_data_pipeline' retrieved from /opt/airflow/dags/urban_data_pipeline_dag.py
[2026-06-29T17:38:04.897+0000] {logging_mixin.py:190} INFO - [2026-06-29T17:38:04.897+0000] {dag.py:3239} INFO - Sync 1 DAGs
[2026-06-29T17:38:04.923+0000] {logging_mixin.py:190} INFO - [2026-06-29T17:38:04.923+0000] {dag.py:4180} INFO - Setting next_dagrun for urban_data_pipeline to 2026-06-01 00:00:00+00:00, run_after=2026-07-01 00:00:00+00:00
[2026-06-29T17:38:04.967+0000] {processor.py:208} INFO - Processing /opt/airflow/dags/urban_data_pipeline_dag.py took 0.357 seconds
[2026-06-29T17:38:35.501+0000] {processor.py:186} INFO - Started process (PID=11841) to work on /opt/airflow/dags/urban_data_pipeline_dag.py
[2026-06-29T17:38:35.505+0000] {processor.py:914} INFO - Processing file /opt/airflow/dags/urban_data_pipeline_dag.py for tasks to queue
[2026-06-29T17:38:35.515+0000] {logging_mixin.py:190} INFO - [2026-06-29T17:38:35.515+0000] {dagbag.py:588} INFO - Filling up the DagBag from /opt/airflow/dags/urban_data_pipeline_dag.py
[2026-06-29T17:38:35.737+0000] {processor.py:925} INFO - DAG(s) 'urban_data_pipeline' retrieved from /opt/airflow/dags/urban_data_pipeline_dag.py
[2026-06-29T17:38:35.811+0000] {logging_mixin.py:190} INFO - [2026-06-29T17:38:35.810+0000] {dag.py:3239} INFO - Sync 1 DAGs
[2026-06-29T17:38:35.868+0000] {logging_mixin.py:190} INFO - [2026-06-29T17:38:35.867+0000] {dag.py:4180} INFO - Setting next_dagrun for urban_data_pipeline to 2026-06-01 00:00:00+00:00, run_after=2026-07-01 00:00:00+00:00
[2026-06-29T17:38:35.919+0000] {processor.py:208} INFO - Processing /opt/airflow/dags/urban_data_pipeline_dag.py took 0.437 seconds
[2026-06-29T17:39:06.651+0000] {processor.py:186} INFO - Started process (PID=11860) to work on /opt/airflow/dags/urban_data_pipeline_dag.py
[2026-06-29T17:39:06.653+0000] {processor.py:914} INFO - Processing file /opt/airflow/dags/urban_data_pipeline_dag.py for tasks to queue
[2026-06-29T17:39:06.658+0000] {logging_mixin.py:190} INFO - [2026-06-29T17:39:06.657+0000] {dagbag.py:588} INFO - Filling up the DagBag from /opt/airflow/dags/urban_data_pipeline_dag.py
[2026-06-29T17:39:06.885+0000] {processor.py:925} INFO - DAG(s) 'urban_data_pipeline' retrieved from /opt/airflow/dags/urban_data_pipeline_dag.py
[2026-06-29T17:39:06.974+0000] {logging_mixin.py:190} INFO - [2026-06-29T17:39:06.974+0000] {dag.py:3239} INFO - Sync 1 DAGs
[2026-06-29T17:39:07.057+0000] {logging_mixin.py:190} INFO - [2026-06-29T17:39:07.056+0000] {dag.py:4180} INFO - Setting next_dagrun for urban_data_pipeline to 2026-06-01 00:00:00+00:00, run_after=2026-07-01 00:00:00+00:00
[2026-06-29T17:39:07.202+0000] {processor.py:208} INFO - Processing /opt/airflow/dags/urban_data_pipeline_dag.py took 0.560 seconds
[2026-06-29T17:39:37.950+0000] {processor.py:186} INFO - Started process (PID=11879) to work on /opt/airflow/dags/urban_data_pipeline_dag.py
[2026-06-29T17:39:37.954+0000] {processor.py:914} INFO - Processing file /opt/airflow/dags/urban_data_pipeline_dag.py for tasks to queue
[2026-06-29T17:39:37.960+0000] {logging_mixin.py:190} INFO - [2026-06-29T17:39:37.959+0000] {dagbag.py:588} INFO - Filling up the DagBag from /opt/airflow/dags/urban_data_pipeline_dag.py
[2026-06-29T17:39:38.199+0000] {processor.py:925} INFO - DAG(s) 'urban_data_pipeline' retrieved from /opt/airflow/dags/urban_data_pipeline_dag.py
[2026-06-29T17:39:38.385+0000] {logging_mixin.py:190} INFO - [2026-06-29T17:39:38.384+0000] {dag.py:3239} INFO - Sync 1 DAGs
[2026-06-29T17:39:38.486+0000] {logging_mixin.py:190} INFO - [2026-06-29T17:39:38.485+0000] {dag.py:4180} INFO - Setting next_dagrun for urban_data_pipeline to 2026-06-01 00:00:00+00:00, run_after=2026-07-01 00:00:00+00:00
[2026-06-29T17:39:38.544+0000] {processor.py:208} INFO - Processing /opt/airflow/dags/urban_data_pipeline_dag.py took 0.611 seconds
[2026-06-29T17:40:09.286+0000] {processor.py:186} INFO - Started process (PID=11897) to work on /opt/airflow/dags/urban_data_pipeline_dag.py
[2026-06-29T17:40:09.291+0000] {processor.py:914} INFO - Processing file /opt/airflow/dags/urban_data_pipeline_dag.py for tasks to queue
[2026-06-29T17:40:09.300+0000] {logging_mixin.py:190} INFO - [2026-06-29T17:40:09.298+0000] {dagbag.py:588} INFO - Filling up the DagBag from /opt/airflow/dags/urban_data_pipeline_dag.py
[2026-06-29T17:40:09.534+0000] {processor.py:925} INFO - DAG(s) 'urban_data_pipeline' retrieved from /opt/airflow/dags/urban_data_pipeline_dag.py
[2026-06-29T17:40:09.626+0000] {logging_mixin.py:190} INFO - [2026-06-29T17:40:09.626+0000] {dag.py:3239} INFO - Sync 1 DAGs
[2026-06-29T17:40:09.684+0000] {logging_mixin.py:190} INFO - [2026-06-29T17:40:09.683+0000] {dag.py:4180} INFO - Setting next_dagrun for urban_data_pipeline to 2026-06-01 00:00:00+00:00, run_after=2026-07-01 00:00:00+00:00
[2026-06-29T17:40:09.736+0000] {processor.py:208} INFO - Processing /opt/airflow/dags/urban_data_pipeline_dag.py took 0.466 seconds
[2026-06-29T17:40:40.469+0000] {processor.py:186} INFO - Started process (PID=11915) to work on /opt/airflow/dags/urban_data_pipeline_dag.py
[2026-06-29T17:40:40.471+0000] {processor.py:914} INFO - Processing file /opt/airflow/dags/urban_data_pipeline_dag.py for tasks to queue
[2026-06-29T17:40:40.475+0000] {logging_mixin.py:190} INFO - [2026-06-29T17:40:40.475+0000] {dagbag.py:588} INFO - Filling up the DagBag from /opt/airflow/dags/urban_data_pipeline_dag.py
[2026-06-29T17:40:40.677+0000] {processor.py:925} INFO - DAG(s) 'urban_data_pipeline' retrieved from /opt/airflow/dags/urban_data_pipeline_dag.py
[2026-06-29T17:40:40.785+0000] {logging_mixin.py:190} INFO - [2026-06-29T17:40:40.784+0000] {dag.py:3239} INFO - Sync 1 DAGs
[2026-06-29T17:40:40.839+0000] {logging_mixin.py:190} INFO - [2026-06-29T17:40:40.838+0000] {dag.py:4180} INFO - Setting next_dagrun for urban_data_pipeline to 2026-06-01 00:00:00+00:00, run_after=2026-07-01 00:00:00+00:00
[2026-06-29T17:40:40.895+0000] {processor.py:208} INFO - Processing /opt/airflow/dags/urban_data_pipeline_dag.py took 0.435 seconds
[2026-06-29T17:41:11.607+0000] {processor.py:186} INFO - Started process (PID=11933) to work on /opt/airflow/dags/urban_data_pipeline_dag.py
[2026-06-29T17:41:11.611+0000] {processor.py:914} INFO - Processing file /opt/airflow/dags/urban_data_pipeline_dag.py for tasks to queue
[2026-06-29T17:41:11.624+0000] {logging_mixin.py:190} INFO - [2026-06-29T17:41:11.623+0000] {dagbag.py:588} INFO - Filling up the DagBag from /opt/airflow/dags/urban_data_pipeline_dag.py
[2026-06-29T17:41:11.836+0000] {processor.py:925} INFO - DAG(s) 'urban_data_pipeline' retrieved from /opt/airflow/dags/urban_data_pipeline_dag.py
[2026-06-29T17:41:11.915+0000] {logging_mixin.py:190} INFO - [2026-06-29T17:41:11.914+0000] {dag.py:3239} INFO - Sync 1 DAGs
[2026-06-29T17:41:11.965+0000] {logging_mixin.py:190} INFO - [2026-06-29T17:41:11.964+0000] {dag.py:4180} INFO - Setting next_dagrun for urban_data_pipeline to 2026-06-01 00:00:00+00:00, run_after=2026-07-01 00:00:00+00:00
[2026-06-29T17:41:12.015+0000] {processor.py:208} INFO - Processing /opt/airflow/dags/urban_data_pipeline_dag.py took 0.426 seconds
[2026-06-29T17:41:42.151+0000] {processor.py:186} INFO - Started process (PID=11943) to work on /opt/airflow/dags/urban_data_pipeline_dag.py
[2026-06-29T17:41:42.152+0000] {processor.py:914} INFO - Processing file /opt/airflow/dags/urban_data_pipeline_dag.py for tasks to queue
[2026-06-29T17:41:42.156+0000] {logging_mixin.py:190} INFO - [2026-06-29T17:41:42.156+0000] {dagbag.py:588} INFO - Filling up the DagBag from /opt/airflow/dags/urban_data_pipeline_dag.py
[2026-06-29T17:41:42.340+0000] {processor.py:925} INFO - DAG(s) 'urban_data_pipeline' retrieved from /opt/airflow/dags/urban_data_pipeline_dag.py
[2026-06-29T17:41:42.445+0000] {logging_mixin.py:190} INFO - [2026-06-29T17:41:42.444+0000] {dag.py:3239} INFO - Sync 1 DAGs
[2026-06-29T17:41:42.514+0000] {logging_mixin.py:190} INFO - [2026-06-29T17:41:42.513+0000] {dag.py:4180} INFO - Setting next_dagrun for urban_data_pipeline to 2026-06-01 00:00:00+00:00, run_after=2026-07-01 00:00:00+00:00
[2026-06-29T17:41:42.585+0000] {processor.py:208} INFO - Processing /opt/airflow/dags/urban_data_pipeline_dag.py took 0.444 seconds
[2026-06-29T17:42:13.460+0000] {processor.py:186} INFO - Started process (PID=11961) to work on /opt/airflow/dags/urban_data_pipeline_dag.py
[2026-06-29T17:42:13.488+0000] {processor.py:914} INFO - Processing file /opt/airflow/dags/urban_data_pipeline_dag.py for tasks to queue
[2026-06-29T17:42:13.496+0000] {logging_mixin.py:190} INFO - [2026-06-29T17:42:13.495+0000] {dagbag.py:588} INFO - Filling up the DagBag from /opt/airflow/dags/urban_data_pipeline_dag.py
[2026-06-29T17:42:13.891+0000] {processor.py:925} INFO - DAG(s) 'urban_data_pipeline' retrieved from /opt/airflow/dags/urban_data_pipeline_dag.py
[2026-06-29T17:42:13.986+0000] {logging_mixin.py:190} INFO - [2026-06-29T17:42:13.986+0000] {dag.py:3239} INFO - Sync 1 DAGs
[2026-06-29T17:42:14.022+0000] {logging_mixin.py:190} INFO - [2026-06-29T17:42:14.022+0000] {dag.py:4180} INFO - Setting next_dagrun for urban_data_pipeline to 2026-06-01 00:00:00+00:00, run_after=2026-07-01 00:00:00+00:00
[2026-06-29T17:42:14.055+0000] {processor.py:208} INFO - Processing /opt/airflow/dags/urban_data_pipeline_dag.py took 0.602 seconds
[2026-06-29T17:42:44.357+0000] {processor.py:186} INFO - Started process (PID=11980) to work on /opt/airflow/dags/urban_data_pipeline_dag.py
[2026-06-29T17:42:44.359+0000] {processor.py:914} INFO - Processing file /opt/airflow/dags/urban_data_pipeline_dag.py for tasks to queue
[2026-06-29T17:42:44.363+0000] {logging_mixin.py:190} INFO - [2026-06-29T17:42:44.363+0000] {dagbag.py:588} INFO - Filling up the DagBag from /opt/airflow/dags/urban_data_pipeline_dag.py
[2026-06-29T17:42:44.577+0000] {processor.py:925} INFO - DAG(s) 'urban_data_pipeline' retrieved from /opt/airflow/dags/urban_data_pipeline_dag.py
[2026-06-29T17:42:44.628+0000] {logging_mixin.py:190} INFO - [2026-06-29T17:42:44.628+0000] {dag.py:3239} INFO - Sync 1 DAGs
[2026-06-29T17:42:44.654+0000] {logging_mixin.py:190} INFO - [2026-06-29T17:42:44.654+0000] {dag.py:4180} INFO - Setting next_dagrun for urban_data_pipeline to 2026-06-01 00:00:00+00:00, run_after=2026-07-01 00:00:00+00:00
[2026-06-29T17:42:44.693+0000] {processor.py:208} INFO - Processing /opt/airflow/dags/urban_data_pipeline_dag.py took 0.343 seconds
[2026-06-29T17:43:14.853+0000] {processor.py:186} INFO - Started process (PID=11998) to work on /opt/airflow/dags/urban_data_pipeline_dag.py
[2026-06-29T17:43:14.857+0000] {processor.py:914} INFO - Processing file /opt/airflow/dags/urban_data_pipeline_dag.py for tasks to queue
[2026-06-29T17:43:14.865+0000] {logging_mixin.py:190} INFO - [2026-06-29T17:43:14.863+0000] {dagbag.py:588} INFO - Filling up the DagBag from /opt/airflow/dags/urban_data_pipeline_dag.py
[2026-06-29T17:43:15.046+0000] {processor.py:925} INFO - DAG(s) 'urban_data_pipeline' retrieved from /opt/airflow/dags/urban_data_pipeline_dag.py
[2026-06-29T17:43:15.119+0000] {logging_mixin.py:190} INFO - [2026-06-29T17:43:15.119+0000] {dag.py:3239} INFO - Sync 1 DAGs
[2026-06-29T17:43:15.149+0000] {logging_mixin.py:190} INFO - [2026-06-29T17:43:15.148+0000] {dag.py:4180} INFO - Setting next_dagrun for urban_data_pipeline to 2026-06-01 00:00:00+00:00, run_after=2026-07-01 00:00:00+00:00
[2026-06-29T17:43:15.186+0000] {processor.py:208} INFO - Processing /opt/airflow/dags/urban_data_pipeline_dag.py took 0.345 seconds
[2026-06-29T17:43:45.569+0000] {processor.py:186} INFO - Started process (PID=12016) to work on /opt/airflow/dags/urban_data_pipeline_dag.py
[2026-06-29T17:43:45.572+0000] {processor.py:914} INFO - Processing file /opt/airflow/dags/urban_data_pipeline_dag.py for tasks to queue
[2026-06-29T17:43:45.578+0000] {logging_mixin.py:190} INFO - [2026-06-29T17:43:45.578+0000] {dagbag.py:588} INFO - Filling up the DagBag from /opt/airflow/dags/urban_data_pipeline_dag.py
[2026-06-29T17:43:45.798+0000] {processor.py:925} INFO - DAG(s) 'urban_data_pipeline' retrieved from /opt/airflow/dags/urban_data_pipeline_dag.py
[2026-06-29T17:43:45.907+0000] {logging_mixin.py:190} INFO - [2026-06-29T17:43:45.906+0000] {dag.py:3239} INFO - Sync 1 DAGs
[2026-06-29T17:43:45.962+0000] {logging_mixin.py:190} INFO - [2026-06-29T17:43:45.962+0000] {dag.py:4180} INFO - Setting next_dagrun for urban_data_pipeline to 2026-06-01 00:00:00+00:00, run_after=2026-07-01 00:00:00+00:00
[2026-06-29T17:43:46.011+0000] {processor.py:208} INFO - Processing /opt/airflow/dags/urban_data_pipeline_dag.py took 0.457 seconds
[2026-06-29T17:44:16.624+0000] {processor.py:186} INFO - Started process (PID=12034) to work on /opt/airflow/dags/urban_data_pipeline_dag.py
[2026-06-29T17:44:16.629+0000] {processor.py:914} INFO - Processing file /opt/airflow/dags/urban_data_pipeline_dag.py for tasks to queue
[2026-06-29T17:44:16.636+0000] {logging_mixin.py:190} INFO - [2026-06-29T17:44:16.635+0000] {dagbag.py:588} INFO - Filling up the DagBag from /opt/airflow/dags/urban_data_pipeline_dag.py
[2026-06-29T17:44:16.871+0000] {processor.py:925} INFO - DAG(s) 'urban_data_pipeline' retrieved from /opt/airflow/dags/urban_data_pipeline_dag.py
[2026-06-29T17:44:16.969+0000] {logging_mixin.py:190} INFO - [2026-06-29T17:44:16.967+0000] {dag.py:3239} INFO - Sync 1 DAGs
[2026-06-29T17:44:17.029+0000] {logging_mixin.py:190} INFO - [2026-06-29T17:44:17.029+0000] {dag.py:4180} INFO - Setting next_dagrun for urban_data_pipeline to 2026-06-01 00:00:00+00:00, run_after=2026-07-01 00:00:00+00:00
[2026-06-29T17:44:17.087+0000] {processor.py:208} INFO - Processing /opt/airflow/dags/urban_data_pipeline_dag.py took 0.477 seconds
[2026-06-29T17:44:47.843+0000] {processor.py:186} INFO - Started process (PID=12052) to work on /opt/airflow/dags/urban_data_pipeline_dag.py
[2026-06-29T17:44:47.849+0000] {processor.py:914} INFO - Processing file /opt/airflow/dags/urban_data_pipeline_dag.py for tasks to queue
[2026-06-29T17:44:47.856+0000] {logging_mixin.py:190} INFO - [2026-06-29T17:44:47.855+0000] {dagbag.py:588} INFO - Filling up the DagBag from /opt/airflow/dags/urban_data_pipeline_dag.py
[2026-06-29T17:44:48.053+0000] {processor.py:925} INFO - DAG(s) 'urban_data_pipeline' retrieved from /opt/airflow/dags/urban_data_pipeline_dag.py
[2026-06-29T17:44:48.141+0000] {logging_mixin.py:190} INFO - [2026-06-29T17:44:48.140+0000] {dag.py:3239} INFO - Sync 1 DAGs
[2026-06-29T17:44:48.206+0000] {logging_mixin.py:190} INFO - [2026-06-29T17:44:48.205+0000] {dag.py:4180} INFO - Setting next_dagrun for urban_data_pipeline to 2026-06-01 00:00:00+00:00, run_after=2026-07-01 00:00:00+00:00
[2026-06-29T17:44:48.269+0000] {processor.py:208} INFO - Processing /opt/airflow/dags/urban_data_pipeline_dag.py took 0.442 seconds
[2026-06-29T17:45:18.999+0000] {processor.py:186} INFO - Started process (PID=12069) to work on /opt/airflow/dags/urban_data_pipeline_dag.py
[2026-06-29T17:45:19.002+0000] {processor.py:914} INFO - Processing file /opt/airflow/dags/urban_data_pipeline_dag.py for tasks to queue
[2026-06-29T17:45:19.008+0000] {logging_mixin.py:190} INFO - [2026-06-29T17:45:19.006+0000] {dagbag.py:588} INFO - Filling up the DagBag from /opt/airflow/dags/urban_data_pipeline_dag.py
[2026-06-29T17:45:19.197+0000] {processor.py:925} INFO - DAG(s) 'urban_data_pipeline' retrieved from /opt/airflow/dags/urban_data_pipeline_dag.py
[2026-06-29T17:45:19.281+0000] {logging_mixin.py:190} INFO - [2026-06-29T17:45:19.280+0000] {dag.py:3239} INFO - Sync 1 DAGs
[2026-06-29T17:45:19.335+0000] {logging_mixin.py:190} INFO - [2026-06-29T17:45:19.335+0000] {dag.py:4180} INFO - Setting next_dagrun for urban_data_pipeline to 2026-06-01 00:00:00+00:00, run_after=2026-07-01 00:00:00+00:00
[2026-06-29T17:45:19.393+0000] {processor.py:208} INFO - Processing /opt/airflow/dags/urban_data_pipeline_dag.py took 0.407 seconds
[2026-06-29T17:45:49.928+0000] {processor.py:186} INFO - Started process (PID=12080) to work on /opt/airflow/dags/urban_data_pipeline_dag.py
[2026-06-29T17:45:49.939+0000] {processor.py:914} INFO - Processing file /opt/airflow/dags/urban_data_pipeline_dag.py for tasks to queue
[2026-06-29T17:45:49.952+0000] {logging_mixin.py:190} INFO - [2026-06-29T17:45:49.951+0000] {dagbag.py:588} INFO - Filling up the DagBag from /opt/airflow/dags/urban_data_pipeline_dag.py
[2026-06-29T17:45:50.142+0000] {processor.py:925} INFO - DAG(s) 'urban_data_pipeline' retrieved from /opt/airflow/dags/urban_data_pipeline_dag.py
[2026-06-29T17:45:50.292+0000] {logging_mixin.py:190} INFO - [2026-06-29T17:45:50.292+0000] {dag.py:3239} INFO - Sync 1 DAGs
[2026-06-29T17:45:50.367+0000] {logging_mixin.py:190} INFO - [2026-06-29T17:45:50.366+0000] {dag.py:4180} INFO - Setting next_dagrun for urban_data_pipeline to 2026-06-01 00:00:00+00:00, run_after=2026-07-01 00:00:00+00:00
[2026-06-29T17:45:50.456+0000] {processor.py:208} INFO - Processing /opt/airflow/dags/urban_data_pipeline_dag.py took 0.563 seconds
[2026-06-29T17:46:21.553+0000] {processor.py:186} INFO - Started process (PID=12099) to work on /opt/airflow/dags/urban_data_pipeline_dag.py
[2026-06-29T17:46:21.554+0000] {processor.py:914} INFO - Processing file /opt/airflow/dags/urban_data_pipeline_dag.py for tasks to queue
[2026-06-29T17:46:21.558+0000] {logging_mixin.py:190} INFO - [2026-06-29T17:46:21.558+0000] {dagbag.py:588} INFO - Filling up the DagBag from /opt/airflow/dags/urban_data_pipeline_dag.py
[2026-06-29T17:46:21.809+0000] {processor.py:925} INFO - DAG(s) 'urban_data_pipeline' retrieved from /opt/airflow/dags/urban_data_pipeline_dag.py
[2026-06-29T17:46:21.917+0000] {logging_mixin.py:190} INFO - [2026-06-29T17:46:21.917+0000] {dag.py:3239} INFO - Sync 1 DAGs
[2026-06-29T17:46:21.946+0000] {logging_mixin.py:190} INFO - [2026-06-29T17:46:21.945+0000] {dag.py:4180} INFO - Setting next_dagrun for urban_data_pipeline to 2026-06-01 00:00:00+00:00, run_after=2026-07-01 00:00:00+00:00
[2026-06-29T17:46:21.972+0000] {processor.py:208} INFO - Processing /opt/airflow/dags/urban_data_pipeline_dag.py took 0.426 seconds
[2026-06-29T17:46:52.042+0000] {processor.py:186} INFO - Started process (PID=12117) to work on /opt/airflow/dags/urban_data_pipeline_dag.py
[2026-06-29T17:46:52.043+0000] {processor.py:914} INFO - Processing file /opt/airflow/dags/urban_data_pipeline_dag.py for tasks to queue
[2026-06-29T17:46:52.046+0000] {logging_mixin.py:190} INFO - [2026-06-29T17:46:52.046+0000] {dagbag.py:588} INFO - Filling up the DagBag from /opt/airflow/dags/urban_data_pipeline_dag.py
[2026-06-29T17:46:52.322+0000] {processor.py:925} INFO - DAG(s) 'urban_data_pipeline' retrieved from /opt/airflow/dags/urban_data_pipeline_dag.py
[2026-06-29T17:46:52.406+0000] {logging_mixin.py:190} INFO - [2026-06-29T17:46:52.406+0000] {dag.py:3239} INFO - Sync 1 DAGs
[2026-06-29T17:46:52.432+0000] {logging_mixin.py:190} INFO - [2026-06-29T17:46:52.431+0000] {dag.py:4180} INFO - Setting next_dagrun for urban_data_pipeline to 2026-06-01 00:00:00+00:00, run_after=2026-07-01 00:00:00+00:00
[2026-06-29T17:46:52.457+0000] {processor.py:208} INFO - Processing /opt/airflow/dags/urban_data_pipeline_dag.py took 0.421 seconds
[2026-06-29T17:47:23.423+0000] {processor.py:186} INFO - Started process (PID=12135) to work on /opt/airflow/dags/urban_data_pipeline_dag.py
[2026-06-29T17:47:23.426+0000] {processor.py:914} INFO - Processing file /opt/airflow/dags/urban_data_pipeline_dag.py for tasks to queue
[2026-06-29T17:47:23.436+0000] {logging_mixin.py:190} INFO - [2026-06-29T17:47:23.435+0000] {dagbag.py:588} INFO - Filling up the DagBag from /opt/airflow/dags/urban_data_pipeline_dag.py
[2026-06-29T17:47:23.590+0000] {processor.py:925} INFO - DAG(s) 'urban_data_pipeline' retrieved from /opt/airflow/dags/urban_data_pipeline_dag.py
[2026-06-29T17:47:23.668+0000] {logging_mixin.py:190} INFO - [2026-06-29T17:47:23.667+0000] {dag.py:3239} INFO - Sync 1 DAGs
[2026-06-29T17:47:23.715+0000] {logging_mixin.py:190} INFO - [2026-06-29T17:47:23.714+0000] {dag.py:4180} INFO - Setting next_dagrun for urban_data_pipeline to 2026-06-01 00:00:00+00:00, run_after=2026-07-01 00:00:00+00:00
[2026-06-29T17:47:23.763+0000] {processor.py:208} INFO - Processing /opt/airflow/dags/urban_data_pipeline_dag.py took 0.355 seconds
[2026-06-29T17:47:54.266+0000] {processor.py:186} INFO - Started process (PID=12153) to work on /opt/airflow/dags/urban_data_pipeline_dag.py
[2026-06-29T17:47:54.270+0000] {processor.py:914} INFO - Processing file /opt/airflow/dags/urban_data_pipeline_dag.py for tasks to queue
[2026-06-29T17:47:54.279+0000] {logging_mixin.py:190} INFO - [2026-06-29T17:47:54.278+0000] {dagbag.py:588} INFO - Filling up the DagBag from /opt/airflow/dags/urban_data_pipeline_dag.py
[2026-06-29T17:47:54.566+0000] {processor.py:925} INFO - DAG(s) 'urban_data_pipeline' retrieved from /opt/airflow/dags/urban_data_pipeline_dag.py
[2026-06-29T17:47:54.666+0000] {logging_mixin.py:190} INFO - [2026-06-29T17:47:54.665+0000] {dag.py:3239} INFO - Sync 1 DAGs
[2026-06-29T17:47:54.728+0000] {logging_mixin.py:190} INFO - [2026-06-29T17:47:54.727+0000] {dag.py:4180} INFO - Setting next_dagrun for urban_data_pipeline to 2026-06-01 00:00:00+00:00, run_after=2026-07-01 00:00:00+00:00
[2026-06-29T17:47:54.789+0000] {processor.py:208} INFO - Processing /opt/airflow/dags/urban_data_pipeline_dag.py took 0.540 seconds
[2026-06-29T17:48:25.565+0000] {processor.py:186} INFO - Started process (PID=12171) to work on /opt/airflow/dags/urban_data_pipeline_dag.py
[2026-06-29T17:48:25.570+0000] {processor.py:914} INFO - Processing file /opt/airflow/dags/urban_data_pipeline_dag.py for tasks to queue
[2026-06-29T17:48:25.576+0000] {logging_mixin.py:190} INFO - [2026-06-29T17:48:25.575+0000] {dagbag.py:588} INFO - Filling up the DagBag from /opt/airflow/dags/urban_data_pipeline_dag.py
[2026-06-29T17:48:25.772+0000] {processor.py:925} INFO - DAG(s) 'urban_data_pipeline' retrieved from /opt/airflow/dags/urban_data_pipeline_dag.py
[2026-06-29T17:48:25.868+0000] {logging_mixin.py:190} INFO - [2026-06-29T17:48:25.867+0000] {dag.py:3239} INFO - Sync 1 DAGs
[2026-06-29T17:48:25.933+0000] {logging_mixin.py:190} INFO - [2026-06-29T17:48:25.932+0000] {dag.py:4180} INFO - Setting next_dagrun for urban_data_pipeline to 2026-06-01 00:00:00+00:00, run_after=2026-07-01 00:00:00+00:00
[2026-06-29T17:48:25.970+0000] {processor.py:208} INFO - Processing /opt/airflow/dags/urban_data_pipeline_dag.py took 0.415 seconds
[2026-06-29T17:48:56.613+0000] {processor.py:186} INFO - Started process (PID=12189) to work on /opt/airflow/dags/urban_data_pipeline_dag.py
[2026-06-29T17:48:56.615+0000] {processor.py:914} INFO - Processing file /opt/airflow/dags/urban_data_pipeline_dag.py for tasks to queue
[2026-06-29T17:48:56.620+0000] {logging_mixin.py:190} INFO - [2026-06-29T17:48:56.619+0000] {dagbag.py:588} INFO - Filling up the DagBag from /opt/airflow/dags/urban_data_pipeline_dag.py
[2026-06-29T17:48:56.830+0000] {processor.py:925} INFO - DAG(s) 'urban_data_pipeline' retrieved from /opt/airflow/dags/urban_data_pipeline_dag.py
[2026-06-29T17:48:56.927+0000] {logging_mixin.py:190} INFO - [2026-06-29T17:48:56.927+0000] {dag.py:3239} INFO - Sync 1 DAGs
[2026-06-29T17:48:56.992+0000] {logging_mixin.py:190} INFO - [2026-06-29T17:48:56.991+0000] {dag.py:4180} INFO - Setting next_dagrun for urban_data_pipeline to 2026-06-01 00:00:00+00:00, run_after=2026-07-01 00:00:00+00:00
[2026-06-29T17:48:57.037+0000] {processor.py:208} INFO - Processing /opt/airflow/dags/urban_data_pipeline_dag.py took 0.440 seconds
[2026-06-29T17:49:27.823+0000] {processor.py:186} INFO - Started process (PID=12206) to work on /opt/airflow/dags/urban_data_pipeline_dag.py
[2026-06-29T17:49:27.826+0000] {processor.py:914} INFO - Processing file /opt/airflow/dags/urban_data_pipeline_dag.py for tasks to queue
[2026-06-29T17:49:27.832+0000] {logging_mixin.py:190} INFO - [2026-06-29T17:49:27.832+0000] {dagbag.py:588} INFO - Filling up the DagBag from /opt/airflow/dags/urban_data_pipeline_dag.py
[2026-06-29T17:49:28.006+0000] {processor.py:925} INFO - DAG(s) 'urban_data_pipeline' retrieved from /opt/airflow/dags/urban_data_pipeline_dag.py
[2026-06-29T17:49:28.089+0000] {logging_mixin.py:190} INFO - [2026-06-29T17:49:28.089+0000] {dag.py:3239} INFO - Sync 1 DAGs
[2026-06-29T17:49:28.146+0000] {logging_mixin.py:190} INFO - [2026-06-29T17:49:28.146+0000] {dag.py:4180} INFO - Setting next_dagrun for urban_data_pipeline to 2026-06-01 00:00:00+00:00, run_after=2026-07-01 00:00:00+00:00
[2026-06-29T17:49:28.198+0000] {processor.py:208} INFO - Processing /opt/airflow/dags/urban_data_pipeline_dag.py took 0.387 seconds
[2026-06-29T17:49:58.994+0000] {processor.py:186} INFO - Started process (PID=12217) to work on /opt/airflow/dags/urban_data_pipeline_dag.py
[2026-06-29T17:49:58.997+0000] {processor.py:914} INFO - Processing file /opt/airflow/dags/urban_data_pipeline_dag.py for tasks to queue
[2026-06-29T17:49:59.006+0000] {logging_mixin.py:190} INFO - [2026-06-29T17:49:59.005+0000] {dagbag.py:588} INFO - Filling up the DagBag from /opt/airflow/dags/urban_data_pipeline_dag.py
[2026-06-29T17:49:59.521+0000] {processor.py:925} INFO - DAG(s) 'urban_data_pipeline' retrieved from /opt/airflow/dags/urban_data_pipeline_dag.py
[2026-06-29T17:49:59.584+0000] {logging_mixin.py:190} INFO - [2026-06-29T17:49:59.584+0000] {dag.py:3239} INFO - Sync 1 DAGs
[2026-06-29T17:49:59.612+0000] {logging_mixin.py:190} INFO - [2026-06-29T17:49:59.612+0000] {dag.py:4180} INFO - Setting next_dagrun for urban_data_pipeline to 2026-06-01 00:00:00+00:00, run_after=2026-07-01 00:00:00+00:00
[2026-06-29T17:49:59.643+0000] {processor.py:208} INFO - Processing /opt/airflow/dags/urban_data_pipeline_dag.py took 0.663 seconds
[2026-06-29T17:50:30.264+0000] {processor.py:186} INFO - Started process (PID=12235) to work on /opt/airflow/dags/urban_data_pipeline_dag.py
[2026-06-29T17:50:30.268+0000] {processor.py:914} INFO - Processing file /opt/airflow/dags/urban_data_pipeline_dag.py for tasks to queue
[2026-06-29T17:50:30.274+0000] {logging_mixin.py:190} INFO - [2026-06-29T17:50:30.273+0000] {dagbag.py:588} INFO - Filling up the DagBag from /opt/airflow/dags/urban_data_pipeline_dag.py
[2026-06-29T17:50:30.417+0000] {processor.py:925} INFO - DAG(s) 'urban_data_pipeline' retrieved from /opt/airflow/dags/urban_data_pipeline_dag.py
[2026-06-29T17:50:30.468+0000] {logging_mixin.py:190} INFO - [2026-06-29T17:50:30.468+0000] {dag.py:3239} INFO - Sync 1 DAGs
[2026-06-29T17:50:30.496+0000] {logging_mixin.py:190} INFO - [2026-06-29T17:50:30.496+0000] {dag.py:4180} INFO - Setting next_dagrun for urban_data_pipeline to 2026-06-01 00:00:00+00:00, run_after=2026-07-01 00:00:00+00:00
[2026-06-29T17:50:30.523+0000] {processor.py:208} INFO - Processing /opt/airflow/dags/urban_data_pipeline_dag.py took 0.269 seconds
[2026-06-29T17:51:01.321+0000] {processor.py:186} INFO - Started process (PID=12253) to work on /opt/airflow/dags/urban_data_pipeline_dag.py
[2026-06-29T17:51:01.324+0000] {processor.py:914} INFO - Processing file /opt/airflow/dags/urban_data_pipeline_dag.py for tasks to queue
[2026-06-29T17:51:01.332+0000] {logging_mixin.py:190} INFO - [2026-06-29T17:51:01.331+0000] {dagbag.py:588} INFO - Filling up the DagBag from /opt/airflow/dags/urban_data_pipeline_dag.py
[2026-06-29T17:51:01.493+0000] {processor.py:925} INFO - DAG(s) 'urban_data_pipeline' retrieved from /opt/airflow/dags/urban_data_pipeline_dag.py
[2026-06-29T17:51:01.537+0000] {logging_mixin.py:190} INFO - [2026-06-29T17:51:01.536+0000] {dag.py:3239} INFO - Sync 1 DAGs
[2026-06-29T17:51:01.561+0000] {logging_mixin.py:190} INFO - [2026-06-29T17:51:01.561+0000] {dag.py:4180} INFO - Setting next_dagrun for urban_data_pipeline to 2026-06-01 00:00:00+00:00, run_after=2026-07-01 00:00:00+00:00
[2026-06-29T17:51:01.583+0000] {processor.py:208} INFO - Processing /opt/airflow/dags/urban_data_pipeline_dag.py took 0.285 seconds
[2026-06-29T17:51:31.938+0000] {processor.py:186} INFO - Started process (PID=12271) to work on /opt/airflow/dags/urban_data_pipeline_dag.py
[2026-06-29T17:51:31.940+0000] {processor.py:914} INFO - Processing file /opt/airflow/dags/urban_data_pipeline_dag.py for tasks to queue
[2026-06-29T17:51:31.947+0000] {logging_mixin.py:190} INFO - [2026-06-29T17:51:31.947+0000] {dagbag.py:588} INFO - Filling up the DagBag from /opt/airflow/dags/urban_data_pipeline_dag.py
[2026-06-29T17:51:32.149+0000] {processor.py:925} INFO - DAG(s) 'urban_data_pipeline' retrieved from /opt/airflow/dags/urban_data_pipeline_dag.py
[2026-06-29T17:51:32.234+0000] {logging_mixin.py:190} INFO - [2026-06-29T17:51:32.233+0000] {dag.py:3239} INFO - Sync 1 DAGs
[2026-06-29T17:51:32.281+0000] {logging_mixin.py:190} INFO - [2026-06-29T17:51:32.280+0000] {dag.py:4180} INFO - Setting next_dagrun for urban_data_pipeline to 2026-06-01 00:00:00+00:00, run_after=2026-07-01 00:00:00+00:00
[2026-06-29T17:51:32.341+0000] {processor.py:208} INFO - Processing /opt/airflow/dags/urban_data_pipeline_dag.py took 0.414 seconds
[2026-06-29T17:52:03.146+0000] {processor.py:186} INFO - Started process (PID=12289) to work on /opt/airflow/dags/urban_data_pipeline_dag.py
[2026-06-29T17:52:03.148+0000] {processor.py:914} INFO - Processing file /opt/airflow/dags/urban_data_pipeline_dag.py for tasks to queue
[2026-06-29T17:52:03.151+0000] {logging_mixin.py:190} INFO - [2026-06-29T17:52:03.151+0000] {dagbag.py:588} INFO - Filling up the DagBag from /opt/airflow/dags/urban_data_pipeline_dag.py
[2026-06-29T17:52:03.458+0000] {processor.py:925} INFO - DAG(s) 'urban_data_pipeline' retrieved from /opt/airflow/dags/urban_data_pipeline_dag.py
[2026-06-29T17:52:03.506+0000] {logging_mixin.py:190} INFO - [2026-06-29T17:52:03.506+0000] {dag.py:3239} INFO - Sync 1 DAGs
[2026-06-29T17:52:03.533+0000] {logging_mixin.py:190} INFO - [2026-06-29T17:52:03.532+0000] {dag.py:4180} INFO - Setting next_dagrun for urban_data_pipeline to 2026-06-01 00:00:00+00:00, run_after=2026-07-01 00:00:00+00:00
[2026-06-29T17:52:03.568+0000] {processor.py:208} INFO - Processing /opt/airflow/dags/urban_data_pipeline_dag.py took 0.433 seconds
[2026-06-29T17:52:34.414+0000] {processor.py:186} INFO - Started process (PID=12307) to work on /opt/airflow/dags/urban_data_pipeline_dag.py
[2026-06-29T17:52:34.415+0000] {processor.py:914} INFO - Processing file /opt/airflow/dags/urban_data_pipeline_dag.py for tasks to queue
[2026-06-29T17:52:34.418+0000] {logging_mixin.py:190} INFO - [2026-06-29T17:52:34.418+0000] {dagbag.py:588} INFO - Filling up the DagBag from /opt/airflow/dags/urban_data_pipeline_dag.py
[2026-06-29T17:52:34.563+0000] {processor.py:925} INFO - DAG(s) 'urban_data_pipeline' retrieved from /opt/airflow/dags/urban_data_pipeline_dag.py
[2026-06-29T17:52:34.609+0000] {logging_mixin.py:190} INFO - [2026-06-29T17:52:34.608+0000] {dag.py:3239} INFO - Sync 1 DAGs
[2026-06-29T17:52:34.637+0000] {logging_mixin.py:190} INFO - [2026-06-29T17:52:34.636+0000] {dag.py:4180} INFO - Setting next_dagrun for urban_data_pipeline to 2026-06-01 00:00:00+00:00, run_after=2026-07-01 00:00:00+00:00
[2026-06-29T17:52:34.665+0000] {processor.py:208} INFO - Processing /opt/airflow/dags/urban_data_pipeline_dag.py took 0.258 seconds
[2026-06-29T17:53:04.908+0000] {processor.py:186} INFO - Started process (PID=12325) to work on /opt/airflow/dags/urban_data_pipeline_dag.py
[2026-06-29T17:53:04.910+0000] {processor.py:914} INFO - Processing file /opt/airflow/dags/urban_data_pipeline_dag.py for tasks to queue
[2026-06-29T17:53:04.915+0000] {logging_mixin.py:190} INFO - [2026-06-29T17:53:04.914+0000] {dagbag.py:588} INFO - Filling up the DagBag from /opt/airflow/dags/urban_data_pipeline_dag.py
[2026-06-29T17:53:05.074+0000] {processor.py:925} INFO - DAG(s) 'urban_data_pipeline' retrieved from /opt/airflow/dags/urban_data_pipeline_dag.py
[2026-06-29T17:53:05.143+0000] {logging_mixin.py:190} INFO - [2026-06-29T17:53:05.143+0000] {dag.py:3239} INFO - Sync 1 DAGs
[2026-06-29T17:53:05.176+0000] {logging_mixin.py:190} INFO - [2026-06-29T17:53:05.175+0000] {dag.py:4180} INFO - Setting next_dagrun for urban_data_pipeline to 2026-06-01 00:00:00+00:00, run_after=2026-07-01 00:00:00+00:00
[2026-06-29T17:53:05.203+0000] {processor.py:208} INFO - Processing /opt/airflow/dags/urban_data_pipeline_dag.py took 0.315 seconds
[2026-06-29T17:53:36.055+0000] {processor.py:186} INFO - Started process (PID=12342) to work on /opt/airflow/dags/urban_data_pipeline_dag.py
[2026-06-29T17:53:36.063+0000] {processor.py:914} INFO - Processing file /opt/airflow/dags/urban_data_pipeline_dag.py for tasks to queue
[2026-06-29T17:53:36.072+0000] {logging_mixin.py:190} INFO - [2026-06-29T17:53:36.071+0000] {dagbag.py:588} INFO - Filling up the DagBag from /opt/airflow/dags/urban_data_pipeline_dag.py
[2026-06-29T17:53:36.383+0000] {processor.py:925} INFO - DAG(s) 'urban_data_pipeline' retrieved from /opt/airflow/dags/urban_data_pipeline_dag.py
[2026-06-29T17:53:36.533+0000] {logging_mixin.py:190} INFO - [2026-06-29T17:53:36.532+0000] {dag.py:3239} INFO - Sync 1 DAGs
[2026-06-29T17:53:36.629+0000] {logging_mixin.py:190} INFO - [2026-06-29T17:53:36.628+0000] {dag.py:4180} INFO - Setting next_dagrun for urban_data_pipeline to 2026-06-01 00:00:00+00:00, run_after=2026-07-01 00:00:00+00:00
[2026-06-29T17:53:36.701+0000] {processor.py:208} INFO - Processing /opt/airflow/dags/urban_data_pipeline_dag.py took 0.666 seconds
[2026-06-29T17:54:06.851+0000] {processor.py:186} INFO - Started process (PID=12353) to work on /opt/airflow/dags/urban_data_pipeline_dag.py
[2026-06-29T17:54:06.854+0000] {processor.py:914} INFO - Processing file /opt/airflow/dags/urban_data_pipeline_dag.py for tasks to queue
[2026-06-29T17:54:06.860+0000] {logging_mixin.py:190} INFO - [2026-06-29T17:54:06.859+0000] {dagbag.py:588} INFO - Filling up the DagBag from /opt/airflow/dags/urban_data_pipeline_dag.py
[2026-06-29T17:54:07.106+0000] {processor.py:925} INFO - DAG(s) 'urban_data_pipeline' retrieved from /opt/airflow/dags/urban_data_pipeline_dag.py
[2026-06-29T17:54:07.201+0000] {logging_mixin.py:190} INFO - [2026-06-29T17:54:07.201+0000] {dag.py:3239} INFO - Sync 1 DAGs
[2026-06-29T17:54:07.241+0000] {logging_mixin.py:190} INFO - [2026-06-29T17:54:07.241+0000] {dag.py:4180} INFO - Setting next_dagrun for urban_data_pipeline to 2026-06-01 00:00:00+00:00, run_after=2026-07-01 00:00:00+00:00
[2026-06-29T17:54:07.270+0000] {processor.py:208} INFO - Processing /opt/airflow/dags/urban_data_pipeline_dag.py took 0.431 seconds
[2026-06-29T17:54:37.341+0000] {processor.py:186} INFO - Started process (PID=12371) to work on /opt/airflow/dags/urban_data_pipeline_dag.py
[2026-06-29T17:54:37.343+0000] {processor.py:914} INFO - Processing file /opt/airflow/dags/urban_data_pipeline_dag.py for tasks to queue
[2026-06-29T17:54:37.347+0000] {logging_mixin.py:190} INFO - [2026-06-29T17:54:37.347+0000] {dagbag.py:588} INFO - Filling up the DagBag from /opt/airflow/dags/urban_data_pipeline_dag.py
[2026-06-29T17:54:37.489+0000] {processor.py:925} INFO - DAG(s) 'urban_data_pipeline' retrieved from /opt/airflow/dags/urban_data_pipeline_dag.py
[2026-06-29T17:54:37.549+0000] {logging_mixin.py:190} INFO - [2026-06-29T17:54:37.549+0000] {dag.py:3239} INFO - Sync 1 DAGs
[2026-06-29T17:54:37.577+0000] {logging_mixin.py:190} INFO - [2026-06-29T17:54:37.577+0000] {dag.py:4180} INFO - Setting next_dagrun for urban_data_pipeline to 2026-06-01 00:00:00+00:00, run_after=2026-07-01 00:00:00+00:00
[2026-06-29T17:54:37.606+0000] {processor.py:208} INFO - Processing /opt/airflow/dags/urban_data_pipeline_dag.py took 0.274 seconds
[2026-06-29T17:55:07.884+0000] {processor.py:186} INFO - Started process (PID=12389) to work on /opt/airflow/dags/urban_data_pipeline_dag.py
[2026-06-29T17:55:07.886+0000] {processor.py:914} INFO - Processing file /opt/airflow/dags/urban_data_pipeline_dag.py for tasks to queue
[2026-06-29T17:55:07.892+0000] {logging_mixin.py:190} INFO - [2026-06-29T17:55:07.891+0000] {dagbag.py:588} INFO - Filling up the DagBag from /opt/airflow/dags/urban_data_pipeline_dag.py
[2026-06-29T17:55:08.073+0000] {processor.py:925} INFO - DAG(s) 'urban_data_pipeline' retrieved from /opt/airflow/dags/urban_data_pipeline_dag.py
[2026-06-29T17:55:08.159+0000] {logging_mixin.py:190} INFO - [2026-06-29T17:55:08.158+0000] {dag.py:3239} INFO - Sync 1 DAGs
[2026-06-29T17:55:08.205+0000] {logging_mixin.py:190} INFO - [2026-06-29T17:55:08.204+0000] {dag.py:4180} INFO - Setting next_dagrun for urban_data_pipeline to 2026-06-01 00:00:00+00:00, run_after=2026-07-01 00:00:00+00:00
[2026-06-29T17:55:08.250+0000] {processor.py:208} INFO - Processing /opt/airflow/dags/urban_data_pipeline_dag.py took 0.379 seconds
[2026-06-29T17:55:38.989+0000] {processor.py:186} INFO - Started process (PID=12407) to work on /opt/airflow/dags/urban_data_pipeline_dag.py
[2026-06-29T17:55:38.992+0000] {processor.py:914} INFO - Processing file /opt/airflow/dags/urban_data_pipeline_dag.py for tasks to queue
[2026-06-29T17:55:38.999+0000] {logging_mixin.py:190} INFO - [2026-06-29T17:55:38.999+0000] {dagbag.py:588} INFO - Filling up the DagBag from /opt/airflow/dags/urban_data_pipeline_dag.py
[2026-06-29T17:55:39.214+0000] {processor.py:925} INFO - DAG(s) 'urban_data_pipeline' retrieved from /opt/airflow/dags/urban_data_pipeline_dag.py
[2026-06-29T17:55:39.306+0000] {logging_mixin.py:190} INFO - [2026-06-29T17:55:39.306+0000] {dag.py:3239} INFO - Sync 1 DAGs
[2026-06-29T17:55:39.352+0000] {logging_mixin.py:190} INFO - [2026-06-29T17:55:39.352+0000] {dag.py:4180} INFO - Setting next_dagrun for urban_data_pipeline to 2026-06-01 00:00:00+00:00, run_after=2026-07-01 00:00:00+00:00
[2026-06-29T17:55:39.402+0000] {processor.py:208} INFO - Processing /opt/airflow/dags/urban_data_pipeline_dag.py took 0.424 seconds
[2026-06-29T17:56:10.153+0000] {processor.py:186} INFO - Started process (PID=12425) to work on /opt/airflow/dags/urban_data_pipeline_dag.py
[2026-06-29T17:56:10.155+0000] {processor.py:914} INFO - Processing file /opt/airflow/dags/urban_data_pipeline_dag.py for tasks to queue
[2026-06-29T17:56:10.160+0000] {logging_mixin.py:190} INFO - [2026-06-29T17:56:10.160+0000] {dagbag.py:588} INFO - Filling up the DagBag from /opt/airflow/dags/urban_data_pipeline_dag.py
[2026-06-29T17:56:10.381+0000] {processor.py:925} INFO - DAG(s) 'urban_data_pipeline' retrieved from /opt/airflow/dags/urban_data_pipeline_dag.py
[2026-06-29T17:56:10.497+0000] {logging_mixin.py:190} INFO - [2026-06-29T17:56:10.496+0000] {dag.py:3239} INFO - Sync 1 DAGs
[2026-06-29T17:56:10.561+0000] {logging_mixin.py:190} INFO - [2026-06-29T17:56:10.561+0000] {dag.py:4180} INFO - Setting next_dagrun for urban_data_pipeline to 2026-06-01 00:00:00+00:00, run_after=2026-07-01 00:00:00+00:00
[2026-06-29T17:56:10.621+0000] {processor.py:208} INFO - Processing /opt/airflow/dags/urban_data_pipeline_dag.py took 0.481 seconds
[2026-06-29T17:56:41.281+0000] {processor.py:186} INFO - Started process (PID=12443) to work on /opt/airflow/dags/urban_data_pipeline_dag.py
[2026-06-29T17:56:41.283+0000] {processor.py:914} INFO - Processing file /opt/airflow/dags/urban_data_pipeline_dag.py for tasks to queue
[2026-06-29T17:56:41.290+0000] {logging_mixin.py:190} INFO - [2026-06-29T17:56:41.289+0000] {dagbag.py:588} INFO - Filling up the DagBag from /opt/airflow/dags/urban_data_pipeline_dag.py
[2026-06-29T17:56:41.444+0000] {processor.py:925} INFO - DAG(s) 'urban_data_pipeline' retrieved from /opt/airflow/dags/urban_data_pipeline_dag.py
[2026-06-29T17:56:41.487+0000] {logging_mixin.py:190} INFO - [2026-06-29T17:56:41.487+0000] {dag.py:3239} INFO - Sync 1 DAGs
[2026-06-29T17:56:41.513+0000] {logging_mixin.py:190} INFO - [2026-06-29T17:56:41.513+0000] {dag.py:4180} INFO - Setting next_dagrun for urban_data_pipeline to 2026-06-01 00:00:00+00:00, run_after=2026-07-01 00:00:00+00:00
[2026-06-29T17:56:41.546+0000] {processor.py:208} INFO - Processing /opt/airflow/dags/urban_data_pipeline_dag.py took 0.274 seconds
[2026-06-29T17:57:12.385+0000] {processor.py:186} INFO - Started process (PID=12460) to work on /opt/airflow/dags/urban_data_pipeline_dag.py
[2026-06-29T17:57:12.391+0000] {processor.py:914} INFO - Processing file /opt/airflow/dags/urban_data_pipeline_dag.py for tasks to queue
[2026-06-29T17:57:12.398+0000] {logging_mixin.py:190} INFO - [2026-06-29T17:57:12.397+0000] {dagbag.py:588} INFO - Filling up the DagBag from /opt/airflow/dags/urban_data_pipeline_dag.py
[2026-06-29T17:57:12.635+0000] {processor.py:925} INFO - DAG(s) 'urban_data_pipeline' retrieved from /opt/airflow/dags/urban_data_pipeline_dag.py
[2026-06-29T17:57:12.747+0000] {logging_mixin.py:190} INFO - [2026-06-29T17:57:12.746+0000] {dag.py:3239} INFO - Sync 1 DAGs
[2026-06-29T17:57:12.817+0000] {logging_mixin.py:190} INFO - [2026-06-29T17:57:12.816+0000] {dag.py:4180} INFO - Setting next_dagrun for urban_data_pipeline to 2026-06-01 00:00:00+00:00, run_after=2026-07-01 00:00:00+00:00
[2026-06-29T17:57:12.877+0000] {processor.py:208} INFO - Processing /opt/airflow/dags/urban_data_pipeline_dag.py took 0.503 seconds
[2026-06-29T17:57:43.948+0000] {processor.py:186} INFO - Started process (PID=12471) to work on /opt/airflow/dags/urban_data_pipeline_dag.py
[2026-06-29T17:57:43.954+0000] {processor.py:914} INFO - Processing file /opt/airflow/dags/urban_data_pipeline_dag.py for tasks to queue
[2026-06-29T17:57:43.966+0000] {logging_mixin.py:190} INFO - [2026-06-29T17:57:43.965+0000] {dagbag.py:588} INFO - Filling up the DagBag from /opt/airflow/dags/urban_data_pipeline_dag.py
[2026-06-29T17:57:44.118+0000] {processor.py:925} INFO - DAG(s) 'urban_data_pipeline' retrieved from /opt/airflow/dags/urban_data_pipeline_dag.py
[2026-06-29T17:57:44.210+0000] {logging_mixin.py:190} INFO - [2026-06-29T17:57:44.209+0000] {dag.py:3239} INFO - Sync 1 DAGs
[2026-06-29T17:57:44.251+0000] {logging_mixin.py:190} INFO - [2026-06-29T17:57:44.250+0000] {dag.py:4180} INFO - Setting next_dagrun for urban_data_pipeline to 2026-06-01 00:00:00+00:00, run_after=2026-07-01 00:00:00+00:00
[2026-06-29T17:57:44.283+0000] {processor.py:208} INFO - Processing /opt/airflow/dags/urban_data_pipeline_dag.py took 0.360 seconds
[2026-06-29T17:58:14.934+0000] {processor.py:186} INFO - Started process (PID=12489) to work on /opt/airflow/dags/urban_data_pipeline_dag.py
[2026-06-29T17:58:14.938+0000] {processor.py:914} INFO - Processing file /opt/airflow/dags/urban_data_pipeline_dag.py for tasks to queue
[2026-06-29T17:58:14.944+0000] {logging_mixin.py:190} INFO - [2026-06-29T17:58:14.943+0000] {dagbag.py:588} INFO - Filling up the DagBag from /opt/airflow/dags/urban_data_pipeline_dag.py
[2026-06-29T17:58:15.309+0000] {processor.py:925} INFO - DAG(s) 'urban_data_pipeline' retrieved from /opt/airflow/dags/urban_data_pipeline_dag.py
[2026-06-29T17:58:15.403+0000] {logging_mixin.py:190} INFO - [2026-06-29T17:58:15.402+0000] {dag.py:3239} INFO - Sync 1 DAGs
[2026-06-29T17:58:15.483+0000] {logging_mixin.py:190} INFO - [2026-06-29T17:58:15.482+0000] {dag.py:4180} INFO - Setting next_dagrun for urban_data_pipeline to 2026-06-01 00:00:00+00:00, run_after=2026-07-01 00:00:00+00:00
[2026-06-29T17:58:15.582+0000] {processor.py:208} INFO - Processing /opt/airflow/dags/urban_data_pipeline_dag.py took 0.663 seconds
[2026-06-29T17:58:46.227+0000] {processor.py:186} INFO - Started process (PID=12507) to work on /opt/airflow/dags/urban_data_pipeline_dag.py
[2026-06-29T17:58:46.231+0000] {processor.py:914} INFO - Processing file /opt/airflow/dags/urban_data_pipeline_dag.py for tasks to queue
[2026-06-29T17:58:46.240+0000] {logging_mixin.py:190} INFO - [2026-06-29T17:58:46.238+0000] {dagbag.py:588} INFO - Filling up the DagBag from /opt/airflow/dags/urban_data_pipeline_dag.py
[2026-06-29T17:58:46.509+0000] {processor.py:925} INFO - DAG(s) 'urban_data_pipeline' retrieved from /opt/airflow/dags/urban_data_pipeline_dag.py
[2026-06-29T17:58:46.606+0000] {logging_mixin.py:190} INFO - [2026-06-29T17:58:46.605+0000] {dag.py:3239} INFO - Sync 1 DAGs
[2026-06-29T17:58:46.665+0000] {logging_mixin.py:190} INFO - [2026-06-29T17:58:46.664+0000] {dag.py:4180} INFO - Setting next_dagrun for urban_data_pipeline to 2026-06-01 00:00:00+00:00, run_after=2026-07-01 00:00:00+00:00
[2026-06-29T17:58:46.714+0000] {processor.py:208} INFO - Processing /opt/airflow/dags/urban_data_pipeline_dag.py took 0.501 seconds
[2026-06-29T17:59:17.440+0000] {processor.py:186} INFO - Started process (PID=12525) to work on /opt/airflow/dags/urban_data_pipeline_dag.py
[2026-06-29T17:59:17.443+0000] {processor.py:914} INFO - Processing file /opt/airflow/dags/urban_data_pipeline_dag.py for tasks to queue
[2026-06-29T17:59:17.449+0000] {logging_mixin.py:190} INFO - [2026-06-29T17:59:17.448+0000] {dagbag.py:588} INFO - Filling up the DagBag from /opt/airflow/dags/urban_data_pipeline_dag.py
[2026-06-29T17:59:17.695+0000] {processor.py:925} INFO - DAG(s) 'urban_data_pipeline' retrieved from /opt/airflow/dags/urban_data_pipeline_dag.py
[2026-06-29T17:59:17.792+0000] {logging_mixin.py:190} INFO - [2026-06-29T17:59:17.791+0000] {dag.py:3239} INFO - Sync 1 DAGs
[2026-06-29T17:59:17.848+0000] {logging_mixin.py:190} INFO - [2026-06-29T17:59:17.848+0000] {dag.py:4180} INFO - Setting next_dagrun for urban_data_pipeline to 2026-06-01 00:00:00+00:00, run_after=2026-07-01 00:00:00+00:00
[2026-06-29T17:59:17.901+0000] {processor.py:208} INFO - Processing /opt/airflow/dags/urban_data_pipeline_dag.py took 0.471 seconds
[2026-06-29T17:59:48.065+0000] {processor.py:186} INFO - Started process (PID=12543) to work on /opt/airflow/dags/urban_data_pipeline_dag.py
[2026-06-29T17:59:48.067+0000] {processor.py:914} INFO - Processing file /opt/airflow/dags/urban_data_pipeline_dag.py for tasks to queue
[2026-06-29T17:59:48.073+0000] {logging_mixin.py:190} INFO - [2026-06-29T17:59:48.072+0000] {dagbag.py:588} INFO - Filling up the DagBag from /opt/airflow/dags/urban_data_pipeline_dag.py
[2026-06-29T17:59:48.312+0000] {processor.py:925} INFO - DAG(s) 'urban_data_pipeline' retrieved from /opt/airflow/dags/urban_data_pipeline_dag.py
[2026-06-29T17:59:48.412+0000] {logging_mixin.py:190} INFO - [2026-06-29T17:59:48.412+0000] {dag.py:3239} INFO - Sync 1 DAGs
[2026-06-29T17:59:48.475+0000] {logging_mixin.py:190} INFO - [2026-06-29T17:59:48.475+0000] {dag.py:4180} INFO - Setting next_dagrun for urban_data_pipeline to 2026-06-01 00:00:00+00:00, run_after=2026-07-01 00:00:00+00:00
[2026-06-29T17:59:48.536+0000] {processor.py:208} INFO - Processing /opt/airflow/dags/urban_data_pipeline_dag.py took 0.492 seconds
[2026-06-29T18:00:19.426+0000] {processor.py:186} INFO - Started process (PID=12561) to work on /opt/airflow/dags/urban_data_pipeline_dag.py
[2026-06-29T18:00:19.428+0000] {processor.py:914} INFO - Processing file /opt/airflow/dags/urban_data_pipeline_dag.py for tasks to queue
[2026-06-29T18:00:19.432+0000] {logging_mixin.py:190} INFO - [2026-06-29T18:00:19.431+0000] {dagbag.py:588} INFO - Filling up the DagBag from /opt/airflow/dags/urban_data_pipeline_dag.py
[2026-06-29T18:00:19.561+0000] {processor.py:925} INFO - DAG(s) 'urban_data_pipeline' retrieved from /opt/airflow/dags/urban_data_pipeline_dag.py
[2026-06-29T18:00:19.618+0000] {logging_mixin.py:190} INFO - [2026-06-29T18:00:19.618+0000] {dag.py:3239} INFO - Sync 1 DAGs
[2026-06-29T18:00:19.670+0000] {logging_mixin.py:190} INFO - [2026-06-29T18:00:19.670+0000] {dag.py:4180} INFO - Setting next_dagrun for urban_data_pipeline to 2026-06-01 00:00:00+00:00, run_after=2026-07-01 00:00:00+00:00
[2026-06-29T18:00:19.741+0000] {processor.py:208} INFO - Processing /opt/airflow/dags/urban_data_pipeline_dag.py took 0.324 seconds
[2026-06-29T18:00:50.526+0000] {processor.py:186} INFO - Started process (PID=12579) to work on /opt/airflow/dags/urban_data_pipeline_dag.py
[2026-06-29T18:00:50.531+0000] {processor.py:914} INFO - Processing file /opt/airflow/dags/urban_data_pipeline_dag.py for tasks to queue
[2026-06-29T18:00:50.539+0000] {logging_mixin.py:190} INFO - [2026-06-29T18:00:50.539+0000] {dagbag.py:588} INFO - Filling up the DagBag from /opt/airflow/dags/urban_data_pipeline_dag.py
[2026-06-29T18:00:50.674+0000] {processor.py:925} INFO - DAG(s) 'urban_data_pipeline' retrieved from /opt/airflow/dags/urban_data_pipeline_dag.py
[2026-06-29T18:00:50.723+0000] {logging_mixin.py:190} INFO - [2026-06-29T18:00:50.722+0000] {dag.py:3239} INFO - Sync 1 DAGs
[2026-06-29T18:00:50.750+0000] {logging_mixin.py:190} INFO - [2026-06-29T18:00:50.750+0000] {dag.py:4180} INFO - Setting next_dagrun for urban_data_pipeline to 2026-06-01 00:00:00+00:00, run_after=2026-07-01 00:00:00+00:00
[2026-06-29T18:00:50.779+0000] {processor.py:208} INFO - Processing /opt/airflow/dags/urban_data_pipeline_dag.py took 0.268 seconds
[2026-06-29T18:01:21.342+0000] {processor.py:186} INFO - Started process (PID=12596) to work on /opt/airflow/dags/urban_data_pipeline_dag.py
[2026-06-29T18:01:21.344+0000] {processor.py:914} INFO - Processing file /opt/airflow/dags/urban_data_pipeline_dag.py for tasks to queue
[2026-06-29T18:01:21.349+0000] {logging_mixin.py:190} INFO - [2026-06-29T18:01:21.348+0000] {dagbag.py:588} INFO - Filling up the DagBag from /opt/airflow/dags/urban_data_pipeline_dag.py
[2026-06-29T18:01:21.473+0000] {processor.py:925} INFO - DAG(s) 'urban_data_pipeline' retrieved from /opt/airflow/dags/urban_data_pipeline_dag.py
[2026-06-29T18:01:21.519+0000] {logging_mixin.py:190} INFO - [2026-06-29T18:01:21.519+0000] {dag.py:3239} INFO - Sync 1 DAGs
[2026-06-29T18:01:21.543+0000] {logging_mixin.py:190} INFO - [2026-06-29T18:01:21.543+0000] {dag.py:4180} INFO - Setting next_dagrun for urban_data_pipeline to 2026-06-01 00:00:00+00:00, run_after=2026-07-01 00:00:00+00:00
[2026-06-29T18:01:21.570+0000] {processor.py:208} INFO - Processing /opt/airflow/dags/urban_data_pipeline_dag.py took 0.237 seconds
[2026-06-29T18:01:52.361+0000] {processor.py:186} INFO - Started process (PID=12607) to work on /opt/airflow/dags/urban_data_pipeline_dag.py
[2026-06-29T18:01:52.363+0000] {processor.py:914} INFO - Processing file /opt/airflow/dags/urban_data_pipeline_dag.py for tasks to queue
[2026-06-29T18:01:52.368+0000] {logging_mixin.py:190} INFO - [2026-06-29T18:01:52.367+0000] {dagbag.py:588} INFO - Filling up the DagBag from /opt/airflow/dags/urban_data_pipeline_dag.py
[2026-06-29T18:01:52.502+0000] {processor.py:925} INFO - DAG(s) 'urban_data_pipeline' retrieved from /opt/airflow/dags/urban_data_pipeline_dag.py
[2026-06-29T18:01:52.552+0000] {logging_mixin.py:190} INFO - [2026-06-29T18:01:52.552+0000] {dag.py:3239} INFO - Sync 1 DAGs
[2026-06-29T18:01:52.582+0000] {logging_mixin.py:190} INFO - [2026-06-29T18:01:52.581+0000] {dag.py:4180} INFO - Setting next_dagrun for urban_data_pipeline to 2026-06-01 00:00:00+00:00, run_after=2026-07-01 00:00:00+00:00
[2026-06-29T18:01:52.617+0000] {processor.py:208} INFO - Processing /opt/airflow/dags/urban_data_pipeline_dag.py took 0.266 seconds
[2026-06-29T18:02:23.005+0000] {processor.py:186} INFO - Started process (PID=12625) to work on /opt/airflow/dags/urban_data_pipeline_dag.py
[2026-06-29T18:02:23.006+0000] {processor.py:914} INFO - Processing file /opt/airflow/dags/urban_data_pipeline_dag.py for tasks to queue
[2026-06-29T18:02:23.009+0000] {logging_mixin.py:190} INFO - [2026-06-29T18:02:23.009+0000] {dagbag.py:588} INFO - Filling up the DagBag from /opt/airflow/dags/urban_data_pipeline_dag.py
[2026-06-29T18:02:23.160+0000] {processor.py:925} INFO - DAG(s) 'urban_data_pipeline' retrieved from /opt/airflow/dags/urban_data_pipeline_dag.py
[2026-06-29T18:02:23.212+0000] {logging_mixin.py:190} INFO - [2026-06-29T18:02:23.212+0000] {dag.py:3239} INFO - Sync 1 DAGs
[2026-06-29T18:02:23.244+0000] {logging_mixin.py:190} INFO - [2026-06-29T18:02:23.244+0000] {dag.py:4180} INFO - Setting next_dagrun for urban_data_pipeline to 2026-06-01 00:00:00+00:00, run_after=2026-07-01 00:00:00+00:00
[2026-06-29T18:02:23.305+0000] {processor.py:208} INFO - Processing /opt/airflow/dags/urban_data_pipeline_dag.py took 0.306 seconds
[2026-06-29T18:02:53.787+0000] {processor.py:186} INFO - Started process (PID=12643) to work on /opt/airflow/dags/urban_data_pipeline_dag.py
[2026-06-29T18:02:53.790+0000] {processor.py:914} INFO - Processing file /opt/airflow/dags/urban_data_pipeline_dag.py for tasks to queue
[2026-06-29T18:02:53.798+0000] {logging_mixin.py:190} INFO - [2026-06-29T18:02:53.797+0000] {dagbag.py:588} INFO - Filling up the DagBag from /opt/airflow/dags/urban_data_pipeline_dag.py
[2026-06-29T18:02:53.964+0000] {processor.py:925} INFO - DAG(s) 'urban_data_pipeline' retrieved from /opt/airflow/dags/urban_data_pipeline_dag.py
[2026-06-29T18:02:54.040+0000] {logging_mixin.py:190} INFO - [2026-06-29T18:02:54.040+0000] {dag.py:3239} INFO - Sync 1 DAGs
[2026-06-29T18:02:54.072+0000] {logging_mixin.py:190} INFO - [2026-06-29T18:02:54.072+0000] {dag.py:4180} INFO - Setting next_dagrun for urban_data_pipeline to 2026-06-01 00:00:00+00:00, run_after=2026-07-01 00:00:00+00:00
[2026-06-29T18:02:54.098+0000] {processor.py:208} INFO - Processing /opt/airflow/dags/urban_data_pipeline_dag.py took 0.323 seconds
[2026-06-29T18:03:24.789+0000] {processor.py:186} INFO - Started process (PID=12661) to work on /opt/airflow/dags/urban_data_pipeline_dag.py
[2026-06-29T18:03:24.798+0000] {processor.py:914} INFO - Processing file /opt/airflow/dags/urban_data_pipeline_dag.py for tasks to queue
[2026-06-29T18:03:24.802+0000] {logging_mixin.py:190} INFO - [2026-06-29T18:03:24.801+0000] {dagbag.py:588} INFO - Filling up the DagBag from /opt/airflow/dags/urban_data_pipeline_dag.py
[2026-06-29T18:03:24.975+0000] {processor.py:925} INFO - DAG(s) 'urban_data_pipeline' retrieved from /opt/airflow/dags/urban_data_pipeline_dag.py
[2026-06-29T18:03:25.029+0000] {logging_mixin.py:190} INFO - [2026-06-29T18:03:25.028+0000] {dag.py:3239} INFO - Sync 1 DAGs
[2026-06-29T18:03:25.055+0000] {logging_mixin.py:190} INFO - [2026-06-29T18:03:25.055+0000] {dag.py:4180} INFO - Setting next_dagrun for urban_data_pipeline to 2026-06-01 00:00:00+00:00, run_after=2026-07-01 00:00:00+00:00
[2026-06-29T18:03:25.082+0000] {processor.py:208} INFO - Processing /opt/airflow/dags/urban_data_pipeline_dag.py took 0.305 seconds
[2026-06-29T18:03:55.928+0000] {processor.py:186} INFO - Started process (PID=12679) to work on /opt/airflow/dags/urban_data_pipeline_dag.py
[2026-06-29T18:03:55.929+0000] {processor.py:914} INFO - Processing file /opt/airflow/dags/urban_data_pipeline_dag.py for tasks to queue
[2026-06-29T18:03:55.933+0000] {logging_mixin.py:190} INFO - [2026-06-29T18:03:55.933+0000] {dagbag.py:588} INFO - Filling up the DagBag from /opt/airflow/dags/urban_data_pipeline_dag.py
[2026-06-29T18:03:56.055+0000] {processor.py:925} INFO - DAG(s) 'urban_data_pipeline' retrieved from /opt/airflow/dags/urban_data_pipeline_dag.py
[2026-06-29T18:03:56.103+0000] {logging_mixin.py:190} INFO - [2026-06-29T18:03:56.102+0000] {dag.py:3239} INFO - Sync 1 DAGs
[2026-06-29T18:03:56.129+0000] {logging_mixin.py:190} INFO - [2026-06-29T18:03:56.129+0000] {dag.py:4180} INFO - Setting next_dagrun for urban_data_pipeline to 2026-06-01 00:00:00+00:00, run_after=2026-07-01 00:00:00+00:00
[2026-06-29T18:03:56.155+0000] {processor.py:208} INFO - Processing /opt/airflow/dags/urban_data_pipeline_dag.py took 0.234 seconds
[2026-06-29T18:04:26.508+0000] {processor.py:186} INFO - Started process (PID=12697) to work on /opt/airflow/dags/urban_data_pipeline_dag.py
[2026-06-29T18:04:26.510+0000] {processor.py:914} INFO - Processing file /opt/airflow/dags/urban_data_pipeline_dag.py for tasks to queue
[2026-06-29T18:04:26.520+0000] {logging_mixin.py:190} INFO - [2026-06-29T18:04:26.517+0000] {dagbag.py:588} INFO - Filling up the DagBag from /opt/airflow/dags/urban_data_pipeline_dag.py
[2026-06-29T18:04:26.728+0000] {processor.py:925} INFO - DAG(s) 'urban_data_pipeline' retrieved from /opt/airflow/dags/urban_data_pipeline_dag.py
[2026-06-29T18:04:26.793+0000] {logging_mixin.py:190} INFO - [2026-06-29T18:04:26.792+0000] {dag.py:3239} INFO - Sync 1 DAGs
[2026-06-29T18:04:26.839+0000] {logging_mixin.py:190} INFO - [2026-06-29T18:04:26.838+0000] {dag.py:4180} INFO - Setting next_dagrun for urban_data_pipeline to 2026-06-01 00:00:00+00:00, run_after=2026-07-01 00:00:00+00:00
[2026-06-29T18:04:26.903+0000] {processor.py:208} INFO - Processing /opt/airflow/dags/urban_data_pipeline_dag.py took 0.419 seconds
[2026-06-29T18:04:57.155+0000] {processor.py:186} INFO - Started process (PID=12715) to work on /opt/airflow/dags/urban_data_pipeline_dag.py
[2026-06-29T18:04:57.157+0000] {processor.py:914} INFO - Processing file /opt/airflow/dags/urban_data_pipeline_dag.py for tasks to queue
[2026-06-29T18:04:57.160+0000] {logging_mixin.py:190} INFO - [2026-06-29T18:04:57.160+0000] {dagbag.py:588} INFO - Filling up the DagBag from /opt/airflow/dags/urban_data_pipeline_dag.py
[2026-06-29T18:04:57.319+0000] {processor.py:925} INFO - DAG(s) 'urban_data_pipeline' retrieved from /opt/airflow/dags/urban_data_pipeline_dag.py
[2026-06-29T18:04:57.371+0000] {logging_mixin.py:190} INFO - [2026-06-29T18:04:57.370+0000] {dag.py:3239} INFO - Sync 1 DAGs
[2026-06-29T18:04:57.396+0000] {logging_mixin.py:190} INFO - [2026-06-29T18:04:57.396+0000] {dag.py:4180} INFO - Setting next_dagrun for urban_data_pipeline to 2026-06-01 00:00:00+00:00, run_after=2026-07-01 00:00:00+00:00
[2026-06-29T18:04:57.424+0000] {processor.py:208} INFO - Processing /opt/airflow/dags/urban_data_pipeline_dag.py took 0.276 seconds
[2026-06-29T18:05:27.516+0000] {processor.py:186} INFO - Started process (PID=12733) to work on /opt/airflow/dags/urban_data_pipeline_dag.py
[2026-06-29T18:05:27.518+0000] {processor.py:914} INFO - Processing file /opt/airflow/dags/urban_data_pipeline_dag.py for tasks to queue
[2026-06-29T18:05:27.523+0000] {logging_mixin.py:190} INFO - [2026-06-29T18:05:27.522+0000] {dagbag.py:588} INFO - Filling up the DagBag from /opt/airflow/dags/urban_data_pipeline_dag.py
[2026-06-29T18:05:27.865+0000] {processor.py:925} INFO - DAG(s) 'urban_data_pipeline' retrieved from /opt/airflow/dags/urban_data_pipeline_dag.py
[2026-06-29T18:05:27.914+0000] {logging_mixin.py:190} INFO - [2026-06-29T18:05:27.913+0000] {dag.py:3239} INFO - Sync 1 DAGs
[2026-06-29T18:05:27.940+0000] {logging_mixin.py:190} INFO - [2026-06-29T18:05:27.939+0000] {dag.py:4180} INFO - Setting next_dagrun for urban_data_pipeline to 2026-06-01 00:00:00+00:00, run_after=2026-07-01 00:00:00+00:00
[2026-06-29T18:05:27.966+0000] {processor.py:208} INFO - Processing /opt/airflow/dags/urban_data_pipeline_dag.py took 0.456 seconds
[2026-06-29T18:05:58.659+0000] {processor.py:186} INFO - Started process (PID=12751) to work on /opt/airflow/dags/urban_data_pipeline_dag.py
[2026-06-29T18:05:58.666+0000] {processor.py:914} INFO - Processing file /opt/airflow/dags/urban_data_pipeline_dag.py for tasks to queue
[2026-06-29T18:05:58.673+0000] {logging_mixin.py:190} INFO - [2026-06-29T18:05:58.673+0000] {dagbag.py:588} INFO - Filling up the DagBag from /opt/airflow/dags/urban_data_pipeline_dag.py
[2026-06-29T18:05:58.885+0000] {processor.py:925} INFO - DAG(s) 'urban_data_pipeline' retrieved from /opt/airflow/dags/urban_data_pipeline_dag.py
[2026-06-29T18:05:58.936+0000] {logging_mixin.py:190} INFO - [2026-06-29T18:05:58.936+0000] {dag.py:3239} INFO - Sync 1 DAGs
[2026-06-29T18:05:58.962+0000] {logging_mixin.py:190} INFO - [2026-06-29T18:05:58.961+0000] {dag.py:4180} INFO - Setting next_dagrun for urban_data_pipeline to 2026-06-01 00:00:00+00:00, run_after=2026-07-01 00:00:00+00:00
[2026-06-29T18:05:59.004+0000] {processor.py:208} INFO - Processing /opt/airflow/dags/urban_data_pipeline_dag.py took 0.364 seconds
[2026-06-29T18:06:29.793+0000] {processor.py:186} INFO - Started process (PID=12768) to work on /opt/airflow/dags/urban_data_pipeline_dag.py
[2026-06-29T18:06:29.795+0000] {processor.py:914} INFO - Processing file /opt/airflow/dags/urban_data_pipeline_dag.py for tasks to queue
[2026-06-29T18:06:29.801+0000] {logging_mixin.py:190} INFO - [2026-06-29T18:06:29.800+0000] {dagbag.py:588} INFO - Filling up the DagBag from /opt/airflow/dags/urban_data_pipeline_dag.py
[2026-06-29T18:06:29.918+0000] {processor.py:925} INFO - DAG(s) 'urban_data_pipeline' retrieved from /opt/airflow/dags/urban_data_pipeline_dag.py
[2026-06-29T18:06:29.961+0000] {logging_mixin.py:190} INFO - [2026-06-29T18:06:29.960+0000] {dag.py:3239} INFO - Sync 1 DAGs
[2026-06-29T18:06:29.985+0000] {logging_mixin.py:190} INFO - [2026-06-29T18:06:29.984+0000] {dag.py:4180} INFO - Setting next_dagrun for urban_data_pipeline to 2026-06-01 00:00:00+00:00, run_after=2026-07-01 00:00:00+00:00
[2026-06-29T18:06:30.015+0000] {processor.py:208} INFO - Processing /opt/airflow/dags/urban_data_pipeline_dag.py took 0.235 seconds
[2026-06-29T18:07:00.201+0000] {processor.py:186} INFO - Started process (PID=12779) to work on /opt/airflow/dags/urban_data_pipeline_dag.py
[2026-06-29T18:07:00.202+0000] {processor.py:914} INFO - Processing file /opt/airflow/dags/urban_data_pipeline_dag.py for tasks to queue
[2026-06-29T18:07:00.206+0000] {logging_mixin.py:190} INFO - [2026-06-29T18:07:00.205+0000] {dagbag.py:588} INFO - Filling up the DagBag from /opt/airflow/dags/urban_data_pipeline_dag.py
[2026-06-29T18:07:00.333+0000] {processor.py:925} INFO - DAG(s) 'urban_data_pipeline' retrieved from /opt/airflow/dags/urban_data_pipeline_dag.py
[2026-06-29T18:07:00.382+0000] {logging_mixin.py:190} INFO - [2026-06-29T18:07:00.382+0000] {dag.py:3239} INFO - Sync 1 DAGs
[2026-06-29T18:07:00.414+0000] {logging_mixin.py:190} INFO - [2026-06-29T18:07:00.414+0000] {dag.py:4180} INFO - Setting next_dagrun for urban_data_pipeline to 2026-06-01 00:00:00+00:00, run_after=2026-07-01 00:00:00+00:00
[2026-06-29T18:07:00.443+0000] {processor.py:208} INFO - Processing /opt/airflow/dags/urban_data_pipeline_dag.py took 0.252 seconds
[2026-06-29T18:07:30.720+0000] {processor.py:186} INFO - Started process (PID=12797) to work on /opt/airflow/dags/urban_data_pipeline_dag.py
[2026-06-29T18:07:30.722+0000] {processor.py:914} INFO - Processing file /opt/airflow/dags/urban_data_pipeline_dag.py for tasks to queue
[2026-06-29T18:07:30.726+0000] {logging_mixin.py:190} INFO - [2026-06-29T18:07:30.726+0000] {dagbag.py:588} INFO - Filling up the DagBag from /opt/airflow/dags/urban_data_pipeline_dag.py
[2026-06-29T18:07:30.867+0000] {processor.py:925} INFO - DAG(s) 'urban_data_pipeline' retrieved from /opt/airflow/dags/urban_data_pipeline_dag.py
[2026-06-29T18:07:30.928+0000] {logging_mixin.py:190} INFO - [2026-06-29T18:07:30.928+0000] {dag.py:3239} INFO - Sync 1 DAGs
[2026-06-29T18:07:30.951+0000] {logging_mixin.py:190} INFO - [2026-06-29T18:07:30.951+0000] {dag.py:4180} INFO - Setting next_dagrun for urban_data_pipeline to 2026-06-01 00:00:00+00:00, run_after=2026-07-01 00:00:00+00:00
[2026-06-29T18:07:30.987+0000] {processor.py:208} INFO - Processing /opt/airflow/dags/urban_data_pipeline_dag.py took 0.273 seconds
[2026-06-29T18:08:01.764+0000] {processor.py:186} INFO - Started process (PID=12815) to work on /opt/airflow/dags/urban_data_pipeline_dag.py
[2026-06-29T18:08:01.766+0000] {processor.py:914} INFO - Processing file /opt/airflow/dags/urban_data_pipeline_dag.py for tasks to queue
[2026-06-29T18:08:01.776+0000] {logging_mixin.py:190} INFO - [2026-06-29T18:08:01.775+0000] {dagbag.py:588} INFO - Filling up the DagBag from /opt/airflow/dags/urban_data_pipeline_dag.py
[2026-06-29T18:08:02.009+0000] {processor.py:925} INFO - DAG(s) 'urban_data_pipeline' retrieved from /opt/airflow/dags/urban_data_pipeline_dag.py
[2026-06-29T18:08:02.062+0000] {logging_mixin.py:190} INFO - [2026-06-29T18:08:02.061+0000] {dag.py:3239} INFO - Sync 1 DAGs
[2026-06-29T18:08:02.085+0000] {logging_mixin.py:190} INFO - [2026-06-29T18:08:02.085+0000] {dag.py:4180} INFO - Setting next_dagrun for urban_data_pipeline to 2026-06-01 00:00:00+00:00, run_after=2026-07-01 00:00:00+00:00
[2026-06-29T18:08:02.112+0000] {processor.py:208} INFO - Processing /opt/airflow/dags/urban_data_pipeline_dag.py took 0.368 seconds
[2026-06-29T18:08:32.228+0000] {processor.py:186} INFO - Started process (PID=12833) to work on /opt/airflow/dags/urban_data_pipeline_dag.py
[2026-06-29T18:08:32.230+0000] {processor.py:914} INFO - Processing file /opt/airflow/dags/urban_data_pipeline_dag.py for tasks to queue
[2026-06-29T18:08:32.232+0000] {logging_mixin.py:190} INFO - [2026-06-29T18:08:32.232+0000] {dagbag.py:588} INFO - Filling up the DagBag from /opt/airflow/dags/urban_data_pipeline_dag.py
[2026-06-29T18:08:32.357+0000] {processor.py:925} INFO - DAG(s) 'urban_data_pipeline' retrieved from /opt/airflow/dags/urban_data_pipeline_dag.py
[2026-06-29T18:08:32.413+0000] {logging_mixin.py:190} INFO - [2026-06-29T18:08:32.412+0000] {dag.py:3239} INFO - Sync 1 DAGs
[2026-06-29T18:08:32.437+0000] {logging_mixin.py:190} INFO - [2026-06-29T18:08:32.437+0000] {dag.py:4180} INFO - Setting next_dagrun for urban_data_pipeline to 2026-06-01 00:00:00+00:00, run_after=2026-07-01 00:00:00+00:00
[2026-06-29T18:08:32.468+0000] {processor.py:208} INFO - Processing /opt/airflow/dags/urban_data_pipeline_dag.py took 0.246 seconds
[2026-06-29T18:09:03.350+0000] {processor.py:186} INFO - Started process (PID=12851) to work on /opt/airflow/dags/urban_data_pipeline_dag.py
[2026-06-29T18:09:03.355+0000] {processor.py:914} INFO - Processing file /opt/airflow/dags/urban_data_pipeline_dag.py for tasks to queue
[2026-06-29T18:09:03.359+0000] {logging_mixin.py:190} INFO - [2026-06-29T18:09:03.358+0000] {dagbag.py:588} INFO - Filling up the DagBag from /opt/airflow/dags/urban_data_pipeline_dag.py
[2026-06-29T18:09:03.515+0000] {processor.py:925} INFO - DAG(s) 'urban_data_pipeline' retrieved from /opt/airflow/dags/urban_data_pipeline_dag.py
[2026-06-29T18:09:03.561+0000] {logging_mixin.py:190} INFO - [2026-06-29T18:09:03.561+0000] {dag.py:3239} INFO - Sync 1 DAGs
[2026-06-29T18:09:03.588+0000] {logging_mixin.py:190} INFO - [2026-06-29T18:09:03.587+0000] {dag.py:4180} INFO - Setting next_dagrun for urban_data_pipeline to 2026-06-01 00:00:00+00:00, run_after=2026-07-01 00:00:00+00:00
[2026-06-29T18:09:03.614+0000] {processor.py:208} INFO - Processing /opt/airflow/dags/urban_data_pipeline_dag.py took 0.271 seconds
[2026-06-29T18:09:34.492+0000] {processor.py:186} INFO - Started process (PID=12869) to work on /opt/airflow/dags/urban_data_pipeline_dag.py
[2026-06-29T18:09:34.494+0000] {processor.py:914} INFO - Processing file /opt/airflow/dags/urban_data_pipeline_dag.py for tasks to queue
[2026-06-29T18:09:34.500+0000] {logging_mixin.py:190} INFO - [2026-06-29T18:09:34.499+0000] {dagbag.py:588} INFO - Filling up the DagBag from /opt/airflow/dags/urban_data_pipeline_dag.py
[2026-06-29T18:09:34.631+0000] {processor.py:925} INFO - DAG(s) 'urban_data_pipeline' retrieved from /opt/airflow/dags/urban_data_pipeline_dag.py
[2026-06-29T18:09:34.682+0000] {logging_mixin.py:190} INFO - [2026-06-29T18:09:34.681+0000] {dag.py:3239} INFO - Sync 1 DAGs
[2026-06-29T18:09:34.707+0000] {logging_mixin.py:190} INFO - [2026-06-29T18:09:34.706+0000] {dag.py:4180} INFO - Setting next_dagrun for urban_data_pipeline to 2026-06-01 00:00:00+00:00, run_after=2026-07-01 00:00:00+00:00
[2026-06-29T18:09:34.732+0000] {processor.py:208} INFO - Processing /opt/airflow/dags/urban_data_pipeline_dag.py took 0.255 seconds
[2026-06-29T18:10:05.396+0000] {processor.py:186} INFO - Started process (PID=12887) to work on /opt/airflow/dags/urban_data_pipeline_dag.py
[2026-06-29T18:10:05.398+0000] {processor.py:914} INFO - Processing file /opt/airflow/dags/urban_data_pipeline_dag.py for tasks to queue
[2026-06-29T18:10:05.401+0000] {logging_mixin.py:190} INFO - [2026-06-29T18:10:05.400+0000] {dagbag.py:588} INFO - Filling up the DagBag from /opt/airflow/dags/urban_data_pipeline_dag.py
[2026-06-29T18:10:05.522+0000] {processor.py:925} INFO - DAG(s) 'urban_data_pipeline' retrieved from /opt/airflow/dags/urban_data_pipeline_dag.py
[2026-06-29T18:10:05.569+0000] {logging_mixin.py:190} INFO - [2026-06-29T18:10:05.569+0000] {dag.py:3239} INFO - Sync 1 DAGs
[2026-06-29T18:10:05.607+0000] {logging_mixin.py:190} INFO - [2026-06-29T18:10:05.607+0000] {dag.py:4180} INFO - Setting next_dagrun for urban_data_pipeline to 2026-06-01 00:00:00+00:00, run_after=2026-07-01 00:00:00+00:00
[2026-06-29T18:10:05.672+0000] {processor.py:208} INFO - Processing /opt/airflow/dags/urban_data_pipeline_dag.py took 0.281 seconds
[2026-06-29T18:10:35.920+0000] {processor.py:186} INFO - Started process (PID=12905) to work on /opt/airflow/dags/urban_data_pipeline_dag.py
[2026-06-29T18:10:35.922+0000] {processor.py:914} INFO - Processing file /opt/airflow/dags/urban_data_pipeline_dag.py for tasks to queue
[2026-06-29T18:10:35.926+0000] {logging_mixin.py:190} INFO - [2026-06-29T18:10:35.925+0000] {dagbag.py:588} INFO - Filling up the DagBag from /opt/airflow/dags/urban_data_pipeline_dag.py
[2026-06-29T18:10:36.304+0000] {processor.py:925} INFO - DAG(s) 'urban_data_pipeline' retrieved from /opt/airflow/dags/urban_data_pipeline_dag.py
[2026-06-29T18:10:36.350+0000] {logging_mixin.py:190} INFO - [2026-06-29T18:10:36.350+0000] {dag.py:3239} INFO - Sync 1 DAGs
[2026-06-29T18:10:36.376+0000] {logging_mixin.py:190} INFO - [2026-06-29T18:10:36.376+0000] {dag.py:4180} INFO - Setting next_dagrun for urban_data_pipeline to 2026-06-01 00:00:00+00:00, run_after=2026-07-01 00:00:00+00:00
[2026-06-29T18:10:36.414+0000] {processor.py:208} INFO - Processing /opt/airflow/dags/urban_data_pipeline_dag.py took 0.505 seconds
[2026-06-29T18:11:06.493+0000] {processor.py:186} INFO - Started process (PID=12922) to work on /opt/airflow/dags/urban_data_pipeline_dag.py
[2026-06-29T18:11:06.495+0000] {processor.py:914} INFO - Processing file /opt/airflow/dags/urban_data_pipeline_dag.py for tasks to queue
[2026-06-29T18:11:06.498+0000] {logging_mixin.py:190} INFO - [2026-06-29T18:11:06.498+0000] {dagbag.py:588} INFO - Filling up the DagBag from /opt/airflow/dags/urban_data_pipeline_dag.py
[2026-06-29T18:11:06.693+0000] {processor.py:925} INFO - DAG(s) 'urban_data_pipeline' retrieved from /opt/airflow/dags/urban_data_pipeline_dag.py
[2026-06-29T18:11:06.749+0000] {logging_mixin.py:190} INFO - [2026-06-29T18:11:06.749+0000] {dag.py:3239} INFO - Sync 1 DAGs
[2026-06-29T18:11:06.780+0000] {logging_mixin.py:190} INFO - [2026-06-29T18:11:06.780+0000] {dag.py:4180} INFO - Setting next_dagrun for urban_data_pipeline to 2026-06-01 00:00:00+00:00, run_after=2026-07-01 00:00:00+00:00
[2026-06-29T18:11:06.806+0000] {processor.py:208} INFO - Processing /opt/airflow/dags/urban_data_pipeline_dag.py took 0.321 seconds
[2026-06-29T18:11:37.212+0000] {processor.py:186} INFO - Started process (PID=12933) to work on /opt/airflow/dags/urban_data_pipeline_dag.py
[2026-06-29T18:11:37.215+0000] {processor.py:914} INFO - Processing file /opt/airflow/dags/urban_data_pipeline_dag.py for tasks to queue
[2026-06-29T18:11:37.222+0000] {logging_mixin.py:190} INFO - [2026-06-29T18:11:37.221+0000] {dagbag.py:588} INFO - Filling up the DagBag from /opt/airflow/dags/urban_data_pipeline_dag.py
[2026-06-29T18:11:37.590+0000] {processor.py:925} INFO - DAG(s) 'urban_data_pipeline' retrieved from /opt/airflow/dags/urban_data_pipeline_dag.py
[2026-06-29T18:11:37.655+0000] {logging_mixin.py:190} INFO - [2026-06-29T18:11:37.655+0000] {dag.py:3239} INFO - Sync 1 DAGs
[2026-06-29T18:11:37.681+0000] {logging_mixin.py:190} INFO - [2026-06-29T18:11:37.681+0000] {dag.py:4180} INFO - Setting next_dagrun for urban_data_pipeline to 2026-06-01 00:00:00+00:00, run_after=2026-07-01 00:00:00+00:00
[2026-06-29T18:11:37.711+0000] {processor.py:208} INFO - Processing /opt/airflow/dags/urban_data_pipeline_dag.py took 0.512 seconds
[2026-06-29T18:12:08.561+0000] {processor.py:186} INFO - Started process (PID=12952) to work on /opt/airflow/dags/urban_data_pipeline_dag.py
[2026-06-29T18:12:08.562+0000] {processor.py:914} INFO - Processing file /opt/airflow/dags/urban_data_pipeline_dag.py for tasks to queue
[2026-06-29T18:12:08.566+0000] {logging_mixin.py:190} INFO - [2026-06-29T18:12:08.566+0000] {dagbag.py:588} INFO - Filling up the DagBag from /opt/airflow/dags/urban_data_pipeline_dag.py
[2026-06-29T18:12:08.744+0000] {processor.py:925} INFO - DAG(s) 'urban_data_pipeline' retrieved from /opt/airflow/dags/urban_data_pipeline_dag.py
[2026-06-29T18:12:08.815+0000] {logging_mixin.py:190} INFO - [2026-06-29T18:12:08.815+0000] {dag.py:3239} INFO - Sync 1 DAGs
[2026-06-29T18:12:08.847+0000] {logging_mixin.py:190} INFO - [2026-06-29T18:12:08.847+0000] {dag.py:4180} INFO - Setting next_dagrun for urban_data_pipeline to 2026-06-01 00:00:00+00:00, run_after=2026-07-01 00:00:00+00:00
[2026-06-29T18:12:08.883+0000] {processor.py:208} INFO - Processing /opt/airflow/dags/urban_data_pipeline_dag.py took 0.342 seconds
[2026-06-29T18:12:39.725+0000] {processor.py:186} INFO - Started process (PID=12970) to work on /opt/airflow/dags/urban_data_pipeline_dag.py
[2026-06-29T18:12:39.727+0000] {processor.py:914} INFO - Processing file /opt/airflow/dags/urban_data_pipeline_dag.py for tasks to queue
[2026-06-29T18:12:39.731+0000] {logging_mixin.py:190} INFO - [2026-06-29T18:12:39.730+0000] {dagbag.py:588} INFO - Filling up the DagBag from /opt/airflow/dags/urban_data_pipeline_dag.py
[2026-06-29T18:12:40.147+0000] {processor.py:925} INFO - DAG(s) 'urban_data_pipeline' retrieved from /opt/airflow/dags/urban_data_pipeline_dag.py
[2026-06-29T18:12:40.207+0000] {logging_mixin.py:190} INFO - [2026-06-29T18:12:40.206+0000] {dag.py:3239} INFO - Sync 1 DAGs
[2026-06-29T18:12:40.232+0000] {logging_mixin.py:190} INFO - [2026-06-29T18:12:40.231+0000] {dag.py:4180} INFO - Setting next_dagrun for urban_data_pipeline to 2026-06-01 00:00:00+00:00, run_after=2026-07-01 00:00:00+00:00
[2026-06-29T18:12:40.271+0000] {processor.py:208} INFO - Processing /opt/airflow/dags/urban_data_pipeline_dag.py took 0.559 seconds
[2026-06-29T18:13:11.478+0000] {processor.py:186} INFO - Started process (PID=12988) to work on /opt/airflow/dags/urban_data_pipeline_dag.py
[2026-06-29T18:13:11.479+0000] {processor.py:914} INFO - Processing file /opt/airflow/dags/urban_data_pipeline_dag.py for tasks to queue
[2026-06-29T18:13:11.482+0000] {logging_mixin.py:190} INFO - [2026-06-29T18:13:11.481+0000] {dagbag.py:588} INFO - Filling up the DagBag from /opt/airflow/dags/urban_data_pipeline_dag.py
[2026-06-29T18:13:11.680+0000] {processor.py:925} INFO - DAG(s) 'urban_data_pipeline' retrieved from /opt/airflow/dags/urban_data_pipeline_dag.py
[2026-06-29T18:13:11.736+0000] {logging_mixin.py:190} INFO - [2026-06-29T18:13:11.736+0000] {dag.py:3239} INFO - Sync 1 DAGs
[2026-06-29T18:13:11.762+0000] {logging_mixin.py:190} INFO - [2026-06-29T18:13:11.761+0000] {dag.py:4180} INFO - Setting next_dagrun for urban_data_pipeline to 2026-06-01 00:00:00+00:00, run_after=2026-07-01 00:00:00+00:00
[2026-06-29T18:13:11.796+0000] {processor.py:208} INFO - Processing /opt/airflow/dags/urban_data_pipeline_dag.py took 0.324 seconds
[2026-06-29T18:13:42.213+0000] {processor.py:186} INFO - Started process (PID=13006) to work on /opt/airflow/dags/urban_data_pipeline_dag.py
[2026-06-29T18:13:42.215+0000] {processor.py:914} INFO - Processing file /opt/airflow/dags/urban_data_pipeline_dag.py for tasks to queue
[2026-06-29T18:13:42.220+0000] {logging_mixin.py:190} INFO - [2026-06-29T18:13:42.219+0000] {dagbag.py:588} INFO - Filling up the DagBag from /opt/airflow/dags/urban_data_pipeline_dag.py
[2026-06-29T18:13:42.492+0000] {processor.py:925} INFO - DAG(s) 'urban_data_pipeline' retrieved from /opt/airflow/dags/urban_data_pipeline_dag.py
[2026-06-29T18:13:42.567+0000] {logging_mixin.py:190} INFO - [2026-06-29T18:13:42.567+0000] {dag.py:3239} INFO - Sync 1 DAGs
[2026-06-29T18:13:42.594+0000] {logging_mixin.py:190} INFO - [2026-06-29T18:13:42.593+0000] {dag.py:4180} INFO - Setting next_dagrun for urban_data_pipeline to 2026-06-01 00:00:00+00:00, run_after=2026-07-01 00:00:00+00:00
[2026-06-29T18:13:42.617+0000] {processor.py:208} INFO - Processing /opt/airflow/dags/urban_data_pipeline_dag.py took 0.428 seconds
[2026-06-29T18:14:12.934+0000] {processor.py:186} INFO - Started process (PID=13024) to work on /opt/airflow/dags/urban_data_pipeline_dag.py
[2026-06-29T18:14:12.935+0000] {processor.py:914} INFO - Processing file /opt/airflow/dags/urban_data_pipeline_dag.py for tasks to queue
[2026-06-29T18:14:12.938+0000] {logging_mixin.py:190} INFO - [2026-06-29T18:14:12.938+0000] {dagbag.py:588} INFO - Filling up the DagBag from /opt/airflow/dags/urban_data_pipeline_dag.py
[2026-06-29T18:14:13.150+0000] {processor.py:925} INFO - DAG(s) 'urban_data_pipeline' retrieved from /opt/airflow/dags/urban_data_pipeline_dag.py
[2026-06-29T18:14:13.200+0000] {logging_mixin.py:190} INFO - [2026-06-29T18:14:13.199+0000] {dag.py:3239} INFO - Sync 1 DAGs
[2026-06-29T18:14:13.231+0000] {logging_mixin.py:190} INFO - [2026-06-29T18:14:13.231+0000] {dag.py:4180} INFO - Setting next_dagrun for urban_data_pipeline to 2026-06-01 00:00:00+00:00, run_after=2026-07-01 00:00:00+00:00
[2026-06-29T18:14:13.263+0000] {processor.py:208} INFO - Processing /opt/airflow/dags/urban_data_pipeline_dag.py took 0.343 seconds
[2026-06-29T18:14:43.387+0000] {processor.py:186} INFO - Started process (PID=13042) to work on /opt/airflow/dags/urban_data_pipeline_dag.py
[2026-06-29T18:14:43.389+0000] {processor.py:914} INFO - Processing file /opt/airflow/dags/urban_data_pipeline_dag.py for tasks to queue
[2026-06-29T18:14:43.392+0000] {logging_mixin.py:190} INFO - [2026-06-29T18:14:43.391+0000] {dagbag.py:588} INFO - Filling up the DagBag from /opt/airflow/dags/urban_data_pipeline_dag.py
[2026-06-29T18:14:43.509+0000] {processor.py:925} INFO - DAG(s) 'urban_data_pipeline' retrieved from /opt/airflow/dags/urban_data_pipeline_dag.py
[2026-06-29T18:14:43.555+0000] {logging_mixin.py:190} INFO - [2026-06-29T18:14:43.555+0000] {dag.py:3239} INFO - Sync 1 DAGs
[2026-06-29T18:14:43.581+0000] {logging_mixin.py:190} INFO - [2026-06-29T18:14:43.581+0000] {dag.py:4180} INFO - Setting next_dagrun for urban_data_pipeline to 2026-06-01 00:00:00+00:00, run_after=2026-07-01 00:00:00+00:00
[2026-06-29T18:14:43.610+0000] {processor.py:208} INFO - Processing /opt/airflow/dags/urban_data_pipeline_dag.py took 0.230 seconds
[2026-06-29T18:15:14.762+0000] {processor.py:186} INFO - Started process (PID=13060) to work on /opt/airflow/dags/urban_data_pipeline_dag.py
[2026-06-29T18:15:14.765+0000] {processor.py:914} INFO - Processing file /opt/airflow/dags/urban_data_pipeline_dag.py for tasks to queue
[2026-06-29T18:15:14.773+0000] {logging_mixin.py:190} INFO - [2026-06-29T18:15:14.771+0000] {dagbag.py:588} INFO - Filling up the DagBag from /opt/airflow/dags/urban_data_pipeline_dag.py
[2026-06-29T18:15:15.034+0000] {processor.py:925} INFO - DAG(s) 'urban_data_pipeline' retrieved from /opt/airflow/dags/urban_data_pipeline_dag.py
[2026-06-29T18:15:15.094+0000] {logging_mixin.py:190} INFO - [2026-06-29T18:15:15.094+0000] {dag.py:3239} INFO - Sync 1 DAGs
[2026-06-29T18:15:15.119+0000] {logging_mixin.py:190} INFO - [2026-06-29T18:15:15.118+0000] {dag.py:4180} INFO - Setting next_dagrun for urban_data_pipeline to 2026-06-01 00:00:00+00:00, run_after=2026-07-01 00:00:00+00:00
[2026-06-29T18:15:15.157+0000] {processor.py:208} INFO - Processing /opt/airflow/dags/urban_data_pipeline_dag.py took 0.411 seconds
[2026-06-29T18:15:45.448+0000] {processor.py:186} INFO - Started process (PID=13077) to work on /opt/airflow/dags/urban_data_pipeline_dag.py
[2026-06-29T18:15:45.452+0000] {processor.py:914} INFO - Processing file /opt/airflow/dags/urban_data_pipeline_dag.py for tasks to queue
[2026-06-29T18:15:45.455+0000] {logging_mixin.py:190} INFO - [2026-06-29T18:15:45.454+0000] {dagbag.py:588} INFO - Filling up the DagBag from /opt/airflow/dags/urban_data_pipeline_dag.py
[2026-06-29T18:15:45.579+0000] {processor.py:925} INFO - DAG(s) 'urban_data_pipeline' retrieved from /opt/airflow/dags/urban_data_pipeline_dag.py
[2026-06-29T18:15:45.626+0000] {logging_mixin.py:190} INFO - [2026-06-29T18:15:45.625+0000] {dag.py:3239} INFO - Sync 1 DAGs
[2026-06-29T18:15:45.651+0000] {logging_mixin.py:190} INFO - [2026-06-29T18:15:45.651+0000] {dag.py:4180} INFO - Setting next_dagrun for urban_data_pipeline to 2026-06-01 00:00:00+00:00, run_after=2026-07-01 00:00:00+00:00
[2026-06-29T18:15:45.675+0000] {processor.py:208} INFO - Processing /opt/airflow/dags/urban_data_pipeline_dag.py took 0.237 seconds
[2026-06-29T18:16:16.035+0000] {processor.py:186} INFO - Started process (PID=13088) to work on /opt/airflow/dags/urban_data_pipeline_dag.py
[2026-06-29T18:16:16.040+0000] {processor.py:914} INFO - Processing file /opt/airflow/dags/urban_data_pipeline_dag.py for tasks to queue
[2026-06-29T18:16:16.043+0000] {logging_mixin.py:190} INFO - [2026-06-29T18:16:16.042+0000] {dagbag.py:588} INFO - Filling up the DagBag from /opt/airflow/dags/urban_data_pipeline_dag.py
[2026-06-29T18:16:16.259+0000] {processor.py:925} INFO - DAG(s) 'urban_data_pipeline' retrieved from /opt/airflow/dags/urban_data_pipeline_dag.py
[2026-06-29T18:16:16.311+0000] {logging_mixin.py:190} INFO - [2026-06-29T18:16:16.311+0000] {dag.py:3239} INFO - Sync 1 DAGs
[2026-06-29T18:16:16.334+0000] {logging_mixin.py:190} INFO - [2026-06-29T18:16:16.334+0000] {dag.py:4180} INFO - Setting next_dagrun for urban_data_pipeline to 2026-06-01 00:00:00+00:00, run_after=2026-07-01 00:00:00+00:00
[2026-06-29T18:16:16.360+0000] {processor.py:208} INFO - Processing /opt/airflow/dags/urban_data_pipeline_dag.py took 0.355 seconds
[2026-06-29T18:16:46.473+0000] {processor.py:186} INFO - Started process (PID=13106) to work on /opt/airflow/dags/urban_data_pipeline_dag.py
[2026-06-29T18:16:46.475+0000] {processor.py:914} INFO - Processing file /opt/airflow/dags/urban_data_pipeline_dag.py for tasks to queue
[2026-06-29T18:16:46.478+0000] {logging_mixin.py:190} INFO - [2026-06-29T18:16:46.478+0000] {dagbag.py:588} INFO - Filling up the DagBag from /opt/airflow/dags/urban_data_pipeline_dag.py
[2026-06-29T18:16:46.636+0000] {processor.py:925} INFO - DAG(s) 'urban_data_pipeline' retrieved from /opt/airflow/dags/urban_data_pipeline_dag.py
[2026-06-29T18:16:46.685+0000] {logging_mixin.py:190} INFO - [2026-06-29T18:16:46.685+0000] {dag.py:3239} INFO - Sync 1 DAGs
[2026-06-29T18:16:46.711+0000] {logging_mixin.py:190} INFO - [2026-06-29T18:16:46.711+0000] {dag.py:4180} INFO - Setting next_dagrun for urban_data_pipeline to 2026-06-01 00:00:00+00:00, run_after=2026-07-01 00:00:00+00:00
[2026-06-29T18:16:46.739+0000] {processor.py:208} INFO - Processing /opt/airflow/dags/urban_data_pipeline_dag.py took 0.274 seconds
[2026-06-29T18:17:17.548+0000] {processor.py:186} INFO - Started process (PID=13124) to work on /opt/airflow/dags/urban_data_pipeline_dag.py
[2026-06-29T18:17:17.550+0000] {processor.py:914} INFO - Processing file /opt/airflow/dags/urban_data_pipeline_dag.py for tasks to queue
[2026-06-29T18:17:17.555+0000] {logging_mixin.py:190} INFO - [2026-06-29T18:17:17.554+0000] {dagbag.py:588} INFO - Filling up the DagBag from /opt/airflow/dags/urban_data_pipeline_dag.py
[2026-06-29T18:17:17.727+0000] {processor.py:925} INFO - DAG(s) 'urban_data_pipeline' retrieved from /opt/airflow/dags/urban_data_pipeline_dag.py
[2026-06-29T18:17:17.773+0000] {logging_mixin.py:190} INFO - [2026-06-29T18:17:17.772+0000] {dag.py:3239} INFO - Sync 1 DAGs
[2026-06-29T18:17:17.802+0000] {logging_mixin.py:190} INFO - [2026-06-29T18:17:17.801+0000] {dag.py:4180} INFO - Setting next_dagrun for urban_data_pipeline to 2026-06-01 00:00:00+00:00, run_after=2026-07-01 00:00:00+00:00
[2026-06-29T18:17:17.850+0000] {processor.py:208} INFO - Processing /opt/airflow/dags/urban_data_pipeline_dag.py took 0.317 seconds
[2026-06-29T18:17:48.354+0000] {processor.py:186} INFO - Started process (PID=13142) to work on /opt/airflow/dags/urban_data_pipeline_dag.py
[2026-06-29T18:17:48.355+0000] {processor.py:914} INFO - Processing file /opt/airflow/dags/urban_data_pipeline_dag.py for tasks to queue
[2026-06-29T18:17:48.359+0000] {logging_mixin.py:190} INFO - [2026-06-29T18:17:48.359+0000] {dagbag.py:588} INFO - Filling up the DagBag from /opt/airflow/dags/urban_data_pipeline_dag.py
[2026-06-29T18:17:48.551+0000] {processor.py:925} INFO - DAG(s) 'urban_data_pipeline' retrieved from /opt/airflow/dags/urban_data_pipeline_dag.py
[2026-06-29T18:17:48.605+0000] {logging_mixin.py:190} INFO - [2026-06-29T18:17:48.605+0000] {dag.py:3239} INFO - Sync 1 DAGs
[2026-06-29T18:17:48.637+0000] {logging_mixin.py:190} INFO - [2026-06-29T18:17:48.637+0000] {dag.py:4180} INFO - Setting next_dagrun for urban_data_pipeline to 2026-06-01 00:00:00+00:00, run_after=2026-07-01 00:00:00+00:00
[2026-06-29T18:17:48.669+0000] {processor.py:208} INFO - Processing /opt/airflow/dags/urban_data_pipeline_dag.py took 0.325 seconds
[2026-06-29T18:18:19.490+0000] {processor.py:186} INFO - Started process (PID=13160) to work on /opt/airflow/dags/urban_data_pipeline_dag.py
[2026-06-29T18:18:19.492+0000] {processor.py:914} INFO - Processing file /opt/airflow/dags/urban_data_pipeline_dag.py for tasks to queue
[2026-06-29T18:18:19.495+0000] {logging_mixin.py:190} INFO - [2026-06-29T18:18:19.495+0000] {dagbag.py:588} INFO - Filling up the DagBag from /opt/airflow/dags/urban_data_pipeline_dag.py
[2026-06-29T18:18:19.736+0000] {processor.py:925} INFO - DAG(s) 'urban_data_pipeline' retrieved from /opt/airflow/dags/urban_data_pipeline_dag.py
[2026-06-29T18:18:19.791+0000] {logging_mixin.py:190} INFO - [2026-06-29T18:18:19.791+0000] {dag.py:3239} INFO - Sync 1 DAGs
[2026-06-29T18:18:19.825+0000] {logging_mixin.py:190} INFO - [2026-06-29T18:18:19.824+0000] {dag.py:4180} INFO - Setting next_dagrun for urban_data_pipeline to 2026-06-01 00:00:00+00:00, run_after=2026-07-01 00:00:00+00:00
[2026-06-29T18:18:19.859+0000] {processor.py:208} INFO - Processing /opt/airflow/dags/urban_data_pipeline_dag.py took 0.382 seconds
[2026-06-29T18:18:50.696+0000] {processor.py:186} INFO - Started process (PID=13178) to work on /opt/airflow/dags/urban_data_pipeline_dag.py
[2026-06-29T18:18:50.698+0000] {processor.py:914} INFO - Processing file /opt/airflow/dags/urban_data_pipeline_dag.py for tasks to queue
[2026-06-29T18:18:50.705+0000] {logging_mixin.py:190} INFO - [2026-06-29T18:18:50.705+0000] {dagbag.py:588} INFO - Filling up the DagBag from /opt/airflow/dags/urban_data_pipeline_dag.py
[2026-06-29T18:18:50.862+0000] {processor.py:925} INFO - DAG(s) 'urban_data_pipeline' retrieved from /opt/airflow/dags/urban_data_pipeline_dag.py
[2026-06-29T18:18:50.908+0000] {logging_mixin.py:190} INFO - [2026-06-29T18:18:50.908+0000] {dag.py:3239} INFO - Sync 1 DAGs
[2026-06-29T18:18:50.936+0000] {logging_mixin.py:190} INFO - [2026-06-29T18:18:50.935+0000] {dag.py:4180} INFO - Setting next_dagrun for urban_data_pipeline to 2026-06-01 00:00:00+00:00, run_after=2026-07-01 00:00:00+00:00
[2026-06-29T18:18:51.003+0000] {processor.py:208} INFO - Processing /opt/airflow/dags/urban_data_pipeline_dag.py took 0.319 seconds
[2026-06-29T18:19:21.440+0000] {processor.py:186} INFO - Started process (PID=13196) to work on /opt/airflow/dags/urban_data_pipeline_dag.py
[2026-06-29T18:19:21.442+0000] {processor.py:914} INFO - Processing file /opt/airflow/dags/urban_data_pipeline_dag.py for tasks to queue
[2026-06-29T18:19:21.445+0000] {logging_mixin.py:190} INFO - [2026-06-29T18:19:21.445+0000] {dagbag.py:588} INFO - Filling up the DagBag from /opt/airflow/dags/urban_data_pipeline_dag.py
[2026-06-29T18:19:21.671+0000] {processor.py:925} INFO - DAG(s) 'urban_data_pipeline' retrieved from /opt/airflow/dags/urban_data_pipeline_dag.py
[2026-06-29T18:19:21.741+0000] {logging_mixin.py:190} INFO - [2026-06-29T18:19:21.741+0000] {dag.py:3239} INFO - Sync 1 DAGs
[2026-06-29T18:19:21.775+0000] {logging_mixin.py:190} INFO - [2026-06-29T18:19:21.775+0000] {dag.py:4180} INFO - Setting next_dagrun for urban_data_pipeline to 2026-06-01 00:00:00+00:00, run_after=2026-07-01 00:00:00+00:00
[2026-06-29T18:19:21.820+0000] {processor.py:208} INFO - Processing /opt/airflow/dags/urban_data_pipeline_dag.py took 0.389 seconds
[2026-06-29T18:19:52.467+0000] {processor.py:186} INFO - Started process (PID=13214) to work on /opt/airflow/dags/urban_data_pipeline_dag.py
[2026-06-29T18:19:52.468+0000] {processor.py:914} INFO - Processing file /opt/airflow/dags/urban_data_pipeline_dag.py for tasks to queue
[2026-06-29T18:19:52.471+0000] {logging_mixin.py:190} INFO - [2026-06-29T18:19:52.471+0000] {dagbag.py:588} INFO - Filling up the DagBag from /opt/airflow/dags/urban_data_pipeline_dag.py
[2026-06-29T18:19:52.597+0000] {processor.py:925} INFO - DAG(s) 'urban_data_pipeline' retrieved from /opt/airflow/dags/urban_data_pipeline_dag.py
[2026-06-29T18:19:52.642+0000] {logging_mixin.py:190} INFO - [2026-06-29T18:19:52.642+0000] {dag.py:3239} INFO - Sync 1 DAGs
[2026-06-29T18:19:52.666+0000] {logging_mixin.py:190} INFO - [2026-06-29T18:19:52.665+0000] {dag.py:4180} INFO - Setting next_dagrun for urban_data_pipeline to 2026-06-01 00:00:00+00:00, run_after=2026-07-01 00:00:00+00:00
[2026-06-29T18:19:52.691+0000] {processor.py:208} INFO - Processing /opt/airflow/dags/urban_data_pipeline_dag.py took 0.231 seconds
[2026-06-29T18:20:23.824+0000] {processor.py:186} INFO - Started process (PID=13233) to work on /opt/airflow/dags/urban_data_pipeline_dag.py
[2026-06-29T18:20:23.825+0000] {processor.py:914} INFO - Processing file /opt/airflow/dags/urban_data_pipeline_dag.py for tasks to queue
[2026-06-29T18:20:23.827+0000] {logging_mixin.py:190} INFO - [2026-06-29T18:20:23.827+0000] {dagbag.py:588} INFO - Filling up the DagBag from /opt/airflow/dags/urban_data_pipeline_dag.py
[2026-06-29T18:20:23.996+0000] {processor.py:925} INFO - DAG(s) 'urban_data_pipeline' retrieved from /opt/airflow/dags/urban_data_pipeline_dag.py
[2026-06-29T18:20:24.057+0000] {logging_mixin.py:190} INFO - [2026-06-29T18:20:24.057+0000] {dag.py:3239} INFO - Sync 1 DAGs
[2026-06-29T18:20:24.085+0000] {logging_mixin.py:190} INFO - [2026-06-29T18:20:24.085+0000] {dag.py:4180} INFO - Setting next_dagrun for urban_data_pipeline to 2026-06-01 00:00:00+00:00, run_after=2026-07-01 00:00:00+00:00
[2026-06-29T18:20:24.123+0000] {processor.py:208} INFO - Processing /opt/airflow/dags/urban_data_pipeline_dag.py took 0.304 seconds
[2026-06-29T18:20:54.823+0000] {processor.py:186} INFO - Started process (PID=13250) to work on /opt/airflow/dags/urban_data_pipeline_dag.py
[2026-06-29T18:20:54.825+0000] {processor.py:914} INFO - Processing file /opt/airflow/dags/urban_data_pipeline_dag.py for tasks to queue
[2026-06-29T18:20:54.831+0000] {logging_mixin.py:190} INFO - [2026-06-29T18:20:54.830+0000] {dagbag.py:588} INFO - Filling up the DagBag from /opt/airflow/dags/urban_data_pipeline_dag.py
[2026-06-29T18:20:54.945+0000] {processor.py:925} INFO - DAG(s) 'urban_data_pipeline' retrieved from /opt/airflow/dags/urban_data_pipeline_dag.py
[2026-06-29T18:20:55.004+0000] {logging_mixin.py:190} INFO - [2026-06-29T18:20:55.004+0000] {dag.py:3239} INFO - Sync 1 DAGs
[2026-06-29T18:20:55.029+0000] {logging_mixin.py:190} INFO - [2026-06-29T18:20:55.029+0000] {dag.py:4180} INFO - Setting next_dagrun for urban_data_pipeline to 2026-06-01 00:00:00+00:00, run_after=2026-07-01 00:00:00+00:00
[2026-06-29T18:20:55.054+0000] {processor.py:208} INFO - Processing /opt/airflow/dags/urban_data_pipeline_dag.py took 0.245 seconds
[2026-06-29T18:21:25.408+0000] {processor.py:186} INFO - Started process (PID=13261) to work on /opt/airflow/dags/urban_data_pipeline_dag.py
[2026-06-29T18:21:25.410+0000] {processor.py:914} INFO - Processing file /opt/airflow/dags/urban_data_pipeline_dag.py for tasks to queue
[2026-06-29T18:21:25.414+0000] {logging_mixin.py:190} INFO - [2026-06-29T18:21:25.414+0000] {dagbag.py:588} INFO - Filling up the DagBag from /opt/airflow/dags/urban_data_pipeline_dag.py
[2026-06-29T18:21:25.660+0000] {processor.py:925} INFO - DAG(s) 'urban_data_pipeline' retrieved from /opt/airflow/dags/urban_data_pipeline_dag.py
[2026-06-29T18:21:25.710+0000] {logging_mixin.py:190} INFO - [2026-06-29T18:21:25.710+0000] {dag.py:3239} INFO - Sync 1 DAGs
[2026-06-29T18:21:25.738+0000] {logging_mixin.py:190} INFO - [2026-06-29T18:21:25.738+0000] {dag.py:4180} INFO - Setting next_dagrun for urban_data_pipeline to 2026-06-01 00:00:00+00:00, run_after=2026-07-01 00:00:00+00:00
[2026-06-29T18:21:25.767+0000] {processor.py:208} INFO - Processing /opt/airflow/dags/urban_data_pipeline_dag.py took 0.384 seconds
[2026-06-29T18:21:55.989+0000] {processor.py:186} INFO - Started process (PID=13279) to work on /opt/airflow/dags/urban_data_pipeline_dag.py
[2026-06-29T18:21:55.991+0000] {processor.py:914} INFO - Processing file /opt/airflow/dags/urban_data_pipeline_dag.py for tasks to queue
[2026-06-29T18:21:55.994+0000] {logging_mixin.py:190} INFO - [2026-06-29T18:21:55.993+0000] {dagbag.py:588} INFO - Filling up the DagBag from /opt/airflow/dags/urban_data_pipeline_dag.py
[2026-06-29T18:21:56.119+0000] {processor.py:925} INFO - DAG(s) 'urban_data_pipeline' retrieved from /opt/airflow/dags/urban_data_pipeline_dag.py
[2026-06-29T18:21:56.175+0000] {logging_mixin.py:190} INFO - [2026-06-29T18:21:56.174+0000] {dag.py:3239} INFO - Sync 1 DAGs
[2026-06-29T18:21:56.199+0000] {logging_mixin.py:190} INFO - [2026-06-29T18:21:56.199+0000] {dag.py:4180} INFO - Setting next_dagrun for urban_data_pipeline to 2026-06-01 00:00:00+00:00, run_after=2026-07-01 00:00:00+00:00
[2026-06-29T18:21:56.244+0000] {processor.py:208} INFO - Processing /opt/airflow/dags/urban_data_pipeline_dag.py took 0.261 seconds
[2026-06-29T18:22:26.480+0000] {processor.py:186} INFO - Started process (PID=13296) to work on /opt/airflow/dags/urban_data_pipeline_dag.py
[2026-06-29T18:22:26.481+0000] {processor.py:914} INFO - Processing file /opt/airflow/dags/urban_data_pipeline_dag.py for tasks to queue
[2026-06-29T18:22:26.488+0000] {logging_mixin.py:190} INFO - [2026-06-29T18:22:26.488+0000] {dagbag.py:588} INFO - Filling up the DagBag from /opt/airflow/dags/urban_data_pipeline_dag.py
[2026-06-29T18:22:26.714+0000] {processor.py:925} INFO - DAG(s) 'urban_data_pipeline' retrieved from /opt/airflow/dags/urban_data_pipeline_dag.py
[2026-06-29T18:22:26.761+0000] {logging_mixin.py:190} INFO - [2026-06-29T18:22:26.761+0000] {dag.py:3239} INFO - Sync 1 DAGs
[2026-06-29T18:22:26.783+0000] {logging_mixin.py:190} INFO - [2026-06-29T18:22:26.783+0000] {dag.py:4180} INFO - Setting next_dagrun for urban_data_pipeline to 2026-06-01 00:00:00+00:00, run_after=2026-07-01 00:00:00+00:00
[2026-06-29T18:22:26.814+0000] {processor.py:208} INFO - Processing /opt/airflow/dags/urban_data_pipeline_dag.py took 0.345 seconds
[2026-06-29T18:22:57.383+0000] {processor.py:186} INFO - Started process (PID=13314) to work on /opt/airflow/dags/urban_data_pipeline_dag.py
[2026-06-29T18:22:57.389+0000] {processor.py:914} INFO - Processing file /opt/airflow/dags/urban_data_pipeline_dag.py for tasks to queue
[2026-06-29T18:22:57.394+0000] {logging_mixin.py:190} INFO - [2026-06-29T18:22:57.393+0000] {dagbag.py:588} INFO - Filling up the DagBag from /opt/airflow/dags/urban_data_pipeline_dag.py
[2026-06-29T18:22:57.575+0000] {processor.py:925} INFO - DAG(s) 'urban_data_pipeline' retrieved from /opt/airflow/dags/urban_data_pipeline_dag.py
[2026-06-29T18:22:57.621+0000] {logging_mixin.py:190} INFO - [2026-06-29T18:22:57.620+0000] {dag.py:3239} INFO - Sync 1 DAGs
[2026-06-29T18:22:57.646+0000] {logging_mixin.py:190} INFO - [2026-06-29T18:22:57.646+0000] {dag.py:4180} INFO - Setting next_dagrun for urban_data_pipeline to 2026-06-01 00:00:00+00:00, run_after=2026-07-01 00:00:00+00:00
[2026-06-29T18:22:57.687+0000] {processor.py:208} INFO - Processing /opt/airflow/dags/urban_data_pipeline_dag.py took 0.335 seconds
[2026-06-29T18:23:28.132+0000] {processor.py:186} INFO - Started process (PID=13332) to work on /opt/airflow/dags/urban_data_pipeline_dag.py
[2026-06-29T18:23:28.133+0000] {processor.py:914} INFO - Processing file /opt/airflow/dags/urban_data_pipeline_dag.py for tasks to queue
[2026-06-29T18:23:28.136+0000] {logging_mixin.py:190} INFO - [2026-06-29T18:23:28.136+0000] {dagbag.py:588} INFO - Filling up the DagBag from /opt/airflow/dags/urban_data_pipeline_dag.py
[2026-06-29T18:23:28.311+0000] {processor.py:925} INFO - DAG(s) 'urban_data_pipeline' retrieved from /opt/airflow/dags/urban_data_pipeline_dag.py
[2026-06-29T18:23:28.364+0000] {logging_mixin.py:190} INFO - [2026-06-29T18:23:28.364+0000] {dag.py:3239} INFO - Sync 1 DAGs
[2026-06-29T18:23:28.404+0000] {logging_mixin.py:190} INFO - [2026-06-29T18:23:28.404+0000] {dag.py:4180} INFO - Setting next_dagrun for urban_data_pipeline to 2026-06-01 00:00:00+00:00, run_after=2026-07-01 00:00:00+00:00
[2026-06-29T18:23:28.445+0000] {processor.py:208} INFO - Processing /opt/airflow/dags/urban_data_pipeline_dag.py took 0.319 seconds
[2026-06-29T18:23:58.864+0000] {processor.py:186} INFO - Started process (PID=13350) to work on /opt/airflow/dags/urban_data_pipeline_dag.py
[2026-06-29T18:23:58.865+0000] {processor.py:914} INFO - Processing file /opt/airflow/dags/urban_data_pipeline_dag.py for tasks to queue
[2026-06-29T18:23:58.869+0000] {logging_mixin.py:190} INFO - [2026-06-29T18:23:58.868+0000] {dagbag.py:588} INFO - Filling up the DagBag from /opt/airflow/dags/urban_data_pipeline_dag.py
[2026-06-29T18:23:59.078+0000] {processor.py:925} INFO - DAG(s) 'urban_data_pipeline' retrieved from /opt/airflow/dags/urban_data_pipeline_dag.py
[2026-06-29T18:23:59.153+0000] {logging_mixin.py:190} INFO - [2026-06-29T18:23:59.152+0000] {dag.py:3239} INFO - Sync 1 DAGs
[2026-06-29T18:23:59.208+0000] {logging_mixin.py:190} INFO - [2026-06-29T18:23:59.207+0000] {dag.py:4180} INFO - Setting next_dagrun for urban_data_pipeline to 2026-06-01 00:00:00+00:00, run_after=2026-07-01 00:00:00+00:00
[2026-06-29T18:23:59.260+0000] {processor.py:208} INFO - Processing /opt/airflow/dags/urban_data_pipeline_dag.py took 0.405 seconds
[2026-06-29T18:24:29.806+0000] {processor.py:186} INFO - Started process (PID=13368) to work on /opt/airflow/dags/urban_data_pipeline_dag.py
[2026-06-29T18:24:29.816+0000] {processor.py:914} INFO - Processing file /opt/airflow/dags/urban_data_pipeline_dag.py for tasks to queue
[2026-06-29T18:24:29.834+0000] {logging_mixin.py:190} INFO - [2026-06-29T18:24:29.833+0000] {dagbag.py:588} INFO - Filling up the DagBag from /opt/airflow/dags/urban_data_pipeline_dag.py
[2026-06-29T18:24:29.984+0000] {processor.py:925} INFO - DAG(s) 'urban_data_pipeline' retrieved from /opt/airflow/dags/urban_data_pipeline_dag.py
[2026-06-29T18:24:30.031+0000] {logging_mixin.py:190} INFO - [2026-06-29T18:24:30.030+0000] {dag.py:3239} INFO - Sync 1 DAGs
[2026-06-29T18:24:30.061+0000] {logging_mixin.py:190} INFO - [2026-06-29T18:24:30.061+0000] {dag.py:4180} INFO - Setting next_dagrun for urban_data_pipeline to 2026-06-01 00:00:00+00:00, run_after=2026-07-01 00:00:00+00:00
[2026-06-29T18:24:30.130+0000] {processor.py:208} INFO - Processing /opt/airflow/dags/urban_data_pipeline_dag.py took 0.345 seconds
[2026-06-29T18:25:00.953+0000] {processor.py:186} INFO - Started process (PID=13386) to work on /opt/airflow/dags/urban_data_pipeline_dag.py
[2026-06-29T18:25:00.955+0000] {processor.py:914} INFO - Processing file /opt/airflow/dags/urban_data_pipeline_dag.py for tasks to queue
[2026-06-29T18:25:00.959+0000] {logging_mixin.py:190} INFO - [2026-06-29T18:25:00.958+0000] {dagbag.py:588} INFO - Filling up the DagBag from /opt/airflow/dags/urban_data_pipeline_dag.py
[2026-06-29T18:25:01.178+0000] {processor.py:925} INFO - DAG(s) 'urban_data_pipeline' retrieved from /opt/airflow/dags/urban_data_pipeline_dag.py
[2026-06-29T18:25:01.254+0000] {logging_mixin.py:190} INFO - [2026-06-29T18:25:01.254+0000] {dag.py:3239} INFO - Sync 1 DAGs
[2026-06-29T18:25:01.289+0000] {logging_mixin.py:190} INFO - [2026-06-29T18:25:01.289+0000] {dag.py:4180} INFO - Setting next_dagrun for urban_data_pipeline to 2026-06-01 00:00:00+00:00, run_after=2026-07-01 00:00:00+00:00
[2026-06-29T18:25:01.319+0000] {processor.py:208} INFO - Processing /opt/airflow/dags/urban_data_pipeline_dag.py took 0.375 seconds
[2026-06-29T18:25:31.854+0000] {processor.py:186} INFO - Started process (PID=13404) to work on /opt/airflow/dags/urban_data_pipeline_dag.py
[2026-06-29T18:25:31.856+0000] {processor.py:914} INFO - Processing file /opt/airflow/dags/urban_data_pipeline_dag.py for tasks to queue
[2026-06-29T18:25:31.859+0000] {logging_mixin.py:190} INFO - [2026-06-29T18:25:31.859+0000] {dagbag.py:588} INFO - Filling up the DagBag from /opt/airflow/dags/urban_data_pipeline_dag.py
[2026-06-29T18:25:32.184+0000] {processor.py:925} INFO - DAG(s) 'urban_data_pipeline' retrieved from /opt/airflow/dags/urban_data_pipeline_dag.py
[2026-06-29T18:25:32.245+0000] {logging_mixin.py:190} INFO - [2026-06-29T18:25:32.245+0000] {dag.py:3239} INFO - Sync 1 DAGs
[2026-06-29T18:25:32.278+0000] {logging_mixin.py:190} INFO - [2026-06-29T18:25:32.277+0000] {dag.py:4180} INFO - Setting next_dagrun for urban_data_pipeline to 2026-06-01 00:00:00+00:00, run_after=2026-07-01 00:00:00+00:00
[2026-06-29T18:25:32.352+0000] {processor.py:208} INFO - Processing /opt/airflow/dags/urban_data_pipeline_dag.py took 0.504 seconds
[2026-06-29T18:26:02.460+0000] {processor.py:186} INFO - Started process (PID=13421) to work on /opt/airflow/dags/urban_data_pipeline_dag.py
[2026-06-29T18:26:02.462+0000] {processor.py:914} INFO - Processing file /opt/airflow/dags/urban_data_pipeline_dag.py for tasks to queue
[2026-06-29T18:26:02.465+0000] {logging_mixin.py:190} INFO - [2026-06-29T18:26:02.464+0000] {dagbag.py:588} INFO - Filling up the DagBag from /opt/airflow/dags/urban_data_pipeline_dag.py
[2026-06-29T18:26:02.601+0000] {processor.py:925} INFO - DAG(s) 'urban_data_pipeline' retrieved from /opt/airflow/dags/urban_data_pipeline_dag.py
[2026-06-29T18:26:02.649+0000] {logging_mixin.py:190} INFO - [2026-06-29T18:26:02.648+0000] {dag.py:3239} INFO - Sync 1 DAGs
[2026-06-29T18:26:02.674+0000] {logging_mixin.py:190} INFO - [2026-06-29T18:26:02.674+0000] {dag.py:4180} INFO - Setting next_dagrun for urban_data_pipeline to 2026-06-01 00:00:00+00:00, run_after=2026-07-01 00:00:00+00:00
[2026-06-29T18:26:02.696+0000] {processor.py:208} INFO - Processing /opt/airflow/dags/urban_data_pipeline_dag.py took 0.242 seconds
[2026-06-29T18:26:33.639+0000] {processor.py:186} INFO - Started process (PID=13432) to work on /opt/airflow/dags/urban_data_pipeline_dag.py
[2026-06-29T18:26:33.643+0000] {processor.py:914} INFO - Processing file /opt/airflow/dags/urban_data_pipeline_dag.py for tasks to queue
[2026-06-29T18:26:33.646+0000] {logging_mixin.py:190} INFO - [2026-06-29T18:26:33.646+0000] {dagbag.py:588} INFO - Filling up the DagBag from /opt/airflow/dags/urban_data_pipeline_dag.py
[2026-06-29T18:26:33.843+0000] {processor.py:925} INFO - DAG(s) 'urban_data_pipeline' retrieved from /opt/airflow/dags/urban_data_pipeline_dag.py
[2026-06-29T18:26:33.932+0000] {logging_mixin.py:190} INFO - [2026-06-29T18:26:33.932+0000] {dag.py:3239} INFO - Sync 1 DAGs
[2026-06-29T18:26:33.961+0000] {logging_mixin.py:190} INFO - [2026-06-29T18:26:33.961+0000] {dag.py:4180} INFO - Setting next_dagrun for urban_data_pipeline to 2026-06-01 00:00:00+00:00, run_after=2026-07-01 00:00:00+00:00
[2026-06-29T18:26:34.002+0000] {processor.py:208} INFO - Processing /opt/airflow/dags/urban_data_pipeline_dag.py took 0.377 seconds
[2026-06-29T18:27:05.002+0000] {processor.py:186} INFO - Started process (PID=13450) to work on /opt/airflow/dags/urban_data_pipeline_dag.py
[2026-06-29T18:27:05.016+0000] {processor.py:914} INFO - Processing file /opt/airflow/dags/urban_data_pipeline_dag.py for tasks to queue
[2026-06-29T18:27:05.024+0000] {logging_mixin.py:190} INFO - [2026-06-29T18:27:05.023+0000] {dagbag.py:588} INFO - Filling up the DagBag from /opt/airflow/dags/urban_data_pipeline_dag.py
[2026-06-29T18:27:05.271+0000] {processor.py:925} INFO - DAG(s) 'urban_data_pipeline' retrieved from /opt/airflow/dags/urban_data_pipeline_dag.py
[2026-06-29T18:27:05.315+0000] {logging_mixin.py:190} INFO - [2026-06-29T18:27:05.315+0000] {dag.py:3239} INFO - Sync 1 DAGs
[2026-06-29T18:27:05.339+0000] {logging_mixin.py:190} INFO - [2026-06-29T18:27:05.339+0000] {dag.py:4180} INFO - Setting next_dagrun for urban_data_pipeline to 2026-06-01 00:00:00+00:00, run_after=2026-07-01 00:00:00+00:00
[2026-06-29T18:27:05.440+0000] {processor.py:208} INFO - Processing /opt/airflow/dags/urban_data_pipeline_dag.py took 0.466 seconds
[2026-06-29T18:27:36.042+0000] {processor.py:186} INFO - Started process (PID=13468) to work on /opt/airflow/dags/urban_data_pipeline_dag.py
[2026-06-29T18:27:36.047+0000] {processor.py:914} INFO - Processing file /opt/airflow/dags/urban_data_pipeline_dag.py for tasks to queue
[2026-06-29T18:27:36.050+0000] {logging_mixin.py:190} INFO - [2026-06-29T18:27:36.049+0000] {dagbag.py:588} INFO - Filling up the DagBag from /opt/airflow/dags/urban_data_pipeline_dag.py
[2026-06-29T18:27:36.296+0000] {processor.py:925} INFO - DAG(s) 'urban_data_pipeline' retrieved from /opt/airflow/dags/urban_data_pipeline_dag.py
[2026-06-29T18:27:36.350+0000] {logging_mixin.py:190} INFO - [2026-06-29T18:27:36.349+0000] {dag.py:3239} INFO - Sync 1 DAGs
[2026-06-29T18:27:36.378+0000] {logging_mixin.py:190} INFO - [2026-06-29T18:27:36.377+0000] {dag.py:4180} INFO - Setting next_dagrun for urban_data_pipeline to 2026-06-01 00:00:00+00:00, run_after=2026-07-01 00:00:00+00:00
[2026-06-29T18:27:36.414+0000] {processor.py:208} INFO - Processing /opt/airflow/dags/urban_data_pipeline_dag.py took 0.385 seconds
[2026-06-29T18:28:07.467+0000] {processor.py:186} INFO - Started process (PID=13486) to work on /opt/airflow/dags/urban_data_pipeline_dag.py
[2026-06-29T18:28:07.469+0000] {processor.py:914} INFO - Processing file /opt/airflow/dags/urban_data_pipeline_dag.py for tasks to queue
[2026-06-29T18:28:07.473+0000] {logging_mixin.py:190} INFO - [2026-06-29T18:28:07.472+0000] {dagbag.py:588} INFO - Filling up the DagBag from /opt/airflow/dags/urban_data_pipeline_dag.py
[2026-06-29T18:28:07.610+0000] {processor.py:925} INFO - DAG(s) 'urban_data_pipeline' retrieved from /opt/airflow/dags/urban_data_pipeline_dag.py
[2026-06-29T18:28:07.653+0000] {logging_mixin.py:190} INFO - [2026-06-29T18:28:07.652+0000] {dag.py:3239} INFO - Sync 1 DAGs
[2026-06-29T18:28:07.676+0000] {logging_mixin.py:190} INFO - [2026-06-29T18:28:07.676+0000] {dag.py:4180} INFO - Setting next_dagrun for urban_data_pipeline to 2026-06-01 00:00:00+00:00, run_after=2026-07-01 00:00:00+00:00
[2026-06-29T18:28:07.701+0000] {processor.py:208} INFO - Processing /opt/airflow/dags/urban_data_pipeline_dag.py took 0.245 seconds
[2026-06-29T18:28:37.972+0000] {processor.py:186} INFO - Started process (PID=13504) to work on /opt/airflow/dags/urban_data_pipeline_dag.py
[2026-06-29T18:28:37.973+0000] {processor.py:914} INFO - Processing file /opt/airflow/dags/urban_data_pipeline_dag.py for tasks to queue
[2026-06-29T18:28:37.979+0000] {logging_mixin.py:190} INFO - [2026-06-29T18:28:37.978+0000] {dagbag.py:588} INFO - Filling up the DagBag from /opt/airflow/dags/urban_data_pipeline_dag.py
[2026-06-29T18:28:38.219+0000] {processor.py:925} INFO - DAG(s) 'urban_data_pipeline' retrieved from /opt/airflow/dags/urban_data_pipeline_dag.py
[2026-06-29T18:28:38.274+0000] {logging_mixin.py:190} INFO - [2026-06-29T18:28:38.274+0000] {dag.py:3239} INFO - Sync 1 DAGs
[2026-06-29T18:28:38.302+0000] {logging_mixin.py:190} INFO - [2026-06-29T18:28:38.302+0000] {dag.py:4180} INFO - Setting next_dagrun for urban_data_pipeline to 2026-06-01 00:00:00+00:00, run_after=2026-07-01 00:00:00+00:00
[2026-06-29T18:28:38.332+0000] {processor.py:208} INFO - Processing /opt/airflow/dags/urban_data_pipeline_dag.py took 0.366 seconds
[2026-06-29T18:29:09.049+0000] {processor.py:186} INFO - Started process (PID=13522) to work on /opt/airflow/dags/urban_data_pipeline_dag.py
[2026-06-29T18:29:09.051+0000] {processor.py:914} INFO - Processing file /opt/airflow/dags/urban_data_pipeline_dag.py for tasks to queue
[2026-06-29T18:29:09.056+0000] {logging_mixin.py:190} INFO - [2026-06-29T18:29:09.055+0000] {dagbag.py:588} INFO - Filling up the DagBag from /opt/airflow/dags/urban_data_pipeline_dag.py
[2026-06-29T18:29:09.364+0000] {processor.py:925} INFO - DAG(s) 'urban_data_pipeline' retrieved from /opt/airflow/dags/urban_data_pipeline_dag.py
[2026-06-29T18:29:09.415+0000] {logging_mixin.py:190} INFO - [2026-06-29T18:29:09.414+0000] {dag.py:3239} INFO - Sync 1 DAGs
[2026-06-29T18:29:09.449+0000] {logging_mixin.py:190} INFO - [2026-06-29T18:29:09.449+0000] {dag.py:4180} INFO - Setting next_dagrun for urban_data_pipeline to 2026-06-01 00:00:00+00:00, run_after=2026-07-01 00:00:00+00:00
[2026-06-29T18:29:09.497+0000] {processor.py:208} INFO - Processing /opt/airflow/dags/urban_data_pipeline_dag.py took 0.454 seconds
[2026-06-29T18:29:39.630+0000] {processor.py:186} INFO - Started process (PID=13540) to work on /opt/airflow/dags/urban_data_pipeline_dag.py
[2026-06-29T18:29:39.632+0000] {processor.py:914} INFO - Processing file /opt/airflow/dags/urban_data_pipeline_dag.py for tasks to queue
[2026-06-29T18:29:39.641+0000] {logging_mixin.py:190} INFO - [2026-06-29T18:29:39.640+0000] {dagbag.py:588} INFO - Filling up the DagBag from /opt/airflow/dags/urban_data_pipeline_dag.py
[2026-06-29T18:29:39.963+0000] {processor.py:925} INFO - DAG(s) 'urban_data_pipeline' retrieved from /opt/airflow/dags/urban_data_pipeline_dag.py
[2026-06-29T18:29:40.011+0000] {logging_mixin.py:190} INFO - [2026-06-29T18:29:40.011+0000] {dag.py:3239} INFO - Sync 1 DAGs
[2026-06-29T18:29:40.037+0000] {logging_mixin.py:190} INFO - [2026-06-29T18:29:40.037+0000] {dag.py:4180} INFO - Setting next_dagrun for urban_data_pipeline to 2026-06-01 00:00:00+00:00, run_after=2026-07-01 00:00:00+00:00
[2026-06-29T18:29:40.061+0000] {processor.py:208} INFO - Processing /opt/airflow/dags/urban_data_pipeline_dag.py took 0.439 seconds
[2026-06-29T18:30:10.412+0000] {processor.py:186} INFO - Started process (PID=13558) to work on /opt/airflow/dags/urban_data_pipeline_dag.py
[2026-06-29T18:30:10.415+0000] {processor.py:914} INFO - Processing file /opt/airflow/dags/urban_data_pipeline_dag.py for tasks to queue
[2026-06-29T18:30:10.418+0000] {logging_mixin.py:190} INFO - [2026-06-29T18:30:10.418+0000] {dagbag.py:588} INFO - Filling up the DagBag from /opt/airflow/dags/urban_data_pipeline_dag.py
[2026-06-29T18:30:10.655+0000] {processor.py:925} INFO - DAG(s) 'urban_data_pipeline' retrieved from /opt/airflow/dags/urban_data_pipeline_dag.py
[2026-06-29T18:30:10.733+0000] {logging_mixin.py:190} INFO - [2026-06-29T18:30:10.733+0000] {dag.py:3239} INFO - Sync 1 DAGs
[2026-06-29T18:30:10.759+0000] {logging_mixin.py:190} INFO - [2026-06-29T18:30:10.759+0000] {dag.py:4180} INFO - Setting next_dagrun for urban_data_pipeline to 2026-06-01 00:00:00+00:00, run_after=2026-07-01 00:00:00+00:00
[2026-06-29T18:30:10.855+0000] {processor.py:208} INFO - Processing /opt/airflow/dags/urban_data_pipeline_dag.py took 0.458 seconds
[2026-06-29T18:30:41.191+0000] {processor.py:186} INFO - Started process (PID=13576) to work on /opt/airflow/dags/urban_data_pipeline_dag.py
[2026-06-29T18:30:41.192+0000] {processor.py:914} INFO - Processing file /opt/airflow/dags/urban_data_pipeline_dag.py for tasks to queue
[2026-06-29T18:30:41.196+0000] {logging_mixin.py:190} INFO - [2026-06-29T18:30:41.195+0000] {dagbag.py:588} INFO - Filling up the DagBag from /opt/airflow/dags/urban_data_pipeline_dag.py
[2026-06-29T18:30:41.345+0000] {processor.py:925} INFO - DAG(s) 'urban_data_pipeline' retrieved from /opt/airflow/dags/urban_data_pipeline_dag.py
[2026-06-29T18:30:41.393+0000] {logging_mixin.py:190} INFO - [2026-06-29T18:30:41.393+0000] {dag.py:3239} INFO - Sync 1 DAGs
[2026-06-29T18:30:41.421+0000] {logging_mixin.py:190} INFO - [2026-06-29T18:30:41.421+0000] {dag.py:4180} INFO - Setting next_dagrun for urban_data_pipeline to 2026-06-01 00:00:00+00:00, run_after=2026-07-01 00:00:00+00:00
[2026-06-29T18:30:41.446+0000] {processor.py:208} INFO - Processing /opt/airflow/dags/urban_data_pipeline_dag.py took 0.261 seconds
[2026-06-29T18:31:11.736+0000] {processor.py:186} INFO - Started process (PID=13587) to work on /opt/airflow/dags/urban_data_pipeline_dag.py
[2026-06-29T18:31:11.739+0000] {processor.py:914} INFO - Processing file /opt/airflow/dags/urban_data_pipeline_dag.py for tasks to queue
[2026-06-29T18:31:11.749+0000] {logging_mixin.py:190} INFO - [2026-06-29T18:31:11.748+0000] {dagbag.py:588} INFO - Filling up the DagBag from /opt/airflow/dags/urban_data_pipeline_dag.py
[2026-06-29T18:31:12.162+0000] {processor.py:925} INFO - DAG(s) 'urban_data_pipeline' retrieved from /opt/airflow/dags/urban_data_pipeline_dag.py
[2026-06-29T18:31:12.223+0000] {logging_mixin.py:190} INFO - [2026-06-29T18:31:12.223+0000] {dag.py:3239} INFO - Sync 1 DAGs
[2026-06-29T18:31:12.255+0000] {logging_mixin.py:190} INFO - [2026-06-29T18:31:12.254+0000] {dag.py:4180} INFO - Setting next_dagrun for urban_data_pipeline to 2026-06-01 00:00:00+00:00, run_after=2026-07-01 00:00:00+00:00
[2026-06-29T18:31:12.316+0000] {processor.py:208} INFO - Processing /opt/airflow/dags/urban_data_pipeline_dag.py took 0.595 seconds
[2026-06-29T18:31:43.301+0000] {processor.py:186} INFO - Started process (PID=13608) to work on /opt/airflow/dags/urban_data_pipeline_dag.py
[2026-06-29T18:31:43.303+0000] {processor.py:914} INFO - Processing file /opt/airflow/dags/urban_data_pipeline_dag.py for tasks to queue
[2026-06-29T18:31:43.307+0000] {logging_mixin.py:190} INFO - [2026-06-29T18:31:43.307+0000] {dagbag.py:588} INFO - Filling up the DagBag from /opt/airflow/dags/urban_data_pipeline_dag.py
[2026-06-29T18:31:43.439+0000] {processor.py:925} INFO - DAG(s) 'urban_data_pipeline' retrieved from /opt/airflow/dags/urban_data_pipeline_dag.py
[2026-06-29T18:31:43.487+0000] {logging_mixin.py:190} INFO - [2026-06-29T18:31:43.487+0000] {dag.py:3239} INFO - Sync 1 DAGs
[2026-06-29T18:31:43.519+0000] {logging_mixin.py:190} INFO - [2026-06-29T18:31:43.518+0000] {dag.py:4180} INFO - Setting next_dagrun for urban_data_pipeline to 2026-06-01 00:00:00+00:00, run_after=2026-07-01 00:00:00+00:00
[2026-06-29T18:31:43.560+0000] {processor.py:208} INFO - Processing /opt/airflow/dags/urban_data_pipeline_dag.py took 0.269 seconds
[2026-06-29T18:32:14.029+0000] {processor.py:186} INFO - Started process (PID=13626) to work on /opt/airflow/dags/urban_data_pipeline_dag.py
[2026-06-29T18:32:14.031+0000] {processor.py:914} INFO - Processing file /opt/airflow/dags/urban_data_pipeline_dag.py for tasks to queue
[2026-06-29T18:32:14.035+0000] {logging_mixin.py:190} INFO - [2026-06-29T18:32:14.035+0000] {dagbag.py:588} INFO - Filling up the DagBag from /opt/airflow/dags/urban_data_pipeline_dag.py
[2026-06-29T18:32:14.201+0000] {processor.py:925} INFO - DAG(s) 'urban_data_pipeline' retrieved from /opt/airflow/dags/urban_data_pipeline_dag.py
[2026-06-29T18:32:14.259+0000] {logging_mixin.py:190} INFO - [2026-06-29T18:32:14.259+0000] {dag.py:3239} INFO - Sync 1 DAGs
[2026-06-29T18:32:14.294+0000] {logging_mixin.py:190} INFO - [2026-06-29T18:32:14.294+0000] {dag.py:4180} INFO - Setting next_dagrun for urban_data_pipeline to 2026-06-01 00:00:00+00:00, run_after=2026-07-01 00:00:00+00:00
[2026-06-29T18:32:14.329+0000] {processor.py:208} INFO - Processing /opt/airflow/dags/urban_data_pipeline_dag.py took 0.308 seconds
[2026-06-29T18:32:44.764+0000] {processor.py:186} INFO - Started process (PID=13644) to work on /opt/airflow/dags/urban_data_pipeline_dag.py
[2026-06-29T18:32:44.766+0000] {processor.py:914} INFO - Processing file /opt/airflow/dags/urban_data_pipeline_dag.py for tasks to queue
[2026-06-29T18:32:44.769+0000] {logging_mixin.py:190} INFO - [2026-06-29T18:32:44.769+0000] {dagbag.py:588} INFO - Filling up the DagBag from /opt/airflow/dags/urban_data_pipeline_dag.py
[2026-06-29T18:32:44.911+0000] {processor.py:925} INFO - DAG(s) 'urban_data_pipeline' retrieved from /opt/airflow/dags/urban_data_pipeline_dag.py
[2026-06-29T18:32:44.964+0000] {logging_mixin.py:190} INFO - [2026-06-29T18:32:44.964+0000] {dag.py:3239} INFO - Sync 1 DAGs
[2026-06-29T18:32:44.993+0000] {logging_mixin.py:190} INFO - [2026-06-29T18:32:44.993+0000] {dag.py:4180} INFO - Setting next_dagrun for urban_data_pipeline to 2026-06-01 00:00:00+00:00, run_after=2026-07-01 00:00:00+00:00
[2026-06-29T18:32:45.024+0000] {processor.py:208} INFO - Processing /opt/airflow/dags/urban_data_pipeline_dag.py took 0.268 seconds
[2026-06-29T18:33:15.675+0000] {processor.py:186} INFO - Started process (PID=13662) to work on /opt/airflow/dags/urban_data_pipeline_dag.py
[2026-06-29T18:33:15.676+0000] {processor.py:914} INFO - Processing file /opt/airflow/dags/urban_data_pipeline_dag.py for tasks to queue
[2026-06-29T18:33:15.680+0000] {logging_mixin.py:190} INFO - [2026-06-29T18:33:15.680+0000] {dagbag.py:588} INFO - Filling up the DagBag from /opt/airflow/dags/urban_data_pipeline_dag.py
[2026-06-29T18:33:15.805+0000] {processor.py:925} INFO - DAG(s) 'urban_data_pipeline' retrieved from /opt/airflow/dags/urban_data_pipeline_dag.py
[2026-06-29T18:33:15.855+0000] {logging_mixin.py:190} INFO - [2026-06-29T18:33:15.855+0000] {dag.py:3239} INFO - Sync 1 DAGs
[2026-06-29T18:33:15.885+0000] {logging_mixin.py:190} INFO - [2026-06-29T18:33:15.885+0000] {dag.py:4180} INFO - Setting next_dagrun for urban_data_pipeline to 2026-06-01 00:00:00+00:00, run_after=2026-07-01 00:00:00+00:00
[2026-06-29T18:33:15.924+0000] {processor.py:208} INFO - Processing /opt/airflow/dags/urban_data_pipeline_dag.py took 0.259 seconds
[2026-06-29T18:33:46.656+0000] {processor.py:186} INFO - Started process (PID=13680) to work on /opt/airflow/dags/urban_data_pipeline_dag.py
[2026-06-29T18:33:46.657+0000] {processor.py:914} INFO - Processing file /opt/airflow/dags/urban_data_pipeline_dag.py for tasks to queue
[2026-06-29T18:33:46.660+0000] {logging_mixin.py:190} INFO - [2026-06-29T18:33:46.659+0000] {dagbag.py:588} INFO - Filling up the DagBag from /opt/airflow/dags/urban_data_pipeline_dag.py
[2026-06-29T18:33:46.777+0000] {processor.py:925} INFO - DAG(s) 'urban_data_pipeline' retrieved from /opt/airflow/dags/urban_data_pipeline_dag.py
[2026-06-29T18:33:46.824+0000] {logging_mixin.py:190} INFO - [2026-06-29T18:33:46.824+0000] {dag.py:3239} INFO - Sync 1 DAGs
[2026-06-29T18:33:46.856+0000] {logging_mixin.py:190} INFO - [2026-06-29T18:33:46.856+0000] {dag.py:4180} INFO - Setting next_dagrun for urban_data_pipeline to 2026-06-01 00:00:00+00:00, run_after=2026-07-01 00:00:00+00:00
[2026-06-29T18:33:46.892+0000] {processor.py:208} INFO - Processing /opt/airflow/dags/urban_data_pipeline_dag.py took 0.242 seconds
[2026-06-29T18:34:17.440+0000] {processor.py:186} INFO - Started process (PID=13698) to work on /opt/airflow/dags/urban_data_pipeline_dag.py
[2026-06-29T18:34:17.442+0000] {processor.py:914} INFO - Processing file /opt/airflow/dags/urban_data_pipeline_dag.py for tasks to queue
[2026-06-29T18:34:17.446+0000] {logging_mixin.py:190} INFO - [2026-06-29T18:34:17.445+0000] {dagbag.py:588} INFO - Filling up the DagBag from /opt/airflow/dags/urban_data_pipeline_dag.py
[2026-06-29T18:34:17.586+0000] {processor.py:925} INFO - DAG(s) 'urban_data_pipeline' retrieved from /opt/airflow/dags/urban_data_pipeline_dag.py
[2026-06-29T18:34:17.640+0000] {logging_mixin.py:190} INFO - [2026-06-29T18:34:17.639+0000] {dag.py:3239} INFO - Sync 1 DAGs
[2026-06-29T18:34:17.670+0000] {logging_mixin.py:190} INFO - [2026-06-29T18:34:17.670+0000] {dag.py:4180} INFO - Setting next_dagrun for urban_data_pipeline to 2026-06-01 00:00:00+00:00, run_after=2026-07-01 00:00:00+00:00
[2026-06-29T18:34:17.696+0000] {processor.py:208} INFO - Processing /opt/airflow/dags/urban_data_pipeline_dag.py took 0.263 seconds
[2026-06-29T18:34:48.256+0000] {processor.py:186} INFO - Started process (PID=13716) to work on /opt/airflow/dags/urban_data_pipeline_dag.py
[2026-06-29T18:34:48.257+0000] {processor.py:914} INFO - Processing file /opt/airflow/dags/urban_data_pipeline_dag.py for tasks to queue
[2026-06-29T18:34:48.261+0000] {logging_mixin.py:190} INFO - [2026-06-29T18:34:48.261+0000] {dagbag.py:588} INFO - Filling up the DagBag from /opt/airflow/dags/urban_data_pipeline_dag.py
[2026-06-29T18:34:48.422+0000] {processor.py:925} INFO - DAG(s) 'urban_data_pipeline' retrieved from /opt/airflow/dags/urban_data_pipeline_dag.py
[2026-06-29T18:34:48.475+0000] {logging_mixin.py:190} INFO - [2026-06-29T18:34:48.474+0000] {dag.py:3239} INFO - Sync 1 DAGs
[2026-06-29T18:34:48.505+0000] {logging_mixin.py:190} INFO - [2026-06-29T18:34:48.504+0000] {dag.py:4180} INFO - Setting next_dagrun for urban_data_pipeline to 2026-06-01 00:00:00+00:00, run_after=2026-07-01 00:00:00+00:00
[2026-06-29T18:34:48.535+0000] {processor.py:208} INFO - Processing /opt/airflow/dags/urban_data_pipeline_dag.py took 0.285 seconds
[2026-06-29T18:35:19.014+0000] {processor.py:186} INFO - Started process (PID=13734) to work on /opt/airflow/dags/urban_data_pipeline_dag.py
[2026-06-29T18:35:19.015+0000] {processor.py:914} INFO - Processing file /opt/airflow/dags/urban_data_pipeline_dag.py for tasks to queue
[2026-06-29T18:35:19.018+0000] {logging_mixin.py:190} INFO - [2026-06-29T18:35:19.018+0000] {dagbag.py:588} INFO - Filling up the DagBag from /opt/airflow/dags/urban_data_pipeline_dag.py
[2026-06-29T18:35:19.187+0000] {processor.py:925} INFO - DAG(s) 'urban_data_pipeline' retrieved from /opt/airflow/dags/urban_data_pipeline_dag.py
[2026-06-29T18:35:19.246+0000] {logging_mixin.py:190} INFO - [2026-06-29T18:35:19.246+0000] {dag.py:3239} INFO - Sync 1 DAGs
[2026-06-29T18:35:19.282+0000] {logging_mixin.py:190} INFO - [2026-06-29T18:35:19.281+0000] {dag.py:4180} INFO - Setting next_dagrun for urban_data_pipeline to 2026-06-01 00:00:00+00:00, run_after=2026-07-01 00:00:00+00:00
[2026-06-29T18:35:19.332+0000] {processor.py:208} INFO - Processing /opt/airflow/dags/urban_data_pipeline_dag.py took 0.325 seconds
[2026-06-29T18:35:49.894+0000] {processor.py:186} INFO - Started process (PID=13751) to work on /opt/airflow/dags/urban_data_pipeline_dag.py
[2026-06-29T18:35:49.897+0000] {processor.py:914} INFO - Processing file /opt/airflow/dags/urban_data_pipeline_dag.py for tasks to queue
[2026-06-29T18:35:49.900+0000] {logging_mixin.py:190} INFO - [2026-06-29T18:35:49.899+0000] {dagbag.py:588} INFO - Filling up the DagBag from /opt/airflow/dags/urban_data_pipeline_dag.py
[2026-06-29T18:35:50.021+0000] {processor.py:925} INFO - DAG(s) 'urban_data_pipeline' retrieved from /opt/airflow/dags/urban_data_pipeline_dag.py
[2026-06-29T18:35:50.068+0000] {logging_mixin.py:190} INFO - [2026-06-29T18:35:50.068+0000] {dag.py:3239} INFO - Sync 1 DAGs
[2026-06-29T18:35:50.098+0000] {logging_mixin.py:190} INFO - [2026-06-29T18:35:50.098+0000] {dag.py:4180} INFO - Setting next_dagrun for urban_data_pipeline to 2026-06-01 00:00:00+00:00, run_after=2026-07-01 00:00:00+00:00
[2026-06-29T18:35:50.125+0000] {processor.py:208} INFO - Processing /opt/airflow/dags/urban_data_pipeline_dag.py took 0.238 seconds
[2026-06-29T18:36:20.667+0000] {processor.py:186} INFO - Started process (PID=13762) to work on /opt/airflow/dags/urban_data_pipeline_dag.py
[2026-06-29T18:36:20.668+0000] {processor.py:914} INFO - Processing file /opt/airflow/dags/urban_data_pipeline_dag.py for tasks to queue
[2026-06-29T18:36:20.671+0000] {logging_mixin.py:190} INFO - [2026-06-29T18:36:20.671+0000] {dagbag.py:588} INFO - Filling up the DagBag from /opt/airflow/dags/urban_data_pipeline_dag.py
[2026-06-29T18:36:20.793+0000] {processor.py:925} INFO - DAG(s) 'urban_data_pipeline' retrieved from /opt/airflow/dags/urban_data_pipeline_dag.py
[2026-06-29T18:36:20.841+0000] {logging_mixin.py:190} INFO - [2026-06-29T18:36:20.841+0000] {dag.py:3239} INFO - Sync 1 DAGs
[2026-06-29T18:36:20.866+0000] {logging_mixin.py:190} INFO - [2026-06-29T18:36:20.866+0000] {dag.py:4180} INFO - Setting next_dagrun for urban_data_pipeline to 2026-06-01 00:00:00+00:00, run_after=2026-07-01 00:00:00+00:00
[2026-06-29T18:36:20.894+0000] {processor.py:208} INFO - Processing /opt/airflow/dags/urban_data_pipeline_dag.py took 0.233 seconds
[2026-06-29T18:36:51.536+0000] {processor.py:186} INFO - Started process (PID=13780) to work on /opt/airflow/dags/urban_data_pipeline_dag.py
[2026-06-29T18:36:51.538+0000] {processor.py:914} INFO - Processing file /opt/airflow/dags/urban_data_pipeline_dag.py for tasks to queue
[2026-06-29T18:36:51.541+0000] {logging_mixin.py:190} INFO - [2026-06-29T18:36:51.540+0000] {dagbag.py:588} INFO - Filling up the DagBag from /opt/airflow/dags/urban_data_pipeline_dag.py
[2026-06-29T18:36:51.784+0000] {processor.py:925} INFO - DAG(s) 'urban_data_pipeline' retrieved from /opt/airflow/dags/urban_data_pipeline_dag.py
[2026-06-29T18:36:51.833+0000] {logging_mixin.py:190} INFO - [2026-06-29T18:36:51.833+0000] {dag.py:3239} INFO - Sync 1 DAGs
[2026-06-29T18:36:51.863+0000] {logging_mixin.py:190} INFO - [2026-06-29T18:36:51.862+0000] {dag.py:4180} INFO - Setting next_dagrun for urban_data_pipeline to 2026-06-01 00:00:00+00:00, run_after=2026-07-01 00:00:00+00:00
[2026-06-29T18:36:51.893+0000] {processor.py:208} INFO - Processing /opt/airflow/dags/urban_data_pipeline_dag.py took 0.363 seconds
[2026-06-29T18:37:22.474+0000] {processor.py:186} INFO - Started process (PID=13798) to work on /opt/airflow/dags/urban_data_pipeline_dag.py
[2026-06-29T18:37:22.476+0000] {processor.py:914} INFO - Processing file /opt/airflow/dags/urban_data_pipeline_dag.py for tasks to queue
[2026-06-29T18:37:22.479+0000] {logging_mixin.py:190} INFO - [2026-06-29T18:37:22.479+0000] {dagbag.py:588} INFO - Filling up the DagBag from /opt/airflow/dags/urban_data_pipeline_dag.py
[2026-06-29T18:37:22.622+0000] {processor.py:925} INFO - DAG(s) 'urban_data_pipeline' retrieved from /opt/airflow/dags/urban_data_pipeline_dag.py
[2026-06-29T18:37:22.672+0000] {logging_mixin.py:190} INFO - [2026-06-29T18:37:22.671+0000] {dag.py:3239} INFO - Sync 1 DAGs
[2026-06-29T18:37:22.697+0000] {logging_mixin.py:190} INFO - [2026-06-29T18:37:22.696+0000] {dag.py:4180} INFO - Setting next_dagrun for urban_data_pipeline to 2026-06-01 00:00:00+00:00, run_after=2026-07-01 00:00:00+00:00
[2026-06-29T18:37:22.723+0000] {processor.py:208} INFO - Processing /opt/airflow/dags/urban_data_pipeline_dag.py took 0.263 seconds
[2026-06-29T18:37:53.342+0000] {processor.py:186} INFO - Started process (PID=13816) to work on /opt/airflow/dags/urban_data_pipeline_dag.py
[2026-06-29T18:37:53.344+0000] {processor.py:914} INFO - Processing file /opt/airflow/dags/urban_data_pipeline_dag.py for tasks to queue
[2026-06-29T18:37:53.347+0000] {logging_mixin.py:190} INFO - [2026-06-29T18:37:53.347+0000] {dagbag.py:588} INFO - Filling up the DagBag from /opt/airflow/dags/urban_data_pipeline_dag.py
[2026-06-29T18:37:53.498+0000] {processor.py:925} INFO - DAG(s) 'urban_data_pipeline' retrieved from /opt/airflow/dags/urban_data_pipeline_dag.py
[2026-06-29T18:37:53.579+0000] {logging_mixin.py:190} INFO - [2026-06-29T18:37:53.578+0000] {dag.py:3239} INFO - Sync 1 DAGs
[2026-06-29T18:37:53.606+0000] {logging_mixin.py:190} INFO - [2026-06-29T18:37:53.606+0000] {dag.py:4180} INFO - Setting next_dagrun for urban_data_pipeline to 2026-06-01 00:00:00+00:00, run_after=2026-07-01 00:00:00+00:00
[2026-06-29T18:37:53.670+0000] {processor.py:208} INFO - Processing /opt/airflow/dags/urban_data_pipeline_dag.py took 0.334 seconds
[2026-06-29T18:38:24.370+0000] {processor.py:186} INFO - Started process (PID=13834) to work on /opt/airflow/dags/urban_data_pipeline_dag.py
[2026-06-29T18:38:24.373+0000] {processor.py:914} INFO - Processing file /opt/airflow/dags/urban_data_pipeline_dag.py for tasks to queue
[2026-06-29T18:38:24.376+0000] {logging_mixin.py:190} INFO - [2026-06-29T18:38:24.376+0000] {dagbag.py:588} INFO - Filling up the DagBag from /opt/airflow/dags/urban_data_pipeline_dag.py
[2026-06-29T18:38:24.499+0000] {processor.py:925} INFO - DAG(s) 'urban_data_pipeline' retrieved from /opt/airflow/dags/urban_data_pipeline_dag.py
[2026-06-29T18:38:24.544+0000] {logging_mixin.py:190} INFO - [2026-06-29T18:38:24.544+0000] {dag.py:3239} INFO - Sync 1 DAGs
[2026-06-29T18:38:24.569+0000] {logging_mixin.py:190} INFO - [2026-06-29T18:38:24.568+0000] {dag.py:4180} INFO - Setting next_dagrun for urban_data_pipeline to 2026-06-01 00:00:00+00:00, run_after=2026-07-01 00:00:00+00:00
[2026-06-29T18:38:24.596+0000] {processor.py:208} INFO - Processing /opt/airflow/dags/urban_data_pipeline_dag.py took 0.236 seconds
[2026-06-29T18:38:55.231+0000] {processor.py:186} INFO - Started process (PID=13852) to work on /opt/airflow/dags/urban_data_pipeline_dag.py
[2026-06-29T18:38:55.232+0000] {processor.py:914} INFO - Processing file /opt/airflow/dags/urban_data_pipeline_dag.py for tasks to queue
[2026-06-29T18:38:55.235+0000] {logging_mixin.py:190} INFO - [2026-06-29T18:38:55.235+0000] {dagbag.py:588} INFO - Filling up the DagBag from /opt/airflow/dags/urban_data_pipeline_dag.py
[2026-06-29T18:38:55.363+0000] {processor.py:925} INFO - DAG(s) 'urban_data_pipeline' retrieved from /opt/airflow/dags/urban_data_pipeline_dag.py
[2026-06-29T18:38:55.412+0000] {logging_mixin.py:190} INFO - [2026-06-29T18:38:55.412+0000] {dag.py:3239} INFO - Sync 1 DAGs
[2026-06-29T18:38:55.437+0000] {logging_mixin.py:190} INFO - [2026-06-29T18:38:55.437+0000] {dag.py:4180} INFO - Setting next_dagrun for urban_data_pipeline to 2026-06-01 00:00:00+00:00, run_after=2026-07-01 00:00:00+00:00
[2026-06-29T18:38:55.462+0000] {processor.py:208} INFO - Processing /opt/airflow/dags/urban_data_pipeline_dag.py took 0.238 seconds
[2026-06-29T18:39:25.987+0000] {processor.py:186} INFO - Started process (PID=13870) to work on /opt/airflow/dags/urban_data_pipeline_dag.py
[2026-06-29T18:39:25.988+0000] {processor.py:914} INFO - Processing file /opt/airflow/dags/urban_data_pipeline_dag.py for tasks to queue
[2026-06-29T18:39:25.992+0000] {logging_mixin.py:190} INFO - [2026-06-29T18:39:25.992+0000] {dagbag.py:588} INFO - Filling up the DagBag from /opt/airflow/dags/urban_data_pipeline_dag.py
[2026-06-29T18:39:26.122+0000] {processor.py:925} INFO - DAG(s) 'urban_data_pipeline' retrieved from /opt/airflow/dags/urban_data_pipeline_dag.py
[2026-06-29T18:39:26.174+0000] {logging_mixin.py:190} INFO - [2026-06-29T18:39:26.173+0000] {dag.py:3239} INFO - Sync 1 DAGs
[2026-06-29T18:39:26.206+0000] {logging_mixin.py:190} INFO - [2026-06-29T18:39:26.206+0000] {dag.py:4180} INFO - Setting next_dagrun for urban_data_pipeline to 2026-06-01 00:00:00+00:00, run_after=2026-07-01 00:00:00+00:00
[2026-06-29T18:39:26.238+0000] {processor.py:208} INFO - Processing /opt/airflow/dags/urban_data_pipeline_dag.py took 0.259 seconds
[2026-06-29T18:39:56.776+0000] {processor.py:186} INFO - Started process (PID=13888) to work on /opt/airflow/dags/urban_data_pipeline_dag.py
[2026-06-29T18:39:56.777+0000] {processor.py:914} INFO - Processing file /opt/airflow/dags/urban_data_pipeline_dag.py for tasks to queue
[2026-06-29T18:39:56.780+0000] {logging_mixin.py:190} INFO - [2026-06-29T18:39:56.779+0000] {dagbag.py:588} INFO - Filling up the DagBag from /opt/airflow/dags/urban_data_pipeline_dag.py
[2026-06-29T18:39:56.912+0000] {processor.py:925} INFO - DAG(s) 'urban_data_pipeline' retrieved from /opt/airflow/dags/urban_data_pipeline_dag.py
[2026-06-29T18:39:56.973+0000] {logging_mixin.py:190} INFO - [2026-06-29T18:39:56.973+0000] {dag.py:3239} INFO - Sync 1 DAGs
[2026-06-29T18:39:56.999+0000] {logging_mixin.py:190} INFO - [2026-06-29T18:39:56.999+0000] {dag.py:4180} INFO - Setting next_dagrun for urban_data_pipeline to 2026-06-01 00:00:00+00:00, run_after=2026-07-01 00:00:00+00:00
[2026-06-29T18:39:57.028+0000] {processor.py:208} INFO - Processing /opt/airflow/dags/urban_data_pipeline_dag.py took 0.259 seconds
[2026-06-29T18:40:27.679+0000] {processor.py:186} INFO - Started process (PID=13906) to work on /opt/airflow/dags/urban_data_pipeline_dag.py
[2026-06-29T18:40:27.681+0000] {processor.py:914} INFO - Processing file /opt/airflow/dags/urban_data_pipeline_dag.py for tasks to queue
[2026-06-29T18:40:27.685+0000] {logging_mixin.py:190} INFO - [2026-06-29T18:40:27.685+0000] {dagbag.py:588} INFO - Filling up the DagBag from /opt/airflow/dags/urban_data_pipeline_dag.py
[2026-06-29T18:40:27.849+0000] {processor.py:925} INFO - DAG(s) 'urban_data_pipeline' retrieved from /opt/airflow/dags/urban_data_pipeline_dag.py
[2026-06-29T18:40:27.896+0000] {logging_mixin.py:190} INFO - [2026-06-29T18:40:27.895+0000] {dag.py:3239} INFO - Sync 1 DAGs
[2026-06-29T18:40:27.922+0000] {logging_mixin.py:190} INFO - [2026-06-29T18:40:27.922+0000] {dag.py:4180} INFO - Setting next_dagrun for urban_data_pipeline to 2026-06-01 00:00:00+00:00, run_after=2026-07-01 00:00:00+00:00
[2026-06-29T18:40:27.986+0000] {processor.py:208} INFO - Processing /opt/airflow/dags/urban_data_pipeline_dag.py took 0.319 seconds
[2026-06-29T18:40:58.573+0000] {processor.py:186} INFO - Started process (PID=13923) to work on /opt/airflow/dags/urban_data_pipeline_dag.py
[2026-06-29T18:40:58.574+0000] {processor.py:914} INFO - Processing file /opt/airflow/dags/urban_data_pipeline_dag.py for tasks to queue
[2026-06-29T18:40:58.577+0000] {logging_mixin.py:190} INFO - [2026-06-29T18:40:58.576+0000] {dagbag.py:588} INFO - Filling up the DagBag from /opt/airflow/dags/urban_data_pipeline_dag.py
[2026-06-29T18:40:58.702+0000] {processor.py:925} INFO - DAG(s) 'urban_data_pipeline' retrieved from /opt/airflow/dags/urban_data_pipeline_dag.py
[2026-06-29T18:40:58.752+0000] {logging_mixin.py:190} INFO - [2026-06-29T18:40:58.751+0000] {dag.py:3239} INFO - Sync 1 DAGs
[2026-06-29T18:40:58.779+0000] {logging_mixin.py:190} INFO - [2026-06-29T18:40:58.779+0000] {dag.py:4180} INFO - Setting next_dagrun for urban_data_pipeline to 2026-06-01 00:00:00+00:00, run_after=2026-07-01 00:00:00+00:00
[2026-06-29T18:40:58.801+0000] {processor.py:208} INFO - Processing /opt/airflow/dags/urban_data_pipeline_dag.py took 0.234 seconds
[2026-06-29T18:41:29.456+0000] {processor.py:186} INFO - Started process (PID=13934) to work on /opt/airflow/dags/urban_data_pipeline_dag.py
[2026-06-29T18:41:29.458+0000] {processor.py:914} INFO - Processing file /opt/airflow/dags/urban_data_pipeline_dag.py for tasks to queue
[2026-06-29T18:41:29.461+0000] {logging_mixin.py:190} INFO - [2026-06-29T18:41:29.461+0000] {dagbag.py:588} INFO - Filling up the DagBag from /opt/airflow/dags/urban_data_pipeline_dag.py
[2026-06-29T18:41:29.594+0000] {processor.py:925} INFO - DAG(s) 'urban_data_pipeline' retrieved from /opt/airflow/dags/urban_data_pipeline_dag.py
[2026-06-29T18:41:29.640+0000] {logging_mixin.py:190} INFO - [2026-06-29T18:41:29.640+0000] {dag.py:3239} INFO - Sync 1 DAGs
[2026-06-29T18:41:29.666+0000] {logging_mixin.py:190} INFO - [2026-06-29T18:41:29.666+0000] {dag.py:4180} INFO - Setting next_dagrun for urban_data_pipeline to 2026-06-01 00:00:00+00:00, run_after=2026-07-01 00:00:00+00:00
[2026-06-29T18:41:29.694+0000] {processor.py:208} INFO - Processing /opt/airflow/dags/urban_data_pipeline_dag.py took 0.246 seconds
[2026-06-29T18:42:00.265+0000] {processor.py:186} INFO - Started process (PID=13952) to work on /opt/airflow/dags/urban_data_pipeline_dag.py
[2026-06-29T18:42:00.267+0000] {processor.py:914} INFO - Processing file /opt/airflow/dags/urban_data_pipeline_dag.py for tasks to queue
[2026-06-29T18:42:00.270+0000] {logging_mixin.py:190} INFO - [2026-06-29T18:42:00.270+0000] {dagbag.py:588} INFO - Filling up the DagBag from /opt/airflow/dags/urban_data_pipeline_dag.py
[2026-06-29T18:42:00.394+0000] {processor.py:925} INFO - DAG(s) 'urban_data_pipeline' retrieved from /opt/airflow/dags/urban_data_pipeline_dag.py
[2026-06-29T18:42:00.444+0000] {logging_mixin.py:190} INFO - [2026-06-29T18:42:00.443+0000] {dag.py:3239} INFO - Sync 1 DAGs
[2026-06-29T18:42:00.471+0000] {logging_mixin.py:190} INFO - [2026-06-29T18:42:00.471+0000] {dag.py:4180} INFO - Setting next_dagrun for urban_data_pipeline to 2026-06-01 00:00:00+00:00, run_after=2026-07-01 00:00:00+00:00
[2026-06-29T18:42:00.504+0000] {processor.py:208} INFO - Processing /opt/airflow/dags/urban_data_pipeline_dag.py took 0.246 seconds
[2026-06-29T18:42:31.011+0000] {processor.py:186} INFO - Started process (PID=13970) to work on /opt/airflow/dags/urban_data_pipeline_dag.py
[2026-06-29T18:42:31.014+0000] {processor.py:914} INFO - Processing file /opt/airflow/dags/urban_data_pipeline_dag.py for tasks to queue
[2026-06-29T18:42:31.017+0000] {logging_mixin.py:190} INFO - [2026-06-29T18:42:31.016+0000] {dagbag.py:588} INFO - Filling up the DagBag from /opt/airflow/dags/urban_data_pipeline_dag.py
[2026-06-29T18:42:31.204+0000] {processor.py:925} INFO - DAG(s) 'urban_data_pipeline' retrieved from /opt/airflow/dags/urban_data_pipeline_dag.py
[2026-06-29T18:42:31.253+0000] {logging_mixin.py:190} INFO - [2026-06-29T18:42:31.253+0000] {dag.py:3239} INFO - Sync 1 DAGs
[2026-06-29T18:42:31.283+0000] {logging_mixin.py:190} INFO - [2026-06-29T18:42:31.283+0000] {dag.py:4180} INFO - Setting next_dagrun for urban_data_pipeline to 2026-06-01 00:00:00+00:00, run_after=2026-07-01 00:00:00+00:00
[2026-06-29T18:42:31.311+0000] {processor.py:208} INFO - Processing /opt/airflow/dags/urban_data_pipeline_dag.py took 0.306 seconds
[2026-06-29T18:43:02.116+0000] {processor.py:186} INFO - Started process (PID=13988) to work on /opt/airflow/dags/urban_data_pipeline_dag.py
[2026-06-29T18:43:02.118+0000] {processor.py:914} INFO - Processing file /opt/airflow/dags/urban_data_pipeline_dag.py for tasks to queue
[2026-06-29T18:43:02.122+0000] {logging_mixin.py:190} INFO - [2026-06-29T18:43:02.121+0000] {dagbag.py:588} INFO - Filling up the DagBag from /opt/airflow/dags/urban_data_pipeline_dag.py
[2026-06-29T18:43:02.259+0000] {processor.py:925} INFO - DAG(s) 'urban_data_pipeline' retrieved from /opt/airflow/dags/urban_data_pipeline_dag.py
[2026-06-29T18:43:02.309+0000] {logging_mixin.py:190} INFO - [2026-06-29T18:43:02.309+0000] {dag.py:3239} INFO - Sync 1 DAGs
[2026-06-29T18:43:02.337+0000] {logging_mixin.py:190} INFO - [2026-06-29T18:43:02.337+0000] {dag.py:4180} INFO - Setting next_dagrun for urban_data_pipeline to 2026-06-01 00:00:00+00:00, run_after=2026-07-01 00:00:00+00:00
[2026-06-29T18:43:02.362+0000] {processor.py:208} INFO - Processing /opt/airflow/dags/urban_data_pipeline_dag.py took 0.254 seconds
[2026-06-29T18:43:32.957+0000] {processor.py:186} INFO - Started process (PID=14006) to work on /opt/airflow/dags/urban_data_pipeline_dag.py
[2026-06-29T18:43:32.958+0000] {processor.py:914} INFO - Processing file /opt/airflow/dags/urban_data_pipeline_dag.py for tasks to queue
[2026-06-29T18:43:32.962+0000] {logging_mixin.py:190} INFO - [2026-06-29T18:43:32.961+0000] {dagbag.py:588} INFO - Filling up the DagBag from /opt/airflow/dags/urban_data_pipeline_dag.py
[2026-06-29T18:43:33.322+0000] {processor.py:925} INFO - DAG(s) 'urban_data_pipeline' retrieved from /opt/airflow/dags/urban_data_pipeline_dag.py
[2026-06-29T18:43:33.377+0000] {logging_mixin.py:190} INFO - [2026-06-29T18:43:33.377+0000] {dag.py:3239} INFO - Sync 1 DAGs
[2026-06-29T18:43:33.405+0000] {logging_mixin.py:190} INFO - [2026-06-29T18:43:33.405+0000] {dag.py:4180} INFO - Setting next_dagrun for urban_data_pipeline to 2026-06-01 00:00:00+00:00, run_after=2026-07-01 00:00:00+00:00
[2026-06-29T18:43:33.440+0000] {processor.py:208} INFO - Processing /opt/airflow/dags/urban_data_pipeline_dag.py took 0.490 seconds
[2026-06-29T18:44:03.943+0000] {processor.py:186} INFO - Started process (PID=14024) to work on /opt/airflow/dags/urban_data_pipeline_dag.py
[2026-06-29T18:44:03.945+0000] {processor.py:914} INFO - Processing file /opt/airflow/dags/urban_data_pipeline_dag.py for tasks to queue
[2026-06-29T18:44:03.948+0000] {logging_mixin.py:190} INFO - [2026-06-29T18:44:03.948+0000] {dagbag.py:588} INFO - Filling up the DagBag from /opt/airflow/dags/urban_data_pipeline_dag.py
[2026-06-29T18:44:04.230+0000] {processor.py:925} INFO - DAG(s) 'urban_data_pipeline' retrieved from /opt/airflow/dags/urban_data_pipeline_dag.py
[2026-06-29T18:44:04.289+0000] {logging_mixin.py:190} INFO - [2026-06-29T18:44:04.289+0000] {dag.py:3239} INFO - Sync 1 DAGs
[2026-06-29T18:44:04.322+0000] {logging_mixin.py:190} INFO - [2026-06-29T18:44:04.321+0000] {dag.py:4180} INFO - Setting next_dagrun for urban_data_pipeline to 2026-06-01 00:00:00+00:00, run_after=2026-07-01 00:00:00+00:00
[2026-06-29T18:44:04.353+0000] {processor.py:208} INFO - Processing /opt/airflow/dags/urban_data_pipeline_dag.py took 0.417 seconds
[2026-06-29T18:44:34.974+0000] {processor.py:186} INFO - Started process (PID=14042) to work on /opt/airflow/dags/urban_data_pipeline_dag.py
[2026-06-29T18:44:34.975+0000] {processor.py:914} INFO - Processing file /opt/airflow/dags/urban_data_pipeline_dag.py for tasks to queue
[2026-06-29T18:44:34.979+0000] {logging_mixin.py:190} INFO - [2026-06-29T18:44:34.979+0000] {dagbag.py:588} INFO - Filling up the DagBag from /opt/airflow/dags/urban_data_pipeline_dag.py
[2026-06-29T18:44:35.118+0000] {processor.py:925} INFO - DAG(s) 'urban_data_pipeline' retrieved from /opt/airflow/dags/urban_data_pipeline_dag.py
[2026-06-29T18:44:35.167+0000] {logging_mixin.py:190} INFO - [2026-06-29T18:44:35.166+0000] {dag.py:3239} INFO - Sync 1 DAGs
[2026-06-29T18:44:35.195+0000] {logging_mixin.py:190} INFO - [2026-06-29T18:44:35.195+0000] {dag.py:4180} INFO - Setting next_dagrun for urban_data_pipeline to 2026-06-01 00:00:00+00:00, run_after=2026-07-01 00:00:00+00:00
[2026-06-29T18:44:35.224+0000] {processor.py:208} INFO - Processing /opt/airflow/dags/urban_data_pipeline_dag.py took 0.259 seconds
[2026-06-29T18:45:05.985+0000] {processor.py:186} INFO - Started process (PID=14060) to work on /opt/airflow/dags/urban_data_pipeline_dag.py
[2026-06-29T18:45:05.987+0000] {processor.py:914} INFO - Processing file /opt/airflow/dags/urban_data_pipeline_dag.py for tasks to queue
[2026-06-29T18:45:05.991+0000] {logging_mixin.py:190} INFO - [2026-06-29T18:45:05.991+0000] {dagbag.py:588} INFO - Filling up the DagBag from /opt/airflow/dags/urban_data_pipeline_dag.py
[2026-06-29T18:45:06.151+0000] {processor.py:925} INFO - DAG(s) 'urban_data_pipeline' retrieved from /opt/airflow/dags/urban_data_pipeline_dag.py
[2026-06-29T18:45:06.207+0000] {logging_mixin.py:190} INFO - [2026-06-29T18:45:06.206+0000] {dag.py:3239} INFO - Sync 1 DAGs
[2026-06-29T18:45:06.241+0000] {logging_mixin.py:190} INFO - [2026-06-29T18:45:06.240+0000] {dag.py:4180} INFO - Setting next_dagrun for urban_data_pipeline to 2026-06-01 00:00:00+00:00, run_after=2026-07-01 00:00:00+00:00
[2026-06-29T18:45:06.269+0000] {processor.py:208} INFO - Processing /opt/airflow/dags/urban_data_pipeline_dag.py took 0.294 seconds
[2026-06-29T18:45:36.913+0000] {processor.py:186} INFO - Started process (PID=14078) to work on /opt/airflow/dags/urban_data_pipeline_dag.py
[2026-06-29T18:45:36.915+0000] {processor.py:914} INFO - Processing file /opt/airflow/dags/urban_data_pipeline_dag.py for tasks to queue
[2026-06-29T18:45:36.917+0000] {logging_mixin.py:190} INFO - [2026-06-29T18:45:36.917+0000] {dagbag.py:588} INFO - Filling up the DagBag from /opt/airflow/dags/urban_data_pipeline_dag.py
[2026-06-29T18:45:37.034+0000] {processor.py:925} INFO - DAG(s) 'urban_data_pipeline' retrieved from /opt/airflow/dags/urban_data_pipeline_dag.py
[2026-06-29T18:45:37.086+0000] {logging_mixin.py:190} INFO - [2026-06-29T18:45:37.085+0000] {dag.py:3239} INFO - Sync 1 DAGs
[2026-06-29T18:45:37.112+0000] {logging_mixin.py:190} INFO - [2026-06-29T18:45:37.112+0000] {dag.py:4180} INFO - Setting next_dagrun for urban_data_pipeline to 2026-06-01 00:00:00+00:00, run_after=2026-07-01 00:00:00+00:00
[2026-06-29T18:45:37.142+0000] {processor.py:208} INFO - Processing /opt/airflow/dags/urban_data_pipeline_dag.py took 0.237 seconds
[2026-06-29T18:46:07.872+0000] {processor.py:186} INFO - Started process (PID=14095) to work on /opt/airflow/dags/urban_data_pipeline_dag.py
[2026-06-29T18:46:07.874+0000] {processor.py:914} INFO - Processing file /opt/airflow/dags/urban_data_pipeline_dag.py for tasks to queue
[2026-06-29T18:46:07.879+0000] {logging_mixin.py:190} INFO - [2026-06-29T18:46:07.878+0000] {dagbag.py:588} INFO - Filling up the DagBag from /opt/airflow/dags/urban_data_pipeline_dag.py
[2026-06-29T18:46:08.015+0000] {processor.py:925} INFO - DAG(s) 'urban_data_pipeline' retrieved from /opt/airflow/dags/urban_data_pipeline_dag.py
[2026-06-29T18:46:08.061+0000] {logging_mixin.py:190} INFO - [2026-06-29T18:46:08.061+0000] {dag.py:3239} INFO - Sync 1 DAGs
[2026-06-29T18:46:08.088+0000] {logging_mixin.py:190} INFO - [2026-06-29T18:46:08.087+0000] {dag.py:4180} INFO - Setting next_dagrun for urban_data_pipeline to 2026-06-01 00:00:00+00:00, run_after=2026-07-01 00:00:00+00:00
[2026-06-29T18:46:08.112+0000] {processor.py:208} INFO - Processing /opt/airflow/dags/urban_data_pipeline_dag.py took 0.253 seconds
[2026-06-29T18:46:38.628+0000] {processor.py:186} INFO - Started process (PID=14106) to work on /opt/airflow/dags/urban_data_pipeline_dag.py
[2026-06-29T18:46:38.629+0000] {processor.py:914} INFO - Processing file /opt/airflow/dags/urban_data_pipeline_dag.py for tasks to queue
[2026-06-29T18:46:38.632+0000] {logging_mixin.py:190} INFO - [2026-06-29T18:46:38.631+0000] {dagbag.py:588} INFO - Filling up the DagBag from /opt/airflow/dags/urban_data_pipeline_dag.py
[2026-06-29T18:46:38.753+0000] {processor.py:925} INFO - DAG(s) 'urban_data_pipeline' retrieved from /opt/airflow/dags/urban_data_pipeline_dag.py
[2026-06-29T18:46:38.799+0000] {logging_mixin.py:190} INFO - [2026-06-29T18:46:38.798+0000] {dag.py:3239} INFO - Sync 1 DAGs
[2026-06-29T18:46:38.824+0000] {logging_mixin.py:190} INFO - [2026-06-29T18:46:38.824+0000] {dag.py:4180} INFO - Setting next_dagrun for urban_data_pipeline to 2026-06-01 00:00:00+00:00, run_after=2026-07-01 00:00:00+00:00
[2026-06-29T18:46:38.847+0000] {processor.py:208} INFO - Processing /opt/airflow/dags/urban_data_pipeline_dag.py took 0.226 seconds
[2026-06-29T18:47:09.257+0000] {processor.py:186} INFO - Started process (PID=14124) to work on /opt/airflow/dags/urban_data_pipeline_dag.py
[2026-06-29T18:47:09.259+0000] {processor.py:914} INFO - Processing file /opt/airflow/dags/urban_data_pipeline_dag.py for tasks to queue
[2026-06-29T18:47:09.263+0000] {logging_mixin.py:190} INFO - [2026-06-29T18:47:09.263+0000] {dagbag.py:588} INFO - Filling up the DagBag from /opt/airflow/dags/urban_data_pipeline_dag.py
[2026-06-29T18:47:09.385+0000] {processor.py:925} INFO - DAG(s) 'urban_data_pipeline' retrieved from /opt/airflow/dags/urban_data_pipeline_dag.py
[2026-06-29T18:47:09.434+0000] {logging_mixin.py:190} INFO - [2026-06-29T18:47:09.434+0000] {dag.py:3239} INFO - Sync 1 DAGs
[2026-06-29T18:47:09.469+0000] {logging_mixin.py:190} INFO - [2026-06-29T18:47:09.468+0000] {dag.py:4180} INFO - Setting next_dagrun for urban_data_pipeline to 2026-06-01 00:00:00+00:00, run_after=2026-07-01 00:00:00+00:00
[2026-06-29T18:47:09.502+0000] {processor.py:208} INFO - Processing /opt/airflow/dags/urban_data_pipeline_dag.py took 0.250 seconds
[2026-06-29T18:47:39.958+0000] {processor.py:186} INFO - Started process (PID=14142) to work on /opt/airflow/dags/urban_data_pipeline_dag.py
[2026-06-29T18:47:39.960+0000] {processor.py:914} INFO - Processing file /opt/airflow/dags/urban_data_pipeline_dag.py for tasks to queue
[2026-06-29T18:47:39.963+0000] {logging_mixin.py:190} INFO - [2026-06-29T18:47:39.963+0000] {dagbag.py:588} INFO - Filling up the DagBag from /opt/airflow/dags/urban_data_pipeline_dag.py
[2026-06-29T18:47:40.091+0000] {processor.py:925} INFO - DAG(s) 'urban_data_pipeline' retrieved from /opt/airflow/dags/urban_data_pipeline_dag.py
[2026-06-29T18:47:40.137+0000] {logging_mixin.py:190} INFO - [2026-06-29T18:47:40.137+0000] {dag.py:3239} INFO - Sync 1 DAGs
[2026-06-29T18:47:40.166+0000] {logging_mixin.py:190} INFO - [2026-06-29T18:47:40.165+0000] {dag.py:4180} INFO - Setting next_dagrun for urban_data_pipeline to 2026-06-01 00:00:00+00:00, run_after=2026-07-01 00:00:00+00:00
[2026-06-29T18:47:40.191+0000] {processor.py:208} INFO - Processing /opt/airflow/dags/urban_data_pipeline_dag.py took 0.242 seconds
[2026-06-29T18:48:10.596+0000] {processor.py:186} INFO - Started process (PID=14160) to work on /opt/airflow/dags/urban_data_pipeline_dag.py
[2026-06-29T18:48:10.597+0000] {processor.py:914} INFO - Processing file /opt/airflow/dags/urban_data_pipeline_dag.py for tasks to queue
[2026-06-29T18:48:10.600+0000] {logging_mixin.py:190} INFO - [2026-06-29T18:48:10.599+0000] {dagbag.py:588} INFO - Filling up the DagBag from /opt/airflow/dags/urban_data_pipeline_dag.py
[2026-06-29T18:48:10.734+0000] {processor.py:925} INFO - DAG(s) 'urban_data_pipeline' retrieved from /opt/airflow/dags/urban_data_pipeline_dag.py
[2026-06-29T18:48:10.781+0000] {logging_mixin.py:190} INFO - [2026-06-29T18:48:10.780+0000] {dag.py:3239} INFO - Sync 1 DAGs
[2026-06-29T18:48:10.810+0000] {logging_mixin.py:190} INFO - [2026-06-29T18:48:10.810+0000] {dag.py:4180} INFO - Setting next_dagrun for urban_data_pipeline to 2026-06-01 00:00:00+00:00, run_after=2026-07-01 00:00:00+00:00
[2026-06-29T18:48:10.836+0000] {processor.py:208} INFO - Processing /opt/airflow/dags/urban_data_pipeline_dag.py took 0.247 seconds
[2026-06-29T18:48:41.452+0000] {processor.py:186} INFO - Started process (PID=14178) to work on /opt/airflow/dags/urban_data_pipeline_dag.py
[2026-06-29T18:48:41.456+0000] {processor.py:914} INFO - Processing file /opt/airflow/dags/urban_data_pipeline_dag.py for tasks to queue
[2026-06-29T18:48:41.459+0000] {logging_mixin.py:190} INFO - [2026-06-29T18:48:41.459+0000] {dagbag.py:588} INFO - Filling up the DagBag from /opt/airflow/dags/urban_data_pipeline_dag.py
[2026-06-29T18:48:41.606+0000] {processor.py:925} INFO - DAG(s) 'urban_data_pipeline' retrieved from /opt/airflow/dags/urban_data_pipeline_dag.py
[2026-06-29T18:48:41.657+0000] {logging_mixin.py:190} INFO - [2026-06-29T18:48:41.656+0000] {dag.py:3239} INFO - Sync 1 DAGs
[2026-06-29T18:48:41.682+0000] {logging_mixin.py:190} INFO - [2026-06-29T18:48:41.682+0000] {dag.py:4180} INFO - Setting next_dagrun for urban_data_pipeline to 2026-06-01 00:00:00+00:00, run_after=2026-07-01 00:00:00+00:00
[2026-06-29T18:48:41.709+0000] {processor.py:208} INFO - Processing /opt/airflow/dags/urban_data_pipeline_dag.py took 0.272 seconds
[2026-06-29T18:49:12.310+0000] {processor.py:186} INFO - Started process (PID=14196) to work on /opt/airflow/dags/urban_data_pipeline_dag.py
[2026-06-29T18:49:12.311+0000] {processor.py:914} INFO - Processing file /opt/airflow/dags/urban_data_pipeline_dag.py for tasks to queue
[2026-06-29T18:49:12.315+0000] {logging_mixin.py:190} INFO - [2026-06-29T18:49:12.315+0000] {dagbag.py:588} INFO - Filling up the DagBag from /opt/airflow/dags/urban_data_pipeline_dag.py
[2026-06-29T18:49:12.582+0000] {processor.py:925} INFO - DAG(s) 'urban_data_pipeline' retrieved from /opt/airflow/dags/urban_data_pipeline_dag.py
[2026-06-29T18:49:12.626+0000] {logging_mixin.py:190} INFO - [2026-06-29T18:49:12.625+0000] {dag.py:3239} INFO - Sync 1 DAGs
[2026-06-29T18:49:12.652+0000] {logging_mixin.py:190} INFO - [2026-06-29T18:49:12.652+0000] {dag.py:4180} INFO - Setting next_dagrun for urban_data_pipeline to 2026-06-01 00:00:00+00:00, run_after=2026-07-01 00:00:00+00:00
[2026-06-29T18:49:12.678+0000] {processor.py:208} INFO - Processing /opt/airflow/dags/urban_data_pipeline_dag.py took 0.383 seconds
[2026-06-29T18:49:43.463+0000] {processor.py:186} INFO - Started process (PID=14214) to work on /opt/airflow/dags/urban_data_pipeline_dag.py
[2026-06-29T18:49:43.465+0000] {processor.py:914} INFO - Processing file /opt/airflow/dags/urban_data_pipeline_dag.py for tasks to queue
[2026-06-29T18:49:43.474+0000] {logging_mixin.py:190} INFO - [2026-06-29T18:49:43.473+0000] {dagbag.py:588} INFO - Filling up the DagBag from /opt/airflow/dags/urban_data_pipeline_dag.py
[2026-06-29T18:49:43.602+0000] {processor.py:925} INFO - DAG(s) 'urban_data_pipeline' retrieved from /opt/airflow/dags/urban_data_pipeline_dag.py
[2026-06-29T18:49:43.648+0000] {logging_mixin.py:190} INFO - [2026-06-29T18:49:43.648+0000] {dag.py:3239} INFO - Sync 1 DAGs
[2026-06-29T18:49:43.685+0000] {logging_mixin.py:190} INFO - [2026-06-29T18:49:43.685+0000] {dag.py:4180} INFO - Setting next_dagrun for urban_data_pipeline to 2026-06-01 00:00:00+00:00, run_after=2026-07-01 00:00:00+00:00
[2026-06-29T18:49:43.764+0000] {processor.py:208} INFO - Processing /opt/airflow/dags/urban_data_pipeline_dag.py took 0.316 seconds
[2026-06-29T18:50:14.412+0000] {processor.py:186} INFO - Started process (PID=14232) to work on /opt/airflow/dags/urban_data_pipeline_dag.py
[2026-06-29T18:50:14.418+0000] {processor.py:914} INFO - Processing file /opt/airflow/dags/urban_data_pipeline_dag.py for tasks to queue
[2026-06-29T18:50:14.430+0000] {logging_mixin.py:190} INFO - [2026-06-29T18:50:14.429+0000] {dagbag.py:588} INFO - Filling up the DagBag from /opt/airflow/dags/urban_data_pipeline_dag.py
[2026-06-29T18:50:14.594+0000] {processor.py:925} INFO - DAG(s) 'urban_data_pipeline' retrieved from /opt/airflow/dags/urban_data_pipeline_dag.py
[2026-06-29T18:50:14.640+0000] {logging_mixin.py:190} INFO - [2026-06-29T18:50:14.639+0000] {dag.py:3239} INFO - Sync 1 DAGs
[2026-06-29T18:50:14.667+0000] {logging_mixin.py:190} INFO - [2026-06-29T18:50:14.666+0000] {dag.py:4180} INFO - Setting next_dagrun for urban_data_pipeline to 2026-06-01 00:00:00+00:00, run_after=2026-07-01 00:00:00+00:00
[2026-06-29T18:50:14.690+0000] {processor.py:208} INFO - Processing /opt/airflow/dags/urban_data_pipeline_dag.py took 0.302 seconds
[2026-06-29T18:50:45.499+0000] {processor.py:186} INFO - Started process (PID=14250) to work on /opt/airflow/dags/urban_data_pipeline_dag.py
[2026-06-29T18:50:45.501+0000] {processor.py:914} INFO - Processing file /opt/airflow/dags/urban_data_pipeline_dag.py for tasks to queue
[2026-06-29T18:50:45.504+0000] {logging_mixin.py:190} INFO - [2026-06-29T18:50:45.504+0000] {dagbag.py:588} INFO - Filling up the DagBag from /opt/airflow/dags/urban_data_pipeline_dag.py
[2026-06-29T18:50:45.628+0000] {processor.py:925} INFO - DAG(s) 'urban_data_pipeline' retrieved from /opt/airflow/dags/urban_data_pipeline_dag.py
[2026-06-29T18:50:45.673+0000] {logging_mixin.py:190} INFO - [2026-06-29T18:50:45.673+0000] {dag.py:3239} INFO - Sync 1 DAGs
[2026-06-29T18:50:45.704+0000] {logging_mixin.py:190} INFO - [2026-06-29T18:50:45.704+0000] {dag.py:4180} INFO - Setting next_dagrun for urban_data_pipeline to 2026-06-01 00:00:00+00:00, run_after=2026-07-01 00:00:00+00:00
[2026-06-29T18:50:45.731+0000] {processor.py:208} INFO - Processing /opt/airflow/dags/urban_data_pipeline_dag.py took 0.241 seconds
[2026-06-29T18:51:16.297+0000] {processor.py:186} INFO - Started process (PID=14268) to work on /opt/airflow/dags/urban_data_pipeline_dag.py
[2026-06-29T18:51:16.304+0000] {processor.py:914} INFO - Processing file /opt/airflow/dags/urban_data_pipeline_dag.py for tasks to queue
[2026-06-29T18:51:16.316+0000] {logging_mixin.py:190} INFO - [2026-06-29T18:51:16.315+0000] {dagbag.py:588} INFO - Filling up the DagBag from /opt/airflow/dags/urban_data_pipeline_dag.py
[2026-06-29T18:51:16.538+0000] {processor.py:925} INFO - DAG(s) 'urban_data_pipeline' retrieved from /opt/airflow/dags/urban_data_pipeline_dag.py
[2026-06-29T18:51:16.597+0000] {logging_mixin.py:190} INFO - [2026-06-29T18:51:16.597+0000] {dag.py:3239} INFO - Sync 1 DAGs
[2026-06-29T18:51:16.632+0000] {logging_mixin.py:190} INFO - [2026-06-29T18:51:16.631+0000] {dag.py:4180} INFO - Setting next_dagrun for urban_data_pipeline to 2026-06-01 00:00:00+00:00, run_after=2026-07-01 00:00:00+00:00
[2026-06-29T18:51:16.665+0000] {processor.py:208} INFO - Processing /opt/airflow/dags/urban_data_pipeline_dag.py took 0.382 seconds
[2026-06-29T18:51:47.472+0000] {processor.py:186} INFO - Started process (PID=14285) to work on /opt/airflow/dags/urban_data_pipeline_dag.py
[2026-06-29T18:51:47.473+0000] {processor.py:914} INFO - Processing file /opt/airflow/dags/urban_data_pipeline_dag.py for tasks to queue
[2026-06-29T18:51:47.478+0000] {logging_mixin.py:190} INFO - [2026-06-29T18:51:47.478+0000] {dagbag.py:588} INFO - Filling up the DagBag from /opt/airflow/dags/urban_data_pipeline_dag.py
[2026-06-29T18:51:47.607+0000] {processor.py:925} INFO - DAG(s) 'urban_data_pipeline' retrieved from /opt/airflow/dags/urban_data_pipeline_dag.py
[2026-06-29T18:51:47.659+0000] {logging_mixin.py:190} INFO - [2026-06-29T18:51:47.658+0000] {dag.py:3239} INFO - Sync 1 DAGs
[2026-06-29T18:51:47.686+0000] {logging_mixin.py:190} INFO - [2026-06-29T18:51:47.685+0000] {dag.py:4180} INFO - Setting next_dagrun for urban_data_pipeline to 2026-06-01 00:00:00+00:00, run_after=2026-07-01 00:00:00+00:00
[2026-06-29T18:51:47.709+0000] {processor.py:208} INFO - Processing /opt/airflow/dags/urban_data_pipeline_dag.py took 0.248 seconds
[2026-06-29T18:52:18.284+0000] {processor.py:186} INFO - Started process (PID=14296) to work on /opt/airflow/dags/urban_data_pipeline_dag.py
[2026-06-29T18:52:18.286+0000] {processor.py:914} INFO - Processing file /opt/airflow/dags/urban_data_pipeline_dag.py for tasks to queue
[2026-06-29T18:52:18.291+0000] {logging_mixin.py:190} INFO - [2026-06-29T18:52:18.290+0000] {dagbag.py:588} INFO - Filling up the DagBag from /opt/airflow/dags/urban_data_pipeline_dag.py
[2026-06-29T18:52:18.420+0000] {processor.py:925} INFO - DAG(s) 'urban_data_pipeline' retrieved from /opt/airflow/dags/urban_data_pipeline_dag.py
[2026-06-29T18:52:18.463+0000] {logging_mixin.py:190} INFO - [2026-06-29T18:52:18.463+0000] {dag.py:3239} INFO - Sync 1 DAGs
[2026-06-29T18:52:18.488+0000] {logging_mixin.py:190} INFO - [2026-06-29T18:52:18.488+0000] {dag.py:4180} INFO - Setting next_dagrun for urban_data_pipeline to 2026-06-01 00:00:00+00:00, run_after=2026-07-01 00:00:00+00:00
[2026-06-29T18:52:18.515+0000] {processor.py:208} INFO - Processing /opt/airflow/dags/urban_data_pipeline_dag.py took 0.241 seconds
[2026-06-29T18:52:49.225+0000] {processor.py:186} INFO - Started process (PID=14314) to work on /opt/airflow/dags/urban_data_pipeline_dag.py
[2026-06-29T18:52:49.226+0000] {processor.py:914} INFO - Processing file /opt/airflow/dags/urban_data_pipeline_dag.py for tasks to queue
[2026-06-29T18:52:49.230+0000] {logging_mixin.py:190} INFO - [2026-06-29T18:52:49.230+0000] {dagbag.py:588} INFO - Filling up the DagBag from /opt/airflow/dags/urban_data_pipeline_dag.py
[2026-06-29T18:52:49.389+0000] {processor.py:925} INFO - DAG(s) 'urban_data_pipeline' retrieved from /opt/airflow/dags/urban_data_pipeline_dag.py
[2026-06-29T18:52:49.435+0000] {logging_mixin.py:190} INFO - [2026-06-29T18:52:49.435+0000] {dag.py:3239} INFO - Sync 1 DAGs
[2026-06-29T18:52:49.459+0000] {logging_mixin.py:190} INFO - [2026-06-29T18:52:49.459+0000] {dag.py:4180} INFO - Setting next_dagrun for urban_data_pipeline to 2026-06-01 00:00:00+00:00, run_after=2026-07-01 00:00:00+00:00
[2026-06-29T18:52:49.486+0000] {processor.py:208} INFO - Processing /opt/airflow/dags/urban_data_pipeline_dag.py took 0.269 seconds
[2026-06-29T18:53:20.317+0000] {processor.py:186} INFO - Started process (PID=14332) to work on /opt/airflow/dags/urban_data_pipeline_dag.py
[2026-06-29T18:53:20.319+0000] {processor.py:914} INFO - Processing file /opt/airflow/dags/urban_data_pipeline_dag.py for tasks to queue
[2026-06-29T18:53:20.323+0000] {logging_mixin.py:190} INFO - [2026-06-29T18:53:20.323+0000] {dagbag.py:588} INFO - Filling up the DagBag from /opt/airflow/dags/urban_data_pipeline_dag.py
[2026-06-29T18:53:20.451+0000] {processor.py:925} INFO - DAG(s) 'urban_data_pipeline' retrieved from /opt/airflow/dags/urban_data_pipeline_dag.py
[2026-06-29T18:53:20.498+0000] {logging_mixin.py:190} INFO - [2026-06-29T18:53:20.498+0000] {dag.py:3239} INFO - Sync 1 DAGs
[2026-06-29T18:53:20.524+0000] {logging_mixin.py:190} INFO - [2026-06-29T18:53:20.524+0000] {dag.py:4180} INFO - Setting next_dagrun for urban_data_pipeline to 2026-06-01 00:00:00+00:00, run_after=2026-07-01 00:00:00+00:00
[2026-06-29T18:53:20.558+0000] {processor.py:208} INFO - Processing /opt/airflow/dags/urban_data_pipeline_dag.py took 0.251 seconds
[2026-06-29T18:53:51.142+0000] {processor.py:186} INFO - Started process (PID=14351) to work on /opt/airflow/dags/urban_data_pipeline_dag.py
[2026-06-29T18:53:51.145+0000] {processor.py:914} INFO - Processing file /opt/airflow/dags/urban_data_pipeline_dag.py for tasks to queue
[2026-06-29T18:53:51.152+0000] {logging_mixin.py:190} INFO - [2026-06-29T18:53:51.151+0000] {dagbag.py:588} INFO - Filling up the DagBag from /opt/airflow/dags/urban_data_pipeline_dag.py
[2026-06-29T18:53:51.288+0000] {processor.py:925} INFO - DAG(s) 'urban_data_pipeline' retrieved from /opt/airflow/dags/urban_data_pipeline_dag.py
[2026-06-29T18:53:51.331+0000] {logging_mixin.py:190} INFO - [2026-06-29T18:53:51.331+0000] {dag.py:3239} INFO - Sync 1 DAGs
[2026-06-29T18:53:51.355+0000] {logging_mixin.py:190} INFO - [2026-06-29T18:53:51.355+0000] {dag.py:4180} INFO - Setting next_dagrun for urban_data_pipeline to 2026-06-01 00:00:00+00:00, run_after=2026-07-01 00:00:00+00:00
[2026-06-29T18:53:51.382+0000] {processor.py:208} INFO - Processing /opt/airflow/dags/urban_data_pipeline_dag.py took 0.259 seconds
[2026-06-29T18:54:22.187+0000] {processor.py:186} INFO - Started process (PID=14369) to work on /opt/airflow/dags/urban_data_pipeline_dag.py
[2026-06-29T18:54:22.189+0000] {processor.py:914} INFO - Processing file /opt/airflow/dags/urban_data_pipeline_dag.py for tasks to queue
[2026-06-29T18:54:22.192+0000] {logging_mixin.py:190} INFO - [2026-06-29T18:54:22.191+0000] {dagbag.py:588} INFO - Filling up the DagBag from /opt/airflow/dags/urban_data_pipeline_dag.py
[2026-06-29T18:54:22.337+0000] {processor.py:925} INFO - DAG(s) 'urban_data_pipeline' retrieved from /opt/airflow/dags/urban_data_pipeline_dag.py
[2026-06-29T18:54:22.386+0000] {logging_mixin.py:190} INFO - [2026-06-29T18:54:22.386+0000] {dag.py:3239} INFO - Sync 1 DAGs
[2026-06-29T18:54:22.411+0000] {logging_mixin.py:190} INFO - [2026-06-29T18:54:22.411+0000] {dag.py:4180} INFO - Setting next_dagrun for urban_data_pipeline to 2026-06-01 00:00:00+00:00, run_after=2026-07-01 00:00:00+00:00
[2026-06-29T18:54:22.454+0000] {processor.py:208} INFO - Processing /opt/airflow/dags/urban_data_pipeline_dag.py took 0.276 seconds
[2026-06-29T18:54:52.989+0000] {processor.py:186} INFO - Started process (PID=14387) to work on /opt/airflow/dags/urban_data_pipeline_dag.py
[2026-06-29T18:54:52.991+0000] {processor.py:914} INFO - Processing file /opt/airflow/dags/urban_data_pipeline_dag.py for tasks to queue
[2026-06-29T18:54:52.998+0000] {logging_mixin.py:190} INFO - [2026-06-29T18:54:52.998+0000] {dagbag.py:588} INFO - Filling up the DagBag from /opt/airflow/dags/urban_data_pipeline_dag.py
[2026-06-29T18:54:53.143+0000] {processor.py:925} INFO - DAG(s) 'urban_data_pipeline' retrieved from /opt/airflow/dags/urban_data_pipeline_dag.py
[2026-06-29T18:54:53.187+0000] {logging_mixin.py:190} INFO - [2026-06-29T18:54:53.186+0000] {dag.py:3239} INFO - Sync 1 DAGs
[2026-06-29T18:54:53.213+0000] {logging_mixin.py:190} INFO - [2026-06-29T18:54:53.213+0000] {dag.py:4180} INFO - Setting next_dagrun for urban_data_pipeline to 2026-06-01 00:00:00+00:00, run_after=2026-07-01 00:00:00+00:00
[2026-06-29T18:54:53.238+0000] {processor.py:208} INFO - Processing /opt/airflow/dags/urban_data_pipeline_dag.py took 0.261 seconds
[2026-06-29T18:55:24.065+0000] {processor.py:186} INFO - Started process (PID=14405) to work on /opt/airflow/dags/urban_data_pipeline_dag.py
[2026-06-29T18:55:24.067+0000] {processor.py:914} INFO - Processing file /opt/airflow/dags/urban_data_pipeline_dag.py for tasks to queue
[2026-06-29T18:55:24.072+0000] {logging_mixin.py:190} INFO - [2026-06-29T18:55:24.071+0000] {dagbag.py:588} INFO - Filling up the DagBag from /opt/airflow/dags/urban_data_pipeline_dag.py
[2026-06-29T18:55:24.183+0000] {processor.py:925} INFO - DAG(s) 'urban_data_pipeline' retrieved from /opt/airflow/dags/urban_data_pipeline_dag.py
[2026-06-29T18:55:24.229+0000] {logging_mixin.py:190} INFO - [2026-06-29T18:55:24.229+0000] {dag.py:3239} INFO - Sync 1 DAGs
[2026-06-29T18:55:24.254+0000] {logging_mixin.py:190} INFO - [2026-06-29T18:55:24.253+0000] {dag.py:4180} INFO - Setting next_dagrun for urban_data_pipeline to 2026-06-01 00:00:00+00:00, run_after=2026-07-01 00:00:00+00:00
[2026-06-29T18:55:24.279+0000] {processor.py:208} INFO - Processing /opt/airflow/dags/urban_data_pipeline_dag.py took 0.226 seconds
[2026-06-29T18:55:54.959+0000] {processor.py:186} INFO - Started process (PID=14423) to work on /opt/airflow/dags/urban_data_pipeline_dag.py
[2026-06-29T18:55:54.960+0000] {processor.py:914} INFO - Processing file /opt/airflow/dags/urban_data_pipeline_dag.py for tasks to queue
[2026-06-29T18:55:54.963+0000] {logging_mixin.py:190} INFO - [2026-06-29T18:55:54.963+0000] {dagbag.py:588} INFO - Filling up the DagBag from /opt/airflow/dags/urban_data_pipeline_dag.py
[2026-06-29T18:55:55.081+0000] {processor.py:925} INFO - DAG(s) 'urban_data_pipeline' retrieved from /opt/airflow/dags/urban_data_pipeline_dag.py
[2026-06-29T18:55:55.126+0000] {logging_mixin.py:190} INFO - [2026-06-29T18:55:55.126+0000] {dag.py:3239} INFO - Sync 1 DAGs
[2026-06-29T18:55:55.150+0000] {logging_mixin.py:190} INFO - [2026-06-29T18:55:55.150+0000] {dag.py:4180} INFO - Setting next_dagrun for urban_data_pipeline to 2026-06-01 00:00:00+00:00, run_after=2026-07-01 00:00:00+00:00
[2026-06-29T18:55:55.173+0000] {processor.py:208} INFO - Processing /opt/airflow/dags/urban_data_pipeline_dag.py took 0.220 seconds
[2026-06-29T18:56:25.753+0000] {processor.py:186} INFO - Started process (PID=14441) to work on /opt/airflow/dags/urban_data_pipeline_dag.py
[2026-06-29T18:56:25.755+0000] {processor.py:914} INFO - Processing file /opt/airflow/dags/urban_data_pipeline_dag.py for tasks to queue
[2026-06-29T18:56:25.758+0000] {logging_mixin.py:190} INFO - [2026-06-29T18:56:25.758+0000] {dagbag.py:588} INFO - Filling up the DagBag from /opt/airflow/dags/urban_data_pipeline_dag.py
[2026-06-29T18:56:26.096+0000] {processor.py:925} INFO - DAG(s) 'urban_data_pipeline' retrieved from /opt/airflow/dags/urban_data_pipeline_dag.py
[2026-06-29T18:56:26.141+0000] {logging_mixin.py:190} INFO - [2026-06-29T18:56:26.141+0000] {dag.py:3239} INFO - Sync 1 DAGs
[2026-06-29T18:56:26.164+0000] {logging_mixin.py:190} INFO - [2026-06-29T18:56:26.164+0000] {dag.py:4180} INFO - Setting next_dagrun for urban_data_pipeline to 2026-06-01 00:00:00+00:00, run_after=2026-07-01 00:00:00+00:00
[2026-06-29T18:56:26.189+0000] {processor.py:208} INFO - Processing /opt/airflow/dags/urban_data_pipeline_dag.py took 0.444 seconds
[2026-06-29T18:56:56.396+0000] {processor.py:186} INFO - Started process (PID=14460) to work on /opt/airflow/dags/urban_data_pipeline_dag.py
[2026-06-29T18:56:56.399+0000] {processor.py:914} INFO - Processing file /opt/airflow/dags/urban_data_pipeline_dag.py for tasks to queue
[2026-06-29T18:56:56.404+0000] {logging_mixin.py:190} INFO - [2026-06-29T18:56:56.403+0000] {dagbag.py:588} INFO - Filling up the DagBag from /opt/airflow/dags/urban_data_pipeline_dag.py
[2026-06-29T18:56:56.548+0000] {processor.py:925} INFO - DAG(s) 'urban_data_pipeline' retrieved from /opt/airflow/dags/urban_data_pipeline_dag.py
[2026-06-29T18:56:56.593+0000] {logging_mixin.py:190} INFO - [2026-06-29T18:56:56.593+0000] {dag.py:3239} INFO - Sync 1 DAGs
[2026-06-29T18:56:56.619+0000] {logging_mixin.py:190} INFO - [2026-06-29T18:56:56.619+0000] {dag.py:4180} INFO - Setting next_dagrun for urban_data_pipeline to 2026-06-01 00:00:00+00:00, run_after=2026-07-01 00:00:00+00:00
[2026-06-29T18:56:56.646+0000] {processor.py:208} INFO - Processing /opt/airflow/dags/urban_data_pipeline_dag.py took 0.258 seconds
[2026-06-29T18:57:27.083+0000] {processor.py:186} INFO - Started process (PID=14475) to work on /opt/airflow/dags/urban_data_pipeline_dag.py
[2026-06-29T18:57:27.084+0000] {processor.py:914} INFO - Processing file /opt/airflow/dags/urban_data_pipeline_dag.py for tasks to queue
[2026-06-29T18:57:27.087+0000] {logging_mixin.py:190} INFO - [2026-06-29T18:57:27.087+0000] {dagbag.py:588} INFO - Filling up the DagBag from /opt/airflow/dags/urban_data_pipeline_dag.py
[2026-06-29T18:57:27.224+0000] {processor.py:925} INFO - DAG(s) 'urban_data_pipeline' retrieved from /opt/airflow/dags/urban_data_pipeline_dag.py
[2026-06-29T18:57:27.272+0000] {logging_mixin.py:190} INFO - [2026-06-29T18:57:27.272+0000] {dag.py:3239} INFO - Sync 1 DAGs
[2026-06-29T18:57:27.304+0000] {logging_mixin.py:190} INFO - [2026-06-29T18:57:27.304+0000] {dag.py:4180} INFO - Setting next_dagrun for urban_data_pipeline to 2026-06-01 00:00:00+00:00, run_after=2026-07-01 00:00:00+00:00
[2026-06-29T18:57:27.330+0000] {processor.py:208} INFO - Processing /opt/airflow/dags/urban_data_pipeline_dag.py took 0.253 seconds
[2026-06-29T18:57:57.883+0000] {processor.py:186} INFO - Started process (PID=14487) to work on /opt/airflow/dags/urban_data_pipeline_dag.py
[2026-06-29T18:57:57.884+0000] {processor.py:914} INFO - Processing file /opt/airflow/dags/urban_data_pipeline_dag.py for tasks to queue
[2026-06-29T18:57:57.888+0000] {logging_mixin.py:190} INFO - [2026-06-29T18:57:57.887+0000] {dagbag.py:588} INFO - Filling up the DagBag from /opt/airflow/dags/urban_data_pipeline_dag.py
[2026-06-29T18:57:58.051+0000] {processor.py:925} INFO - DAG(s) 'urban_data_pipeline' retrieved from /opt/airflow/dags/urban_data_pipeline_dag.py
[2026-06-29T18:57:58.097+0000] {logging_mixin.py:190} INFO - [2026-06-29T18:57:58.097+0000] {dag.py:3239} INFO - Sync 1 DAGs
[2026-06-29T18:57:58.122+0000] {logging_mixin.py:190} INFO - [2026-06-29T18:57:58.122+0000] {dag.py:4180} INFO - Setting next_dagrun for urban_data_pipeline to 2026-06-01 00:00:00+00:00, run_after=2026-07-01 00:00:00+00:00
[2026-06-29T18:57:58.141+0000] {processor.py:208} INFO - Processing /opt/airflow/dags/urban_data_pipeline_dag.py took 0.266 seconds
[2026-06-29T18:58:28.903+0000] {processor.py:186} INFO - Started process (PID=14505) to work on /opt/airflow/dags/urban_data_pipeline_dag.py
[2026-06-29T18:58:28.904+0000] {processor.py:914} INFO - Processing file /opt/airflow/dags/urban_data_pipeline_dag.py for tasks to queue
[2026-06-29T18:58:28.907+0000] {logging_mixin.py:190} INFO - [2026-06-29T18:58:28.906+0000] {dagbag.py:588} INFO - Filling up the DagBag from /opt/airflow/dags/urban_data_pipeline_dag.py
[2026-06-29T18:58:29.037+0000] {processor.py:925} INFO - DAG(s) 'urban_data_pipeline' retrieved from /opt/airflow/dags/urban_data_pipeline_dag.py
[2026-06-29T18:58:29.087+0000] {logging_mixin.py:190} INFO - [2026-06-29T18:58:29.087+0000] {dag.py:3239} INFO - Sync 1 DAGs
[2026-06-29T18:58:29.113+0000] {logging_mixin.py:190} INFO - [2026-06-29T18:58:29.113+0000] {dag.py:4180} INFO - Setting next_dagrun for urban_data_pipeline to 2026-06-01 00:00:00+00:00, run_after=2026-07-01 00:00:00+00:00
[2026-06-29T18:58:29.138+0000] {processor.py:208} INFO - Processing /opt/airflow/dags/urban_data_pipeline_dag.py took 0.242 seconds
[2026-06-29T18:58:59.750+0000] {processor.py:186} INFO - Started process (PID=14523) to work on /opt/airflow/dags/urban_data_pipeline_dag.py
[2026-06-29T18:58:59.751+0000] {processor.py:914} INFO - Processing file /opt/airflow/dags/urban_data_pipeline_dag.py for tasks to queue
[2026-06-29T18:58:59.755+0000] {logging_mixin.py:190} INFO - [2026-06-29T18:58:59.755+0000] {dagbag.py:588} INFO - Filling up the DagBag from /opt/airflow/dags/urban_data_pipeline_dag.py
[2026-06-29T18:58:59.936+0000] {processor.py:925} INFO - DAG(s) 'urban_data_pipeline' retrieved from /opt/airflow/dags/urban_data_pipeline_dag.py
[2026-06-29T18:58:59.998+0000] {logging_mixin.py:190} INFO - [2026-06-29T18:58:59.998+0000] {dag.py:3239} INFO - Sync 1 DAGs
[2026-06-29T18:59:00.030+0000] {logging_mixin.py:190} INFO - [2026-06-29T18:59:00.030+0000] {dag.py:4180} INFO - Setting next_dagrun for urban_data_pipeline to 2026-06-01 00:00:00+00:00, run_after=2026-07-01 00:00:00+00:00
[2026-06-29T18:59:00.058+0000] {processor.py:208} INFO - Processing /opt/airflow/dags/urban_data_pipeline_dag.py took 0.316 seconds
[2026-06-29T18:59:30.586+0000] {processor.py:186} INFO - Started process (PID=14541) to work on /opt/airflow/dags/urban_data_pipeline_dag.py
[2026-06-29T18:59:30.587+0000] {processor.py:914} INFO - Processing file /opt/airflow/dags/urban_data_pipeline_dag.py for tasks to queue
[2026-06-29T18:59:30.593+0000] {logging_mixin.py:190} INFO - [2026-06-29T18:59:30.592+0000] {dagbag.py:588} INFO - Filling up the DagBag from /opt/airflow/dags/urban_data_pipeline_dag.py
[2026-06-29T18:59:30.766+0000] {processor.py:925} INFO - DAG(s) 'urban_data_pipeline' retrieved from /opt/airflow/dags/urban_data_pipeline_dag.py
[2026-06-29T18:59:30.815+0000] {logging_mixin.py:190} INFO - [2026-06-29T18:59:30.815+0000] {dag.py:3239} INFO - Sync 1 DAGs
[2026-06-29T18:59:30.839+0000] {logging_mixin.py:190} INFO - [2026-06-29T18:59:30.838+0000] {dag.py:4180} INFO - Setting next_dagrun for urban_data_pipeline to 2026-06-01 00:00:00+00:00, run_after=2026-07-01 00:00:00+00:00
[2026-06-29T18:59:30.866+0000] {processor.py:208} INFO - Processing /opt/airflow/dags/urban_data_pipeline_dag.py took 0.285 seconds
[2026-06-29T19:00:01.312+0000] {processor.py:186} INFO - Started process (PID=14559) to work on /opt/airflow/dags/urban_data_pipeline_dag.py
[2026-06-29T19:00:01.314+0000] {processor.py:914} INFO - Processing file /opt/airflow/dags/urban_data_pipeline_dag.py for tasks to queue
[2026-06-29T19:00:01.316+0000] {logging_mixin.py:190} INFO - [2026-06-29T19:00:01.316+0000] {dagbag.py:588} INFO - Filling up the DagBag from /opt/airflow/dags/urban_data_pipeline_dag.py
[2026-06-29T19:00:01.643+0000] {processor.py:925} INFO - DAG(s) 'urban_data_pipeline' retrieved from /opt/airflow/dags/urban_data_pipeline_dag.py
[2026-06-29T19:00:01.692+0000] {logging_mixin.py:190} INFO - [2026-06-29T19:00:01.692+0000] {dag.py:3239} INFO - Sync 1 DAGs
[2026-06-29T19:00:01.716+0000] {logging_mixin.py:190} INFO - [2026-06-29T19:00:01.716+0000] {dag.py:4180} INFO - Setting next_dagrun for urban_data_pipeline to 2026-06-01 00:00:00+00:00, run_after=2026-07-01 00:00:00+00:00
[2026-06-29T19:00:01.743+0000] {processor.py:208} INFO - Processing /opt/airflow/dags/urban_data_pipeline_dag.py took 0.437 seconds
[2026-06-29T19:00:32.725+0000] {processor.py:186} INFO - Started process (PID=14579) to work on /opt/airflow/dags/urban_data_pipeline_dag.py
[2026-06-29T19:00:32.727+0000] {processor.py:914} INFO - Processing file /opt/airflow/dags/urban_data_pipeline_dag.py for tasks to queue
[2026-06-29T19:00:32.730+0000] {logging_mixin.py:190} INFO - [2026-06-29T19:00:32.729+0000] {dagbag.py:588} INFO - Filling up the DagBag from /opt/airflow/dags/urban_data_pipeline_dag.py
[2026-06-29T19:00:33.043+0000] {processor.py:925} INFO - DAG(s) 'urban_data_pipeline' retrieved from /opt/airflow/dags/urban_data_pipeline_dag.py
[2026-06-29T19:00:33.092+0000] {logging_mixin.py:190} INFO - [2026-06-29T19:00:33.092+0000] {dag.py:3239} INFO - Sync 1 DAGs
[2026-06-29T19:00:33.118+0000] {logging_mixin.py:190} INFO - [2026-06-29T19:00:33.118+0000] {dag.py:4180} INFO - Setting next_dagrun for urban_data_pipeline to 2026-06-01 00:00:00+00:00, run_after=2026-07-01 00:00:00+00:00
[2026-06-29T19:00:33.165+0000] {processor.py:208} INFO - Processing /opt/airflow/dags/urban_data_pipeline_dag.py took 0.450 seconds
[2026-06-29T19:01:04.062+0000] {processor.py:186} INFO - Started process (PID=14597) to work on /opt/airflow/dags/urban_data_pipeline_dag.py
[2026-06-29T19:01:04.065+0000] {processor.py:914} INFO - Processing file /opt/airflow/dags/urban_data_pipeline_dag.py for tasks to queue
[2026-06-29T19:01:04.068+0000] {logging_mixin.py:190} INFO - [2026-06-29T19:01:04.068+0000] {dagbag.py:588} INFO - Filling up the DagBag from /opt/airflow/dags/urban_data_pipeline_dag.py
[2026-06-29T19:01:04.453+0000] {processor.py:925} INFO - DAG(s) 'urban_data_pipeline' retrieved from /opt/airflow/dags/urban_data_pipeline_dag.py
[2026-06-29T19:01:04.502+0000] {logging_mixin.py:190} INFO - [2026-06-29T19:01:04.502+0000] {dag.py:3239} INFO - Sync 1 DAGs
[2026-06-29T19:01:04.527+0000] {logging_mixin.py:190} INFO - [2026-06-29T19:01:04.527+0000] {dag.py:4180} INFO - Setting next_dagrun for urban_data_pipeline to 2026-06-01 00:00:00+00:00, run_after=2026-07-01 00:00:00+00:00
[2026-06-29T19:01:04.555+0000] {processor.py:208} INFO - Processing /opt/airflow/dags/urban_data_pipeline_dag.py took 0.501 seconds
[2026-06-29T19:01:34.725+0000] {processor.py:186} INFO - Started process (PID=14615) to work on /opt/airflow/dags/urban_data_pipeline_dag.py
[2026-06-29T19:01:34.726+0000] {processor.py:914} INFO - Processing file /opt/airflow/dags/urban_data_pipeline_dag.py for tasks to queue
[2026-06-29T19:01:34.729+0000] {logging_mixin.py:190} INFO - [2026-06-29T19:01:34.729+0000] {dagbag.py:588} INFO - Filling up the DagBag from /opt/airflow/dags/urban_data_pipeline_dag.py
[2026-06-29T19:01:34.861+0000] {processor.py:925} INFO - DAG(s) 'urban_data_pipeline' retrieved from /opt/airflow/dags/urban_data_pipeline_dag.py
[2026-06-29T19:01:34.908+0000] {logging_mixin.py:190} INFO - [2026-06-29T19:01:34.908+0000] {dag.py:3239} INFO - Sync 1 DAGs
[2026-06-29T19:01:34.931+0000] {logging_mixin.py:190} INFO - [2026-06-29T19:01:34.931+0000] {dag.py:4180} INFO - Setting next_dagrun for urban_data_pipeline to 2026-06-01 00:00:00+00:00, run_after=2026-07-01 00:00:00+00:00
[2026-06-29T19:01:34.955+0000] {processor.py:208} INFO - Processing /opt/airflow/dags/urban_data_pipeline_dag.py took 0.236 seconds
[2026-06-29T19:02:05.740+0000] {processor.py:186} INFO - Started process (PID=14633) to work on /opt/airflow/dags/urban_data_pipeline_dag.py
[2026-06-29T19:02:05.742+0000] {processor.py:914} INFO - Processing file /opt/airflow/dags/urban_data_pipeline_dag.py for tasks to queue
[2026-06-29T19:02:05.746+0000] {logging_mixin.py:190} INFO - [2026-06-29T19:02:05.745+0000] {dagbag.py:588} INFO - Filling up the DagBag from /opt/airflow/dags/urban_data_pipeline_dag.py
[2026-06-29T19:02:06.056+0000] {processor.py:925} INFO - DAG(s) 'urban_data_pipeline' retrieved from /opt/airflow/dags/urban_data_pipeline_dag.py
[2026-06-29T19:02:06.114+0000] {logging_mixin.py:190} INFO - [2026-06-29T19:02:06.113+0000] {dag.py:3239} INFO - Sync 1 DAGs
[2026-06-29T19:02:06.144+0000] {logging_mixin.py:190} INFO - [2026-06-29T19:02:06.144+0000] {dag.py:4180} INFO - Setting next_dagrun for urban_data_pipeline to 2026-06-01 00:00:00+00:00, run_after=2026-07-01 00:00:00+00:00
[2026-06-29T19:02:06.870+0000] {processor.py:208} INFO - Processing /opt/airflow/dags/urban_data_pipeline_dag.py took 1.140 seconds
[2026-06-29T19:02:37.599+0000] {processor.py:186} INFO - Started process (PID=14651) to work on /opt/airflow/dags/urban_data_pipeline_dag.py
[2026-06-29T19:02:37.601+0000] {processor.py:914} INFO - Processing file /opt/airflow/dags/urban_data_pipeline_dag.py for tasks to queue
[2026-06-29T19:02:37.604+0000] {logging_mixin.py:190} INFO - [2026-06-29T19:02:37.604+0000] {dagbag.py:588} INFO - Filling up the DagBag from /opt/airflow/dags/urban_data_pipeline_dag.py
[2026-06-29T19:02:37.890+0000] {processor.py:925} INFO - DAG(s) 'urban_data_pipeline' retrieved from /opt/airflow/dags/urban_data_pipeline_dag.py
[2026-06-29T19:02:37.935+0000] {logging_mixin.py:190} INFO - [2026-06-29T19:02:37.934+0000] {dag.py:3239} INFO - Sync 1 DAGs
[2026-06-29T19:02:37.966+0000] {logging_mixin.py:190} INFO - [2026-06-29T19:02:37.965+0000] {dag.py:4180} INFO - Setting next_dagrun for urban_data_pipeline to 2026-06-01 00:00:00+00:00, run_after=2026-07-01 00:00:00+00:00
[2026-06-29T19:02:37.993+0000] {processor.py:208} INFO - Processing /opt/airflow/dags/urban_data_pipeline_dag.py took 0.406 seconds
[2026-06-29T19:03:08.567+0000] {processor.py:186} INFO - Started process (PID=14668) to work on /opt/airflow/dags/urban_data_pipeline_dag.py
[2026-06-29T19:03:08.568+0000] {processor.py:914} INFO - Processing file /opt/airflow/dags/urban_data_pipeline_dag.py for tasks to queue
[2026-06-29T19:03:08.571+0000] {logging_mixin.py:190} INFO - [2026-06-29T19:03:08.571+0000] {dagbag.py:588} INFO - Filling up the DagBag from /opt/airflow/dags/urban_data_pipeline_dag.py
[2026-06-29T19:03:08.721+0000] {processor.py:925} INFO - DAG(s) 'urban_data_pipeline' retrieved from /opt/airflow/dags/urban_data_pipeline_dag.py
[2026-06-29T19:03:08.774+0000] {logging_mixin.py:190} INFO - [2026-06-29T19:03:08.774+0000] {dag.py:3239} INFO - Sync 1 DAGs
[2026-06-29T19:03:08.802+0000] {logging_mixin.py:190} INFO - [2026-06-29T19:03:08.802+0000] {dag.py:4180} INFO - Setting next_dagrun for urban_data_pipeline to 2026-06-01 00:00:00+00:00, run_after=2026-07-01 00:00:00+00:00
[2026-06-29T19:03:08.827+0000] {processor.py:208} INFO - Processing /opt/airflow/dags/urban_data_pipeline_dag.py took 0.266 seconds
[2026-06-29T19:03:39.023+0000] {processor.py:186} INFO - Started process (PID=14679) to work on /opt/airflow/dags/urban_data_pipeline_dag.py
[2026-06-29T19:03:39.025+0000] {processor.py:914} INFO - Processing file /opt/airflow/dags/urban_data_pipeline_dag.py for tasks to queue
[2026-06-29T19:03:39.028+0000] {logging_mixin.py:190} INFO - [2026-06-29T19:03:39.028+0000] {dagbag.py:588} INFO - Filling up the DagBag from /opt/airflow/dags/urban_data_pipeline_dag.py
[2026-06-29T19:03:39.263+0000] {processor.py:925} INFO - DAG(s) 'urban_data_pipeline' retrieved from /opt/airflow/dags/urban_data_pipeline_dag.py
[2026-06-29T19:03:39.308+0000] {logging_mixin.py:190} INFO - [2026-06-29T19:03:39.308+0000] {dag.py:3239} INFO - Sync 1 DAGs
[2026-06-29T19:03:39.334+0000] {logging_mixin.py:190} INFO - [2026-06-29T19:03:39.333+0000] {dag.py:4180} INFO - Setting next_dagrun for urban_data_pipeline to 2026-06-01 00:00:00+00:00, run_after=2026-07-01 00:00:00+00:00
[2026-06-29T19:03:39.365+0000] {processor.py:208} INFO - Processing /opt/airflow/dags/urban_data_pipeline_dag.py took 0.353 seconds
[2026-06-29T19:04:09.548+0000] {processor.py:186} INFO - Started process (PID=14697) to work on /opt/airflow/dags/urban_data_pipeline_dag.py
[2026-06-29T19:04:09.551+0000] {processor.py:914} INFO - Processing file /opt/airflow/dags/urban_data_pipeline_dag.py for tasks to queue
[2026-06-29T19:04:09.556+0000] {logging_mixin.py:190} INFO - [2026-06-29T19:04:09.554+0000] {dagbag.py:588} INFO - Filling up the DagBag from /opt/airflow/dags/urban_data_pipeline_dag.py
[2026-06-29T19:04:09.713+0000] {processor.py:925} INFO - DAG(s) 'urban_data_pipeline' retrieved from /opt/airflow/dags/urban_data_pipeline_dag.py
[2026-06-29T19:04:09.768+0000] {logging_mixin.py:190} INFO - [2026-06-29T19:04:09.768+0000] {dag.py:3239} INFO - Sync 1 DAGs
[2026-06-29T19:04:09.793+0000] {logging_mixin.py:190} INFO - [2026-06-29T19:04:09.793+0000] {dag.py:4180} INFO - Setting next_dagrun for urban_data_pipeline to 2026-06-01 00:00:00+00:00, run_after=2026-07-01 00:00:00+00:00
[2026-06-29T19:04:09.821+0000] {processor.py:208} INFO - Processing /opt/airflow/dags/urban_data_pipeline_dag.py took 0.280 seconds
[2026-06-29T19:04:40.594+0000] {processor.py:186} INFO - Started process (PID=14715) to work on /opt/airflow/dags/urban_data_pipeline_dag.py
[2026-06-29T19:04:40.596+0000] {processor.py:914} INFO - Processing file /opt/airflow/dags/urban_data_pipeline_dag.py for tasks to queue
[2026-06-29T19:04:40.599+0000] {logging_mixin.py:190} INFO - [2026-06-29T19:04:40.599+0000] {dagbag.py:588} INFO - Filling up the DagBag from /opt/airflow/dags/urban_data_pipeline_dag.py
[2026-06-29T19:04:40.819+0000] {processor.py:925} INFO - DAG(s) 'urban_data_pipeline' retrieved from /opt/airflow/dags/urban_data_pipeline_dag.py
[2026-06-29T19:04:40.871+0000] {logging_mixin.py:190} INFO - [2026-06-29T19:04:40.871+0000] {dag.py:3239} INFO - Sync 1 DAGs
[2026-06-29T19:04:40.896+0000] {logging_mixin.py:190} INFO - [2026-06-29T19:04:40.896+0000] {dag.py:4180} INFO - Setting next_dagrun for urban_data_pipeline to 2026-06-01 00:00:00+00:00, run_after=2026-07-01 00:00:00+00:00
[2026-06-29T19:04:40.921+0000] {processor.py:208} INFO - Processing /opt/airflow/dags/urban_data_pipeline_dag.py took 0.333 seconds
[2026-06-29T19:05:11.852+0000] {processor.py:186} INFO - Started process (PID=14733) to work on /opt/airflow/dags/urban_data_pipeline_dag.py
[2026-06-29T19:05:11.857+0000] {processor.py:914} INFO - Processing file /opt/airflow/dags/urban_data_pipeline_dag.py for tasks to queue
[2026-06-29T19:05:11.862+0000] {logging_mixin.py:190} INFO - [2026-06-29T19:05:11.861+0000] {dagbag.py:588} INFO - Filling up the DagBag from /opt/airflow/dags/urban_data_pipeline_dag.py
[2026-06-29T19:05:12.017+0000] {processor.py:925} INFO - DAG(s) 'urban_data_pipeline' retrieved from /opt/airflow/dags/urban_data_pipeline_dag.py
[2026-06-29T19:05:12.063+0000] {logging_mixin.py:190} INFO - [2026-06-29T19:05:12.063+0000] {dag.py:3239} INFO - Sync 1 DAGs
[2026-06-29T19:05:12.087+0000] {logging_mixin.py:190} INFO - [2026-06-29T19:05:12.087+0000] {dag.py:4180} INFO - Setting next_dagrun for urban_data_pipeline to 2026-06-01 00:00:00+00:00, run_after=2026-07-01 00:00:00+00:00
[2026-06-29T19:05:12.114+0000] {processor.py:208} INFO - Processing /opt/airflow/dags/urban_data_pipeline_dag.py took 0.275 seconds
[2026-06-29T19:05:43.028+0000] {processor.py:186} INFO - Started process (PID=14751) to work on /opt/airflow/dags/urban_data_pipeline_dag.py
[2026-06-29T19:05:43.030+0000] {processor.py:914} INFO - Processing file /opt/airflow/dags/urban_data_pipeline_dag.py for tasks to queue
[2026-06-29T19:05:43.034+0000] {logging_mixin.py:190} INFO - [2026-06-29T19:05:43.033+0000] {dagbag.py:588} INFO - Filling up the DagBag from /opt/airflow/dags/urban_data_pipeline_dag.py
[2026-06-29T19:05:43.174+0000] {processor.py:925} INFO - DAG(s) 'urban_data_pipeline' retrieved from /opt/airflow/dags/urban_data_pipeline_dag.py
[2026-06-29T19:05:43.220+0000] {logging_mixin.py:190} INFO - [2026-06-29T19:05:43.220+0000] {dag.py:3239} INFO - Sync 1 DAGs
[2026-06-29T19:05:43.245+0000] {logging_mixin.py:190} INFO - [2026-06-29T19:05:43.244+0000] {dag.py:4180} INFO - Setting next_dagrun for urban_data_pipeline to 2026-06-01 00:00:00+00:00, run_after=2026-07-01 00:00:00+00:00
[2026-06-29T19:05:43.323+0000] {processor.py:208} INFO - Processing /opt/airflow/dags/urban_data_pipeline_dag.py took 0.308 seconds
[2026-06-29T19:06:14.257+0000] {processor.py:186} INFO - Started process (PID=14769) to work on /opt/airflow/dags/urban_data_pipeline_dag.py
[2026-06-29T19:06:14.259+0000] {processor.py:914} INFO - Processing file /opt/airflow/dags/urban_data_pipeline_dag.py for tasks to queue
[2026-06-29T19:06:14.262+0000] {logging_mixin.py:190} INFO - [2026-06-29T19:06:14.261+0000] {dagbag.py:588} INFO - Filling up the DagBag from /opt/airflow/dags/urban_data_pipeline_dag.py
[2026-06-29T19:06:14.520+0000] {processor.py:925} INFO - DAG(s) 'urban_data_pipeline' retrieved from /opt/airflow/dags/urban_data_pipeline_dag.py
[2026-06-29T19:06:14.590+0000] {logging_mixin.py:190} INFO - [2026-06-29T19:06:14.590+0000] {dag.py:3239} INFO - Sync 1 DAGs
[2026-06-29T19:06:14.613+0000] {logging_mixin.py:190} INFO - [2026-06-29T19:06:14.613+0000] {dag.py:4180} INFO - Setting next_dagrun for urban_data_pipeline to 2026-06-01 00:00:00+00:00, run_after=2026-07-01 00:00:00+00:00
[2026-06-29T19:06:14.641+0000] {processor.py:208} INFO - Processing /opt/airflow/dags/urban_data_pipeline_dag.py took 0.392 seconds
[2026-06-29T19:06:44.814+0000] {processor.py:186} INFO - Started process (PID=14787) to work on /opt/airflow/dags/urban_data_pipeline_dag.py
[2026-06-29T19:06:44.819+0000] {processor.py:914} INFO - Processing file /opt/airflow/dags/urban_data_pipeline_dag.py for tasks to queue
[2026-06-29T19:06:44.834+0000] {logging_mixin.py:190} INFO - [2026-06-29T19:06:44.832+0000] {dagbag.py:588} INFO - Filling up the DagBag from /opt/airflow/dags/urban_data_pipeline_dag.py
[2026-06-29T19:06:45.104+0000] {processor.py:925} INFO - DAG(s) 'urban_data_pipeline' retrieved from /opt/airflow/dags/urban_data_pipeline_dag.py
[2026-06-29T19:06:45.159+0000] {logging_mixin.py:190} INFO - [2026-06-29T19:06:45.159+0000] {dag.py:3239} INFO - Sync 1 DAGs
[2026-06-29T19:06:45.183+0000] {logging_mixin.py:190} INFO - [2026-06-29T19:06:45.183+0000] {dag.py:4180} INFO - Setting next_dagrun for urban_data_pipeline to 2026-06-01 00:00:00+00:00, run_after=2026-07-01 00:00:00+00:00
[2026-06-29T19:06:45.210+0000] {processor.py:208} INFO - Processing /opt/airflow/dags/urban_data_pipeline_dag.py took 0.433 seconds
[2026-06-29T19:07:15.904+0000] {processor.py:186} INFO - Started process (PID=14805) to work on /opt/airflow/dags/urban_data_pipeline_dag.py
[2026-06-29T19:07:15.905+0000] {processor.py:914} INFO - Processing file /opt/airflow/dags/urban_data_pipeline_dag.py for tasks to queue
[2026-06-29T19:07:15.909+0000] {logging_mixin.py:190} INFO - [2026-06-29T19:07:15.908+0000] {dagbag.py:588} INFO - Filling up the DagBag from /opt/airflow/dags/urban_data_pipeline_dag.py
[2026-06-29T19:07:16.167+0000] {processor.py:925} INFO - DAG(s) 'urban_data_pipeline' retrieved from /opt/airflow/dags/urban_data_pipeline_dag.py
[2026-06-29T19:07:16.278+0000] {logging_mixin.py:190} INFO - [2026-06-29T19:07:16.278+0000] {dag.py:3239} INFO - Sync 1 DAGs
[2026-06-29T19:07:16.312+0000] {logging_mixin.py:190} INFO - [2026-06-29T19:07:16.312+0000] {dag.py:4180} INFO - Setting next_dagrun for urban_data_pipeline to 2026-06-01 00:00:00+00:00, run_after=2026-07-01 00:00:00+00:00
[2026-06-29T19:07:16.389+0000] {processor.py:208} INFO - Processing /opt/airflow/dags/urban_data_pipeline_dag.py took 0.497 seconds
[2026-06-29T19:07:47.068+0000] {processor.py:186} INFO - Started process (PID=14823) to work on /opt/airflow/dags/urban_data_pipeline_dag.py
[2026-06-29T19:07:47.070+0000] {processor.py:914} INFO - Processing file /opt/airflow/dags/urban_data_pipeline_dag.py for tasks to queue
[2026-06-29T19:07:47.073+0000] {logging_mixin.py:190} INFO - [2026-06-29T19:07:47.073+0000] {dagbag.py:588} INFO - Filling up the DagBag from /opt/airflow/dags/urban_data_pipeline_dag.py
[2026-06-29T19:07:47.224+0000] {processor.py:925} INFO - DAG(s) 'urban_data_pipeline' retrieved from /opt/airflow/dags/urban_data_pipeline_dag.py
[2026-06-29T19:07:47.274+0000] {logging_mixin.py:190} INFO - [2026-06-29T19:07:47.274+0000] {dag.py:3239} INFO - Sync 1 DAGs
[2026-06-29T19:07:47.299+0000] {logging_mixin.py:190} INFO - [2026-06-29T19:07:47.299+0000] {dag.py:4180} INFO - Setting next_dagrun for urban_data_pipeline to 2026-06-01 00:00:00+00:00, run_after=2026-07-01 00:00:00+00:00
[2026-06-29T19:07:47.325+0000] {processor.py:208} INFO - Processing /opt/airflow/dags/urban_data_pipeline_dag.py took 0.266 seconds
[2026-06-29T19:08:18.312+0000] {processor.py:186} INFO - Started process (PID=14841) to work on /opt/airflow/dags/urban_data_pipeline_dag.py
[2026-06-29T19:08:18.314+0000] {processor.py:914} INFO - Processing file /opt/airflow/dags/urban_data_pipeline_dag.py for tasks to queue
[2026-06-29T19:08:18.323+0000] {logging_mixin.py:190} INFO - [2026-06-29T19:08:18.322+0000] {dagbag.py:588} INFO - Filling up the DagBag from /opt/airflow/dags/urban_data_pipeline_dag.py
[2026-06-29T19:08:18.462+0000] {processor.py:925} INFO - DAG(s) 'urban_data_pipeline' retrieved from /opt/airflow/dags/urban_data_pipeline_dag.py
[2026-06-29T19:08:18.517+0000] {logging_mixin.py:190} INFO - [2026-06-29T19:08:18.517+0000] {dag.py:3239} INFO - Sync 1 DAGs
[2026-06-29T19:08:18.550+0000] {logging_mixin.py:190} INFO - [2026-06-29T19:08:18.549+0000] {dag.py:4180} INFO - Setting next_dagrun for urban_data_pipeline to 2026-06-01 00:00:00+00:00, run_after=2026-07-01 00:00:00+00:00
[2026-06-29T19:08:18.613+0000] {processor.py:208} INFO - Processing /opt/airflow/dags/urban_data_pipeline_dag.py took 0.308 seconds
[2026-06-29T19:08:49.219+0000] {processor.py:186} INFO - Started process (PID=14859) to work on /opt/airflow/dags/urban_data_pipeline_dag.py
[2026-06-29T19:08:49.220+0000] {processor.py:914} INFO - Processing file /opt/airflow/dags/urban_data_pipeline_dag.py for tasks to queue
[2026-06-29T19:08:49.224+0000] {logging_mixin.py:190} INFO - [2026-06-29T19:08:49.223+0000] {dagbag.py:588} INFO - Filling up the DagBag from /opt/airflow/dags/urban_data_pipeline_dag.py
[2026-06-29T19:08:49.385+0000] {processor.py:925} INFO - DAG(s) 'urban_data_pipeline' retrieved from /opt/airflow/dags/urban_data_pipeline_dag.py
[2026-06-29T19:08:49.432+0000] {logging_mixin.py:190} INFO - [2026-06-29T19:08:49.432+0000] {dag.py:3239} INFO - Sync 1 DAGs
[2026-06-29T19:08:49.632+0000] {logging_mixin.py:190} INFO - [2026-06-29T19:08:49.632+0000] {dag.py:4180} INFO - Setting next_dagrun for urban_data_pipeline to 2026-06-01 00:00:00+00:00, run_after=2026-07-01 00:00:00+00:00
[2026-06-29T19:08:49.659+0000] {processor.py:208} INFO - Processing /opt/airflow/dags/urban_data_pipeline_dag.py took 0.448 seconds
[2026-06-29T19:09:20.452+0000] {processor.py:186} INFO - Started process (PID=14870) to work on /opt/airflow/dags/urban_data_pipeline_dag.py
[2026-06-29T19:09:20.453+0000] {processor.py:914} INFO - Processing file /opt/airflow/dags/urban_data_pipeline_dag.py for tasks to queue
[2026-06-29T19:09:20.457+0000] {logging_mixin.py:190} INFO - [2026-06-29T19:09:20.457+0000] {dagbag.py:588} INFO - Filling up the DagBag from /opt/airflow/dags/urban_data_pipeline_dag.py
[2026-06-29T19:09:20.615+0000] {processor.py:925} INFO - DAG(s) 'urban_data_pipeline' retrieved from /opt/airflow/dags/urban_data_pipeline_dag.py
[2026-06-29T19:09:20.680+0000] {logging_mixin.py:190} INFO - [2026-06-29T19:09:20.680+0000] {dag.py:3239} INFO - Sync 1 DAGs
[2026-06-29T19:09:20.711+0000] {logging_mixin.py:190} INFO - [2026-06-29T19:09:20.710+0000] {dag.py:4180} INFO - Setting next_dagrun for urban_data_pipeline to 2026-06-01 00:00:00+00:00, run_after=2026-07-01 00:00:00+00:00
[2026-06-29T19:09:20.744+0000] {processor.py:208} INFO - Processing /opt/airflow/dags/urban_data_pipeline_dag.py took 0.300 seconds
[2026-06-29T19:09:51.382+0000] {processor.py:186} INFO - Started process (PID=14888) to work on /opt/airflow/dags/urban_data_pipeline_dag.py
[2026-06-29T19:09:51.384+0000] {processor.py:914} INFO - Processing file /opt/airflow/dags/urban_data_pipeline_dag.py for tasks to queue
[2026-06-29T19:09:51.387+0000] {logging_mixin.py:190} INFO - [2026-06-29T19:09:51.386+0000] {dagbag.py:588} INFO - Filling up the DagBag from /opt/airflow/dags/urban_data_pipeline_dag.py
[2026-06-29T19:09:51.559+0000] {processor.py:925} INFO - DAG(s) 'urban_data_pipeline' retrieved from /opt/airflow/dags/urban_data_pipeline_dag.py
[2026-06-29T19:09:51.611+0000] {logging_mixin.py:190} INFO - [2026-06-29T19:09:51.611+0000] {dag.py:3239} INFO - Sync 1 DAGs
[2026-06-29T19:09:51.636+0000] {logging_mixin.py:190} INFO - [2026-06-29T19:09:51.635+0000] {dag.py:4180} INFO - Setting next_dagrun for urban_data_pipeline to 2026-06-01 00:00:00+00:00, run_after=2026-07-01 00:00:00+00:00
[2026-06-29T19:09:51.665+0000] {processor.py:208} INFO - Processing /opt/airflow/dags/urban_data_pipeline_dag.py took 0.289 seconds
[2026-06-29T19:10:22.445+0000] {processor.py:186} INFO - Started process (PID=14906) to work on /opt/airflow/dags/urban_data_pipeline_dag.py
[2026-06-29T19:10:22.447+0000] {processor.py:914} INFO - Processing file /opt/airflow/dags/urban_data_pipeline_dag.py for tasks to queue
[2026-06-29T19:10:22.452+0000] {logging_mixin.py:190} INFO - [2026-06-29T19:10:22.452+0000] {dagbag.py:588} INFO - Filling up the DagBag from /opt/airflow/dags/urban_data_pipeline_dag.py
[2026-06-29T19:10:22.613+0000] {processor.py:925} INFO - DAG(s) 'urban_data_pipeline' retrieved from /opt/airflow/dags/urban_data_pipeline_dag.py
[2026-06-29T19:10:22.666+0000] {logging_mixin.py:190} INFO - [2026-06-29T19:10:22.666+0000] {dag.py:3239} INFO - Sync 1 DAGs
[2026-06-29T19:10:22.694+0000] {logging_mixin.py:190} INFO - [2026-06-29T19:10:22.694+0000] {dag.py:4180} INFO - Setting next_dagrun for urban_data_pipeline to 2026-06-01 00:00:00+00:00, run_after=2026-07-01 00:00:00+00:00
[2026-06-29T19:10:22.727+0000] {processor.py:208} INFO - Processing /opt/airflow/dags/urban_data_pipeline_dag.py took 0.290 seconds
[2026-06-29T19:10:53.078+0000] {processor.py:186} INFO - Started process (PID=14924) to work on /opt/airflow/dags/urban_data_pipeline_dag.py
[2026-06-29T19:10:53.079+0000] {processor.py:914} INFO - Processing file /opt/airflow/dags/urban_data_pipeline_dag.py for tasks to queue
[2026-06-29T19:10:53.082+0000] {logging_mixin.py:190} INFO - [2026-06-29T19:10:53.082+0000] {dagbag.py:588} INFO - Filling up the DagBag from /opt/airflow/dags/urban_data_pipeline_dag.py
[2026-06-29T19:10:53.425+0000] {processor.py:925} INFO - DAG(s) 'urban_data_pipeline' retrieved from /opt/airflow/dags/urban_data_pipeline_dag.py
[2026-06-29T19:10:53.471+0000] {logging_mixin.py:190} INFO - [2026-06-29T19:10:53.471+0000] {dag.py:3239} INFO - Sync 1 DAGs
[2026-06-29T19:10:53.496+0000] {logging_mixin.py:190} INFO - [2026-06-29T19:10:53.496+0000] {dag.py:4180} INFO - Setting next_dagrun for urban_data_pipeline to 2026-06-01 00:00:00+00:00, run_after=2026-07-01 00:00:00+00:00
[2026-06-29T19:10:53.752+0000] {processor.py:208} INFO - Processing /opt/airflow/dags/urban_data_pipeline_dag.py took 0.682 seconds
[2026-06-29T19:11:24.451+0000] {processor.py:186} INFO - Started process (PID=14942) to work on /opt/airflow/dags/urban_data_pipeline_dag.py
[2026-06-29T19:11:24.453+0000] {processor.py:914} INFO - Processing file /opt/airflow/dags/urban_data_pipeline_dag.py for tasks to queue
[2026-06-29T19:11:24.456+0000] {logging_mixin.py:190} INFO - [2026-06-29T19:11:24.455+0000] {dagbag.py:588} INFO - Filling up the DagBag from /opt/airflow/dags/urban_data_pipeline_dag.py
[2026-06-29T19:11:24.706+0000] {processor.py:925} INFO - DAG(s) 'urban_data_pipeline' retrieved from /opt/airflow/dags/urban_data_pipeline_dag.py
[2026-06-29T19:11:24.791+0000] {logging_mixin.py:190} INFO - [2026-06-29T19:11:24.791+0000] {dag.py:3239} INFO - Sync 1 DAGs
[2026-06-29T19:11:24.998+0000] {logging_mixin.py:190} INFO - [2026-06-29T19:11:24.997+0000] {dag.py:4180} INFO - Setting next_dagrun for urban_data_pipeline to 2026-06-01 00:00:00+00:00, run_after=2026-07-01 00:00:00+00:00
[2026-06-29T19:11:25.061+0000] {processor.py:208} INFO - Processing /opt/airflow/dags/urban_data_pipeline_dag.py took 0.616 seconds
[2026-06-29T19:11:55.300+0000] {processor.py:186} INFO - Started process (PID=14960) to work on /opt/airflow/dags/urban_data_pipeline_dag.py
[2026-06-29T19:11:55.302+0000] {processor.py:914} INFO - Processing file /opt/airflow/dags/urban_data_pipeline_dag.py for tasks to queue
[2026-06-29T19:11:55.309+0000] {logging_mixin.py:190} INFO - [2026-06-29T19:11:55.308+0000] {dagbag.py:588} INFO - Filling up the DagBag from /opt/airflow/dags/urban_data_pipeline_dag.py
[2026-06-29T19:11:55.613+0000] {processor.py:925} INFO - DAG(s) 'urban_data_pipeline' retrieved from /opt/airflow/dags/urban_data_pipeline_dag.py
[2026-06-29T19:11:55.661+0000] {logging_mixin.py:190} INFO - [2026-06-29T19:11:55.661+0000] {dag.py:3239} INFO - Sync 1 DAGs
[2026-06-29T19:11:55.691+0000] {logging_mixin.py:190} INFO - [2026-06-29T19:11:55.690+0000] {dag.py:4180} INFO - Setting next_dagrun for urban_data_pipeline to 2026-06-01 00:00:00+00:00, run_after=2026-07-01 00:00:00+00:00
[2026-06-29T19:11:55.723+0000] {processor.py:208} INFO - Processing /opt/airflow/dags/urban_data_pipeline_dag.py took 0.435 seconds
[2026-06-29T19:12:26.549+0000] {processor.py:186} INFO - Started process (PID=14978) to work on /opt/airflow/dags/urban_data_pipeline_dag.py
[2026-06-29T19:12:26.550+0000] {processor.py:914} INFO - Processing file /opt/airflow/dags/urban_data_pipeline_dag.py for tasks to queue
[2026-06-29T19:12:26.553+0000] {logging_mixin.py:190} INFO - [2026-06-29T19:12:26.553+0000] {dagbag.py:588} INFO - Filling up the DagBag from /opt/airflow/dags/urban_data_pipeline_dag.py
[2026-06-29T19:12:26.673+0000] {processor.py:925} INFO - DAG(s) 'urban_data_pipeline' retrieved from /opt/airflow/dags/urban_data_pipeline_dag.py
[2026-06-29T19:12:26.722+0000] {logging_mixin.py:190} INFO - [2026-06-29T19:12:26.721+0000] {dag.py:3239} INFO - Sync 1 DAGs
[2026-06-29T19:12:26.751+0000] {logging_mixin.py:190} INFO - [2026-06-29T19:12:26.751+0000] {dag.py:4180} INFO - Setting next_dagrun for urban_data_pipeline to 2026-06-01 00:00:00+00:00, run_after=2026-07-01 00:00:00+00:00
[2026-06-29T19:12:26.780+0000] {processor.py:208} INFO - Processing /opt/airflow/dags/urban_data_pipeline_dag.py took 0.241 seconds
[2026-06-29T19:12:57.601+0000] {processor.py:186} INFO - Started process (PID=14996) to work on /opt/airflow/dags/urban_data_pipeline_dag.py
[2026-06-29T19:12:57.604+0000] {processor.py:914} INFO - Processing file /opt/airflow/dags/urban_data_pipeline_dag.py for tasks to queue
[2026-06-29T19:12:57.611+0000] {logging_mixin.py:190} INFO - [2026-06-29T19:12:57.611+0000] {dagbag.py:588} INFO - Filling up the DagBag from /opt/airflow/dags/urban_data_pipeline_dag.py
[2026-06-29T19:12:57.816+0000] {processor.py:925} INFO - DAG(s) 'urban_data_pipeline' retrieved from /opt/airflow/dags/urban_data_pipeline_dag.py
[2026-06-29T19:12:57.867+0000] {logging_mixin.py:190} INFO - [2026-06-29T19:12:57.867+0000] {dag.py:3239} INFO - Sync 1 DAGs
[2026-06-29T19:12:57.903+0000] {logging_mixin.py:190} INFO - [2026-06-29T19:12:57.902+0000] {dag.py:4180} INFO - Setting next_dagrun for urban_data_pipeline to 2026-06-01 00:00:00+00:00, run_after=2026-07-01 00:00:00+00:00
[2026-06-29T19:12:57.974+0000] {processor.py:208} INFO - Processing /opt/airflow/dags/urban_data_pipeline_dag.py took 0.385 seconds
[2026-06-29T19:13:28.901+0000] {processor.py:186} INFO - Started process (PID=15014) to work on /opt/airflow/dags/urban_data_pipeline_dag.py
[2026-06-29T19:13:28.903+0000] {processor.py:914} INFO - Processing file /opt/airflow/dags/urban_data_pipeline_dag.py for tasks to queue
[2026-06-29T19:13:28.908+0000] {logging_mixin.py:190} INFO - [2026-06-29T19:13:28.908+0000] {dagbag.py:588} INFO - Filling up the DagBag from /opt/airflow/dags/urban_data_pipeline_dag.py
[2026-06-29T19:13:29.050+0000] {processor.py:925} INFO - DAG(s) 'urban_data_pipeline' retrieved from /opt/airflow/dags/urban_data_pipeline_dag.py
[2026-06-29T19:13:29.098+0000] {logging_mixin.py:190} INFO - [2026-06-29T19:13:29.098+0000] {dag.py:3239} INFO - Sync 1 DAGs
[2026-06-29T19:13:29.124+0000] {logging_mixin.py:190} INFO - [2026-06-29T19:13:29.124+0000] {dag.py:4180} INFO - Setting next_dagrun for urban_data_pipeline to 2026-06-01 00:00:00+00:00, run_after=2026-07-01 00:00:00+00:00
[2026-06-29T19:13:29.302+0000] {processor.py:208} INFO - Processing /opt/airflow/dags/urban_data_pipeline_dag.py took 0.410 seconds
[2026-06-29T19:13:59.779+0000] {processor.py:186} INFO - Started process (PID=15031) to work on /opt/airflow/dags/urban_data_pipeline_dag.py
[2026-06-29T19:13:59.781+0000] {processor.py:914} INFO - Processing file /opt/airflow/dags/urban_data_pipeline_dag.py for tasks to queue
[2026-06-29T19:13:59.784+0000] {logging_mixin.py:190} INFO - [2026-06-29T19:13:59.783+0000] {dagbag.py:588} INFO - Filling up the DagBag from /opt/airflow/dags/urban_data_pipeline_dag.py
[2026-06-29T19:13:59.964+0000] {processor.py:925} INFO - DAG(s) 'urban_data_pipeline' retrieved from /opt/airflow/dags/urban_data_pipeline_dag.py
[2026-06-29T19:14:00.021+0000] {logging_mixin.py:190} INFO - [2026-06-29T19:14:00.021+0000] {dag.py:3239} INFO - Sync 1 DAGs
[2026-06-29T19:14:00.242+0000] {logging_mixin.py:190} INFO - [2026-06-29T19:14:00.241+0000] {dag.py:4180} INFO - Setting next_dagrun for urban_data_pipeline to 2026-06-01 00:00:00+00:00, run_after=2026-07-01 00:00:00+00:00
[2026-06-29T19:14:00.263+0000] {processor.py:208} INFO - Processing /opt/airflow/dags/urban_data_pipeline_dag.py took 0.490 seconds
[2026-06-29T19:14:30.966+0000] {processor.py:186} INFO - Started process (PID=15049) to work on /opt/airflow/dags/urban_data_pipeline_dag.py
[2026-06-29T19:14:30.969+0000] {processor.py:914} INFO - Processing file /opt/airflow/dags/urban_data_pipeline_dag.py for tasks to queue
[2026-06-29T19:14:30.981+0000] {logging_mixin.py:190} INFO - [2026-06-29T19:14:30.980+0000] {dagbag.py:588} INFO - Filling up the DagBag from /opt/airflow/dags/urban_data_pipeline_dag.py
[2026-06-29T19:14:31.186+0000] {processor.py:925} INFO - DAG(s) 'urban_data_pipeline' retrieved from /opt/airflow/dags/urban_data_pipeline_dag.py
[2026-06-29T19:14:31.237+0000] {logging_mixin.py:190} INFO - [2026-06-29T19:14:31.237+0000] {dag.py:3239} INFO - Sync 1 DAGs
[2026-06-29T19:14:31.262+0000] {logging_mixin.py:190} INFO - [2026-06-29T19:14:31.262+0000] {dag.py:4180} INFO - Setting next_dagrun for urban_data_pipeline to 2026-06-01 00:00:00+00:00, run_after=2026-07-01 00:00:00+00:00
[2026-06-29T19:14:31.287+0000] {processor.py:208} INFO - Processing /opt/airflow/dags/urban_data_pipeline_dag.py took 0.340 seconds
[2026-06-29T19:15:01.960+0000] {processor.py:186} INFO - Started process (PID=15060) to work on /opt/airflow/dags/urban_data_pipeline_dag.py
[2026-06-29T19:15:01.962+0000] {processor.py:914} INFO - Processing file /opt/airflow/dags/urban_data_pipeline_dag.py for tasks to queue
[2026-06-29T19:15:01.970+0000] {logging_mixin.py:190} INFO - [2026-06-29T19:15:01.969+0000] {dagbag.py:588} INFO - Filling up the DagBag from /opt/airflow/dags/urban_data_pipeline_dag.py
[2026-06-29T19:15:02.153+0000] {processor.py:925} INFO - DAG(s) 'urban_data_pipeline' retrieved from /opt/airflow/dags/urban_data_pipeline_dag.py
[2026-06-29T19:15:02.219+0000] {logging_mixin.py:190} INFO - [2026-06-29T19:15:02.219+0000] {dag.py:3239} INFO - Sync 1 DAGs
[2026-06-29T19:15:02.245+0000] {logging_mixin.py:190} INFO - [2026-06-29T19:15:02.245+0000] {dag.py:4180} INFO - Setting next_dagrun for urban_data_pipeline to 2026-06-01 00:00:00+00:00, run_after=2026-07-01 00:00:00+00:00
[2026-06-29T19:15:02.271+0000] {processor.py:208} INFO - Processing /opt/airflow/dags/urban_data_pipeline_dag.py took 0.333 seconds
[2026-06-29T19:15:32.621+0000] {processor.py:186} INFO - Started process (PID=15078) to work on /opt/airflow/dags/urban_data_pipeline_dag.py
[2026-06-29T19:15:32.622+0000] {processor.py:914} INFO - Processing file /opt/airflow/dags/urban_data_pipeline_dag.py for tasks to queue
[2026-06-29T19:15:32.626+0000] {logging_mixin.py:190} INFO - [2026-06-29T19:15:32.625+0000] {dagbag.py:588} INFO - Filling up the DagBag from /opt/airflow/dags/urban_data_pipeline_dag.py
[2026-06-29T19:15:32.807+0000] {processor.py:925} INFO - DAG(s) 'urban_data_pipeline' retrieved from /opt/airflow/dags/urban_data_pipeline_dag.py
[2026-06-29T19:15:32.858+0000] {logging_mixin.py:190} INFO - [2026-06-29T19:15:32.858+0000] {dag.py:3239} INFO - Sync 1 DAGs
[2026-06-29T19:15:32.885+0000] {logging_mixin.py:190} INFO - [2026-06-29T19:15:32.884+0000] {dag.py:4180} INFO - Setting next_dagrun for urban_data_pipeline to 2026-06-01 00:00:00+00:00, run_after=2026-07-01 00:00:00+00:00
[2026-06-29T19:15:32.911+0000] {processor.py:208} INFO - Processing /opt/airflow/dags/urban_data_pipeline_dag.py took 0.298 seconds
[2026-06-29T19:16:03.810+0000] {processor.py:186} INFO - Started process (PID=15096) to work on /opt/airflow/dags/urban_data_pipeline_dag.py
[2026-06-29T19:16:03.812+0000] {processor.py:914} INFO - Processing file /opt/airflow/dags/urban_data_pipeline_dag.py for tasks to queue
[2026-06-29T19:16:03.815+0000] {logging_mixin.py:190} INFO - [2026-06-29T19:16:03.814+0000] {dagbag.py:588} INFO - Filling up the DagBag from /opt/airflow/dags/urban_data_pipeline_dag.py
[2026-06-29T19:16:03.950+0000] {processor.py:925} INFO - DAG(s) 'urban_data_pipeline' retrieved from /opt/airflow/dags/urban_data_pipeline_dag.py
[2026-06-29T19:16:03.995+0000] {logging_mixin.py:190} INFO - [2026-06-29T19:16:03.995+0000] {dag.py:3239} INFO - Sync 1 DAGs
[2026-06-29T19:16:04.021+0000] {logging_mixin.py:190} INFO - [2026-06-29T19:16:04.021+0000] {dag.py:4180} INFO - Setting next_dagrun for urban_data_pipeline to 2026-06-01 00:00:00+00:00, run_after=2026-07-01 00:00:00+00:00
[2026-06-29T19:16:04.189+0000] {processor.py:208} INFO - Processing /opt/airflow/dags/urban_data_pipeline_dag.py took 0.389 seconds
[2026-06-29T19:16:34.328+0000] {processor.py:186} INFO - Started process (PID=15114) to work on /opt/airflow/dags/urban_data_pipeline_dag.py
[2026-06-29T19:16:34.329+0000] {processor.py:914} INFO - Processing file /opt/airflow/dags/urban_data_pipeline_dag.py for tasks to queue
[2026-06-29T19:16:34.333+0000] {logging_mixin.py:190} INFO - [2026-06-29T19:16:34.333+0000] {dagbag.py:588} INFO - Filling up the DagBag from /opt/airflow/dags/urban_data_pipeline_dag.py
[2026-06-29T19:16:34.455+0000] {processor.py:925} INFO - DAG(s) 'urban_data_pipeline' retrieved from /opt/airflow/dags/urban_data_pipeline_dag.py
[2026-06-29T19:16:34.517+0000] {logging_mixin.py:190} INFO - [2026-06-29T19:16:34.516+0000] {dag.py:3239} INFO - Sync 1 DAGs
[2026-06-29T19:16:34.562+0000] {logging_mixin.py:190} INFO - [2026-06-29T19:16:34.562+0000] {dag.py:4180} INFO - Setting next_dagrun for urban_data_pipeline to 2026-06-01 00:00:00+00:00, run_after=2026-07-01 00:00:00+00:00
[2026-06-29T19:16:34.593+0000] {processor.py:208} INFO - Processing /opt/airflow/dags/urban_data_pipeline_dag.py took 0.273 seconds
[2026-06-29T19:17:04.749+0000] {processor.py:186} INFO - Started process (PID=15132) to work on /opt/airflow/dags/urban_data_pipeline_dag.py
[2026-06-29T19:17:04.752+0000] {processor.py:914} INFO - Processing file /opt/airflow/dags/urban_data_pipeline_dag.py for tasks to queue
[2026-06-29T19:17:04.755+0000] {logging_mixin.py:190} INFO - [2026-06-29T19:17:04.755+0000] {dagbag.py:588} INFO - Filling up the DagBag from /opt/airflow/dags/urban_data_pipeline_dag.py
[2026-06-29T19:17:04.897+0000] {processor.py:925} INFO - DAG(s) 'urban_data_pipeline' retrieved from /opt/airflow/dags/urban_data_pipeline_dag.py
[2026-06-29T19:17:04.966+0000] {logging_mixin.py:190} INFO - [2026-06-29T19:17:04.966+0000] {dag.py:3239} INFO - Sync 1 DAGs
[2026-06-29T19:17:04.995+0000] {logging_mixin.py:190} INFO - [2026-06-29T19:17:04.995+0000] {dag.py:4180} INFO - Setting next_dagrun for urban_data_pipeline to 2026-06-01 00:00:00+00:00, run_after=2026-07-01 00:00:00+00:00
[2026-06-29T19:17:05.040+0000] {processor.py:208} INFO - Processing /opt/airflow/dags/urban_data_pipeline_dag.py took 0.300 seconds
[2026-06-29T19:17:35.879+0000] {processor.py:186} INFO - Started process (PID=15150) to work on /opt/airflow/dags/urban_data_pipeline_dag.py
[2026-06-29T19:17:35.883+0000] {processor.py:914} INFO - Processing file /opt/airflow/dags/urban_data_pipeline_dag.py for tasks to queue
[2026-06-29T19:17:35.889+0000] {logging_mixin.py:190} INFO - [2026-06-29T19:17:35.889+0000] {dagbag.py:588} INFO - Filling up the DagBag from /opt/airflow/dags/urban_data_pipeline_dag.py
[2026-06-29T19:17:36.157+0000] {processor.py:925} INFO - DAG(s) 'urban_data_pipeline' retrieved from /opt/airflow/dags/urban_data_pipeline_dag.py
[2026-06-29T19:17:36.207+0000] {logging_mixin.py:190} INFO - [2026-06-29T19:17:36.206+0000] {dag.py:3239} INFO - Sync 1 DAGs
[2026-06-29T19:17:36.230+0000] {logging_mixin.py:190} INFO - [2026-06-29T19:17:36.230+0000] {dag.py:4180} INFO - Setting next_dagrun for urban_data_pipeline to 2026-06-01 00:00:00+00:00, run_after=2026-07-01 00:00:00+00:00
[2026-06-29T19:17:36.254+0000] {processor.py:208} INFO - Processing /opt/airflow/dags/urban_data_pipeline_dag.py took 0.388 seconds
[2026-06-29T19:18:06.970+0000] {processor.py:186} INFO - Started process (PID=15168) to work on /opt/airflow/dags/urban_data_pipeline_dag.py
[2026-06-29T19:18:06.974+0000] {processor.py:914} INFO - Processing file /opt/airflow/dags/urban_data_pipeline_dag.py for tasks to queue
[2026-06-29T19:18:06.981+0000] {logging_mixin.py:190} INFO - [2026-06-29T19:18:06.980+0000] {dagbag.py:588} INFO - Filling up the DagBag from /opt/airflow/dags/urban_data_pipeline_dag.py
[2026-06-29T19:18:07.144+0000] {processor.py:925} INFO - DAG(s) 'urban_data_pipeline' retrieved from /opt/airflow/dags/urban_data_pipeline_dag.py
[2026-06-29T19:18:07.191+0000] {logging_mixin.py:190} INFO - [2026-06-29T19:18:07.191+0000] {dag.py:3239} INFO - Sync 1 DAGs
[2026-06-29T19:18:07.221+0000] {logging_mixin.py:190} INFO - [2026-06-29T19:18:07.220+0000] {dag.py:4180} INFO - Setting next_dagrun for urban_data_pipeline to 2026-06-01 00:00:00+00:00, run_after=2026-07-01 00:00:00+00:00
[2026-06-29T19:18:07.250+0000] {processor.py:208} INFO - Processing /opt/airflow/dags/urban_data_pipeline_dag.py took 0.295 seconds
[2026-06-29T19:18:37.469+0000] {processor.py:186} INFO - Started process (PID=15186) to work on /opt/airflow/dags/urban_data_pipeline_dag.py
[2026-06-29T19:18:37.472+0000] {processor.py:914} INFO - Processing file /opt/airflow/dags/urban_data_pipeline_dag.py for tasks to queue
[2026-06-29T19:18:37.478+0000] {logging_mixin.py:190} INFO - [2026-06-29T19:18:37.478+0000] {dagbag.py:588} INFO - Filling up the DagBag from /opt/airflow/dags/urban_data_pipeline_dag.py
[2026-06-29T19:18:37.597+0000] {processor.py:925} INFO - DAG(s) 'urban_data_pipeline' retrieved from /opt/airflow/dags/urban_data_pipeline_dag.py
[2026-06-29T19:18:37.644+0000] {logging_mixin.py:190} INFO - [2026-06-29T19:18:37.644+0000] {dag.py:3239} INFO - Sync 1 DAGs
[2026-06-29T19:18:37.807+0000] {logging_mixin.py:190} INFO - [2026-06-29T19:18:37.806+0000] {dag.py:4180} INFO - Setting next_dagrun for urban_data_pipeline to 2026-06-01 00:00:00+00:00, run_after=2026-07-01 00:00:00+00:00
[2026-06-29T19:18:37.833+0000] {processor.py:208} INFO - Processing /opt/airflow/dags/urban_data_pipeline_dag.py took 0.378 seconds
[2026-06-29T19:19:08.537+0000] {processor.py:186} INFO - Started process (PID=15204) to work on /opt/airflow/dags/urban_data_pipeline_dag.py
[2026-06-29T19:19:08.539+0000] {processor.py:914} INFO - Processing file /opt/airflow/dags/urban_data_pipeline_dag.py for tasks to queue
[2026-06-29T19:19:08.544+0000] {logging_mixin.py:190} INFO - [2026-06-29T19:19:08.543+0000] {dagbag.py:588} INFO - Filling up the DagBag from /opt/airflow/dags/urban_data_pipeline_dag.py
[2026-06-29T19:19:08.672+0000] {processor.py:925} INFO - DAG(s) 'urban_data_pipeline' retrieved from /opt/airflow/dags/urban_data_pipeline_dag.py
[2026-06-29T19:19:08.719+0000] {logging_mixin.py:190} INFO - [2026-06-29T19:19:08.719+0000] {dag.py:3239} INFO - Sync 1 DAGs
[2026-06-29T19:19:08.746+0000] {logging_mixin.py:190} INFO - [2026-06-29T19:19:08.746+0000] {dag.py:4180} INFO - Setting next_dagrun for urban_data_pipeline to 2026-06-01 00:00:00+00:00, run_after=2026-07-01 00:00:00+00:00
[2026-06-29T19:19:08.774+0000] {processor.py:208} INFO - Processing /opt/airflow/dags/urban_data_pipeline_dag.py took 0.245 seconds
[2026-06-29T19:19:39.446+0000] {processor.py:186} INFO - Started process (PID=15221) to work on /opt/airflow/dags/urban_data_pipeline_dag.py
[2026-06-29T19:19:39.448+0000] {processor.py:914} INFO - Processing file /opt/airflow/dags/urban_data_pipeline_dag.py for tasks to queue
[2026-06-29T19:19:39.450+0000] {logging_mixin.py:190} INFO - [2026-06-29T19:19:39.450+0000] {dagbag.py:588} INFO - Filling up the DagBag from /opt/airflow/dags/urban_data_pipeline_dag.py
[2026-06-29T19:19:39.632+0000] {processor.py:925} INFO - DAG(s) 'urban_data_pipeline' retrieved from /opt/airflow/dags/urban_data_pipeline_dag.py
[2026-06-29T19:19:39.674+0000] {logging_mixin.py:190} INFO - [2026-06-29T19:19:39.674+0000] {dag.py:3239} INFO - Sync 1 DAGs
[2026-06-29T19:19:39.697+0000] {logging_mixin.py:190} INFO - [2026-06-29T19:19:39.697+0000] {dag.py:4180} INFO - Setting next_dagrun for urban_data_pipeline to 2026-06-01 00:00:00+00:00, run_after=2026-07-01 00:00:00+00:00
[2026-06-29T19:19:39.721+0000] {processor.py:208} INFO - Processing /opt/airflow/dags/urban_data_pipeline_dag.py took 0.280 seconds
[2026-06-29T19:20:10.802+0000] {processor.py:186} INFO - Started process (PID=15232) to work on /opt/airflow/dags/urban_data_pipeline_dag.py
[2026-06-29T19:20:10.806+0000] {processor.py:914} INFO - Processing file /opt/airflow/dags/urban_data_pipeline_dag.py for tasks to queue
[2026-06-29T19:20:10.814+0000] {logging_mixin.py:190} INFO - [2026-06-29T19:20:10.813+0000] {dagbag.py:588} INFO - Filling up the DagBag from /opt/airflow/dags/urban_data_pipeline_dag.py
[2026-06-29T19:20:11.066+0000] {processor.py:925} INFO - DAG(s) 'urban_data_pipeline' retrieved from /opt/airflow/dags/urban_data_pipeline_dag.py
[2026-06-29T19:20:11.119+0000] {logging_mixin.py:190} INFO - [2026-06-29T19:20:11.119+0000] {dag.py:3239} INFO - Sync 1 DAGs
[2026-06-29T19:20:11.144+0000] {logging_mixin.py:190} INFO - [2026-06-29T19:20:11.143+0000] {dag.py:4180} INFO - Setting next_dagrun for urban_data_pipeline to 2026-06-01 00:00:00+00:00, run_after=2026-07-01 00:00:00+00:00
[2026-06-29T19:20:11.173+0000] {processor.py:208} INFO - Processing /opt/airflow/dags/urban_data_pipeline_dag.py took 0.390 seconds
[2026-06-29T19:20:41.357+0000] {processor.py:186} INFO - Started process (PID=15250) to work on /opt/airflow/dags/urban_data_pipeline_dag.py
[2026-06-29T19:20:41.359+0000] {processor.py:914} INFO - Processing file /opt/airflow/dags/urban_data_pipeline_dag.py for tasks to queue
[2026-06-29T19:20:41.362+0000] {logging_mixin.py:190} INFO - [2026-06-29T19:20:41.362+0000] {dagbag.py:588} INFO - Filling up the DagBag from /opt/airflow/dags/urban_data_pipeline_dag.py
[2026-06-29T19:20:41.527+0000] {processor.py:925} INFO - DAG(s) 'urban_data_pipeline' retrieved from /opt/airflow/dags/urban_data_pipeline_dag.py
[2026-06-29T19:20:41.573+0000] {logging_mixin.py:190} INFO - [2026-06-29T19:20:41.572+0000] {dag.py:3239} INFO - Sync 1 DAGs
[2026-06-29T19:20:41.598+0000] {logging_mixin.py:190} INFO - [2026-06-29T19:20:41.598+0000] {dag.py:4180} INFO - Setting next_dagrun for urban_data_pipeline to 2026-06-01 00:00:00+00:00, run_after=2026-07-01 00:00:00+00:00
[2026-06-29T19:20:41.793+0000] {processor.py:208} INFO - Processing /opt/airflow/dags/urban_data_pipeline_dag.py took 0.451 seconds
[2026-06-29T19:21:12.551+0000] {processor.py:186} INFO - Started process (PID=15268) to work on /opt/airflow/dags/urban_data_pipeline_dag.py
[2026-06-29T19:21:12.553+0000] {processor.py:914} INFO - Processing file /opt/airflow/dags/urban_data_pipeline_dag.py for tasks to queue
[2026-06-29T19:21:12.556+0000] {logging_mixin.py:190} INFO - [2026-06-29T19:21:12.556+0000] {dagbag.py:588} INFO - Filling up the DagBag from /opt/airflow/dags/urban_data_pipeline_dag.py
[2026-06-29T19:21:12.706+0000] {processor.py:925} INFO - DAG(s) 'urban_data_pipeline' retrieved from /opt/airflow/dags/urban_data_pipeline_dag.py
[2026-06-29T19:21:12.754+0000] {logging_mixin.py:190} INFO - [2026-06-29T19:21:12.753+0000] {dag.py:3239} INFO - Sync 1 DAGs
[2026-06-29T19:21:12.941+0000] {logging_mixin.py:190} INFO - [2026-06-29T19:21:12.940+0000] {dag.py:4180} INFO - Setting next_dagrun for urban_data_pipeline to 2026-06-01 00:00:00+00:00, run_after=2026-07-01 00:00:00+00:00
[2026-06-29T19:21:12.970+0000] {processor.py:208} INFO - Processing /opt/airflow/dags/urban_data_pipeline_dag.py took 0.426 seconds
[2026-06-29T19:21:43.633+0000] {processor.py:186} INFO - Started process (PID=15286) to work on /opt/airflow/dags/urban_data_pipeline_dag.py
[2026-06-29T19:21:43.635+0000] {processor.py:914} INFO - Processing file /opt/airflow/dags/urban_data_pipeline_dag.py for tasks to queue
[2026-06-29T19:21:43.638+0000] {logging_mixin.py:190} INFO - [2026-06-29T19:21:43.638+0000] {dagbag.py:588} INFO - Filling up the DagBag from /opt/airflow/dags/urban_data_pipeline_dag.py
[2026-06-29T19:21:43.853+0000] {processor.py:925} INFO - DAG(s) 'urban_data_pipeline' retrieved from /opt/airflow/dags/urban_data_pipeline_dag.py
[2026-06-29T19:21:43.900+0000] {logging_mixin.py:190} INFO - [2026-06-29T19:21:43.899+0000] {dag.py:3239} INFO - Sync 1 DAGs
[2026-06-29T19:21:43.927+0000] {logging_mixin.py:190} INFO - [2026-06-29T19:21:43.926+0000] {dag.py:4180} INFO - Setting next_dagrun for urban_data_pipeline to 2026-06-01 00:00:00+00:00, run_after=2026-07-01 00:00:00+00:00
[2026-06-29T19:21:43.962+0000] {processor.py:208} INFO - Processing /opt/airflow/dags/urban_data_pipeline_dag.py took 0.334 seconds
[2026-06-29T19:22:14.702+0000] {processor.py:186} INFO - Started process (PID=15304) to work on /opt/airflow/dags/urban_data_pipeline_dag.py
[2026-06-29T19:22:14.703+0000] {processor.py:914} INFO - Processing file /opt/airflow/dags/urban_data_pipeline_dag.py for tasks to queue
[2026-06-29T19:22:14.709+0000] {logging_mixin.py:190} INFO - [2026-06-29T19:22:14.708+0000] {dagbag.py:588} INFO - Filling up the DagBag from /opt/airflow/dags/urban_data_pipeline_dag.py
[2026-06-29T19:22:14.952+0000] {processor.py:925} INFO - DAG(s) 'urban_data_pipeline' retrieved from /opt/airflow/dags/urban_data_pipeline_dag.py
[2026-06-29T19:22:14.996+0000] {logging_mixin.py:190} INFO - [2026-06-29T19:22:14.996+0000] {dag.py:3239} INFO - Sync 1 DAGs
[2026-06-29T19:22:15.020+0000] {logging_mixin.py:190} INFO - [2026-06-29T19:22:15.020+0000] {dag.py:4180} INFO - Setting next_dagrun for urban_data_pipeline to 2026-06-01 00:00:00+00:00, run_after=2026-07-01 00:00:00+00:00
[2026-06-29T19:22:15.045+0000] {processor.py:208} INFO - Processing /opt/airflow/dags/urban_data_pipeline_dag.py took 0.349 seconds
