[2026-06-28T09:46:29.408+0000] {processor.py:186} INFO - Started process (PID=191) to work on /opt/airflow/dags/urban_data_streaming_dag.py
[2026-06-28T09:46:29.412+0000] {processor.py:914} INFO - Processing file /opt/airflow/dags/urban_data_streaming_dag.py for tasks to queue
[2026-06-28T09:46:29.417+0000] {logging_mixin.py:190} INFO - [2026-06-28T09:46:29.416+0000] {dagbag.py:588} INFO - Filling up the DagBag from /opt/airflow/dags/urban_data_streaming_dag.py
[2026-06-28T09:46:29.505+0000] {processor.py:925} INFO - DAG(s) 'urban_data_streaming_demo' retrieved from /opt/airflow/dags/urban_data_streaming_dag.py
[2026-06-28T09:46:29.902+0000] {logging_mixin.py:190} INFO - [2026-06-28T09:46:29.901+0000] {override.py:1911} INFO - Created Permission View: can read on DAG:urban_data_streaming_demo
[2026-06-28T09:46:29.923+0000] {logging_mixin.py:190} INFO - [2026-06-28T09:46:29.922+0000] {override.py:1911} INFO - Created Permission View: can edit on DAG:urban_data_streaming_demo
[2026-06-28T09:46:29.938+0000] {logging_mixin.py:190} INFO - [2026-06-28T09:46:29.938+0000] {override.py:1911} INFO - Created Permission View: can delete on DAG:urban_data_streaming_demo
[2026-06-28T09:46:29.958+0000] {logging_mixin.py:190} INFO - [2026-06-28T09:46:29.957+0000] {override.py:1911} INFO - Created Permission View: can create on DAG Run:urban_data_streaming_demo
[2026-06-28T09:46:29.973+0000] {logging_mixin.py:190} INFO - [2026-06-28T09:46:29.973+0000] {override.py:1911} INFO - Created Permission View: can read on DAG Run:urban_data_streaming_demo
[2026-06-28T09:46:29.986+0000] {logging_mixin.py:190} INFO - [2026-06-28T09:46:29.985+0000] {override.py:1911} INFO - Created Permission View: menu access on DAG Run:urban_data_streaming_demo
[2026-06-28T09:46:29.997+0000] {logging_mixin.py:190} INFO - [2026-06-28T09:46:29.997+0000] {override.py:1911} INFO - Created Permission View: can delete on DAG Run:urban_data_streaming_demo
[2026-06-28T09:46:29.998+0000] {logging_mixin.py:190} INFO - [2026-06-28T09:46:29.998+0000] {dag.py:3239} INFO - Sync 1 DAGs
[2026-06-28T09:46:30.015+0000] {logging_mixin.py:190} INFO - [2026-06-28T09:46:30.015+0000] {dag.py:3262} INFO - Creating ORM DAG for urban_data_streaming_demo
[2026-06-28T09:46:30.017+0000] {logging_mixin.py:190} INFO - [2026-06-28T09:46:30.017+0000] {dag.py:4180} INFO - Setting next_dagrun for urban_data_streaming_demo to None, run_after=None
[2026-06-28T09:46:30.060+0000] {processor.py:208} INFO - Processing /opt/airflow/dags/urban_data_streaming_dag.py took 0.670 seconds
[2026-06-28T09:47:00.772+0000] {processor.py:186} INFO - Started process (PID=209) to work on /opt/airflow/dags/urban_data_streaming_dag.py
[2026-06-28T09:47:00.773+0000] {processor.py:914} INFO - Processing file /opt/airflow/dags/urban_data_streaming_dag.py for tasks to queue
[2026-06-28T09:47:00.778+0000] {logging_mixin.py:190} INFO - [2026-06-28T09:47:00.777+0000] {dagbag.py:588} INFO - Filling up the DagBag from /opt/airflow/dags/urban_data_streaming_dag.py
[2026-06-28T09:47:00.833+0000] {processor.py:925} INFO - DAG(s) 'urban_data_streaming_demo' retrieved from /opt/airflow/dags/urban_data_streaming_dag.py
[2026-06-28T09:47:00.891+0000] {logging_mixin.py:190} INFO - [2026-06-28T09:47:00.890+0000] {dag.py:3239} INFO - Sync 1 DAGs
[2026-06-28T09:47:00.920+0000] {logging_mixin.py:190} INFO - [2026-06-28T09:47:00.920+0000] {dag.py:4180} INFO - Setting next_dagrun for urban_data_streaming_demo to None, run_after=None
[2026-06-28T09:47:00.956+0000] {processor.py:208} INFO - Processing /opt/airflow/dags/urban_data_streaming_dag.py took 0.202 seconds
[2026-06-28T09:47:31.633+0000] {processor.py:186} INFO - Started process (PID=247) to work on /opt/airflow/dags/urban_data_streaming_dag.py
[2026-06-28T09:47:31.635+0000] {processor.py:914} INFO - Processing file /opt/airflow/dags/urban_data_streaming_dag.py for tasks to queue
[2026-06-28T09:47:31.640+0000] {logging_mixin.py:190} INFO - [2026-06-28T09:47:31.639+0000] {dagbag.py:588} INFO - Filling up the DagBag from /opt/airflow/dags/urban_data_streaming_dag.py
[2026-06-28T09:47:31.678+0000] {processor.py:925} INFO - DAG(s) 'urban_data_streaming_demo' retrieved from /opt/airflow/dags/urban_data_streaming_dag.py
[2026-06-28T09:47:31.732+0000] {logging_mixin.py:190} INFO - [2026-06-28T09:47:31.731+0000] {dag.py:3239} INFO - Sync 1 DAGs
[2026-06-28T09:47:31.752+0000] {logging_mixin.py:190} INFO - [2026-06-28T09:47:31.751+0000] {dag.py:4180} INFO - Setting next_dagrun for urban_data_streaming_demo to None, run_after=None
[2026-06-28T09:47:31.786+0000] {processor.py:208} INFO - Processing /opt/airflow/dags/urban_data_streaming_dag.py took 0.169 seconds
[2026-06-28T09:48:02.492+0000] {processor.py:186} INFO - Started process (PID=288) to work on /opt/airflow/dags/urban_data_streaming_dag.py
[2026-06-28T09:48:02.495+0000] {processor.py:914} INFO - Processing file /opt/airflow/dags/urban_data_streaming_dag.py for tasks to queue
[2026-06-28T09:48:02.500+0000] {logging_mixin.py:190} INFO - [2026-06-28T09:48:02.500+0000] {dagbag.py:588} INFO - Filling up the DagBag from /opt/airflow/dags/urban_data_streaming_dag.py
[2026-06-28T09:48:02.548+0000] {processor.py:925} INFO - DAG(s) 'urban_data_streaming_demo' retrieved from /opt/airflow/dags/urban_data_streaming_dag.py
[2026-06-28T09:48:02.602+0000] {logging_mixin.py:190} INFO - [2026-06-28T09:48:02.602+0000] {dag.py:3239} INFO - Sync 1 DAGs
[2026-06-28T09:48:02.630+0000] {logging_mixin.py:190} INFO - [2026-06-28T09:48:02.630+0000] {dag.py:4180} INFO - Setting next_dagrun for urban_data_streaming_demo to None, run_after=None
[2026-06-28T09:48:02.668+0000] {processor.py:208} INFO - Processing /opt/airflow/dags/urban_data_streaming_dag.py took 0.195 seconds
[2026-06-28T09:48:33.404+0000] {processor.py:186} INFO - Started process (PID=329) to work on /opt/airflow/dags/urban_data_streaming_dag.py
[2026-06-28T09:48:33.406+0000] {processor.py:914} INFO - Processing file /opt/airflow/dags/urban_data_streaming_dag.py for tasks to queue
[2026-06-28T09:48:33.410+0000] {logging_mixin.py:190} INFO - [2026-06-28T09:48:33.410+0000] {dagbag.py:588} INFO - Filling up the DagBag from /opt/airflow/dags/urban_data_streaming_dag.py
[2026-06-28T09:48:33.453+0000] {processor.py:925} INFO - DAG(s) 'urban_data_streaming_demo' retrieved from /opt/airflow/dags/urban_data_streaming_dag.py
[2026-06-28T09:48:33.503+0000] {logging_mixin.py:190} INFO - [2026-06-28T09:48:33.503+0000] {dag.py:3239} INFO - Sync 1 DAGs
[2026-06-28T09:48:33.521+0000] {logging_mixin.py:190} INFO - [2026-06-28T09:48:33.521+0000] {dag.py:4180} INFO - Setting next_dagrun for urban_data_streaming_demo to None, run_after=None
[2026-06-28T09:48:33.555+0000] {processor.py:208} INFO - Processing /opt/airflow/dags/urban_data_streaming_dag.py took 0.167 seconds
[2026-06-28T09:49:04.248+0000] {processor.py:186} INFO - Started process (PID=346) to work on /opt/airflow/dags/urban_data_streaming_dag.py
[2026-06-28T09:49:04.251+0000] {processor.py:914} INFO - Processing file /opt/airflow/dags/urban_data_streaming_dag.py for tasks to queue
[2026-06-28T09:49:04.259+0000] {logging_mixin.py:190} INFO - [2026-06-28T09:49:04.258+0000] {dagbag.py:588} INFO - Filling up the DagBag from /opt/airflow/dags/urban_data_streaming_dag.py
[2026-06-28T09:49:04.319+0000] {processor.py:925} INFO - DAG(s) 'urban_data_streaming_demo' retrieved from /opt/airflow/dags/urban_data_streaming_dag.py
[2026-06-28T09:49:04.386+0000] {logging_mixin.py:190} INFO - [2026-06-28T09:49:04.386+0000] {dag.py:3239} INFO - Sync 1 DAGs
[2026-06-28T09:49:04.416+0000] {logging_mixin.py:190} INFO - [2026-06-28T09:49:04.416+0000] {dag.py:4180} INFO - Setting next_dagrun for urban_data_streaming_demo to None, run_after=None
[2026-06-28T09:49:04.460+0000] {processor.py:208} INFO - Processing /opt/airflow/dags/urban_data_streaming_dag.py took 0.239 seconds
[2026-06-28T09:49:34.674+0000] {processor.py:186} INFO - Started process (PID=357) to work on /opt/airflow/dags/urban_data_streaming_dag.py
[2026-06-28T09:49:34.675+0000] {processor.py:914} INFO - Processing file /opt/airflow/dags/urban_data_streaming_dag.py for tasks to queue
[2026-06-28T09:49:34.680+0000] {logging_mixin.py:190} INFO - [2026-06-28T09:49:34.679+0000] {dagbag.py:588} INFO - Filling up the DagBag from /opt/airflow/dags/urban_data_streaming_dag.py
[2026-06-28T09:49:34.725+0000] {processor.py:925} INFO - DAG(s) 'urban_data_streaming_demo' retrieved from /opt/airflow/dags/urban_data_streaming_dag.py
[2026-06-28T09:49:34.777+0000] {logging_mixin.py:190} INFO - [2026-06-28T09:49:34.777+0000] {dag.py:3239} INFO - Sync 1 DAGs
[2026-06-28T09:49:34.797+0000] {logging_mixin.py:190} INFO - [2026-06-28T09:49:34.797+0000] {dag.py:4180} INFO - Setting next_dagrun for urban_data_streaming_demo to None, run_after=None
[2026-06-28T09:49:34.828+0000] {processor.py:208} INFO - Processing /opt/airflow/dags/urban_data_streaming_dag.py took 0.173 seconds
[2026-06-28T09:50:05.394+0000] {processor.py:186} INFO - Started process (PID=375) to work on /opt/airflow/dags/urban_data_streaming_dag.py
[2026-06-28T09:50:05.396+0000] {processor.py:914} INFO - Processing file /opt/airflow/dags/urban_data_streaming_dag.py for tasks to queue
[2026-06-28T09:50:05.399+0000] {logging_mixin.py:190} INFO - [2026-06-28T09:50:05.399+0000] {dagbag.py:588} INFO - Filling up the DagBag from /opt/airflow/dags/urban_data_streaming_dag.py
[2026-06-28T09:50:05.429+0000] {processor.py:925} INFO - DAG(s) 'urban_data_streaming_demo' retrieved from /opt/airflow/dags/urban_data_streaming_dag.py
[2026-06-28T09:50:05.477+0000] {logging_mixin.py:190} INFO - [2026-06-28T09:50:05.476+0000] {dag.py:3239} INFO - Sync 1 DAGs
[2026-06-28T09:50:05.493+0000] {logging_mixin.py:190} INFO - [2026-06-28T09:50:05.493+0000] {dag.py:4180} INFO - Setting next_dagrun for urban_data_streaming_demo to None, run_after=None
[2026-06-28T09:50:05.531+0000] {processor.py:208} INFO - Processing /opt/airflow/dags/urban_data_streaming_dag.py took 0.150 seconds
[2026-06-28T09:50:36.336+0000] {processor.py:186} INFO - Started process (PID=393) to work on /opt/airflow/dags/urban_data_streaming_dag.py
[2026-06-28T09:50:36.339+0000] {processor.py:914} INFO - Processing file /opt/airflow/dags/urban_data_streaming_dag.py for tasks to queue
[2026-06-28T09:50:36.343+0000] {logging_mixin.py:190} INFO - [2026-06-28T09:50:36.342+0000] {dagbag.py:588} INFO - Filling up the DagBag from /opt/airflow/dags/urban_data_streaming_dag.py
[2026-06-28T09:50:36.417+0000] {processor.py:925} INFO - DAG(s) 'urban_data_streaming_demo' retrieved from /opt/airflow/dags/urban_data_streaming_dag.py
[2026-06-28T09:50:36.530+0000] {logging_mixin.py:190} INFO - [2026-06-28T09:50:36.529+0000] {dag.py:3239} INFO - Sync 1 DAGs
[2026-06-28T09:50:36.563+0000] {logging_mixin.py:190} INFO - [2026-06-28T09:50:36.562+0000] {dag.py:4180} INFO - Setting next_dagrun for urban_data_streaming_demo to None, run_after=None
[2026-06-28T09:50:36.598+0000] {processor.py:208} INFO - Processing /opt/airflow/dags/urban_data_streaming_dag.py took 0.293 seconds
[2026-06-28T09:51:07.207+0000] {processor.py:186} INFO - Started process (PID=411) to work on /opt/airflow/dags/urban_data_streaming_dag.py
[2026-06-28T09:51:07.211+0000] {processor.py:914} INFO - Processing file /opt/airflow/dags/urban_data_streaming_dag.py for tasks to queue
[2026-06-28T09:51:07.218+0000] {logging_mixin.py:190} INFO - [2026-06-28T09:51:07.217+0000] {dagbag.py:588} INFO - Filling up the DagBag from /opt/airflow/dags/urban_data_streaming_dag.py
[2026-06-28T09:51:07.312+0000] {processor.py:925} INFO - DAG(s) 'urban_data_streaming_demo' retrieved from /opt/airflow/dags/urban_data_streaming_dag.py
[2026-06-28T09:51:07.394+0000] {logging_mixin.py:190} INFO - [2026-06-28T09:51:07.393+0000] {dag.py:3239} INFO - Sync 1 DAGs
[2026-06-28T09:51:07.421+0000] {logging_mixin.py:190} INFO - [2026-06-28T09:51:07.421+0000] {dag.py:4180} INFO - Setting next_dagrun for urban_data_streaming_demo to None, run_after=None
[2026-06-28T09:51:07.460+0000] {processor.py:208} INFO - Processing /opt/airflow/dags/urban_data_streaming_dag.py took 0.300 seconds
[2026-06-28T09:51:38.142+0000] {processor.py:186} INFO - Started process (PID=429) to work on /opt/airflow/dags/urban_data_streaming_dag.py
[2026-06-28T09:51:38.144+0000] {processor.py:914} INFO - Processing file /opt/airflow/dags/urban_data_streaming_dag.py for tasks to queue
[2026-06-28T09:51:38.148+0000] {logging_mixin.py:190} INFO - [2026-06-28T09:51:38.148+0000] {dagbag.py:588} INFO - Filling up the DagBag from /opt/airflow/dags/urban_data_streaming_dag.py
[2026-06-28T09:51:38.198+0000] {processor.py:925} INFO - DAG(s) 'urban_data_streaming_demo' retrieved from /opt/airflow/dags/urban_data_streaming_dag.py
[2026-06-28T09:51:38.256+0000] {logging_mixin.py:190} INFO - [2026-06-28T09:51:38.255+0000] {dag.py:3239} INFO - Sync 1 DAGs
[2026-06-28T09:51:38.286+0000] {logging_mixin.py:190} INFO - [2026-06-28T09:51:38.285+0000] {dag.py:4180} INFO - Setting next_dagrun for urban_data_streaming_demo to None, run_after=None
[2026-06-28T09:51:38.323+0000] {processor.py:208} INFO - Processing /opt/airflow/dags/urban_data_streaming_dag.py took 0.201 seconds
[2026-06-28T09:52:09.183+0000] {processor.py:186} INFO - Started process (PID=447) to work on /opt/airflow/dags/urban_data_streaming_dag.py
[2026-06-28T09:52:09.185+0000] {processor.py:914} INFO - Processing file /opt/airflow/dags/urban_data_streaming_dag.py for tasks to queue
[2026-06-28T09:52:09.190+0000] {logging_mixin.py:190} INFO - [2026-06-28T09:52:09.190+0000] {dagbag.py:588} INFO - Filling up the DagBag from /opt/airflow/dags/urban_data_streaming_dag.py
[2026-06-28T09:52:09.270+0000] {processor.py:925} INFO - DAG(s) 'urban_data_streaming_demo' retrieved from /opt/airflow/dags/urban_data_streaming_dag.py
[2026-06-28T09:52:09.325+0000] {logging_mixin.py:190} INFO - [2026-06-28T09:52:09.325+0000] {dag.py:3239} INFO - Sync 1 DAGs
[2026-06-28T09:52:09.347+0000] {logging_mixin.py:190} INFO - [2026-06-28T09:52:09.347+0000] {dag.py:4180} INFO - Setting next_dagrun for urban_data_streaming_demo to None, run_after=None
[2026-06-28T09:52:09.381+0000] {processor.py:208} INFO - Processing /opt/airflow/dags/urban_data_streaming_dag.py took 0.227 seconds
[2026-06-28T09:52:39.756+0000] {processor.py:186} INFO - Started process (PID=465) to work on /opt/airflow/dags/urban_data_streaming_dag.py
[2026-06-28T09:52:39.759+0000] {processor.py:914} INFO - Processing file /opt/airflow/dags/urban_data_streaming_dag.py for tasks to queue
[2026-06-28T09:52:39.765+0000] {logging_mixin.py:190} INFO - [2026-06-28T09:52:39.764+0000] {dagbag.py:588} INFO - Filling up the DagBag from /opt/airflow/dags/urban_data_streaming_dag.py
[2026-06-28T09:52:39.822+0000] {processor.py:925} INFO - DAG(s) 'urban_data_streaming_demo' retrieved from /opt/airflow/dags/urban_data_streaming_dag.py
[2026-06-28T09:52:39.896+0000] {logging_mixin.py:190} INFO - [2026-06-28T09:52:39.895+0000] {dag.py:3239} INFO - Sync 1 DAGs
[2026-06-28T09:52:39.924+0000] {logging_mixin.py:190} INFO - [2026-06-28T09:52:39.924+0000] {dag.py:4180} INFO - Setting next_dagrun for urban_data_streaming_demo to None, run_after=None
[2026-06-28T09:52:39.970+0000] {processor.py:208} INFO - Processing /opt/airflow/dags/urban_data_streaming_dag.py took 0.234 seconds
[2026-06-28T09:53:10.562+0000] {processor.py:186} INFO - Started process (PID=476) to work on /opt/airflow/dags/urban_data_streaming_dag.py
[2026-06-28T09:53:10.564+0000] {processor.py:914} INFO - Processing file /opt/airflow/dags/urban_data_streaming_dag.py for tasks to queue
[2026-06-28T09:53:10.569+0000] {logging_mixin.py:190} INFO - [2026-06-28T09:53:10.568+0000] {dagbag.py:588} INFO - Filling up the DagBag from /opt/airflow/dags/urban_data_streaming_dag.py
[2026-06-28T09:53:10.647+0000] {processor.py:925} INFO - DAG(s) 'urban_data_streaming_demo' retrieved from /opt/airflow/dags/urban_data_streaming_dag.py
[2026-06-28T09:53:10.713+0000] {logging_mixin.py:190} INFO - [2026-06-28T09:53:10.712+0000] {dag.py:3239} INFO - Sync 1 DAGs
[2026-06-28T09:53:10.737+0000] {logging_mixin.py:190} INFO - [2026-06-28T09:53:10.737+0000] {dag.py:4180} INFO - Setting next_dagrun for urban_data_streaming_demo to None, run_after=None
[2026-06-28T09:53:10.775+0000] {processor.py:208} INFO - Processing /opt/airflow/dags/urban_data_streaming_dag.py took 0.239 seconds
[2026-06-28T09:53:41.282+0000] {processor.py:186} INFO - Started process (PID=494) to work on /opt/airflow/dags/urban_data_streaming_dag.py
[2026-06-28T09:53:41.285+0000] {processor.py:914} INFO - Processing file /opt/airflow/dags/urban_data_streaming_dag.py for tasks to queue
[2026-06-28T09:53:41.288+0000] {logging_mixin.py:190} INFO - [2026-06-28T09:53:41.288+0000] {dagbag.py:588} INFO - Filling up the DagBag from /opt/airflow/dags/urban_data_streaming_dag.py
[2026-06-28T09:53:41.339+0000] {processor.py:925} INFO - DAG(s) 'urban_data_streaming_demo' retrieved from /opt/airflow/dags/urban_data_streaming_dag.py
[2026-06-28T09:53:41.388+0000] {logging_mixin.py:190} INFO - [2026-06-28T09:53:41.388+0000] {dag.py:3239} INFO - Sync 1 DAGs
[2026-06-28T09:53:41.408+0000] {logging_mixin.py:190} INFO - [2026-06-28T09:53:41.408+0000] {dag.py:4180} INFO - Setting next_dagrun for urban_data_streaming_demo to None, run_after=None
[2026-06-28T09:53:41.440+0000] {processor.py:208} INFO - Processing /opt/airflow/dags/urban_data_streaming_dag.py took 0.176 seconds
[2026-06-28T09:54:12.234+0000] {processor.py:186} INFO - Started process (PID=512) to work on /opt/airflow/dags/urban_data_streaming_dag.py
[2026-06-28T09:54:12.237+0000] {processor.py:914} INFO - Processing file /opt/airflow/dags/urban_data_streaming_dag.py for tasks to queue
[2026-06-28T09:54:12.241+0000] {logging_mixin.py:190} INFO - [2026-06-28T09:54:12.241+0000] {dagbag.py:588} INFO - Filling up the DagBag from /opt/airflow/dags/urban_data_streaming_dag.py
[2026-06-28T09:54:12.295+0000] {processor.py:925} INFO - DAG(s) 'urban_data_streaming_demo' retrieved from /opt/airflow/dags/urban_data_streaming_dag.py
[2026-06-28T09:54:12.344+0000] {logging_mixin.py:190} INFO - [2026-06-28T09:54:12.343+0000] {dag.py:3239} INFO - Sync 1 DAGs
[2026-06-28T09:54:12.365+0000] {logging_mixin.py:190} INFO - [2026-06-28T09:54:12.364+0000] {dag.py:4180} INFO - Setting next_dagrun for urban_data_streaming_demo to None, run_after=None
[2026-06-28T09:54:12.398+0000] {processor.py:208} INFO - Processing /opt/airflow/dags/urban_data_streaming_dag.py took 0.181 seconds
[2026-06-28T09:54:43.144+0000] {processor.py:186} INFO - Started process (PID=590) to work on /opt/airflow/dags/urban_data_streaming_dag.py
[2026-06-28T09:54:43.147+0000] {processor.py:914} INFO - Processing file /opt/airflow/dags/urban_data_streaming_dag.py for tasks to queue
[2026-06-28T09:54:43.153+0000] {logging_mixin.py:190} INFO - [2026-06-28T09:54:43.152+0000] {dagbag.py:588} INFO - Filling up the DagBag from /opt/airflow/dags/urban_data_streaming_dag.py
[2026-06-28T09:54:43.222+0000] {processor.py:925} INFO - DAG(s) 'urban_data_streaming_demo' retrieved from /opt/airflow/dags/urban_data_streaming_dag.py
[2026-06-28T09:54:43.285+0000] {logging_mixin.py:190} INFO - [2026-06-28T09:54:43.285+0000] {dag.py:3239} INFO - Sync 1 DAGs
[2026-06-28T09:54:43.308+0000] {logging_mixin.py:190} INFO - [2026-06-28T09:54:43.308+0000] {dag.py:4180} INFO - Setting next_dagrun for urban_data_streaming_demo to None, run_after=None
[2026-06-28T09:54:43.343+0000] {processor.py:208} INFO - Processing /opt/airflow/dags/urban_data_streaming_dag.py took 0.228 seconds
[2026-06-28T09:55:13.632+0000] {processor.py:186} INFO - Started process (PID=607) to work on /opt/airflow/dags/urban_data_streaming_dag.py
[2026-06-28T09:55:13.637+0000] {processor.py:914} INFO - Processing file /opt/airflow/dags/urban_data_streaming_dag.py for tasks to queue
[2026-06-28T09:55:13.644+0000] {logging_mixin.py:190} INFO - [2026-06-28T09:55:13.643+0000] {dagbag.py:588} INFO - Filling up the DagBag from /opt/airflow/dags/urban_data_streaming_dag.py
[2026-06-28T09:55:13.725+0000] {processor.py:925} INFO - DAG(s) 'urban_data_streaming_demo' retrieved from /opt/airflow/dags/urban_data_streaming_dag.py
[2026-06-28T09:55:13.784+0000] {logging_mixin.py:190} INFO - [2026-06-28T09:55:13.784+0000] {dag.py:3239} INFO - Sync 1 DAGs
[2026-06-28T09:55:13.805+0000] {logging_mixin.py:190} INFO - [2026-06-28T09:55:13.805+0000] {dag.py:4180} INFO - Setting next_dagrun for urban_data_streaming_demo to None, run_after=None
[2026-06-28T09:55:13.838+0000] {processor.py:208} INFO - Processing /opt/airflow/dags/urban_data_streaming_dag.py took 0.261 seconds
[2026-06-28T09:55:44.069+0000] {processor.py:186} INFO - Started process (PID=618) to work on /opt/airflow/dags/urban_data_streaming_dag.py
[2026-06-28T09:55:44.072+0000] {processor.py:914} INFO - Processing file /opt/airflow/dags/urban_data_streaming_dag.py for tasks to queue
[2026-06-28T09:55:44.077+0000] {logging_mixin.py:190} INFO - [2026-06-28T09:55:44.076+0000] {dagbag.py:588} INFO - Filling up the DagBag from /opt/airflow/dags/urban_data_streaming_dag.py
[2026-06-28T09:55:44.147+0000] {processor.py:925} INFO - DAG(s) 'urban_data_streaming_demo' retrieved from /opt/airflow/dags/urban_data_streaming_dag.py
[2026-06-28T09:55:44.209+0000] {logging_mixin.py:190} INFO - [2026-06-28T09:55:44.208+0000] {dag.py:3239} INFO - Sync 1 DAGs
[2026-06-28T09:55:44.230+0000] {logging_mixin.py:190} INFO - [2026-06-28T09:55:44.230+0000] {dag.py:4180} INFO - Setting next_dagrun for urban_data_streaming_demo to None, run_after=None
[2026-06-28T09:55:44.262+0000] {processor.py:208} INFO - Processing /opt/airflow/dags/urban_data_streaming_dag.py took 0.219 seconds
[2026-06-28T09:56:14.570+0000] {processor.py:186} INFO - Started process (PID=636) to work on /opt/airflow/dags/urban_data_streaming_dag.py
[2026-06-28T09:56:14.573+0000] {processor.py:914} INFO - Processing file /opt/airflow/dags/urban_data_streaming_dag.py for tasks to queue
[2026-06-28T09:56:14.579+0000] {logging_mixin.py:190} INFO - [2026-06-28T09:56:14.578+0000] {dagbag.py:588} INFO - Filling up the DagBag from /opt/airflow/dags/urban_data_streaming_dag.py
[2026-06-28T09:56:14.638+0000] {processor.py:925} INFO - DAG(s) 'urban_data_streaming_demo' retrieved from /opt/airflow/dags/urban_data_streaming_dag.py
[2026-06-28T09:56:14.702+0000] {logging_mixin.py:190} INFO - [2026-06-28T09:56:14.702+0000] {dag.py:3239} INFO - Sync 1 DAGs
[2026-06-28T09:56:14.726+0000] {logging_mixin.py:190} INFO - [2026-06-28T09:56:14.725+0000] {dag.py:4180} INFO - Setting next_dagrun for urban_data_streaming_demo to None, run_after=None
[2026-06-28T09:56:14.765+0000] {processor.py:208} INFO - Processing /opt/airflow/dags/urban_data_streaming_dag.py took 0.224 seconds
[2026-06-28T09:56:45.551+0000] {processor.py:186} INFO - Started process (PID=654) to work on /opt/airflow/dags/urban_data_streaming_dag.py
[2026-06-28T09:56:45.554+0000] {processor.py:914} INFO - Processing file /opt/airflow/dags/urban_data_streaming_dag.py for tasks to queue
[2026-06-28T09:56:45.557+0000] {logging_mixin.py:190} INFO - [2026-06-28T09:56:45.557+0000] {dagbag.py:588} INFO - Filling up the DagBag from /opt/airflow/dags/urban_data_streaming_dag.py
[2026-06-28T09:56:45.629+0000] {processor.py:925} INFO - DAG(s) 'urban_data_streaming_demo' retrieved from /opt/airflow/dags/urban_data_streaming_dag.py
[2026-06-28T09:56:45.677+0000] {logging_mixin.py:190} INFO - [2026-06-28T09:56:45.677+0000] {dag.py:3239} INFO - Sync 1 DAGs
[2026-06-28T09:56:45.695+0000] {logging_mixin.py:190} INFO - [2026-06-28T09:56:45.695+0000] {dag.py:4180} INFO - Setting next_dagrun for urban_data_streaming_demo to None, run_after=None
[2026-06-28T09:56:45.725+0000] {processor.py:208} INFO - Processing /opt/airflow/dags/urban_data_streaming_dag.py took 0.201 seconds
[2026-06-28T09:57:16.109+0000] {processor.py:186} INFO - Started process (PID=672) to work on /opt/airflow/dags/urban_data_streaming_dag.py
[2026-06-28T09:57:16.111+0000] {processor.py:914} INFO - Processing file /opt/airflow/dags/urban_data_streaming_dag.py for tasks to queue
[2026-06-28T09:57:16.115+0000] {logging_mixin.py:190} INFO - [2026-06-28T09:57:16.114+0000] {dagbag.py:588} INFO - Filling up the DagBag from /opt/airflow/dags/urban_data_streaming_dag.py
[2026-06-28T09:57:16.170+0000] {processor.py:925} INFO - DAG(s) 'urban_data_streaming_demo' retrieved from /opt/airflow/dags/urban_data_streaming_dag.py
[2026-06-28T09:57:16.221+0000] {logging_mixin.py:190} INFO - [2026-06-28T09:57:16.221+0000] {dag.py:3239} INFO - Sync 1 DAGs
[2026-06-28T09:57:16.239+0000] {logging_mixin.py:190} INFO - [2026-06-28T09:57:16.238+0000] {dag.py:4180} INFO - Setting next_dagrun for urban_data_streaming_demo to None, run_after=None
[2026-06-28T09:57:16.269+0000] {processor.py:208} INFO - Processing /opt/airflow/dags/urban_data_streaming_dag.py took 0.181 seconds
[2026-06-28T09:57:46.849+0000] {processor.py:186} INFO - Started process (PID=690) to work on /opt/airflow/dags/urban_data_streaming_dag.py
[2026-06-28T09:57:46.852+0000] {processor.py:914} INFO - Processing file /opt/airflow/dags/urban_data_streaming_dag.py for tasks to queue
[2026-06-28T09:57:46.857+0000] {logging_mixin.py:190} INFO - [2026-06-28T09:57:46.856+0000] {dagbag.py:588} INFO - Filling up the DagBag from /opt/airflow/dags/urban_data_streaming_dag.py
[2026-06-28T09:57:46.928+0000] {processor.py:925} INFO - DAG(s) 'urban_data_streaming_demo' retrieved from /opt/airflow/dags/urban_data_streaming_dag.py
[2026-06-28T09:57:47.013+0000] {logging_mixin.py:190} INFO - [2026-06-28T09:57:47.012+0000] {dag.py:3239} INFO - Sync 1 DAGs
[2026-06-28T09:57:47.040+0000] {logging_mixin.py:190} INFO - [2026-06-28T09:57:47.039+0000] {dag.py:4180} INFO - Setting next_dagrun for urban_data_streaming_demo to None, run_after=None
[2026-06-28T09:57:47.070+0000] {processor.py:208} INFO - Processing /opt/airflow/dags/urban_data_streaming_dag.py took 0.247 seconds
[2026-06-28T09:58:17.707+0000] {processor.py:186} INFO - Started process (PID=711) to work on /opt/airflow/dags/urban_data_streaming_dag.py
[2026-06-28T09:58:17.709+0000] {processor.py:914} INFO - Processing file /opt/airflow/dags/urban_data_streaming_dag.py for tasks to queue
[2026-06-28T09:58:17.713+0000] {logging_mixin.py:190} INFO - [2026-06-28T09:58:17.713+0000] {dagbag.py:588} INFO - Filling up the DagBag from /opt/airflow/dags/urban_data_streaming_dag.py
[2026-06-28T09:58:17.794+0000] {processor.py:925} INFO - DAG(s) 'urban_data_streaming_demo' retrieved from /opt/airflow/dags/urban_data_streaming_dag.py
[2026-06-28T09:58:17.869+0000] {logging_mixin.py:190} INFO - [2026-06-28T09:58:17.869+0000] {dag.py:3239} INFO - Sync 1 DAGs
[2026-06-28T09:58:17.891+0000] {logging_mixin.py:190} INFO - [2026-06-28T09:58:17.891+0000] {dag.py:4180} INFO - Setting next_dagrun for urban_data_streaming_demo to None, run_after=None
[2026-06-28T09:58:17.929+0000] {processor.py:208} INFO - Processing /opt/airflow/dags/urban_data_streaming_dag.py took 0.249 seconds
[2026-06-28T09:58:48.274+0000] {processor.py:186} INFO - Started process (PID=721) to work on /opt/airflow/dags/urban_data_streaming_dag.py
[2026-06-28T09:58:48.279+0000] {processor.py:914} INFO - Processing file /opt/airflow/dags/urban_data_streaming_dag.py for tasks to queue
[2026-06-28T09:58:48.288+0000] {logging_mixin.py:190} INFO - [2026-06-28T09:58:48.287+0000] {dagbag.py:588} INFO - Filling up the DagBag from /opt/airflow/dags/urban_data_streaming_dag.py
[2026-06-28T09:58:48.356+0000] {processor.py:925} INFO - DAG(s) 'urban_data_streaming_demo' retrieved from /opt/airflow/dags/urban_data_streaming_dag.py
[2026-06-28T09:58:48.421+0000] {logging_mixin.py:190} INFO - [2026-06-28T09:58:48.421+0000] {dag.py:3239} INFO - Sync 1 DAGs
[2026-06-28T09:58:48.448+0000] {logging_mixin.py:190} INFO - [2026-06-28T09:58:48.448+0000] {dag.py:4180} INFO - Setting next_dagrun for urban_data_streaming_demo to None, run_after=None
[2026-06-28T09:58:48.498+0000] {processor.py:208} INFO - Processing /opt/airflow/dags/urban_data_streaming_dag.py took 0.285 seconds
[2026-06-28T09:59:19.101+0000] {processor.py:186} INFO - Started process (PID=739) to work on /opt/airflow/dags/urban_data_streaming_dag.py
[2026-06-28T09:59:19.103+0000] {processor.py:914} INFO - Processing file /opt/airflow/dags/urban_data_streaming_dag.py for tasks to queue
[2026-06-28T09:59:19.107+0000] {logging_mixin.py:190} INFO - [2026-06-28T09:59:19.106+0000] {dagbag.py:588} INFO - Filling up the DagBag from /opt/airflow/dags/urban_data_streaming_dag.py
[2026-06-28T09:59:19.155+0000] {processor.py:925} INFO - DAG(s) 'urban_data_streaming_demo' retrieved from /opt/airflow/dags/urban_data_streaming_dag.py
[2026-06-28T09:59:19.202+0000] {logging_mixin.py:190} INFO - [2026-06-28T09:59:19.201+0000] {dag.py:3239} INFO - Sync 1 DAGs
[2026-06-28T09:59:19.224+0000] {logging_mixin.py:190} INFO - [2026-06-28T09:59:19.224+0000] {dag.py:4180} INFO - Setting next_dagrun for urban_data_streaming_demo to None, run_after=None
[2026-06-28T09:59:19.263+0000] {processor.py:208} INFO - Processing /opt/airflow/dags/urban_data_streaming_dag.py took 0.183 seconds
[2026-06-28T09:59:49.615+0000] {processor.py:186} INFO - Started process (PID=757) to work on /opt/airflow/dags/urban_data_streaming_dag.py
[2026-06-28T09:59:49.617+0000] {processor.py:914} INFO - Processing file /opt/airflow/dags/urban_data_streaming_dag.py for tasks to queue
[2026-06-28T09:59:49.620+0000] {logging_mixin.py:190} INFO - [2026-06-28T09:59:49.620+0000] {dagbag.py:588} INFO - Filling up the DagBag from /opt/airflow/dags/urban_data_streaming_dag.py
[2026-06-28T09:59:49.667+0000] {processor.py:925} INFO - DAG(s) 'urban_data_streaming_demo' retrieved from /opt/airflow/dags/urban_data_streaming_dag.py
[2026-06-28T09:59:49.717+0000] {logging_mixin.py:190} INFO - [2026-06-28T09:59:49.716+0000] {dag.py:3239} INFO - Sync 1 DAGs
[2026-06-28T09:59:49.738+0000] {logging_mixin.py:190} INFO - [2026-06-28T09:59:49.737+0000] {dag.py:4180} INFO - Setting next_dagrun for urban_data_streaming_demo to None, run_after=None
[2026-06-28T09:59:49.774+0000] {processor.py:208} INFO - Processing /opt/airflow/dags/urban_data_streaming_dag.py took 0.176 seconds
[2026-06-28T10:00:20.067+0000] {processor.py:186} INFO - Started process (PID=775) to work on /opt/airflow/dags/urban_data_streaming_dag.py
[2026-06-28T10:00:20.069+0000] {processor.py:914} INFO - Processing file /opt/airflow/dags/urban_data_streaming_dag.py for tasks to queue
[2026-06-28T10:00:20.073+0000] {logging_mixin.py:190} INFO - [2026-06-28T10:00:20.073+0000] {dagbag.py:588} INFO - Filling up the DagBag from /opt/airflow/dags/urban_data_streaming_dag.py
[2026-06-28T10:00:20.121+0000] {processor.py:925} INFO - DAG(s) 'urban_data_streaming_demo' retrieved from /opt/airflow/dags/urban_data_streaming_dag.py
[2026-06-28T10:00:20.177+0000] {logging_mixin.py:190} INFO - [2026-06-28T10:00:20.177+0000] {dag.py:3239} INFO - Sync 1 DAGs
[2026-06-28T10:00:20.199+0000] {logging_mixin.py:190} INFO - [2026-06-28T10:00:20.199+0000] {dag.py:4180} INFO - Setting next_dagrun for urban_data_streaming_demo to None, run_after=None
[2026-06-28T10:00:20.233+0000] {processor.py:208} INFO - Processing /opt/airflow/dags/urban_data_streaming_dag.py took 0.185 seconds
[2026-06-28T10:00:51.241+0000] {processor.py:186} INFO - Started process (PID=793) to work on /opt/airflow/dags/urban_data_streaming_dag.py
[2026-06-28T10:00:51.243+0000] {processor.py:914} INFO - Processing file /opt/airflow/dags/urban_data_streaming_dag.py for tasks to queue
[2026-06-28T10:00:51.247+0000] {logging_mixin.py:190} INFO - [2026-06-28T10:00:51.246+0000] {dagbag.py:588} INFO - Filling up the DagBag from /opt/airflow/dags/urban_data_streaming_dag.py
[2026-06-28T10:00:51.304+0000] {processor.py:925} INFO - DAG(s) 'urban_data_streaming_demo' retrieved from /opt/airflow/dags/urban_data_streaming_dag.py
[2026-06-28T10:00:51.361+0000] {logging_mixin.py:190} INFO - [2026-06-28T10:00:51.360+0000] {dag.py:3239} INFO - Sync 1 DAGs
[2026-06-28T10:00:51.386+0000] {logging_mixin.py:190} INFO - [2026-06-28T10:00:51.385+0000] {dag.py:4180} INFO - Setting next_dagrun for urban_data_streaming_demo to None, run_after=None
[2026-06-28T10:00:51.448+0000] {processor.py:208} INFO - Processing /opt/airflow/dags/urban_data_streaming_dag.py took 0.227 seconds
[2026-06-28T10:01:21.840+0000] {processor.py:186} INFO - Started process (PID=810) to work on /opt/airflow/dags/urban_data_streaming_dag.py
[2026-06-28T10:01:21.842+0000] {processor.py:914} INFO - Processing file /opt/airflow/dags/urban_data_streaming_dag.py for tasks to queue
[2026-06-28T10:01:21.847+0000] {logging_mixin.py:190} INFO - [2026-06-28T10:01:21.846+0000] {dagbag.py:588} INFO - Filling up the DagBag from /opt/airflow/dags/urban_data_streaming_dag.py
[2026-06-28T10:01:21.931+0000] {processor.py:925} INFO - DAG(s) 'urban_data_streaming_demo' retrieved from /opt/airflow/dags/urban_data_streaming_dag.py
[2026-06-28T10:01:21.992+0000] {logging_mixin.py:190} INFO - [2026-06-28T10:01:21.991+0000] {dag.py:3239} INFO - Sync 1 DAGs
[2026-06-28T10:01:22.012+0000] {logging_mixin.py:190} INFO - [2026-06-28T10:01:22.011+0000] {dag.py:4180} INFO - Setting next_dagrun for urban_data_streaming_demo to None, run_after=None
[2026-06-28T10:01:22.045+0000] {processor.py:208} INFO - Processing /opt/airflow/dags/urban_data_streaming_dag.py took 0.238 seconds
[2026-06-28T10:01:52.725+0000] {processor.py:186} INFO - Started process (PID=821) to work on /opt/airflow/dags/urban_data_streaming_dag.py
[2026-06-28T10:01:52.726+0000] {processor.py:914} INFO - Processing file /opt/airflow/dags/urban_data_streaming_dag.py for tasks to queue
[2026-06-28T10:01:52.730+0000] {logging_mixin.py:190} INFO - [2026-06-28T10:01:52.729+0000] {dagbag.py:588} INFO - Filling up the DagBag from /opt/airflow/dags/urban_data_streaming_dag.py
[2026-06-28T10:01:52.776+0000] {processor.py:925} INFO - DAG(s) 'urban_data_streaming_demo' retrieved from /opt/airflow/dags/urban_data_streaming_dag.py
[2026-06-28T10:01:52.828+0000] {logging_mixin.py:190} INFO - [2026-06-28T10:01:52.827+0000] {dag.py:3239} INFO - Sync 1 DAGs
[2026-06-28T10:01:52.845+0000] {logging_mixin.py:190} INFO - [2026-06-28T10:01:52.844+0000] {dag.py:4180} INFO - Setting next_dagrun for urban_data_streaming_demo to None, run_after=None
[2026-06-28T10:01:52.876+0000] {processor.py:208} INFO - Processing /opt/airflow/dags/urban_data_streaming_dag.py took 0.171 seconds
[2026-06-28T10:02:23.736+0000] {processor.py:186} INFO - Started process (PID=839) to work on /opt/airflow/dags/urban_data_streaming_dag.py
[2026-06-28T10:02:23.739+0000] {processor.py:914} INFO - Processing file /opt/airflow/dags/urban_data_streaming_dag.py for tasks to queue
[2026-06-28T10:02:23.760+0000] {logging_mixin.py:190} INFO - [2026-06-28T10:02:23.758+0000] {dagbag.py:588} INFO - Filling up the DagBag from /opt/airflow/dags/urban_data_streaming_dag.py
[2026-06-28T10:02:23.848+0000] {processor.py:925} INFO - DAG(s) 'urban_data_streaming_demo' retrieved from /opt/airflow/dags/urban_data_streaming_dag.py
[2026-06-28T10:02:23.910+0000] {logging_mixin.py:190} INFO - [2026-06-28T10:02:23.910+0000] {dag.py:3239} INFO - Sync 1 DAGs
[2026-06-28T10:02:23.929+0000] {logging_mixin.py:190} INFO - [2026-06-28T10:02:23.928+0000] {dag.py:4180} INFO - Setting next_dagrun for urban_data_streaming_demo to None, run_after=None
[2026-06-28T10:02:23.975+0000] {processor.py:208} INFO - Processing /opt/airflow/dags/urban_data_streaming_dag.py took 0.293 seconds
[2026-06-28T10:02:54.648+0000] {processor.py:186} INFO - Started process (PID=857) to work on /opt/airflow/dags/urban_data_streaming_dag.py
[2026-06-28T10:02:54.651+0000] {processor.py:914} INFO - Processing file /opt/airflow/dags/urban_data_streaming_dag.py for tasks to queue
[2026-06-28T10:02:54.656+0000] {logging_mixin.py:190} INFO - [2026-06-28T10:02:54.656+0000] {dagbag.py:588} INFO - Filling up the DagBag from /opt/airflow/dags/urban_data_streaming_dag.py
[2026-06-28T10:02:54.701+0000] {processor.py:925} INFO - DAG(s) 'urban_data_streaming_demo' retrieved from /opt/airflow/dags/urban_data_streaming_dag.py
[2026-06-28T10:02:54.748+0000] {logging_mixin.py:190} INFO - [2026-06-28T10:02:54.748+0000] {dag.py:3239} INFO - Sync 1 DAGs
[2026-06-28T10:02:54.766+0000] {logging_mixin.py:190} INFO - [2026-06-28T10:02:54.766+0000] {dag.py:4180} INFO - Setting next_dagrun for urban_data_streaming_demo to None, run_after=None
[2026-06-28T10:02:54.802+0000] {processor.py:208} INFO - Processing /opt/airflow/dags/urban_data_streaming_dag.py took 0.177 seconds
[2026-06-28T10:03:25.655+0000] {processor.py:186} INFO - Started process (PID=879) to work on /opt/airflow/dags/urban_data_streaming_dag.py
[2026-06-28T10:03:25.657+0000] {processor.py:914} INFO - Processing file /opt/airflow/dags/urban_data_streaming_dag.py for tasks to queue
[2026-06-28T10:03:25.661+0000] {logging_mixin.py:190} INFO - [2026-06-28T10:03:25.660+0000] {dagbag.py:588} INFO - Filling up the DagBag from /opt/airflow/dags/urban_data_streaming_dag.py
[2026-06-28T10:03:25.713+0000] {processor.py:925} INFO - DAG(s) 'urban_data_streaming_demo' retrieved from /opt/airflow/dags/urban_data_streaming_dag.py
[2026-06-28T10:03:25.768+0000] {logging_mixin.py:190} INFO - [2026-06-28T10:03:25.768+0000] {dag.py:3239} INFO - Sync 1 DAGs
[2026-06-28T10:03:25.786+0000] {logging_mixin.py:190} INFO - [2026-06-28T10:03:25.785+0000] {dag.py:4180} INFO - Setting next_dagrun for urban_data_streaming_demo to None, run_after=None
[2026-06-28T10:03:25.816+0000] {processor.py:208} INFO - Processing /opt/airflow/dags/urban_data_streaming_dag.py took 0.182 seconds
[2026-06-28T10:03:56.067+0000] {processor.py:186} INFO - Started process (PID=897) to work on /opt/airflow/dags/urban_data_streaming_dag.py
[2026-06-28T10:03:56.069+0000] {processor.py:914} INFO - Processing file /opt/airflow/dags/urban_data_streaming_dag.py for tasks to queue
[2026-06-28T10:03:56.074+0000] {logging_mixin.py:190} INFO - [2026-06-28T10:03:56.073+0000] {dagbag.py:588} INFO - Filling up the DagBag from /opt/airflow/dags/urban_data_streaming_dag.py
[2026-06-28T10:03:56.137+0000] {processor.py:925} INFO - DAG(s) 'urban_data_streaming_demo' retrieved from /opt/airflow/dags/urban_data_streaming_dag.py
[2026-06-28T10:03:56.195+0000] {logging_mixin.py:190} INFO - [2026-06-28T10:03:56.195+0000] {dag.py:3239} INFO - Sync 1 DAGs
[2026-06-28T10:03:56.218+0000] {logging_mixin.py:190} INFO - [2026-06-28T10:03:56.218+0000] {dag.py:4180} INFO - Setting next_dagrun for urban_data_streaming_demo to None, run_after=None
[2026-06-28T10:03:56.256+0000] {processor.py:208} INFO - Processing /opt/airflow/dags/urban_data_streaming_dag.py took 0.221 seconds
[2026-06-28T10:04:26.419+0000] {processor.py:186} INFO - Started process (PID=915) to work on /opt/airflow/dags/urban_data_streaming_dag.py
[2026-06-28T10:04:26.421+0000] {processor.py:914} INFO - Processing file /opt/airflow/dags/urban_data_streaming_dag.py for tasks to queue
[2026-06-28T10:04:26.425+0000] {logging_mixin.py:190} INFO - [2026-06-28T10:04:26.424+0000] {dagbag.py:588} INFO - Filling up the DagBag from /opt/airflow/dags/urban_data_streaming_dag.py
[2026-06-28T10:04:26.477+0000] {processor.py:925} INFO - DAG(s) 'urban_data_streaming_demo' retrieved from /opt/airflow/dags/urban_data_streaming_dag.py
[2026-06-28T10:04:26.533+0000] {logging_mixin.py:190} INFO - [2026-06-28T10:04:26.533+0000] {dag.py:3239} INFO - Sync 1 DAGs
[2026-06-28T10:04:26.553+0000] {logging_mixin.py:190} INFO - [2026-06-28T10:04:26.552+0000] {dag.py:4180} INFO - Setting next_dagrun for urban_data_streaming_demo to None, run_after=None
[2026-06-28T10:04:26.587+0000] {processor.py:208} INFO - Processing /opt/airflow/dags/urban_data_streaming_dag.py took 0.184 seconds
[2026-06-28T10:04:57.152+0000] {processor.py:186} INFO - Started process (PID=931) to work on /opt/airflow/dags/urban_data_streaming_dag.py
[2026-06-28T10:04:57.155+0000] {processor.py:914} INFO - Processing file /opt/airflow/dags/urban_data_streaming_dag.py for tasks to queue
[2026-06-28T10:04:57.162+0000] {logging_mixin.py:190} INFO - [2026-06-28T10:04:57.161+0000] {dagbag.py:588} INFO - Filling up the DagBag from /opt/airflow/dags/urban_data_streaming_dag.py
[2026-06-28T10:04:57.222+0000] {processor.py:925} INFO - DAG(s) 'urban_data_streaming_demo' retrieved from /opt/airflow/dags/urban_data_streaming_dag.py
[2026-06-28T10:04:57.275+0000] {logging_mixin.py:190} INFO - [2026-06-28T10:04:57.275+0000] {dag.py:3239} INFO - Sync 1 DAGs
[2026-06-28T10:04:57.298+0000] {logging_mixin.py:190} INFO - [2026-06-28T10:04:57.298+0000] {dag.py:4180} INFO - Setting next_dagrun for urban_data_streaming_demo to None, run_after=None
[2026-06-28T10:04:57.354+0000] {processor.py:208} INFO - Processing /opt/airflow/dags/urban_data_streaming_dag.py took 0.223 seconds
[2026-06-28T10:05:27.973+0000] {processor.py:186} INFO - Started process (PID=942) to work on /opt/airflow/dags/urban_data_streaming_dag.py
[2026-06-28T10:05:27.976+0000] {processor.py:914} INFO - Processing file /opt/airflow/dags/urban_data_streaming_dag.py for tasks to queue
[2026-06-28T10:05:27.981+0000] {logging_mixin.py:190} INFO - [2026-06-28T10:05:27.981+0000] {dagbag.py:588} INFO - Filling up the DagBag from /opt/airflow/dags/urban_data_streaming_dag.py
[2026-06-28T10:05:28.034+0000] {processor.py:925} INFO - DAG(s) 'urban_data_streaming_demo' retrieved from /opt/airflow/dags/urban_data_streaming_dag.py
[2026-06-28T10:05:28.091+0000] {logging_mixin.py:190} INFO - [2026-06-28T10:05:28.090+0000] {dag.py:3239} INFO - Sync 1 DAGs
[2026-06-28T10:05:28.110+0000] {logging_mixin.py:190} INFO - [2026-06-28T10:05:28.110+0000] {dag.py:4180} INFO - Setting next_dagrun for urban_data_streaming_demo to None, run_after=None
[2026-06-28T10:05:28.142+0000] {processor.py:208} INFO - Processing /opt/airflow/dags/urban_data_streaming_dag.py took 0.204 seconds
[2026-06-28T10:05:58.327+0000] {processor.py:186} INFO - Started process (PID=959) to work on /opt/airflow/dags/urban_data_streaming_dag.py
[2026-06-28T10:05:58.329+0000] {processor.py:914} INFO - Processing file /opt/airflow/dags/urban_data_streaming_dag.py for tasks to queue
[2026-06-28T10:05:58.333+0000] {logging_mixin.py:190} INFO - [2026-06-28T10:05:58.332+0000] {dagbag.py:588} INFO - Filling up the DagBag from /opt/airflow/dags/urban_data_streaming_dag.py
[2026-06-28T10:05:58.381+0000] {processor.py:925} INFO - DAG(s) 'urban_data_streaming_demo' retrieved from /opt/airflow/dags/urban_data_streaming_dag.py
[2026-06-28T10:05:58.432+0000] {logging_mixin.py:190} INFO - [2026-06-28T10:05:58.432+0000] {dag.py:3239} INFO - Sync 1 DAGs
[2026-06-28T10:05:58.451+0000] {logging_mixin.py:190} INFO - [2026-06-28T10:05:58.451+0000] {dag.py:4180} INFO - Setting next_dagrun for urban_data_streaming_demo to None, run_after=None
[2026-06-28T10:05:58.482+0000] {processor.py:208} INFO - Processing /opt/airflow/dags/urban_data_streaming_dag.py took 0.172 seconds
[2026-06-28T10:06:29.084+0000] {processor.py:186} INFO - Started process (PID=977) to work on /opt/airflow/dags/urban_data_streaming_dag.py
[2026-06-28T10:06:29.086+0000] {processor.py:914} INFO - Processing file /opt/airflow/dags/urban_data_streaming_dag.py for tasks to queue
[2026-06-28T10:06:29.091+0000] {logging_mixin.py:190} INFO - [2026-06-28T10:06:29.090+0000] {dagbag.py:588} INFO - Filling up the DagBag from /opt/airflow/dags/urban_data_streaming_dag.py
[2026-06-28T10:06:29.141+0000] {processor.py:925} INFO - DAG(s) 'urban_data_streaming_demo' retrieved from /opt/airflow/dags/urban_data_streaming_dag.py
[2026-06-28T10:06:29.199+0000] {logging_mixin.py:190} INFO - [2026-06-28T10:06:29.199+0000] {dag.py:3239} INFO - Sync 1 DAGs
[2026-06-28T10:06:29.218+0000] {logging_mixin.py:190} INFO - [2026-06-28T10:06:29.218+0000] {dag.py:4180} INFO - Setting next_dagrun for urban_data_streaming_demo to None, run_after=None
[2026-06-28T10:06:29.252+0000] {processor.py:208} INFO - Processing /opt/airflow/dags/urban_data_streaming_dag.py took 0.187 seconds
[2026-06-28T10:07:00.103+0000] {processor.py:186} INFO - Started process (PID=998) to work on /opt/airflow/dags/urban_data_streaming_dag.py
[2026-06-28T10:07:00.106+0000] {processor.py:914} INFO - Processing file /opt/airflow/dags/urban_data_streaming_dag.py for tasks to queue
[2026-06-28T10:07:00.119+0000] {logging_mixin.py:190} INFO - [2026-06-28T10:07:00.118+0000] {dagbag.py:588} INFO - Filling up the DagBag from /opt/airflow/dags/urban_data_streaming_dag.py
[2026-06-28T10:07:00.178+0000] {processor.py:925} INFO - DAG(s) 'urban_data_streaming_demo' retrieved from /opt/airflow/dags/urban_data_streaming_dag.py
[2026-06-28T10:07:00.264+0000] {logging_mixin.py:190} INFO - [2026-06-28T10:07:00.264+0000] {dag.py:3239} INFO - Sync 1 DAGs
[2026-06-28T10:07:00.288+0000] {logging_mixin.py:190} INFO - [2026-06-28T10:07:00.288+0000] {dag.py:4180} INFO - Setting next_dagrun for urban_data_streaming_demo to None, run_after=None
[2026-06-28T10:07:00.333+0000] {processor.py:208} INFO - Processing /opt/airflow/dags/urban_data_streaming_dag.py took 0.250 seconds
[2026-06-28T10:07:31.198+0000] {processor.py:186} INFO - Started process (PID=1016) to work on /opt/airflow/dags/urban_data_streaming_dag.py
[2026-06-28T10:07:31.201+0000] {processor.py:914} INFO - Processing file /opt/airflow/dags/urban_data_streaming_dag.py for tasks to queue
[2026-06-28T10:07:31.207+0000] {logging_mixin.py:190} INFO - [2026-06-28T10:07:31.206+0000] {dagbag.py:588} INFO - Filling up the DagBag from /opt/airflow/dags/urban_data_streaming_dag.py
[2026-06-28T10:07:31.272+0000] {processor.py:925} INFO - DAG(s) 'urban_data_streaming_demo' retrieved from /opt/airflow/dags/urban_data_streaming_dag.py
[2026-06-28T10:07:31.326+0000] {logging_mixin.py:190} INFO - [2026-06-28T10:07:31.326+0000] {dag.py:3239} INFO - Sync 1 DAGs
[2026-06-28T10:07:31.349+0000] {logging_mixin.py:190} INFO - [2026-06-28T10:07:31.348+0000] {dag.py:4180} INFO - Setting next_dagrun for urban_data_streaming_demo to None, run_after=None
[2026-06-28T10:07:31.385+0000] {processor.py:208} INFO - Processing /opt/airflow/dags/urban_data_streaming_dag.py took 0.208 seconds
[2026-06-28T10:08:02.299+0000] {processor.py:186} INFO - Started process (PID=1033) to work on /opt/airflow/dags/urban_data_streaming_dag.py
[2026-06-28T10:08:02.302+0000] {processor.py:914} INFO - Processing file /opt/airflow/dags/urban_data_streaming_dag.py for tasks to queue
[2026-06-28T10:08:02.309+0000] {logging_mixin.py:190} INFO - [2026-06-28T10:08:02.307+0000] {dagbag.py:588} INFO - Filling up the DagBag from /opt/airflow/dags/urban_data_streaming_dag.py
[2026-06-28T10:08:02.411+0000] {processor.py:925} INFO - DAG(s) 'urban_data_streaming_demo' retrieved from /opt/airflow/dags/urban_data_streaming_dag.py
[2026-06-28T10:08:02.492+0000] {logging_mixin.py:190} INFO - [2026-06-28T10:08:02.491+0000] {dag.py:3239} INFO - Sync 1 DAGs
[2026-06-28T10:08:02.512+0000] {logging_mixin.py:190} INFO - [2026-06-28T10:08:02.512+0000] {dag.py:4180} INFO - Setting next_dagrun for urban_data_streaming_demo to None, run_after=None
[2026-06-28T10:08:02.557+0000] {processor.py:208} INFO - Processing /opt/airflow/dags/urban_data_streaming_dag.py took 0.285 seconds
[2026-06-28T10:08:33.289+0000] {processor.py:186} INFO - Started process (PID=1044) to work on /opt/airflow/dags/urban_data_streaming_dag.py
[2026-06-28T10:08:33.291+0000] {processor.py:914} INFO - Processing file /opt/airflow/dags/urban_data_streaming_dag.py for tasks to queue
[2026-06-28T10:08:33.296+0000] {logging_mixin.py:190} INFO - [2026-06-28T10:08:33.295+0000] {dagbag.py:588} INFO - Filling up the DagBag from /opt/airflow/dags/urban_data_streaming_dag.py
[2026-06-28T10:08:33.338+0000] {processor.py:925} INFO - DAG(s) 'urban_data_streaming_demo' retrieved from /opt/airflow/dags/urban_data_streaming_dag.py
[2026-06-28T10:08:33.384+0000] {logging_mixin.py:190} INFO - [2026-06-28T10:08:33.384+0000] {dag.py:3239} INFO - Sync 1 DAGs
[2026-06-28T10:08:33.404+0000] {logging_mixin.py:190} INFO - [2026-06-28T10:08:33.404+0000] {dag.py:4180} INFO - Setting next_dagrun for urban_data_streaming_demo to None, run_after=None
[2026-06-28T10:08:33.439+0000] {processor.py:208} INFO - Processing /opt/airflow/dags/urban_data_streaming_dag.py took 0.170 seconds
[2026-06-28T10:09:03.918+0000] {processor.py:186} INFO - Started process (PID=1062) to work on /opt/airflow/dags/urban_data_streaming_dag.py
[2026-06-28T10:09:03.921+0000] {processor.py:914} INFO - Processing file /opt/airflow/dags/urban_data_streaming_dag.py for tasks to queue
[2026-06-28T10:09:03.924+0000] {logging_mixin.py:190} INFO - [2026-06-28T10:09:03.924+0000] {dagbag.py:588} INFO - Filling up the DagBag from /opt/airflow/dags/urban_data_streaming_dag.py
[2026-06-28T10:09:03.974+0000] {processor.py:925} INFO - DAG(s) 'urban_data_streaming_demo' retrieved from /opt/airflow/dags/urban_data_streaming_dag.py
[2026-06-28T10:09:04.026+0000] {logging_mixin.py:190} INFO - [2026-06-28T10:09:04.026+0000] {dag.py:3239} INFO - Sync 1 DAGs
[2026-06-28T10:09:04.049+0000] {logging_mixin.py:190} INFO - [2026-06-28T10:09:04.048+0000] {dag.py:4180} INFO - Setting next_dagrun for urban_data_streaming_demo to None, run_after=None
[2026-06-28T10:09:04.089+0000] {processor.py:208} INFO - Processing /opt/airflow/dags/urban_data_streaming_dag.py took 0.192 seconds
[2026-06-28T10:09:34.703+0000] {processor.py:186} INFO - Started process (PID=1080) to work on /opt/airflow/dags/urban_data_streaming_dag.py
[2026-06-28T10:09:34.704+0000] {processor.py:914} INFO - Processing file /opt/airflow/dags/urban_data_streaming_dag.py for tasks to queue
[2026-06-28T10:09:34.708+0000] {logging_mixin.py:190} INFO - [2026-06-28T10:09:34.707+0000] {dagbag.py:588} INFO - Filling up the DagBag from /opt/airflow/dags/urban_data_streaming_dag.py
[2026-06-28T10:09:34.754+0000] {processor.py:925} INFO - DAG(s) 'urban_data_streaming_demo' retrieved from /opt/airflow/dags/urban_data_streaming_dag.py
[2026-06-28T10:09:34.802+0000] {logging_mixin.py:190} INFO - [2026-06-28T10:09:34.801+0000] {dag.py:3239} INFO - Sync 1 DAGs
[2026-06-28T10:09:34.821+0000] {logging_mixin.py:190} INFO - [2026-06-28T10:09:34.821+0000] {dag.py:4180} INFO - Setting next_dagrun for urban_data_streaming_demo to None, run_after=None
[2026-06-28T10:09:34.853+0000] {processor.py:208} INFO - Processing /opt/airflow/dags/urban_data_streaming_dag.py took 0.167 seconds
[2026-06-28T10:10:05.715+0000] {processor.py:186} INFO - Started process (PID=1098) to work on /opt/airflow/dags/urban_data_streaming_dag.py
[2026-06-28T10:10:05.717+0000] {processor.py:914} INFO - Processing file /opt/airflow/dags/urban_data_streaming_dag.py for tasks to queue
[2026-06-28T10:10:05.720+0000] {logging_mixin.py:190} INFO - [2026-06-28T10:10:05.720+0000] {dagbag.py:588} INFO - Filling up the DagBag from /opt/airflow/dags/urban_data_streaming_dag.py
[2026-06-28T10:10:05.752+0000] {processor.py:925} INFO - DAG(s) 'urban_data_streaming_demo' retrieved from /opt/airflow/dags/urban_data_streaming_dag.py
[2026-06-28T10:10:05.800+0000] {logging_mixin.py:190} INFO - [2026-06-28T10:10:05.800+0000] {dag.py:3239} INFO - Sync 1 DAGs
[2026-06-28T10:10:05.828+0000] {logging_mixin.py:190} INFO - [2026-06-28T10:10:05.828+0000] {dag.py:4180} INFO - Setting next_dagrun for urban_data_streaming_demo to None, run_after=None
[2026-06-28T10:10:05.857+0000] {processor.py:208} INFO - Processing /opt/airflow/dags/urban_data_streaming_dag.py took 0.159 seconds
[2026-06-28T10:10:36.606+0000] {processor.py:186} INFO - Started process (PID=1116) to work on /opt/airflow/dags/urban_data_streaming_dag.py
[2026-06-28T10:10:36.607+0000] {processor.py:914} INFO - Processing file /opt/airflow/dags/urban_data_streaming_dag.py for tasks to queue
[2026-06-28T10:10:36.611+0000] {logging_mixin.py:190} INFO - [2026-06-28T10:10:36.610+0000] {dagbag.py:588} INFO - Filling up the DagBag from /opt/airflow/dags/urban_data_streaming_dag.py
[2026-06-28T10:10:36.683+0000] {processor.py:925} INFO - DAG(s) 'urban_data_streaming_demo' retrieved from /opt/airflow/dags/urban_data_streaming_dag.py
[2026-06-28T10:10:36.751+0000] {logging_mixin.py:190} INFO - [2026-06-28T10:10:36.750+0000] {dag.py:3239} INFO - Sync 1 DAGs
[2026-06-28T10:10:36.775+0000] {logging_mixin.py:190} INFO - [2026-06-28T10:10:36.774+0000] {dag.py:4180} INFO - Setting next_dagrun for urban_data_streaming_demo to None, run_after=None
[2026-06-28T10:10:36.805+0000] {processor.py:208} INFO - Processing /opt/airflow/dags/urban_data_streaming_dag.py took 0.216 seconds
[2026-06-28T10:11:07.223+0000] {processor.py:186} INFO - Started process (PID=1134) to work on /opt/airflow/dags/urban_data_streaming_dag.py
[2026-06-28T10:11:07.231+0000] {processor.py:914} INFO - Processing file /opt/airflow/dags/urban_data_streaming_dag.py for tasks to queue
[2026-06-28T10:11:07.247+0000] {logging_mixin.py:190} INFO - [2026-06-28T10:11:07.245+0000] {dagbag.py:588} INFO - Filling up the DagBag from /opt/airflow/dags/urban_data_streaming_dag.py
[2026-06-28T10:11:07.381+0000] {processor.py:925} INFO - DAG(s) 'urban_data_streaming_demo' retrieved from /opt/airflow/dags/urban_data_streaming_dag.py
[2026-06-28T10:11:07.490+0000] {logging_mixin.py:190} INFO - [2026-06-28T10:11:07.490+0000] {dag.py:3239} INFO - Sync 1 DAGs
[2026-06-28T10:11:07.529+0000] {logging_mixin.py:190} INFO - [2026-06-28T10:11:07.529+0000] {dag.py:4180} INFO - Setting next_dagrun for urban_data_streaming_demo to None, run_after=None
[2026-06-28T10:11:07.628+0000] {processor.py:208} INFO - Processing /opt/airflow/dags/urban_data_streaming_dag.py took 0.471 seconds
[2026-06-28T10:11:37.825+0000] {processor.py:186} INFO - Started process (PID=1151) to work on /opt/airflow/dags/urban_data_streaming_dag.py
[2026-06-28T10:11:37.827+0000] {processor.py:914} INFO - Processing file /opt/airflow/dags/urban_data_streaming_dag.py for tasks to queue
[2026-06-28T10:11:37.831+0000] {logging_mixin.py:190} INFO - [2026-06-28T10:11:37.831+0000] {dagbag.py:588} INFO - Filling up the DagBag from /opt/airflow/dags/urban_data_streaming_dag.py
[2026-06-28T10:11:37.871+0000] {processor.py:925} INFO - DAG(s) 'urban_data_streaming_demo' retrieved from /opt/airflow/dags/urban_data_streaming_dag.py
[2026-06-28T10:11:37.924+0000] {logging_mixin.py:190} INFO - [2026-06-28T10:11:37.924+0000] {dag.py:3239} INFO - Sync 1 DAGs
[2026-06-28T10:11:37.946+0000] {logging_mixin.py:190} INFO - [2026-06-28T10:11:37.945+0000] {dag.py:4180} INFO - Setting next_dagrun for urban_data_streaming_demo to None, run_after=None
[2026-06-28T10:11:37.975+0000] {processor.py:208} INFO - Processing /opt/airflow/dags/urban_data_streaming_dag.py took 0.166 seconds
[2026-06-28T10:12:08.995+0000] {processor.py:186} INFO - Started process (PID=1166) to work on /opt/airflow/dags/urban_data_streaming_dag.py
[2026-06-28T10:12:08.997+0000] {processor.py:914} INFO - Processing file /opt/airflow/dags/urban_data_streaming_dag.py for tasks to queue
[2026-06-28T10:12:09.001+0000] {logging_mixin.py:190} INFO - [2026-06-28T10:12:09.001+0000] {dagbag.py:588} INFO - Filling up the DagBag from /opt/airflow/dags/urban_data_streaming_dag.py
[2026-06-28T10:12:09.041+0000] {processor.py:925} INFO - DAG(s) 'urban_data_streaming_demo' retrieved from /opt/airflow/dags/urban_data_streaming_dag.py
[2026-06-28T10:12:09.087+0000] {logging_mixin.py:190} INFO - [2026-06-28T10:12:09.086+0000] {dag.py:3239} INFO - Sync 1 DAGs
[2026-06-28T10:12:09.107+0000] {logging_mixin.py:190} INFO - [2026-06-28T10:12:09.107+0000] {dag.py:4180} INFO - Setting next_dagrun for urban_data_streaming_demo to None, run_after=None
[2026-06-28T10:12:09.141+0000] {processor.py:208} INFO - Processing /opt/airflow/dags/urban_data_streaming_dag.py took 0.170 seconds
[2026-06-28T10:12:39.912+0000] {processor.py:186} INFO - Started process (PID=1184) to work on /opt/airflow/dags/urban_data_streaming_dag.py
[2026-06-28T10:12:39.915+0000] {processor.py:914} INFO - Processing file /opt/airflow/dags/urban_data_streaming_dag.py for tasks to queue
[2026-06-28T10:12:39.924+0000] {logging_mixin.py:190} INFO - [2026-06-28T10:12:39.923+0000] {dagbag.py:588} INFO - Filling up the DagBag from /opt/airflow/dags/urban_data_streaming_dag.py
[2026-06-28T10:12:39.981+0000] {processor.py:925} INFO - DAG(s) 'urban_data_streaming_demo' retrieved from /opt/airflow/dags/urban_data_streaming_dag.py
[2026-06-28T10:12:40.035+0000] {logging_mixin.py:190} INFO - [2026-06-28T10:12:40.035+0000] {dag.py:3239} INFO - Sync 1 DAGs
[2026-06-28T10:12:40.059+0000] {logging_mixin.py:190} INFO - [2026-06-28T10:12:40.059+0000] {dag.py:4180} INFO - Setting next_dagrun for urban_data_streaming_demo to None, run_after=None
[2026-06-28T10:12:40.094+0000] {processor.py:208} INFO - Processing /opt/airflow/dags/urban_data_streaming_dag.py took 0.215 seconds
[2026-06-28T10:13:10.620+0000] {processor.py:186} INFO - Started process (PID=1202) to work on /opt/airflow/dags/urban_data_streaming_dag.py
[2026-06-28T10:13:10.623+0000] {processor.py:914} INFO - Processing file /opt/airflow/dags/urban_data_streaming_dag.py for tasks to queue
[2026-06-28T10:13:10.627+0000] {logging_mixin.py:190} INFO - [2026-06-28T10:13:10.626+0000] {dagbag.py:588} INFO - Filling up the DagBag from /opt/airflow/dags/urban_data_streaming_dag.py
[2026-06-28T10:13:10.705+0000] {processor.py:925} INFO - DAG(s) 'urban_data_streaming_demo' retrieved from /opt/airflow/dags/urban_data_streaming_dag.py
[2026-06-28T10:13:10.756+0000] {logging_mixin.py:190} INFO - [2026-06-28T10:13:10.755+0000] {dag.py:3239} INFO - Sync 1 DAGs
[2026-06-28T10:13:10.777+0000] {logging_mixin.py:190} INFO - [2026-06-28T10:13:10.776+0000] {dag.py:4180} INFO - Setting next_dagrun for urban_data_streaming_demo to None, run_after=None
[2026-06-28T10:13:10.809+0000] {processor.py:208} INFO - Processing /opt/airflow/dags/urban_data_streaming_dag.py took 0.216 seconds
[2026-06-28T10:13:41.253+0000] {processor.py:186} INFO - Started process (PID=1220) to work on /opt/airflow/dags/urban_data_streaming_dag.py
[2026-06-28T10:13:41.259+0000] {processor.py:914} INFO - Processing file /opt/airflow/dags/urban_data_streaming_dag.py for tasks to queue
[2026-06-28T10:13:41.265+0000] {logging_mixin.py:190} INFO - [2026-06-28T10:13:41.264+0000] {dagbag.py:588} INFO - Filling up the DagBag from /opt/airflow/dags/urban_data_streaming_dag.py
[2026-06-28T10:13:41.343+0000] {processor.py:925} INFO - DAG(s) 'urban_data_streaming_demo' retrieved from /opt/airflow/dags/urban_data_streaming_dag.py
[2026-06-28T10:13:41.392+0000] {logging_mixin.py:190} INFO - [2026-06-28T10:13:41.391+0000] {dag.py:3239} INFO - Sync 1 DAGs
[2026-06-28T10:13:41.411+0000] {logging_mixin.py:190} INFO - [2026-06-28T10:13:41.410+0000] {dag.py:4180} INFO - Setting next_dagrun for urban_data_streaming_demo to None, run_after=None
[2026-06-28T10:13:41.443+0000] {processor.py:208} INFO - Processing /opt/airflow/dags/urban_data_streaming_dag.py took 0.220 seconds
[2026-06-28T10:14:11.728+0000] {processor.py:186} INFO - Started process (PID=1238) to work on /opt/airflow/dags/urban_data_streaming_dag.py
[2026-06-28T10:14:11.731+0000] {processor.py:914} INFO - Processing file /opt/airflow/dags/urban_data_streaming_dag.py for tasks to queue
[2026-06-28T10:14:11.737+0000] {logging_mixin.py:190} INFO - [2026-06-28T10:14:11.736+0000] {dagbag.py:588} INFO - Filling up the DagBag from /opt/airflow/dags/urban_data_streaming_dag.py
[2026-06-28T10:14:11.817+0000] {processor.py:925} INFO - DAG(s) 'urban_data_streaming_demo' retrieved from /opt/airflow/dags/urban_data_streaming_dag.py
[2026-06-28T10:14:11.871+0000] {logging_mixin.py:190} INFO - [2026-06-28T10:14:11.871+0000] {dag.py:3239} INFO - Sync 1 DAGs
[2026-06-28T10:14:11.895+0000] {logging_mixin.py:190} INFO - [2026-06-28T10:14:11.895+0000] {dag.py:4180} INFO - Setting next_dagrun for urban_data_streaming_demo to None, run_after=None
[2026-06-28T10:14:11.951+0000] {processor.py:208} INFO - Processing /opt/airflow/dags/urban_data_streaming_dag.py took 0.249 seconds
[2026-06-28T10:14:42.573+0000] {processor.py:186} INFO - Started process (PID=1256) to work on /opt/airflow/dags/urban_data_streaming_dag.py
[2026-06-28T10:14:42.576+0000] {processor.py:914} INFO - Processing file /opt/airflow/dags/urban_data_streaming_dag.py for tasks to queue
[2026-06-28T10:14:42.581+0000] {logging_mixin.py:190} INFO - [2026-06-28T10:14:42.580+0000] {dagbag.py:588} INFO - Filling up the DagBag from /opt/airflow/dags/urban_data_streaming_dag.py
[2026-06-28T10:14:42.633+0000] {processor.py:925} INFO - DAG(s) 'urban_data_streaming_demo' retrieved from /opt/airflow/dags/urban_data_streaming_dag.py
[2026-06-28T10:14:42.691+0000] {logging_mixin.py:190} INFO - [2026-06-28T10:14:42.691+0000] {dag.py:3239} INFO - Sync 1 DAGs
[2026-06-28T10:14:42.716+0000] {logging_mixin.py:190} INFO - [2026-06-28T10:14:42.715+0000] {dag.py:4180} INFO - Setting next_dagrun for urban_data_streaming_demo to None, run_after=None
[2026-06-28T10:14:42.752+0000] {processor.py:208} INFO - Processing /opt/airflow/dags/urban_data_streaming_dag.py took 0.198 seconds
[2026-06-28T10:15:13.358+0000] {processor.py:186} INFO - Started process (PID=1267) to work on /opt/airflow/dags/urban_data_streaming_dag.py
[2026-06-28T10:15:13.360+0000] {processor.py:914} INFO - Processing file /opt/airflow/dags/urban_data_streaming_dag.py for tasks to queue
[2026-06-28T10:15:13.365+0000] {logging_mixin.py:190} INFO - [2026-06-28T10:15:13.364+0000] {dagbag.py:588} INFO - Filling up the DagBag from /opt/airflow/dags/urban_data_streaming_dag.py
[2026-06-28T10:15:13.421+0000] {processor.py:925} INFO - DAG(s) 'urban_data_streaming_demo' retrieved from /opt/airflow/dags/urban_data_streaming_dag.py
[2026-06-28T10:15:13.477+0000] {logging_mixin.py:190} INFO - [2026-06-28T10:15:13.477+0000] {dag.py:3239} INFO - Sync 1 DAGs
[2026-06-28T10:15:13.499+0000] {logging_mixin.py:190} INFO - [2026-06-28T10:15:13.499+0000] {dag.py:4180} INFO - Setting next_dagrun for urban_data_streaming_demo to None, run_after=None
[2026-06-28T10:15:13.532+0000] {processor.py:208} INFO - Processing /opt/airflow/dags/urban_data_streaming_dag.py took 0.198 seconds
[2026-06-28T10:15:44.224+0000] {processor.py:186} INFO - Started process (PID=1348) to work on /opt/airflow/dags/urban_data_streaming_dag.py
[2026-06-28T10:15:44.234+0000] {processor.py:914} INFO - Processing file /opt/airflow/dags/urban_data_streaming_dag.py for tasks to queue
[2026-06-28T10:15:44.250+0000] {logging_mixin.py:190} INFO - [2026-06-28T10:15:44.248+0000] {dagbag.py:588} INFO - Filling up the DagBag from /opt/airflow/dags/urban_data_streaming_dag.py
[2026-06-28T10:15:44.389+0000] {processor.py:925} INFO - DAG(s) 'urban_data_streaming_demo' retrieved from /opt/airflow/dags/urban_data_streaming_dag.py
[2026-06-28T10:15:44.456+0000] {logging_mixin.py:190} INFO - [2026-06-28T10:15:44.455+0000] {dag.py:3239} INFO - Sync 1 DAGs
[2026-06-28T10:15:44.478+0000] {logging_mixin.py:190} INFO - [2026-06-28T10:15:44.478+0000] {dag.py:4180} INFO - Setting next_dagrun for urban_data_streaming_demo to None, run_after=None
[2026-06-28T10:15:44.520+0000] {processor.py:208} INFO - Processing /opt/airflow/dags/urban_data_streaming_dag.py took 0.355 seconds
[2026-06-28T10:16:14.710+0000] {processor.py:186} INFO - Started process (PID=1366) to work on /opt/airflow/dags/urban_data_streaming_dag.py
[2026-06-28T10:16:14.714+0000] {processor.py:914} INFO - Processing file /opt/airflow/dags/urban_data_streaming_dag.py for tasks to queue
[2026-06-28T10:16:14.722+0000] {logging_mixin.py:190} INFO - [2026-06-28T10:16:14.721+0000] {dagbag.py:588} INFO - Filling up the DagBag from /opt/airflow/dags/urban_data_streaming_dag.py
[2026-06-28T10:16:14.804+0000] {processor.py:925} INFO - DAG(s) 'urban_data_streaming_demo' retrieved from /opt/airflow/dags/urban_data_streaming_dag.py
[2026-06-28T10:16:14.872+0000] {logging_mixin.py:190} INFO - [2026-06-28T10:16:14.871+0000] {dag.py:3239} INFO - Sync 1 DAGs
[2026-06-28T10:16:14.895+0000] {logging_mixin.py:190} INFO - [2026-06-28T10:16:14.894+0000] {dag.py:4180} INFO - Setting next_dagrun for urban_data_streaming_demo to None, run_after=None
[2026-06-28T10:16:14.933+0000] {processor.py:208} INFO - Processing /opt/airflow/dags/urban_data_streaming_dag.py took 0.249 seconds
[2026-06-28T10:16:45.062+0000] {processor.py:186} INFO - Started process (PID=1384) to work on /opt/airflow/dags/urban_data_streaming_dag.py
[2026-06-28T10:16:45.064+0000] {processor.py:914} INFO - Processing file /opt/airflow/dags/urban_data_streaming_dag.py for tasks to queue
[2026-06-28T10:16:45.068+0000] {logging_mixin.py:190} INFO - [2026-06-28T10:16:45.068+0000] {dagbag.py:588} INFO - Filling up the DagBag from /opt/airflow/dags/urban_data_streaming_dag.py
[2026-06-28T10:16:45.118+0000] {processor.py:925} INFO - DAG(s) 'urban_data_streaming_demo' retrieved from /opt/airflow/dags/urban_data_streaming_dag.py
[2026-06-28T10:16:45.166+0000] {logging_mixin.py:190} INFO - [2026-06-28T10:16:45.166+0000] {dag.py:3239} INFO - Sync 1 DAGs
[2026-06-28T10:16:45.190+0000] {logging_mixin.py:190} INFO - [2026-06-28T10:16:45.190+0000] {dag.py:4180} INFO - Setting next_dagrun for urban_data_streaming_demo to None, run_after=None
[2026-06-28T10:16:45.222+0000] {processor.py:208} INFO - Processing /opt/airflow/dags/urban_data_streaming_dag.py took 0.181 seconds
[2026-06-28T10:17:15.874+0000] {processor.py:186} INFO - Started process (PID=1402) to work on /opt/airflow/dags/urban_data_streaming_dag.py
[2026-06-28T10:17:15.877+0000] {processor.py:914} INFO - Processing file /opt/airflow/dags/urban_data_streaming_dag.py for tasks to queue
[2026-06-28T10:17:15.882+0000] {logging_mixin.py:190} INFO - [2026-06-28T10:17:15.881+0000] {dagbag.py:588} INFO - Filling up the DagBag from /opt/airflow/dags/urban_data_streaming_dag.py
[2026-06-28T10:17:15.965+0000] {processor.py:925} INFO - DAG(s) 'urban_data_streaming_demo' retrieved from /opt/airflow/dags/urban_data_streaming_dag.py
[2026-06-28T10:17:16.022+0000] {logging_mixin.py:190} INFO - [2026-06-28T10:17:16.021+0000] {dag.py:3239} INFO - Sync 1 DAGs
[2026-06-28T10:17:16.078+0000] {logging_mixin.py:190} INFO - [2026-06-28T10:17:16.078+0000] {dag.py:4180} INFO - Setting next_dagrun for urban_data_streaming_demo to None, run_after=None
[2026-06-28T10:17:16.128+0000] {processor.py:208} INFO - Processing /opt/airflow/dags/urban_data_streaming_dag.py took 0.280 seconds
[2026-06-28T10:17:46.333+0000] {processor.py:186} INFO - Started process (PID=1419) to work on /opt/airflow/dags/urban_data_streaming_dag.py
[2026-06-28T10:17:46.335+0000] {processor.py:914} INFO - Processing file /opt/airflow/dags/urban_data_streaming_dag.py for tasks to queue
[2026-06-28T10:17:46.339+0000] {logging_mixin.py:190} INFO - [2026-06-28T10:17:46.338+0000] {dagbag.py:588} INFO - Filling up the DagBag from /opt/airflow/dags/urban_data_streaming_dag.py
[2026-06-28T10:17:46.384+0000] {processor.py:925} INFO - DAG(s) 'urban_data_streaming_demo' retrieved from /opt/airflow/dags/urban_data_streaming_dag.py
[2026-06-28T10:17:46.436+0000] {logging_mixin.py:190} INFO - [2026-06-28T10:17:46.435+0000] {dag.py:3239} INFO - Sync 1 DAGs
[2026-06-28T10:17:46.455+0000] {logging_mixin.py:190} INFO - [2026-06-28T10:17:46.454+0000] {dag.py:4180} INFO - Setting next_dagrun for urban_data_streaming_demo to None, run_after=None
[2026-06-28T10:17:46.490+0000] {processor.py:208} INFO - Processing /opt/airflow/dags/urban_data_streaming_dag.py took 0.173 seconds
[2026-06-28T10:18:16.866+0000] {processor.py:186} INFO - Started process (PID=1430) to work on /opt/airflow/dags/urban_data_streaming_dag.py
[2026-06-28T10:18:16.871+0000] {processor.py:914} INFO - Processing file /opt/airflow/dags/urban_data_streaming_dag.py for tasks to queue
[2026-06-28T10:18:16.884+0000] {logging_mixin.py:190} INFO - [2026-06-28T10:18:16.883+0000] {dagbag.py:588} INFO - Filling up the DagBag from /opt/airflow/dags/urban_data_streaming_dag.py
[2026-06-28T10:18:16.979+0000] {processor.py:925} INFO - DAG(s) 'urban_data_streaming_demo' retrieved from /opt/airflow/dags/urban_data_streaming_dag.py
[2026-06-28T10:18:17.044+0000] {logging_mixin.py:190} INFO - [2026-06-28T10:18:17.043+0000] {dag.py:3239} INFO - Sync 1 DAGs
[2026-06-28T10:18:17.062+0000] {logging_mixin.py:190} INFO - [2026-06-28T10:18:17.062+0000] {dag.py:4180} INFO - Setting next_dagrun for urban_data_streaming_demo to None, run_after=None
[2026-06-28T10:18:17.094+0000] {processor.py:208} INFO - Processing /opt/airflow/dags/urban_data_streaming_dag.py took 0.282 seconds
[2026-06-28T10:18:47.341+0000] {processor.py:186} INFO - Started process (PID=1448) to work on /opt/airflow/dags/urban_data_streaming_dag.py
[2026-06-28T10:18:47.346+0000] {processor.py:914} INFO - Processing file /opt/airflow/dags/urban_data_streaming_dag.py for tasks to queue
[2026-06-28T10:18:47.353+0000] {logging_mixin.py:190} INFO - [2026-06-28T10:18:47.353+0000] {dagbag.py:588} INFO - Filling up the DagBag from /opt/airflow/dags/urban_data_streaming_dag.py
[2026-06-28T10:18:47.404+0000] {processor.py:925} INFO - DAG(s) 'urban_data_streaming_demo' retrieved from /opt/airflow/dags/urban_data_streaming_dag.py
[2026-06-28T10:18:47.461+0000] {logging_mixin.py:190} INFO - [2026-06-28T10:18:47.461+0000] {dag.py:3239} INFO - Sync 1 DAGs
[2026-06-28T10:18:47.475+0000] {logging_mixin.py:190} INFO - [2026-06-28T10:18:47.475+0000] {dag.py:4180} INFO - Setting next_dagrun for urban_data_streaming_demo to None, run_after=None
[2026-06-28T10:18:47.499+0000] {processor.py:208} INFO - Processing /opt/airflow/dags/urban_data_streaming_dag.py took 0.176 seconds
[2026-06-28T10:19:18.041+0000] {processor.py:186} INFO - Started process (PID=1469) to work on /opt/airflow/dags/urban_data_streaming_dag.py
[2026-06-28T10:19:18.045+0000] {processor.py:914} INFO - Processing file /opt/airflow/dags/urban_data_streaming_dag.py for tasks to queue
[2026-06-28T10:19:18.050+0000] {logging_mixin.py:190} INFO - [2026-06-28T10:19:18.049+0000] {dagbag.py:588} INFO - Filling up the DagBag from /opt/airflow/dags/urban_data_streaming_dag.py
[2026-06-28T10:19:18.124+0000] {processor.py:925} INFO - DAG(s) 'urban_data_streaming_demo' retrieved from /opt/airflow/dags/urban_data_streaming_dag.py
[2026-06-28T10:19:18.217+0000] {logging_mixin.py:190} INFO - [2026-06-28T10:19:18.217+0000] {dag.py:3239} INFO - Sync 1 DAGs
[2026-06-28T10:19:18.253+0000] {logging_mixin.py:190} INFO - [2026-06-28T10:19:18.252+0000] {dag.py:4180} INFO - Setting next_dagrun for urban_data_streaming_demo to None, run_after=None
[2026-06-28T10:19:18.287+0000] {processor.py:208} INFO - Processing /opt/airflow/dags/urban_data_streaming_dag.py took 0.277 seconds
[2026-06-28T10:19:48.777+0000] {processor.py:186} INFO - Started process (PID=1487) to work on /opt/airflow/dags/urban_data_streaming_dag.py
[2026-06-28T10:19:48.781+0000] {processor.py:914} INFO - Processing file /opt/airflow/dags/urban_data_streaming_dag.py for tasks to queue
[2026-06-28T10:19:48.794+0000] {logging_mixin.py:190} INFO - [2026-06-28T10:19:48.791+0000] {dagbag.py:588} INFO - Filling up the DagBag from /opt/airflow/dags/urban_data_streaming_dag.py
[2026-06-28T10:19:48.876+0000] {processor.py:925} INFO - DAG(s) 'urban_data_streaming_demo' retrieved from /opt/airflow/dags/urban_data_streaming_dag.py
[2026-06-28T10:19:48.954+0000] {logging_mixin.py:190} INFO - [2026-06-28T10:19:48.952+0000] {dag.py:3239} INFO - Sync 1 DAGs
[2026-06-28T10:19:48.986+0000] {logging_mixin.py:190} INFO - [2026-06-28T10:19:48.985+0000] {dag.py:4180} INFO - Setting next_dagrun for urban_data_streaming_demo to None, run_after=None
[2026-06-28T10:19:49.033+0000] {processor.py:208} INFO - Processing /opt/airflow/dags/urban_data_streaming_dag.py took 0.285 seconds
[2026-06-28T10:20:19.799+0000] {processor.py:186} INFO - Started process (PID=1505) to work on /opt/airflow/dags/urban_data_streaming_dag.py
[2026-06-28T10:20:19.803+0000] {processor.py:914} INFO - Processing file /opt/airflow/dags/urban_data_streaming_dag.py for tasks to queue
[2026-06-28T10:20:19.814+0000] {logging_mixin.py:190} INFO - [2026-06-28T10:20:19.814+0000] {dagbag.py:588} INFO - Filling up the DagBag from /opt/airflow/dags/urban_data_streaming_dag.py
[2026-06-28T10:20:19.882+0000] {processor.py:925} INFO - DAG(s) 'urban_data_streaming_demo' retrieved from /opt/airflow/dags/urban_data_streaming_dag.py
[2026-06-28T10:20:19.930+0000] {logging_mixin.py:190} INFO - [2026-06-28T10:20:19.930+0000] {dag.py:3239} INFO - Sync 1 DAGs
[2026-06-28T10:20:19.951+0000] {logging_mixin.py:190} INFO - [2026-06-28T10:20:19.951+0000] {dag.py:4180} INFO - Setting next_dagrun for urban_data_streaming_demo to None, run_after=None
[2026-06-28T10:20:19.978+0000] {processor.py:208} INFO - Processing /opt/airflow/dags/urban_data_streaming_dag.py took 0.198 seconds
[2026-06-28T10:20:50.699+0000] {processor.py:186} INFO - Started process (PID=1523) to work on /opt/airflow/dags/urban_data_streaming_dag.py
[2026-06-28T10:20:50.701+0000] {processor.py:914} INFO - Processing file /opt/airflow/dags/urban_data_streaming_dag.py for tasks to queue
[2026-06-28T10:20:50.710+0000] {logging_mixin.py:190} INFO - [2026-06-28T10:20:50.709+0000] {dagbag.py:588} INFO - Filling up the DagBag from /opt/airflow/dags/urban_data_streaming_dag.py
[2026-06-28T10:20:50.769+0000] {processor.py:925} INFO - DAG(s) 'urban_data_streaming_demo' retrieved from /opt/airflow/dags/urban_data_streaming_dag.py
[2026-06-28T10:20:50.856+0000] {logging_mixin.py:190} INFO - [2026-06-28T10:20:50.856+0000] {dag.py:3239} INFO - Sync 1 DAGs
[2026-06-28T10:20:50.878+0000] {logging_mixin.py:190} INFO - [2026-06-28T10:20:50.877+0000] {dag.py:4180} INFO - Setting next_dagrun for urban_data_streaming_demo to None, run_after=None
[2026-06-28T10:20:50.924+0000] {processor.py:208} INFO - Processing /opt/airflow/dags/urban_data_streaming_dag.py took 0.260 seconds
[2026-06-28T10:21:21.151+0000] {processor.py:186} INFO - Started process (PID=1541) to work on /opt/airflow/dags/urban_data_streaming_dag.py
[2026-06-28T10:21:21.152+0000] {processor.py:914} INFO - Processing file /opt/airflow/dags/urban_data_streaming_dag.py for tasks to queue
[2026-06-28T10:21:21.156+0000] {logging_mixin.py:190} INFO - [2026-06-28T10:21:21.156+0000] {dagbag.py:588} INFO - Filling up the DagBag from /opt/airflow/dags/urban_data_streaming_dag.py
[2026-06-28T10:21:21.209+0000] {processor.py:925} INFO - DAG(s) 'urban_data_streaming_demo' retrieved from /opt/airflow/dags/urban_data_streaming_dag.py
[2026-06-28T10:21:21.251+0000] {logging_mixin.py:190} INFO - [2026-06-28T10:21:21.250+0000] {dag.py:3239} INFO - Sync 1 DAGs
[2026-06-28T10:21:21.265+0000] {logging_mixin.py:190} INFO - [2026-06-28T10:21:21.264+0000] {dag.py:4180} INFO - Setting next_dagrun for urban_data_streaming_demo to None, run_after=None
[2026-06-28T10:21:21.288+0000] {processor.py:208} INFO - Processing /opt/airflow/dags/urban_data_streaming_dag.py took 0.178 seconds
[2026-06-28T10:21:51.495+0000] {processor.py:186} INFO - Started process (PID=1559) to work on /opt/airflow/dags/urban_data_streaming_dag.py
[2026-06-28T10:21:51.496+0000] {processor.py:914} INFO - Processing file /opt/airflow/dags/urban_data_streaming_dag.py for tasks to queue
[2026-06-28T10:21:51.499+0000] {logging_mixin.py:190} INFO - [2026-06-28T10:21:51.499+0000] {dagbag.py:588} INFO - Filling up the DagBag from /opt/airflow/dags/urban_data_streaming_dag.py
[2026-06-28T10:21:51.523+0000] {processor.py:925} INFO - DAG(s) 'urban_data_streaming_demo' retrieved from /opt/airflow/dags/urban_data_streaming_dag.py
[2026-06-28T10:21:51.562+0000] {logging_mixin.py:190} INFO - [2026-06-28T10:21:51.562+0000] {dag.py:3239} INFO - Sync 1 DAGs
[2026-06-28T10:21:51.577+0000] {logging_mixin.py:190} INFO - [2026-06-28T10:21:51.577+0000] {dag.py:4180} INFO - Setting next_dagrun for urban_data_streaming_demo to None, run_after=None
[2026-06-28T10:21:51.596+0000] {processor.py:208} INFO - Processing /opt/airflow/dags/urban_data_streaming_dag.py took 0.117 seconds
[2026-06-28T10:22:21.986+0000] {processor.py:186} INFO - Started process (PID=1569) to work on /opt/airflow/dags/urban_data_streaming_dag.py
[2026-06-28T10:22:21.988+0000] {processor.py:914} INFO - Processing file /opt/airflow/dags/urban_data_streaming_dag.py for tasks to queue
[2026-06-28T10:22:21.991+0000] {logging_mixin.py:190} INFO - [2026-06-28T10:22:21.991+0000] {dagbag.py:588} INFO - Filling up the DagBag from /opt/airflow/dags/urban_data_streaming_dag.py
[2026-06-28T10:22:22.018+0000] {processor.py:925} INFO - DAG(s) 'urban_data_streaming_demo' retrieved from /opt/airflow/dags/urban_data_streaming_dag.py
[2026-06-28T10:22:22.065+0000] {logging_mixin.py:190} INFO - [2026-06-28T10:22:22.065+0000] {dag.py:3239} INFO - Sync 1 DAGs
[2026-06-28T10:22:22.083+0000] {logging_mixin.py:190} INFO - [2026-06-28T10:22:22.082+0000] {dag.py:4180} INFO - Setting next_dagrun for urban_data_streaming_demo to None, run_after=None
[2026-06-28T10:22:22.107+0000] {processor.py:208} INFO - Processing /opt/airflow/dags/urban_data_streaming_dag.py took 0.134 seconds
[2026-06-28T10:23:02.707+0000] {processor.py:186} INFO - Started process (PID=190) to work on /opt/airflow/dags/urban_data_streaming_dag.py
[2026-06-28T10:23:02.709+0000] {processor.py:914} INFO - Processing file /opt/airflow/dags/urban_data_streaming_dag.py for tasks to queue
[2026-06-28T10:23:02.712+0000] {logging_mixin.py:190} INFO - [2026-06-28T10:23:02.711+0000] {dagbag.py:588} INFO - Filling up the DagBag from /opt/airflow/dags/urban_data_streaming_dag.py
[2026-06-28T10:23:02.760+0000] {processor.py:925} INFO - DAG(s) 'urban_data_streaming_demo' retrieved from /opt/airflow/dags/urban_data_streaming_dag.py
[2026-06-28T10:23:02.803+0000] {logging_mixin.py:190} INFO - [2026-06-28T10:23:02.803+0000] {dag.py:3239} INFO - Sync 1 DAGs
[2026-06-28T10:23:02.816+0000] {logging_mixin.py:190} INFO - [2026-06-28T10:23:02.816+0000] {dag.py:4180} INFO - Setting next_dagrun for urban_data_streaming_demo to None, run_after=None
[2026-06-28T10:23:02.843+0000] {processor.py:208} INFO - Processing /opt/airflow/dags/urban_data_streaming_dag.py took 0.148 seconds
[2026-06-28T10:23:33.481+0000] {processor.py:186} INFO - Started process (PID=207) to work on /opt/airflow/dags/urban_data_streaming_dag.py
[2026-06-28T10:23:33.484+0000] {processor.py:914} INFO - Processing file /opt/airflow/dags/urban_data_streaming_dag.py for tasks to queue
[2026-06-28T10:23:33.491+0000] {logging_mixin.py:190} INFO - [2026-06-28T10:23:33.490+0000] {dagbag.py:588} INFO - Filling up the DagBag from /opt/airflow/dags/urban_data_streaming_dag.py
[2026-06-28T10:23:33.539+0000] {processor.py:925} INFO - DAG(s) 'urban_data_streaming_demo' retrieved from /opt/airflow/dags/urban_data_streaming_dag.py
[2026-06-28T10:23:33.588+0000] {logging_mixin.py:190} INFO - [2026-06-28T10:23:33.588+0000] {dag.py:3239} INFO - Sync 1 DAGs
[2026-06-28T10:23:33.608+0000] {logging_mixin.py:190} INFO - [2026-06-28T10:23:33.607+0000] {dag.py:4180} INFO - Setting next_dagrun for urban_data_streaming_demo to None, run_after=None
[2026-06-28T10:23:33.628+0000] {processor.py:208} INFO - Processing /opt/airflow/dags/urban_data_streaming_dag.py took 0.159 seconds
[2026-06-28T10:24:04.159+0000] {processor.py:186} INFO - Started process (PID=219) to work on /opt/airflow/dags/urban_data_streaming_dag.py
[2026-06-28T10:24:04.160+0000] {processor.py:914} INFO - Processing file /opt/airflow/dags/urban_data_streaming_dag.py for tasks to queue
[2026-06-28T10:24:04.162+0000] {logging_mixin.py:190} INFO - [2026-06-28T10:24:04.162+0000] {dagbag.py:588} INFO - Filling up the DagBag from /opt/airflow/dags/urban_data_streaming_dag.py
[2026-06-28T10:24:04.186+0000] {processor.py:925} INFO - DAG(s) 'urban_data_streaming_demo' retrieved from /opt/airflow/dags/urban_data_streaming_dag.py
[2026-06-28T10:24:04.222+0000] {logging_mixin.py:190} INFO - [2026-06-28T10:24:04.222+0000] {dag.py:3239} INFO - Sync 1 DAGs
[2026-06-28T10:24:04.235+0000] {logging_mixin.py:190} INFO - [2026-06-28T10:24:04.235+0000] {dag.py:4180} INFO - Setting next_dagrun for urban_data_streaming_demo to None, run_after=None
[2026-06-28T10:24:04.257+0000] {processor.py:208} INFO - Processing /opt/airflow/dags/urban_data_streaming_dag.py took 0.109 seconds
[2026-06-28T10:24:34.680+0000] {processor.py:186} INFO - Started process (PID=241) to work on /opt/airflow/dags/urban_data_streaming_dag.py
[2026-06-28T10:24:34.683+0000] {processor.py:914} INFO - Processing file /opt/airflow/dags/urban_data_streaming_dag.py for tasks to queue
[2026-06-28T10:24:34.686+0000] {logging_mixin.py:190} INFO - [2026-06-28T10:24:34.685+0000] {dagbag.py:588} INFO - Filling up the DagBag from /opt/airflow/dags/urban_data_streaming_dag.py
[2026-06-28T10:24:34.736+0000] {processor.py:925} INFO - DAG(s) 'urban_data_streaming_demo' retrieved from /opt/airflow/dags/urban_data_streaming_dag.py
[2026-06-28T10:24:34.767+0000] {logging_mixin.py:190} INFO - [2026-06-28T10:24:34.767+0000] {dag.py:3239} INFO - Sync 1 DAGs
[2026-06-28T10:24:34.781+0000] {logging_mixin.py:190} INFO - [2026-06-28T10:24:34.781+0000] {dag.py:4180} INFO - Setting next_dagrun for urban_data_streaming_demo to None, run_after=None
[2026-06-28T10:24:34.805+0000] {processor.py:208} INFO - Processing /opt/airflow/dags/urban_data_streaming_dag.py took 0.140 seconds
[2026-06-28T10:25:05.191+0000] {processor.py:186} INFO - Started process (PID=259) to work on /opt/airflow/dags/urban_data_streaming_dag.py
[2026-06-28T10:25:05.193+0000] {processor.py:914} INFO - Processing file /opt/airflow/dags/urban_data_streaming_dag.py for tasks to queue
[2026-06-28T10:25:05.197+0000] {logging_mixin.py:190} INFO - [2026-06-28T10:25:05.197+0000] {dagbag.py:588} INFO - Filling up the DagBag from /opt/airflow/dags/urban_data_streaming_dag.py
[2026-06-28T10:25:05.245+0000] {processor.py:925} INFO - DAG(s) 'urban_data_streaming_demo' retrieved from /opt/airflow/dags/urban_data_streaming_dag.py
[2026-06-28T10:25:05.280+0000] {logging_mixin.py:190} INFO - [2026-06-28T10:25:05.280+0000] {dag.py:3239} INFO - Sync 1 DAGs
[2026-06-28T10:25:05.295+0000] {logging_mixin.py:190} INFO - [2026-06-28T10:25:05.295+0000] {dag.py:4180} INFO - Setting next_dagrun for urban_data_streaming_demo to None, run_after=None
[2026-06-28T10:25:05.317+0000] {processor.py:208} INFO - Processing /opt/airflow/dags/urban_data_streaming_dag.py took 0.139 seconds
[2026-06-28T10:25:35.690+0000] {processor.py:186} INFO - Started process (PID=277) to work on /opt/airflow/dags/urban_data_streaming_dag.py
[2026-06-28T10:25:35.691+0000] {processor.py:914} INFO - Processing file /opt/airflow/dags/urban_data_streaming_dag.py for tasks to queue
[2026-06-28T10:25:35.694+0000] {logging_mixin.py:190} INFO - [2026-06-28T10:25:35.693+0000] {dagbag.py:588} INFO - Filling up the DagBag from /opt/airflow/dags/urban_data_streaming_dag.py
[2026-06-28T10:25:35.717+0000] {processor.py:925} INFO - DAG(s) 'urban_data_streaming_demo' retrieved from /opt/airflow/dags/urban_data_streaming_dag.py
[2026-06-28T10:25:35.749+0000] {logging_mixin.py:190} INFO - [2026-06-28T10:25:35.748+0000] {dag.py:3239} INFO - Sync 1 DAGs
[2026-06-28T10:25:35.764+0000] {logging_mixin.py:190} INFO - [2026-06-28T10:25:35.764+0000] {dag.py:4180} INFO - Setting next_dagrun for urban_data_streaming_demo to None, run_after=None
[2026-06-28T10:25:35.793+0000] {processor.py:208} INFO - Processing /opt/airflow/dags/urban_data_streaming_dag.py took 0.112 seconds
[2026-06-28T10:26:06.218+0000] {processor.py:186} INFO - Started process (PID=295) to work on /opt/airflow/dags/urban_data_streaming_dag.py
[2026-06-28T10:26:06.220+0000] {processor.py:914} INFO - Processing file /opt/airflow/dags/urban_data_streaming_dag.py for tasks to queue
[2026-06-28T10:26:06.223+0000] {logging_mixin.py:190} INFO - [2026-06-28T10:26:06.223+0000] {dagbag.py:588} INFO - Filling up the DagBag from /opt/airflow/dags/urban_data_streaming_dag.py
[2026-06-28T10:26:06.269+0000] {processor.py:925} INFO - DAG(s) 'urban_data_streaming_demo' retrieved from /opt/airflow/dags/urban_data_streaming_dag.py
[2026-06-28T10:26:06.319+0000] {logging_mixin.py:190} INFO - [2026-06-28T10:26:06.318+0000] {dag.py:3239} INFO - Sync 1 DAGs
[2026-06-28T10:26:06.333+0000] {logging_mixin.py:190} INFO - [2026-06-28T10:26:06.333+0000] {dag.py:4180} INFO - Setting next_dagrun for urban_data_streaming_demo to None, run_after=None
[2026-06-28T10:26:06.355+0000] {processor.py:208} INFO - Processing /opt/airflow/dags/urban_data_streaming_dag.py took 0.154 seconds
[2026-06-28T10:26:36.707+0000] {processor.py:186} INFO - Started process (PID=313) to work on /opt/airflow/dags/urban_data_streaming_dag.py
[2026-06-28T10:26:36.708+0000] {processor.py:914} INFO - Processing file /opt/airflow/dags/urban_data_streaming_dag.py for tasks to queue
[2026-06-28T10:26:36.711+0000] {logging_mixin.py:190} INFO - [2026-06-28T10:26:36.710+0000] {dagbag.py:588} INFO - Filling up the DagBag from /opt/airflow/dags/urban_data_streaming_dag.py
[2026-06-28T10:26:36.736+0000] {processor.py:925} INFO - DAG(s) 'urban_data_streaming_demo' retrieved from /opt/airflow/dags/urban_data_streaming_dag.py
[2026-06-28T10:26:36.766+0000] {logging_mixin.py:190} INFO - [2026-06-28T10:26:36.766+0000] {dag.py:3239} INFO - Sync 1 DAGs
[2026-06-28T10:26:36.780+0000] {logging_mixin.py:190} INFO - [2026-06-28T10:26:36.779+0000] {dag.py:4180} INFO - Setting next_dagrun for urban_data_streaming_demo to None, run_after=None
[2026-06-28T10:26:36.801+0000] {processor.py:208} INFO - Processing /opt/airflow/dags/urban_data_streaming_dag.py took 0.105 seconds
[2026-06-28T10:27:07.416+0000] {processor.py:186} INFO - Started process (PID=334) to work on /opt/airflow/dags/urban_data_streaming_dag.py
[2026-06-28T10:27:07.419+0000] {processor.py:914} INFO - Processing file /opt/airflow/dags/urban_data_streaming_dag.py for tasks to queue
[2026-06-28T10:27:07.428+0000] {logging_mixin.py:190} INFO - [2026-06-28T10:27:07.426+0000] {dagbag.py:588} INFO - Filling up the DagBag from /opt/airflow/dags/urban_data_streaming_dag.py
[2026-06-28T10:27:07.469+0000] {processor.py:925} INFO - DAG(s) 'urban_data_streaming_demo' retrieved from /opt/airflow/dags/urban_data_streaming_dag.py
[2026-06-28T10:27:07.507+0000] {logging_mixin.py:190} INFO - [2026-06-28T10:27:07.507+0000] {dag.py:3239} INFO - Sync 1 DAGs
[2026-06-28T10:27:07.522+0000] {logging_mixin.py:190} INFO - [2026-06-28T10:27:07.522+0000] {dag.py:4180} INFO - Setting next_dagrun for urban_data_streaming_demo to None, run_after=None
[2026-06-28T10:27:07.553+0000] {processor.py:208} INFO - Processing /opt/airflow/dags/urban_data_streaming_dag.py took 0.166 seconds
[2026-06-28T10:27:38.299+0000] {processor.py:186} INFO - Started process (PID=352) to work on /opt/airflow/dags/urban_data_streaming_dag.py
[2026-06-28T10:27:38.301+0000] {processor.py:914} INFO - Processing file /opt/airflow/dags/urban_data_streaming_dag.py for tasks to queue
[2026-06-28T10:27:38.304+0000] {logging_mixin.py:190} INFO - [2026-06-28T10:27:38.303+0000] {dagbag.py:588} INFO - Filling up the DagBag from /opt/airflow/dags/urban_data_streaming_dag.py
[2026-06-28T10:27:38.359+0000] {processor.py:925} INFO - DAG(s) 'urban_data_streaming_demo' retrieved from /opt/airflow/dags/urban_data_streaming_dag.py
[2026-06-28T10:27:38.395+0000] {logging_mixin.py:190} INFO - [2026-06-28T10:27:38.395+0000] {dag.py:3239} INFO - Sync 1 DAGs
[2026-06-28T10:27:38.410+0000] {logging_mixin.py:190} INFO - [2026-06-28T10:27:38.410+0000] {dag.py:4180} INFO - Setting next_dagrun for urban_data_streaming_demo to None, run_after=None
[2026-06-28T10:27:38.432+0000] {processor.py:208} INFO - Processing /opt/airflow/dags/urban_data_streaming_dag.py took 0.146 seconds
[2026-06-28T10:28:09.453+0000] {processor.py:186} INFO - Started process (PID=369) to work on /opt/airflow/dags/urban_data_streaming_dag.py
[2026-06-28T10:28:09.455+0000] {processor.py:914} INFO - Processing file /opt/airflow/dags/urban_data_streaming_dag.py for tasks to queue
[2026-06-28T10:28:09.457+0000] {logging_mixin.py:190} INFO - [2026-06-28T10:28:09.457+0000] {dagbag.py:588} INFO - Filling up the DagBag from /opt/airflow/dags/urban_data_streaming_dag.py
[2026-06-28T10:28:09.480+0000] {processor.py:925} INFO - DAG(s) 'urban_data_streaming_demo' retrieved from /opt/airflow/dags/urban_data_streaming_dag.py
[2026-06-28T10:28:09.509+0000] {logging_mixin.py:190} INFO - [2026-06-28T10:28:09.508+0000] {dag.py:3239} INFO - Sync 1 DAGs
[2026-06-28T10:28:09.522+0000] {logging_mixin.py:190} INFO - [2026-06-28T10:28:09.522+0000] {dag.py:4180} INFO - Setting next_dagrun for urban_data_streaming_demo to None, run_after=None
[2026-06-28T10:28:09.544+0000] {processor.py:208} INFO - Processing /opt/airflow/dags/urban_data_streaming_dag.py took 0.101 seconds
[2026-06-28T10:28:40.240+0000] {processor.py:186} INFO - Started process (PID=380) to work on /opt/airflow/dags/urban_data_streaming_dag.py
[2026-06-28T10:28:40.242+0000] {processor.py:914} INFO - Processing file /opt/airflow/dags/urban_data_streaming_dag.py for tasks to queue
[2026-06-28T10:28:40.245+0000] {logging_mixin.py:190} INFO - [2026-06-28T10:28:40.244+0000] {dagbag.py:588} INFO - Filling up the DagBag from /opt/airflow/dags/urban_data_streaming_dag.py
[2026-06-28T10:28:40.284+0000] {processor.py:925} INFO - DAG(s) 'urban_data_streaming_demo' retrieved from /opt/airflow/dags/urban_data_streaming_dag.py
[2026-06-28T10:28:40.342+0000] {logging_mixin.py:190} INFO - [2026-06-28T10:28:40.341+0000] {dag.py:3239} INFO - Sync 1 DAGs
[2026-06-28T10:28:40.382+0000] {logging_mixin.py:190} INFO - [2026-06-28T10:28:40.381+0000] {dag.py:4180} INFO - Setting next_dagrun for urban_data_streaming_demo to None, run_after=None
[2026-06-28T10:28:40.476+0000] {processor.py:208} INFO - Processing /opt/airflow/dags/urban_data_streaming_dag.py took 0.252 seconds
[2026-06-28T10:29:11.335+0000] {processor.py:186} INFO - Started process (PID=398) to work on /opt/airflow/dags/urban_data_streaming_dag.py
[2026-06-28T10:29:11.338+0000] {processor.py:914} INFO - Processing file /opt/airflow/dags/urban_data_streaming_dag.py for tasks to queue
[2026-06-28T10:29:11.342+0000] {logging_mixin.py:190} INFO - [2026-06-28T10:29:11.342+0000] {dagbag.py:588} INFO - Filling up the DagBag from /opt/airflow/dags/urban_data_streaming_dag.py
[2026-06-28T10:29:11.434+0000] {processor.py:925} INFO - DAG(s) 'urban_data_streaming_demo' retrieved from /opt/airflow/dags/urban_data_streaming_dag.py
[2026-06-28T10:29:11.472+0000] {logging_mixin.py:190} INFO - [2026-06-28T10:29:11.472+0000] {dag.py:3239} INFO - Sync 1 DAGs
[2026-06-28T10:29:11.486+0000] {logging_mixin.py:190} INFO - [2026-06-28T10:29:11.486+0000] {dag.py:4180} INFO - Setting next_dagrun for urban_data_streaming_demo to None, run_after=None
[2026-06-28T10:29:11.513+0000] {processor.py:208} INFO - Processing /opt/airflow/dags/urban_data_streaming_dag.py took 0.212 seconds
[2026-06-28T10:29:42.331+0000] {processor.py:186} INFO - Started process (PID=416) to work on /opt/airflow/dags/urban_data_streaming_dag.py
[2026-06-28T10:29:42.334+0000] {processor.py:914} INFO - Processing file /opt/airflow/dags/urban_data_streaming_dag.py for tasks to queue
[2026-06-28T10:29:42.342+0000] {logging_mixin.py:190} INFO - [2026-06-28T10:29:42.341+0000] {dagbag.py:588} INFO - Filling up the DagBag from /opt/airflow/dags/urban_data_streaming_dag.py
[2026-06-28T10:29:42.432+0000] {processor.py:925} INFO - DAG(s) 'urban_data_streaming_demo' retrieved from /opt/airflow/dags/urban_data_streaming_dag.py
[2026-06-28T10:29:42.513+0000] {logging_mixin.py:190} INFO - [2026-06-28T10:29:42.512+0000] {dag.py:3239} INFO - Sync 1 DAGs
[2026-06-28T10:29:42.532+0000] {logging_mixin.py:190} INFO - [2026-06-28T10:29:42.532+0000] {dag.py:4180} INFO - Setting next_dagrun for urban_data_streaming_demo to None, run_after=None
[2026-06-28T10:29:42.554+0000] {processor.py:208} INFO - Processing /opt/airflow/dags/urban_data_streaming_dag.py took 0.271 seconds
[2026-06-28T10:30:13.255+0000] {processor.py:186} INFO - Started process (PID=434) to work on /opt/airflow/dags/urban_data_streaming_dag.py
[2026-06-28T10:30:13.257+0000] {processor.py:914} INFO - Processing file /opt/airflow/dags/urban_data_streaming_dag.py for tasks to queue
[2026-06-28T10:30:13.260+0000] {logging_mixin.py:190} INFO - [2026-06-28T10:30:13.260+0000] {dagbag.py:588} INFO - Filling up the DagBag from /opt/airflow/dags/urban_data_streaming_dag.py
[2026-06-28T10:30:13.295+0000] {processor.py:925} INFO - DAG(s) 'urban_data_streaming_demo' retrieved from /opt/airflow/dags/urban_data_streaming_dag.py
[2026-06-28T10:30:13.339+0000] {logging_mixin.py:190} INFO - [2026-06-28T10:30:13.339+0000] {dag.py:3239} INFO - Sync 1 DAGs
[2026-06-28T10:30:13.360+0000] {logging_mixin.py:190} INFO - [2026-06-28T10:30:13.360+0000] {dag.py:4180} INFO - Setting next_dagrun for urban_data_streaming_demo to None, run_after=None
[2026-06-28T10:30:13.384+0000] {processor.py:208} INFO - Processing /opt/airflow/dags/urban_data_streaming_dag.py took 0.143 seconds
[2026-06-28T10:30:44.018+0000] {processor.py:186} INFO - Started process (PID=452) to work on /opt/airflow/dags/urban_data_streaming_dag.py
[2026-06-28T10:30:44.020+0000] {processor.py:914} INFO - Processing file /opt/airflow/dags/urban_data_streaming_dag.py for tasks to queue
[2026-06-28T10:30:44.022+0000] {logging_mixin.py:190} INFO - [2026-06-28T10:30:44.022+0000] {dagbag.py:588} INFO - Filling up the DagBag from /opt/airflow/dags/urban_data_streaming_dag.py
[2026-06-28T10:30:44.043+0000] {processor.py:925} INFO - DAG(s) 'urban_data_streaming_demo' retrieved from /opt/airflow/dags/urban_data_streaming_dag.py
[2026-06-28T10:30:44.086+0000] {logging_mixin.py:190} INFO - [2026-06-28T10:30:44.085+0000] {dag.py:3239} INFO - Sync 1 DAGs
[2026-06-28T10:30:44.107+0000] {logging_mixin.py:190} INFO - [2026-06-28T10:30:44.106+0000] {dag.py:4180} INFO - Setting next_dagrun for urban_data_streaming_demo to None, run_after=None
[2026-06-28T10:30:44.131+0000] {processor.py:208} INFO - Processing /opt/airflow/dags/urban_data_streaming_dag.py took 0.124 seconds
[2026-06-28T10:31:14.989+0000] {processor.py:186} INFO - Started process (PID=470) to work on /opt/airflow/dags/urban_data_streaming_dag.py
[2026-06-28T10:31:14.992+0000] {processor.py:914} INFO - Processing file /opt/airflow/dags/urban_data_streaming_dag.py for tasks to queue
[2026-06-28T10:31:14.997+0000] {logging_mixin.py:190} INFO - [2026-06-28T10:31:14.996+0000] {dagbag.py:588} INFO - Filling up the DagBag from /opt/airflow/dags/urban_data_streaming_dag.py
[2026-06-28T10:31:15.067+0000] {processor.py:925} INFO - DAG(s) 'urban_data_streaming_demo' retrieved from /opt/airflow/dags/urban_data_streaming_dag.py
[2026-06-28T10:31:15.120+0000] {logging_mixin.py:190} INFO - [2026-06-28T10:31:15.119+0000] {dag.py:3239} INFO - Sync 1 DAGs
[2026-06-28T10:31:15.138+0000] {logging_mixin.py:190} INFO - [2026-06-28T10:31:15.137+0000] {dag.py:4180} INFO - Setting next_dagrun for urban_data_streaming_demo to None, run_after=None
[2026-06-28T10:31:15.166+0000] {processor.py:208} INFO - Processing /opt/airflow/dags/urban_data_streaming_dag.py took 0.201 seconds
[2026-06-28T10:31:45.901+0000] {processor.py:186} INFO - Started process (PID=488) to work on /opt/airflow/dags/urban_data_streaming_dag.py
[2026-06-28T10:31:45.902+0000] {processor.py:914} INFO - Processing file /opt/airflow/dags/urban_data_streaming_dag.py for tasks to queue
[2026-06-28T10:31:45.905+0000] {logging_mixin.py:190} INFO - [2026-06-28T10:31:45.904+0000] {dagbag.py:588} INFO - Filling up the DagBag from /opt/airflow/dags/urban_data_streaming_dag.py
[2026-06-28T10:31:45.929+0000] {processor.py:925} INFO - DAG(s) 'urban_data_streaming_demo' retrieved from /opt/airflow/dags/urban_data_streaming_dag.py
[2026-06-28T10:31:45.960+0000] {logging_mixin.py:190} INFO - [2026-06-28T10:31:45.959+0000] {dag.py:3239} INFO - Sync 1 DAGs
[2026-06-28T10:31:45.973+0000] {logging_mixin.py:190} INFO - [2026-06-28T10:31:45.973+0000] {dag.py:4180} INFO - Setting next_dagrun for urban_data_streaming_demo to None, run_after=None
[2026-06-28T10:31:45.995+0000] {processor.py:208} INFO - Processing /opt/airflow/dags/urban_data_streaming_dag.py took 0.106 seconds
[2026-06-28T10:32:16.598+0000] {processor.py:186} INFO - Started process (PID=510) to work on /opt/airflow/dags/urban_data_streaming_dag.py
[2026-06-28T10:32:16.600+0000] {processor.py:914} INFO - Processing file /opt/airflow/dags/urban_data_streaming_dag.py for tasks to queue
[2026-06-28T10:32:16.602+0000] {logging_mixin.py:190} INFO - [2026-06-28T10:32:16.602+0000] {dagbag.py:588} INFO - Filling up the DagBag from /opt/airflow/dags/urban_data_streaming_dag.py
[2026-06-28T10:32:16.631+0000] {processor.py:925} INFO - DAG(s) 'urban_data_streaming_demo' retrieved from /opt/airflow/dags/urban_data_streaming_dag.py
[2026-06-28T10:32:16.665+0000] {logging_mixin.py:190} INFO - [2026-06-28T10:32:16.664+0000] {dag.py:3239} INFO - Sync 1 DAGs
[2026-06-28T10:32:16.680+0000] {logging_mixin.py:190} INFO - [2026-06-28T10:32:16.680+0000] {dag.py:4180} INFO - Setting next_dagrun for urban_data_streaming_demo to None, run_after=None
[2026-06-28T10:32:16.706+0000] {processor.py:208} INFO - Processing /opt/airflow/dags/urban_data_streaming_dag.py took 0.119 seconds
[2026-06-28T10:32:47.234+0000] {processor.py:186} INFO - Started process (PID=528) to work on /opt/airflow/dags/urban_data_streaming_dag.py
[2026-06-28T10:32:47.236+0000] {processor.py:914} INFO - Processing file /opt/airflow/dags/urban_data_streaming_dag.py for tasks to queue
[2026-06-28T10:32:47.239+0000] {logging_mixin.py:190} INFO - [2026-06-28T10:32:47.239+0000] {dagbag.py:588} INFO - Filling up the DagBag from /opt/airflow/dags/urban_data_streaming_dag.py
[2026-06-28T10:32:47.285+0000] {processor.py:925} INFO - DAG(s) 'urban_data_streaming_demo' retrieved from /opt/airflow/dags/urban_data_streaming_dag.py
[2026-06-28T10:32:47.322+0000] {logging_mixin.py:190} INFO - [2026-06-28T10:32:47.322+0000] {dag.py:3239} INFO - Sync 1 DAGs
[2026-06-28T10:32:47.337+0000] {logging_mixin.py:190} INFO - [2026-06-28T10:32:47.337+0000] {dag.py:4180} INFO - Setting next_dagrun for urban_data_streaming_demo to None, run_after=None
[2026-06-28T10:32:47.361+0000] {processor.py:208} INFO - Processing /opt/airflow/dags/urban_data_streaming_dag.py took 0.142 seconds
[2026-06-28T10:33:17.966+0000] {processor.py:186} INFO - Started process (PID=545) to work on /opt/airflow/dags/urban_data_streaming_dag.py
[2026-06-28T10:33:17.967+0000] {processor.py:914} INFO - Processing file /opt/airflow/dags/urban_data_streaming_dag.py for tasks to queue
[2026-06-28T10:33:17.970+0000] {logging_mixin.py:190} INFO - [2026-06-28T10:33:17.970+0000] {dagbag.py:588} INFO - Filling up the DagBag from /opt/airflow/dags/urban_data_streaming_dag.py
[2026-06-28T10:33:17.996+0000] {processor.py:925} INFO - DAG(s) 'urban_data_streaming_demo' retrieved from /opt/airflow/dags/urban_data_streaming_dag.py
[2026-06-28T10:33:18.031+0000] {logging_mixin.py:190} INFO - [2026-06-28T10:33:18.031+0000] {dag.py:3239} INFO - Sync 1 DAGs
[2026-06-28T10:33:18.048+0000] {logging_mixin.py:190} INFO - [2026-06-28T10:33:18.048+0000] {dag.py:4180} INFO - Setting next_dagrun for urban_data_streaming_demo to None, run_after=None
[2026-06-28T10:33:18.069+0000] {processor.py:208} INFO - Processing /opt/airflow/dags/urban_data_streaming_dag.py took 0.114 seconds
[2026-06-28T10:33:48.529+0000] {processor.py:186} INFO - Started process (PID=556) to work on /opt/airflow/dags/urban_data_streaming_dag.py
[2026-06-28T10:33:48.531+0000] {processor.py:914} INFO - Processing file /opt/airflow/dags/urban_data_streaming_dag.py for tasks to queue
[2026-06-28T10:33:48.534+0000] {logging_mixin.py:190} INFO - [2026-06-28T10:33:48.533+0000] {dagbag.py:588} INFO - Filling up the DagBag from /opt/airflow/dags/urban_data_streaming_dag.py
[2026-06-28T10:33:48.589+0000] {processor.py:925} INFO - DAG(s) 'urban_data_streaming_demo' retrieved from /opt/airflow/dags/urban_data_streaming_dag.py
[2026-06-28T10:33:48.621+0000] {logging_mixin.py:190} INFO - [2026-06-28T10:33:48.621+0000] {dag.py:3239} INFO - Sync 1 DAGs
[2026-06-28T10:33:48.634+0000] {logging_mixin.py:190} INFO - [2026-06-28T10:33:48.634+0000] {dag.py:4180} INFO - Setting next_dagrun for urban_data_streaming_demo to None, run_after=None
[2026-06-28T10:33:48.660+0000] {processor.py:208} INFO - Processing /opt/airflow/dags/urban_data_streaming_dag.py took 0.146 seconds
[2026-06-28T10:34:19.050+0000] {processor.py:186} INFO - Started process (PID=574) to work on /opt/airflow/dags/urban_data_streaming_dag.py
[2026-06-28T10:34:19.052+0000] {processor.py:914} INFO - Processing file /opt/airflow/dags/urban_data_streaming_dag.py for tasks to queue
[2026-06-28T10:34:19.056+0000] {logging_mixin.py:190} INFO - [2026-06-28T10:34:19.055+0000] {dagbag.py:588} INFO - Filling up the DagBag from /opt/airflow/dags/urban_data_streaming_dag.py
[2026-06-28T10:34:19.113+0000] {processor.py:925} INFO - DAG(s) 'urban_data_streaming_demo' retrieved from /opt/airflow/dags/urban_data_streaming_dag.py
[2026-06-28T10:34:19.149+0000] {logging_mixin.py:190} INFO - [2026-06-28T10:34:19.149+0000] {dag.py:3239} INFO - Sync 1 DAGs
[2026-06-28T10:34:19.163+0000] {logging_mixin.py:190} INFO - [2026-06-28T10:34:19.163+0000] {dag.py:4180} INFO - Setting next_dagrun for urban_data_streaming_demo to None, run_after=None
[2026-06-28T10:34:19.189+0000] {processor.py:208} INFO - Processing /opt/airflow/dags/urban_data_streaming_dag.py took 0.152 seconds
[2026-06-28T10:34:49.876+0000] {processor.py:186} INFO - Started process (PID=595) to work on /opt/airflow/dags/urban_data_streaming_dag.py
[2026-06-28T10:34:49.877+0000] {processor.py:914} INFO - Processing file /opt/airflow/dags/urban_data_streaming_dag.py for tasks to queue
[2026-06-28T10:34:49.881+0000] {logging_mixin.py:190} INFO - [2026-06-28T10:34:49.880+0000] {dagbag.py:588} INFO - Filling up the DagBag from /opt/airflow/dags/urban_data_streaming_dag.py
[2026-06-28T10:34:49.934+0000] {processor.py:925} INFO - DAG(s) 'urban_data_streaming_demo' retrieved from /opt/airflow/dags/urban_data_streaming_dag.py
[2026-06-28T10:34:49.972+0000] {logging_mixin.py:190} INFO - [2026-06-28T10:34:49.972+0000] {dag.py:3239} INFO - Sync 1 DAGs
[2026-06-28T10:34:49.989+0000] {logging_mixin.py:190} INFO - [2026-06-28T10:34:49.989+0000] {dag.py:4180} INFO - Setting next_dagrun for urban_data_streaming_demo to None, run_after=None
[2026-06-28T10:34:50.018+0000] {processor.py:208} INFO - Processing /opt/airflow/dags/urban_data_streaming_dag.py took 0.152 seconds
[2026-06-28T10:35:20.983+0000] {processor.py:186} INFO - Started process (PID=613) to work on /opt/airflow/dags/urban_data_streaming_dag.py
[2026-06-28T10:35:20.986+0000] {processor.py:914} INFO - Processing file /opt/airflow/dags/urban_data_streaming_dag.py for tasks to queue
[2026-06-28T10:35:20.991+0000] {logging_mixin.py:190} INFO - [2026-06-28T10:35:20.990+0000] {dagbag.py:588} INFO - Filling up the DagBag from /opt/airflow/dags/urban_data_streaming_dag.py
[2026-06-28T10:35:21.053+0000] {processor.py:925} INFO - DAG(s) 'urban_data_streaming_demo' retrieved from /opt/airflow/dags/urban_data_streaming_dag.py
[2026-06-28T10:35:21.119+0000] {logging_mixin.py:190} INFO - [2026-06-28T10:35:21.118+0000] {dag.py:3239} INFO - Sync 1 DAGs
[2026-06-28T10:35:21.142+0000] {logging_mixin.py:190} INFO - [2026-06-28T10:35:21.142+0000] {dag.py:4180} INFO - Setting next_dagrun for urban_data_streaming_demo to None, run_after=None
[2026-06-28T10:35:21.172+0000] {processor.py:208} INFO - Processing /opt/airflow/dags/urban_data_streaming_dag.py took 0.211 seconds
[2026-06-28T10:35:51.939+0000] {processor.py:186} INFO - Started process (PID=631) to work on /opt/airflow/dags/urban_data_streaming_dag.py
[2026-06-28T10:35:51.941+0000] {processor.py:914} INFO - Processing file /opt/airflow/dags/urban_data_streaming_dag.py for tasks to queue
[2026-06-28T10:35:51.946+0000] {logging_mixin.py:190} INFO - [2026-06-28T10:35:51.945+0000] {dagbag.py:588} INFO - Filling up the DagBag from /opt/airflow/dags/urban_data_streaming_dag.py
[2026-06-28T10:35:51.989+0000] {processor.py:925} INFO - DAG(s) 'urban_data_streaming_demo' retrieved from /opt/airflow/dags/urban_data_streaming_dag.py
[2026-06-28T10:35:52.027+0000] {logging_mixin.py:190} INFO - [2026-06-28T10:35:52.026+0000] {dag.py:3239} INFO - Sync 1 DAGs
[2026-06-28T10:35:52.040+0000] {logging_mixin.py:190} INFO - [2026-06-28T10:35:52.040+0000] {dag.py:4180} INFO - Setting next_dagrun for urban_data_streaming_demo to None, run_after=None
[2026-06-28T10:35:52.059+0000] {processor.py:208} INFO - Processing /opt/airflow/dags/urban_data_streaming_dag.py took 0.153 seconds
[2026-06-28T10:36:22.975+0000] {processor.py:186} INFO - Started process (PID=649) to work on /opt/airflow/dags/urban_data_streaming_dag.py
[2026-06-28T10:36:22.978+0000] {processor.py:914} INFO - Processing file /opt/airflow/dags/urban_data_streaming_dag.py for tasks to queue
[2026-06-28T10:36:22.989+0000] {logging_mixin.py:190} INFO - [2026-06-28T10:36:22.988+0000] {dagbag.py:588} INFO - Filling up the DagBag from /opt/airflow/dags/urban_data_streaming_dag.py
[2026-06-28T10:36:23.083+0000] {processor.py:925} INFO - DAG(s) 'urban_data_streaming_demo' retrieved from /opt/airflow/dags/urban_data_streaming_dag.py
[2026-06-28T10:36:23.134+0000] {logging_mixin.py:190} INFO - [2026-06-28T10:36:23.134+0000] {dag.py:3239} INFO - Sync 1 DAGs
[2026-06-28T10:36:23.153+0000] {logging_mixin.py:190} INFO - [2026-06-28T10:36:23.152+0000] {dag.py:4180} INFO - Setting next_dagrun for urban_data_streaming_demo to None, run_after=None
[2026-06-28T10:36:23.189+0000] {processor.py:208} INFO - Processing /opt/airflow/dags/urban_data_streaming_dag.py took 0.257 seconds
[2026-06-28T10:36:54.007+0000] {processor.py:186} INFO - Started process (PID=667) to work on /opt/airflow/dags/urban_data_streaming_dag.py
[2026-06-28T10:36:54.008+0000] {processor.py:914} INFO - Processing file /opt/airflow/dags/urban_data_streaming_dag.py for tasks to queue
[2026-06-28T10:36:54.011+0000] {logging_mixin.py:190} INFO - [2026-06-28T10:36:54.010+0000] {dagbag.py:588} INFO - Filling up the DagBag from /opt/airflow/dags/urban_data_streaming_dag.py
[2026-06-28T10:36:54.049+0000] {processor.py:925} INFO - DAG(s) 'urban_data_streaming_demo' retrieved from /opt/airflow/dags/urban_data_streaming_dag.py
[2026-06-28T10:36:54.083+0000] {logging_mixin.py:190} INFO - [2026-06-28T10:36:54.083+0000] {dag.py:3239} INFO - Sync 1 DAGs
[2026-06-28T10:36:54.111+0000] {logging_mixin.py:190} INFO - [2026-06-28T10:36:54.111+0000] {dag.py:4180} INFO - Setting next_dagrun for urban_data_streaming_demo to None, run_after=None
[2026-06-28T10:36:54.139+0000] {processor.py:208} INFO - Processing /opt/airflow/dags/urban_data_streaming_dag.py took 0.143 seconds
[2026-06-28T10:37:25.044+0000] {processor.py:186} INFO - Started process (PID=685) to work on /opt/airflow/dags/urban_data_streaming_dag.py
[2026-06-28T10:37:25.047+0000] {processor.py:914} INFO - Processing file /opt/airflow/dags/urban_data_streaming_dag.py for tasks to queue
[2026-06-28T10:37:25.052+0000] {logging_mixin.py:190} INFO - [2026-06-28T10:37:25.051+0000] {dagbag.py:588} INFO - Filling up the DagBag from /opt/airflow/dags/urban_data_streaming_dag.py
[2026-06-28T10:37:25.144+0000] {processor.py:925} INFO - DAG(s) 'urban_data_streaming_demo' retrieved from /opt/airflow/dags/urban_data_streaming_dag.py
[2026-06-28T10:37:25.178+0000] {logging_mixin.py:190} INFO - [2026-06-28T10:37:25.178+0000] {dag.py:3239} INFO - Sync 1 DAGs
[2026-06-28T10:37:25.192+0000] {logging_mixin.py:190} INFO - [2026-06-28T10:37:25.192+0000] {dag.py:4180} INFO - Setting next_dagrun for urban_data_streaming_demo to None, run_after=None
[2026-06-28T10:37:25.215+0000] {processor.py:208} INFO - Processing /opt/airflow/dags/urban_data_streaming_dag.py took 0.197 seconds
[2026-06-28T10:37:56.127+0000] {processor.py:186} INFO - Started process (PID=703) to work on /opt/airflow/dags/urban_data_streaming_dag.py
[2026-06-28T10:37:56.129+0000] {processor.py:914} INFO - Processing file /opt/airflow/dags/urban_data_streaming_dag.py for tasks to queue
[2026-06-28T10:37:56.133+0000] {logging_mixin.py:190} INFO - [2026-06-28T10:37:56.132+0000] {dagbag.py:588} INFO - Filling up the DagBag from /opt/airflow/dags/urban_data_streaming_dag.py
[2026-06-28T10:37:56.163+0000] {processor.py:925} INFO - DAG(s) 'urban_data_streaming_demo' retrieved from /opt/airflow/dags/urban_data_streaming_dag.py
[2026-06-28T10:37:56.195+0000] {logging_mixin.py:190} INFO - [2026-06-28T10:37:56.195+0000] {dag.py:3239} INFO - Sync 1 DAGs
[2026-06-28T10:37:56.209+0000] {logging_mixin.py:190} INFO - [2026-06-28T10:37:56.209+0000] {dag.py:4180} INFO - Setting next_dagrun for urban_data_streaming_demo to None, run_after=None
[2026-06-28T10:37:56.232+0000] {processor.py:208} INFO - Processing /opt/airflow/dags/urban_data_streaming_dag.py took 0.124 seconds
[2026-06-28T10:38:27.198+0000] {processor.py:186} INFO - Started process (PID=721) to work on /opt/airflow/dags/urban_data_streaming_dag.py
[2026-06-28T10:38:27.199+0000] {processor.py:914} INFO - Processing file /opt/airflow/dags/urban_data_streaming_dag.py for tasks to queue
[2026-06-28T10:38:27.203+0000] {logging_mixin.py:190} INFO - [2026-06-28T10:38:27.202+0000] {dagbag.py:588} INFO - Filling up the DagBag from /opt/airflow/dags/urban_data_streaming_dag.py
[2026-06-28T10:38:27.228+0000] {processor.py:925} INFO - DAG(s) 'urban_data_streaming_demo' retrieved from /opt/airflow/dags/urban_data_streaming_dag.py
[2026-06-28T10:38:27.262+0000] {logging_mixin.py:190} INFO - [2026-06-28T10:38:27.262+0000] {dag.py:3239} INFO - Sync 1 DAGs
[2026-06-28T10:38:27.276+0000] {logging_mixin.py:190} INFO - [2026-06-28T10:38:27.276+0000] {dag.py:4180} INFO - Setting next_dagrun for urban_data_streaming_demo to None, run_after=None
[2026-06-28T10:38:27.298+0000] {processor.py:208} INFO - Processing /opt/airflow/dags/urban_data_streaming_dag.py took 0.116 seconds
[2026-06-28T10:38:58.029+0000] {processor.py:186} INFO - Started process (PID=738) to work on /opt/airflow/dags/urban_data_streaming_dag.py
[2026-06-28T10:38:58.030+0000] {processor.py:914} INFO - Processing file /opt/airflow/dags/urban_data_streaming_dag.py for tasks to queue
[2026-06-28T10:38:58.032+0000] {logging_mixin.py:190} INFO - [2026-06-28T10:38:58.032+0000] {dagbag.py:588} INFO - Filling up the DagBag from /opt/airflow/dags/urban_data_streaming_dag.py
[2026-06-28T10:38:58.062+0000] {processor.py:925} INFO - DAG(s) 'urban_data_streaming_demo' retrieved from /opt/airflow/dags/urban_data_streaming_dag.py
[2026-06-28T10:38:58.096+0000] {logging_mixin.py:190} INFO - [2026-06-28T10:38:58.096+0000] {dag.py:3239} INFO - Sync 1 DAGs
[2026-06-28T10:38:58.109+0000] {logging_mixin.py:190} INFO - [2026-06-28T10:38:58.109+0000] {dag.py:4180} INFO - Setting next_dagrun for urban_data_streaming_demo to None, run_after=None
[2026-06-28T10:38:58.135+0000] {processor.py:208} INFO - Processing /opt/airflow/dags/urban_data_streaming_dag.py took 0.116 seconds
[2026-06-28T10:39:28.995+0000] {processor.py:186} INFO - Started process (PID=749) to work on /opt/airflow/dags/urban_data_streaming_dag.py
[2026-06-28T10:39:28.997+0000] {processor.py:914} INFO - Processing file /opt/airflow/dags/urban_data_streaming_dag.py for tasks to queue
[2026-06-28T10:39:28.999+0000] {logging_mixin.py:190} INFO - [2026-06-28T10:39:28.999+0000] {dagbag.py:588} INFO - Filling up the DagBag from /opt/airflow/dags/urban_data_streaming_dag.py
[2026-06-28T10:39:29.023+0000] {processor.py:925} INFO - DAG(s) 'urban_data_streaming_demo' retrieved from /opt/airflow/dags/urban_data_streaming_dag.py
[2026-06-28T10:39:29.055+0000] {logging_mixin.py:190} INFO - [2026-06-28T10:39:29.055+0000] {dag.py:3239} INFO - Sync 1 DAGs
[2026-06-28T10:39:29.070+0000] {logging_mixin.py:190} INFO - [2026-06-28T10:39:29.069+0000] {dag.py:4180} INFO - Setting next_dagrun for urban_data_streaming_demo to None, run_after=None
[2026-06-28T10:39:29.093+0000] {processor.py:208} INFO - Processing /opt/airflow/dags/urban_data_streaming_dag.py took 0.108 seconds
[2026-06-28T10:39:59.964+0000] {processor.py:186} INFO - Started process (PID=767) to work on /opt/airflow/dags/urban_data_streaming_dag.py
[2026-06-28T10:39:59.966+0000] {processor.py:914} INFO - Processing file /opt/airflow/dags/urban_data_streaming_dag.py for tasks to queue
[2026-06-28T10:39:59.970+0000] {logging_mixin.py:190} INFO - [2026-06-28T10:39:59.969+0000] {dagbag.py:588} INFO - Filling up the DagBag from /opt/airflow/dags/urban_data_streaming_dag.py
[2026-06-28T10:40:00.017+0000] {processor.py:925} INFO - DAG(s) 'urban_data_streaming_demo' retrieved from /opt/airflow/dags/urban_data_streaming_dag.py
[2026-06-28T10:40:00.084+0000] {logging_mixin.py:190} INFO - [2026-06-28T10:40:00.083+0000] {dag.py:3239} INFO - Sync 1 DAGs
[2026-06-28T10:40:00.100+0000] {logging_mixin.py:190} INFO - [2026-06-28T10:40:00.100+0000] {dag.py:4180} INFO - Setting next_dagrun for urban_data_streaming_demo to None, run_after=None
[2026-06-28T10:40:00.133+0000] {processor.py:208} INFO - Processing /opt/airflow/dags/urban_data_streaming_dag.py took 0.183 seconds
[2026-06-28T10:40:30.899+0000] {processor.py:186} INFO - Started process (PID=785) to work on /opt/airflow/dags/urban_data_streaming_dag.py
[2026-06-28T10:40:30.900+0000] {processor.py:914} INFO - Processing file /opt/airflow/dags/urban_data_streaming_dag.py for tasks to queue
[2026-06-28T10:40:30.902+0000] {logging_mixin.py:190} INFO - [2026-06-28T10:40:30.902+0000] {dagbag.py:588} INFO - Filling up the DagBag from /opt/airflow/dags/urban_data_streaming_dag.py
[2026-06-28T10:40:30.935+0000] {processor.py:925} INFO - DAG(s) 'urban_data_streaming_demo' retrieved from /opt/airflow/dags/urban_data_streaming_dag.py
[2026-06-28T10:40:30.970+0000] {logging_mixin.py:190} INFO - [2026-06-28T10:40:30.970+0000] {dag.py:3239} INFO - Sync 1 DAGs
[2026-06-28T10:40:30.984+0000] {logging_mixin.py:190} INFO - [2026-06-28T10:40:30.984+0000] {dag.py:4180} INFO - Setting next_dagrun for urban_data_streaming_demo to None, run_after=None
[2026-06-28T10:40:31.013+0000] {processor.py:208} INFO - Processing /opt/airflow/dags/urban_data_streaming_dag.py took 0.129 seconds
[2026-06-28T10:41:01.821+0000] {processor.py:186} INFO - Started process (PID=803) to work on /opt/airflow/dags/urban_data_streaming_dag.py
[2026-06-28T10:41:01.822+0000] {processor.py:914} INFO - Processing file /opt/airflow/dags/urban_data_streaming_dag.py for tasks to queue
[2026-06-28T10:41:01.824+0000] {logging_mixin.py:190} INFO - [2026-06-28T10:41:01.824+0000] {dagbag.py:588} INFO - Filling up the DagBag from /opt/airflow/dags/urban_data_streaming_dag.py
[2026-06-28T10:41:01.856+0000] {processor.py:925} INFO - DAG(s) 'urban_data_streaming_demo' retrieved from /opt/airflow/dags/urban_data_streaming_dag.py
[2026-06-28T10:41:01.887+0000] {logging_mixin.py:190} INFO - [2026-06-28T10:41:01.887+0000] {dag.py:3239} INFO - Sync 1 DAGs
[2026-06-28T10:41:01.901+0000] {logging_mixin.py:190} INFO - [2026-06-28T10:41:01.901+0000] {dag.py:4180} INFO - Setting next_dagrun for urban_data_streaming_demo to None, run_after=None
[2026-06-28T10:41:01.926+0000] {processor.py:208} INFO - Processing /opt/airflow/dags/urban_data_streaming_dag.py took 0.116 seconds
[2026-06-28T10:41:32.812+0000] {processor.py:186} INFO - Started process (PID=821) to work on /opt/airflow/dags/urban_data_streaming_dag.py
[2026-06-28T10:41:32.817+0000] {processor.py:914} INFO - Processing file /opt/airflow/dags/urban_data_streaming_dag.py for tasks to queue
[2026-06-28T10:41:32.825+0000] {logging_mixin.py:190} INFO - [2026-06-28T10:41:32.824+0000] {dagbag.py:588} INFO - Filling up the DagBag from /opt/airflow/dags/urban_data_streaming_dag.py
[2026-06-28T10:41:32.882+0000] {processor.py:925} INFO - DAG(s) 'urban_data_streaming_demo' retrieved from /opt/airflow/dags/urban_data_streaming_dag.py
[2026-06-28T10:41:32.925+0000] {logging_mixin.py:190} INFO - [2026-06-28T10:41:32.925+0000] {dag.py:3239} INFO - Sync 1 DAGs
[2026-06-28T10:41:32.940+0000] {logging_mixin.py:190} INFO - [2026-06-28T10:41:32.939+0000] {dag.py:4180} INFO - Setting next_dagrun for urban_data_streaming_demo to None, run_after=None
[2026-06-28T10:41:32.968+0000] {processor.py:208} INFO - Processing /opt/airflow/dags/urban_data_streaming_dag.py took 0.184 seconds
[2026-06-28T10:42:03.710+0000] {processor.py:186} INFO - Started process (PID=839) to work on /opt/airflow/dags/urban_data_streaming_dag.py
[2026-06-28T10:42:03.712+0000] {processor.py:914} INFO - Processing file /opt/airflow/dags/urban_data_streaming_dag.py for tasks to queue
[2026-06-28T10:42:03.715+0000] {logging_mixin.py:190} INFO - [2026-06-28T10:42:03.714+0000] {dagbag.py:588} INFO - Filling up the DagBag from /opt/airflow/dags/urban_data_streaming_dag.py
[2026-06-28T10:42:03.759+0000] {processor.py:925} INFO - DAG(s) 'urban_data_streaming_demo' retrieved from /opt/airflow/dags/urban_data_streaming_dag.py
[2026-06-28T10:42:03.790+0000] {logging_mixin.py:190} INFO - [2026-06-28T10:42:03.790+0000] {dag.py:3239} INFO - Sync 1 DAGs
[2026-06-28T10:42:03.804+0000] {logging_mixin.py:190} INFO - [2026-06-28T10:42:03.804+0000] {dag.py:4180} INFO - Setting next_dagrun for urban_data_streaming_demo to None, run_after=None
[2026-06-28T10:42:03.828+0000] {processor.py:208} INFO - Processing /opt/airflow/dags/urban_data_streaming_dag.py took 0.132 seconds
[2026-06-28T10:42:34.641+0000] {processor.py:186} INFO - Started process (PID=857) to work on /opt/airflow/dags/urban_data_streaming_dag.py
[2026-06-28T10:42:34.643+0000] {processor.py:914} INFO - Processing file /opt/airflow/dags/urban_data_streaming_dag.py for tasks to queue
[2026-06-28T10:42:34.647+0000] {logging_mixin.py:190} INFO - [2026-06-28T10:42:34.646+0000] {dagbag.py:588} INFO - Filling up the DagBag from /opt/airflow/dags/urban_data_streaming_dag.py
[2026-06-28T10:42:34.684+0000] {processor.py:925} INFO - DAG(s) 'urban_data_streaming_demo' retrieved from /opt/airflow/dags/urban_data_streaming_dag.py
[2026-06-28T10:42:34.720+0000] {logging_mixin.py:190} INFO - [2026-06-28T10:42:34.720+0000] {dag.py:3239} INFO - Sync 1 DAGs
[2026-06-28T10:42:34.735+0000] {logging_mixin.py:190} INFO - [2026-06-28T10:42:34.734+0000] {dag.py:4180} INFO - Setting next_dagrun for urban_data_streaming_demo to None, run_after=None
[2026-06-28T10:42:34.764+0000] {processor.py:208} INFO - Processing /opt/airflow/dags/urban_data_streaming_dag.py took 0.137 seconds
[2026-06-28T10:43:05.797+0000] {processor.py:186} INFO - Started process (PID=875) to work on /opt/airflow/dags/urban_data_streaming_dag.py
[2026-06-28T10:43:05.799+0000] {processor.py:914} INFO - Processing file /opt/airflow/dags/urban_data_streaming_dag.py for tasks to queue
[2026-06-28T10:43:05.802+0000] {logging_mixin.py:190} INFO - [2026-06-28T10:43:05.802+0000] {dagbag.py:588} INFO - Filling up the DagBag from /opt/airflow/dags/urban_data_streaming_dag.py
[2026-06-28T10:43:05.839+0000] {processor.py:925} INFO - DAG(s) 'urban_data_streaming_demo' retrieved from /opt/airflow/dags/urban_data_streaming_dag.py
[2026-06-28T10:43:05.876+0000] {logging_mixin.py:190} INFO - [2026-06-28T10:43:05.876+0000] {dag.py:3239} INFO - Sync 1 DAGs
[2026-06-28T10:43:05.890+0000] {logging_mixin.py:190} INFO - [2026-06-28T10:43:05.890+0000] {dag.py:4180} INFO - Setting next_dagrun for urban_data_streaming_demo to None, run_after=None
[2026-06-28T10:43:05.914+0000] {processor.py:208} INFO - Processing /opt/airflow/dags/urban_data_streaming_dag.py took 0.134 seconds
[2026-06-28T10:43:36.875+0000] {processor.py:186} INFO - Started process (PID=893) to work on /opt/airflow/dags/urban_data_streaming_dag.py
[2026-06-28T10:43:36.877+0000] {processor.py:914} INFO - Processing file /opt/airflow/dags/urban_data_streaming_dag.py for tasks to queue
[2026-06-28T10:43:36.884+0000] {logging_mixin.py:190} INFO - [2026-06-28T10:43:36.883+0000] {dagbag.py:588} INFO - Filling up the DagBag from /opt/airflow/dags/urban_data_streaming_dag.py
[2026-06-28T10:43:36.947+0000] {processor.py:925} INFO - DAG(s) 'urban_data_streaming_demo' retrieved from /opt/airflow/dags/urban_data_streaming_dag.py
[2026-06-28T10:43:36.979+0000] {logging_mixin.py:190} INFO - [2026-06-28T10:43:36.979+0000] {dag.py:3239} INFO - Sync 1 DAGs
[2026-06-28T10:43:36.993+0000] {logging_mixin.py:190} INFO - [2026-06-28T10:43:36.993+0000] {dag.py:4180} INFO - Setting next_dagrun for urban_data_streaming_demo to None, run_after=None
[2026-06-28T10:43:37.014+0000] {processor.py:208} INFO - Processing /opt/airflow/dags/urban_data_streaming_dag.py took 0.160 seconds
[2026-06-28T10:44:07.916+0000] {processor.py:186} INFO - Started process (PID=911) to work on /opt/airflow/dags/urban_data_streaming_dag.py
[2026-06-28T10:44:07.922+0000] {processor.py:914} INFO - Processing file /opt/airflow/dags/urban_data_streaming_dag.py for tasks to queue
[2026-06-28T10:44:07.932+0000] {logging_mixin.py:190} INFO - [2026-06-28T10:44:07.931+0000] {dagbag.py:588} INFO - Filling up the DagBag from /opt/airflow/dags/urban_data_streaming_dag.py
[2026-06-28T10:44:07.983+0000] {processor.py:925} INFO - DAG(s) 'urban_data_streaming_demo' retrieved from /opt/airflow/dags/urban_data_streaming_dag.py
[2026-06-28T10:44:08.016+0000] {logging_mixin.py:190} INFO - [2026-06-28T10:44:08.016+0000] {dag.py:3239} INFO - Sync 1 DAGs
[2026-06-28T10:44:08.028+0000] {logging_mixin.py:190} INFO - [2026-06-28T10:44:08.028+0000] {dag.py:4180} INFO - Setting next_dagrun for urban_data_streaming_demo to None, run_after=None
[2026-06-28T10:44:08.050+0000] {processor.py:208} INFO - Processing /opt/airflow/dags/urban_data_streaming_dag.py took 0.179 seconds
[2026-06-28T10:44:38.859+0000] {processor.py:186} INFO - Started process (PID=928) to work on /opt/airflow/dags/urban_data_streaming_dag.py
[2026-06-28T10:44:38.861+0000] {processor.py:914} INFO - Processing file /opt/airflow/dags/urban_data_streaming_dag.py for tasks to queue
[2026-06-28T10:44:38.864+0000] {logging_mixin.py:190} INFO - [2026-06-28T10:44:38.863+0000] {dagbag.py:588} INFO - Filling up the DagBag from /opt/airflow/dags/urban_data_streaming_dag.py
[2026-06-28T10:44:38.889+0000] {processor.py:925} INFO - DAG(s) 'urban_data_streaming_demo' retrieved from /opt/airflow/dags/urban_data_streaming_dag.py
[2026-06-28T10:44:38.923+0000] {logging_mixin.py:190} INFO - [2026-06-28T10:44:38.923+0000] {dag.py:3239} INFO - Sync 1 DAGs
[2026-06-28T10:44:38.940+0000] {logging_mixin.py:190} INFO - [2026-06-28T10:44:38.940+0000] {dag.py:4180} INFO - Setting next_dagrun for urban_data_streaming_demo to None, run_after=None
[2026-06-28T10:44:38.969+0000] {processor.py:208} INFO - Processing /opt/airflow/dags/urban_data_streaming_dag.py took 0.120 seconds
[2026-06-28T10:45:09.234+0000] {processor.py:186} INFO - Started process (PID=939) to work on /opt/airflow/dags/urban_data_streaming_dag.py
[2026-06-28T10:45:09.236+0000] {processor.py:914} INFO - Processing file /opt/airflow/dags/urban_data_streaming_dag.py for tasks to queue
[2026-06-28T10:45:09.240+0000] {logging_mixin.py:190} INFO - [2026-06-28T10:45:09.239+0000] {dagbag.py:588} INFO - Filling up the DagBag from /opt/airflow/dags/urban_data_streaming_dag.py
[2026-06-28T10:45:09.292+0000] {processor.py:925} INFO - DAG(s) 'urban_data_streaming_demo' retrieved from /opt/airflow/dags/urban_data_streaming_dag.py
[2026-06-28T10:45:09.346+0000] {logging_mixin.py:190} INFO - [2026-06-28T10:45:09.346+0000] {dag.py:3239} INFO - Sync 1 DAGs
[2026-06-28T10:45:09.369+0000] {logging_mixin.py:190} INFO - [2026-06-28T10:45:09.368+0000] {dag.py:4180} INFO - Setting next_dagrun for urban_data_streaming_demo to None, run_after=None
[2026-06-28T10:45:09.414+0000] {processor.py:208} INFO - Processing /opt/airflow/dags/urban_data_streaming_dag.py took 0.211 seconds
[2026-06-28T10:45:39.674+0000] {processor.py:186} INFO - Started process (PID=957) to work on /opt/airflow/dags/urban_data_streaming_dag.py
[2026-06-28T10:45:39.675+0000] {processor.py:914} INFO - Processing file /opt/airflow/dags/urban_data_streaming_dag.py for tasks to queue
[2026-06-28T10:45:39.678+0000] {logging_mixin.py:190} INFO - [2026-06-28T10:45:39.678+0000] {dagbag.py:588} INFO - Filling up the DagBag from /opt/airflow/dags/urban_data_streaming_dag.py
[2026-06-28T10:45:39.700+0000] {processor.py:925} INFO - DAG(s) 'urban_data_streaming_demo' retrieved from /opt/airflow/dags/urban_data_streaming_dag.py
[2026-06-28T10:45:39.734+0000] {logging_mixin.py:190} INFO - [2026-06-28T10:45:39.733+0000] {dag.py:3239} INFO - Sync 1 DAGs
[2026-06-28T10:45:39.749+0000] {logging_mixin.py:190} INFO - [2026-06-28T10:45:39.749+0000] {dag.py:4180} INFO - Setting next_dagrun for urban_data_streaming_demo to None, run_after=None
[2026-06-28T10:45:39.770+0000] {processor.py:208} INFO - Processing /opt/airflow/dags/urban_data_streaming_dag.py took 0.131 seconds
[2026-06-28T10:46:09.877+0000] {processor.py:186} INFO - Started process (PID=975) to work on /opt/airflow/dags/urban_data_streaming_dag.py
[2026-06-28T10:46:09.878+0000] {processor.py:914} INFO - Processing file /opt/airflow/dags/urban_data_streaming_dag.py for tasks to queue
[2026-06-28T10:46:09.881+0000] {logging_mixin.py:190} INFO - [2026-06-28T10:46:09.881+0000] {dagbag.py:588} INFO - Filling up the DagBag from /opt/airflow/dags/urban_data_streaming_dag.py
[2026-06-28T10:46:09.906+0000] {processor.py:925} INFO - DAG(s) 'urban_data_streaming_demo' retrieved from /opt/airflow/dags/urban_data_streaming_dag.py
[2026-06-28T10:46:09.943+0000] {logging_mixin.py:190} INFO - [2026-06-28T10:46:09.943+0000] {dag.py:3239} INFO - Sync 1 DAGs
[2026-06-28T10:46:09.958+0000] {logging_mixin.py:190} INFO - [2026-06-28T10:46:09.958+0000] {dag.py:4180} INFO - Setting next_dagrun for urban_data_streaming_demo to None, run_after=None
[2026-06-28T10:46:09.986+0000] {processor.py:208} INFO - Processing /opt/airflow/dags/urban_data_streaming_dag.py took 0.130 seconds
[2026-06-28T10:46:40.102+0000] {processor.py:186} INFO - Started process (PID=993) to work on /opt/airflow/dags/urban_data_streaming_dag.py
[2026-06-28T10:46:40.104+0000] {processor.py:914} INFO - Processing file /opt/airflow/dags/urban_data_streaming_dag.py for tasks to queue
[2026-06-28T10:46:40.110+0000] {logging_mixin.py:190} INFO - [2026-06-28T10:46:40.109+0000] {dagbag.py:588} INFO - Filling up the DagBag from /opt/airflow/dags/urban_data_streaming_dag.py
[2026-06-28T10:46:40.177+0000] {processor.py:925} INFO - DAG(s) 'urban_data_streaming_demo' retrieved from /opt/airflow/dags/urban_data_streaming_dag.py
[2026-06-28T10:46:40.214+0000] {logging_mixin.py:190} INFO - [2026-06-28T10:46:40.214+0000] {dag.py:3239} INFO - Sync 1 DAGs
[2026-06-28T10:46:40.227+0000] {logging_mixin.py:190} INFO - [2026-06-28T10:46:40.227+0000] {dag.py:4180} INFO - Setting next_dagrun for urban_data_streaming_demo to None, run_after=None
[2026-06-28T10:46:40.250+0000] {processor.py:208} INFO - Processing /opt/airflow/dags/urban_data_streaming_dag.py took 0.177 seconds
[2026-06-28T10:47:10.967+0000] {processor.py:186} INFO - Started process (PID=1011) to work on /opt/airflow/dags/urban_data_streaming_dag.py
[2026-06-28T10:47:10.969+0000] {processor.py:914} INFO - Processing file /opt/airflow/dags/urban_data_streaming_dag.py for tasks to queue
[2026-06-28T10:47:10.974+0000] {logging_mixin.py:190} INFO - [2026-06-28T10:47:10.973+0000] {dagbag.py:588} INFO - Filling up the DagBag from /opt/airflow/dags/urban_data_streaming_dag.py
[2026-06-28T10:47:11.085+0000] {processor.py:925} INFO - DAG(s) 'urban_data_streaming_demo' retrieved from /opt/airflow/dags/urban_data_streaming_dag.py
[2026-06-28T10:47:11.148+0000] {logging_mixin.py:190} INFO - [2026-06-28T10:47:11.148+0000] {dag.py:3239} INFO - Sync 1 DAGs
[2026-06-28T10:47:11.168+0000] {logging_mixin.py:190} INFO - [2026-06-28T10:47:11.167+0000] {dag.py:4180} INFO - Setting next_dagrun for urban_data_streaming_demo to None, run_after=None
[2026-06-28T10:47:11.197+0000] {processor.py:208} INFO - Processing /opt/airflow/dags/urban_data_streaming_dag.py took 0.245 seconds
[2026-06-28T10:47:41.834+0000] {processor.py:186} INFO - Started process (PID=1029) to work on /opt/airflow/dags/urban_data_streaming_dag.py
[2026-06-28T10:47:41.835+0000] {processor.py:914} INFO - Processing file /opt/airflow/dags/urban_data_streaming_dag.py for tasks to queue
[2026-06-28T10:47:41.838+0000] {logging_mixin.py:190} INFO - [2026-06-28T10:47:41.838+0000] {dagbag.py:588} INFO - Filling up the DagBag from /opt/airflow/dags/urban_data_streaming_dag.py
[2026-06-28T10:47:41.890+0000] {processor.py:925} INFO - DAG(s) 'urban_data_streaming_demo' retrieved from /opt/airflow/dags/urban_data_streaming_dag.py
[2026-06-28T10:47:41.934+0000] {logging_mixin.py:190} INFO - [2026-06-28T10:47:41.934+0000] {dag.py:3239} INFO - Sync 1 DAGs
[2026-06-28T10:47:41.952+0000] {logging_mixin.py:190} INFO - [2026-06-28T10:47:41.952+0000] {dag.py:4180} INFO - Setting next_dagrun for urban_data_streaming_demo to None, run_after=None
[2026-06-28T10:47:41.987+0000] {processor.py:208} INFO - Processing /opt/airflow/dags/urban_data_streaming_dag.py took 0.172 seconds
[2026-06-28T10:48:12.740+0000] {processor.py:186} INFO - Started process (PID=1047) to work on /opt/airflow/dags/urban_data_streaming_dag.py
[2026-06-28T10:48:12.741+0000] {processor.py:914} INFO - Processing file /opt/airflow/dags/urban_data_streaming_dag.py for tasks to queue
[2026-06-28T10:48:12.745+0000] {logging_mixin.py:190} INFO - [2026-06-28T10:48:12.745+0000] {dagbag.py:588} INFO - Filling up the DagBag from /opt/airflow/dags/urban_data_streaming_dag.py
[2026-06-28T10:48:12.776+0000] {processor.py:925} INFO - DAG(s) 'urban_data_streaming_demo' retrieved from /opt/airflow/dags/urban_data_streaming_dag.py
[2026-06-28T10:48:12.817+0000] {logging_mixin.py:190} INFO - [2026-06-28T10:48:12.817+0000] {dag.py:3239} INFO - Sync 1 DAGs
[2026-06-28T10:48:12.834+0000] {logging_mixin.py:190} INFO - [2026-06-28T10:48:12.833+0000] {dag.py:4180} INFO - Setting next_dagrun for urban_data_streaming_demo to None, run_after=None
[2026-06-28T10:48:12.865+0000] {processor.py:208} INFO - Processing /opt/airflow/dags/urban_data_streaming_dag.py took 0.143 seconds
[2026-06-28T10:48:43.459+0000] {processor.py:186} INFO - Started process (PID=1065) to work on /opt/airflow/dags/urban_data_streaming_dag.py
[2026-06-28T10:48:43.461+0000] {processor.py:914} INFO - Processing file /opt/airflow/dags/urban_data_streaming_dag.py for tasks to queue
[2026-06-28T10:48:43.464+0000] {logging_mixin.py:190} INFO - [2026-06-28T10:48:43.464+0000] {dagbag.py:588} INFO - Filling up the DagBag from /opt/airflow/dags/urban_data_streaming_dag.py
[2026-06-28T10:48:43.511+0000] {processor.py:925} INFO - DAG(s) 'urban_data_streaming_demo' retrieved from /opt/airflow/dags/urban_data_streaming_dag.py
[2026-06-28T10:48:43.556+0000] {logging_mixin.py:190} INFO - [2026-06-28T10:48:43.556+0000] {dag.py:3239} INFO - Sync 1 DAGs
[2026-06-28T10:48:43.572+0000] {logging_mixin.py:190} INFO - [2026-06-28T10:48:43.571+0000] {dag.py:4180} INFO - Setting next_dagrun for urban_data_streaming_demo to None, run_after=None
[2026-06-28T10:48:43.600+0000] {processor.py:208} INFO - Processing /opt/airflow/dags/urban_data_streaming_dag.py took 0.159 seconds
[2026-06-28T10:49:14.099+0000] {processor.py:186} INFO - Started process (PID=1082) to work on /opt/airflow/dags/urban_data_streaming_dag.py
[2026-06-28T10:49:14.101+0000] {processor.py:914} INFO - Processing file /opt/airflow/dags/urban_data_streaming_dag.py for tasks to queue
[2026-06-28T10:49:14.104+0000] {logging_mixin.py:190} INFO - [2026-06-28T10:49:14.103+0000] {dagbag.py:588} INFO - Filling up the DagBag from /opt/airflow/dags/urban_data_streaming_dag.py
[2026-06-28T10:49:14.127+0000] {processor.py:925} INFO - DAG(s) 'urban_data_streaming_demo' retrieved from /opt/airflow/dags/urban_data_streaming_dag.py
[2026-06-28T10:49:14.165+0000] {logging_mixin.py:190} INFO - [2026-06-28T10:49:14.165+0000] {dag.py:3239} INFO - Sync 1 DAGs
[2026-06-28T10:49:14.182+0000] {logging_mixin.py:190} INFO - [2026-06-28T10:49:14.181+0000] {dag.py:4180} INFO - Setting next_dagrun for urban_data_streaming_demo to None, run_after=None
[2026-06-28T10:49:14.211+0000] {processor.py:208} INFO - Processing /opt/airflow/dags/urban_data_streaming_dag.py took 0.124 seconds
[2026-06-28T10:49:45.029+0000] {processor.py:186} INFO - Started process (PID=1093) to work on /opt/airflow/dags/urban_data_streaming_dag.py
[2026-06-28T10:49:45.031+0000] {processor.py:914} INFO - Processing file /opt/airflow/dags/urban_data_streaming_dag.py for tasks to queue
[2026-06-28T10:49:45.033+0000] {logging_mixin.py:190} INFO - [2026-06-28T10:49:45.033+0000] {dagbag.py:588} INFO - Filling up the DagBag from /opt/airflow/dags/urban_data_streaming_dag.py
[2026-06-28T10:49:45.060+0000] {processor.py:925} INFO - DAG(s) 'urban_data_streaming_demo' retrieved from /opt/airflow/dags/urban_data_streaming_dag.py
[2026-06-28T10:49:45.102+0000] {logging_mixin.py:190} INFO - [2026-06-28T10:49:45.102+0000] {dag.py:3239} INFO - Sync 1 DAGs
[2026-06-28T10:49:45.125+0000] {logging_mixin.py:190} INFO - [2026-06-28T10:49:45.124+0000] {dag.py:4180} INFO - Setting next_dagrun for urban_data_streaming_demo to None, run_after=None
[2026-06-28T10:49:45.193+0000] {processor.py:208} INFO - Processing /opt/airflow/dags/urban_data_streaming_dag.py took 0.191 seconds
[2026-06-28T10:50:16.299+0000] {processor.py:186} INFO - Started process (PID=1111) to work on /opt/airflow/dags/urban_data_streaming_dag.py
[2026-06-28T10:50:16.303+0000] {processor.py:914} INFO - Processing file /opt/airflow/dags/urban_data_streaming_dag.py for tasks to queue
[2026-06-28T10:50:16.315+0000] {logging_mixin.py:190} INFO - [2026-06-28T10:50:16.312+0000] {dagbag.py:588} INFO - Filling up the DagBag from /opt/airflow/dags/urban_data_streaming_dag.py
[2026-06-28T10:50:16.434+0000] {processor.py:925} INFO - DAG(s) 'urban_data_streaming_demo' retrieved from /opt/airflow/dags/urban_data_streaming_dag.py
[2026-06-28T10:50:16.508+0000] {logging_mixin.py:190} INFO - [2026-06-28T10:50:16.507+0000] {dag.py:3239} INFO - Sync 1 DAGs
[2026-06-28T10:50:16.521+0000] {logging_mixin.py:190} INFO - [2026-06-28T10:50:16.521+0000] {dag.py:4180} INFO - Setting next_dagrun for urban_data_streaming_demo to None, run_after=None
[2026-06-28T10:50:16.544+0000] {processor.py:208} INFO - Processing /opt/airflow/dags/urban_data_streaming_dag.py took 0.299 seconds
[2026-06-28T10:50:47.216+0000] {processor.py:186} INFO - Started process (PID=1129) to work on /opt/airflow/dags/urban_data_streaming_dag.py
[2026-06-28T10:50:47.217+0000] {processor.py:914} INFO - Processing file /opt/airflow/dags/urban_data_streaming_dag.py for tasks to queue
[2026-06-28T10:50:47.220+0000] {logging_mixin.py:190} INFO - [2026-06-28T10:50:47.219+0000] {dagbag.py:588} INFO - Filling up the DagBag from /opt/airflow/dags/urban_data_streaming_dag.py
[2026-06-28T10:50:47.249+0000] {processor.py:925} INFO - DAG(s) 'urban_data_streaming_demo' retrieved from /opt/airflow/dags/urban_data_streaming_dag.py
[2026-06-28T10:50:47.297+0000] {logging_mixin.py:190} INFO - [2026-06-28T10:50:47.297+0000] {dag.py:3239} INFO - Sync 1 DAGs
[2026-06-28T10:50:47.312+0000] {logging_mixin.py:190} INFO - [2026-06-28T10:50:47.312+0000] {dag.py:4180} INFO - Setting next_dagrun for urban_data_streaming_demo to None, run_after=None
[2026-06-28T10:50:47.336+0000] {processor.py:208} INFO - Processing /opt/airflow/dags/urban_data_streaming_dag.py took 0.136 seconds
[2026-06-28T10:51:18.070+0000] {processor.py:186} INFO - Started process (PID=1147) to work on /opt/airflow/dags/urban_data_streaming_dag.py
[2026-06-28T10:51:18.072+0000] {processor.py:914} INFO - Processing file /opt/airflow/dags/urban_data_streaming_dag.py for tasks to queue
[2026-06-28T10:51:18.078+0000] {logging_mixin.py:190} INFO - [2026-06-28T10:51:18.077+0000] {dagbag.py:588} INFO - Filling up the DagBag from /opt/airflow/dags/urban_data_streaming_dag.py
[2026-06-28T10:51:18.106+0000] {processor.py:925} INFO - DAG(s) 'urban_data_streaming_demo' retrieved from /opt/airflow/dags/urban_data_streaming_dag.py
[2026-06-28T10:51:18.147+0000] {logging_mixin.py:190} INFO - [2026-06-28T10:51:18.147+0000] {dag.py:3239} INFO - Sync 1 DAGs
[2026-06-28T10:51:18.163+0000] {logging_mixin.py:190} INFO - [2026-06-28T10:51:18.163+0000] {dag.py:4180} INFO - Setting next_dagrun for urban_data_streaming_demo to None, run_after=None
[2026-06-28T10:51:18.190+0000] {processor.py:208} INFO - Processing /opt/airflow/dags/urban_data_streaming_dag.py took 0.137 seconds
[2026-06-28T10:51:48.850+0000] {processor.py:186} INFO - Started process (PID=1166) to work on /opt/airflow/dags/urban_data_streaming_dag.py
[2026-06-28T10:51:48.852+0000] {processor.py:914} INFO - Processing file /opt/airflow/dags/urban_data_streaming_dag.py for tasks to queue
[2026-06-28T10:51:48.855+0000] {logging_mixin.py:190} INFO - [2026-06-28T10:51:48.855+0000] {dagbag.py:588} INFO - Filling up the DagBag from /opt/airflow/dags/urban_data_streaming_dag.py
[2026-06-28T10:51:48.881+0000] {processor.py:925} INFO - DAG(s) 'urban_data_streaming_demo' retrieved from /opt/airflow/dags/urban_data_streaming_dag.py
[2026-06-28T10:51:48.984+0000] {logging_mixin.py:190} INFO - [2026-06-28T10:51:48.982+0000] {dag.py:3239} INFO - Sync 1 DAGs
[2026-06-28T10:51:49.043+0000] {logging_mixin.py:190} INFO - [2026-06-28T10:51:49.042+0000] {dag.py:4180} INFO - Setting next_dagrun for urban_data_streaming_demo to None, run_after=None
[2026-06-28T10:51:49.115+0000] {processor.py:208} INFO - Processing /opt/airflow/dags/urban_data_streaming_dag.py took 0.277 seconds
[2026-06-28T10:52:19.769+0000] {processor.py:186} INFO - Started process (PID=1184) to work on /opt/airflow/dags/urban_data_streaming_dag.py
[2026-06-28T10:52:19.775+0000] {processor.py:914} INFO - Processing file /opt/airflow/dags/urban_data_streaming_dag.py for tasks to queue
[2026-06-28T10:52:19.780+0000] {logging_mixin.py:190} INFO - [2026-06-28T10:52:19.780+0000] {dagbag.py:588} INFO - Filling up the DagBag from /opt/airflow/dags/urban_data_streaming_dag.py
[2026-06-28T10:52:19.811+0000] {processor.py:925} INFO - DAG(s) 'urban_data_streaming_demo' retrieved from /opt/airflow/dags/urban_data_streaming_dag.py
[2026-06-28T10:52:19.852+0000] {logging_mixin.py:190} INFO - [2026-06-28T10:52:19.852+0000] {dag.py:3239} INFO - Sync 1 DAGs
[2026-06-28T10:52:19.870+0000] {logging_mixin.py:190} INFO - [2026-06-28T10:52:19.870+0000] {dag.py:4180} INFO - Setting next_dagrun for urban_data_streaming_demo to None, run_after=None
[2026-06-28T10:52:19.903+0000] {processor.py:208} INFO - Processing /opt/airflow/dags/urban_data_streaming_dag.py took 0.164 seconds
[2026-06-28T10:52:50.635+0000] {processor.py:186} INFO - Started process (PID=1202) to work on /opt/airflow/dags/urban_data_streaming_dag.py
[2026-06-28T10:52:50.637+0000] {processor.py:914} INFO - Processing file /opt/airflow/dags/urban_data_streaming_dag.py for tasks to queue
[2026-06-28T10:52:50.646+0000] {logging_mixin.py:190} INFO - [2026-06-28T10:52:50.644+0000] {dagbag.py:588} INFO - Filling up the DagBag from /opt/airflow/dags/urban_data_streaming_dag.py
[2026-06-28T10:52:50.691+0000] {processor.py:925} INFO - DAG(s) 'urban_data_streaming_demo' retrieved from /opt/airflow/dags/urban_data_streaming_dag.py
[2026-06-28T10:52:50.737+0000] {logging_mixin.py:190} INFO - [2026-06-28T10:52:50.736+0000] {dag.py:3239} INFO - Sync 1 DAGs
[2026-06-28T10:52:50.763+0000] {logging_mixin.py:190} INFO - [2026-06-28T10:52:50.762+0000] {dag.py:4180} INFO - Setting next_dagrun for urban_data_streaming_demo to None, run_after=None
[2026-06-28T10:52:50.794+0000] {processor.py:208} INFO - Processing /opt/airflow/dags/urban_data_streaming_dag.py took 0.173 seconds
[2026-06-28T10:53:21.126+0000] {processor.py:186} INFO - Started process (PID=1220) to work on /opt/airflow/dags/urban_data_streaming_dag.py
[2026-06-28T10:53:21.128+0000] {processor.py:914} INFO - Processing file /opt/airflow/dags/urban_data_streaming_dag.py for tasks to queue
[2026-06-28T10:53:21.131+0000] {logging_mixin.py:190} INFO - [2026-06-28T10:53:21.131+0000] {dagbag.py:588} INFO - Filling up the DagBag from /opt/airflow/dags/urban_data_streaming_dag.py
[2026-06-28T10:53:21.172+0000] {processor.py:925} INFO - DAG(s) 'urban_data_streaming_demo' retrieved from /opt/airflow/dags/urban_data_streaming_dag.py
[2026-06-28T10:53:21.218+0000] {logging_mixin.py:190} INFO - [2026-06-28T10:53:21.218+0000] {dag.py:3239} INFO - Sync 1 DAGs
[2026-06-28T10:53:21.234+0000] {logging_mixin.py:190} INFO - [2026-06-28T10:53:21.234+0000] {dag.py:4180} INFO - Setting next_dagrun for urban_data_streaming_demo to None, run_after=None
[2026-06-28T10:53:21.264+0000] {processor.py:208} INFO - Processing /opt/airflow/dags/urban_data_streaming_dag.py took 0.156 seconds
[2026-06-28T10:53:52.037+0000] {processor.py:186} INFO - Started process (PID=1237) to work on /opt/airflow/dags/urban_data_streaming_dag.py
[2026-06-28T10:53:52.038+0000] {processor.py:914} INFO - Processing file /opt/airflow/dags/urban_data_streaming_dag.py for tasks to queue
[2026-06-28T10:53:52.041+0000] {logging_mixin.py:190} INFO - [2026-06-28T10:53:52.040+0000] {dagbag.py:588} INFO - Filling up the DagBag from /opt/airflow/dags/urban_data_streaming_dag.py
[2026-06-28T10:53:52.081+0000] {processor.py:925} INFO - DAG(s) 'urban_data_streaming_demo' retrieved from /opt/airflow/dags/urban_data_streaming_dag.py
[2026-06-28T10:53:52.128+0000] {logging_mixin.py:190} INFO - [2026-06-28T10:53:52.128+0000] {dag.py:3239} INFO - Sync 1 DAGs
[2026-06-28T10:53:52.146+0000] {logging_mixin.py:190} INFO - [2026-06-28T10:53:52.146+0000] {dag.py:4180} INFO - Setting next_dagrun for urban_data_streaming_demo to None, run_after=None
[2026-06-28T10:53:52.173+0000] {processor.py:208} INFO - Processing /opt/airflow/dags/urban_data_streaming_dag.py took 0.148 seconds
[2026-06-28T10:54:23.052+0000] {processor.py:186} INFO - Started process (PID=1248) to work on /opt/airflow/dags/urban_data_streaming_dag.py
[2026-06-28T10:54:23.054+0000] {processor.py:914} INFO - Processing file /opt/airflow/dags/urban_data_streaming_dag.py for tasks to queue
[2026-06-28T10:54:23.062+0000] {logging_mixin.py:190} INFO - [2026-06-28T10:54:23.061+0000] {dagbag.py:588} INFO - Filling up the DagBag from /opt/airflow/dags/urban_data_streaming_dag.py
[2026-06-28T10:54:23.132+0000] {processor.py:925} INFO - DAG(s) 'urban_data_streaming_demo' retrieved from /opt/airflow/dags/urban_data_streaming_dag.py
[2026-06-28T10:54:23.199+0000] {logging_mixin.py:190} INFO - [2026-06-28T10:54:23.199+0000] {dag.py:3239} INFO - Sync 1 DAGs
[2026-06-28T10:54:23.220+0000] {logging_mixin.py:190} INFO - [2026-06-28T10:54:23.220+0000] {dag.py:4180} INFO - Setting next_dagrun for urban_data_streaming_demo to None, run_after=None
[2026-06-28T10:54:23.250+0000] {processor.py:208} INFO - Processing /opt/airflow/dags/urban_data_streaming_dag.py took 0.234 seconds
[2026-06-28T10:54:53.971+0000] {processor.py:186} INFO - Started process (PID=1266) to work on /opt/airflow/dags/urban_data_streaming_dag.py
[2026-06-28T10:54:53.973+0000] {processor.py:914} INFO - Processing file /opt/airflow/dags/urban_data_streaming_dag.py for tasks to queue
[2026-06-28T10:54:53.978+0000] {logging_mixin.py:190} INFO - [2026-06-28T10:54:53.977+0000] {dagbag.py:588} INFO - Filling up the DagBag from /opt/airflow/dags/urban_data_streaming_dag.py
[2026-06-28T10:54:54.015+0000] {processor.py:925} INFO - DAG(s) 'urban_data_streaming_demo' retrieved from /opt/airflow/dags/urban_data_streaming_dag.py
[2026-06-28T10:54:54.056+0000] {logging_mixin.py:190} INFO - [2026-06-28T10:54:54.056+0000] {dag.py:3239} INFO - Sync 1 DAGs
[2026-06-28T10:54:54.069+0000] {logging_mixin.py:190} INFO - [2026-06-28T10:54:54.069+0000] {dag.py:4180} INFO - Setting next_dagrun for urban_data_streaming_demo to None, run_after=None
[2026-06-28T10:54:54.091+0000] {processor.py:208} INFO - Processing /opt/airflow/dags/urban_data_streaming_dag.py took 0.147 seconds
[2026-06-28T10:55:24.981+0000] {processor.py:186} INFO - Started process (PID=1284) to work on /opt/airflow/dags/urban_data_streaming_dag.py
[2026-06-28T10:55:24.984+0000] {processor.py:914} INFO - Processing file /opt/airflow/dags/urban_data_streaming_dag.py for tasks to queue
[2026-06-28T10:55:24.992+0000] {logging_mixin.py:190} INFO - [2026-06-28T10:55:24.991+0000] {dagbag.py:588} INFO - Filling up the DagBag from /opt/airflow/dags/urban_data_streaming_dag.py
[2026-06-28T10:55:25.021+0000] {processor.py:925} INFO - DAG(s) 'urban_data_streaming_demo' retrieved from /opt/airflow/dags/urban_data_streaming_dag.py
[2026-06-28T10:55:25.058+0000] {logging_mixin.py:190} INFO - [2026-06-28T10:55:25.058+0000] {dag.py:3239} INFO - Sync 1 DAGs
[2026-06-28T10:55:25.072+0000] {logging_mixin.py:190} INFO - [2026-06-28T10:55:25.072+0000] {dag.py:4180} INFO - Setting next_dagrun for urban_data_streaming_demo to None, run_after=None
[2026-06-28T10:55:25.092+0000] {processor.py:208} INFO - Processing /opt/airflow/dags/urban_data_streaming_dag.py took 0.180 seconds
[2026-06-28T10:55:55.867+0000] {processor.py:186} INFO - Started process (PID=1302) to work on /opt/airflow/dags/urban_data_streaming_dag.py
[2026-06-28T10:55:55.871+0000] {processor.py:914} INFO - Processing file /opt/airflow/dags/urban_data_streaming_dag.py for tasks to queue
[2026-06-28T10:55:55.878+0000] {logging_mixin.py:190} INFO - [2026-06-28T10:55:55.877+0000] {dagbag.py:588} INFO - Filling up the DagBag from /opt/airflow/dags/urban_data_streaming_dag.py
[2026-06-28T10:55:55.934+0000] {processor.py:925} INFO - DAG(s) 'urban_data_streaming_demo' retrieved from /opt/airflow/dags/urban_data_streaming_dag.py
[2026-06-28T10:55:56.003+0000] {logging_mixin.py:190} INFO - [2026-06-28T10:55:56.002+0000] {dag.py:3239} INFO - Sync 1 DAGs
[2026-06-28T10:55:56.026+0000] {logging_mixin.py:190} INFO - [2026-06-28T10:55:56.025+0000] {dag.py:4180} INFO - Setting next_dagrun for urban_data_streaming_demo to None, run_after=None
[2026-06-28T10:55:56.050+0000] {processor.py:208} INFO - Processing /opt/airflow/dags/urban_data_streaming_dag.py took 0.193 seconds
[2026-06-28T10:56:26.840+0000] {processor.py:186} INFO - Started process (PID=1320) to work on /opt/airflow/dags/urban_data_streaming_dag.py
[2026-06-28T10:56:26.845+0000] {processor.py:914} INFO - Processing file /opt/airflow/dags/urban_data_streaming_dag.py for tasks to queue
[2026-06-28T10:56:26.857+0000] {logging_mixin.py:190} INFO - [2026-06-28T10:56:26.855+0000] {dagbag.py:588} INFO - Filling up the DagBag from /opt/airflow/dags/urban_data_streaming_dag.py
[2026-06-28T10:56:26.913+0000] {processor.py:925} INFO - DAG(s) 'urban_data_streaming_demo' retrieved from /opt/airflow/dags/urban_data_streaming_dag.py
[2026-06-28T10:56:26.964+0000] {logging_mixin.py:190} INFO - [2026-06-28T10:56:26.963+0000] {dag.py:3239} INFO - Sync 1 DAGs
[2026-06-28T10:56:27.009+0000] {logging_mixin.py:190} INFO - [2026-06-28T10:56:27.009+0000] {dag.py:4180} INFO - Setting next_dagrun for urban_data_streaming_demo to None, run_after=None
[2026-06-28T10:56:27.044+0000] {processor.py:208} INFO - Processing /opt/airflow/dags/urban_data_streaming_dag.py took 0.228 seconds
[2026-06-28T10:56:57.828+0000] {processor.py:186} INFO - Started process (PID=1363) to work on /opt/airflow/dags/urban_data_streaming_dag.py
[2026-06-28T10:56:57.831+0000] {processor.py:914} INFO - Processing file /opt/airflow/dags/urban_data_streaming_dag.py for tasks to queue
[2026-06-28T10:56:57.834+0000] {logging_mixin.py:190} INFO - [2026-06-28T10:56:57.833+0000] {dagbag.py:588} INFO - Filling up the DagBag from /opt/airflow/dags/urban_data_streaming_dag.py
[2026-06-28T10:56:57.856+0000] {processor.py:925} INFO - DAG(s) 'urban_data_streaming_demo' retrieved from /opt/airflow/dags/urban_data_streaming_dag.py
[2026-06-28T10:56:57.913+0000] {logging_mixin.py:190} INFO - [2026-06-28T10:56:57.913+0000] {dag.py:3239} INFO - Sync 1 DAGs
[2026-06-28T10:56:57.939+0000] {logging_mixin.py:190} INFO - [2026-06-28T10:56:57.938+0000] {dag.py:4180} INFO - Setting next_dagrun for urban_data_streaming_demo to None, run_after=None
[2026-06-28T10:56:57.971+0000] {processor.py:208} INFO - Processing /opt/airflow/dags/urban_data_streaming_dag.py took 0.192 seconds
[2026-06-28T10:57:28.399+0000] {processor.py:186} INFO - Started process (PID=1459) to work on /opt/airflow/dags/urban_data_streaming_dag.py
[2026-06-28T10:57:28.403+0000] {processor.py:914} INFO - Processing file /opt/airflow/dags/urban_data_streaming_dag.py for tasks to queue
[2026-06-28T10:57:28.408+0000] {logging_mixin.py:190} INFO - [2026-06-28T10:57:28.407+0000] {dagbag.py:588} INFO - Filling up the DagBag from /opt/airflow/dags/urban_data_streaming_dag.py
[2026-06-28T10:57:28.445+0000] {processor.py:925} INFO - DAG(s) 'urban_data_streaming_demo' retrieved from /opt/airflow/dags/urban_data_streaming_dag.py
[2026-06-28T10:57:28.486+0000] {logging_mixin.py:190} INFO - [2026-06-28T10:57:28.486+0000] {dag.py:3239} INFO - Sync 1 DAGs
[2026-06-28T10:57:28.504+0000] {logging_mixin.py:190} INFO - [2026-06-28T10:57:28.504+0000] {dag.py:4180} INFO - Setting next_dagrun for urban_data_streaming_demo to None, run_after=None
[2026-06-28T10:57:28.531+0000] {processor.py:208} INFO - Processing /opt/airflow/dags/urban_data_streaming_dag.py took 0.156 seconds
[2026-06-28T10:57:58.972+0000] {processor.py:186} INFO - Started process (PID=1490) to work on /opt/airflow/dags/urban_data_streaming_dag.py
[2026-06-28T10:57:58.974+0000] {processor.py:914} INFO - Processing file /opt/airflow/dags/urban_data_streaming_dag.py for tasks to queue
[2026-06-28T10:57:58.978+0000] {logging_mixin.py:190} INFO - [2026-06-28T10:57:58.977+0000] {dagbag.py:588} INFO - Filling up the DagBag from /opt/airflow/dags/urban_data_streaming_dag.py
[2026-06-28T10:57:59.020+0000] {processor.py:925} INFO - DAG(s) 'urban_data_streaming_demo' retrieved from /opt/airflow/dags/urban_data_streaming_dag.py
[2026-06-28T10:57:59.057+0000] {logging_mixin.py:190} INFO - [2026-06-28T10:57:59.056+0000] {dag.py:3239} INFO - Sync 1 DAGs
[2026-06-28T10:57:59.073+0000] {logging_mixin.py:190} INFO - [2026-06-28T10:57:59.073+0000] {dag.py:4180} INFO - Setting next_dagrun for urban_data_streaming_demo to None, run_after=None
[2026-06-28T10:57:59.103+0000] {processor.py:208} INFO - Processing /opt/airflow/dags/urban_data_streaming_dag.py took 0.155 seconds
[2026-06-28T10:58:29.671+0000] {processor.py:186} INFO - Started process (PID=1520) to work on /opt/airflow/dags/urban_data_streaming_dag.py
[2026-06-28T10:58:29.673+0000] {processor.py:914} INFO - Processing file /opt/airflow/dags/urban_data_streaming_dag.py for tasks to queue
[2026-06-28T10:58:29.676+0000] {logging_mixin.py:190} INFO - [2026-06-28T10:58:29.676+0000] {dagbag.py:588} INFO - Filling up the DagBag from /opt/airflow/dags/urban_data_streaming_dag.py
[2026-06-28T10:58:29.711+0000] {processor.py:925} INFO - DAG(s) 'urban_data_streaming_demo' retrieved from /opt/airflow/dags/urban_data_streaming_dag.py
[2026-06-28T10:58:29.750+0000] {logging_mixin.py:190} INFO - [2026-06-28T10:58:29.750+0000] {dag.py:3239} INFO - Sync 1 DAGs
[2026-06-28T10:58:29.765+0000] {logging_mixin.py:190} INFO - [2026-06-28T10:58:29.764+0000] {dag.py:4180} INFO - Setting next_dagrun for urban_data_streaming_demo to None, run_after=None
[2026-06-28T10:58:29.788+0000] {processor.py:208} INFO - Processing /opt/airflow/dags/urban_data_streaming_dag.py took 0.131 seconds
[2026-06-28T10:59:00.179+0000] {processor.py:186} INFO - Started process (PID=1543) to work on /opt/airflow/dags/urban_data_streaming_dag.py
[2026-06-28T10:59:00.180+0000] {processor.py:914} INFO - Processing file /opt/airflow/dags/urban_data_streaming_dag.py for tasks to queue
[2026-06-28T10:59:00.183+0000] {logging_mixin.py:190} INFO - [2026-06-28T10:59:00.183+0000] {dagbag.py:588} INFO - Filling up the DagBag from /opt/airflow/dags/urban_data_streaming_dag.py
[2026-06-28T10:59:00.207+0000] {processor.py:925} INFO - DAG(s) 'urban_data_streaming_demo' retrieved from /opt/airflow/dags/urban_data_streaming_dag.py
[2026-06-28T10:59:00.243+0000] {logging_mixin.py:190} INFO - [2026-06-28T10:59:00.243+0000] {dag.py:3239} INFO - Sync 1 DAGs
[2026-06-28T10:59:00.257+0000] {logging_mixin.py:190} INFO - [2026-06-28T10:59:00.257+0000] {dag.py:4180} INFO - Setting next_dagrun for urban_data_streaming_demo to None, run_after=None
[2026-06-28T10:59:00.280+0000] {processor.py:208} INFO - Processing /opt/airflow/dags/urban_data_streaming_dag.py took 0.116 seconds
[2026-06-28T10:59:30.830+0000] {processor.py:186} INFO - Started process (PID=1576) to work on /opt/airflow/dags/urban_data_streaming_dag.py
[2026-06-28T10:59:30.833+0000] {processor.py:914} INFO - Processing file /opt/airflow/dags/urban_data_streaming_dag.py for tasks to queue
[2026-06-28T10:59:30.840+0000] {logging_mixin.py:190} INFO - [2026-06-28T10:59:30.839+0000] {dagbag.py:588} INFO - Filling up the DagBag from /opt/airflow/dags/urban_data_streaming_dag.py
[2026-06-28T10:59:30.921+0000] {processor.py:925} INFO - DAG(s) 'urban_data_streaming_demo' retrieved from /opt/airflow/dags/urban_data_streaming_dag.py
[2026-06-28T10:59:30.985+0000] {logging_mixin.py:190} INFO - [2026-06-28T10:59:30.985+0000] {dag.py:3239} INFO - Sync 1 DAGs
[2026-06-28T10:59:31.011+0000] {logging_mixin.py:190} INFO - [2026-06-28T10:59:31.011+0000] {dag.py:4180} INFO - Setting next_dagrun for urban_data_streaming_demo to None, run_after=None
[2026-06-28T10:59:31.046+0000] {processor.py:208} INFO - Processing /opt/airflow/dags/urban_data_streaming_dag.py took 0.249 seconds
[2026-06-28T11:00:01.522+0000] {processor.py:186} INFO - Started process (PID=1606) to work on /opt/airflow/dags/urban_data_streaming_dag.py
[2026-06-28T11:00:01.527+0000] {processor.py:914} INFO - Processing file /opt/airflow/dags/urban_data_streaming_dag.py for tasks to queue
[2026-06-28T11:00:01.540+0000] {logging_mixin.py:190} INFO - [2026-06-28T11:00:01.539+0000] {dagbag.py:588} INFO - Filling up the DagBag from /opt/airflow/dags/urban_data_streaming_dag.py
[2026-06-28T11:00:01.668+0000] {processor.py:925} INFO - DAG(s) 'urban_data_streaming_demo' retrieved from /opt/airflow/dags/urban_data_streaming_dag.py
[2026-06-28T11:00:01.729+0000] {logging_mixin.py:190} INFO - [2026-06-28T11:00:01.729+0000] {dag.py:3239} INFO - Sync 1 DAGs
[2026-06-28T11:00:01.757+0000] {logging_mixin.py:190} INFO - [2026-06-28T11:00:01.757+0000] {dag.py:4180} INFO - Setting next_dagrun for urban_data_streaming_demo to None, run_after=None
[2026-06-28T11:00:01.822+0000] {processor.py:208} INFO - Processing /opt/airflow/dags/urban_data_streaming_dag.py took 0.383 seconds
[2026-06-28T11:00:32.276+0000] {processor.py:186} INFO - Started process (PID=1636) to work on /opt/airflow/dags/urban_data_streaming_dag.py
[2026-06-28T11:00:32.278+0000] {processor.py:914} INFO - Processing file /opt/airflow/dags/urban_data_streaming_dag.py for tasks to queue
[2026-06-28T11:00:32.281+0000] {logging_mixin.py:190} INFO - [2026-06-28T11:00:32.281+0000] {dagbag.py:588} INFO - Filling up the DagBag from /opt/airflow/dags/urban_data_streaming_dag.py
[2026-06-28T11:00:32.304+0000] {processor.py:925} INFO - DAG(s) 'urban_data_streaming_demo' retrieved from /opt/airflow/dags/urban_data_streaming_dag.py
[2026-06-28T11:00:32.343+0000] {logging_mixin.py:190} INFO - [2026-06-28T11:00:32.343+0000] {dag.py:3239} INFO - Sync 1 DAGs
[2026-06-28T11:00:32.359+0000] {logging_mixin.py:190} INFO - [2026-06-28T11:00:32.358+0000] {dag.py:4180} INFO - Setting next_dagrun for urban_data_streaming_demo to None, run_after=None
[2026-06-28T11:00:32.383+0000] {processor.py:208} INFO - Processing /opt/airflow/dags/urban_data_streaming_dag.py took 0.120 seconds
[2026-06-28T11:01:02.684+0000] {processor.py:186} INFO - Started process (PID=1666) to work on /opt/airflow/dags/urban_data_streaming_dag.py
[2026-06-28T11:01:02.686+0000] {processor.py:914} INFO - Processing file /opt/airflow/dags/urban_data_streaming_dag.py for tasks to queue
[2026-06-28T11:01:02.691+0000] {logging_mixin.py:190} INFO - [2026-06-28T11:01:02.690+0000] {dagbag.py:588} INFO - Filling up the DagBag from /opt/airflow/dags/urban_data_streaming_dag.py
[2026-06-28T11:01:02.758+0000] {processor.py:925} INFO - DAG(s) 'urban_data_streaming_demo' retrieved from /opt/airflow/dags/urban_data_streaming_dag.py
[2026-06-28T11:01:02.812+0000] {logging_mixin.py:190} INFO - [2026-06-28T11:01:02.811+0000] {dag.py:3239} INFO - Sync 1 DAGs
[2026-06-28T11:01:02.826+0000] {logging_mixin.py:190} INFO - [2026-06-28T11:01:02.826+0000] {dag.py:4180} INFO - Setting next_dagrun for urban_data_streaming_demo to None, run_after=None
[2026-06-28T11:01:02.854+0000] {processor.py:208} INFO - Processing /opt/airflow/dags/urban_data_streaming_dag.py took 0.190 seconds
[2026-06-28T11:01:33.585+0000] {processor.py:186} INFO - Started process (PID=1696) to work on /opt/airflow/dags/urban_data_streaming_dag.py
[2026-06-28T11:01:33.589+0000] {processor.py:914} INFO - Processing file /opt/airflow/dags/urban_data_streaming_dag.py for tasks to queue
[2026-06-28T11:01:33.596+0000] {logging_mixin.py:190} INFO - [2026-06-28T11:01:33.596+0000] {dagbag.py:588} INFO - Filling up the DagBag from /opt/airflow/dags/urban_data_streaming_dag.py
[2026-06-28T11:01:33.624+0000] {processor.py:925} INFO - DAG(s) 'urban_data_streaming_demo' retrieved from /opt/airflow/dags/urban_data_streaming_dag.py
[2026-06-28T11:01:33.713+0000] {logging_mixin.py:190} INFO - [2026-06-28T11:01:33.711+0000] {dag.py:3239} INFO - Sync 1 DAGs
[2026-06-28T11:01:33.747+0000] {logging_mixin.py:190} INFO - [2026-06-28T11:01:33.746+0000] {dag.py:4180} INFO - Setting next_dagrun for urban_data_streaming_demo to None, run_after=None
[2026-06-28T11:01:33.799+0000] {processor.py:208} INFO - Processing /opt/airflow/dags/urban_data_streaming_dag.py took 0.254 seconds
[2026-06-28T11:02:04.690+0000] {processor.py:186} INFO - Started process (PID=1726) to work on /opt/airflow/dags/urban_data_streaming_dag.py
[2026-06-28T11:02:04.694+0000] {processor.py:914} INFO - Processing file /opt/airflow/dags/urban_data_streaming_dag.py for tasks to queue
[2026-06-28T11:02:04.701+0000] {logging_mixin.py:190} INFO - [2026-06-28T11:02:04.701+0000] {dagbag.py:588} INFO - Filling up the DagBag from /opt/airflow/dags/urban_data_streaming_dag.py
[2026-06-28T11:02:04.805+0000] {processor.py:925} INFO - DAG(s) 'urban_data_streaming_demo' retrieved from /opt/airflow/dags/urban_data_streaming_dag.py
[2026-06-28T11:02:04.888+0000] {logging_mixin.py:190} INFO - [2026-06-28T11:02:04.888+0000] {dag.py:3239} INFO - Sync 1 DAGs
[2026-06-28T11:02:04.902+0000] {logging_mixin.py:190} INFO - [2026-06-28T11:02:04.901+0000] {dag.py:4180} INFO - Setting next_dagrun for urban_data_streaming_demo to None, run_after=None
[2026-06-28T11:02:04.926+0000] {processor.py:208} INFO - Processing /opt/airflow/dags/urban_data_streaming_dag.py took 0.314 seconds
[2026-06-28T11:02:35.199+0000] {processor.py:186} INFO - Started process (PID=1756) to work on /opt/airflow/dags/urban_data_streaming_dag.py
[2026-06-28T11:02:35.205+0000] {processor.py:914} INFO - Processing file /opt/airflow/dags/urban_data_streaming_dag.py for tasks to queue
[2026-06-28T11:02:35.218+0000] {logging_mixin.py:190} INFO - [2026-06-28T11:02:35.216+0000] {dagbag.py:588} INFO - Filling up the DagBag from /opt/airflow/dags/urban_data_streaming_dag.py
[2026-06-28T11:02:35.296+0000] {processor.py:925} INFO - DAG(s) 'urban_data_streaming_demo' retrieved from /opt/airflow/dags/urban_data_streaming_dag.py
[2026-06-28T11:02:35.353+0000] {logging_mixin.py:190} INFO - [2026-06-28T11:02:35.352+0000] {dag.py:3239} INFO - Sync 1 DAGs
[2026-06-28T11:02:35.368+0000] {logging_mixin.py:190} INFO - [2026-06-28T11:02:35.368+0000] {dag.py:4180} INFO - Setting next_dagrun for urban_data_streaming_demo to None, run_after=None
[2026-06-28T11:02:35.415+0000] {processor.py:208} INFO - Processing /opt/airflow/dags/urban_data_streaming_dag.py took 0.258 seconds
[2026-06-28T11:03:05.652+0000] {processor.py:186} INFO - Started process (PID=1785) to work on /opt/airflow/dags/urban_data_streaming_dag.py
[2026-06-28T11:03:05.654+0000] {processor.py:914} INFO - Processing file /opt/airflow/dags/urban_data_streaming_dag.py for tasks to queue
[2026-06-28T11:03:05.658+0000] {logging_mixin.py:190} INFO - [2026-06-28T11:03:05.657+0000] {dagbag.py:588} INFO - Filling up the DagBag from /opt/airflow/dags/urban_data_streaming_dag.py
[2026-06-28T11:03:05.696+0000] {processor.py:925} INFO - DAG(s) 'urban_data_streaming_demo' retrieved from /opt/airflow/dags/urban_data_streaming_dag.py
[2026-06-28T11:03:05.753+0000] {logging_mixin.py:190} INFO - [2026-06-28T11:03:05.753+0000] {dag.py:3239} INFO - Sync 1 DAGs
[2026-06-28T11:03:05.776+0000] {logging_mixin.py:190} INFO - [2026-06-28T11:03:05.776+0000] {dag.py:4180} INFO - Setting next_dagrun for urban_data_streaming_demo to None, run_after=None
[2026-06-28T11:03:05.803+0000] {processor.py:208} INFO - Processing /opt/airflow/dags/urban_data_streaming_dag.py took 0.194 seconds
[2026-06-28T11:03:36.601+0000] {processor.py:186} INFO - Started process (PID=1808) to work on /opt/airflow/dags/urban_data_streaming_dag.py
[2026-06-28T11:03:36.603+0000] {processor.py:914} INFO - Processing file /opt/airflow/dags/urban_data_streaming_dag.py for tasks to queue
[2026-06-28T11:03:36.606+0000] {logging_mixin.py:190} INFO - [2026-06-28T11:03:36.605+0000] {dagbag.py:588} INFO - Filling up the DagBag from /opt/airflow/dags/urban_data_streaming_dag.py
[2026-06-28T11:03:36.631+0000] {processor.py:925} INFO - DAG(s) 'urban_data_streaming_demo' retrieved from /opt/airflow/dags/urban_data_streaming_dag.py
[2026-06-28T11:03:36.671+0000] {logging_mixin.py:190} INFO - [2026-06-28T11:03:36.671+0000] {dag.py:3239} INFO - Sync 1 DAGs
[2026-06-28T11:03:36.685+0000] {logging_mixin.py:190} INFO - [2026-06-28T11:03:36.685+0000] {dag.py:4180} INFO - Setting next_dagrun for urban_data_streaming_demo to None, run_after=None
[2026-06-28T11:03:36.717+0000] {processor.py:208} INFO - Processing /opt/airflow/dags/urban_data_streaming_dag.py took 0.129 seconds
[2026-06-28T11:04:07.511+0000] {processor.py:186} INFO - Started process (PID=1843) to work on /opt/airflow/dags/urban_data_streaming_dag.py
[2026-06-28T11:04:07.512+0000] {processor.py:914} INFO - Processing file /opt/airflow/dags/urban_data_streaming_dag.py for tasks to queue
[2026-06-28T11:04:07.515+0000] {logging_mixin.py:190} INFO - [2026-06-28T11:04:07.514+0000] {dagbag.py:588} INFO - Filling up the DagBag from /opt/airflow/dags/urban_data_streaming_dag.py
[2026-06-28T11:04:07.539+0000] {processor.py:925} INFO - DAG(s) 'urban_data_streaming_demo' retrieved from /opt/airflow/dags/urban_data_streaming_dag.py
[2026-06-28T11:04:07.577+0000] {logging_mixin.py:190} INFO - [2026-06-28T11:04:07.577+0000] {dag.py:3239} INFO - Sync 1 DAGs
[2026-06-28T11:04:07.590+0000] {logging_mixin.py:190} INFO - [2026-06-28T11:04:07.590+0000] {dag.py:4180} INFO - Setting next_dagrun for urban_data_streaming_demo to None, run_after=None
[2026-06-28T11:04:07.613+0000] {processor.py:208} INFO - Processing /opt/airflow/dags/urban_data_streaming_dag.py took 0.113 seconds
[2026-06-28T11:04:37.925+0000] {processor.py:186} INFO - Started process (PID=1877) to work on /opt/airflow/dags/urban_data_streaming_dag.py
[2026-06-28T11:04:37.926+0000] {processor.py:914} INFO - Processing file /opt/airflow/dags/urban_data_streaming_dag.py for tasks to queue
[2026-06-28T11:04:37.929+0000] {logging_mixin.py:190} INFO - [2026-06-28T11:04:37.929+0000] {dagbag.py:588} INFO - Filling up the DagBag from /opt/airflow/dags/urban_data_streaming_dag.py
[2026-06-28T11:04:37.968+0000] {processor.py:925} INFO - DAG(s) 'urban_data_streaming_demo' retrieved from /opt/airflow/dags/urban_data_streaming_dag.py
[2026-06-28T11:04:38.023+0000] {logging_mixin.py:190} INFO - [2026-06-28T11:04:38.023+0000] {dag.py:3239} INFO - Sync 1 DAGs
[2026-06-28T11:04:38.039+0000] {logging_mixin.py:190} INFO - [2026-06-28T11:04:38.039+0000] {dag.py:4180} INFO - Setting next_dagrun for urban_data_streaming_demo to None, run_after=None
[2026-06-28T11:04:38.067+0000] {processor.py:208} INFO - Processing /opt/airflow/dags/urban_data_streaming_dag.py took 0.170 seconds
[2026-06-28T11:05:08.543+0000] {processor.py:186} INFO - Started process (PID=1908) to work on /opt/airflow/dags/urban_data_streaming_dag.py
[2026-06-28T11:05:08.545+0000] {processor.py:914} INFO - Processing file /opt/airflow/dags/urban_data_streaming_dag.py for tasks to queue
[2026-06-28T11:05:08.547+0000] {logging_mixin.py:190} INFO - [2026-06-28T11:05:08.547+0000] {dagbag.py:588} INFO - Filling up the DagBag from /opt/airflow/dags/urban_data_streaming_dag.py
[2026-06-28T11:05:08.572+0000] {processor.py:925} INFO - DAG(s) 'urban_data_streaming_demo' retrieved from /opt/airflow/dags/urban_data_streaming_dag.py
[2026-06-28T11:05:08.620+0000] {logging_mixin.py:190} INFO - [2026-06-28T11:05:08.619+0000] {dag.py:3239} INFO - Sync 1 DAGs
[2026-06-28T11:05:08.634+0000] {logging_mixin.py:190} INFO - [2026-06-28T11:05:08.634+0000] {dag.py:4180} INFO - Setting next_dagrun for urban_data_streaming_demo to None, run_after=None
[2026-06-28T11:05:08.656+0000] {processor.py:208} INFO - Processing /opt/airflow/dags/urban_data_streaming_dag.py took 0.127 seconds
[2026-06-28T11:05:39.060+0000] {processor.py:186} INFO - Started process (PID=1939) to work on /opt/airflow/dags/urban_data_streaming_dag.py
[2026-06-28T11:05:39.061+0000] {processor.py:914} INFO - Processing file /opt/airflow/dags/urban_data_streaming_dag.py for tasks to queue
[2026-06-28T11:05:39.064+0000] {logging_mixin.py:190} INFO - [2026-06-28T11:05:39.063+0000] {dagbag.py:588} INFO - Filling up the DagBag from /opt/airflow/dags/urban_data_streaming_dag.py
[2026-06-28T11:05:39.093+0000] {processor.py:925} INFO - DAG(s) 'urban_data_streaming_demo' retrieved from /opt/airflow/dags/urban_data_streaming_dag.py
[2026-06-28T11:05:39.133+0000] {logging_mixin.py:190} INFO - [2026-06-28T11:05:39.133+0000] {dag.py:3239} INFO - Sync 1 DAGs
[2026-06-28T11:05:39.147+0000] {logging_mixin.py:190} INFO - [2026-06-28T11:05:39.146+0000] {dag.py:4180} INFO - Setting next_dagrun for urban_data_streaming_demo to None, run_after=None
[2026-06-28T11:05:39.167+0000] {processor.py:208} INFO - Processing /opt/airflow/dags/urban_data_streaming_dag.py took 0.119 seconds
[2026-06-28T11:06:09.545+0000] {processor.py:186} INFO - Started process (PID=1969) to work on /opt/airflow/dags/urban_data_streaming_dag.py
[2026-06-28T11:06:09.546+0000] {processor.py:914} INFO - Processing file /opt/airflow/dags/urban_data_streaming_dag.py for tasks to queue
[2026-06-28T11:06:09.549+0000] {logging_mixin.py:190} INFO - [2026-06-28T11:06:09.549+0000] {dagbag.py:588} INFO - Filling up the DagBag from /opt/airflow/dags/urban_data_streaming_dag.py
[2026-06-28T11:06:09.580+0000] {processor.py:925} INFO - DAG(s) 'urban_data_streaming_demo' retrieved from /opt/airflow/dags/urban_data_streaming_dag.py
[2026-06-28T11:06:09.619+0000] {logging_mixin.py:190} INFO - [2026-06-28T11:06:09.619+0000] {dag.py:3239} INFO - Sync 1 DAGs
[2026-06-28T11:06:09.632+0000] {logging_mixin.py:190} INFO - [2026-06-28T11:06:09.632+0000] {dag.py:4180} INFO - Setting next_dagrun for urban_data_streaming_demo to None, run_after=None
[2026-06-28T11:06:09.653+0000] {processor.py:208} INFO - Processing /opt/airflow/dags/urban_data_streaming_dag.py took 0.123 seconds
[2026-06-28T11:06:40.046+0000] {processor.py:186} INFO - Started process (PID=1999) to work on /opt/airflow/dags/urban_data_streaming_dag.py
[2026-06-28T11:06:40.047+0000] {processor.py:914} INFO - Processing file /opt/airflow/dags/urban_data_streaming_dag.py for tasks to queue
[2026-06-28T11:06:40.050+0000] {logging_mixin.py:190} INFO - [2026-06-28T11:06:40.049+0000] {dagbag.py:588} INFO - Filling up the DagBag from /opt/airflow/dags/urban_data_streaming_dag.py
[2026-06-28T11:06:40.076+0000] {processor.py:925} INFO - DAG(s) 'urban_data_streaming_demo' retrieved from /opt/airflow/dags/urban_data_streaming_dag.py
[2026-06-28T11:06:40.115+0000] {logging_mixin.py:190} INFO - [2026-06-28T11:06:40.115+0000] {dag.py:3239} INFO - Sync 1 DAGs
[2026-06-28T11:06:40.129+0000] {logging_mixin.py:190} INFO - [2026-06-28T11:06:40.129+0000] {dag.py:4180} INFO - Setting next_dagrun for urban_data_streaming_demo to None, run_after=None
[2026-06-28T11:06:40.151+0000] {processor.py:208} INFO - Processing /opt/airflow/dags/urban_data_streaming_dag.py took 0.116 seconds
[2026-06-28T11:07:10.892+0000] {processor.py:186} INFO - Started process (PID=2026) to work on /opt/airflow/dags/urban_data_streaming_dag.py
[2026-06-28T11:07:10.895+0000] {processor.py:914} INFO - Processing file /opt/airflow/dags/urban_data_streaming_dag.py for tasks to queue
[2026-06-28T11:07:10.901+0000] {logging_mixin.py:190} INFO - [2026-06-28T11:07:10.900+0000] {dagbag.py:588} INFO - Filling up the DagBag from /opt/airflow/dags/urban_data_streaming_dag.py
[2026-06-28T11:07:10.972+0000] {processor.py:925} INFO - DAG(s) 'urban_data_streaming_demo' retrieved from /opt/airflow/dags/urban_data_streaming_dag.py
[2026-06-28T11:07:11.015+0000] {logging_mixin.py:190} INFO - [2026-06-28T11:07:11.014+0000] {dag.py:3239} INFO - Sync 1 DAGs
[2026-06-28T11:07:11.029+0000] {logging_mixin.py:190} INFO - [2026-06-28T11:07:11.029+0000] {dag.py:4180} INFO - Setting next_dagrun for urban_data_streaming_demo to None, run_after=None
[2026-06-28T11:07:11.051+0000] {processor.py:208} INFO - Processing /opt/airflow/dags/urban_data_streaming_dag.py took 0.196 seconds
[2026-06-28T11:07:41.275+0000] {processor.py:186} INFO - Started process (PID=2056) to work on /opt/airflow/dags/urban_data_streaming_dag.py
[2026-06-28T11:07:41.279+0000] {processor.py:914} INFO - Processing file /opt/airflow/dags/urban_data_streaming_dag.py for tasks to queue
[2026-06-28T11:07:41.288+0000] {logging_mixin.py:190} INFO - [2026-06-28T11:07:41.287+0000] {dagbag.py:588} INFO - Filling up the DagBag from /opt/airflow/dags/urban_data_streaming_dag.py
[2026-06-28T11:07:41.372+0000] {processor.py:925} INFO - DAG(s) 'urban_data_streaming_demo' retrieved from /opt/airflow/dags/urban_data_streaming_dag.py
[2026-06-28T11:07:41.427+0000] {logging_mixin.py:190} INFO - [2026-06-28T11:07:41.427+0000] {dag.py:3239} INFO - Sync 1 DAGs
[2026-06-28T11:07:41.445+0000] {logging_mixin.py:190} INFO - [2026-06-28T11:07:41.445+0000] {dag.py:4180} INFO - Setting next_dagrun for urban_data_streaming_demo to None, run_after=None
[2026-06-28T11:07:41.475+0000] {processor.py:208} INFO - Processing /opt/airflow/dags/urban_data_streaming_dag.py took 0.252 seconds
[2026-06-28T11:08:11.663+0000] {processor.py:186} INFO - Started process (PID=2092) to work on /opt/airflow/dags/urban_data_streaming_dag.py
[2026-06-28T11:08:11.664+0000] {processor.py:914} INFO - Processing file /opt/airflow/dags/urban_data_streaming_dag.py for tasks to queue
[2026-06-28T11:08:11.667+0000] {logging_mixin.py:190} INFO - [2026-06-28T11:08:11.667+0000] {dagbag.py:588} INFO - Filling up the DagBag from /opt/airflow/dags/urban_data_streaming_dag.py
[2026-06-28T11:08:11.702+0000] {processor.py:925} INFO - DAG(s) 'urban_data_streaming_demo' retrieved from /opt/airflow/dags/urban_data_streaming_dag.py
[2026-06-28T11:08:11.737+0000] {logging_mixin.py:190} INFO - [2026-06-28T11:08:11.736+0000] {dag.py:3239} INFO - Sync 1 DAGs
[2026-06-28T11:08:11.751+0000] {logging_mixin.py:190} INFO - [2026-06-28T11:08:11.750+0000] {dag.py:4180} INFO - Setting next_dagrun for urban_data_streaming_demo to None, run_after=None
[2026-06-28T11:08:11.774+0000] {processor.py:208} INFO - Processing /opt/airflow/dags/urban_data_streaming_dag.py took 0.123 seconds
[2026-06-28T11:08:42.428+0000] {processor.py:186} INFO - Started process (PID=2115) to work on /opt/airflow/dags/urban_data_streaming_dag.py
[2026-06-28T11:08:42.429+0000] {processor.py:914} INFO - Processing file /opt/airflow/dags/urban_data_streaming_dag.py for tasks to queue
[2026-06-28T11:08:42.432+0000] {logging_mixin.py:190} INFO - [2026-06-28T11:08:42.432+0000] {dagbag.py:588} INFO - Filling up the DagBag from /opt/airflow/dags/urban_data_streaming_dag.py
[2026-06-28T11:08:42.462+0000] {processor.py:925} INFO - DAG(s) 'urban_data_streaming_demo' retrieved from /opt/airflow/dags/urban_data_streaming_dag.py
[2026-06-28T11:08:42.501+0000] {logging_mixin.py:190} INFO - [2026-06-28T11:08:42.500+0000] {dag.py:3239} INFO - Sync 1 DAGs
[2026-06-28T11:08:42.644+0000] {logging_mixin.py:190} INFO - [2026-06-28T11:08:42.644+0000] {dag.py:4180} INFO - Setting next_dagrun for urban_data_streaming_demo to None, run_after=None
[2026-06-28T11:08:42.672+0000] {processor.py:208} INFO - Processing /opt/airflow/dags/urban_data_streaming_dag.py took 0.257 seconds
[2026-06-28T11:09:13.579+0000] {processor.py:186} INFO - Started process (PID=2133) to work on /opt/airflow/dags/urban_data_streaming_dag.py
[2026-06-28T11:09:13.584+0000] {processor.py:914} INFO - Processing file /opt/airflow/dags/urban_data_streaming_dag.py for tasks to queue
[2026-06-28T11:09:13.592+0000] {logging_mixin.py:190} INFO - [2026-06-28T11:09:13.591+0000] {dagbag.py:588} INFO - Filling up the DagBag from /opt/airflow/dags/urban_data_streaming_dag.py
[2026-06-28T11:09:13.686+0000] {processor.py:925} INFO - DAG(s) 'urban_data_streaming_demo' retrieved from /opt/airflow/dags/urban_data_streaming_dag.py
[2026-06-28T11:09:13.842+0000] {logging_mixin.py:190} INFO - [2026-06-28T11:09:13.841+0000] {dag.py:3239} INFO - Sync 1 DAGs
[2026-06-28T11:09:13.865+0000] {logging_mixin.py:190} INFO - [2026-06-28T11:09:13.865+0000] {dag.py:4180} INFO - Setting next_dagrun for urban_data_streaming_demo to None, run_after=None
[2026-06-28T11:09:13.895+0000] {processor.py:208} INFO - Processing /opt/airflow/dags/urban_data_streaming_dag.py took 0.372 seconds
[2026-06-28T11:09:44.884+0000] {processor.py:186} INFO - Started process (PID=2151) to work on /opt/airflow/dags/urban_data_streaming_dag.py
[2026-06-28T11:09:44.886+0000] {processor.py:914} INFO - Processing file /opt/airflow/dags/urban_data_streaming_dag.py for tasks to queue
[2026-06-28T11:09:44.889+0000] {logging_mixin.py:190} INFO - [2026-06-28T11:09:44.888+0000] {dagbag.py:588} INFO - Filling up the DagBag from /opt/airflow/dags/urban_data_streaming_dag.py
[2026-06-28T11:09:44.931+0000] {processor.py:925} INFO - DAG(s) 'urban_data_streaming_demo' retrieved from /opt/airflow/dags/urban_data_streaming_dag.py
[2026-06-28T11:09:45.002+0000] {logging_mixin.py:190} INFO - [2026-06-28T11:09:45.001+0000] {dag.py:3239} INFO - Sync 1 DAGs
[2026-06-28T11:09:45.031+0000] {logging_mixin.py:190} INFO - [2026-06-28T11:09:45.030+0000] {dag.py:4180} INFO - Setting next_dagrun for urban_data_streaming_demo to None, run_after=None
[2026-06-28T11:09:45.075+0000] {processor.py:208} INFO - Processing /opt/airflow/dags/urban_data_streaming_dag.py took 0.240 seconds
[2026-06-28T11:10:15.255+0000] {processor.py:186} INFO - Started process (PID=2169) to work on /opt/airflow/dags/urban_data_streaming_dag.py
[2026-06-28T11:10:15.257+0000] {processor.py:914} INFO - Processing file /opt/airflow/dags/urban_data_streaming_dag.py for tasks to queue
[2026-06-28T11:10:15.263+0000] {logging_mixin.py:190} INFO - [2026-06-28T11:10:15.262+0000] {dagbag.py:588} INFO - Filling up the DagBag from /opt/airflow/dags/urban_data_streaming_dag.py
[2026-06-28T11:10:15.307+0000] {processor.py:925} INFO - DAG(s) 'urban_data_streaming_demo' retrieved from /opt/airflow/dags/urban_data_streaming_dag.py
[2026-06-28T11:10:15.364+0000] {logging_mixin.py:190} INFO - [2026-06-28T11:10:15.364+0000] {dag.py:3239} INFO - Sync 1 DAGs
[2026-06-28T11:10:15.395+0000] {logging_mixin.py:190} INFO - [2026-06-28T11:10:15.394+0000] {dag.py:4180} INFO - Setting next_dagrun for urban_data_streaming_demo to None, run_after=None
[2026-06-28T11:10:15.441+0000] {processor.py:208} INFO - Processing /opt/airflow/dags/urban_data_streaming_dag.py took 0.198 seconds
[2026-06-28T11:10:51.649+0000] {processor.py:186} INFO - Started process (PID=191) to work on /opt/airflow/dags/urban_data_streaming_dag.py
[2026-06-28T11:10:51.652+0000] {processor.py:914} INFO - Processing file /opt/airflow/dags/urban_data_streaming_dag.py for tasks to queue
[2026-06-28T11:10:51.654+0000] {logging_mixin.py:190} INFO - [2026-06-28T11:10:51.654+0000] {dagbag.py:588} INFO - Filling up the DagBag from /opt/airflow/dags/urban_data_streaming_dag.py
[2026-06-28T11:10:51.691+0000] {processor.py:925} INFO - DAG(s) 'urban_data_streaming_demo' retrieved from /opt/airflow/dags/urban_data_streaming_dag.py
[2026-06-28T11:10:51.733+0000] {logging_mixin.py:190} INFO - [2026-06-28T11:10:51.733+0000] {dag.py:3239} INFO - Sync 1 DAGs
[2026-06-28T11:10:51.746+0000] {logging_mixin.py:190} INFO - [2026-06-28T11:10:51.746+0000] {dag.py:4180} INFO - Setting next_dagrun for urban_data_streaming_demo to None, run_after=None
[2026-06-28T11:10:51.769+0000] {processor.py:208} INFO - Processing /opt/airflow/dags/urban_data_streaming_dag.py took 0.125 seconds
[2026-06-28T11:11:22.279+0000] {processor.py:186} INFO - Started process (PID=232) to work on /opt/airflow/dags/urban_data_streaming_dag.py
[2026-06-28T11:11:22.281+0000] {processor.py:914} INFO - Processing file /opt/airflow/dags/urban_data_streaming_dag.py for tasks to queue
[2026-06-28T11:11:22.286+0000] {logging_mixin.py:190} INFO - [2026-06-28T11:11:22.285+0000] {dagbag.py:588} INFO - Filling up the DagBag from /opt/airflow/dags/urban_data_streaming_dag.py
[2026-06-28T11:11:22.347+0000] {processor.py:925} INFO - DAG(s) 'urban_data_streaming_demo' retrieved from /opt/airflow/dags/urban_data_streaming_dag.py
[2026-06-28T11:11:22.397+0000] {logging_mixin.py:190} INFO - [2026-06-28T11:11:22.396+0000] {dag.py:3239} INFO - Sync 1 DAGs
[2026-06-28T11:11:22.426+0000] {logging_mixin.py:190} INFO - [2026-06-28T11:11:22.425+0000] {dag.py:4180} INFO - Setting next_dagrun for urban_data_streaming_demo to None, run_after=None
[2026-06-28T11:11:22.475+0000] {processor.py:208} INFO - Processing /opt/airflow/dags/urban_data_streaming_dag.py took 0.201 seconds
[2026-06-28T11:11:53.170+0000] {processor.py:186} INFO - Started process (PID=273) to work on /opt/airflow/dags/urban_data_streaming_dag.py
[2026-06-28T11:11:53.172+0000] {processor.py:914} INFO - Processing file /opt/airflow/dags/urban_data_streaming_dag.py for tasks to queue
[2026-06-28T11:11:53.175+0000] {logging_mixin.py:190} INFO - [2026-06-28T11:11:53.175+0000] {dagbag.py:588} INFO - Filling up the DagBag from /opt/airflow/dags/urban_data_streaming_dag.py
[2026-06-28T11:11:53.204+0000] {processor.py:925} INFO - DAG(s) 'urban_data_streaming_demo' retrieved from /opt/airflow/dags/urban_data_streaming_dag.py
[2026-06-28T11:11:53.235+0000] {logging_mixin.py:190} INFO - [2026-06-28T11:11:53.234+0000] {dag.py:3239} INFO - Sync 1 DAGs
[2026-06-28T11:11:53.259+0000] {logging_mixin.py:190} INFO - [2026-06-28T11:11:53.259+0000] {dag.py:4180} INFO - Setting next_dagrun for urban_data_streaming_demo to None, run_after=None
[2026-06-28T11:11:53.289+0000] {processor.py:208} INFO - Processing /opt/airflow/dags/urban_data_streaming_dag.py took 0.125 seconds
[2026-06-28T11:12:23.829+0000] {processor.py:186} INFO - Started process (PID=303) to work on /opt/airflow/dags/urban_data_streaming_dag.py
[2026-06-28T11:12:23.832+0000] {processor.py:914} INFO - Processing file /opt/airflow/dags/urban_data_streaming_dag.py for tasks to queue
[2026-06-28T11:12:23.836+0000] {logging_mixin.py:190} INFO - [2026-06-28T11:12:23.836+0000] {dagbag.py:588} INFO - Filling up the DagBag from /opt/airflow/dags/urban_data_streaming_dag.py
[2026-06-28T11:12:23.926+0000] {processor.py:925} INFO - DAG(s) 'urban_data_streaming_demo' retrieved from /opt/airflow/dags/urban_data_streaming_dag.py
[2026-06-28T11:12:23.975+0000] {logging_mixin.py:190} INFO - [2026-06-28T11:12:23.975+0000] {dag.py:3239} INFO - Sync 1 DAGs
[2026-06-28T11:12:23.990+0000] {logging_mixin.py:190} INFO - [2026-06-28T11:12:23.990+0000] {dag.py:4180} INFO - Setting next_dagrun for urban_data_streaming_demo to None, run_after=None
[2026-06-28T11:12:24.021+0000] {processor.py:208} INFO - Processing /opt/airflow/dags/urban_data_streaming_dag.py took 0.203 seconds
[2026-06-28T11:12:54.494+0000] {processor.py:186} INFO - Started process (PID=333) to work on /opt/airflow/dags/urban_data_streaming_dag.py
[2026-06-28T11:12:54.496+0000] {processor.py:914} INFO - Processing file /opt/airflow/dags/urban_data_streaming_dag.py for tasks to queue
[2026-06-28T11:12:54.499+0000] {logging_mixin.py:190} INFO - [2026-06-28T11:12:54.499+0000] {dagbag.py:588} INFO - Filling up the DagBag from /opt/airflow/dags/urban_data_streaming_dag.py
[2026-06-28T11:12:54.556+0000] {processor.py:925} INFO - DAG(s) 'urban_data_streaming_demo' retrieved from /opt/airflow/dags/urban_data_streaming_dag.py
[2026-06-28T11:12:54.591+0000] {logging_mixin.py:190} INFO - [2026-06-28T11:12:54.591+0000] {dag.py:3239} INFO - Sync 1 DAGs
[2026-06-28T11:12:54.607+0000] {logging_mixin.py:190} INFO - [2026-06-28T11:12:54.607+0000] {dag.py:4180} INFO - Setting next_dagrun for urban_data_streaming_demo to None, run_after=None
[2026-06-28T11:12:54.631+0000] {processor.py:208} INFO - Processing /opt/airflow/dags/urban_data_streaming_dag.py took 0.143 seconds
[2026-06-28T11:13:25.023+0000] {processor.py:186} INFO - Started process (PID=367) to work on /opt/airflow/dags/urban_data_streaming_dag.py
[2026-06-28T11:13:25.024+0000] {processor.py:914} INFO - Processing file /opt/airflow/dags/urban_data_streaming_dag.py for tasks to queue
[2026-06-28T11:13:25.026+0000] {logging_mixin.py:190} INFO - [2026-06-28T11:13:25.026+0000] {dagbag.py:588} INFO - Filling up the DagBag from /opt/airflow/dags/urban_data_streaming_dag.py
[2026-06-28T11:13:25.050+0000] {processor.py:925} INFO - DAG(s) 'urban_data_streaming_demo' retrieved from /opt/airflow/dags/urban_data_streaming_dag.py
[2026-06-28T11:13:25.081+0000] {logging_mixin.py:190} INFO - [2026-06-28T11:13:25.081+0000] {dag.py:3239} INFO - Sync 1 DAGs
[2026-06-28T11:13:25.095+0000] {logging_mixin.py:190} INFO - [2026-06-28T11:13:25.094+0000] {dag.py:4180} INFO - Setting next_dagrun for urban_data_streaming_demo to None, run_after=None
[2026-06-28T11:13:25.114+0000] {processor.py:208} INFO - Processing /opt/airflow/dags/urban_data_streaming_dag.py took 0.097 seconds
[2026-06-28T11:13:55.552+0000] {processor.py:186} INFO - Started process (PID=400) to work on /opt/airflow/dags/urban_data_streaming_dag.py
[2026-06-28T11:13:55.554+0000] {processor.py:914} INFO - Processing file /opt/airflow/dags/urban_data_streaming_dag.py for tasks to queue
[2026-06-28T11:13:55.557+0000] {logging_mixin.py:190} INFO - [2026-06-28T11:13:55.557+0000] {dagbag.py:588} INFO - Filling up the DagBag from /opt/airflow/dags/urban_data_streaming_dag.py
[2026-06-28T11:13:55.614+0000] {processor.py:925} INFO - DAG(s) 'urban_data_streaming_demo' retrieved from /opt/airflow/dags/urban_data_streaming_dag.py
[2026-06-28T11:13:55.645+0000] {logging_mixin.py:190} INFO - [2026-06-28T11:13:55.645+0000] {dag.py:3239} INFO - Sync 1 DAGs
[2026-06-28T11:13:55.659+0000] {logging_mixin.py:190} INFO - [2026-06-28T11:13:55.659+0000] {dag.py:4180} INFO - Setting next_dagrun for urban_data_streaming_demo to None, run_after=None
[2026-06-28T11:13:55.686+0000] {processor.py:208} INFO - Processing /opt/airflow/dags/urban_data_streaming_dag.py took 0.140 seconds
[2026-06-28T11:14:26.189+0000] {processor.py:186} INFO - Started process (PID=556) to work on /opt/airflow/dags/urban_data_streaming_dag.py
[2026-06-28T11:14:26.193+0000] {processor.py:914} INFO - Processing file /opt/airflow/dags/urban_data_streaming_dag.py for tasks to queue
[2026-06-28T11:14:26.196+0000] {logging_mixin.py:190} INFO - [2026-06-28T11:14:26.196+0000] {dagbag.py:588} INFO - Filling up the DagBag from /opt/airflow/dags/urban_data_streaming_dag.py
[2026-06-28T11:14:26.244+0000] {processor.py:925} INFO - DAG(s) 'urban_data_streaming_demo' retrieved from /opt/airflow/dags/urban_data_streaming_dag.py
[2026-06-28T11:14:26.286+0000] {logging_mixin.py:190} INFO - [2026-06-28T11:14:26.286+0000] {dag.py:3239} INFO - Sync 1 DAGs
[2026-06-28T11:14:26.308+0000] {logging_mixin.py:190} INFO - [2026-06-28T11:14:26.307+0000] {dag.py:4180} INFO - Setting next_dagrun for urban_data_streaming_demo to None, run_after=None
[2026-06-28T11:14:26.514+0000] {processor.py:208} INFO - Processing /opt/airflow/dags/urban_data_streaming_dag.py took 0.343 seconds
[2026-06-28T11:14:56.991+0000] {processor.py:186} INFO - Started process (PID=590) to work on /opt/airflow/dags/urban_data_streaming_dag.py
[2026-06-28T11:14:56.992+0000] {processor.py:914} INFO - Processing file /opt/airflow/dags/urban_data_streaming_dag.py for tasks to queue
[2026-06-28T11:14:56.995+0000] {logging_mixin.py:190} INFO - [2026-06-28T11:14:56.995+0000] {dagbag.py:588} INFO - Filling up the DagBag from /opt/airflow/dags/urban_data_streaming_dag.py
[2026-06-28T11:14:57.023+0000] {processor.py:925} INFO - DAG(s) 'urban_data_streaming_demo' retrieved from /opt/airflow/dags/urban_data_streaming_dag.py
[2026-06-28T11:14:57.053+0000] {logging_mixin.py:190} INFO - [2026-06-28T11:14:57.053+0000] {dag.py:3239} INFO - Sync 1 DAGs
[2026-06-28T11:14:57.227+0000] {logging_mixin.py:190} INFO - [2026-06-28T11:14:57.227+0000] {dag.py:4180} INFO - Setting next_dagrun for urban_data_streaming_demo to None, run_after=None
[2026-06-28T11:14:57.253+0000] {processor.py:208} INFO - Processing /opt/airflow/dags/urban_data_streaming_dag.py took 0.267 seconds
[2026-06-28T11:15:27.665+0000] {processor.py:186} INFO - Started process (PID=626) to work on /opt/airflow/dags/urban_data_streaming_dag.py
[2026-06-28T11:15:27.667+0000] {processor.py:914} INFO - Processing file /opt/airflow/dags/urban_data_streaming_dag.py for tasks to queue
[2026-06-28T11:15:27.669+0000] {logging_mixin.py:190} INFO - [2026-06-28T11:15:27.669+0000] {dagbag.py:588} INFO - Filling up the DagBag from /opt/airflow/dags/urban_data_streaming_dag.py
[2026-06-28T11:15:27.691+0000] {processor.py:925} INFO - DAG(s) 'urban_data_streaming_demo' retrieved from /opt/airflow/dags/urban_data_streaming_dag.py
[2026-06-28T11:15:27.844+0000] {logging_mixin.py:190} INFO - [2026-06-28T11:15:27.844+0000] {dag.py:3239} INFO - Sync 1 DAGs
[2026-06-28T11:15:27.855+0000] {logging_mixin.py:190} INFO - [2026-06-28T11:15:27.855+0000] {dag.py:4180} INFO - Setting next_dagrun for urban_data_streaming_demo to None, run_after=None
[2026-06-28T11:15:27.877+0000] {processor.py:208} INFO - Processing /opt/airflow/dags/urban_data_streaming_dag.py took 0.217 seconds
[2026-06-28T11:15:58.146+0000] {processor.py:186} INFO - Started process (PID=656) to work on /opt/airflow/dags/urban_data_streaming_dag.py
[2026-06-28T11:15:58.148+0000] {processor.py:914} INFO - Processing file /opt/airflow/dags/urban_data_streaming_dag.py for tasks to queue
[2026-06-28T11:15:58.150+0000] {logging_mixin.py:190} INFO - [2026-06-28T11:15:58.150+0000] {dagbag.py:588} INFO - Filling up the DagBag from /opt/airflow/dags/urban_data_streaming_dag.py
[2026-06-28T11:15:58.174+0000] {processor.py:925} INFO - DAG(s) 'urban_data_streaming_demo' retrieved from /opt/airflow/dags/urban_data_streaming_dag.py
[2026-06-28T11:15:58.210+0000] {logging_mixin.py:190} INFO - [2026-06-28T11:15:58.210+0000] {dag.py:3239} INFO - Sync 1 DAGs
[2026-06-28T11:15:58.230+0000] {logging_mixin.py:190} INFO - [2026-06-28T11:15:58.230+0000] {dag.py:4180} INFO - Setting next_dagrun for urban_data_streaming_demo to None, run_after=None
[2026-06-28T11:15:58.252+0000] {processor.py:208} INFO - Processing /opt/airflow/dags/urban_data_streaming_dag.py took 0.111 seconds
[2026-06-28T11:16:28.650+0000] {processor.py:186} INFO - Started process (PID=687) to work on /opt/airflow/dags/urban_data_streaming_dag.py
[2026-06-28T11:16:28.652+0000] {processor.py:914} INFO - Processing file /opt/airflow/dags/urban_data_streaming_dag.py for tasks to queue
[2026-06-28T11:16:28.656+0000] {logging_mixin.py:190} INFO - [2026-06-28T11:16:28.656+0000] {dagbag.py:588} INFO - Filling up the DagBag from /opt/airflow/dags/urban_data_streaming_dag.py
[2026-06-28T11:16:28.716+0000] {processor.py:925} INFO - DAG(s) 'urban_data_streaming_demo' retrieved from /opt/airflow/dags/urban_data_streaming_dag.py
[2026-06-28T11:16:28.747+0000] {logging_mixin.py:190} INFO - [2026-06-28T11:16:28.747+0000] {dag.py:3239} INFO - Sync 1 DAGs
[2026-06-28T11:16:28.762+0000] {logging_mixin.py:190} INFO - [2026-06-28T11:16:28.762+0000] {dag.py:4180} INFO - Setting next_dagrun for urban_data_streaming_demo to None, run_after=None
[2026-06-28T11:16:28.790+0000] {processor.py:208} INFO - Processing /opt/airflow/dags/urban_data_streaming_dag.py took 0.147 seconds
[2026-06-28T11:16:59.213+0000] {processor.py:186} INFO - Started process (PID=787) to work on /opt/airflow/dags/urban_data_streaming_dag.py
[2026-06-28T11:16:59.215+0000] {processor.py:914} INFO - Processing file /opt/airflow/dags/urban_data_streaming_dag.py for tasks to queue
[2026-06-28T11:16:59.219+0000] {logging_mixin.py:190} INFO - [2026-06-28T11:16:59.218+0000] {dagbag.py:588} INFO - Filling up the DagBag from /opt/airflow/dags/urban_data_streaming_dag.py
[2026-06-28T11:16:59.245+0000] {processor.py:925} INFO - DAG(s) 'urban_data_streaming_demo' retrieved from /opt/airflow/dags/urban_data_streaming_dag.py
[2026-06-28T11:16:59.280+0000] {logging_mixin.py:190} INFO - [2026-06-28T11:16:59.280+0000] {dag.py:3239} INFO - Sync 1 DAGs
[2026-06-28T11:16:59.298+0000] {logging_mixin.py:190} INFO - [2026-06-28T11:16:59.298+0000] {dag.py:4180} INFO - Setting next_dagrun for urban_data_streaming_demo to None, run_after=None
[2026-06-28T11:16:59.323+0000] {processor.py:208} INFO - Processing /opt/airflow/dags/urban_data_streaming_dag.py took 0.121 seconds
[2026-06-28T11:17:30.018+0000] {processor.py:186} INFO - Started process (PID=820) to work on /opt/airflow/dags/urban_data_streaming_dag.py
[2026-06-28T11:17:30.019+0000] {processor.py:914} INFO - Processing file /opt/airflow/dags/urban_data_streaming_dag.py for tasks to queue
[2026-06-28T11:17:30.022+0000] {logging_mixin.py:190} INFO - [2026-06-28T11:17:30.022+0000] {dagbag.py:588} INFO - Filling up the DagBag from /opt/airflow/dags/urban_data_streaming_dag.py
[2026-06-28T11:17:30.045+0000] {processor.py:925} INFO - DAG(s) 'urban_data_streaming_demo' retrieved from /opt/airflow/dags/urban_data_streaming_dag.py
[2026-06-28T11:17:30.078+0000] {logging_mixin.py:190} INFO - [2026-06-28T11:17:30.078+0000] {dag.py:3239} INFO - Sync 1 DAGs
[2026-06-28T11:17:30.094+0000] {logging_mixin.py:190} INFO - [2026-06-28T11:17:30.093+0000] {dag.py:4180} INFO - Setting next_dagrun for urban_data_streaming_demo to None, run_after=None
[2026-06-28T11:17:30.115+0000] {processor.py:208} INFO - Processing /opt/airflow/dags/urban_data_streaming_dag.py took 0.102 seconds
[2026-06-28T11:18:00.874+0000] {processor.py:186} INFO - Started process (PID=852) to work on /opt/airflow/dags/urban_data_streaming_dag.py
[2026-06-28T11:18:00.875+0000] {processor.py:914} INFO - Processing file /opt/airflow/dags/urban_data_streaming_dag.py for tasks to queue
[2026-06-28T11:18:00.878+0000] {logging_mixin.py:190} INFO - [2026-06-28T11:18:00.877+0000] {dagbag.py:588} INFO - Filling up the DagBag from /opt/airflow/dags/urban_data_streaming_dag.py
[2026-06-28T11:18:00.903+0000] {processor.py:925} INFO - DAG(s) 'urban_data_streaming_demo' retrieved from /opt/airflow/dags/urban_data_streaming_dag.py
[2026-06-28T11:18:00.941+0000] {logging_mixin.py:190} INFO - [2026-06-28T11:18:00.941+0000] {dag.py:3239} INFO - Sync 1 DAGs
[2026-06-28T11:18:00.957+0000] {logging_mixin.py:190} INFO - [2026-06-28T11:18:00.956+0000] {dag.py:4180} INFO - Setting next_dagrun for urban_data_streaming_demo to None, run_after=None
[2026-06-28T11:18:00.979+0000] {processor.py:208} INFO - Processing /opt/airflow/dags/urban_data_streaming_dag.py took 0.113 seconds
[2026-06-28T11:18:31.607+0000] {processor.py:186} INFO - Started process (PID=875) to work on /opt/airflow/dags/urban_data_streaming_dag.py
[2026-06-28T11:18:31.609+0000] {processor.py:914} INFO - Processing file /opt/airflow/dags/urban_data_streaming_dag.py for tasks to queue
[2026-06-28T11:18:31.612+0000] {logging_mixin.py:190} INFO - [2026-06-28T11:18:31.611+0000] {dagbag.py:588} INFO - Filling up the DagBag from /opt/airflow/dags/urban_data_streaming_dag.py
[2026-06-28T11:18:31.662+0000] {processor.py:925} INFO - DAG(s) 'urban_data_streaming_demo' retrieved from /opt/airflow/dags/urban_data_streaming_dag.py
[2026-06-28T11:18:31.702+0000] {logging_mixin.py:190} INFO - [2026-06-28T11:18:31.702+0000] {dag.py:3239} INFO - Sync 1 DAGs
[2026-06-28T11:18:31.716+0000] {logging_mixin.py:190} INFO - [2026-06-28T11:18:31.716+0000] {dag.py:4180} INFO - Setting next_dagrun for urban_data_streaming_demo to None, run_after=None
[2026-06-28T11:18:31.739+0000] {processor.py:208} INFO - Processing /opt/airflow/dags/urban_data_streaming_dag.py took 0.143 seconds
[2026-06-28T11:19:02.348+0000] {processor.py:186} INFO - Started process (PID=909) to work on /opt/airflow/dags/urban_data_streaming_dag.py
[2026-06-28T11:19:02.349+0000] {processor.py:914} INFO - Processing file /opt/airflow/dags/urban_data_streaming_dag.py for tasks to queue
[2026-06-28T11:19:02.354+0000] {logging_mixin.py:190} INFO - [2026-06-28T11:19:02.353+0000] {dagbag.py:588} INFO - Filling up the DagBag from /opt/airflow/dags/urban_data_streaming_dag.py
[2026-06-28T11:19:02.381+0000] {processor.py:925} INFO - DAG(s) 'urban_data_streaming_demo' retrieved from /opt/airflow/dags/urban_data_streaming_dag.py
[2026-06-28T11:19:02.415+0000] {logging_mixin.py:190} INFO - [2026-06-28T11:19:02.415+0000] {dag.py:3239} INFO - Sync 1 DAGs
[2026-06-28T11:19:02.430+0000] {logging_mixin.py:190} INFO - [2026-06-28T11:19:02.430+0000] {dag.py:4180} INFO - Setting next_dagrun for urban_data_streaming_demo to None, run_after=None
[2026-06-28T11:19:02.458+0000] {processor.py:208} INFO - Processing /opt/airflow/dags/urban_data_streaming_dag.py took 0.117 seconds
[2026-06-28T11:19:33.048+0000] {processor.py:186} INFO - Started process (PID=941) to work on /opt/airflow/dags/urban_data_streaming_dag.py
[2026-06-28T11:19:33.049+0000] {processor.py:914} INFO - Processing file /opt/airflow/dags/urban_data_streaming_dag.py for tasks to queue
[2026-06-28T11:19:33.052+0000] {logging_mixin.py:190} INFO - [2026-06-28T11:19:33.052+0000] {dagbag.py:588} INFO - Filling up the DagBag from /opt/airflow/dags/urban_data_streaming_dag.py
[2026-06-28T11:19:33.099+0000] {processor.py:925} INFO - DAG(s) 'urban_data_streaming_demo' retrieved from /opt/airflow/dags/urban_data_streaming_dag.py
[2026-06-28T11:19:33.137+0000] {logging_mixin.py:190} INFO - [2026-06-28T11:19:33.137+0000] {dag.py:3239} INFO - Sync 1 DAGs
[2026-06-28T11:19:33.156+0000] {logging_mixin.py:190} INFO - [2026-06-28T11:19:33.156+0000] {dag.py:4180} INFO - Setting next_dagrun for urban_data_streaming_demo to None, run_after=None
[2026-06-28T11:19:33.185+0000] {processor.py:208} INFO - Processing /opt/airflow/dags/urban_data_streaming_dag.py took 0.143 seconds
[2026-06-28T11:20:03.843+0000] {processor.py:186} INFO - Started process (PID=971) to work on /opt/airflow/dags/urban_data_streaming_dag.py
[2026-06-28T11:20:03.845+0000] {processor.py:914} INFO - Processing file /opt/airflow/dags/urban_data_streaming_dag.py for tasks to queue
[2026-06-28T11:20:03.849+0000] {logging_mixin.py:190} INFO - [2026-06-28T11:20:03.849+0000] {dagbag.py:588} INFO - Filling up the DagBag from /opt/airflow/dags/urban_data_streaming_dag.py
[2026-06-28T11:20:03.913+0000] {processor.py:925} INFO - DAG(s) 'urban_data_streaming_demo' retrieved from /opt/airflow/dags/urban_data_streaming_dag.py
[2026-06-28T11:20:03.946+0000] {logging_mixin.py:190} INFO - [2026-06-28T11:20:03.946+0000] {dag.py:3239} INFO - Sync 1 DAGs
[2026-06-28T11:20:03.959+0000] {logging_mixin.py:190} INFO - [2026-06-28T11:20:03.959+0000] {dag.py:4180} INFO - Setting next_dagrun for urban_data_streaming_demo to None, run_after=None
[2026-06-28T11:20:03.983+0000] {processor.py:208} INFO - Processing /opt/airflow/dags/urban_data_streaming_dag.py took 0.167 seconds
[2026-06-28T11:20:34.291+0000] {processor.py:186} INFO - Started process (PID=1001) to work on /opt/airflow/dags/urban_data_streaming_dag.py
[2026-06-28T11:20:34.294+0000] {processor.py:914} INFO - Processing file /opt/airflow/dags/urban_data_streaming_dag.py for tasks to queue
[2026-06-28T11:20:34.300+0000] {logging_mixin.py:190} INFO - [2026-06-28T11:20:34.299+0000] {dagbag.py:588} INFO - Filling up the DagBag from /opt/airflow/dags/urban_data_streaming_dag.py
[2026-06-28T11:20:34.409+0000] {processor.py:925} INFO - DAG(s) 'urban_data_streaming_demo' retrieved from /opt/airflow/dags/urban_data_streaming_dag.py
[2026-06-28T11:20:34.453+0000] {logging_mixin.py:190} INFO - [2026-06-28T11:20:34.453+0000] {dag.py:3239} INFO - Sync 1 DAGs
[2026-06-28T11:20:34.473+0000] {logging_mixin.py:190} INFO - [2026-06-28T11:20:34.472+0000] {dag.py:4180} INFO - Setting next_dagrun for urban_data_streaming_demo to None, run_after=None
[2026-06-28T11:20:34.505+0000] {processor.py:208} INFO - Processing /opt/airflow/dags/urban_data_streaming_dag.py took 0.238 seconds
[2026-06-28T11:21:05.305+0000] {processor.py:186} INFO - Started process (PID=1035) to work on /opt/airflow/dags/urban_data_streaming_dag.py
[2026-06-28T11:21:05.307+0000] {processor.py:914} INFO - Processing file /opt/airflow/dags/urban_data_streaming_dag.py for tasks to queue
[2026-06-28T11:21:05.310+0000] {logging_mixin.py:190} INFO - [2026-06-28T11:21:05.310+0000] {dagbag.py:588} INFO - Filling up the DagBag from /opt/airflow/dags/urban_data_streaming_dag.py
[2026-06-28T11:21:05.349+0000] {processor.py:925} INFO - DAG(s) 'urban_data_streaming_demo' retrieved from /opt/airflow/dags/urban_data_streaming_dag.py
[2026-06-28T11:21:05.383+0000] {logging_mixin.py:190} INFO - [2026-06-28T11:21:05.383+0000] {dag.py:3239} INFO - Sync 1 DAGs
[2026-06-28T11:21:05.400+0000] {logging_mixin.py:190} INFO - [2026-06-28T11:21:05.400+0000] {dag.py:4180} INFO - Setting next_dagrun for urban_data_streaming_demo to None, run_after=None
[2026-06-28T11:21:05.425+0000] {processor.py:208} INFO - Processing /opt/airflow/dags/urban_data_streaming_dag.py took 0.127 seconds
[2026-06-28T11:21:36.167+0000] {processor.py:186} INFO - Started process (PID=1067) to work on /opt/airflow/dags/urban_data_streaming_dag.py
[2026-06-28T11:21:36.169+0000] {processor.py:914} INFO - Processing file /opt/airflow/dags/urban_data_streaming_dag.py for tasks to queue
[2026-06-28T11:21:36.174+0000] {logging_mixin.py:190} INFO - [2026-06-28T11:21:36.173+0000] {dagbag.py:588} INFO - Filling up the DagBag from /opt/airflow/dags/urban_data_streaming_dag.py
[2026-06-28T11:21:36.289+0000] {processor.py:925} INFO - DAG(s) 'urban_data_streaming_demo' retrieved from /opt/airflow/dags/urban_data_streaming_dag.py
[2026-06-28T11:21:36.334+0000] {logging_mixin.py:190} INFO - [2026-06-28T11:21:36.333+0000] {dag.py:3239} INFO - Sync 1 DAGs
[2026-06-28T11:21:36.356+0000] {logging_mixin.py:190} INFO - [2026-06-28T11:21:36.355+0000] {dag.py:4180} INFO - Setting next_dagrun for urban_data_streaming_demo to None, run_after=None
[2026-06-28T11:21:36.396+0000] {processor.py:208} INFO - Processing /opt/airflow/dags/urban_data_streaming_dag.py took 0.256 seconds
[2026-06-28T11:22:07.037+0000] {processor.py:186} INFO - Started process (PID=1101) to work on /opt/airflow/dags/urban_data_streaming_dag.py
[2026-06-28T11:22:07.039+0000] {processor.py:914} INFO - Processing file /opt/airflow/dags/urban_data_streaming_dag.py for tasks to queue
[2026-06-28T11:22:07.042+0000] {logging_mixin.py:190} INFO - [2026-06-28T11:22:07.042+0000] {dagbag.py:588} INFO - Filling up the DagBag from /opt/airflow/dags/urban_data_streaming_dag.py
[2026-06-28T11:22:07.075+0000] {processor.py:925} INFO - DAG(s) 'urban_data_streaming_demo' retrieved from /opt/airflow/dags/urban_data_streaming_dag.py
[2026-06-28T11:22:07.109+0000] {logging_mixin.py:190} INFO - [2026-06-28T11:22:07.109+0000] {dag.py:3239} INFO - Sync 1 DAGs
[2026-06-28T11:22:07.125+0000] {logging_mixin.py:190} INFO - [2026-06-28T11:22:07.125+0000] {dag.py:4180} INFO - Setting next_dagrun for urban_data_streaming_demo to None, run_after=None
[2026-06-28T11:22:07.150+0000] {processor.py:208} INFO - Processing /opt/airflow/dags/urban_data_streaming_dag.py took 0.121 seconds
[2026-06-28T11:22:37.691+0000] {processor.py:186} INFO - Started process (PID=1134) to work on /opt/airflow/dags/urban_data_streaming_dag.py
[2026-06-28T11:22:37.693+0000] {processor.py:914} INFO - Processing file /opt/airflow/dags/urban_data_streaming_dag.py for tasks to queue
[2026-06-28T11:22:37.697+0000] {logging_mixin.py:190} INFO - [2026-06-28T11:22:37.696+0000] {dagbag.py:588} INFO - Filling up the DagBag from /opt/airflow/dags/urban_data_streaming_dag.py
[2026-06-28T11:22:37.731+0000] {processor.py:925} INFO - DAG(s) 'urban_data_streaming_demo' retrieved from /opt/airflow/dags/urban_data_streaming_dag.py
[2026-06-28T11:22:37.759+0000] {logging_mixin.py:190} INFO - [2026-06-28T11:22:37.759+0000] {dag.py:3239} INFO - Sync 1 DAGs
[2026-06-28T11:22:37.773+0000] {logging_mixin.py:190} INFO - [2026-06-28T11:22:37.773+0000] {dag.py:4180} INFO - Setting next_dagrun for urban_data_streaming_demo to None, run_after=None
[2026-06-28T11:22:37.796+0000] {processor.py:208} INFO - Processing /opt/airflow/dags/urban_data_streaming_dag.py took 0.110 seconds
[2026-06-28T11:23:08.164+0000] {processor.py:186} INFO - Started process (PID=1174) to work on /opt/airflow/dags/urban_data_streaming_dag.py
[2026-06-28T11:23:08.167+0000] {processor.py:914} INFO - Processing file /opt/airflow/dags/urban_data_streaming_dag.py for tasks to queue
[2026-06-28T11:23:08.170+0000] {logging_mixin.py:190} INFO - [2026-06-28T11:23:08.170+0000] {dagbag.py:588} INFO - Filling up the DagBag from /opt/airflow/dags/urban_data_streaming_dag.py
[2026-06-28T11:23:08.217+0000] {processor.py:925} INFO - DAG(s) 'urban_data_streaming_demo' retrieved from /opt/airflow/dags/urban_data_streaming_dag.py
[2026-06-28T11:23:08.247+0000] {logging_mixin.py:190} INFO - [2026-06-28T11:23:08.247+0000] {dag.py:3239} INFO - Sync 1 DAGs
[2026-06-28T11:23:08.262+0000] {logging_mixin.py:190} INFO - [2026-06-28T11:23:08.262+0000] {dag.py:4180} INFO - Setting next_dagrun for urban_data_streaming_demo to None, run_after=None
[2026-06-28T11:23:08.285+0000] {processor.py:208} INFO - Processing /opt/airflow/dags/urban_data_streaming_dag.py took 0.127 seconds
[2026-06-28T11:23:38.706+0000] {processor.py:186} INFO - Started process (PID=1206) to work on /opt/airflow/dags/urban_data_streaming_dag.py
[2026-06-28T11:23:38.708+0000] {processor.py:914} INFO - Processing file /opt/airflow/dags/urban_data_streaming_dag.py for tasks to queue
[2026-06-28T11:23:38.712+0000] {logging_mixin.py:190} INFO - [2026-06-28T11:23:38.711+0000] {dagbag.py:588} INFO - Filling up the DagBag from /opt/airflow/dags/urban_data_streaming_dag.py
[2026-06-28T11:23:38.766+0000] {processor.py:925} INFO - DAG(s) 'urban_data_streaming_demo' retrieved from /opt/airflow/dags/urban_data_streaming_dag.py
[2026-06-28T11:23:38.818+0000] {logging_mixin.py:190} INFO - [2026-06-28T11:23:38.818+0000] {dag.py:3239} INFO - Sync 1 DAGs
[2026-06-28T11:23:38.833+0000] {logging_mixin.py:190} INFO - [2026-06-28T11:23:38.833+0000] {dag.py:4180} INFO - Setting next_dagrun for urban_data_streaming_demo to None, run_after=None
[2026-06-28T11:23:38.858+0000] {processor.py:208} INFO - Processing /opt/airflow/dags/urban_data_streaming_dag.py took 0.158 seconds
[2026-06-28T11:24:09.257+0000] {processor.py:186} INFO - Started process (PID=1240) to work on /opt/airflow/dags/urban_data_streaming_dag.py
[2026-06-28T11:24:09.259+0000] {processor.py:914} INFO - Processing file /opt/airflow/dags/urban_data_streaming_dag.py for tasks to queue
[2026-06-28T11:24:09.263+0000] {logging_mixin.py:190} INFO - [2026-06-28T11:24:09.262+0000] {dagbag.py:588} INFO - Filling up the DagBag from /opt/airflow/dags/urban_data_streaming_dag.py
[2026-06-28T11:24:09.290+0000] {processor.py:925} INFO - DAG(s) 'urban_data_streaming_demo' retrieved from /opt/airflow/dags/urban_data_streaming_dag.py
[2026-06-28T11:24:09.324+0000] {logging_mixin.py:190} INFO - [2026-06-28T11:24:09.324+0000] {dag.py:3239} INFO - Sync 1 DAGs
[2026-06-28T11:24:09.342+0000] {logging_mixin.py:190} INFO - [2026-06-28T11:24:09.342+0000] {dag.py:4180} INFO - Setting next_dagrun for urban_data_streaming_demo to None, run_after=None
[2026-06-28T11:24:09.366+0000] {processor.py:208} INFO - Processing /opt/airflow/dags/urban_data_streaming_dag.py took 0.116 seconds
[2026-06-28T11:24:39.877+0000] {processor.py:186} INFO - Started process (PID=1332) to work on /opt/airflow/dags/urban_data_streaming_dag.py
[2026-06-28T11:24:39.878+0000] {processor.py:914} INFO - Processing file /opt/airflow/dags/urban_data_streaming_dag.py for tasks to queue
[2026-06-28T11:24:39.881+0000] {logging_mixin.py:190} INFO - [2026-06-28T11:24:39.881+0000] {dagbag.py:588} INFO - Filling up the DagBag from /opt/airflow/dags/urban_data_streaming_dag.py
[2026-06-28T11:24:39.918+0000] {processor.py:925} INFO - DAG(s) 'urban_data_streaming_demo' retrieved from /opt/airflow/dags/urban_data_streaming_dag.py
[2026-06-28T11:24:39.974+0000] {logging_mixin.py:190} INFO - [2026-06-28T11:24:39.974+0000] {dag.py:3239} INFO - Sync 1 DAGs
[2026-06-28T11:24:39.996+0000] {logging_mixin.py:190} INFO - [2026-06-28T11:24:39.995+0000] {dag.py:4180} INFO - Setting next_dagrun for urban_data_streaming_demo to None, run_after=None
[2026-06-28T11:24:40.030+0000] {processor.py:208} INFO - Processing /opt/airflow/dags/urban_data_streaming_dag.py took 0.159 seconds
[2026-06-28T11:25:10.627+0000] {processor.py:186} INFO - Started process (PID=1362) to work on /opt/airflow/dags/urban_data_streaming_dag.py
[2026-06-28T11:25:10.629+0000] {processor.py:914} INFO - Processing file /opt/airflow/dags/urban_data_streaming_dag.py for tasks to queue
[2026-06-28T11:25:10.632+0000] {logging_mixin.py:190} INFO - [2026-06-28T11:25:10.631+0000] {dagbag.py:588} INFO - Filling up the DagBag from /opt/airflow/dags/urban_data_streaming_dag.py
[2026-06-28T11:25:10.660+0000] {processor.py:925} INFO - DAG(s) 'urban_data_streaming_demo' retrieved from /opt/airflow/dags/urban_data_streaming_dag.py
[2026-06-28T11:25:10.690+0000] {logging_mixin.py:190} INFO - [2026-06-28T11:25:10.690+0000] {dag.py:3239} INFO - Sync 1 DAGs
[2026-06-28T11:25:10.706+0000] {logging_mixin.py:190} INFO - [2026-06-28T11:25:10.706+0000] {dag.py:4180} INFO - Setting next_dagrun for urban_data_streaming_demo to None, run_after=None
[2026-06-28T11:25:10.731+0000] {processor.py:208} INFO - Processing /opt/airflow/dags/urban_data_streaming_dag.py took 0.110 seconds
[2026-06-28T11:25:41.561+0000] {processor.py:186} INFO - Started process (PID=1392) to work on /opt/airflow/dags/urban_data_streaming_dag.py
[2026-06-28T11:25:41.564+0000] {processor.py:914} INFO - Processing file /opt/airflow/dags/urban_data_streaming_dag.py for tasks to queue
[2026-06-28T11:25:41.571+0000] {logging_mixin.py:190} INFO - [2026-06-28T11:25:41.570+0000] {dagbag.py:588} INFO - Filling up the DagBag from /opt/airflow/dags/urban_data_streaming_dag.py
[2026-06-28T11:25:41.675+0000] {processor.py:925} INFO - DAG(s) 'urban_data_streaming_demo' retrieved from /opt/airflow/dags/urban_data_streaming_dag.py
[2026-06-28T11:25:41.717+0000] {logging_mixin.py:190} INFO - [2026-06-28T11:25:41.717+0000] {dag.py:3239} INFO - Sync 1 DAGs
[2026-06-28T11:25:41.732+0000] {logging_mixin.py:190} INFO - [2026-06-28T11:25:41.732+0000] {dag.py:4180} INFO - Setting next_dagrun for urban_data_streaming_demo to None, run_after=None
[2026-06-28T11:25:41.758+0000] {processor.py:208} INFO - Processing /opt/airflow/dags/urban_data_streaming_dag.py took 0.224 seconds
[2026-06-28T11:26:12.550+0000] {processor.py:186} INFO - Started process (PID=1428) to work on /opt/airflow/dags/urban_data_streaming_dag.py
[2026-06-28T11:26:12.554+0000] {processor.py:914} INFO - Processing file /opt/airflow/dags/urban_data_streaming_dag.py for tasks to queue
[2026-06-28T11:26:12.565+0000] {logging_mixin.py:190} INFO - [2026-06-28T11:26:12.563+0000] {dagbag.py:588} INFO - Filling up the DagBag from /opt/airflow/dags/urban_data_streaming_dag.py
[2026-06-28T11:26:12.615+0000] {processor.py:925} INFO - DAG(s) 'urban_data_streaming_demo' retrieved from /opt/airflow/dags/urban_data_streaming_dag.py
[2026-06-28T11:26:12.669+0000] {logging_mixin.py:190} INFO - [2026-06-28T11:26:12.669+0000] {dag.py:3239} INFO - Sync 1 DAGs
[2026-06-28T11:26:12.688+0000] {logging_mixin.py:190} INFO - [2026-06-28T11:26:12.687+0000] {dag.py:4180} INFO - Setting next_dagrun for urban_data_streaming_demo to None, run_after=None
[2026-06-28T11:26:12.715+0000] {processor.py:208} INFO - Processing /opt/airflow/dags/urban_data_streaming_dag.py took 0.188 seconds
[2026-06-28T16:17:12.170+0000] {processor.py:186} INFO - Started process (PID=192) to work on /opt/airflow/dags/urban_data_streaming_dag.py
[2026-06-28T16:17:12.172+0000] {processor.py:914} INFO - Processing file /opt/airflow/dags/urban_data_streaming_dag.py for tasks to queue
[2026-06-28T16:17:12.176+0000] {logging_mixin.py:190} INFO - [2026-06-28T16:17:12.176+0000] {dagbag.py:588} INFO - Filling up the DagBag from /opt/airflow/dags/urban_data_streaming_dag.py
[2026-06-28T16:17:12.215+0000] {processor.py:925} INFO - DAG(s) 'urban_data_streaming_demo' retrieved from /opt/airflow/dags/urban_data_streaming_dag.py
[2026-06-28T16:17:12.275+0000] {logging_mixin.py:190} INFO - [2026-06-28T16:17:12.275+0000] {dag.py:3239} INFO - Sync 1 DAGs
[2026-06-28T16:17:12.305+0000] {logging_mixin.py:190} INFO - [2026-06-28T16:17:12.305+0000] {dag.py:4180} INFO - Setting next_dagrun for urban_data_streaming_demo to None, run_after=None
[2026-06-28T16:17:12.341+0000] {processor.py:208} INFO - Processing /opt/airflow/dags/urban_data_streaming_dag.py took 0.179 seconds
[2026-06-28T16:17:42.970+0000] {processor.py:186} INFO - Started process (PID=212) to work on /opt/airflow/dags/urban_data_streaming_dag.py
[2026-06-28T16:17:42.972+0000] {processor.py:914} INFO - Processing file /opt/airflow/dags/urban_data_streaming_dag.py for tasks to queue
[2026-06-28T16:17:42.978+0000] {logging_mixin.py:190} INFO - [2026-06-28T16:17:42.978+0000] {dagbag.py:588} INFO - Filling up the DagBag from /opt/airflow/dags/urban_data_streaming_dag.py
[2026-06-28T16:17:43.088+0000] {processor.py:925} INFO - DAG(s) 'urban_data_streaming_demo' retrieved from /opt/airflow/dags/urban_data_streaming_dag.py
[2026-06-28T16:17:43.154+0000] {logging_mixin.py:190} INFO - [2026-06-28T16:17:43.154+0000] {dag.py:3239} INFO - Sync 1 DAGs
[2026-06-28T16:17:43.210+0000] {logging_mixin.py:190} INFO - [2026-06-28T16:17:43.209+0000] {dag.py:4180} INFO - Setting next_dagrun for urban_data_streaming_demo to None, run_after=None
[2026-06-28T16:17:43.238+0000] {processor.py:208} INFO - Processing /opt/airflow/dags/urban_data_streaming_dag.py took 0.276 seconds
[2026-06-28T16:18:13.926+0000] {processor.py:186} INFO - Started process (PID=267) to work on /opt/airflow/dags/urban_data_streaming_dag.py
[2026-06-28T16:18:13.929+0000] {processor.py:914} INFO - Processing file /opt/airflow/dags/urban_data_streaming_dag.py for tasks to queue
[2026-06-28T16:18:13.933+0000] {logging_mixin.py:190} INFO - [2026-06-28T16:18:13.932+0000] {dagbag.py:588} INFO - Filling up the DagBag from /opt/airflow/dags/urban_data_streaming_dag.py
[2026-06-28T16:18:13.987+0000] {processor.py:925} INFO - DAG(s) 'urban_data_streaming_demo' retrieved from /opt/airflow/dags/urban_data_streaming_dag.py
[2026-06-28T16:18:14.032+0000] {logging_mixin.py:190} INFO - [2026-06-28T16:18:14.032+0000] {dag.py:3239} INFO - Sync 1 DAGs
[2026-06-28T16:18:14.051+0000] {logging_mixin.py:190} INFO - [2026-06-28T16:18:14.051+0000] {dag.py:4180} INFO - Setting next_dagrun for urban_data_streaming_demo to None, run_after=None
[2026-06-28T16:18:14.082+0000] {processor.py:208} INFO - Processing /opt/airflow/dags/urban_data_streaming_dag.py took 0.163 seconds
[2026-06-28T16:18:44.596+0000] {processor.py:186} INFO - Started process (PID=297) to work on /opt/airflow/dags/urban_data_streaming_dag.py
[2026-06-28T16:18:44.598+0000] {processor.py:914} INFO - Processing file /opt/airflow/dags/urban_data_streaming_dag.py for tasks to queue
[2026-06-28T16:18:44.602+0000] {logging_mixin.py:190} INFO - [2026-06-28T16:18:44.601+0000] {dagbag.py:588} INFO - Filling up the DagBag from /opt/airflow/dags/urban_data_streaming_dag.py
[2026-06-28T16:18:44.651+0000] {processor.py:925} INFO - DAG(s) 'urban_data_streaming_demo' retrieved from /opt/airflow/dags/urban_data_streaming_dag.py
[2026-06-28T16:18:44.692+0000] {logging_mixin.py:190} INFO - [2026-06-28T16:18:44.692+0000] {dag.py:3239} INFO - Sync 1 DAGs
[2026-06-28T16:18:44.711+0000] {logging_mixin.py:190} INFO - [2026-06-28T16:18:44.710+0000] {dag.py:4180} INFO - Setting next_dagrun for urban_data_streaming_demo to None, run_after=None
[2026-06-28T16:18:44.743+0000] {processor.py:208} INFO - Processing /opt/airflow/dags/urban_data_streaming_dag.py took 0.155 seconds
[2026-06-28T16:19:15.308+0000] {processor.py:186} INFO - Started process (PID=327) to work on /opt/airflow/dags/urban_data_streaming_dag.py
[2026-06-28T16:19:15.310+0000] {processor.py:914} INFO - Processing file /opt/airflow/dags/urban_data_streaming_dag.py for tasks to queue
[2026-06-28T16:19:15.315+0000] {logging_mixin.py:190} INFO - [2026-06-28T16:19:15.314+0000] {dagbag.py:588} INFO - Filling up the DagBag from /opt/airflow/dags/urban_data_streaming_dag.py
[2026-06-28T16:19:15.385+0000] {processor.py:925} INFO - DAG(s) 'urban_data_streaming_demo' retrieved from /opt/airflow/dags/urban_data_streaming_dag.py
[2026-06-28T16:19:15.427+0000] {logging_mixin.py:190} INFO - [2026-06-28T16:19:15.427+0000] {dag.py:3239} INFO - Sync 1 DAGs
[2026-06-28T16:19:15.447+0000] {logging_mixin.py:190} INFO - [2026-06-28T16:19:15.446+0000] {dag.py:4180} INFO - Setting next_dagrun for urban_data_streaming_demo to None, run_after=None
[2026-06-28T16:19:15.480+0000] {processor.py:208} INFO - Processing /opt/airflow/dags/urban_data_streaming_dag.py took 0.179 seconds
[2026-06-28T16:19:45.578+0000] {processor.py:186} INFO - Started process (PID=358) to work on /opt/airflow/dags/urban_data_streaming_dag.py
[2026-06-28T16:19:45.580+0000] {processor.py:914} INFO - Processing file /opt/airflow/dags/urban_data_streaming_dag.py for tasks to queue
[2026-06-28T16:19:45.584+0000] {logging_mixin.py:190} INFO - [2026-06-28T16:19:45.584+0000] {dagbag.py:588} INFO - Filling up the DagBag from /opt/airflow/dags/urban_data_streaming_dag.py
[2026-06-28T16:19:45.632+0000] {processor.py:925} INFO - DAG(s) 'urban_data_streaming_demo' retrieved from /opt/airflow/dags/urban_data_streaming_dag.py
[2026-06-28T16:19:45.681+0000] {logging_mixin.py:190} INFO - [2026-06-28T16:19:45.680+0000] {dag.py:3239} INFO - Sync 1 DAGs
[2026-06-28T16:19:45.703+0000] {logging_mixin.py:190} INFO - [2026-06-28T16:19:45.703+0000] {dag.py:4180} INFO - Setting next_dagrun for urban_data_streaming_demo to None, run_after=None
[2026-06-28T16:19:45.901+0000] {processor.py:208} INFO - Processing /opt/airflow/dags/urban_data_streaming_dag.py took 0.330 seconds
[2026-06-28T16:20:16.423+0000] {processor.py:186} INFO - Started process (PID=388) to work on /opt/airflow/dags/urban_data_streaming_dag.py
[2026-06-28T16:20:16.425+0000] {processor.py:914} INFO - Processing file /opt/airflow/dags/urban_data_streaming_dag.py for tasks to queue
[2026-06-28T16:20:16.429+0000] {logging_mixin.py:190} INFO - [2026-06-28T16:20:16.428+0000] {dagbag.py:588} INFO - Filling up the DagBag from /opt/airflow/dags/urban_data_streaming_dag.py
[2026-06-28T16:20:16.463+0000] {processor.py:925} INFO - DAG(s) 'urban_data_streaming_demo' retrieved from /opt/airflow/dags/urban_data_streaming_dag.py
[2026-06-28T16:20:16.502+0000] {logging_mixin.py:190} INFO - [2026-06-28T16:20:16.502+0000] {dag.py:3239} INFO - Sync 1 DAGs
[2026-06-28T16:20:16.667+0000] {logging_mixin.py:190} INFO - [2026-06-28T16:20:16.667+0000] {dag.py:4180} INFO - Setting next_dagrun for urban_data_streaming_demo to None, run_after=None
[2026-06-28T16:20:16.695+0000] {processor.py:208} INFO - Processing /opt/airflow/dags/urban_data_streaming_dag.py took 0.282 seconds
[2026-06-28T16:20:46.944+0000] {processor.py:186} INFO - Started process (PID=534) to work on /opt/airflow/dags/urban_data_streaming_dag.py
[2026-06-28T16:20:46.948+0000] {processor.py:914} INFO - Processing file /opt/airflow/dags/urban_data_streaming_dag.py for tasks to queue
[2026-06-28T16:20:46.957+0000] {logging_mixin.py:190} INFO - [2026-06-28T16:20:46.956+0000] {dagbag.py:588} INFO - Filling up the DagBag from /opt/airflow/dags/urban_data_streaming_dag.py
[2026-06-28T16:20:47.049+0000] {processor.py:925} INFO - DAG(s) 'urban_data_streaming_demo' retrieved from /opt/airflow/dags/urban_data_streaming_dag.py
[2026-06-28T16:20:47.378+0000] {logging_mixin.py:190} INFO - [2026-06-28T16:20:47.378+0000] {dag.py:3239} INFO - Sync 1 DAGs
[2026-06-28T16:20:47.403+0000] {logging_mixin.py:190} INFO - [2026-06-28T16:20:47.403+0000] {dag.py:4180} INFO - Setting next_dagrun for urban_data_streaming_demo to None, run_after=None
[2026-06-28T16:20:47.451+0000] {processor.py:208} INFO - Processing /opt/airflow/dags/urban_data_streaming_dag.py took 0.524 seconds
[2026-06-28T16:21:18.325+0000] {processor.py:186} INFO - Started process (PID=582) to work on /opt/airflow/dags/urban_data_streaming_dag.py
[2026-06-28T16:21:18.328+0000] {processor.py:914} INFO - Processing file /opt/airflow/dags/urban_data_streaming_dag.py for tasks to queue
[2026-06-28T16:21:18.335+0000] {logging_mixin.py:190} INFO - [2026-06-28T16:21:18.335+0000] {dagbag.py:588} INFO - Filling up the DagBag from /opt/airflow/dags/urban_data_streaming_dag.py
[2026-06-28T16:21:18.407+0000] {processor.py:925} INFO - DAG(s) 'urban_data_streaming_demo' retrieved from /opt/airflow/dags/urban_data_streaming_dag.py
[2026-06-28T16:21:18.453+0000] {logging_mixin.py:190} INFO - [2026-06-28T16:21:18.453+0000] {dag.py:3239} INFO - Sync 1 DAGs
[2026-06-28T16:21:18.478+0000] {logging_mixin.py:190} INFO - [2026-06-28T16:21:18.478+0000] {dag.py:4180} INFO - Setting next_dagrun for urban_data_streaming_demo to None, run_after=None
[2026-06-28T16:21:18.508+0000] {processor.py:208} INFO - Processing /opt/airflow/dags/urban_data_streaming_dag.py took 0.195 seconds
[2026-06-28T16:21:49.382+0000] {processor.py:186} INFO - Started process (PID=610) to work on /opt/airflow/dags/urban_data_streaming_dag.py
[2026-06-28T16:21:49.385+0000] {processor.py:914} INFO - Processing file /opt/airflow/dags/urban_data_streaming_dag.py for tasks to queue
[2026-06-28T16:21:49.390+0000] {logging_mixin.py:190} INFO - [2026-06-28T16:21:49.390+0000] {dagbag.py:588} INFO - Filling up the DagBag from /opt/airflow/dags/urban_data_streaming_dag.py
[2026-06-28T16:21:49.471+0000] {processor.py:925} INFO - DAG(s) 'urban_data_streaming_demo' retrieved from /opt/airflow/dags/urban_data_streaming_dag.py
[2026-06-28T16:21:49.524+0000] {logging_mixin.py:190} INFO - [2026-06-28T16:21:49.523+0000] {dag.py:3239} INFO - Sync 1 DAGs
[2026-06-28T16:21:49.548+0000] {logging_mixin.py:190} INFO - [2026-06-28T16:21:49.547+0000] {dag.py:4180} INFO - Setting next_dagrun for urban_data_streaming_demo to None, run_after=None
[2026-06-28T16:21:49.583+0000] {processor.py:208} INFO - Processing /opt/airflow/dags/urban_data_streaming_dag.py took 0.210 seconds
[2026-06-28T16:22:20.535+0000] {processor.py:186} INFO - Started process (PID=634) to work on /opt/airflow/dags/urban_data_streaming_dag.py
[2026-06-28T16:22:20.536+0000] {processor.py:914} INFO - Processing file /opt/airflow/dags/urban_data_streaming_dag.py for tasks to queue
[2026-06-28T16:22:20.540+0000] {logging_mixin.py:190} INFO - [2026-06-28T16:22:20.539+0000] {dagbag.py:588} INFO - Filling up the DagBag from /opt/airflow/dags/urban_data_streaming_dag.py
[2026-06-28T16:22:20.587+0000] {processor.py:925} INFO - DAG(s) 'urban_data_streaming_demo' retrieved from /opt/airflow/dags/urban_data_streaming_dag.py
[2026-06-28T16:22:20.633+0000] {logging_mixin.py:190} INFO - [2026-06-28T16:22:20.632+0000] {dag.py:3239} INFO - Sync 1 DAGs
[2026-06-28T16:22:20.653+0000] {logging_mixin.py:190} INFO - [2026-06-28T16:22:20.653+0000] {dag.py:4180} INFO - Setting next_dagrun for urban_data_streaming_demo to None, run_after=None
[2026-06-28T16:22:20.682+0000] {processor.py:208} INFO - Processing /opt/airflow/dags/urban_data_streaming_dag.py took 0.154 seconds
[2026-06-28T16:22:51.289+0000] {processor.py:186} INFO - Started process (PID=664) to work on /opt/airflow/dags/urban_data_streaming_dag.py
[2026-06-28T16:22:51.292+0000] {processor.py:914} INFO - Processing file /opt/airflow/dags/urban_data_streaming_dag.py for tasks to queue
[2026-06-28T16:22:51.296+0000] {logging_mixin.py:190} INFO - [2026-06-28T16:22:51.296+0000] {dagbag.py:588} INFO - Filling up the DagBag from /opt/airflow/dags/urban_data_streaming_dag.py
[2026-06-28T16:22:51.369+0000] {processor.py:925} INFO - DAG(s) 'urban_data_streaming_demo' retrieved from /opt/airflow/dags/urban_data_streaming_dag.py
[2026-06-28T16:22:51.445+0000] {logging_mixin.py:190} INFO - [2026-06-28T16:22:51.445+0000] {dag.py:3239} INFO - Sync 1 DAGs
[2026-06-28T16:22:51.473+0000] {logging_mixin.py:190} INFO - [2026-06-28T16:22:51.473+0000] {dag.py:4180} INFO - Setting next_dagrun for urban_data_streaming_demo to None, run_after=None
[2026-06-28T16:22:51.514+0000] {processor.py:208} INFO - Processing /opt/airflow/dags/urban_data_streaming_dag.py took 0.232 seconds
[2026-06-28T16:23:21.684+0000] {processor.py:186} INFO - Started process (PID=694) to work on /opt/airflow/dags/urban_data_streaming_dag.py
[2026-06-28T16:23:21.687+0000] {processor.py:914} INFO - Processing file /opt/airflow/dags/urban_data_streaming_dag.py for tasks to queue
[2026-06-28T16:23:21.691+0000] {logging_mixin.py:190} INFO - [2026-06-28T16:23:21.691+0000] {dagbag.py:588} INFO - Filling up the DagBag from /opt/airflow/dags/urban_data_streaming_dag.py
[2026-06-28T16:23:21.768+0000] {processor.py:925} INFO - DAG(s) 'urban_data_streaming_demo' retrieved from /opt/airflow/dags/urban_data_streaming_dag.py
[2026-06-28T16:23:21.818+0000] {logging_mixin.py:190} INFO - [2026-06-28T16:23:21.818+0000] {dag.py:3239} INFO - Sync 1 DAGs
[2026-06-28T16:23:21.837+0000] {logging_mixin.py:190} INFO - [2026-06-28T16:23:21.837+0000] {dag.py:4180} INFO - Setting next_dagrun for urban_data_streaming_demo to None, run_after=None
[2026-06-28T16:23:21.869+0000] {processor.py:208} INFO - Processing /opt/airflow/dags/urban_data_streaming_dag.py took 0.191 seconds
[2026-06-28T16:23:52.413+0000] {processor.py:186} INFO - Started process (PID=724) to work on /opt/airflow/dags/urban_data_streaming_dag.py
[2026-06-28T16:23:52.416+0000] {processor.py:914} INFO - Processing file /opt/airflow/dags/urban_data_streaming_dag.py for tasks to queue
[2026-06-28T16:23:52.420+0000] {logging_mixin.py:190} INFO - [2026-06-28T16:23:52.420+0000] {dagbag.py:588} INFO - Filling up the DagBag from /opt/airflow/dags/urban_data_streaming_dag.py
[2026-06-28T16:23:52.473+0000] {processor.py:925} INFO - DAG(s) 'urban_data_streaming_demo' retrieved from /opt/airflow/dags/urban_data_streaming_dag.py
[2026-06-28T16:23:52.530+0000] {logging_mixin.py:190} INFO - [2026-06-28T16:23:52.530+0000] {dag.py:3239} INFO - Sync 1 DAGs
[2026-06-28T16:23:52.559+0000] {logging_mixin.py:190} INFO - [2026-06-28T16:23:52.558+0000] {dag.py:4180} INFO - Setting next_dagrun for urban_data_streaming_demo to None, run_after=None
[2026-06-28T16:23:52.590+0000] {processor.py:208} INFO - Processing /opt/airflow/dags/urban_data_streaming_dag.py took 0.187 seconds
[2026-06-28T16:24:23.289+0000] {processor.py:186} INFO - Started process (PID=825) to work on /opt/airflow/dags/urban_data_streaming_dag.py
[2026-06-28T16:24:23.292+0000] {processor.py:914} INFO - Processing file /opt/airflow/dags/urban_data_streaming_dag.py for tasks to queue
[2026-06-28T16:24:23.296+0000] {logging_mixin.py:190} INFO - [2026-06-28T16:24:23.296+0000] {dagbag.py:588} INFO - Filling up the DagBag from /opt/airflow/dags/urban_data_streaming_dag.py
[2026-06-28T16:24:23.409+0000] {processor.py:925} INFO - DAG(s) 'urban_data_streaming_demo' retrieved from /opt/airflow/dags/urban_data_streaming_dag.py
[2026-06-28T16:24:23.453+0000] {logging_mixin.py:190} INFO - [2026-06-28T16:24:23.453+0000] {dag.py:3239} INFO - Sync 1 DAGs
[2026-06-28T16:24:23.472+0000] {logging_mixin.py:190} INFO - [2026-06-28T16:24:23.472+0000] {dag.py:4180} INFO - Setting next_dagrun for urban_data_streaming_demo to None, run_after=None
[2026-06-28T16:24:23.504+0000] {processor.py:208} INFO - Processing /opt/airflow/dags/urban_data_streaming_dag.py took 0.223 seconds
[2026-06-28T16:24:53.839+0000] {processor.py:186} INFO - Started process (PID=854) to work on /opt/airflow/dags/urban_data_streaming_dag.py
[2026-06-28T16:24:53.841+0000] {processor.py:914} INFO - Processing file /opt/airflow/dags/urban_data_streaming_dag.py for tasks to queue
[2026-06-28T16:24:53.847+0000] {logging_mixin.py:190} INFO - [2026-06-28T16:24:53.846+0000] {dagbag.py:588} INFO - Filling up the DagBag from /opt/airflow/dags/urban_data_streaming_dag.py
[2026-06-28T16:24:53.921+0000] {processor.py:925} INFO - DAG(s) 'urban_data_streaming_demo' retrieved from /opt/airflow/dags/urban_data_streaming_dag.py
[2026-06-28T16:24:53.965+0000] {logging_mixin.py:190} INFO - [2026-06-28T16:24:53.965+0000] {dag.py:3239} INFO - Sync 1 DAGs
[2026-06-28T16:24:53.984+0000] {logging_mixin.py:190} INFO - [2026-06-28T16:24:53.984+0000] {dag.py:4180} INFO - Setting next_dagrun for urban_data_streaming_demo to None, run_after=None
[2026-06-28T16:24:54.017+0000] {processor.py:208} INFO - Processing /opt/airflow/dags/urban_data_streaming_dag.py took 0.184 seconds
[2026-06-28T16:25:24.899+0000] {processor.py:186} INFO - Started process (PID=884) to work on /opt/airflow/dags/urban_data_streaming_dag.py
[2026-06-28T16:25:24.901+0000] {processor.py:914} INFO - Processing file /opt/airflow/dags/urban_data_streaming_dag.py for tasks to queue
[2026-06-28T16:25:24.905+0000] {logging_mixin.py:190} INFO - [2026-06-28T16:25:24.905+0000] {dagbag.py:588} INFO - Filling up the DagBag from /opt/airflow/dags/urban_data_streaming_dag.py
[2026-06-28T16:25:24.960+0000] {processor.py:925} INFO - DAG(s) 'urban_data_streaming_demo' retrieved from /opt/airflow/dags/urban_data_streaming_dag.py
[2026-06-28T16:25:24.998+0000] {logging_mixin.py:190} INFO - [2026-06-28T16:25:24.998+0000] {dag.py:3239} INFO - Sync 1 DAGs
[2026-06-28T16:25:25.017+0000] {logging_mixin.py:190} INFO - [2026-06-28T16:25:25.017+0000] {dag.py:4180} INFO - Setting next_dagrun for urban_data_streaming_demo to None, run_after=None
[2026-06-28T16:25:25.044+0000] {processor.py:208} INFO - Processing /opt/airflow/dags/urban_data_streaming_dag.py took 0.156 seconds
[2026-06-28T16:25:55.624+0000] {processor.py:186} INFO - Started process (PID=909) to work on /opt/airflow/dags/urban_data_streaming_dag.py
[2026-06-28T16:25:55.627+0000] {processor.py:914} INFO - Processing file /opt/airflow/dags/urban_data_streaming_dag.py for tasks to queue
[2026-06-28T16:25:55.632+0000] {logging_mixin.py:190} INFO - [2026-06-28T16:25:55.631+0000] {dagbag.py:588} INFO - Filling up the DagBag from /opt/airflow/dags/urban_data_streaming_dag.py
[2026-06-28T16:25:55.706+0000] {processor.py:925} INFO - DAG(s) 'urban_data_streaming_demo' retrieved from /opt/airflow/dags/urban_data_streaming_dag.py
[2026-06-28T16:25:55.761+0000] {logging_mixin.py:190} INFO - [2026-06-28T16:25:55.761+0000] {dag.py:3239} INFO - Sync 1 DAGs
[2026-06-28T16:25:55.781+0000] {logging_mixin.py:190} INFO - [2026-06-28T16:25:55.781+0000] {dag.py:4180} INFO - Setting next_dagrun for urban_data_streaming_demo to None, run_after=None
[2026-06-28T16:25:55.814+0000] {processor.py:208} INFO - Processing /opt/airflow/dags/urban_data_streaming_dag.py took 0.199 seconds
[2026-06-28T16:26:26.398+0000] {processor.py:186} INFO - Started process (PID=932) to work on /opt/airflow/dags/urban_data_streaming_dag.py
[2026-06-28T16:26:26.400+0000] {processor.py:914} INFO - Processing file /opt/airflow/dags/urban_data_streaming_dag.py for tasks to queue
[2026-06-28T16:26:26.404+0000] {logging_mixin.py:190} INFO - [2026-06-28T16:26:26.403+0000] {dagbag.py:588} INFO - Filling up the DagBag from /opt/airflow/dags/urban_data_streaming_dag.py
[2026-06-28T16:26:26.439+0000] {processor.py:925} INFO - DAG(s) 'urban_data_streaming_demo' retrieved from /opt/airflow/dags/urban_data_streaming_dag.py
[2026-06-28T16:26:26.483+0000] {logging_mixin.py:190} INFO - [2026-06-28T16:26:26.483+0000] {dag.py:3239} INFO - Sync 1 DAGs
[2026-06-28T16:26:26.502+0000] {logging_mixin.py:190} INFO - [2026-06-28T16:26:26.502+0000] {dag.py:4180} INFO - Setting next_dagrun for urban_data_streaming_demo to None, run_after=None
[2026-06-28T16:26:26.536+0000] {processor.py:208} INFO - Processing /opt/airflow/dags/urban_data_streaming_dag.py took 0.146 seconds
[2026-06-28T16:26:56.929+0000] {processor.py:186} INFO - Started process (PID=962) to work on /opt/airflow/dags/urban_data_streaming_dag.py
[2026-06-28T16:26:56.930+0000] {processor.py:914} INFO - Processing file /opt/airflow/dags/urban_data_streaming_dag.py for tasks to queue
[2026-06-28T16:26:56.936+0000] {logging_mixin.py:190} INFO - [2026-06-28T16:26:56.935+0000] {dagbag.py:588} INFO - Filling up the DagBag from /opt/airflow/dags/urban_data_streaming_dag.py
[2026-06-28T16:26:56.987+0000] {processor.py:925} INFO - DAG(s) 'urban_data_streaming_demo' retrieved from /opt/airflow/dags/urban_data_streaming_dag.py
[2026-06-28T16:26:57.035+0000] {logging_mixin.py:190} INFO - [2026-06-28T16:26:57.035+0000] {dag.py:3239} INFO - Sync 1 DAGs
[2026-06-28T16:26:57.061+0000] {logging_mixin.py:190} INFO - [2026-06-28T16:26:57.060+0000] {dag.py:4180} INFO - Setting next_dagrun for urban_data_streaming_demo to None, run_after=None
[2026-06-28T16:26:57.096+0000] {processor.py:208} INFO - Processing /opt/airflow/dags/urban_data_streaming_dag.py took 0.175 seconds
[2026-06-28T16:27:27.512+0000] {processor.py:186} INFO - Started process (PID=992) to work on /opt/airflow/dags/urban_data_streaming_dag.py
[2026-06-28T16:27:27.514+0000] {processor.py:914} INFO - Processing file /opt/airflow/dags/urban_data_streaming_dag.py for tasks to queue
[2026-06-28T16:27:27.518+0000] {logging_mixin.py:190} INFO - [2026-06-28T16:27:27.517+0000] {dagbag.py:588} INFO - Filling up the DagBag from /opt/airflow/dags/urban_data_streaming_dag.py
[2026-06-28T16:27:27.555+0000] {processor.py:925} INFO - DAG(s) 'urban_data_streaming_demo' retrieved from /opt/airflow/dags/urban_data_streaming_dag.py
[2026-06-28T16:27:27.606+0000] {logging_mixin.py:190} INFO - [2026-06-28T16:27:27.606+0000] {dag.py:3239} INFO - Sync 1 DAGs
[2026-06-28T16:27:27.628+0000] {logging_mixin.py:190} INFO - [2026-06-28T16:27:27.628+0000] {dag.py:4180} INFO - Setting next_dagrun for urban_data_streaming_demo to None, run_after=None
[2026-06-28T16:27:27.660+0000] {processor.py:208} INFO - Processing /opt/airflow/dags/urban_data_streaming_dag.py took 0.155 seconds
[2026-06-28T16:27:57.998+0000] {processor.py:186} INFO - Started process (PID=1022) to work on /opt/airflow/dags/urban_data_streaming_dag.py
[2026-06-28T16:27:58.001+0000] {processor.py:914} INFO - Processing file /opt/airflow/dags/urban_data_streaming_dag.py for tasks to queue
[2026-06-28T16:27:58.006+0000] {logging_mixin.py:190} INFO - [2026-06-28T16:27:58.006+0000] {dagbag.py:588} INFO - Filling up the DagBag from /opt/airflow/dags/urban_data_streaming_dag.py
[2026-06-28T16:27:58.071+0000] {processor.py:925} INFO - DAG(s) 'urban_data_streaming_demo' retrieved from /opt/airflow/dags/urban_data_streaming_dag.py
[2026-06-28T16:27:58.128+0000] {logging_mixin.py:190} INFO - [2026-06-28T16:27:58.128+0000] {dag.py:3239} INFO - Sync 1 DAGs
[2026-06-28T16:27:58.146+0000] {logging_mixin.py:190} INFO - [2026-06-28T16:27:58.146+0000] {dag.py:4180} INFO - Setting next_dagrun for urban_data_streaming_demo to None, run_after=None
[2026-06-28T16:27:58.179+0000] {processor.py:208} INFO - Processing /opt/airflow/dags/urban_data_streaming_dag.py took 0.195 seconds
[2026-06-28T16:28:28.444+0000] {processor.py:186} INFO - Started process (PID=1052) to work on /opt/airflow/dags/urban_data_streaming_dag.py
[2026-06-28T16:28:28.447+0000] {processor.py:914} INFO - Processing file /opt/airflow/dags/urban_data_streaming_dag.py for tasks to queue
[2026-06-28T16:28:28.452+0000] {logging_mixin.py:190} INFO - [2026-06-28T16:28:28.451+0000] {dagbag.py:588} INFO - Filling up the DagBag from /opt/airflow/dags/urban_data_streaming_dag.py
[2026-06-28T16:28:28.485+0000] {processor.py:925} INFO - DAG(s) 'urban_data_streaming_demo' retrieved from /opt/airflow/dags/urban_data_streaming_dag.py
[2026-06-28T16:28:28.528+0000] {logging_mixin.py:190} INFO - [2026-06-28T16:28:28.528+0000] {dag.py:3239} INFO - Sync 1 DAGs
[2026-06-28T16:28:28.548+0000] {logging_mixin.py:190} INFO - [2026-06-28T16:28:28.548+0000] {dag.py:4180} INFO - Setting next_dagrun for urban_data_streaming_demo to None, run_after=None
[2026-06-28T16:28:28.577+0000] {processor.py:208} INFO - Processing /opt/airflow/dags/urban_data_streaming_dag.py took 0.141 seconds
[2026-06-28T16:28:59.411+0000] {processor.py:186} INFO - Started process (PID=1082) to work on /opt/airflow/dags/urban_data_streaming_dag.py
[2026-06-28T16:28:59.414+0000] {processor.py:914} INFO - Processing file /opt/airflow/dags/urban_data_streaming_dag.py for tasks to queue
[2026-06-28T16:28:59.421+0000] {logging_mixin.py:190} INFO - [2026-06-28T16:28:59.420+0000] {dagbag.py:588} INFO - Filling up the DagBag from /opt/airflow/dags/urban_data_streaming_dag.py
[2026-06-28T16:28:59.489+0000] {processor.py:925} INFO - DAG(s) 'urban_data_streaming_demo' retrieved from /opt/airflow/dags/urban_data_streaming_dag.py
[2026-06-28T16:28:59.534+0000] {logging_mixin.py:190} INFO - [2026-06-28T16:28:59.533+0000] {dag.py:3239} INFO - Sync 1 DAGs
[2026-06-28T16:28:59.557+0000] {logging_mixin.py:190} INFO - [2026-06-28T16:28:59.556+0000] {dag.py:4180} INFO - Setting next_dagrun for urban_data_streaming_demo to None, run_after=None
[2026-06-28T16:28:59.598+0000] {processor.py:208} INFO - Processing /opt/airflow/dags/urban_data_streaming_dag.py took 0.200 seconds
[2026-06-28T16:29:29.948+0000] {processor.py:186} INFO - Started process (PID=1115) to work on /opt/airflow/dags/urban_data_streaming_dag.py
[2026-06-28T16:29:29.950+0000] {processor.py:914} INFO - Processing file /opt/airflow/dags/urban_data_streaming_dag.py for tasks to queue
[2026-06-28T16:29:29.956+0000] {logging_mixin.py:190} INFO - [2026-06-28T16:29:29.956+0000] {dagbag.py:588} INFO - Filling up the DagBag from /opt/airflow/dags/urban_data_streaming_dag.py
[2026-06-28T16:29:30.013+0000] {processor.py:925} INFO - DAG(s) 'urban_data_streaming_demo' retrieved from /opt/airflow/dags/urban_data_streaming_dag.py
[2026-06-28T16:29:30.069+0000] {logging_mixin.py:190} INFO - [2026-06-28T16:29:30.068+0000] {dag.py:3239} INFO - Sync 1 DAGs
[2026-06-28T16:29:30.087+0000] {logging_mixin.py:190} INFO - [2026-06-28T16:29:30.087+0000] {dag.py:4180} INFO - Setting next_dagrun for urban_data_streaming_demo to None, run_after=None
[2026-06-28T16:29:30.121+0000] {processor.py:208} INFO - Processing /opt/airflow/dags/urban_data_streaming_dag.py took 0.181 seconds
[2026-06-28T16:30:00.335+0000] {processor.py:186} INFO - Started process (PID=1138) to work on /opt/airflow/dags/urban_data_streaming_dag.py
[2026-06-28T16:30:00.338+0000] {processor.py:914} INFO - Processing file /opt/airflow/dags/urban_data_streaming_dag.py for tasks to queue
[2026-06-28T16:30:00.344+0000] {logging_mixin.py:190} INFO - [2026-06-28T16:30:00.344+0000] {dagbag.py:588} INFO - Filling up the DagBag from /opt/airflow/dags/urban_data_streaming_dag.py
[2026-06-28T16:30:00.460+0000] {processor.py:925} INFO - DAG(s) 'urban_data_streaming_demo' retrieved from /opt/airflow/dags/urban_data_streaming_dag.py
[2026-06-28T16:30:00.516+0000] {logging_mixin.py:190} INFO - [2026-06-28T16:30:00.515+0000] {dag.py:3239} INFO - Sync 1 DAGs
[2026-06-28T16:30:00.535+0000] {logging_mixin.py:190} INFO - [2026-06-28T16:30:00.534+0000] {dag.py:4180} INFO - Setting next_dagrun for urban_data_streaming_demo to None, run_after=None
[2026-06-28T16:30:00.572+0000] {processor.py:208} INFO - Processing /opt/airflow/dags/urban_data_streaming_dag.py took 0.247 seconds
[2026-06-28T16:30:31.002+0000] {processor.py:186} INFO - Started process (PID=1168) to work on /opt/airflow/dags/urban_data_streaming_dag.py
[2026-06-28T16:30:31.004+0000] {processor.py:914} INFO - Processing file /opt/airflow/dags/urban_data_streaming_dag.py for tasks to queue
[2026-06-28T16:30:31.008+0000] {logging_mixin.py:190} INFO - [2026-06-28T16:30:31.008+0000] {dagbag.py:588} INFO - Filling up the DagBag from /opt/airflow/dags/urban_data_streaming_dag.py
[2026-06-28T16:30:31.081+0000] {processor.py:925} INFO - DAG(s) 'urban_data_streaming_demo' retrieved from /opt/airflow/dags/urban_data_streaming_dag.py
[2026-06-28T16:30:31.120+0000] {logging_mixin.py:190} INFO - [2026-06-28T16:30:31.120+0000] {dag.py:3239} INFO - Sync 1 DAGs
[2026-06-28T16:30:31.138+0000] {logging_mixin.py:190} INFO - [2026-06-28T16:30:31.138+0000] {dag.py:4180} INFO - Setting next_dagrun for urban_data_streaming_demo to None, run_after=None
[2026-06-28T16:30:31.171+0000] {processor.py:208} INFO - Processing /opt/airflow/dags/urban_data_streaming_dag.py took 0.176 seconds
[2026-06-28T16:31:01.677+0000] {processor.py:186} INFO - Started process (PID=1198) to work on /opt/airflow/dags/urban_data_streaming_dag.py
[2026-06-28T16:31:01.679+0000] {processor.py:914} INFO - Processing file /opt/airflow/dags/urban_data_streaming_dag.py for tasks to queue
[2026-06-28T16:31:01.683+0000] {logging_mixin.py:190} INFO - [2026-06-28T16:31:01.683+0000] {dagbag.py:588} INFO - Filling up the DagBag from /opt/airflow/dags/urban_data_streaming_dag.py
[2026-06-28T16:31:01.736+0000] {processor.py:925} INFO - DAG(s) 'urban_data_streaming_demo' retrieved from /opt/airflow/dags/urban_data_streaming_dag.py
[2026-06-28T16:31:01.780+0000] {logging_mixin.py:190} INFO - [2026-06-28T16:31:01.779+0000] {dag.py:3239} INFO - Sync 1 DAGs
[2026-06-28T16:31:01.802+0000] {logging_mixin.py:190} INFO - [2026-06-28T16:31:01.802+0000] {dag.py:4180} INFO - Setting next_dagrun for urban_data_streaming_demo to None, run_after=None
[2026-06-28T16:31:01.837+0000] {processor.py:208} INFO - Processing /opt/airflow/dags/urban_data_streaming_dag.py took 0.168 seconds
[2026-06-28T16:31:32.391+0000] {processor.py:186} INFO - Started process (PID=1228) to work on /opt/airflow/dags/urban_data_streaming_dag.py
[2026-06-28T16:31:32.394+0000] {processor.py:914} INFO - Processing file /opt/airflow/dags/urban_data_streaming_dag.py for tasks to queue
[2026-06-28T16:31:32.399+0000] {logging_mixin.py:190} INFO - [2026-06-28T16:31:32.398+0000] {dagbag.py:588} INFO - Filling up the DagBag from /opt/airflow/dags/urban_data_streaming_dag.py
[2026-06-28T16:31:32.475+0000] {processor.py:925} INFO - DAG(s) 'urban_data_streaming_demo' retrieved from /opt/airflow/dags/urban_data_streaming_dag.py
[2026-06-28T16:31:32.518+0000] {logging_mixin.py:190} INFO - [2026-06-28T16:31:32.518+0000] {dag.py:3239} INFO - Sync 1 DAGs
[2026-06-28T16:31:32.537+0000] {logging_mixin.py:190} INFO - [2026-06-28T16:31:32.537+0000] {dag.py:4180} INFO - Setting next_dagrun for urban_data_streaming_demo to None, run_after=None
[2026-06-28T16:31:32.567+0000] {processor.py:208} INFO - Processing /opt/airflow/dags/urban_data_streaming_dag.py took 0.185 seconds
[2026-06-28T16:32:02.792+0000] {processor.py:186} INFO - Started process (PID=1258) to work on /opt/airflow/dags/urban_data_streaming_dag.py
[2026-06-28T16:32:02.794+0000] {processor.py:914} INFO - Processing file /opt/airflow/dags/urban_data_streaming_dag.py for tasks to queue
[2026-06-28T16:32:02.798+0000] {logging_mixin.py:190} INFO - [2026-06-28T16:32:02.798+0000] {dagbag.py:588} INFO - Filling up the DagBag from /opt/airflow/dags/urban_data_streaming_dag.py
[2026-06-28T16:32:02.843+0000] {processor.py:925} INFO - DAG(s) 'urban_data_streaming_demo' retrieved from /opt/airflow/dags/urban_data_streaming_dag.py
[2026-06-28T16:32:02.896+0000] {logging_mixin.py:190} INFO - [2026-06-28T16:32:02.895+0000] {dag.py:3239} INFO - Sync 1 DAGs
[2026-06-28T16:32:02.920+0000] {logging_mixin.py:190} INFO - [2026-06-28T16:32:02.919+0000] {dag.py:4180} INFO - Setting next_dagrun for urban_data_streaming_demo to None, run_after=None
[2026-06-28T16:32:02.957+0000] {processor.py:208} INFO - Processing /opt/airflow/dags/urban_data_streaming_dag.py took 0.172 seconds
[2026-06-28T16:32:33.648+0000] {processor.py:186} INFO - Started process (PID=1279) to work on /opt/airflow/dags/urban_data_streaming_dag.py
[2026-06-28T16:32:33.651+0000] {processor.py:914} INFO - Processing file /opt/airflow/dags/urban_data_streaming_dag.py for tasks to queue
[2026-06-28T16:32:33.655+0000] {logging_mixin.py:190} INFO - [2026-06-28T16:32:33.655+0000] {dagbag.py:588} INFO - Filling up the DagBag from /opt/airflow/dags/urban_data_streaming_dag.py
[2026-06-28T16:32:33.734+0000] {processor.py:925} INFO - DAG(s) 'urban_data_streaming_demo' retrieved from /opt/airflow/dags/urban_data_streaming_dag.py
[2026-06-28T16:32:33.778+0000] {logging_mixin.py:190} INFO - [2026-06-28T16:32:33.778+0000] {dag.py:3239} INFO - Sync 1 DAGs
[2026-06-28T16:32:33.796+0000] {logging_mixin.py:190} INFO - [2026-06-28T16:32:33.796+0000] {dag.py:4180} INFO - Setting next_dagrun for urban_data_streaming_demo to None, run_after=None
[2026-06-28T16:32:33.828+0000] {processor.py:208} INFO - Processing /opt/airflow/dags/urban_data_streaming_dag.py took 0.191 seconds
[2026-06-28T16:33:04.556+0000] {processor.py:186} INFO - Started process (PID=1384) to work on /opt/airflow/dags/urban_data_streaming_dag.py
[2026-06-28T16:33:04.559+0000] {processor.py:914} INFO - Processing file /opt/airflow/dags/urban_data_streaming_dag.py for tasks to queue
[2026-06-28T16:33:04.564+0000] {logging_mixin.py:190} INFO - [2026-06-28T16:33:04.564+0000] {dagbag.py:588} INFO - Filling up the DagBag from /opt/airflow/dags/urban_data_streaming_dag.py
[2026-06-28T16:33:04.640+0000] {processor.py:925} INFO - DAG(s) 'urban_data_streaming_demo' retrieved from /opt/airflow/dags/urban_data_streaming_dag.py
[2026-06-28T16:33:04.686+0000] {logging_mixin.py:190} INFO - [2026-06-28T16:33:04.685+0000] {dag.py:3239} INFO - Sync 1 DAGs
[2026-06-28T16:33:04.705+0000] {logging_mixin.py:190} INFO - [2026-06-28T16:33:04.705+0000] {dag.py:4180} INFO - Setting next_dagrun for urban_data_streaming_demo to None, run_after=None
[2026-06-28T16:33:04.736+0000] {processor.py:208} INFO - Processing /opt/airflow/dags/urban_data_streaming_dag.py took 0.190 seconds
[2026-06-28T16:33:35.552+0000] {processor.py:186} INFO - Started process (PID=1395) to work on /opt/airflow/dags/urban_data_streaming_dag.py
[2026-06-28T16:33:35.553+0000] {processor.py:914} INFO - Processing file /opt/airflow/dags/urban_data_streaming_dag.py for tasks to queue
[2026-06-28T16:33:35.557+0000] {logging_mixin.py:190} INFO - [2026-06-28T16:33:35.556+0000] {dagbag.py:588} INFO - Filling up the DagBag from /opt/airflow/dags/urban_data_streaming_dag.py
[2026-06-28T16:33:35.596+0000] {processor.py:925} INFO - DAG(s) 'urban_data_streaming_demo' retrieved from /opt/airflow/dags/urban_data_streaming_dag.py
[2026-06-28T16:33:35.637+0000] {logging_mixin.py:190} INFO - [2026-06-28T16:33:35.637+0000] {dag.py:3239} INFO - Sync 1 DAGs
[2026-06-28T16:33:35.659+0000] {logging_mixin.py:190} INFO - [2026-06-28T16:33:35.659+0000] {dag.py:4180} INFO - Setting next_dagrun for urban_data_streaming_demo to None, run_after=None
[2026-06-28T16:33:35.689+0000] {processor.py:208} INFO - Processing /opt/airflow/dags/urban_data_streaming_dag.py took 0.144 seconds
[2026-06-28T16:34:06.439+0000] {processor.py:186} INFO - Started process (PID=1413) to work on /opt/airflow/dags/urban_data_streaming_dag.py
[2026-06-28T16:34:06.441+0000] {processor.py:914} INFO - Processing file /opt/airflow/dags/urban_data_streaming_dag.py for tasks to queue
[2026-06-28T16:34:06.447+0000] {logging_mixin.py:190} INFO - [2026-06-28T16:34:06.446+0000] {dagbag.py:588} INFO - Filling up the DagBag from /opt/airflow/dags/urban_data_streaming_dag.py
[2026-06-28T16:34:06.525+0000] {processor.py:925} INFO - DAG(s) 'urban_data_streaming_demo' retrieved from /opt/airflow/dags/urban_data_streaming_dag.py
[2026-06-28T16:34:06.599+0000] {logging_mixin.py:190} INFO - [2026-06-28T16:34:06.599+0000] {dag.py:3239} INFO - Sync 1 DAGs
[2026-06-28T16:34:06.628+0000] {logging_mixin.py:190} INFO - [2026-06-28T16:34:06.628+0000] {dag.py:4180} INFO - Setting next_dagrun for urban_data_streaming_demo to None, run_after=None
[2026-06-28T16:34:06.672+0000] {processor.py:208} INFO - Processing /opt/airflow/dags/urban_data_streaming_dag.py took 0.253 seconds
[2026-06-28T16:34:37.409+0000] {processor.py:186} INFO - Started process (PID=1453) to work on /opt/airflow/dags/urban_data_streaming_dag.py
[2026-06-28T16:34:37.410+0000] {processor.py:914} INFO - Processing file /opt/airflow/dags/urban_data_streaming_dag.py for tasks to queue
[2026-06-28T16:34:37.414+0000] {logging_mixin.py:190} INFO - [2026-06-28T16:34:37.414+0000] {dagbag.py:588} INFO - Filling up the DagBag from /opt/airflow/dags/urban_data_streaming_dag.py
[2026-06-28T16:34:37.459+0000] {processor.py:925} INFO - DAG(s) 'urban_data_streaming_demo' retrieved from /opt/airflow/dags/urban_data_streaming_dag.py
[2026-06-28T16:34:37.502+0000] {logging_mixin.py:190} INFO - [2026-06-28T16:34:37.502+0000] {dag.py:3239} INFO - Sync 1 DAGs
[2026-06-28T16:34:37.525+0000] {logging_mixin.py:190} INFO - [2026-06-28T16:34:37.524+0000] {dag.py:4180} INFO - Setting next_dagrun for urban_data_streaming_demo to None, run_after=None
[2026-06-28T16:34:37.569+0000] {processor.py:208} INFO - Processing /opt/airflow/dags/urban_data_streaming_dag.py took 0.167 seconds
[2026-06-28T16:35:08.366+0000] {processor.py:186} INFO - Started process (PID=1490) to work on /opt/airflow/dags/urban_data_streaming_dag.py
[2026-06-28T16:35:08.368+0000] {processor.py:914} INFO - Processing file /opt/airflow/dags/urban_data_streaming_dag.py for tasks to queue
[2026-06-28T16:35:08.372+0000] {logging_mixin.py:190} INFO - [2026-06-28T16:35:08.371+0000] {dagbag.py:588} INFO - Filling up the DagBag from /opt/airflow/dags/urban_data_streaming_dag.py
[2026-06-28T16:35:08.395+0000] {processor.py:925} INFO - DAG(s) 'urban_data_streaming_demo' retrieved from /opt/airflow/dags/urban_data_streaming_dag.py
[2026-06-28T16:35:08.430+0000] {logging_mixin.py:190} INFO - [2026-06-28T16:35:08.430+0000] {dag.py:3239} INFO - Sync 1 DAGs
[2026-06-28T16:35:08.446+0000] {logging_mixin.py:190} INFO - [2026-06-28T16:35:08.446+0000] {dag.py:4180} INFO - Setting next_dagrun for urban_data_streaming_demo to None, run_after=None
[2026-06-28T16:35:08.474+0000] {processor.py:208} INFO - Processing /opt/airflow/dags/urban_data_streaming_dag.py took 0.117 seconds
[2026-06-28T16:35:39.324+0000] {processor.py:186} INFO - Started process (PID=1520) to work on /opt/airflow/dags/urban_data_streaming_dag.py
[2026-06-28T16:35:39.327+0000] {processor.py:914} INFO - Processing file /opt/airflow/dags/urban_data_streaming_dag.py for tasks to queue
[2026-06-28T16:35:39.331+0000] {logging_mixin.py:190} INFO - [2026-06-28T16:35:39.330+0000] {dagbag.py:588} INFO - Filling up the DagBag from /opt/airflow/dags/urban_data_streaming_dag.py
[2026-06-28T16:35:39.356+0000] {processor.py:925} INFO - DAG(s) 'urban_data_streaming_demo' retrieved from /opt/airflow/dags/urban_data_streaming_dag.py
[2026-06-28T16:35:39.401+0000] {logging_mixin.py:190} INFO - [2026-06-28T16:35:39.401+0000] {dag.py:3239} INFO - Sync 1 DAGs
[2026-06-28T16:35:39.421+0000] {logging_mixin.py:190} INFO - [2026-06-28T16:35:39.421+0000] {dag.py:4180} INFO - Setting next_dagrun for urban_data_streaming_demo to None, run_after=None
[2026-06-28T16:35:39.453+0000] {processor.py:208} INFO - Processing /opt/airflow/dags/urban_data_streaming_dag.py took 0.139 seconds
[2026-06-28T16:36:09.954+0000] {processor.py:186} INFO - Started process (PID=1550) to work on /opt/airflow/dags/urban_data_streaming_dag.py
[2026-06-28T16:36:09.955+0000] {processor.py:914} INFO - Processing file /opt/airflow/dags/urban_data_streaming_dag.py for tasks to queue
[2026-06-28T16:36:09.961+0000] {logging_mixin.py:190} INFO - [2026-06-28T16:36:09.960+0000] {dagbag.py:588} INFO - Filling up the DagBag from /opt/airflow/dags/urban_data_streaming_dag.py
[2026-06-28T16:36:10.007+0000] {processor.py:925} INFO - DAG(s) 'urban_data_streaming_demo' retrieved from /opt/airflow/dags/urban_data_streaming_dag.py
[2026-06-28T16:36:10.047+0000] {logging_mixin.py:190} INFO - [2026-06-28T16:36:10.047+0000] {dag.py:3239} INFO - Sync 1 DAGs
[2026-06-28T16:36:10.068+0000] {logging_mixin.py:190} INFO - [2026-06-28T16:36:10.068+0000] {dag.py:4180} INFO - Setting next_dagrun for urban_data_streaming_demo to None, run_after=None
[2026-06-28T16:36:10.101+0000] {processor.py:208} INFO - Processing /opt/airflow/dags/urban_data_streaming_dag.py took 0.157 seconds
[2026-06-28T16:36:40.881+0000] {processor.py:186} INFO - Started process (PID=1580) to work on /opt/airflow/dags/urban_data_streaming_dag.py
[2026-06-28T16:36:40.883+0000] {processor.py:914} INFO - Processing file /opt/airflow/dags/urban_data_streaming_dag.py for tasks to queue
[2026-06-28T16:36:40.886+0000] {logging_mixin.py:190} INFO - [2026-06-28T16:36:40.886+0000] {dagbag.py:588} INFO - Filling up the DagBag from /opt/airflow/dags/urban_data_streaming_dag.py
[2026-06-28T16:36:40.931+0000] {processor.py:925} INFO - DAG(s) 'urban_data_streaming_demo' retrieved from /opt/airflow/dags/urban_data_streaming_dag.py
[2026-06-28T16:36:40.972+0000] {logging_mixin.py:190} INFO - [2026-06-28T16:36:40.972+0000] {dag.py:3239} INFO - Sync 1 DAGs
[2026-06-28T16:36:40.996+0000] {logging_mixin.py:190} INFO - [2026-06-28T16:36:40.996+0000] {dag.py:4180} INFO - Setting next_dagrun for urban_data_streaming_demo to None, run_after=None
[2026-06-28T16:36:41.046+0000] {processor.py:208} INFO - Processing /opt/airflow/dags/urban_data_streaming_dag.py took 0.173 seconds
[2026-06-28T16:37:11.215+0000] {processor.py:186} INFO - Started process (PID=1609) to work on /opt/airflow/dags/urban_data_streaming_dag.py
[2026-06-28T16:37:11.218+0000] {processor.py:914} INFO - Processing file /opt/airflow/dags/urban_data_streaming_dag.py for tasks to queue
[2026-06-28T16:37:11.222+0000] {logging_mixin.py:190} INFO - [2026-06-28T16:37:11.222+0000] {dagbag.py:588} INFO - Filling up the DagBag from /opt/airflow/dags/urban_data_streaming_dag.py
[2026-06-28T16:37:11.297+0000] {processor.py:925} INFO - DAG(s) 'urban_data_streaming_demo' retrieved from /opt/airflow/dags/urban_data_streaming_dag.py
[2026-06-28T16:37:11.339+0000] {logging_mixin.py:190} INFO - [2026-06-28T16:37:11.338+0000] {dag.py:3239} INFO - Sync 1 DAGs
[2026-06-28T16:37:11.360+0000] {logging_mixin.py:190} INFO - [2026-06-28T16:37:11.360+0000] {dag.py:4180} INFO - Setting next_dagrun for urban_data_streaming_demo to None, run_after=None
[2026-06-28T16:37:11.394+0000] {processor.py:208} INFO - Processing /opt/airflow/dags/urban_data_streaming_dag.py took 0.189 seconds
[2026-06-28T16:37:41.951+0000] {processor.py:186} INFO - Started process (PID=1632) to work on /opt/airflow/dags/urban_data_streaming_dag.py
[2026-06-28T16:37:41.954+0000] {processor.py:914} INFO - Processing file /opt/airflow/dags/urban_data_streaming_dag.py for tasks to queue
[2026-06-28T16:37:41.961+0000] {logging_mixin.py:190} INFO - [2026-06-28T16:37:41.961+0000] {dagbag.py:588} INFO - Filling up the DagBag from /opt/airflow/dags/urban_data_streaming_dag.py
[2026-06-28T16:37:42.015+0000] {processor.py:925} INFO - DAG(s) 'urban_data_streaming_demo' retrieved from /opt/airflow/dags/urban_data_streaming_dag.py
[2026-06-28T16:37:42.054+0000] {logging_mixin.py:190} INFO - [2026-06-28T16:37:42.054+0000] {dag.py:3239} INFO - Sync 1 DAGs
[2026-06-28T16:37:42.074+0000] {logging_mixin.py:190} INFO - [2026-06-28T16:37:42.074+0000] {dag.py:4180} INFO - Setting next_dagrun for urban_data_streaming_demo to None, run_after=None
[2026-06-28T16:37:42.115+0000] {processor.py:208} INFO - Processing /opt/airflow/dags/urban_data_streaming_dag.py took 0.175 seconds
[2026-06-28T16:38:12.763+0000] {processor.py:186} INFO - Started process (PID=1666) to work on /opt/airflow/dags/urban_data_streaming_dag.py
[2026-06-28T16:38:12.766+0000] {processor.py:914} INFO - Processing file /opt/airflow/dags/urban_data_streaming_dag.py for tasks to queue
[2026-06-28T16:38:12.772+0000] {logging_mixin.py:190} INFO - [2026-06-28T16:38:12.772+0000] {dagbag.py:588} INFO - Filling up the DagBag from /opt/airflow/dags/urban_data_streaming_dag.py
[2026-06-28T16:38:12.842+0000] {processor.py:925} INFO - DAG(s) 'urban_data_streaming_demo' retrieved from /opt/airflow/dags/urban_data_streaming_dag.py
[2026-06-28T16:38:12.883+0000] {logging_mixin.py:190} INFO - [2026-06-28T16:38:12.882+0000] {dag.py:3239} INFO - Sync 1 DAGs
[2026-06-28T16:38:12.902+0000] {logging_mixin.py:190} INFO - [2026-06-28T16:38:12.902+0000] {dag.py:4180} INFO - Setting next_dagrun for urban_data_streaming_demo to None, run_after=None
[2026-06-28T16:38:12.935+0000] {processor.py:208} INFO - Processing /opt/airflow/dags/urban_data_streaming_dag.py took 0.181 seconds
[2026-06-28T16:38:43.669+0000] {processor.py:186} INFO - Started process (PID=1696) to work on /opt/airflow/dags/urban_data_streaming_dag.py
[2026-06-28T16:38:43.673+0000] {processor.py:914} INFO - Processing file /opt/airflow/dags/urban_data_streaming_dag.py for tasks to queue
[2026-06-28T16:38:43.681+0000] {logging_mixin.py:190} INFO - [2026-06-28T16:38:43.680+0000] {dagbag.py:588} INFO - Filling up the DagBag from /opt/airflow/dags/urban_data_streaming_dag.py
[2026-06-28T16:38:43.760+0000] {processor.py:925} INFO - DAG(s) 'urban_data_streaming_demo' retrieved from /opt/airflow/dags/urban_data_streaming_dag.py
[2026-06-28T16:38:43.832+0000] {logging_mixin.py:190} INFO - [2026-06-28T16:38:43.832+0000] {dag.py:3239} INFO - Sync 1 DAGs
[2026-06-28T16:38:43.866+0000] {logging_mixin.py:190} INFO - [2026-06-28T16:38:43.866+0000] {dag.py:4180} INFO - Setting next_dagrun for urban_data_streaming_demo to None, run_after=None
[2026-06-28T16:38:43.911+0000] {processor.py:208} INFO - Processing /opt/airflow/dags/urban_data_streaming_dag.py took 0.264 seconds
[2026-06-28T16:39:14.058+0000] {processor.py:186} INFO - Started process (PID=1726) to work on /opt/airflow/dags/urban_data_streaming_dag.py
[2026-06-28T16:39:14.060+0000] {processor.py:914} INFO - Processing file /opt/airflow/dags/urban_data_streaming_dag.py for tasks to queue
[2026-06-28T16:39:14.064+0000] {logging_mixin.py:190} INFO - [2026-06-28T16:39:14.063+0000] {dagbag.py:588} INFO - Filling up the DagBag from /opt/airflow/dags/urban_data_streaming_dag.py
[2026-06-28T16:39:14.109+0000] {processor.py:925} INFO - DAG(s) 'urban_data_streaming_demo' retrieved from /opt/airflow/dags/urban_data_streaming_dag.py
[2026-06-28T16:39:14.147+0000] {logging_mixin.py:190} INFO - [2026-06-28T16:39:14.146+0000] {dag.py:3239} INFO - Sync 1 DAGs
[2026-06-28T16:39:14.164+0000] {logging_mixin.py:190} INFO - [2026-06-28T16:39:14.164+0000] {dag.py:4180} INFO - Setting next_dagrun for urban_data_streaming_demo to None, run_after=None
[2026-06-28T16:39:14.194+0000] {processor.py:208} INFO - Processing /opt/airflow/dags/urban_data_streaming_dag.py took 0.143 seconds
[2026-06-28T16:39:44.799+0000] {processor.py:186} INFO - Started process (PID=1756) to work on /opt/airflow/dags/urban_data_streaming_dag.py
[2026-06-28T16:39:44.802+0000] {processor.py:914} INFO - Processing file /opt/airflow/dags/urban_data_streaming_dag.py for tasks to queue
[2026-06-28T16:39:44.807+0000] {logging_mixin.py:190} INFO - [2026-06-28T16:39:44.806+0000] {dagbag.py:588} INFO - Filling up the DagBag from /opt/airflow/dags/urban_data_streaming_dag.py
[2026-06-28T16:39:44.871+0000] {processor.py:925} INFO - DAG(s) 'urban_data_streaming_demo' retrieved from /opt/airflow/dags/urban_data_streaming_dag.py
[2026-06-28T16:39:44.961+0000] {logging_mixin.py:190} INFO - [2026-06-28T16:39:44.960+0000] {dag.py:3239} INFO - Sync 1 DAGs
[2026-06-28T16:39:44.993+0000] {logging_mixin.py:190} INFO - [2026-06-28T16:39:44.992+0000] {dag.py:4180} INFO - Setting next_dagrun for urban_data_streaming_demo to None, run_after=None
[2026-06-28T16:39:45.063+0000] {processor.py:208} INFO - Processing /opt/airflow/dags/urban_data_streaming_dag.py took 0.273 seconds
[2026-06-28T16:40:15.198+0000] {processor.py:186} INFO - Started process (PID=1786) to work on /opt/airflow/dags/urban_data_streaming_dag.py
[2026-06-28T16:40:15.201+0000] {processor.py:914} INFO - Processing file /opt/airflow/dags/urban_data_streaming_dag.py for tasks to queue
[2026-06-28T16:40:15.206+0000] {logging_mixin.py:190} INFO - [2026-06-28T16:40:15.205+0000] {dagbag.py:588} INFO - Filling up the DagBag from /opt/airflow/dags/urban_data_streaming_dag.py
[2026-06-28T16:40:15.281+0000] {processor.py:925} INFO - DAG(s) 'urban_data_streaming_demo' retrieved from /opt/airflow/dags/urban_data_streaming_dag.py
[2026-06-28T16:40:15.321+0000] {logging_mixin.py:190} INFO - [2026-06-28T16:40:15.320+0000] {dag.py:3239} INFO - Sync 1 DAGs
[2026-06-28T16:40:15.340+0000] {logging_mixin.py:190} INFO - [2026-06-28T16:40:15.340+0000] {dag.py:4180} INFO - Setting next_dagrun for urban_data_streaming_demo to None, run_after=None
[2026-06-28T16:40:15.380+0000] {processor.py:208} INFO - Processing /opt/airflow/dags/urban_data_streaming_dag.py took 0.189 seconds
[2026-06-28T16:40:45.944+0000] {processor.py:186} INFO - Started process (PID=1816) to work on /opt/airflow/dags/urban_data_streaming_dag.py
[2026-06-28T16:40:45.947+0000] {processor.py:914} INFO - Processing file /opt/airflow/dags/urban_data_streaming_dag.py for tasks to queue
[2026-06-28T16:40:45.950+0000] {logging_mixin.py:190} INFO - [2026-06-28T16:40:45.950+0000] {dagbag.py:588} INFO - Filling up the DagBag from /opt/airflow/dags/urban_data_streaming_dag.py
[2026-06-28T16:40:46.001+0000] {processor.py:925} INFO - DAG(s) 'urban_data_streaming_demo' retrieved from /opt/airflow/dags/urban_data_streaming_dag.py
[2026-06-28T16:40:46.042+0000] {logging_mixin.py:190} INFO - [2026-06-28T16:40:46.041+0000] {dag.py:3239} INFO - Sync 1 DAGs
[2026-06-28T16:40:46.062+0000] {logging_mixin.py:190} INFO - [2026-06-28T16:40:46.062+0000] {dag.py:4180} INFO - Setting next_dagrun for urban_data_streaming_demo to None, run_after=None
[2026-06-28T16:40:46.096+0000] {processor.py:208} INFO - Processing /opt/airflow/dags/urban_data_streaming_dag.py took 0.159 seconds
[2026-06-28T16:41:16.690+0000] {processor.py:186} INFO - Started process (PID=1845) to work on /opt/airflow/dags/urban_data_streaming_dag.py
[2026-06-28T16:41:16.692+0000] {processor.py:914} INFO - Processing file /opt/airflow/dags/urban_data_streaming_dag.py for tasks to queue
[2026-06-28T16:41:16.697+0000] {logging_mixin.py:190} INFO - [2026-06-28T16:41:16.697+0000] {dagbag.py:588} INFO - Filling up the DagBag from /opt/airflow/dags/urban_data_streaming_dag.py
[2026-06-28T16:41:16.756+0000] {processor.py:925} INFO - DAG(s) 'urban_data_streaming_demo' retrieved from /opt/airflow/dags/urban_data_streaming_dag.py
[2026-06-28T16:41:16.800+0000] {logging_mixin.py:190} INFO - [2026-06-28T16:41:16.799+0000] {dag.py:3239} INFO - Sync 1 DAGs
[2026-06-28T16:41:16.818+0000] {logging_mixin.py:190} INFO - [2026-06-28T16:41:16.818+0000] {dag.py:4180} INFO - Setting next_dagrun for urban_data_streaming_demo to None, run_after=None
[2026-06-28T16:41:16.850+0000] {processor.py:208} INFO - Processing /opt/airflow/dags/urban_data_streaming_dag.py took 0.171 seconds
[2026-06-28T16:41:47.582+0000] {processor.py:186} INFO - Started process (PID=1949) to work on /opt/airflow/dags/urban_data_streaming_dag.py
[2026-06-28T16:41:47.585+0000] {processor.py:914} INFO - Processing file /opt/airflow/dags/urban_data_streaming_dag.py for tasks to queue
[2026-06-28T16:41:47.589+0000] {logging_mixin.py:190} INFO - [2026-06-28T16:41:47.588+0000] {dagbag.py:588} INFO - Filling up the DagBag from /opt/airflow/dags/urban_data_streaming_dag.py
[2026-06-28T16:41:47.639+0000] {processor.py:925} INFO - DAG(s) 'urban_data_streaming_demo' retrieved from /opt/airflow/dags/urban_data_streaming_dag.py
[2026-06-28T16:41:47.680+0000] {logging_mixin.py:190} INFO - [2026-06-28T16:41:47.680+0000] {dag.py:3239} INFO - Sync 1 DAGs
[2026-06-28T16:41:47.699+0000] {logging_mixin.py:190} INFO - [2026-06-28T16:41:47.698+0000] {dag.py:4180} INFO - Setting next_dagrun for urban_data_streaming_demo to None, run_after=None
[2026-06-28T16:41:47.732+0000] {processor.py:208} INFO - Processing /opt/airflow/dags/urban_data_streaming_dag.py took 0.157 seconds
[2026-06-28T16:42:18.178+0000] {processor.py:186} INFO - Started process (PID=1984) to work on /opt/airflow/dags/urban_data_streaming_dag.py
[2026-06-28T16:42:18.185+0000] {processor.py:914} INFO - Processing file /opt/airflow/dags/urban_data_streaming_dag.py for tasks to queue
[2026-06-28T16:42:18.202+0000] {logging_mixin.py:190} INFO - [2026-06-28T16:42:18.200+0000] {dagbag.py:588} INFO - Filling up the DagBag from /opt/airflow/dags/urban_data_streaming_dag.py
[2026-06-28T16:42:18.281+0000] {processor.py:925} INFO - DAG(s) 'urban_data_streaming_demo' retrieved from /opt/airflow/dags/urban_data_streaming_dag.py
[2026-06-28T16:42:18.341+0000] {logging_mixin.py:190} INFO - [2026-06-28T16:42:18.341+0000] {dag.py:3239} INFO - Sync 1 DAGs
[2026-06-28T16:42:18.372+0000] {logging_mixin.py:190} INFO - [2026-06-28T16:42:18.371+0000] {dag.py:4180} INFO - Setting next_dagrun for urban_data_streaming_demo to None, run_after=None
[2026-06-28T16:42:18.423+0000] {processor.py:208} INFO - Processing /opt/airflow/dags/urban_data_streaming_dag.py took 0.290 seconds
[2026-06-28T16:42:48.776+0000] {processor.py:186} INFO - Started process (PID=2010) to work on /opt/airflow/dags/urban_data_streaming_dag.py
[2026-06-28T16:42:48.780+0000] {processor.py:914} INFO - Processing file /opt/airflow/dags/urban_data_streaming_dag.py for tasks to queue
[2026-06-28T16:42:48.789+0000] {logging_mixin.py:190} INFO - [2026-06-28T16:42:48.787+0000] {dagbag.py:588} INFO - Filling up the DagBag from /opt/airflow/dags/urban_data_streaming_dag.py
[2026-06-28T16:42:48.883+0000] {processor.py:925} INFO - DAG(s) 'urban_data_streaming_demo' retrieved from /opt/airflow/dags/urban_data_streaming_dag.py
[2026-06-28T16:42:48.952+0000] {logging_mixin.py:190} INFO - [2026-06-28T16:42:48.952+0000] {dag.py:3239} INFO - Sync 1 DAGs
[2026-06-28T16:42:48.974+0000] {logging_mixin.py:190} INFO - [2026-06-28T16:42:48.974+0000] {dag.py:4180} INFO - Setting next_dagrun for urban_data_streaming_demo to None, run_after=None
[2026-06-28T16:42:49.017+0000] {processor.py:208} INFO - Processing /opt/airflow/dags/urban_data_streaming_dag.py took 0.270 seconds
[2026-06-28T16:43:19.649+0000] {processor.py:186} INFO - Started process (PID=2028) to work on /opt/airflow/dags/urban_data_streaming_dag.py
[2026-06-28T16:43:19.651+0000] {processor.py:914} INFO - Processing file /opt/airflow/dags/urban_data_streaming_dag.py for tasks to queue
[2026-06-28T16:43:19.655+0000] {logging_mixin.py:190} INFO - [2026-06-28T16:43:19.654+0000] {dagbag.py:588} INFO - Filling up the DagBag from /opt/airflow/dags/urban_data_streaming_dag.py
[2026-06-28T16:43:19.698+0000] {processor.py:925} INFO - DAG(s) 'urban_data_streaming_demo' retrieved from /opt/airflow/dags/urban_data_streaming_dag.py
[2026-06-28T16:43:19.738+0000] {logging_mixin.py:190} INFO - [2026-06-28T16:43:19.738+0000] {dag.py:3239} INFO - Sync 1 DAGs
[2026-06-28T16:43:19.761+0000] {logging_mixin.py:190} INFO - [2026-06-28T16:43:19.761+0000] {dag.py:4180} INFO - Setting next_dagrun for urban_data_streaming_demo to None, run_after=None
[2026-06-28T16:43:19.805+0000] {processor.py:208} INFO - Processing /opt/airflow/dags/urban_data_streaming_dag.py took 0.164 seconds
[2026-06-28T16:43:50.034+0000] {processor.py:186} INFO - Started process (PID=2046) to work on /opt/airflow/dags/urban_data_streaming_dag.py
[2026-06-28T16:43:50.036+0000] {processor.py:914} INFO - Processing file /opt/airflow/dags/urban_data_streaming_dag.py for tasks to queue
[2026-06-28T16:43:50.041+0000] {logging_mixin.py:190} INFO - [2026-06-28T16:43:50.040+0000] {dagbag.py:588} INFO - Filling up the DagBag from /opt/airflow/dags/urban_data_streaming_dag.py
[2026-06-28T16:43:50.109+0000] {processor.py:925} INFO - DAG(s) 'urban_data_streaming_demo' retrieved from /opt/airflow/dags/urban_data_streaming_dag.py
[2026-06-28T16:43:50.161+0000] {logging_mixin.py:190} INFO - [2026-06-28T16:43:50.161+0000] {dag.py:3239} INFO - Sync 1 DAGs
[2026-06-28T16:43:50.178+0000] {logging_mixin.py:190} INFO - [2026-06-28T16:43:50.178+0000] {dag.py:4180} INFO - Setting next_dagrun for urban_data_streaming_demo to None, run_after=None
[2026-06-28T16:43:50.213+0000] {processor.py:208} INFO - Processing /opt/airflow/dags/urban_data_streaming_dag.py took 0.189 seconds
[2026-06-28T16:44:20.628+0000] {processor.py:186} INFO - Started process (PID=2064) to work on /opt/airflow/dags/urban_data_streaming_dag.py
[2026-06-28T16:44:20.630+0000] {processor.py:914} INFO - Processing file /opt/airflow/dags/urban_data_streaming_dag.py for tasks to queue
[2026-06-28T16:44:20.633+0000] {logging_mixin.py:190} INFO - [2026-06-28T16:44:20.633+0000] {dagbag.py:588} INFO - Filling up the DagBag from /opt/airflow/dags/urban_data_streaming_dag.py
[2026-06-28T16:44:20.673+0000] {processor.py:925} INFO - DAG(s) 'urban_data_streaming_demo' retrieved from /opt/airflow/dags/urban_data_streaming_dag.py
[2026-06-28T16:44:20.719+0000] {logging_mixin.py:190} INFO - [2026-06-28T16:44:20.719+0000] {dag.py:3239} INFO - Sync 1 DAGs
[2026-06-28T16:44:20.736+0000] {logging_mixin.py:190} INFO - [2026-06-28T16:44:20.736+0000] {dag.py:4180} INFO - Setting next_dagrun for urban_data_streaming_demo to None, run_after=None
[2026-06-28T16:44:20.767+0000] {processor.py:208} INFO - Processing /opt/airflow/dags/urban_data_streaming_dag.py took 0.146 seconds
[2026-06-28T16:44:51.157+0000] {processor.py:186} INFO - Started process (PID=2082) to work on /opt/airflow/dags/urban_data_streaming_dag.py
[2026-06-28T16:44:51.159+0000] {processor.py:914} INFO - Processing file /opt/airflow/dags/urban_data_streaming_dag.py for tasks to queue
[2026-06-28T16:44:51.166+0000] {logging_mixin.py:190} INFO - [2026-06-28T16:44:51.165+0000] {dagbag.py:588} INFO - Filling up the DagBag from /opt/airflow/dags/urban_data_streaming_dag.py
[2026-06-28T16:44:51.232+0000] {processor.py:925} INFO - DAG(s) 'urban_data_streaming_demo' retrieved from /opt/airflow/dags/urban_data_streaming_dag.py
[2026-06-28T16:44:51.284+0000] {logging_mixin.py:190} INFO - [2026-06-28T16:44:51.284+0000] {dag.py:3239} INFO - Sync 1 DAGs
[2026-06-28T16:44:51.302+0000] {logging_mixin.py:190} INFO - [2026-06-28T16:44:51.302+0000] {dag.py:4180} INFO - Setting next_dagrun for urban_data_streaming_demo to None, run_after=None
[2026-06-28T16:44:51.332+0000] {processor.py:208} INFO - Processing /opt/airflow/dags/urban_data_streaming_dag.py took 0.191 seconds
[2026-06-28T16:45:22.099+0000] {processor.py:186} INFO - Started process (PID=2099) to work on /opt/airflow/dags/urban_data_streaming_dag.py
[2026-06-28T16:45:22.102+0000] {processor.py:914} INFO - Processing file /opt/airflow/dags/urban_data_streaming_dag.py for tasks to queue
[2026-06-28T16:45:22.109+0000] {logging_mixin.py:190} INFO - [2026-06-28T16:45:22.108+0000] {dagbag.py:588} INFO - Filling up the DagBag from /opt/airflow/dags/urban_data_streaming_dag.py
[2026-06-28T16:45:22.187+0000] {processor.py:925} INFO - DAG(s) 'urban_data_streaming_demo' retrieved from /opt/airflow/dags/urban_data_streaming_dag.py
[2026-06-28T16:45:22.228+0000] {logging_mixin.py:190} INFO - [2026-06-28T16:45:22.228+0000] {dag.py:3239} INFO - Sync 1 DAGs
[2026-06-28T16:45:22.247+0000] {logging_mixin.py:190} INFO - [2026-06-28T16:45:22.247+0000] {dag.py:4180} INFO - Setting next_dagrun for urban_data_streaming_demo to None, run_after=None
[2026-06-28T16:45:22.277+0000] {processor.py:208} INFO - Processing /opt/airflow/dags/urban_data_streaming_dag.py took 0.188 seconds
[2026-06-28T16:45:52.813+0000] {processor.py:186} INFO - Started process (PID=2110) to work on /opt/airflow/dags/urban_data_streaming_dag.py
[2026-06-28T16:45:52.815+0000] {processor.py:914} INFO - Processing file /opt/airflow/dags/urban_data_streaming_dag.py for tasks to queue
[2026-06-28T16:45:52.819+0000] {logging_mixin.py:190} INFO - [2026-06-28T16:45:52.818+0000] {dagbag.py:588} INFO - Filling up the DagBag from /opt/airflow/dags/urban_data_streaming_dag.py
[2026-06-28T16:45:52.857+0000] {processor.py:925} INFO - DAG(s) 'urban_data_streaming_demo' retrieved from /opt/airflow/dags/urban_data_streaming_dag.py
[2026-06-28T16:45:52.900+0000] {logging_mixin.py:190} INFO - [2026-06-28T16:45:52.900+0000] {dag.py:3239} INFO - Sync 1 DAGs
[2026-06-28T16:45:52.926+0000] {logging_mixin.py:190} INFO - [2026-06-28T16:45:52.926+0000] {dag.py:4180} INFO - Setting next_dagrun for urban_data_streaming_demo to None, run_after=None
[2026-06-28T16:45:52.975+0000] {processor.py:208} INFO - Processing /opt/airflow/dags/urban_data_streaming_dag.py took 0.169 seconds
[2026-06-28T16:46:23.553+0000] {processor.py:186} INFO - Started process (PID=2128) to work on /opt/airflow/dags/urban_data_streaming_dag.py
[2026-06-28T16:46:23.555+0000] {processor.py:914} INFO - Processing file /opt/airflow/dags/urban_data_streaming_dag.py for tasks to queue
[2026-06-28T16:46:23.559+0000] {logging_mixin.py:190} INFO - [2026-06-28T16:46:23.559+0000] {dagbag.py:588} INFO - Filling up the DagBag from /opt/airflow/dags/urban_data_streaming_dag.py
[2026-06-28T16:46:23.586+0000] {processor.py:925} INFO - DAG(s) 'urban_data_streaming_demo' retrieved from /opt/airflow/dags/urban_data_streaming_dag.py
[2026-06-28T16:46:23.624+0000] {logging_mixin.py:190} INFO - [2026-06-28T16:46:23.624+0000] {dag.py:3239} INFO - Sync 1 DAGs
[2026-06-28T16:46:23.646+0000] {logging_mixin.py:190} INFO - [2026-06-28T16:46:23.645+0000] {dag.py:4180} INFO - Setting next_dagrun for urban_data_streaming_demo to None, run_after=None
[2026-06-28T16:46:23.674+0000] {processor.py:208} INFO - Processing /opt/airflow/dags/urban_data_streaming_dag.py took 0.131 seconds
[2026-06-28T16:46:54.396+0000] {processor.py:186} INFO - Started process (PID=2146) to work on /opt/airflow/dags/urban_data_streaming_dag.py
[2026-06-28T16:46:54.398+0000] {processor.py:914} INFO - Processing file /opt/airflow/dags/urban_data_streaming_dag.py for tasks to queue
[2026-06-28T16:46:54.403+0000] {logging_mixin.py:190} INFO - [2026-06-28T16:46:54.403+0000] {dagbag.py:588} INFO - Filling up the DagBag from /opt/airflow/dags/urban_data_streaming_dag.py
[2026-06-28T16:46:54.482+0000] {processor.py:925} INFO - DAG(s) 'urban_data_streaming_demo' retrieved from /opt/airflow/dags/urban_data_streaming_dag.py
[2026-06-28T16:46:54.529+0000] {logging_mixin.py:190} INFO - [2026-06-28T16:46:54.528+0000] {dag.py:3239} INFO - Sync 1 DAGs
[2026-06-28T16:46:54.550+0000] {logging_mixin.py:190} INFO - [2026-06-28T16:46:54.550+0000] {dag.py:4180} INFO - Setting next_dagrun for urban_data_streaming_demo to None, run_after=None
[2026-06-28T16:46:54.589+0000] {processor.py:208} INFO - Processing /opt/airflow/dags/urban_data_streaming_dag.py took 0.200 seconds
[2026-06-28T16:47:24.887+0000] {processor.py:186} INFO - Started process (PID=2164) to work on /opt/airflow/dags/urban_data_streaming_dag.py
[2026-06-28T16:47:24.889+0000] {processor.py:914} INFO - Processing file /opt/airflow/dags/urban_data_streaming_dag.py for tasks to queue
[2026-06-28T16:47:24.895+0000] {logging_mixin.py:190} INFO - [2026-06-28T16:47:24.894+0000] {dagbag.py:588} INFO - Filling up the DagBag from /opt/airflow/dags/urban_data_streaming_dag.py
[2026-06-28T16:47:24.947+0000] {processor.py:925} INFO - DAG(s) 'urban_data_streaming_demo' retrieved from /opt/airflow/dags/urban_data_streaming_dag.py
[2026-06-28T16:47:24.993+0000] {logging_mixin.py:190} INFO - [2026-06-28T16:47:24.993+0000] {dag.py:3239} INFO - Sync 1 DAGs
[2026-06-28T16:47:25.013+0000] {logging_mixin.py:190} INFO - [2026-06-28T16:47:25.012+0000] {dag.py:4180} INFO - Setting next_dagrun for urban_data_streaming_demo to None, run_after=None
[2026-06-28T16:47:25.043+0000] {processor.py:208} INFO - Processing /opt/airflow/dags/urban_data_streaming_dag.py took 0.169 seconds
[2026-06-28T16:47:55.864+0000] {processor.py:186} INFO - Started process (PID=2182) to work on /opt/airflow/dags/urban_data_streaming_dag.py
[2026-06-28T16:47:55.866+0000] {processor.py:914} INFO - Processing file /opt/airflow/dags/urban_data_streaming_dag.py for tasks to queue
[2026-06-28T16:47:55.871+0000] {logging_mixin.py:190} INFO - [2026-06-28T16:47:55.870+0000] {dagbag.py:588} INFO - Filling up the DagBag from /opt/airflow/dags/urban_data_streaming_dag.py
[2026-06-28T16:47:55.940+0000] {processor.py:925} INFO - DAG(s) 'urban_data_streaming_demo' retrieved from /opt/airflow/dags/urban_data_streaming_dag.py
[2026-06-28T16:47:55.992+0000] {logging_mixin.py:190} INFO - [2026-06-28T16:47:55.991+0000] {dag.py:3239} INFO - Sync 1 DAGs
[2026-06-28T16:47:56.015+0000] {logging_mixin.py:190} INFO - [2026-06-28T16:47:56.015+0000] {dag.py:4180} INFO - Setting next_dagrun for urban_data_streaming_demo to None, run_after=None
[2026-06-28T16:47:56.117+0000] {processor.py:208} INFO - Processing /opt/airflow/dags/urban_data_streaming_dag.py took 0.263 seconds
[2026-06-28T16:48:26.585+0000] {processor.py:186} INFO - Started process (PID=2200) to work on /opt/airflow/dags/urban_data_streaming_dag.py
[2026-06-28T16:48:26.587+0000] {processor.py:914} INFO - Processing file /opt/airflow/dags/urban_data_streaming_dag.py for tasks to queue
[2026-06-28T16:48:26.590+0000] {logging_mixin.py:190} INFO - [2026-06-28T16:48:26.590+0000] {dagbag.py:588} INFO - Filling up the DagBag from /opt/airflow/dags/urban_data_streaming_dag.py
[2026-06-28T16:48:26.635+0000] {processor.py:925} INFO - DAG(s) 'urban_data_streaming_demo' retrieved from /opt/airflow/dags/urban_data_streaming_dag.py
[2026-06-28T16:48:26.675+0000] {logging_mixin.py:190} INFO - [2026-06-28T16:48:26.675+0000] {dag.py:3239} INFO - Sync 1 DAGs
[2026-06-28T16:48:26.697+0000] {logging_mixin.py:190} INFO - [2026-06-28T16:48:26.697+0000] {dag.py:4180} INFO - Setting next_dagrun for urban_data_streaming_demo to None, run_after=None
[2026-06-28T16:48:26.724+0000] {processor.py:208} INFO - Processing /opt/airflow/dags/urban_data_streaming_dag.py took 0.146 seconds
[2026-06-28T16:48:56.913+0000] {processor.py:186} INFO - Started process (PID=2218) to work on /opt/airflow/dags/urban_data_streaming_dag.py
[2026-06-28T16:48:56.916+0000] {processor.py:914} INFO - Processing file /opt/airflow/dags/urban_data_streaming_dag.py for tasks to queue
[2026-06-28T16:48:56.922+0000] {logging_mixin.py:190} INFO - [2026-06-28T16:48:56.921+0000] {dagbag.py:588} INFO - Filling up the DagBag from /opt/airflow/dags/urban_data_streaming_dag.py
[2026-06-28T16:48:56.984+0000] {processor.py:925} INFO - DAG(s) 'urban_data_streaming_demo' retrieved from /opt/airflow/dags/urban_data_streaming_dag.py
[2026-06-28T16:48:57.033+0000] {logging_mixin.py:190} INFO - [2026-06-28T16:48:57.033+0000] {dag.py:3239} INFO - Sync 1 DAGs
[2026-06-28T16:48:57.059+0000] {logging_mixin.py:190} INFO - [2026-06-28T16:48:57.059+0000] {dag.py:4180} INFO - Setting next_dagrun for urban_data_streaming_demo to None, run_after=None
[2026-06-28T16:48:57.130+0000] {processor.py:208} INFO - Processing /opt/airflow/dags/urban_data_streaming_dag.py took 0.229 seconds
[2026-06-28T16:49:27.468+0000] {processor.py:186} INFO - Started process (PID=2235) to work on /opt/airflow/dags/urban_data_streaming_dag.py
[2026-06-28T16:49:27.469+0000] {processor.py:914} INFO - Processing file /opt/airflow/dags/urban_data_streaming_dag.py for tasks to queue
[2026-06-28T16:49:27.473+0000] {logging_mixin.py:190} INFO - [2026-06-28T16:49:27.473+0000] {dagbag.py:588} INFO - Filling up the DagBag from /opt/airflow/dags/urban_data_streaming_dag.py
[2026-06-28T16:49:27.568+0000] {processor.py:925} INFO - DAG(s) 'urban_data_streaming_demo' retrieved from /opt/airflow/dags/urban_data_streaming_dag.py
[2026-06-28T16:49:27.623+0000] {logging_mixin.py:190} INFO - [2026-06-28T16:49:27.623+0000] {dag.py:3239} INFO - Sync 1 DAGs
[2026-06-28T16:49:27.641+0000] {logging_mixin.py:190} INFO - [2026-06-28T16:49:27.641+0000] {dag.py:4180} INFO - Setting next_dagrun for urban_data_streaming_demo to None, run_after=None
[2026-06-28T16:49:27.677+0000] {processor.py:208} INFO - Processing /opt/airflow/dags/urban_data_streaming_dag.py took 0.219 seconds
[2026-06-28T16:49:58.224+0000] {processor.py:186} INFO - Started process (PID=2246) to work on /opt/airflow/dags/urban_data_streaming_dag.py
[2026-06-28T16:49:58.228+0000] {processor.py:914} INFO - Processing file /opt/airflow/dags/urban_data_streaming_dag.py for tasks to queue
[2026-06-28T16:49:58.232+0000] {logging_mixin.py:190} INFO - [2026-06-28T16:49:58.232+0000] {dagbag.py:588} INFO - Filling up the DagBag from /opt/airflow/dags/urban_data_streaming_dag.py
[2026-06-28T16:49:58.315+0000] {processor.py:925} INFO - DAG(s) 'urban_data_streaming_demo' retrieved from /opt/airflow/dags/urban_data_streaming_dag.py
[2026-06-28T16:49:58.360+0000] {logging_mixin.py:190} INFO - [2026-06-28T16:49:58.360+0000] {dag.py:3239} INFO - Sync 1 DAGs
[2026-06-28T16:49:58.381+0000] {logging_mixin.py:190} INFO - [2026-06-28T16:49:58.381+0000] {dag.py:4180} INFO - Setting next_dagrun for urban_data_streaming_demo to None, run_after=None
[2026-06-28T16:49:58.444+0000] {processor.py:208} INFO - Processing /opt/airflow/dags/urban_data_streaming_dag.py took 0.231 seconds
[2026-06-28T16:50:28.939+0000] {processor.py:186} INFO - Started process (PID=2264) to work on /opt/airflow/dags/urban_data_streaming_dag.py
[2026-06-28T16:50:28.941+0000] {processor.py:914} INFO - Processing file /opt/airflow/dags/urban_data_streaming_dag.py for tasks to queue
[2026-06-28T16:50:28.945+0000] {logging_mixin.py:190} INFO - [2026-06-28T16:50:28.945+0000] {dagbag.py:588} INFO - Filling up the DagBag from /opt/airflow/dags/urban_data_streaming_dag.py
[2026-06-28T16:50:29.019+0000] {processor.py:925} INFO - DAG(s) 'urban_data_streaming_demo' retrieved from /opt/airflow/dags/urban_data_streaming_dag.py
[2026-06-28T16:50:29.062+0000] {logging_mixin.py:190} INFO - [2026-06-28T16:50:29.062+0000] {dag.py:3239} INFO - Sync 1 DAGs
[2026-06-28T16:50:29.080+0000] {logging_mixin.py:190} INFO - [2026-06-28T16:50:29.079+0000] {dag.py:4180} INFO - Setting next_dagrun for urban_data_streaming_demo to None, run_after=None
[2026-06-28T16:50:29.112+0000] {processor.py:208} INFO - Processing /opt/airflow/dags/urban_data_streaming_dag.py took 0.185 seconds
[2026-06-28T16:50:59.646+0000] {processor.py:186} INFO - Started process (PID=2282) to work on /opt/airflow/dags/urban_data_streaming_dag.py
[2026-06-28T16:50:59.651+0000] {processor.py:914} INFO - Processing file /opt/airflow/dags/urban_data_streaming_dag.py for tasks to queue
[2026-06-28T16:50:59.662+0000] {logging_mixin.py:190} INFO - [2026-06-28T16:50:59.661+0000] {dagbag.py:588} INFO - Filling up the DagBag from /opt/airflow/dags/urban_data_streaming_dag.py
[2026-06-28T16:50:59.823+0000] {processor.py:925} INFO - DAG(s) 'urban_data_streaming_demo' retrieved from /opt/airflow/dags/urban_data_streaming_dag.py
[2026-06-28T16:50:59.920+0000] {logging_mixin.py:190} INFO - [2026-06-28T16:50:59.920+0000] {dag.py:3239} INFO - Sync 1 DAGs
[2026-06-28T16:50:59.954+0000] {logging_mixin.py:190} INFO - [2026-06-28T16:50:59.953+0000] {dag.py:4180} INFO - Setting next_dagrun for urban_data_streaming_demo to None, run_after=None
[2026-06-28T16:51:00.055+0000] {processor.py:208} INFO - Processing /opt/airflow/dags/urban_data_streaming_dag.py took 0.438 seconds
[2026-06-28T16:51:30.513+0000] {processor.py:186} INFO - Started process (PID=2300) to work on /opt/airflow/dags/urban_data_streaming_dag.py
[2026-06-28T16:51:30.515+0000] {processor.py:914} INFO - Processing file /opt/airflow/dags/urban_data_streaming_dag.py for tasks to queue
[2026-06-28T16:51:30.520+0000] {logging_mixin.py:190} INFO - [2026-06-28T16:51:30.519+0000] {dagbag.py:588} INFO - Filling up the DagBag from /opt/airflow/dags/urban_data_streaming_dag.py
[2026-06-28T16:51:30.572+0000] {processor.py:925} INFO - DAG(s) 'urban_data_streaming_demo' retrieved from /opt/airflow/dags/urban_data_streaming_dag.py
[2026-06-28T16:51:30.617+0000] {logging_mixin.py:190} INFO - [2026-06-28T16:51:30.616+0000] {dag.py:3239} INFO - Sync 1 DAGs
[2026-06-28T16:51:30.644+0000] {logging_mixin.py:190} INFO - [2026-06-28T16:51:30.644+0000] {dag.py:4180} INFO - Setting next_dagrun for urban_data_streaming_demo to None, run_after=None
[2026-06-28T16:51:30.681+0000] {processor.py:208} INFO - Processing /opt/airflow/dags/urban_data_streaming_dag.py took 0.176 seconds
[2026-06-28T16:52:01.022+0000] {processor.py:186} INFO - Started process (PID=2318) to work on /opt/airflow/dags/urban_data_streaming_dag.py
[2026-06-28T16:52:01.024+0000] {processor.py:914} INFO - Processing file /opt/airflow/dags/urban_data_streaming_dag.py for tasks to queue
[2026-06-28T16:52:01.028+0000] {logging_mixin.py:190} INFO - [2026-06-28T16:52:01.028+0000] {dagbag.py:588} INFO - Filling up the DagBag from /opt/airflow/dags/urban_data_streaming_dag.py
[2026-06-28T16:52:01.071+0000] {processor.py:925} INFO - DAG(s) 'urban_data_streaming_demo' retrieved from /opt/airflow/dags/urban_data_streaming_dag.py
[2026-06-28T16:52:01.112+0000] {logging_mixin.py:190} INFO - [2026-06-28T16:52:01.112+0000] {dag.py:3239} INFO - Sync 1 DAGs
[2026-06-28T16:52:01.131+0000] {logging_mixin.py:190} INFO - [2026-06-28T16:52:01.131+0000] {dag.py:4180} INFO - Setting next_dagrun for urban_data_streaming_demo to None, run_after=None
[2026-06-28T16:52:01.166+0000] {processor.py:208} INFO - Processing /opt/airflow/dags/urban_data_streaming_dag.py took 0.154 seconds
[2026-06-28T16:52:31.457+0000] {processor.py:186} INFO - Started process (PID=2336) to work on /opt/airflow/dags/urban_data_streaming_dag.py
[2026-06-28T16:52:31.459+0000] {processor.py:914} INFO - Processing file /opt/airflow/dags/urban_data_streaming_dag.py for tasks to queue
[2026-06-28T16:52:31.465+0000] {logging_mixin.py:190} INFO - [2026-06-28T16:52:31.465+0000] {dagbag.py:588} INFO - Filling up the DagBag from /opt/airflow/dags/urban_data_streaming_dag.py
[2026-06-28T16:52:31.490+0000] {processor.py:925} INFO - DAG(s) 'urban_data_streaming_demo' retrieved from /opt/airflow/dags/urban_data_streaming_dag.py
[2026-06-28T16:52:31.528+0000] {logging_mixin.py:190} INFO - [2026-06-28T16:52:31.528+0000] {dag.py:3239} INFO - Sync 1 DAGs
[2026-06-28T16:52:31.547+0000] {logging_mixin.py:190} INFO - [2026-06-28T16:52:31.547+0000] {dag.py:4180} INFO - Setting next_dagrun for urban_data_streaming_demo to None, run_after=None
[2026-06-28T16:52:31.580+0000] {processor.py:208} INFO - Processing /opt/airflow/dags/urban_data_streaming_dag.py took 0.131 seconds
[2026-06-28T16:53:02.117+0000] {processor.py:186} INFO - Started process (PID=2354) to work on /opt/airflow/dags/urban_data_streaming_dag.py
[2026-06-28T16:53:02.119+0000] {processor.py:914} INFO - Processing file /opt/airflow/dags/urban_data_streaming_dag.py for tasks to queue
[2026-06-28T16:53:02.122+0000] {logging_mixin.py:190} INFO - [2026-06-28T16:53:02.121+0000] {dagbag.py:588} INFO - Filling up the DagBag from /opt/airflow/dags/urban_data_streaming_dag.py
[2026-06-28T16:53:02.173+0000] {processor.py:925} INFO - DAG(s) 'urban_data_streaming_demo' retrieved from /opt/airflow/dags/urban_data_streaming_dag.py
[2026-06-28T16:53:02.220+0000] {logging_mixin.py:190} INFO - [2026-06-28T16:53:02.220+0000] {dag.py:3239} INFO - Sync 1 DAGs
[2026-06-28T16:53:02.243+0000] {logging_mixin.py:190} INFO - [2026-06-28T16:53:02.243+0000] {dag.py:4180} INFO - Setting next_dagrun for urban_data_streaming_demo to None, run_after=None
[2026-06-28T16:53:02.279+0000] {processor.py:208} INFO - Processing /opt/airflow/dags/urban_data_streaming_dag.py took 0.171 seconds
[2026-06-28T16:53:32.779+0000] {processor.py:186} INFO - Started process (PID=2364) to work on /opt/airflow/dags/urban_data_streaming_dag.py
[2026-06-28T16:53:32.781+0000] {processor.py:914} INFO - Processing file /opt/airflow/dags/urban_data_streaming_dag.py for tasks to queue
[2026-06-28T16:53:32.784+0000] {logging_mixin.py:190} INFO - [2026-06-28T16:53:32.784+0000] {dagbag.py:588} INFO - Filling up the DagBag from /opt/airflow/dags/urban_data_streaming_dag.py
[2026-06-28T16:53:32.832+0000] {processor.py:925} INFO - DAG(s) 'urban_data_streaming_demo' retrieved from /opt/airflow/dags/urban_data_streaming_dag.py
[2026-06-28T16:53:32.872+0000] {logging_mixin.py:190} INFO - [2026-06-28T16:53:32.872+0000] {dag.py:3239} INFO - Sync 1 DAGs
[2026-06-28T16:53:32.899+0000] {logging_mixin.py:190} INFO - [2026-06-28T16:53:32.898+0000] {dag.py:4180} INFO - Setting next_dagrun for urban_data_streaming_demo to None, run_after=None
[2026-06-28T16:53:32.935+0000] {processor.py:208} INFO - Processing /opt/airflow/dags/urban_data_streaming_dag.py took 0.163 seconds
[2026-06-28T16:54:03.240+0000] {processor.py:186} INFO - Started process (PID=2382) to work on /opt/airflow/dags/urban_data_streaming_dag.py
[2026-06-28T16:54:03.242+0000] {processor.py:914} INFO - Processing file /opt/airflow/dags/urban_data_streaming_dag.py for tasks to queue
[2026-06-28T16:54:03.247+0000] {logging_mixin.py:190} INFO - [2026-06-28T16:54:03.247+0000] {dagbag.py:588} INFO - Filling up the DagBag from /opt/airflow/dags/urban_data_streaming_dag.py
[2026-06-28T16:54:03.314+0000] {processor.py:925} INFO - DAG(s) 'urban_data_streaming_demo' retrieved from /opt/airflow/dags/urban_data_streaming_dag.py
[2026-06-28T16:54:03.378+0000] {logging_mixin.py:190} INFO - [2026-06-28T16:54:03.378+0000] {dag.py:3239} INFO - Sync 1 DAGs
[2026-06-28T16:54:03.395+0000] {logging_mixin.py:190} INFO - [2026-06-28T16:54:03.395+0000] {dag.py:4180} INFO - Setting next_dagrun for urban_data_streaming_demo to None, run_after=None
[2026-06-28T16:54:03.428+0000] {processor.py:208} INFO - Processing /opt/airflow/dags/urban_data_streaming_dag.py took 0.200 seconds
[2026-06-28T16:54:33.816+0000] {processor.py:186} INFO - Started process (PID=2400) to work on /opt/airflow/dags/urban_data_streaming_dag.py
[2026-06-28T16:54:33.818+0000] {processor.py:914} INFO - Processing file /opt/airflow/dags/urban_data_streaming_dag.py for tasks to queue
[2026-06-28T16:54:33.822+0000] {logging_mixin.py:190} INFO - [2026-06-28T16:54:33.822+0000] {dagbag.py:588} INFO - Filling up the DagBag from /opt/airflow/dags/urban_data_streaming_dag.py
[2026-06-28T16:54:33.877+0000] {processor.py:925} INFO - DAG(s) 'urban_data_streaming_demo' retrieved from /opt/airflow/dags/urban_data_streaming_dag.py
[2026-06-28T16:54:33.933+0000] {logging_mixin.py:190} INFO - [2026-06-28T16:54:33.933+0000] {dag.py:3239} INFO - Sync 1 DAGs
[2026-06-28T16:54:33.957+0000] {logging_mixin.py:190} INFO - [2026-06-28T16:54:33.957+0000] {dag.py:4180} INFO - Setting next_dagrun for urban_data_streaming_demo to None, run_after=None
[2026-06-28T16:54:33.987+0000] {processor.py:208} INFO - Processing /opt/airflow/dags/urban_data_streaming_dag.py took 0.183 seconds
[2026-06-28T16:55:04.495+0000] {processor.py:186} INFO - Started process (PID=2418) to work on /opt/airflow/dags/urban_data_streaming_dag.py
[2026-06-28T16:55:04.497+0000] {processor.py:914} INFO - Processing file /opt/airflow/dags/urban_data_streaming_dag.py for tasks to queue
[2026-06-28T16:55:04.500+0000] {logging_mixin.py:190} INFO - [2026-06-28T16:55:04.500+0000] {dagbag.py:588} INFO - Filling up the DagBag from /opt/airflow/dags/urban_data_streaming_dag.py
[2026-06-28T16:55:04.543+0000] {processor.py:925} INFO - DAG(s) 'urban_data_streaming_demo' retrieved from /opt/airflow/dags/urban_data_streaming_dag.py
[2026-06-28T16:55:04.589+0000] {logging_mixin.py:190} INFO - [2026-06-28T16:55:04.589+0000] {dag.py:3239} INFO - Sync 1 DAGs
[2026-06-28T16:55:04.610+0000] {logging_mixin.py:190} INFO - [2026-06-28T16:55:04.610+0000] {dag.py:4180} INFO - Setting next_dagrun for urban_data_streaming_demo to None, run_after=None
[2026-06-28T16:55:04.647+0000] {processor.py:208} INFO - Processing /opt/airflow/dags/urban_data_streaming_dag.py took 0.160 seconds
[2026-06-28T16:55:34.848+0000] {processor.py:186} INFO - Started process (PID=2436) to work on /opt/airflow/dags/urban_data_streaming_dag.py
[2026-06-28T16:55:34.850+0000] {processor.py:914} INFO - Processing file /opt/airflow/dags/urban_data_streaming_dag.py for tasks to queue
[2026-06-28T16:55:34.853+0000] {logging_mixin.py:190} INFO - [2026-06-28T16:55:34.853+0000] {dagbag.py:588} INFO - Filling up the DagBag from /opt/airflow/dags/urban_data_streaming_dag.py
[2026-06-28T16:55:34.915+0000] {processor.py:925} INFO - DAG(s) 'urban_data_streaming_demo' retrieved from /opt/airflow/dags/urban_data_streaming_dag.py
[2026-06-28T16:55:34.960+0000] {logging_mixin.py:190} INFO - [2026-06-28T16:55:34.960+0000] {dag.py:3239} INFO - Sync 1 DAGs
[2026-06-28T16:55:34.980+0000] {logging_mixin.py:190} INFO - [2026-06-28T16:55:34.979+0000] {dag.py:4180} INFO - Setting next_dagrun for urban_data_streaming_demo to None, run_after=None
[2026-06-28T16:55:35.022+0000] {processor.py:208} INFO - Processing /opt/airflow/dags/urban_data_streaming_dag.py took 0.182 seconds
[2026-06-28T16:56:05.359+0000] {processor.py:186} INFO - Started process (PID=2454) to work on /opt/airflow/dags/urban_data_streaming_dag.py
[2026-06-28T16:56:05.360+0000] {processor.py:914} INFO - Processing file /opt/airflow/dags/urban_data_streaming_dag.py for tasks to queue
[2026-06-28T16:56:05.363+0000] {logging_mixin.py:190} INFO - [2026-06-28T16:56:05.362+0000] {dagbag.py:588} INFO - Filling up the DagBag from /opt/airflow/dags/urban_data_streaming_dag.py
[2026-06-28T16:56:05.388+0000] {processor.py:925} INFO - DAG(s) 'urban_data_streaming_demo' retrieved from /opt/airflow/dags/urban_data_streaming_dag.py
[2026-06-28T16:56:05.433+0000] {logging_mixin.py:190} INFO - [2026-06-28T16:56:05.433+0000] {dag.py:3239} INFO - Sync 1 DAGs
[2026-06-28T16:56:05.453+0000] {logging_mixin.py:190} INFO - [2026-06-28T16:56:05.453+0000] {dag.py:4180} INFO - Setting next_dagrun for urban_data_streaming_demo to None, run_after=None
[2026-06-28T16:56:05.488+0000] {processor.py:208} INFO - Processing /opt/airflow/dags/urban_data_streaming_dag.py took 0.138 seconds
[2026-06-28T16:56:35.987+0000] {processor.py:186} INFO - Started process (PID=2472) to work on /opt/airflow/dags/urban_data_streaming_dag.py
[2026-06-28T16:56:35.989+0000] {processor.py:914} INFO - Processing file /opt/airflow/dags/urban_data_streaming_dag.py for tasks to queue
[2026-06-28T16:56:35.993+0000] {logging_mixin.py:190} INFO - [2026-06-28T16:56:35.993+0000] {dagbag.py:588} INFO - Filling up the DagBag from /opt/airflow/dags/urban_data_streaming_dag.py
[2026-06-28T16:56:36.061+0000] {processor.py:925} INFO - DAG(s) 'urban_data_streaming_demo' retrieved from /opt/airflow/dags/urban_data_streaming_dag.py
[2026-06-28T16:56:36.100+0000] {logging_mixin.py:190} INFO - [2026-06-28T16:56:36.100+0000] {dag.py:3239} INFO - Sync 1 DAGs
[2026-06-28T16:56:36.124+0000] {logging_mixin.py:190} INFO - [2026-06-28T16:56:36.123+0000] {dag.py:4180} INFO - Setting next_dagrun for urban_data_streaming_demo to None, run_after=None
[2026-06-28T16:56:36.160+0000] {processor.py:208} INFO - Processing /opt/airflow/dags/urban_data_streaming_dag.py took 0.182 seconds
[2026-06-28T16:57:06.489+0000] {processor.py:186} INFO - Started process (PID=2489) to work on /opt/airflow/dags/urban_data_streaming_dag.py
[2026-06-28T16:57:06.490+0000] {processor.py:914} INFO - Processing file /opt/airflow/dags/urban_data_streaming_dag.py for tasks to queue
[2026-06-28T16:57:06.493+0000] {logging_mixin.py:190} INFO - [2026-06-28T16:57:06.493+0000] {dagbag.py:588} INFO - Filling up the DagBag from /opt/airflow/dags/urban_data_streaming_dag.py
[2026-06-28T16:57:06.531+0000] {processor.py:925} INFO - DAG(s) 'urban_data_streaming_demo' retrieved from /opt/airflow/dags/urban_data_streaming_dag.py
[2026-06-28T16:57:06.568+0000] {logging_mixin.py:190} INFO - [2026-06-28T16:57:06.568+0000] {dag.py:3239} INFO - Sync 1 DAGs
[2026-06-28T16:57:06.586+0000] {logging_mixin.py:190} INFO - [2026-06-28T16:57:06.586+0000] {dag.py:4180} INFO - Setting next_dagrun for urban_data_streaming_demo to None, run_after=None
[2026-06-28T16:57:06.616+0000] {processor.py:208} INFO - Processing /opt/airflow/dags/urban_data_streaming_dag.py took 0.138 seconds
[2026-06-28T16:57:37.185+0000] {processor.py:186} INFO - Started process (PID=2500) to work on /opt/airflow/dags/urban_data_streaming_dag.py
[2026-06-28T16:57:37.187+0000] {processor.py:914} INFO - Processing file /opt/airflow/dags/urban_data_streaming_dag.py for tasks to queue
[2026-06-28T16:57:37.192+0000] {logging_mixin.py:190} INFO - [2026-06-28T16:57:37.191+0000] {dagbag.py:588} INFO - Filling up the DagBag from /opt/airflow/dags/urban_data_streaming_dag.py
[2026-06-28T16:57:37.252+0000] {processor.py:925} INFO - DAG(s) 'urban_data_streaming_demo' retrieved from /opt/airflow/dags/urban_data_streaming_dag.py
[2026-06-28T16:57:37.295+0000] {logging_mixin.py:190} INFO - [2026-06-28T16:57:37.295+0000] {dag.py:3239} INFO - Sync 1 DAGs
[2026-06-28T16:57:37.312+0000] {logging_mixin.py:190} INFO - [2026-06-28T16:57:37.312+0000] {dag.py:4180} INFO - Setting next_dagrun for urban_data_streaming_demo to None, run_after=None
[2026-06-28T16:57:37.345+0000] {processor.py:208} INFO - Processing /opt/airflow/dags/urban_data_streaming_dag.py took 0.179 seconds
[2026-06-28T16:58:07.940+0000] {processor.py:186} INFO - Started process (PID=2518) to work on /opt/airflow/dags/urban_data_streaming_dag.py
[2026-06-28T16:58:07.943+0000] {processor.py:914} INFO - Processing file /opt/airflow/dags/urban_data_streaming_dag.py for tasks to queue
[2026-06-28T16:58:07.947+0000] {logging_mixin.py:190} INFO - [2026-06-28T16:58:07.946+0000] {dagbag.py:588} INFO - Filling up the DagBag from /opt/airflow/dags/urban_data_streaming_dag.py
[2026-06-28T16:58:07.993+0000] {processor.py:925} INFO - DAG(s) 'urban_data_streaming_demo' retrieved from /opt/airflow/dags/urban_data_streaming_dag.py
[2026-06-28T16:58:08.034+0000] {logging_mixin.py:190} INFO - [2026-06-28T16:58:08.033+0000] {dag.py:3239} INFO - Sync 1 DAGs
[2026-06-28T16:58:08.052+0000] {logging_mixin.py:190} INFO - [2026-06-28T16:58:08.052+0000] {dag.py:4180} INFO - Setting next_dagrun for urban_data_streaming_demo to None, run_after=None
[2026-06-28T16:58:08.088+0000] {processor.py:208} INFO - Processing /opt/airflow/dags/urban_data_streaming_dag.py took 0.157 seconds
[2026-06-28T16:58:38.389+0000] {processor.py:186} INFO - Started process (PID=2536) to work on /opt/airflow/dags/urban_data_streaming_dag.py
[2026-06-28T16:58:38.391+0000] {processor.py:914} INFO - Processing file /opt/airflow/dags/urban_data_streaming_dag.py for tasks to queue
[2026-06-28T16:58:38.397+0000] {logging_mixin.py:190} INFO - [2026-06-28T16:58:38.396+0000] {dagbag.py:588} INFO - Filling up the DagBag from /opt/airflow/dags/urban_data_streaming_dag.py
[2026-06-28T16:58:38.454+0000] {processor.py:925} INFO - DAG(s) 'urban_data_streaming_demo' retrieved from /opt/airflow/dags/urban_data_streaming_dag.py
[2026-06-28T16:58:38.502+0000] {logging_mixin.py:190} INFO - [2026-06-28T16:58:38.501+0000] {dag.py:3239} INFO - Sync 1 DAGs
[2026-06-28T16:58:38.524+0000] {logging_mixin.py:190} INFO - [2026-06-28T16:58:38.524+0000] {dag.py:4180} INFO - Setting next_dagrun for urban_data_streaming_demo to None, run_after=None
[2026-06-28T16:58:38.560+0000] {processor.py:208} INFO - Processing /opt/airflow/dags/urban_data_streaming_dag.py took 0.183 seconds
[2026-06-28T16:59:08.995+0000] {processor.py:186} INFO - Started process (PID=2554) to work on /opt/airflow/dags/urban_data_streaming_dag.py
[2026-06-28T16:59:08.997+0000] {processor.py:914} INFO - Processing file /opt/airflow/dags/urban_data_streaming_dag.py for tasks to queue
[2026-06-28T16:59:09.001+0000] {logging_mixin.py:190} INFO - [2026-06-28T16:59:09.000+0000] {dagbag.py:588} INFO - Filling up the DagBag from /opt/airflow/dags/urban_data_streaming_dag.py
[2026-06-28T16:59:09.031+0000] {processor.py:925} INFO - DAG(s) 'urban_data_streaming_demo' retrieved from /opt/airflow/dags/urban_data_streaming_dag.py
[2026-06-28T16:59:09.073+0000] {logging_mixin.py:190} INFO - [2026-06-28T16:59:09.073+0000] {dag.py:3239} INFO - Sync 1 DAGs
[2026-06-28T16:59:09.094+0000] {logging_mixin.py:190} INFO - [2026-06-28T16:59:09.093+0000] {dag.py:4180} INFO - Setting next_dagrun for urban_data_streaming_demo to None, run_after=None
[2026-06-28T16:59:09.123+0000] {processor.py:208} INFO - Processing /opt/airflow/dags/urban_data_streaming_dag.py took 0.137 seconds
[2026-06-28T16:59:39.583+0000] {processor.py:186} INFO - Started process (PID=2572) to work on /opt/airflow/dags/urban_data_streaming_dag.py
[2026-06-28T16:59:39.585+0000] {processor.py:914} INFO - Processing file /opt/airflow/dags/urban_data_streaming_dag.py for tasks to queue
[2026-06-28T16:59:39.590+0000] {logging_mixin.py:190} INFO - [2026-06-28T16:59:39.589+0000] {dagbag.py:588} INFO - Filling up the DagBag from /opt/airflow/dags/urban_data_streaming_dag.py
[2026-06-28T16:59:39.636+0000] {processor.py:925} INFO - DAG(s) 'urban_data_streaming_demo' retrieved from /opt/airflow/dags/urban_data_streaming_dag.py
[2026-06-28T16:59:39.678+0000] {logging_mixin.py:190} INFO - [2026-06-28T16:59:39.678+0000] {dag.py:3239} INFO - Sync 1 DAGs
[2026-06-28T16:59:39.699+0000] {logging_mixin.py:190} INFO - [2026-06-28T16:59:39.699+0000] {dag.py:4180} INFO - Setting next_dagrun for urban_data_streaming_demo to None, run_after=None
[2026-06-28T16:59:39.734+0000] {processor.py:208} INFO - Processing /opt/airflow/dags/urban_data_streaming_dag.py took 0.161 seconds
[2026-06-28T17:00:10.192+0000] {processor.py:186} INFO - Started process (PID=2590) to work on /opt/airflow/dags/urban_data_streaming_dag.py
[2026-06-28T17:00:10.194+0000] {processor.py:914} INFO - Processing file /opt/airflow/dags/urban_data_streaming_dag.py for tasks to queue
[2026-06-28T17:00:10.197+0000] {logging_mixin.py:190} INFO - [2026-06-28T17:00:10.197+0000] {dagbag.py:588} INFO - Filling up the DagBag from /opt/airflow/dags/urban_data_streaming_dag.py
[2026-06-28T17:00:10.250+0000] {processor.py:925} INFO - DAG(s) 'urban_data_streaming_demo' retrieved from /opt/airflow/dags/urban_data_streaming_dag.py
[2026-06-28T17:00:10.300+0000] {logging_mixin.py:190} INFO - [2026-06-28T17:00:10.300+0000] {dag.py:3239} INFO - Sync 1 DAGs
[2026-06-28T17:00:10.321+0000] {logging_mixin.py:190} INFO - [2026-06-28T17:00:10.321+0000] {dag.py:4180} INFO - Setting next_dagrun for urban_data_streaming_demo to None, run_after=None
[2026-06-28T17:00:10.357+0000] {processor.py:208} INFO - Processing /opt/airflow/dags/urban_data_streaming_dag.py took 0.172 seconds
[2026-06-28T17:00:41.274+0000] {processor.py:186} INFO - Started process (PID=2608) to work on /opt/airflow/dags/urban_data_streaming_dag.py
[2026-06-28T17:00:41.277+0000] {processor.py:914} INFO - Processing file /opt/airflow/dags/urban_data_streaming_dag.py for tasks to queue
[2026-06-28T17:00:41.286+0000] {logging_mixin.py:190} INFO - [2026-06-28T17:00:41.285+0000] {dagbag.py:588} INFO - Filling up the DagBag from /opt/airflow/dags/urban_data_streaming_dag.py
[2026-06-28T17:00:41.339+0000] {processor.py:925} INFO - DAG(s) 'urban_data_streaming_demo' retrieved from /opt/airflow/dags/urban_data_streaming_dag.py
[2026-06-28T17:00:41.378+0000] {logging_mixin.py:190} INFO - [2026-06-28T17:00:41.378+0000] {dag.py:3239} INFO - Sync 1 DAGs
[2026-06-28T17:00:41.398+0000] {logging_mixin.py:190} INFO - [2026-06-28T17:00:41.397+0000] {dag.py:4180} INFO - Setting next_dagrun for urban_data_streaming_demo to None, run_after=None
[2026-06-28T17:00:41.429+0000] {processor.py:208} INFO - Processing /opt/airflow/dags/urban_data_streaming_dag.py took 0.167 seconds
[2026-06-28T17:01:11.659+0000] {processor.py:186} INFO - Started process (PID=2625) to work on /opt/airflow/dags/urban_data_streaming_dag.py
[2026-06-28T17:01:11.662+0000] {processor.py:914} INFO - Processing file /opt/airflow/dags/urban_data_streaming_dag.py for tasks to queue
[2026-06-28T17:01:11.670+0000] {logging_mixin.py:190} INFO - [2026-06-28T17:01:11.669+0000] {dagbag.py:588} INFO - Filling up the DagBag from /opt/airflow/dags/urban_data_streaming_dag.py
[2026-06-28T17:01:11.764+0000] {processor.py:925} INFO - DAG(s) 'urban_data_streaming_demo' retrieved from /opt/airflow/dags/urban_data_streaming_dag.py
[2026-06-28T17:01:11.804+0000] {logging_mixin.py:190} INFO - [2026-06-28T17:01:11.803+0000] {dag.py:3239} INFO - Sync 1 DAGs
[2026-06-28T17:01:11.822+0000] {logging_mixin.py:190} INFO - [2026-06-28T17:01:11.822+0000] {dag.py:4180} INFO - Setting next_dagrun for urban_data_streaming_demo to None, run_after=None
[2026-06-28T17:01:11.851+0000] {processor.py:208} INFO - Processing /opt/airflow/dags/urban_data_streaming_dag.py took 0.213 seconds
[2026-06-28T17:01:42.246+0000] {processor.py:186} INFO - Started process (PID=2636) to work on /opt/airflow/dags/urban_data_streaming_dag.py
[2026-06-28T17:01:42.247+0000] {processor.py:914} INFO - Processing file /opt/airflow/dags/urban_data_streaming_dag.py for tasks to queue
[2026-06-28T17:01:42.252+0000] {logging_mixin.py:190} INFO - [2026-06-28T17:01:42.251+0000] {dagbag.py:588} INFO - Filling up the DagBag from /opt/airflow/dags/urban_data_streaming_dag.py
[2026-06-28T17:01:42.291+0000] {processor.py:925} INFO - DAG(s) 'urban_data_streaming_demo' retrieved from /opt/airflow/dags/urban_data_streaming_dag.py
[2026-06-28T17:01:42.329+0000] {logging_mixin.py:190} INFO - [2026-06-28T17:01:42.329+0000] {dag.py:3239} INFO - Sync 1 DAGs
[2026-06-28T17:01:42.346+0000] {logging_mixin.py:190} INFO - [2026-06-28T17:01:42.346+0000] {dag.py:4180} INFO - Setting next_dagrun for urban_data_streaming_demo to None, run_after=None
[2026-06-28T17:01:42.377+0000] {processor.py:208} INFO - Processing /opt/airflow/dags/urban_data_streaming_dag.py took 0.139 seconds
[2026-06-28T17:02:13.001+0000] {processor.py:186} INFO - Started process (PID=2654) to work on /opt/airflow/dags/urban_data_streaming_dag.py
[2026-06-28T17:02:13.002+0000] {processor.py:914} INFO - Processing file /opt/airflow/dags/urban_data_streaming_dag.py for tasks to queue
[2026-06-28T17:02:13.006+0000] {logging_mixin.py:190} INFO - [2026-06-28T17:02:13.005+0000] {dagbag.py:588} INFO - Filling up the DagBag from /opt/airflow/dags/urban_data_streaming_dag.py
[2026-06-28T17:02:13.039+0000] {processor.py:925} INFO - DAG(s) 'urban_data_streaming_demo' retrieved from /opt/airflow/dags/urban_data_streaming_dag.py
[2026-06-28T17:02:13.078+0000] {logging_mixin.py:190} INFO - [2026-06-28T17:02:13.078+0000] {dag.py:3239} INFO - Sync 1 DAGs
[2026-06-28T17:02:13.096+0000] {logging_mixin.py:190} INFO - [2026-06-28T17:02:13.096+0000] {dag.py:4180} INFO - Setting next_dagrun for urban_data_streaming_demo to None, run_after=None
[2026-06-28T17:02:13.128+0000] {processor.py:208} INFO - Processing /opt/airflow/dags/urban_data_streaming_dag.py took 0.135 seconds
[2026-06-28T17:02:43.483+0000] {processor.py:186} INFO - Started process (PID=2672) to work on /opt/airflow/dags/urban_data_streaming_dag.py
[2026-06-28T17:02:43.486+0000] {processor.py:914} INFO - Processing file /opt/airflow/dags/urban_data_streaming_dag.py for tasks to queue
[2026-06-28T17:02:43.491+0000] {logging_mixin.py:190} INFO - [2026-06-28T17:02:43.491+0000] {dagbag.py:588} INFO - Filling up the DagBag from /opt/airflow/dags/urban_data_streaming_dag.py
[2026-06-28T17:02:43.562+0000] {processor.py:925} INFO - DAG(s) 'urban_data_streaming_demo' retrieved from /opt/airflow/dags/urban_data_streaming_dag.py
[2026-06-28T17:02:43.613+0000] {logging_mixin.py:190} INFO - [2026-06-28T17:02:43.612+0000] {dag.py:3239} INFO - Sync 1 DAGs
[2026-06-28T17:02:43.632+0000] {logging_mixin.py:190} INFO - [2026-06-28T17:02:43.632+0000] {dag.py:4180} INFO - Setting next_dagrun for urban_data_streaming_demo to None, run_after=None
[2026-06-28T17:02:43.662+0000] {processor.py:208} INFO - Processing /opt/airflow/dags/urban_data_streaming_dag.py took 0.188 seconds
[2026-06-28T17:03:13.829+0000] {processor.py:186} INFO - Started process (PID=2690) to work on /opt/airflow/dags/urban_data_streaming_dag.py
[2026-06-28T17:03:13.831+0000] {processor.py:914} INFO - Processing file /opt/airflow/dags/urban_data_streaming_dag.py for tasks to queue
[2026-06-28T17:03:13.836+0000] {logging_mixin.py:190} INFO - [2026-06-28T17:03:13.835+0000] {dagbag.py:588} INFO - Filling up the DagBag from /opt/airflow/dags/urban_data_streaming_dag.py
[2026-06-28T17:03:13.879+0000] {processor.py:925} INFO - DAG(s) 'urban_data_streaming_demo' retrieved from /opt/airflow/dags/urban_data_streaming_dag.py
[2026-06-28T17:03:13.932+0000] {logging_mixin.py:190} INFO - [2026-06-28T17:03:13.931+0000] {dag.py:3239} INFO - Sync 1 DAGs
[2026-06-28T17:03:13.954+0000] {logging_mixin.py:190} INFO - [2026-06-28T17:03:13.954+0000] {dag.py:4180} INFO - Setting next_dagrun for urban_data_streaming_demo to None, run_after=None
[2026-06-28T17:03:13.989+0000] {processor.py:208} INFO - Processing /opt/airflow/dags/urban_data_streaming_dag.py took 0.169 seconds
[2026-06-28T17:03:44.754+0000] {processor.py:186} INFO - Started process (PID=2708) to work on /opt/airflow/dags/urban_data_streaming_dag.py
[2026-06-28T17:03:44.756+0000] {processor.py:914} INFO - Processing file /opt/airflow/dags/urban_data_streaming_dag.py for tasks to queue
[2026-06-28T17:03:44.759+0000] {logging_mixin.py:190} INFO - [2026-06-28T17:03:44.758+0000] {dagbag.py:588} INFO - Filling up the DagBag from /opt/airflow/dags/urban_data_streaming_dag.py
[2026-06-28T17:03:44.788+0000] {processor.py:925} INFO - DAG(s) 'urban_data_streaming_demo' retrieved from /opt/airflow/dags/urban_data_streaming_dag.py
[2026-06-28T17:03:44.838+0000] {logging_mixin.py:190} INFO - [2026-06-28T17:03:44.838+0000] {dag.py:3239} INFO - Sync 1 DAGs
[2026-06-28T17:03:44.856+0000] {logging_mixin.py:190} INFO - [2026-06-28T17:03:44.856+0000] {dag.py:4180} INFO - Setting next_dagrun for urban_data_streaming_demo to None, run_after=None
[2026-06-28T17:03:44.886+0000] {processor.py:208} INFO - Processing /opt/airflow/dags/urban_data_streaming_dag.py took 0.141 seconds
[2026-06-28T17:04:15.320+0000] {processor.py:186} INFO - Started process (PID=2725) to work on /opt/airflow/dags/urban_data_streaming_dag.py
[2026-06-28T17:04:15.323+0000] {processor.py:914} INFO - Processing file /opt/airflow/dags/urban_data_streaming_dag.py for tasks to queue
[2026-06-28T17:04:15.328+0000] {logging_mixin.py:190} INFO - [2026-06-28T17:04:15.328+0000] {dagbag.py:588} INFO - Filling up the DagBag from /opt/airflow/dags/urban_data_streaming_dag.py
[2026-06-28T17:04:15.379+0000] {processor.py:925} INFO - DAG(s) 'urban_data_streaming_demo' retrieved from /opt/airflow/dags/urban_data_streaming_dag.py
[2026-06-28T17:04:15.431+0000] {logging_mixin.py:190} INFO - [2026-06-28T17:04:15.431+0000] {dag.py:3239} INFO - Sync 1 DAGs
[2026-06-28T17:04:15.451+0000] {logging_mixin.py:190} INFO - [2026-06-28T17:04:15.451+0000] {dag.py:4180} INFO - Setting next_dagrun for urban_data_streaming_demo to None, run_after=None
[2026-06-28T17:04:15.485+0000] {processor.py:208} INFO - Processing /opt/airflow/dags/urban_data_streaming_dag.py took 0.173 seconds
[2026-06-28T17:04:46.207+0000] {processor.py:186} INFO - Started process (PID=2742) to work on /opt/airflow/dags/urban_data_streaming_dag.py
[2026-06-28T17:04:46.209+0000] {processor.py:914} INFO - Processing file /opt/airflow/dags/urban_data_streaming_dag.py for tasks to queue
[2026-06-28T17:04:46.213+0000] {logging_mixin.py:190} INFO - [2026-06-28T17:04:46.212+0000] {dagbag.py:588} INFO - Filling up the DagBag from /opt/airflow/dags/urban_data_streaming_dag.py
[2026-06-28T17:04:46.251+0000] {processor.py:925} INFO - DAG(s) 'urban_data_streaming_demo' retrieved from /opt/airflow/dags/urban_data_streaming_dag.py
[2026-06-28T17:04:46.308+0000] {logging_mixin.py:190} INFO - [2026-06-28T17:04:46.308+0000] {dag.py:3239} INFO - Sync 1 DAGs
[2026-06-28T17:04:46.327+0000] {logging_mixin.py:190} INFO - [2026-06-28T17:04:46.327+0000] {dag.py:4180} INFO - Setting next_dagrun for urban_data_streaming_demo to None, run_after=None
[2026-06-28T17:04:46.358+0000] {processor.py:208} INFO - Processing /opt/airflow/dags/urban_data_streaming_dag.py took 0.160 seconds
[2026-06-28T17:05:16.501+0000] {processor.py:186} INFO - Started process (PID=2753) to work on /opt/airflow/dags/urban_data_streaming_dag.py
[2026-06-28T17:05:16.503+0000] {processor.py:914} INFO - Processing file /opt/airflow/dags/urban_data_streaming_dag.py for tasks to queue
[2026-06-28T17:05:16.507+0000] {logging_mixin.py:190} INFO - [2026-06-28T17:05:16.506+0000] {dagbag.py:588} INFO - Filling up the DagBag from /opt/airflow/dags/urban_data_streaming_dag.py
[2026-06-28T17:05:16.557+0000] {processor.py:925} INFO - DAG(s) 'urban_data_streaming_demo' retrieved from /opt/airflow/dags/urban_data_streaming_dag.py
[2026-06-28T17:05:16.612+0000] {logging_mixin.py:190} INFO - [2026-06-28T17:05:16.612+0000] {dag.py:3239} INFO - Sync 1 DAGs
[2026-06-28T17:05:16.633+0000] {logging_mixin.py:190} INFO - [2026-06-28T17:05:16.632+0000] {dag.py:4180} INFO - Setting next_dagrun for urban_data_streaming_demo to None, run_after=None
[2026-06-28T17:05:16.665+0000] {processor.py:208} INFO - Processing /opt/airflow/dags/urban_data_streaming_dag.py took 0.176 seconds
[2026-06-28T17:05:46.785+0000] {processor.py:186} INFO - Started process (PID=2771) to work on /opt/airflow/dags/urban_data_streaming_dag.py
[2026-06-28T17:05:46.786+0000] {processor.py:914} INFO - Processing file /opt/airflow/dags/urban_data_streaming_dag.py for tasks to queue
[2026-06-28T17:05:46.790+0000] {logging_mixin.py:190} INFO - [2026-06-28T17:05:46.789+0000] {dagbag.py:588} INFO - Filling up the DagBag from /opt/airflow/dags/urban_data_streaming_dag.py
[2026-06-28T17:05:46.817+0000] {processor.py:925} INFO - DAG(s) 'urban_data_streaming_demo' retrieved from /opt/airflow/dags/urban_data_streaming_dag.py
[2026-06-28T17:05:46.862+0000] {logging_mixin.py:190} INFO - [2026-06-28T17:05:46.862+0000] {dag.py:3239} INFO - Sync 1 DAGs
[2026-06-28T17:05:46.885+0000] {logging_mixin.py:190} INFO - [2026-06-28T17:05:46.884+0000] {dag.py:4180} INFO - Setting next_dagrun for urban_data_streaming_demo to None, run_after=None
[2026-06-28T17:05:46.919+0000] {processor.py:208} INFO - Processing /opt/airflow/dags/urban_data_streaming_dag.py took 0.143 seconds
[2026-06-28T17:06:17.707+0000] {processor.py:186} INFO - Started process (PID=2789) to work on /opt/airflow/dags/urban_data_streaming_dag.py
[2026-06-28T17:06:17.709+0000] {processor.py:914} INFO - Processing file /opt/airflow/dags/urban_data_streaming_dag.py for tasks to queue
[2026-06-28T17:06:17.714+0000] {logging_mixin.py:190} INFO - [2026-06-28T17:06:17.713+0000] {dagbag.py:588} INFO - Filling up the DagBag from /opt/airflow/dags/urban_data_streaming_dag.py
[2026-06-28T17:06:17.765+0000] {processor.py:925} INFO - DAG(s) 'urban_data_streaming_demo' retrieved from /opt/airflow/dags/urban_data_streaming_dag.py
[2026-06-28T17:06:17.815+0000] {logging_mixin.py:190} INFO - [2026-06-28T17:06:17.814+0000] {dag.py:3239} INFO - Sync 1 DAGs
[2026-06-28T17:06:17.832+0000] {logging_mixin.py:190} INFO - [2026-06-28T17:06:17.832+0000] {dag.py:4180} INFO - Setting next_dagrun for urban_data_streaming_demo to None, run_after=None
[2026-06-28T17:06:17.862+0000] {processor.py:208} INFO - Processing /opt/airflow/dags/urban_data_streaming_dag.py took 0.166 seconds
[2026-06-28T17:06:48.210+0000] {processor.py:186} INFO - Started process (PID=2807) to work on /opt/airflow/dags/urban_data_streaming_dag.py
[2026-06-28T17:06:48.212+0000] {processor.py:914} INFO - Processing file /opt/airflow/dags/urban_data_streaming_dag.py for tasks to queue
[2026-06-28T17:06:48.217+0000] {logging_mixin.py:190} INFO - [2026-06-28T17:06:48.217+0000] {dagbag.py:588} INFO - Filling up the DagBag from /opt/airflow/dags/urban_data_streaming_dag.py
[2026-06-28T17:06:48.266+0000] {processor.py:925} INFO - DAG(s) 'urban_data_streaming_demo' retrieved from /opt/airflow/dags/urban_data_streaming_dag.py
[2026-06-28T17:06:48.316+0000] {logging_mixin.py:190} INFO - [2026-06-28T17:06:48.316+0000] {dag.py:3239} INFO - Sync 1 DAGs
[2026-06-28T17:06:48.336+0000] {logging_mixin.py:190} INFO - [2026-06-28T17:06:48.336+0000] {dag.py:4180} INFO - Setting next_dagrun for urban_data_streaming_demo to None, run_after=None
[2026-06-28T17:06:48.365+0000] {processor.py:208} INFO - Processing /opt/airflow/dags/urban_data_streaming_dag.py took 0.163 seconds
[2026-06-28T17:07:19.025+0000] {processor.py:186} INFO - Started process (PID=2825) to work on /opt/airflow/dags/urban_data_streaming_dag.py
[2026-06-28T17:07:19.027+0000] {processor.py:914} INFO - Processing file /opt/airflow/dags/urban_data_streaming_dag.py for tasks to queue
[2026-06-28T17:07:19.031+0000] {logging_mixin.py:190} INFO - [2026-06-28T17:07:19.031+0000] {dagbag.py:588} INFO - Filling up the DagBag from /opt/airflow/dags/urban_data_streaming_dag.py
[2026-06-28T17:07:19.109+0000] {processor.py:925} INFO - DAG(s) 'urban_data_streaming_demo' retrieved from /opt/airflow/dags/urban_data_streaming_dag.py
[2026-06-28T17:07:19.156+0000] {logging_mixin.py:190} INFO - [2026-06-28T17:07:19.156+0000] {dag.py:3239} INFO - Sync 1 DAGs
[2026-06-28T17:07:19.178+0000] {logging_mixin.py:190} INFO - [2026-06-28T17:07:19.177+0000] {dag.py:4180} INFO - Setting next_dagrun for urban_data_streaming_demo to None, run_after=None
[2026-06-28T17:07:19.208+0000] {processor.py:208} INFO - Processing /opt/airflow/dags/urban_data_streaming_dag.py took 0.189 seconds
[2026-06-28T17:07:49.579+0000] {processor.py:186} INFO - Started process (PID=2842) to work on /opt/airflow/dags/urban_data_streaming_dag.py
[2026-06-28T17:07:49.582+0000] {processor.py:914} INFO - Processing file /opt/airflow/dags/urban_data_streaming_dag.py for tasks to queue
[2026-06-28T17:07:49.587+0000] {logging_mixin.py:190} INFO - [2026-06-28T17:07:49.587+0000] {dagbag.py:588} INFO - Filling up the DagBag from /opt/airflow/dags/urban_data_streaming_dag.py
[2026-06-28T17:07:49.668+0000] {processor.py:925} INFO - DAG(s) 'urban_data_streaming_demo' retrieved from /opt/airflow/dags/urban_data_streaming_dag.py
[2026-06-28T17:07:49.720+0000] {logging_mixin.py:190} INFO - [2026-06-28T17:07:49.720+0000] {dag.py:3239} INFO - Sync 1 DAGs
[2026-06-28T17:07:49.739+0000] {logging_mixin.py:190} INFO - [2026-06-28T17:07:49.738+0000] {dag.py:4180} INFO - Setting next_dagrun for urban_data_streaming_demo to None, run_after=None
[2026-06-28T17:07:49.801+0000] {processor.py:208} INFO - Processing /opt/airflow/dags/urban_data_streaming_dag.py took 0.232 seconds
[2026-06-28T17:08:20.249+0000] {processor.py:186} INFO - Started process (PID=2853) to work on /opt/airflow/dags/urban_data_streaming_dag.py
[2026-06-28T17:08:20.251+0000] {processor.py:914} INFO - Processing file /opt/airflow/dags/urban_data_streaming_dag.py for tasks to queue
[2026-06-28T17:08:20.255+0000] {logging_mixin.py:190} INFO - [2026-06-28T17:08:20.254+0000] {dagbag.py:588} INFO - Filling up the DagBag from /opt/airflow/dags/urban_data_streaming_dag.py
[2026-06-28T17:08:20.317+0000] {processor.py:925} INFO - DAG(s) 'urban_data_streaming_demo' retrieved from /opt/airflow/dags/urban_data_streaming_dag.py
[2026-06-28T17:08:20.360+0000] {logging_mixin.py:190} INFO - [2026-06-28T17:08:20.360+0000] {dag.py:3239} INFO - Sync 1 DAGs
[2026-06-28T17:08:20.382+0000] {logging_mixin.py:190} INFO - [2026-06-28T17:08:20.381+0000] {dag.py:4180} INFO - Setting next_dagrun for urban_data_streaming_demo to None, run_after=None
[2026-06-28T17:08:20.418+0000] {processor.py:208} INFO - Processing /opt/airflow/dags/urban_data_streaming_dag.py took 0.177 seconds
[2026-06-28T17:08:50.985+0000] {processor.py:186} INFO - Started process (PID=2867) to work on /opt/airflow/dags/urban_data_streaming_dag.py
[2026-06-28T17:08:50.987+0000] {processor.py:914} INFO - Processing file /opt/airflow/dags/urban_data_streaming_dag.py for tasks to queue
[2026-06-28T17:08:50.992+0000] {logging_mixin.py:190} INFO - [2026-06-28T17:08:50.991+0000] {dagbag.py:588} INFO - Filling up the DagBag from /opt/airflow/dags/urban_data_streaming_dag.py
[2026-06-28T17:08:51.048+0000] {processor.py:925} INFO - DAG(s) 'urban_data_streaming_demo' retrieved from /opt/airflow/dags/urban_data_streaming_dag.py
[2026-06-28T17:08:51.101+0000] {logging_mixin.py:190} INFO - [2026-06-28T17:08:51.100+0000] {dag.py:3239} INFO - Sync 1 DAGs
[2026-06-28T17:08:51.125+0000] {logging_mixin.py:190} INFO - [2026-06-28T17:08:51.125+0000] {dag.py:4180} INFO - Setting next_dagrun for urban_data_streaming_demo to None, run_after=None
[2026-06-28T17:08:51.165+0000] {processor.py:208} INFO - Processing /opt/airflow/dags/urban_data_streaming_dag.py took 0.189 seconds
[2026-06-28T17:09:21.969+0000] {processor.py:186} INFO - Started process (PID=2885) to work on /opt/airflow/dags/urban_data_streaming_dag.py
[2026-06-28T17:09:21.972+0000] {processor.py:914} INFO - Processing file /opt/airflow/dags/urban_data_streaming_dag.py for tasks to queue
[2026-06-28T17:09:21.976+0000] {logging_mixin.py:190} INFO - [2026-06-28T17:09:21.975+0000] {dagbag.py:588} INFO - Filling up the DagBag from /opt/airflow/dags/urban_data_streaming_dag.py
[2026-06-28T17:09:22.029+0000] {processor.py:925} INFO - DAG(s) 'urban_data_streaming_demo' retrieved from /opt/airflow/dags/urban_data_streaming_dag.py
[2026-06-28T17:09:22.084+0000] {logging_mixin.py:190} INFO - [2026-06-28T17:09:22.084+0000] {dag.py:3239} INFO - Sync 1 DAGs
[2026-06-28T17:09:22.108+0000] {logging_mixin.py:190} INFO - [2026-06-28T17:09:22.108+0000] {dag.py:4180} INFO - Setting next_dagrun for urban_data_streaming_demo to None, run_after=None
[2026-06-28T17:09:22.144+0000] {processor.py:208} INFO - Processing /opt/airflow/dags/urban_data_streaming_dag.py took 0.183 seconds
[2026-06-28T17:09:53.036+0000] {processor.py:186} INFO - Started process (PID=2903) to work on /opt/airflow/dags/urban_data_streaming_dag.py
[2026-06-28T17:09:53.041+0000] {processor.py:914} INFO - Processing file /opt/airflow/dags/urban_data_streaming_dag.py for tasks to queue
[2026-06-28T17:09:53.046+0000] {logging_mixin.py:190} INFO - [2026-06-28T17:09:53.045+0000] {dagbag.py:588} INFO - Filling up the DagBag from /opt/airflow/dags/urban_data_streaming_dag.py
[2026-06-28T17:09:53.163+0000] {processor.py:925} INFO - DAG(s) 'urban_data_streaming_demo' retrieved from /opt/airflow/dags/urban_data_streaming_dag.py
[2026-06-28T17:09:53.230+0000] {logging_mixin.py:190} INFO - [2026-06-28T17:09:53.230+0000] {dag.py:3239} INFO - Sync 1 DAGs
[2026-06-28T17:09:53.254+0000] {logging_mixin.py:190} INFO - [2026-06-28T17:09:53.254+0000] {dag.py:4180} INFO - Setting next_dagrun for urban_data_streaming_demo to None, run_after=None
[2026-06-28T17:09:53.301+0000] {processor.py:208} INFO - Processing /opt/airflow/dags/urban_data_streaming_dag.py took 0.279 seconds
[2026-06-28T17:10:23.636+0000] {processor.py:186} INFO - Started process (PID=2921) to work on /opt/airflow/dags/urban_data_streaming_dag.py
[2026-06-28T17:10:23.639+0000] {processor.py:914} INFO - Processing file /opt/airflow/dags/urban_data_streaming_dag.py for tasks to queue
[2026-06-28T17:10:23.645+0000] {logging_mixin.py:190} INFO - [2026-06-28T17:10:23.644+0000] {dagbag.py:588} INFO - Filling up the DagBag from /opt/airflow/dags/urban_data_streaming_dag.py
[2026-06-28T17:10:23.734+0000] {processor.py:925} INFO - DAG(s) 'urban_data_streaming_demo' retrieved from /opt/airflow/dags/urban_data_streaming_dag.py
[2026-06-28T17:10:23.815+0000] {logging_mixin.py:190} INFO - [2026-06-28T17:10:23.814+0000] {dag.py:3239} INFO - Sync 1 DAGs
[2026-06-28T17:10:23.848+0000] {logging_mixin.py:190} INFO - [2026-06-28T17:10:23.847+0000] {dag.py:4180} INFO - Setting next_dagrun for urban_data_streaming_demo to None, run_after=None
[2026-06-28T17:10:23.888+0000] {processor.py:208} INFO - Processing /opt/airflow/dags/urban_data_streaming_dag.py took 0.263 seconds
[2026-06-28T17:10:54.324+0000] {processor.py:186} INFO - Started process (PID=2939) to work on /opt/airflow/dags/urban_data_streaming_dag.py
[2026-06-28T17:10:54.326+0000] {processor.py:914} INFO - Processing file /opt/airflow/dags/urban_data_streaming_dag.py for tasks to queue
[2026-06-28T17:10:54.330+0000] {logging_mixin.py:190} INFO - [2026-06-28T17:10:54.329+0000] {dagbag.py:588} INFO - Filling up the DagBag from /opt/airflow/dags/urban_data_streaming_dag.py
[2026-06-28T17:10:54.370+0000] {processor.py:925} INFO - DAG(s) 'urban_data_streaming_demo' retrieved from /opt/airflow/dags/urban_data_streaming_dag.py
[2026-06-28T17:10:54.420+0000] {logging_mixin.py:190} INFO - [2026-06-28T17:10:54.420+0000] {dag.py:3239} INFO - Sync 1 DAGs
[2026-06-28T17:10:54.442+0000] {logging_mixin.py:190} INFO - [2026-06-28T17:10:54.442+0000] {dag.py:4180} INFO - Setting next_dagrun for urban_data_streaming_demo to None, run_after=None
[2026-06-28T17:10:54.485+0000] {processor.py:208} INFO - Processing /opt/airflow/dags/urban_data_streaming_dag.py took 0.168 seconds
[2026-06-28T17:11:24.838+0000] {processor.py:186} INFO - Started process (PID=2957) to work on /opt/airflow/dags/urban_data_streaming_dag.py
[2026-06-28T17:11:24.843+0000] {processor.py:914} INFO - Processing file /opt/airflow/dags/urban_data_streaming_dag.py for tasks to queue
[2026-06-28T17:11:24.849+0000] {logging_mixin.py:190} INFO - [2026-06-28T17:11:24.848+0000] {dagbag.py:588} INFO - Filling up the DagBag from /opt/airflow/dags/urban_data_streaming_dag.py
[2026-06-28T17:11:24.895+0000] {processor.py:925} INFO - DAG(s) 'urban_data_streaming_demo' retrieved from /opt/airflow/dags/urban_data_streaming_dag.py
[2026-06-28T17:11:24.947+0000] {logging_mixin.py:190} INFO - [2026-06-28T17:11:24.946+0000] {dag.py:3239} INFO - Sync 1 DAGs
[2026-06-28T17:11:24.971+0000] {logging_mixin.py:190} INFO - [2026-06-28T17:11:24.971+0000] {dag.py:4180} INFO - Setting next_dagrun for urban_data_streaming_demo to None, run_after=None
[2026-06-28T17:11:25.014+0000] {processor.py:208} INFO - Processing /opt/airflow/dags/urban_data_streaming_dag.py took 0.203 seconds
[2026-06-28T17:11:55.791+0000] {processor.py:186} INFO - Started process (PID=2973) to work on /opt/airflow/dags/urban_data_streaming_dag.py
[2026-06-28T17:11:55.792+0000] {processor.py:914} INFO - Processing file /opt/airflow/dags/urban_data_streaming_dag.py for tasks to queue
[2026-06-28T17:11:55.799+0000] {logging_mixin.py:190} INFO - [2026-06-28T17:11:55.798+0000] {dagbag.py:588} INFO - Filling up the DagBag from /opt/airflow/dags/urban_data_streaming_dag.py
[2026-06-28T17:11:55.841+0000] {processor.py:925} INFO - DAG(s) 'urban_data_streaming_demo' retrieved from /opt/airflow/dags/urban_data_streaming_dag.py
[2026-06-28T17:11:55.897+0000] {logging_mixin.py:190} INFO - [2026-06-28T17:11:55.897+0000] {dag.py:3239} INFO - Sync 1 DAGs
[2026-06-28T17:11:55.919+0000] {logging_mixin.py:190} INFO - [2026-06-28T17:11:55.919+0000] {dag.py:4180} INFO - Setting next_dagrun for urban_data_streaming_demo to None, run_after=None
[2026-06-28T17:11:55.947+0000] {processor.py:208} INFO - Processing /opt/airflow/dags/urban_data_streaming_dag.py took 0.168 seconds
[2026-06-28T17:12:26.124+0000] {processor.py:186} INFO - Started process (PID=2985) to work on /opt/airflow/dags/urban_data_streaming_dag.py
[2026-06-28T17:12:26.126+0000] {processor.py:914} INFO - Processing file /opt/airflow/dags/urban_data_streaming_dag.py for tasks to queue
[2026-06-28T17:12:26.131+0000] {logging_mixin.py:190} INFO - [2026-06-28T17:12:26.130+0000] {dagbag.py:588} INFO - Filling up the DagBag from /opt/airflow/dags/urban_data_streaming_dag.py
[2026-06-28T17:12:26.185+0000] {processor.py:925} INFO - DAG(s) 'urban_data_streaming_demo' retrieved from /opt/airflow/dags/urban_data_streaming_dag.py
[2026-06-28T17:12:26.232+0000] {logging_mixin.py:190} INFO - [2026-06-28T17:12:26.232+0000] {dag.py:3239} INFO - Sync 1 DAGs
[2026-06-28T17:12:26.255+0000] {logging_mixin.py:190} INFO - [2026-06-28T17:12:26.254+0000] {dag.py:4180} INFO - Setting next_dagrun for urban_data_streaming_demo to None, run_after=None
[2026-06-28T17:12:26.289+0000] {processor.py:208} INFO - Processing /opt/airflow/dags/urban_data_streaming_dag.py took 0.175 seconds
[2026-06-28T17:12:56.919+0000] {processor.py:186} INFO - Started process (PID=3003) to work on /opt/airflow/dags/urban_data_streaming_dag.py
[2026-06-28T17:12:56.920+0000] {processor.py:914} INFO - Processing file /opt/airflow/dags/urban_data_streaming_dag.py for tasks to queue
[2026-06-28T17:12:56.923+0000] {logging_mixin.py:190} INFO - [2026-06-28T17:12:56.923+0000] {dagbag.py:588} INFO - Filling up the DagBag from /opt/airflow/dags/urban_data_streaming_dag.py
[2026-06-28T17:12:56.950+0000] {processor.py:925} INFO - DAG(s) 'urban_data_streaming_demo' retrieved from /opt/airflow/dags/urban_data_streaming_dag.py
[2026-06-28T17:12:57.000+0000] {logging_mixin.py:190} INFO - [2026-06-28T17:12:57.000+0000] {dag.py:3239} INFO - Sync 1 DAGs
[2026-06-28T17:12:57.022+0000] {logging_mixin.py:190} INFO - [2026-06-28T17:12:57.022+0000] {dag.py:4180} INFO - Setting next_dagrun for urban_data_streaming_demo to None, run_after=None
[2026-06-28T17:12:57.055+0000] {processor.py:208} INFO - Processing /opt/airflow/dags/urban_data_streaming_dag.py took 0.145 seconds
[2026-06-28T17:13:27.895+0000] {processor.py:186} INFO - Started process (PID=3021) to work on /opt/airflow/dags/urban_data_streaming_dag.py
[2026-06-28T17:13:27.897+0000] {processor.py:914} INFO - Processing file /opt/airflow/dags/urban_data_streaming_dag.py for tasks to queue
[2026-06-28T17:13:27.903+0000] {logging_mixin.py:190} INFO - [2026-06-28T17:13:27.902+0000] {dagbag.py:588} INFO - Filling up the DagBag from /opt/airflow/dags/urban_data_streaming_dag.py
[2026-06-28T17:13:27.956+0000] {processor.py:925} INFO - DAG(s) 'urban_data_streaming_demo' retrieved from /opt/airflow/dags/urban_data_streaming_dag.py
[2026-06-28T17:13:27.998+0000] {logging_mixin.py:190} INFO - [2026-06-28T17:13:27.998+0000] {dag.py:3239} INFO - Sync 1 DAGs
[2026-06-28T17:13:28.020+0000] {logging_mixin.py:190} INFO - [2026-06-28T17:13:28.019+0000] {dag.py:4180} INFO - Setting next_dagrun for urban_data_streaming_demo to None, run_after=None
[2026-06-28T17:13:28.059+0000] {processor.py:208} INFO - Processing /opt/airflow/dags/urban_data_streaming_dag.py took 0.174 seconds
[2026-06-28T17:13:58.869+0000] {processor.py:186} INFO - Started process (PID=3039) to work on /opt/airflow/dags/urban_data_streaming_dag.py
[2026-06-28T17:13:58.872+0000] {processor.py:914} INFO - Processing file /opt/airflow/dags/urban_data_streaming_dag.py for tasks to queue
[2026-06-28T17:13:58.877+0000] {logging_mixin.py:190} INFO - [2026-06-28T17:13:58.876+0000] {dagbag.py:588} INFO - Filling up the DagBag from /opt/airflow/dags/urban_data_streaming_dag.py
[2026-06-28T17:13:58.972+0000] {processor.py:925} INFO - DAG(s) 'urban_data_streaming_demo' retrieved from /opt/airflow/dags/urban_data_streaming_dag.py
[2026-06-28T17:13:59.042+0000] {logging_mixin.py:190} INFO - [2026-06-28T17:13:59.041+0000] {dag.py:3239} INFO - Sync 1 DAGs
[2026-06-28T17:13:59.067+0000] {logging_mixin.py:190} INFO - [2026-06-28T17:13:59.066+0000] {dag.py:4180} INFO - Setting next_dagrun for urban_data_streaming_demo to None, run_after=None
[2026-06-28T17:13:59.106+0000] {processor.py:208} INFO - Processing /opt/airflow/dags/urban_data_streaming_dag.py took 0.255 seconds
[2026-06-28T17:14:29.925+0000] {processor.py:186} INFO - Started process (PID=3057) to work on /opt/airflow/dags/urban_data_streaming_dag.py
[2026-06-28T17:14:29.927+0000] {processor.py:914} INFO - Processing file /opt/airflow/dags/urban_data_streaming_dag.py for tasks to queue
[2026-06-28T17:14:29.930+0000] {logging_mixin.py:190} INFO - [2026-06-28T17:14:29.930+0000] {dagbag.py:588} INFO - Filling up the DagBag from /opt/airflow/dags/urban_data_streaming_dag.py
[2026-06-28T17:14:29.979+0000] {processor.py:925} INFO - DAG(s) 'urban_data_streaming_demo' retrieved from /opt/airflow/dags/urban_data_streaming_dag.py
[2026-06-28T17:14:30.029+0000] {logging_mixin.py:190} INFO - [2026-06-28T17:14:30.029+0000] {dag.py:3239} INFO - Sync 1 DAGs
[2026-06-28T17:14:30.053+0000] {logging_mixin.py:190} INFO - [2026-06-28T17:14:30.053+0000] {dag.py:4180} INFO - Setting next_dagrun for urban_data_streaming_demo to None, run_after=None
[2026-06-28T17:14:30.091+0000] {processor.py:208} INFO - Processing /opt/airflow/dags/urban_data_streaming_dag.py took 0.174 seconds
[2026-06-28T17:15:01.047+0000] {processor.py:186} INFO - Started process (PID=3075) to work on /opt/airflow/dags/urban_data_streaming_dag.py
[2026-06-28T17:15:01.049+0000] {processor.py:914} INFO - Processing file /opt/airflow/dags/urban_data_streaming_dag.py for tasks to queue
[2026-06-28T17:15:01.053+0000] {logging_mixin.py:190} INFO - [2026-06-28T17:15:01.053+0000] {dagbag.py:588} INFO - Filling up the DagBag from /opt/airflow/dags/urban_data_streaming_dag.py
[2026-06-28T17:15:01.124+0000] {processor.py:925} INFO - DAG(s) 'urban_data_streaming_demo' retrieved from /opt/airflow/dags/urban_data_streaming_dag.py
[2026-06-28T17:15:01.178+0000] {logging_mixin.py:190} INFO - [2026-06-28T17:15:01.177+0000] {dag.py:3239} INFO - Sync 1 DAGs
[2026-06-28T17:15:01.199+0000] {logging_mixin.py:190} INFO - [2026-06-28T17:15:01.199+0000] {dag.py:4180} INFO - Setting next_dagrun for urban_data_streaming_demo to None, run_after=None
[2026-06-28T17:15:01.234+0000] {processor.py:208} INFO - Processing /opt/airflow/dags/urban_data_streaming_dag.py took 0.197 seconds
[2026-06-28T17:15:32.042+0000] {processor.py:186} INFO - Started process (PID=3092) to work on /opt/airflow/dags/urban_data_streaming_dag.py
[2026-06-28T17:15:32.045+0000] {processor.py:914} INFO - Processing file /opt/airflow/dags/urban_data_streaming_dag.py for tasks to queue
[2026-06-28T17:15:32.051+0000] {logging_mixin.py:190} INFO - [2026-06-28T17:15:32.050+0000] {dagbag.py:588} INFO - Filling up the DagBag from /opt/airflow/dags/urban_data_streaming_dag.py
[2026-06-28T17:15:32.103+0000] {processor.py:925} INFO - DAG(s) 'urban_data_streaming_demo' retrieved from /opt/airflow/dags/urban_data_streaming_dag.py
[2026-06-28T17:15:32.164+0000] {logging_mixin.py:190} INFO - [2026-06-28T17:15:32.163+0000] {dag.py:3239} INFO - Sync 1 DAGs
[2026-06-28T17:15:32.193+0000] {logging_mixin.py:190} INFO - [2026-06-28T17:15:32.192+0000] {dag.py:4180} INFO - Setting next_dagrun for urban_data_streaming_demo to None, run_after=None
[2026-06-28T17:15:32.238+0000] {processor.py:208} INFO - Processing /opt/airflow/dags/urban_data_streaming_dag.py took 0.209 seconds
[2026-06-28T17:16:02.661+0000] {processor.py:186} INFO - Started process (PID=3103) to work on /opt/airflow/dags/urban_data_streaming_dag.py
[2026-06-28T17:16:02.663+0000] {processor.py:914} INFO - Processing file /opt/airflow/dags/urban_data_streaming_dag.py for tasks to queue
[2026-06-28T17:16:02.669+0000] {logging_mixin.py:190} INFO - [2026-06-28T17:16:02.668+0000] {dagbag.py:588} INFO - Filling up the DagBag from /opt/airflow/dags/urban_data_streaming_dag.py
[2026-06-28T17:16:02.767+0000] {processor.py:925} INFO - DAG(s) 'urban_data_streaming_demo' retrieved from /opt/airflow/dags/urban_data_streaming_dag.py
[2026-06-28T17:16:02.815+0000] {logging_mixin.py:190} INFO - [2026-06-28T17:16:02.815+0000] {dag.py:3239} INFO - Sync 1 DAGs
[2026-06-28T17:16:02.836+0000] {logging_mixin.py:190} INFO - [2026-06-28T17:16:02.836+0000] {dag.py:4180} INFO - Setting next_dagrun for urban_data_streaming_demo to None, run_after=None
[2026-06-28T17:16:02.874+0000] {processor.py:208} INFO - Processing /opt/airflow/dags/urban_data_streaming_dag.py took 0.224 seconds
[2026-06-28T17:16:33.002+0000] {processor.py:186} INFO - Started process (PID=3121) to work on /opt/airflow/dags/urban_data_streaming_dag.py
[2026-06-28T17:16:33.004+0000] {processor.py:914} INFO - Processing file /opt/airflow/dags/urban_data_streaming_dag.py for tasks to queue
[2026-06-28T17:16:33.008+0000] {logging_mixin.py:190} INFO - [2026-06-28T17:16:33.007+0000] {dagbag.py:588} INFO - Filling up the DagBag from /opt/airflow/dags/urban_data_streaming_dag.py
[2026-06-28T17:16:33.049+0000] {processor.py:925} INFO - DAG(s) 'urban_data_streaming_demo' retrieved from /opt/airflow/dags/urban_data_streaming_dag.py
[2026-06-28T17:16:33.090+0000] {logging_mixin.py:190} INFO - [2026-06-28T17:16:33.090+0000] {dag.py:3239} INFO - Sync 1 DAGs
[2026-06-28T17:16:33.111+0000] {logging_mixin.py:190} INFO - [2026-06-28T17:16:33.111+0000] {dag.py:4180} INFO - Setting next_dagrun for urban_data_streaming_demo to None, run_after=None
[2026-06-28T17:16:33.141+0000] {processor.py:208} INFO - Processing /opt/airflow/dags/urban_data_streaming_dag.py took 0.147 seconds
[2026-06-28T17:17:03.548+0000] {processor.py:186} INFO - Started process (PID=3139) to work on /opt/airflow/dags/urban_data_streaming_dag.py
[2026-06-28T17:17:03.551+0000] {processor.py:914} INFO - Processing file /opt/airflow/dags/urban_data_streaming_dag.py for tasks to queue
[2026-06-28T17:17:03.555+0000] {logging_mixin.py:190} INFO - [2026-06-28T17:17:03.555+0000] {dagbag.py:588} INFO - Filling up the DagBag from /opt/airflow/dags/urban_data_streaming_dag.py
[2026-06-28T17:17:03.600+0000] {processor.py:925} INFO - DAG(s) 'urban_data_streaming_demo' retrieved from /opt/airflow/dags/urban_data_streaming_dag.py
[2026-06-28T17:17:03.645+0000] {logging_mixin.py:190} INFO - [2026-06-28T17:17:03.645+0000] {dag.py:3239} INFO - Sync 1 DAGs
[2026-06-28T17:17:03.665+0000] {logging_mixin.py:190} INFO - [2026-06-28T17:17:03.665+0000] {dag.py:4180} INFO - Setting next_dagrun for urban_data_streaming_demo to None, run_after=None
[2026-06-28T17:17:03.698+0000] {processor.py:208} INFO - Processing /opt/airflow/dags/urban_data_streaming_dag.py took 0.158 seconds
[2026-06-28T17:17:34.682+0000] {processor.py:186} INFO - Started process (PID=3157) to work on /opt/airflow/dags/urban_data_streaming_dag.py
[2026-06-28T17:17:34.686+0000] {processor.py:914} INFO - Processing file /opt/airflow/dags/urban_data_streaming_dag.py for tasks to queue
[2026-06-28T17:17:34.692+0000] {logging_mixin.py:190} INFO - [2026-06-28T17:17:34.691+0000] {dagbag.py:588} INFO - Filling up the DagBag from /opt/airflow/dags/urban_data_streaming_dag.py
[2026-06-28T17:17:34.766+0000] {processor.py:925} INFO - DAG(s) 'urban_data_streaming_demo' retrieved from /opt/airflow/dags/urban_data_streaming_dag.py
[2026-06-28T17:17:34.814+0000] {logging_mixin.py:190} INFO - [2026-06-28T17:17:34.814+0000] {dag.py:3239} INFO - Sync 1 DAGs
[2026-06-28T17:17:34.836+0000] {logging_mixin.py:190} INFO - [2026-06-28T17:17:34.836+0000] {dag.py:4180} INFO - Setting next_dagrun for urban_data_streaming_demo to None, run_after=None
[2026-06-28T17:17:34.872+0000] {processor.py:208} INFO - Processing /opt/airflow/dags/urban_data_streaming_dag.py took 0.197 seconds
[2026-06-28T17:18:05.163+0000] {processor.py:186} INFO - Started process (PID=3175) to work on /opt/airflow/dags/urban_data_streaming_dag.py
[2026-06-28T17:18:05.165+0000] {processor.py:914} INFO - Processing file /opt/airflow/dags/urban_data_streaming_dag.py for tasks to queue
[2026-06-28T17:18:05.171+0000] {logging_mixin.py:190} INFO - [2026-06-28T17:18:05.169+0000] {dagbag.py:588} INFO - Filling up the DagBag from /opt/airflow/dags/urban_data_streaming_dag.py
[2026-06-28T17:18:05.208+0000] {processor.py:925} INFO - DAG(s) 'urban_data_streaming_demo' retrieved from /opt/airflow/dags/urban_data_streaming_dag.py
[2026-06-28T17:18:05.251+0000] {logging_mixin.py:190} INFO - [2026-06-28T17:18:05.250+0000] {dag.py:3239} INFO - Sync 1 DAGs
[2026-06-28T17:18:05.270+0000] {logging_mixin.py:190} INFO - [2026-06-28T17:18:05.269+0000] {dag.py:4180} INFO - Setting next_dagrun for urban_data_streaming_demo to None, run_after=None
[2026-06-28T17:18:05.308+0000] {processor.py:208} INFO - Processing /opt/airflow/dags/urban_data_streaming_dag.py took 0.155 seconds
[2026-06-28T17:18:36.046+0000] {processor.py:186} INFO - Started process (PID=3192) to work on /opt/airflow/dags/urban_data_streaming_dag.py
[2026-06-28T17:18:36.049+0000] {processor.py:914} INFO - Processing file /opt/airflow/dags/urban_data_streaming_dag.py for tasks to queue
[2026-06-28T17:18:36.053+0000] {logging_mixin.py:190} INFO - [2026-06-28T17:18:36.053+0000] {dagbag.py:588} INFO - Filling up the DagBag from /opt/airflow/dags/urban_data_streaming_dag.py
[2026-06-28T17:18:36.187+0000] {processor.py:925} INFO - DAG(s) 'urban_data_streaming_demo' retrieved from /opt/airflow/dags/urban_data_streaming_dag.py
[2026-06-28T17:18:36.292+0000] {logging_mixin.py:190} INFO - [2026-06-28T17:18:36.292+0000] {dag.py:3239} INFO - Sync 1 DAGs
[2026-06-28T17:18:36.330+0000] {logging_mixin.py:190} INFO - [2026-06-28T17:18:36.330+0000] {dag.py:4180} INFO - Setting next_dagrun for urban_data_streaming_demo to None, run_after=None
[2026-06-28T17:18:36.388+0000] {processor.py:208} INFO - Processing /opt/airflow/dags/urban_data_streaming_dag.py took 0.351 seconds
[2026-06-28T17:19:06.756+0000] {processor.py:186} INFO - Started process (PID=3203) to work on /opt/airflow/dags/urban_data_streaming_dag.py
[2026-06-28T17:19:06.759+0000] {processor.py:914} INFO - Processing file /opt/airflow/dags/urban_data_streaming_dag.py for tasks to queue
[2026-06-28T17:19:06.767+0000] {logging_mixin.py:190} INFO - [2026-06-28T17:19:06.765+0000] {dagbag.py:588} INFO - Filling up the DagBag from /opt/airflow/dags/urban_data_streaming_dag.py
[2026-06-28T17:19:06.855+0000] {processor.py:925} INFO - DAG(s) 'urban_data_streaming_demo' retrieved from /opt/airflow/dags/urban_data_streaming_dag.py
[2026-06-28T17:19:06.920+0000] {logging_mixin.py:190} INFO - [2026-06-28T17:19:06.920+0000] {dag.py:3239} INFO - Sync 1 DAGs
[2026-06-28T17:19:06.946+0000] {logging_mixin.py:190} INFO - [2026-06-28T17:19:06.945+0000] {dag.py:4180} INFO - Setting next_dagrun for urban_data_streaming_demo to None, run_after=None
[2026-06-28T17:19:06.985+0000] {processor.py:208} INFO - Processing /opt/airflow/dags/urban_data_streaming_dag.py took 0.242 seconds
[2026-06-28T17:19:37.469+0000] {processor.py:186} INFO - Started process (PID=3221) to work on /opt/airflow/dags/urban_data_streaming_dag.py
[2026-06-28T17:19:37.470+0000] {processor.py:914} INFO - Processing file /opt/airflow/dags/urban_data_streaming_dag.py for tasks to queue
[2026-06-28T17:19:37.474+0000] {logging_mixin.py:190} INFO - [2026-06-28T17:19:37.473+0000] {dagbag.py:588} INFO - Filling up the DagBag from /opt/airflow/dags/urban_data_streaming_dag.py
[2026-06-28T17:19:37.502+0000] {processor.py:925} INFO - DAG(s) 'urban_data_streaming_demo' retrieved from /opt/airflow/dags/urban_data_streaming_dag.py
[2026-06-28T17:19:37.551+0000] {logging_mixin.py:190} INFO - [2026-06-28T17:19:37.551+0000] {dag.py:3239} INFO - Sync 1 DAGs
[2026-06-28T17:19:37.570+0000] {logging_mixin.py:190} INFO - [2026-06-28T17:19:37.570+0000] {dag.py:4180} INFO - Setting next_dagrun for urban_data_streaming_demo to None, run_after=None
[2026-06-28T17:19:37.605+0000] {processor.py:208} INFO - Processing /opt/airflow/dags/urban_data_streaming_dag.py took 0.143 seconds
[2026-06-28T17:20:08.194+0000] {processor.py:186} INFO - Started process (PID=3239) to work on /opt/airflow/dags/urban_data_streaming_dag.py
[2026-06-28T17:20:08.196+0000] {processor.py:914} INFO - Processing file /opt/airflow/dags/urban_data_streaming_dag.py for tasks to queue
[2026-06-28T17:20:08.201+0000] {logging_mixin.py:190} INFO - [2026-06-28T17:20:08.200+0000] {dagbag.py:588} INFO - Filling up the DagBag from /opt/airflow/dags/urban_data_streaming_dag.py
[2026-06-28T17:20:08.250+0000] {processor.py:925} INFO - DAG(s) 'urban_data_streaming_demo' retrieved from /opt/airflow/dags/urban_data_streaming_dag.py
[2026-06-28T17:20:08.306+0000] {logging_mixin.py:190} INFO - [2026-06-28T17:20:08.305+0000] {dag.py:3239} INFO - Sync 1 DAGs
[2026-06-28T17:20:08.329+0000] {logging_mixin.py:190} INFO - [2026-06-28T17:20:08.329+0000] {dag.py:4180} INFO - Setting next_dagrun for urban_data_streaming_demo to None, run_after=None
[2026-06-28T17:20:08.371+0000] {processor.py:208} INFO - Processing /opt/airflow/dags/urban_data_streaming_dag.py took 0.186 seconds
[2026-06-28T17:20:39.195+0000] {processor.py:186} INFO - Started process (PID=3257) to work on /opt/airflow/dags/urban_data_streaming_dag.py
[2026-06-28T17:20:39.197+0000] {processor.py:914} INFO - Processing file /opt/airflow/dags/urban_data_streaming_dag.py for tasks to queue
[2026-06-28T17:20:39.213+0000] {logging_mixin.py:190} INFO - [2026-06-28T17:20:39.210+0000] {dagbag.py:588} INFO - Filling up the DagBag from /opt/airflow/dags/urban_data_streaming_dag.py
[2026-06-28T17:20:39.319+0000] {processor.py:925} INFO - DAG(s) 'urban_data_streaming_demo' retrieved from /opt/airflow/dags/urban_data_streaming_dag.py
[2026-06-28T17:20:39.383+0000] {logging_mixin.py:190} INFO - [2026-06-28T17:20:39.382+0000] {dag.py:3239} INFO - Sync 1 DAGs
[2026-06-28T17:20:39.411+0000] {logging_mixin.py:190} INFO - [2026-06-28T17:20:39.411+0000] {dag.py:4180} INFO - Setting next_dagrun for urban_data_streaming_demo to None, run_after=None
[2026-06-28T17:20:39.444+0000] {processor.py:208} INFO - Processing /opt/airflow/dags/urban_data_streaming_dag.py took 0.260 seconds
[2026-06-28T17:21:09.959+0000] {processor.py:186} INFO - Started process (PID=3275) to work on /opt/airflow/dags/urban_data_streaming_dag.py
[2026-06-28T17:21:09.961+0000] {processor.py:914} INFO - Processing file /opt/airflow/dags/urban_data_streaming_dag.py for tasks to queue
[2026-06-28T17:21:09.966+0000] {logging_mixin.py:190} INFO - [2026-06-28T17:21:09.966+0000] {dagbag.py:588} INFO - Filling up the DagBag from /opt/airflow/dags/urban_data_streaming_dag.py
[2026-06-28T17:21:10.011+0000] {processor.py:925} INFO - DAG(s) 'urban_data_streaming_demo' retrieved from /opt/airflow/dags/urban_data_streaming_dag.py
[2026-06-28T17:21:10.060+0000] {logging_mixin.py:190} INFO - [2026-06-28T17:21:10.059+0000] {dag.py:3239} INFO - Sync 1 DAGs
[2026-06-28T17:21:10.081+0000] {logging_mixin.py:190} INFO - [2026-06-28T17:21:10.080+0000] {dag.py:4180} INFO - Setting next_dagrun for urban_data_streaming_demo to None, run_after=None
[2026-06-28T17:21:10.112+0000] {processor.py:208} INFO - Processing /opt/airflow/dags/urban_data_streaming_dag.py took 0.163 seconds
[2026-06-28T17:21:40.463+0000] {processor.py:186} INFO - Started process (PID=3293) to work on /opt/airflow/dags/urban_data_streaming_dag.py
[2026-06-28T17:21:40.465+0000] {processor.py:914} INFO - Processing file /opt/airflow/dags/urban_data_streaming_dag.py for tasks to queue
[2026-06-28T17:21:40.480+0000] {logging_mixin.py:190} INFO - [2026-06-28T17:21:40.478+0000] {dagbag.py:588} INFO - Filling up the DagBag from /opt/airflow/dags/urban_data_streaming_dag.py
[2026-06-28T17:21:40.560+0000] {processor.py:925} INFO - DAG(s) 'urban_data_streaming_demo' retrieved from /opt/airflow/dags/urban_data_streaming_dag.py
[2026-06-28T17:21:40.683+0000] {logging_mixin.py:190} INFO - [2026-06-28T17:21:40.683+0000] {dag.py:3239} INFO - Sync 1 DAGs
[2026-06-28T17:21:40.714+0000] {logging_mixin.py:190} INFO - [2026-06-28T17:21:40.714+0000] {dag.py:4180} INFO - Setting next_dagrun for urban_data_streaming_demo to None, run_after=None
[2026-06-28T17:21:40.754+0000] {processor.py:208} INFO - Processing /opt/airflow/dags/urban_data_streaming_dag.py took 0.316 seconds
[2026-06-28T17:22:11.218+0000] {processor.py:186} INFO - Started process (PID=3310) to work on /opt/airflow/dags/urban_data_streaming_dag.py
[2026-06-28T17:22:11.222+0000] {processor.py:914} INFO - Processing file /opt/airflow/dags/urban_data_streaming_dag.py for tasks to queue
[2026-06-28T17:22:11.227+0000] {logging_mixin.py:190} INFO - [2026-06-28T17:22:11.226+0000] {dagbag.py:588} INFO - Filling up the DagBag from /opt/airflow/dags/urban_data_streaming_dag.py
[2026-06-28T17:22:11.317+0000] {processor.py:925} INFO - DAG(s) 'urban_data_streaming_demo' retrieved from /opt/airflow/dags/urban_data_streaming_dag.py
[2026-06-28T17:22:11.362+0000] {logging_mixin.py:190} INFO - [2026-06-28T17:22:11.362+0000] {dag.py:3239} INFO - Sync 1 DAGs
[2026-06-28T17:22:11.384+0000] {logging_mixin.py:190} INFO - [2026-06-28T17:22:11.383+0000] {dag.py:4180} INFO - Setting next_dagrun for urban_data_streaming_demo to None, run_after=None
[2026-06-28T17:22:11.416+0000] {processor.py:208} INFO - Processing /opt/airflow/dags/urban_data_streaming_dag.py took 0.207 seconds
